{
    "initial_bankroll": 1000,
    "final_bankroll": -2817.7999999999984,
    "total_bets": 1813,
    "bets_won": 336,
    "profit": -3817.7999999999984,
    "roi": -21.05791505791505
}