Date,Season,HomeTeam,AwayTeam,FTR,Target,B365H,B365D,B365A,Home_Elo_Calc,Away_Elo_Calc,Elo_Diff,Home_Market_Value,Away_Market_Value,Log_Value_Diff,Diff_FIFA_Ova,Diff_FIFA_Mid,Diff_FIFA_Def,Diff_FIFA_Att,Home_Streak_L5,Home_Streak_L5,Away_Streak_L5,Away_Streak_L5,Home_H2H_L3,Away_H2H_L3
2010-08-20,2010,Bayern Munich,VfL Wolfsburg,H,2,1.57,4.0,5.5,1500.0,1500.0,0.0,100,100,0.0,3,4,7,10,0,0.0,0,0.0,1.5,1.5
2010-08-21,2010,FC Cologne,Kaiserslautern,A,0,2.1,3.4,3.4,1500.0,1500.0,0.0,100,100,0.0,0,0,0,0,0,0.0,0,0.0,1.5,1.5
2010-08-21,2010,SC Freiburg,FC St. Pauli,A,0,2.2,3.3,3.25,1500.0,1500.0,0.0,100,100,0.0,0,0,0,0,0,0.0,0,0.0,1.5,1.5
2010-08-21,2010,Hamburg,FC Schalke 04,H,2,2.38,3.4,2.88,1500.0,1500.0,0.0,100,100,0.0,1,0,-9,6,0,0.0,0,0.0,1.5,1.5
2010-08-21,2010,Hannover 96,Ein Frankfurt,H,2,2.6,3.25,2.7,1500.0,1500.0,0.0,100,100,0.0,0,-4,-6,-4,0,0.0,0,0.0,1.5,1.5
2010-08-21,2010,TSG Hoffenheim,Werder Bremen,H,2,2.88,3.4,2.38,1500.0,1500.0,0.0,100,100,0.0,-2,1,-1,2,0,0.0,0,0.0,1.5,1.5
2010-08-21,2010,Borussia Monchengladbach,FC Nurnberg,D,1,1.91,3.4,4.0,1500.0,1500.0,0.0,100,100,0.0,0,0,0,0,0,0.0,0,0.0,1.5,1.5
2010-08-22,2010,FSV Mainz 05,VfB Stuttgart,H,2,3.1,3.4,2.25,1500.0,1500.0,0.0,100,100,0.0,-2,4,2,2,0,0.0,0,0.0,1.5,1.5
2010-08-22,2010,Borussia Dortmund,Bayer Leverkusen,A,0,2.38,3.4,2.88,1500.0,1500.0,0.0,100,100,0.0,-1,-1,-5,-6,0,0.0,0,0.0,1.5,1.5
2010-08-27,2010,Kaiserslautern,Bayern Munich,H,2,7.0,4.33,1.44,1519.2019499940866,1510.7980500059134,8.40389998817318,100,100,0.0,-6,-2,0,-6,3,3.0,3,3.0,1.5,1.5
2010-08-28,2010,FC Schalke 04,Hannover 96,A,0,1.33,4.75,10.0,1489.2019499940866,1510.7980500059134,-21.59610001182682,100,100,0.0,2,0,8,-3,0,0.0,3,3.0,1.5,1.5
2010-08-28,2010,FC Nurnberg,SC Freiburg,A,0,1.91,3.4,4.0,1504.2019499940866,1480.7980500059134,23.40389998817318,100,100,0.0,0,0,0,0,1,1.0,0,0.0,1.5,1.5
2010-08-28,2010,VfL Wolfsburg,FSV Mainz 05,A,0,1.57,4.0,5.5,1489.2019499940866,1510.7980500059134,-21.59610001182682,100,100,0.0,3,-2,-7,-4,0,0.0,3,3.0,1.5,1.5
2010-08-28,2010,Ein Frankfurt,Hamburg,A,0,3.1,3.5,2.2,1489.2019499940866,1510.7980500059134,-21.59610001182682,100,100,0.0,-3,4,7,1,0,0.0,3,3.0,1.5,1.5
2010-08-28,2010,Werder Bremen,FC Cologne,H,2,1.4,4.75,7.0,1489.2019499940866,1480.7980500059134,8.40389998817318,100,100,0.0,3,-3,-3,-6,0,0.0,0,0.0,1.5,1.5
2010-08-28,2010,FC St. Pauli,TSG Hoffenheim,A,0,3.2,3.4,2.2,1519.2019499940866,1510.7980500059134,8.40389998817318,100,100,0.0,-1,2,4,4,3,3.0,3,3.0,1.5,1.5
2010-08-29,2010,Bayer Leverkusen,Borussia Monchengladbach,A,0,1.36,4.75,8.0,1519.2019499940866,1495.7980500059134,23.40389998817318,100,100,0.0,2,-2,0,0,3,3.0,1,1.0,1.5,1.5
2010-08-29,2010,VfB Stuttgart,Borussia Dortmund,A,0,2.2,3.3,3.25,1489.2019499940866,1480.7980500059134,8.40389998817318,100,100,0.0,1,-1,3,4,0,0.0,0,0.0,1.5,1.5
2010-09-10,2010,TSG Hoffenheim,FC Schalke 04,H,2,2.4,3.3,2.88,1530.332038974602,1470.8732940056052,59.458744968996825,100,100,0.0,-1,2,-6,3,6,6.0,0,0.0,1.5,1.5
2010-09-11,2010,Bayern Munich,Werder Bremen,D,1,1.57,4.0,5.5,1500.332038974602,1499.667961025398,0.6640779492040565,100,100,0.0,3,5,3,12,3,3.0,3,3.0,1.5,1.5
2010-09-11,2010,Borussia Dortmund,VfL Wolfsburg,H,2,2.1,3.5,3.25,1500.332038974602,1470.8732940056052,29.458744968996825,100,100,0.0,-2,-1,2,-2,3,3.0,0,0.0,1.5,1.5
2010-09-11,2010,SC Freiburg,VfB Stuttgart,H,2,3.4,3.4,2.1,1500.9125370171396,1469.667961025398,31.244575991741613,100,100,0.0,-2,4,2,2,3,3.0,0,0.0,1.5,1.5
2010-09-11,2010,Hamburg,FC Nurnberg,D,1,1.36,4.75,8.5,1529.1267059943948,1484.0874629828604,45.03924301153438,100,100,0.0,3,-4,-7,-1,6,6.0,1,1.0,1.5,1.5
2010-09-11,2010,Hannover 96,Bayer Leverkusen,D,1,3.75,3.4,2.0,1529.1267059943948,1499.0874629828604,30.03924301153438,100,100,0.0,-2,-2,-6,-4,6,6.0,3,3.0,1.5,1.5
2010-09-11,2010,Borussia Monchengladbach,Ein Frankfurt,A,0,2.1,3.4,3.4,1515.9125370171396,1470.8732940056052,45.03924301153438,100,100,0.0,0,0,0,0,4,4.0,0,0.0,1.5,1.5
2010-09-12,2010,FC Cologne,FC St. Pauli,H,2,2.2,3.25,3.25,1470.332038974602,1499.667961025398,-29.335922050795944,100,100,0.0,0,0,0,0,0,0.0,3,3.0,1.5,1.5
2010-09-12,2010,FSV Mainz 05,Kaiserslautern,H,2,2.2,3.3,3.25,1529.1267059943948,1529.667961025398,-0.5412550310031747,100,100,0.0,0,0,0,0,6,6.0,6,6.0,1.5,1.5
2010-09-17,2010,Ein Frankfurt,SC Freiburg,A,0,1.8,3.5,4.5,1491.7950766246356,1510.5012294277897,-18.706152803154055,100,100,0.0,0,0,0,0,3,3.0,6,6.0,1.5,1.5
2010-09-18,2010,VfL Wolfsburg,Hannover 96,H,2,1.53,4.0,6.0,1461.2174111923998,1523.7607209020377,-62.543309709637924,100,100,0.0,3,2,-1,0,0,0.0,7,7.0,1.5,1.5
2010-09-18,2010,Bayern Munich,FC Cologne,D,1,1.22,6.0,12.0,1496.1036824606192,1482.322608044875,13.781074415744115,100,100,0.0,6,2,0,6,4,4.0,3,3.0,1.5,1.5
2010-09-18,2010,VfB Stuttgart,Borussia Monchengladbach,H,2,1.8,3.5,4.5,1460.079268614748,1494.9907543981092,-34.911485783361286,100,100,0.0,2,-4,-2,-2,0,0.0,4,4.0,1.5,1.5
2010-09-18,2010,Kaiserslautern,TSG Hoffenheim,D,1,2.8,3.4,2.4,1518.8483675188095,1538.8935061801517,-20.045138661342207,100,100,0.0,-1,2,4,4,6,6.0,9,9.0,1.5,1.5
2010-09-18,2010,Werder Bremen,FSV Mainz 05,A,0,1.44,4.33,7.0,1503.8963175393808,1539.9462995009833,-36.0499819616025,100,100,0.0,3,-3,-3,-6,4,4.0,9,9.0,1.5,1.5
2010-09-19,2010,Bayer Leverkusen,FC Nurnberg,D,1,1.44,4.33,7.0,1504.4534480752175,1490.0092456018908,14.44420247332664,100,100,0.0,2,-2,0,0,4,4.0,2,2.0,1.5,1.5
2010-09-19,2010,FC Schalke 04,Borussia Dortmund,A,0,2.25,3.3,3.2,1462.3118268000555,1509.9879217878074,-47.67609498775187,100,100,0.0,1,-1,7,-1,0,0.0,6,6.0,1.5,1.5
2010-09-19,2010,FC St. Pauli,Hamburg,D,1,3.6,3.5,2.0,1487.677391955125,1523.2049233753644,-35.527531420239484,100,100,0.0,-3,4,7,1,3,3.0,7,7.0,1.5,1.5
2010-09-21,2010,Hannover 96,Werder Bremen,H,2,3.6,3.5,2.0,1510.3716200010015,1486.1661360024211,24.20548399858035,100,100,0.0,-3,-1,-3,2,7,7.0,4,4.0,1.5,1.5
2010-09-21,2010,TSG Hoffenheim,Bayern Munich,A,0,3.6,3.5,2.0,1542.2857617154523,1491.3597515316487,50.926010183803555,100,100,0.0,-5,-4,-4,-10,10,10.0,5,5.0,1.5,1.5
2010-09-21,2010,FSV Mainz 05,FC Cologne,H,2,1.91,3.4,4.0,1557.676481037943,1487.0665389738456,70.60994206409737,100,100,0.0,0,0,0,0,12,12.0,4,4.0,1.5,1.5
2010-09-22,2010,FC Nurnberg,VfB Stuttgart,H,2,3.1,3.3,2.3,1494.7789269205448,1472.3015910994495,22.477335821095267,100,100,0.0,-2,4,2,2,3,3.0,3,3.0,1.5,1.5
2010-09-22,2010,Borussia Monchengladbach,FC St. Pauli,A,0,2.0,3.3,3.8,1482.7684319134075,1484.92540764335,-2.15697572994236,100,100,0.0,0,0,0,0,4,4.0,4,4.0,1.5,1.5
2010-09-22,2010,Hamburg,VfL Wolfsburg,A,0,1.91,3.5,3.9,1525.9569076871394,1474.606512093436,51.3503955937033,100,100,0.0,0,-2,0,3,8,8.0,3,3.0,1.5,1.5
2010-09-22,2010,SC Freiburg,FC Schalke 04,A,0,3.1,3.3,2.25,1528.9482890271609,1445.0697471165533,83.87854191060751,100,100,0.0,-2,4,-2,7,9,9.0,0,0.0,1.5,1.5
2010-09-22,2010,Borussia Dortmund,Kaiserslautern,H,2,1.5,4.0,7.0,1527.2300014713096,1515.456111983509,11.773889487800716,100,100,0.0,1,-3,-5,-6,9,9.0,7,7.0,1.5,1.5
2010-09-22,2010,Bayer Leverkusen,Ein Frankfurt,H,2,1.67,3.6,5.25,1499.6837667565635,1473.3480170252644,26.335749731299074,100,100,0.0,2,-2,0,0,5,5.0,3,3.0,1.5,1.5
2010-09-24,2010,FC Cologne,TSG Hoffenheim,D,1,3.25,3.3,2.2,1478.8923381988702,1521.1508837603203,-42.25854556145009,100,100,0.0,-1,2,4,4,4,4.0,10,10.0,1.5,1.5
2010-09-25,2010,FC Schalke 04,Borussia Monchengladbach,D,1,1.53,3.8,6.5,1467.341803264589,1463.6524467337736,3.6893565308155303,100,100,0.0,2,-4,2,-7,3,3.0,4,4.0,1.5,1.5
2010-09-25,2010,Bayern Munich,FSV Mainz 05,A,0,1.44,4.33,7.0,1512.4946294867807,1565.8506818129185,-53.35605232613784,100,100,0.0,6,2,0,6,8,8.0,15,15.0,1.5,1.5
2010-09-25,2010,Ein Frankfurt,FC Nurnberg,H,2,2.0,3.4,3.75,1463.5740429124583,1504.6998243367912,-41.1257814243329,100,100,0.0,0,0,0,0,3,3.0,6,6.0,1.5,1.5
2010-09-25,2010,VfB Stuttgart,Bayer Leverkusen,A,0,2.4,3.3,2.9,1462.3806936832032,1509.4577408693697,-47.07704718616651,100,100,0.0,0,-2,-2,-2,3,3.0,8,8.0,1.5,1.5
2010-09-25,2010,Werder Bremen,Hamburg,H,2,2.4,3.3,2.9,1476.3111827345597,1504.8067799994924,-28.495597264932712,100,100,0.0,0,1,4,-5,4,4.0,8,8.0,1.5,1.5
2010-09-25,2010,FC St. Pauli,Borussia Dortmund,A,0,3.75,3.4,2.0,1504.0413928229839,1537.5642019719387,-33.52280914895482,100,100,0.0,-1,3,5,6,7,7.0,12,12.0,1.5,1.5
2010-09-26,2010,Kaiserslautern,Hannover 96,A,0,2.25,3.25,3.2,1505.1219114828798,1520.226573268863,-15.104661785983126,100,100,0.0,0,4,6,4,7,7.0,10,10.0,1.5,1.5
2010-09-26,2010,VfL Wolfsburg,SC Freiburg,H,2,1.44,4.33,7.0,1495.7566397810833,1506.676232879125,-10.919593098041787,100,100,0.0,3,-2,-7,-4,6,6.0,9,9.0,1.5,1.5
2010-10-01,2010,Hannover 96,FC St. Pauli,A,0,2.0,3.4,3.6,1538.8205551378069,1486.20586033409,52.61469480371693,100,100,0.0,0,-4,-6,-4,10,10.0,4,4.0,1.5,1.5
2010-10-02,2010,Hamburg,Kaiserslautern,H,2,1.5,4.0,6.75,1492.851013382916,1486.5279296139358,6.323083768980268,100,100,0.0,3,-4,-7,-1,5,5.0,4,4.0,1.5,1.5
2010-10-02,2010,Borussia Monchengladbach,VfL Wolfsburg,D,1,3.5,3.4,2.05,1468.0007389031985,1506.9928449125196,-38.992106009321105,100,100,0.0,-3,2,7,4,4,4.0,9,9.0,1.5,1.5
2010-10-02,2010,SC Freiburg,FC Cologne,H,2,2.25,3.3,3.2,1495.4400277476889,1476.4221399106075,19.01788783708139,100,100,0.0,0,0,0,0,9,9.0,5,5.0,1.5,1.5
2010-10-02,2010,FSV Mainz 05,TSG Hoffenheim,H,2,2.2,3.3,3.3,1582.8524509624108,1523.621082048583,59.23136891382774,100,100,0.0,-1,2,4,4,15,15.0,8,8.0,1.5,1.5
2010-10-02,2010,FC Nurnberg,FC Schalke 04,H,2,3.0,3.4,2.3,1492.217575996313,1462.9935110951642,29.224064901148722,100,100,0.0,-2,4,-2,7,5,5.0,4,4.0,1.5,1.5
2010-10-03,2010,Borussia Dortmund,Bayern Munich,H,2,2.55,3.3,2.7,1555.3997344608326,1495.4928603372884,59.906874123544185,100,100,0.0,-5,-5,-5,-12,15,15.0,5,5.0,1.5,1.5
2010-10-03,2010,Bayer Leverkusen,Werder Bremen,D,1,2.1,3.4,3.4,1526.7250991583878,1488.266949351136,38.45814980725186,100,100,0.0,-1,1,3,6,8,8.0,7,7.0,1.5,1.5
2010-10-03,2010,VfB Stuttgart,Ein Frankfurt,A,0,1.91,3.5,3.9,1445.113335394185,1476.0562912529365,-30.942955858751475,100,100,0.0,2,-4,-2,-2,3,3.0,6,6.0,1.5,1.5
2010-10-15,2010,FC Cologne,Borussia Dortmund,A,0,4.33,3.6,1.8,1466.3685675789948,1563.9454277227712,-97.57686014377646,100,100,0.0,-1,3,5,6,5,5.0,15,15.0,1.5,1.5
2010-10-16,2010,Werder Bremen,SC Freiburg,H,2,1.53,4.33,5.5,1493.9471084130796,1505.4936000793016,-11.546491666221982,100,100,0.0,3,-3,-3,-6,5,5.0,9,9.0,1.5,1.5
2010-10-16,2010,FC St. Pauli,FC Nurnberg,H,2,2.25,3.2,3.4,1507.401328376042,1501.8823068264007,5.519021549641366,100,100,0.0,0,0,0,0,7,7.0,8,8.0,1.5,1.5
2010-10-16,2010,VfL Wolfsburg,Bayer Leverkusen,A,0,2.3,3.4,3.0,1509.600026130054,1521.0449400964442,-11.444913966390232,100,100,0.0,1,0,-7,-4,10,10.0,9,9.0,1.5,1.5
2010-10-16,2010,FSV Mainz 05,Hamburg,A,0,2.25,3.4,3.1,1591.4219283867772,1503.398799687417,88.02312869936009,100,100,0.0,-3,4,7,1,15,15.0,5,5.0,1.5,1.5
2010-10-16,2010,Bayern Munich,Hannover 96,H,2,1.4,4.5,7.5,1486.9471670753499,1517.6250870958547,-30.67792002050487,100,100,0.0,6,6,6,10,5,5.0,7,7.0,1.5,1.5
2010-10-16,2010,FC Schalke 04,VfB Stuttgart,D,1,2.0,3.4,3.75,1453.3287802650764,1427.170554341052,26.158225924024464,100,100,0.0,0,0,4,-5,4,4.0,3,3.0,1.5,1.5
2010-10-17,2010,TSG Hoffenheim,Borussia Monchengladbach,H,2,1.65,3.75,5.25,1515.0516046242167,1465.393557685664,49.658046938552616,100,100,0.0,1,-2,-4,-4,5,5.0,2,2.0,1.5,1.5
2010-10-17,2010,Kaiserslautern,Ein Frankfurt,A,0,2.38,3.25,3.0,1475.9801433094349,1493.9990723060696,-18.018928996634713,100,100,0.0,0,0,0,0,1,1.0,9,9.0,1.5,1.5
2010-10-22,2010,Hamburg,Bayern Munich,D,1,2.63,3.3,2.63,1525.806942342245,1498.9933855614497,26.813556780795352,100,100,0.0,-3,-6,-7,-7,7,7.0,7,7.0,1.5,1.5
2010-10-23,2010,SC Freiburg,Kaiserslautern,H,2,2.25,3.25,3.2,1494.2320221560713,1457.5049935384511,36.727028617620135,100,100,0.0,0,0,0,0,6,6.0,1,1.0,1.5,1.5
2010-10-23,2010,Borussia Monchengladbach,Werder Bremen,A,0,3.3,3.5,2.1,1456.482782321703,1505.20868633631,-48.72590401460684,100,100,0.0,-3,3,3,6,2,2.0,7,7.0,1.5,1.5
2010-10-23,2010,Hannover 96,FC Cologne,H,2,2.1,3.25,3.5,1505.5788686097549,1451.2639539180987,54.31491469165621,100,100,0.0,0,-4,-6,-4,6,6.0,2,2.0,1.5,1.5
2010-10-23,2010,Ein Frankfurt,FC Schalke 04,D,1,2.8,3.25,2.5,1512.4742220770534,1448.1094895712738,64.36473250577956,100,100,0.0,-2,4,-2,7,9,9.0,5,5.0,1.5,1.5
2010-10-23,2010,FC Nurnberg,VfL Wolfsburg,H,2,2.9,3.3,2.38,1491.3028429342369,1490.857491292745,0.44535164149192497,100,100,0.0,-3,2,7,4,7,7.0,10,10.0,1.5,1.5
2010-10-24,2010,Borussia Dortmund,TSG Hoffenheim,D,1,1.75,3.6,4.6,1579.0500413836673,1523.9623799881776,55.087661395489704,100,100,0.0,0,-1,-1,-2,15,15.0,5,5.0,1.5,1.5
2010-10-24,2010,Bayer Leverkusen,FSV Mainz 05,A,0,1.8,3.75,4.2,1539.7874749337532,1569.0137857319492,-29.226310798195982,100,100,0.0,2,-2,0,0,11,11.0,12,12.0,1.5,1.5
2010-10-24,2010,VfB Stuttgart,FC St. Pauli,H,2,1.67,3.75,5.0,1432.3898450348545,1517.980792268206,-85.59094723335147,100,100,0.0,2,-4,-2,-2,4,4.0,10,10.0,1.5,1.5
2010-10-29,2010,Bayern Munich,SC Freiburg,H,2,1.29,5.0,11.0,1504.2375273700961,1503.6160048557942,0.621522514301887,100,100,0.0,6,2,0,6,7,7.0,6,6.0,1.5,1.5
2010-10-30,2010,FC Schalke 04,Bayer Leverkusen,A,0,2.5,3.3,2.75,1454.719754321553,1521.7735024773863,-67.05374815583332,100,100,0.0,0,-2,2,-7,6,6.0,10,10.0,1.5,1.5
2010-10-30,2010,FC St. Pauli,Ein Frankfurt,A,0,2.5,3.25,2.8,1503.602524668697,1505.8639573267742,-2.261432658077183,100,100,0.0,0,0,0,0,9,9.0,10,10.0,1.5,1.5
2010-10-30,2010,Werder Bremen,FC Nurnberg,A,0,1.5,4.33,6.0,1522.406434854571,1502.0831807602942,20.323254094276763,100,100,0.0,3,-3,-3,-6,10,10.0,9,9.0,1.5,1.5
2010-10-30,2010,VfL Wolfsburg,VfB Stuttgart,H,2,2.1,3.4,3.4,1480.0771534666876,1446.7681126343634,33.30904083232417,100,100,0.0,1,2,-5,-2,7,7.0,4,4.0,1.5,1.5
2010-10-30,2010,FC Cologne,Hamburg,H,2,3.7,3.4,2.0,1442.5201806556001,1520.5628005335986,-78.0426198779985,100,100,0.0,-3,4,7,1,1,1.0,7,7.0,1.5,1.5
2010-10-30,2010,Kaiserslautern,Borussia Monchengladbach,H,2,2.1,3.4,3.4,1448.1210108387281,1439.285033803442,8.835977035286078,100,100,0.0,0,0,0,0,0,0.0,2,2.0,1.5,1.5
2010-10-31,2010,TSG Hoffenheim,Hannover 96,H,2,1.62,3.7,5.5,1530.2461397084642,1514.3226418722534,15.9234978362108,100,100,0.0,1,2,2,0,5,5.0,9,9.0,1.5,1.5
2010-10-31,2010,FSV Mainz 05,Borussia Dortmund,A,0,2.75,3.3,2.5,1587.027758188316,1572.7662816633808,14.261476524935233,100,100,0.0,-1,3,5,6,12,12.0,13,13.0,1.5,1.5
2010-11-05,2010,FC Schalke 04,FC St. Pauli,H,2,1.7,3.6,5.0,1438.3015984991684,1484.490710038938,-46.189111539769556,100,100,0.0,2,-4,2,-7,3,3.0,6,6.0,1.5,1.5
2010-11-06,2010,SC Freiburg,FSV Mainz 05,H,2,2.9,3.3,2.4,1492.8426700387902,1567.2651693165656,-74.42249927777539,100,100,0.0,0,0,0,0,6,6.0,9,9.0,1.5,1.5
2010-11-06,2010,Ein Frankfurt,VfL Wolfsburg,H,2,2.38,3.4,2.88,1524.9757719565332,1489.58848220268,35.38728975385311,100,100,0.0,-3,2,7,4,13,13.0,7,7.0,1.5,1.5
2010-11-06,2010,Hamburg,TSG Hoffenheim,H,2,2.25,3.25,3.2,1506.5095167642967,1540.4191275945723,-33.9096108302756,100,100,0.0,2,-2,-3,3,7,7.0,8,8.0,1.5,1.5
2010-11-06,2010,FC Nurnberg,FC Cologne,H,2,2.0,3.4,3.75,1522.079774786944,1456.573464424902,65.50631036204186,100,100,0.0,0,0,0,0,9,9.0,4,4.0,1.5,1.5
2010-11-06,2010,Borussia Monchengladbach,Bayern Munich,D,1,5.5,4.0,1.57,1428.8359663186486,1515.0108621871002,-86.17489586845159,100,100,0.0,-6,-2,0,-6,2,2.0,7,7.0,1.5,1.5
2010-11-07,2010,Bayer Leverkusen,Kaiserslautern,H,2,1.44,4.5,6.5,1538.1916582997708,1458.5700783235216,79.62157997624922,100,100,0.0,2,-2,0,0,10,10.0,3,3.0,1.5,1.5
2010-11-07,2010,Hannover 96,Borussia Dortmund,A,0,4.33,3.6,1.8,1504.1496539861453,1592.5288705351313,-88.37921654898605,100,100,0.0,-1,-1,-1,2,6,6.0,13,13.0,1.5,1.5
2010-11-07,2010,VfB Stuttgart,Werder Bremen,H,2,2.5,3.3,2.75,1437.256783898371,1502.4098408279212,-65.1530569295503,100,100,0.0,-1,-1,1,4,4,4.0,10,10.0,1.5,1.5
2010-11-12,2010,Borussia Dortmund,Hamburg,H,2,1.73,3.75,4.5,1608.0303930790612,1518.6900904798583,89.34030259920291,100,100,0.0,-2,1,2,-5,13,13.0,10,10.0,1.5,1.5
2010-11-13,2010,FSV Mainz 05,Hannover 96,A,0,1.73,3.5,5.0,1553.367448203103,1488.6481314422153,64.71931676088775,100,100,0.0,0,4,6,4,6,6.0,3,3.0,1.5,1.5
2010-11-13,2010,FC Cologne,Borussia Monchengladbach,A,0,2.1,3.5,3.3,1448.223386039579,1428.2394034242666,19.98398261531247,100,100,0.0,0,0,0,0,3,3.0,2,2.0,1.5,1.5
2010-11-13,2010,Kaiserslautern,VfB Stuttgart,D,1,3.0,3.4,2.3,1450.7007101677088,1450.757344980536,-0.05663481282704197,100,100,0.0,-2,4,2,2,3,3.0,7,7.0,1.5,1.5
2010-11-13,2010,Werder Bremen,Ein Frankfurt,D,1,1.91,3.6,3.75,1488.9092797457563,1534.4095595323467,-45.500279786590454,100,100,0.0,3,-3,-3,-6,7,7.0,13,13.0,1.5,1.5
2010-11-13,2010,VfL Wolfsburg,FC Schalke 04,D,1,2.25,3.5,3.0,1480.1546946268666,1450.9967953970101,29.15789922985641,100,100,0.0,1,2,-9,3,4,4.0,5,5.0,1.5,1.5
2010-11-13,2010,FC St. Pauli,Bayer Leverkusen,A,0,3.4,3.4,2.1,1471.7955131410963,1546.0610264555835,-74.26551331448718,100,100,0.0,-2,2,0,0,6,6.0,10,10.0,1.5,1.5
2010-11-14,2010,Bayern Munich,FC Nurnberg,H,2,1.33,5.0,8.5,1515.6074250814822,1530.429853172267,-14.822428090784797,100,100,0.0,6,2,0,6,8,8.0,12,12.0,1.5,1.5
2010-11-14,2010,TSG Hoffenheim,SC Freiburg,A,0,1.62,3.75,5.5,1528.2385538790106,1506.7403911522526,21.498162726757982,100,100,0.0,1,-2,-4,-4,7,7.0,9,9.0,1.5,1.5
2010-11-20,2010,FC Nurnberg,Kaiserslautern,A,0,1.95,3.5,3.75,1519.0353182999245,1446.5010135223536,72.53430477757092,100,100,0.0,0,0,0,0,9,9.0,4,4.0,1.5,1.5
2010-11-20,2010,FC Schalke 04,Werder Bremen,H,2,2.2,3.4,3.2,1456.3295691893495,1486.575448393648,-30.24587920429849,100,100,0.0,-1,-1,5,-1,6,6.0,7,7.0,1.5,1.5
2010-11-20,2010,Borussia Monchengladbach,FSV Mainz 05,A,0,2.4,3.4,2.8,1448.2229709771168,1531.7448533470465,-83.5218823699297,100,100,0.0,0,0,0,0,4,4.0,3,3.0,1.5,1.5
2010-11-20,2010,Hannover 96,Hamburg,H,2,2.88,3.4,2.38,1510.270726298272,1511.1411489127954,-0.870422614523477,100,100,0.0,-3,0,1,-3,6,6.0,7,7.0,1.5,1.5
2010-11-20,2010,Ein Frankfurt,TSG Hoffenheim,A,0,2.25,3.4,3.1,1536.743390884455,1508.1969143047145,28.546476579740556,100,100,0.0,-1,2,4,4,11,11.0,7,7.0,1.5,1.5
2010-11-20,2010,SC Freiburg,Borussia Dortmund,A,0,5.5,3.75,1.62,1526.7820307265488,1615.5793346461242,-88.79730391957537,100,100,0.0,-1,3,5,6,9,9.0,13,13.0,1.5,1.5
2010-11-20,2010,Bayer Leverkusen,Bayern Munich,D,1,3.0,3.4,2.3,1562.1700461469359,1527.0019599538248,35.168086193111094,100,100,0.0,-4,-4,0,-6,12,12.0,11,11.0,1.5,1.5
2010-11-21,2010,FC St. Pauli,VfL Wolfsburg,D,1,3.2,3.4,2.2,1455.686493449744,1474.8219208345272,-19.13542738478327,100,100,0.0,-3,2,7,4,3,3.0,4,4.0,1.5,1.5
2010-11-21,2010,VfB Stuttgart,FC Cologne,A,0,1.53,4.0,6.0,1454.9570416258912,1428.2398184867288,26.717223139162343,100,100,0.0,2,-4,-2,-2,8,8.0,3,3.0,1.5,1.5
2010-11-26,2010,FSV Mainz 05,FC Nurnberg,H,2,1.85,3.4,4.33,1547.455737931103,1497.1438079093825,50.3119300217204,100,100,0.0,0,0,0,0,6,6.0,9,9.0,1.5,1.5
2010-11-27,2010,Hamburg,VfB Stuttgart,H,2,2.1,3.3,3.5,1500.3084444366236,1434.7165508805247,65.59189355609897,100,100,0.0,1,0,-5,1,4,4.0,7,7.0,1.5,1.5
2010-11-27,2010,Hannover 96,SC Freiburg,H,2,2.25,3.2,3.25,1521.1034307744437,1511.2985390039241,9.804891770519589,100,100,0.0,0,-4,-6,-4,9,9.0,9,9.0,1.5,1.5
2010-11-27,2010,Borussia Dortmund,Borussia Monchengladbach,H,2,1.29,5.5,9.5,1631.0628263687488,1432.5120863930604,198.55073997568843,100,100,0.0,1,-3,-5,-6,13,13.0,4,4.0,1.5,1.5
2010-11-27,2010,Bayern Munich,Ein Frankfurt,H,2,1.36,4.75,8.0,1532.5600098611887,1516.433692310881,16.126317550307704,100,100,0.0,6,2,0,6,9,9.0,8,8.0,1.5,1.5
2010-11-27,2010,TSG Hoffenheim,Bayer Leverkusen,D,1,2.55,3.3,2.7,1528.5066128782885,1556.611996239572,-28.10538336128343,100,100,0.0,-1,0,-4,-4,7,7.0,10,10.0,1.5,1.5
2010-11-27,2010,Kaiserslautern,FC Schalke 04,H,2,3.25,3.3,2.2,1468.3925239128955,1468.3578626683975,0.034661244498011,100,100,0.0,-2,4,-2,7,7,7.0,8,8.0,1.5,1.5
2010-11-28,2010,FC Cologne,VfL Wolfsburg,D,1,2.8,3.3,2.45,1448.4803092320954,1478.2514209232882,-29.7711116911928,100,100,0.0,-3,2,7,4,6,6.0,5,5.0,1.5,1.5
2010-11-28,2010,Werder Bremen,FC St. Pauli,H,2,1.75,3.75,4.5,1474.5471549146,1452.256993360983,22.290161553617054,100,100,0.0,3,-3,-3,-6,4,4.0,1,1.0,1.5,1.5
2010-12-03,2010,FC St. Pauli,Kaiserslautern,H,2,2.4,3.4,2.8,1442.3289401968557,1479.1891949414844,-36.86025474462872,100,100,0.0,0,0,0,0,1,1.0,10,10.0,1.5,1.5
2010-12-04,2010,VfL Wolfsburg,Werder Bremen,D,1,2.0,3.6,3.5,1481.2428149611228,1484.4752080787273,-3.232393117604488,100,100,0.0,0,1,-4,2,6,6.0,4,4.0,1.5,1.5
2010-12-04,2010,Borussia Monchengladbach,Hannover 96,A,0,2.25,3.4,3.1,1427.9505243154738,1531.5145495866675,-103.56402527119371,100,100,0.0,0,4,6,4,4,4.0,9,9.0,1.5,1.5
2010-12-04,2010,VfB Stuttgart,TSG Hoffenheim,D,1,2.2,3.5,3.1,1426.3694408949161,1525.4462301881283,-99.07678929321219,100,100,0.0,1,-2,2,2,4,4.0,7,7.0,1.5,1.5
2010-12-04,2010,Ein Frankfurt,FSV Mainz 05,H,2,2.2,3.2,3.4,1506.2685526016444,1556.3429531226905,-50.07440052104607,100,100,0.0,0,0,0,0,7,7.0,6,6.0,1.5,1.5
2010-12-04,2010,FC Schalke 04,Bayern Munich,H,2,3.4,3.4,2.1,1457.5611916398086,1542.7251495704254,-85.16395793061679,100,100,0.0,-4,-6,2,-13,7,7.0,11,11.0,1.5,1.5
2010-12-04,2010,SC Freiburg,Hamburg,H,2,3.0,3.4,2.3,1500.8874201917004,1508.6555544222322,-7.768134230531814,100,100,0.0,-3,4,7,1,6,6.0,6,6.0,1.5,1.5
2010-12-05,2010,Bayer Leverkusen,FC Cologne,H,2,1.4,4.5,8.0,1559.672378929732,1445.4889151942607,114.18346373547138,100,100,0.0,2,-2,0,0,11,11.0,7,7.0,1.5,1.5
2010-12-05,2010,FC Nurnberg,Borussia Dortmund,A,0,4.5,3.75,1.73,1488.256592717795,1635.6243884463354,-147.3677957285404,100,100,0.0,-1,3,5,6,6,6.0,15,15.0,1.5,1.5
2010-12-10,2010,Hannover 96,VfB Stuttgart,H,2,2.4,3.4,2.8,1546.3606836437673,1426.329582778517,120.03110086525021,100,100,0.0,-2,0,-4,-2,12,12.0,5,5.0,1.5,1.5
2010-12-11,2010,FC Cologne,Ein Frankfurt,H,2,2.38,3.4,2.88,1438.7188924798827,1519.12780568728,-80.40891320739729,100,100,0.0,0,0,0,0,4,4.0,7,7.0,1.5,1.5
2010-12-11,2010,Hamburg,Bayer Leverkusen,A,0,2.5,3.3,2.75,1497.546549318954,1566.44240164411,-68.89585232515606,100,100,0.0,1,-2,-7,-1,6,6.0,11,11.0,1.5,1.5
2010-12-11,2010,TSG Hoffenheim,FC Nurnberg,D,1,1.62,3.8,5.5,1525.4860883045274,1475.2890477665956,50.1970405379318,100,100,0.0,1,-2,-4,-4,5,5.0,3,3.0,1.5,1.5
2010-12-11,2010,Bayern Munich,FC St. Pauli,H,2,1.2,6.5,13.0,1528.365283963569,1454.6325963426348,73.73268762093426,100,100,0.0,6,2,0,6,8,8.0,4,4.0,1.5,1.5
2010-12-11,2010,Borussia Dortmund,Werder Bremen,H,2,1.57,4.2,5.25,1648.5919333975348,1488.5482232991249,160.04371009840997,100,100,0.0,-2,0,-2,0,15,15.0,5,5.0,1.5,1.5
2010-12-11,2010,Kaiserslautern,VfL Wolfsburg,D,1,2.5,3.3,2.75,1466.8855387957053,1477.1697997407252,-10.284260945019923,100,100,0.0,-3,2,7,4,7,7.0,4,4.0,1.5,1.5
2010-12-12,2010,SC Freiburg,Borussia Monchengladbach,H,2,1.91,3.6,3.8,1511.9964252949785,1413.104390258374,98.89203503660451,100,100,0.0,0,0,0,0,9,9.0,4,4.0,1.5,1.5
2010-12-12,2010,FSV Mainz 05,FC Schalke 04,A,0,2.5,3.3,2.75,1543.4837000370549,1471.921057246665,71.56264279038987,100,100,0.0,-2,4,-2,7,6,6.0,10,10.0,1.5,1.5
2010-12-17,2010,Borussia Monchengladbach,Hamburg,A,0,3.25,3.5,2.1,1405.861814861972,1481.2072514364509,-75.34543657447875,100,100,0.0,-3,4,7,1,3,3.0,3,3.0,1.5,1.5
2010-12-18,2010,Ein Frankfurt,Borussia Dortmund,H,2,4.5,3.75,1.75,1504.9727255904838,1654.078440260084,-149.10571466960027,100,100,0.0,-1,3,5,6,4,4.0,15,15.0,1.5,1.5
2010-12-18,2010,FC Nurnberg,Hannover 96,H,2,2.1,3.4,3.4,1481.397695585202,1552.9558743086359,-71.55817872343391,100,100,0.0,0,4,6,4,1,1.0,15,15.0,1.5,1.5
2010-12-18,2010,FC Schalke 04,FC Cologne,H,2,1.44,4.2,7.5,1493.7794299198183,1452.8739725766789,40.90545734313946,100,100,0.0,2,-4,2,-7,10,10.0,7,7.0,1.5,1.5
2010-12-18,2010,FC St. Pauli,FSV Mainz 05,A,0,2.6,3.2,2.75,1446.5648594267832,1521.6253273639015,-75.06046793711835,100,100,0.0,0,0,0,0,4,4.0,6,6.0,1.5,1.5
2010-12-18,2010,Werder Bremen,Kaiserslautern,A,0,1.62,4.0,5.0,1483.0617164365756,1463.0960532291808,19.965663207394755,100,100,0.0,3,-3,-3,-6,5,5.0,8,8.0,1.5,1.5
2010-12-18,2010,VfL Wolfsburg,TSG Hoffenheim,D,1,2.1,3.5,3.3,1480.9592853072497,1519.377440485921,-38.41815517867121,100,100,0.0,2,0,-3,0,5,5.0,6,6.0,1.5,1.5
2010-12-19,2010,VfB Stuttgart,Bayern Munich,A,0,4.0,3.6,1.85,1419.7343921136485,1536.4330208794206,-116.69862876577213,100,100,0.0,-4,-6,-2,-8,2,2.0,10,10.0,1.5,1.5
2010-12-19,2010,Bayer Leverkusen,SC Freiburg,D,1,1.44,4.33,7.0,1582.7816995266132,1519.2390006913804,63.54269883523284,100,100,0.0,2,-2,0,0,11,11.0,9,9.0,1.5,1.5
2011-01-14,2010,Bayer Leverkusen,Borussia Dortmund,A,0,2.38,3.4,2.88,1576.2000623565154,1636.9723812650905,-60.772318908575016,100,100,0.0,1,1,5,6,9,9.0,12,12.0,3.0,0.0
2011-01-15,2010,FC Nurnberg,Borussia Monchengladbach,A,0,2.0,3.5,3.6,1495.1724990797613,1389.7991748522652,105.37332422749614,100,100,0.0,0,0,0,0,4,4.0,0,0.0,1.0,1.0
2011-01-15,2010,FC Schalke 04,Hamburg,A,0,2.1,3.4,3.4,1503.0090054561588,1497.2698914461578,5.739114010001003,100,100,0.0,-1,0,9,-6,12,12.0,6,6.0,0.0,3.0
2011-01-15,2010,VfL Wolfsburg,Bayern Munich,D,1,5.0,3.6,1.7,1478.3280801633452,1550.712637734067,-72.38455757072165,100,100,0.0,-3,-4,-7,-10,5,5.0,10,10.0,0.0,3.0
2011-01-15,2010,VfB Stuttgart,FSV Mainz 05,H,2,1.95,3.4,3.8,1405.4547752590022,1537.7002079993817,-132.24543274037956,100,100,0.0,2,-4,-2,-2,1,1.0,9,9.0,0.0,3.0
2011-01-15,2010,Werder Bremen,TSG Hoffenheim,H,2,2.0,3.5,3.6,1463.0788525059893,1522.0086456298254,-58.929793123836134,100,100,0.0,2,-1,1,-2,4,4.0,7,7.0,0.0,3.0
2011-01-15,2010,FC St. Pauli,SC Freiburg,D,1,2.3,3.3,3.1,1430.489978791303,1525.8206378614782,-95.33065907017522,100,100,0.0,0,0,0,0,4,4.0,7,7.0,3.0,0.0
2011-01-16,2010,Ein Frankfurt,Hannover 96,A,0,2.0,3.4,3.75,1522.0787845854775,1539.1810708140765,-17.10228622859904,100,100,0.0,0,4,6,4,6,6.0,12,12.0,0.0,3.0
2011-01-16,2010,Kaiserslautern,FC Cologne,D,1,1.91,3.5,4.2,1483.0789171597671,1443.6443970403384,39.434520119428726,100,100,0.0,0,0,0,0,10,10.0,7,7.0,3.0,0.0
2011-01-21,2010,Hamburg,Ein Frankfurt,H,2,1.53,4.0,6.0,1516.6991028310895,1503.566207261398,13.132895569691527,100,100,0.0,3,-4,-7,-1,9,9.0,6,6.0,3.0,0.0
2011-01-22,2010,Bayern Munich,Kaiserslautern,H,2,1.22,6.0,12.0,1551.902387803579,1477.362687916495,74.539699887084,100,100,0.0,6,2,0,6,10,10.0,8,8.0,0.0,3.0
2011-01-22,2010,Borussia Dortmund,VfB Stuttgart,D,1,1.5,4.33,6.5,1653.6588163439949,1421.8429390603123,231.81587728368254,100,100,0.0,-1,1,-3,-4,12,12.0,4,4.0,3.0,0.0
2011-01-22,2010,FC Cologne,Werder Bremen,H,2,2.9,3.3,2.38,1449.3606262836106,1476.3139222439765,-26.95329596036595,100,100,0.0,-3,3,3,6,5,5.0,7,7.0,0.0,3.0
2011-01-22,2010,SC Freiburg,FC Nurnberg,D,1,2.38,3.2,3.0,1526.0222173781433,1472.2120762108282,53.81014116731512,100,100,0.0,0,0,0,0,8,8.0,4,4.0,3.0,0.0
2011-01-22,2010,Hannover 96,FC Schalke 04,A,0,2.9,3.3,2.38,1557.693648138156,1483.579794071227,74.11385406692898,100,100,0.0,-2,0,-8,3,12,12.0,9,9.0,3.0,0.0
2011-01-22,2010,FSV Mainz 05,VfL Wolfsburg,A,0,2.3,3.25,3.1,1521.3120441980716,1477.1383300938332,44.17371410423834,100,100,0.0,-3,2,7,4,6,6.0,5,5.0,3.0,0.0
2011-01-23,2010,TSG Hoffenheim,FC St. Pauli,D,1,1.6,3.75,5.75,1508.7735758918382,1430.2883992746379,78.4851766172003,100,100,0.0,1,-2,-4,-4,4,4.0,4,4.0,3.0,0.0
2011-01-23,2010,Borussia Monchengladbach,Bayer Leverkusen,A,0,4.2,3.75,1.8,1412.7595977211984,1559.513627277611,-146.75402955641266,100,100,0.0,-2,2,0,0,3,3.0,8,8.0,3.0,0.0
2011-01-28,2010,Bayer Leverkusen,Hannover 96,H,2,1.53,4.0,6.0,1572.5071903492442,1535.7484501274855,36.75874022175867,100,100,0.0,2,2,6,4,10,10.0,9,9.0,1.0,1.0
2011-01-29,2010,VfL Wolfsburg,Borussia Dortmund,A,0,4.0,3.75,1.83,1498.028537832274,1642.5279529725074,-144.4994151402334,100,100,0.0,2,1,-2,2,7,7.0,10,10.0,0.0,3.0
2011-01-29,2010,Werder Bremen,Bayern Munich,A,0,4.75,4.0,1.67,1464.4219416611888,1559.9427542011636,-95.52081253997471,100,100,0.0,-3,-5,-3,-12,4,4.0,10,10.0,1.0,1.0
2011-01-29,2010,FC Schalke 04,TSG Hoffenheim,A,0,1.73,3.5,5.0,1505.5249920818976,1501.6809782993053,3.8440137825923557,100,100,0.0,1,-2,6,-3,12,12.0,4,4.0,0.0,3.0
2011-01-29,2010,FC Nurnberg,Hamburg,H,2,3.3,3.5,2.1,1478.4502902402578,1526.9803718516182,-48.5300816113604,100,100,0.0,-3,4,7,1,5,5.0,9,9.0,1.0,1.0
2011-01-29,2010,Kaiserslautern,FSV Mainz 05,A,0,2.2,3.3,3.25,1469.3223215189103,1500.4218364596309,-31.09951494072061,100,100,0.0,0,0,0,0,5,5.0,3,3.0,0.0,3.0
2011-01-29,2010,FC St. Pauli,FC Cologne,H,2,2.3,3.3,3.1,1437.3809968671708,1461.2526068663983,-23.87160999922753,100,100,0.0,0,0,0,0,5,5.0,7,7.0,0.0,3.0
2011-01-30,2010,Ein Frankfurt,Borussia Monchengladbach,A,0,2.0,3.5,3.6,1493.2849382408692,1399.7660346495652,93.51890359130402,100,100,0.0,0,0,0,0,6,6.0,3,3.0,3.0,0.0
2011-01-30,2010,VfB Stuttgart,SC Freiburg,A,0,1.53,3.8,6.5,1432.9738024317999,1519.7840033487137,-86.8102009169138,100,100,0.0,2,-4,-2,-2,5,5.0,9,9.0,0.0,3.0
2011-02-04,2010,Borussia Dortmund,FC Schalke 04,D,1,1.62,3.8,5.5,1655.6171956449264,1486.1705847141352,169.44661093079117,100,100,0.0,-1,1,-7,1,10,10.0,9,9.0,3.0,0.0
2011-02-05,2010,TSG Hoffenheim,Kaiserslautern,H,2,1.8,3.6,4.33,1521.0353856670677,1451.38604008597,69.64934558109758,100,100,0.0,1,-2,-4,-4,6,6.0,5,5.0,1.0,1.0
2011-02-05,2010,Hannover 96,VfL Wolfsburg,H,2,2.5,3.3,2.75,1526.36564457227,1484.939295159855,41.42634941241499,100,100,0.0,-3,-2,1,0,6,6.0,6,6.0,0.0,3.0
2011-02-05,2010,FC Cologne,Bayern Munich,H,2,7.0,4.33,1.44,1449.487724415816,1575.1361255556849,-125.64840113986884,100,100,0.0,-6,-2,0,-6,7,7.0,13,13.0,1.0,1.0
2011-02-05,2010,FSV Mainz 05,Werder Bremen,D,1,2.4,3.4,2.8,1518.358117892571,1449.2285703066675,69.12954758590354,100,100,0.0,-3,3,3,6,6,6.0,3,3.0,3.0,0.0
2011-02-05,2010,FC Nurnberg,Bayer Leverkusen,H,2,3.4,3.4,2.1,1491.244269563285,1581.8899959044597,-90.64572634117485,100,100,0.0,-2,2,0,0,8,8.0,10,10.0,1.0,1.0
2011-02-05,2010,Borussia Monchengladbach,VfB Stuttgart,A,0,2.88,3.3,2.4,1422.3521698163777,1417.4046264383583,4.947543378019418,100,100,0.0,-2,4,2,2,6,6.0,4,4.0,0.0,3.0
2011-02-06,2010,SC Freiburg,Ein Frankfurt,D,1,2.1,3.4,3.4,1535.3531793421553,1470.6988030740567,64.65437626809853,100,100,0.0,0,0,0,0,9,9.0,3,3.0,3.0,0.0
2011-02-12,2010,Kaiserslautern,Borussia Dortmund,D,1,5.5,3.8,1.62,1443.1789134962285,1645.8651950732492,-202.68628157702074,100,100,0.0,-1,3,5,6,4,4.0,8,8.0,0.0,3.0
2011-02-12,2010,FC St. Pauli,Borussia Monchengladbach,H,2,2.0,3.5,3.6,1449.145879317753,1402.954174499094,46.19170481865899,100,100,0.0,0,0,0,0,5,5.0,6,6.0,3.0,0.0
2011-02-12,2010,VfB Stuttgart,FC Nurnberg,A,0,1.73,3.6,4.75,1436.802621755642,1505.8405106609089,-69.03788890526698,100,100,0.0,2,-4,-2,-2,7,7.0,10,10.0,0.0,3.0
2011-02-12,2010,VfL Wolfsburg,Hamburg,A,0,2.5,3.3,2.75,1475.7288691727076,1514.186392528591,-38.457523355883495,100,100,0.0,0,2,0,-3,5,5.0,9,9.0,3.0,0.0
2011-02-12,2010,Ein Frankfurt,Bayer Leverkusen,A,0,3.75,3.4,2.0,1477.3191405578289,1567.2937548068358,-89.97461424900689,100,100,0.0,-2,2,0,0,4,4.0,7,7.0,0.0,3.0
2011-02-12,2010,Bayern Munich,TSG Hoffenheim,H,2,1.33,5.0,9.0,1559.0308022275021,1529.2425122568093,29.78828997069286,100,100,0.0,5,4,4,10,10,10.0,8,8.0,3.0,0.0
2011-02-12,2010,FC Schalke 04,SC Freiburg,H,2,1.67,3.75,5.0,1495.9225852858124,1528.7328418583832,-32.81025657257078,100,100,0.0,2,-4,2,-7,7,7.0,7,7.0,3.0,0.0
2011-02-13,2010,FC Cologne,FSV Mainz 05,H,2,2.4,3.3,2.9,1465.5930477439988,1511.5830957346943,-45.99004799069553,100,100,0.0,0,0,0,0,7,7.0,7,7.0,0.0,3.0
2011-02-13,2010,Werder Bremen,Hannover 96,D,1,1.73,3.75,4.5,1456.0035924645442,1535.5760705594173,-79.57247809487308,100,100,0.0,3,1,3,-2,4,4.0,6,6.0,0.0,3.0
2011-02-16,2010,Hamburg,FC St. Pauli,A,0,1.62,3.75,5.5,1531.8159502774135,1458.1821507221591,73.63379955525443,100,100,0.0,3,-4,-7,-1,12,12.0,8,8.0,1.0,1.0
2011-02-18,2010,FC Nurnberg,Ein Frankfurt,H,2,1.91,3.6,3.8,1522.1737249960993,1461.886429951623,60.287295044476195,100,100,0.0,0,0,0,0,10,10.0,1,1.0,0.0,3.0
2011-02-19,2010,Hamburg,Werder Bremen,H,2,1.91,3.6,3.75,1509.8870451153705,1455.1226802821193,54.76436483325119,100,100,0.0,0,-1,-4,5,9,9.0,5,5.0,0.0,3.0
2011-02-19,2010,TSG Hoffenheim,FC Cologne,D,1,1.75,3.7,4.5,1519.599046914215,1478.2798540226845,41.31919289153052,100,100,0.0,1,-2,-4,-4,7,7.0,10,10.0,1.0,1.0
2011-02-19,2010,FSV Mainz 05,Bayern Munich,A,0,5.0,4.0,1.62,1498.8962894560086,1568.6742675700964,-69.77797811408777,100,100,0.0,-6,-2,0,-6,4,4.0,10,10.0,3.0,0.0
2011-02-19,2010,SC Freiburg,VfL Wolfsburg,H,2,2.5,3.3,2.75,1516.5980268662136,1458.0993114238852,58.498715442328376,100,100,0.0,-3,2,7,4,6,6.0,4,4.0,0.0,3.0
2011-02-19,2010,Hannover 96,Kaiserslautern,H,2,2.0,3.5,3.6,1536.4569827418422,1447.4875055174596,88.96947722438267,100,100,0.0,0,-4,-6,-4,7,7.0,2,2.0,3.0,0.0
2011-02-19,2010,Borussia Dortmund,FC St. Pauli,H,2,1.25,5.5,12.0,1641.556603052018,1480.1110558842022,161.4455471678159,100,100,0.0,1,-3,-5,-6,9,9.0,11,11.0,3.0,0.0
2011-02-20,2010,Bayer Leverkusen,VfB Stuttgart,H,2,1.62,4.0,5.0,1582.7264654130415,1420.4694074204515,162.25705799259003,100,100,0.0,0,2,2,2,9,9.0,7,7.0,3.0,0.0
2011-02-20,2010,Borussia Monchengladbach,FC Schalke 04,H,2,3.4,3.4,2.1,1393.917903094688,1508.057400277982,-114.139497183294,100,100,0.0,-2,4,-2,7,6,6.0,7,7.0,1.0,1.0
2011-02-25,2010,VfL Wolfsburg,Borussia Monchengladbach,H,2,1.8,3.75,4.2,1449.5039928219708,1409.5280174674194,39.97597535455134,100,100,0.0,3,-2,-7,-4,3,3.0,6,6.0,1.0,1.0
2011-02-26,2010,TSG Hoffenheim,FSV Mainz 05,A,0,2.0,3.4,3.75,1513.8134104872822,1482.5947808784003,31.218629608881884,100,100,0.0,1,-2,-4,-4,8,8.0,4,4.0,0.0,3.0
2011-02-26,2010,FC Schalke 04,FC Nurnberg,D,1,1.83,3.5,4.33,1492.4472859052505,1530.7060413456404,-38.258755440389905,100,100,0.0,2,-4,2,-7,7,7.0,13,13.0,0.0,3.0
2011-02-26,2010,FC St. Pauli,Hannover 96,A,0,2.3,3.5,2.88,1474.6606335319923,1544.0179901310808,-69.35735659908846,100,100,0.0,0,4,6,4,10,10.0,7,7.0,3.0,0.0
2011-02-26,2010,Bayern Munich,Borussia Dortmund,A,0,1.73,3.6,4.75,1584.9757761477047,1647.007025404228,-62.031249256523324,100,100,0.0,5,5,5,12,12,12.0,9,9.0,0.0,3.0
2011-02-26,2010,FC Cologne,SC Freiburg,H,2,2.25,3.25,3.2,1484.0654904496173,1525.193345468128,-41.12785501851067,100,100,0.0,0,0,0,0,10,10.0,8,8.0,0.0,3.0
2011-02-26,2010,Kaiserslautern,Hamburg,D,1,3.1,3.4,2.25,1439.926498128221,1518.61479822984,-78.688300101619,100,100,0.0,-3,4,7,1,1,1.0,9,9.0,0.0,3.0
2011-02-27,2010,Ein Frankfurt,VfB Stuttgart,A,0,2.5,3.3,2.75,1453.354113602082,1415.0397895467486,38.31432405533337,100,100,0.0,-2,4,2,2,1,1.0,4,4.0,3.0,0.0
2011-02-27,2010,Werder Bremen,Bayer Leverkusen,D,1,3.1,3.4,2.25,1446.3949271676497,1588.1560832867444,-141.76115611909472,100,100,0.0,1,-1,-3,-6,2,2.0,12,12.0,1.0,1.0
2011-03-04,2010,Borussia Dortmund,FC Cologne,H,2,1.33,5.0,9.0,1663.6397734840739,1496.5478257922139,167.09194769186,100,100,0.0,1,-3,-5,-6,11,11.0,10,10.0,3.0,0.0
2011-03-05,2010,Borussia Monchengladbach,TSG Hoffenheim,H,2,2.6,3.4,2.6,1400.2642165199877,1493.4030773336158,-93.13886081362807,100,100,0.0,-1,2,4,4,6,6.0,7,7.0,0.0,3.0
2011-03-05,2010,FC Nurnberg,FC St. Pauli,H,2,1.83,3.5,4.33,1533.3439160382995,1458.3411038818397,75.00281215645987,100,100,0.0,0,0,0,0,13,13.0,9,9.0,0.0,3.0
2011-03-05,2010,Ein Frankfurt,Kaiserslautern,D,1,2.3,3.4,3.0,1432.6792744164004,1439.0075503355797,-6.328275919179305,100,100,0.0,0,0,0,0,1,1.0,2,2.0,3.0,0.0
2011-03-05,2010,Hannover 96,Bayern Munich,H,2,5.0,3.75,1.67,1560.3375197812334,1568.3430280678588,-8.0055082866254,100,100,0.0,-6,-6,-6,-10,10,10.0,9,9.0,0.0,3.0
2011-03-05,2010,Bayer Leverkusen,VfL Wolfsburg,H,2,1.57,4.0,5.5,1586.3617422550906,1458.7677937694025,127.59394848568809,100,100,0.0,-1,0,7,4,10,10.0,3,3.0,3.0,0.0
2011-03-05,2010,VfB Stuttgart,FC Schalke 04,H,2,2.1,3.4,3.4,1435.7146287324301,1489.8094112125914,-54.09478248016126,100,100,0.0,0,0,-4,5,6,6.0,5,5.0,1.0,1.0
2011-03-06,2010,SC Freiburg,Werder Bremen,A,0,2.38,3.4,2.88,1512.7110101255314,1448.1892681993036,64.52174192622783,100,100,0.0,-3,3,3,6,7,7.0,3,3.0,0.0,3.0
2011-03-06,2010,Hamburg,FSV Mainz 05,A,0,1.91,3.4,4.0,1519.5337460224814,1503.0051140320668,16.528631990414624,100,100,0.0,3,-4,-7,-1,7,7.0,7,7.0,3.0,0.0
2011-03-11,2010,FC Cologne,Hannover 96,H,2,2.4,3.3,2.9,1491.240877093033,1571.456085252259,-80.215208159226,100,100,0.0,0,4,6,4,10,10.0,13,13.0,0.0,3.0
2011-03-12,2010,Kaiserslautern,SC Freiburg,H,2,2.15,3.3,3.4,1442.9564634369297,1491.095284251896,-48.138820814966266,100,100,0.0,0,0,0,0,3,3.0,4,4.0,0.0,3.0
2011-03-12,2010,TSG Hoffenheim,Borussia Dortmund,H,2,4.75,3.6,1.73,1478.6992580231818,1668.9467221832547,-190.24746416007292,100,100,0.0,0,1,1,2,4,4.0,11,11.0,1.0,1.0
2011-03-12,2010,VfL Wolfsburg,FC Nurnberg,A,0,2.2,3.4,3.2,1452.3938715652775,1541.368602189077,-88.97473062379936,100,100,0.0,3,-2,-7,-4,3,3.0,13,13.0,0.0,3.0
2011-03-12,2010,FC Schalke 04,Ein Frankfurt,H,2,1.67,3.5,5.5,1476.779845973588,1428.7303613150505,48.049484658537494,100,100,0.0,2,-4,2,-7,5,5.0,2,2.0,1.0,1.0
2011-03-12,2010,Werder Bremen,Borussia Monchengladbach,D,1,1.67,3.75,5.0,1469.804994072939,1414.9680358304217,54.83695824251731,100,100,0.0,3,-3,-3,-6,6,6.0,6,6.0,3.0,0.0
2011-03-12,2010,Bayern Munich,Hamburg,H,2,1.53,4.0,6.0,1557.224462596833,1499.683326781082,57.54113581575098,100,100,0.0,3,6,7,7,6,6.0,7,7.0,1.0,1.0
2011-03-13,2010,FSV Mainz 05,Bayer Leverkusen,A,0,3.25,3.3,2.2,1522.855533273466,1592.7356644592155,-69.8801311857494,100,100,0.0,-2,2,0,0,7,7.0,10,10.0,3.0,0.0
2011-03-13,2010,FC St. Pauli,VfB Stuttgart,A,0,3.2,3.4,2.2,1450.3164177310623,1448.7441939714336,1.5722237596287414,100,100,0.0,-2,4,2,2,6,6.0,9,9.0,0.0,3.0
2011-03-18,2010,Borussia Monchengladbach,Kaiserslautern,A,0,2.25,3.4,3.1,1421.2428686027258,1455.7339187762855,-34.49105017355964,100,100,0.0,0,0,0,0,7,7.0,6,6.0,0.0,3.0
2011-03-19,2010,FC Nurnberg,Werder Bremen,A,0,2.2,3.4,3.2,1556.8444416183322,1463.530161300635,93.31428031769724,100,100,0.0,-3,3,3,6,13,13.0,6,6.0,3.0,0.0
2011-03-19,2010,Ein Frankfurt,FC St. Pauli,H,2,2.0,3.4,3.7,1419.761474418148,1431.0519956059559,-11.290521187807826,100,100,0.0,0,0,0,0,1,1.0,3,3.0,3.0,0.0
2011-03-19,2010,Hannover 96,TSG Hoffenheim,H,2,2.25,3.4,3.1,1557.3093412777612,1497.5102265348842,59.79911474287701,100,100,0.0,-1,-2,-2,0,10,10.0,4,4.0,0.0,3.0
2011-03-19,2010,Hamburg,FC Cologne,H,2,1.7,3.6,4.75,1491.05416350246,1505.387621067531,-14.333457565071058,100,100,0.0,3,-4,-7,-1,4,4.0,10,10.0,0.0,3.0
2011-03-19,2010,SC Freiburg,Bayern Munich,A,0,6.5,4.1,1.5,1478.31782891254,1565.8536258754552,-87.53579696291513,100,100,0.0,-6,-2,0,-6,3,3.0,9,9.0,0.0,3.0
2011-03-19,2010,Borussia Dortmund,FSV Mainz 05,D,1,1.4,4.33,8.5,1650.1357536715523,1506.5584019068253,143.57735176472693,100,100,0.0,1,-3,-5,-6,10,10.0,6,6.0,3.0,0.0
2011-03-20,2010,Bayer Leverkusen,FC Schalke 04,H,2,1.75,3.6,4.5,1609.0327958258563,1485.7487328704904,123.28406295536593,100,100,0.0,0,2,-2,7,13,13.0,7,7.0,3.0,0.0
2011-03-20,2010,VfB Stuttgart,VfL Wolfsburg,D,1,1.95,3.5,3.75,1468.00861609654,1436.9180321360222,31.090583960517733,100,100,0.0,-1,-2,5,2,9,9.0,3,3.0,0.0,3.0
2011-04-01,2010,FC St. Pauli,FC Schalke 04,A,0,3.4,3.25,2.15,1419.800780474484,1479.2493853077945,-59.448604833310355,100,100,0.0,-2,4,-2,7,0,0.0,4,4.0,0.0,3.0
2011-04-02,2010,FSV Mainz 05,SC Freiburg,D,1,1.85,3.6,4.0,1515.6341183162328,1462.7799367474363,52.85418156879655,100,100,0.0,0,0,0,0,7,7.0,3,3.0,0.0,3.0
2011-04-02,2010,TSG Hoffenheim,Hamburg,D,1,2.5,3.3,2.75,1488.960741788624,1502.4288142224552,-13.46807243383114,100,100,0.0,-2,2,3,-3,4,4.0,7,7.0,0.0,3.0
2011-04-02,2010,Werder Bremen,VfB Stuttgart,D,1,2.2,3.4,3.2,1486.109719807527,1462.6030925609869,23.50662724654012,100,100,0.0,1,1,-1,-4,8,8.0,10,10.0,0.0,3.0
2011-04-02,2010,Bayern Munich,Borussia Monchengladbach,H,2,1.17,7.0,15.0,1581.391518040559,1403.4476657988946,177.94385224166444,100,100,0.0,6,2,0,6,9,9.0,7,7.0,1.0,1.0
2011-04-02,2010,Kaiserslautern,Bayer Leverkusen,A,0,3.6,3.5,2.0,1473.5291215801167,1615.5321433885522,-142.0030218084355,100,100,0.0,-2,2,0,0,8,8.0,13,13.0,0.0,3.0
2011-04-02,2010,Borussia Dortmund,Hannover 96,H,2,1.4,4.5,8.0,1641.0600372621448,1565.8588260240213,75.2012112381235,100,100,0.0,1,1,1,-2,10,10.0,12,12.0,3.0,0.0
2011-04-03,2010,FC Cologne,FC Nurnberg,H,2,2.38,3.3,2.9,1494.0129703475357,1534.2648831114402,-40.251912763904556,100,100,0.0,0,0,0,0,7,7.0,10,10.0,0.0,3.0
2011-04-03,2010,VfL Wolfsburg,Ein Frankfurt,D,1,1.8,3.5,4.5,1442.3235556715754,1431.0126895496198,11.310866121955542,100,100,0.0,3,-2,-7,-4,4,4.0,4,4.0,0.0,3.0
2011-04-08,2010,Ein Frankfurt,Werder Bremen,D,1,2.8,3.4,2.4,1435.660425393078,1480.991313712781,-45.330888319703035,100,100,0.0,-3,3,3,6,5,5.0,9,9.0,1.0,1.0
2011-04-09,2010,Hamburg,Borussia Dortmund,D,1,3.1,3.5,2.2,1506.089321497833,1649.07801187751,-142.9886903796771,100,100,0.0,2,-1,-2,5,5,5.0,10,10.0,0.0,3.0
2011-04-09,2010,SC Freiburg,TSG Hoffenheim,H,2,2.6,3.25,2.7,1468.9839779616502,1485.3002345132463,-16.316256551596098,100,100,0.0,-1,2,4,4,1,1.0,4,4.0,3.0,0.0
2011-04-09,2010,VfB Stuttgart,Kaiserslautern,A,0,1.73,3.75,4.5,1467.7214986557328,1460.3337545108302,7.387744144902626,100,100,0.0,2,-4,-2,-2,11,11.0,8,8.0,1.0,1.0
2011-04-09,2010,FC Schalke 04,VfL Wolfsburg,H,2,2.2,3.4,3.2,1495.9922229007625,1437.6758198281173,58.316403072645244,100,100,0.0,-1,-2,9,-3,7,7.0,5,5.0,1.0,1.0
2011-04-09,2010,FC Nurnberg,Bayern Munich,D,1,5.25,4.0,1.6,1521.8192842297638,1586.4310779051823,-64.61179367541854,100,100,0.0,-6,-2,0,-6,7,7.0,9,9.0,0.0,3.0
2011-04-09,2010,Hannover 96,FSV Mainz 05,H,2,2.2,3.3,3.25,1557.840851408656,1509.430077102019,48.410774306636995,100,100,0.0,0,-4,-6,-4,9,9.0,8,8.0,3.0,0.0
2011-04-10,2010,Bayer Leverkusen,FC St. Pauli,H,2,1.2,6.0,15.0,1628.7275104578387,1403.057942881516,225.6695675763226,100,100,0.0,2,-2,0,0,13,13.0,0,0.0,3.0,0.0
2011-04-10,2010,Borussia Monchengladbach,FC Cologne,H,2,2.25,3.4,3.1,1398.4081059342714,1506.4585692292121,-108.05046329494076,100,100,0.0,0,0,0,0,4,4.0,9,9.0,3.0,0.0
2011-04-15,2010,FSV Mainz 05,Borussia Monchengladbach,H,2,1.91,3.6,3.75,1500.4742612127095,1413.7556101843804,86.71865102832908,100,100,0.0,0,0,0,0,5,5.0,7,7.0,3.0,0.0
2011-04-16,2010,Kaiserslautern,FC Nurnberg,A,0,2.25,3.4,3.1,1479.8278456054888,1520.296714227054,-40.46886862156521,100,100,0.0,0,0,0,0,10,10.0,7,7.0,3.0,0.0
2011-04-16,2010,Werder Bremen,FC Schalke 04,D,1,2.1,3.4,3.4,1483.3322807031793,1504.5939790228244,-21.26169831964512,100,100,0.0,1,1,-5,1,9,9.0,9,9.0,0.0,3.0
2011-04-16,2010,VfL Wolfsburg,FC St. Pauli,D,1,1.5,4.2,6.5,1429.0740637060553,1399.0679943570992,30.00606934895609,100,100,0.0,3,-2,-7,-4,2,2.0,0,0.0,1.0,1.0
2011-04-16,2010,Hamburg,Hannover 96,D,1,1.91,3.6,3.75,1507.9358787930069,1566.7966672979653,-58.860788504958464,100,100,0.0,3,0,-1,3,5,5.0,9,9.0,0.0,3.0
2011-04-16,2010,TSG Hoffenheim,Ein Frankfurt,H,2,2.0,3.5,3.6,1473.8448695188788,1433.3194584026796,40.525411116199166,100,100,0.0,1,-2,-4,-4,4,4.0,6,6.0,3.0,0.0
2011-04-16,2010,FC Cologne,VfB Stuttgart,A,0,2.5,3.4,2.7,1491.111064979103,1448.2274075610742,42.88365741802886,100,100,0.0,-2,4,2,2,6,6.0,8,8.0,3.0,0.0
2011-04-17,2010,Bayern Munich,Bayer Leverkusen,H,2,1.83,3.75,4.0,1587.953647907892,1632.7174589822555,-44.7638110743635,100,100,0.0,4,4,0,6,10,10.0,15,15.0,1.0,1.0
2011-04-17,2010,Borussia Dortmund,SC Freiburg,H,2,1.29,5.5,9.5,1647.2314545823363,1480.4393429560178,166.7921116263185,100,100,0.0,1,-3,-5,-6,8,8.0,4,4.0,3.0,0.0
2011-04-21,2010,SC Freiburg,Hannover 96,A,0,2.5,3.3,2.8,1475.1248506314269,1568.564535415504,-93.43968478407714,100,100,0.0,0,4,6,4,4,4.0,7,7.0,0.0,3.0
2011-04-23,2010,Borussia Monchengladbach,Borussia Dortmund,H,2,5.25,4.2,1.57,1406.121092037976,1652.5459469069272,-246.42485486895112,100,100,0.0,-1,3,5,6,4,4.0,8,8.0,0.0,3.0
2011-04-23,2010,Ein Frankfurt,Bayern Munich,D,1,5.5,4.33,1.53,1424.0758972829922,1600.5888006322332,-176.51290334924101,100,100,0.0,-6,-2,0,-6,5,5.0,13,13.0,0.0,3.0
2011-04-23,2010,Bayer Leverkusen,TSG Hoffenheim,H,2,1.53,4.0,6.0,1620.0823062579143,1483.0884306385663,136.99387561934805,100,100,0.0,1,0,4,4,12,12.0,7,7.0,1.0,1.0
2011-04-23,2010,FC St. Pauli,Werder Bremen,A,0,3.25,3.5,2.1,1404.4327304695996,1479.9899013212107,-75.55717085161109,100,100,0.0,-3,3,3,6,1,1.0,7,7.0,0.0,3.0
2011-04-23,2010,VfB Stuttgart,Hamburg,H,2,2.1,3.4,3.4,1469.070438751751,1506.1680106754682,-37.09757192371717,100,100,0.0,-1,0,5,-1,8,8.0,6,6.0,0.0,3.0
2011-04-23,2010,FC Schalke 04,Kaiserslautern,A,0,2.0,3.4,3.75,1507.936358404793,1462.2825405566462,45.6538178481469,100,100,0.0,2,-4,2,-7,10,10.0,9,9.0,0.0,3.0
2011-04-24,2010,FC Nurnberg,FSV Mainz 05,D,1,2.1,3.4,3.4,1537.8420192758967,1508.108779359114,29.73323991678285,100,100,0.0,0,0,0,0,7,7.0,5,5.0,0.0,3.0
2011-04-24,2010,VfL Wolfsburg,FC Cologne,H,2,1.67,4.0,4.75,1423.709327593555,1470.2680337884262,-46.55870619487132,100,100,0.0,3,-2,-7,-4,3,3.0,6,6.0,1.0,1.0
2011-04-29,2010,Kaiserslautern,FC St. Pauli,H,2,1.8,3.6,4.33,1483.2267054828621,1388.3791862777168,94.84751920514532,100,100,0.0,0,0,0,0,9,9.0,1,1.0,0.0,3.0
2011-04-29,2010,Werder Bremen,VfL Wolfsburg,A,0,2.1,3.6,3.2,1496.0434455130935,1436.4201069885678,59.62333852452571,100,100,0.0,0,-1,4,-2,9,9.0,6,6.0,1.0,1.0
2011-04-30,2010,TSG Hoffenheim,VfB Stuttgart,A,0,2.8,3.4,2.38,1476.9819001687313,1481.384010854043,-4.402110685311754,100,100,0.0,-1,2,-2,-2,4,4.0,8,8.0,1.0,1.0
2011-04-30,2010,FC Cologne,Bayer Leverkusen,H,2,3.8,3.6,1.91,1457.5572543934134,1626.1888367277493,-168.63158233433592,100,100,0.0,-2,2,0,0,3,3.0,12,12.0,0.0,3.0
2011-04-30,2010,Hamburg,SC Freiburg,A,0,1.62,4.0,5.0,1493.8544385731761,1459.8416527117754,34.012785861400744,100,100,0.0,3,-4,-7,-1,6,6.0,4,4.0,0.0,3.0
2011-04-30,2010,Hannover 96,Borussia Monchengladbach,A,0,1.8,3.6,4.33,1583.8477333351555,1427.0932931385173,156.75444019663814,100,100,0.0,0,-4,-6,-4,10,10.0,6,6.0,3.0,0.0
2011-04-30,2010,Bayern Munich,FC Schalke 04,H,2,1.29,5.5,9.5,1597.337858284047,1486.992193478577,110.34566480546982,100,100,0.0,4,6,-2,13,11,11.0,7,7.0,0.0,3.0
2011-04-30,2010,Borussia Dortmund,FC Nurnberg,H,2,1.4,4.5,7.5,1631.573745806386,1532.4875583557675,99.08618745061835,100,100,0.0,1,-3,-5,-6,8,8.0,5,5.0,3.0,0.0
2011-04-30,2010,FSV Mainz 05,Ein Frankfurt,H,2,2.0,3.4,3.75,1513.463240279243,1427.3268396311785,86.13640064806464,100,100,0.0,0,0,0,0,6,6.0,6,6.0,0.0,3.0
2011-05-07,2010,Werder Bremen,Borussia Dortmund,H,2,2.0,3.6,3.5,1474.5991170680938,1638.8101826239526,-164.2110655558588,100,100,0.0,2,0,2,0,6,6.0,10,10.0,0.0,3.0
2011-05-07,2010,VfL Wolfsburg,Kaiserslautern,A,0,1.44,4.33,7.0,1457.8644354335675,1490.5979634924488,-32.73352805888135,100,100,0.0,3,-2,-7,-4,8,8.0,9,9.0,1.0,1.0
2011-05-07,2010,Ein Frankfurt,FC Cologne,A,0,2.0,3.4,3.75,1419.673229053576,1475.4823695346581,-55.80914048108207,100,100,0.0,0,0,0,0,3,3.0,6,6.0,0.0,3.0
2011-05-07,2010,Bayer Leverkusen,Hamburg,D,1,1.44,4.33,7.0,1608.2637215865045,1473.339471750038,134.92424983646652,100,100,0.0,-1,2,7,1,9,9.0,3,3.0,3.0,0.0
2011-05-07,2010,Borussia Monchengladbach,SC Freiburg,H,2,1.57,4.0,5.5,1451.5213902631995,1480.3566195349135,-28.83522927171407,100,100,0.0,0,0,0,0,9,9.0,7,7.0,0.0,3.0
2011-05-07,2010,FC Nurnberg,TSG Hoffenheim,A,0,1.8,3.6,4.33,1525.2511215382008,1457.9557048730446,67.29541666515615,100,100,0.0,-1,2,4,4,5,5.0,4,4.0,1.0,1.0
2011-05-07,2010,FC Schalke 04,FSV Mainz 05,A,0,2.38,3.25,3.0,1480.1056568233096,1521.1168508568455,-41.01119403353596,100,100,0.0,2,-4,2,-7,7,7.0,8,8.0,3.0,0.0
2011-05-07,2010,FC St. Pauli,Bayern Munich,A,0,11.0,6.5,1.22,1381.0079282681302,1604.2243949393144,-223.2164666711842,100,100,0.0,-6,-2,0,-6,1,1.0,11,11.0,0.0,3.0
2011-05-07,2010,VfB Stuttgart,Hannover 96,H,2,2.1,3.4,3.4,1500.4102061497297,1559.4196362104733,-59.009430060743625,100,100,0.0,2,0,4,2,10,10.0,7,7.0,0.0,3.0
2011-05-14,2010,SC Freiburg,Bayer Leverkusen,A,0,4.33,3.6,1.8,1468.386790987797,1599.4283996063407,-131.0416086185437,100,100,0.0,-2,2,0,0,6,6.0,7,7.0,1.0,1.0
2011-05-14,2010,Borussia Dortmund,Ein Frankfurt,H,2,1.57,4.33,5.0,1621.0691056197402,1402.7755784604992,218.29352715924097,100,100,0.0,1,-3,-5,-6,7,7.0,2,2.0,0.0,3.0
2011-05-14,2010,FSV Mainz 05,FC St. Pauli,H,2,1.36,5.0,7.5,1538.639410006486,1371.1152625917719,167.5241474147142,100,100,0.0,0,0,0,0,10,10.0,1,1.0,3.0,0.0
2011-05-14,2010,FC Cologne,FC Schalke 04,H,2,2.25,3.4,3.1,1492.380020127735,1462.583097673669,29.796922454065907,100,100,0.0,-2,4,-2,7,6,6.0,4,4.0,0.0,3.0
2011-05-14,2010,Hannover 96,FC Nurnberg,H,2,2.05,3.5,3.4,1546.1811757778396,1503.5392810113635,42.64189476647607,100,100,0.0,0,-4,-6,-4,7,7.0,5,5.0,0.0,3.0
2011-05-14,2010,Hamburg,Borussia Monchengladbach,D,1,2.88,3.5,2.3,1482.1747937302018,1463.491218810316,18.683574919885814,100,100,0.0,3,-4,-7,-1,3,3.0,12,12.0,3.0,0.0
2011-05-14,2010,Kaiserslautern,Werder Bremen,H,2,2.3,3.5,2.88,1508.4663401379241,1492.340194072306,16.12614606561806,100,100,0.0,-3,3,3,6,12,12.0,8,8.0,3.0,0.0
2011-05-14,2010,Bayern Munich,VfB Stuttgart,H,2,1.29,5.5,10.0,1614.1170606156727,1513.6486665823634,100.46839403330932,100,100,0.0,4,6,2,8,11,11.0,12,12.0,3.0,0.0
2011-05-14,2010,TSG Hoffenheim,VfL Wolfsburg,A,0,3.5,3.6,2.0,1479.6675453998819,1439.9960587880921,39.67148661178976,100,100,0.0,-2,0,3,0,6,6.0,7,7.0,1.0,1.0
2011-08-05,2011,Borussia Dortmund,Hamburg,H,2,1.57,3.8,6.0,1625.208237644822,1477.2412340550966,147.96700358972544,100,100,0.0,-1,3,4,-3,9,9.0,3,3.0,2.0,0.5
2011-08-06,2011,FC Augsburg,SC Freiburg,D,1,2.25,3.4,3.1,1500.0,1454.7234103240282,45.27658967597176,100,100,0.0,0,0,0,0,0,0.0,3,3.0,1.5,1.5
2011-08-06,2011,Hannover 96,TSG Hoffenheim,H,2,2.1,3.4,3.4,1555.347000920023,1458.9425734970623,96.40442742296068,100,100,0.0,0,3,6,6,7,7.0,6,6.0,1.5,1.5
2011-08-06,2011,Hertha BSC,FC Nurnberg,A,0,2.1,3.4,3.4,1500.0,1494.3734558691801,5.626544130819866,100,100,0.0,0,0,0,0,0,0.0,4,4.0,1.5,1.5
2011-08-06,2011,VfB Stuttgart,FC Schalke 04,H,2,2.2,3.4,3.2,1506.4558287933733,1452.9399574957154,53.515871297657895,100,100,0.0,-2,0,0,-1,12,12.0,1,1.0,2.0,0.5
2011-08-06,2011,Werder Bremen,Kaiserslautern,H,2,1.8,3.6,4.33,1482.1750477286587,1518.6314864815715,-36.456438752912845,100,100,0.0,3,-3,-4,-5,7,7.0,12,12.0,0.0,3.0
2011-08-06,2011,FC Cologne,VfL Wolfsburg,A,0,2.5,3.4,2.7,1502.0231603056886,1460.7210306909117,41.30212961477696,100,100,0.0,-3,3,4,3,9,9.0,10,10.0,0.5,2.0
2011-08-07,2011,Bayern Munich,Borussia Monchengladbach,A,0,1.2,6.5,13.0,1621.3098984046628,1468.4247784854213,152.88511991924156,100,100,0.0,6,4,2,1,13,13.0,10,10.0,2.0,0.5
2011-08-07,2011,FSV Mainz 05,Bayer Leverkusen,H,2,3.8,3.5,1.95,1543.9354997169953,1613.0917802701094,-69.15628055311413,100,100,0.0,-3,-4,0,-1,13,13.0,7,7.0,1.5,1.5
2011-08-13,2011,TSG Hoffenheim,Borussia Dortmund,H,2,4.5,3.75,1.73,1451.6210328328716,1631.0133011764078,-179.39226834353622,100,100,0.0,-2,-3,-6,-2,3,3.0,9,9.0,2.0,0.5
2011-08-13,2011,SC Freiburg,FSV Mainz 05,A,0,2.3,3.4,3.0,1460.653840624055,1557.607356534523,-96.95351591046801,100,100,0.0,0,0,0,0,4,4.0,13,13.0,2.0,0.5
2011-08-13,2011,FC Nurnberg,Hannover 96,A,0,2.3,3.4,3.0,1513.7982305471955,1562.6685415842137,-48.870311037018155,100,100,0.0,0,0,0,0,4,4.0,9,9.0,1.5,1.5
2011-08-13,2011,Hamburg,Hertha BSC,D,1,1.95,3.6,3.6,1471.4361705235108,1480.5752253219846,-9.139054798473808,100,100,0.0,3,-3,-4,-1,2,2.0,0,0.0,1.5,1.5
2011-08-13,2011,FC Schalke 04,FC Cologne,H,2,1.62,3.8,5.5,1444.1676605315256,1481.2381509743864,-37.07049044286077,100,100,0.0,2,-2,-4,-1,0,0.0,9,9.0,1.5,1.5
2011-08-13,2011,VfL Wolfsburg,Bayern Munich,A,0,4.0,3.75,1.83,1481.506040022214,1596.9835654591147,-115.4775254369008,100,100,0.0,-3,-7,-6,-4,12,12.0,10,10.0,0.5,2.0
2011-08-13,2011,Borussia Monchengladbach,VfB Stuttgart,D,1,2.5,3.4,2.7,1492.7511114309693,1515.228125757563,-22.47701432659369,100,100,0.0,0,2,4,2,13,13.0,12,12.0,0.0,3.0
2011-08-14,2011,Kaiserslautern,FC Augsburg,D,1,1.83,3.5,4.2,1506.3446976046848,1494.0695696999733,12.275127904711553,100,100,0.0,0,0,0,0,12,12.0,1,1.0,1.5,1.5
2011-08-14,2011,Bayer Leverkusen,Werder Bremen,H,2,1.83,3.6,4.2,1599.4199234525818,1494.4618366055454,104.95808684703638,100,100,0.0,0,7,4,6,7,7.0,9,9.0,1.0,1.0
2011-08-19,2011,Borussia Monchengladbach,VfL Wolfsburg,H,2,2.7,3.3,2.6,1489.4586349868073,1467.1738168306406,22.284818156166693,100,100,0.0,-3,3,4,3,11,11.0,9,9.0,0.5,2.0
2011-08-20,2011,Werder Bremen,SC Freiburg,H,2,1.55,4.0,6.0,1487.4093730428083,1445.5223167038869,41.88705633892141,100,100,0.0,3,-3,-4,-5,6,6.0,4,4.0,3.0,0.0
2011-08-20,2011,VfB Stuttgart,Bayer Leverkusen,A,0,2.3,3.4,3.0,1518.520602201725,1606.4723870153189,-87.9517848135938,100,100,0.0,-3,-6,-4,-3,10,10.0,7,7.0,0.0,3.0
2011-08-20,2011,FC Cologne,Kaiserslautern,D,1,2.3,3.3,3.1,1468.9257105555669,1501.6593604638583,-32.733649908291454,100,100,0.0,0,0,0,0,9,9.0,10,10.0,0.5,2.0
2011-08-20,2011,Bayern Munich,Hamburg,H,2,1.33,5.0,9.0,1611.315788650688,1467.6004366883808,143.7153519623073,100,100,0.0,3,7,6,2,12,12.0,3,3.0,2.0,0.5
2011-08-20,2011,FC Augsburg,TSG Hoffenheim,A,0,2.8,3.3,2.5,1498.7549068407998,1469.9902330944944,28.764673746305334,100,100,0.0,0,3,6,6,2,2.0,6,6.0,1.5,1.5
2011-08-20,2011,Borussia Dortmund,FC Nurnberg,H,2,1.29,5.0,11.0,1612.644100914785,1496.606583114659,116.0375178001259,100,100,0.0,2,0,0,-4,9,9.0,3,3.0,3.0,0.0
2011-08-21,2011,Hannover 96,Hertha BSC,D,1,2.2,3.3,3.3,1579.8601890167502,1484.4109591571146,95.44922985963558,100,100,0.0,0,0,0,0,9,9.0,1,1.0,1.5,1.5
2011-08-21,2011,FSV Mainz 05,FC Schalke 04,A,0,2.5,3.3,2.75,1572.738880454691,1456.480100950345,116.25877950434597,100,100,0.0,-2,2,4,1,15,15.0,3,3.0,1.5,1.5
2011-08-26,2011,Hertha BSC,VfB Stuttgart,H,2,2.5,3.4,2.7,1492.0589427561863,1503.0006473430446,-10.94170458685835,100,100,0.0,0,2,4,2,2,2.0,7,7.0,1.5,1.5
2011-08-27,2011,Hamburg,FC Cologne,A,0,1.85,3.6,4.0,1461.6799290355598,1466.057338978387,-4.377409942827171,100,100,0.0,3,-3,-4,-1,3,3.0,7,7.0,1.5,1.5
2011-08-27,2011,SC Freiburg,VfL Wolfsburg,H,2,2.8,3.25,2.5,1436.3288092231253,1457.2455593479754,-20.91675012485007,100,100,0.0,-3,3,4,3,1,1.0,6,6.0,1.5,1.5
2011-08-27,2011,TSG Hoffenheim,Werder Bremen,A,0,2.3,3.4,3.0,1490.3081697806083,1496.6028805235699,-6.29471074296157,100,100,0.0,-3,0,-2,-1,9,9.0,9,9.0,1.5,1.5
2011-08-27,2011,Kaiserslautern,Bayern Munich,A,0,6.5,4.2,1.5,1504.5277320410382,1617.236296303509,-112.70856426247087,100,100,0.0,-6,-4,-2,-1,8,8.0,12,12.0,1.5,1.5
2011-08-27,2011,FC Nurnberg,FC Augsburg,H,2,1.73,3.6,4.75,1489.8923459769208,1478.436970154686,11.455375822234828,100,100,0.0,0,0,0,0,3,3.0,2,2.0,1.5,1.5
2011-08-27,2011,Bayer Leverkusen,Borussia Dortmund,D,1,2.6,3.4,2.6,1621.9923418739993,1619.3583380525233,2.6340038214759716,100,100,0.0,1,4,0,5,10,10.0,9,9.0,1.5,1.5
2011-08-28,2011,Hannover 96,FSV Mainz 05,D,1,2.3,3.4,3.0,1572.2122054176784,1549.4464820713467,22.765723346331697,100,100,0.0,0,0,0,0,10,10.0,12,12.0,3.0,0.0
2011-08-28,2011,FC Schalke 04,Borussia Monchengladbach,H,2,1.8,3.6,4.33,1479.7724993336894,1499.3868924694725,-19.614393135783075,100,100,0.0,2,-2,-4,-1,6,6.0,11,11.0,0.5,2.0
2011-09-09,2011,FC Augsburg,Bayer Leverkusen,A,0,5.0,3.75,1.67,1468.09034527358,1617.685820736194,-149.5954754626141,100,100,0.0,-3,-4,0,-1,2,2.0,10,10.0,1.5,1.5
2011-09-10,2011,Borussia Monchengladbach,Kaiserslautern,H,2,1.91,3.6,3.75,1487.796788715427,1490.076160294661,-2.279371579233839,100,100,0.0,0,0,0,0,8,8.0,5,5.0,0.0,3.0
2011-09-10,2011,Werder Bremen,Hamburg,H,2,1.6,4.2,5.0,1515.553142282276,1442.6527441725639,72.90039810971211,100,100,0.0,0,0,0,-4,9,9.0,2,2.0,1.5,1.5
2011-09-10,2011,VfB Stuttgart,Hannover 96,H,2,1.85,3.6,4.0,1491.7635476717453,1567.1220827722443,-75.35853510049901,100,100,0.0,0,-2,-4,-2,4,4.0,11,11.0,1.5,1.5
2011-09-10,2011,Borussia Dortmund,Hertha BSC,A,0,1.4,4.5,8.0,1623.6648591903286,1503.2960424274856,120.36881676284293,100,100,0.0,2,0,0,-4,10,10.0,5,5.0,1.5,1.5
2011-09-10,2011,Bayern Munich,SC Freiburg,H,2,1.17,7.0,15.0,1631.6878680498864,1447.9722798001746,183.7155882497118,100,100,0.0,6,4,2,1,12,12.0,4,4.0,3.0,0.0
2011-09-10,2011,FSV Mainz 05,TSG Hoffenheim,A,0,2.2,3.3,3.25,1554.5366047167809,1471.3579080219022,83.17869669487868,100,100,0.0,0,3,6,6,10,10.0,6,6.0,3.0,0.0
2011-09-11,2011,FC Cologne,FC Nurnberg,A,0,2.6,3.25,2.7,1485.0845238413829,1500.2389708580267,-15.154447016643871,100,100,0.0,0,0,0,0,7,7.0,6,6.0,1.5,1.5
2011-09-11,2011,VfL Wolfsburg,FC Schalke 04,H,2,2.5,3.3,2.75,1445.602088770926,1491.362603087735,-45.760514316808894,100,100,0.0,1,-1,0,-2,6,6.0,9,9.0,0.5,2.0
2011-09-16,2011,SC Freiburg,VfB Stuttgart,A,0,3.3,3.5,2.1,1443.0704985188756,1505.7014703342577,-62.630971815382054,100,100,0.0,0,2,4,2,4,4.0,7,7.0,3.0,0.0
2011-09-17,2011,Bayer Leverkusen,FC Cologne,A,0,1.4,4.6,7.5,1630.559038013947,1466.492568051251,164.06646996269592,100,100,0.0,3,4,0,1,10,10.0,4,4.0,1.5,1.5
2011-09-17,2011,FC Nurnberg,Werder Bremen,D,1,2.63,3.5,2.5,1518.8309266481585,1523.6491686333686,-4.818241985210079,100,100,0.0,-3,3,4,5,9,9.0,12,12.0,1.5,1.5
2011-09-17,2011,Kaiserslautern,FSV Mainz 05,H,2,2.5,3.4,2.7,1479.1872586254267,1532.287684364425,-53.10042573899841,100,100,0.0,0,0,0,0,2,2.0,7,7.0,0.0,3.0
2011-09-17,2011,TSG Hoffenheim,VfL Wolfsburg,H,2,1.95,3.6,3.6,1493.606828374258,1458.2792219415303,35.327606432727634,100,100,0.0,-3,0,-2,-3,9,9.0,6,6.0,0.5,2.0
2011-09-17,2011,Hamburg,Borussia Monchengladbach,A,0,2.4,3.5,2.8,1434.5567178214712,1498.6856903846613,-64.12897256319002,100,100,0.0,3,-3,-4,-1,1,1.0,10,10.0,2.0,0.5
2011-09-17,2011,Hertha BSC,FC Augsburg,D,1,1.57,3.8,6.0,1526.7108490413736,1455.217127995827,71.49372104554664,100,100,0.0,0,0,0,0,8,8.0,2,2.0,1.5,1.5
2011-09-18,2011,Hannover 96,Borussia Dortmund,H,2,4.2,3.5,1.85,1553.184160109732,1600.2500525764406,-47.06589246670865,100,100,0.0,-2,0,0,4,8,8.0,7,7.0,0.0,3.0
2011-09-18,2011,FC Schalke 04,Bayern Munich,A,0,5.0,3.8,1.67,1478.6854699171306,1636.5896493311855,-157.90417941405485,100,100,0.0,-4,-6,-6,-2,9,9.0,12,12.0,1.5,1.5
2011-09-23,2011,VfB Stuttgart,Hamburg,A,0,1.57,4.0,5.5,1522.3086283044697,1418.0135204494536,104.29510785501611,100,100,0.0,-3,1,0,-1,7,7.0,1,1.0,1.5,1.5
2011-09-24,2011,VfL Wolfsburg,Kaiserslautern,H,2,1.83,3.75,4.0,1448.8432123070793,1492.174650803109,-43.331438496029705,100,100,0.0,3,-3,-4,-3,3,3.0,5,5.0,0.5,2.0
2011-09-24,2011,FC Schalke 04,SC Freiburg,H,2,1.36,4.75,8.5,1466.1625025545518,1426.4633405486636,39.699162005888184,100,100,0.0,2,-2,-4,-1,9,9.0,3,3.0,3.0,0.0
2011-09-24,2011,Borussia Monchengladbach,FC Nurnberg,H,2,2.1,3.4,3.4,1515.228887756679,1514.8214081799708,0.4074795767080559,100,100,0.0,0,0,0,0,10,10.0,7,7.0,2.0,0.5
2011-09-24,2011,Bayern Munich,Bayer Leverkusen,H,2,1.33,5.0,9.0,1649.1126166937643,1605.9424913496584,43.17012534410583,100,100,0.0,3,0,2,0,15,15.0,10,10.0,2.0,0.5
2011-09-24,2011,FC Augsburg,Hannover 96,D,1,2.88,3.4,2.38,1462.0731469254533,1565.9163312386108,-103.84318431315751,100,100,0.0,0,0,0,0,2,2.0,8,8.0,1.5,1.5
2011-09-24,2011,FSV Mainz 05,Borussia Dortmund,A,0,3.75,3.6,1.91,1519.3002921867428,1587.5178814475616,-68.21758926081884,100,100,0.0,-2,0,0,4,4,4.0,4,4.0,0.5,2.0
2011-09-25,2011,FC Cologne,TSG Hoffenheim,H,2,3.0,3.4,2.3,1491.1091147155396,1503.042838008709,-11.93372329316935,100,100,0.0,0,3,6,6,7,7.0,12,12.0,1.0,1.0
2011-09-25,2011,Werder Bremen,Hertha BSC,H,2,1.83,3.5,4.33,1527.6586871015563,1519.8548301117473,7.803856989808992,100,100,0.0,3,-3,-4,-5,10,10.0,9,9.0,1.5,1.5
2011-09-30,2011,Kaiserslautern,VfB Stuttgart,A,0,2.88,3.4,2.38,1479.5997619822467,1499.3817005346284,-19.78193855238169,100,100,0.0,0,2,4,2,4,4.0,6,6.0,2.0,0.5
2011-10-01,2011,Hertha BSC,FC Cologne,H,2,1.91,3.5,4.0,1509.365267758759,1502.3863766808906,6.978891077868411,100,100,0.0,0,0,0,0,8,8.0,10,10.0,1.5,1.5
2011-10-01,2011,SC Freiburg,Borussia Monchengladbach,H,2,3.1,3.3,2.3,1417.1893332128784,1526.0107313049666,-108.8213980920882,100,100,0.0,0,0,0,0,3,3.0,12,12.0,1.5,1.5
2011-10-01,2011,Borussia Dortmund,FC Augsburg,H,2,1.25,5.5,12.0,1603.8862237546862,1462.2390637629474,141.64715999173882,100,100,0.0,2,0,0,-4,7,7.0,2,2.0,1.5,1.5
2011-10-01,2011,TSG Hoffenheim,Bayern Munich,D,1,6.5,4.5,1.44,1491.765576043358,1658.2590977248142,-166.4935216814563,100,100,0.0,-6,-7,-8,-7,9,9.0,15,15.0,0.0,3.0
2011-10-01,2011,FC Nurnberg,FSV Mainz 05,D,1,2.1,3.25,3.5,1504.039564631683,1502.9319498796183,1.1076147520648192,100,100,0.0,0,0,0,0,7,7.0,1,1.0,0.5,2.0
2011-10-01,2011,Bayer Leverkusen,VfL Wolfsburg,H,2,1.67,3.75,5.0,1596.7960103186085,1461.4181011279416,135.37790919066697,100,100,0.0,0,7,4,4,7,7.0,6,6.0,3.0,0.0
2011-10-02,2011,Hamburg,FC Schalke 04,A,0,2.75,3.3,2.5,1440.940448219295,1475.436509890337,-34.49606167104207,100,100,0.0,1,-1,0,0,3,3.0,9,9.0,3.0,0.0
2011-10-02,2011,Hannover 96,Werder Bremen,H,2,2.75,3.3,2.5,1565.7504144011168,1538.1482494545446,27.602164946572202,100,100,0.0,-3,3,4,5,6,6.0,13,13.0,2.0,0.5
2011-10-14,2011,Werder Bremen,Borussia Dortmund,A,0,2.8,3.5,2.4,1528.4222530178122,1609.8635112372694,-81.44125821945727,100,100,0.0,1,-3,-4,-1,10,10.0,7,7.0,1.5,1.5
2011-10-15,2011,VfB Stuttgart,TSG Hoffenheim,H,2,2.0,3.5,3.6,1517.7847363205697,1494.6017883899742,23.182947930595446,100,100,0.0,0,1,2,4,9,9.0,7,7.0,2.0,0.5
2011-10-15,2011,FC Schalke 04,Kaiserslautern,A,0,1.44,4.2,7.5,1493.2315038431313,1461.1967261963055,32.03477764682589,100,100,0.0,2,-2,-4,-1,9,9.0,3,3.0,0.0,3.0
2011-10-15,2011,VfL Wolfsburg,FC Nurnberg,H,2,2.1,3.4,3.4,1455.2662040128216,1499.7935870691686,-44.527383056346935,100,100,0.0,3,-3,-4,-3,6,6.0,8,8.0,0.0,3.0
2011-10-15,2011,Borussia Monchengladbach,Bayer Leverkusen,D,1,2.6,3.4,2.6,1510.6299627524504,1602.9479074337285,-92.31794468127805,100,100,0.0,-3,-4,0,-1,9,9.0,7,7.0,1.5,1.5
2011-10-15,2011,Bayern Munich,Hertha BSC,H,2,1.2,6.5,13.0,1655.4228853781979,1519.8872494540706,135.5356359241273,100,100,0.0,6,4,2,1,13,13.0,10,10.0,1.5,1.5
2011-10-15,2011,FSV Mainz 05,FC Augsburg,A,0,1.67,3.75,5.0,1507.1779274421328,1456.261776280364,50.91615116176877,100,100,0.0,0,0,0,0,2,2.0,2,2.0,1.5,1.5
2011-10-16,2011,SC Freiburg,Hamburg,A,0,2.5,3.4,2.7,1432.5701017653946,1423.1454542665006,9.424647498894046,100,100,0.0,-3,3,4,1,6,6.0,3,3.0,3.0,0.0
2011-10-16,2011,FC Cologne,Hannover 96,H,2,2.4,3.4,2.8,1491.864394985579,1575.4764108378492,-83.61201585227013,100,100,0.0,0,0,0,0,9,9.0,8,8.0,1.5,1.5
2011-10-21,2011,FC Augsburg,Werder Bremen,D,1,3.8,3.6,1.91,1477.3962997832086,1512.621768924586,-35.22546914137729,100,100,0.0,-3,3,4,5,5,5.0,7,7.0,1.5,1.5
2011-10-22,2011,Hamburg,VfL Wolfsburg,D,1,2.15,3.4,3.3,1442.7194504344836,1467.8914040995683,-25.17195366508463,100,100,0.0,0,0,0,2,6,6.0,9,9.0,1.5,1.5
2011-10-22,2011,Hertha BSC,FSV Mainz 05,D,1,1.95,3.5,3.75,1513.7397913511577,1486.0434039392883,27.69638741186941,100,100,0.0,0,0,0,0,7,7.0,1,1.0,1.5,1.5
2011-10-22,2011,Borussia Dortmund,FC Cologne,H,2,1.29,5.5,9.5,1625.6639953304957,1506.1573930842646,119.50660224623107,100,100,0.0,2,0,0,-4,9,9.0,9,9.0,3.0,0.0
2011-10-22,2011,Kaiserslautern,SC Freiburg,H,2,2.0,3.5,3.6,1481.6376852164756,1412.9961055974115,68.64157961906403,100,100,0.0,0,0,0,0,6,6.0,3,3.0,1.5,1.5
2011-10-22,2011,FC Nurnberg,VfB Stuttgart,D,1,2.5,3.4,2.7,1487.168386982422,1527.6786813906967,-40.51029440827483,100,100,0.0,0,2,4,2,5,5.0,12,12.0,3.0,0.0
2011-10-22,2011,TSG Hoffenheim,Borussia Monchengladbach,H,2,2.0,3.5,3.6,1484.7078433198471,1510.2983558012215,-25.59051248137439,100,100,0.0,0,-3,-6,-6,7,7.0,10,10.0,1.5,1.5
2011-10-23,2011,Hannover 96,Bayern Munich,H,2,9.0,4.5,1.36,1561.1834127391637,1661.5703434811107,-100.38693074194703,100,100,0.0,-6,-4,-2,-1,7,7.0,13,13.0,1.5,1.5
2011-10-23,2011,Bayer Leverkusen,FC Schalke 04,A,0,2.0,3.5,3.6,1603.2795143849573,1472.7905448229612,130.4889695619961,100,100,0.0,1,6,4,2,7,7.0,6,6.0,3.0,0.0
2011-10-28,2011,SC Freiburg,Bayer Leverkusen,A,0,3.3,3.5,2.1,1404.7543476609044,1579.5701838614689,-174.8158362005645,100,100,0.0,-3,-4,0,-1,3,3.0,4,4.0,0.5,2.0
2011-10-29,2011,Bayern Munich,FC Nurnberg,H,2,1.17,7.0,16.0,1646.5536383450465,1484.6248189663447,161.92881937870175,100,100,0.0,6,4,2,1,10,10.0,3,3.0,2.0,0.5
2011-10-29,2011,FSV Mainz 05,Werder Bremen,A,0,2.7,3.4,2.5,1491.320972187165,1515.386353342403,-24.06538115523813,100,100,0.0,-3,3,4,5,2,2.0,5,5.0,2.0,0.5
2011-10-29,2011,Borussia Monchengladbach,Hannover 96,H,2,2.0,3.4,3.75,1498.4626393215526,1576.200117875228,-77.73747855367537,100,100,0.0,0,0,0,0,7,7.0,10,10.0,1.5,1.5
2011-10-29,2011,FC Schalke 04,TSG Hoffenheim,H,2,1.95,3.3,4.0,1496.4998753464497,1496.543559799516,-0.04368445306636204,100,100,0.0,2,1,2,5,9,9.0,7,7.0,0.0,3.0
2011-10-29,2011,VfB Stuttgart,Borussia Dortmund,D,1,3.3,3.3,2.2,1530.222249406774,1632.274734135244,-102.05248472847006,100,100,0.0,-2,-2,-4,2,10,10.0,12,12.0,0.5,2.0
2011-10-29,2011,VfL Wolfsburg,Hertha BSC,A,0,2.2,3.4,3.2,1471.0729497027264,1508.462223103281,-37.38927340055466,100,100,0.0,3,-3,-4,-3,7,7.0,5,5.0,1.5,1.5
2011-10-30,2011,Hamburg,Kaiserslautern,D,1,1.91,3.4,4.0,1439.5379048313255,1489.8794431529827,-50.341538321657254,100,100,0.0,3,-3,-4,-1,7,7.0,9,9.0,2.0,0.5
2011-10-30,2011,FC Cologne,FC Augsburg,H,2,1.91,3.5,4.0,1499.5466542795164,1474.6317153653915,24.914938914124832,100,100,0.0,0,0,0,0,9,9.0,6,6.0,1.5,1.5
2011-11-04,2011,FSV Mainz 05,VfB Stuttgart,H,2,2.5,3.4,2.7,1473.093832231741,1530.3108612648218,-57.217029033080735,100,100,0.0,0,2,4,2,2,2.0,8,8.0,1.5,1.5
2011-11-05,2011,TSG Hoffenheim,Kaiserslautern,D,1,1.67,3.8,5.0,1485.7437717234218,1492.0088904731142,-6.265118749692419,100,100,0.0,0,-3,-6,-6,4,4.0,7,7.0,2.0,0.5
2011-11-05,2011,Hertha BSC,Borussia Monchengladbach,A,0,2.25,3.3,3.2,1526.1364593516735,1512.5028022893086,13.633657062364819,100,100,0.0,0,0,0,0,7,7.0,7,7.0,1.5,1.5
2011-11-05,2011,Borussia Dortmund,VfL Wolfsburg,H,2,1.33,4.75,9.5,1632.186122277196,1453.398713454334,178.78740882286206,100,100,0.0,-1,3,4,-1,13,13.0,7,7.0,3.0,0.0
2011-11-05,2011,Bayer Leverkusen,Hamburg,D,1,1.62,3.75,5.5,1591.389141700498,1437.408457511194,153.98068418930393,100,100,0.0,0,7,4,2,7,7.0,8,8.0,2.0,0.5
2011-11-05,2011,Werder Bremen,FC Cologne,H,2,1.44,4.2,7.5,1533.6134932978268,1509.3746004808108,24.238892817015994,100,100,0.0,3,-3,-4,-5,7,7.0,9,9.0,1.5,1.5
2011-11-05,2011,FC Nurnberg,SC Freiburg,A,0,1.73,3.5,5.0,1479.1867935898601,1392.9353898218753,86.25140376798481,100,100,0.0,0,0,0,0,2,2.0,3,3.0,0.5,2.0
2011-11-06,2011,FC Augsburg,Bayern Munich,A,0,15.0,6.0,1.2,1464.803769164097,1651.991663721531,-187.187894557434,100,100,0.0,-6,-4,-2,-1,5,5.0,10,10.0,1.5,1.5
2011-11-06,2011,Hannover 96,FC Schalke 04,D,1,2.7,3.4,2.5,1562.159954907472,1507.299663422544,54.860291484927984,100,100,0.0,-2,2,4,1,7,7.0,12,12.0,1.5,1.5
2011-11-18,2011,Kaiserslautern,Bayer Leverkusen,A,0,2.88,3.4,2.38,1495.9603411887522,1582.0338512775274,-86.07351008877527,100,100,0.0,-3,-4,0,-1,8,8.0,8,8.0,0.0,3.0
2011-11-19,2011,Bayern Munich,Borussia Dortmund,A,0,1.62,3.8,5.5,1663.304534920949,1637.205354217403,26.099180703545926,100,100,0.0,4,4,2,5,10,10.0,13,13.0,0.0,3.0
2011-11-19,2011,SC Freiburg,Hertha BSC,D,1,2.6,3.4,2.6,1415.2855527705115,1506.398257119918,-91.11270434940661,100,100,0.0,0,0,0,0,6,6.0,7,7.0,1.5,1.5
2011-11-19,2011,Borussia Monchengladbach,Werder Bremen,H,2,2.5,3.3,2.75,1532.241004521064,1543.4671739300463,-11.226169408982287,100,100,0.0,-3,3,4,5,7,7.0,7,7.0,0.5,2.0
2011-11-19,2011,FC Schalke 04,FC Nurnberg,H,2,1.75,3.5,4.75,1513.5753272641655,1456.836630641224,56.73869662294146,100,100,0.0,2,-2,-4,-1,10,10.0,2,2.0,0.5,2.0
2011-11-19,2011,VfL Wolfsburg,Hannover 96,H,2,2.3,3.4,3.0,1448.379481514127,1555.8842910658504,-107.50480955172338,100,100,0.0,3,-3,-4,-3,4,4.0,7,7.0,1.5,1.5
2011-11-20,2011,Hamburg,TSG Hoffenheim,H,2,2.3,3.4,3.0,1446.7637479341645,1481.7923210077838,-35.02857307361933,100,100,0.0,3,0,2,5,6,6.0,5,5.0,2.0,0.5
2011-11-20,2011,VfB Stuttgart,FC Augsburg,H,2,1.4,4.5,8.0,1517.1486708993707,1453.490897964679,63.65777293469159,100,100,0.0,0,-2,-4,-2,8,8.0,4,4.0,1.5,1.5
2011-11-25,2011,FC Cologne,Borussia Monchengladbach,A,0,3.2,3.4,2.2,1499.5209198485913,1543.4896150140964,-43.968695165505096,100,100,0.0,0,0,0,0,6,6.0,10,10.0,0.0,3.0
2011-11-26,2011,FC Augsburg,VfL Wolfsburg,H,2,2.88,3.4,2.38,1445.076546211123,1463.7034398047451,-18.62689359362207,100,100,0.0,-3,3,4,3,4,4.0,7,7.0,1.5,1.5
2011-11-26,2011,Borussia Dortmund,FC Schalke 04,H,2,1.65,3.75,5.25,1657.4224042245044,1522.232913040581,135.18949118392334,100,100,0.0,0,2,4,-3,13,13.0,10,10.0,2.0,0.5
2011-11-26,2011,Hannover 96,Hamburg,D,1,2.2,3.4,3.2,1540.5603327752324,1458.990952444407,81.56938033082542,100,100,0.0,-3,3,4,1,4,4.0,9,9.0,2.0,0.5
2011-11-26,2011,Hertha BSC,Bayer Leverkusen,D,1,2.88,3.2,2.5,1506.7818688517411,1597.6347843735614,-90.85291552182025,100,100,0.0,-3,-4,0,-1,5,5.0,8,8.0,1.5,1.5
2011-11-26,2011,TSG Hoffenheim,SC Freiburg,D,1,1.62,3.75,5.5,1469.5651164975413,1414.9019410386884,54.66317545885295,100,100,0.0,0,-3,-6,-6,4,4.0,4,4.0,0.0,3.0
2011-11-26,2011,FC Nurnberg,Kaiserslautern,H,2,2.0,3.3,3.8,1448.1790448648085,1480.3594080927182,-32.180363227909766,100,100,0.0,0,0,0,0,1,1.0,8,8.0,1.5,1.5
2011-11-27,2011,FSV Mainz 05,Bayern Munich,H,2,9.0,5.0,1.33,1486.2560225971922,1643.0874849138477,-156.83146231665546,100,100,0.0,-6,-4,-2,-1,5,5.0,9,9.0,1.5,1.5
2011-11-27,2011,Werder Bremen,VfB Stuttgart,H,2,2.1,3.4,3.4,1532.218563437014,1525.5630226529267,6.655540784087179,100,100,0.0,3,-1,0,-3,7,7.0,8,8.0,0.5,2.0
2011-12-02,2011,Bayer Leverkusen,TSG Hoffenheim,H,2,1.73,3.75,4.5,1598.0296045385924,1463.2964748841493,134.73312965444302,100,100,0.0,3,7,6,7,8,8.0,5,5.0,2.0,0.5
2011-12-03,2011,Bayern Munich,Werder Bremen,H,2,1.3,5.5,9.0,1625.655525092886,1542.7532646478426,82.90226044504334,100,100,0.0,3,7,6,6,6,6.0,10,10.0,2.0,0.5
2011-12-03,2011,SC Freiburg,Hannover 96,D,1,2.38,3.4,2.88,1421.1705826520804,1533.3647848727715,-112.19420222069107,100,100,0.0,0,0,0,0,5,5.0,5,5.0,0.0,3.0
2011-12-03,2011,Kaiserslautern,Hertha BSC,D,1,2.4,3.3,2.88,1468.2507864654667,1506.3870486867102,-38.13626222124344,100,100,0.0,0,0,0,0,5,5.0,6,6.0,1.5,1.5
2011-12-03,2011,Borussia Monchengladbach,Borussia Dortmund,D,1,3.4,3.4,2.1,1560.8879248314847,1663.579607234684,-102.69168240319937,100,100,0.0,-2,0,0,4,12,12.0,13,13.0,1.5,1.5
2011-12-03,2011,VfB Stuttgart,FC Cologne,D,1,1.44,4.33,7.0,1515.028321442098,1482.122610031203,32.90571141089504,100,100,0.0,0,-2,-4,-2,5,5.0,6,6.0,1.5,1.5
2011-12-03,2011,VfL Wolfsburg,FSV Mainz 05,D,1,2.38,3.4,2.88,1452.1537404194717,1503.687982418154,-51.53424199868232,100,100,0.0,3,-3,-4,-3,4,4.0,7,7.0,1.5,1.5
2011-12-04,2011,Hamburg,FC Nurnberg,H,2,1.91,3.4,4.0,1466.186500346868,1460.28766649206,5.89883385480789,100,100,0.0,3,-3,-4,-1,7,7.0,4,4.0,0.5,2.0
2011-12-04,2011,FC Schalke 04,FC Augsburg,H,2,1.36,4.75,8.5,1516.0757100304013,1456.6262455963965,59.44946443400477,100,100,0.0,2,-2,-4,-1,10,10.0,4,4.0,1.5,1.5
2011-12-09,2011,Hertha BSC,FC Schalke 04,A,0,2.75,3.3,2.5,1509.0300479672023,1524.6375040913717,-15.607456124169403,100,100,0.0,-2,2,4,1,6,6.0,10,10.0,1.5,1.5
2011-12-10,2011,FC Augsburg,Borussia Monchengladbach,H,2,4.0,3.4,1.91,1448.064451535426,1561.0041317773769,-112.93968024195078,100,100,0.0,0,0,0,0,3,3.0,13,13.0,1.5,1.5
2011-12-10,2011,FC Cologne,SC Freiburg,H,2,2.3,3.4,3.0,1487.5961932264283,1421.6968326124083,65.89936061402,100,100,0.0,0,0,0,0,4,4.0,6,6.0,1.5,1.5
2011-12-10,2011,Hannover 96,Bayer Leverkusen,D,1,2.7,3.4,2.5,1532.8385349124435,1604.1996728605882,-71.36113794814469,100,100,0.0,-3,-4,0,-1,3,3.0,11,11.0,0.5,2.0
2011-12-10,2011,FSV Mainz 05,Hamburg,D,1,2.2,3.4,3.2,1505.7669499479073,1476.7509953942915,29.015954553615757,100,100,0.0,-3,3,4,1,8,8.0,9,9.0,1.5,1.5
2011-12-10,2011,FC Nurnberg,TSG Hoffenheim,A,0,2.3,3.4,3.0,1449.7231714446364,1457.1264065621535,-7.40323511751717,100,100,0.0,0,3,6,6,3,3.0,2,2.0,0.5,2.0
2011-12-10,2011,Werder Bremen,VfL Wolfsburg,H,2,1.62,4.0,5.0,1534.9930340223232,1450.0747728897184,84.91826113260481,100,100,0.0,0,0,0,-2,9,9.0,4,4.0,0.5,2.0
2011-12-11,2011,Borussia Dortmund,Kaiserslautern,D,1,1.25,5.5,12.0,1663.463400288792,1465.6077871849745,197.8556131038174,100,100,0.0,2,0,0,-4,11,11.0,3,3.0,2.0,0.5
2011-12-11,2011,VfB Stuttgart,Bayern Munich,A,0,6.25,4.0,1.53,1509.5547382468728,1633.4157557184053,-123.86101747153248,100,100,0.0,-6,-6,-6,-3,5,5.0,9,9.0,0.0,3.0
2011-12-13,2011,FC Cologne,FSV Mainz 05,D,1,2.5,3.4,2.7,1495.932644260224,1500.4395306087004,-4.506886348476428,100,100,0.0,0,0,0,0,7,7.0,8,8.0,1.5,1.5
2011-12-16,2011,Bayern Munich,FC Cologne,H,2,1.13,8.5,17.0,1647.3872093580117,1491.9106469330852,155.47656242492644,100,100,0.0,6,4,2,1,9,9.0,5,5.0,0.5,2.0
2011-12-17,2011,SC Freiburg,Borussia Dortmund,A,0,5.5,4.0,1.57,1413.3603815786128,1653.040461487068,-239.68007990845513,100,100,0.0,-2,0,0,4,6,6.0,11,11.0,0.0,3.0
2011-12-17,2011,Hamburg,FC Augsburg,D,1,1.57,3.75,6.0,1482.0784147334984,1463.6228442857416,18.455570447756827,100,100,0.0,3,-3,-4,-1,9,9.0,6,6.0,1.5,1.5
2011-12-17,2011,TSG Hoffenheim,Hertha BSC,D,1,1.91,3.5,4.0,1476.03209135705,1490.456534389645,-14.424443032595036,100,100,0.0,0,-3,-6,-6,5,5.0,3,3.0,1.5,1.5
2011-12-17,2011,Bayer Leverkusen,FC Nurnberg,A,0,1.5,4.0,7.0,1605.4333191530734,1430.81748664974,174.61583250333342,100,100,0.0,3,4,0,1,9,9.0,3,3.0,0.5,2.0
2011-12-17,2011,FC Schalke 04,Werder Bremen,H,2,2.0,3.5,3.6,1543.2110176689291,1542.6866897384705,0.5243279304586395,100,100,0.0,-1,1,0,4,10,10.0,9,9.0,2.0,0.5
2011-12-17,2011,VfL Wolfsburg,VfB Stuttgart,H,2,2.6,3.4,2.6,1442.381117173571,1495.5832846072665,-53.20216743369542,100,100,0.0,3,-1,0,-1,4,4.0,4,4.0,2.0,0.5
2011-12-18,2011,Kaiserslautern,Hannover 96,D,1,2.3,3.3,3.1,1476.0307259866986,1531.6048886199583,-55.574162633259675,100,100,0.0,0,0,0,0,3,3.0,4,4.0,0.0,3.0
2011-12-18,2011,Borussia Monchengladbach,FSV Mainz 05,H,2,1.83,3.5,4.33,1545.4457390270613,1504.461527935839,40.98421109122228,100,100,0.0,0,0,0,0,10,10.0,9,9.0,0.0,3.0
2012-01-20,2011,Borussia Monchengladbach,Bayern Munich,H,2,5.0,3.75,1.67,1554.6724179208975,1652.9925640824872,-98.32014616158972,100,100,0.0,-6,-4,-2,-1,10,10.0,9,9.0,1.3333333333333333,1.3333333333333333
2012-01-21,2011,Kaiserslautern,Werder Bremen,D,1,2.8,3.4,2.4,1474.123093805544,1531.9094915643748,-57.786397758830844,100,100,0.0,-3,3,4,5,3,3.0,6,6.0,2.0,1.0
2012-01-21,2011,TSG Hoffenheim,Hannover 96,D,1,1.85,3.6,4.0,1472.4104410099012,1533.512520801113,-61.102079791211736,100,100,0.0,0,-3,-6,-6,5,5.0,4,4.0,1.0,2.0
2012-01-21,2011,SC Freiburg,FC Augsburg,H,2,2.05,3.4,3.6,1404.0856704376915,1468.547623197363,-64.46195275967148,100,100,0.0,0,0,0,0,3,3.0,7,7.0,1.0,1.0
2012-01-21,2011,VfL Wolfsburg,FC Cologne,H,2,1.8,3.75,4.2,1455.3728229853907,1486.3052922086097,-30.93246922321896,100,100,0.0,3,-3,-4,-3,7,7.0,5,5.0,2.3333333333333335,0.3333333333333333
2012-01-21,2011,FC Schalke 04,VfB Stuttgart,H,2,1.8,3.6,4.33,1553.9882158430248,1482.5915787954468,71.396637047578,100,100,0.0,2,0,0,1,12,12.0,4,4.0,0.3333333333333333,2.3333333333333335
2012-01-21,2011,FC Nurnberg,Hertha BSC,H,2,2.15,3.3,3.4,1455.6970873970486,1494.0781847367937,-38.38109733974511,100,100,0.0,0,0,0,0,6,6.0,4,4.0,3.0,0.0
2012-01-22,2011,Bayer Leverkusen,FSV Mainz 05,H,2,1.8,3.5,4.5,1580.5537184057648,1495.234849042003,85.3188693637619,100,100,0.0,3,4,0,1,8,8.0,6,6.0,1.0,2.0
2012-01-22,2011,Hamburg,Borussia Dortmund,A,0,4.33,3.5,1.83,1477.153635821877,1662.315172627989,-185.16153680611205,100,100,0.0,1,-3,-4,3,9,9.0,11,11.0,0.3333333333333333,2.3333333333333335
2012-01-27,2011,Hannover 96,FC Nurnberg,H,2,2.2,3.4,3.2,1535.1848974210252,1468.0643315959799,67.12056582504533,100,100,0.0,0,0,0,0,5,5.0,9,9.0,2.0,1.0
2012-01-28,2011,FC Cologne,FC Schalke 04,A,0,4.0,3.5,1.91,1474.2485085780638,1562.1355131489327,-87.88700457086884,100,100,0.0,-2,2,4,1,5,5.0,12,12.0,1.0,2.0
2012-01-28,2011,FC Augsburg,Kaiserslautern,D,1,2.5,3.2,2.88,1455.0765954188096,1472.3095016333477,-17.23290621453816,100,100,0.0,0,0,0,0,7,7.0,4,4.0,1.0,1.0
2012-01-28,2011,Hertha BSC,Hamburg,A,0,2.38,3.25,3.0,1481.7109405378624,1465.7584486483752,15.952491889487192,100,100,0.0,-3,3,4,1,3,3.0,6,6.0,1.0,1.0
2012-01-28,2011,Werder Bremen,Bayer Leverkusen,D,1,2.2,3.4,3.2,1533.723083736571,1588.234189386434,-54.51110564986311,100,100,0.0,0,-7,-4,-6,7,7.0,8,8.0,0.6666666666666666,1.6666666666666667
2012-01-28,2011,Borussia Dortmund,TSG Hoffenheim,H,2,1.33,5.0,9.0,1673.710359801491,1470.738064389989,202.97229541150205,100,100,0.0,2,3,6,2,11,11.0,6,6.0,0.3333333333333333,2.3333333333333335
2012-01-28,2011,Bayern Munich,VfL Wolfsburg,H,2,1.17,7.0,15.0,1638.0650886374715,1467.4296066159366,170.63548202153493,100,100,0.0,3,7,6,4,9,9.0,7,7.0,2.3333333333333335,0.3333333333333333
2012-01-29,2011,VfB Stuttgart,Borussia Monchengladbach,A,0,2.5,3.25,2.8,1474.444281489539,1569.5998933659132,-95.15561187637422,100,100,0.0,0,-2,-4,-2,1,1.0,10,10.0,2.3333333333333335,0.3333333333333333
2012-01-29,2011,FSV Mainz 05,SC Freiburg,H,2,1.67,3.75,5.0,1487.5543780613336,1417.556698216245,69.99767984508867,100,100,0.0,0,0,0,0,3,3.0,5,5.0,1.3333333333333333,1.3333333333333333
2012-02-03,2011,FC Nurnberg,Borussia Dortmund,A,0,6.0,4.0,1.57,1459.7701332667702,1678.1743418236426,-218.4042085568724,100,100,0.0,-2,0,0,4,6,6.0,11,11.0,0.0,3.0
2012-02-04,2011,Bayer Leverkusen,VfB Stuttgart,D,1,1.75,3.75,4.5,1590.186957421315,1459.2351459946583,130.9518114266566,100,100,0.0,3,6,4,3,8,8.0,1,1.0,3.0,0.0
2012-02-04,2011,FC Schalke 04,FSV Mainz 05,D,1,1.73,3.75,4.5,1577.6582614168904,1495.7495554468494,81.90870597004096,100,100,0.0,2,-2,-4,-1,15,15.0,5,5.0,2.0,1.0
2012-02-04,2011,VfL Wolfsburg,Borussia Monchengladbach,D,1,2.88,3.4,2.4,1462.2111741371843,1584.809028860794,-122.59785472360954,100,100,0.0,3,-3,-4,-3,7,7.0,10,10.0,1.3333333333333333,1.3333333333333333
2012-02-04,2011,Hertha BSC,Hannover 96,A,0,2.4,3.4,2.8,1461.8828063086012,1543.4790957502348,-81.59628944163364,100,100,0.0,0,0,0,0,2,2.0,7,7.0,1.0,1.0
2012-02-04,2011,TSG Hoffenheim,FC Augsburg,D,1,1.62,3.8,5.5,1466.2740823678373,1451.5693486417376,14.704733726099676,100,100,0.0,0,-3,-6,-6,5,5.0,5,5.0,3.0,0.0
2012-02-04,2011,Hamburg,Bayern Munich,D,1,6.0,4.0,1.53,1485.5865828776364,1643.2835211162237,-157.69693823858734,100,100,0.0,-3,-7,-6,-2,8,8.0,12,12.0,0.3333333333333333,2.3333333333333335
2012-02-05,2011,SC Freiburg,Werder Bremen,D,1,3.2,3.4,2.2,1409.3615208307292,1531.7703157016902,-122.40879487096095,100,100,0.0,-3,3,4,5,4,4.0,5,5.0,0.0,3.0
2012-02-05,2011,Kaiserslautern,FC Cologne,A,0,1.75,3.5,4.75,1475.8167484104197,1458.7257603101061,17.090988100313552,100,100,0.0,0,0,0,0,5,5.0,4,4.0,1.6666666666666667,0.6666666666666666
2012-02-10,2011,VfL Wolfsburg,SC Freiburg,H,2,1.7,3.8,4.75,1463.1854284961732,1410.327646966559,52.85778152961416,100,100,0.0,3,-3,-4,-3,7,7.0,4,4.0,1.0,2.0
2012-02-11,2011,Bayern Munich,Kaiserslautern,H,2,1.14,8.0,15.0,1640.8151926648395,1455.9446003549936,184.87059230984596,100,100,0.0,6,4,2,1,10,10.0,4,4.0,2.0,1.0
2012-02-11,2011,Borussia Dortmund,Bayer Leverkusen,H,2,1.4,4.5,8.0,1688.2515414510372,1581.4643911894934,106.78715026154373,100,100,0.0,-1,-4,0,-5,13,13.0,6,6.0,1.3333333333333333,1.3333333333333333
2012-02-11,2011,VfB Stuttgart,Hertha BSC,H,2,1.8,3.5,4.5,1467.9577122264798,1446.0889965481756,21.86871567830417,100,100,0.0,0,-2,-4,-2,1,1.0,1,1.0,0.0,3.0
2012-02-11,2011,Borussia Monchengladbach,FC Schalke 04,H,2,2.38,3.4,2.88,1583.834774501805,1570.4514400902535,13.38333441155146,100,100,0.0,-2,2,4,1,10,10.0,13,13.0,1.3333333333333333,1.3333333333333333
2012-02-11,2011,Werder Bremen,TSG Hoffenheim,D,1,1.83,3.5,4.33,1530.8041895658603,1461.4942927176305,69.30989684822976,100,100,0.0,3,0,2,1,6,6.0,6,6.0,2.0,1.0
2012-02-11,2011,FSV Mainz 05,Hannover 96,D,1,1.91,3.4,4.0,1502.9563767734862,1559.2729055106604,-56.31652873717417,100,100,0.0,0,0,0,0,5,5.0,9,9.0,0.3333333333333333,2.3333333333333335
2012-02-12,2011,FC Cologne,Hamburg,A,0,3.1,3.4,2.25,1478.5979083655322,1488.0549113290206,-9.457002963488321,100,100,0.0,-3,3,4,1,4,4.0,6,6.0,2.0,1.0
2012-02-12,2011,FC Augsburg,FC Nurnberg,D,1,2.7,3.2,2.63,1456.3491382919444,1449.6929336393757,6.656204652568704,100,100,0.0,0,0,0,0,6,6.0,6,6.0,0.0,3.0
2012-02-17,2011,TSG Hoffenheim,FSV Mainz 05,D,1,2.4,3.3,2.9,1468.2755112877824,1501.0802852637669,-32.80477397598452,100,100,0.0,0,-3,-6,-6,4,4.0,5,5.0,1.0,2.0
2012-02-18,2011,FC Nurnberg,FC Cologne,H,2,1.73,3.5,5.0,1454.158258550133,1459.7750068454432,-5.616748295310117,100,100,0.0,0,0,0,0,7,7.0,3,3.0,2.0,1.0
2012-02-18,2011,Bayer Leverkusen,FC Augsburg,H,2,1.5,4.0,7.0,1574.4685680423265,1451.883813381187,122.58475466113941,100,100,0.0,3,4,0,1,5,5.0,4,4.0,3.0,0.0
2012-02-18,2011,Kaiserslautern,Borussia Monchengladbach,A,0,3.2,3.3,2.25,1451.0700236718326,1594.1063034255799,-143.0362797537473,100,100,0.0,0,0,0,0,3,3.0,13,13.0,2.0,1.0
2012-02-18,2011,SC Freiburg,Bayern Munich,D,1,9.0,5.5,1.3,1401.5318170152743,1645.6897693480005,-244.15795233272615,100,100,0.0,-6,-4,-2,-1,4,4.0,10,10.0,0.0,3.0
2012-02-18,2011,Hamburg,Werder Bremen,A,0,2.0,3.5,3.6,1506.8778128491097,1524.0229709957084,-17.14515814659876,100,100,0.0,0,0,0,4,8,8.0,4,4.0,1.0,2.0
2012-02-18,2011,Hertha BSC,Borussia Dortmund,A,0,7.0,4.0,1.5,1436.1448217969016,1695.247364598204,-259.10254280130243,100,100,0.0,-2,0,0,4,1,1.0,15,15.0,3.0,0.0
2012-02-19,2011,Hannover 96,VfB Stuttgart,H,2,2.5,3.3,2.8,1561.1489970203797,1477.9018869777537,83.24711004262599,100,100,0.0,0,2,4,2,9,9.0,4,4.0,1.0,2.0
2012-02-19,2011,FC Schalke 04,VfL Wolfsburg,H,2,1.67,3.75,5.0,1560.1799111664786,1471.981258447458,88.19865271902063,100,100,0.0,-1,1,0,2,10,10.0,10,10.0,1.3333333333333333,1.3333333333333333
2012-02-24,2011,Borussia Monchengladbach,Hamburg,D,1,1.73,3.75,4.5,1607.257722702616,1488.366985006673,118.89073769594302,100,100,0.0,-3,3,4,1,13,13.0,7,7.0,1.3333333333333333,1.3333333333333333
2012-02-25,2011,FSV Mainz 05,Kaiserslautern,H,2,1.73,3.6,4.75,1503.9456983373645,1437.9186043947964,66.02709394256817,100,100,0.0,0,0,0,0,6,6.0,2,2.0,2.0,1.0
2012-02-25,2011,FC Augsburg,Hertha BSC,H,2,2.6,3.25,2.7,1445.3639472111481,1427.570803968875,17.793143242273118,100,100,0.0,0,0,0,0,3,3.0,0,0.0,1.0,1.0
2012-02-25,2011,FC Cologne,Bayer Leverkusen,A,0,3.75,3.6,1.91,1448.7524945899622,1580.9884342123655,-132.2359396224033,100,100,0.0,-3,-4,0,-1,3,3.0,8,8.0,2.0,1.0
2012-02-25,2011,Werder Bremen,FC Nurnberg,A,0,1.8,3.5,4.5,1542.533798838145,1465.180770805614,77.35302803253103,100,100,0.0,3,-3,-4,-5,7,7.0,7,7.0,1.3333333333333333,1.3333333333333333
2012-02-25,2011,VfL Wolfsburg,TSG Hoffenheim,A,0,2.2,3.3,3.25,1464.3951292804304,1465.4100982141847,-1.0149689337542895,100,100,0.0,3,0,2,3,7,7.0,4,4.0,1.3333333333333333,1.3333333333333333
2012-02-25,2011,VfB Stuttgart,SC Freiburg,H,2,1.67,3.75,5.0,1470.1530709583099,1407.4214491833313,62.73162177497852,100,100,0.0,0,-2,-4,-2,4,4.0,5,5.0,1.0,2.0
2012-02-26,2011,Bayern Munich,FC Schalke 04,H,2,1.4,4.5,7.5,1639.8001371799435,1567.7660403335062,72.03409684643725,100,100,0.0,4,6,6,2,8,8.0,10,10.0,2.0,1.0
2012-02-26,2011,Borussia Dortmund,Hannover 96,H,2,1.25,5.5,12.0,1703.8213824262307,1568.8978130398236,134.92356938640705,100,100,0.0,2,0,0,-4,15,15.0,11,11.0,2.0,1.0
2012-03-03,2011,Hertha BSC,Werder Bremen,H,2,2.5,3.4,2.7,1417.4700504524558,1520.4792102615752,-103.00915980911941,100,100,0.0,-3,3,4,5,0,0.0,6,6.0,0.0,3.0
2012-03-03,2011,Bayer Leverkusen,Bayern Munich,H,2,4.5,3.6,1.8,1594.600676752789,1647.925675351962,-53.324998599172886,100,100,0.0,-3,0,-2,0,8,8.0,11,11.0,0.3333333333333333,2.3333333333333335
2012-03-03,2011,Kaiserslautern,VfL Wolfsburg,D,1,2.3,3.25,3.1,1429.5865790260032,1445.2335933176948,-15.647014291691676,100,100,0.0,-3,3,4,3,1,1.0,4,4.0,1.3333333333333333,1.3333333333333333
2012-03-03,2011,Hamburg,VfB Stuttgart,A,0,2.0,3.5,3.6,1496.737956085777,1478.5997381180982,18.138217967678656,100,100,0.0,3,-1,0,1,8,8.0,7,7.0,2.0,1.0
2012-03-03,2011,Borussia Dortmund,FSV Mainz 05,H,2,1.3,5.0,11.0,1709.9860796311032,1512.2777237061578,197.7083559249454,100,100,0.0,2,0,0,-4,15,15.0,9,9.0,2.3333333333333335,0.3333333333333333
2012-03-03,2011,Hannover 96,FC Augsburg,D,1,1.73,3.5,5.0,1562.7331158349511,1455.4647007275673,107.26841510738382,100,100,0.0,0,0,0,0,10,10.0,6,6.0,1.0,1.0
2012-03-03,2011,SC Freiburg,FC Schalke 04,H,2,3.8,3.6,1.91,1398.974782023543,1559.6405021614878,-160.66572013794485,100,100,0.0,-2,2,4,1,2,2.0,7,7.0,0.0,3.0
2012-03-04,2011,TSG Hoffenheim,FC Cologne,D,1,1.62,3.8,5.5,1484.5716341769203,1435.1402520495387,49.43138212738154,100,100,0.0,0,-3,-6,-6,6,6.0,3,3.0,0.6666666666666666,1.6666666666666667
2012-03-04,2011,FC Nurnberg,Borussia Monchengladbach,H,2,3.0,3.25,2.38,1487.2353593821838,1598.8867516235123,-111.6513922413285,100,100,0.0,0,0,0,0,7,7.0,11,11.0,0.3333333333333333,2.3333333333333335
2012-03-09,2011,VfB Stuttgart,Kaiserslautern,D,1,1.67,3.75,5.0,1498.5122890537953,1426.0146764247852,72.49761262901006,100,100,0.0,0,-2,-4,-2,10,10.0,1,1.0,1.3333333333333333,1.3333333333333333
2012-03-10,2011,Bayern Munich,TSG Hoffenheim,H,2,1.25,5.5,12.0,1634.928761306107,1478.4905849524475,156.4381763536594,100,100,0.0,6,7,8,7,8,8.0,7,7.0,2.3333333333333335,0.3333333333333333
2012-03-10,2011,FC Cologne,Hertha BSC,H,2,2.38,3.25,3.0,1441.2213012740115,1432.5999630762828,8.621338197728619,100,100,0.0,0,0,0,0,4,4.0,3,3.0,0.0,3.0
2012-03-10,2011,FC Augsburg,Borussia Dortmund,D,1,8.5,4.75,1.36,1463.4837281438745,1714.5664297340622,-251.08270159018775,100,100,0.0,-2,0,0,4,6,6.0,15,15.0,0.0,3.0
2012-03-10,2011,Borussia Monchengladbach,SC Freiburg,D,1,1.53,4.0,6.0,1583.3839090730442,1416.567634256868,166.81627481617625,100,100,0.0,0,0,0,0,8,8.0,5,5.0,1.0,2.0
2012-03-10,2011,VfL Wolfsburg,Bayer Leverkusen,H,2,2.88,3.4,2.38,1448.8054959189128,1607.597590798644,-158.79209487973117,100,100,0.0,0,-7,-4,-4,5,5.0,10,10.0,0.0,3.0
2012-03-10,2011,FSV Mainz 05,FC Nurnberg,H,2,1.91,3.4,4.0,1507.6973736031987,1502.738201932652,4.959171670546766,100,100,0.0,0,0,0,0,6,6.0,10,10.0,1.6666666666666667,0.6666666666666666
2012-03-11,2011,FC Schalke 04,Hamburg,H,2,1.83,3.6,4.2,1542.0476499281629,1476.8254051500799,65.222244778083,100,100,0.0,-1,1,0,0,4,4.0,5,5.0,1.0,2.0
2012-03-11,2011,Werder Bremen,Hannover 96,H,2,2.0,3.5,3.6,1505.3492976377481,1554.714088418644,-49.36479078089587,100,100,0.0,3,-3,-4,-5,5,5.0,8,8.0,0.3333333333333333,2.3333333333333335
2012-03-16,2011,TSG Hoffenheim,VfB Stuttgart,A,0,2.3,3.4,3.0,1472.910417405676,1491.6220284742678,-18.711611068591765,100,100,0.0,0,-1,-2,-4,6,6.0,10,10.0,0.3333333333333333,2.3333333333333335
2012-03-17,2011,Bayer Leverkusen,Borussia Monchengladbach,A,0,2.1,3.4,3.4,1590.083284949193,1573.6977931603299,16.38549178886319,100,100,0.0,3,4,0,1,9,9.0,8,8.0,1.3333333333333333,1.3333333333333333
2012-03-17,2011,FC Nurnberg,VfL Wolfsburg,A,0,2.0,3.4,3.75,1492.1366561213154,1466.3198017683637,25.816854352951623,100,100,0.0,-3,3,4,3,10,10.0,7,7.0,2.0,1.0
2012-03-17,2011,Hertha BSC,Bayern Munich,A,0,9.0,5.0,1.33,1422.1424803009645,1640.5089288528784,-218.3664485519139,100,100,0.0,-6,-4,-2,-1,3,3.0,10,10.0,0.0,3.0
2012-03-17,2011,Hamburg,SC Freiburg,A,0,1.83,3.75,4.0,1468.4654694802243,1426.2537501695822,42.21171931064214,100,100,0.0,3,-3,-4,-1,4,4.0,5,5.0,1.0,2.0
2012-03-17,2011,FC Augsburg,FSV Mainz 05,H,2,2.9,3.3,2.4,1469.6242383753558,1518.2989194145352,-48.674681039179404,100,100,0.0,0,0,0,0,6,6.0,8,8.0,3.0,0.0
2012-03-17,2011,Borussia Dortmund,Werder Bremen,H,2,1.33,5.0,9.0,1708.4259195025809,1518.1785471956734,190.24737230690744,100,100,0.0,-1,3,4,1,13,13.0,7,7.0,2.0,1.0
2012-03-18,2011,Hannover 96,FC Cologne,H,2,1.62,3.8,5.5,1541.8848388607187,1451.6787840493298,90.20605481138887,100,100,0.0,0,0,0,0,5,5.0,4,4.0,1.0,2.0
2012-03-18,2011,Kaiserslautern,FC Schalke 04,A,0,3.5,3.3,2.1,1432.9049370043126,1550.4075855980184,-117.50264859370577,100,100,0.0,-2,2,4,1,2,2.0,6,6.0,3.0,0.0
2012-03-23,2011,VfL Wolfsburg,Hamburg,H,2,2.05,3.5,3.4,1486.5261342101164,1447.6470648119987,38.879069398117736,100,100,0.0,0,0,0,-2,7,7.0,1,1.0,1.3333333333333333,1.3333333333333333
2012-03-24,2011,FSV Mainz 05,Hertha BSC,A,0,1.73,3.5,5.0,1505.4988318857193,1412.0638259776542,93.43500590806502,100,100,0.0,0,0,0,0,7,7.0,3,3.0,1.0,1.0
2012-03-24,2011,Bayern Munich,Hannover 96,H,2,1.17,7.0,15.0,1650.5875831761887,1549.4056605902604,101.1819225859283,100,100,0.0,6,4,2,1,10,10.0,7,7.0,1.0,2.0
2012-03-24,2011,SC Freiburg,Kaiserslautern,H,2,2.0,3.4,3.75,1447.0721548378078,1418.6599485032818,28.41220633452599,100,100,0.0,0,0,0,0,8,8.0,2,2.0,1.0,2.0
2012-03-24,2011,Werder Bremen,FC Augsburg,D,1,1.8,3.5,4.5,1513.4290135109263,1482.4243259041718,31.004687606754487,100,100,0.0,3,-3,-4,-5,6,6.0,8,8.0,1.0,1.0
2012-03-24,2011,Borussia Monchengladbach,TSG Hoffenheim,A,0,1.67,3.6,5.25,1593.5426779871227,1454.463581014608,139.07909697251466,100,100,0.0,0,3,6,6,8,8.0,5,5.0,1.0,2.0
2012-03-24,2011,FC Schalke 04,Bayer Leverkusen,H,2,1.91,3.6,3.75,1564.6525740990492,1570.2384001224002,-5.585826023351046,100,100,0.0,-1,-6,-4,-2,9,9.0,9,9.0,1.0,2.0
2012-03-25,2011,FC Cologne,Borussia Dortmund,A,0,8.0,4.5,1.4,1444.157962319788,1713.175453187328,-269.0174908675399,100,100,0.0,-2,0,0,4,4,4.0,13,13.0,0.0,3.0
2012-03-25,2011,VfB Stuttgart,FC Nurnberg,H,2,1.83,3.5,4.33,1510.0688648653359,1471.9303236795627,38.13854118577319,100,100,0.0,0,-2,-4,-2,10,10.0,9,9.0,0.3333333333333333,2.3333333333333335
2012-03-30,2011,Borussia Dortmund,VfB Stuttgart,D,1,1.29,5.5,10.0,1721.4042825209165,1519.4005298598076,202.00375266110882,100,100,0.0,2,2,4,-2,13,13.0,13,13.0,1.6666666666666667,0.6666666666666666
2012-03-31,2011,Kaiserslautern,Hamburg,A,0,2.5,3.25,2.8,1408.9645758343065,1438.3427834066479,-29.378207572341353,100,100,0.0,-3,3,4,1,2,2.0,1,1.0,0.6666666666666666,1.6666666666666667
2012-03-31,2011,Werder Bremen,FSV Mainz 05,A,0,2.1,3.4,3.4,1508.0267171084952,1482.915392744625,25.111324363870153,100,100,0.0,3,-3,-4,-5,4,4.0,6,6.0,1.3333333333333333,1.3333333333333333
2012-03-31,2011,FC Nurnberg,Bayern Munich,A,0,8.5,4.75,1.36,1462.5986586850909,1657.7579845878365,-195.15932590274565,100,100,0.0,-6,-4,-2,-1,6,6.0,12,12.0,0.3333333333333333,2.3333333333333335
2012-03-31,2011,Bayer Leverkusen,SC Freiburg,A,0,1.7,3.8,4.75,1559.2171289901303,1456.7675275067832,102.44960148334712,100,100,0.0,3,4,0,1,6,6.0,10,10.0,2.3333333333333335,0.3333333333333333
2012-03-31,2011,Hertha BSC,VfL Wolfsburg,A,0,2.4,3.3,2.9,1434.6472651187485,1495.8304156154672,-61.18315049671878,100,100,0.0,-3,3,4,3,6,6.0,10,10.0,3.0,0.0
2012-03-31,2011,FC Augsburg,FC Cologne,H,2,2.0,3.4,3.75,1487.826622306603,1435.9291329861996,51.89748932040334,100,100,0.0,0,0,0,0,9,9.0,4,4.0,0.0,3.0
2012-04-01,2011,Hannover 96,Borussia Monchengladbach,H,2,2.7,3.25,2.6,1542.2352591786125,1569.5910366579596,-27.355777479347125,100,100,0.0,0,0,0,0,4,4.0,5,5.0,1.0,2.0
2012-04-01,2011,TSG Hoffenheim,FC Schalke 04,D,1,3.0,3.4,2.3,1478.4152223437711,1575.673845231319,-97.25862288754797,100,100,0.0,-2,-1,-2,-5,7,7.0,9,9.0,2.0,1.0
2012-04-07,2011,Bayern Munich,FC Augsburg,H,2,1.13,8.0,21.0,1668.7493654100117,1496.6568580541013,172.09250735591036,100,100,0.0,6,4,2,1,12,12.0,9,9.0,3.0,0.0
2012-04-07,2011,SC Freiburg,FC Nurnberg,D,1,2.1,3.4,3.4,1479.6368687790614,1451.6072778629157,28.029590916145708,100,100,0.0,0,0,0,0,13,13.0,3,3.0,2.3333333333333335,0.3333333333333333
2012-04-07,2011,Borussia Monchengladbach,Hertha BSC,D,1,1.57,3.75,6.0,1557.6824215813333,1417.9783451846686,139.70407639666473,100,100,0.0,0,0,0,0,4,4.0,6,6.0,3.0,0.0
2012-04-07,2011,FC Cologne,Werder Bremen,D,1,2.8,3.4,2.4,1427.0988972387013,1487.8471941464402,-60.748296907738904,100,100,0.0,-3,3,4,5,4,4.0,4,4.0,1.0,2.0
2012-04-07,2011,VfB Stuttgart,FSV Mainz 05,H,2,2.05,3.4,3.6,1529.915321310866,1503.09491570668,26.820405604185908,100,100,0.0,0,-2,-4,-2,11,11.0,6,6.0,1.0,2.0
2012-04-07,2011,Kaiserslautern,TSG Hoffenheim,A,0,2.75,3.3,2.5,1390.956897075716,1478.2968700359754,-87.3399729602595,100,100,0.0,0,3,6,6,2,2.0,5,5.0,0.6666666666666666,1.6666666666666667
2012-04-07,2011,VfL Wolfsburg,Borussia Dortmund,A,0,5.5,4.0,1.57,1512.4993355495471,1710.8894910698582,-198.39015552031105,100,100,0.0,1,-3,-4,1,13,13.0,11,11.0,0.0,3.0
2012-04-08,2011,FC Schalke 04,Hannover 96,H,2,1.67,3.8,5.0,1575.7921975391148,1554.1438742552389,21.648323283875925,100,100,0.0,2,-2,-4,-1,10,10.0,7,7.0,1.3333333333333333,1.3333333333333333
2012-04-08,2011,Hamburg,Bayer Leverkusen,D,1,2.75,3.3,2.5,1456.3504621652385,1536.347787717852,-79.99732555261357,100,100,0.0,0,-7,-4,-2,3,3.0,3,3.0,0.6666666666666666,1.6666666666666667
2012-04-10,2011,Werder Bremen,Borussia Monchengladbach,D,1,2.4,3.4,2.8,1489.5346532211254,1548.7134259743739,-59.178772753248495,100,100,0.0,3,-3,-4,-5,5,5.0,5,5.0,1.3333333333333333,1.3333333333333333
2012-04-10,2011,FSV Mainz 05,FC Cologne,H,2,1.57,4.0,5.5,1493.339317060087,1425.411438164016,67.92787889607098,100,100,0.0,0,0,0,0,6,6.0,4,4.0,1.3333333333333333,1.3333333333333333
2012-04-10,2011,Hertha BSC,SC Freiburg,A,0,2.1,3.4,3.4,1426.947340791628,1474.3467000210653,-47.39935922943732,100,100,0.0,0,0,0,0,4,4.0,11,11.0,1.0,1.0
2012-04-10,2011,FC Augsburg,VfB Stuttgart,A,0,2.7,3.4,2.5,1491.4744819289358,1539.6709199574589,-48.19643802852306,100,100,0.0,0,2,4,2,8,8.0,11,11.0,0.0,3.0
2012-04-11,2011,Borussia Dortmund,Bayern Munich,H,2,2.6,3.4,2.7,1721.7516723686558,1673.9317415351773,47.819930833478566,100,100,0.0,-4,-4,-2,-5,11,11.0,15,15.0,3.0,0.0
2012-04-11,2011,Hannover 96,VfL Wolfsburg,H,2,2.1,3.5,3.3,1544.1912635706594,1501.6371542507495,42.55410931990991,100,100,0.0,-3,3,4,3,6,6.0,12,12.0,1.0,2.0
2012-04-11,2011,TSG Hoffenheim,Hamburg,H,2,2.2,3.4,3.2,1493.8432055598007,1455.4878301651177,38.35537539468305,100,100,0.0,-3,0,-2,-5,7,7.0,4,4.0,0.3333333333333333,2.3333333333333335
2012-04-11,2011,Bayer Leverkusen,Kaiserslautern,H,2,1.4,4.5,8.0,1537.2104197179729,1375.4105615518906,161.79985816608223,100,100,0.0,3,4,0,1,1,1.0,1,1.0,3.0,0.0
2012-04-11,2011,FC Nurnberg,FC Schalke 04,H,2,3.0,3.4,2.3,1456.8974466209118,1585.7448082236942,-128.84736160278248,100,100,0.0,-2,2,4,1,1,1.0,13,13.0,1.3333333333333333,1.3333333333333333
2012-04-13,2011,VfB Stuttgart,Werder Bremen,H,2,1.73,4.0,4.2,1556.8910316352237,1487.7803243486028,69.11070728662094,100,100,0.0,-3,1,0,3,13,13.0,3,3.0,1.3333333333333333,1.3333333333333333
2012-04-14,2011,Bayern Munich,FSV Mainz 05,D,1,1.29,5.0,11.0,1664.9545439860847,1501.605655782258,163.34888820382662,100,100,0.0,6,4,2,1,12,12.0,6,6.0,1.0,2.0
2012-04-14,2011,Hamburg,Hannover 96,H,2,2.3,3.4,3.0,1446.164187941825,1553.360305686544,-107.196117744719,100,100,0.0,3,-3,-4,-1,4,4.0,9,9.0,0.6666666666666666,1.6666666666666667
2012-04-14,2011,VfL Wolfsburg,FC Augsburg,A,0,1.73,3.75,4.5,1492.468112134865,1474.254370251171,18.213741883693956,100,100,0.0,3,-3,-4,-3,9,9.0,7,7.0,0.0,3.0
2012-04-14,2011,Bayer Leverkusen,Hertha BSC,D,1,1.53,4.0,6.0,1542.6517510789458,1409.693581790709,132.95816928823683,100,100,0.0,3,4,0,1,4,4.0,4,4.0,1.0,1.0
2012-04-14,2011,FC Schalke 04,Borussia Dortmund,A,0,3.3,3.5,2.1,1569.502221610803,1730.7288699177484,-161.22664830694544,100,100,0.0,0,-2,-4,3,10,10.0,13,13.0,0.3333333333333333,2.3333333333333335
2012-04-14,2011,Kaiserslautern,FC Nurnberg,A,0,2.8,3.4,2.4,1369.9692301909176,1473.140033233803,-103.17080304288538,100,100,0.0,0,0,0,0,0,0.0,4,4.0,1.0,2.0
2012-04-15,2011,Borussia Monchengladbach,FC Cologne,H,2,1.5,4.33,6.0,1550.4677548468965,1417.145099441845,133.32265540505136,100,100,0.0,0,0,0,0,5,5.0,1,1.0,3.0,0.0
2012-04-15,2011,SC Freiburg,TSG Hoffenheim,D,1,2.3,3.4,3.0,1491.6004590219843,1503.1668477830933,-11.56638876110901,100,100,0.0,0,3,6,6,13,13.0,10,10.0,2.3333333333333335,0.3333333333333333
2012-04-20,2011,FSV Mainz 05,VfL Wolfsburg,D,1,1.91,3.6,3.75,1511.2039311767205,1472.552650507021,38.65128066969942,100,100,0.0,-3,3,4,3,7,7.0,6,6.0,1.3333333333333333,1.3333333333333333
2012-04-21,2011,Hertha BSC,Kaiserslautern,A,0,1.53,4.0,6.0,1418.4732861359892,1355.1061209620334,63.367165173955755,100,100,0.0,0,0,0,0,5,5.0,0,0.0,1.0,1.0
2012-04-21,2011,Borussia Dortmund,Borussia Monchengladbach,H,2,1.44,4.2,7.5,1743.1125306414829,1556.6777117962033,186.43481884527955,100,100,0.0,2,0,0,-4,13,13.0,5,5.0,1.3333333333333333,1.3333333333333333
2012-04-21,2011,FC Cologne,VfB Stuttgart,D,1,4.0,3.75,1.83,1410.9351424925383,1565.1166569571396,-154.18151446460138,100,100,0.0,0,2,4,2,1,1.0,13,13.0,1.3333333333333333,1.3333333333333333
2012-04-21,2011,FC Nurnberg,Hamburg,D,1,2.2,3.3,3.25,1488.0031424626873,1461.4748249000888,26.52831756259843,100,100,0.0,-3,3,4,1,7,7.0,7,7.0,1.3333333333333333,1.3333333333333333
2012-04-21,2011,Werder Bremen,Bayern Munich,A,0,3.2,3.4,2.2,1479.5546990266869,1655.3562685916222,-175.80156956493533,100,100,0.0,-3,-7,-6,-6,3,3.0,10,10.0,0.3333333333333333,2.3333333333333335
2012-04-21,2011,TSG Hoffenheim,Bayer Leverkusen,A,0,2.38,3.4,2.88,1506.9044641798773,1533.8720467336657,-26.96758255378836,100,100,0.0,-3,-7,-6,-7,11,11.0,5,5.0,0.3333333333333333,2.3333333333333335
2012-04-22,2011,FC Augsburg,FC Schalke 04,D,1,3.2,3.4,2.2,1494.1698318790147,1557.1185608870685,-62.94872900805376,100,100,0.0,-2,2,4,1,7,7.0,7,7.0,0.0,3.0
2012-04-22,2011,Hannover 96,SC Freiburg,D,1,1.83,3.5,4.2,1538.0496687282803,1487.8628426252003,50.186826103079966,100,100,0.0,0,0,0,0,6,6.0,11,11.0,2.3333333333333335,0.3333333333333333
2012-04-28,2011,Kaiserslautern,Borussia Dortmund,A,0,7.0,4.0,1.5,1376.681637403438,1747.9504582012958,-371.26882079785787,100,100,0.0,-2,0,0,4,3,3.0,13,13.0,0.6666666666666666,1.6666666666666667
2012-04-28,2011,Borussia Monchengladbach,FC Augsburg,D,1,1.73,3.75,4.5,1551.8397842363904,1492.576236426997,59.26354780939346,100,100,0.0,0,0,0,0,5,5.0,7,7.0,0.0,3.0
2012-04-28,2011,Bayer Leverkusen,Hannover 96,H,2,1.83,3.6,4.2,1551.979475824797,1531.9413887693734,20.038087055423603,100,100,0.0,3,4,0,1,8,8.0,7,7.0,1.6666666666666667,0.6666666666666666
2012-04-28,2011,Bayern Munich,VfB Stuttgart,H,2,1.7,3.75,4.75,1667.1346074083704,1562.7962329896054,104.33837441876494,100,100,0.0,6,6,6,3,10,10.0,11,11.0,3.0,0.0
2012-04-28,2011,TSG Hoffenheim,FC Nurnberg,A,0,1.91,3.5,4.0,1488.797035088746,1482.7698133278848,6.027221760861266,100,100,0.0,0,-3,-6,-6,8,8.0,8,8.0,2.3333333333333335,0.3333333333333333
2012-04-28,2011,FC Schalke 04,Hertha BSC,H,2,1.44,4.33,7.0,1558.7121563390863,1396.8977696945847,161.8143866445016,100,100,0.0,2,-2,-4,-1,5,5.0,2,2.0,3.0,0.0
2012-04-28,2011,VfL Wolfsburg,Werder Bremen,H,2,2.1,3.5,3.3,1478.239950536271,1467.7763602099387,10.463590326332223,100,100,0.0,0,0,0,2,4,4.0,2,2.0,1.3333333333333333,1.3333333333333333
2012-04-28,2011,Hamburg,FSV Mainz 05,D,1,2.1,3.4,3.4,1466.7081540348913,1505.5166311474707,-38.80847711257934,100,100,0.0,3,-3,-4,-1,8,8.0,8,8.0,1.3333333333333333,1.3333333333333333
2012-04-28,2011,SC Freiburg,FC Cologne,H,2,2.25,3.5,3.0,1493.9711225841072,1413.2555664600725,80.71555612403472,100,100,0.0,0,0,0,0,9,9.0,2,2.0,1.0,2.0
2012-05-05,2011,Werder Bremen,FC Schalke 04,A,0,2.5,3.4,2.7,1457.3910031767539,1564.1531151771417,-106.76211200038779,100,100,0.0,1,-1,0,-4,2,2.0,7,7.0,0.3333333333333333,2.3333333333333335
2012-05-05,2011,FC Nurnberg,Bayer Leverkusen,A,0,2.5,3.3,2.8,1502.2103760106563,1561.9938303416902,-59.78345433103391,100,100,0.0,-3,-4,0,-1,11,11.0,11,11.0,2.3333333333333335,0.3333333333333333
2012-05-05,2011,VfB Stuttgart,VfL Wolfsburg,H,2,1.91,3.75,3.6,1555.724506967614,1488.6253075694558,67.09919939815813,100,100,0.0,-3,1,0,1,10,10.0,4,4.0,0.3333333333333333,2.3333333333333335
2012-05-05,2011,FSV Mainz 05,Borussia Monchengladbach,A,0,2.3,3.4,3.0,1508.1315000479897,1545.408127758989,-37.276627710999264,100,100,0.0,0,0,0,0,6,6.0,6,6.0,2.0,1.0
2012-05-05,2011,Borussia Dortmund,SC Freiburg,H,2,1.3,5.25,9.5,1753.1531934531592,1501.8039880420395,251.34920541111978,100,100,0.0,2,0,0,-4,15,15.0,9,9.0,3.0,0.0
2012-05-05,2011,Hannover 96,Kaiserslautern,H,2,1.33,5.0,9.0,1521.92703425248,1371.4789021515744,150.4481321009057,100,100,0.0,0,0,0,0,4,4.0,3,3.0,2.3333333333333335,0.3333333333333333
2012-05-05,2011,Hertha BSC,TSG Hoffenheim,H,2,1.95,3.6,3.6,1391.4568108565293,1469.3564724059745,-77.89966154944523,100,100,0.0,0,3,6,6,2,2.0,7,7.0,1.0,1.0
2012-05-05,2011,FC Augsburg,Hamburg,H,2,2.4,3.3,2.88,1499.0078929043984,1464.0932851343723,34.91460777002612,100,100,0.0,-3,3,4,1,5,5.0,6,6.0,1.0,1.0
2012-05-05,2011,FC Cologne,Bayern Munich,A,0,5.0,4.0,1.62,1405.4227010021402,1674.2063334303618,-268.7836324282216,100,100,0.0,-6,-4,-2,-1,2,2.0,10,10.0,1.3333333333333333,1.3333333333333333
2012-08-24,2012,Borussia Dortmund,Werder Bremen,H,2,1.3,5.5,9.0,1756.6589268695511,1442.682910161964,313.9760167075872,100,100,0.0,4,5,3,3,15,15.0,1,1.0,2.0,1.0
2012-08-25,2012,FC Augsburg,Fortuna Dusseldorf,A,0,2.0,3.5,3.6,1508.459286571267,1500.0,8.459286571267057,100,100,0.0,0,0,0,0,8,8.0,0,0.0,1.5,1.5
2012-08-25,2012,VfB Stuttgart,VfL Wolfsburg,A,0,2.0,3.5,3.6,1564.019443419469,1480.3303711176006,83.68907230186846,100,100,0.0,-2,0,-1,-3,10,10.0,4,4.0,1.3333333333333333,1.3333333333333333
2012-08-25,2012,Borussia Monchengladbach,TSG Hoffenheim,H,2,1.91,3.4,4.0,1563.0870724620959,1455.3093358981087,107.77773656398722,100,100,0.0,0,-1,2,-2,8,8.0,4,4.0,1.0,2.0
2012-08-25,2012,SC Freiburg,FSV Mainz 05,D,1,2.5,3.3,2.75,1498.2982546256476,1490.4525553448827,7.845699280764848,100,100,0.0,0,0,0,0,8,8.0,6,6.0,0.3333333333333333,2.3333333333333335
2012-08-25,2012,Ein Frankfurt,Bayer Leverkusen,H,2,2.8,3.4,2.4,1398.6364464354174,1578.722404890188,-180.08595845477066,100,100,0.0,-3,-3,1,2,1,1.0,13,13.0,0.0,3.0
2012-08-25,2012,Greuther Furth,Bayern Munich,A,0,8.5,4.75,1.36,1500.0,1682.4432043041904,-182.44320430419043,100,100,0.0,-9,-6,-3,-5,0,0.0,10,10.0,1.5,1.5
2012-08-25,2012,Hamburg,FC Nurnberg,A,0,2.05,3.4,3.5,1454.6418914675037,1485.4818014621585,-30.839909994654818,100,100,0.0,1,-5,-5,2,5,5.0,10,10.0,1.3333333333333333,1.3333333333333333
2012-08-26,2012,Hannover 96,FC Schalke 04,D,1,2.88,3.4,2.38,1527.6655228396885,1578.8612081919316,-51.19568535224312,100,100,0.0,-3,1,2,1,7,7.0,7,7.0,0.3333333333333333,2.3333333333333335
2012-08-31,2012,FSV Mainz 05,Greuther Furth,A,0,1.8,3.5,4.5,1494.9646360712875,1488.4940249421118,6.4706111291757225,100,100,0.0,0,0,0,0,4,4.0,0,0.0,1.5,1.5
2012-09-01,2012,Fortuna Dusseldorf,Borussia Monchengladbach,D,1,2.9,3.3,2.4,1519.5361616209025,1570.0523526669224,-50.51619104601991,100,100,0.0,0,6,5,7,3,3.0,10,10.0,1.5,1.5
2012-09-01,2012,TSG Hoffenheim,Ein Frankfurt,A,0,2.05,3.4,3.5,1448.3440556932821,1417.0340719589417,31.30998373434045,100,100,0.0,0,-5,-7,-5,1,1.0,4,4.0,3.0,0.0
2012-09-01,2012,Bayer Leverkusen,SC Freiburg,H,2,1.57,4.0,5.5,1560.3247793666637,1493.7861738992428,66.5386054674209,100,100,0.0,3,3,-1,-2,10,10.0,6,6.0,2.0,1.0
2012-09-01,2012,FC Nurnberg,Borussia Dortmund,D,1,6.0,4.0,1.55,1503.4288598834382,1759.1931873713615,-255.7643274879233,100,100,0.0,-5,0,0,1,10,10.0,15,15.0,0.0,3.0
2012-09-01,2012,FC Schalke 04,FC Augsburg,H,2,1.36,4.75,8.5,1580.9545096698628,1488.9231249503646,92.03138471949819,100,100,0.0,3,-1,-2,-1,8,8.0,8,8.0,2.0,0.5
2012-09-01,2012,Werder Bremen,Hamburg,H,2,1.73,3.75,4.5,1440.1486496601535,1436.694833046224,3.4538166139295754,100,100,0.0,0,0,2,-6,0,0.0,5,5.0,2.0,1.0
2012-09-02,2012,Bayern Munich,VfB Stuttgart,H,2,1.25,6.0,11.0,1693.9491793620787,1541.7536463883405,152.19553297373818,100,100,0.0,8,9,8,11,13,13.0,7,7.0,3.0,0.0
2012-09-02,2012,VfL Wolfsburg,Hannover 96,A,0,1.95,3.5,3.75,1502.5961681487292,1525.5722213617573,-22.97605321302808,100,100,0.0,3,-3,-4,-3,7,7.0,5,5.0,1.0,2.0
2012-09-14,2012,FC Augsburg,VfL Wolfsburg,D,1,2.7,3.4,2.5,1481.4613615799833,1484.324205358343,-2.8628437783597747,100,100,0.0,-3,3,4,3,5,5.0,7,7.0,3.0,0.0
2012-09-15,2012,Greuther Furth,FC Schalke 04,A,0,3.75,3.5,1.95,1507.9520460492486,1588.416273040244,-80.46422699099548,100,100,0.0,-3,1,2,1,3,3.0,11,11.0,1.5,1.5
2012-09-15,2012,Borussia Monchengladbach,FC Nurnberg,A,0,2.0,3.4,3.75,1572.174411061146,1509.736687141406,62.43772391973994,100,100,0.0,0,-6,-5,-7,8,8.0,8,8.0,2.0,1.0
2012-09-15,2012,VfB Stuttgart,Fortuna Dusseldorf,D,1,1.62,3.8,5.5,1536.0616941357714,1517.414103226679,18.647590909092514,100,100,0.0,1,-3,-5,-6,4,4.0,4,4.0,1.5,1.5
2012-09-15,2012,Borussia Dortmund,Bayer Leverkusen,H,2,1.44,4.33,7.0,1752.8853601133937,1568.6390965395285,184.24626357386524,100,100,0.0,2,-3,1,1,13,13.0,12,12.0,2.3333333333333335,0.3333333333333333
2012-09-15,2012,Hannover 96,Werder Bremen,H,2,2.3,3.4,3.0,1543.8441841521435,1450.8096738479817,93.03451030416181,100,100,0.0,-1,5,3,4,8,8.0,3,3.0,1.3333333333333333,1.3333333333333333
2012-09-15,2012,Bayern Munich,FSV Mainz 05,H,2,1.17,7.0,15.0,1699.6411316146477,1475.5066149641507,224.13451665049706,100,100,0.0,9,6,3,5,15,15.0,3,3.0,1.3333333333333333,1.3333333333333333
2012-09-16,2012,Ein Frankfurt,Hamburg,H,2,2.0,3.4,3.75,1437.4478357516389,1426.0338088583958,11.41402689324309,100,100,0.0,-1,5,5,-2,6,6.0,2,2.0,0.0,3.0
2012-09-16,2012,SC Freiburg,TSG Hoffenheim,H,2,2.4,3.4,2.8,1485.471856726378,1427.930291900585,57.5415648257931,100,100,0.0,0,5,7,5,5,5.0,0,0.0,1.6666666666666667,0.6666666666666666
2012-09-21,2012,FC Nurnberg,Ein Frankfurt,A,0,2.1,3.4,3.4,1531.279749493059,1447.7960740644533,83.4836754286057,100,100,0.0,0,0,0,0,10,10.0,9,9.0,1.5,1.5
2012-09-22,2012,Hamburg,Borussia Dortmund,H,2,5.25,4.2,1.57,1415.6855705455814,1757.774626895222,-342.0890563496405,100,100,0.0,-4,-5,-5,3,1,1.0,13,13.0,0.3333333333333333,2.3333333333333335
2012-09-22,2012,FC Schalke 04,Bayern Munich,A,0,4.0,3.4,1.91,1604.258812411144,1703.6617473022684,-99.40293489112446,100,100,0.0,-6,-7,-5,-6,13,13.0,15,15.0,0.0,3.0
2012-09-22,2012,Fortuna Dusseldorf,SC Freiburg,D,1,2.15,3.4,3.3,1522.3462773601266,1494.1010048242972,28.245272535829372,100,100,0.0,0,0,0,0,5,5.0,7,7.0,1.5,1.5
2012-09-22,2012,VfL Wolfsburg,Greuther Furth,D,1,1.8,3.75,4.2,1488.411994677199,1492.1095066783487,-3.6975120011497893,100,100,0.0,3,-3,-4,-3,7,7.0,3,3.0,1.5,1.5
2012-09-22,2012,FSV Mainz 05,FC Augsburg,H,2,1.73,3.6,4.75,1471.48599927653,1477.3735722611275,-5.887572984597455,100,100,0.0,0,0,0,0,2,2.0,5,5.0,0.0,3.0
2012-09-23,2012,Werder Bremen,VfB Stuttgart,D,1,1.91,3.6,3.75,1443.380234117392,1531.1295200023237,-87.74928588493162,100,100,0.0,0,-2,2,2,3,3.0,4,4.0,1.3333333333333333,1.3333333333333333
2012-09-23,2012,TSG Hoffenheim,Hannover 96,H,2,2.5,3.4,2.7,1419.3011438026658,1551.273623882733,-131.97248008006727,100,100,0.0,0,-5,-7,-5,0,0.0,10,10.0,0.3333333333333333,2.3333333333333335
2012-09-23,2012,Bayer Leverkusen,Borussia Monchengladbach,D,1,1.91,3.6,3.8,1563.7498297577004,1550.631348709493,13.118481048207286,100,100,0.0,3,9,4,5,9,9.0,8,8.0,1.3333333333333333,1.3333333333333333
2012-09-25,2012,FC Schalke 04,FSV Mainz 05,H,2,1.57,3.8,6.0,1589.2330350636585,1482.5193840890406,106.71365097461785,100,100,0.0,3,-1,-2,-1,10,10.0,4,4.0,1.3333333333333333,1.3333333333333333
2012-09-25,2012,Ein Frankfurt,Borussia Dortmund,D,1,4.2,3.75,1.8,1470.0550820861317,1733.7397483532882,-263.68466626715644,100,100,0.0,-5,0,0,1,12,12.0,10,10.0,1.5,1.5
2012-09-25,2012,Bayern Munich,VfL Wolfsburg,H,2,1.2,6.5,13.0,1718.6875246497539,1484.3575864306374,234.32993821911646,100,100,0.0,6,9,7,8,15,15.0,5,5.0,2.3333333333333335,0.3333333333333333
2012-09-25,2012,Greuther Furth,Fortuna Dusseldorf,A,0,2.15,3.25,3.5,1496.1639149249102,1517.0479568720314,-20.884041947121204,100,100,0.0,0,0,0,0,4,4.0,6,6.0,1.5,1.5
2012-09-26,2012,FC Augsburg,Bayer Leverkusen,A,0,3.2,3.3,2.25,1466.340187448617,1559.031659524024,-92.69147207540709,100,100,0.0,-3,-3,1,2,4,4.0,7,7.0,0.0,3.0
2012-09-26,2012,Hannover 96,FC Nurnberg,H,2,2.1,3.4,3.4,1534.8971443161106,1509.0207414713805,25.876402844730137,100,100,0.0,0,0,0,0,10,10.0,7,7.0,3.0,0.0
2012-09-26,2012,VfB Stuttgart,TSG Hoffenheim,A,0,1.83,3.75,4.0,1531.6582067603074,1435.6776233692883,95.98058339101908,100,100,0.0,1,2,2,-1,5,5.0,3,3.0,3.0,0.0
2012-09-26,2012,Borussia Monchengladbach,Hamburg,D,1,1.91,3.5,4.0,1555.3495189431694,1439.7204490875151,115.62906985565428,100,100,0.0,-1,-1,0,-9,8,8.0,3,3.0,1.6666666666666667,0.6666666666666666
2012-09-26,2012,SC Freiburg,Werder Bremen,A,0,2.5,3.4,2.7,1499.3993253123924,1442.8515473594084,56.547777952984006,100,100,0.0,-1,5,3,4,5,5.0,4,4.0,0.3333333333333333,2.3333333333333335
2012-09-28,2012,Fortuna Dusseldorf,FC Schalke 04,D,1,4.33,3.5,1.83,1535.4058276837527,1596.2311281389693,-60.82530045521662,100,100,0.0,-3,1,2,1,9,9.0,10,10.0,1.5,1.5
2012-09-29,2012,Werder Bremen,Bayern Munich,A,0,6.0,4.0,1.53,1464.1871910311845,1722.5081497681058,-258.3209587369213,100,100,0.0,-8,-11,-6,-9,7,7.0,15,15.0,0.0,3.0
2012-09-29,2012,FC Nurnberg,VfB Stuttgart,A,0,2.3,3.4,3.0,1499.2293349738338,1508.9932596727629,-9.763924698929031,100,100,0.0,-1,3,5,6,7,7.0,2,2.0,1.3333333333333333,1.3333333333333333
2012-09-29,2012,TSG Hoffenheim,FC Augsburg,D,1,1.75,3.75,4.5,1458.3425704568328,1451.0246994667975,7.317870990035317,100,100,0.0,0,-5,-7,-5,6,6.0,1,1.0,2.0,0.5
2012-09-29,2012,Hamburg,Hannover 96,H,2,2.3,3.4,3.0,1447.9939505452646,1544.6885508136572,-96.6946002683926,100,100,0.0,1,-5,-5,2,4,4.0,10,10.0,1.6666666666666667,0.6666666666666666
2012-09-29,2012,Borussia Dortmund,Borussia Monchengladbach,H,2,1.36,4.5,9.0,1727.1531628684688,1547.07601748542,180.0771453830489,100,100,0.0,5,6,5,6,8,8.0,6,6.0,1.3333333333333333,1.3333333333333333
2012-09-29,2012,Bayer Leverkusen,Greuther Furth,H,2,1.44,4.33,7.0,1574.3471475058434,1477.8060441131888,96.54110339265458,100,100,0.0,3,3,-1,-2,7,7.0,4,4.0,1.5,1.5
2012-09-30,2012,Ein Frankfurt,SC Freiburg,H,2,1.75,3.75,4.5,1476.641667570951,1478.0636816406163,-1.422014069665238,100,100,0.0,0,0,0,0,13,13.0,5,5.0,0.5,2.0
2012-09-30,2012,VfL Wolfsburg,FSV Mainz 05,A,0,2.1,3.4,3.4,1480.5369613122855,1475.5212910137298,5.015670298555733,100,100,0.0,3,-3,-4,-3,5,5.0,4,4.0,1.6666666666666667,0.6666666666666666
2012-10-05,2012,FC Augsburg,Werder Bremen,H,2,2.9,3.5,2.3,1455.516044516896,1455.5855958065067,-0.06955128961067203,100,100,0.0,-1,5,3,4,2,2.0,7,7.0,1.0,1.0
2012-10-06,2012,Bayern Munich,TSG Hoffenheim,H,2,1.14,7.5,17.0,1731.1097449927836,1453.8512254067343,277.25851958604926,100,100,0.0,9,11,10,10,15,15.0,7,7.0,2.3333333333333335,0.3333333333333333
2012-10-06,2012,Greuther Furth,Hamburg,A,0,2.7,3.4,2.5,1470.488857115557,1462.8512492727816,7.637607842775424,100,100,0.0,-1,5,5,-2,4,4.0,7,7.0,1.5,1.5
2012-10-06,2012,FC Schalke 04,VfL Wolfsburg,H,2,1.4,4.5,8.0,1597.9153046952733,1461.1362777238621,136.7790269714112,100,100,0.0,0,2,2,2,10,10.0,2,2.0,2.0,1.0
2012-10-06,2012,FSV Mainz 05,Fortuna Dusseldorf,H,2,1.83,3.5,4.33,1494.921974602153,1533.7216511274487,-38.79967652529558,100,100,0.0,0,0,0,0,6,6.0,7,7.0,1.5,1.5
2012-10-06,2012,SC Freiburg,FC Nurnberg,H,2,2.1,3.5,3.3,1467.2089914320402,1480.4188264241043,-13.209834992064089,100,100,0.0,0,0,0,0,4,4.0,4,4.0,1.6666666666666667,0.6666666666666666
2012-10-07,2012,VfB Stuttgart,Bayer Leverkusen,D,1,2.4,3.5,2.75,1527.8037682224924,1581.6643345034752,-53.860566280982766,100,100,0.0,-2,-6,-4,-4,5,5.0,10,10.0,0.3333333333333333,2.3333333333333335
2012-10-07,2012,Hannover 96,Borussia Dortmund,D,1,5.0,3.75,1.67,1529.8312520861402,1732.1414416392456,-202.31018955310537,100,100,0.0,-5,0,0,1,9,9.0,8,8.0,1.0,2.0
2012-10-07,2012,Borussia Monchengladbach,Ein Frankfurt,H,2,2.25,3.5,3.0,1542.0877387146431,1487.4963577795272,54.59138093511592,100,100,0.0,0,-6,-5,-7,3,3.0,13,13.0,1.5,1.5
2012-10-19,2012,TSG Hoffenheim,Greuther Furth,D,1,1.83,3.6,4.2,1450.781532016609,1450.9849489802996,-0.20341696369064266,100,100,0.0,0,-5,-7,-5,7,7.0,1,1.0,1.5,1.5
2012-10-20,2012,Borussia Dortmund,FC Schalke 04,A,0,1.62,4.0,5.0,1727.8477517690676,1604.027852442278,123.81989932678971,100,100,0.0,2,1,2,0,8,8.0,10,10.0,2.3333333333333335,0.3333333333333333
2012-10-20,2012,Ein Frankfurt,Hannover 96,H,2,2.1,3.5,3.3,1478.7624408964068,1534.1249419563183,-55.36250105991144,100,100,0.0,0,0,0,0,10,10.0,7,7.0,0.0,3.0
2012-10-20,2012,Fortuna Dusseldorf,Bayern Munich,A,0,11.0,5.0,1.29,1521.3368884318538,1734.179438382909,-212.84254995105516,100,100,0.0,-9,-6,-3,-5,6,6.0,15,15.0,1.5,1.5
2012-10-20,2012,Bayer Leverkusen,FSV Mainz 05,D,1,1.67,3.8,5.0,1583.6447058172098,1507.306737297748,76.33796851946181,100,100,0.0,3,3,-1,-2,8,8.0,9,9.0,2.0,1.0
2012-10-20,2012,Werder Bremen,Borussia Monchengladbach,H,2,2.1,3.4,3.4,1444.78477851076,1550.8216555977635,-106.03687708700363,100,100,0.0,1,1,2,3,4,4.0,5,5.0,0.6666666666666666,1.6666666666666667
2012-10-20,2012,VfL Wolfsburg,SC Freiburg,A,0,2.25,3.4,3.1,1455.0237299768576,1478.538001004743,-23.514271027885343,100,100,0.0,3,-3,-4,-3,2,2.0,7,7.0,1.0,2.0
2012-10-21,2012,Hamburg,VfB Stuttgart,A,0,2.25,3.4,3.1,1482.355157408039,1525.8233969087578,-43.46823950071871,100,100,0.0,0,-2,0,8,10,10.0,6,6.0,1.0,2.0
2012-10-21,2012,FC Nurnberg,FC Augsburg,D,1,2.0,3.5,3.6,1469.0898168514016,1466.3168618126429,2.7729550387587096,100,100,0.0,0,0,0,0,3,3.0,5,5.0,2.0,0.5
2012-10-26,2012,FC Augsburg,Hamburg,A,0,2.38,3.4,2.88,1470.6288868430634,1464.9357983903385,5.693088452724851,100,100,0.0,-1,5,5,-2,5,5.0,10,10.0,2.0,0.5
2012-10-27,2012,FC Schalke 04,FC Nurnberg,H,2,1.3,5.5,9.0,1627.5441953713535,1464.777791820981,162.7664035503724,100,100,0.0,3,-1,-2,-1,10,10.0,1,1.0,1.3333333333333333,1.3333333333333333
2012-10-27,2012,FSV Mainz 05,TSG Hoffenheim,H,2,2.0,3.5,3.6,1514.3271486170192,1446.5876764001946,67.73947221682465,100,100,0.0,0,5,7,5,10,10.0,8,8.0,1.3333333333333333,1.3333333333333333
2012-10-27,2012,SC Freiburg,Borussia Dortmund,A,0,5.5,3.75,1.62,1496.7878252295457,1704.331408839992,-207.54358361044638,100,100,0.0,-5,0,0,1,7,7.0,5,5.0,0.0,3.0
2012-10-27,2012,Fortuna Dusseldorf,VfL Wolfsburg,A,0,2.3,3.3,3.1,1511.044321725578,1436.7739057520548,74.27041597352309,100,100,0.0,-3,3,4,3,5,5.0,1,1.0,1.5,1.5
2012-10-27,2012,Greuther Furth,Werder Bremen,D,1,2.6,3.4,2.6,1455.178804596714,1460.045385219573,-4.866580622859146,100,100,0.0,-1,5,3,4,2,2.0,7,7.0,1.5,1.5
2012-10-28,2012,Bayern Munich,Bayer Leverkusen,A,0,1.22,6.0,13.0,1744.472005089185,1576.6242944979385,167.84771059124637,100,100,0.0,6,3,4,7,15,15.0,9,9.0,2.0,1.0
2012-10-28,2012,Hannover 96,Borussia Monchengladbach,A,0,1.91,3.6,3.8,1521.04156380752,1535.5610488889504,-14.519485081430275,100,100,0.0,0,6,5,7,4,4.0,5,5.0,1.0,2.0
2012-10-28,2012,VfB Stuttgart,Ein Frankfurt,H,2,2.1,3.5,3.3,1543.2427559264584,1491.845819045205,51.396936881253396,100,100,0.0,1,-3,-5,-6,8,8.0,10,10.0,1.5,1.5
2012-11-02,2012,Ein Frankfurt,Greuther Furth,D,1,1.6,4.0,5.25,1482.9976182043672,1451.1712240350928,31.82639416927441,100,100,0.0,0,0,0,0,7,7.0,2,2.0,1.5,1.5
2012-11-03,2012,FC Nurnberg,VfL Wolfsburg,H,2,2.5,3.4,2.7,1459.3612002690531,1458.7244129040237,0.6367873650294769,100,100,0.0,-3,3,4,3,1,1.0,3,3.0,1.0,2.0
2012-11-03,2012,Borussia Monchengladbach,SC Freiburg,D,1,2.25,3.25,3.2,1554.1788348870275,1486.2880396889072,67.89079519812026,100,100,0.0,0,-6,-5,-7,7,7.0,6,6.0,1.3333333333333333,1.3333333333333333
2012-11-03,2012,Hannover 96,FC Augsburg,H,2,1.7,3.75,4.75,1502.423777809443,1451.2014893568994,51.22228845254358,100,100,0.0,0,0,0,0,4,4.0,5,5.0,1.0,1.0
2012-11-03,2012,Hamburg,Bayern Munich,A,0,7.5,5.0,1.36,1484.3631958765025,1719.759976728259,-235.3967808517566,100,100,0.0,-8,-11,-8,-3,10,10.0,12,12.0,0.3333333333333333,2.3333333333333335
2012-11-03,2012,Borussia Dortmund,VfB Stuttgart,D,1,1.33,5.0,9.0,1714.8311943806304,1552.0909567672961,162.74023761333433,100,100,0.0,4,3,5,5,8,8.0,10,10.0,1.0,1.0
2012-11-03,2012,TSG Hoffenheim,FC Schalke 04,H,2,4.33,3.6,1.8,1438.3148411319712,1632.9607869232814,-194.64594579131017,100,100,0.0,-3,-4,-5,-4,5,5.0,13,13.0,1.3333333333333333,1.3333333333333333
2012-11-04,2012,Bayer Leverkusen,Fortuna Dusseldorf,H,2,1.44,4.33,7.0,1601.3363228588644,1489.093814573609,112.24250828525533,100,100,0.0,3,3,-1,-2,11,11.0,4,4.0,1.5,1.5
2012-11-04,2012,Werder Bremen,FSV Mainz 05,H,2,2.0,3.5,3.6,1464.0529657811942,1522.5999838852426,-58.54701810404845,100,100,0.0,1,-5,-3,-4,7,7.0,10,10.0,1.3333333333333333,1.3333333333333333
2012-11-09,2012,FSV Mainz 05,FC Nurnberg,H,2,1.8,3.5,4.5,1509.3812089664464,1470.133928383608,39.24728058283836,100,100,0.0,0,0,0,0,10,10.0,4,4.0,1.6666666666666667,0.6666666666666666
2012-11-10,2012,SC Freiburg,Hamburg,D,1,2.0,3.5,3.6,1493.0204225148834,1474.9297616358879,18.09066087899555,100,100,0.0,-1,5,5,-2,7,7.0,9,9.0,2.0,1.0
2012-11-10,2012,FC Schalke 04,Werder Bremen,H,2,1.44,4.5,7.0,1613.9727573270359,1477.2717406999905,136.70101662704542,100,100,0.0,2,4,1,3,10,10.0,7,7.0,2.3333333333333335,0.3333333333333333
2012-11-10,2012,Bayern Munich,Ein Frankfurt,H,2,1.17,7.0,16.0,1729.1934109688736,1477.5644738022631,251.6289371666105,100,100,0.0,9,6,3,5,12,12.0,7,7.0,2.0,0.5
2012-11-10,2012,FC Augsburg,Borussia Dortmund,A,0,6.5,4.1,1.5,1442.3470152902964,1705.2484545224647,-262.9014392321683,100,100,0.0,-5,0,0,1,5,5.0,8,8.0,0.5,2.0
2012-11-10,2012,Fortuna Dusseldorf,TSG Hoffenheim,D,1,2.75,3.3,2.5,1482.265040542875,1457.3028707282167,24.96216981465841,100,100,0.0,0,5,7,5,1,1.0,5,5.0,1.5,1.5
2012-11-11,2012,VfL Wolfsburg,Bayer Leverkusen,H,2,3.1,3.5,2.2,1447.9516847894688,1608.1650968895983,-160.21341210012952,100,100,0.0,0,-6,-3,-1,3,3.0,11,11.0,1.0,2.0
2012-11-11,2012,Greuther Furth,Borussia Monchengladbach,A,0,2.6,3.25,2.7,1456.6043684371969,1547.4464520610513,-90.84208362385448,100,100,0.0,0,6,5,7,3,3.0,7,7.0,1.5,1.5
2012-11-11,2012,VfB Stuttgart,Hannover 96,A,0,2.0,3.5,3.6,1561.6736966254618,1511.278251876046,50.3954447494159,100,100,0.0,1,-3,-5,-6,11,11.0,4,4.0,2.0,1.0
2012-11-17,2012,Hamburg,FSV Mainz 05,H,2,2.4,3.4,2.8,1479.8404795084464,1518.6718909679635,-38.831411459517085,100,100,0.0,1,-5,-5,2,7,7.0,10,10.0,0.6666666666666666,1.6666666666666667
2012-11-17,2012,FC Nurnberg,Bayern Munich,D,1,10.0,5.5,1.29,1460.843246382091,1732.6941619800002,-271.8509155979093,100,100,0.0,-9,-6,-3,-5,4,4.0,12,12.0,0.3333333333333333,2.3333333333333335
2012-11-17,2012,Borussia Monchengladbach,VfB Stuttgart,A,0,2.38,3.4,2.88,1562.8417395523315,1540.557905282625,22.28383426970663,100,100,0.0,-1,-3,0,-1,10,10.0,8,8.0,1.3333333333333333,1.3333333333333333
2012-11-17,2012,Borussia Dortmund,Greuther Furth,H,2,1.17,7.0,15.0,1713.6891907381753,1441.2090809459166,272.48010979225865,100,100,0.0,5,0,0,-1,8,8.0,3,3.0,1.5,1.5
2012-11-17,2012,Ein Frankfurt,FC Augsburg,H,2,1.73,3.75,4.5,1474.0637227911366,1433.9062790745859,40.15744371655069,100,100,0.0,0,0,0,0,4,4.0,4,4.0,1.5,1.5
2012-11-17,2012,Hannover 96,SC Freiburg,A,0,2.1,3.4,3.4,1532.3940432188829,1488.109704642325,44.28433857655796,100,100,0.0,0,0,0,0,7,7.0,8,8.0,1.6666666666666667,0.6666666666666666
2012-11-17,2012,Bayer Leverkusen,FC Schalke 04,H,2,2.63,3.5,2.5,1590.5911931396038,1620.087491005331,-29.49629786572723,100,100,0.0,0,4,1,-1,8,8.0,12,12.0,1.0,2.0
2012-11-18,2012,TSG Hoffenheim,VfL Wolfsburg,A,0,2.25,3.4,3.1,1462.4767211343799,1465.5255885394633,-3.048867405083456,100,100,0.0,-3,-2,-3,-2,5,5.0,6,6.0,2.0,1.0
2012-11-18,2012,Werder Bremen,Fortuna Dusseldorf,H,2,1.53,4.1,6.0,1471.1570070216953,1477.091190136712,-5.9341831150165945,100,100,0.0,1,-5,-3,-4,7,7.0,1,1.0,1.5,1.5
2012-11-23,2012,Fortuna Dusseldorf,Hamburg,H,2,3.0,3.25,2.38,1466.0559336564231,1492.2265706844305,-26.170637028007377,100,100,0.0,-1,5,5,-2,1,1.0,7,7.0,1.5,1.5
2012-11-24,2012,Bayern Munich,Hannover 96,H,2,1.17,7.0,15.0,1725.825949142758,1511.4997963993212,214.32615274343675,100,100,0.0,9,6,3,5,10,10.0,6,6.0,1.0,2.0
2012-11-24,2012,Greuther Furth,FC Nurnberg,D,1,2.5,3.3,2.75,1438.0627567699778,1467.7114592193332,-29.64870244935537,100,100,0.0,0,0,0,0,3,3.0,5,5.0,1.5,1.5
2012-11-24,2012,FSV Mainz 05,Borussia Dortmund,A,0,5.5,3.75,1.62,1506.2857997919793,1716.8355149141141,-210.54971512213478,100,100,0.0,-5,0,0,1,7,7.0,10,10.0,0.3333333333333333,2.3333333333333335
2012-11-24,2012,FC Schalke 04,Ein Frankfurt,D,1,1.5,4.33,6.0,1608.0902760428198,1483.3208361899253,124.7694398528945,100,100,0.0,3,-1,-2,-1,9,9.0,7,7.0,2.0,0.5
2012-11-24,2012,VfL Wolfsburg,Werder Bremen,D,1,2.25,3.4,3.1,1484.6059419460569,1482.1922635019841,2.4136784440727297,100,100,0.0,2,2,-1,1,9,9.0,10,10.0,2.0,1.0
2012-11-25,2012,TSG Hoffenheim,Bayer Leverkusen,A,0,3.1,3.4,2.25,1443.3963677277864,1602.588408102115,-159.1920403743286,100,100,0.0,-3,-8,-6,-3,5,5.0,10,10.0,0.0,3.0
2012-11-25,2012,FC Augsburg,Borussia Monchengladbach,D,1,2.38,3.25,3.0,1424.6491656757971,1542.7700346566567,-118.12086898085954,100,100,0.0,0,6,5,7,1,1.0,7,7.0,2.0,0.5
2012-11-25,2012,SC Freiburg,VfB Stuttgart,H,2,2.2,3.5,3.1,1509.0039514618866,1560.6296101782998,-51.62565871641323,100,100,0.0,-1,3,5,6,8,8.0,10,10.0,1.0,2.0
2012-11-27,2012,Borussia Dortmund,Fortuna Dusseldorf,D,1,1.13,8.0,19.0,1727.2175058136165,1477.915589968533,249.3019158450836,100,100,0.0,5,0,0,-1,13,13.0,4,4.0,1.5,1.5
2012-11-27,2012,Hannover 96,Greuther Furth,H,2,1.62,4.0,5.0,1507.2785013036053,1435.0662884392768,72.21221286432842,100,100,0.0,0,0,0,0,6,6.0,3,3.0,1.5,1.5
2012-11-27,2012,Hamburg,FC Schalke 04,H,2,4.5,3.5,1.8,1480.3669143723207,1599.5461958684612,-119.17928149614045,100,100,0.0,-2,-4,-3,3,7,7.0,7,7.0,1.0,2.0
2012-11-27,2012,Ein Frankfurt,FSV Mainz 05,A,0,2.1,3.4,3.4,1491.864916364284,1495.903808892477,-4.038892528192946,100,100,0.0,0,0,0,0,5,5.0,6,6.0,1.5,1.5
2012-11-28,2012,SC Freiburg,Bayern Munich,A,0,8.0,4.75,1.36,1521.92885503512,1730.047244238474,-208.1183892033539,100,100,0.0,-9,-6,-3,-5,8,8.0,10,10.0,0.3333333333333333,2.3333333333333335
2012-11-28,2012,Borussia Monchengladbach,VfL Wolfsburg,H,2,2.38,3.4,2.88,1541.988402471898,1480.3081505425218,61.680251929376254,100,100,0.0,-3,-3,-1,-4,8,8.0,10,10.0,1.3333333333333333,1.3333333333333333
2012-11-28,2012,FC Nurnberg,TSG Hoffenheim,H,2,2.3,3.4,3.0,1470.7079275500341,1430.927452222441,39.780475327593194,100,100,0.0,0,5,7,5,5,5.0,4,4.0,1.0,2.0
2012-11-28,2012,VfB Stuttgart,FC Augsburg,H,2,1.6,4.0,5.25,1547.7047066050663,1425.4307978605557,122.27390874451066,100,100,0.0,1,-3,-5,-6,7,7.0,1,1.0,3.0,0.0
2012-11-28,2012,Werder Bremen,Bayer Leverkusen,A,0,2.6,3.5,2.55,1486.4900549055192,1615.0573236074604,-128.5672687019412,100,100,0.0,-2,-8,-2,-2,8,8.0,12,12.0,0.6666666666666666,1.6666666666666667
2012-11-30,2012,Fortuna Dusseldorf,Ein Frankfurt,H,2,2.88,3.4,2.38,1489.3732039422148,1472.824173541868,16.549030400346737,100,100,0.0,0,0,0,0,5,5.0,5,5.0,1.5,1.5
2012-12-01,2012,Bayern Munich,Borussia Dortmund,D,1,1.75,3.8,4.33,1740.5244583353492,1715.7598918399347,24.764566495414556,100,100,0.0,4,6,3,6,13,13.0,11,11.0,0.0,3.0
2012-12-01,2012,FC Augsburg,SC Freiburg,D,1,2.5,3.3,2.75,1418.9017960612712,1511.4516409382447,-92.54984487697357,100,100,0.0,0,0,0,0,1,1.0,8,8.0,0.5,2.0
2012-12-01,2012,FC Schalke 04,Borussia Monchengladbach,D,1,1.44,4.5,6.5,1583.7189997939104,1550.4718455048992,33.24715428901118,100,100,0.0,3,5,3,6,4,4.0,8,8.0,1.0,2.0
2012-12-01,2012,FSV Mainz 05,Hannover 96,H,2,2.0,3.5,3.6,1514.944551714893,1515.3979661737549,-0.45341445886197107,100,100,0.0,0,0,0,0,6,6.0,9,9.0,0.6666666666666666,1.6666666666666667
2012-12-01,2012,Bayer Leverkusen,FC Nurnberg,H,2,1.5,4.33,6.0,1628.8267473934986,1479.9789361368319,148.84781125666677,100,100,0.0,3,3,-1,-2,12,12.0,8,8.0,1.0,2.0
2012-12-01,2012,Greuther Furth,VfB Stuttgart,A,0,3.0,3.4,2.3,1426.9468235691272,1554.2337084043509,-127.28688483522365,100,100,0.0,-1,3,5,6,2,2.0,7,7.0,1.5,1.5
2012-12-02,2012,VfL Wolfsburg,Hamburg,D,1,1.91,3.6,3.75,1471.8247075095207,1496.1941104468715,-24.369402937350742,100,100,0.0,2,2,1,-5,7,7.0,7,7.0,1.3333333333333333,1.3333333333333333
2012-12-02,2012,TSG Hoffenheim,Werder Bremen,A,0,2.6,3.3,2.63,1421.6564436356432,1472.720631119481,-51.06418748383771,100,100,0.0,-1,0,-4,-1,4,4.0,7,7.0,0.3333333333333333,2.3333333333333335
2012-12-07,2012,Hamburg,TSG Hoffenheim,H,2,2.0,3.5,3.75,1499.408729912764,1404.5575757973993,94.8511541153648,100,100,0.0,1,0,2,7,8,8.0,1,1.0,1.3333333333333333,1.3333333333333333
2012-12-08,2012,Borussia Dortmund,VfL Wolfsburg,A,0,1.29,5.5,10.0,1720.9262245285474,1468.6100880436281,252.3161364849193,100,100,0.0,2,3,4,2,11,11.0,8,8.0,3.0,0.0
2012-12-08,2012,Ein Frankfurt,Werder Bremen,H,2,2.4,3.5,2.8,1462.6753813533553,1489.8194989577248,-27.144117604369512,100,100,0.0,-1,5,3,4,4,4.0,7,7.0,1.0,1.0
2012-12-08,2012,FC Augsburg,Bayern Munich,A,0,10.0,5.5,1.29,1418.5801962993899,1735.3581256467364,-316.77792934734657,100,100,0.0,-9,-6,-3,-5,2,2.0,11,11.0,0.0,3.0
2012-12-08,2012,FC Nurnberg,Fortuna Dusseldorf,H,2,1.91,3.3,4.2,1474.197573878252,1499.5219961307275,-25.324422252475642,100,100,0.0,0,0,0,0,5,5.0,8,8.0,1.5,1.5
2012-12-08,2012,VfB Stuttgart,FC Schalke 04,H,2,3.1,3.4,2.25,1568.0580551200244,1578.2326427995404,-10.17458767951598,100,100,0.0,-2,-2,-3,-5,9,9.0,5,5.0,2.0,1.0
2012-12-08,2012,SC Freiburg,Greuther Furth,H,2,1.7,3.6,5.0,1511.773240700126,1413.1224768534537,98.65076384667236,100,100,0.0,0,0,0,0,8,8.0,1,1.0,1.5,1.5
2012-12-09,2012,Borussia Monchengladbach,FSV Mainz 05,H,2,2.4,3.3,2.9,1555.9582024992692,1525.760647640803,30.19755485846622,100,100,0.0,0,-6,-5,-7,8,8.0,9,9.0,2.0,1.0
2012-12-09,2012,Hannover 96,Bayer Leverkusen,H,2,2.8,3.5,2.4,1504.5818702478448,1634.6081096520786,-130.02623940423382,100,100,0.0,-3,-3,1,2,6,6.0,12,12.0,0.3333333333333333,2.3333333333333335
2012-12-14,2012,Bayern Munich,Borussia Monchengladbach,D,1,1.14,7.5,17.0,1742.050176571553,1565.586258181985,176.4639183895681,100,100,0.0,9,12,8,12,11,11.0,8,8.0,1.0,2.0
2012-12-15,2012,Fortuna Dusseldorf,Hannover 96,H,2,2.75,3.3,2.5,1487.6972546869813,1520.874989442877,-33.1777347558957,100,100,0.0,0,0,0,0,7,7.0,6,6.0,1.5,1.5
2012-12-15,2012,Greuther Furth,FC Augsburg,D,1,2.38,3.2,3.0,1405.8722681633158,1411.8881453745732,-6.015877211257475,100,100,0.0,0,0,0,0,1,1.0,2,2.0,1.5,1.5
2012-12-15,2012,Bayer Leverkusen,Hamburg,H,2,1.6,4.0,5.25,1618.3149904570464,1506.7798715826764,111.53511887437003,100,100,0.0,2,8,4,-4,12,12.0,10,10.0,1.0,1.0
2012-12-15,2012,FSV Mainz 05,VfB Stuttgart,H,2,2.25,3.4,3.1,1516.1325919580872,1579.2641371325133,-63.13154517442604,100,100,0.0,-1,3,5,6,6,6.0,12,12.0,1.0,2.0
2012-12-15,2012,FC Schalke 04,SC Freiburg,A,0,1.67,3.75,5.0,1567.0265607870515,1519.023449390264,48.00311139678752,100,100,0.0,3,-1,-2,-1,2,2.0,10,10.0,2.0,1.0
2012-12-15,2012,VfL Wolfsburg,Ein Frankfurt,A,0,2.1,3.5,3.3,1495.1215509044273,1474.5752475698691,20.54630333455816,100,100,0.0,3,-3,-4,-3,8,8.0,7,7.0,0.5,2.0
2012-12-16,2012,TSG Hoffenheim,Borussia Dortmund,A,0,7.0,4.33,1.44,1397.186434127487,1694.4147616677483,-297.22832754026126,100,100,0.0,-5,-5,-7,-4,0,0.0,8,8.0,2.0,1.0
2012-12-16,2012,Werder Bremen,FC Nurnberg,D,1,1.83,4.0,3.75,1477.919632741211,1486.0223153219981,-8.102682580787132,100,100,0.0,1,-5,-3,-4,7,7.0,8,8.0,1.3333333333333333,1.3333333333333333
2013-01-18,2012,FC Schalke 04,Hannover 96,H,2,1.67,3.8,5.0,1545.9971262027072,1508.7248849160112,37.272241286696044,100,100,0.0,3,-1,-2,-1,2,2.0,6,6.0,1.6666666666666667,0.6666666666666666
2013-01-19,2012,Werder Bremen,Borussia Dortmund,A,0,5.0,3.75,1.67,1474.0421129349288,1701.7100844653105,-227.6679715303817,100,100,0.0,-4,-5,-3,-3,5,5.0,8,8.0,0.0,3.0
2013-01-19,2012,FSV Mainz 05,SC Freiburg,D,1,2.2,3.25,3.3,1529.5468006648546,1540.0528839746082,-10.506083309753649,100,100,0.0,0,0,0,0,9,9.0,10,10.0,2.3333333333333335,0.3333333333333333
2013-01-19,2012,VfL Wolfsburg,VfB Stuttgart,H,2,2.1,3.5,3.3,1475.116397421234,1565.849928425746,-90.73353100451186,100,100,0.0,2,0,1,3,5,5.0,9,9.0,2.0,1.0
2013-01-19,2012,Bayer Leverkusen,Ein Frankfurt,H,2,1.67,4.0,4.75,1625.1652658563885,1494.5804010530624,130.58486480332613,100,100,0.0,3,3,-1,-2,12,12.0,7,7.0,2.0,1.0
2013-01-19,2012,TSG Hoffenheim,Borussia Monchengladbach,D,1,2.38,3.4,2.9,1389.8911113299248,1575.5108763774933,-185.61976504756854,100,100,0.0,0,1,-2,2,0,0.0,9,9.0,2.0,1.0
2013-01-19,2012,Bayern Munich,Greuther Furth,H,2,1.1,10.0,19.0,1732.1255583760446,1401.9108054568117,330.214752919233,100,100,0.0,9,6,3,5,11,11.0,2,2.0,3.0,0.0
2013-01-20,2012,Fortuna Dusseldorf,FC Augsburg,A,0,2.3,3.3,3.1,1499.847359213847,1415.8496080810773,83.99775113276974,100,100,0.0,0,0,0,0,10,10.0,3,3.0,3.0,0.0
2013-01-20,2012,FC Nurnberg,Hamburg,D,1,2.3,3.2,3.2,1489.8998351282803,1499.9295961833343,-10.029761055053996,100,100,0.0,-1,5,5,-2,8,8.0,7,7.0,1.3333333333333333,1.3333333333333333
2013-01-25,2012,Borussia Dortmund,FC Nurnberg,H,2,1.18,6.5,15.0,1711.4335911936287,1486.100065088938,225.3335261046907,100,100,0.0,5,0,0,-1,8,8.0,8,8.0,2.3333333333333335,0.3333333333333333
2013-01-26,2012,Ein Frankfurt,TSG Hoffenheim,H,2,1.95,3.6,3.6,1488.2924755383012,1393.5145589755102,94.777916562791,100,100,0.0,0,5,7,5,6,6.0,1,1.0,1.0,2.0
2013-01-26,2012,FC Augsburg,FC Schalke 04,D,1,3.6,3.5,2.0,1438.1256006027568,1555.3608816493477,-117.2352810465909,100,100,0.0,-3,1,2,1,5,5.0,4,4.0,0.3333333333333333,2.3333333333333335
2013-01-26,2012,SC Freiburg,Bayer Leverkusen,D,1,2.75,3.3,2.5,1543.8334024785372,1631.4531913711496,-87.6197888926124,100,100,0.0,-3,-3,1,2,8,8.0,12,12.0,1.0,2.0
2013-01-26,2012,Greuther Furth,FSV Mainz 05,A,0,3.1,3.3,2.3,1399.5851742728235,1525.7662821609256,-126.18110788810213,100,100,0.0,0,0,0,0,1,1.0,10,10.0,3.0,0.0
2013-01-26,2012,Borussia Monchengladbach,Fortuna Dusseldorf,H,2,1.62,3.8,5.5,1571.887428731908,1477.5713666921677,94.31606203974025,100,100,0.0,0,-6,-5,-7,9,9.0,7,7.0,1.0,1.0
2013-01-26,2012,Hannover 96,VfL Wolfsburg,H,2,2.1,3.5,3.3,1499.3611294693708,1489.7164266299828,9.644702839387946,100,100,0.0,-3,3,4,3,6,6.0,7,7.0,2.0,1.0
2013-01-27,2012,VfB Stuttgart,Bayern Munich,A,0,8.0,4.5,1.4,1551.2498992169972,1734.4511895600328,-183.20129034303568,100,100,0.0,-8,-9,-8,-11,9,9.0,11,11.0,0.0,3.0
2013-01-27,2012,Hamburg,Werder Bremen,H,2,2.38,3.5,2.8,1503.7293662226766,1464.3186062066106,39.41076001606598,100,100,0.0,0,0,-2,6,8,8.0,4,4.0,0.0,3.0
2013-02-01,2012,Werder Bremen,Hannover 96,H,2,1.85,3.8,3.8,1455.0339585920171,1509.7785178148722,-54.74455922285506,100,100,0.0,1,-5,-3,-4,4,4.0,6,6.0,1.0,2.0
2013-02-02,2012,Hamburg,Ein Frankfurt,A,0,2.3,3.4,3.0,1513.01401383727,1495.6659615030076,17.348052334262547,100,100,0.0,1,-5,-5,2,8,8.0,9,9.0,2.0,1.0
2013-02-02,2012,Fortuna Dusseldorf,VfB Stuttgart,H,2,3.2,3.25,2.25,1470.183085436082,1539.774861746622,-69.59177631054013,100,100,0.0,-1,3,5,6,6,6.0,6,6.0,1.0,1.0
2013-02-02,2012,TSG Hoffenheim,SC Freiburg,H,2,2.5,3.3,2.75,1386.141073010804,1543.2991319048888,-157.1580588940849,100,100,0.0,0,-5,-7,-5,1,1.0,9,9.0,0.6666666666666666,1.6666666666666667
2013-02-02,2012,FSV Mainz 05,Bayern Munich,A,0,8.0,4.5,1.4,1539.638087518074,1745.926227030408,-206.28813951233406,100,100,0.0,-9,-6,-3,-5,10,10.0,11,11.0,1.3333333333333333,1.3333333333333333
2013-02-02,2012,VfL Wolfsburg,FC Augsburg,D,1,1.83,3.5,4.33,1479.2990382844814,1438.8690977179986,40.429940566482856,100,100,0.0,3,-3,-4,-3,7,7.0,6,6.0,0.3333333333333333,2.3333333333333335
2013-02-02,2012,FC Schalke 04,Greuther Furth,A,0,1.33,5.0,9.0,1554.617384534106,1385.7133689156751,168.90401561843078,100,100,0.0,3,-1,-2,-1,5,5.0,1,1.0,3.0,0.0
2013-02-03,2012,Bayer Leverkusen,Borussia Dortmund,A,0,3.3,3.5,2.1,1631.987461944798,1715.4302361601517,-83.44277421535367,100,100,0.0,-2,3,-1,-1,10,10.0,10,10.0,0.3333333333333333,2.3333333333333335
2013-02-03,2012,FC Nurnberg,Borussia Monchengladbach,H,2,2.4,3.2,3.0,1482.103420122415,1579.2757099879937,-97.1722898655787,100,100,0.0,0,6,5,7,5,5.0,9,9.0,2.0,1.0
2013-02-09,2012,VfB Stuttgart,Werder Bremen,A,0,2.25,3.5,3.0,1526.0843484086683,1468.0910996043453,57.993248804323,100,100,0.0,0,2,-2,-2,3,3.0,4,4.0,1.3333333333333333,1.3333333333333333
2013-02-09,2012,Borussia Monchengladbach,Bayer Leverkusen,D,1,3.1,3.4,2.25,1564.397789352541,1616.2731696950284,-51.87538034248746,100,100,0.0,-3,-9,-4,-5,8,8.0,7,7.0,1.6666666666666667,0.6666666666666666
2013-02-09,2012,Hannover 96,TSG Hoffenheim,H,2,2.2,3.4,3.2,1496.721376802544,1403.5867603976437,93.13461640490027,100,100,0.0,0,5,7,5,6,6.0,4,4.0,1.3333333333333333,1.3333333333333333
2013-02-09,2012,Greuther Furth,VfL Wolfsburg,A,0,2.88,3.3,2.4,1410.4518314600607,1473.546114537616,-63.09428307755525,100,100,0.0,-3,3,4,3,4,4.0,7,7.0,1.0,1.0
2013-02-09,2012,Ein Frankfurt,FC Nurnberg,D,1,1.83,3.5,4.33,1515.5480346339327,1496.9813407578677,18.566693876065074,100,100,0.0,0,0,0,0,12,12.0,8,8.0,2.0,1.0
2013-02-09,2012,Borussia Dortmund,Hamburg,A,0,1.25,6.0,10.0,1731.1445284099213,1493.131940706345,238.0125877035764,100,100,0.0,4,5,5,-3,12,12.0,7,7.0,2.0,1.0
2013-02-09,2012,Bayern Munich,FC Schalke 04,H,2,1.25,5.5,12.0,1756.475389129403,1529.8789219897203,226.59646713968277,100,100,0.0,6,7,5,6,13,13.0,4,4.0,3.0,0.0
2013-02-10,2012,FC Augsburg,FSV Mainz 05,D,1,2.6,3.2,2.75,1444.622021464864,1529.0889254190788,-84.46690395421479,100,100,0.0,0,0,0,0,6,6.0,7,7.0,2.0,1.0
2013-02-10,2012,SC Freiburg,Fortuna Dusseldorf,H,2,1.62,3.75,5.5,1525.853444518049,1483.8735987740356,41.979845744013346,100,100,0.0,0,0,0,0,8,8.0,6,6.0,1.0,1.0
2013-02-15,2012,VfL Wolfsburg,Bayern Munich,A,0,7.0,4.75,1.4,1490.133496566676,1760.4469161536852,-270.3134195870091,100,100,0.0,-6,-9,-7,-8,7,7.0,13,13.0,0.0,3.0
2013-02-16,2012,Hamburg,Borussia Monchengladbach,H,2,1.91,3.5,4.0,1519.3814377115884,1562.3332689925414,-42.951831280953,100,100,0.0,1,1,0,9,7,7.0,6,6.0,0.6666666666666666,1.6666666666666667
2013-02-16,2012,Borussia Dortmund,Ein Frankfurt,H,2,1.4,4.75,7.5,1704.8950314046779,1510.6189757342954,194.27605567038245,100,100,0.0,5,0,0,-1,12,12.0,10,10.0,1.3333333333333333,1.3333333333333333
2013-02-16,2012,Fortuna Dusseldorf,Greuther Furth,H,2,2.3,3.2,3.2,1474.6834966925155,1393.8644494310006,80.81904726151492,100,100,0.0,0,0,0,0,6,6.0,4,4.0,3.0,0.0
2013-02-16,2012,Werder Bremen,SC Freiburg,A,0,2.0,3.5,3.6,1489.4779256986749,1535.043546599569,-45.565620900894146,100,100,0.0,1,-5,-3,-4,7,7.0,8,8.0,2.3333333333333335,0.3333333333333333
2013-02-16,2012,Bayer Leverkusen,FC Augsburg,H,2,1.5,4.1,6.5,1618.337690055028,1443.9518502523738,174.38583980265412,100,100,0.0,3,3,-1,-2,8,8.0,7,7.0,3.0,0.0
2013-02-16,2012,FSV Mainz 05,FC Schalke 04,D,1,2.25,3.4,3.1,1529.759096631569,1525.9073949654382,3.8517016661307935,100,100,0.0,-3,1,2,1,8,8.0,4,4.0,0.3333333333333333,2.3333333333333335
2013-02-17,2012,FC Nurnberg,Hannover 96,D,1,2.0,3.4,3.75,1501.910399657505,1504.1475959817749,-2.2371963242699167,100,100,0.0,0,0,0,0,6,6.0,6,6.0,0.0,3.0
2013-02-17,2012,TSG Hoffenheim,VfB Stuttgart,A,0,2.25,3.4,3.1,1396.1605412184128,1504.6975223143388,-108.53698109592597,100,100,0.0,-1,-2,-2,1,4,4.0,0,0.0,1.0,2.0
2013-02-22,2012,SC Freiburg,Ein Frankfurt,D,1,2.05,3.4,3.5,1552.374625158931,1505.961417279282,46.41320787964901,100,100,0.0,0,0,0,0,8,8.0,7,7.0,1.3333333333333333,1.3333333333333333
2013-02-23,2012,FC Augsburg,TSG Hoffenheim,H,2,2.1,3.2,3.6,1438.825826484949,1381.5290381623424,57.29678832260652,100,100,0.0,0,5,7,5,6,6.0,4,4.0,0.6666666666666666,1.6666666666666667
2013-02-23,2012,Bayern Munich,Werder Bremen,H,2,1.17,7.0,15.0,1768.631271839457,1472.146847139313,296.484424700144,100,100,0.0,8,11,6,9,15,15.0,6,6.0,3.0,0.0
2013-02-23,2012,Hannover 96,Hamburg,H,2,2.5,3.4,2.7,1508.2603783332643,1531.9403687797342,-23.6799904464699,100,100,0.0,-1,5,5,-2,7,7.0,10,10.0,0.3333333333333333,2.3333333333333335
2013-02-23,2012,FSV Mainz 05,VfL Wolfsburg,D,1,2.0,3.4,3.75,1525.4043853235894,1481.9491408809042,43.45524444268517,100,100,0.0,-3,3,4,3,6,6.0,7,7.0,1.6666666666666667,0.6666666666666666
2013-02-23,2012,FC Schalke 04,Fortuna Dusseldorf,H,2,1.44,4.33,7.0,1530.2621062734179,1482.5129146366944,47.74919163672348,100,100,0.0,3,-1,-2,-1,5,5.0,6,6.0,1.0,1.0
2013-02-23,2012,VfB Stuttgart,FC Nurnberg,D,1,2.1,3.4,3.4,1519.3290253704092,1497.7976173060156,21.531408064393645,100,100,0.0,1,-3,-5,-6,3,3.0,6,6.0,2.3333333333333335,0.3333333333333333
2013-02-24,2012,Greuther Furth,Bayer Leverkusen,D,1,4.75,3.6,1.75,1386.0350314868217,1623.4637138224527,-237.42868233563104,100,100,0.0,-3,-3,1,2,3,3.0,8,8.0,0.0,3.0
2013-02-24,2012,Borussia Monchengladbach,Borussia Dortmund,D,1,5.0,4.0,1.62,1549.7743379243957,1709.5525898596914,-159.77825193529566,100,100,0.0,-5,-6,-5,-6,5,5.0,12,12.0,0.3333333333333333,2.3333333333333335
2013-03-01,2012,Ein Frankfurt,Borussia Monchengladbach,A,0,2.0,3.4,3.75,1511.9331952439898,1552.330003571845,-40.3968083278553,100,100,0.0,0,6,5,7,8,8.0,5,5.0,1.0,2.0
2013-03-02,2012,Werder Bremen,FC Augsburg,A,0,1.83,3.75,4.0,1469.3689822217746,1447.4636386902598,21.905343531514745,100,100,0.0,1,-5,-3,-4,6,6.0,6,6.0,0.6666666666666666,1.6666666666666667
2013-03-02,2012,VfL Wolfsburg,FC Schalke 04,A,0,2.6,3.3,2.63,1487.8130915474067,1539.241865718287,-51.42877417088039,100,100,0.0,0,-2,-2,-2,5,5.0,5,5.0,1.0,2.0
2013-03-02,2012,FC Nurnberg,SC Freiburg,D,1,2.6,3.25,2.75,1502.840530009017,1546.402847194223,-43.56231718520621,100,100,0.0,0,0,0,0,6,6.0,8,8.0,0.3333333333333333,2.3333333333333335
2013-03-02,2012,Hamburg,Greuther Furth,D,1,1.62,3.75,5.5,1520.1833734541563,1391.6770755647024,128.5062978894539,100,100,0.0,1,-5,-5,2,9,9.0,4,4.0,3.0,0.0
2013-03-02,2012,Borussia Dortmund,Hannover 96,H,2,1.3,5.25,9.5,1706.996924212242,1520.0173736588422,186.9795505533998,100,100,0.0,5,0,0,-1,10,10.0,10,10.0,1.3333333333333333,1.3333333333333333
2013-03-02,2012,Bayer Leverkusen,VfB Stuttgart,H,2,1.53,4.33,5.5,1617.821669744572,1514.286112667408,103.53555707716419,100,100,0.0,2,6,4,4,6,6.0,4,4.0,1.6666666666666667,0.6666666666666666
2013-03-03,2012,Fortuna Dusseldorf,FSV Mainz 05,D,1,3.0,3.2,2.4,1473.5331551918252,1519.540434657087,-46.00727946526172,100,100,0.0,0,0,0,0,6,6.0,6,6.0,0.0,3.0
2013-03-03,2012,TSG Hoffenheim,Bayern Munich,A,0,12.0,5.5,1.25,1372.8912259570316,1771.4091367569954,-398.51791079996383,100,100,0.0,-9,-11,-10,-10,3,3.0,15,15.0,0.3333333333333333,2.3333333333333335
2013-03-08,2012,FC Augsburg,FC Nurnberg,A,0,2.1,3.3,3.5,1467.5208655895588,1500.4251271614366,-32.904261571877896,100,100,0.0,0,0,0,0,8,8.0,7,7.0,0.6666666666666666,1.6666666666666667
2013-03-09,2012,Bayern Munich,Fortuna Dusseldorf,H,2,1.1,9.0,21.0,1775.971429850791,1471.2206877264623,304.7507421243288,100,100,0.0,9,6,3,5,15,15.0,7,7.0,3.0,0.0
2013-03-09,2012,SC Freiburg,VfL Wolfsburg,A,0,1.91,3.5,4.0,1548.8182500418034,1470.729658261659,78.08859178014427,100,100,0.0,-3,3,4,3,8,8.0,5,5.0,2.0,1.0
2013-03-09,2012,Borussia Monchengladbach,Werder Bremen,D,1,2.2,3.4,3.2,1569.8783300274606,1449.3117553224756,120.56657470498499,100,100,0.0,-1,-1,-2,-3,5,5.0,6,6.0,1.3333333333333333,1.3333333333333333
2013-03-09,2012,FC Schalke 04,Borussia Dortmund,H,2,3.5,3.6,2.0,1556.3252990040346,1711.822141306531,-155.49684230249636,100,100,0.0,-2,-1,-2,0,7,7.0,10,10.0,1.0,2.0
2013-03-09,2012,Greuther Furth,TSG Hoffenheim,A,0,2.5,3.3,2.75,1400.3294765002531,1368.3289328632359,32.000543637017245,100,100,0.0,0,5,7,5,5,5.0,3,3.0,1.0,1.0
2013-03-09,2012,FSV Mainz 05,Bayer Leverkusen,H,2,3.1,3.3,2.3,1521.85290212245,1624.9184037078012,-103.06550158535129,100,100,0.0,-3,-3,1,2,4,4.0,8,8.0,1.3333333333333333,1.3333333333333333
2013-03-10,2012,Hannover 96,Ein Frankfurt,D,1,2.3,3.5,2.9,1515.1921565645532,1494.3848687883742,20.80728777617901,100,100,0.0,0,0,0,0,7,7.0,5,5.0,2.0,1.0
2013-03-10,2012,VfB Stuttgart,Hamburg,A,0,2.25,3.4,3.1,1507.1893787041788,1511.5309725186055,-4.3415938144266875,100,100,0.0,0,2,0,-8,4,4.0,7,7.0,2.0,1.0
2013-03-15,2012,VfL Wolfsburg,Fortuna Dusseldorf,D,1,1.8,3.5,4.5,1492.8089548188696,1468.560464343746,24.248490475123617,100,100,0.0,3,-3,-4,-3,7,7.0,4,4.0,3.0,0.0
2013-03-16,2012,Hamburg,FC Augsburg,A,0,1.91,3.5,4.0,1530.5595921891736,1449.6595912277403,80.9000009614333,100,100,0.0,1,-5,-5,2,10,10.0,7,7.0,1.3333333333333333,1.3333333333333333
2013-03-16,2012,TSG Hoffenheim,FSV Mainz 05,D,1,2.5,3.3,2.8,1388.7686083022713,1536.9852470303933,-148.216638728122,100,100,0.0,0,-5,-7,-5,3,3.0,7,7.0,1.3333333333333333,1.3333333333333333
2013-03-16,2012,Borussia Dortmund,SC Freiburg,H,2,1.36,4.75,8.5,1694.4463217272541,1526.738953484593,167.70736824266123,100,100,0.0,5,0,0,-1,7,7.0,8,8.0,3.0,0.0
2013-03-16,2012,FC Nurnberg,FC Schalke 04,H,2,3.1,3.4,2.25,1518.286401523255,1573.7011185833114,-55.41471706005632,100,100,0.0,-3,1,2,1,7,7.0,10,10.0,1.0,2.0
2013-03-16,2012,Werder Bremen,Greuther Furth,D,1,1.5,4.33,6.0,1457.7324110328577,1379.8898010612177,77.84260997164006,100,100,0.0,1,-5,-3,-4,4,4.0,2,2.0,1.0,1.0
2013-03-16,2012,Bayer Leverkusen,Bayern Munich,A,0,4.2,3.75,1.8,1609.7860587998578,1778.6316532335074,-168.8455944336497,100,100,0.0,-6,-3,-4,-7,8,8.0,15,15.0,2.0,1.0
2013-03-17,2012,Ein Frankfurt,VfB Stuttgart,A,0,2.0,3.5,3.6,1499.4000328265222,1488.1607590336107,11.23927379291149,100,100,0.0,-1,3,5,6,3,3.0,4,4.0,1.0,2.0
2013-03-17,2012,Borussia Monchengladbach,Hannover 96,H,2,2.0,3.4,3.75,1561.4576743170785,1510.1769925264052,51.28068179067327,100,100,0.0,0,-6,-5,-7,6,6.0,8,8.0,2.0,1.0
2013-03-30,2012,VfB Stuttgart,Borussia Dortmund,A,0,3.8,3.6,1.91,1507.8057005546643,1699.7378132982906,-191.93211274362625,100,100,0.0,-4,-3,-5,-5,7,7.0,10,10.0,1.0,1.0
2013-03-30,2012,FSV Mainz 05,Werder Bremen,D,1,2.05,3.5,3.5,1534.916829287571,1450.6613716505783,84.25545763699279,100,100,0.0,-1,5,3,4,7,7.0,2,2.0,1.0,2.0
2013-03-30,2012,FC Schalke 04,TSG Hoffenheim,H,2,1.57,4.1,5.5,1560.6155228513505,1390.8370260450936,169.77849680625695,100,100,0.0,3,4,5,4,10,10.0,4,4.0,1.3333333333333333,1.3333333333333333
2013-03-30,2012,Fortuna Dusseldorf,Bayer Leverkusen,A,0,4.33,3.6,1.8,1473.7071492977302,1597.7200611523365,-124.01291185460627,100,100,0.0,-3,-3,1,2,5,5.0,7,7.0,0.0,3.0
2013-03-30,2012,Bayern Munich,Hamburg,H,2,1.3,5.5,9.0,1790.6976508810287,1508.3863140746862,282.3113368063425,100,100,0.0,8,11,8,3,15,15.0,7,7.0,2.3333333333333335,0.3333333333333333
2013-03-30,2012,FC Augsburg,Hannover 96,A,0,2.0,3.4,3.75,1471.8328693422277,1501.324616187437,-29.491746845209263,100,100,0.0,0,0,0,0,9,9.0,5,5.0,0.6666666666666666,1.6666666666666667
2013-03-30,2012,SC Freiburg,Borussia Monchengladbach,H,2,2.0,3.4,3.75,1521.4474619135565,1570.3100506560468,-48.86258874249029,100,100,0.0,0,6,5,7,5,5.0,8,8.0,1.6666666666666667,0.6666666666666666
2013-03-31,2012,Greuther Furth,Ein Frankfurt,A,0,3.25,3.25,2.25,1386.960840443497,1479.7550913054686,-92.79425086197148,100,100,0.0,0,0,0,0,3,3.0,2,2.0,1.0,1.0
2013-03-31,2012,VfL Wolfsburg,FC Nurnberg,D,1,2.0,3.5,3.6,1487.6622698648853,1531.371997255216,-43.70972739033073,100,100,0.0,3,-3,-4,-3,5,5.0,9,9.0,2.0,1.0
2013-04-05,2012,TSG Hoffenheim,Fortuna Dusseldorf,H,2,2.0,3.4,3.75,1385.5972937995034,1459.742222436139,-74.14492863663554,100,100,0.0,0,-5,-7,-5,4,4.0,2,2.0,1.0,1.0
2013-04-06,2012,Hamburg,SC Freiburg,A,0,2.3,3.3,3.1,1505.3958488173696,1534.255488201238,-28.859639383868398,100,100,0.0,1,-5,-5,2,4,4.0,5,5.0,1.3333333333333333,1.3333333333333333
2013-04-06,2012,Borussia Monchengladbach,Greuther Furth,H,2,1.62,3.75,5.5,1557.5020243683653,1371.6497878431294,185.85223652523587,100,100,0.0,0,-6,-5,-7,8,8.0,3,3.0,3.0,0.0
2013-04-06,2012,Werder Bremen,FC Schalke 04,A,0,2.6,3.4,2.6,1457.9458693474555,1565.8552550969407,-107.90938574948518,100,100,0.0,-2,-4,-1,-3,3,3.0,12,12.0,0.0,3.0
2013-04-06,2012,Ein Frankfurt,Bayern Munich,A,0,6.0,4.0,1.53,1495.0661439058363,1793.6881161383453,-298.62197223250905,100,100,0.0,-9,-6,-3,-5,5,5.0,15,15.0,0.3333333333333333,2.3333333333333335
2013-04-06,2012,Bayer Leverkusen,VfL Wolfsburg,D,1,1.5,4.33,6.0,1611.6849880139278,1485.2530666289035,126.43192138502422,100,100,0.0,0,6,3,1,7,7.0,6,6.0,1.0,2.0
2013-04-06,2012,Borussia Dortmund,FC Augsburg,H,2,1.3,5.5,9.0,1710.8588916771346,1453.8298956958165,257.0289959813181,100,100,0.0,5,0,0,-1,10,10.0,9,9.0,2.3333333333333335,0.3333333333333333
2013-04-07,2012,Hannover 96,VfB Stuttgart,D,1,2.3,3.3,3.1,1519.3275898338482,1496.6846221758203,22.64296765802783,100,100,0.0,-1,3,5,6,7,7.0,4,4.0,2.0,1.0
2013-04-07,2012,FC Nurnberg,FSV Mainz 05,H,2,2.4,3.2,3.0,1533.7812004911978,1527.6323315906939,6.148868900503885,100,100,0.0,0,0,0,0,9,9.0,7,7.0,0.3333333333333333,2.3333333333333335
2013-04-12,2012,SC Freiburg,Hannover 96,H,2,1.7,3.6,5.0,1552.2846487774668,1514.2421572548137,38.04249152265311,100,100,0.0,0,0,0,0,7,7.0,5,5.0,1.6666666666666667,0.6666666666666666
2013-04-13,2012,FC Schalke 04,Bayer Leverkusen,D,1,2.25,3.4,3.1,1580.513838442027,1603.092552355492,-22.57871391346498,100,100,0.0,0,-4,-1,1,12,12.0,7,7.0,2.0,1.0
2013-04-13,2012,VfL Wolfsburg,TSG Hoffenheim,D,1,2.2,3.3,3.3,1493.8455022873393,1399.4830966402308,94.36240564710852,100,100,0.0,3,2,3,2,6,6.0,7,7.0,1.0,2.0
2013-04-13,2012,Bayern Munich,FC Nurnberg,H,2,1.22,6.0,13.0,1800.9392360982765,1544.3358466457041,256.6033894525724,100,100,0.0,9,6,3,5,15,15.0,11,11.0,2.3333333333333335,0.3333333333333333
2013-04-13,2012,Greuther Furth,Borussia Dortmund,A,0,7.5,4.75,1.4,1366.7982367192162,1714.2646589995104,-347.4664222802942,100,100,0.0,-5,0,0,1,2,2.0,12,12.0,0.0,3.0
2013-04-13,2012,FSV Mainz 05,Hamburg,A,0,2.05,3.4,3.6,1517.0776854361875,1487.3666882411408,29.71099719504673,100,100,0.0,-1,5,5,-2,6,6.0,4,4.0,0.6666666666666666,1.6666666666666667
2013-04-13,2012,Fortuna Dusseldorf,Werder Bremen,D,1,2.8,3.3,2.5,1445.8564195954116,1443.2872860023692,2.569133593042352,100,100,0.0,-1,5,3,4,2,2.0,3,3.0,0.0,3.0
2013-04-14,2012,FC Augsburg,Ein Frankfurt,H,2,2.38,3.25,3.0,1450.4241283734407,1487.815023945905,-37.39089557246439,100,100,0.0,0,0,0,0,6,6.0,4,4.0,0.0,3.0
2013-04-14,2012,VfB Stuttgart,Borussia Monchengladbach,H,2,2.2,3.3,3.3,1501.7700547548548,1562.3535754922784,-60.58352073742367,100,100,0.0,1,3,0,1,4,4.0,10,10.0,1.3333333333333333,1.3333333333333333
2013-04-19,2012,Borussia Monchengladbach,FC Augsburg,H,2,2.3,3.2,3.1,1549.0480581191557,1462.7499599338664,86.29809818528929,100,100,0.0,0,-6,-5,-7,7,7.0,6,6.0,0.6666666666666666,1.6666666666666667
2013-04-20,2012,Hamburg,Fortuna Dusseldorf,H,2,1.83,3.5,4.33,1507.720311210691,1441.5524684165543,66.16784279413673,100,100,0.0,1,-5,-5,2,6,6.0,2,2.0,0.0,3.0
2013-04-20,2012,Ein Frankfurt,FC Schalke 04,H,2,3.0,3.4,2.3,1475.4891923854793,1577.2255414472318,-101.73634906175243,100,100,0.0,-3,1,2,1,4,4.0,10,10.0,0.6666666666666666,1.6666666666666667
2013-04-20,2012,Borussia Dortmund,FSV Mainz 05,H,2,1.44,4.5,6.5,1720.0832253353635,1496.7240624666372,223.35916286872634,100,100,0.0,5,0,0,-1,12,12.0,5,5.0,3.0,0.0
2013-04-20,2012,Hannover 96,Bayern Munich,A,0,5.5,4.0,1.57,1504.906937254804,1804.352407249229,-299.4454699944249,100,100,0.0,-9,-6,-3,-5,5,5.0,15,15.0,1.0,2.0
2013-04-20,2012,Werder Bremen,VfL Wolfsburg,A,0,2.0,3.6,3.5,1447.5912371812265,1486.2322980460951,-38.64106086486868,100,100,0.0,-2,-2,1,-1,4,4.0,7,7.0,1.3333333333333333,1.3333333333333333
2013-04-20,2012,Bayer Leverkusen,TSG Hoffenheim,H,2,1.44,4.5,6.5,1606.3808493502872,1407.096300881475,199.28454846881232,100,100,0.0,3,8,6,3,5,5.0,8,8.0,3.0,0.0
2013-04-21,2012,FC Nurnberg,Greuther Furth,A,0,1.75,3.5,4.75,1540.9226754947517,1360.979670383363,179.94300511138863,100,100,0.0,0,0,0,0,10,10.0,1,1.0,1.0,1.0
2013-04-21,2012,VfB Stuttgart,SC Freiburg,H,2,2.3,3.4,3.0,1515.0755721279775,1561.6198687774765,-46.544296649499074,100,100,0.0,1,-3,-5,-6,7,7.0,9,9.0,2.0,1.0
2013-04-26,2012,Greuther Furth,Hannover 96,A,0,2.3,3.4,3.0,1385.9881794329299,1497.6818506248987,-111.69367119196886,100,100,0.0,0,0,0,0,4,4.0,4,4.0,0.0,3.0
2013-04-27,2012,Fortuna Dusseldorf,Borussia Dortmund,A,0,4.75,4.0,1.67,1433.2253179956626,1724.1194065932502,-290.8940885975876,100,100,0.0,-5,0,0,1,2,2.0,15,15.0,1.0,1.0
2013-04-27,2012,Bayern Munich,SC Freiburg,H,2,1.22,6.0,12.0,1811.5774938791342,1548.9096969989785,262.6677968801557,100,100,0.0,9,6,3,5,15,15.0,9,9.0,2.3333333333333335,0.3333333333333333
2013-04-27,2012,FC Augsburg,VfB Stuttgart,H,2,2.25,3.25,3.25,1455.1016546881926,1527.7857439064755,-72.6840892182829,100,100,0.0,-1,3,5,6,6,6.0,10,10.0,0.0,3.0
2013-04-27,2012,TSG Hoffenheim,FC Nurnberg,H,2,2.0,3.4,3.75,1402.5510536398494,1515.914166445185,-113.3631128053355,100,100,0.0,0,-5,-7,-5,5,5.0,7,7.0,1.0,2.0
2013-04-27,2012,VfL Wolfsburg,Borussia Monchengladbach,H,2,2.1,3.4,3.4,1503.8541746475087,1556.6963633648295,-52.84218871732082,100,100,0.0,3,3,1,4,7,7.0,9,9.0,0.3333333333333333,2.3333333333333335
2013-04-27,2012,Bayer Leverkusen,Werder Bremen,H,2,1.4,4.75,7.0,1610.9260965919127,1429.969360579813,180.95673601209978,100,100,0.0,2,8,2,2,8,8.0,3,3.0,2.3333333333333335,0.3333333333333333
2013-04-28,2012,FSV Mainz 05,Ein Frankfurt,D,1,2.05,3.4,3.5,1492.6878812087505,1490.564155976364,2.123725232386505,100,100,0.0,0,0,0,0,2,2.0,6,6.0,2.0,1.0
2013-04-28,2012,FC Schalke 04,Hamburg,H,2,1.57,4.1,5.5,1562.1505778563471,1516.0474616315828,46.103116224764335,100,100,0.0,2,4,3,-3,7,7.0,6,6.0,2.0,1.0
2013-05-03,2012,Borussia Monchengladbach,FC Schalke 04,A,0,3.5,3.4,2.05,1543.7199183707999,1571.1900696922496,-27.470151321449748,100,100,0.0,-3,-5,-3,-6,6,6.0,10,10.0,1.3333333333333333,1.3333333333333333
2013-05-04,2012,Ein Frankfurt,Fortuna Dusseldorf,H,2,1.8,3.5,4.5,1494.8504540163667,1425.7267940011718,69.1236600151949,100,100,0.0,0,0,0,0,7,7.0,1,1.0,0.0,3.0
2013-05-04,2012,Borussia Dortmund,Bayern Munich,D,1,3.1,3.4,2.25,1731.617930587741,1814.8864842933617,-83.26855370562066,100,100,0.0,-4,-6,-3,-6,15,15.0,15,15.0,2.3333333333333335,0.3333333333333333
2013-05-04,2012,VfB Stuttgart,Greuther Furth,A,0,1.67,3.75,5.0,1513.9626426354628,1371.49284525371,142.46979738175287,100,100,0.0,1,-3,-5,-6,7,7.0,3,3.0,3.0,0.0
2013-05-04,2012,FC Nurnberg,Bayer Leverkusen,A,0,3.75,3.6,1.91,1500.337518812508,1615.8933533074064,-115.55583449489836,100,100,0.0,-3,-3,1,2,4,4.0,11,11.0,1.0,2.0
2013-05-04,2012,Werder Bremen,TSG Hoffenheim,D,1,2.1,3.6,3.2,1425.0021038643192,1418.1277012725263,6.874402591792887,100,100,0.0,1,0,4,1,2,2.0,7,7.0,2.3333333333333335,0.3333333333333333
2013-05-04,2012,Hannover 96,FSV Mainz 05,D,1,2.38,3.4,2.9,1512.1771848041187,1488.4015831687477,23.775601635371004,100,100,0.0,0,0,0,0,7,7.0,2,2.0,0.6666666666666666,1.6666666666666667
2013-05-05,2012,SC Freiburg,FC Augsburg,H,2,1.91,3.4,4.0,1545.600706584751,1468.9247559592054,76.67595062554551,100,100,0.0,0,0,0,0,9,9.0,6,6.0,1.6666666666666667,0.6666666666666666
2013-05-05,2012,Hamburg,VfL Wolfsburg,D,1,2.2,3.4,3.2,1507.0079697956803,1516.8306196415383,-9.822649845857995,100,100,0.0,-2,-2,-1,5,6,6.0,9,9.0,0.6666666666666666,1.6666666666666667
2013-05-11,2012,VfL Wolfsburg,Borussia Dortmund,D,1,4.0,3.6,1.85,1520.6387563365465,1730.8961338700908,-210.2573775335443,100,100,0.0,-2,-3,-4,-2,9,9.0,13,13.0,1.0,2.0
2013-05-11,2012,Werder Bremen,Ein Frankfurt,D,1,2.2,3.6,3.0,1420.5281950140848,1503.0756341917343,-82.5474391776495,100,100,0.0,1,-5,-3,-4,2,2.0,7,7.0,0.6666666666666666,1.6666666666666667
2013-05-11,2012,FC Schalke 04,VfB Stuttgart,A,0,1.36,4.75,8.5,1589.2767261125612,1489.9172966986846,99.35942941387657,100,100,0.0,2,2,3,5,10,10.0,7,7.0,1.0,2.0
2013-05-11,2012,FSV Mainz 05,Borussia Monchengladbach,A,0,2.2,3.3,3.3,1493.53024699072,1525.6332619504883,-32.103014959768416,100,100,0.0,0,6,5,7,2,2.0,6,6.0,0.0,3.0
2013-05-11,2012,Bayer Leverkusen,Hannover 96,H,2,1.3,5.5,9.0,1630.2222023596178,1507.0485209821466,123.17368137747121,100,100,0.0,3,3,-1,-2,11,11.0,5,5.0,1.3333333333333333,1.3333333333333333
2013-05-11,2012,Greuther Furth,SC Freiburg,A,0,4.5,3.75,1.75,1395.538191190488,1553.5689049367031,-158.03071374621504,100,100,0.0,0,0,0,0,6,6.0,9,9.0,0.0,3.0
2013-05-11,2012,Fortuna Dusseldorf,FC Nurnberg,A,0,1.85,3.5,4.2,1417.5016138258043,1486.0086697602967,-68.50705593449243,100,100,0.0,0,0,0,0,1,1.0,3,3.0,0.0,3.0
2013-05-11,2012,Bayern Munich,FC Augsburg,H,2,1.2,6.5,13.0,1815.608281011012,1460.9565576072532,354.65172340375875,100,100,0.0,9,6,3,5,13,13.0,6,6.0,3.0,0.0
2013-05-11,2012,TSG Hoffenheim,Hamburg,A,0,1.83,3.75,4.0,1422.6016101227608,1503.199833100672,-80.59822297791129,100,100,0.0,-1,0,-2,-7,8,8.0,7,7.0,1.0,2.0
2013-05-18,2012,Hannover 96,Fortuna Dusseldorf,H,2,2.3,3.6,2.8,1500.5459377890463,1401.1456657412884,99.40027204775788,100,100,0.0,0,0,0,0,4,4.0,1,1.0,0.0,3.0
2013-05-18,2012,VfB Stuttgart,FSV Mainz 05,D,1,2.05,3.6,3.3,1512.6894930458197,1475.6356534408565,37.05383960496329,100,100,0.0,1,-3,-5,-6,9,9.0,2,2.0,1.0,2.0
2013-05-18,2012,FC Nurnberg,Werder Bremen,H,2,2.5,3.6,2.6,1502.3646178448125,1419.7753405150247,82.58927732978782,100,100,0.0,-1,5,3,4,3,3.0,3,3.0,1.6666666666666667,0.6666666666666666
2013-05-18,2012,Borussia Dortmund,TSG Hoffenheim,A,0,1.33,5.0,8.5,1726.2895526869745,1406.7648376964517,319.52471499052285,100,100,0.0,5,5,7,4,11,11.0,5,5.0,2.0,1.0
2013-05-18,2012,Borussia Monchengladbach,Bayern Munich,A,0,7.0,4.33,1.44,1543.5278555003517,1817.649497039512,-274.12164153916024,100,100,0.0,-9,-12,-8,-12,6,6.0,13,13.0,2.3333333333333335,0.3333333333333333
2013-05-18,2012,SC Freiburg,FC Schalke 04,A,0,2.75,3.5,2.4,1566.08655866539,1566.504529765426,-0.41797110003608395,100,100,0.0,-3,1,2,1,9,9.0,7,7.0,2.0,1.0
2013-05-18,2012,FC Augsburg,Greuther Furth,H,2,1.5,4.33,6.0,1458.9153415787532,1383.0205374618013,75.89480411695195,100,100,0.0,0,0,0,0,6,6.0,6,6.0,1.0,1.0
2013-05-18,2012,Hamburg,Bayer Leverkusen,A,0,3.0,4.0,2.1,1519.0366055269812,1636.724785552718,-117.68818002573676,100,100,0.0,-2,-8,-4,4,10,10.0,13,13.0,0.6666666666666666,1.6666666666666667
2013-05-18,2012,Ein Frankfurt,VfL Wolfsburg,D,1,2.0,3.6,3.5,1503.8284886907943,1525.2453375196628,-21.416848828868524,100,100,0.0,-3,3,4,3,8,8.0,9,9.0,2.3333333333333335,0.3333333333333333
2013-08-09,2013,Bayern Munich,Borussia Monchengladbach,H,2,1.13,8.5,19.0,1825.7040348969635,1535.4733176429002,290.2307172540634,100,100,0.0,8,9,7,11,13,13.0,6,6.0,1.3333333333333333,1.3333333333333333
2013-08-10,2013,Hannover 96,VfL Wolfsburg,H,2,2.6,3.4,2.6,1507.7724516103617,1528.5813504649348,-20.808898854573044,100,100,0.0,-1,-3,-1,1,7,7.0,9,9.0,3.0,0.0
2013-08-10,2013,Braunschweig,Werder Bremen,A,0,2.7,3.4,2.5,1500.0,1412.0047405997643,87.99525940023568,100,100,0.0,0,1,1,2,0,0.0,2,2.0,1.5,1.5
2013-08-10,2013,FC Augsburg,Borussia Dortmund,A,0,7.0,4.33,1.44,1466.9098810567107,1698.7506815120944,-231.84080045538371,100,100,0.0,-5,-5,-5,-5,6,6.0,8,8.0,0.3333333333333333,2.3333333333333335
2013-08-10,2013,Hertha BSC,Ein Frankfurt,H,2,2.2,3.4,3.2,1405.5039473643951,1500.4924757455224,-94.98852838112725,100,100,0.0,0,0,0,0,4,4.0,9,9.0,1.5,1.5
2013-08-10,2013,Bayer Leverkusen,SC Freiburg,H,2,1.44,4.5,6.5,1650.9617845270475,1546.9012434695699,104.06054105747762,100,100,0.0,2,-1,0,4,15,15.0,6,6.0,1.3333333333333333,1.3333333333333333
2013-08-10,2013,TSG Hoffenheim,FC Nurnberg,D,1,2.1,3.3,3.5,1434.3037088713318,1510.135217760073,-75.83150888874115,100,100,0.0,0,-5,-7,-5,7,7.0,6,6.0,1.0,2.0
2013-08-11,2013,FC Schalke 04,Hamburg,D,1,1.44,4.33,7.0,1585.689844961246,1504.7996065526518,80.89023840859431,100,100,0.0,3,3,2,9,9,9.0,7,7.0,2.0,1.0
2013-08-11,2013,FSV Mainz 05,VfB Stuttgart,H,2,2.4,3.4,2.8,1481.2637982056046,1507.0613482810716,-25.797550075466916,100,100,0.0,0,0,1,-3,3,3.0,7,7.0,1.3333333333333333,1.3333333333333333
2013-08-17,2013,VfB Stuttgart,Bayer Leverkusen,A,0,3.5,3.25,2.1,1495.217089969393,1658.0421582195254,-162.8250682501323,100,100,0.0,-2,1,-1,-1,4,4.0,15,15.0,0.6666666666666666,1.6666666666666667
2013-08-17,2013,Werder Bremen,FC Augsburg,H,2,1.91,3.5,4.0,1434.4119734846306,1457.3435658202898,-22.93159233565916,100,100,0.0,0,-1,-1,-2,5,5.0,6,6.0,0.3333333333333333,2.3333333333333335
2013-08-17,2013,Ein Frankfurt,Bayern Munich,A,0,10.0,5.25,1.29,1485.7088233635986,1828.5739817323633,-342.8651583687647,100,100,0.0,-8,-9,-7,-8,6,6.0,13,13.0,0.3333333333333333,2.3333333333333335
2013-08-17,2013,SC Freiburg,FSV Mainz 05,A,0,2.25,3.4,3.1,1539.820869777092,1493.108056517283,46.712813259808854,100,100,0.0,0,0,0,0,6,6.0,6,6.0,0.6666666666666666,1.6666666666666667
2013-08-17,2013,Hamburg,TSG Hoffenheim,A,0,2.0,3.6,3.5,1511.9725595697498,1433.2619510271438,78.710608542606,100,100,0.0,0,5,5,4,5,5.0,8,8.0,2.0,1.0
2013-08-17,2013,Borussia Monchengladbach,Hannover 96,H,2,1.83,3.5,4.33,1532.6033708075004,1519.4114993339344,13.191871473565925,100,100,0.0,0,1,2,-6,3,3.0,10,10.0,2.0,1.0
2013-08-17,2013,VfL Wolfsburg,FC Schalke 04,H,2,2.88,3.3,2.4,1516.942302741362,1578.516891944148,-61.574589202786,100,100,0.0,-2,-1,-1,-6,6,6.0,10,10.0,0.0,3.0
2013-08-18,2013,Borussia Dortmund,Braunschweig,H,2,1.17,7.5,13.0,1708.3169967485153,1477.5927671151337,230.72422963338158,100,100,0.0,5,5,5,5,8,8.0,0,0.0,1.5,1.5
2013-08-18,2013,FC Nurnberg,Hertha BSC,D,1,2.3,3.4,3.0,1511.1769756042609,1420.2875997463188,90.88937585794201,100,100,0.0,0,0,0,0,7,7.0,7,7.0,3.0,0.0
2013-08-23,2013,Borussia Dortmund,Werder Bremen,H,2,1.2,6.5,13.0,1712.2073607907141,1446.1381825482151,266.069178242499,100,100,0.0,5,6,6,7,8,8.0,8,8.0,3.0,0.0
2013-08-24,2013,FSV Mainz 05,VfL Wolfsburg,H,2,2.63,3.4,2.6,1514.0907155707487,1530.2900754564853,-16.199359885736612,100,100,0.0,-1,-2,1,-2,8,8.0,6,6.0,1.6666666666666667,0.6666666666666666
2013-08-24,2013,Bayer Leverkusen,Borussia Monchengladbach,H,2,1.67,3.8,5.0,1670.3589632155185,1542.8823457322867,127.47661748323185,100,100,0.0,2,-1,0,7,15,15.0,6,6.0,0.6666666666666666,1.6666666666666667
2013-08-24,2013,TSG Hoffenheim,SC Freiburg,D,1,1.75,3.75,4.5,1455.3621029714427,1518.8382107236264,-63.47610775218368,100,100,0.0,0,-5,-7,-5,8,8.0,6,6.0,1.3333333333333333,1.3333333333333333
2013-08-24,2013,Bayern Munich,FC Nurnberg,H,2,1.1,9.0,26.0,1834.5177810981907,1503.6756521787581,330.8421289194325,100,100,0.0,8,9,7,8,13,13.0,8,8.0,2.3333333333333335,0.3333333333333333
2013-08-24,2013,Hannover 96,FC Schalke 04,H,2,2.63,3.4,2.6,1509.1325244091481,1565.1691192290248,-56.036594819876655,100,100,0.0,-3,-4,-2,-5,7,7.0,7,7.0,0.3333333333333333,2.3333333333333335
2013-08-24,2013,Hertha BSC,Hamburg,H,2,1.91,3.6,3.8,1427.7889231718216,1489.872407625451,-62.08348445362935,100,100,0.0,0,0,2,1,7,7.0,5,5.0,0.5,2.0
2013-08-25,2013,FC Augsburg,VfB Stuttgart,H,2,2.3,3.4,3.0,1445.6173567567052,1482.9002849734,-37.2829282166947,100,100,0.0,0,0,1,-3,3,3.0,4,4.0,1.0,2.0
2013-08-25,2013,Braunschweig,Ein Frankfurt,A,0,2.7,3.4,2.5,1473.7024030729349,1479.7650239977713,-6.0626209248364376,100,100,0.0,0,0,0,0,0,0.0,5,5.0,1.5,1.5
2013-08-27,2013,SC Freiburg,Bayern Munich,D,1,13.0,5.5,1.25,1520.409290779611,1836.8356762492233,-316.42638546961234,100,100,0.0,-8,-9,-7,-8,4,4.0,15,15.0,0.3333333333333333,2.3333333333333335
2013-08-31,2013,Hamburg,Braunschweig,H,2,1.75,3.75,4.5,1476.502927214078,1454.7428177648553,21.760109449222682,100,100,0.0,0,0,-2,-1,4,4.0,0,0.0,1.5,1.5
2013-08-31,2013,Hannover 96,FSV Mainz 05,H,2,2.4,3.5,2.75,1522.244537441305,1525.5413159344275,-3.296778493122474,100,100,0.0,0,-1,-2,3,9,9.0,10,10.0,0.6666666666666666,1.6666666666666667
2013-08-31,2013,Borussia Monchengladbach,Werder Bremen,H,2,1.75,3.75,4.5,1536.5050325113266,1442.8863973054256,93.618635205901,100,100,0.0,0,1,1,-1,6,6.0,7,7.0,0.6666666666666666,1.6666666666666667
2013-08-31,2013,FC Nurnberg,FC Augsburg,A,0,2.5,3.3,2.8,1501.3577570277255,1457.938675392792,43.41908163493349,100,100,0.0,0,0,0,0,8,8.0,6,6.0,1.6666666666666667,0.6666666666666666
2013-08-31,2013,FC Schalke 04,Bayer Leverkusen,H,2,3.2,3.5,2.15,1552.0571061968678,1676.7362764364786,-124.67917023961081,100,100,0.0,1,4,0,4,4,4.0,15,15.0,1.3333333333333333,1.3333333333333333
2013-08-31,2013,VfL Wolfsburg,Hertha BSC,H,2,1.91,3.6,3.75,1518.8394750928064,1441.1584035831945,77.68107150961191,100,100,0.0,1,2,-1,2,5,5.0,10,10.0,1.5,1.5
2013-09-01,2013,VfB Stuttgart,TSG Hoffenheim,H,2,2.3,3.5,2.9,1470.5789663373132,1453.7910229154581,16.78794342185506,100,100,0.0,0,5,6,8,4,4.0,8,8.0,2.0,1.0
2013-09-01,2013,Ein Frankfurt,Borussia Dortmund,A,0,6.0,4.33,1.5,1498.724609305851,1715.4591460335037,-216.73453672765277,100,100,0.0,-5,-5,-5,-5,5,5.0,10,10.0,0.3333333333333333,2.3333333333333335
2013-09-13,2013,Hertha BSC,VfB Stuttgart,A,0,2.15,3.4,3.3,1433.2240174051185,1480.7185247587197,-47.49450735360119,100,100,0.0,0,0,1,-3,10,10.0,4,4.0,1.5,1.5
2013-09-14,2013,FC Augsburg,SC Freiburg,H,2,2.0,3.4,3.75,1478.8013033352793,1528.706712467919,-49.90540913263976,100,100,0.0,0,0,0,0,9,9.0,2,2.0,0.3333333333333333,2.3333333333333335
2013-09-14,2013,Bayern Munich,Hannover 96,H,2,1.13,8.5,21.0,1828.5382545609152,1533.174097137811,295.3641574231042,100,100,0.0,8,10,9,5,13,13.0,12,12.0,3.0,0.0
2013-09-14,2013,Borussia Dortmund,Hamburg,H,2,1.25,6.0,11.0,1725.6007682173795,1486.451258622537,239.14950959484258,100,100,0.0,5,5,7,6,12,12.0,4,4.0,1.0,2.0
2013-09-14,2013,Bayer Leverkusen,VfL Wolfsburg,H,2,1.8,3.75,4.2,1660.6725794021713,1526.7738612708824,133.8987181312889,100,100,0.0,1,-3,1,2,12,12.0,7,7.0,0.3333333333333333,2.3333333333333335
2013-09-14,2013,FSV Mainz 05,FC Schalke 04,A,0,2.6,3.4,2.6,1514.6117562379216,1568.1208032311752,-53.509046993253605,100,100,0.0,-3,-3,0,-8,10,10.0,7,7.0,0.6666666666666666,1.6666666666666667
2013-09-14,2013,Werder Bremen,Ein Frankfurt,A,0,2.45,3.3,2.8,1435.4757364598186,1488.582987121975,-53.1072506621565,100,100,0.0,0,-1,-1,-2,6,6.0,4,4.0,0.6666666666666666,1.6666666666666667
2013-09-15,2013,Braunschweig,FC Nurnberg,D,1,2.7,3.25,2.6,1444.7944863563964,1480.4951290852382,-35.700642728841785,100,100,0.0,0,0,0,0,0,0.0,5,5.0,1.5,1.5
2013-09-15,2013,TSG Hoffenheim,Borussia Monchengladbach,H,2,2.6,3.4,2.6,1443.6514644940517,1543.9156933569336,-100.26422886288196,100,100,0.0,0,-5,-7,-2,8,8.0,6,6.0,1.3333333333333333,1.3333333333333333
2013-09-20,2013,Borussia Monchengladbach,Braunschweig,H,2,1.36,4.75,8.0,1528.9042856821177,1442.049724954352,86.8545607277656,100,100,0.0,0,0,0,-3,6,6.0,1,1.0,1.5,1.5
2013-09-21,2013,FC Schalke 04,Bayern Munich,A,0,5.5,4.33,1.53,1585.1160843246503,1831.332417331519,-246.2163330068688,100,100,0.0,-5,-6,-7,0,7,7.0,13,13.0,0.0,3.0
2013-09-21,2013,VfL Wolfsburg,TSG Hoffenheim,H,2,1.73,4.0,4.2,1520.5802185250523,1458.6628721688676,61.91734635618468,100,100,0.0,1,7,6,7,6,6.0,8,8.0,1.3333333333333333,1.3333333333333333
2013-09-21,2013,FC Nurnberg,Borussia Dortmund,D,1,8.0,5.25,1.33,1483.2398904872825,1729.3298467702793,-246.0899562829968,100,100,0.0,-5,-5,-5,-5,3,3.0,15,15.0,0.3333333333333333,2.3333333333333335
2013-09-21,2013,Hannover 96,FC Augsburg,H,2,2.5,3.3,2.75,1530.3799343672072,1491.6534095765844,38.72652479062276,100,100,0.0,0,-1,-2,3,9,9.0,9,9.0,2.3333333333333335,0.3333333333333333
2013-09-21,2013,Hamburg,Werder Bremen,A,0,1.95,3.4,3.9,1482.722180069637,1418.4634179893078,64.25876208032923,100,100,0.0,0,1,-1,1,4,4.0,6,6.0,1.0,2.0
2013-09-21,2013,FSV Mainz 05,Bayer Leverkusen,A,0,3.5,3.5,2.05,1497.6164751444464,1666.8662221480015,-169.24974700355506,100,100,0.0,-2,1,0,-4,9,9.0,12,12.0,1.3333333333333333,1.3333333333333333
2013-09-22,2013,SC Freiburg,Hertha BSC,D,1,2.38,3.4,2.9,1515.854606226614,1415.97427370778,99.88033251883394,100,100,0.0,0,0,0,0,2,2.0,7,7.0,2.0,0.5
2013-09-22,2013,VfB Stuttgart,Ein Frankfurt,D,1,2.15,3.4,3.3,1497.9682684560582,1505.5953055924858,-7.627037136427589,100,100,0.0,0,0,-1,3,6,6.0,6,6.0,3.0,0.0
2013-09-27,2013,FC Augsburg,Borussia Monchengladbach,D,1,2.5,3.25,2.8,1482.3434909246462,1536.5343517650074,-54.19086084036121,100,100,0.0,0,0,0,3,9,9.0,9,9.0,0.6666666666666666,1.6666666666666667
2013-09-28,2013,Bayern Munich,VfL Wolfsburg,H,2,1.14,8.0,15.0,1840.367793551616,1529.0553597648282,311.3124337867878,100,100,0.0,7,7,8,6,13,13.0,9,9.0,3.0,0.0
2013-09-28,2013,Borussia Dortmund,SC Freiburg,H,2,1.18,7.0,13.0,1723.3698170608222,1508.065971269919,215.30384579090332,100,100,0.0,5,5,5,5,13,13.0,3,3.0,3.0,0.0
2013-09-28,2013,Ein Frankfurt,Hamburg,D,1,1.8,3.6,4.33,1509.4919816454983,1461.1156024271063,48.376379218392,100,100,0.0,0,0,2,1,7,7.0,3,3.0,2.0,1.0
2013-09-28,2013,Hertha BSC,FSV Mainz 05,H,2,2.0,3.6,3.5,1423.762908664475,1485.5672547650825,-61.80434610060752,100,100,0.0,0,0,0,0,5,5.0,6,6.0,2.0,0.5
2013-09-28,2013,TSG Hoffenheim,FC Schalke 04,D,1,2.8,3.3,2.5,1450.1877309290917,1576.0807081045534,-125.89297717546174,100,100,0.0,-3,-8,-7,-13,7,7.0,6,6.0,1.3333333333333333,1.3333333333333333
2013-09-28,2013,Bayer Leverkusen,Hannover 96,H,2,1.33,5.0,9.0,1678.9154425273655,1539.6898530191454,139.22558950822008,100,100,0.0,2,0,2,1,12,12.0,9,9.0,2.0,1.0
2013-09-29,2013,Werder Bremen,FC Nurnberg,D,1,2.05,3.5,3.4,1440.0699956318385,1489.1999201967396,-49.1299245649011,100,100,0.0,0,-1,-1,-2,6,6.0,3,3.0,0.3333333333333333,2.3333333333333335
2013-09-29,2013,Braunschweig,VfB Stuttgart,A,0,4.0,3.5,1.91,1434.4196588714624,1494.0715924030458,-59.65193353158338,100,100,0.0,0,0,1,-3,1,1.0,7,7.0,1.5,1.5
2013-10-04,2013,Hannover 96,Hertha BSC,D,1,2.25,3.4,3.1,1533.6455654641932,1437.1204811456118,96.52508431858132,100,100,0.0,0,-1,-2,3,9,9.0,7,7.0,2.0,0.5
2013-10-05,2013,Borussia Monchengladbach,Borussia Dortmund,H,2,5.0,3.75,1.67,1538.500709920526,1727.5707386711724,-189.07002875064632,100,100,0.0,-5,-5,-5,-8,7,7.0,13,13.0,0.3333333333333333,2.3333333333333335
2013-10-05,2013,Bayer Leverkusen,Bayern Munich,D,1,5.0,4.2,1.6,1684.9597300823177,1842.9378563153693,-157.97812623305163,100,100,0.0,-6,-10,-7,-4,12,12.0,13,13.0,2.0,1.0
2013-10-05,2013,FSV Mainz 05,TSG Hoffenheim,D,1,2.25,3.5,3.0,1472.2096822839455,1451.3035555711153,20.9061267128302,100,100,0.0,0,5,7,5,3,3.0,5,5.0,1.6666666666666667,0.6666666666666666
2013-10-05,2013,VfB Stuttgart,Werder Bremen,D,1,1.7,3.8,4.75,1510.8057695103666,1437.889318533752,72.91645097661467,100,100,0.0,0,1,0,5,10,10.0,4,4.0,1.3333333333333333,1.3333333333333333
2013-10-05,2013,VfL Wolfsburg,Braunschweig,A,0,1.29,5.5,9.5,1526.4852970010747,1417.6854817641415,108.79981523693323,100,100,0.0,1,2,-1,2,6,6.0,1,1.0,1.5,1.5
2013-10-05,2013,FC Schalke 04,FC Augsburg,H,2,1.73,3.8,4.5,1574.9648834625298,1480.3771327691275,94.58775069340231,100,100,0.0,3,3,0,8,7,7.0,10,10.0,1.6666666666666667,0.6666666666666666
2013-10-06,2013,SC Freiburg,Ein Frankfurt,D,1,2.7,3.4,2.5,1503.8650496595687,1503.4490414347376,0.4160082248311028,100,100,0.0,0,0,0,0,3,3.0,8,8.0,0.6666666666666666,1.6666666666666667
2013-10-06,2013,FC Nurnberg,Hamburg,A,0,2.38,3.5,2.8,1491.3805972948262,1467.158542637867,24.222054656959244,100,100,0.0,0,0,2,1,3,3.0,4,4.0,1.6666666666666667,0.6666666666666666
2013-10-18,2013,TSG Hoffenheim,Bayer Leverkusen,A,0,3.25,3.6,2.1,1456.3225094527754,1687.4398680916102,-231.11735863883473,100,100,0.0,-2,-4,-7,-9,5,5.0,10,10.0,0.0,3.0
2013-10-19,2013,Werder Bremen,SC Freiburg,D,1,1.95,3.4,3.8,1444.793838408992,1499.6465541167563,-54.85271570776422,100,100,0.0,0,-1,-1,-2,5,5.0,3,3.0,1.3333333333333333,1.3333333333333333
2013-10-19,2013,Ein Frankfurt,FC Nurnberg,D,1,1.57,4.0,5.5,1507.66753697755,1471.234919329317,36.43261764823296,100,100,0.0,0,0,0,0,6,6.0,3,3.0,1.3333333333333333,1.3333333333333333
2013-10-19,2013,Hertha BSC,Borussia Monchengladbach,H,2,2.38,3.4,2.9,1444.8027839682795,1557.2640849353445,-112.46130096706497,100,100,0.0,0,0,0,3,5,5.0,10,10.0,0.5,2.0
2013-10-19,2013,Borussia Dortmund,Hannover 96,H,2,1.22,6.5,11.0,1708.807363656354,1525.9632626415255,182.84410101482854,100,100,0.0,5,6,7,2,10,10.0,7,7.0,2.3333333333333335,0.3333333333333333
2013-10-19,2013,Braunschweig,FC Schalke 04,A,0,4.75,3.6,1.73,1440.7516178740848,1582.34445888125,-141.59284100716513,100,100,0.0,-3,-3,0,-8,4,4.0,10,10.0,1.5,1.5
2013-10-19,2013,Bayern Munich,FSV Mainz 05,H,2,1.1,9.0,23.0,1840.457718306077,1467.1907284022855,373.26698990379145,100,100,0.0,8,9,7,8,11,11.0,1,1.0,2.3333333333333335,0.3333333333333333
2013-10-20,2013,FC Augsburg,VfL Wolfsburg,A,0,2.38,3.4,2.88,1472.9975573504073,1503.4191608911315,-30.421603540724163,100,100,0.0,-1,-2,1,-2,7,7.0,6,6.0,1.6666666666666667,0.6666666666666666
2013-10-20,2013,Hamburg,VfB Stuttgart,D,1,2.3,3.4,3.0,1487.304220603376,1503.9012496351265,-16.59702903175048,100,100,0.0,0,0,-1,-4,7,7.0,11,11.0,1.0,2.0
2013-10-25,2013,VfB Stuttgart,FC Nurnberg,D,1,1.62,4.0,5.0,1507.4344374465234,1476.84000416446,30.59443328206339,100,100,0.0,0,0,-1,3,9,9.0,4,4.0,2.3333333333333335,0.3333333333333333
2013-10-26,2013,Bayer Leverkusen,FC Augsburg,H,2,1.5,4.33,6.0,1697.0333387467122,1455.0331404205988,242.00019832611338,100,100,0.0,2,-1,0,4,13,13.0,4,4.0,3.0,0.0
2013-10-26,2013,FSV Mainz 05,Braunschweig,H,2,1.57,4.1,5.25,1465.3441661304173,1427.5387957279077,37.80537040250965,100,100,0.0,0,0,0,0,1,1.0,4,4.0,1.5,1.5
2013-10-26,2013,Bayern Munich,Hertha BSC,H,2,1.1,9.0,21.0,1842.304280577945,1460.3405510020252,381.96372957591984,100,100,0.0,8,9,7,8,13,13.0,8,8.0,3.0,0.0
2013-10-26,2013,Hannover 96,TSG Hoffenheim,A,0,2.3,3.5,2.9,1521.0408738567678,1446.7290387976734,74.31183505909439,100,100,0.0,0,4,5,8,4,4.0,5,5.0,1.3333333333333333,1.3333333333333333
2013-10-26,2013,FC Schalke 04,Borussia Dortmund,A,0,4.2,3.6,1.83,1595.557281027427,1713.7297524411117,-118.17247141368466,100,100,0.0,-2,-2,-5,3,10,10.0,10,10.0,2.0,1.0
2013-10-26,2013,VfL Wolfsburg,Werder Bremen,H,2,1.62,3.75,5.5,1521.38357782094,1442.8555707596329,78.52800706130711,100,100,0.0,1,3,0,4,6,6.0,6,6.0,2.3333333333333335,0.3333333333333333
2013-10-27,2013,Borussia Monchengladbach,Ein Frankfurt,H,2,2.05,3.5,3.4,1541.7263179015988,1502.0624521424072,39.663865759191594,100,100,0.0,0,0,0,-3,7,7.0,7,7.0,3.0,0.0
2013-10-27,2013,SC Freiburg,Hamburg,A,0,2.6,3.4,2.6,1501.5848217661155,1483.7710327919792,17.813788974136287,100,100,0.0,0,0,2,1,3,3.0,5,5.0,2.3333333333333335,0.3333333333333333
2013-11-01,2013,Borussia Dortmund,VfB Stuttgart,H,2,1.22,6.0,12.0,1727.9458984668145,1502.047562256786,225.89833621002845,100,100,0.0,5,5,6,2,10,10.0,7,7.0,1.6666666666666667,0.6666666666666666
2013-11-02,2013,Ein Frankfurt,VfL Wolfsburg,A,0,2.3,3.4,3.0,1492.7871429517131,1529.2895445990632,-36.5024016473501,100,100,0.0,-1,-2,1,-2,4,4.0,9,9.0,1.6666666666666667,0.6666666666666666
2013-11-02,2013,Hamburg,Borussia Monchengladbach,A,0,2.3,3.5,2.9,1503.6710755205277,1551.001627092293,-47.33055157176523,100,100,0.0,0,0,-2,2,8,8.0,10,10.0,1.6666666666666667,0.6666666666666666
2013-11-02,2013,Braunschweig,Bayer Leverkusen,H,2,7.0,4.33,1.44,1418.1947961849542,1700.709159634491,-282.51436344953686,100,100,0.0,-2,1,0,-4,3,3.0,13,13.0,1.5,1.5
2013-11-02,2013,TSG Hoffenheim,Bayern Munich,A,0,12.0,6.0,1.25,1468.6809501336907,1844.0659701523232,-375.38502001863253,100,100,0.0,-8,-14,-14,-13,5,5.0,13,13.0,0.0,3.0
2013-11-02,2013,FC Nurnberg,SC Freiburg,A,0,2.0,3.4,3.75,1482.2268793541973,1481.684779037567,0.5421003166302398,100,100,0.0,0,0,0,0,4,4.0,3,3.0,0.6666666666666666,1.6666666666666667
2013-11-02,2013,Hertha BSC,FC Schalke 04,A,0,2.3,3.4,3.0,1458.578861427647,1581.3411350017243,-122.7622735740772,100,100,0.0,-3,-3,0,-8,8,8.0,7,7.0,0.0,3.0
2013-11-03,2013,FC Augsburg,FSV Mainz 05,H,2,2.0,3.5,3.6,1451.35731953282,1474.6881656733708,-23.330846140550875,100,100,0.0,0,0,0,0,1,1.0,4,4.0,1.3333333333333333,1.3333333333333333
2013-11-03,2013,Werder Bremen,Hannover 96,H,2,2.25,3.5,3.0,1434.9496039815097,1499.0889625207506,-64.1393585392409,100,100,0.0,0,0,1,-5,6,6.0,4,4.0,2.0,1.0
2013-11-08,2013,Hannover 96,Braunschweig,D,1,1.62,3.8,5.5,1485.6317162387402,1440.4217129984816,45.21000324025863,100,100,0.0,0,-1,-2,3,1,1.0,6,6.0,1.5,1.5
2013-11-09,2013,FC Schalke 04,Werder Bremen,H,2,1.57,4.0,5.5,1595.3598122735775,1448.40685026352,146.9529620100575,100,100,0.0,3,4,1,10,10,10.0,6,6.0,3.0,0.0
2013-11-09,2013,VfL Wolfsburg,Borussia Dortmund,H,2,4.5,3.8,1.73,1547.0008362231454,1731.9312936571362,-184.9304574339908,100,100,0.0,-4,-3,-6,-3,9,9.0,12,12.0,1.3333333333333333,1.3333333333333333
2013-11-09,2013,Borussia Monchengladbach,FC Nurnberg,H,2,1.53,4.1,6.0,1568.258289608662,1463.0033710537991,105.2549185548628,100,100,0.0,0,0,0,-3,10,10.0,3,3.0,0.0,3.0
2013-11-09,2013,Bayern Munich,FC Augsburg,H,2,1.13,8.0,19.0,1849.167594386145,1463.0999487999518,386.0676455861933,100,100,0.0,8,9,7,8,13,13.0,4,4.0,3.0,0.0
2013-11-09,2013,Bayer Leverkusen,Hamburg,H,2,1.5,4.33,6.0,1678.4822428209636,1486.4144130041586,192.067829816805,100,100,0.0,2,-1,2,5,10,10.0,8,8.0,2.3333333333333335,0.3333333333333333
2013-11-09,2013,TSG Hoffenheim,Hertha BSC,A,0,2.2,3.4,3.2,1463.5793258998688,1444.5601841557939,19.019141744074886,100,100,0.0,0,-5,-7,-5,5,5.0,7,7.0,0.5,2.0
2013-11-10,2013,SC Freiburg,VfB Stuttgart,A,0,3.0,3.4,2.3,1500.9082873379652,1498.0621670664643,2.846120271500922,100,100,0.0,0,0,1,-3,5,5.0,6,6.0,1.0,2.0
2013-11-10,2013,FSV Mainz 05,Ein Frankfurt,H,2,2.5,3.3,2.88,1462.945536406239,1475.075851327631,-12.130314921392028,100,100,0.0,0,0,0,0,4,4.0,3,3.0,2.3333333333333335,0.3333333333333333
2013-11-22,2013,VfB Stuttgart,Borussia Monchengladbach,A,0,2.3,3.5,2.9,1517.3770896816416,1575.301539663736,-57.92444998209453,100,100,0.0,0,0,-1,6,6,6.0,12,12.0,2.0,1.0
2013-11-23,2013,Borussia Dortmund,Bayern Munich,A,0,3.6,3.6,2.0,1713.3358826466444,1850.8905156356416,-137.55463298899713,100,100,0.0,-3,-4,-2,-3,9,9.0,13,13.0,1.6666666666666667,0.6666666666666666
2013-11-23,2013,FC Augsburg,TSG Hoffenheim,H,2,2.1,3.5,3.3,1461.3770275504553,1443.632849982874,17.744177567581346,100,100,0.0,0,5,7,5,3,3.0,4,4.0,1.6666666666666667,0.6666666666666666
2013-11-23,2013,Braunschweig,SC Freiburg,A,0,2.4,3.3,2.9,1446.3497177053796,1481.593364722788,-35.24364701740842,100,100,0.0,0,0,0,0,7,7.0,5,5.0,1.5,1.5
2013-11-23,2013,FC Nurnberg,VfL Wolfsburg,D,1,3.2,3.4,2.2,1455.960120998725,1565.596247233637,-109.63612623491213,100,100,0.0,-1,-2,1,-2,2,2.0,12,12.0,1.3333333333333333,1.3333333333333333
2013-11-23,2013,Ein Frankfurt,FC Schalke 04,D,1,2.6,3.4,2.6,1463.790623488178,1601.192253579121,-137.40163009094294,100,100,0.0,-3,-3,0,-8,2,2.0,12,12.0,1.3333333333333333,1.3333333333333333
2013-11-23,2013,Hertha BSC,Bayer Leverkusen,A,0,3.0,3.25,2.38,1464.5066600727887,1683.1900339402612,-218.68337386747248,100,100,0.0,-2,1,0,-4,7,7.0,10,10.0,1.0,1.0
2013-11-24,2013,Werder Bremen,FSV Mainz 05,A,0,2.38,3.4,2.88,1442.5744089579766,1474.230764245692,-31.656355287715314,100,100,0.0,0,-1,-1,-2,5,5.0,7,7.0,1.3333333333333333,1.3333333333333333
2013-11-24,2013,Hamburg,Hannover 96,H,2,2.0,3.6,3.5,1481.706621884861,1479.7037115318421,2.002910353018933,100,100,0.0,0,1,0,-4,7,7.0,2,2.0,2.0,1.0
2013-11-29,2013,VfL Wolfsburg,Hamburg,D,1,1.8,3.6,4.33,1565.1803288621593,1492.4251144065859,72.75521445557342,100,100,0.0,1,2,1,3,13,13.0,7,7.0,1.6666666666666667,0.6666666666666666
2013-11-30,2013,Bayern Munich,Braunschweig,H,2,1.06,15.0,51.0,1864.2754369060399,1428.5858914382698,435.68954546777013,100,100,0.0,8,9,7,8,15,15.0,4,4.0,1.5,1.5
2013-11-30,2013,Hertha BSC,FC Augsburg,D,1,2.0,3.5,3.6,1454.4402120067596,1471.4796696520627,-17.039457645303173,100,100,0.0,0,0,0,0,6,6.0,6,6.0,0.5,2.0
2013-11-30,2013,TSG Hoffenheim,Werder Bremen,D,1,1.8,3.75,4.2,1433.5302078812665,1424.6612542772652,8.868953604001263,100,100,0.0,0,-4,-6,-3,3,3.0,4,4.0,0.6666666666666666,1.6666666666666667
2013-11-30,2013,Bayer Leverkusen,FC Nurnberg,H,2,1.44,4.5,6.5,1693.2564820062903,1456.3760393702028,236.88044263608754,100,100,0.0,2,-1,0,4,12,12.0,3,3.0,3.0,0.0
2013-11-30,2013,FSV Mainz 05,Borussia Dortmund,A,0,5.0,4.33,1.57,1492.1439189264033,1699.9509613762461,-207.8070424498428,100,100,0.0,-5,-5,-5,-5,9,9.0,9,9.0,0.0,3.0
2013-11-30,2013,FC Schalke 04,VfB Stuttgart,H,2,1.67,3.8,5.0,1599.5837042437201,1500.5693708570159,99.01433338670427,100,100,0.0,3,3,1,5,10,10.0,5,5.0,1.0,2.0
2013-12-01,2013,Hannover 96,Ein Frankfurt,H,2,2.4,3.4,2.8,1468.9852190101174,1465.3991728235787,3.586046186538624,100,100,0.0,0,-1,-2,3,1,1.0,2,2.0,1.3333333333333333,1.3333333333333333
2013-12-01,2013,Borussia Monchengladbach,SC Freiburg,H,2,1.4,4.33,8.5,1592.1092584883618,1499.3571909898978,92.75206749846393,100,100,0.0,0,0,0,-3,12,12.0,7,7.0,0.6666666666666666,1.6666666666666667
2013-12-06,2013,FC Nurnberg,FSV Mainz 05,D,1,2.6,3.2,2.75,1452.60409719792,1481.654481665487,-29.050384467567028,100,100,0.0,0,0,0,0,2,2.0,9,9.0,1.0,2.0
2013-12-07,2013,Werder Bremen,Bayern Munich,A,0,12.0,6.0,1.22,1429.213479417053,1865.589005226106,-436.3755258090532,100,100,0.0,-8,-10,-8,-10,4,4.0,15,15.0,0.0,3.0
2013-12-07,2013,Borussia Monchengladbach,FC Schalke 04,H,2,2.25,3.4,3.1,1599.5477898434804,1606.8224124804196,-7.274622636939284,100,100,0.0,-3,-3,0,-11,15,15.0,10,10.0,1.3333333333333333,1.3333333333333333
2013-12-07,2013,VfB Stuttgart,Hannover 96,H,2,2.0,3.5,3.6,1493.3306626203164,1479.641012644962,13.689649975354314,100,100,0.0,0,1,1,0,4,4.0,4,4.0,0.3333333333333333,2.3333333333333335
2013-12-07,2013,Ein Frankfurt,TSG Hoffenheim,A,0,2.1,3.6,3.25,1454.743379188734,1428.9779827414789,25.76539644725517,100,100,0.0,0,5,7,5,1,1.0,4,4.0,2.0,1.0
2013-12-07,2013,Hamburg,FC Augsburg,A,0,2.05,3.5,3.5,1499.3241468775007,1474.9948106501552,24.329336227345493,100,100,0.0,0,0,-2,-1,7,7.0,7,7.0,1.0,2.0
2013-12-07,2013,Borussia Dortmund,Bayer Leverkusen,A,0,1.5,4.33,6.0,1710.4403986371624,1697.028424178573,13.411974458589384,100,100,0.0,3,6,5,1,9,9.0,12,12.0,3.0,0.0
2013-12-08,2013,Braunschweig,Hertha BSC,A,0,3.5,3.3,2.1,1427.2723231182035,1450.9250710086671,-23.652747890463615,100,100,0.0,0,0,0,0,4,4.0,4,4.0,1.5,1.5
2013-12-08,2013,SC Freiburg,VfL Wolfsburg,A,0,3.75,3.4,2.0,1491.9186596347793,1558.2812963912445,-66.36263675646524,100,100,0.0,-1,-2,1,-2,6,6.0,11,11.0,1.0,2.0
2013-12-13,2013,Hertha BSC,Werder Bremen,H,2,1.62,4.0,5.25,1469.1691968432233,1425.4319419607832,43.737254882440084,100,100,0.0,0,1,1,2,7,7.0,4,4.0,1.5,1.5
2013-12-14,2013,FC Augsburg,Braunschweig,H,2,1.5,4.0,7.0,1495.144574839835,1409.0281972836474,86.11637755618767,100,100,0.0,0,0,0,0,10,10.0,4,4.0,1.5,1.5
2013-12-14,2013,Bayern Munich,Hamburg,H,2,1.1,9.0,21.0,1869.3705426823758,1479.1743826878208,390.19615999455505,100,100,0.0,8,9,9,9,15,15.0,4,4.0,2.3333333333333335,0.3333333333333333
2013-12-14,2013,Hannover 96,FC Nurnberg,D,1,1.95,3.5,3.75,1469.3813909646396,1449.5828367840493,19.798554180590372,100,100,0.0,0,-1,-2,3,4,4.0,2,2.0,2.3333333333333335,0.3333333333333333
2013-12-14,2013,TSG Hoffenheim,Borussia Dortmund,D,1,4.33,4.0,1.73,1449.182361106001,1690.7108139707218,-241.52845286472075,100,100,0.0,-5,-10,-12,-10,4,4.0,6,6.0,1.0,2.0
2013-12-14,2013,FSV Mainz 05,Borussia Monchengladbach,D,1,2.75,3.3,2.5,1484.6757420793579,1610.6369293545706,-125.96118727521275,100,100,0.0,0,0,0,3,7,7.0,15,15.0,0.0,3.0
2013-12-14,2013,VfL Wolfsburg,VfB Stuttgart,H,2,1.75,3.75,4.5,1574.729017587513,1503.5902843006388,71.13873328687419,100,100,0.0,1,2,0,-1,11,11.0,6,6.0,2.0,1.0
2013-12-15,2013,FC Schalke 04,SC Freiburg,H,2,1.4,4.5,8.0,1595.7332729693294,1475.4709384385108,120.26233453081863,100,100,0.0,3,3,0,8,10,10.0,6,6.0,1.0,2.0
2013-12-15,2013,Bayer Leverkusen,Ein Frankfurt,A,0,1.44,4.33,7.0,1716.7580088450136,1434.5390008242118,282.21900802080177,100,100,0.0,2,-1,0,4,12,12.0,1,1.0,2.0,1.0
2013-12-20,2013,Ein Frankfurt,FC Augsburg,D,1,2.3,3.4,3.0,1461.547104302618,1502.798842547846,-41.251738245228125,100,100,0.0,0,0,0,0,4,4.0,10,10.0,1.5,1.5
2013-12-21,2013,Braunschweig,TSG Hoffenheim,H,2,4.0,3.4,1.91,1401.3739295756363,1454.9756861520345,-53.6017565763982,100,100,0.0,0,5,7,5,1,1.0,5,5.0,1.5,1.5
2013-12-21,2013,Borussia Dortmund,Hertha BSC,A,0,1.36,5.0,7.5,1684.9174889246883,1478.2949347981878,206.62255412650052,100,100,0.0,5,5,5,5,4,4.0,10,10.0,1.5,1.5
2013-12-21,2013,SC Freiburg,Hannover 96,H,2,2.45,3.3,2.8,1468.8825940744857,1464.4049465904582,4.477647484027557,100,100,0.0,0,1,2,-3,3,3.0,5,5.0,2.3333333333333335,0.3333333333333333
2013-12-21,2013,Hamburg,FSV Mainz 05,A,0,2.1,3.5,3.3,1477.4896526959144,1485.7944952495288,-8.304842553614435,100,100,0.0,0,0,-2,-1,4,4.0,8,8.0,2.3333333333333335,0.3333333333333333
2013-12-21,2013,FC Nurnberg,FC Schalke 04,D,1,3.4,3.5,2.05,1454.5592811582308,1602.3216173333544,-147.76233617512366,100,100,0.0,-3,-3,0,-8,3,3.0,10,10.0,2.0,1.0
2013-12-21,2013,Werder Bremen,Bayer Leverkusen,H,2,4.5,3.75,1.73,1416.3062040058187,1689.7499053666074,-273.44370136078874,100,100,0.0,-2,0,-1,-6,1,1.0,12,12.0,0.3333333333333333,2.3333333333333335
2013-12-22,2013,Borussia Monchengladbach,VfL Wolfsburg,D,1,2.1,3.4,3.4,1609.5181761843996,1582.8851285893381,26.633047595061498,100,100,0.0,-1,-2,1,-5,13,13.0,11,11.0,1.3333333333333333,1.3333333333333333
2014-01-24,2013,Borussia Monchengladbach,Bayern Munich,A,0,6.5,4.5,1.44,1604.2808762872528,1871.0552726742822,-266.77439638702936,100,100,0.0,-8,-9,-7,-11,11,11.0,15,15.0,0.3333333333333333,2.3333333333333335
2014-01-25,2013,VfL Wolfsburg,Hannover 96,A,0,1.55,4.2,5.5,1588.122428486485,1453.7843915230394,134.33803696344557,100,100,0.0,1,3,1,-1,9,9.0,4,4.0,0.0,3.0
2014-01-25,2013,FC Nurnberg,TSG Hoffenheim,H,2,2.6,3.4,2.63,1456.6084545789638,1441.9670353334352,14.641419245528596,100,100,0.0,0,5,7,5,4,4.0,5,5.0,1.3333333333333333,1.3333333333333333
2014-01-25,2013,VfB Stuttgart,FSV Mainz 05,A,0,2.05,3.4,3.5,1495.4341732988137,1504.6638691109135,-9.229695812099862,100,100,0.0,0,0,-1,3,6,6.0,8,8.0,0.3333333333333333,2.3333333333333335
2014-01-25,2013,Ein Frankfurt,Hertha BSC,H,2,2.38,3.4,2.88,1459.0346377493936,1503.910207411843,-44.87556966244938,100,100,0.0,0,0,0,0,5,5.0,10,10.0,0.0,3.0
2014-01-25,2013,SC Freiburg,Bayer Leverkusen,H,2,4.5,3.75,1.73,1479.5031491419045,1667.8274578109445,-188.32430866903997,100,100,0.0,-2,1,0,-4,6,6.0,9,9.0,0.3333333333333333,2.3333333333333335
2014-01-25,2013,Borussia Dortmund,FC Augsburg,D,1,1.29,5.5,9.5,1659.3022163110331,1505.3113091010705,153.99090720996264,100,100,0.0,5,5,5,5,4,4.0,11,11.0,3.0,0.0
2014-01-26,2013,Hamburg,FC Schalke 04,A,0,2.7,3.6,2.4,1458.6202788345297,1600.2724439126214,-141.65216507809168,100,100,0.0,-3,-3,-2,-9,4,4.0,8,8.0,1.3333333333333333,1.3333333333333333
2014-01-26,2013,Werder Bremen,Braunschweig,D,1,1.85,3.5,4.2,1438.2286515614817,1414.3825803942357,23.84607116724601,100,100,0.0,0,-1,-1,-2,4,4.0,3,3.0,3.0,0.0
2014-01-29,2013,VfB Stuttgart,Bayern Munich,A,0,10.0,6.0,1.25,1476.6020971030837,1879.3614347377195,-402.7593376346358,100,100,0.0,-8,-9,-8,-5,3,3.0,15,15.0,0.0,3.0
2014-01-31,2013,Braunschweig,Borussia Dortmund,A,0,10.0,5.5,1.29,1419.5139307765244,1649.9466562131008,-230.43272543657645,100,100,0.0,-5,-5,-5,-5,4,4.0,5,5.0,0.0,3.0
2014-02-01,2013,FC Augsburg,Werder Bremen,H,2,1.67,3.75,5.0,1514.6668691990028,1433.097301179193,81.56956801980982,100,100,0.0,0,1,1,2,9,9.0,5,5.0,2.0,1.0
2014-02-01,2013,Bayer Leverkusen,VfB Stuttgart,H,2,1.5,4.2,6.25,1649.0942677412756,1472.1334550315114,176.96081270976424,100,100,0.0,2,-1,1,1,6,6.0,3,3.0,2.3333333333333335,0.3333333333333333
2014-02-01,2013,TSG Hoffenheim,Hamburg,H,2,2.05,3.4,3.5,1431.7443688940248,1445.4099815049094,-13.665612610884637,100,100,0.0,0,-5,-5,-4,5,5.0,1,1.0,1.0,2.0
2014-02-01,2013,FC Schalke 04,VfL Wolfsburg,H,2,2.0,3.5,3.6,1613.4827412422414,1564.3036509676765,49.17909027456494,100,100,0.0,2,1,1,6,10,10.0,8,8.0,2.0,1.0
2014-02-01,2013,FSV Mainz 05,SC Freiburg,H,2,1.75,3.75,4.5,1523.4959453066435,1498.2363392115733,25.25960609507024,100,100,0.0,0,0,0,0,8,8.0,6,6.0,1.6666666666666667,0.6666666666666666
2014-02-01,2013,Hannover 96,Borussia Monchengladbach,H,2,2.7,3.4,2.5,1477.6031690418479,1595.9747142238155,-118.37154518196758,100,100,0.0,0,-1,-2,6,7,7.0,8,8.0,0.0,3.0
2014-02-02,2013,Bayern Munich,Ein Frankfurt,H,2,1.1,10.0,17.0,1883.8300768092918,1471.674495790034,412.15558101925785,100,100,0.0,8,9,7,8,15,15.0,7,7.0,3.0,0.0
2014-02-02,2013,Hertha BSC,FC Nurnberg,A,0,1.83,3.6,4.2,1491.2703493712027,1466.8311210183742,24.439228352828422,100,100,0.0,0,0,0,0,10,10.0,6,6.0,0.3333333333333333,2.3333333333333335
2014-02-07,2013,Borussia Monchengladbach,Bayer Leverkusen,A,0,2.55,3.3,2.7,1580.1822892719383,1654.1575996122945,-73.97531034035615,100,100,0.0,-2,1,0,-7,5,5.0,6,6.0,0.6666666666666666,1.6666666666666667
2014-02-08,2013,Hamburg,Hertha BSC,A,0,2.6,3.4,2.6,1434.0624670663753,1471.116400422642,-37.053933356266725,100,100,0.0,0,0,-2,-1,0,0.0,9,9.0,1.3333333333333333,1.3333333333333333
2014-02-08,2013,FC Nurnberg,Bayern Munich,A,0,11.0,6.5,1.22,1486.9850699669348,1885.3247200035896,-398.3396500366548,100,100,0.0,-8,-9,-7,-8,9,9.0,15,15.0,0.3333333333333333,2.3333333333333335
2014-02-08,2013,Ein Frankfurt,Braunschweig,H,2,1.62,3.75,5.5,1470.179852595736,1409.8947238692233,60.28512872651277,100,100,0.0,0,0,0,0,7,7.0,4,4.0,3.0,0.0
2014-02-08,2013,SC Freiburg,TSG Hoffenheim,D,1,2.63,3.5,2.5,1488.4214998682335,1443.0918833325588,45.32961653567463,100,100,0.0,0,5,7,5,6,6.0,7,7.0,1.3333333333333333,1.3333333333333333
2014-02-08,2013,Werder Bremen,Borussia Dortmund,A,0,8.0,4.75,1.36,1425.2928553201714,1659.565863120402,-234.27300780023052,100,100,0.0,-5,-6,-6,-7,4,4.0,5,5.0,0.0,3.0
2014-02-08,2013,VfL Wolfsburg,FSV Mainz 05,H,2,1.8,3.6,4.33,1555.3755953703403,1533.3107846499834,22.064810720356945,100,100,0.0,1,2,-1,2,7,7.0,11,11.0,0.3333333333333333,2.3333333333333335
2014-02-09,2013,FC Schalke 04,Hannover 96,H,2,1.57,3.8,6.0,1622.4107968395776,1493.395593993725,129.01520284585263,100,100,0.0,3,4,2,5,10,10.0,7,7.0,1.3333333333333333,1.3333333333333333
2014-02-09,2013,VfB Stuttgart,FC Augsburg,A,0,2.4,3.4,2.8,1467.0701231604926,1522.4713150580244,-55.40119189753182,100,100,0.0,0,0,-1,3,3,3.0,11,11.0,1.0,2.0
2014-02-14,2013,FSV Mainz 05,Hannover 96,H,2,1.91,3.5,4.0,1523.374112773238,1487.0626432806866,36.311469492551396,100,100,0.0,0,1,2,-3,10,10.0,7,7.0,1.3333333333333333,1.3333333333333333
2014-02-15,2013,Werder Bremen,Borussia Monchengladbach,D,1,3.5,3.5,2.05,1415.817535478295,1564.0608097714567,-148.24327429316168,100,100,0.0,0,-1,-1,1,4,4.0,2,2.0,1.3333333333333333,1.3333333333333333
2014-02-15,2013,TSG Hoffenheim,VfB Stuttgart,H,2,1.95,3.6,3.6,1449.0242450181554,1450.155144478498,-1.1308994603425617,100,100,0.0,0,-5,-6,-8,5,5.0,0,0.0,1.0,2.0
2014-02-15,2013,Borussia Dortmund,Ein Frankfurt,H,2,1.25,6.0,10.0,1669.0411829622783,1478.7122450847644,190.3289378775139,100,100,0.0,5,5,5,5,8,8.0,10,10.0,2.3333333333333335,0.3333333333333333
2014-02-15,2013,Braunschweig,Hamburg,H,2,2.75,3.3,2.5,1401.362331380195,1416.3742156116705,-15.011884231475506,100,100,0.0,0,0,2,1,4,4.0,0,0.0,0.0,3.0
2014-02-15,2013,Bayer Leverkusen,FC Schalke 04,A,0,2.1,3.4,3.4,1670.2790791127761,1628.743747552616,41.5353315601601,100,100,0.0,-1,-4,0,-4,6,6.0,13,13.0,1.3333333333333333,1.3333333333333333
2014-02-15,2013,Bayern Munich,SC Freiburg,H,2,1.08,10.0,23.0,1889.8909841568272,1482.489138182637,407.40184597419034,100,100,0.0,8,9,7,8,15,15.0,7,7.0,2.3333333333333335,0.3333333333333333
2014-02-16,2013,Hertha BSC,VfL Wolfsburg,A,0,2.38,3.4,2.88,1488.8046518773472,1565.3122672470856,-76.50761536973846,100,100,0.0,-1,-2,1,-2,9,9.0,7,7.0,1.0,2.0
2014-02-16,2013,FC Augsburg,FC Nurnberg,A,0,1.8,3.6,4.33,1539.386293740019,1482.4188058136972,56.96748792632184,100,100,0.0,0,0,0,0,11,11.0,8,8.0,1.3333333333333333,1.3333333333333333
2014-02-21,2013,FC Schalke 04,FSV Mainz 05,D,1,1.75,3.6,4.6,1649.5373252746278,1532.7735285865606,116.76379668806726,100,100,0.0,3,3,0,8,13,13.0,12,12.0,2.3333333333333335,0.3333333333333333
2014-02-22,2013,FC Nurnberg,Braunschweig,H,2,1.62,3.75,5.5,1503.769329523363,1412.7645741716103,91.00475535175269,100,100,0.0,0,0,0,0,10,10.0,7,7.0,1.0,1.0
2014-02-22,2013,VfB Stuttgart,Hertha BSC,A,0,2.63,3.3,2.6,1439.3120601377764,1472.7919469925432,-33.479886854766846,100,100,0.0,0,0,-1,3,0,0.0,6,6.0,2.0,1.0
2014-02-22,2013,SC Freiburg,FC Augsburg,A,0,3.1,3.25,2.3,1480.9551500120017,1518.035770030353,-37.08062001835128,100,100,0.0,0,0,0,0,7,7.0,8,8.0,1.3333333333333333,1.3333333333333333
2014-02-22,2013,Hamburg,Borussia Dortmund,H,2,7.5,5.0,1.36,1404.9719728202551,1673.7888399592707,-268.8168671390156,100,100,0.0,-5,-5,-7,-6,0,0.0,10,10.0,2.0,1.0
2014-02-22,2013,Borussia Monchengladbach,TSG Hoffenheim,D,1,1.95,3.6,3.6,1561.991263956958,1459.867329358877,102.12393459808095,100,100,0.0,0,5,7,2,2,2.0,7,7.0,1.3333333333333333,1.3333333333333333
2014-02-22,2013,VfL Wolfsburg,Bayer Leverkusen,H,2,2.4,3.4,2.8,1581.3249721318896,1649.4855013907643,-68.1605292588747,100,100,0.0,-1,3,-1,-2,7,7.0,6,6.0,1.3333333333333333,1.3333333333333333
2014-02-23,2013,Ein Frankfurt,Werder Bremen,D,1,1.7,3.75,4.75,1473.964588087772,1417.8870812927937,56.07750679497826,100,100,0.0,0,1,1,2,7,7.0,5,5.0,2.3333333333333335,0.3333333333333333
2014-02-23,2013,Hannover 96,Bayern Munich,A,0,10.0,7.0,1.22,1477.663227467364,1891.4249723274625,-413.76174486009836,100,100,0.0,-8,-10,-9,-5,6,6.0,15,15.0,0.0,3.0
2014-02-28,2013,Hertha BSC,SC Freiburg,D,1,1.62,3.75,5.5,1490.6292663244897,1463.268013722776,27.36125260171366,100,100,0.0,0,0,0,0,6,6.0,4,4.0,0.6666666666666666,1.6666666666666667
2014-03-01,2013,Bayer Leverkusen,FSV Mainz 05,A,0,1.75,3.8,4.33,1635.8562866394893,1541.081054670465,94.77523196902439,100,100,0.0,2,-1,0,4,6,6.0,10,10.0,1.3333333333333333,1.3333333333333333
2014-03-01,2013,Borussia Dortmund,FC Nurnberg,H,2,1.22,6.5,11.0,1652.0245677147095,1511.264271157928,140.76029655678144,100,100,0.0,5,5,5,5,10,10.0,12,12.0,1.6666666666666667,0.6666666666666666
2014-03-01,2013,Werder Bremen,Hamburg,H,2,2.63,3.5,2.5,1424.2060343266526,1426.736245064816,-2.5302107381635324,100,100,0.0,0,-1,1,-1,3,3.0,3,3.0,2.0,1.0
2014-03-01,2013,Bayern Munich,FC Schalke 04,H,2,1.18,7.0,13.0,1895.658066314507,1641.2297991907235,254.4282671237836,100,100,0.0,5,6,7,0,15,15.0,13,13.0,3.0,0.0
2014-03-01,2013,Braunschweig,Borussia Monchengladbach,D,1,4.0,3.5,1.91,1405.2696325370453,1554.132118098097,-148.8624855610517,100,100,0.0,0,0,0,3,4,4.0,2,2.0,0.0,3.0
2014-03-01,2013,FC Augsburg,Hannover 96,D,1,1.75,3.6,4.75,1535.7229063195787,1473.4301334803195,62.292772839259214,100,100,0.0,0,1,2,-3,10,10.0,6,6.0,0.0,3.0
2014-03-02,2013,Ein Frankfurt,VfB Stuttgart,H,2,2.1,3.5,3.3,1467.645635053913,1421.47474080583,46.17089424808319,100,100,0.0,0,0,1,-3,7,7.0,0,0.0,0.3333333333333333,2.3333333333333335
2014-03-02,2013,TSG Hoffenheim,VfL Wolfsburg,H,2,2.6,3.4,2.6,1467.726475217738,1594.9541868831645,-127.22771166542657,100,100,0.0,-1,-7,-6,-7,8,8.0,9,9.0,0.3333333333333333,2.3333333333333335
2014-03-08,2013,FC Schalke 04,TSG Hoffenheim,H,2,1.75,4.0,4.2,1637.7785703554407,1483.8995894505229,153.87898090491785,100,100,0.0,3,8,7,13,10,10.0,11,11.0,1.3333333333333333,1.3333333333333333
2014-03-08,2013,VfB Stuttgart,Braunschweig,D,1,1.67,3.8,5.0,1412.4377129403806,1407.365396486925,5.072316453455642,100,100,0.0,0,0,-1,3,0,0.0,4,4.0,3.0,0.0
2014-03-08,2013,FC Nurnberg,Werder Bremen,A,0,1.91,3.5,4.0,1505.2625108689676,1435.10495409606,70.15755677290758,100,100,0.0,0,1,1,2,9,9.0,5,5.0,1.6666666666666667,0.6666666666666666
2014-03-08,2013,VfL Wolfsburg,Bayern Munich,A,0,9.0,5.75,1.29,1578.7810726503797,1899.10929514979,-320.32822249941023,100,100,0.0,-7,-7,-8,-6,9,9.0,15,15.0,0.0,3.0
2014-03-08,2013,Hannover 96,Bayer Leverkusen,D,1,3.0,3.4,2.3,1479.9681276116733,1613.2298585461517,-133.26173093447846,100,100,0.0,-2,0,-2,-1,4,4.0,6,6.0,1.0,2.0
2014-03-08,2013,Hamburg,Ein Frankfurt,D,1,2.5,3.3,2.75,1415.8373252954086,1476.6826629193624,-60.84533762395381,100,100,0.0,0,0,-2,-1,3,3.0,7,7.0,0.3333333333333333,2.3333333333333335
2014-03-08,2013,Borussia Monchengladbach,FC Augsburg,A,0,2.3,3.25,3.1,1552.0363541482172,1529.1849121882249,22.85144195999237,100,100,0.0,0,0,0,-3,3,3.0,10,10.0,1.6666666666666667,0.6666666666666666
2014-03-09,2013,SC Freiburg,Borussia Dortmund,A,0,9.0,5.0,1.33,1468.5328998453647,1658.02632800367,-189.49342815830528,100,100,0.0,-5,-5,-5,-5,2,2.0,12,12.0,0.0,3.0
2014-03-09,2013,FSV Mainz 05,Hertha BSC,D,1,2.2,3.2,3.4,1563.7074827638025,1485.364380201901,78.34310256190156,100,100,0.0,0,0,0,0,10,10.0,7,7.0,0.3333333333333333,2.3333333333333335
2014-03-14,2013,FC Augsburg,FC Schalke 04,A,0,2.25,3.3,3.1,1549.278309175982,1643.4259633213712,-94.1476541453892,100,100,0.0,-3,-3,0,-8,10,10.0,10,10.0,0.3333333333333333,2.3333333333333335
2014-03-15,2013,Werder Bremen,VfB Stuttgart,D,1,2.5,3.4,2.7,1456.9152574665816,1408.0347943444253,48.88046312215624,100,100,0.0,0,-1,0,-5,8,8.0,1,1.0,1.6666666666666667,0.6666666666666666
2014-03-15,2013,Borussia Dortmund,Borussia Monchengladbach,A,0,1.36,5.0,7.5,1669.2458292515978,1531.94295716046,137.30287209113771,100,100,0.0,5,5,5,8,12,12.0,3,3.0,1.3333333333333333,1.3333333333333333
2014-03-15,2013,TSG Hoffenheim,FSV Mainz 05,A,0,2.2,3.5,3.1,1478.2521964845923,1556.6196485355877,-78.36745205099533,100,100,0.0,0,-5,-7,-5,8,8.0,8,8.0,0.6666666666666666,1.6666666666666667
2014-03-15,2013,Bayern Munich,Bayer Leverkusen,H,2,1.14,8.0,15.0,1905.6956896566855,1611.7982053045057,293.89748435217984,100,100,0.0,6,10,7,4,15,15.0,4,4.0,1.3333333333333333,1.3333333333333333
2014-03-15,2013,Braunschweig,VfL Wolfsburg,D,1,3.8,3.6,1.91,1411.7683150828802,1572.194678143484,-160.42636306060376,100,100,0.0,-1,-2,1,-2,5,5.0,9,9.0,3.0,0.0
2014-03-15,2013,Hertha BSC,Hannover 96,A,0,1.91,3.5,4.0,1492.4522144301159,1481.3997808533193,11.052433576796602,100,100,0.0,0,1,2,-3,8,8.0,2,2.0,0.6666666666666666,1.6666666666666667
2014-03-16,2013,Ein Frankfurt,SC Freiburg,A,0,1.83,3.6,4.2,1478.3659853015345,1457.3133985974368,21.05258670409762,100,100,0.0,0,0,0,0,8,8.0,2,2.0,1.6666666666666667,0.6666666666666666
2014-03-16,2013,Hamburg,FC Nurnberg,H,2,2.2,3.4,3.2,1414.1540029132366,1483.4522074984461,-69.29820458520953,100,100,0.0,0,0,-2,-1,4,4.0,6,6.0,1.3333333333333333,1.3333333333333333
2014-03-21,2013,SC Freiburg,Werder Bremen,H,2,2.2,3.3,3.25,1477.3379669600156,1450.8540969739693,26.48386998604633,100,100,0.0,0,1,1,2,4,4.0,9,9.0,1.3333333333333333,1.3333333333333333
2014-03-22,2013,VfB Stuttgart,Hamburg,H,2,2.0,3.5,3.6,1414.0959548370377,1427.8319392658525,-13.735984428814845,100,100,0.0,0,0,1,4,2,2.0,7,7.0,1.3333333333333333,1.3333333333333333
2014-03-22,2013,VfL Wolfsburg,FC Augsburg,D,1,2.1,3.5,3.3,1569.611852207455,1534.0256669888497,35.58618521860535,100,100,0.0,1,2,-1,2,7,7.0,7,7.0,1.6666666666666667,0.6666666666666666
2014-03-22,2013,FC Schalke 04,Braunschweig,H,2,1.4,4.75,7.0,1658.6786055085036,1414.3511410189092,244.32746448959438,100,100,0.0,3,3,0,8,10,10.0,6,6.0,3.0,0.0
2014-03-22,2013,Hannover 96,Borussia Dortmund,A,0,4.75,4.0,1.67,1501.0374281287106,1645.3437133746331,-144.30628524592248,100,100,0.0,-5,-6,-7,-2,5,5.0,9,9.0,0.3333333333333333,2.3333333333333335
2014-03-22,2013,Borussia Monchengladbach,Hertha BSC,H,2,2.0,3.4,3.75,1555.8450730374248,1472.8145671547245,83.03050588270025,100,100,0.0,0,0,0,-3,6,6.0,5,5.0,1.3333333333333333,1.3333333333333333
2014-03-22,2013,FSV Mainz 05,Bayern Munich,A,0,11.0,6.5,1.22,1572.552395677968,1908.5113195267543,-335.9589238487863,100,100,0.0,-8,-9,-7,-8,11,11.0,15,15.0,0.0,3.0
2014-03-23,2013,Bayer Leverkusen,TSG Hoffenheim,A,0,1.73,3.8,4.5,1608.982575434437,1462.319449342212,146.66312609222496,100,100,0.0,2,4,7,9,1,1.0,7,7.0,3.0,0.0
2014-03-23,2013,FC Nurnberg,Ein Frankfurt,A,0,2.4,3.3,2.88,1469.7742711458302,1458.3414169389557,11.432854206874481,100,100,0.0,0,0,0,0,6,6.0,5,5.0,0.6666666666666666,1.6666666666666667
2014-03-25,2013,Braunschweig,FSV Mainz 05,H,2,3.4,3.4,2.1,1410.7183126162693,1566.4168387050743,-155.698526088805,100,100,0.0,0,0,0,0,3,3.0,8,8.0,0.0,3.0
2014-03-25,2013,Borussia Dortmund,FC Schalke 04,D,1,1.44,4.75,6.5,1658.4411594157416,1662.3114339111435,-3.8702744954018726,100,100,0.0,2,2,5,-3,9,9.0,10,10.0,1.0,2.0
2014-03-25,2013,Hertha BSC,Bayern Munich,A,0,13.0,6.5,1.2,1465.0585827628688,1914.646876499648,-449.5882937367792,100,100,0.0,-8,-9,-7,-8,5,5.0,15,15.0,0.0,3.0
2014-03-25,2013,Werder Bremen,VfL Wolfsburg,A,0,3.1,3.4,2.25,1441.085740659018,1564.038236788583,-122.9524961295649,100,100,0.0,-1,-3,0,-4,8,8.0,5,5.0,0.3333333333333333,2.3333333333333335
2014-03-26,2013,FC Nurnberg,VfB Stuttgart,H,2,2.75,3.4,2.45,1450.1217748036902,1425.4463274720745,24.675447331615715,100,100,0.0,0,0,1,-3,3,3.0,5,5.0,0.6666666666666666,1.6666666666666667
2014-03-26,2013,TSG Hoffenheim,Hannover 96,H,2,1.91,3.75,3.6,1486.4791648746655,1487.9399820876022,-1.4608172129367176,100,100,0.0,0,-4,-5,-8,7,7.0,5,5.0,2.0,1.0
2014-03-26,2013,FC Augsburg,Bayer Leverkusen,A,0,2.4,3.4,2.88,1539.5992824077218,1584.8228599019835,-45.22357749426169,100,100,0.0,-2,1,0,-4,8,8.0,1,1.0,0.0,3.0
2014-03-26,2013,Ein Frankfurt,Borussia Monchengladbach,H,2,2.6,3.3,2.63,1477.993913281096,1563.6010574292804,-85.60714414818449,100,100,0.0,0,0,0,3,8,8.0,8,8.0,0.0,3.0
2014-03-26,2013,Hamburg,SC Freiburg,D,1,2.1,3.4,3.4,1416.4815666308157,1487.1063232749668,-70.62475664415115,100,100,0.0,0,0,-2,-1,7,7.0,7,7.0,1.3333333333333333,1.3333333333333333
2014-03-28,2013,FC Schalke 04,Hertha BSC,H,2,1.8,3.6,4.25,1666.358927400128,1461.5213436521385,204.83758374798958,100,100,0.0,3,3,0,8,10,10.0,2,2.0,3.0,0.0
2014-03-29,2013,VfL Wolfsburg,Ein Frankfurt,H,2,1.83,3.6,4.2,1578.0487369358418,1492.3728789576162,85.67585797822562,100,100,0.0,1,2,-1,2,5,5.0,10,10.0,1.3333333333333333,1.3333333333333333
2014-03-29,2013,VfB Stuttgart,Borussia Dortmund,A,0,4.75,4.0,1.67,1415.6092687034543,1654.393665926757,-238.78439722330268,100,100,0.0,-5,-5,-6,-2,5,5.0,10,10.0,0.3333333333333333,2.3333333333333335
2014-03-29,2013,FSV Mainz 05,FC Augsburg,H,2,2.38,3.25,3.0,1549.0325309582697,1522.2537954960087,26.77873546226101,100,100,0.0,0,0,0,0,7,7.0,5,5.0,1.3333333333333333,1.3333333333333333
2014-03-29,2013,Bayern Munich,TSG Hoffenheim,D,1,1.14,8.0,15.0,1918.1841156103783,1497.335402454707,420.84871315567125,100,100,0.0,8,14,14,13,15,15.0,9,9.0,3.0,0.0
2014-03-29,2013,SC Freiburg,FC Nurnberg,H,2,2.15,3.3,3.4,1488.3715411137366,1459.9588335723104,28.412707541426244,100,100,0.0,0,0,0,0,8,8.0,3,3.0,2.3333333333333335,0.3333333333333333
2014-03-29,2013,Bayer Leverkusen,Braunschweig,D,1,1.33,5.25,8.0,1602.1683468136966,1428.1026203630738,174.06572645062283,100,100,0.0,2,-1,0,4,4,4.0,6,6.0,0.0,3.0
2014-03-30,2013,Hannover 96,Werder Bremen,A,0,1.91,3.6,3.8,1477.0837445075606,1427.0752405117591,50.00850399580145,100,100,0.0,0,0,-1,5,5,5.0,7,7.0,1.0,2.0
2014-03-30,2013,Borussia Monchengladbach,Hamburg,H,2,1.75,3.75,4.5,1549.2220917527602,1415.216348792046,134.00574296071431,100,100,0.0,0,0,2,-2,7,7.0,5,5.0,1.3333333333333333,1.3333333333333333
2014-04-04,2013,Hamburg,Bayer Leverkusen,H,2,3.3,3.5,2.1,1409.0257335140434,1592.3022071764058,-183.27647366236238,100,100,0.0,-2,1,-2,-5,5,5.0,5,5.0,0.0,3.0
2014-04-05,2013,FC Augsburg,Bayern Munich,H,2,7.5,5.0,1.36,1512.4966176517428,1904.60927060911,-392.1126529573671,100,100,0.0,-8,-9,-7,-8,4,4.0,13,13.0,0.0,3.0
2014-04-05,2013,Borussia Dortmund,VfL Wolfsburg,H,2,1.44,4.5,6.5,1663.7014456967192,1585.7174712750068,77.98397442171245,100,100,0.0,4,3,6,3,10,10.0,8,8.0,0.3333333333333333,2.3333333333333335
2014-04-05,2013,Ein Frankfurt,FSV Mainz 05,H,2,2.5,3.3,2.8,1484.7041446184512,1558.7897088025356,-74.08556418408443,100,100,0.0,0,0,0,0,7,7.0,7,7.0,0.3333333333333333,2.3333333333333335
2014-04-05,2013,FC Nurnberg,Borussia Monchengladbach,A,0,3.3,3.4,2.15,1450.2634798359582,1555.4127070307627,-105.14922719480455,100,100,0.0,0,0,0,3,3,3.0,9,9.0,2.0,1.0
2014-04-05,2013,VfB Stuttgart,SC Freiburg,H,2,1.8,3.75,4.2,1406.301488933492,1498.0668948500888,-91.76540591659682,100,100,0.0,0,0,-1,3,5,5.0,10,10.0,2.0,1.0
2014-04-05,2013,Werder Bremen,FC Schalke 04,D,1,3.6,3.6,1.95,1448.1770970110556,1670.782263477113,-222.60516646605743,100,100,0.0,-3,-4,-1,-10,7,7.0,13,13.0,0.0,3.0
2014-04-06,2013,Hertha BSC,TSG Hoffenheim,D,1,2.38,3.6,2.7,1457.0980075751536,1510.9102474559754,-53.812239880821835,100,100,0.0,0,5,7,5,1,1.0,7,7.0,2.3333333333333335,0.3333333333333333
2014-04-06,2013,Braunschweig,Hannover 96,H,2,2.5,3.3,2.75,1437.9687600003647,1455.9818880082641,-18.013128007899468,100,100,0.0,0,1,2,-3,6,6.0,4,4.0,1.0,1.0
2014-04-11,2013,FC Schalke 04,Ein Frankfurt,H,2,1.67,3.75,5.0,1665.698275376024,1498.5873986632705,167.11087671275345,100,100,0.0,3,3,0,8,11,11.0,9,9.0,0.6666666666666666,1.6666666666666667
2014-04-12,2013,Hannover 96,Hamburg,H,2,2.4,3.4,2.8,1444.4572747845395,1427.5537625601125,16.903512224427004,100,100,0.0,0,-1,0,4,3,3.0,7,7.0,1.0,2.0
2014-04-12,2013,SC Freiburg,Braunschweig,H,2,2.1,3.4,3.4,1483.422344300475,1449.4933732240893,33.92897107638578,100,100,0.0,0,0,0,0,10,10.0,8,8.0,3.0,0.0
2014-04-12,2013,Bayern Munich,Borussia Dortmund,A,0,1.5,4.33,6.0,1879.316037723058,1671.625660285504,207.69037743755393,100,100,0.0,3,4,2,3,10,10.0,10,10.0,1.6666666666666667,0.6666666666666666
2014-04-12,2013,FSV Mainz 05,Werder Bremen,H,2,1.8,3.6,4.33,1544.9064547577163,1453.2610851121447,91.64536964557169,100,100,0.0,0,1,1,2,6,6.0,5,5.0,1.3333333333333333,1.3333333333333333
2014-04-12,2013,VfL Wolfsburg,FC Nurnberg,H,2,1.57,4.2,5.25,1577.793256686222,1435.485773568789,142.3074831174331,100,100,0.0,1,2,-1,2,8,8.0,3,3.0,0.6666666666666666,1.6666666666666667
2014-04-12,2013,Borussia Monchengladbach,VfB Stuttgart,D,1,1.95,3.5,3.8,1570.1904132979319,1420.9460394831058,149.24437381482608,100,100,0.0,0,0,1,-6,12,12.0,7,7.0,1.0,2.0
2014-04-13,2013,TSG Hoffenheim,FC Augsburg,H,2,2.4,3.5,2.8,1512.8926687830715,1537.7898505377948,-24.897181754723306,100,100,0.0,0,-5,-7,-5,8,8.0,4,4.0,0.3333333333333333,2.3333333333333335
2014-04-13,2013,Bayer Leverkusen,Hertha BSC,H,2,1.67,3.8,5.0,1573.7741781303366,1455.1155862480575,118.6585918822791,100,100,0.0,2,-1,0,4,4,4.0,1,1.0,1.6666666666666667,0.6666666666666666
2014-04-17,2013,Ein Frankfurt,Hannover 96,A,0,2.0,3.5,3.6,1493.2809259202488,1454.5923680546882,38.6885578655606,100,100,0.0,0,1,2,-3,9,9.0,3,3.0,1.3333333333333333,1.3333333333333333
2014-04-19,2013,Braunschweig,Bayern Munich,A,0,6.5,5.0,1.4,1440.0052103432324,1853.6778020114868,-413.6725916682544,100,100,0.0,-8,-9,-7,-8,7,7.0,7,7.0,0.0,3.0
2014-04-19,2013,FC Augsburg,Hertha BSC,D,1,1.91,3.5,4.0,1525.9827234128368,1448.4796535959106,77.5030698169262,100,100,0.0,0,0,0,0,4,4.0,1,1.0,1.6666666666666667,0.6666666666666666
2014-04-19,2013,Werder Bremen,TSG Hoffenheim,H,2,2.8,3.6,2.3,1445.7868581707662,1524.6997959080295,-78.91293773726329,100,100,0.0,0,4,6,3,4,4.0,11,11.0,1.6666666666666667,0.6666666666666666
2014-04-19,2013,Hamburg,VfL Wolfsburg,A,0,2.9,3.5,2.3,1417.4186692899639,1583.7523714290514,-166.33370213908756,100,100,0.0,-1,-2,-1,-3,4,4.0,10,10.0,1.0,1.0
2014-04-19,2013,SC Freiburg,Borussia Monchengladbach,H,2,3.2,3.4,2.2,1492.910507181332,1560.9611287021014,-68.05062152076948,100,100,0.0,0,0,0,3,10,10.0,10,10.0,1.3333333333333333,1.3333333333333333
2014-04-19,2013,Borussia Dortmund,FSV Mainz 05,H,2,1.36,5.0,7.5,1697.263895997075,1552.3806816990948,144.8832142979802,100,100,0.0,5,5,5,5,13,13.0,6,6.0,3.0,0.0
2014-04-20,2013,FC Nurnberg,Bayer Leverkusen,A,0,3.75,3.6,1.91,1429.5266588259597,1580.4101107824836,-150.8834519565239,100,100,0.0,-2,1,0,-4,3,3.0,7,7.0,0.0,3.0
2014-04-20,2013,VfB Stuttgart,FC Schalke 04,H,2,2.63,3.5,2.5,1430.1753240789362,1671.0047481190456,-240.82942404010942,100,100,0.0,-3,-3,-1,-5,7,7.0,11,11.0,2.0,1.0
2014-04-25,2013,Hannover 96,VfB Stuttgart,D,1,2.7,3.4,2.5,1475.281046052896,1450.9429514814717,24.338094571424335,100,100,0.0,0,-1,-1,0,6,6.0,7,7.0,1.3333333333333333,1.3333333333333333
2014-04-26,2013,Hertha BSC,Braunschweig,H,2,2.0,3.5,3.6,1455.5392861575117,1435.7702500989144,19.769036058597294,100,100,0.0,0,0,0,0,2,2.0,7,7.0,3.0,0.0
2014-04-26,2013,TSG Hoffenheim,Ein Frankfurt,D,1,1.91,3.75,3.6,1510.609081332724,1472.592247922041,38.01683341068292,100,100,0.0,0,-5,-7,-5,8,8.0,6,6.0,1.0,2.0
2014-04-26,2013,Bayern Munich,Werder Bremen,H,2,1.2,7.0,11.0,1857.9127622558049,1459.8775727460718,398.0351895097331,100,100,0.0,8,10,8,10,7,7.0,7,7.0,3.0,0.0
2014-04-26,2013,FSV Mainz 05,FC Nurnberg,H,2,1.62,4.0,5.25,1546.4920562256473,1416.7079012261004,129.7841549995469,100,100,0.0,0,0,0,0,6,6.0,3,3.0,1.3333333333333333,1.3333333333333333
2014-04-26,2013,VfL Wolfsburg,SC Freiburg,D,1,1.44,4.75,6.0,1595.922812940522,1506.5350165982475,89.38779634227444,100,100,0.0,1,2,-1,2,12,12.0,10,10.0,2.0,1.0
2014-04-26,2013,Bayer Leverkusen,Borussia Dortmund,D,1,3.0,3.5,2.25,1593.2288683823429,1703.1525214705225,-109.92365308817966,100,100,0.0,-3,-6,-5,-1,10,10.0,13,13.0,1.0,2.0
2014-04-27,2013,FC Schalke 04,Borussia Monchengladbach,A,0,2.0,3.6,3.5,1650.2371207165102,1547.3366192851859,102.9005014313243,100,100,0.0,3,3,0,11,8,8.0,7,7.0,1.3333333333333333,1.3333333333333333
2014-04-27,2013,FC Augsburg,Hamburg,H,2,1.85,3.6,4.0,1518.9230908512357,1405.2482277784934,113.67486307274226,100,100,0.0,0,0,2,1,4,4.0,4,4.0,2.0,1.0
2014-05-03,2013,Braunschweig,FC Augsburg,A,0,2.75,3.5,2.4,1425.745560310288,1525.708473838077,-99.96291352778894,100,100,0.0,0,0,0,0,4,4.0,7,7.0,0.0,3.0
2014-05-03,2013,Borussia Dortmund,TSG Hoffenheim,H,2,1.36,5.5,7.0,1702.724199398355,1504.9452511205488,197.7789482778062,100,100,0.0,5,10,12,10,13,13.0,6,6.0,1.3333333333333333,1.3333333333333333
2014-05-03,2013,Ein Frankfurt,Bayer Leverkusen,A,0,4.2,4.0,1.75,1478.256078134216,1593.6571904545103,-115.40111232029426,100,100,0.0,-2,1,0,-4,4,4.0,8,8.0,2.0,1.0
2014-05-03,2013,SC Freiburg,FC Schalke 04,A,0,3.6,3.6,1.95,1513.9876194469757,1627.3536799965161,-113.3660605495404,100,100,0.0,-3,-3,0,-8,10,10.0,7,7.0,1.0,2.0
2014-05-03,2013,Hamburg,Bayern Munich,A,0,7.0,5.25,1.36,1398.462844791652,1859.527158583379,-461.06431379172705,100,100,0.0,-8,-9,-9,-9,3,3.0,7,7.0,0.0,3.0
2014-05-03,2013,Borussia Monchengladbach,FSV Mainz 05,H,2,1.85,3.8,3.8,1570.22006000518,1552.8029203699414,17.417139635238527,100,100,0.0,0,0,0,-3,10,10.0,9,9.0,2.3333333333333335,0.3333333333333333
2014-05-03,2013,FC Nurnberg,Hannover 96,A,0,2.1,3.6,3.25,1410.3970370818063,1470.130948306813,-59.73391122500675,100,100,0.0,0,1,2,-3,0,0.0,7,7.0,0.6666666666666666,1.6666666666666667
2014-05-03,2013,VfB Stuttgart,VfL Wolfsburg,A,0,2.7,3.6,2.4,1456.0930492275547,1588.4702100917937,-132.37716086423893,100,100,0.0,-1,-2,0,1,8,8.0,10,10.0,0.0,3.0
2014-05-03,2013,Werder Bremen,Hertha BSC,H,2,2.63,3.5,2.5,1458.2631764184976,1465.563975946138,-7.300799527640493,100,100,0.0,0,-1,-1,-2,7,7.0,5,5.0,1.0,2.0
2014-05-10,2013,FSV Mainz 05,Hamburg,H,2,1.83,4.0,3.75,1542.6876601001609,1395.1265821095894,147.56107799057145,100,100,0.0,0,0,2,1,6,6.0,3,3.0,1.0,2.0
2014-05-10,2013,Bayer Leverkusen,Werder Bremen,H,2,1.25,6.5,9.0,1607.9927061594005,1469.3533692734543,138.63933688594625,100,100,0.0,2,0,1,6,10,10.0,7,7.0,2.0,1.0
2014-05-10,2013,VfL Wolfsburg,Borussia Monchengladbach,H,2,1.83,4.0,3.75,1602.0764080356541,1580.3353202749604,21.741087760693745,100,100,0.0,1,2,-1,5,10,10.0,10,10.0,1.3333333333333333,1.3333333333333333
2014-05-10,2013,TSG Hoffenheim,Braunschweig,H,2,1.67,4.5,4.2,1500.3664778990326,1410.7439591585803,89.62251874045228,100,100,0.0,0,-5,-7,-5,5,5.0,3,3.0,0.0,3.0
2014-05-10,2013,FC Schalke 04,FC Nurnberg,H,2,1.29,5.5,9.5,1641.7769052876145,1393.6663520251193,248.11055326249516,100,100,0.0,3,3,0,8,7,7.0,0,0.0,1.3333333333333333,1.3333333333333333
2014-05-10,2013,Hannover 96,SC Freiburg,H,2,2.0,3.6,3.5,1486.8616333635,1499.5643941558774,-12.702760792377376,100,100,0.0,0,-1,-2,3,10,10.0,7,7.0,0.0,3.0
2014-05-10,2013,Bayern Munich,VfB Stuttgart,H,2,1.2,7.0,11.0,1862.8634212654417,1442.4868512836943,420.3765699817475,100,100,0.0,8,9,8,5,9,9.0,8,8.0,3.0,0.0
2014-05-10,2013,Hertha BSC,Borussia Dortmund,A,0,5.25,4.5,1.53,1454.4737830911813,1707.3029726198713,-252.82918952869,100,100,0.0,-5,-5,-5,-5,5,5.0,13,13.0,2.0,1.0
2014-05-10,2013,FC Augsburg,Ein Frankfurt,H,2,1.53,4.33,5.5,1540.7100749897847,1463.9205624293259,76.78951256045889,100,100,0.0,0,0,0,0,10,10.0,4,4.0,1.3333333333333333,1.3333333333333333
2014-08-22,2014,Bayern Munich,VfL Wolfsburg,H,2,1.25,6.0,10.0,1864.2922701911725,1612.0254675462043,252.26680264496827,100,100,0.0,7,8,7,5,12,12.0,13,13.0,3.0,0.0
2014-08-23,2014,FC Cologne,Hamburg,D,1,2.0,3.5,3.6,1397.1858301283116,1389.310570867661,7.875259260650637,100,100,0.0,0,1,1,-2,1,1.0,0,0.0,1.0,2.0
2014-08-23,2014,Borussia Dortmund,Bayer Leverkusen,A,0,1.57,4.33,5.0,1716.0998258450081,1614.0532983381884,102.04652750681976,100,100,0.0,4,5,4,4,13,13.0,13,13.0,1.3333333333333333,1.3333333333333333
2014-08-23,2014,Ein Frankfurt,SC Freiburg,H,2,2.05,3.4,3.6,1455.956188895773,1488.2559581624316,-32.299769266658586,100,100,0.0,0,-1,0,-3,1,1.0,7,7.0,0.6666666666666666,1.6666666666666667
2014-08-23,2014,Hertha BSC,Werder Bremen,D,1,1.95,3.5,3.75,1445.6769298660445,1463.2927770946665,-17.615847228621988,100,100,0.0,0,1,1,2,4,4.0,6,6.0,2.0,1.0
2014-08-23,2014,TSG Hoffenheim,FC Augsburg,H,2,1.91,3.6,3.8,1507.9062453573913,1548.6744485233376,-40.76820316594626,100,100,0.0,0,0,0,0,7,7.0,10,10.0,1.0,2.0
2014-08-23,2014,Hannover 96,FC Schalke 04,H,2,2.9,3.5,2.3,1498.1700693569458,1645.3407726980206,-147.17070334107484,100,100,0.0,-2,-3,-2,-2,13,13.0,9,9.0,1.0,2.0
2014-08-24,2014,Borussia Monchengladbach,VfB Stuttgart,D,1,1.95,3.5,3.75,1570.3862607644103,1441.0580023579635,129.32825840644682,100,100,0.0,0,0,1,1,7,7.0,5,5.0,1.3333333333333333,1.3333333333333333
2014-08-24,2014,SC Paderborn 07,FSV Mainz 05,D,1,3.1,3.4,2.25,1500.0,1548.5036713420893,-48.50367134208932,100,100,0.0,0,0,0,0,0,0.0,9,9.0,1.5,1.5
2014-08-29,2014,FC Augsburg,Borussia Dortmund,A,0,4.5,3.75,1.73,1536.207200538655,1693.2431047868197,-157.0359042481648,100,100,0.0,-6,-6,-4,-7,10,10.0,10,10.0,0.3333333333333333,2.3333333333333335
2014-08-30,2014,VfB Stuttgart,FC Cologne,A,0,2.0,3.5,3.6,1449.734050348042,1392.6725887008465,57.06146164719553,100,100,0.0,0,-1,-2,2,5,5.0,2,2.0,1.6666666666666667,0.6666666666666666
2014-08-30,2014,VfL Wolfsburg,Ein Frankfurt,D,1,1.57,4.33,5.0,1608.5360548110796,1468.0697744798679,140.4662803312117,100,100,0.0,2,1,1,5,10,10.0,4,4.0,2.3333333333333335,0.3333333333333333
2014-08-30,2014,Werder Bremen,TSG Hoffenheim,D,1,3.2,3.5,2.15,1466.784390812126,1520.373493342074,-53.58910252994792,100,100,0.0,0,-1,-1,-2,7,7.0,7,7.0,1.6666666666666667,0.6666666666666666
2014-08-30,2014,Bayer Leverkusen,Hertha BSC,H,2,1.44,4.5,6.5,1636.9100193963768,1442.185316148585,194.72470324779192,100,100,0.0,2,1,0,3,13,13.0,5,5.0,2.3333333333333335,0.3333333333333333
2014-08-30,2014,FC Schalke 04,Bayern Munich,D,1,6.0,4.75,1.44,1628.3166712293535,1867.7816829262972,-239.46501169694375,100,100,0.0,-7,-6,-8,-2,6,6.0,15,15.0,0.0,3.0
2014-08-30,2014,Hamburg,SC Paderborn 07,A,0,1.67,3.8,5.0,1393.8238122951261,1497.7928637744133,-103.96905147928715,100,100,0.0,0,-1,-1,2,1,1.0,1,1.0,1.5,1.5
2014-08-31,2014,SC Freiburg,Borussia Monchengladbach,D,1,2.88,3.4,2.38,1476.1423725783368,1561.7102127743317,-85.5678401959949,100,100,0.0,0,1,1,-3,4,4.0,7,7.0,2.0,1.0
2014-08-31,2014,FSV Mainz 05,Hannover 96,D,1,2.2,3.3,3.3,1550.710807567676,1515.194170825613,35.516636742063156,100,100,0.0,0,1,2,-3,7,7.0,13,13.0,1.3333333333333333,1.3333333333333333
2014-09-12,2014,Bayer Leverkusen,Werder Bremen,D,1,1.3,5.5,9.0,1641.5574256601003,1464.792504942721,176.76492071737925,100,100,0.0,2,2,1,5,13,13.0,5,5.0,2.0,1.0
2014-09-13,2014,Borussia Monchengladbach,FC Schalke 04,H,2,2.4,3.4,2.8,1562.3329410691706,1634.0340256861068,-71.70108461693621,100,100,0.0,-2,-3,-1,-2,8,8.0,7,7.0,2.0,1.0
2014-09-13,2014,SC Paderborn 07,FC Cologne,D,1,2.9,3.2,2.45,1512.621513501403,1414.0264419906412,98.59507151076173,100,100,0.0,0,0,0,0,4,4.0,5,5.0,1.5,1.5
2014-09-13,2014,TSG Hoffenheim,VfL Wolfsburg,D,1,2.4,3.5,2.75,1522.365379211479,1599.545944981152,-77.18056576967297,100,100,0.0,-2,0,-1,-2,8,8.0,8,8.0,1.3333333333333333,1.3333333333333333
2014-09-13,2014,Bayern Munich,VfB Stuttgart,H,2,1.17,7.5,15.0,1862.0643284695439,1428.3801970582474,433.68413141129645,100,100,0.0,9,9,10,5,13,13.0,2,2.0,3.0,0.0
2014-09-13,2014,Hertha BSC,FSV Mainz 05,A,0,2.25,3.3,3.2,1437.5379098848614,1545.139780422114,-107.60187053725258,100,100,0.0,0,0,0,0,4,4.0,8,8.0,2.3333333333333335,0.3333333333333333
2014-09-13,2014,Borussia Dortmund,SC Freiburg,H,2,1.25,6.0,10.0,1705.8025513346201,1475.5196442834979,230.28290705112227,100,100,0.0,6,6,4,7,10,10.0,2,2.0,3.0,0.0
2014-09-14,2014,Ein Frankfurt,FC Augsburg,A,0,2.25,3.3,3.2,1477.0598843097955,1523.6477539908544,-46.58786968105892,100,100,0.0,0,-1,0,-3,5,5.0,9,9.0,0.3333333333333333,2.3333333333333335
2014-09-14,2014,Hannover 96,Hamburg,H,2,2.2,3.4,3.2,1520.765197971175,1378.9951625681365,141.7700354030385,100,100,0.0,0,0,-1,1,11,11.0,1,1.0,2.0,1.0
2014-09-19,2014,SC Freiburg,Hertha BSC,D,1,2.5,3.3,2.8,1471.620670498286,1422.8660566550966,48.75461384318942,100,100,0.0,0,0,0,0,1,1.0,1,1.0,1.6666666666666667,0.6666666666666666
2014-09-20,2014,FC Augsburg,Werder Bremen,H,2,1.91,3.6,3.8,1540.935744816933,1474.7244253184604,66.21131949847268,100,100,0.0,0,1,1,2,9,9.0,6,6.0,2.0,1.0
2014-09-20,2014,FC Schalke 04,Ein Frankfurt,D,1,1.73,3.8,4.5,1620.2530934045758,1459.771893483717,160.4811999208589,100,100,0.0,2,3,0,8,7,7.0,4,4.0,1.3333333333333333,1.3333333333333333
2014-09-20,2014,Hamburg,Bayern Munich,D,1,10.0,6.0,1.25,1373.0212598871558,1863.3924733862143,-490.3712134990585,100,100,0.0,-9,-9,-9,-5,1,1.0,13,13.0,0.0,3.0
2014-09-20,2014,FSV Mainz 05,Borussia Dortmund,H,2,5.0,4.33,1.57,1559.8116336518788,1709.701525119832,-149.88989146795325,100,100,0.0,-6,-6,-4,-7,8,8.0,12,12.0,0.0,3.0
2014-09-20,2014,VfB Stuttgart,TSG Hoffenheim,A,0,2.5,3.4,2.7,1427.052052141577,1521.3815992481198,-94.3295471065428,100,100,0.0,0,-1,-2,2,1,1.0,8,8.0,2.0,1.0
2014-09-20,2014,SC Paderborn 07,Hannover 96,H,2,2.8,3.25,2.5,1504.8734849538905,1526.7391006521557,-21.865615698265174,100,100,0.0,0,1,2,-3,5,5.0,13,13.0,1.5,1.5
2014-09-21,2014,VfL Wolfsburg,Bayer Leverkusen,H,2,2.8,3.5,2.4,1600.5297249445111,1631.625505284361,-31.095780339849853,100,100,0.0,0,-1,1,-1,8,8.0,13,13.0,1.3333333333333333,1.3333333333333333
2014-09-21,2014,FC Cologne,Borussia Monchengladbach,D,1,2.75,3.3,2.5,1421.7744705381535,1576.1138733507016,-154.3394028125481,100,100,0.0,0,1,1,-3,5,5.0,8,8.0,0.0,3.0
2014-09-23,2014,Bayern Munich,SC Paderborn 07,H,2,1.11,9.0,21.0,1851.2603218537,1516.5558937932128,334.7044280604871,100,100,0.0,9,8,8,7,11,11.0,8,8.0,1.5,1.5
2014-09-23,2014,Ein Frankfurt,FSV Mainz 05,D,1,2.38,3.3,2.9,1469.2966678548835,1576.9508703054169,-107.65420245053338,100,100,0.0,0,-1,0,-3,5,5.0,11,11.0,1.3333333333333333,1.3333333333333333
2014-09-23,2014,TSG Hoffenheim,SC Freiburg,D,1,1.62,4.0,5.25,1536.6263906440795,1465.5640568717583,71.06233377232115,100,100,0.0,0,0,0,0,11,11.0,2,2.0,1.6666666666666667,0.6666666666666666
2014-09-23,2014,Werder Bremen,FC Schalke 04,A,0,2.8,3.4,2.4,1466.3987803925336,1610.7283190334092,-144.32953864087563,100,100,0.0,-2,-3,-1,-7,3,3.0,5,5.0,0.3333333333333333,2.3333333333333335
2014-09-24,2014,Bayer Leverkusen,FC Augsburg,H,2,1.57,4.2,5.25,1619.5619417742844,1549.2613897428598,70.30055203142456,100,100,0.0,2,1,0,3,10,10.0,9,9.0,3.0,0.0
2014-09-24,2014,Borussia Dortmund,VfB Stuttgart,D,1,1.36,5.0,7.5,1692.562288466294,1411.8072607456172,280.7550277206767,100,100,0.0,6,7,6,5,9,9.0,1,1.0,3.0,0.0
2014-09-24,2014,Hannover 96,FC Cologne,H,2,2.15,3.4,3.25,1515.0566918128334,1424.1015475009538,90.95514431187962,100,100,0.0,0,-1,-2,3,10,10.0,6,6.0,1.0,2.0
2014-09-24,2014,Hertha BSC,VfL Wolfsburg,H,2,3.0,3.5,2.25,1428.9226702816243,1612.5932884545878,-183.6706181729635,100,100,0.0,-2,0,-1,-2,2,2.0,8,8.0,0.0,3.0
2014-09-24,2014,Borussia Monchengladbach,Hamburg,H,2,1.65,4.0,4.75,1573.7867963879014,1385.1534114196702,188.6333849682312,100,100,0.0,0,0,0,1,6,6.0,2,2.0,2.0,1.0
2014-09-26,2014,FSV Mainz 05,TSG Hoffenheim,D,1,2.4,3.4,2.8,1576.620465273604,1529.7851136971803,46.83535157642359,100,100,0.0,0,0,0,0,9,9.0,9,9.0,1.6666666666666667,0.6666666666666666
2014-09-27,2014,FC Schalke 04,Borussia Dortmund,H,2,3.4,3.6,2.05,1623.824777303971,1680.5769608696432,-56.75218356567234,100,100,0.0,-4,-4,-4,-2,5,5.0,7,7.0,1.3333333333333333,1.3333333333333333
2014-09-27,2014,SC Paderborn 07,Borussia Monchengladbach,A,0,3.3,3.5,2.1,1514.285106433901,1578.5735891998304,-64.2884827659293,100,100,0.0,0,1,1,-3,8,8.0,9,9.0,1.5,1.5
2014-09-27,2014,FC Cologne,Bayern Munich,A,0,7.5,5.0,1.36,1416.6050000636378,1853.5311092130116,-436.9261091493738,100,100,0.0,-9,-8,-8,-7,6,6.0,11,11.0,1.0,2.0
2014-09-27,2014,VfB Stuttgart,Hannover 96,H,2,1.95,3.5,3.6,1423.792588342268,1522.5532392501493,-98.76065090788143,100,100,0.0,0,0,0,-1,2,2.0,10,10.0,1.6666666666666667,0.6666666666666666
2014-09-27,2014,SC Freiburg,Bayer Leverkusen,D,1,4.2,3.75,1.8,1472.4053338186575,1627.7467383095468,-155.34140449088932,100,100,0.0,-2,-1,0,-3,3,3.0,10,10.0,1.3333333333333333,1.3333333333333333
2014-09-27,2014,VfL Wolfsburg,Werder Bremen,H,2,1.5,4.33,6.0,1594.0491884738212,1453.3023221219719,140.74686635184935,100,100,0.0,2,1,2,4,5,5.0,3,3.0,3.0,0.0
2014-09-28,2014,Hamburg,Ein Frankfurt,A,0,2.05,3.5,3.4,1380.3666186077412,1469.6270728866964,-89.2604542789552,100,100,0.0,0,0,-1,5,2,2.0,6,6.0,0.6666666666666666,1.6666666666666667
2014-09-28,2014,FC Augsburg,Hertha BSC,H,2,2.05,3.5,3.4,1541.0765932075974,1447.4667702623908,93.60982294520659,100,100,0.0,0,0,0,0,6,6.0,5,5.0,1.6666666666666667,0.6666666666666666
2014-10-03,2014,Hertha BSC,VfB Stuttgart,H,2,2.25,3.4,3.1,1440.0558263507132,1438.7390815677556,1.316744782957585,100,100,0.0,0,1,2,-2,4,4.0,4,4.0,1.0,2.0
2014-10-04,2014,Werder Bremen,SC Freiburg,D,1,2.38,3.4,2.88,1447.3001906524833,1474.7746104968671,-27.474419844383874,100,100,0.0,0,-1,-1,-2,2,2.0,4,4.0,0.3333333333333333,2.3333333333333335
2014-10-04,2014,Bayer Leverkusen,SC Paderborn 07,D,1,1.33,5.25,8.0,1625.3774616313372,1497.7487231026337,127.62873852870348,100,100,0.0,2,1,0,3,8,8.0,7,7.0,1.5,1.5
2014-10-04,2014,TSG Hoffenheim,FC Schalke 04,H,2,2.3,3.6,2.88,1535.7722209501903,1636.967203190841,-101.19498224065069,100,100,0.0,-2,-2,0,-5,7,7.0,8,8.0,0.3333333333333333,2.3333333333333335
2014-10-04,2014,Bayern Munich,Hannover 96,H,2,1.13,8.5,17.0,1857.3021845816559,1507.6067460246616,349.6954385569943,100,100,0.0,9,9,10,4,11,11.0,7,7.0,3.0,0.0
2014-10-04,2014,Borussia Dortmund,Hamburg,A,0,1.33,5.25,8.0,1667.4345349827731,1364.9031027652939,302.5314322174793,100,100,0.0,6,7,5,5,7,7.0,1,1.0,1.0,2.0
2014-10-04,2014,Ein Frankfurt,FC Cologne,H,2,2.3,3.2,3.2,1485.0905887291437,1412.8339246949936,72.25666403415016,100,100,0.0,0,-1,0,-3,6,6.0,5,5.0,0.0,3.0
2014-10-05,2014,Borussia Monchengladbach,FSV Mainz 05,D,1,1.85,3.6,4.0,1595.1099725310978,1570.633358020594,24.47661451050385,100,100,0.0,0,-1,-1,3,11,11.0,9,9.0,2.3333333333333335,0.3333333333333333
2014-10-05,2014,VfL Wolfsburg,FC Augsburg,H,2,1.7,3.8,4.75,1600.0513199433099,1548.487537119275,51.56378282403489,100,100,0.0,2,0,1,2,8,8.0,9,9.0,1.6666666666666667,0.6666666666666666
2014-10-18,2014,Bayern Munich,Werder Bremen,H,2,1.1,11.0,17.0,1859.3983488345732,1444.2137107160809,415.18463811849233,100,100,0.0,9,9,9,9,13,13.0,2,2.0,3.0,0.0
2014-10-18,2014,FC Cologne,Borussia Dortmund,H,2,5.0,4.0,1.62,1404.7159750511266,1640.125893280971,-235.40991822984438,100,100,0.0,-6,-6,-4,-7,2,2.0,4,4.0,0.0,3.0
2014-10-18,2014,SC Freiburg,VfL Wolfsburg,A,0,3.5,3.5,2.0,1477.8610904332695,1608.8935302324494,-131.03243979917988,100,100,0.0,-2,0,-1,-2,4,4.0,10,10.0,0.3333333333333333,2.3333333333333335
2014-10-18,2014,Hannover 96,Borussia Monchengladbach,A,0,3.1,3.4,2.25,1505.5105817717442,1589.9546001022584,-84.44401833051415,100,100,0.0,0,0,-1,0,6,6.0,11,11.0,1.0,2.0
2014-10-18,2014,FSV Mainz 05,FC Augsburg,H,2,2.3,3.4,3.0,1575.7887304494334,1539.6453268301354,36.14340361929794,100,100,0.0,0,0,0,0,9,9.0,9,9.0,1.3333333333333333,1.3333333333333333
2014-10-18,2014,FC Schalke 04,Hertha BSC,H,2,1.67,3.8,5.0,1621.9156118637707,1450.8015447810428,171.11406708272784,100,100,0.0,2,2,0,5,7,7.0,7,7.0,3.0,0.0
2014-10-18,2014,VfB Stuttgart,Bayer Leverkusen,D,1,3.4,3.5,2.05,1427.993363137426,1616.750378611605,-188.75701547417884,100,100,0.0,-2,-2,-2,-1,4,4.0,6,6.0,0.0,3.0
2014-10-19,2014,SC Paderborn 07,Ein Frankfurt,H,2,2.5,3.4,2.7,1506.375806122366,1493.2085383730107,13.167267749355233,100,100,0.0,0,1,0,3,5,5.0,8,8.0,1.5,1.5
2014-10-19,2014,Hamburg,TSG Hoffenheim,D,1,2.4,3.4,2.8,1392.211744467096,1550.8238122772607,-158.61206781016472,100,100,0.0,0,-1,-1,2,4,4.0,9,9.0,1.0,2.0
2014-10-24,2014,Werder Bremen,FC Cologne,A,0,2.55,3.4,2.63,1442.7436371884446,1425.2830298778413,17.460607310603336,100,100,0.0,0,-1,-1,-2,1,1.0,4,4.0,1.3333333333333333,1.3333333333333333
2014-10-25,2014,TSG Hoffenheim,SC Paderborn 07,H,2,1.62,4.33,4.75,1548.3170610988739,1516.6557380743138,31.661323024560033,100,100,0.0,0,0,0,0,9,9.0,7,7.0,1.5,1.5
2014-10-25,2014,Bayer Leverkusen,FC Schalke 04,H,2,1.67,4.1,4.5,1612.9996696732596,1627.122179220355,-14.122509547095433,100,100,0.0,0,-1,0,-2,6,6.0,10,10.0,0.3333333333333333,2.3333333333333335
2014-10-25,2014,Hertha BSC,Hamburg,H,2,2.2,3.4,3.2,1445.5949774244584,1394.7184956454828,50.87648177897563,100,100,0.0,0,1,1,-2,7,7.0,5,5.0,2.0,1.0
2014-10-25,2014,FC Augsburg,SC Freiburg,H,2,1.83,3.6,4.2,1530.2396654366096,1464.1973170619624,66.04234837464719,100,100,0.0,0,0,0,0,6,6.0,4,4.0,2.0,1.0
2014-10-25,2014,Borussia Dortmund,Hannover 96,A,0,1.22,6.5,11.0,1619.5588384542564,1489.8394244826386,129.71941397161777,100,100,0.0,6,7,6,4,1,1.0,3,3.0,3.0,0.0
2014-10-25,2014,Ein Frankfurt,VfB Stuttgart,A,0,2.25,3.4,3.0,1482.9286064210628,1431.7440720757713,51.18453434529147,100,100,0.0,0,0,2,-5,8,8.0,5,5.0,1.3333333333333333,1.3333333333333333
2014-10-26,2014,Borussia Monchengladbach,Bayern Munich,D,1,8.0,4.75,1.36,1605.625757391364,1860.8684223622095,-255.24266497084545,100,100,0.0,-9,-9,-9,-4,11,11.0,13,13.0,0.0,3.0
2014-10-26,2014,VfL Wolfsburg,FSV Mainz 05,H,2,1.67,3.8,5.0,1622.5573036037565,1585.1943918429592,37.36291176079726,100,100,0.0,2,0,1,2,12,12.0,9,9.0,1.3333333333333333,1.3333333333333333
2014-10-31,2014,FC Schalke 04,FC Augsburg,H,2,1.91,3.6,3.8,1615.7561026016283,1538.5711623712095,77.18494023041876,100,100,0.0,2,2,0,5,9,9.0,6,6.0,2.3333333333333335,0.3333333333333333
2014-11-01,2014,VfB Stuttgart,VfL Wolfsburg,A,0,3.3,3.5,2.1,1452.8882415733692,1631.9176975090043,-179.02945593563504,100,100,0.0,-2,-1,-3,0,8,8.0,12,12.0,0.0,3.0
2014-11-01,2014,Hamburg,Bayer Leverkusen,H,2,3.4,3.5,2.05,1385.8515928686058,1624.3657462919864,-238.51415342338055,100,100,0.0,-2,-2,-1,-1,4,4.0,9,9.0,1.0,2.0
2014-11-01,2014,Hannover 96,Ein Frankfurt,H,2,2.25,3.4,3.1,1513.526702966067,1461.784436923465,51.74226604260207,100,100,0.0,0,0,-2,6,6,6.0,7,7.0,2.3333333333333335,0.3333333333333333
2014-11-01,2014,Bayern Munich,Borussia Dortmund,H,2,1.44,4.5,6.5,1854.5791460290127,1595.871559970828,258.7075860581847,100,100,0.0,3,2,4,0,13,13.0,1,1.0,1.3333333333333333,1.3333333333333333
2014-11-01,2014,FSV Mainz 05,Werder Bremen,A,0,1.73,4.0,4.33,1575.8339979377115,1422.857219890221,152.9767780474906,100,100,0.0,0,1,1,2,6,6.0,1,1.0,2.3333333333333335,0.3333333333333333
2014-11-02,2014,FC Cologne,SC Freiburg,A,0,1.91,3.6,3.8,1445.169447176065,1455.8658201273624,-10.696372951297462,100,100,0.0,0,0,0,0,6,6.0,3,3.0,2.0,1.0
2014-11-02,2014,Borussia Monchengladbach,TSG Hoffenheim,H,2,1.95,3.5,3.75,1611.9150337245608,1557.8901094637713,54.024924260789476,100,100,0.0,0,-1,-1,3,11,11.0,9,9.0,0.6666666666666666,1.6666666666666667
2014-11-02,2014,SC Paderborn 07,Hertha BSC,H,2,2.5,3.5,2.63,1507.0826897094164,1454.4618802013354,52.62080950808104,100,100,0.0,0,0,0,0,4,4.0,9,9.0,1.5,1.5
2014-11-07,2014,Hertha BSC,Hannover 96,A,0,2.05,3.4,3.5,1445.6575671988764,1522.3625074850752,-76.70494028619873,100,100,0.0,0,1,2,-3,6,6.0,6,6.0,0.3333333333333333,2.3333333333333335
2014-11-08,2014,Bayer Leverkusen,FSV Mainz 05,D,1,1.5,4.33,6.0,1603.68351620011,1551.5052379647616,52.178278235348444,100,100,0.0,2,1,0,3,6,6.0,5,5.0,1.0,2.0
2014-11-08,2014,Werder Bremen,VfB Stuttgart,H,2,2.63,3.3,2.63,1447.1859798631708,1441.2425647405357,5.943415122635088,100,100,0.0,0,0,1,-4,4,4.0,7,7.0,1.6666666666666667,0.6666666666666666
2014-11-08,2014,TSG Hoffenheim,FC Cologne,A,0,1.8,3.8,4.0,1549.1359906346038,1426.3966233397757,122.73936729482807,100,100,0.0,0,0,0,0,8,8.0,6,6.0,0.6666666666666666,1.6666666666666667
2014-11-08,2014,SC Freiburg,FC Schalke 04,H,2,2.63,3.5,2.5,1474.6386439636517,1623.7071671005526,-149.06852313690092,100,100,0.0,-2,-2,0,-5,5,5.0,9,9.0,0.0,3.0
2014-11-08,2014,Ein Frankfurt,Bayern Munich,A,0,13.0,7.0,1.18,1452.9486324044567,1857.9558490856068,-405.0072166811501,100,100,0.0,-9,-9,-8,-10,6,6.0,13,13.0,0.0,3.0
2014-11-08,2014,FC Augsburg,SC Paderborn 07,H,2,1.73,3.8,4.5,1530.6200978722852,1515.8870027118753,14.733095160409903,100,100,0.0,0,0,0,0,6,6.0,7,7.0,1.5,1.5
2014-11-09,2014,Borussia Dortmund,Borussia Monchengladbach,H,2,1.57,4.33,5.0,1592.4948569142339,1620.6691525537283,-28.174295639494403,100,100,0.0,6,7,5,4,0,0.0,11,11.0,0.3333333333333333,2.3333333333333335
2014-11-09,2014,VfL Wolfsburg,Hamburg,H,2,1.57,4.2,5.25,1643.5633743418377,1406.5338229604822,237.02955138135553,100,100,0.0,2,1,2,0,15,15.0,7,7.0,1.6666666666666667,0.6666666666666666
2014-11-22,2014,Hannover 96,Bayer Leverkusen,A,0,3.8,3.6,1.91,1538.3667316754697,1597.503683598076,-59.13695192260616,100,100,0.0,-2,-2,-2,0,9,9.0,6,6.0,0.3333333333333333,2.3333333333333335
2014-11-22,2014,FC Cologne,Hertha BSC,A,0,2.1,3.3,3.5,1449.8812977294729,1429.653343008482,20.227954720990965,100,100,0.0,0,0,0,0,9,9.0,6,6.0,1.5,1.5
2014-11-22,2014,SC Paderborn 07,Borussia Dortmund,D,1,7.0,4.75,1.4,1505.6678924637895,1604.4373256754834,-98.76943321169392,100,100,0.0,-6,-6,-4,-7,7,7.0,3,3.0,1.5,1.5
2014-11-22,2014,Bayern Munich,TSG Hoffenheim,H,2,1.14,8.0,15.0,1862.3755039667108,1525.6513162449066,336.7241877218041,100,100,0.0,9,8,8,7,13,13.0,7,7.0,2.3333333333333335,0.3333333333333333
2014-11-22,2014,Borussia Monchengladbach,Ein Frankfurt,A,0,1.36,5.0,7.5,1608.7266837924788,1448.5289775233528,160.197706269126,100,100,0.0,0,0,-1,6,8,8.0,3,3.0,2.0,1.0
2014-11-22,2014,FC Schalke 04,VfL Wolfsburg,H,2,3.0,3.4,2.3,1606.6026821634073,1647.3324868870884,-40.72980472368113,100,100,0.0,0,2,-1,3,6,6.0,15,15.0,2.0,1.0
2014-11-22,2014,FSV Mainz 05,SC Freiburg,D,1,2.15,3.3,3.4,1557.6850705667957,1491.743128900797,65.94194166599868,100,100,0.0,0,0,0,0,5,5.0,7,7.0,2.3333333333333335,0.3333333333333333
2014-11-23,2014,Hamburg,Werder Bremen,H,2,1.91,3.6,3.75,1402.7647104152315,1457.7487185448847,-54.98400812965315,100,100,0.0,0,0,0,4,7,7.0,7,7.0,1.0,2.0
2014-11-23,2014,VfB Stuttgart,FC Augsburg,A,0,2.38,3.5,2.8,1430.6798260588218,1540.839208120371,-110.1593820615492,100,100,0.0,0,-1,-2,2,4,4.0,6,6.0,0.0,3.0
2014-11-28,2014,SC Freiburg,VfB Stuttgart,A,0,2.25,3.4,3.1,1498.4081533628482,1416.1183168720122,82.28983649083602,100,100,0.0,0,1,2,-2,7,7.0,4,4.0,0.0,3.0
2014-11-29,2014,Werder Bremen,SC Paderborn 07,H,2,2.2,3.5,3.25,1444.6814122186834,1505.6147648470214,-60.93335262833807,100,100,0.0,0,-1,-1,-2,6,6.0,7,7.0,1.5,1.5
2014-11-29,2014,Bayer Leverkusen,FC Cologne,H,2,1.5,4.33,6.5,1614.2597932986378,1429.888361908195,184.3714313904427,100,100,0.0,2,1,0,3,8,8.0,9,9.0,1.0,2.0
2014-11-29,2014,FC Schalke 04,FSV Mainz 05,H,2,1.95,3.7,3.75,1619.0683196484536,1551.0200461047446,68.048273543709,100,100,0.0,2,2,0,5,9,9.0,5,5.0,1.6666666666666667,0.6666666666666666
2014-11-29,2014,Hertha BSC,Bayern Munich,A,0,15.0,7.5,1.18,1449.6462788297597,1864.6220081187782,-414.97572928901855,100,100,0.0,-9,-8,-8,-7,6,6.0,13,13.0,0.0,3.0
2014-11-29,2014,TSG Hoffenheim,Hannover 96,H,2,1.7,4.0,4.75,1523.4048120928392,1521.6106219749079,1.7941901179312936,100,100,0.0,0,1,2,-3,4,4.0,9,9.0,2.0,1.0
2014-11-29,2014,FC Augsburg,Hamburg,H,2,2.0,3.5,3.75,1555.4007173071807,1415.8320167414329,139.5687005657478,100,100,0.0,0,1,1,-2,9,9.0,7,7.0,3.0,0.0
2014-11-30,2014,Ein Frankfurt,Borussia Dortmund,H,2,5.0,4.33,1.62,1473.0464437049898,1604.4904532922515,-131.4440095872617,100,100,0.0,-6,-7,-4,-10,3,3.0,4,4.0,0.0,3.0
2014-11-30,2014,VfL Wolfsburg,Borussia Monchengladbach,H,2,1.91,3.75,3.8,1634.8668494020421,1584.2092176108417,50.6576317912004,100,100,0.0,2,1,2,-1,12,12.0,7,7.0,2.3333333333333335,0.3333333333333333
2014-12-05,2014,Borussia Dortmund,TSG Hoffenheim,H,2,1.5,4.6,6.0,1588.1366006418878,1534.1315830471444,54.00501759474332,100,100,0.0,6,6,4,7,4,4.0,6,6.0,1.3333333333333333,1.3333333333333333
2014-12-06,2014,Hannover 96,VfL Wolfsburg,A,0,3.8,3.6,1.95,1510.8838510206026,1643.7416231420166,-132.85777212141397,100,100,0.0,-2,-1,-3,1,9,9.0,12,12.0,3.0,0.0
2014-12-06,2014,Bayern Munich,Bayer Leverkusen,H,2,1.25,6.0,12.0,1868.8297579338896,1619.1461120987829,249.68364583510674,100,100,0.0,7,7,8,4,13,13.0,10,10.0,2.3333333333333335,0.3333333333333333
2014-12-06,2014,VfB Stuttgart,FC Schalke 04,A,0,2.25,3.4,3.25,1438.3377878977155,1627.3305086377275,-188.99272074001192,100,100,0.0,-2,-3,-2,-3,6,6.0,9,9.0,2.0,1.0
2014-12-06,2014,SC Paderborn 07,SC Freiburg,D,1,2.38,3.3,3.1,1492.2943350642367,1476.1886823371449,16.105652727091865,100,100,0.0,0,0,0,0,4,4.0,7,7.0,1.5,1.5
2014-12-06,2014,Borussia Monchengladbach,Hertha BSC,H,2,1.67,3.8,5.25,1575.3344438708673,1445.4385290146483,129.89591485621895,100,100,0.0,0,-1,-1,3,4,4.0,6,6.0,1.3333333333333333,1.3333333333333333
2014-12-06,2014,FC Cologne,FC Augsburg,A,0,2.88,3.2,2.55,1425.00204310805,1561.4354776193316,-136.43343451128158,100,100,0.0,0,0,0,0,6,6.0,12,12.0,1.5,1.5
2014-12-07,2014,Ein Frankfurt,Werder Bremen,H,2,2.05,3.6,3.5,1489.4002963553535,1458.001842001468,31.398454353885427,100,100,0.0,0,0,1,-1,6,6.0,9,9.0,1.6666666666666667,0.6666666666666666
2014-12-07,2014,Hamburg,FSV Mainz 05,H,2,2.1,3.4,3.6,1409.797256429282,1542.7578571154706,-132.96060068618863,100,100,0.0,0,-1,-1,2,6,6.0,2,2.0,1.0,2.0
2014-12-12,2014,TSG Hoffenheim,Ein Frankfurt,H,2,1.85,3.9,4.0,1525.3767537728825,1498.9832108290402,26.39354294384225,100,100,0.0,0,1,0,3,3,3.0,9,9.0,1.3333333333333333,1.3333333333333333
2014-12-13,2014,Werder Bremen,Hannover 96,D,1,2.45,3.4,2.88,1448.4189275277813,1497.298220920136,-48.87929339235461,100,100,0.0,0,0,1,-5,9,9.0,6,6.0,3.0,0.0
2014-12-13,2014,FSV Mainz 05,VfB Stuttgart,D,1,2.38,3.4,3.0,1526.3390873434907,1427.0980351769986,99.24105216649218,100,100,0.0,0,1,2,-2,2,2.0,3,3.0,2.3333333333333335,0.3333333333333333
2014-12-13,2014,FC Schalke 04,FC Cologne,A,0,1.8,3.7,4.5,1638.5702613584444,1411.5692605270658,227.00100083137863,100,100,0.0,2,2,0,5,12,12.0,3,3.0,2.0,1.0
2014-12-13,2014,SC Freiburg,Hamburg,D,1,2.4,3.3,3.0,1481.0227431306841,1426.216026201262,54.80671692942224,100,100,0.0,0,1,1,-2,8,8.0,9,9.0,1.3333333333333333,1.3333333333333333
2014-12-13,2014,FC Augsburg,Bayern Munich,A,0,9.5,5.75,1.3,1574.8682602003157,1872.3652847709295,-297.4970245706138,100,100,0.0,-9,-8,-8,-7,12,12.0,15,15.0,1.0,2.0
2014-12-13,2014,Hertha BSC,Borussia Dortmund,H,2,5.5,4.0,1.62,1439.1308702346594,1596.8914299161497,-157.76055968149035,100,100,0.0,-6,-6,-4,-7,3,3.0,7,7.0,1.0,2.0
2014-12-14,2014,Bayer Leverkusen,Borussia Monchengladbach,D,1,1.67,4.0,5.0,1615.610585261743,1581.6421026508563,33.96848261088667,100,100,0.0,2,2,1,0,7,7.0,6,6.0,2.3333333333333335,0.3333333333333333
2014-12-14,2014,VfL Wolfsburg,SC Paderborn 07,D,1,1.36,5.25,8.0,1657.3272532424833,1487.4602742706975,169.86697897178578,100,100,0.0,2,0,1,2,12,12.0,5,5.0,1.5,1.5
2014-12-16,2014,Bayern Munich,SC Freiburg,H,2,1.08,11.0,29.0,1879.6520709753522,1474.7489875446624,404.9030834306898,100,100,0.0,9,8,8,7,15,15.0,6,6.0,2.3333333333333335,0.3333333333333333
2014-12-16,2014,FC Cologne,FSV Mainz 05,D,1,2.25,3.4,3.2,1437.6057507178314,1518.5706302989138,-80.96487958108241,100,100,0.0,0,0,0,0,6,6.0,3,3.0,1.3333333333333333,1.3333333333333333
2014-12-16,2014,Hamburg,VfB Stuttgart,A,0,2.1,3.4,3.6,1432.4897817872836,1434.8664922215755,-2.3767104342919083,100,100,0.0,0,0,1,0,7,7.0,4,4.0,1.3333333333333333,1.3333333333333333
2014-12-16,2014,Hannover 96,FC Augsburg,H,2,2.3,3.3,3.1,1499.4894888305603,1567.581473995893,-68.09198516533274,100,100,0.0,0,-1,-2,3,4,4.0,12,12.0,2.3333333333333335,0.3333333333333333
2014-12-17,2014,Borussia Monchengladbach,Werder Bremen,H,2,1.44,4.75,7.0,1587.1554152280964,1446.227659617357,140.9277556107395,100,100,0.0,0,0,0,5,4,4.0,7,7.0,1.6666666666666667,0.6666666666666666
2014-12-17,2014,Borussia Dortmund,VfL Wolfsburg,D,1,1.85,3.75,4.2,1579.420429164722,1647.5647831567974,-68.14435399207537,100,100,0.0,4,6,3,5,7,7.0,10,10.0,1.3333333333333333,1.3333333333333333
2014-12-17,2014,SC Paderborn 07,FC Schalke 04,A,0,2.75,3.5,2.5,1497.2227443563834,1612.5337711676789,-115.3110268112955,100,100,0.0,-2,-2,0,-5,3,3.0,9,9.0,1.5,1.5
2014-12-17,2014,TSG Hoffenheim,Bayer Leverkusen,A,0,3.25,3.75,2.1,1535.1485357478946,1610.0972726845027,-74.94873693660816,100,100,0.0,-2,-1,0,-3,6,6.0,8,8.0,1.0,2.0
2014-12-17,2014,Ein Frankfurt,Hertha BSC,D,1,2.05,3.5,3.6,1489.211428854028,1456.601870986087,32.60955786794102,100,100,0.0,0,-1,0,-3,9,9.0,6,6.0,1.5,1.5
2014-12-19,2014,FSV Mainz 05,Bayern Munich,A,0,15.0,7.0,1.2,1519.3916212255892,1881.2071315289875,-361.81551030339824,100,100,0.0,-9,-8,-8,-7,3,3.0,15,15.0,0.0,3.0
2014-12-20,2014,VfB Stuttgart,SC Paderborn 07,D,1,1.85,3.8,4.0,1453.973703470035,1482.883346935289,-28.90964346525402,100,100,0.0,0,-1,-2,2,7,7.0,3,3.0,1.5,1.5
2014-12-20,2014,Werder Bremen,Borussia Dortmund,H,2,6.5,4.33,1.5,1440.2305260729624,1578.0489514086369,-137.81842533567442,100,100,0.0,-6,-7,-5,-9,4,4.0,5,5.0,0.0,3.0
2014-12-20,2014,VfL Wolfsburg,FC Cologne,H,2,1.5,4.2,7.0,1648.9362609128825,1436.784759791156,212.1515011217266,100,100,0.0,2,0,1,2,8,8.0,4,4.0,3.0,0.0
2014-12-20,2014,FC Augsburg,Borussia Monchengladbach,H,2,2.5,3.4,2.8,1553.9551937640572,1593.152548772491,-39.19735500843376,100,100,0.0,0,1,1,-3,9,9.0,7,7.0,1.3333333333333333,1.3333333333333333
2014-12-20,2014,Bayer Leverkusen,Ein Frankfurt,D,1,1.44,4.75,7.0,1626.1769522541335,1483.7489325506954,142.42801970343817,100,100,0.0,2,2,0,6,10,10.0,10,10.0,2.0,1.0
2014-12-20,2014,FC Schalke 04,Hamburg,D,1,1.8,3.6,4.5,1626.8731685887733,1413.3825705388242,213.49059804994909,100,100,0.0,2,3,1,3,12,12.0,7,7.0,2.3333333333333335,0.3333333333333333
2014-12-21,2014,SC Freiburg,Hannover 96,D,1,2.45,3.4,2.88,1473.1939269910272,1513.115769062396,-39.92184207136893,100,100,0.0,0,1,2,-3,3,3.0,4,4.0,2.0,1.0
2014-12-21,2014,Hertha BSC,TSG Hoffenheim,A,0,2.5,3.4,2.8,1462.0643672894198,1519.0688561782638,-57.00448888884398,100,100,0.0,0,0,0,0,7,7.0,6,6.0,2.3333333333333335,0.3333333333333333
2015-01-30,2014,VfL Wolfsburg,Bayern Munich,H,2,6.5,4.33,1.5,1653.2031684144822,1886.6480615562712,-233.44489314178895,100,100,0.0,-7,-8,-7,-5,11,11.0,15,15.0,0.0,3.0
2015-01-31,2014,SC Freiburg,Ein Frankfurt,H,2,2.63,3.5,2.63,1470.6256910741936,1492.7931306040084,-22.16743952981483,100,100,0.0,0,1,0,3,3,3.0,8,8.0,1.3333333333333333,1.3333333333333333
2015-01-31,2014,FC Schalke 04,Hannover 96,H,2,1.95,3.5,4.0,1616.1119406673754,1515.6840049792297,100.42793568814568,100,100,0.0,2,3,2,2,10,10.0,5,5.0,1.0,2.0
2015-01-31,2014,Hamburg,FC Cologne,A,0,2.2,3.3,3.4,1424.1437984602221,1432.5178522895562,-8.374053829334116,100,100,0.0,0,-1,-1,2,5,5.0,4,4.0,1.3333333333333333,1.3333333333333333
2015-01-31,2014,FSV Mainz 05,SC Paderborn 07,H,2,2.05,3.5,3.6,1513.9506911983055,1485.9104366425142,28.040254555791307,100,100,0.0,0,0,0,0,2,2.0,3,3.0,1.0,1.0
2015-01-31,2014,Bayer Leverkusen,Borussia Dortmund,D,1,2.5,3.4,2.8,1617.1327542008205,1561.422616803743,55.71013739707746,100,100,0.0,-4,-5,-4,-4,8,8.0,4,4.0,2.3333333333333335,0.3333333333333333
2015-01-31,2014,VfB Stuttgart,Borussia Monchengladbach,A,0,3.0,3.4,2.38,1450.9466137628096,1580.7511355028255,-129.80452174001584,100,100,0.0,0,0,-1,-1,8,8.0,7,7.0,0.6666666666666666,1.6666666666666667
2015-02-01,2014,FC Augsburg,TSG Hoffenheim,H,2,2.4,3.4,2.9,1566.3566070337226,1535.915703484755,30.440903548967526,100,100,0.0,0,0,0,0,9,9.0,9,9.0,1.0,2.0
2015-02-01,2014,Werder Bremen,Hertha BSC,H,2,2.38,3.4,3.0,1456.8568606778563,1445.2175199829285,11.639340694927796,100,100,0.0,0,-1,-1,-2,7,7.0,4,4.0,1.3333333333333333,1.3333333333333333
2015-02-03,2014,Borussia Monchengladbach,SC Freiburg,H,2,1.53,4.33,6.0,1594.467518010593,1482.3204956425966,112.14702236799644,100,100,0.0,0,-1,-1,3,10,10.0,6,6.0,1.3333333333333333,1.3333333333333333
2015-02-03,2014,Hannover 96,FSV Mainz 05,D,1,2.25,3.4,3.25,1508.4898935686965,1523.6601193219824,-15.170225753285877,100,100,0.0,0,-1,-2,3,5,5.0,5,5.0,1.3333333333333333,1.3333333333333333
2015-02-03,2014,Ein Frankfurt,VfL Wolfsburg,D,1,3.8,4.0,1.85,1481.0983260356054,1673.6969188666292,-192.59859283102378,100,100,0.0,-2,-1,-1,-5,5,5.0,11,11.0,0.3333333333333333,2.3333333333333335
2015-02-03,2014,Bayern Munich,FC Schalke 04,D,1,1.13,9.0,19.0,1866.1543111041242,1623.3060520779086,242.8482590262156,100,100,0.0,7,6,8,2,12,12.0,10,10.0,2.3333333333333335,0.3333333333333333
2015-02-04,2014,FC Cologne,VfB Stuttgart,D,1,2.25,3.4,3.2,1451.3844367516008,1437.230231255042,14.154205496558689,100,100,0.0,0,1,2,-2,7,7.0,5,5.0,1.6666666666666667,0.6666666666666666
2015-02-04,2014,TSG Hoffenheim,Werder Bremen,A,0,1.67,4.2,4.75,1526.2968042184416,1467.196308709753,59.10049550868848,100,100,0.0,0,1,1,2,6,6.0,7,7.0,0.6666666666666666,1.6666666666666667
2015-02-04,2014,Borussia Dortmund,FC Augsburg,A,0,1.44,4.5,7.5,1567.7285180881536,1575.9755063000362,-8.24698821188258,100,100,0.0,6,6,4,7,5,5.0,9,9.0,2.3333333333333335,0.3333333333333333
2015-02-04,2014,SC Paderborn 07,Hamburg,A,0,2.5,3.3,2.88,1476.2010085188374,1405.2772139981776,70.92379452065984,100,100,0.0,0,1,1,-2,3,3.0,5,5.0,3.0,0.0
2015-02-04,2014,Hertha BSC,Bayer Leverkusen,A,0,5.5,3.75,1.67,1434.8780719510316,1610.82685291641,-175.94878096537832,100,100,0.0,-2,-1,0,-3,4,4.0,6,6.0,0.0,3.0
2015-02-06,2014,FC Schalke 04,Borussia Monchengladbach,H,2,2.6,3.3,2.75,1634.6459482075825,1601.2991915908792,33.34675661670326,100,100,0.0,2,3,1,2,8,8.0,10,10.0,0.0,3.0
2015-02-07,2014,SC Freiburg,Borussia Dortmund,A,0,5.5,4.0,1.62,1475.4888220623104,1548.8568127621695,-73.36799069985909,100,100,0.0,-6,-6,-4,-7,5,5.0,2,2.0,0.0,3.0
2015-02-07,2014,Hamburg,Hannover 96,H,2,2.3,3.3,3.2,1427.1137530388226,1504.8985799450952,-77.78482690627266,100,100,0.0,0,0,1,-1,5,5.0,6,6.0,1.0,2.0
2015-02-07,2014,VfL Wolfsburg,TSG Hoffenheim,H,2,1.57,4.33,5.5,1669.791160503432,1504.8708942137887,164.92026628964322,100,100,0.0,2,0,1,2,9,9.0,6,6.0,1.3333333333333333,1.3333333333333333
2015-02-07,2014,VfB Stuttgart,Bayern Munich,A,0,13.0,7.0,1.2,1441.9886553337083,1854.8144149744503,-412.82575964074204,100,100,0.0,-9,-9,-10,-5,6,6.0,10,10.0,0.0,3.0
2015-02-07,2014,FSV Mainz 05,Hertha BSC,A,0,1.91,3.6,4.0,1527.2514329455837,1423.1057950284626,104.14563791712112,100,100,0.0,0,0,0,0,6,6.0,4,4.0,1.3333333333333333,1.3333333333333333
2015-02-07,2014,FC Cologne,SC Paderborn 07,D,1,1.95,3.5,4.0,1446.6260126729346,1454.3644694781924,-7.738456805257783,100,100,0.0,0,0,0,0,8,8.0,2,2.0,1.0,1.0
2015-02-08,2014,FC Augsburg,Ein Frankfurt,D,1,1.91,3.8,3.8,1594.8472116260202,1485.0040843988027,109.84312722721756,100,100,0.0,0,1,0,3,9,9.0,3,3.0,2.3333333333333335,0.3333333333333333
2015-02-08,2014,Werder Bremen,Bayer Leverkusen,H,2,4.2,3.75,1.85,1488.622218714406,1622.599129838979,-133.976911124573,100,100,0.0,-2,-2,-1,-5,10,10.0,9,9.0,1.3333333333333333,1.3333333333333333
2015-02-13,2014,Borussia Dortmund,FSV Mainz 05,H,2,1.33,5.25,9.5,1565.0043623591616,1504.3291571893185,60.67520516984314,100,100,0.0,6,6,4,7,5,5.0,5,5.0,2.0,1.0
2015-02-14,2014,Werder Bremen,FC Augsburg,H,2,2.6,3.4,2.7,1505.084461442466,1586.749108891924,-81.66464744945802,100,100,0.0,0,-1,-1,-2,12,12.0,10,10.0,1.0,2.0
2015-02-14,2014,Borussia Monchengladbach,FC Cologne,H,2,1.73,3.6,5.25,1591.789273102331,1442.7338227400821,149.05545036224885,100,100,0.0,0,-1,-1,3,9,9.0,6,6.0,2.3333333333333335,0.3333333333333333
2015-02-14,2014,Bayer Leverkusen,VfL Wolfsburg,A,0,2.3,3.5,3.0,1606.1368871109191,1675.152937184585,-69.01605007366584,100,100,0.0,0,1,-1,1,8,8.0,11,11.0,1.0,2.0
2015-02-14,2014,Ein Frankfurt,FC Schalke 04,H,2,2.3,3.6,3.0,1493.102187132899,1644.1558666961307,-151.05367956323175,100,100,0.0,-2,-3,0,-8,4,4.0,11,11.0,0.6666666666666666,1.6666666666666667
2015-02-14,2014,Bayern Munich,Hamburg,H,2,1.09,11.0,26.0,1859.0671363800338,1441.1559518468523,417.91118453318154,100,100,0.0,9,9,9,5,10,10.0,7,7.0,2.3333333333333335,0.3333333333333333
2015-02-14,2014,TSG Hoffenheim,VfB Stuttgart,H,2,1.95,3.7,3.8,1499.5091175326356,1437.7359339281247,61.773183604510905,100,100,0.0,0,1,2,-2,3,3.0,5,5.0,2.0,1.0
2015-02-15,2014,Hannover 96,SC Paderborn 07,A,0,1.85,3.6,4.33,1490.8563811370655,1458.256659411045,32.59972172602056,100,100,0.0,0,-1,-2,3,5,5.0,2,2.0,0.0,3.0
2015-02-15,2014,Hertha BSC,SC Freiburg,A,0,2.15,3.4,3.5,1446.0280707847278,1459.3412724653183,-13.31320168059051,100,100,0.0,0,0,0,0,4,4.0,4,4.0,1.0,1.0
2015-02-20,2014,VfB Stuttgart,Borussia Dortmund,A,0,6.0,4.0,1.57,1429.255745457954,1573.5230514502985,-144.26730599234452,100,100,0.0,-6,-7,-6,-5,2,2.0,7,7.0,0.3333333333333333,2.3333333333333335
2015-02-21,2014,SC Paderborn 07,Bayern Munich,A,0,17.0,7.5,1.17,1478.7187873674602,1860.515422033445,-381.7966346659848,100,100,0.0,-9,-8,-8,-7,5,5.0,10,10.0,0.0,3.0
2015-02-21,2014,FC Schalke 04,Werder Bremen,D,1,2.05,3.5,3.6,1626.9674309001362,1519.2935946998157,107.67383620032047,100,100,0.0,2,3,1,7,8,8.0,15,15.0,2.3333333333333335,0.3333333333333333
2015-02-21,2014,FSV Mainz 05,Ein Frankfurt,H,2,2.4,3.5,2.9,1495.8104680981817,1510.2906229288935,-14.480154830711854,100,100,0.0,0,1,0,3,4,4.0,6,6.0,1.3333333333333333,1.3333333333333333
2015-02-21,2014,SC Freiburg,TSG Hoffenheim,D,1,3.1,3.5,2.25,1478.0080671778526,1507.9893060028064,-29.981238824953834,100,100,0.0,0,0,0,0,7,7.0,6,6.0,1.0,1.0
2015-02-21,2014,FC Cologne,Hannover 96,D,1,2.3,3.2,3.3,1436.9580370103267,1470.3942531806501,-33.436216170323405,100,100,0.0,0,1,2,-3,5,5.0,2,2.0,1.0,2.0
2015-02-21,2014,FC Augsburg,Bayer Leverkusen,D,1,3.1,3.4,2.3,1572.5399756345741,1589.802737371218,-17.262761736643824,100,100,0.0,-2,-1,0,-3,10,10.0,5,5.0,0.0,3.0
2015-02-22,2014,Hamburg,Borussia Monchengladbach,D,1,3.1,3.4,2.3,1439.7076661934411,1597.5650588320864,-157.85739263864525,100,100,0.0,0,0,0,-1,7,7.0,9,9.0,0.0,3.0
2015-02-22,2014,VfL Wolfsburg,Hertha BSC,H,2,1.33,5.25,9.0,1691.4870869242861,1427.3612760721935,264.1258108520926,100,100,0.0,2,0,1,2,13,13.0,3,3.0,2.0,1.0
2015-02-27,2014,Bayern Munich,FC Cologne,H,2,1.1,10.0,26.0,1865.4626716603923,1434.1188997657573,431.343771894635,100,100,0.0,9,8,8,7,10,10.0,6,6.0,3.0,0.0
2015-02-28,2014,Borussia Dortmund,FC Schalke 04,H,2,1.5,4.33,6.5,1586.622153311271,1618.935910313841,-32.31375700257013,100,100,0.0,4,4,4,2,10,10.0,8,8.0,1.3333333333333333,1.3333333333333333
2015-02-28,2014,Ein Frankfurt,Hamburg,H,2,2.0,3.6,3.6,1498.9100081317508,1442.1827339231465,56.727274208604285,100,100,0.0,0,0,1,-5,5,5.0,7,7.0,1.6666666666666667,0.6666666666666666
2015-02-28,2014,Hannover 96,VfB Stuttgart,D,1,2.1,3.5,3.4,1473.2333904252196,1416.1566435969814,57.07674682823813,100,100,0.0,0,0,0,1,2,2.0,1,1.0,0.3333333333333333,2.3333333333333335
2015-02-28,2014,Hertha BSC,FC Augsburg,H,2,2.8,3.4,2.5,1424.0769140435518,1569.0339473805143,-144.95703333696247,100,100,0.0,0,0,0,0,3,3.0,8,8.0,0.6666666666666666,1.6666666666666667
2015-02-28,2014,TSG Hoffenheim,FSV Mainz 05,H,2,2.0,3.6,3.6,1510.9719878710575,1507.1910828953244,3.780904975733165,100,100,0.0,0,0,0,0,4,4.0,7,7.0,0.6666666666666666,1.6666666666666667
2015-02-28,2014,Bayer Leverkusen,SC Freiburg,H,2,1.36,4.75,9.0,1593.3087656252778,1475.0253853096015,118.28338031567637,100,100,0.0,2,1,0,3,5,5.0,7,7.0,1.3333333333333333,1.3333333333333333
2015-03-01,2014,Borussia Monchengladbach,SC Paderborn 07,H,2,1.57,4.2,5.75,1595.089991102381,1473.771537740513,121.31845336186802,100,100,0.0,0,-1,-1,3,10,10.0,4,4.0,3.0,0.0
2015-03-01,2014,Werder Bremen,VfL Wolfsburg,A,0,3.6,3.75,1.91,1527.3251152861108,1694.7714489529278,-167.44633366681705,100,100,0.0,-2,-1,-2,-4,13,13.0,13,13.0,0.0,3.0
2015-03-06,2014,VfB Stuttgart,Hertha BSC,D,1,2.1,3.3,3.6,1422.5110383834474,1441.0071044759677,-18.496066092520323,100,100,0.0,0,-1,-2,2,2,2.0,6,6.0,1.0,2.0
2015-03-07,2014,FC Schalke 04,TSG Hoffenheim,H,2,2.25,3.4,3.2,1606.8217431875503,1521.6200756554213,85.20166753212902,100,100,0.0,2,2,0,5,5,5.0,7,7.0,1.3333333333333333,1.3333333333333333
2015-03-07,2014,FSV Mainz 05,Borussia Monchengladbach,D,1,2.6,3.3,2.75,1496.5429951109606,1601.6471311528392,-105.10413604187852,100,100,0.0,0,1,1,-3,4,4.0,10,10.0,0.6666666666666666,1.6666666666666667
2015-03-07,2014,Hannover 96,Bayern Munich,A,0,13.0,6.5,1.22,1466.8789956387536,1866.808022830217,-399.9290271914633,100,100,0.0,-9,-9,-10,-4,3,3.0,13,13.0,0.0,3.0
2015-03-07,2014,FC Augsburg,VfL Wolfsburg,H,2,3.5,3.5,2.1,1552.1037569480984,1706.8955917461517,-154.7918347980533,100,100,0.0,-2,0,-1,-2,5,5.0,13,13.0,0.3333333333333333,2.3333333333333335
2015-03-07,2014,Hamburg,Borussia Dortmund,D,1,6.0,4.33,1.53,1433.5247431619182,1598.7363204375617,-165.21157727564355,100,100,0.0,-6,-7,-5,-5,7,7.0,12,12.0,2.0,1.0
2015-03-07,2014,SC Freiburg,Werder Bremen,A,0,2.6,3.4,2.7,1468.378283445973,1515.2009724928869,-46.822689046913865,100,100,0.0,0,1,1,2,4,4.0,10,10.0,1.6666666666666667,0.6666666666666666
2015-03-08,2014,FC Cologne,Ein Frankfurt,H,2,2.4,3.3,3.0,1432.7735485959327,1507.5679988929792,-74.79445029704652,100,100,0.0,0,1,0,3,3,3.0,8,8.0,2.0,1.0
2015-03-08,2014,SC Paderborn 07,Bayer Leverkusen,A,0,5.0,3.8,1.7,1467.2143976900547,1599.9558674889063,-132.74146979885154,100,100,0.0,-2,-1,0,-3,4,4.0,7,7.0,1.0,1.0
2015-03-13,2014,Bayer Leverkusen,VfB Stuttgart,H,2,1.44,4.33,7.5,1613.5464742786262,1419.055388800953,194.4910854776731,100,100,0.0,2,2,2,1,7,7.0,2,2.0,2.3333333333333335,0.3333333333333333
2015-03-14,2014,Hertha BSC,FC Schalke 04,D,1,2.75,3.25,2.63,1444.462754058462,1614.5060699566695,-170.04331589820754,100,100,0.0,-2,-2,0,-5,7,7.0,7,7.0,0.0,3.0
2015-03-14,2014,TSG Hoffenheim,Hamburg,H,2,1.75,3.75,4.75,1513.935748886302,1436.3075512093037,77.6281976769983,100,100,0.0,0,1,1,-2,7,7.0,5,5.0,2.3333333333333335,0.3333333333333333
2015-03-14,2014,Werder Bremen,Bayern Munich,A,0,10.0,5.75,1.29,1532.4790602048672,1871.3389808756951,-338.85992067082793,100,100,0.0,-9,-9,-9,-9,10,10.0,15,15.0,0.0,3.0
2015-03-14,2014,FC Augsburg,FSV Mainz 05,A,0,1.95,3.5,4.0,1569.4498929881995,1496.763342526042,72.68655046215758,100,100,0.0,0,0,0,0,5,5.0,4,4.0,1.0,2.0
2015-03-14,2014,Ein Frankfurt,SC Paderborn 07,H,2,1.73,3.8,4.75,1493.65430482945,1453.6237909003348,40.03051392911516,100,100,0.0,0,-1,0,-3,7,7.0,4,4.0,0.0,3.0
2015-03-14,2014,Borussia Dortmund,FC Cologne,D,1,1.33,5.0,10.0,1595.9535123901762,1446.6872426594618,149.26626973071438,100,100,0.0,6,6,4,7,13,13.0,5,5.0,2.0,1.0
2015-03-15,2014,Borussia Monchengladbach,Hannover 96,H,2,1.75,3.75,4.75,1601.426783737758,1462.3480375932754,139.07874614448247,100,100,0.0,0,0,1,0,8,8.0,2,2.0,2.0,1.0
2015-03-15,2014,VfL Wolfsburg,SC Freiburg,H,2,1.33,5.25,9.0,1689.5494557060506,1451.1001957339927,238.44925997205792,100,100,0.0,2,0,1,2,12,12.0,4,4.0,2.3333333333333335,0.3333333333333333
2015-03-20,2014,Hamburg,Hertha BSC,A,0,2.38,3.25,3.1,1428.371388651894,1447.4464541086788,-19.07506545678484,100,100,0.0,0,-1,-1,2,2,2.0,5,5.0,0.0,3.0
2015-03-21,2014,VfB Stuttgart,Ein Frankfurt,H,2,2.5,3.4,2.8,1414.4026983903589,1502.9160956173744,-88.5133972270155,100,100,0.0,0,0,-2,5,2,2.0,9,9.0,1.3333333333333333,1.3333333333333333
2015-03-21,2014,FC Cologne,Werder Bremen,D,1,2.2,3.4,3.3,1455.917114678318,1526.4246066657256,-70.50749198740755,100,100,0.0,0,1,1,2,5,5.0,7,7.0,1.3333333333333333,1.3333333333333333
2015-03-21,2014,SC Freiburg,FC Augsburg,H,2,3.0,3.4,2.38,1447.3579339526311,1547.553198088183,-100.19526413555195,100,100,0.0,0,0,0,0,4,4.0,4,4.0,0.0,3.0
2015-03-21,2014,Hannover 96,Borussia Dortmund,A,0,5.0,4.2,1.62,1456.299669170256,1586.72364037132,-130.42397120106398,100,100,0.0,-6,-7,-6,-4,2,2.0,11,11.0,1.0,2.0
2015-03-21,2014,SC Paderborn 07,TSG Hoffenheim,D,1,3.75,3.5,2.0,1444.3620001124104,1521.8719114437117,-77.50991133130128,100,100,0.0,0,0,0,0,3,3.0,10,10.0,0.0,3.0
2015-03-21,2014,FC Schalke 04,Bayer Leverkusen,A,0,3.0,3.5,2.3,1611.5223699064527,1618.1991646892204,-6.676794782767729,100,100,0.0,0,1,0,2,5,5.0,10,10.0,2.0,1.0
2015-03-22,2014,FSV Mainz 05,VfL Wolfsburg,D,1,3.25,3.6,2.15,1518.6600374260584,1693.2917174874121,-174.6316800613538,100,100,0.0,-2,0,-1,-2,7,7.0,12,12.0,1.0,2.0
2015-03-22,2014,Bayern Munich,Borussia Monchengladbach,A,0,1.17,7.5,17.0,1877.393434414837,1607.4751521607773,269.9182822540597,100,100,0.0,9,9,9,4,15,15.0,11,11.0,2.3333333333333335,0.3333333333333333
2015-04-04,2014,Ein Frankfurt,Hannover 96,D,1,2.0,3.75,3.5,1488.411831517305,1442.609830522943,45.80200099436206,100,100,0.0,0,0,2,-6,6,6.0,2,2.0,0.0,3.0
2015-04-04,2014,TSG Hoffenheim,Borussia Monchengladbach,A,0,2.7,3.5,2.6,1522.841532702245,1634.287052488759,-111.44551978651384,100,100,0.0,0,1,1,-3,8,8.0,11,11.0,1.3333333333333333,1.3333333333333333
2015-04-04,2014,SC Freiburg,FC Cologne,H,2,2.6,3.2,2.8,1462.3663641821383,1454.6468702796856,7.7194939024527685,100,100,0.0,0,0,0,0,4,4.0,6,6.0,2.0,1.0
2015-04-04,2014,Werder Bremen,FSV Mainz 05,D,1,2.5,3.4,2.8,1527.694851064358,1521.8334856431911,5.8613654211669655,100,100,0.0,0,-1,-1,-2,5,5.0,8,8.0,1.0,2.0
2015-04-04,2014,Bayer Leverkusen,Hamburg,H,2,1.36,5.0,8.5,1637.134070162926,1409.9394188530837,227.19465130984236,100,100,0.0,2,2,1,1,13,13.0,2,2.0,1.0,2.0
2015-04-04,2014,VfL Wolfsburg,VfB Stuttgart,H,2,1.44,4.75,7.0,1690.1182692702794,1428.9069624904282,261.21130677985116,100,100,0.0,2,1,3,0,10,10.0,5,5.0,3.0,0.0
2015-04-04,2014,Borussia Dortmund,Bayern Munich,A,0,3.3,3.5,2.15,1600.413479018633,1850.5815340868553,-250.1680550682222,100,100,0.0,-3,-2,-4,0,11,11.0,12,12.0,1.0,2.0
2015-04-05,2014,FC Augsburg,FC Schalke 04,D,1,2.4,3.3,3.0,1532.5447678586759,1592.587464432747,-60.042696574071215,100,100,0.0,-2,-2,0,-5,4,4.0,5,5.0,0.0,3.0
2015-04-05,2014,Hertha BSC,SC Paderborn 07,H,2,1.95,3.5,4.0,1465.8784239074892,1443.392378853877,22.486045053612088,100,100,0.0,0,0,0,0,8,8.0,1,1.0,0.0,3.0
2015-04-10,2014,Hannover 96,Hertha BSC,D,1,1.95,3.3,4.2,1448.5593874678066,1475.798988429788,-27.239600961981523,100,100,0.0,0,-1,-2,3,2,2.0,11,11.0,2.3333333333333335,0.3333333333333333
2015-04-11,2014,FC Schalke 04,SC Freiburg,D,1,1.67,3.75,5.5,1594.3049942796831,1472.8592396995543,121.44575458012878,100,100,0.0,2,2,0,5,5,5.0,6,6.0,2.0,1.0
2015-04-11,2014,SC Paderborn 07,FC Augsburg,H,2,3.1,3.4,2.3,1433.4718143315781,1530.8272380117398,-97.35542368016172,100,100,0.0,0,0,0,0,1,1.0,4,4.0,0.0,3.0
2015-04-11,2014,Borussia Monchengladbach,Borussia Dortmund,H,2,2.8,3.4,2.5,1648.7930883535466,1591.5210829399587,57.272005413587976,100,100,0.0,-6,-7,-5,-4,13,13.0,8,8.0,2.0,1.0
2015-04-11,2014,Bayern Munich,Ein Frankfurt,H,2,1.17,7.5,17.0,1859.4739301655297,1482.4622745724414,377.01165559308834,100,100,0.0,9,9,8,10,12,12.0,7,7.0,3.0,0.0
2015-04-11,2014,Hamburg,VfL Wolfsburg,A,0,4.33,3.75,1.8,1405.9797420302957,1693.4520237102909,-287.47228167999515,100,100,0.0,-2,-1,-2,0,1,1.0,10,10.0,0.3333333333333333,2.3333333333333335
2015-04-11,2014,FSV Mainz 05,Bayer Leverkusen,A,0,3.3,3.4,2.2,1526.2675143509,1641.093746985714,-114.826232634814,100,100,0.0,-2,-1,0,-3,6,6.0,15,15.0,1.3333333333333333,1.3333333333333333
2015-04-12,2014,FC Cologne,TSG Hoffenheim,H,2,2.4,3.3,3.0,1444.1539947622696,1508.3354968374574,-64.18150207518784,100,100,0.0,0,0,0,0,5,5.0,7,7.0,2.3333333333333335,0.3333333333333333
2015-04-12,2014,VfB Stuttgart,Werder Bremen,H,2,2.15,3.5,3.3,1425.5732080504167,1523.2608223566492,-97.68761430623249,100,100,0.0,0,0,-1,4,5,5.0,5,5.0,0.6666666666666666,1.6666666666666667
2015-04-17,2014,Ein Frankfurt,Borussia Monchengladbach,D,1,4.2,3.75,1.85,1480.6527156382742,1657.4317780633542,-176.77906242507993,100,100,0.0,0,0,1,-6,4,4.0,13,13.0,2.0,1.0
2015-04-18,2014,Hertha BSC,FC Cologne,D,1,2.5,3.1,3.1,1478.895175726551,1457.6130413026324,21.282134423918706,100,100,0.0,0,0,0,0,9,9.0,8,8.0,2.0,1.0
2015-04-18,2014,Bayer Leverkusen,Hannover 96,H,2,1.36,5.25,8.0,1655.4540353291181,1445.4632001710436,209.99083515807456,100,100,0.0,2,2,2,0,15,15.0,2,2.0,2.3333333333333335,0.3333333333333333
2015-04-18,2014,TSG Hoffenheim,Bayern Munich,A,0,5.5,4.2,1.6,1494.8764502970946,1861.283489099697,-366.4070388026023,100,100,0.0,-9,-8,-8,-7,4,4.0,12,12.0,0.3333333333333333,2.3333333333333335
2015-04-18,2014,SC Freiburg,FSV Mainz 05,A,0,2.8,3.3,2.6,1481.3058537200732,1511.9072260074959,-30.60137228742269,100,100,0.0,0,0,0,0,7,7.0,6,6.0,0.3333333333333333,2.3333333333333335
2015-04-18,2014,Borussia Dortmund,SC Paderborn 07,H,2,1.22,6.5,13.0,1582.8823932301511,1448.357640998849,134.52475223130205,100,100,0.0,6,6,4,7,5,5.0,4,4.0,1.0,1.0
2015-04-18,2014,FC Augsburg,VfB Stuttgart,H,2,2.2,3.4,3.3,1515.9414113444689,1440.4733758089742,75.46803553549466,100,100,0.0,0,1,2,-2,4,4.0,7,7.0,3.0,0.0
2015-04-19,2014,Werder Bremen,Hamburg,H,2,2.0,3.5,3.8,1508.3606545980917,1398.3698893815356,109.99076521655616,100,100,0.0,0,0,0,-4,5,5.0,1,1.0,2.0,1.0
2015-04-19,2014,VfL Wolfsburg,FC Schalke 04,D,1,1.7,3.8,5.0,1701.061876359051,1585.8583802591643,115.2034960998867,100,100,0.0,0,-2,1,-3,10,10.0,6,6.0,1.0,2.0
2015-04-24,2014,FSV Mainz 05,FC Schalke 04,H,2,2.45,3.3,2.9,1529.8641840633777,1594.119089277834,-64.25490521445636,100,100,0.0,-2,-2,0,-5,8,8.0,4,4.0,0.3333333333333333,2.3333333333333335
2015-04-25,2014,Bayern Munich,Hertha BSC,H,2,1.17,7.5,17.0,1866.6076818745928,1473.8618109407064,392.7458709338864,100,100,0.0,9,8,8,7,12,12.0,9,9.0,3.0,0.0
2015-04-25,2014,Borussia Dortmund,Ein Frankfurt,H,2,1.33,5.25,9.0,1589.0583425521668,1483.9146074253997,105.14373512676707,100,100,0.0,6,7,4,10,7,7.0,5,5.0,2.0,1.0
2015-04-25,2014,FC Cologne,Bayer Leverkusen,D,1,4.75,3.8,1.75,1462.646406088477,1659.766668337118,-197.12026224864098,100,100,0.0,-2,-1,0,-3,6,6.0,15,15.0,1.0,2.0
2015-04-25,2014,Hamburg,FC Augsburg,H,2,2.7,3.4,2.6,1391.4725073231668,1523.950365329336,-132.47785800616907,100,100,0.0,0,-1,-1,2,0,0.0,4,4.0,0.0,3.0
2015-04-25,2014,Hannover 96,TSG Hoffenheim,A,0,2.4,3.5,2.88,1441.1505671630437,1489.5522575221987,-48.401690359155054,100,100,0.0,0,-1,-2,3,2,2.0,4,4.0,0.0,3.0
2015-04-25,2014,VfB Stuttgart,SC Freiburg,D,1,1.91,3.6,4.0,1432.4644218241071,1463.3488956641913,-30.884473840084183,100,100,0.0,0,-1,-2,2,6,6.0,7,7.0,3.0,0.0
2015-04-26,2014,Borussia Monchengladbach,VfL Wolfsburg,H,2,2.4,3.5,2.88,1654.1698862762287,1692.8011673403812,-38.63128106415252,100,100,0.0,-2,-1,-2,1,13,13.0,11,11.0,0.3333333333333333,2.3333333333333335
2015-04-26,2014,SC Paderborn 07,Werder Bremen,D,1,2.7,3.4,2.6,1442.1816916768335,1515.2580366564605,-73.07634497962704,100,100,0.0,0,1,1,2,4,4.0,5,5.0,0.0,3.0
2015-05-02,2014,VfL Wolfsburg,Hannover 96,D,1,1.4,4.75,8.0,1680.423453267741,1423.9391235767773,256.4843296909637,100,100,0.0,2,1,3,-1,8,8.0,2,2.0,1.0,2.0
2015-05-02,2014,Werder Bremen,Ein Frankfurt,H,2,2.05,3.75,3.4,1516.4181031104492,1476.867907269976,39.55019584047318,100,100,0.0,0,0,-1,1,6,6.0,2,2.0,0.3333333333333333,2.3333333333333335
2015-05-02,2014,SC Freiburg,SC Paderborn 07,A,0,1.91,3.6,4.0,1466.2941043297808,1441.0216252228447,25.27247910693609,100,100,0.0,0,0,0,0,8,8.0,5,5.0,1.0,1.0
2015-05-02,2014,FC Schalke 04,VfB Stuttgart,H,2,1.91,3.6,4.0,1580.6569070459566,1429.5192131585177,151.1376938874389,100,100,0.0,2,3,2,3,3,3.0,7,7.0,2.0,1.0
2015-05-02,2014,Bayer Leverkusen,Bayern Munich,H,2,2.38,3.3,3.1,1655.6795542305981,1868.2692246477102,-212.58967041711207,100,100,0.0,-7,-7,-8,-4,13,13.0,12,12.0,0.3333333333333333,2.3333333333333335
2015-05-02,2014,FC Augsburg,FC Cologne,D,1,2.1,3.4,3.6,1507.5522534807994,1466.733520194997,40.81873328580241,100,100,0.0,0,0,0,0,4,4.0,6,6.0,2.0,1.0
2015-05-02,2014,TSG Hoffenheim,Borussia Dortmund,D,1,4.0,4.0,1.83,1506.763701108465,1596.1050427075904,-89.34134159912537,100,100,0.0,-6,-6,-4,-7,4,4.0,9,9.0,0.3333333333333333,2.3333333333333335
2015-05-03,2014,Hertha BSC,Borussia Monchengladbach,A,0,5.0,3.6,1.75,1472.200268167589,1666.5476003488689,-194.34733218127985,100,100,0.0,0,1,1,-3,8,8.0,13,13.0,1.0,2.0
2015-05-03,2014,FSV Mainz 05,Hamburg,A,0,1.73,3.8,4.75,1543.3263662952552,1407.8706191717033,135.45574712355187,100,100,0.0,0,1,1,-2,8,8.0,3,3.0,2.0,1.0
2015-05-08,2014,Hamburg,SC Freiburg,D,1,2.2,3.4,3.3,1431.720913000397,1446.1084543176416,-14.38754131724454,100,100,0.0,0,-1,-1,2,6,6.0,5,5.0,1.6666666666666667,0.6666666666666666
2015-05-09,2014,VfB Stuttgart,FSV Mainz 05,H,2,2.0,3.5,3.8,1423.799123416327,1519.4760724665614,-95.6769490502345,100,100,0.0,0,-1,-2,2,4,4.0,7,7.0,0.3333333333333333,2.3333333333333335
2015-05-09,2014,Borussia Monchengladbach,Bayer Leverkusen,H,2,2.5,3.4,2.8,1677.5715543751405,1675.3771428576424,2.1944115174981107,100,100,0.0,-2,-2,-1,0,13,13.0,13,13.0,0.3333333333333333,2.3333333333333335
2015-05-09,2014,Hannover 96,Werder Bremen,D,1,2.0,3.6,3.6,1435.5238787588273,1525.6976055502466,-90.17372679141931,100,100,0.0,0,0,-1,5,3,3.0,8,8.0,0.3333333333333333,2.3333333333333335
2015-05-09,2014,Ein Frankfurt,TSG Hoffenheim,H,2,2.8,3.6,2.4,1467.5884048301787,1506.3036741427825,-38.71526931260382,100,100,0.0,0,-1,0,-3,2,2.0,4,4.0,0.3333333333333333,2.3333333333333335
2015-05-09,2014,Bayern Munich,FC Augsburg,A,0,1.53,4.33,6.0,1848.571636020666,1501.7850194001712,346.78661662049467,100,100,0.0,9,8,8,7,12,12.0,5,5.0,2.0,1.0
2015-05-09,2014,Borussia Dortmund,Hertha BSC,H,2,1.29,5.5,11.0,1596.565069673273,1461.1763141413173,135.38875553195567,100,100,0.0,6,6,4,7,7,7.0,5,5.0,1.0,2.0
2015-05-10,2014,FC Cologne,FC Schalke 04,H,2,2.75,3.3,2.6,1472.5007542756252,1586.3769967881474,-113.87624251252214,100,100,0.0,-2,-2,0,-5,6,6.0,6,6.0,1.0,2.0
2015-05-10,2014,SC Paderborn 07,VfL Wolfsburg,A,0,4.75,4.2,1.67,1461.2072752349839,1668.838698085691,-207.63142285070717,100,100,0.0,-2,0,-1,-2,7,7.0,8,8.0,1.0,1.0
2015-05-16,2014,Hertha BSC,Ein Frankfurt,D,1,2.0,3.5,3.75,1455.0247223584004,1479.9696342967773,-24.94491193837689,100,100,0.0,0,1,0,3,2,2.0,4,4.0,1.3333333333333333,1.3333333333333333
2015-05-16,2014,VfL Wolfsburg,Borussia Dortmund,H,2,2.63,3.5,2.6,1679.335032905062,1602.71666145619,76.61837144887204,100,100,0.0,-4,-6,-3,-5,8,8.0,10,10.0,1.3333333333333333,1.3333333333333333
2015-05-16,2014,Werder Bremen,Borussia Monchengladbach,A,0,4.33,4.0,1.75,1526.1217267895743,1688.2824539179915,-162.1607271284172,100,100,0.0,0,0,0,-5,8,8.0,13,13.0,0.3333333333333333,2.3333333333333335
2015-05-16,2014,VfB Stuttgart,Hamburg,H,2,1.75,3.8,4.75,1438.612491935146,1428.0977623905833,10.51472954456267,100,100,0.0,0,0,-1,0,7,7.0,7,7.0,2.3333333333333335,0.3333333333333333
2015-05-16,2014,Bayer Leverkusen,TSG Hoffenheim,H,2,1.4,5.0,7.5,1664.6662433147915,1493.9224446761839,170.7437986386076,100,100,0.0,2,1,0,3,10,10.0,4,4.0,2.0,1.0
2015-05-16,2014,SC Freiburg,Bayern Munich,H,2,7.0,4.2,1.5,1449.7316049274555,1820.7006831505676,-370.9690782231121,100,100,0.0,-9,-8,-8,-7,3,3.0,9,9.0,0.3333333333333333,2.3333333333333335
2015-05-16,2014,FC Augsburg,Hannover 96,A,0,2.3,3.4,3.1,1529.6559722702696,1435.0997575194997,94.55621475076987,100,100,0.0,0,1,2,-3,7,7.0,3,3.0,0.3333333333333333,2.3333333333333335
2015-05-16,2014,FSV Mainz 05,FC Cologne,H,2,2.1,3.4,3.6,1504.6627039477423,1488.0995214863117,16.563182461430642,100,100,0.0,0,0,0,0,6,6.0,9,9.0,1.6666666666666667,0.6666666666666666
2015-05-16,2014,FC Schalke 04,SC Paderborn 07,H,2,1.62,4.2,5.25,1570.778229577461,1450.7109404156129,120.06728916184807,100,100,0.0,2,2,0,5,5,5.0,7,7.0,3.0,0.0
2015-05-23,2014,Bayern Munich,FSV Mainz 05,H,2,1.2,7.0,13.0,1795.9108428315326,1514.8109490576749,281.09989377385773,100,100,0.0,9,8,8,7,6,6.0,9,9.0,3.0,0.0
2015-05-23,2014,Borussia Dortmund,Werder Bremen,H,2,1.29,5.75,10.0,1594.746523363082,1513.7771481778634,80.9693751852185,100,100,0.0,6,7,5,9,10,10.0,8,8.0,2.0,1.0
2015-05-23,2014,Ein Frankfurt,Bayer Leverkusen,H,2,4.5,4.33,1.67,1483.1605398030665,1669.8819885311461,-186.72144872807962,100,100,0.0,-2,-2,0,-6,5,5.0,10,10.0,1.3333333333333333,1.3333333333333333
2015-05-23,2014,FC Cologne,VfL Wolfsburg,D,1,3.8,3.8,1.91,1477.9512763763792,1687.30517099817,-209.35389462179091,100,100,0.0,-2,0,-1,-2,6,6.0,8,8.0,0.0,3.0
2015-05-23,2014,Hamburg,FC Schalke 04,H,2,2.4,3.6,2.8,1417.7144041636436,1577.3723484523323,-159.65794428868867,100,100,0.0,-2,-3,-1,-3,7,7.0,7,7.0,0.6666666666666666,1.6666666666666667
2015-05-23,2014,Hannover 96,SC Freiburg,H,2,1.95,3.6,3.8,1457.7191719355562,1474.5214452464904,-16.802273310934197,100,100,0.0,0,-1,-2,3,5,5.0,5,5.0,1.3333333333333333,1.3333333333333333
2015-05-23,2014,TSG Hoffenheim,Hertha BSC,H,2,1.91,3.75,3.9,1488.7066994598292,1451.833816852111,36.87288260771811,100,100,0.0,0,0,0,0,4,4.0,2,2.0,1.3333333333333333,1.3333333333333333
2015-05-23,2014,Borussia Monchengladbach,FC Augsburg,A,0,1.55,4.5,5.5,1700.6270325297023,1507.036557854213,193.5904746754893,100,100,0.0,0,-1,-1,3,13,13.0,7,7.0,0.3333333333333333,2.3333333333333335
2015-05-23,2014,SC Paderborn 07,VfB Stuttgart,A,0,3.4,3.8,2.05,1444.1168215407415,1448.9958501620856,-4.879028621344105,100,100,0.0,0,1,2,-2,4,4.0,7,7.0,1.0,1.0
2015-08-14,2015,Bayern Munich,Hamburg,H,2,1.08,11.0,29.0,1798.9201361517141,1435.2650261923286,363.6551099593855,100,100,0.0,10,12,10,11,6,6.0,10,10.0,2.3333333333333335,0.3333333333333333
2015-08-15,2015,FC Augsburg,Hertha BSC,A,0,2.0,3.4,3.9,1532.3634508203666,1442.4552476312533,89.90820318911324,100,100,0.0,0,0,0,0,7,7.0,1,1.0,1.3333333333333333,1.3333333333333333
2015-08-15,2015,FSV Mainz 05,Ingolstadt,A,0,2.05,3.4,3.75,1511.8016557374933,1500.0,11.80165573749332,100,100,0.0,0,0,0,0,6,6.0,0,0.0,1.5,1.5
2015-08-15,2015,Bayer Leverkusen,TSG Hoffenheim,H,2,1.5,4.33,6.5,1651.2137872700812,1498.085268680687,153.12851858939416,100,100,0.0,1,3,1,0,7,7.0,7,7.0,2.0,1.0
2015-08-15,2015,SV Darmstadt 98,Hannover 96,D,1,2.5,3.3,2.9,1500.0,1469.1943547651124,30.805645234887606,100,100,0.0,0,0,0,0,0,0.0,8,8.0,1.5,1.5
2015-08-15,2015,Borussia Dortmund,Borussia Monchengladbach,H,2,1.73,3.75,5.0,1602.570935307464,1675.3001395635488,-72.72920425608481,100,100,0.0,4,7,5,3,10,10.0,12,12.0,1.0,2.0
2015-08-15,2015,Werder Bremen,FC Schalke 04,A,0,3.0,3.4,2.38,1505.9527362334813,1559.8217264236473,-53.86899019016596,100,100,0.0,-3,-2,-1,-8,5,5.0,6,6.0,0.6666666666666666,1.6666666666666667
2015-08-16,2015,VfB Stuttgart,FC Cologne,A,0,2.05,3.3,3.8,1468.0029316573916,1482.5225017589657,-14.519570101574118,100,100,0.0,-1,-1,-3,1,10,10.0,6,6.0,0.6666666666666666,1.6666666666666667
2015-08-16,2015,VfL Wolfsburg,Ein Frankfurt,H,2,1.44,4.75,7.0,1682.7339456155835,1501.8287410641315,180.90520455145202,100,100,0.0,4,8,3,0,8,8.0,7,7.0,1.6666666666666667,0.6666666666666666
2015-08-21,2015,Hertha BSC,Werder Bremen,D,1,2.05,3.5,3.6,1464.9247594805738,1488.972722270984,-24.04796279041011,100,100,0.0,0,0,0,0,4,4.0,4,4.0,0.3333333333333333,2.3333333333333335
2015-08-22,2015,FC Cologne,VfL Wolfsburg,D,1,4.2,3.8,1.83,1501.1402842999498,1687.702431962715,-186.56214766276526,100,100,0.0,-3,-3,-1,-2,8,8.0,11,11.0,0.3333333333333333,2.3333333333333335
2015-08-22,2015,Ein Frankfurt,FC Augsburg,D,1,2.25,3.4,3.25,1496.8602547169999,1509.893938971046,-13.033684254046193,100,100,0.0,-1,-5,-2,2,7,7.0,7,7.0,0.3333333333333333,2.3333333333333335
2015-08-22,2015,Hamburg,VfB Stuttgart,H,2,2.88,3.5,2.4,1433.3202234773262,1449.3851491164075,-16.064925639081366,100,100,0.0,1,-1,0,0,7,7.0,9,9.0,0.0,3.0
2015-08-22,2015,Hannover 96,Bayer Leverkusen,A,0,4.2,3.75,1.83,1474.5891709205873,1656.8810110900142,-182.2918401694269,100,100,0.0,-1,-2,1,-3,9,9.0,9,9.0,0.3333333333333333,2.3333333333333335
2015-08-22,2015,FC Schalke 04,SV Darmstadt 98,D,1,1.44,4.5,7.5,1576.8017403861447,1494.605183844525,82.19655654161966,100,100,0.0,3,2,1,8,9,9.0,1,1.0,1.5,1.5
2015-08-22,2015,TSG Hoffenheim,Bayern Munich,A,0,9.5,6.0,1.25,1492.418044860754,1800.8649388667166,-308.4468940059626,100,100,0.0,-10,-11,-9,-9,4,4.0,6,6.0,0.3333333333333333,2.3333333333333335
2015-08-23,2015,Ingolstadt,Borussia Dortmund,A,0,7.0,4.5,1.45,1519.6668822522845,1616.3959723805335,-96.72909012824903,100,100,0.0,-6,-6,-6,-4,3,3.0,10,10.0,1.5,1.5
2015-08-23,2015,Borussia Monchengladbach,FSV Mainz 05,A,0,1.67,4.0,5.0,1661.4751024904792,1492.1347734852088,169.3403290052704,100,100,0.0,2,-1,1,1,9,9.0,3,3.0,1.6666666666666667,0.6666666666666666
2015-08-28,2015,VfL Wolfsburg,FC Schalke 04,H,2,2.0,3.8,3.5,1684.0406977054727,1569.5853640828248,114.45533362264791,100,100,0.0,0,1,0,-6,11,11.0,7,7.0,0.3333333333333333,2.3333333333333335
2015-08-29,2015,FC Cologne,Hamburg,H,2,1.83,3.5,4.5,1504.8020185571922,1444.7653453280518,60.03667322914043,100,100,0.0,0,2,3,-1,8,8.0,7,7.0,1.3333333333333333,1.3333333333333333
2015-08-29,2015,FSV Mainz 05,Hannover 96,H,2,2.0,3.5,3.8,1516.8841244325201,1463.0770148969095,53.80710953561061,100,100,0.0,0,0,0,0,6,6.0,8,8.0,1.6666666666666667,0.6666666666666666
2015-08-29,2015,VfB Stuttgart,Ein Frankfurt,A,0,1.95,3.6,3.8,1437.940027265682,1493.1821156355181,-55.24208836983621,100,100,0.0,0,4,-1,-1,9,9.0,8,8.0,2.0,1.0
2015-08-29,2015,SV Darmstadt 98,TSG Hoffenheim,D,1,3.0,3.3,2.4,1501.821560147845,1485.473344208782,16.34821593906304,100,100,0.0,0,1,2,-3,2,2.0,3,3.0,1.5,1.5
2015-08-29,2015,FC Augsburg,Ingolstadt,A,0,2.0,3.4,3.8,1513.5720780525278,1504.5256698933833,9.046408159144448,100,100,0.0,0,0,0,0,7,7.0,3,3.0,1.5,1.5
2015-08-29,2015,Bayern Munich,Bayer Leverkusen,H,2,1.33,5.25,9.0,1807.8096395186885,1668.393167113692,139.4164724049965,100,100,0.0,9,8,8,9,9,9.0,9,9.0,2.0,1.0
2015-08-30,2015,Borussia Dortmund,Hertha BSC,H,2,1.2,6.5,17.0,1631.5371847394347,1461.6969023294946,169.84028240994007,100,100,0.0,6,6,6,4,12,12.0,5,5.0,2.0,1.0
2015-08-30,2015,Werder Bremen,Borussia Monchengladbach,H,2,3.2,3.4,2.25,1492.2005794220631,1636.725751543168,-144.5251721211048,100,100,0.0,-2,1,-1,-1,2,2.0,6,6.0,0.3333333333333333,2.3333333333333335
2015-09-11,2015,Borussia Monchengladbach,Hamburg,A,0,1.67,4.0,5.0,1619.8139002519838,1436.2242176686425,183.5896825833413,100,100,0.0,2,1,4,0,3,3.0,6,6.0,2.3333333333333335,0.3333333333333333
2015-09-12,2015,Hannover 96,Borussia Dortmund,A,0,7.5,4.5,1.44,1454.3151206775387,1636.7753790573458,-182.4602583798071,100,100,0.0,-6,-6,-6,-4,7,7.0,12,12.0,1.0,2.0
2015-09-12,2015,Ein Frankfurt,FC Cologne,H,2,2.3,3.3,3.2,1510.1038510188337,1513.3431462166016,-3.2392951977678877,100,100,0.0,-1,-5,-2,2,8,8.0,8,8.0,1.0,2.0
2015-09-12,2015,Bayern Munich,FC Augsburg,H,2,1.13,9.5,19.0,1813.848625397551,1494.0128982793867,319.8357271181642,100,100,0.0,10,10,7,12,12,12.0,4,4.0,1.0,2.0
2015-09-12,2015,Hertha BSC,VfB Stuttgart,H,2,2.5,3.4,2.8,1456.4587080115834,1421.0182918823664,35.440416129217056,100,100,0.0,1,1,3,-1,5,5.0,6,6.0,2.3333333333333335,0.3333333333333333
2015-09-12,2015,Bayer Leverkusen,SV Darmstadt 98,A,0,1.25,6.0,13.0,1662.3541812348296,1496.9781168072227,165.37606442760693,100,100,0.0,1,2,-1,3,9,9.0,3,3.0,1.5,1.5
2015-09-12,2015,Ingolstadt,VfL Wolfsburg,D,1,4.0,3.6,1.91,1524.0848496665244,1690.802519775926,-166.71767010940152,100,100,0.0,-3,-3,-1,-2,6,6.0,11,11.0,1.5,1.5
2015-09-13,2015,TSG Hoffenheim,Werder Bremen,A,0,1.95,3.75,3.75,1490.3167875494044,1509.1124307132472,-18.795643163842897,100,100,0.0,0,-1,-2,3,4,4.0,4,4.0,0.3333333333333333,2.3333333333333335
2015-09-13,2015,FC Schalke 04,FSV Mainz 05,H,2,1.85,3.75,4.2,1562.8235420123715,1525.646018651891,37.17752336048056,100,100,0.0,3,2,1,8,7,7.0,9,9.0,1.3333333333333333,1.3333333333333333
2015-09-18,2015,FSV Mainz 05,TSG Hoffenheim,H,2,2.15,3.5,3.3,1516.2787509034085,1471.8733877393297,44.405363164078835,100,100,0.0,0,1,2,-3,6,6.0,4,4.0,1.3333333333333333,1.3333333333333333
2015-09-19,2015,VfL Wolfsburg,Hertha BSC,H,2,1.5,4.33,6.5,1687.9569772805255,1465.890517887487,222.06645939303849,100,100,0.0,3,3,1,2,9,9.0,7,7.0,2.0,1.0
2015-09-19,2015,FC Cologne,Borussia Monchengladbach,H,2,2.4,3.3,3.0,1502.4158854195882,1594.7186544482884,-92.30276902870014,100,100,0.0,-2,1,-1,-1,8,8.0,0,0.0,0.3333333333333333,2.3333333333333335
2015-09-19,2015,Werder Bremen,Ingolstadt,A,0,2.05,3.5,3.6,1527.555830523322,1526.9303921619248,0.6254383613970731,100,100,0.0,0,0,0,0,7,7.0,7,7.0,1.5,1.5
2015-09-19,2015,Hamburg,Ein Frankfurt,D,1,2.5,3.5,2.75,1461.319463472338,1521.031111815847,-59.71164834350907,100,100,0.0,1,3,-1,-1,9,9.0,10,10.0,0.3333333333333333,2.3333333333333335
2015-09-19,2015,SV Darmstadt 98,Bayern Munich,A,0,19.0,7.0,1.17,1521.6278841950489,1816.3057124928791,-294.6778282978303,100,100,0.0,-10,-10,-7,-12,6,6.0,15,15.0,1.5,1.5
2015-09-20,2015,Borussia Dortmund,Bayer Leverkusen,H,2,1.73,4.0,4.5,1648.2806577893675,1637.7044138470035,10.576243942364044,100,100,0.0,5,4,7,1,15,15.0,6,6.0,0.6666666666666666,1.6666666666666667
2015-09-20,2015,FC Augsburg,Hannover 96,H,2,2.0,3.5,3.75,1491.5558111840585,1442.809841945517,48.74596923854142,100,100,0.0,0,0,0,0,4,4.0,4,4.0,0.3333333333333333,2.3333333333333335
2015-09-20,2015,VfB Stuttgart,FC Schalke 04,A,0,2.63,3.5,2.6,1411.5864820064628,1572.1908097608539,-160.60432775439108,100,100,0.0,-4,-3,-4,-7,3,3.0,7,7.0,1.0,2.0
2015-09-22,2015,Bayern Munich,VfL Wolfsburg,H,2,1.25,6.0,12.0,1823.6824030419818,1692.0192232707277,131.66317977125414,100,100,0.0,7,7,6,10,15,15.0,11,11.0,2.0,1.0
2015-09-22,2015,SV Darmstadt 98,Werder Bremen,H,2,2.63,3.25,2.8,1514.2511936459462,1508.329009703305,5.922183942641141,100,100,0.0,0,0,0,0,6,6.0,7,7.0,1.5,1.5
2015-09-22,2015,Hertha BSC,FC Cologne,H,2,2.38,3.25,3.1,1461.8282718972848,1517.083623603609,-55.25535170632429,100,100,0.0,0,0,0,0,7,7.0,10,10.0,1.3333333333333333,1.3333333333333333
2015-09-22,2015,Ingolstadt,Hamburg,A,0,2.3,3.3,3.25,1546.1572129819417,1459.5878300521485,86.56938292979316,100,100,0.0,0,2,3,-1,10,10.0,7,7.0,1.5,1.5
2015-09-23,2015,TSG Hoffenheim,Borussia Dortmund,D,1,7.0,4.75,1.44,1462.772052207718,1658.661611930035,-195.88955972231702,100,100,0.0,-6,-7,-8,-1,1,1.0,15,15.0,0.3333333333333333,2.3333333333333335
2015-09-23,2015,Borussia Monchengladbach,FC Augsburg,H,2,2.15,3.4,3.4,1580.0509162642675,1500.499509931232,79.5514063330354,100,100,0.0,2,-1,1,1,0,0.0,4,4.0,0.0,3.0
2015-09-23,2015,Hannover 96,VfB Stuttgart,A,0,2.88,3.5,2.4,1433.8661431983435,1399.1767628352368,34.68938036310669,100,100,0.0,1,1,3,-1,1,1.0,0,0.0,0.6666666666666666,1.6666666666666667
2015-09-23,2015,FC Schalke 04,Ein Frankfurt,H,2,1.83,3.8,4.2,1584.60052893208,1522.7627452360364,61.837783696043516,100,100,0.0,4,7,3,6,10,10.0,8,8.0,1.3333333333333333,1.3333333333333333
2015-09-23,2015,Bayer Leverkusen,FSV Mainz 05,H,2,1.53,4.33,6.0,1627.323459706336,1525.3800864350203,101.94337327131575,100,100,0.0,1,2,-1,3,6,6.0,9,9.0,1.3333333333333333,1.3333333333333333
2015-09-25,2015,FC Cologne,Ingolstadt,D,1,2.05,3.3,3.8,1504.004795758747,1523.7966227508737,-19.791826992126744,100,100,0.0,0,0,0,0,7,7.0,7,7.0,1.5,1.5
2015-09-26,2015,FC Augsburg,TSG Hoffenheim,A,0,2.25,3.5,3.1,1492.6277965540717,1466.8099300638673,25.817866490204324,100,100,0.0,0,1,2,-3,4,4.0,2,2.0,1.0,2.0
2015-09-26,2015,FSV Mainz 05,Bayern Munich,A,0,12.0,6.0,1.25,1518.2335752757228,1829.9395340349197,-311.70595875919685,100,100,0.0,-10,-10,-7,-12,9,9.0,15,15.0,0.0,3.0
2015-09-26,2015,VfL Wolfsburg,Hannover 96,D,1,1.4,4.75,8.0,1685.7620922777899,1413.32593219957,272.4361600782199,100,100,0.0,3,3,1,2,8,8.0,0,0.0,1.3333333333333333,1.3333333333333333
2015-09-26,2015,Werder Bremen,Bayer Leverkusen,A,0,3.8,3.6,1.95,1497.7654345946091,1634.4699708656335,-136.70453627102438,100,100,0.0,-1,-2,1,-3,7,7.0,6,6.0,1.3333333333333333,1.3333333333333333
2015-09-26,2015,VfB Stuttgart,Borussia Monchengladbach,A,0,2.1,3.5,3.4,1419.7169738340103,1587.9226296414279,-168.20565580741754,100,100,0.0,-3,0,-4,0,3,3.0,3,3.0,0.6666666666666666,1.6666666666666667
2015-09-26,2015,Hamburg,FC Schalke 04,A,0,2.88,3.5,2.4,1481.9484202832166,1593.0784554864106,-111.13003520319398,100,100,0.0,-3,-4,-4,-7,10,10.0,10,10.0,1.3333333333333333,1.3333333333333333
2015-09-27,2015,Borussia Dortmund,SV Darmstadt 98,D,1,1.14,8.5,17.0,1654.6237340738855,1524.814768754642,129.8089653192435,100,100,0.0,6,6,6,4,13,13.0,8,8.0,1.5,1.5
2015-09-27,2015,Ein Frankfurt,Hertha BSC,D,1,1.95,3.5,4.0,1514.2848186817057,1474.907099742147,39.37771893955869,100,100,0.0,-1,-5,-2,2,8,8.0,7,7.0,1.6666666666666667,0.6666666666666666
2015-10-02,2015,SV Darmstadt 98,FSV Mainz 05,A,0,3.1,3.25,2.4,1533.5046162938322,1511.38849698183,22.116119312002184,100,100,0.0,0,0,0,0,8,8.0,6,6.0,1.5,1.5
2015-10-03,2015,TSG Hoffenheim,VfB Stuttgart,D,1,2.45,3.75,2.65,1487.0163009387952,1407.6243953142493,79.39190562454587,100,100,0.0,1,0,1,2,5,5.0,3,3.0,3.0,0.0
2015-10-03,2015,Hertha BSC,Hamburg,H,2,2.2,3.2,3.5,1480.6212326828331,1467.428778221739,13.19245446109403,100,100,0.0,0,2,3,-1,7,7.0,7,7.0,3.0,0.0
2015-10-03,2015,Ingolstadt,Ein Frankfurt,H,2,2.5,3.25,2.9,1527.1992535892368,1508.5706857410196,18.628567848217244,100,100,0.0,1,5,2,-2,8,8.0,8,8.0,1.5,1.5
2015-10-03,2015,Hannover 96,Werder Bremen,H,2,2.6,3.4,2.7,1425.178895431341,1484.344227702445,-59.165332271104035,100,100,0.0,0,0,0,0,1,1.0,6,6.0,0.6666666666666666,1.6666666666666667
2015-10-03,2015,Borussia Monchengladbach,VfL Wolfsburg,H,2,2.6,3.4,2.7,1600.0152081611889,1673.9091290460187,-73.89392088482987,100,100,0.0,-1,-4,0,-1,6,6.0,8,8.0,1.0,2.0
2015-10-04,2015,Bayern Munich,Borussia Dortmund,H,2,1.5,4.33,6.5,1836.7846123288125,1645.9338865346954,190.85072579411712,100,100,0.0,4,4,1,8,15,15.0,11,11.0,2.0,1.0
2015-10-04,2015,Bayer Leverkusen,FC Augsburg,D,1,1.4,4.75,8.0,1647.8911777577975,1472.4214256791438,175.46975207865376,100,100,0.0,1,2,-1,3,6,6.0,3,3.0,2.3333333333333335,0.3333333333333333
2015-10-04,2015,FC Schalke 04,FC Cologne,A,0,1.73,3.8,4.8,1607.598097547888,1500.6021649203838,106.99593262750432,100,100,0.0,3,2,1,8,12,12.0,7,7.0,1.0,2.0
2015-10-16,2015,FSV Mainz 05,Borussia Dortmund,A,0,5.75,4.75,1.5,1531.4537877729397,1641.1982207635242,-109.74443299058453,100,100,0.0,-6,-6,-6,-4,6,6.0,8,8.0,1.0,2.0
2015-10-17,2015,FC Schalke 04,Hertha BSC,H,2,1.75,3.75,4.75,1584.5874755234306,1490.9001849312895,93.68729059214115,100,100,0.0,3,2,1,8,12,12.0,10,10.0,2.3333333333333335,0.3333333333333333
2015-10-17,2015,Werder Bremen,Bayern Munich,A,0,17.0,7.0,1.18,1471.0991289073645,1841.5202780999837,-370.42114919261917,100,100,0.0,-10,-10,-7,-12,3,3.0,15,15.0,0.0,3.0
2015-10-17,2015,VfL Wolfsburg,TSG Hoffenheim,H,2,1.62,4.33,5.0,1660.034102708515,1479.8933465456198,180.1407561628953,100,100,0.0,3,4,3,-1,5,5.0,5,5.0,1.3333333333333333,1.3333333333333333
2015-10-17,2015,FC Augsburg,SV Darmstadt 98,A,0,1.8,3.5,4.75,1482.3218663109562,1513.4393255027226,-31.11745919176633,100,100,0.0,0,0,0,0,4,4.0,7,7.0,1.5,1.5
2015-10-17,2015,Ein Frankfurt,Borussia Monchengladbach,A,0,2.45,3.4,2.88,1498.502127365363,1613.8902344986925,-115.38810713332941,100,100,0.0,-3,-4,-3,1,5,5.0,9,9.0,2.3333333333333335,0.3333333333333333
2015-10-17,2015,Hamburg,Bayer Leverkusen,D,1,4.75,3.5,1.8,1457.1498259732828,1637.990737125985,-180.84091115270235,100,100,0.0,-1,-4,-2,-2,7,7.0,7,7.0,2.0,1.0
2015-10-18,2015,VfB Stuttgart,Ingolstadt,H,2,1.8,3.75,4.33,1414.7473497074247,1537.2678119648933,-122.52046225746858,100,100,0.0,-1,-1,-3,1,4,4.0,8,8.0,1.5,1.5
2015-10-18,2015,FC Cologne,Hannover 96,A,0,1.95,3.5,4.0,1523.6127869448412,1438.4239942264217,85.18879271841956,100,100,0.0,0,0,0,0,7,7.0,4,4.0,0.3333333333333333,2.3333333333333335
2015-10-23,2015,TSG Hoffenheim,Hamburg,A,0,2.1,3.6,3.4,1474.9065904469264,1460.578357899075,14.328232547851485,100,100,0.0,0,1,1,2,5,5.0,5,5.0,2.3333333333333335,0.3333333333333333
2015-10-24,2015,Bayern Munich,FC Cologne,H,2,1.1,9.0,29.0,1846.7440312529784,1501.2975373560128,345.44649389696565,100,100,0.0,10,10,7,12,15,15.0,7,7.0,3.0,0.0
2015-10-24,2015,SV Darmstadt 98,VfL Wolfsburg,A,0,4.75,3.75,1.75,1531.374861898774,1665.0208588072085,-133.64599690843443,100,100,0.0,-3,-3,-1,-2,7,7.0,7,7.0,1.5,1.5
2015-10-24,2015,Hannover 96,Ein Frankfurt,A,0,2.5,3.4,2.8,1460.7392438152501,1484.1660512823332,-23.42680746708311,100,100,0.0,1,5,2,-2,7,7.0,2,2.0,2.3333333333333335,0.3333333333333333
2015-10-24,2015,Ingolstadt,Hertha BSC,A,0,2.4,3.2,3.1,1521.296884859927,1483.4917291745514,37.80515568537567,100,100,0.0,0,0,0,0,7,7.0,7,7.0,1.5,1.5
2015-10-24,2015,Bayer Leverkusen,VfB Stuttgart,H,2,1.57,4.33,5.5,1634.562205200193,1430.718276812391,203.84392838780195,100,100,0.0,2,3,2,2,8,8.0,7,7.0,2.3333333333333335,0.3333333333333333
2015-10-24,2015,FSV Mainz 05,Werder Bremen,A,0,2.05,3.5,3.6,1516.8743784873398,1465.8753757543698,50.999002732969984,100,100,0.0,0,0,0,0,6,6.0,0,0.0,1.3333333333333333,1.3333333333333333
2015-10-25,2015,Borussia Monchengladbach,FC Schalke 04,H,2,2.15,3.5,3.3,1628.2263105817224,1591.9959312801686,36.23037930155374,100,100,0.0,-1,-3,0,-7,12,12.0,12,12.0,2.0,1.0
2015-10-25,2015,Borussia Dortmund,FC Augsburg,H,2,1.2,7.0,13.0,1655.7776300491241,1464.3863299149048,191.39130013421936,100,100,0.0,6,6,6,4,8,8.0,4,4.0,1.3333333333333333,1.3333333333333333
2015-10-30,2015,Ein Frankfurt,Bayern Munich,D,1,15.0,8.0,1.17,1502.419474168249,1848.8883876259035,-346.4689134576545,100,100,0.0,-11,-15,-9,-10,4,4.0,15,15.0,0.0,3.0
2015-10-31,2015,FC Schalke 04,Ingolstadt,D,1,1.8,3.5,4.75,1582.593502315096,1500.6408923549523,81.95260996014372,100,100,0.0,3,2,1,8,9,9.0,4,4.0,1.5,1.5
2015-10-31,2015,Werder Bremen,Borussia Dortmund,A,0,7.5,5.0,1.4,1487.012877687054,1660.5008988294417,-173.48802114238765,100,100,0.0,-6,-6,-6,-4,3,3.0,8,8.0,1.0,2.0
2015-10-31,2015,VfL Wolfsburg,Bayer Leverkusen,H,2,2.63,3.4,2.7,1678.5727683387072,1639.0071554963536,39.56561284235363,100,100,0.0,2,1,2,-1,7,7.0,11,11.0,3.0,0.0
2015-10-31,2015,FC Augsburg,FSV Mainz 05,D,1,2.3,3.4,3.1,1459.6630611345872,1495.7368765546555,-36.073815420068286,100,100,0.0,0,0,0,0,1,1.0,3,3.0,0.0,3.0
2015-10-31,2015,FC Cologne,TSG Hoffenheim,D,1,2.05,3.5,3.4,1499.1531809830876,1455.1414101875569,44.011770795530765,100,100,0.0,0,1,2,-3,4,4.0,5,5.0,2.3333333333333335,0.3333333333333333
2015-10-31,2015,Hertha BSC,Borussia Monchengladbach,A,0,3.0,3.3,2.4,1504.1477216795263,1637.628739546795,-133.48101786726875,100,100,0.0,-2,1,-1,-1,10,10.0,15,15.0,0.0,3.0
2015-11-01,2015,VfB Stuttgart,SV Darmstadt 98,H,2,1.67,4.0,5.0,1426.2733265162303,1517.8229523672753,-91.549625851045,100,100,0.0,-1,-1,-3,1,7,7.0,7,7.0,1.5,1.5
2015-11-01,2015,Hamburg,Hannover 96,A,0,2.0,3.3,4.0,1480.3435381584445,1442.4858209293343,37.85771722911022,100,100,0.0,0,-2,-3,1,7,7.0,7,7.0,1.0,2.0
2015-11-06,2015,Hannover 96,Hertha BSC,A,0,2.63,3.3,2.7,1463.1437599460317,1490.5887554899577,-27.444995543926098,100,100,0.0,0,0,0,0,10,10.0,7,7.0,2.3333333333333335,0.3333333333333333
2015-11-07,2015,Bayern Munich,VfB Stuttgart,H,2,1.1,11.0,21.0,1839.7339320961166,1440.9085664609752,398.82536563514145,100,100,0.0,11,11,10,11,13,13.0,7,7.0,3.0,0.0
2015-11-07,2015,SV Darmstadt 98,Hamburg,D,1,2.75,3.0,2.8,1503.1877124225305,1459.6855991417472,43.502113280783306,100,100,0.0,0,2,3,-1,4,4.0,4,4.0,1.5,1.5
2015-11-07,2015,TSG Hoffenheim,Ein Frankfurt,D,1,2.1,3.6,3.4,1461.0257032882735,1511.573929698036,-50.54822640976249,100,100,0.0,1,4,0,1,5,5.0,5,5.0,1.3333333333333333,1.3333333333333333
2015-11-07,2015,Bayer Leverkusen,FC Cologne,A,0,1.5,4.33,6.5,1629.7282218464725,1493.268887882371,136.45933396410146,100,100,0.0,1,2,-1,3,8,8.0,5,5.0,2.3333333333333335,0.3333333333333333
2015-11-07,2015,FSV Mainz 05,VfL Wolfsburg,H,2,3.3,3.6,2.15,1498.4660631943175,1687.8517019885883,-189.3856387942708,100,100,0.0,-3,-3,-1,-2,4,4.0,10,10.0,0.3333333333333333,2.3333333333333335
2015-11-07,2015,Borussia Monchengladbach,Ingolstadt,D,1,1.62,3.8,6.0,1651.1877057363636,1507.8491715324487,143.33853420391483,100,100,0.0,2,-1,1,1,15,15.0,5,5.0,1.5,1.5
2015-11-08,2015,FC Augsburg,Werder Bremen,A,0,2.2,3.4,3.3,1456.9338744949252,1475.1391274885614,-18.205252993636122,100,100,0.0,0,0,0,0,2,2.0,3,3.0,2.0,1.0
2015-11-08,2015,Borussia Dortmund,FC Schalke 04,H,2,1.3,6.0,8.5,1672.3746490279343,1575.3852231375995,96.98942589033481,100,100,0.0,3,4,5,-4,10,10.0,7,7.0,1.3333333333333333,1.3333333333333333
2015-11-20,2015,Hamburg,Borussia Dortmund,H,2,8.5,5.0,1.36,1465.5512639656897,1679.6775675076576,-214.1263035419679,100,100,0.0,-6,-8,-9,-3,5,5.0,12,12.0,2.3333333333333335,0.3333333333333333
2015-11-21,2015,Ein Frankfurt,Bayer Leverkusen,A,0,3.8,3.6,1.95,1513.6946326775596,1605.8497314170406,-92.15509873948099,100,100,0.0,-2,-7,-1,-1,5,5.0,5,5.0,1.3333333333333333,1.3333333333333333
2015-11-21,2015,FC Cologne,FSV Mainz 05,D,1,2.15,3.5,3.3,1517.1473783118029,1517.2422035676184,-0.09482525581552181,100,100,0.0,0,0,0,0,7,7.0,7,7.0,0.3333333333333333,2.3333333333333335
2015-11-21,2015,Borussia Monchengladbach,Hannover 96,H,2,1.5,4.2,7.0,1642.1185281012847,1445.0560634674487,197.06246463383604,100,100,0.0,2,-1,1,1,13,13.0,9,9.0,2.0,1.0
2015-11-21,2015,FC Schalke 04,Bayern Munich,A,0,13.0,6.5,1.22,1568.0823046578762,1841.3413943991786,-273.25908974130243,100,100,0.0,-7,-8,-6,-4,4,4.0,13,13.0,0.6666666666666666,1.6666666666666667
2015-11-21,2015,VfB Stuttgart,FC Augsburg,A,0,1.95,3.8,3.6,1439.3011041579132,1438.4663381548878,0.8347660030253792,100,100,0.0,-1,-1,-3,1,7,7.0,2,2.0,0.0,3.0
2015-11-21,2015,VfL Wolfsburg,Werder Bremen,H,2,1.57,4.0,5.75,1669.0755616152874,1493.6066638285988,175.46889778668856,100,100,0.0,3,3,1,2,9,9.0,6,6.0,3.0,0.0
2015-11-22,2015,Ingolstadt,SV Darmstadt 98,H,2,2.05,3.25,4.0,1516.9183491675276,1497.322047598588,19.59630156893968,100,100,0.0,0,0,0,0,5,5.0,4,4.0,1.5,1.5
2015-11-22,2015,Hertha BSC,TSG Hoffenheim,H,2,2.0,3.5,3.8,1508.6764519685407,1458.9050003087498,49.771451659790955,100,100,0.0,0,1,2,-3,9,9.0,3,3.0,0.3333333333333333,2.3333333333333335
2015-11-27,2015,SV Darmstadt 98,FC Cologne,D,1,2.9,3.1,2.6,1487.2907196216822,1512.9492012788298,-25.658481657147604,100,100,0.0,0,0,0,0,4,4.0,5,5.0,1.5,1.5
2015-11-28,2015,Bayern Munich,Hertha BSC,H,2,1.08,11.0,26.0,1849.425221193935,1517.583138643019,331.84208255091585,100,100,0.0,10,10,7,12,13,13.0,9,9.0,3.0,0.0
2015-11-28,2015,Hannover 96,Ingolstadt,H,2,2.6,3.2,2.8,1440.4612648631455,1526.9496771444333,-86.48841228128776,100,100,0.0,0,0,0,0,6,6.0,5,5.0,1.5,1.5
2015-11-28,2015,TSG Hoffenheim,Borussia Monchengladbach,D,1,3.1,3.5,2.25,1449.9983136342714,1646.7133267055879,-196.71501307131643,100,100,0.0,-2,0,-3,2,2,2.0,13,13.0,0.3333333333333333,2.3333333333333335
2015-11-28,2015,FSV Mainz 05,Ein Frankfurt,H,2,2.2,3.5,3.2,1521.4403806005914,1498.355998611239,23.084381989352323,100,100,0.0,1,5,2,-2,5,5.0,5,5.0,1.3333333333333333,1.3333333333333333
2015-11-28,2015,Werder Bremen,Hamburg,A,0,2.25,3.4,3.2,1488.5070836451841,1485.3086046184274,3.198479026756786,100,100,0.0,0,2,3,-1,6,6.0,8,8.0,2.0,1.0
2015-11-29,2015,Bayer Leverkusen,FC Schalke 04,D,1,1.62,4.2,5.25,1621.1883654833612,1559.99847786312,61.18988762024128,100,100,0.0,-2,0,-2,-5,7,7.0,4,4.0,2.0,1.0
2015-11-29,2015,Borussia Dortmund,VfB Stuttgart,H,2,1.2,7.5,12.0,1659.92022685492,1420.0659649607585,239.85426189416148,100,100,0.0,7,7,9,3,12,12.0,6,6.0,2.3333333333333335,0.3333333333333333
2015-11-29,2015,FC Augsburg,VfL Wolfsburg,D,1,3.3,3.4,2.2,1457.7014773520425,1674.175141798702,-216.47366444665954,100,100,0.0,-3,-3,-1,-2,4,4.0,12,12.0,1.3333333333333333,1.3333333333333333
2015-12-04,2015,FC Schalke 04,Hannover 96,H,2,1.6,4.0,5.75,1566.4978492457308,1454.878216632177,111.61963261355368,100,100,0.0,3,2,1,8,2,2.0,6,6.0,2.0,1.0
2015-12-05,2015,Hertha BSC,Bayer Leverkusen,H,2,3.75,3.4,2.05,1515.2775249660435,1614.6889941007503,-99.41146913470675,100,100,0.0,-1,-2,1,-3,9,9.0,7,7.0,0.0,3.0
2015-12-05,2015,FC Cologne,FC Augsburg,A,0,2.2,3.3,3.4,1516.1106808044567,1462.5497714865712,53.56090931788549,100,100,0.0,0,0,0,0,6,6.0,5,5.0,0.3333333333333333,2.3333333333333335
2015-12-05,2015,Hamburg,FSV Mainz 05,A,0,2.25,3.4,3.2,1504.6374768840046,1531.338088370831,-26.700611486826347,100,100,0.0,0,-2,-3,1,10,10.0,8,8.0,2.0,1.0
2015-12-05,2015,VfL Wolfsburg,Borussia Dortmund,A,0,4.0,4.33,1.75,1669.3268476641733,1663.6360776645593,5.690769999614076,100,100,0.0,-3,-3,-5,-2,10,10.0,12,12.0,1.3333333333333333,1.3333333333333333
2015-12-05,2015,Borussia Monchengladbach,Bayern Munich,H,2,9.0,5.25,1.33,1642.6424148113654,1851.7308348709105,-209.08842005954511,100,100,0.0,-8,-11,-6,-11,11,11.0,13,13.0,1.3333333333333333,1.3333333333333333
2015-12-05,2015,Ingolstadt,TSG Hoffenheim,D,1,2.25,3.3,3.3,1512.5327253754017,1454.069225528494,58.46349984690778,100,100,0.0,0,1,2,-3,5,5.0,3,3.0,1.5,1.5
2015-12-06,2015,VfB Stuttgart,Werder Bremen,D,1,1.95,3.75,3.75,1416.3501141511192,1469.1782113796069,-52.82809722848765,100,100,0.0,-1,-1,-3,1,3,3.0,6,6.0,1.3333333333333333,1.3333333333333333
2015-12-06,2015,Ein Frankfurt,SV Darmstadt 98,A,0,1.91,3.4,4.33,1488.4582908409996,1484.1292400960554,4.3290507449441975,100,100,0.0,-1,-5,-2,2,5,5.0,2,2.0,1.5,1.5
2015-12-11,2015,FSV Mainz 05,VfB Stuttgart,D,1,2.05,3.6,3.5,1549.456547118018,1414.3259618418197,135.13058527619842,100,100,0.0,1,1,3,-1,11,11.0,4,4.0,1.3333333333333333,1.3333333333333333
2015-12-12,2015,Bayern Munich,Ingolstadt,H,2,1.07,13.0,29.0,1832.1700089225385,1506.1292872288964,326.0407216936421,100,100,0.0,10,10,7,12,10,10.0,6,6.0,1.5,1.5
2015-12-12,2015,TSG Hoffenheim,Hannover 96,H,2,1.8,3.5,4.5,1460.4726636749992,1448.0305125652114,12.442151109787801,100,100,0.0,0,-1,-2,3,4,4.0,6,6.0,3.0,0.0
2015-12-12,2015,SV Darmstadt 98,Hertha BSC,A,0,3.1,3.1,2.5,1503.5028157263382,1530.2521160703989,-26.749300344060657,100,100,0.0,0,0,0,0,5,5.0,9,9.0,1.5,1.5
2015-12-12,2015,VfL Wolfsburg,Hamburg,D,1,1.57,4.2,5.75,1649.8995415535892,1486.5190181368175,163.38052341677167,100,100,0.0,3,5,4,1,7,7.0,7,7.0,3.0,0.0
2015-12-12,2015,Werder Bremen,FC Cologne,D,1,2.5,3.3,2.88,1471.2023636889064,1494.881368581009,-23.679004892102512,100,100,0.0,0,0,0,0,4,4.0,6,6.0,0.6666666666666666,1.6666666666666667
2015-12-12,2015,Bayer Leverkusen,Borussia Monchengladbach,H,2,1.95,3.75,3.75,1599.714402996395,1662.2032407597374,-62.48883776334242,100,100,0.0,-1,3,-2,2,4,4.0,11,11.0,1.3333333333333333,1.3333333333333333
2015-12-13,2015,FC Augsburg,FC Schalke 04,H,2,2.63,3.5,2.63,1483.779083710019,1573.3455533126964,-89.56646960267744,100,100,0.0,-3,-2,-1,-8,8,8.0,5,5.0,0.3333333333333333,2.3333333333333335
2015-12-13,2015,Borussia Dortmund,Ein Frankfurt,H,2,1.17,8.0,15.0,1683.0633837751434,1469.0847152107167,213.9786685644267,100,100,0.0,7,11,8,2,12,12.0,2,2.0,2.0,1.0
2015-12-18,2015,FC Schalke 04,TSG Hoffenheim,H,2,1.67,4.0,5.0,1558.795869671323,1470.780820086992,88.01504958433111,100,100,0.0,3,3,3,5,4,4.0,6,6.0,2.0,1.0
2015-12-19,2015,VfB Stuttgart,VfL Wolfsburg,H,2,3.5,3.6,2.0,1423.1670993311875,1640.300459635677,-217.13336030448954,100,100,0.0,-4,-4,-4,-1,2,2.0,5,5.0,0.0,3.0
2015-12-19,2015,FC Cologne,Borussia Dortmund,H,2,7.0,4.75,1.44,1498.124413816321,1687.2919397360458,-189.16752591972477,100,100,0.0,-6,-6,-6,-4,6,6.0,12,12.0,1.3333333333333333,1.3333333333333333
2015-12-19,2015,Ingolstadt,Bayer Leverkusen,A,0,4.75,3.5,1.8,1503.7515823103488,1613.1011793170167,-109.34959700666786,100,100,0.0,-1,-2,1,-3,5,5.0,7,7.0,1.5,1.5
2015-12-19,2015,Hannover 96,Bayern Munich,A,0,15.0,6.5,1.2,1437.7223561532187,1834.547713841086,-396.8253576878674,100,100,0.0,-10,-10,-7,-12,3,3.0,12,12.0,0.0,3.0
2015-12-19,2015,Ein Frankfurt,Werder Bremen,H,2,2.25,3.4,3.2,1464.8561592498143,1467.9593184535943,-3.1031592037800237,100,100,0.0,-1,-5,-2,2,1,1.0,5,5.0,1.3333333333333333,1.3333333333333333
2015-12-19,2015,Hamburg,FC Augsburg,A,0,2.4,3.3,3.0,1496.1181000547297,1498.3287673513923,-2.2106672966626775,100,100,0.0,0,-2,-3,1,8,8.0,10,10.0,1.0,2.0
2015-12-20,2015,Hertha BSC,FSV Mainz 05,H,2,2.15,3.4,3.4,1548.3685635460565,1540.6154096286502,7.75315391740628,100,100,0.0,0,0,0,0,12,12.0,11,11.0,1.3333333333333333,1.3333333333333333
2015-12-20,2015,Borussia Monchengladbach,SV Darmstadt 98,H,2,1.5,4.33,6.5,1648.8164644391156,1485.3863682506806,163.43009618843507,100,100,0.0,2,-1,1,1,8,8.0,5,5.0,1.5,1.5
2016-01-22,2015,Hamburg,Bayern Munich,A,0,13.0,6.5,1.22,1477.004258480001,1839.1478258564875,-362.14356737648654,100,100,0.0,-10,-12,-10,-11,7,7.0,12,12.0,0.3333333333333333,2.3333333333333335
2016-01-23,2015,Hannover 96,SV Darmstadt 98,A,0,2.3,3.3,3.2,1433.1222441378172,1479.98671381183,-46.86446967401275,100,100,0.0,0,0,0,0,3,3.0,4,4.0,1.0,1.0
2016-01-23,2015,Hertha BSC,FC Augsburg,D,1,2.2,3.3,3.4,1558.8601170865327,1517.442608926121,41.41750816041167,100,100,0.0,0,0,0,0,12,12.0,13,13.0,2.0,1.0
2016-01-23,2015,FC Cologne,VfB Stuttgart,A,0,2.15,3.5,3.3,1516.891732883819,1443.0408836772745,73.85084920654458,100,100,0.0,1,1,3,-1,6,6.0,5,5.0,2.3333333333333335,0.3333333333333333
2016-01-23,2015,Ingolstadt,FSV Mainz 05,H,2,2.4,3.2,3.1,1489.1551394516375,1530.123856088174,-40.968716636536556,100,100,0.0,0,0,0,0,4,4.0,8,8.0,3.0,0.0
2016-01-23,2015,Borussia Monchengladbach,Borussia Dortmund,A,0,4.5,4.2,1.7,1654.2161188779662,1668.5246206685479,-14.308501790581658,100,100,0.0,-4,-7,-5,-3,10,10.0,9,9.0,1.0,2.0
2016-01-23,2015,TSG Hoffenheim,Bayer Leverkusen,D,1,4.33,3.8,1.8,1463.1886990132857,1627.697622175728,-164.50892316244222,100,100,0.0,-1,-3,-1,0,5,5.0,10,10.0,0.0,3.0
2016-01-24,2015,FC Schalke 04,Werder Bremen,A,0,1.67,4.0,5.0,1566.3879907450294,1457.0375012485465,109.35048949648285,100,100,0.0,3,2,1,8,7,7.0,2,2.0,2.3333333333333335,0.3333333333333333
2016-01-24,2015,Ein Frankfurt,VfL Wolfsburg,H,2,3.6,3.5,2.05,1475.777976454862,1620.42667528959,-144.64869883472807,100,100,0.0,-4,-8,-3,0,3,3.0,5,5.0,0.6666666666666666,1.6666666666666667
2016-01-29,2015,FSV Mainz 05,Borussia Monchengladbach,H,2,2.6,3.4,2.7,1517.6481972327326,1635.5897551250605,-117.94155789232786,100,100,0.0,-2,1,-1,-1,7,7.0,7,7.0,1.6666666666666667,0.6666666666666666
2016-01-30,2015,VfB Stuttgart,Hamburg,H,2,1.95,3.6,3.8,1464.977157992259,1471.5717348038902,-6.594576811631214,100,100,0.0,-1,1,0,0,8,8.0,4,4.0,2.0,1.0
2016-01-30,2015,Bayer Leverkusen,Hannover 96,H,2,1.25,6.0,12.0,1624.9441169983022,1415.8459186672287,209.0981983310735,100,100,0.0,1,2,-1,3,8,8.0,3,3.0,3.0,0.0
2016-01-30,2015,FC Augsburg,Ein Frankfurt,D,1,1.95,3.6,4.0,1523.2318580927779,1492.6950739479869,30.536784144791,100,100,0.0,1,5,2,-2,11,11.0,6,6.0,1.6666666666666667,0.6666666666666666
2016-01-30,2015,Borussia Dortmund,Ingolstadt,H,2,1.17,7.0,19.0,1687.1509844214536,1501.630798307079,185.5201861143746,100,100,0.0,6,6,6,4,12,12.0,4,4.0,3.0,0.0
2016-01-30,2015,SV Darmstadt 98,FC Schalke 04,A,0,3.4,3.4,2.15,1497.2630392824185,1543.304969325602,-46.041930043183584,100,100,0.0,-3,-2,-1,-8,7,7.0,7,7.0,1.0,1.0
2016-01-30,2015,Werder Bremen,Hertha BSC,D,1,2.5,3.3,2.8,1480.1205226679738,1553.0708679198758,-72.95034525190204,100,100,0.0,0,0,0,0,5,5.0,10,10.0,1.6666666666666667,0.6666666666666666
2016-01-31,2015,VfL Wolfsburg,FC Cologne,D,1,1.57,4.0,5.75,1603.5095777964652,1494.9554585688345,108.55411922763074,100,100,0.0,3,3,1,2,2,2.0,5,5.0,1.6666666666666667,0.6666666666666666
2016-01-31,2015,Bayern Munich,TSG Hoffenheim,H,2,1.08,13.0,21.0,1844.5803495325983,1465.9422041907114,378.6381453418869,100,100,0.0,10,11,9,9,12,12.0,6,6.0,3.0,0.0
2016-02-05,2015,Borussia Monchengladbach,Werder Bremen,H,2,1.7,4.0,4.5,1619.8158436085753,1478.9550490567713,140.86079455180402,100,100,0.0,2,-1,1,1,6,6.0,6,6.0,2.0,1.0
2016-02-06,2015,Ingolstadt,FC Augsburg,H,2,2.5,3.1,3.1,1496.7714684109346,1517.8471509484586,-21.075682537524017,100,100,0.0,0,0,0,0,4,4.0,11,11.0,3.0,0.0
2016-02-06,2015,Bayer Leverkusen,Bayern Munich,D,1,5.25,4.2,1.6,1629.2757593053095,1846.374053218634,-217.09829391332437,100,100,0.0,-9,-8,-8,-9,10,10.0,12,12.0,1.0,2.0
2016-02-06,2015,FC Schalke 04,VfL Wolfsburg,H,2,2.45,3.5,2.8,1560.6159763374437,1595.4509847509703,-34.835008413526566,100,100,0.0,0,-1,0,6,9,9.0,2,2.0,1.3333333333333333,1.3333333333333333
2016-02-06,2015,Hertha BSC,Borussia Dortmund,D,1,6.5,4.33,1.5,1554.2363415310783,1692.010314317598,-137.7739727865196,100,100,0.0,-6,-6,-6,-4,11,11.0,12,12.0,1.0,2.0
2016-02-06,2015,Ein Frankfurt,VfB Stuttgart,A,0,2.7,3.6,2.5,1498.0797810923061,1476.0389473584573,22.040833733848785,100,100,0.0,0,-4,1,1,7,7.0,11,11.0,1.0,2.0
2016-02-06,2015,Hannover 96,FSV Mainz 05,A,0,2.75,3.3,2.6,1411.5142763602214,1533.4221087492178,-121.90783238899644,100,100,0.0,0,0,0,0,0,0.0,7,7.0,0.6666666666666666,1.6666666666666667
2016-02-07,2015,Hamburg,FC Cologne,D,1,2.5,3.2,3.0,1460.5099454376918,1503.0140516143294,-42.504106176637606,100,100,0.0,0,-2,-3,1,1,1.0,5,5.0,0.3333333333333333,2.3333333333333335
2016-02-07,2015,TSG Hoffenheim,SV Darmstadt 98,A,0,2.0,3.3,4.0,1464.148500504676,1479.9520322705769,-15.80353176590097,100,100,0.0,0,-1,-2,3,5,5.0,6,6.0,1.0,1.0
2016-02-12,2015,FSV Mainz 05,FC Schalke 04,H,2,2.9,3.4,2.45,1547.4775231641283,1572.8351103807472,-25.357587216618867,100,100,0.0,-3,-2,-1,-8,7,7.0,9,9.0,1.0,2.0
2016-02-13,2015,Werder Bremen,TSG Hoffenheim,D,1,2.2,3.5,3.25,1472.956065759043,1445.582972815044,27.373092943998927,100,100,0.0,0,1,2,-3,5,5.0,4,4.0,2.3333333333333335,0.3333333333333333
2016-02-13,2015,SV Darmstadt 98,Bayer Leverkusen,A,0,4.75,3.75,1.75,1498.5175599602087,1634.1481894991277,-135.63062953891904,100,100,0.0,-1,-2,1,-3,6,6.0,11,11.0,3.0,0.0
2016-02-13,2015,Borussia Dortmund,Hannover 96,H,2,1.14,8.5,17.0,1690.3858763492092,1397.458861945311,292.9270144038983,100,100,0.0,6,6,6,4,10,10.0,0,0.0,2.0,1.0
2016-02-13,2015,FC Cologne,Ein Frankfurt,H,2,1.91,3.8,3.8,1505.4739345122396,1478.0173702092566,27.456564302982997,100,100,0.0,1,5,2,-2,6,6.0,7,7.0,1.0,2.0
2016-02-13,2015,VfB Stuttgart,Hertha BSC,H,2,2.1,3.5,3.5,1496.101358241507,1555.860779499467,-59.759421257960184,100,100,0.0,-1,-1,-3,1,13,13.0,9,9.0,0.3333333333333333,2.3333333333333335
2016-02-13,2015,VfL Wolfsburg,Ingolstadt,H,2,1.73,3.6,5.25,1583.2318507076668,1508.42145773866,74.8103929690069,100,100,0.0,3,3,1,2,2,2.0,6,6.0,1.0,1.0
2016-02-14,2015,Hamburg,Borussia Monchengladbach,H,2,3.3,3.6,2.1,1458.0500625397817,1625.8148269063036,-167.76476436652183,100,100,0.0,-2,-1,-4,0,2,2.0,6,6.0,1.3333333333333333,1.3333333333333333
2016-02-14,2015,FC Augsburg,Bayern Munich,A,0,13.0,6.0,1.22,1506.1971616207334,1841.5016230248157,-335.3044614040823,100,100,0.0,-10,-10,-7,-12,8,8.0,13,13.0,1.0,2.0
2016-02-19,2015,Ein Frankfurt,Hamburg,D,1,2.25,3.5,3.0,1468.2858639788924,1475.939159834355,-7.653295855462602,100,100,0.0,-1,-3,1,1,7,7.0,4,4.0,2.3333333333333335,0.3333333333333333
2016-02-20,2015,Borussia Monchengladbach,FC Cologne,H,2,1.91,3.6,4.0,1607.9257296117303,1515.2054407426037,92.72028886912653,100,100,0.0,2,-1,1,1,6,6.0,8,8.0,1.3333333333333333,1.3333333333333333
2016-02-20,2015,Ingolstadt,Werder Bremen,H,2,2.1,3.3,3.6,1500.3902589372697,1467.6907314293783,32.69952750789139,100,100,0.0,0,0,0,0,6,6.0,5,5.0,3.0,0.0
2016-02-20,2015,Bayern Munich,SV Darmstadt 98,H,2,1.08,12.0,26.0,1847.6555880431508,1485.0504876432922,362.60510039985866,100,100,0.0,10,10,7,12,13,13.0,6,6.0,3.0,0.0
2016-02-20,2015,Hertha BSC,VfL Wolfsburg,D,1,2.75,3.3,2.6,1542.590377851901,1591.263049509057,-48.672671657156116,100,100,0.0,-3,-3,-1,-2,6,6.0,4,4.0,1.0,2.0
2016-02-20,2015,TSG Hoffenheim,FSV Mainz 05,H,2,2.4,3.4,2.9,1450.8483071447088,1559.3036323209544,-108.45532517624565,100,100,0.0,0,-1,-2,3,2,2.0,9,9.0,1.3333333333333333,1.3333333333333333
2016-02-21,2015,Hannover 96,FC Augsburg,A,0,2.63,3.3,2.75,1394.6289465326404,1500.0431966023982,-105.41425006975783,100,100,0.0,0,0,0,0,0,0.0,5,5.0,2.0,1.0
2016-02-21,2015,Bayer Leverkusen,Borussia Dortmund,A,0,3.4,3.5,2.1,1647.6152618160443,1693.2157917618797,-45.60052994583543,100,100,0.0,-5,-4,-7,-1,11,11.0,10,10.0,1.3333333333333333,1.3333333333333333
2016-02-21,2015,FC Schalke 04,VfB Stuttgart,D,1,2.15,3.75,3.1,1561.0090012239211,1509.371759889073,51.63724133484811,100,100,0.0,4,3,4,7,9,9.0,15,15.0,3.0,0.0
2016-02-26,2015,FC Cologne,Hertha BSC,A,0,2.1,3.3,3.75,1507.7658859903604,1540.3903804947768,-32.62449450441636,100,100,0.0,0,0,0,0,5,5.0,4,4.0,0.3333333333333333,2.3333333333333335
2016-02-27,2015,Hamburg,Ingolstadt,D,1,2.4,3.0,3.3,1479.834778692773,1509.9243937752374,-30.089615082464434,100,100,0.0,0,-2,-3,1,5,5.0,9,9.0,3.0,0.0
2016-02-27,2015,VfB Stuttgart,Hannover 96,A,0,1.53,4.0,6.5,1515.5321863562685,1379.8626795783277,135.6695067779408,100,100,0.0,-1,-1,-3,1,13,13.0,0,0.0,2.3333333333333335,0.3333333333333333
2016-02-27,2015,Werder Bremen,SV Darmstadt 98,D,1,2.1,3.4,3.6,1458.1565965914106,1483.0946629615976,-24.938066370187016,100,100,0.0,0,0,0,0,5,5.0,6,6.0,0.0,3.0
2016-02-27,2015,VfL Wolfsburg,Bayern Munich,A,0,9.0,4.5,1.4,1593.4630468661812,1849.6114127248454,-256.1483658586642,100,100,0.0,-7,-7,-6,-10,5,5.0,13,13.0,1.0,2.0
2016-02-28,2015,FC Augsburg,Borussia Monchengladbach,D,1,2.7,3.4,2.6,1514.8094635567109,1615.3652843639736,-100.55582080726276,100,100,0.0,-2,1,-1,-1,5,5.0,6,6.0,2.0,1.0
2016-02-28,2015,Borussia Dortmund,TSG Hoffenheim,H,2,1.18,7.0,17.0,1710.5453995523894,1466.2132808265214,244.33211872586799,100,100,0.0,6,7,8,1,13,13.0,5,5.0,1.6666666666666667,0.6666666666666666
2016-02-28,2015,Ein Frankfurt,FC Schalke 04,D,1,3.2,3.4,2.25,1464.3902451204744,1554.8485747567256,-90.45832963625116,100,100,0.0,-4,-7,-3,-6,5,5.0,7,7.0,1.3333333333333333,1.3333333333333333
2016-02-28,2015,FSV Mainz 05,Bayer Leverkusen,H,2,3.75,3.5,2.0,1543.9386586391417,1630.2856540255345,-86.34699538639279,100,100,0.0,-1,-2,1,-3,9,9.0,8,8.0,0.3333333333333333,2.3333333333333335
2016-03-01,2015,Ingolstadt,FC Cologne,D,1,2.5,3.1,3.0,1512.9025813902886,1489.892974394356,23.009606995932472,100,100,0.0,0,0,0,0,7,7.0,5,5.0,1.0,1.0
2016-03-01,2015,Hannover 96,VfL Wolfsburg,A,0,4.2,3.75,1.85,1403.7189872294703,1584.784516015194,-181.0655287857237,100,100,0.0,-3,-3,-1,-2,3,3.0,5,5.0,0.6666666666666666,1.6666666666666667
2016-03-02,2015,Bayern Munich,FSV Mainz 05,A,0,1.13,9.0,21.0,1858.2899435758327,1558.349514271359,299.9404293044736,100,100,0.0,10,10,7,12,13,13.0,12,12.0,3.0,0.0
2016-03-02,2015,TSG Hoffenheim,FC Augsburg,H,2,2.25,3.4,3.3,1462.5805379673568,1514.8334602494615,-52.25292228210469,100,100,0.0,0,-1,-2,3,4,4.0,5,5.0,2.0,1.0
2016-03-02,2015,Hertha BSC,Ein Frankfurt,H,2,1.85,3.6,4.33,1558.263292090781,1463.9784016320768,94.28489045870424,100,100,0.0,1,5,2,-2,6,6.0,3,3.0,1.0,1.0
2016-03-02,2015,FC Schalke 04,Hamburg,H,2,1.85,3.6,4.33,1555.2604182451232,1476.8565910777218,78.40382716740146,100,100,0.0,3,4,4,7,8,8.0,6,6.0,1.3333333333333333,1.3333333333333333
2016-03-02,2015,Bayer Leverkusen,Werder Bremen,A,0,1.44,4.75,7.0,1615.8747983933172,1454.9654089136914,160.90938947962582,100,100,0.0,1,2,-1,3,7,7.0,3,3.0,1.3333333333333333,1.3333333333333333
2016-03-02,2015,Borussia Monchengladbach,VfB Stuttgart,H,2,2.05,3.8,3.4,1615.341287671223,1491.675878705126,123.66540896609695,100,100,0.0,3,0,4,0,7,7.0,10,10.0,2.3333333333333335,0.3333333333333333
2016-03-02,2015,SV Darmstadt 98,Borussia Dortmund,A,0,8.0,4.75,1.4,1486.2858506393168,1714.178142411554,-227.8922917722373,100,100,0.0,-6,-6,-6,-4,4,4.0,13,13.0,1.0,1.0
2016-03-05,2015,FC Augsburg,Bayer Leverkusen,D,1,2.9,3.3,2.5,1501.8819872000263,1591.339000062811,-89.45701286278472,100,100,0.0,-1,-2,1,-3,4,4.0,4,4.0,0.6666666666666666,1.6666666666666667
2016-03-05,2015,Borussia Dortmund,Bayern Munich,D,1,3.1,3.4,2.3,1723.893164762254,1831.0180666285546,-107.12490186630066,100,100,0.0,-4,-4,-1,-8,13,13.0,10,10.0,0.0,3.0
2016-03-05,2015,Ein Frankfurt,Ingolstadt,D,1,2.5,3.2,3.0,1456.5891210894472,1507.803144138906,-51.214023049458774,100,100,0.0,-1,-5,-2,2,2,2.0,8,8.0,0.0,3.0
2016-03-05,2015,FC Cologne,FC Schalke 04,A,0,2.4,3.2,3.1,1494.9924116457387,1563.170547857447,-68.1781362117083,100,100,0.0,-3,-2,-1,-8,5,5.0,8,8.0,3.0,0.0
2016-03-05,2015,VfB Stuttgart,TSG Hoffenheim,H,2,1.91,3.6,4.0,1485.1877006261848,1475.532011016792,9.655689609392766,100,100,0.0,-1,0,-1,-2,7,7.0,7,7.0,0.3333333333333333,2.3333333333333335
2016-03-05,2015,Werder Bremen,Hannover 96,H,2,1.73,3.8,4.75,1479.5012072441975,1392.1567086843845,87.34449855981302,100,100,0.0,0,0,0,0,5,5.0,3,3.0,0.6666666666666666,1.6666666666666667
2016-03-05,2015,VfL Wolfsburg,Borussia Monchengladbach,H,2,1.95,3.75,3.6,1596.3467945602797,1621.8294657501642,-25.482671189884513,100,100,0.0,1,4,0,1,7,7.0,10,10.0,1.0,2.0
2016-03-06,2015,Hamburg,Hertha BSC,H,2,2.88,3.1,2.63,1468.946461465398,1565.6525726334107,-96.70611116801274,100,100,0.0,0,-2,-3,1,6,6.0,8,8.0,0.0,3.0
2016-03-06,2015,FSV Mainz 05,SV Darmstadt 98,D,1,1.75,3.6,5.0,1585.6213912186372,1476.570828288617,109.0505629300203,100,100,0.0,0,0,0,0,12,12.0,4,4.0,3.0,0.0
2016-03-11,2015,Hertha BSC,FC Schalke 04,H,2,2.4,3.2,3.0,1550.79477698523,1579.5405792977238,-28.74580231249365,100,100,0.0,-3,-2,-1,-8,7,7.0,8,8.0,0.3333333333333333,2.3333333333333335
2016-03-12,2015,TSG Hoffenheim,VfL Wolfsburg,H,2,3.4,3.6,2.1,1465.1150527319792,1608.1780626392683,-143.06300990728914,100,100,0.0,-3,-4,-3,1,7,7.0,10,10.0,0.3333333333333333,2.3333333333333335
2016-03-12,2015,Borussia Monchengladbach,Ein Frankfurt,H,2,1.57,4.33,5.5,1609.9981976711756,1454.4965959007388,155.50160177043676,100,100,0.0,3,4,3,-1,7,7.0,3,3.0,1.3333333333333333,1.3333333333333333
2016-03-12,2015,Ingolstadt,VfB Stuttgart,D,1,3.0,3.2,2.5,1509.8956693276143,1495.6046589109976,14.2910104166167,100,100,0.0,1,1,3,-1,6,6.0,7,7.0,0.0,3.0
2016-03-12,2015,Bayern Munich,Werder Bremen,H,2,1.13,9.0,21.0,1830.7105030013058,1487.115238387243,343.5952646140629,100,100,0.0,10,10,7,12,10,10.0,8,8.0,3.0,0.0
2016-03-12,2015,Hannover 96,FC Cologne,A,0,3.5,3.3,2.15,1384.5426775413391,1478.622380205462,-94.0797026641228,100,100,0.0,0,0,0,0,3,3.0,4,4.0,2.3333333333333335,0.3333333333333333
2016-03-12,2015,SV Darmstadt 98,FC Augsburg,D,1,2.8,3.1,2.7,1484.6446566409668,1501.4269495179262,-16.782292876959445,100,100,0.0,0,0,0,0,2,2.0,5,5.0,3.0,0.0
2016-03-13,2015,Borussia Dortmund,FSV Mainz 05,H,2,1.36,5.0,8.5,1724.2007283895027,1577.5475628662873,146.65316552321542,100,100,0.0,6,6,6,4,13,13.0,10,10.0,2.0,1.0
2016-03-13,2015,Bayer Leverkusen,Hamburg,H,2,1.67,3.75,5.5,1591.794037744911,1483.8042571135786,107.98978063133245,100,100,0.0,1,4,2,2,4,4.0,8,8.0,1.3333333333333333,1.3333333333333333
2016-03-18,2015,FC Schalke 04,Borussia Monchengladbach,H,2,2.45,3.5,2.8,1567.5744538733052,1615.6028954409558,-48.02844156765059,100,100,0.0,1,3,0,7,8,8.0,10,10.0,1.0,2.0
2016-03-19,2015,FC Cologne,Bayern Munich,A,0,11.0,5.0,1.29,1493.8779552519338,1832.8761745273382,-338.9982192754044,100,100,0.0,-10,-10,-7,-12,4,4.0,10,10.0,0.0,3.0
2016-03-19,2015,Ein Frankfurt,Hannover 96,H,2,1.85,3.6,4.33,1448.8918981309587,1369.2871024948672,79.60479563609147,100,100,0.0,-1,-5,-2,2,3,3.0,3,3.0,1.3333333333333333,1.3333333333333333
2016-03-19,2015,Hertha BSC,Ingolstadt,H,2,2.05,3.2,4.0,1562.7609024096487,1505.1319339471006,57.62896846254807,100,100,0.0,0,0,0,0,10,10.0,7,7.0,3.0,0.0
2016-03-19,2015,Werder Bremen,FSV Mainz 05,D,1,2.38,3.4,3.0,1484.9495668612105,1571.7070087167087,-86.7574418554982,100,100,0.0,0,0,0,0,7,7.0,7,7.0,2.3333333333333335,0.3333333333333333
2016-03-19,2015,Hamburg,TSG Hoffenheim,A,0,2.25,3.4,3.2,1476.845502803841,1481.9647699504526,-5.119267146611492,100,100,0.0,0,-1,-1,-2,5,5.0,9,9.0,1.3333333333333333,1.3333333333333333
2016-03-19,2015,VfL Wolfsburg,SV Darmstadt 98,D,1,1.44,4.33,8.0,1591.328345420795,1481.1190244903667,110.20932093042825,100,100,0.0,3,3,1,2,7,7.0,3,3.0,3.0,0.0
2016-03-20,2015,FC Augsburg,Borussia Dortmund,A,0,6.5,4.33,1.5,1504.9525816685264,1730.0412825390813,-225.08870087055493,100,100,0.0,-6,-6,-6,-4,6,6.0,13,13.0,1.0,2.0
2016-03-20,2015,VfB Stuttgart,Bayer Leverkusen,A,0,2.3,3.5,2.9,1500.3683942915113,1598.7527920546486,-98.38439776313726,100,100,0.0,-2,-3,-2,-2,5,5.0,4,4.0,0.3333333333333333,2.3333333333333335
2016-04-01,2015,Bayer Leverkusen,VfL Wolfsburg,H,2,2.0,3.2,4.0,1613.8225427074074,1583.219047201998,30.603495505409455,100,100,0.0,-2,-1,-2,1,7,7.0,7,7.0,0.0,3.0
2016-04-02,2015,FSV Mainz 05,FC Augsburg,H,2,2.1,3.4,3.6,1572.2784592091798,1495.1312443356728,77.14721487350698,100,100,0.0,0,0,0,0,8,8.0,3,3.0,2.3333333333333335,0.3333333333333333
2016-04-02,2015,Hannover 96,Hamburg,A,0,3.1,3.25,2.38,1361.4171734430251,1457.8480548439998,-96.43088140097461,100,100,0.0,0,2,3,-1,3,3.0,4,4.0,2.0,1.0
2016-04-02,2015,Ingolstadt,FC Schalke 04,H,2,2.75,3.0,2.7,1496.5058783319887,1580.3472485989928,-83.8413702670041,100,100,0.0,-3,-2,-1,-8,4,4.0,10,10.0,1.0,1.0
2016-04-02,2015,Borussia Dortmund,Werder Bremen,H,2,1.2,7.0,13.0,1739.8626198719348,1484.3781163687395,255.48450350319536,100,100,0.0,6,6,6,4,13,13.0,8,8.0,2.0,1.0
2016-04-02,2015,SV Darmstadt 98,VfB Stuttgart,D,1,3.4,3.3,2.2,1489.2283227091636,1485.2986436387525,3.9296790704111118,100,100,0.0,1,1,3,-1,4,4.0,4,4.0,0.0,3.0
2016-04-02,2015,Bayern Munich,Ein Frankfurt,H,2,1.13,9.0,21.0,1838.926781716156,1456.7618271828007,382.1649545333553,100,100,0.0,11,15,9,10,10,10.0,5,5.0,2.3333333333333335,0.3333333333333333
2016-04-03,2015,TSG Hoffenheim,FC Cologne,D,1,2.38,3.3,3.1,1500.962217910294,1487.827348063116,13.134869847177924,100,100,0.0,0,-1,-2,3,9,9.0,4,4.0,0.3333333333333333,2.3333333333333335
2016-04-03,2015,Borussia Monchengladbach,Hertha BSC,H,2,1.83,3.6,4.33,1602.8301007152681,1571.3869580247606,31.443142690507557,100,100,0.0,2,-1,1,1,7,7.0,12,12.0,3.0,0.0
2016-04-08,2015,Hertha BSC,Hannover 96,D,1,1.5,4.2,7.0,1561.8057211951098,1346.263087626657,215.54263356845286,100,100,0.0,0,0,0,0,9,9.0,0,0.0,1.3333333333333333,1.3333333333333333
2016-04-09,2015,VfB Stuttgart,Bayern Munich,A,0,6.0,4.33,1.5,1489.6564375600801,1840.6865514621977,-351.0301139021176,100,100,0.0,-11,-11,-10,-11,5,5.0,10,10.0,0.0,3.0
2016-04-09,2015,Werder Bremen,FC Augsburg,A,0,2.05,3.4,3.5,1480.945414191192,1487.178910716239,-6.2334965250470304,100,100,0.0,0,0,0,0,7,7.0,2,2.0,2.0,1.0
2016-04-09,2015,VfL Wolfsburg,FSV Mainz 05,D,1,2.2,3.4,3.25,1573.606263176665,1580.2307928286136,-6.624529651948706,100,100,0.0,3,3,1,2,7,7.0,8,8.0,1.3333333333333333,1.3333333333333333
2016-04-09,2015,Ingolstadt,Borussia Monchengladbach,H,2,3.2,3.4,2.2,1510.808756764742,1612.411337544919,-101.60258078017705,100,100,0.0,-2,1,-1,-1,6,6.0,9,9.0,1.0,1.0
2016-04-09,2015,Hamburg,SV Darmstadt 98,A,0,2.05,3.4,3.6,1473.002140660368,1484.870528787836,-11.868388127468052,100,100,0.0,0,-2,-3,1,6,6.0,4,4.0,1.0,1.0
2016-04-09,2015,Ein Frankfurt,TSG Hoffenheim,A,0,2.3,3.25,3.1,1455.002057436759,1496.2434101297042,-41.241352692945156,100,100,0.0,-1,-4,0,-1,4,4.0,10,10.0,1.3333333333333333,1.3333333333333333
2016-04-10,2015,FC Cologne,Bayer Leverkusen,A,0,3.1,3.25,2.3,1492.5461558437057,1623.4353267327404,-130.88917088903463,100,100,0.0,-1,-2,1,-3,5,5.0,10,10.0,1.3333333333333333,1.3333333333333333
2016-04-10,2015,FC Schalke 04,Borussia Dortmund,D,1,4.2,4.0,1.73,1566.0443701662396,1743.2953220494824,-177.2509518832428,100,100,0.0,-3,-4,-5,4,9,9.0,13,13.0,1.0,2.0
2016-04-15,2015,Hannover 96,Borussia Monchengladbach,H,2,5.5,4.0,1.62,1357.0671294291487,1597.3421490615779,-240.27501963242912,100,100,0.0,-2,1,-1,-1,1,1.0,6,6.0,0.0,3.0
2016-04-16,2015,FC Augsburg,VfB Stuttgart,H,2,2.45,3.6,2.75,1506.1316319011505,1483.9334803469087,22.198151554241804,100,100,0.0,1,1,3,-1,5,5.0,5,5.0,3.0,0.0
2016-04-16,2015,Bayern Munich,FC Schalke 04,H,2,1.18,7.5,15.0,1846.4095086753691,1569.325665900064,277.08384277530513,100,100,0.0,7,8,6,4,13,13.0,7,7.0,1.6666666666666667,0.6666666666666666
2016-04-16,2015,Werder Bremen,VfL Wolfsburg,H,2,2.5,3.5,2.75,1461.9926930062804,1569.6692565986523,-107.67656359237185,100,100,0.0,-3,-3,-1,-2,4,4.0,5,5.0,0.0,3.0
2016-04-16,2015,Bayer Leverkusen,Ein Frankfurt,H,2,1.36,5.25,8.0,1637.105236660427,1437.4891550849177,199.61608157550927,100,100,0.0,2,7,1,1,13,13.0,4,4.0,1.3333333333333333,1.3333333333333333
2016-04-16,2015,TSG Hoffenheim,Hertha BSC,H,2,2.38,3.4,3.0,1513.7563124815456,1551.001679392618,-37.245366911072324,100,100,0.0,0,-1,-2,3,10,10.0,7,7.0,2.0,1.0
2016-04-16,2015,SV Darmstadt 98,Ingolstadt,H,2,2.55,3.2,2.88,1503.5959137021403,1525.877945248083,-22.2820315459428,100,100,0.0,0,0,0,0,7,7.0,8,8.0,0.0,3.0
2016-04-17,2015,Borussia Dortmund,Hamburg,H,2,1.33,5.25,9.0,1740.014026315658,1454.2767557460638,285.7372705695941,100,100,0.0,6,8,9,3,11,11.0,6,6.0,0.3333333333333333,2.3333333333333335
2016-04-17,2015,FSV Mainz 05,FC Cologne,A,0,2.1,3.4,3.6,1584.1677994066263,1478.8762459160191,105.29155349060716,100,100,0.0,0,0,0,0,6,6.0,4,4.0,1.6666666666666667,0.6666666666666666
2016-04-22,2015,Hamburg,Werder Bremen,H,2,2.6,3.5,2.63,1451.3389698028288,1477.3240629764161,-25.985093173587302,100,100,0.0,0,-2,-3,1,3,3.0,4,4.0,2.0,1.0
2016-04-23,2015,VfL Wolfsburg,FC Augsburg,A,0,1.8,3.75,4.33,1554.3378866285166,1516.0632036008274,38.27468302768921,100,100,0.0,3,3,1,2,2,2.0,7,7.0,1.3333333333333333,1.3333333333333333
2016-04-23,2015,VfB Stuttgart,Borussia Dortmund,A,0,4.75,4.2,1.65,1474.0019086472319,1742.951812258893,-268.94990361166106,100,100,0.0,-7,-7,-9,-3,2,2.0,13,13.0,0.3333333333333333,2.3333333333333335
2016-04-23,2015,FC Schalke 04,Bayer Leverkusen,A,0,3.0,3.3,2.4,1566.253200596563,1641.6431286279155,-75.38992803135261,100,100,0.0,2,0,2,5,4,4.0,15,15.0,0.3333333333333333,2.3333333333333335
2016-04-23,2015,Ingolstadt,Hannover 96,D,1,1.91,3.4,4.33,1514.1784332082868,1377.8143475601773,136.3640856481095,100,100,0.0,0,0,0,0,7,7.0,4,4.0,0.0,3.0
2016-04-23,2015,Hertha BSC,Bayern Munich,A,0,9.0,4.5,1.4,1538.681930663052,1849.4819739788702,-310.80004331581813,100,100,0.0,-10,-10,-7,-12,7,7.0,15,15.0,0.0,3.0
2016-04-23,2015,FC Cologne,SV Darmstadt 98,H,2,1.95,3.3,4.33,1501.8341324123826,1515.2954257419365,-13.461293329553882,100,100,0.0,0,0,0,0,7,7.0,9,9.0,1.0,1.0
2016-04-24,2015,Ein Frankfurt,FSV Mainz 05,H,2,2.88,3.3,2.5,1432.951263117429,1561.2099129102628,-128.2586497928337,100,100,0.0,-1,-5,-2,2,3,3.0,5,5.0,0.3333333333333333,2.3333333333333335
2016-04-24,2015,Borussia Monchengladbach,TSG Hoffenheim,H,2,1.62,4.2,5.25,1576.5949309305493,1526.0760612111114,50.51886971943782,100,100,0.0,2,0,3,-2,6,6.0,13,13.0,2.3333333333333335,0.3333333333333333
2016-04-29,2015,FC Augsburg,FC Cologne,D,1,2.45,3.25,3.0,1536.7365762375625,1513.1733498905328,23.56322634702974,100,100,0.0,0,0,0,0,9,9.0,7,7.0,2.3333333333333335,0.3333333333333333
2016-04-30,2015,Hannover 96,FC Schalke 04,A,0,3.8,4.0,1.85,1386.6901660439844,1550.1924718146433,-163.50230577065895,100,100,0.0,-3,-2,-1,-8,5,5.0,4,4.0,1.0,2.0
2016-04-30,2015,FSV Mainz 05,Hamburg,D,1,1.8,3.75,4.33,1544.992572131148,1463.1909675034856,81.80160462766253,100,100,0.0,0,2,3,-1,5,5.0,6,6.0,1.0,2.0
2016-04-30,2015,TSG Hoffenheim,Ingolstadt,H,2,1.8,3.6,4.6,1517.1962947801326,1505.3026147244798,11.893680055652794,100,100,0.0,0,-1,-2,3,10,10.0,7,7.0,1.0,1.0
2016-04-30,2015,Borussia Dortmund,VfL Wolfsburg,H,2,1.36,5.0,8.5,1751.1829651703285,1533.6645139917814,217.51845117854714,100,100,0.0,3,3,5,2,13,13.0,2,2.0,1.3333333333333333,1.3333333333333333
2016-04-30,2015,Bayern Munich,Borussia Monchengladbach,D,1,1.4,5.0,7.5,1856.354642732236,1585.4746973615281,270.8799453707079,100,100,0.0,8,11,6,11,15,15.0,6,6.0,0.3333333333333333,2.3333333333333335
2016-04-30,2015,SV Darmstadt 98,Ein Frankfurt,A,0,2.5,3.2,3.0,1503.9562082637863,1449.1686038965438,54.787604367242466,100,100,0.0,1,5,2,-2,8,8.0,6,6.0,3.0,0.0
2016-04-30,2015,Bayer Leverkusen,Hertha BSC,H,2,1.62,3.75,6.0,1657.703857409835,1531.8092619096863,125.89459550014885,100,100,0.0,1,2,-1,3,15,15.0,4,4.0,2.0,1.0
2016-05-02,2015,Werder Bremen,VfB Stuttgart,H,2,2.05,3.6,3.5,1465.4720652757594,1465.7707557357962,-0.2986904600368234,100,100,0.0,1,1,3,-1,4,4.0,1,1.0,1.3333333333333333,1.3333333333333333
2016-05-07,2015,FC Cologne,Werder Bremen,D,1,2.8,3.75,2.38,1518.2939149244173,1476.2820016985847,42.011913225832586,100,100,0.0,0,0,0,0,8,8.0,6,6.0,1.6666666666666667,0.6666666666666666
2016-05-07,2015,Hannover 96,TSG Hoffenheim,H,2,3.4,3.75,2.05,1374.4016542631332,1527.5258243980143,-153.12417013488107,100,100,0.0,0,1,2,-3,5,5.0,10,10.0,0.0,3.0
2016-05-07,2015,FC Schalke 04,FC Augsburg,D,1,1.7,4.2,4.5,1562.4809835954945,1531.616011203678,30.864972391816536,100,100,0.0,3,2,1,8,4,4.0,10,10.0,1.3333333333333333,1.3333333333333333
2016-05-07,2015,Hamburg,VfL Wolfsburg,A,0,2.7,3.4,2.63,1470.3942317413712,1529.5094366759429,-59.11520493457169,100,100,0.0,-3,-5,-4,-1,7,7.0,1,1.0,0.3333333333333333,2.3333333333333335
2016-05-07,2015,VfB Stuttgart,FSV Mainz 05,A,0,2.1,3.8,3.2,1454.960819312971,1537.7893078932625,-82.8284885802916,100,100,0.0,-1,-1,-3,1,1,1.0,5,5.0,1.6666666666666667,0.6666666666666666
2016-05-07,2015,Hertha BSC,SV Darmstadt 98,A,0,1.75,3.6,5.0,1525.3860976424473,1482.6831335018076,42.70296414063978,100,100,0.0,0,0,0,0,1,1.0,7,7.0,3.0,0.0
2016-05-07,2015,Borussia Monchengladbach,Bayer Leverkusen,H,2,1.91,3.8,3.8,1597.302336439021,1664.127021677074,-66.82468523805301,100,100,0.0,1,-3,2,-2,7,7.0,15,15.0,1.3333333333333333,1.3333333333333333
2016-05-07,2015,Ingolstadt,Bayern Munich,A,0,15.0,7.0,1.18,1494.973085106598,1844.527003654743,-349.553918548145,100,100,0.0,-10,-10,-7,-12,7,7.0,13,13.0,0.0,3.0
2016-05-07,2015,Ein Frankfurt,Borussia Dortmund,H,2,7.0,4.75,1.45,1470.4416786585225,1755.338042486167,-284.89636382764456,100,100,0.0,-7,-11,-8,-2,6,6.0,13,13.0,1.0,2.0
2016-05-14,2015,Bayer Leverkusen,Ingolstadt,H,2,1.5,4.33,6.5,1650.5549779313565,1489.210669929755,161.34430800160135,100,100,0.0,1,2,-1,3,12,12.0,4,4.0,3.0,0.0
2016-05-14,2015,VfL Wolfsburg,VfB Stuttgart,H,2,2.3,4.0,2.75,1546.2664723938997,1439.2200686147376,107.04640377916212,100,100,0.0,4,4,4,1,4,4.0,0,0.0,2.0,1.0
2016-05-14,2015,FSV Mainz 05,Hertha BSC,D,1,2.05,3.6,3.5,1553.5300585914958,1504.5496852174135,48.98037337408232,100,100,0.0,0,0,0,0,5,5.0,1,1.0,1.0,2.0
2016-05-14,2015,Werder Bremen,Ein Frankfurt,H,2,2.0,3.75,3.5,1482.0930763395668,1492.7473018355759,-10.654225496009076,100,100,0.0,1,5,2,-2,7,7.0,9,9.0,1.0,2.0
2016-05-14,2015,Bayern Munich,Hannover 96,H,2,1.08,11.0,26.0,1850.289418831586,1391.6775005675354,458.6119182640507,100,100,0.0,10,10,7,12,13,13.0,8,8.0,3.0,0.0
2016-05-14,2015,TSG Hoffenheim,FC Schalke 04,A,0,3.2,3.8,2.05,1510.249978093612,1557.0839375328658,-46.833959439253704,100,100,0.0,-3,-3,-3,-5,9,9.0,5,5.0,1.0,2.0
2016-05-14,2015,SV Darmstadt 98,Borussia Monchengladbach,A,0,3.5,3.75,2.0,1503.5195459268414,1610.8743801847386,-107.35483425789721,100,100,0.0,-2,1,-1,-1,9,9.0,7,7.0,0.0,3.0
2016-05-14,2015,FC Augsburg,Hamburg,A,0,2.0,3.5,3.8,1537.0130572663068,1453.6371960234144,83.37586124289237,100,100,0.0,0,2,3,-1,11,11.0,4,4.0,2.0,1.0
2016-05-14,2015,Borussia Dortmund,FC Cologne,D,1,1.29,5.75,8.0,1733.0324193091137,1512.4828402834353,220.54957902567844,100,100,0.0,6,6,6,4,10,10.0,8,8.0,0.3333333333333333,2.3333333333333335
2016-08-26,2016,Bayern Munich,Werder Bremen,H,2,1.1,10.0,23.0,1851.4468729806006,1493.318548020215,358.1283249603855,100,100,0.0,10,9,9,13,13,13.0,10,10.0,3.0,0.0
2016-08-27,2016,Borussia Dortmund,FSV Mainz 05,H,2,1.36,5.0,8.5,1722.1254309710234,1547.4652893433674,174.660141627656,100,100,0.0,6,6,6,9,10,10.0,5,5.0,3.0,0.0
2016-08-27,2016,Ein Frankfurt,FC Schalke 04,H,2,3.4,3.3,2.2,1481.5218301549276,1574.3615498836928,-92.8397197287652,100,100,0.0,-4,-7,-5,-2,9,9.0,7,7.0,1.3333333333333333,1.3333333333333333
2016-08-27,2016,FC Augsburg,VfL Wolfsburg,A,0,2.8,3.25,2.6,1514.7576143960712,1553.2542929311467,-38.49667853507549,100,100,0.0,-4,-4,-4,-3,8,8.0,6,6.0,2.3333333333333335,0.3333333333333333
2016-08-27,2016,Hamburg,Ingolstadt,D,1,2.2,3.2,3.5,1475.89263889365,1483.7576477906794,-7.865008897029384,100,100,0.0,0,-1,-1,1,7,7.0,1,1.0,2.0,0.5
2016-08-27,2016,Borussia Monchengladbach,Bayer Leverkusen,H,2,2.3,3.4,3.1,1625.5568938878014,1656.0080000704322,-30.451106182630838,100,100,0.0,-1,2,-1,-2,10,10.0,12,12.0,2.0,1.0
2016-08-27,2016,FC Cologne,SV Darmstadt 98,H,2,1.8,3.5,4.75,1523.3898286215256,1488.8370322237786,34.55279639774699,100,100,0.0,0,0,0,0,9,9.0,6,6.0,2.0,0.5
2016-08-28,2016,Hertha BSC,SC Freiburg,H,2,2.15,3.3,3.5,1510.614454465542,1463.0462624169343,47.56819204860767,100,100,0.0,0,0,0,0,1,1.0,5,5.0,0.6666666666666666,1.6666666666666667
2016-08-28,2016,TSG Hoffenheim,RB Leipzig,D,1,2.5,3.25,2.9,1492.972365742785,1500.0,-7.027634257214913,100,100,0.0,1,-1,0,0,6,6.0,0,0.0,1.5,1.5
2016-09-09,2016,FC Schalke 04,Bayern Munich,A,0,10.0,5.5,1.3,1559.670640274111,1853.4503453502405,-293.7797050761294,100,100,0.0,-7,-7,-6,-9,7,7.0,13,13.0,0.3333333333333333,2.3333333333333335
2016-09-10,2016,VfL Wolfsburg,FC Cologne,D,1,1.85,3.75,4.2,1570.8822121330536,1532.854710738555,38.027501394498586,100,100,0.0,4,4,4,3,9,9.0,9,9.0,1.0,1.0
2016-09-10,2016,RB Leipzig,Borussia Dortmund,H,2,5.25,4.2,1.62,1503.9207971285791,1727.2447471990145,-223.32395007043533,100,100,0.0,-6,-6,-6,-9,1,1.0,10,10.0,1.5,1.5
2016-09-10,2016,SV Darmstadt 98,Ein Frankfurt,H,2,3.0,3.3,2.4,1479.3721501067491,1496.2127397645093,-16.84058965776012,100,100,0.0,1,5,2,-2,3,3.0,12,12.0,1.5,1.5
2016-09-10,2016,Ingolstadt,Hertha BSC,A,0,2.4,3.1,3.2,1487.6447414169215,1519.6007709104913,-31.95602949356976,100,100,0.0,0,0,0,0,2,2.0,4,4.0,0.0,3.0
2016-09-10,2016,SC Freiburg,Borussia Monchengladbach,H,2,3.6,3.6,2.0,1454.059945971985,1637.5937009621657,-183.5337549901808,100,100,0.0,-3,-3,0,-2,4,4.0,13,13.0,1.3333333333333333,1.3333333333333333
2016-09-10,2016,Bayer Leverkusen,Hamburg,H,2,1.45,4.5,7.0,1643.9711929960679,1472.0055452674078,171.9656477286601,100,100,0.0,4,2,2,3,9,9.0,8,8.0,2.3333333333333335,0.3333333333333333
2016-09-11,2016,FSV Mainz 05,TSG Hoffenheim,D,1,2.0,3.5,3.75,1542.3459731153764,1489.051568614206,53.29440450117045,100,100,0.0,-1,1,0,0,5,5.0,4,4.0,1.0,2.0
2016-09-11,2016,Werder Bremen,FC Augsburg,A,0,2.3,3.4,3.1,1491.3150756505752,1497.1296951941642,-5.81461954358906,100,100,0.0,0,0,0,0,7,7.0,5,5.0,2.0,1.0
2016-09-16,2016,FC Cologne,SC Freiburg,H,2,1.8,3.6,4.5,1538.5189358545379,1472.5984664376974,65.92046941684043,100,100,0.0,0,0,0,0,7,7.0,7,7.0,0.0,3.0
2016-09-17,2016,Bayern Munich,Ingolstadt,H,2,1.07,12.0,34.0,1860.8558336145131,1469.7440388045138,391.1117948099993,100,100,0.0,10,9,9,13,13,13.0,1,1.0,3.0,0.0
2016-09-17,2016,Borussia Monchengladbach,Werder Bremen,H,2,1.44,4.5,7.5,1619.0551804964532,1472.345531224802,146.7096492716512,100,100,0.0,3,3,0,2,10,10.0,7,7.0,2.0,1.0
2016-09-17,2016,TSG Hoffenheim,VfL Wolfsburg,D,1,3.1,3.6,2.25,1495.2713562241254,1565.2179870170708,-69.94663079294537,100,100,0.0,-3,-5,-4,-3,5,5.0,10,10.0,1.0,2.0
2016-09-17,2016,Borussia Dortmund,SV Darmstadt 98,H,2,1.13,9.0,21.0,1707.1333108540907,1490.8488958800106,216.28441497408016,100,100,0.0,6,6,6,9,7,7.0,6,6.0,2.0,0.5
2016-09-17,2016,Hamburg,RB Leipzig,A,0,2.75,3.25,2.63,1466.8200376540153,1524.0322334735029,-57.21219581948753,100,100,0.0,0,-1,-1,1,5,5.0,4,4.0,1.5,1.5
2016-09-17,2016,Ein Frankfurt,Bayer Leverkusen,H,2,4.0,3.5,1.95,1484.7359939912478,1649.1567006094604,-164.42070661821253,100,100,0.0,-5,-6,-3,-2,9,9.0,9,9.0,1.0,2.0
2016-09-18,2016,FC Augsburg,FSV Mainz 05,A,0,2.38,3.4,3.0,1516.0992396199374,1536.126185505457,-20.02694588551958,100,100,0.0,0,0,0,0,5,5.0,6,6.0,0.3333333333333333,2.3333333333333335
2016-09-18,2016,Hertha BSC,FC Schalke 04,H,2,2.5,3.4,2.8,1537.501473522899,1552.2651520098384,-14.763678486939398,100,100,0.0,-3,-2,-3,-4,7,7.0,7,7.0,1.3333333333333333,1.3333333333333333
2016-09-20,2016,SV Darmstadt 98,TSG Hoffenheim,D,1,3.5,3.5,2.1,1486.6683249419254,1493.977074453968,-7.308749512042596,100,100,0.0,-1,1,0,0,6,6.0,3,3.0,2.0,0.5
2016-09-20,2016,SC Freiburg,Hamburg,H,2,2.3,3.4,3.1,1464.2627468749351,1449.982022485571,14.280724389364195,100,100,0.0,0,1,1,-1,6,6.0,4,4.0,1.0,1.0
2016-09-20,2016,Ingolstadt,Ein Frankfurt,A,0,2.25,3.25,3.4,1468.0676704618309,1502.4858187211398,-34.418148259308964,100,100,0.0,1,5,2,-2,1,1.0,9,9.0,2.0,0.5
2016-09-20,2016,VfL Wolfsburg,Borussia Dortmund,A,0,4.75,3.75,1.75,1566.512268787228,1711.3138817921758,-144.80161300494774,100,100,0.0,-2,-2,-2,-6,11,11.0,7,7.0,1.0,2.0
2016-09-21,2016,Werder Bremen,FSV Mainz 05,A,0,3.0,3.5,2.3,1466.506506245547,1554.5191863063972,-88.01268006085024,100,100,0.0,0,0,0,0,4,4.0,8,8.0,1.6666666666666667,0.6666666666666666
2016-09-21,2016,FC Schalke 04,FC Cologne,A,0,2.1,3.4,3.6,1540.873006922674,1546.8546554173001,-5.981648494626143,100,100,0.0,3,2,3,4,4,4.0,9,9.0,1.0,2.0
2016-09-21,2016,Bayern Munich,Hertha BSC,H,2,1.14,9.0,17.0,1862.532201957196,1548.8936186100634,313.6385833471327,100,100,0.0,10,9,9,13,15,15.0,10,10.0,3.0,0.0
2016-09-21,2016,Bayer Leverkusen,FC Augsburg,D,1,1.45,4.5,7.0,1631.4068758795684,1497.7062388189972,133.70063706057113,100,100,0.0,4,1,1,4,6,6.0,4,4.0,1.0,1.0
2016-09-21,2016,RB Leipzig,Borussia Monchengladbach,D,1,2.38,3.5,3.0,1540.8702486419472,1624.8942054757083,-84.02395683376108,100,100,0.0,-3,-3,0,-2,7,7.0,12,12.0,1.5,1.5
2016-09-23,2016,Borussia Dortmund,SC Freiburg,H,2,1.18,7.5,15.0,1724.3902906670137,1474.4994107920502,249.8908798749635,100,100,0.0,6,6,6,9,10,10.0,6,6.0,3.0,0.0
2016-09-24,2016,Borussia Monchengladbach,Ingolstadt,H,2,1.8,3.6,4.75,1625.5834609821093,1450.269429643121,175.31403133898834,100,100,0.0,3,3,0,2,10,10.0,1,1.0,0.5,2.0
2016-09-24,2016,FC Augsburg,SV Darmstadt 98,H,2,1.67,3.75,5.5,1506.5069899600414,1482.7588377081283,23.748152251913098,100,100,0.0,0,0,0,0,4,4.0,4,4.0,0.5,2.0
2016-09-24,2016,Werder Bremen,VfL Wolfsburg,H,2,3.9,3.75,1.91,1450.9891773029576,1553.4358599123902,-102.44668260943263,100,100,0.0,-4,-4,-4,-3,3,3.0,8,8.0,1.0,2.0
2016-09-24,2016,FSV Mainz 05,Bayer Leverkusen,A,0,3.0,3.3,2.4,1570.0365152489865,1622.6061247385242,-52.5696094895377,100,100,0.0,-4,-1,-1,-4,8,8.0,7,7.0,1.0,2.0
2016-09-24,2016,Ein Frankfurt,Hertha BSC,D,1,2.25,3.2,3.4,1520.2840595398497,1546.354847703193,-26.070788163343195,100,100,0.0,-1,-5,-2,2,9,9.0,10,10.0,0.6666666666666666,1.6666666666666667
2016-09-24,2016,Hamburg,Bayern Munich,A,0,13.0,7.0,1.2,1439.745358568456,1865.0709728640666,-425.32561429561065,100,100,0.0,-10,-10,-10,-12,4,4.0,15,15.0,0.0,3.0
2016-09-25,2016,FC Cologne,RB Leipzig,D,1,2.3,3.3,3.2,1565.8174927895889,1540.1809931355463,25.63649965404261,100,100,0.0,0,0,0,0,11,11.0,8,8.0,1.5,1.5
2016-09-25,2016,TSG Hoffenheim,FC Schalke 04,H,2,2.7,3.4,2.6,1497.8865616877652,1521.9101695503853,-24.02360786262011,100,100,0.0,-2,-3,-3,-4,4,4.0,3,3.0,0.0,3.0
2016-09-30,2016,RB Leipzig,FC Augsburg,H,2,1.65,3.75,5.75,1545.3804758548658,1516.3793727113832,29.001103143482624,100,100,0.0,0,0,0,0,9,9.0,7,7.0,1.5,1.5
2016-10-01,2016,Bayern Munich,FC Cologne,D,1,1.17,7.0,19.0,1869.0677756071384,1560.6180100702693,308.4497655368691,100,100,0.0,10,9,9,13,15,15.0,11,11.0,3.0,0.0
2016-10-01,2016,SV Darmstadt 98,Werder Bremen,D,1,3.1,3.4,2.3,1472.8864549567866,1466.094807336294,6.79164762049254,100,100,0.0,0,0,0,0,4,4.0,3,3.0,2.0,0.5
2016-10-01,2016,SC Freiburg,Ein Frankfurt,H,2,2.3,3.3,3.2,1470.9676028587292,1517.1395942215358,-46.17199136280669,100,100,0.0,1,5,2,-2,6,6.0,10,10.0,2.0,1.0
2016-10-01,2016,Ingolstadt,TSG Hoffenheim,A,0,2.05,3.4,3.75,1445.166074949242,1509.6577017561933,-64.49162680695122,100,100,0.0,-1,1,0,0,1,1.0,7,7.0,0.5,2.0
2016-10-01,2016,Bayer Leverkusen,Borussia Dortmund,H,2,3.8,3.6,1.95,1639.64123254134,1727.9220986003347,-88.28086605899466,100,100,0.0,-2,-5,-5,-5,7,7.0,12,12.0,0.3333333333333333,2.3333333333333335
2016-10-01,2016,Hertha BSC,Hamburg,H,2,2.0,3.25,4.2,1549.4993130215069,1435.748555825384,113.75075719612278,100,100,0.0,0,1,1,-1,10,10.0,1,1.0,2.0,1.0
2016-10-02,2016,FC Schalke 04,Borussia Monchengladbach,H,2,2.2,3.4,3.3,1510.139029481957,1630.686815675988,-120.547786194031,100,100,0.0,0,-1,3,2,0,0.0,10,10.0,2.0,1.0
2016-10-02,2016,VfL Wolfsburg,FSV Mainz 05,D,1,1.85,3.6,4.33,1538.3302298790538,1553.0014074461706,-14.671177567116729,100,100,0.0,4,4,4,3,5,5.0,7,7.0,0.6666666666666666,1.6666666666666667
2016-10-14,2016,Borussia Dortmund,Hertha BSC,D,1,1.33,5.25,9.0,1713.4278624892852,1556.282402361645,157.14546012764026,100,100,0.0,6,6,6,9,9,9.0,10,10.0,2.3333333333333335,0.3333333333333333
2016-10-15,2016,Borussia Monchengladbach,Hamburg,D,1,1.67,3.8,5.25,1614.800729279783,1428.965466485246,185.8352627945369,100,100,0.0,3,4,1,1,7,7.0,0,0.0,0.3333333333333333,2.3333333333333335
2016-10-15,2016,Werder Bremen,Bayer Leverkusen,H,2,4.75,4.2,1.67,1470.5654609718104,1654.1354686523896,-183.57000768057924,100,100,0.0,-4,-1,-1,-4,4,4.0,10,10.0,2.0,1.0
2016-10-15,2016,FC Cologne,Ingolstadt,H,2,1.8,3.5,4.75,1573.008958538412,1428.6383705594428,144.37058797896907,100,100,0.0,0,0,0,0,9,9.0,0,0.0,1.0,1.0
2016-10-15,2016,Ein Frankfurt,Bayern Munich,D,1,13.0,6.0,1.25,1504.4451190050847,1856.6768271389958,-352.23170813391107,100,100,0.0,-11,-14,-11,-11,7,7.0,13,13.0,0.3333333333333333,2.3333333333333335
2016-10-15,2016,FC Augsburg,FC Schalke 04,D,1,3.1,3.4,2.3,1506.7062317341904,1526.0251158781623,-19.3188841439719,100,100,0.0,-3,-2,-3,-4,7,7.0,3,3.0,1.6666666666666667,0.6666666666666666
2016-10-15,2016,TSG Hoffenheim,SC Freiburg,H,2,2.05,3.6,3.5,1526.1854061459926,1483.6620780751803,42.52332807081234,100,100,0.0,1,-1,0,0,9,9.0,9,9.0,1.0,1.0
2016-10-16,2016,FSV Mainz 05,SV Darmstadt 98,H,2,1.5,4.0,7.5,1556.6130246682737,1468.4158013212702,88.1972233470035,100,100,0.0,0,0,0,0,8,8.0,5,5.0,2.0,0.5
2016-10-16,2016,VfL Wolfsburg,RB Leipzig,A,0,2.4,3.3,3.0,1534.7186126569507,1555.0536168320587,-20.335004175107997,100,100,0.0,4,4,4,3,3,3.0,11,11.0,1.5,1.5
2016-10-21,2016,Hamburg,Ein Frankfurt,A,0,2.45,3.25,3.0,1439.1135179704304,1513.754127099493,-74.64060912906257,100,100,0.0,1,4,1,-1,1,1.0,8,8.0,0.6666666666666666,1.6666666666666667
2016-10-22,2016,Bayern Munich,Borussia Monchengladbach,H,2,1.2,7.5,12.0,1847.3678190445876,1604.6526777945985,242.71514124998907,100,100,0.0,7,6,9,11,11,11.0,8,8.0,0.3333333333333333,2.3333333333333335
2016-10-22,2016,SV Darmstadt 98,VfL Wolfsburg,H,2,4.5,3.6,1.8,1460.8296255186285,1516.3382338184967,-55.50860829986823,100,100,0.0,-4,-4,-4,-3,2,2.0,2,2.0,0.5,2.0
2016-10-22,2016,SC Freiburg,FC Augsburg,H,2,2.1,3.3,3.7,1474.491907804103,1503.2842389879586,-28.792331183855595,100,100,0.0,0,0,0,0,6,6.0,5,5.0,1.0,2.0
2016-10-22,2016,Hertha BSC,FC Cologne,H,2,2.5,3.2,3.0,1565.720704632364,1578.9115625041559,-13.190857871791877,100,100,0.0,0,0,0,0,8,8.0,11,11.0,2.3333333333333335,0.3333333333333333
2016-10-22,2016,Ingolstadt,Borussia Dortmund,D,1,6.0,4.2,1.53,1422.7357665936988,1703.989560218566,-281.2537936248673,100,100,0.0,-6,-6,-6,-9,0,0.0,10,10.0,0.0,3.0
2016-10-22,2016,Bayer Leverkusen,TSG Hoffenheim,A,0,1.5,4.33,6.0,1635.595470168595,1535.3555764170699,100.23989375152519,100,100,0.0,3,2,1,4,7,7.0,11,11.0,2.3333333333333335,0.3333333333333333
2016-10-23,2016,RB Leipzig,Werder Bremen,H,2,1.5,4.0,7.0,1573.4339956705126,1489.105459455605,84.32853621490767,100,100,0.0,0,0,0,0,11,11.0,7,7.0,1.5,1.5
2016-10-23,2016,FC Schalke 04,FSV Mainz 05,H,2,1.95,3.6,3.8,1529.447108624394,1564.1992004709155,-34.75209184652135,100,100,0.0,3,2,3,4,4,4.0,10,10.0,1.0,2.0
2016-10-28,2016,Borussia Monchengladbach,Ein Frankfurt,D,1,1.85,3.5,4.5,1600.9901107011242,1529.8470398461584,71.1430708549658,100,100,0.0,4,8,2,0,5,5.0,8,8.0,2.3333333333333335,0.3333333333333333
2016-10-29,2016,FSV Mainz 05,Ingolstadt,H,2,2.1,3.3,3.75,1551.9835230335332,1429.9208202658976,122.06270276763553,100,100,0.0,0,0,0,0,7,7.0,1,1.0,0.0,3.0
2016-10-29,2016,Werder Bremen,SC Freiburg,A,0,2.3,3.5,3.0,1481.3923678749688,1486.4599599161884,-5.067592041219541,100,100,0.0,0,0,0,0,7,7.0,9,9.0,1.3333333333333333,1.3333333333333333
2016-10-29,2016,VfL Wolfsburg,Bayer Leverkusen,A,0,2.7,3.4,2.6,1503.2486503662244,1612.7955031319798,-109.54685276575538,100,100,0.0,0,3,3,-1,1,1.0,7,7.0,2.0,1.0
2016-10-29,2016,SV Darmstadt 98,RB Leipzig,A,0,6.0,3.8,1.62,1473.9192089709009,1581.1470872511486,-107.22787828024775,100,100,0.0,0,0,0,0,5,5.0,11,11.0,1.5,1.5
2016-10-29,2016,FC Augsburg,Bayern Munich,A,0,15.0,6.5,1.2,1491.3161868758732,1851.0303861380619,-359.7141992621887,100,100,0.0,-10,-9,-9,-13,5,5.0,11,11.0,1.0,2.0
2016-10-29,2016,Borussia Dortmund,FC Schalke 04,D,1,1.57,4.33,5.5,1696.8045065463673,1541.6627860617764,155.1417204845909,100,100,0.0,3,4,3,5,8,8.0,7,7.0,2.3333333333333335,0.3333333333333333
2016-10-30,2016,FC Cologne,Hamburg,H,2,1.57,3.8,6.5,1567.5833231575814,1423.020605223765,144.56271793381643,100,100,0.0,0,1,1,-1,8,8.0,1,1.0,2.3333333333333335,0.3333333333333333
2016-10-30,2016,TSG Hoffenheim,Hertha BSC,H,2,2.25,3.4,3.2,1558.1555434536851,1577.0489439789385,-18.893400525253355,100,100,0.0,1,-1,0,0,13,13.0,8,8.0,2.0,1.0
2016-11-04,2016,Hertha BSC,Borussia Monchengladbach,H,2,2.5,3.2,3.0,1565.4883454186095,1594.1460734199497,-28.657728001340274,100,100,0.0,-3,-3,0,-2,8,8.0,5,5.0,0.0,3.0
2016-11-05,2016,Bayern Munich,TSG Hoffenheim,D,1,1.17,8.0,15.0,1856.5254017641423,1569.7161420140142,286.80925975012815,100,100,0.0,9,10,9,13,11,11.0,15,15.0,3.0,0.0
2016-11-05,2016,Ein Frankfurt,FC Cologne,H,2,2.6,3.1,2.9,1536.6910771273328,1573.4806851161973,-36.78960798886442,100,100,0.0,-1,-5,-2,2,6,6.0,8,8.0,1.0,2.0
2016-11-05,2016,Ingolstadt,FC Augsburg,A,0,2.1,3.3,3.75,1423.3856059428776,1485.8211712497928,-62.43556530691512,100,100,0.0,0,0,0,0,1,1.0,4,4.0,3.0,0.0
2016-11-05,2016,Bayer Leverkusen,SV Darmstadt 98,H,2,1.25,5.75,13.0,1627.3834360700605,1459.2312165510402,168.15221951902026,100,100,0.0,4,1,1,4,9,9.0,4,4.0,1.5,1.5
2016-11-05,2016,SC Freiburg,VfL Wolfsburg,A,0,2.6,3.3,2.75,1505.4594803414439,1488.6607174281437,16.798762913300152,100,100,0.0,-4,-4,-4,-3,9,9.0,1,1.0,0.3333333333333333,2.3333333333333335
2016-11-05,2016,Hamburg,Borussia Dortmund,A,0,8.0,4.25,1.45,1417.123243265149,1687.41865218399,-270.29540891884085,100,100,0.0,-6,-7,-7,-8,1,1.0,6,6.0,1.3333333333333333,1.3333333333333333
2016-11-06,2016,RB Leipzig,FSV Mainz 05,H,2,1.57,3.8,6.5,1595.8350796710092,1558.5187373565532,37.31634231445605,100,100,0.0,0,0,0,0,13,13.0,7,7.0,1.5,1.5
2016-11-06,2016,FC Schalke 04,Werder Bremen,H,2,1.53,4.33,6.0,1551.0486404241537,1462.3928474497134,88.65579297444037,100,100,0.0,3,2,3,4,8,8.0,7,7.0,1.3333333333333333,1.3333333333333333
2016-11-18,2016,Bayer Leverkusen,RB Leipzig,A,0,2.3,3.4,3.1,1632.6637766381664,1605.1972000219873,27.466576616179054,100,100,0.0,4,1,1,4,9,9.0,15,15.0,1.5,1.5
2016-11-19,2016,FSV Mainz 05,SC Freiburg,H,2,2.1,3.5,3.5,1549.156617005575,1485.5986206968494,63.557996308725706,100,100,0.0,0,0,0,0,7,7.0,9,9.0,2.3333333333333335,0.3333333333333333
2016-11-19,2016,Borussia Monchengladbach,FC Cologne,A,0,2.2,3.3,3.4,1582.1835947289537,1561.1799803734536,21.003614355500076,100,100,0.0,3,3,0,2,2,2.0,7,7.0,2.0,1.0
2016-11-19,2016,VfL Wolfsburg,FC Schalke 04,A,0,2.4,3.5,2.9,1508.5215770727382,1558.6198643702767,-50.09828729753849,100,100,0.0,1,2,1,-1,4,4.0,11,11.0,1.3333333333333333,1.3333333333333333
2016-11-19,2016,FC Augsburg,Hertha BSC,D,1,2.7,3.2,2.75,1502.4366682457526,1577.4508241096055,-75.01415586385292,100,100,0.0,0,0,0,0,4,4.0,10,10.0,0.3333333333333333,2.3333333333333335
2016-11-19,2016,Borussia Dortmund,Bayern Munich,H,2,3.4,3.6,2.1,1695.603624929252,1844.4468748240124,-148.84324989476045,100,100,0.0,-4,-3,-3,-4,6,6.0,9,9.0,0.3333333333333333,2.3333333333333335
2016-11-19,2016,SV Darmstadt 98,Ingolstadt,A,0,3.0,3.1,2.55,1453.9508759829343,1406.7701089469178,47.180767036016505,100,100,0.0,0,0,0,0,4,4.0,1,1.0,1.5,1.5
2016-11-20,2016,TSG Hoffenheim,Hamburg,D,1,1.62,4.0,5.5,1581.794668954144,1408.938270519887,172.85639843425702,100,100,0.0,1,0,1,-1,13,13.0,1,1.0,2.0,1.0
2016-11-20,2016,Werder Bremen,Ein Frankfurt,A,0,2.7,3.5,2.55,1454.8216235035904,1548.9917818700765,-94.17015836648602,100,100,0.0,1,5,2,-2,4,4.0,8,8.0,2.0,1.0
2016-11-25,2016,SC Freiburg,RB Leipzig,A,0,3.8,3.6,1.95,1477.1807911500073,1625.466072727752,-148.28528157774463,100,100,0.0,0,0,0,0,6,6.0,15,15.0,1.5,1.5
2016-11-26,2016,Borussia Monchengladbach,TSG Hoffenheim,D,1,2.0,3.6,3.75,1562.1609035239835,1571.958220304362,-9.797316780378424,100,100,0.0,2,4,0,2,2,2.0,11,11.0,2.3333333333333335,0.3333333333333333
2016-11-26,2016,Ingolstadt,VfL Wolfsburg,D,1,2.9,3.3,2.5,1427.7697482047502,1491.3818404383273,-63.61209223357719,100,100,0.0,-4,-4,-4,-3,4,4.0,3,3.0,0.5,2.0
2016-11-26,2016,Hamburg,Werder Bremen,D,1,2.38,3.4,3.0,1418.7747191696692,1439.5699526272222,-20.795233457552968,100,100,0.0,0,-1,-1,1,2,2.0,3,3.0,2.0,1.0
2016-11-26,2016,Bayern Munich,Bayer Leverkusen,H,2,1.29,6.0,10.0,1827.3519251392818,1612.3949039324018,214.95702120687997,100,100,0.0,6,8,8,9,8,8.0,6,6.0,1.3333333333333333,1.3333333333333333
2016-11-26,2016,FC Cologne,FC Augsburg,D,1,1.75,3.5,5.25,1581.2026715784239,1501.3597984434878,79.8428731349361,100,100,0.0,0,0,0,0,9,9.0,5,5.0,0.6666666666666666,1.6666666666666667
2016-11-26,2016,Ein Frankfurt,Borussia Dortmund,H,2,4.75,4.2,1.65,1564.2434527464447,1712.6985746139826,-148.45512186753785,100,100,0.0,-7,-11,-8,-7,11,11.0,9,9.0,1.0,2.0
2016-11-27,2016,Hertha BSC,FSV Mainz 05,H,2,2.0,3.5,3.8,1578.5276939118703,1557.5744465524172,20.953247359453144,100,100,0.0,0,0,0,0,8,8.0,9,9.0,2.3333333333333335,0.3333333333333333
2016-11-27,2016,FC Schalke 04,SV Darmstadt 98,H,2,1.33,5.0,10.0,1575.7596010046875,1432.951236725102,142.80836427958548,100,100,0.0,3,2,3,4,11,11.0,3,3.0,2.0,0.5
2016-12-02,2016,FSV Mainz 05,Bayern Munich,A,0,10.0,5.75,1.29,1547.5952069567447,1831.560064555048,-283.9648575983033,100,100,0.0,-10,-9,-9,-13,6,6.0,10,10.0,1.0,2.0
2016-12-03,2016,TSG Hoffenheim,FC Cologne,H,2,2.1,3.4,3.6,1575.767380203579,1574.0646470088825,1.7027331946965205,100,100,0.0,1,-1,0,0,9,9.0,7,7.0,0.6666666666666666,1.6666666666666667
2016-12-03,2016,Borussia Dortmund,Borussia Monchengladbach,H,2,1.5,4.5,6.5,1695.6200574640327,1558.3517436247664,137.26831383926628,100,100,0.0,3,3,6,7,8,8.0,2,2.0,2.0,1.0
2016-12-03,2016,Bayer Leverkusen,SC Freiburg,D,1,1.5,4.2,7.0,1608.1867645166355,1464.252116012033,143.9346485046026,100,100,0.0,4,1,1,4,6,6.0,6,6.0,1.3333333333333333,1.3333333333333333
2016-12-03,2016,RB Leipzig,FC Schalke 04,H,2,2.0,3.3,4.0,1638.3947478657262,1581.7049587442502,56.689789121476,100,100,0.0,-3,-2,-3,-4,15,15.0,13,13.0,1.5,1.5
2016-12-03,2016,VfL Wolfsburg,Hertha BSC,A,0,2.1,3.2,3.8,1492.9471137396947,1588.5069335075427,-95.55981976784801,100,100,0.0,4,4,4,3,4,4.0,10,10.0,2.3333333333333335,0.3333333333333333
2016-12-03,2016,Werder Bremen,Ingolstadt,H,2,2.5,3.3,2.9,1442.9314652615758,1426.2044749033828,16.726990358193007,100,100,0.0,0,0,0,0,1,1.0,5,5.0,0.0,3.0
2016-12-04,2016,SV Darmstadt 98,Hamburg,A,0,2.7,3.1,2.8,1427.0058789855393,1415.4132065353156,11.592672450223745,100,100,0.0,0,1,1,-1,3,3.0,2,2.0,2.0,0.5
2016-12-04,2016,FC Augsburg,Ein Frankfurt,D,1,2.8,3.0,2.75,1508.4978230130291,1581.3219698963946,-72.82414688336553,100,100,0.0,1,5,2,-2,5,5.0,13,13.0,1.0,1.0
2016-12-09,2016,Ein Frankfurt,TSG Hoffenheim,D,1,2.4,3.3,3.0,1582.4928588838543,1586.4977794903832,-4.004920606528913,100,100,0.0,-2,-4,-2,2,11,11.0,9,9.0,1.3333333333333333,1.3333333333333333
2016-12-10,2016,FC Cologne,Borussia Dortmund,D,1,5.5,4.33,1.57,1563.3342477220783,1701.7189081438205,-138.38466042174218,100,100,0.0,-6,-6,-6,-9,7,7.0,10,10.0,1.6666666666666667,0.6666666666666666
2016-12-10,2016,SC Freiburg,SV Darmstadt 98,H,2,1.67,3.75,5.5,1473.3376049794929,1407.3471474185517,65.9904575609412,100,100,0.0,0,0,0,0,4,4.0,0,0.0,1.5,1.5
2016-12-10,2016,Hamburg,FC Augsburg,H,2,2.3,3.2,3.25,1435.0719381023032,1507.3269340255695,-72.25499592326628,100,100,0.0,0,-1,-1,1,5,5.0,6,6.0,2.0,1.0
2016-12-10,2016,Hertha BSC,Werder Bremen,A,0,1.73,3.75,5.0,1603.6986210621071,1453.0733790717989,150.62524199030827,100,100,0.0,0,0,0,0,10,10.0,4,4.0,0.6666666666666666,1.6666666666666667
2016-12-10,2016,Ingolstadt,RB Leipzig,H,2,4.33,3.75,1.8,1416.0625610931597,1647.0540677500317,-230.99150665687193,100,100,0.0,0,0,0,0,4,4.0,15,15.0,1.5,1.5
2016-12-10,2016,Bayern Munich,VfL Wolfsburg,H,2,1.17,7.5,17.0,1839.2851580705074,1477.7554261851303,361.52973188537703,100,100,0.0,6,5,5,10,10,10.0,4,4.0,2.0,1.0
2016-12-11,2016,Borussia Monchengladbach,FSV Mainz 05,H,2,1.67,4.0,5.0,1552.2528929449786,1539.8701134412854,12.3827795036932,100,100,0.0,3,3,0,2,2,2.0,6,6.0,0.3333333333333333,2.3333333333333335
2016-12-11,2016,FC Schalke 04,Bayer Leverkusen,A,0,2.3,3.3,3.2,1573.0456388599448,1599.1012755491756,-26.055636689230823,100,100,0.0,-1,1,2,0,10,10.0,7,7.0,0.3333333333333333,2.3333333333333335
2016-12-16,2016,TSG Hoffenheim,Borussia Dortmund,D,1,3.8,4.0,1.85,1590.5398825295595,1700.0684188710568,-109.52853634149733,100,100,0.0,-5,-7,-6,-9,7,7.0,10,10.0,0.6666666666666666,1.6666666666666667
2016-12-17,2016,FC Schalke 04,SC Freiburg,D,1,1.67,4.0,5.0,1554.900548151994,1481.67089956644,73.22964858555383,100,100,0.0,3,2,3,4,9,9.0,4,4.0,1.3333333333333333,1.3333333333333333
2016-12-17,2016,FSV Mainz 05,Hamburg,H,2,1.91,3.6,4.0,1529.5596444116886,1448.8766297617397,80.68301464994897,100,100,0.0,0,1,1,-1,3,3.0,8,8.0,1.3333333333333333,1.3333333333333333
2016-12-17,2016,RB Leipzig,Hertha BSC,H,2,1.62,3.8,6.0,1626.6522666078492,1579.4323797061638,47.21988690168541,100,100,0.0,0,0,0,0,12,12.0,10,10.0,1.5,1.5
2016-12-17,2016,VfL Wolfsburg,Ein Frankfurt,H,2,2.5,3.2,3.0,1475.7882531335688,1578.450755844678,-102.66250271110925,100,100,0.0,5,9,6,1,4,4.0,11,11.0,1.3333333333333333,1.3333333333333333
2016-12-17,2016,FC Augsburg,Borussia Monchengladbach,H,2,3.2,3.1,2.4,1493.522242366133,1562.5633619745754,-69.04111960844239,100,100,0.0,-3,-3,0,-2,6,6.0,4,4.0,1.3333333333333333,1.3333333333333333
2016-12-17,2016,Werder Bremen,FC Cologne,D,1,2.6,3.4,2.7,1477.3396204277421,1564.984736994842,-87.64511656709988,100,100,0.0,0,0,0,0,7,7.0,5,5.0,1.0,1.0
2016-12-18,2016,SV Darmstadt 98,Bayern Munich,A,0,19.0,8.0,1.14,1399.0138528316045,1841.2523311220689,-442.2384782904644,100,100,0.0,-10,-9,-9,-13,0,0.0,10,10.0,0.0,3.0
2016-12-18,2016,Bayer Leverkusen,Ingolstadt,A,0,1.55,4.0,6.25,1617.2463662571265,1436.4643622353422,180.78200402178436,100,100,0.0,4,1,1,4,7,7.0,7,7.0,3.0,0.0
2016-12-20,2016,Borussia Dortmund,FC Augsburg,D,1,1.3,5.5,10.0,1699.657141997108,1507.1891664098525,192.46797558725552,100,100,0.0,6,6,6,9,8,8.0,6,6.0,2.0,1.0
2016-12-20,2016,Hamburg,FC Schalke 04,H,2,3.3,3.25,2.3,1441.0426800740472,1547.9853758405266,-106.94269576647935,100,100,0.0,-3,-3,-4,-3,8,8.0,7,7.0,1.0,2.0
2016-12-20,2016,Borussia Monchengladbach,VfL Wolfsburg,A,0,1.95,3.5,4.0,1548.8964379308559,1490.903200365679,57.99323756517697,100,100,0.0,-1,-1,-4,-1,4,4.0,4,4.0,2.0,1.0
2016-12-20,2016,Ein Frankfurt,FSV Mainz 05,H,2,2.0,3.4,3.9,1563.335808612568,1537.393594099381,25.942214513186855,100,100,0.0,-1,-5,-2,2,8,8.0,6,6.0,1.0,2.0
2016-12-21,2016,Bayern Munich,RB Leipzig,H,2,1.36,5.25,8.0,1844.9237301367243,1635.651208671513,209.2725214652114,100,100,0.0,10,9,9,13,12,12.0,12,12.0,1.5,1.5
2016-12-21,2016,FC Cologne,Bayer Leverkusen,D,1,2.75,3.3,2.6,1565.5179154692917,1592.2177933753137,-26.69987790602204,100,100,0.0,-4,-1,-1,-4,6,6.0,4,4.0,1.3333333333333333,1.3333333333333333
2016-12-21,2016,Hertha BSC,SV Darmstadt 98,H,2,1.57,3.9,6.25,1570.4334376425002,1395.342453816949,175.09098382555112,100,100,0.0,0,0,0,0,7,7.0,0,0.0,1.5,1.5
2016-12-21,2016,TSG Hoffenheim,Werder Bremen,D,1,1.62,4.0,5.5,1590.9511594035082,1476.8064419532925,114.1447174502157,100,100,0.0,1,-1,0,0,7,7.0,8,8.0,0.3333333333333333,2.3333333333333335
2016-12-21,2016,Ingolstadt,SC Freiburg,A,0,2.1,3.3,3.75,1461.492935117155,1488.5860718779074,-27.093136760752486,100,100,0.0,0,0,0,0,10,10.0,5,5.0,1.5,1.5
2017-01-20,2016,SC Freiburg,Bayern Munich,A,0,13.0,6.5,1.22,1506.6883126013083,1849.2516546512034,-342.563342049895,100,100,0.0,-10,-9,-9,-13,8,8.0,15,15.0,1.0,2.0
2017-01-21,2016,Werder Bremen,Borussia Dortmund,A,0,6.0,4.33,1.53,1485.035249928016,1689.3557980151909,-204.32054808717498,100,100,0.0,-6,-6,-6,-9,9,9.0,6,6.0,0.0,3.0
2017-01-21,2016,VfL Wolfsburg,Hamburg,H,2,1.85,3.6,4.33,1512.2900260627464,1456.3423804550407,55.94764560770568,100,100,0.0,4,5,5,2,7,7.0,10,10.0,2.3333333333333335,0.3333333333333333
2017-01-21,2016,RB Leipzig,Ein Frankfurt,H,2,1.62,3.8,6.0,1631.3232841570339,1573.124716549193,58.198567607840914,100,100,0.0,1,5,2,-2,9,9.0,8,8.0,1.5,1.5
2017-01-21,2016,SV Darmstadt 98,Borussia Monchengladbach,D,1,4.0,3.6,1.91,1390.2336589546424,1527.5096122337884,-137.27595327914605,100,100,0.0,-3,-3,0,-2,0,0.0,4,4.0,0.0,3.0
2017-01-21,2016,FC Schalke 04,Ingolstadt,H,2,1.8,3.6,4.75,1532.685675459533,1443.390694393754,89.29498106577898,100,100,0.0,3,2,3,4,4,4.0,7,7.0,0.5,2.0
2017-01-21,2016,FC Augsburg,TSG Hoffenheim,A,0,2.8,3.3,2.6,1517.4905103917697,1582.7223514287848,-65.2318410370151,100,100,0.0,-1,1,0,0,6,6.0,7,7.0,1.0,2.0
2017-01-22,2016,Bayer Leverkusen,Hertha BSC,H,2,1.67,3.7,5.5,1595.336282424846,1575.5422325048069,19.794049920039242,100,100,0.0,4,1,1,4,5,5.0,9,9.0,2.0,1.0
2017-01-22,2016,FSV Mainz 05,FC Cologne,D,1,2.4,3.3,3.0,1527.604686162756,1562.3994264197593,-34.79474025700324,100,100,0.0,0,0,0,0,3,3.0,4,4.0,1.3333333333333333,1.3333333333333333
2017-01-27,2016,FC Schalke 04,Ein Frankfurt,A,0,1.73,3.6,5.25,1540.236091001406,1564.5187980777034,-24.282707076297356,100,100,0.0,4,7,5,2,4,4.0,5,5.0,1.3333333333333333,1.3333333333333333
2017-01-28,2016,Bayer Leverkusen,Borussia Monchengladbach,A,0,1.85,3.6,4.33,1605.3600111119044,1525.9064266141074,79.45358449779701,100,100,0.0,1,-2,1,2,8,8.0,4,4.0,1.0,2.0
2017-01-28,2016,VfL Wolfsburg,FC Augsburg,A,0,1.95,3.5,4.0,1520.9756853566093,1500.9944389451557,19.98124641145364,100,100,0.0,4,4,4,3,9,9.0,5,5.0,1.3333333333333333,1.3333333333333333
2017-01-28,2016,Werder Bremen,Bayern Munich,A,0,15.0,6.5,1.2,1474.4084896744052,1855.2037390848022,-380.795249410397,100,100,0.0,-10,-9,-9,-13,8,8.0,15,15.0,0.0,3.0
2017-01-28,2016,RB Leipzig,TSG Hoffenheim,H,2,1.73,3.75,4.8,1639.9292026285234,1599.2184228753988,40.7107797531246,100,100,0.0,-1,1,0,0,9,9.0,9,9.0,1.0,1.0
2017-01-28,2016,SV Darmstadt 98,FC Cologne,A,0,3.6,3.3,2.15,1391.8368445743233,1565.1819711039145,-173.3451265295912,100,100,0.0,0,0,0,0,1,1.0,4,4.0,0.3333333333333333,2.3333333333333335
2017-01-28,2016,Ingolstadt,Hamburg,H,2,2.2,3.2,3.6,1435.840278851881,1447.6567211611778,-11.81644230929669,100,100,0.0,0,1,1,-1,6,6.0,9,9.0,0.6666666666666666,1.6666666666666667
2017-01-29,2016,SC Freiburg,Hertha BSC,H,2,2.5,3.25,2.9,1500.7362281677094,1565.5185038177485,-64.78227565003908,100,100,0.0,0,0,0,0,8,8.0,6,6.0,1.3333333333333333,1.3333333333333333
2017-01-29,2016,FSV Mainz 05,Borussia Dortmund,D,1,5.25,4.2,1.62,1524.8221414786008,1699.9825582688015,-175.16041679020077,100,100,0.0,-6,-6,-6,-9,4,4.0,9,9.0,0.0,3.0
2017-02-03,2016,Hamburg,Bayer Leverkusen,H,2,3.1,3.3,2.35,1436.3842103450863,1583.2349944714288,-146.85078412634243,100,100,0.0,-4,-2,-2,-3,6,6.0,7,7.0,0.3333333333333333,2.3333333333333335
2017-02-04,2016,FC Cologne,VfL Wolfsburg,H,2,2.05,3.4,3.75,1577.0616230872336,1500.992222895871,76.06940019136255,100,100,0.0,-4,-4,-4,-3,7,7.0,9,9.0,1.0,1.0
2017-02-04,2016,Borussia Dortmund,RB Leipzig,H,2,1.67,3.8,5.25,1696.7873114187119,1649.1659407712123,47.62137064749959,100,100,0.0,6,6,6,9,7,7.0,9,9.0,0.0,3.0
2017-02-04,2016,Hertha BSC,Ingolstadt,H,2,2.15,3.1,3.8,1552.033788994315,1447.1127896679725,104.92099932634255,100,100,0.0,0,0,0,0,3,3.0,9,9.0,3.0,0.0
2017-02-04,2016,TSG Hoffenheim,FSV Mainz 05,H,2,1.8,3.8,4.33,1589.98168473271,1528.0173883286905,61.96429640401948,100,100,0.0,1,-1,0,0,6,6.0,5,5.0,1.3333333333333333,1.3333333333333333
2017-02-04,2016,Bayern Munich,FC Schalke 04,D,1,1.2,7.5,13.0,1860.1748499714063,1522.0179006717067,338.1569492996996,100,100,0.0,7,7,6,9,15,15.0,4,4.0,3.0,0.0
2017-02-04,2016,Borussia Monchengladbach,SC Freiburg,H,2,1.73,3.8,4.75,1548.0314432545833,1514.220942991143,33.81050026344042,100,100,0.0,3,3,0,2,7,7.0,10,10.0,1.3333333333333333,1.3333333333333333
2017-02-05,2016,FC Augsburg,Werder Bremen,H,2,2.1,3.5,3.5,1520.977901405894,1469.4373787878012,51.54052261809284,100,100,0.0,0,0,0,0,7,7.0,5,5.0,2.0,1.0
2017-02-05,2016,Ein Frankfurt,SV Darmstadt 98,H,2,1.55,3.8,7.0,1582.7369884074028,1379.9571925910043,202.77979581639852,100,100,0.0,-1,-5,-2,2,7,7.0,1,1.0,1.0,2.0
2017-02-10,2016,FSV Mainz 05,FC Augsburg,H,2,2.1,3.25,3.8,1519.5438904470013,1529.820946703866,-10.277056256864626,100,100,0.0,0,0,0,0,5,5.0,10,10.0,2.3333333333333335,0.3333333333333333
2017-02-11,2016,SV Darmstadt 98,Borussia Dortmund,H,2,9.0,5.0,1.36,1375.488998369872,1705.7717010994247,-330.28270272955274,100,100,0.0,-6,-6,-6,-9,1,1.0,9,9.0,0.3333333333333333,2.3333333333333335
2017-02-11,2016,Ingolstadt,Bayern Munich,A,0,8.5,5.0,1.36,1440.0591743406376,1847.4042732225646,-407.345098881927,100,100,0.0,-10,-9,-9,-13,6,6.0,13,13.0,0.0,3.0
2017-02-11,2016,Bayer Leverkusen,Ein Frankfurt,H,2,1.91,3.5,4.2,1566.2244552060763,1587.205182628535,-20.980727422458813,100,100,0.0,5,6,3,2,4,4.0,9,9.0,2.0,1.0
2017-02-11,2016,RB Leipzig,Hamburg,A,0,1.5,4.2,7.0,1640.1815510904994,1453.3947496104388,186.7868014800606,100,100,0.0,0,1,1,-1,9,9.0,6,6.0,3.0,0.0
2017-02-11,2016,FC Schalke 04,Hertha BSC,H,2,1.85,3.5,4.5,1534.7884774205484,1559.08740432165,-24.298926901101595,100,100,0.0,3,2,3,4,5,5.0,6,6.0,1.0,2.0
2017-02-11,2016,Werder Bremen,Borussia Monchengladbach,A,0,2.88,3.5,2.4,1460.5943334898293,1557.5240308667605,-96.92969737693124,100,100,0.0,-3,-3,0,-2,2,2.0,7,7.0,1.0,2.0
2017-02-12,2016,VfL Wolfsburg,TSG Hoffenheim,H,2,2.5,3.4,2.8,1493.0035757997075,1598.455182614399,-105.45160681469156,100,100,0.0,3,5,4,3,9,9.0,8,8.0,1.3333333333333333,1.3333333333333333
2017-02-12,2016,SC Freiburg,FC Cologne,H,2,2.7,3.1,2.8,1504.7283553789657,1585.050270183397,-80.32191480443134,100,100,0.0,0,0,0,0,7,7.0,9,9.0,2.0,1.0
2017-02-17,2016,FC Augsburg,Bayer Leverkusen,A,0,3.25,3.25,2.25,1518.6107234679876,1577.8705497071123,-59.25982623912478,100,100,0.0,-4,-1,-1,-4,7,7.0,7,7.0,1.0,1.0
2017-02-18,2016,Ein Frankfurt,Ingolstadt,A,0,2.05,3.1,4.2,1575.559088127499,1435.6899959180823,139.86909220941675,100,100,0.0,-1,-5,-2,2,9,9.0,3,3.0,1.3333333333333333,1.3333333333333333
2017-02-18,2016,Hamburg,SC Freiburg,D,1,2.05,3.4,3.75,1478.565038105498,1518.8796914229358,-40.31465331743789,100,100,0.0,0,-1,-1,1,9,9.0,9,9.0,0.6666666666666666,1.6666666666666667
2017-02-18,2016,Hertha BSC,Bayern Munich,D,1,10.0,4.33,1.36,1547.304926611778,1851.7734516451198,-304.46852503334185,100,100,0.0,-10,-9,-9,-13,6,6.0,13,13.0,0.0,3.0
2017-02-18,2016,TSG Hoffenheim,SV Darmstadt 98,H,2,1.45,4.5,7.5,1583.2198371426953,1399.1924237604255,184.02741338226974,100,100,0.0,1,-1,0,0,7,7.0,4,4.0,0.6666666666666666,1.6666666666666667
2017-02-18,2016,FSV Mainz 05,Werder Bremen,A,0,1.95,3.5,4.0,1530.7541136828797,1445.4617813205864,85.29233236229334,100,100,0.0,0,0,0,0,5,5.0,1,1.0,1.3333333333333333,1.3333333333333333
2017-02-18,2016,Borussia Dortmund,VfL Wolfsburg,H,2,1.44,4.5,7.5,1682.0682757088712,1508.2389212714113,173.82935443745987,100,100,0.0,2,2,2,6,8,8.0,9,9.0,3.0,0.0
2017-02-19,2016,FC Cologne,FC Schalke 04,D,1,2.5,3.1,3.1,1570.898934139427,1546.5709551304203,24.32797900900664,100,100,0.0,-3,-2,-3,-4,8,8.0,7,7.0,2.0,1.0
2017-02-19,2016,Borussia Monchengladbach,RB Leipzig,A,0,2.6,3.2,2.8,1572.6565830360034,1615.0112625954403,-42.35467955943682,100,100,0.0,3,3,0,2,10,10.0,6,6.0,1.0,1.0
2017-02-24,2016,VfL Wolfsburg,Werder Bremen,A,0,1.91,3.5,4.2,1503.0992682594406,1467.7804374180846,35.318830841355975,100,100,0.0,4,4,4,3,6,6.0,3,3.0,1.0,2.0
2017-02-25,2016,RB Leipzig,FC Cologne,H,2,1.67,3.75,5.5,1632.4774228191473,1565.7492216391292,66.728201180018,100,100,0.0,0,0,0,0,9,9.0,8,8.0,1.0,1.0
2017-02-25,2016,Bayern Munich,Hamburg,H,2,1.14,8.5,19.0,1843.8411291921827,1476.0132672427926,367.8278619493901,100,100,0.0,10,10,10,12,11,11.0,7,7.0,3.0,0.0
2017-02-25,2016,SV Darmstadt 98,FC Augsburg,A,0,2.8,3.25,2.6,1394.2979991265615,1501.8598461837453,-107.56184705718374,100,100,0.0,0,0,0,0,4,4.0,6,6.0,1.3333333333333333,1.3333333333333333
2017-02-25,2016,SC Freiburg,Borussia Dortmund,A,0,5.75,4.2,1.57,1521.4314622856411,1687.207928720842,-165.77646643520075,100,100,0.0,-6,-6,-6,-9,7,7.0,10,10.0,0.0,3.0
2017-02-25,2016,Hertha BSC,Ein Frankfurt,H,2,2.05,3.2,4.0,1555.2372490647151,1551.5855166246445,3.6517324400706457,100,100,0.0,1,5,2,-2,4,4.0,6,6.0,1.6666666666666667,0.6666666666666666
2017-02-25,2016,Bayer Leverkusen,FSV Mainz 05,A,0,1.73,3.8,4.75,1594.6214269913546,1508.4354575853815,86.18596940597308,100,100,0.0,4,1,1,4,9,9.0,5,5.0,2.0,1.0
2017-02-26,2016,FC Schalke 04,TSG Hoffenheim,D,1,2.05,3.4,3.8,1551.720667630718,1588.1142617765593,-36.393594145841234,100,100,0.0,2,3,3,4,8,8.0,9,9.0,2.0,1.0
2017-02-26,2016,Ingolstadt,Borussia Monchengladbach,A,0,2.7,3.1,2.8,1459.663567420937,1555.1904228122964,-95.5268553913595,100,100,0.0,-3,-3,0,-2,6,6.0,10,10.0,1.3333333333333333,1.3333333333333333
2017-03-03,2016,FC Augsburg,RB Leipzig,D,1,4.2,3.5,1.91,1516.5334265434287,1640.785182209902,-124.25175566647317,100,100,0.0,0,0,0,0,9,9.0,9,9.0,0.0,3.0
2017-03-04,2016,FC Cologne,Bayern Munich,A,0,8.5,4.75,1.4,1557.4414622483746,1845.7426995298888,-288.3012372815142,100,100,0.0,-10,-9,-9,-13,7,7.0,11,11.0,0.3333333333333333,2.3333333333333335
2017-03-04,2016,TSG Hoffenheim,Ingolstadt,H,2,1.75,3.75,4.75,1590.830097262871,1444.4704569139828,146.3596403488882,100,100,0.0,1,-1,0,0,7,7.0,6,6.0,2.3333333333333335,0.3333333333333333
2017-03-04,2016,FSV Mainz 05,VfL Wolfsburg,D,1,2.25,3.4,3.2,1530.783473626833,1482.5356046401864,48.24786898664661,100,100,0.0,-4,-4,-4,-3,7,7.0,3,3.0,1.6666666666666667,0.6666666666666666
2017-03-04,2016,Borussia Monchengladbach,FC Schalke 04,H,2,2.3,3.3,3.2,1570.3835333192505,1549.0048321444062,21.37870117484431,100,100,0.0,0,1,-3,-2,12,12.0,6,6.0,1.0,2.0
2017-03-04,2016,Werder Bremen,SV Darmstadt 98,H,2,1.67,4.0,5.0,1488.3441010373388,1379.624418766878,108.71968227046068,100,100,0.0,0,0,0,0,6,6.0,3,3.0,0.6666666666666666,1.6666666666666667
2017-03-04,2016,Borussia Dortmund,Bayer Leverkusen,H,2,1.5,4.33,6.5,1699.40157896049,1572.273410949903,127.12816801058693,100,100,0.0,2,5,5,5,10,10.0,6,6.0,2.0,1.0
2017-03-05,2016,Ein Frankfurt,SC Freiburg,A,0,2.1,3.5,3.5,1540.9323208864419,1509.237812045993,31.69450884044886,100,100,0.0,-1,-5,-2,2,6,6.0,7,7.0,1.0,2.0
2017-03-05,2016,Hamburg,Hertha BSC,H,2,2.45,3.2,3.0,1474.1116969050865,1565.8904448029177,-91.77874789783118,100,100,0.0,0,-1,-1,1,7,7.0,7,7.0,1.0,2.0
2017-03-10,2016,Bayer Leverkusen,Werder Bremen,D,1,1.5,4.33,6.5,1565.886019328711,1495.2804244435815,70.60559488512945,100,100,0.0,4,1,1,4,6,6.0,9,9.0,1.0,2.0
2017-03-11,2016,Bayern Munich,Ein Frankfurt,H,2,1.13,9.0,21.0,1853.3254822020426,1520.5041240896599,332.82135811238277,100,100,0.0,11,14,11,11,11,11.0,3,3.0,1.6666666666666667,0.6666666666666666
2017-03-11,2016,SV Darmstadt 98,FSV Mainz 05,H,2,3.5,3.25,2.2,1372.6880953606353,1524.745181872279,-152.05708651164377,100,100,0.0,0,0,0,0,3,3.0,7,7.0,0.3333333333333333,2.3333333333333335
2017-03-11,2016,SC Freiburg,TSG Hoffenheim,D,1,3.0,3.4,2.38,1529.666008842775,1596.6786028347426,-67.0125939919676,100,100,0.0,-1,1,0,0,7,7.0,10,10.0,0.6666666666666666,1.6666666666666667
2017-03-11,2016,Hertha BSC,Borussia Dortmund,H,2,5.25,4.0,1.65,1551.2453185565998,1705.7889705816822,-154.54365202508234,100,100,0.0,-6,-6,-6,-9,7,7.0,12,12.0,0.6666666666666666,1.6666666666666667
2017-03-11,2016,Ingolstadt,FC Cologne,D,1,2.5,3.1,3.1,1438.6219513421113,1549.8586795762208,-111.23672823410948,100,100,0.0,0,0,0,0,3,3.0,4,4.0,0.6666666666666666,1.6666666666666667
2017-03-11,2016,RB Leipzig,VfL Wolfsburg,A,0,1.62,3.8,6.0,1639.7398469446723,1488.5738963947404,151.16595054993195,100,100,0.0,-4,-4,-4,-3,7,7.0,4,4.0,3.0,0.0
2017-03-12,2016,FC Schalke 04,FC Augsburg,H,2,1.75,3.5,5.25,1539.0418962682231,1517.5787618086583,21.4631344595648,100,100,0.0,3,2,3,4,6,6.0,7,7.0,0.6666666666666666,1.6666666666666667
2017-03-12,2016,Hamburg,Borussia Monchengladbach,H,2,2.75,3.3,2.6,1488.7568231514044,1580.3464691954337,-91.58964604402922,100,100,0.0,-3,-4,-1,-1,10,10.0,12,12.0,2.3333333333333335,0.3333333333333333
2017-03-17,2016,Borussia Dortmund,Ingolstadt,H,2,1.3,5.5,10.5,1688.453288491998,1439.106910819762,249.3463776722358,100,100,0.0,6,6,6,9,9,9.0,4,4.0,2.3333333333333335,0.3333333333333333
2017-03-18,2016,TSG Hoffenheim,Bayer Leverkusen,H,2,2.15,3.6,3.3,1598.09851952381,1559.060368923204,39.03815060060606,100,100,0.0,-3,-2,-1,-4,8,8.0,7,7.0,1.3333333333333333,1.3333333333333333
2017-03-18,2016,FC Cologne,Hertha BSC,H,2,2.38,3.2,3.2,1549.37372009857,1568.581000646284,-19.207280547714163,100,100,0.0,0,0,0,0,2,2.0,7,7.0,0.0,3.0
2017-03-18,2016,Ein Frankfurt,Hamburg,D,1,2.2,3.2,3.5,1518.2104800719953,1503.393789889888,14.816690182107322,100,100,0.0,-1,-4,-1,1,0,0.0,10,10.0,1.6666666666666667,0.6666666666666666
2017-03-18,2016,Werder Bremen,RB Leipzig,H,2,3.5,3.6,2.05,1502.1060748490886,1615.4591837069781,-113.35310885788954,100,100,0.0,0,0,0,0,10,10.0,7,7.0,0.0,3.0
2017-03-18,2016,FC Augsburg,SC Freiburg,D,1,2.4,3.3,3.0,1507.6190598884427,1528.2460921537077,-20.627032265264916,100,100,0.0,0,0,0,0,4,4.0,8,8.0,1.0,2.0
2017-03-18,2016,VfL Wolfsburg,SV Darmstadt 98,H,2,1.5,4.0,7.5,1512.8545596324345,1389.9189116395385,122.93564799289607,100,100,0.0,4,4,4,3,7,7.0,6,6.0,1.3333333333333333,1.3333333333333333
2017-03-19,2016,FSV Mainz 05,FC Schalke 04,A,0,2.63,3.5,2.63,1507.514365593376,1549.0015981884387,-41.48723259506278,100,100,0.0,-3,-2,-3,-4,7,7.0,8,8.0,1.0,2.0
2017-03-19,2016,Borussia Monchengladbach,Bayern Munich,A,0,8.0,4.75,1.4,1565.70950245695,1855.6191262197071,-289.90962376275706,100,100,0.0,-7,-6,-9,-11,9,9.0,13,13.0,1.3333333333333333,1.3333333333333333
2017-03-31,2016,Hertha BSC,TSG Hoffenheim,A,0,2.9,3.1,2.6,1557.007560604998,1607.3969241262682,-50.3893635212703,100,100,0.0,-1,1,0,0,7,7.0,11,11.0,1.0,2.0
2017-04-01,2016,FC Schalke 04,Borussia Dortmund,D,1,3.75,3.6,2.0,1566.5041817561248,1691.994875004712,-125.49069324858715,100,100,0.0,-3,-4,-3,-5,8,8.0,12,12.0,0.6666666666666666,1.6666666666666667
2017-04-01,2016,Ein Frankfurt,Borussia Monchengladbach,D,1,2.5,3.3,2.9,1513.4263481152211,1558.179060428902,-44.75271231368083,100,100,0.0,-4,-8,-2,0,1,1.0,6,6.0,0.3333333333333333,2.3333333333333335
2017-04-01,2016,Bayern Munich,FC Augsburg,H,2,1.1,10.0,26.0,1863.1495682477553,1504.2506508713054,358.89891737644984,100,100,0.0,10,9,9,13,13,13.0,5,5.0,3.0,0.0
2017-04-01,2016,RB Leipzig,SV Darmstadt 98,H,2,1.36,5.0,9.0,1599.8829673416053,1383.4093469764916,216.47362036511367,100,100,0.0,0,0,0,0,7,7.0,3,3.0,3.0,0.0
2017-04-01,2016,Hamburg,FC Cologne,H,2,2.38,3.2,3.2,1508.1779218466622,1560.9471601398561,-52.769238293193894,100,100,0.0,0,-1,-1,1,8,8.0,5,5.0,0.3333333333333333,2.3333333333333335
2017-04-01,2016,SC Freiburg,Werder Bremen,A,0,2.25,3.5,3.2,1531.614501170845,1517.6822912144614,13.93220995638353,100,100,0.0,0,0,0,0,6,6.0,13,13.0,1.3333333333333333,1.3333333333333333
2017-04-02,2016,Bayer Leverkusen,VfL Wolfsburg,D,1,1.8,3.75,4.5,1549.7619643207456,1519.3641242954814,30.39784002526426,100,100,0.0,0,-3,-3,1,4,4.0,7,7.0,2.0,1.0
2017-04-02,2016,Ingolstadt,FSV Mainz 05,H,2,2.1,3.3,3.8,1435.565324307048,1490.0117820256899,-54.446457718641796,100,100,0.0,0,0,0,0,4,4.0,4,4.0,2.0,1.0
2017-04-04,2016,Werder Bremen,FC Schalke 04,H,2,3.0,3.5,2.3,1537.4320937349614,1567.6027330327213,-30.170639297759863,100,100,0.0,-3,-2,-3,-4,13,13.0,8,8.0,1.0,2.0
2017-04-04,2016,Borussia Dortmund,Hamburg,H,2,1.29,5.75,10.0,1690.8963237281155,1521.1512747235063,169.7450490046092,100,100,0.0,6,7,7,8,10,10.0,10,10.0,2.0,1.0
2017-04-04,2016,FC Cologne,Ein Frankfurt,H,2,2.35,3.2,3.2,1547.973807263012,1511.061033579991,36.91277368302099,100,100,0.0,1,5,2,-2,4,4.0,2,2.0,1.0,2.0
2017-04-04,2016,TSG Hoffenheim,Bayern Munich,H,2,6.0,4.6,1.5,1624.5243482396493,1865.1447628693209,-240.6204146296716,100,100,0.0,-9,-10,-9,-13,11,11.0,15,15.0,0.3333333333333333,2.3333333333333335
2017-04-05,2016,SV Darmstadt 98,Bayer Leverkusen,A,0,5.0,3.8,1.7,1379.2326932729934,1544.3824835919554,-165.149790318962,100,100,0.0,-4,-1,-1,-4,3,3.0,2,2.0,1.0,2.0
2017-04-05,2016,FSV Mainz 05,RB Leipzig,A,0,3.4,3.4,2.15,1476.9672937664418,1604.0596210451035,-127.09232727866174,100,100,0.0,0,0,0,0,4,4.0,7,7.0,0.0,3.0
2017-04-05,2016,Borussia Monchengladbach,Hertha BSC,H,2,1.83,3.5,4.5,1560.544374964132,1539.880136491617,20.66423847251508,100,100,0.0,3,3,0,2,7,7.0,6,6.0,2.0,1.0
2017-04-05,2016,VfL Wolfsburg,SC Freiburg,A,0,1.73,3.75,5.0,1524.7436050242716,1511.864698650345,12.878906373926611,100,100,0.0,4,4,4,3,8,8.0,5,5.0,3.0,0.0
2017-04-05,2016,FC Augsburg,Ingolstadt,A,0,2.7,3.1,2.8,1502.2554562497398,1448.6098125662961,53.64564368344372,100,100,0.0,0,0,0,0,5,5.0,4,4.0,1.0,2.0
2017-04-07,2016,Ein Frankfurt,Werder Bremen,D,1,2.0,3.5,3.8,1501.6839446493886,1549.457266475465,-47.773321826076426,100,100,0.0,-1,-5,-2,2,2,2.0,13,13.0,2.0,1.0
2017-04-08,2016,FC Schalke 04,VfL Wolfsburg,H,2,2.0,3.5,3.75,1555.5775602922176,1505.0347567349752,50.54280355724245,100,100,0.0,-1,-2,-1,1,7,7.0,8,8.0,2.0,1.0
2017-04-08,2016,RB Leipzig,Bayer Leverkusen,H,2,1.91,3.6,4.0,1617.89231625227,1556.6022513752362,61.29006487703373,100,100,0.0,-4,-1,-1,-4,7,7.0,5,5.0,3.0,0.0
2017-04-08,2016,Hamburg,TSG Hoffenheim,H,2,3.5,3.5,2.1,1515.9107097681508,1645.2842843217338,-129.373574553583,100,100,0.0,-1,0,-1,1,10,10.0,13,13.0,1.3333333333333333,1.3333333333333333
2017-04-08,2016,FC Cologne,Borussia Monchengladbach,A,0,2.63,3.2,2.8,1557.3508961936145,1570.53469723219,-13.183801038575439,100,100,0.0,-3,-3,0,-2,7,7.0,7,7.0,2.0,1.0
2017-04-08,2016,Bayern Munich,Borussia Dortmund,H,2,1.62,4.0,5.5,1844.3848267872363,1696.136888683471,148.24793810376536,100,100,0.0,4,3,3,4,12,12.0,10,10.0,1.3333333333333333,1.3333333333333333
2017-04-08,2016,SC Freiburg,FSV Mainz 05,H,2,2.38,3.4,3.0,1531.5735469396413,1463.1345985592754,68.4389483803659,100,100,0.0,0,0,0,0,8,8.0,1,1.0,0.3333333333333333,2.3333333333333335
2017-04-09,2016,Hertha BSC,FC Augsburg,H,2,1.75,3.5,5.25,1529.889814223559,1481.0231169762033,48.86669724735566,100,100,0.0,0,0,0,0,3,3.0,2,2.0,1.6666666666666667,0.6666666666666666
2017-04-09,2016,Ingolstadt,SV Darmstadt 98,H,2,1.5,4.0,7.5,1469.8421518398327,1367.0129254897126,102.82922635012005,100,100,0.0,0,0,0,0,7,7.0,3,3.0,2.0,1.0
2017-04-15,2016,VfL Wolfsburg,Ingolstadt,H,2,2.0,3.3,3.75,1496.1558515651084,1476.9609385822318,19.19491298287653,100,100,0.0,4,4,4,3,7,7.0,10,10.0,1.6666666666666667,0.6666666666666666
2017-04-15,2016,RB Leipzig,SC Freiburg,H,2,1.44,4.33,7.0,1626.389432290533,1539.8222791434096,86.56715314712346,100,100,0.0,0,0,0,0,9,9.0,8,8.0,3.0,0.0
2017-04-15,2016,FSV Mainz 05,Hertha BSC,H,2,2.25,3.2,3.3,1454.8858663555072,1538.8291510197125,-83.9432846642053,100,100,0.0,0,0,0,0,0,0.0,6,6.0,0.3333333333333333,2.3333333333333335
2017-04-15,2016,TSG Hoffenheim,Borussia Monchengladbach,H,2,2.0,3.5,3.6,1629.0191380183887,1589.2067442967018,39.81239372168693,100,100,0.0,-2,-4,0,-2,10,10.0,7,7.0,0.6666666666666666,1.6666666666666667
2017-04-15,2016,FC Augsburg,FC Cologne,H,2,2.8,3.2,2.55,1472.0837801800496,1538.6788491291027,-66.59506894905303,100,100,0.0,0,0,0,0,1,1.0,7,7.0,1.6666666666666667,0.6666666666666666
2017-04-15,2016,Bayer Leverkusen,Bayern Munich,D,1,4.75,4.2,1.62,1548.105135336973,1850.182322761881,-302.07718742490806,100,100,0.0,-6,-8,-8,-9,5,5.0,12,12.0,0.3333333333333333,2.3333333333333335
2017-04-15,2016,Borussia Dortmund,Ein Frankfurt,H,2,1.44,4.33,7.0,1690.3393927088262,1499.4459689747875,190.8934237340386,100,100,0.0,7,11,8,7,7,7.0,3,3.0,1.0,2.0
2017-04-16,2016,SV Darmstadt 98,FC Schalke 04,H,2,5.75,3.8,1.6,1359.8941387473135,1564.4564654620845,-204.56232671477096,100,100,0.0,-3,-2,-3,-4,3,3.0,10,10.0,0.3333333333333333,2.3333333333333335
2017-04-16,2016,Werder Bremen,Hamburg,H,2,2.25,3.4,3.1,1551.6952421500662,1532.175856071496,19.519386078570278,100,100,0.0,0,1,1,-1,11,11.0,10,10.0,0.3333333333333333,2.3333333333333335
2017-04-21,2016,FC Cologne,TSG Hoffenheim,D,1,3.0,3.4,2.38,1525.1166282566096,1638.2889696351924,-113.17234137858281,100,100,0.0,-1,1,0,0,6,6.0,12,12.0,0.6666666666666666,1.6666666666666667
2017-04-22,2016,Bayern Munich,FSV Mainz 05,D,1,1.18,7.0,17.0,1842.324641204739,1469.1931353426342,373.13150586210486,100,100,0.0,10,9,9,13,10,10.0,3,3.0,2.0,1.0
2017-04-22,2016,Ein Frankfurt,FC Augsburg,H,2,1.75,3.6,5.0,1494.7112833563226,1485.6460010525427,9.065282303779895,100,100,0.0,-1,-5,-2,2,3,3.0,4,4.0,1.0,1.0
2017-04-22,2016,Hamburg,SV Darmstadt 98,A,0,1.4,4.75,8.0,1522.1415715276853,1379.2769277008026,142.86464382688268,100,100,0.0,0,-1,-1,1,7,7.0,3,3.0,1.3333333333333333,1.3333333333333333
2017-04-22,2016,Hertha BSC,VfL Wolfsburg,H,2,2.5,3.3,2.9,1524.5218820325856,1506.202613350651,18.319268681934545,100,100,0.0,-4,-4,-4,-3,3,3.0,7,7.0,1.3333333333333333,1.3333333333333333
2017-04-22,2016,Ingolstadt,Werder Bremen,A,0,2.2,3.5,3.2,1466.9141767966892,1561.7295266938768,-94.81534989718762,100,100,0.0,0,0,0,0,9,9.0,13,13.0,2.0,1.0
2017-04-22,2016,Borussia Monchengladbach,Borussia Dortmund,A,0,3.5,3.7,2.05,1579.9369126798981,1695.074078327291,-115.13716564739298,100,100,0.0,-3,-3,-6,-7,7,7.0,10,10.0,0.0,3.0
2017-04-23,2016,FC Schalke 04,RB Leipzig,D,1,3.0,3.5,2.3,1545.0736765085953,1634.0289151466802,-88.9552386380849,100,100,0.0,3,2,3,4,7,7.0,12,12.0,0.0,3.0
2017-04-23,2016,SC Freiburg,Bayer Leverkusen,H,2,3.4,3.6,2.1,1532.1827962872624,1555.9628168941151,-23.78002060685276,100,100,0.0,-4,-1,-1,-4,7,7.0,5,5.0,0.6666666666666666,1.6666666666666667
2017-04-28,2016,Bayer Leverkusen,FC Schalke 04,A,0,2.1,3.5,3.5,1544.201704527985,1544.5969963910266,-0.3952918630416207,100,100,0.0,1,-1,-2,0,5,5.0,5,5.0,2.3333333333333335,0.3333333333333333
2017-04-29,2016,Werder Bremen,Hertha BSC,H,2,2.05,3.5,3.6,1576.9533494183943,1534.6023540958397,42.35099532255458,100,100,0.0,0,0,0,0,13,13.0,6,6.0,1.6666666666666667,0.6666666666666666
2017-04-29,2016,Borussia Dortmund,FC Cologne,D,1,1.29,5.75,10.0,1709.420967544165,1525.6850516241389,183.73591592002617,100,100,0.0,6,6,6,9,10,10.0,4,4.0,0.6666666666666666,1.6666666666666667
2017-04-29,2016,VfL Wolfsburg,Bayern Munich,A,0,8.0,4.75,1.4,1496.122141287397,1829.1725554448406,-333.0504141574436,100,100,0.0,-6,-5,-5,-10,4,4.0,8,8.0,0.0,3.0
2017-04-29,2016,FSV Mainz 05,Borussia Monchengladbach,A,0,2.2,3.4,3.3,1482.3452211025326,1565.5900234630242,-83.24480236049158,100,100,0.0,-3,-3,0,-2,4,4.0,7,7.0,2.0,1.0
2017-04-29,2016,RB Leipzig,Ingolstadt,D,1,1.45,4.5,7.0,1634.505595264249,1451.6903540721717,182.81524119207734,100,100,0.0,0,0,0,0,13,13.0,9,9.0,0.0,3.0
2017-04-29,2016,SV Darmstadt 98,SC Freiburg,H,2,3.3,3.3,2.25,1403.3331142178347,1543.9439086533926,-140.61079443555786,100,100,0.0,0,0,0,0,6,6.0,9,9.0,0.0,3.0
2017-04-30,2016,FC Augsburg,Hamburg,H,2,2.5,3.3,2.9,1475.2059203965703,1498.0853850106532,-22.879464614082963,100,100,0.0,0,1,1,-1,3,3.0,6,6.0,1.0,2.0
2017-04-30,2016,TSG Hoffenheim,Ein Frankfurt,H,2,1.57,4.0,6.0,1637.7205462676632,1505.151364012295,132.5691822553681,100,100,0.0,2,4,2,-2,10,10.0,5,5.0,1.6666666666666667,0.6666666666666666
2017-05-05,2016,FC Cologne,Werder Bremen,H,2,2.55,3.5,2.7,1535.7837501887234,1586.1298372450478,-50.34608705632445,100,100,0.0,0,0,0,0,5,5.0,13,13.0,1.0,1.0
2017-05-06,2016,Borussia Monchengladbach,FC Augsburg,D,1,1.73,3.8,4.75,1581.3128432309134,1486.9299861982427,94.3828570326707,100,100,0.0,3,3,0,2,9,9.0,6,6.0,1.3333333333333333,1.3333333333333333
2017-05-06,2016,Ingolstadt,Bayer Leverkusen,D,1,2.38,3.5,2.9,1461.7672816679553,1525.0154864360663,-63.24820476811101,100,100,0.0,-4,-1,-1,-4,7,7.0,4,4.0,1.0,2.0
2017-05-06,2016,Hertha BSC,RB Leipzig,A,0,3.5,3.5,2.1,1525.4258662691861,1624.4286676684653,-99.00280139927918,100,100,0.0,0,0,0,0,6,6.0,11,11.0,0.0,3.0
2017-05-06,2016,Ein Frankfurt,VfL Wolfsburg,A,0,2.6,3.4,2.7,1498.9200206656285,1489.904463373496,9.015557292132598,100,100,0.0,-5,-9,-6,-1,4,4.0,3,3.0,1.0,2.0
2017-05-06,2016,Bayern Munich,SV Darmstadt 98,H,2,1.07,13.0,26.0,1835.3902333587416,1420.0784816129226,415.31175174581904,100,100,0.0,10,9,9,13,8,8.0,9,9.0,3.0,0.0
2017-05-06,2016,Borussia Dortmund,TSG Hoffenheim,H,2,1.5,4.75,5.75,1699.3222689795805,1643.9518896143297,55.370379365250756,100,100,0.0,5,7,6,9,10,10.0,10,10.0,1.6666666666666667,0.6666666666666666
2017-05-07,2016,SC Freiburg,FC Schalke 04,H,2,3.3,3.5,2.15,1527.1985412583047,1563.7832144829451,-36.58467322464048,100,100,0.0,-3,-2,-3,-4,9,9.0,7,7.0,1.6666666666666667,0.6666666666666666
2017-05-07,2016,Hamburg,FSV Mainz 05,D,1,2.38,3.4,3.0,1486.3613192089808,1466.6224013346434,19.738917874337403,100,100,0.0,0,-1,-1,1,3,3.0,4,4.0,0.3333333333333333,2.3333333333333335
2017-05-13,2016,RB Leipzig,Bayern Munich,A,0,3.75,3.7,1.95,1639.47172007461,1836.8592842459714,-197.38756417136142,100,100,0.0,-10,-9,-9,-13,11,11.0,11,11.0,0.0,3.0
2017-05-13,2016,Bayer Leverkusen,FC Cologne,D,1,2.1,3.5,3.5,1526.5962972452007,1548.6544952957659,-22.058198050565125,100,100,0.0,4,1,1,4,2,2.0,5,5.0,1.3333333333333333,1.3333333333333333
2017-05-13,2016,VfL Wolfsburg,Borussia Monchengladbach,D,1,1.95,3.6,4.0,1509.4624342232116,1573.698983505209,-64.23654928199744,100,100,0.0,1,1,4,1,6,6.0,7,7.0,2.0,1.0
2017-05-13,2016,Werder Bremen,TSG Hoffenheim,A,0,2.63,3.6,2.55,1573.2590921380054,1635.2457097817316,-61.98661764372628,100,100,0.0,-1,1,0,0,10,10.0,7,7.0,1.6666666666666667,0.6666666666666666
2017-05-13,2016,FC Schalke 04,Hamburg,D,1,2.05,3.75,3.5,1551.49107005826,1481.3871662822494,70.10390377601061,100,100,0.0,3,3,4,3,7,7.0,4,4.0,2.0,1.0
2017-05-13,2016,SC Freiburg,Ingolstadt,D,1,2.38,3.5,2.9,1539.4906856829898,1460.186470858821,79.30421482416887,100,100,0.0,0,0,0,0,9,9.0,5,5.0,3.0,0.0
2017-05-13,2016,FC Augsburg,Borussia Dortmund,D,1,6.0,4.6,1.5,1494.543845923947,1708.0284488121786,-213.48460288823162,100,100,0.0,-6,-6,-6,-9,7,7.0,10,10.0,0.3333333333333333,2.3333333333333335
2017-05-13,2016,FSV Mainz 05,Ein Frankfurt,H,2,1.7,3.8,5.0,1471.5965542613749,1479.3620498159128,-7.7654955545378925,100,100,0.0,1,5,2,-2,5,5.0,4,4.0,1.0,2.0
2017-05-13,2016,SV Darmstadt 98,Hertha BSC,A,0,3.5,3.4,2.15,1418.6094307256928,1510.3828138630415,-91.77338313734867,100,100,0.0,0,0,0,0,9,9.0,6,6.0,1.0,2.0
2017-05-20,2016,FC Cologne,FSV Mainz 05,H,2,1.62,4.0,5.5,1551.9641777602396,1482.705453109586,69.25872465065368,100,100,0.0,0,0,0,0,6,6.0,8,8.0,1.6666666666666667,0.6666666666666666
2017-05-20,2016,Borussia Monchengladbach,SV Darmstadt 98,D,1,1.33,5.5,8.5,1575.2375854288591,1403.2543254864052,171.98325994245397,100,100,0.0,3,3,0,2,5,5.0,9,9.0,2.3333333333333335,0.3333333333333333
2017-05-20,2016,Borussia Dortmund,Werder Bremen,H,2,1.2,7.5,12.0,1703.296040446636,1556.6244400136738,146.67160043296212,100,100,0.0,6,6,6,9,11,11.0,9,9.0,3.0,0.0
2017-05-20,2016,Ein Frankfurt,RB Leipzig,D,1,4.0,3.6,1.91,1468.2531509677017,1628.569515510128,-160.3163645424263,100,100,0.0,-1,-5,-2,2,3,3.0,8,8.0,0.0,3.0
2017-05-20,2016,Hertha BSC,Bayer Leverkusen,A,0,2.05,3.4,3.8,1525.7379191023292,1523.286614780727,2.451304321602265,100,100,0.0,-4,-1,-1,-4,6,6.0,3,3.0,1.0,2.0
2017-05-20,2016,Hamburg,VfL Wolfsburg,H,2,2.6,3.4,2.7,1488.1956306245404,1507.9238322995616,-19.728201675021182,100,100,0.0,-4,-5,-5,-2,2,2.0,7,7.0,0.3333333333333333,2.3333333333333335
2017-05-20,2016,TSG Hoffenheim,FC Augsburg,D,1,1.36,5.0,8.5,1651.8803619060632,1499.2762542894895,152.60410761657363,100,100,0.0,1,-1,0,0,10,10.0,8,8.0,3.0,0.0
2017-05-20,2016,Bayern Munich,SC Freiburg,H,2,1.17,8.0,15.0,1847.7614888104533,1532.3706638504864,315.39082495996695,100,100,0.0,10,9,9,13,11,11.0,7,7.0,2.0,1.0
2017-05-20,2016,Ingolstadt,FC Schalke 04,D,1,2.63,3.5,2.6,1467.3064926913244,1544.682605715969,-77.37611302464461,100,100,0.0,-3,-2,-3,-4,3,3.0,5,5.0,1.3333333333333333,1.3333333333333333
2017-08-18,2017,Bayern Munich,Bayer Leverkusen,H,2,1.25,6.0,12.0,1850.27691694357,1542.5858972219544,307.6910197216157,100,100,0.0,5,5,6,6,13,13.0,5,5.0,1.6666666666666667,0.6666666666666666
2017-08-19,2017,Hertha BSC,VfB Stuttgart,H,2,2.0,3.4,3.9,1506.4386366611018,1432.2322480774906,74.20638858361121,100,100,0.0,2,2,2,5,6,6.0,0,0.0,1.3333333333333333,1.3333333333333333
2017-08-19,2017,TSG Hoffenheim,Werder Bremen,H,2,1.75,4.0,4.33,1642.5614748850594,1550.7843849811507,91.77708990390875,100,100,0.0,1,2,3,0,8,8.0,6,6.0,1.6666666666666667,0.6666666666666666
2017-08-19,2017,FSV Mainz 05,Hannover 96,A,0,2.0,3.4,4.0,1474.4849138086222,1390.520046418521,83.96486739010129,100,100,0.0,0,0,0,0,5,5.0,7,7.0,2.3333333333333335,0.3333333333333333
2017-08-19,2017,Hamburg,FC Augsburg,H,2,2.1,3.4,3.6,1499.7903943181227,1508.5951413104933,-8.80474699237061,100,100,0.0,0,-1,-1,1,5,5.0,6,6.0,2.0,1.0
2017-08-19,2017,FC Schalke 04,RB Leipzig,H,2,2.8,3.4,2.5,1545.6579792309333,1625.9912980400693,-80.33331880913602,100,100,0.0,4,4,5,2,6,6.0,6,6.0,0.5,2.0
2017-08-19,2017,VfL Wolfsburg,Borussia Dortmund,A,0,3.8,4.0,1.85,1496.3290686059793,1709.1360954791592,-212.8070268731799,100,100,0.0,-3,-1,-4,-3,4,4.0,11,11.0,0.0,3.0
2017-08-20,2017,SC Freiburg,Ein Frankfurt,D,1,2.45,3.25,3.0,1529.8552357173696,1470.8313684377604,59.02386727960925,100,100,0.0,0,0,0,0,7,7.0,4,4.0,3.0,0.0
2017-08-20,2017,Borussia Monchengladbach,FC Cologne,H,2,1.91,3.5,4.1,1565.4226582010788,1560.1847170612034,5.237941139875375,100,100,0.0,4,3,3,6,6,6.0,9,9.0,2.0,1.0
2017-08-25,2017,FC Cologne,Hamburg,A,0,1.95,3.4,4.0,1549.5941692496851,1510.941174372723,38.65299487696211,100,100,0.0,0,1,1,-1,8,8.0,8,8.0,1.3333333333333333,1.3333333333333333
2017-08-26,2017,Bayer Leverkusen,TSG Hoffenheim,D,1,2.05,3.6,3.6,1539.966422420756,1650.0314473082935,-110.06502488753745,100,100,0.0,3,3,2,1,5,5.0,10,10.0,0.3333333333333333,2.3333333333333335
2017-08-26,2017,Werder Bremen,Bayern Munich,A,0,11.0,6.5,1.25,1543.3144125579165,1852.8963917447684,-309.58197918685187,100,100,0.0,-9,-10,-11,-7,3,3.0,15,15.0,0.0,3.0
2017-08-26,2017,VfB Stuttgart,FSV Mainz 05,H,2,2.3,3.4,3.1,1424.1805842765646,1452.2100070007734,-28.02942272420887,100,100,0.0,0,0,0,0,0,0.0,4,4.0,1.3333333333333333,1.3333333333333333
2017-08-26,2017,Ein Frankfurt,VfL Wolfsburg,A,0,2.3,3.25,3.3,1477.2545770257507,1486.0351192482321,-8.780542222481472,100,100,0.0,-4,-4,-3,-7,2,2.0,4,4.0,1.0,2.0
2017-08-26,2017,Borussia Dortmund,Hertha BSC,H,2,1.36,5.0,7.5,1719.4300448369063,1514.4903004620278,204.9397443748785,100,100,0.0,5,3,5,5,11,11.0,6,6.0,0.6666666666666666,1.6666666666666667
2017-08-26,2017,FC Augsburg,Borussia Monchengladbach,D,1,3.25,3.4,2.25,1497.444361255893,1576.013206012597,-78.56884475670404,100,100,0.0,-4,-3,-3,-6,6,6.0,9,9.0,1.6666666666666667,0.6666666666666666
2017-08-27,2017,Hannover 96,FC Schalke 04,H,2,3.3,3.4,2.2,1412.7949532263697,1559.8098060502493,-147.01485282387966,100,100,0.0,-4,-4,-5,-2,7,7.0,8,8.0,0.0,3.0
2017-08-27,2017,RB Leipzig,SC Freiburg,H,2,1.36,5.0,8.5,1611.8394712207532,1523.4320271293793,88.40744409137392,100,100,0.0,0,0,0,0,5,5.0,5,5.0,3.0,0.0
2017-09-08,2017,Hamburg,RB Leipzig,A,0,4.0,3.6,1.91,1531.6285377709046,1619.418790263145,-87.79025249224037,100,100,0.0,0,-1,-1,1,11,11.0,7,7.0,1.5,1.5
2017-09-09,2017,Borussia Monchengladbach,Ein Frankfurt,A,0,1.83,3.6,4.5,1576.9372916423524,1458.4043809085276,118.53291073382479,100,100,0.0,4,3,3,6,7,7.0,2,2.0,1.6666666666666667,0.6666666666666666
2017-09-09,2017,VfL Wolfsburg,Hannover 96,D,1,1.83,3.6,4.5,1504.8853153654552,1429.8124482079536,75.0728671575016,100,100,0.0,4,4,3,7,7,7.0,9,9.0,1.6666666666666667,0.6666666666666666
2017-09-09,2017,FSV Mainz 05,Bayer Leverkusen,H,2,3.0,3.4,2.38,1440.2735325218578,1540.4008429562753,-100.1273104344175,100,100,0.0,-5,-5,-4,-4,4,4.0,6,6.0,2.0,1.0
2017-09-09,2017,FC Augsburg,FC Cologne,H,2,2.38,3.3,3.1,1496.5202756261376,1528.9068058515036,-32.38653022536596,100,100,0.0,0,0,0,0,4,4.0,7,7.0,1.6666666666666667,0.6666666666666666
2017-09-09,2017,SC Freiburg,Borussia Dortmund,D,1,7.5,5.0,1.4,1515.8527080869876,1723.8511636275591,-207.9984555405715,100,100,0.0,-7,-5,-7,-10,5,5.0,13,13.0,0.0,3.0
2017-09-09,2017,TSG Hoffenheim,Bayern Munich,H,2,7.0,4.5,1.45,1649.5970267727744,1859.806280766395,-210.20925399362068,100,100,0.0,-8,-8,-8,-7,8,8.0,15,15.0,1.3333333333333333,1.3333333333333333
2017-09-10,2017,Hertha BSC,Werder Bremen,D,1,1.91,3.6,4.0,1510.069181671375,1536.4045235362898,-26.33534186491488,100,100,0.0,1,2,3,2,6,6.0,0,0.0,0.3333333333333333,2.3333333333333335
2017-09-10,2017,FC Schalke 04,VfB Stuttgart,H,2,1.7,3.75,5.0,1542.7923110686654,1436.1170587554802,106.67525231318518,100,100,0.0,4,4,5,2,5,5.0,3,3.0,2.3333333333333335,0.3333333333333333
2017-09-15,2017,Hannover 96,Hamburg,H,2,1.95,3.5,4.0,1436.7901323172634,1516.1016174937076,-79.3114851764442,100,100,0.0,0,1,1,-1,10,10.0,10,10.0,1.0,2.0
2017-09-16,2017,RB Leipzig,Borussia Monchengladbach,D,1,1.67,3.8,5.5,1634.945710540342,1553.5769640446879,81.36874649565402,100,100,0.0,-4,-3,-3,-6,7,7.0,6,6.0,2.0,0.5
2017-09-16,2017,Ein Frankfurt,FC Augsburg,A,0,1.85,3.5,4.5,1481.7647085061922,1508.6374684552839,-26.872759949091687,100,100,0.0,0,0,0,0,5,5.0,6,6.0,1.6666666666666667,0.6666666666666666
2017-09-16,2017,Werder Bremen,FC Schalke 04,A,0,2.8,3.5,2.5,1539.538067340517,1549.7915902395582,-10.253522899041172,100,100,0.0,-3,-4,-6,1,1,1.0,8,8.0,2.0,1.0
2017-09-16,2017,VfB Stuttgart,VfL Wolfsburg,H,2,2.3,3.5,3.0,1429.1177795845874,1497.9076312561454,-68.78985167155793,100,100,0.0,-4,-4,-3,-7,3,3.0,5,5.0,1.0,2.0
2017-09-16,2017,Bayern Munich,FSV Mainz 05,H,2,1.13,10.0,19.0,1840.2015813716491,1455.2790289548957,384.92255241675343,100,100,0.0,10,10,10,10,12,12.0,6,6.0,1.3333333333333333,1.3333333333333333
2017-09-17,2017,TSG Hoffenheim,Hertha BSC,D,1,1.67,3.8,5.5,1669.2017261675203,1506.9356378671478,162.26608830037253,100,100,0.0,0,0,0,-2,11,11.0,7,7.0,3.0,0.0
2017-09-17,2017,Borussia Dortmund,FC Cologne,H,2,1.22,6.0,13.0,1719.33308541965,1516.7896130223573,202.5434723972926,100,100,0.0,7,5,7,10,11,11.0,4,4.0,1.0,1.0
2017-09-17,2017,Bayer Leverkusen,SC Freiburg,H,2,1.45,4.5,7.0,1525.3953465232373,1520.3707862948968,5.024560228340533,100,100,0.0,5,5,4,4,5,5.0,3,3.0,1.3333333333333333,1.3333333333333333
2017-09-19,2017,FC Schalke 04,Bayern Munich,A,0,7.0,4.75,1.44,1568.5823181488122,1841.9352386202756,-273.35292047146345,100,100,0.0,-6,-6,-5,-8,10,10.0,12,12.0,0.3333333333333333,2.3333333333333335
2017-09-19,2017,VfL Wolfsburg,Werder Bremen,D,1,2.05,3.5,3.6,1484.2514689473583,1520.747339431263,-36.49587048390481,100,100,0.0,3,4,4,4,4,4.0,1,1.0,0.0,3.0
2017-09-19,2017,FC Augsburg,RB Leipzig,H,2,3.5,3.5,2.1,1526.7488154550276,1627.756833272934,-101.00801781790642,100,100,0.0,0,0,0,0,8,8.0,8,8.0,0.5,2.0
2017-09-19,2017,Borussia Monchengladbach,VfB Stuttgart,H,2,1.7,3.8,5.0,1560.7658413120957,1442.7739418933745,117.99189941872123,100,100,0.0,4,3,3,6,6,6.0,6,6.0,3.0,0.0
2017-09-20,2017,FC Cologne,Ein Frankfurt,A,0,2.88,3.1,2.63,1512.3162431837504,1463.6533615064484,48.66288167730204,100,100,0.0,0,0,0,0,3,3.0,5,5.0,2.0,1.0
2017-09-20,2017,SC Freiburg,Hannover 96,D,1,2.8,3.25,2.6,1509.7718206549032,1450.8979915245397,58.87382913036345,100,100,0.0,0,0,0,0,2,2.0,10,10.0,0.3333333333333333,2.3333333333333335
2017-09-20,2017,Hamburg,Borussia Dortmund,A,0,7.0,4.75,1.44,1501.9937582864313,1723.8064552582568,-221.81269697182552,100,100,0.0,-7,-6,-8,-9,9,9.0,13,13.0,0.0,3.0
2017-09-20,2017,Hertha BSC,Bayer Leverkusen,H,2,3.3,3.4,2.2,1516.5062511525318,1535.994312163231,-19.488061010699084,100,100,0.0,-3,-3,-2,1,5,5.0,7,7.0,0.0,3.0
2017-09-20,2017,FSV Mainz 05,TSG Hoffenheim,A,0,2.7,3.4,2.6,1453.5453717062692,1659.6311128821362,-206.08574117586704,100,100,0.0,-2,-2,-2,-3,3,3.0,9,9.0,0.3333333333333333,2.3333333333333335
2017-09-22,2017,Bayern Munich,VfL Wolfsburg,D,1,1.14,8.5,19.0,1850.0158760283534,1481.5399045637098,368.47597146464364,100,100,0.0,6,6,7,3,12,12.0,5,5.0,3.0,0.0
2017-09-23,2017,Borussia Dortmund,Borussia Monchengladbach,H,2,1.44,4.75,7.0,1733.752773889182,1567.4216291891653,166.3311447000167,100,100,0.0,3,2,4,4,13,13.0,8,8.0,3.0,0.0
2017-09-23,2017,TSG Hoffenheim,FC Schalke 04,H,2,2.2,3.5,3.25,1670.1882452448076,1560.5016807407344,109.6865645040732,100,100,0.0,-2,-2,-3,1,11,11.0,9,9.0,1.3333333333333333,1.3333333333333333
2017-09-23,2017,FSV Mainz 05,Hertha BSC,H,2,2.2,3.3,3.4,1442.9882393435978,1528.0911829961697,-85.10294365257187,100,100,0.0,-2,-2,-2,-5,3,3.0,8,8.0,1.3333333333333333,1.3333333333333333
2017-09-23,2017,RB Leipzig,Ein Frankfurt,H,2,1.7,3.8,5.0,1612.7133137675253,1484.706660061448,128.00665370607726,100,100,0.0,0,0,0,0,7,7.0,7,7.0,2.0,0.5
2017-09-23,2017,VfB Stuttgart,FC Augsburg,D,1,2.1,3.4,3.6,1436.118154016305,1541.7923349604364,-105.67418094413142,100,100,0.0,0,0,0,0,6,6.0,10,10.0,0.0,3.0
2017-09-23,2017,Werder Bremen,SC Freiburg,D,1,1.7,4.0,4.75,1523.4589038149115,1503.3539029211452,20.105000893766373,100,100,0.0,1,0,-1,3,2,2.0,3,3.0,2.0,1.0
2017-09-24,2017,Bayer Leverkusen,Hamburg,H,2,1.36,5.0,8.5,1524.409380319593,1492.0474396555062,32.36194066408689,100,100,0.0,5,6,5,3,4,4.0,6,6.0,2.0,1.0
2017-09-24,2017,Hannover 96,FC Cologne,D,1,1.95,3.6,3.8,1457.3159092582978,1491.2629446287508,-33.94703537045302,100,100,0.0,0,0,0,0,11,11.0,0,0.0,1.3333333333333333,1.3333333333333333
2017-09-29,2017,FC Schalke 04,Bayer Leverkusen,D,1,2.3,3.4,3.1,1553.5949930586353,1533.95615917283,19.638833885805298,100,100,0.0,-1,-1,1,-2,6,6.0,7,7.0,1.0,2.0
2017-09-30,2017,FC Augsburg,Borussia Dortmund,A,0,7.5,4.5,1.44,1541.5473826544846,1739.0788801655701,-197.5314975110855,100,100,0.0,-7,-5,-7,-10,11,11.0,13,13.0,0.6666666666666666,1.6666666666666667
2017-09-30,2017,Ein Frankfurt,VfB Stuttgart,H,2,1.95,3.5,4.0,1478.3446551065358,1436.3631063222567,41.981548784279084,100,100,0.0,0,0,0,0,6,6.0,7,7.0,1.0,2.0
2017-09-30,2017,Hamburg,Werder Bremen,D,1,2.7,3.2,2.75,1482.5006608022693,1518.4706887424682,-35.97002794019886,100,100,0.0,-1,-1,0,-2,3,3.0,3,3.0,1.3333333333333333,1.3333333333333333
2017-09-30,2017,Borussia Monchengladbach,Hannover 96,H,2,1.73,3.6,5.25,1562.0955229127771,1454.4980416689548,107.59748124382236,100,100,0.0,4,3,3,6,5,5.0,9,9.0,2.0,1.0
2017-09-30,2017,VfL Wolfsburg,FSV Mainz 05,D,1,2.1,3.4,3.6,1494.6449681412935,1457.3454755694795,37.29949257181397,100,100,0.0,4,4,3,7,6,6.0,6,6.0,1.0,1.0
2017-10-01,2017,Hertha BSC,Bayern Munich,D,1,8.5,5.0,1.36,1513.733946770288,1836.9108124507698,-323.1768656804818,100,100,0.0,-8,-8,-8,-5,5,5.0,10,10.0,0.3333333333333333,2.3333333333333335
2017-10-01,2017,FC Cologne,RB Leipzig,A,0,3.8,3.5,2.0,1494.0808122180938,1619.0753187224375,-124.99450650434369,100,100,0.0,0,0,0,0,1,1.0,10,10.0,0.5,2.0
2017-10-01,2017,SC Freiburg,TSG Hoffenheim,H,2,3.6,3.5,2.05,1508.3421179935885,1677.0949329269067,-168.75281493331818,100,100,0.0,-2,-2,-2,-3,3,3.0,11,11.0,0.6666666666666666,1.6666666666666667
2017-10-13,2017,VfB Stuttgart,FC Cologne,H,2,1.83,3.6,4.33,1427.1730667362472,1480.1580540766765,-52.98498734042937,100,100,0.0,0,0,0,0,4,4.0,1,1.0,1.3333333333333333,1.3333333333333333
2017-10-14,2017,FSV Mainz 05,Hamburg,H,2,1.7,3.75,5.25,1462.982730513582,1479.767141868271,-16.784411354688928,100,100,0.0,0,1,1,-1,7,7.0,1,1.0,1.6666666666666667,0.6666666666666666
2017-10-14,2017,Borussia Dortmund,RB Leipzig,A,0,1.5,4.5,6.5,1749.9753350426172,1632.9980768638547,116.97725817876244,100,100,0.0,7,5,7,10,13,13.0,10,10.0,1.5,1.5
2017-10-14,2017,Bayern Munich,SC Freiburg,H,2,1.08,13.0,21.0,1828.4133022856392,1526.2722677843433,302.14103450129596,100,100,0.0,10,10,10,10,8,8.0,6,6.0,2.0,1.0
2017-10-14,2017,TSG Hoffenheim,FC Augsburg,D,1,1.8,3.75,4.5,1659.164783136152,1530.6509277774376,128.5138553587144,100,100,0.0,2,2,2,3,10,10.0,10,10.0,2.3333333333333335,0.3333333333333333
2017-10-14,2017,Hertha BSC,FC Schalke 04,A,0,2.5,3.3,2.9,1522.2314569354185,1548.6246863151318,-26.393229379713375,100,100,0.0,-2,-2,-3,3,6,6.0,7,7.0,2.0,1.0
2017-10-14,2017,Hannover 96,Ein Frankfurt,A,0,2.38,3.2,3.1,1447.5272105471777,1487.5346946925454,-40.0074841453677,100,100,0.0,0,0,0,0,6,6.0,9,9.0,0.3333333333333333,2.3333333333333335
2017-10-15,2017,Werder Bremen,Borussia Monchengladbach,A,0,2.63,3.5,2.6,1521.2042076764665,1569.0663540345543,-47.862146358087784,100,100,0.0,-3,-3,-4,-3,4,4.0,7,7.0,0.0,3.0
2017-10-15,2017,Bayer Leverkusen,VfL Wolfsburg,D,1,1.53,4.33,6.0,1538.9264659163334,1489.007713197191,49.9187527191425,100,100,0.0,1,1,1,-3,7,7.0,4,4.0,2.3333333333333335,0.3333333333333333
2017-10-20,2017,FC Schalke 04,FSV Mainz 05,H,2,1.8,3.7,4.5,1566.7558398976519,1474.457184772339,92.29865512531296,100,100,0.0,4,4,5,2,7,7.0,7,7.0,2.0,1.0
2017-10-21,2017,Ein Frankfurt,Borussia Dortmund,D,1,5.0,3.75,1.72,1505.0993413829735,1726.6614220745555,-221.56208069158197,100,100,0.0,-7,-5,-7,-10,9,9.0,12,12.0,2.0,1.0
2017-10-21,2017,Borussia Monchengladbach,Bayer Leverkusen,A,0,2.45,3.39,2.87,1586.3005800675558,1532.8278434227175,53.47273664483828,100,100,0.0,-1,-2,-1,2,10,10.0,8,8.0,3.0,0.0
2017-10-21,2017,Hamburg,Bayern Munich,A,0,19.0,7.0,1.16,1468.2926876095141,1831.1101713726725,-362.8174837631584,100,100,0.0,-10,-11,-11,-9,1,1.0,11,11.0,0.0,3.0
2017-10-21,2017,RB Leipzig,VfB Stuttgart,H,2,1.53,4.0,7.0,1656.3119898319164,1440.155564978836,216.15642485308035,100,100,0.0,0,0,0,0,10,10.0,7,7.0,1.5,1.5
2017-10-21,2017,FC Augsburg,Hannover 96,A,0,2.04,3.5,3.6,1539.303546428866,1429.9625638567495,109.34098257211645,100,100,0.0,0,0,0,0,8,8.0,5,5.0,2.0,1.0
2017-10-22,2017,SC Freiburg,Hertha BSC,D,1,2.54,3.29,2.79,1523.57539869731,1504.1003033528984,19.475095344411557,100,100,0.0,-2,-2,-2,-5,5,5.0,5,5.0,2.0,1.0
2017-10-22,2017,FC Cologne,Werder Bremen,D,1,2.39,3.29,3.0,1467.1755558340876,1503.969981643465,-36.794425809377344,100,100,0.0,-1,0,1,-3,1,1.0,3,3.0,1.6666666666666667,0.6666666666666666
2017-10-22,2017,VfL Wolfsburg,TSG Hoffenheim,D,1,2.5,3.39,2.79,1495.1063356908069,1650.5121644847236,-155.40582879391673,100,100,0.0,2,2,1,4,4,4.0,8,8.0,1.3333333333333333,1.3333333333333333
2017-10-27,2017,FSV Mainz 05,Ein Frankfurt,D,1,2.79,3.2,2.54,1467.0040428213813,1510.143428620203,-43.13938579882165,100,100,0.0,0,0,0,0,7,7.0,10,10.0,1.0,2.0
2017-10-28,2017,Hertha BSC,Hamburg,H,2,1.9,3.39,4.33,1509.064316113787,1462.8774010696627,46.18691504412436,100,100,0.0,2,3,3,4,5,5.0,1,1.0,1.0,2.0
2017-10-28,2017,Bayern Munich,RB Leipzig,H,2,1.33,5.5,8.5,1836.525457912524,1660.4952123731016,176.03024553942237,100,100,0.0,10,10,10,10,11,11.0,12,12.0,3.0,0.0
2017-10-28,2017,Hannover 96,Borussia Dortmund,H,2,5.5,4.2,1.57,1453.0452940100568,1721.617334837326,-268.57204082726935,100,100,0.0,-7,-5,-7,-10,5,5.0,10,10.0,0.0,3.0
2017-10-28,2017,FC Schalke 04,VfL Wolfsburg,D,1,1.75,3.6,5.0,1574.2089818486095,1497.4783243172913,76.73065753131823,100,100,0.0,0,0,2,-5,7,7.0,5,5.0,3.0,0.0
2017-10-28,2017,TSG Hoffenheim,Borussia Monchengladbach,A,0,2.04,3.6,3.5,1648.1401758582392,1565.0744183753416,83.06575748289765,100,100,0.0,-2,-1,-1,-3,8,8.0,9,9.0,1.3333333333333333,1.3333333333333333
2017-10-28,2017,Bayer Leverkusen,FC Cologne,H,2,1.33,5.25,9.0,1554.0540051149317,1464.476461843617,89.57754327131465,100,100,0.0,5,5,4,4,8,8.0,2,2.0,1.6666666666666667,0.6666666666666666
2017-10-29,2017,VfB Stuttgart,SC Freiburg,H,2,1.83,3.5,4.5,1435.972342437651,1518.6113859364214,-82.63904349877043,100,100,0.0,0,0,0,0,4,4.0,6,6.0,2.3333333333333335,0.3333333333333333
2017-10-29,2017,Werder Bremen,FC Augsburg,A,0,2.29,3.29,3.2,1506.6690756339356,1516.2208162755587,-9.551740641623155,100,100,0.0,1,0,-1,3,4,4.0,5,5.0,0.0,3.0
2017-11-03,2017,Ein Frankfurt,Werder Bremen,H,2,1.75,3.75,4.75,1512.5766139288326,1487.8499988633612,24.72661506547138,100,100,0.0,-1,0,1,-3,8,8.0,3,3.0,1.3333333333333333,1.3333333333333333
2017-11-04,2017,Borussia Monchengladbach,FSV Mainz 05,D,1,1.61,4.0,5.5,1587.3196009062578,1464.5708575127517,122.74874339350617,100,100,0.0,4,3,3,6,9,9.0,8,8.0,2.0,1.0
2017-11-04,2017,RB Leipzig,Hannover 96,H,2,1.44,4.5,7.5,1655.409295132886,1474.8011430641652,180.60815206872076,100,100,0.0,0,0,0,0,12,12.0,7,7.0,1.5,1.5
2017-11-04,2017,SC Freiburg,FC Schalke 04,A,0,3.79,3.29,2.04,1504.3602954695093,1567.175337500357,-62.815042030847735,100,100,0.0,-4,-4,-5,-2,5,5.0,8,8.0,1.6666666666666667,0.6666666666666666
2017-11-04,2017,Borussia Dortmund,Bayern Munich,A,0,3.29,3.79,2.04,1699.8614857832176,1841.6113751527396,-141.74988936952195,100,100,0.0,-3,-5,-3,0,7,7.0,11,11.0,1.3333333333333333,1.3333333333333333
2017-11-04,2017,FC Augsburg,Bayer Leverkusen,D,1,3.5,3.6,2.04,1535.039893046133,1561.5952341119375,-26.55534106580444,100,100,0.0,-5,-5,-4,-4,5,5.0,11,11.0,0.6666666666666666,1.6666666666666667
2017-11-04,2017,Hamburg,VfB Stuttgart,H,2,2.45,3.39,2.87,1453.84095556088,1450.223432904563,3.617522656317078,100,100,0.0,0,-1,-1,1,1,1.0,7,7.0,1.0,2.0
2017-11-05,2017,FC Cologne,TSG Hoffenheim,A,0,2.87,3.39,2.45,1456.9352328466111,1625.894993327323,-168.9597604807118,100,100,0.0,-2,-2,-2,-3,2,2.0,5,5.0,0.6666666666666666,1.6666666666666667
2017-11-05,2017,VfL Wolfsburg,Hertha BSC,D,1,2.0,3.39,4.0,1504.5119686655437,1518.1007616225697,-13.588792957026044,100,100,0.0,2,2,1,2,5,5.0,5,5.0,0.3333333333333333,2.3333333333333335
2017-11-17,2017,VfB Stuttgart,Borussia Dortmund,H,2,4.2,3.89,1.8,1439.5688842021555,1686.6553473488736,-247.0864631467182,100,100,0.0,-7,-5,-7,-10,6,6.0,4,4.0,0.0,3.0
2017-11-18,2017,VfL Wolfsburg,SC Freiburg,H,2,1.61,3.75,6.0,1500.8563633464391,1487.760993665071,13.095369681368084,100,100,0.0,4,4,3,7,5,5.0,4,4.0,2.0,1.0
2017-11-18,2017,FSV Mainz 05,FC Cologne,H,2,2.04,3.39,3.79,1473.0558071799078,1444.87397526016,28.181831919747765,100,100,0.0,0,0,0,0,6,6.0,1,1.0,0.3333333333333333,2.3333333333333335
2017-11-18,2017,Bayer Leverkusen,RB Leipzig,D,1,2.29,3.5,3.0,1564.7196930890727,1660.384874433817,-95.66518134474427,100,100,0.0,5,5,4,4,9,9.0,12,12.0,0.0,3.0
2017-11-18,2017,Hertha BSC,Borussia Monchengladbach,A,0,2.89,3.25,2.5,1521.7563669416743,1578.8346512391017,-57.078284297427444,100,100,0.0,-2,-1,-1,-1,6,6.0,10,10.0,1.0,2.0
2017-11-18,2017,Bayern Munich,FC Augsburg,H,2,1.16,8.0,15.0,1854.8175135870836,1531.915434068998,322.90207951808566,100,100,0.0,10,10,10,10,13,13.0,5,5.0,3.0,0.0
2017-11-18,2017,TSG Hoffenheim,Ein Frankfurt,D,1,2.2,3.39,3.39,1637.956250913774,1522.411725420343,115.54452549343114,100,100,0.0,2,2,2,3,5,5.0,11,11.0,2.3333333333333335,0.3333333333333333
2017-11-19,2017,FC Schalke 04,Hamburg,H,2,1.57,3.79,6.5,1583.7746393047953,1464.4955042632876,119.27913504150774,100,100,0.0,4,5,6,1,11,11.0,4,4.0,1.3333333333333333,1.3333333333333333
2017-11-19,2017,Werder Bremen,Hannover 96,H,2,2.2,3.39,3.29,1478.0148873718508,1469.8255637632342,8.189323608616633,100,100,0.0,1,0,-1,3,2,2.0,6,6.0,1.3333333333333333,1.3333333333333333
2017-11-24,2017,Hannover 96,VfB Stuttgart,D,1,2.29,3.39,3.1,1459.3511335574703,1460.5651030124084,-1.2139694549380238,100,100,0.0,0,0,0,0,6,6.0,9,9.0,1.3333333333333333,1.3333333333333333
2017-11-25,2017,Borussia Monchengladbach,Bayern Munich,H,2,5.75,4.75,1.5,1595.6783607573113,1857.2350747230287,-261.55671396571734,100,100,0.0,-6,-7,-7,-4,10,10.0,15,15.0,0.3333333333333333,2.3333333333333335
2017-11-25,2017,RB Leipzig,Werder Bremen,H,2,1.5,4.33,6.5,1660.57201388882,1488.4893175776147,172.08269631120538,100,100,0.0,-1,0,1,-3,10,10.0,4,4.0,1.5,1.5
2017-11-25,2017,Ein Frankfurt,Bayer Leverkusen,A,0,2.62,3.5,2.62,1530.6826869105928,1564.5325536340697,-33.84986672347691,100,100,0.0,-5,-5,-4,-4,9,9.0,9,9.0,1.0,2.0
2017-11-25,2017,Borussia Dortmund,FC Schalke 04,D,1,1.72,4.2,4.33,1665.6591285386207,1590.3921292745988,75.26699926402193,100,100,0.0,3,1,2,8,1,1.0,13,13.0,1.0,1.0
2017-11-25,2017,SC Freiburg,FSV Mainz 05,H,2,2.75,3.29,2.6,1477.4782648025086,1482.7598840717712,-5.281619269262592,100,100,0.0,0,0,0,0,1,1.0,8,8.0,1.0,2.0
2017-11-25,2017,FC Augsburg,VfL Wolfsburg,H,2,2.37,3.29,3.1,1529.4978729330528,1511.1390922090015,18.358780724051257,100,100,0.0,-4,-4,-3,-7,5,5.0,7,7.0,2.0,1.0
2017-11-26,2017,FC Cologne,Hertha BSC,A,0,2.5,3.2,3.0,1435.1698983682966,1504.9126574234647,-69.74275905516811,100,100,0.0,-2,-2,-2,-5,1,1.0,5,5.0,1.0,2.0
2017-11-26,2017,Hamburg,TSG Hoffenheim,H,2,2.79,3.39,2.5,1457.878014293484,1629.6852894235242,-171.80727513004013,100,100,0.0,-2,-3,-3,-2,3,3.0,6,6.0,1.3333333333333333,1.3333333333333333
2017-12-01,2017,SC Freiburg,Hamburg,D,1,2.5,3.25,2.89,1488.48732915413,1475.9347829286753,12.552546225454762,100,100,0.0,0,1,1,-1,4,4.0,6,6.0,1.6666666666666667,0.6666666666666666
2017-12-02,2017,Bayer Leverkusen,Borussia Dortmund,D,1,2.25,3.6,3.0,1582.3544680706702,1658.6748784337865,-76.32041036311625,100,100,0.0,-2,0,-3,-6,11,11.0,2,2.0,1.0,2.0
2017-12-02,2017,Bayern Munich,Hannover 96,H,2,1.14,9.0,17.0,1835.7228453537195,1455.1975291012682,380.5253162524514,100,100,0.0,10,10,10,10,12,12.0,7,7.0,3.0,0.0
2017-12-02,2017,TSG Hoffenheim,RB Leipzig,H,2,3.29,3.6,2.1,1611.628520788333,1665.75463214301,-54.12611135467705,100,100,0.0,2,2,2,3,5,5.0,10,10.0,0.5,2.0
2017-12-02,2017,FC Schalke 04,FC Cologne,D,1,1.44,4.33,8.0,1597.376379379433,1418.8668807223496,178.50949865708344,100,100,0.0,4,4,5,2,11,11.0,1,1.0,1.3333333333333333,1.3333333333333333
2017-12-02,2017,Werder Bremen,VfB Stuttgart,H,2,2.29,3.39,3.1,1483.3066993234247,1464.7187074686105,18.587991854814163,100,100,0.0,1,0,-1,3,4,4.0,7,7.0,1.3333333333333333,1.3333333333333333
2017-12-02,2017,FSV Mainz 05,FC Augsburg,A,0,2.6,3.25,2.79,1471.7508197201498,1539.5768226704247,-67.82600295027487,100,100,0.0,0,0,0,0,5,5.0,7,7.0,3.0,0.0
2017-12-03,2017,Hertha BSC,Ein Frankfurt,A,0,2.7,3.25,2.7,1521.2156750694116,1512.8607724739923,8.35490259541939,100,100,0.0,2,2,2,5,8,8.0,6,6.0,2.3333333333333335,0.3333333333333333
2017-12-03,2017,VfL Wolfsburg,Borussia Monchengladbach,H,2,2.62,3.39,2.62,1501.0601424716297,1617.1905901266205,-116.1304476549908,100,100,0.0,0,1,0,1,6,6.0,10,10.0,2.3333333333333335,0.3333333333333333
2017-12-08,2017,VfB Stuttgart,Bayer Leverkusen,A,0,3.2,3.5,2.25,1454.648586570448,1581.3337180293172,-126.68513145886914,100,100,0.0,-5,-5,-4,-4,7,7.0,9,9.0,0.0,3.0
2017-12-09,2017,Borussia Monchengladbach,FC Schalke 04,D,1,2.25,3.39,3.2,1601.4946826540663,1587.4023011182403,14.092381535826007,100,100,0.0,0,-1,-2,4,10,10.0,9,9.0,1.0,2.0
2017-12-09,2017,RB Leipzig,FSV Mainz 05,D,1,1.39,4.75,8.0,1652.72373765216,1455.3657136898478,197.35802396231225,100,100,0.0,0,0,0,0,7,7.0,5,5.0,3.0,0.0
2017-12-09,2017,Ein Frankfurt,Bayern Munich,A,0,7.0,4.75,1.44,1532.3928392449943,1837.4983156984229,-305.10547645342854,100,100,0.0,-10,-10,-10,-10,8,8.0,12,12.0,0.3333333333333333,2.3333333333333335
2017-12-09,2017,Hamburg,VfL Wolfsburg,D,1,2.5,3.29,2.87,1480.6309259231286,1516.7560499441838,-36.12512402105517,100,100,0.0,-4,-5,-4,-6,7,7.0,8,8.0,1.0,2.0
2017-12-09,2017,Borussia Dortmund,Werder Bremen,A,0,1.39,5.25,7.0,1659.6956284751395,1493.3768202215872,166.31880825355233,100,100,0.0,6,5,8,7,2,2.0,6,6.0,3.0,0.0
2017-12-10,2017,FC Cologne,SC Freiburg,A,0,2.25,3.25,3.2,1428.8409589835424,1483.7911861596767,-54.950227176134376,100,100,0.0,0,0,0,0,1,1.0,4,4.0,1.0,2.0
2017-12-10,2017,FC Augsburg,Hertha BSC,D,1,1.95,3.29,4.0,1555.9619287007267,1501.6836082984096,54.27832040231715,100,100,0.0,-2,-2,-2,-5,10,10.0,7,7.0,0.6666666666666666,1.6666666666666667
2017-12-10,2017,Hannover 96,TSG Hoffenheim,H,2,2.7,3.39,2.5,1453.4220587565649,1624.659415279183,-171.23735652261803,100,100,0.0,-2,-2,-2,-3,4,4.0,7,7.0,1.0,2.0
2017-12-12,2017,SC Freiburg,Borussia Monchengladbach,H,2,3.39,3.39,2.14,1500.725314044407,1596.7386592586927,-96.01334521428566,100,100,0.0,-4,-3,-3,-6,7,7.0,8,8.0,1.0,2.0
2017-12-12,2017,Hamburg,Ein Frankfurt,A,0,2.6,3.2,2.79,1477.9038811797855,1525.3449516250923,-47.44107044530688,100,100,0.0,0,-1,-1,1,8,8.0,7,7.0,0.6666666666666666,1.6666666666666667
2017-12-12,2017,FSV Mainz 05,Borussia Dortmund,A,0,5.0,4.0,1.61,1465.77753133586,1635.0220458386145,-169.24451450275455,100,100,0.0,-7,-5,-7,-10,5,5.0,2,2.0,0.3333333333333333,2.3333333333333335
2017-12-12,2017,VfL Wolfsburg,RB Leipzig,D,1,3.0,3.6,2.29,1519.483094687527,1642.3119200061478,-122.82882531862083,100,100,0.0,4,4,3,7,8,8.0,8,8.0,1.5,1.5
2017-12-13,2017,Bayern Munich,FC Cologne,H,2,1.08,12.0,26.0,1844.5462033183248,1411.906831098812,432.6393722195128,100,100,0.0,10,10,10,10,12,12.0,1,1.0,2.3333333333333335,0.3333333333333333
2017-12-13,2017,TSG Hoffenheim,VfB Stuttgart,H,2,1.9,3.6,4.0,1606.6262380578057,1440.798416185597,165.8278218722087,100,100,0.0,2,2,2,3,7,7.0,4,4.0,1.3333333333333333,1.3333333333333333
2017-12-13,2017,Bayer Leverkusen,Werder Bremen,H,2,1.44,4.75,7.0,1595.1838884141682,1518.0504028581122,77.13348555605603,100,100,0.0,4,5,5,1,9,9.0,9,9.0,0.3333333333333333,2.3333333333333335
2017-12-13,2017,FC Schalke 04,FC Augsburg,H,2,1.83,3.6,4.5,1592.158324513614,1549.707007087594,42.45131742601984,100,100,0.0,4,4,5,2,9,9.0,8,8.0,1.6666666666666667,0.6666666666666666
2017-12-13,2017,Hertha BSC,Hannover 96,H,2,2.0,3.29,4.0,1507.9385299115422,1471.455235977942,36.48329393360018,100,100,0.0,2,2,2,5,5,5.0,4,4.0,1.6666666666666667,0.6666666666666666
2017-12-15,2017,Borussia Monchengladbach,Hamburg,H,2,1.8,3.6,4.5,1581.9107694279191,1460.6518823746542,121.25888705326497,100,100,0.0,4,4,4,5,7,7.0,5,5.0,0.3333333333333333,2.3333333333333335
2017-12-16,2017,Borussia Dortmund,TSG Hoffenheim,H,2,1.5,4.33,6.5,1647.07148338171,1611.9650481512683,35.106435230441775,100,100,0.0,5,3,5,7,5,5.0,7,7.0,2.3333333333333335,0.3333333333333333
2017-12-16,2017,VfB Stuttgart,Bayern Munich,A,0,10.0,5.0,1.33,1435.4596060921344,1845.8820031881737,-410.4223970960393,100,100,0.0,-10,-10,-10,-10,4,4.0,12,12.0,0.0,3.0
2017-12-16,2017,FC Augsburg,SC Freiburg,D,1,1.75,3.6,5.0,1540.5341972704787,1515.5532038751805,24.98099339529813,100,100,0.0,0,0,0,0,7,7.0,10,10.0,0.3333333333333333,2.3333333333333335
2017-12-16,2017,FC Cologne,VfL Wolfsburg,H,2,3.6,3.5,2.04,1410.5710312289632,1520.4672783520443,-109.89624712308114,100,100,0.0,-4,-4,-3,-7,1,1.0,8,8.0,1.6666666666666667,0.6666666666666666
2017-12-16,2017,Werder Bremen,FSV Mainz 05,D,1,1.95,3.5,4.0,1510.0976073379227,1453.7280937927644,56.36951354515827,100,100,0.0,1,0,-1,3,9,9.0,4,4.0,1.3333333333333333,1.3333333333333333
2017-12-16,2017,Ein Frankfurt,FC Schalke 04,D,1,2.5,3.1,3.1,1542.5969504302236,1601.3311343307294,-58.73418390050574,100,100,0.0,-4,-4,-5,-2,7,7.0,9,9.0,2.3333333333333335,0.3333333333333333
2017-12-17,2017,Hannover 96,Bayer Leverkusen,D,1,4.33,3.79,1.8,1462.062203086952,1603.1366839343577,-141.07448084740577,100,100,0.0,-5,-5,-4,-4,4,4.0,11,11.0,0.0,3.0
2017-12-17,2017,RB Leipzig,Hertha BSC,A,0,1.57,3.79,6.0,1641.3277363416305,1517.3315628025323,123.99617353909821,100,100,0.0,-2,-2,-2,-5,6,6.0,7,7.0,3.0,0.0
2018-01-12,2017,Bayer Leverkusen,Bayern Munich,A,0,4.2,3.79,1.83,1601.3715717050268,1850.18547071516,-248.81389901013313,100,100,0.0,-5,-5,-6,-6,11,11.0,12,12.0,0.3333333333333333,2.3333333333333335
2018-01-13,2017,Hannover 96,FSV Mainz 05,H,2,2.2,3.39,3.29,1463.827315316283,1460.0574128330204,3.7699024832625128,100,100,0.0,0,0,0,0,5,5.0,2,2.0,1.0,2.0
2018-01-13,2017,FC Augsburg,Hamburg,H,2,1.95,3.39,4.2,1535.3596308845758,1454.0929852014958,81.26664568308001,100,100,0.0,0,1,1,-1,8,8.0,5,5.0,1.0,2.0
2018-01-13,2017,Ein Frankfurt,SC Freiburg,D,1,1.85,3.5,4.5,1540.8236925090478,1520.7277702610834,20.09592224796438,100,100,0.0,0,0,0,0,7,7.0,11,11.0,0.3333333333333333,2.3333333333333335
2018-01-13,2017,VfB Stuttgart,Hertha BSC,H,2,2.14,3.29,3.6,1431.1561385651482,1540.8530614350213,-109.6969228698731,100,100,0.0,-2,-2,-2,-5,1,1.0,10,10.0,1.0,2.0
2018-01-13,2017,Werder Bremen,TSG Hoffenheim,D,1,2.6,3.39,2.75,1503.7682882976667,1602.520801664265,-98.75251336659835,100,100,0.0,-1,-2,-3,0,7,7.0,6,6.0,0.3333333333333333,2.3333333333333335
2018-01-13,2017,RB Leipzig,FC Schalke 04,H,2,2.1,3.39,3.6,1617.8062377091414,1603.1043922519052,14.701845457236232,100,100,0.0,-4,-4,-5,-2,5,5.0,7,7.0,1.3333333333333333,1.3333333333333333
2018-01-14,2017,Borussia Dortmund,VfL Wolfsburg,D,1,1.39,5.0,7.5,1656.5157298687134,1505.0401385284003,151.47559134031303,100,100,0.0,3,1,4,3,8,8.0,5,5.0,3.0,0.0
2018-01-14,2017,FC Cologne,Borussia Monchengladbach,H,2,3.29,3.5,2.14,1425.9981710526072,1588.4696666010775,-162.47149554847033,100,100,0.0,-4,-3,-3,-6,4,4.0,7,7.0,1.0,2.0
2018-01-19,2017,Hertha BSC,Borussia Dortmund,D,1,3.29,3.39,2.2,1525.4345202926124,1647.2268203277395,-121.79230003512703,100,100,0.0,-5,-3,-5,-5,7,7.0,8,8.0,1.3333333333333333,1.3333333333333333
2018-01-20,2017,SC Freiburg,RB Leipzig,H,2,3.5,3.5,2.1,1525.7156367195344,1628.0265600941916,-102.31092337465725,100,100,0.0,0,0,0,0,9,9.0,5,5.0,0.0,3.0
2018-01-20,2017,Hamburg,FC Cologne,A,0,2.2,3.29,3.39,1446.278466422714,1443.6665868579378,2.6118795647762454,100,100,0.0,0,-1,-1,1,2,2.0,7,7.0,2.0,1.0
2018-01-20,2017,TSG Hoffenheim,Bayer Leverkusen,A,0,2.87,3.6,2.37,1602.5746597601758,1592.4303274381884,10.14433232198735,100,100,0.0,-3,-3,-2,-1,7,7.0,8,8.0,2.3333333333333335,0.3333333333333333
2018-01-20,2017,FSV Mainz 05,VfB Stuttgart,H,2,2.6,3.2,2.87,1449.4088900128334,1446.5746797075572,2.8342103052762013,100,100,0.0,0,0,0,0,2,2.0,3,3.0,1.3333333333333333,1.3333333333333333
2018-01-20,2017,Borussia Monchengladbach,FC Augsburg,H,2,2.1,3.6,3.39,1570.801250795747,1543.1741496633576,27.62710113238927,100,100,0.0,4,3,3,6,4,4.0,8,8.0,0.6666666666666666,1.6666666666666667
2018-01-20,2017,VfL Wolfsburg,Ein Frankfurt,A,0,2.2,3.2,3.6,1514.3290480693743,1535.8358260505968,-21.506777981222513,100,100,0.0,4,4,3,7,6,6.0,8,8.0,3.0,0.0
2018-01-21,2017,FC Schalke 04,Hannover 96,D,1,1.57,3.79,6.5,1592.884069866855,1474.47583813647,118.40823173038507,100,100,0.0,4,4,5,2,6,6.0,7,7.0,2.0,1.0
2018-01-21,2017,Bayern Munich,Werder Bremen,H,2,1.12,10.0,17.0,1859.1267149819982,1503.714430201756,355.4122847802423,100,100,0.0,9,10,11,7,15,15.0,8,8.0,3.0,0.0
2018-01-26,2017,Ein Frankfurt,Borussia Monchengladbach,H,2,2.45,3.39,2.89,1554.1681482693118,1580.5263037645702,-26.358155495258416,100,100,0.0,-4,-3,-3,-6,8,8.0,7,7.0,1.6666666666666667,0.6666666666666666
2018-01-27,2017,RB Leipzig,Hamburg,D,1,1.5,4.2,7.0,1612.9267909833452,1426.972821748966,185.9539692343792,100,100,0.0,0,1,1,-1,5,5.0,1,1.0,2.0,1.0
2018-01-27,2017,FC Cologne,FC Augsburg,D,1,2.79,3.25,2.6,1462.9722315316858,1533.4490966945343,-70.47686516284853,100,100,0.0,0,0,0,0,9,9.0,5,5.0,0.3333333333333333,2.3333333333333335
2018-01-27,2017,Borussia Dortmund,SC Freiburg,D,1,1.39,5.0,7.5,1646.2872029994285,1540.8154058303808,105.4717971690477,100,100,0.0,7,5,7,10,8,8.0,11,11.0,2.3333333333333335,0.3333333333333333
2018-01-27,2017,VfB Stuttgart,FC Schalke 04,A,0,2.89,3.25,2.5,1435.889130672669,1584.5274536900051,-148.63832301733623,100,100,0.0,-4,-4,-5,-2,3,3.0,6,6.0,0.3333333333333333,2.3333333333333335
2018-01-27,2017,Bayern Munich,TSG Hoffenheim,H,2,1.19,7.0,13.0,1861.1596180692338,1582.972499269455,278.1871187997788,100,100,0.0,8,8,8,7,15,15.0,4,4.0,0.3333333333333333,2.3333333333333335
2018-01-27,2017,Werder Bremen,Hertha BSC,D,1,2.2,3.39,3.29,1501.6815271145203,1526.3741376209234,-24.69261050640307,100,100,0.0,-1,-2,-3,-2,5,5.0,8,8.0,2.3333333333333335,0.3333333333333333
2018-01-28,2017,Hannover 96,VfL Wolfsburg,A,0,2.29,3.39,3.1,1482.8324543133199,1495.9967258506592,-13.164271537339346,100,100,0.0,-4,-4,-3,-7,8,8.0,3,3.0,0.6666666666666666,1.6666666666666667
2018-01-28,2017,Bayer Leverkusen,FSV Mainz 05,H,2,1.39,5.0,7.5,1612.0324879289092,1460.0944390477216,151.93804888118757,100,100,0.0,5,5,4,4,10,10.0,5,5.0,1.0,2.0
2018-02-02,2017,FC Cologne,Borussia Dortmund,A,0,5.0,3.79,1.7,1461.700674358791,1638.3237265281718,-176.6230521693808,100,100,0.0,-7,-5,-7,-10,10,10.0,9,9.0,0.6666666666666666,1.6666666666666667
2018-02-03,2017,VfL Wolfsburg,VfB Stuttgart,D,1,2.25,3.29,3.29,1514.6695655314495,1422.9754048153065,91.69416071614296,100,100,0.0,4,4,3,7,5,5.0,3,3.0,1.0,2.0
2018-02-03,2017,SC Freiburg,Bayer Leverkusen,D,1,4.0,3.79,1.85,1548.7788823016374,1617.731279232824,-68.95239693118651,100,100,0.0,-5,-5,-4,-4,9,9.0,10,10.0,1.3333333333333333,1.3333333333333333
2018-02-03,2017,Hertha BSC,TSG Hoffenheim,D,1,2.62,3.29,2.75,1529.5754413211544,1579.917504473297,-50.3420631521426,100,100,0.0,0,0,0,2,8,8.0,4,4.0,0.3333333333333333,2.3333333333333335
2018-02-03,2017,FSV Mainz 05,Bayern Munich,A,0,10.0,5.25,1.3,1454.3956477438069,1864.214612865392,-409.81896512158505,100,100,0.0,-10,-10,-10,-10,4,4.0,15,15.0,0.3333333333333333,2.3333333333333335
2018-02-03,2017,Borussia Monchengladbach,RB Leipzig,A,0,2.5,3.39,2.79,1568.658905595643,1602.775960880092,-34.11705528444895,100,100,0.0,4,3,3,6,6,6.0,5,5.0,0.6666666666666666,1.6666666666666667
2018-02-03,2017,FC Schalke 04,Werder Bremen,A,0,1.75,3.79,4.75,1597.4411795473675,1498.4802234142894,98.96095613307807,100,100,0.0,3,4,6,-1,8,8.0,3,3.0,2.0,1.0
2018-02-04,2017,Hamburg,Hannover 96,D,1,2.25,3.29,3.29,1437.1236518522192,1464.1596146325296,-27.035962780310456,100,100,0.0,0,-1,-1,1,1,1.0,5,5.0,1.0,2.0
2018-02-04,2017,FC Augsburg,Ein Frankfurt,H,2,2.35,3.29,3.1,1534.720653867429,1566.035546438239,-31.31489257080989,100,100,0.0,0,0,0,0,5,5.0,11,11.0,1.3333333333333333,1.3333333333333333
2018-02-09,2017,RB Leipzig,FC Augsburg,H,2,1.7,3.79,5.0,1620.58674651433,1546.793315806406,73.79343070792379,100,100,0.0,0,0,0,0,7,7.0,8,8.0,1.3333333333333333,1.3333333333333333
2018-02-10,2017,Bayer Leverkusen,Hertha BSC,A,0,1.53,4.33,6.0,1619.0681553149416,1527.446016203127,91.62213911181448,100,100,0.0,3,3,2,-1,8,8.0,6,6.0,2.0,1.0
2018-02-10,2017,TSG Hoffenheim,FSV Mainz 05,H,2,1.61,4.0,5.25,1582.0469295913242,1450.0793600523593,131.96756953896488,100,100,0.0,2,2,2,3,2,2.0,4,4.0,2.3333333333333335,0.3333333333333333
2018-02-10,2017,Bayern Munich,FC Schalke 04,H,2,1.28,6.0,9.5,1868.5309005568395,1574.6815754371082,293.84932511973125,100,100,0.0,6,6,5,8,15,15.0,5,5.0,2.3333333333333335,0.3333333333333333
2018-02-10,2017,Ein Frankfurt,FC Cologne,H,2,1.9,3.5,4.2,1553.962884499262,1449.9561485281713,104.00673597109062,100,100,0.0,0,0,0,0,8,8.0,10,10.0,2.0,1.0
2018-02-10,2017,Borussia Dortmund,Hamburg,H,2,1.33,5.25,9.0,1650.0682523587916,1434.0190483906301,216.04920396816146,100,100,0.0,7,6,8,9,9,9.0,2,2.0,3.0,0.0
2018-02-10,2017,Hannover 96,SC Freiburg,H,2,2.1,3.5,3.5,1467.2642180941186,1547.4420062195197,-80.1777881254011,100,100,0.0,0,0,0,0,6,6.0,7,7.0,1.6666666666666667,0.6666666666666666
2018-02-11,2017,VfB Stuttgart,Borussia Monchengladbach,H,2,2.5,3.39,2.79,1430.502753997172,1550.8481199614052,-120.34536596423322,100,100,0.0,-4,-3,-3,-6,4,4.0,6,6.0,0.0,3.0
2018-02-11,2017,Werder Bremen,VfL Wolfsburg,H,2,2.14,3.39,3.39,1521.2398275245487,1507.142216349584,14.09761117496464,100,100,0.0,-3,-4,-4,-4,6,6.0,5,5.0,2.3333333333333335,0.3333333333333333
2018-02-16,2017,Hertha BSC,FSV Mainz 05,A,0,2.0,3.39,4.0,1549.9710387557216,1443.8309016952603,106.14013706046126,100,100,0.0,2,2,2,5,6,6.0,3,3.0,1.0,2.0
2018-02-17,2017,FC Cologne,Hannover 96,D,1,2.29,3.39,3.1,1442.8740992872235,1481.409351753302,-38.53525246607842,100,100,0.0,0,0,0,0,7,7.0,8,8.0,1.3333333333333333,1.3333333333333333
2018-02-17,2017,VfL Wolfsburg,Bayern Munich,A,0,8.5,5.0,1.36,1496.8984428273177,1871.3472378149875,-374.44879498766977,100,100,0.0,-6,-6,-7,-3,5,5.0,15,15.0,0.3333333333333333,2.3333333333333335
2018-02-17,2017,SC Freiburg,Werder Bremen,H,2,2.5,3.29,2.89,1533.2968725603364,1531.483601046815,1.8132715135213857,100,100,0.0,-1,0,1,-3,6,6.0,8,8.0,1.3333333333333333,1.3333333333333333
2018-02-17,2017,FC Schalke 04,TSG Hoffenheim,H,2,2.1,3.5,3.5,1571.8652381789602,1588.2953879484232,-16.430149769463014,100,100,0.0,2,2,3,-1,4,4.0,5,5.0,0.3333333333333333,2.3333333333333335
2018-02-17,2017,Hamburg,Bayer Leverkusen,A,0,3.79,3.5,2.0,1429.8336034430622,1596.543132762347,-166.7095293192849,100,100,0.0,-5,-6,-5,-3,2,2.0,7,7.0,1.0,2.0
2018-02-18,2017,FC Augsburg,VfB Stuttgart,A,0,2.04,3.39,3.75,1538.7276410934041,1446.3801314066454,92.34750968675871,100,100,0.0,0,0,0,0,7,7.0,7,7.0,2.3333333333333335,0.3333333333333333
2018-02-18,2017,Borussia Monchengladbach,Borussia Dortmund,A,0,3.0,3.6,2.29,1534.9707425519318,1654.2536973063595,-119.28295475442769,100,100,0.0,-3,-2,-4,-4,3,3.0,9,9.0,0.0,3.0
2018-02-19,2017,Ein Frankfurt,RB Leipzig,H,2,2.5,3.39,2.79,1561.0449337402097,1628.6524212273318,-67.60748748712217,100,100,0.0,0,0,0,0,10,10.0,10,10.0,0.3333333333333333,2.3333333333333335
2018-02-23,2017,FSV Mainz 05,VfL Wolfsburg,D,1,2.14,3.39,3.5,1466.815078806539,1491.773959128168,-24.95888032162884,100,100,0.0,-4,-4,-3,-7,6,6.0,4,4.0,1.0,1.0
2018-02-24,2017,VfB Stuttgart,Ein Frankfurt,H,2,2.37,3.2,3.25,1468.928564650448,1574.650474625396,-105.72190997494818,100,100,0.0,0,0,0,0,7,7.0,12,12.0,1.0,2.0
2018-02-24,2017,Bayern Munich,Hertha BSC,D,1,1.16,7.5,17.0,1876.4717215141372,1526.9868616444428,349.48485986969445,100,100,0.0,8,8,8,5,15,15.0,6,6.0,1.6666666666666667,0.6666666666666666
2018-02-24,2017,Werder Bremen,Hamburg,H,2,1.83,3.6,4.5,1520.7575870321905,1417.6788071190654,103.07877991312512,100,100,0.0,1,1,0,2,7,7.0,2,2.0,1.6666666666666667,0.6666666666666666
2018-02-24,2017,TSG Hoffenheim,SC Freiburg,D,1,1.66,4.2,4.75,1576.8353800131547,1544.022886574961,32.81249343819377,100,100,0.0,2,2,2,3,4,4.0,8,8.0,1.3333333333333333,1.3333333333333333
2018-02-24,2017,Hannover 96,Borussia Monchengladbach,A,0,2.62,3.39,2.7,1484.035656668814,1520.8024008753994,-36.76674420658537,100,100,0.0,-4,-3,-3,-6,6,6.0,3,3.0,1.0,2.0
2018-02-25,2017,Bayer Leverkusen,FC Schalke 04,A,0,1.9,3.6,4.0,1608.697929086344,1583.3252461142288,25.37268297211517,100,100,0.0,1,1,-1,2,10,10.0,7,7.0,1.3333333333333333,1.3333333333333333
2018-02-25,2017,RB Leipzig,FC Cologne,A,0,1.55,4.0,6.5,1615.0468803421454,1440.2477943717115,174.7990859704339,100,100,0.0,0,0,0,0,7,7.0,5,5.0,2.3333333333333335,0.3333333333333333
2018-02-26,2017,Borussia Dortmund,FC Augsburg,D,1,1.44,4.5,7.0,1668.422038982892,1516.1792078496017,152.24283113329034,100,100,0.0,7,5,7,10,11,11.0,4,4.0,1.6666666666666667,0.6666666666666666
2018-03-02,2017,Borussia Monchengladbach,Werder Bremen,D,1,1.95,3.5,4.0,1538.5026512645406,1527.868576922296,10.63407434224473,100,100,0.0,3,3,4,3,3,3.0,10,10.0,3.0,0.0
2018-03-03,2017,FC Augsburg,TSG Hoffenheim,A,0,2.89,3.39,2.45,1525.488511202866,1571.3652858104974,-45.87677460763143,100,100,0.0,-2,-2,-2,-3,5,5.0,5,5.0,0.6666666666666666,1.6666666666666667
2018-03-03,2017,Ein Frankfurt,Hannover 96,H,2,1.75,3.6,5.0,1559.403462245691,1466.3354062796727,93.06805596601816,100,100,0.0,0,0,0,0,9,9.0,5,5.0,3.0,0.0
2018-03-03,2017,Hamburg,FSV Mainz 05,D,1,2.25,3.29,3.39,1410.56781722896,1463.6247490784458,-53.05693184948586,100,100,0.0,0,-1,-1,1,2,2.0,4,4.0,0.3333333333333333,2.3333333333333335
2018-03-03,2017,RB Leipzig,Borussia Dortmund,D,1,2.39,3.5,2.87,1590.1628016061875,1659.1127356296277,-68.94993402344016,100,100,0.0,-7,-5,-7,-10,7,7.0,11,11.0,2.0,1.0
2018-03-03,2017,FC Schalke 04,Hertha BSC,H,2,1.66,3.6,6.0,1603.5147048537228,1539.8883327543163,63.62637209940658,100,100,0.0,2,2,3,-3,9,9.0,6,6.0,2.0,1.0
2018-03-03,2017,VfL Wolfsburg,Bayer Leverkusen,A,0,3.29,3.39,2.2,1494.9642888562612,1588.50847034685,-93.5441814905887,100,100,0.0,-1,-1,-1,3,5,5.0,7,7.0,0.6666666666666666,1.6666666666666667
2018-03-04,2017,FC Cologne,VfB Stuttgart,A,0,2.45,3.25,3.0,1465.1318731076694,1484.1755770301531,-19.0437039224837,100,100,0.0,0,0,0,0,5,5.0,10,10.0,1.0,2.0
2018-03-04,2017,SC Freiburg,Bayern Munich,A,0,10.0,5.5,1.3,1549.4929807776182,1863.5702504042638,-314.0772696266456,100,100,0.0,-10,-10,-10,-10,6,6.0,13,13.0,0.0,3.0
2018-03-09,2017,FSV Mainz 05,FC Schalke 04,A,0,3.6,3.29,2.1,1465.6392008469327,1611.930151013705,-146.2909501667723,100,100,0.0,-4,-4,-5,-2,5,5.0,9,9.0,0.0,3.0
2018-03-10,2017,Bayern Munich,Hamburg,H,2,1.12,9.0,21.0,1870.3434782556747,1408.553365460473,461.7901127952016,100,100,0.0,10,11,11,9,13,13.0,2,2.0,3.0,0.0
2018-03-10,2017,Hannover 96,FC Augsburg,A,0,2.14,3.39,3.39,1458.9070458636713,1508.1705436184475,-49.263497754776154,100,100,0.0,0,0,0,0,5,5.0,4,4.0,1.0,2.0
2018-03-10,2017,Hertha BSC,SC Freiburg,D,1,2.1,3.25,3.79,1531.472886594334,1542.7197529262073,-11.246866331873207,100,100,0.0,2,2,2,5,5,5.0,5,5.0,1.3333333333333333,1.3333333333333333
2018-03-10,2017,TSG Hoffenheim,VfL Wolfsburg,H,2,1.66,4.0,5.0,1588.683253394916,1479.6856008394427,108.99765255547322,100,100,0.0,-2,-2,-1,-4,8,8.0,2,2.0,0.6666666666666666,1.6666666666666667
2018-03-10,2017,Bayer Leverkusen,Borussia Monchengladbach,H,2,1.7,3.89,5.0,1603.7871583636684,1533.8813455348313,69.90581282883704,100,100,0.0,1,2,1,-2,7,7.0,4,4.0,1.0,2.0
2018-03-11,2017,Borussia Dortmund,Ein Frankfurt,H,2,1.75,3.6,5.0,1660.4497171993266,1566.8318226616923,93.61789453763436,100,100,0.0,7,5,7,10,11,11.0,9,9.0,1.3333333333333333,1.3333333333333333
2018-03-11,2017,VfB Stuttgart,RB Leipzig,D,1,2.62,3.39,2.62,1502.6088299095609,1588.8258200364885,-86.21699012692761,100,100,0.0,0,0,0,0,13,13.0,7,7.0,0.0,3.0
2018-03-12,2017,Werder Bremen,FC Cologne,H,2,1.83,3.75,4.2,1532.4898826520052,1446.6986202282617,85.79126242374355,100,100,0.0,1,0,-1,3,10,10.0,4,4.0,0.6666666666666666,1.6666666666666667
2018-03-16,2017,SC Freiburg,VfB Stuttgart,A,0,2.62,3.2,2.79,1546.4703047514752,1502.01408150459,44.4562232468852,100,100,0.0,0,0,0,0,5,5.0,13,13.0,0.3333333333333333,2.3333333333333335
2018-03-17,2017,FC Augsburg,Werder Bremen,A,0,2.5,3.1,3.1,1525.3455754642473,1540.1548253825904,-14.809249918343085,100,100,0.0,-1,0,1,-3,4,4.0,10,10.0,3.0,0.0
2018-03-17,2017,Ein Frankfurt,FSV Mainz 05,H,2,1.61,3.79,6.0,1559.4211380247339,1452.6259992594096,106.79513876532428,100,100,0.0,0,0,0,0,9,9.0,5,5.0,1.3333333333333333,1.3333333333333333
2018-03-17,2017,Hamburg,Hertha BSC,A,0,2.54,3.0,3.0,1407.416099134553,1527.7223347690663,-120.30623563451331,100,100,0.0,-2,-3,-3,-4,1,1.0,5,5.0,1.0,2.0
2018-03-17,2017,Borussia Monchengladbach,TSG Hoffenheim,D,1,2.75,3.39,2.54,1525.6830178119956,1595.611047688566,-69.92802987657046,100,100,0.0,2,1,1,3,4,4.0,10,10.0,1.3333333333333333,1.3333333333333333
2018-03-17,2017,VfL Wolfsburg,FC Schalke 04,A,0,3.5,3.25,2.2,1472.7578065457926,1624.943352601228,-152.18554605543545,100,100,0.0,0,0,-2,5,1,1.0,12,12.0,0.3333333333333333,2.3333333333333335
2018-03-18,2017,FC Cologne,Bayer Leverkusen,H,2,5.0,3.75,1.72,1439.0336774976765,1611.9854860865041,-172.9518085888276,100,100,0.0,-5,-5,-4,-4,4,4.0,9,9.0,0.6666666666666666,1.6666666666666667
2018-03-18,2017,RB Leipzig,Bayern Munich,H,2,5.0,4.33,1.6,1589.4205684414594,1871.4807445815948,-282.06017614013535,100,100,0.0,-10,-10,-10,-10,5,5.0,13,13.0,0.0,3.0
2018-03-18,2017,Borussia Dortmund,Hannover 96,H,2,1.44,4.75,7.0,1667.860401836285,1441.7320140178715,226.12838781841356,100,100,0.0,7,5,7,10,11,11.0,4,4.0,2.0,1.0
2018-03-31,2017,TSG Hoffenheim,FC Cologne,H,2,1.53,4.5,5.75,1596.9061265421838,1457.1377756196068,139.76835092257693,100,100,0.0,2,2,2,3,8,8.0,7,7.0,2.3333333333333335,0.3333333333333333
2018-03-31,2017,VfB Stuttgart,Hamburg,D,1,1.72,3.6,4.75,1522.9146021105485,1393.2917929207135,129.62280918983492,100,100,0.0,0,1,1,-1,13,13.0,1,1.0,1.0,2.0
2018-03-31,2017,FC Schalke 04,SC Freiburg,H,2,1.55,3.79,6.5,1637.7071132436436,1525.5697841455167,112.13732909812688,100,100,0.0,4,4,5,2,15,15.0,5,5.0,1.3333333333333333,1.3333333333333333
2018-03-31,2017,Hertha BSC,VfL Wolfsburg,D,1,2.04,3.29,3.6,1541.8466409829057,1459.9940459033771,81.85259507952856,100,100,0.0,-2,-2,-1,-2,5,5.0,1,1.0,2.3333333333333335,0.3333333333333333
2018-03-31,2017,Hannover 96,RB Leipzig,A,0,3.89,3.6,1.95,1437.7511932594757,1611.6324186519028,-173.88122539242704,100,100,0.0,0,0,0,0,1,1.0,5,5.0,0.0,3.0
2018-03-31,2017,Bayern Munich,Borussia Dortmund,H,2,1.36,5.0,8.0,1849.2688943711514,1671.8412225946809,177.42767177647056,100,100,0.0,3,5,3,0,10,10.0,11,11.0,2.0,1.0
2018-03-31,2017,Bayer Leverkusen,FC Augsburg,D,1,1.44,4.5,6.5,1593.8813879645738,1506.7395742649862,87.1418136995876,100,100,0.0,5,5,4,4,9,9.0,4,4.0,1.6666666666666667,0.6666666666666666
2018-04-01,2017,FSV Mainz 05,Borussia Monchengladbach,D,1,2.45,3.39,2.75,1445.6304227957298,1524.3879389583778,-78.75751616264802,100,100,0.0,-4,-3,-3,-6,5,5.0,5,5.0,0.3333333333333333,2.3333333333333335
2018-04-01,2017,Werder Bremen,Ein Frankfurt,H,2,2.37,3.25,3.0,1558.7608265818515,1566.4167144884136,-7.655887906562157,100,100,0.0,1,0,-1,3,10,10.0,9,9.0,0.3333333333333333,2.3333333333333335
2018-04-06,2017,Hannover 96,Werder Bremen,H,2,2.89,3.5,2.37,1425.8936778221334,1569.8653120834942,-143.9716342613608,100,100,0.0,-1,0,1,-3,0,0.0,13,13.0,1.0,2.0
2018-04-07,2017,FC Augsburg,Bayern Munich,A,0,6.5,4.33,1.5,1514.1189122442513,1854.3209254630922,-340.2020132188409,100,100,0.0,-10,-10,-10,-10,5,5.0,10,10.0,0.0,3.0
2018-04-07,2017,FC Cologne,FSV Mainz 05,D,1,2.0,3.5,3.75,1451.1085538711463,1444.7144521213404,6.394101749805941,100,100,0.0,0,0,0,0,6,6.0,3,3.0,1.3333333333333333,1.3333333333333333
2018-04-07,2017,SC Freiburg,VfL Wolfsburg,A,0,2.5,3.1,3.1,1518.7378161684098,1467.1990037860758,51.53881238233407,100,100,0.0,-4,-4,-3,-7,2,2.0,2,2.0,1.0,2.0
2018-04-07,2017,Hamburg,FC Schalke 04,H,2,4.33,3.39,1.9,1401.9762991388104,1644.5390812207504,-242.56278208194,100,100,0.0,-4,-5,-6,-1,2,2.0,15,15.0,1.3333333333333333,1.3333333333333333
2018-04-07,2017,Borussia Monchengladbach,Hertha BSC,H,2,1.7,3.5,5.75,1525.3039096327673,1534.641683100207,-9.337773467439774,100,100,0.0,2,1,1,1,6,6.0,6,6.0,2.0,1.0
2018-04-08,2017,Borussia Dortmund,VfB Stuttgart,H,2,1.61,4.0,5.5,1666.78919150274,1514.2300958924516,152.55909561028852,100,100,0.0,7,5,7,10,8,8.0,11,11.0,2.0,1.0
2018-04-08,2017,Ein Frankfurt,TSG Hoffenheim,D,1,2.39,3.39,3.0,1555.3122289867708,1602.9353482906442,-47.62311930387341,100,100,0.0,-2,-2,-2,-3,6,6.0,11,11.0,0.6666666666666666,1.6666666666666667
2018-04-09,2017,RB Leipzig,Bayer Leverkusen,A,0,2.29,3.5,3.0,1623.489934089245,1586.5020499853088,36.98788410393627,100,100,0.0,-5,-5,-4,-4,8,8.0,7,7.0,2.3333333333333335,0.3333333333333333
2018-04-13,2017,VfL Wolfsburg,FC Augsburg,D,1,2.14,3.29,3.6,1488.355897091223,1508.1017077487782,-19.74581065755524,100,100,0.0,4,4,3,7,4,4.0,4,4.0,1.0,2.0
2018-04-14,2017,VfB Stuttgart,Hannover 96,D,1,1.9,3.6,4.0,1508.5477895440797,1442.7820144385455,65.7657751055342,100,100,0.0,0,0,0,0,8,8.0,3,3.0,1.3333333333333333,1.3333333333333333
2018-04-14,2017,Bayer Leverkusen,Ein Frankfurt,H,2,1.8,3.79,4.33,1607.1277479294,1553.0679133092037,54.05983462019617,100,100,0.0,5,5,4,4,10,10.0,7,7.0,2.0,1.0
2018-04-14,2017,TSG Hoffenheim,Hamburg,H,2,1.5,4.33,6.5,1605.1796639682113,1422.8075748719384,182.37208909627293,100,100,0.0,2,3,3,2,11,11.0,5,5.0,0.3333333333333333,2.3333333333333335
2018-04-14,2017,Hertha BSC,FC Cologne,H,2,1.95,3.6,3.79,1523.4693973979656,1446.653544371381,76.81585302658459,100,100,0.0,2,2,2,5,5,5.0,4,4.0,2.0,1.0
2018-04-14,2017,Bayern Munich,Borussia Monchengladbach,H,2,1.33,5.75,8.0,1860.3381299585653,1536.4761953350087,323.86193462355664,100,100,0.0,6,7,7,4,12,12.0,6,6.0,2.0,1.0
2018-04-15,2017,FC Schalke 04,Borussia Dortmund,H,2,2.54,3.39,2.7,1623.7078054876224,1672.471497851112,-48.763692363489554,100,100,0.0,-3,-1,-2,-8,12,12.0,10,10.0,1.0,1.0
2018-04-15,2017,Werder Bremen,RB Leipzig,D,1,2.79,3.5,2.45,1552.9769754670822,1602.8642361451539,-49.8872606780717,100,100,0.0,1,0,-1,3,10,10.0,8,8.0,1.0,2.0
2018-04-16,2017,FSV Mainz 05,SC Freiburg,H,2,2.29,3.29,3.2,1449.1694616211057,1497.5809228632627,-48.411461242156975,100,100,0.0,0,0,0,0,3,3.0,1,1.0,1.0,2.0
2018-04-20,2017,Borussia Monchengladbach,VfL Wolfsburg,H,2,1.8,3.79,4.5,1534.0708872396044,1484.9513818540986,49.11950538550582,100,100,0.0,0,-1,0,-1,5,5.0,5,5.0,0.3333333333333333,2.3333333333333335
2018-04-21,2017,VfB Stuttgart,Werder Bremen,H,2,2.39,3.29,3.0,1501.8888705541294,1550.8283142480618,-48.93944369393239,100,100,0.0,-1,0,1,-3,6,6.0,10,10.0,0.3333333333333333,2.3333333333333335
2018-04-21,2017,RB Leipzig,TSG Hoffenheim,A,0,2.04,3.75,3.39,1605.0128973641743,1610.1132431577175,-5.100345793543283,100,100,0.0,-2,-2,-2,-3,8,8.0,11,11.0,1.3333333333333333,1.3333333333333333
2018-04-21,2017,Hannover 96,Bayern Munich,A,0,6.25,4.59,1.44,1449.4409334284958,1862.7434380539696,-413.30250462547383,100,100,0.0,-10,-10,-10,-10,4,4.0,12,12.0,0.0,3.0
2018-04-21,2017,Hamburg,SC Freiburg,H,2,2.04,3.39,3.75,1417.8739956824322,1484.7919537738474,-66.91795809141513,100,100,0.0,0,-1,-1,1,4,4.0,1,1.0,0.6666666666666666,1.6666666666666667
2018-04-21,2017,Ein Frankfurt,Hertha BSC,A,0,1.95,3.39,4.2,1544.3150403071447,1531.4328839399795,12.88215636716518,100,100,0.0,-2,-2,-2,-5,4,4.0,8,8.0,1.3333333333333333,1.3333333333333333
2018-04-21,2017,Borussia Dortmund,Bayer Leverkusen,H,2,2.29,3.5,3.0,1659.6676499123705,1615.880620931459,43.7870289809116,100,100,0.0,2,0,3,6,9,9.0,10,10.0,1.3333333333333333,1.3333333333333333
2018-04-22,2017,FC Augsburg,FSV Mainz 05,H,2,2.2,3.29,3.39,1511.5062229859025,1461.958430710521,49.547792275381425,100,100,0.0,0,0,0,0,5,5.0,5,5.0,1.0,2.0
2018-04-22,2017,FC Cologne,FC Schalke 04,D,1,3.75,3.5,2.0,1438.690057829367,1636.5116534263639,-197.82159559699676,100,100,0.0,-4,-4,-5,-2,4,4.0,12,12.0,1.6666666666666667,0.6666666666666666
2018-04-27,2017,TSG Hoffenheim,Hannover 96,H,2,1.28,6.0,9.5,1629.1114499904231,1445.1982187441736,183.91323124624955,100,100,0.0,2,2,2,3,11,11.0,4,4.0,1.0,2.0
2018-04-28,2017,Bayer Leverkusen,VfB Stuttgart,A,0,1.39,4.75,8.0,1606.7567022274113,1514.700144185651,92.05655804176035,100,100,0.0,5,5,4,4,7,7.0,8,8.0,3.0,0.0
2018-04-28,2017,VfL Wolfsburg,Hamburg,A,0,2.2,3.39,3.29,1476.0211751487298,1431.4500299489853,44.57114519974448,100,100,0.0,4,5,4,6,5,5.0,7,7.0,1.3333333333333333,1.3333333333333333
2018-04-28,2017,FC Schalke 04,Borussia Monchengladbach,D,1,1.85,3.6,4.2,1632.3965237523769,1543.0010939449733,89.39542980740362,100,100,0.0,0,1,2,-4,10,10.0,8,8.0,1.3333333333333333,1.3333333333333333
2018-04-28,2017,Bayern Munich,Ein Frankfurt,H,2,1.6,4.33,5.25,1866.9861527382918,1524.6060655323163,342.38008720597554,100,100,0.0,10,10,10,10,12,12.0,4,4.0,2.3333333333333335,0.3333333333333333
2018-04-28,2017,Hertha BSC,FC Augsburg,D,1,2.04,3.25,3.79,1551.141858714808,1520.4209745062185,30.720884208589496,100,100,0.0,2,2,2,5,10,10.0,5,5.0,1.6666666666666667,0.6666666666666666
2018-04-28,2017,SC Freiburg,FC Cologne,H,2,2.1,3.39,3.6,1471.2159195072943,1442.805187503354,28.41073200394021,100,100,0.0,0,0,0,0,0,0.0,5,5.0,2.0,1.0
2018-04-29,2017,FSV Mainz 05,RB Leipzig,H,2,3.75,3.39,2.04,1453.043679190205,1586.0146905314687,-132.97101134126365,100,100,0.0,0,0,0,0,5,5.0,7,7.0,0.3333333333333333,2.3333333333333335
2018-04-29,2017,Werder Bremen,Borussia Dortmund,D,1,3.79,3.75,1.9,1538.0170406165403,1668.791568616418,-130.77452799987782,100,100,0.0,-6,-5,-8,-7,7,7.0,9,9.0,1.0,2.0
2018-05-05,2017,Borussia Dortmund,FSV Mainz 05,A,0,1.3,5.5,10.0,1667.466389301617,1469.462894404011,198.00349489760606,100,100,0.0,7,5,7,10,7,7.0,8,8.0,2.3333333333333335,0.3333333333333333
2018-05-05,2017,Werder Bremen,Bayer Leverkusen,D,1,3.79,4.0,1.85,1539.3422199313413,1584.217653290091,-44.87543335874966,100,100,0.0,-4,-5,-5,-1,5,5.0,7,7.0,1.3333333333333333,1.3333333333333333
2018-05-05,2017,FC Augsburg,FC Schalke 04,A,0,3.6,3.29,2.1,1525.812604306219,1624.9436726959054,-99.13106838968633,100,100,0.0,-4,-4,-5,-2,6,6.0,8,8.0,0.3333333333333333,2.3333333333333335
2018-05-05,2017,FC Cologne,Bayern Munich,A,0,11.0,6.5,1.25,1433.1097591428038,1869.1659219330754,-436.0561627902716,100,100,0.0,-10,-10,-10,-10,2,2.0,15,15.0,0.3333333333333333,2.3333333333333335
2018-05-05,2017,Hannover 96,Hertha BSC,H,2,2.7,3.39,2.62,1440.3011013321168,1545.7502289148074,-105.44912758269061,100,100,0.0,-2,-2,-2,-5,4,4.0,8,8.0,0.3333333333333333,2.3333333333333335
2018-05-05,2017,Ein Frankfurt,Hamburg,H,2,1.95,3.5,4.0,1522.4262963375327,1452.3547438417665,70.07155249576613,100,100,0.0,0,1,1,-1,1,1.0,10,10.0,2.3333333333333335,0.3333333333333333
2018-05-05,2017,RB Leipzig,VfL Wolfsburg,H,2,1.61,4.0,5.5,1569.5954753176627,1455.1164612559485,114.47901406171422,100,100,0.0,-4,-4,-3,-7,4,4.0,5,5.0,1.3333333333333333,1.3333333333333333
2018-05-05,2017,VfB Stuttgart,TSG Hoffenheim,H,2,3.1,3.75,2.14,1537.2391931229713,1634.00856740248,-96.76937427950861,100,100,0.0,-2,-2,-2,-3,8,8.0,13,13.0,1.3333333333333333,1.3333333333333333
2018-05-05,2017,Borussia Monchengladbach,SC Freiburg,H,2,1.8,3.6,4.75,1550.4539450014447,1480.9113478678446,69.54259713360011,100,100,0.0,4,3,3,6,8,8.0,3,3.0,1.0,2.0
2018-05-12,2017,Hertha BSC,RB Leipzig,A,0,4.2,3.75,1.85,1530.5149904538162,1576.3565834283356,-45.84159297451947,100,100,0.0,2,2,2,5,7,7.0,4,4.0,1.0,2.0
2018-05-12,2017,Hamburg,Borussia Monchengladbach,H,2,2.29,3.5,3.0,1444.1620991760542,1558.664735646797,-114.5026364707428,100,100,0.0,-4,-4,-4,-5,9,9.0,10,10.0,1.3333333333333333,1.3333333333333333
2018-05-12,2017,FSV Mainz 05,Werder Bremen,A,0,2.29,3.6,3.0,1494.8891341118306,1536.9820722329646,-42.09293812113401,100,100,0.0,-1,0,1,-3,10,10.0,3,3.0,1.3333333333333333,1.3333333333333333
2018-05-12,2017,Bayern Munich,VfB Stuttgart,A,0,1.16,8.0,15.0,1872.9535392445812,1552.0997198184368,320.85381942614436,100,100,0.0,10,10,10,10,15,15.0,10,10.0,3.0,0.0
2018-05-12,2017,Bayer Leverkusen,Hannover 96,H,2,1.19,7.0,13.0,1586.5778009884677,1455.536339793108,131.04146119535972,100,100,0.0,5,5,4,4,7,7.0,7,7.0,2.3333333333333335,0.3333333333333333
2018-05-12,2017,SC Freiburg,FC Augsburg,H,2,1.95,3.39,4.0,1472.7005572224923,1510.7750895911975,-38.07453236870515,100,100,0.0,0,0,0,0,3,3.0,5,5.0,1.6666666666666667,0.6666666666666666
2018-05-12,2017,TSG Hoffenheim,Borussia Dortmund,H,2,2.2,3.79,3.0,1619.1480407070144,1642.0401495937974,-22.892108886783035,100,100,0.0,-5,-3,-5,-7,10,10.0,7,7.0,0.3333333333333333,2.3333333333333335
2018-05-12,2017,VfL Wolfsburg,FC Cologne,H,2,1.64,4.0,5.25,1448.3553531452756,1429.322141831298,19.033211313977517,100,100,0.0,4,4,3,7,4,4.0,2,2.0,0.3333333333333333,2.3333333333333335
2018-05-12,2017,FC Schalke 04,Ein Frankfurt,H,2,2.29,3.5,3.0,1639.981187410927,1530.618941003245,109.36224640768205,100,100,0.0,4,4,5,2,8,8.0,4,4.0,0.3333333333333333,2.3333333333333335
2018-08-24,2018,Bayern Munich,TSG Hoffenheim,H,2,1.2,7.5,12.0,1845.3974380669656,1630.8726263724916,214.524811694474,100,100,0.0,8,9,10,11,12,12.0,12,12.0,1.0,2.0
2018-08-25,2018,Borussia Monchengladbach,Bayer Leverkusen,H,2,2.8,3.5,2.45,1543.03896989946,1592.8526734460056,-49.81370354654564,100,100,0.0,-1,-1,-1,-1,7,7.0,7,7.0,1.0,2.0
2018-08-25,2018,Fortuna Dusseldorf,FC Augsburg,A,0,2.37,3.25,3.0,1393.919151919973,1498.4206711412164,-104.50151922124337,100,100,0.0,0,0,0,0,0,0.0,5,5.0,1.5,1.5
2018-08-25,2018,Hertha BSC,FC Nurnberg,H,2,2.04,3.4,3.75,1513.1955402508734,1390.1024846147131,123.09305563616022,100,100,0.0,2,2,2,0,7,7.0,0,0.0,0.3333333333333333,2.3333333333333335
2018-08-25,2018,Werder Bremen,Hannover 96,D,1,1.85,3.6,4.0,1554.4592259226197,1449.2614673355702,105.19775858704952,100,100,0.0,1,0,-1,3,6,6.0,4,4.0,2.0,1.0
2018-08-25,2018,VfL Wolfsburg,FC Schalke 04,H,2,3.1,3.3,2.37,1458.4083358585572,1646.897805803826,-188.48946994526887,100,100,0.0,-2,0,-4,-1,4,4.0,11,11.0,0.3333333333333333,2.3333333333333335
2018-08-25,2018,SC Freiburg,Ein Frankfurt,A,0,2.3,3.3,3.25,1485.0549756724733,1523.702322610346,-38.647346937872726,100,100,0.0,-2,-2,0,-1,6,6.0,3,3.0,1.6666666666666667,0.6666666666666666
2018-08-26,2018,Borussia Dortmund,RB Leipzig,H,2,1.72,3.8,4.75,1630.3155639283202,1593.6760336312784,36.6395302970418,100,100,0.0,3,0,5,3,4,4.0,7,7.0,1.3333333333333333,1.3333333333333333
2018-08-26,2018,FSV Mainz 05,VfB Stuttgart,H,2,2.7,3.25,2.7,1477.4119804221755,1579.6558209960524,-102.24384057387692,100,100,0.0,0,0,0,0,9,9.0,13,13.0,2.0,1.0
2018-08-31,2018,Hannover 96,Borussia Dortmund,D,1,5.5,4.33,1.57,1457.2164437125641,1639.702795009858,-182.48635129729382,100,100,0.0,-6,-5,-6,-6,4,4.0,7,7.0,1.0,2.0
2018-09-01,2018,VfB Stuttgart,Bayern Munich,A,0,11.0,5.5,1.28,1564.5589479580833,1849.614586765146,-285.0556388070627,100,100,0.0,-11,-10,-11,-16,12,12.0,12,12.0,1.0,2.0
2018-09-01,2018,FC Nurnberg,FSV Mainz 05,D,1,2.37,3.3,3.1,1383.597537291963,1492.5088534601446,-108.91131616818166,100,100,0.0,0,0,0,0,0,0.0,9,9.0,1.3333333333333333,1.3333333333333333
2018-09-01,2018,Bayer Leverkusen,VfL Wolfsburg,A,0,1.61,4.33,5.0,1580.0044451251897,1477.1482140468747,102.85623107831498,100,100,0.0,2,0,4,2,4,4.0,6,6.0,1.6666666666666667,0.6666666666666666
2018-09-01,2018,FC Augsburg,Borussia Monchengladbach,D,1,2.62,3.4,2.7,1513.2263358080904,1555.8871982202759,-42.66086241218545,100,100,0.0,-3,-3,-3,-3,7,7.0,10,10.0,0.6666666666666666,1.6666666666666667
2018-09-01,2018,Ein Frankfurt,Werder Bremen,A,0,2.4,3.5,2.9,1541.3239361109404,1546.5042495456257,-5.180313434685331,100,100,0.0,1,2,1,-2,6,6.0,6,6.0,1.3333333333333333,1.3333333333333333
2018-09-01,2018,TSG Hoffenheim,SC Freiburg,H,2,1.55,4.0,6.5,1626.6554776743112,1467.4333621718788,159.22211550243242,100,100,0.0,3,1,1,5,9,9.0,6,6.0,0.6666666666666666,1.6666666666666667
2018-09-02,2018,RB Leipzig,Fortuna Dusseldorf,D,1,1.4,4.75,8.0,1584.2888025497407,1379.113487253099,205.17531529664166,100,100,0.0,3,5,1,3,6,6.0,0,0.0,1.5,1.5
2018-09-02,2018,FC Schalke 04,Hertha BSC,A,0,1.75,3.6,5.0,1628.1579276155085,1519.7004875736236,108.45744004188487,100,100,0.0,2,2,2,3,8,8.0,7,7.0,3.0,0.0
2018-09-14,2018,Borussia Dortmund,Ein Frankfurt,H,2,1.4,5.0,7.5,1636.207008386707,1522.328936665886,113.87807172082103,100,100,0.0,4,3,6,5,5,5.0,6,6.0,2.3333333333333335,0.3333333333333333
2018-09-15,2018,RB Leipzig,Hannover 96,H,2,1.53,4.33,5.5,1573.7048120314591,1460.712230335715,112.9925816957441,100,100,0.0,3,5,1,3,7,7.0,5,5.0,3.0,0.0
2018-09-15,2018,VfL Wolfsburg,Hertha BSC,D,1,2.1,3.25,3.75,1500.0302713027302,1542.7561109185895,-42.725839615859286,100,100,0.0,0,2,-2,2,9,9.0,7,7.0,0.6666666666666666,1.6666666666666667
2018-09-15,2018,Borussia Monchengladbach,FC Schalke 04,H,2,2.37,3.4,3.0,1558.3404949276278,1605.1023042705428,-46.76180934291506,100,100,0.0,-1,-1,-1,0,8,8.0,7,7.0,1.6666666666666667,0.6666666666666666
2018-09-15,2018,Fortuna Dusseldorf,TSG Hoffenheim,H,2,4.0,3.6,1.9,1389.6974777713806,1632.1632191413587,-242.4657413699781,100,100,0.0,-3,-1,-1,-5,1,1.0,9,9.0,0.5,2.0
2018-09-15,2018,Bayern Munich,Bayer Leverkusen,H,2,1.2,7.0,13.0,1857.303719465612,1557.1223878693343,300.1813315962777,100,100,0.0,7,6,7,12,12,12.0,4,4.0,2.3333333333333335,0.3333333333333333
2018-09-15,2018,FSV Mainz 05,FC Augsburg,H,2,2.54,3.25,2.87,1492.124205359315,1510.7730391007385,-18.64883374142346,100,100,0.0,0,0,0,0,10,10.0,5,5.0,1.0,2.0
2018-09-16,2018,SC Freiburg,VfB Stuttgart,D,1,2.62,3.25,2.75,1461.9256207048313,1556.8698152576173,-94.94419455278603,100,100,0.0,0,0,0,0,6,6.0,9,9.0,0.3333333333333333,2.3333333333333335
2018-09-16,2018,Werder Bremen,FC Nurnberg,D,1,1.66,4.0,5.0,1565.4992489906804,1383.9821853927924,181.51706359788795,100,100,0.0,1,0,-1,3,9,9.0,1,1.0,1.3333333333333333,1.3333333333333333
2018-09-21,2018,VfB Stuttgart,Fortuna Dusseldorf,D,1,1.72,3.6,5.25,1557.088076519216,1410.5251966971505,146.5628798220655,100,100,0.0,0,0,0,0,7,7.0,4,4.0,0.5,2.0
2018-09-22,2018,FC Schalke 04,Bayern Munich,A,0,8.0,4.5,1.4,1592.3829596778132,1860.0284052930451,-267.6454456152319,100,100,0.0,-7,-6,-7,-13,6,6.0,12,12.0,0.3333333333333333,2.3333333333333335
2018-09-22,2018,FC Augsburg,Werder Bremen,A,0,2.5,3.25,2.9,1499.222442587434,1555.4531510440231,-56.23070845658913,100,100,0.0,-1,0,1,-3,4,4.0,9,9.0,2.0,1.0
2018-09-22,2018,Hertha BSC,Borussia Monchengladbach,H,2,2.37,3.3,3.1,1545.2066772915548,1571.0598395203574,-25.853162228802603,100,100,0.0,-1,-1,-1,-3,7,7.0,10,10.0,0.0,3.0
2018-09-22,2018,TSG Hoffenheim,Borussia Dortmund,D,1,2.62,3.75,2.4,1611.3355002155888,1642.9862513026774,-31.650751087088565,100,100,0.0,-3,-4,-5,-1,6,6.0,7,7.0,1.0,2.0
2018-09-22,2018,FC Nurnberg,Hannover 96,H,2,2.5,3.25,2.9,1394.0282833394497,1453.9062030281343,-59.87791968868464,100,100,0.0,0,0,0,0,2,2.0,5,5.0,0.6666666666666666,1.6666666666666667
2018-09-22,2018,VfL Wolfsburg,SC Freiburg,A,0,1.72,3.6,5.25,1497.5797049297648,1461.7073594432327,35.87234548653214,100,100,0.0,2,4,0,2,10,10.0,4,4.0,2.0,1.0
2018-09-23,2018,Bayer Leverkusen,FSV Mainz 05,H,2,1.57,4.33,5.5,1554.397702041901,1503.6748018726196,50.7229001692815,100,100,0.0,4,4,4,4,4,4.0,10,10.0,1.0,2.0
2018-09-23,2018,Ein Frankfurt,RB Leipzig,D,1,2.9,3.4,2.35,1515.5496937499156,1580.5108393390399,-64.96114558912427,100,100,0.0,-1,-3,-1,-2,6,6.0,10,10.0,1.3333333333333333,1.3333333333333333
2018-09-25,2018,Bayern Munich,FC Augsburg,D,1,1.1,10.0,23.0,1868.3044839224885,1482.3427039916496,385.96177993083893,100,100,0.0,11,10,11,16,12,12.0,4,4.0,3.0,0.0
2018-09-25,2018,SC Freiburg,FC Schalke 04,H,2,3.5,3.2,2.14,1482.2916203742052,1584.1068810483698,-101.81526067416462,100,100,0.0,-4,-4,-4,-3,7,7.0,3,3.0,1.0,2.0
2018-09-25,2018,Hannover 96,TSG Hoffenheim,A,0,3.5,3.6,2.04,1440.630753213879,1608.422112708706,-167.79135949482702,100,100,0.0,-3,-1,-1,-5,2,2.0,7,7.0,2.0,1.0
2018-09-25,2018,Werder Bremen,Hertha BSC,H,2,2.0,3.5,3.8,1572.3328896398075,1557.05323038104,15.279659258767424,100,100,0.0,-1,-2,-3,3,11,11.0,10,10.0,1.6666666666666667,0.6666666666666666
2018-09-26,2018,RB Leipzig,VfB Stuttgart,H,2,1.72,3.8,4.75,1582.0184804889275,1547.9310755814618,34.087404907465725,100,100,0.0,3,5,1,3,8,8.0,5,5.0,2.0,0.5
2018-09-26,2018,Borussia Monchengladbach,Ein Frankfurt,H,2,1.75,3.8,4.75,1559.2132864308721,1514.042052600028,45.17123383084413,100,100,0.0,1,1,3,2,7,7.0,4,4.0,0.3333333333333333,2.3333333333333335
2018-09-26,2018,FSV Mainz 05,VfL Wolfsburg,D,1,2.6,3.25,2.8,1494.802375940779,1476.9954439987923,17.806931941986704,100,100,0.0,-2,-4,0,-2,7,7.0,10,10.0,1.0,1.0
2018-09-26,2018,Borussia Dortmund,FC Nurnberg,H,2,1.3,5.5,10.0,1645.8996388095602,1407.303733153705,238.59590565585518,100,100,0.0,6,5,6,6,8,8.0,5,5.0,2.3333333333333335,0.3333333333333333
2018-09-26,2018,Fortuna Dusseldorf,Bayer Leverkusen,A,0,3.75,3.75,1.95,1419.6821976349047,1563.2701279737416,-143.58793033883694,100,100,0.0,-4,-4,-4,-4,5,5.0,6,6.0,0.0,3.0
2018-09-28,2018,Hertha BSC,Bayern Munich,H,2,10.0,5.75,1.28,1546.8553094223319,1855.0283951068868,-308.17308568455496,100,100,0.0,-9,-8,-9,-16,10,10.0,13,13.0,1.0,1.0
2018-09-29,2018,FC Nurnberg,Fortuna Dusseldorf,H,2,2.14,3.4,3.4,1403.5642354970148,1406.55422869739,-2.9899932003752383,100,100,0.0,0,0,0,0,5,5.0,5,5.0,3.0,0.0
2018-09-29,2018,TSG Hoffenheim,RB Leipzig,A,0,2.04,3.75,3.4,1620.5319098216683,1591.5007278043645,29.031182017303763,100,100,0.0,0,-4,0,2,7,7.0,8,8.0,2.0,1.0
2018-09-29,2018,Bayer Leverkusen,Borussia Dortmund,A,0,2.8,3.5,2.4,1576.3980969112563,1649.6391364662504,-73.24103955499413,100,100,0.0,-2,-1,-2,-2,6,6.0,11,11.0,0.3333333333333333,2.3333333333333335
2018-09-29,2018,VfB Stuttgart,Werder Bremen,H,2,2.7,3.25,2.7,1538.4488282660247,1582.5308105985157,-44.08198233249095,100,100,0.0,-1,0,1,-3,2,2.0,11,11.0,1.0,2.0
2018-09-29,2018,VfL Wolfsburg,Borussia Monchengladbach,D,1,2.3,3.4,3.1,1481.8952222752691,1568.2866941750679,-86.39147189979872,100,100,0.0,-1,1,-3,-1,8,8.0,10,10.0,1.3333333333333333,1.3333333333333333
2018-09-29,2018,FC Schalke 04,FSV Mainz 05,H,2,1.64,3.75,5.5,1569.02851065833,1489.9025976643022,79.12591299402789,100,100,0.0,4,4,4,3,0,0.0,8,8.0,3.0,0.0
2018-09-30,2018,FC Augsburg,SC Freiburg,H,2,1.9,3.4,4.33,1495.6187928072513,1497.369990764245,-1.7511979569935647,100,100,0.0,0,0,0,0,5,5.0,7,7.0,0.6666666666666666,1.6666666666666667
2018-09-30,2018,Ein Frankfurt,Hannover 96,H,2,1.9,3.6,4.0,1504.9686448558323,1428.5209561009167,76.44768875491559,100,100,0.0,2,2,0,1,4,4.0,2,2.0,3.0,0.0
2018-10-05,2018,Werder Bremen,VfL Wolfsburg,H,2,1.95,3.5,4.0,1569.9243542007405,1481.307995160394,88.61635904034642,100,100,0.0,-1,-4,-1,1,10,10.0,6,6.0,2.3333333333333335,0.3333333333333333
2018-10-06,2018,FSV Mainz 05,Hertha BSC,D,1,2.7,3.2,2.7,1482.0166545499792,1569.902193091958,-87.8855385419788,100,100,0.0,-2,-2,-2,0,5,5.0,10,10.0,3.0,0.0
2018-10-06,2018,Borussia Dortmund,FC Augsburg,H,2,1.44,4.75,7.0,1665.7921347536992,1506.4866130677199,159.30552168597933,100,100,0.0,6,5,6,6,11,11.0,5,5.0,1.6666666666666667,0.6666666666666666
2018-10-06,2018,Hannover 96,VfB Stuttgart,H,2,2.5,3.3,2.87,1420.5450662377098,1551.0552846638,-130.5102184260902,100,100,0.0,0,0,0,0,1,1.0,5,5.0,1.6666666666666667,0.6666666666666666
2018-10-06,2018,Bayern Munich,Borussia Monchengladbach,A,0,1.2,7.0,13.0,1831.9815114372607,1568.873921289943,263.10759014731775,100,100,0.0,8,7,8,13,10,10.0,8,8.0,2.0,1.0
2018-10-06,2018,Fortuna Dusseldorf,FC Schalke 04,A,0,3.6,3.4,2.1,1395.636935713823,1576.9144537726531,-181.27751805883008,100,100,0.0,-4,-4,-4,-3,5,5.0,3,3.0,0.5,2.0
2018-10-07,2018,SC Freiburg,Bayer Leverkusen,D,1,3.4,3.4,2.14,1486.5021705037764,1560.2450986238075,-73.74292812003114,100,100,0.0,-4,-4,-4,-4,7,7.0,6,6.0,1.3333333333333333,1.3333333333333333
2018-10-07,2018,TSG Hoffenheim,Ein Frankfurt,A,0,1.72,3.8,4.75,1600.203915995917,1512.9445347190392,87.25938127687778,100,100,0.0,1,-1,1,4,7,7.0,4,4.0,1.6666666666666667,0.6666666666666666
2018-10-07,2018,RB Leipzig,FC Nurnberg,H,2,1.44,4.75,7.0,1611.8287216301158,1414.4815284805818,197.34719314953395,100,100,0.0,3,5,1,3,11,11.0,8,8.0,1.5,1.5
2018-10-19,2018,Ein Frankfurt,Fortuna Dusseldorf,H,2,1.61,3.8,5.75,1535.3277194100135,1384.0833275506172,151.24439185939627,100,100,0.0,2,2,0,1,7,7.0,4,4.0,1.5,1.5
2018-10-20,2018,FC Augsburg,RB Leipzig,D,1,3.0,3.5,2.3,1500.9810301853704,1616.417146299656,-115.4361161142856,100,100,0.0,-3,-5,-1,-3,4,4.0,13,13.0,1.3333333333333333,1.3333333333333333
2018-10-20,2018,Bayer Leverkusen,Hannover 96,D,1,1.5,4.33,6.5,1561.376554289307,1436.8589226949807,124.5176315943263,100,100,0.0,4,4,4,4,7,7.0,3,3.0,2.3333333333333335,0.3333333333333333
2018-10-20,2018,FC Nurnberg,TSG Hoffenheim,A,0,3.75,3.8,1.9,1409.8931038110416,1577.8207313049427,-167.92762749390113,100,100,0.0,-3,-1,-1,-5,7,7.0,4,4.0,1.3333333333333333,1.3333333333333333
2018-10-20,2018,FC Schalke 04,Werder Bremen,A,0,2.04,3.4,3.75,1588.468061935859,1577.4968631394636,10.971198796395356,100,100,0.0,3,4,5,0,6,6.0,10,10.0,1.0,2.0
2018-10-20,2018,VfB Stuttgart,Borussia Dortmund,A,0,4.2,3.75,1.83,1534.741428206529,1671.2977176360487,-136.55628942951967,100,100,0.0,-6,-5,-6,-6,5,5.0,13,13.0,1.0,2.0
2018-10-20,2018,VfL Wolfsburg,Bayern Munich,A,0,8.5,5.0,1.36,1473.735486221671,1805.2830559885092,-331.54756976683825,100,100,0.0,-9,-6,-11,-14,3,3.0,7,7.0,0.3333333333333333,2.3333333333333335
2018-10-21,2018,Hertha BSC,SC Freiburg,D,1,1.85,3.6,4.33,1570.4250045765905,1485.3707148382769,85.05428973831363,100,100,0.0,2,2,2,0,8,8.0,8,8.0,0.6666666666666666,1.6666666666666667
2018-10-21,2018,Borussia Monchengladbach,FSV Mainz 05,H,2,1.61,4.33,5.0,1595.5723767386944,1481.4938430653467,114.07853367334769,100,100,0.0,3,3,3,3,10,10.0,5,5.0,1.6666666666666667,0.6666666666666666
2018-10-26,2018,SC Freiburg,Borussia Monchengladbach,H,2,3.5,3.6,2.0,1492.6815377296125,1602.3455664324886,-109.66402870287607,100,100,0.0,-3,-3,-3,-3,8,8.0,10,10.0,1.0,2.0
2018-10-27,2018,Borussia Dortmund,Hertha BSC,D,1,1.4,4.75,8.0,1684.7252542388003,1563.1141816852548,121.61107255354545,100,100,0.0,4,3,4,6,13,13.0,8,8.0,1.3333333333333333,1.3333333333333333
2018-10-27,2018,FSV Mainz 05,Bayern Munich,A,0,11.0,6.5,1.25,1474.7206533715525,1811.5434832495375,-336.822829877985,100,100,0.0,-11,-10,-11,-16,2,2.0,7,7.0,0.3333333333333333,2.3333333333333335
2018-10-27,2018,Fortuna Dusseldorf,VfL Wolfsburg,A,0,3.0,3.4,2.37,1378.3660806850273,1467.4750589606426,-89.1089782756153,100,100,0.0,-2,-4,0,-2,1,1.0,2,2.0,0.5,2.0
2018-10-27,2018,TSG Hoffenheim,VfB Stuttgart,H,2,1.57,4.33,5.5,1589.9248641000859,1521.3138916037774,68.61097249630848,100,100,0.0,3,1,1,5,7,7.0,4,4.0,1.0,2.0
2018-10-27,2018,Hannover 96,FC Augsburg,A,0,2.6,3.3,2.75,1445.395655641313,1501.6470227433667,-56.25136710205379,100,100,0.0,0,0,0,0,4,4.0,5,5.0,1.0,2.0
2018-10-28,2018,FC Nurnberg,Ein Frankfurt,D,1,3.3,3.5,2.14,1397.7889710158984,1541.0449662756034,-143.25599525970506,100,100,0.0,-2,-2,0,-1,6,6.0,10,10.0,0.6666666666666666,1.6666666666666667
2018-10-28,2018,RB Leipzig,FC Schalke 04,D,1,1.75,3.6,4.75,1615.7511537416597,1568.8335868247282,46.91756691693149,100,100,0.0,-1,1,-3,0,11,11.0,6,6.0,1.3333333333333333,1.3333333333333333
2018-10-28,2018,Werder Bremen,Bayer Leverkusen,A,0,2.3,3.4,3.1,1597.1313382505944,1552.8398213429748,44.29151690761955,100,100,0.0,-3,-4,-5,-1,12,12.0,8,8.0,0.6666666666666666,1.6666666666666667
2018-11-02,2018,VfB Stuttgart,Ein Frankfurt,A,0,3.0,3.5,2.3,1513.0710804503105,1539.1870444704507,-26.115964020140154,100,100,0.0,-2,-2,0,-1,3,3.0,10,10.0,2.0,1.0
2018-11-03,2018,Bayer Leverkusen,TSG Hoffenheim,A,0,2.1,4.0,3.1,1573.734330220279,1598.1676752535527,-24.43334503327378,100,100,0.0,1,3,3,-1,8,8.0,9,9.0,1.3333333333333333,1.3333333333333333
2018-11-03,2018,Hertha BSC,RB Leipzig,A,0,3.2,3.4,2.25,1571.5656685666847,1609.761062734322,-38.19539416763723,100,100,0.0,-1,-3,1,-3,6,6.0,11,11.0,1.0,2.0
2018-11-03,2018,FC Augsburg,FC Nurnberg,D,1,1.6,3.8,6.0,1518.5258834337412,1399.646892821051,118.87899061269013,100,100,0.0,0,0,0,0,8,8.0,4,4.0,1.0,2.0
2018-11-03,2018,FC Schalke 04,Hannover 96,H,2,1.61,3.8,6.0,1574.8236778320659,1428.5167949509384,146.30688288112742,100,100,0.0,4,4,4,3,7,7.0,4,4.0,1.3333333333333333,1.3333333333333333
2018-11-03,2018,Bayern Munich,SC Freiburg,D,1,1.11,10.0,21.0,1817.6548038483097,1508.0986598186091,309.5561440297006,100,100,0.0,11,10,11,16,7,7.0,8,8.0,3.0,0.0
2018-11-03,2018,VfL Wolfsburg,Borussia Dortmund,A,0,3.8,3.8,1.9,1482.945108214776,1676.2737673573704,-193.32865914259446,100,100,0.0,-4,-1,-6,-4,5,5.0,13,13.0,0.3333333333333333,2.3333333333333335
2018-11-04,2018,FSV Mainz 05,Werder Bremen,H,2,3.0,3.4,2.37,1468.6093327727804,1576.2368293732902,-107.62749660050986,100,100,0.0,-1,0,1,-3,2,2.0,9,9.0,0.3333333333333333,2.3333333333333335
2018-11-04,2018,Borussia Monchengladbach,Fortuna Dusseldorf,H,2,1.36,4.75,8.0,1586.928444343492,1362.896031430894,224.03241291259792,100,100,0.0,3,3,3,3,10,10.0,0,0.0,2.0,0.5
2018-11-09,2018,Hannover 96,VfL Wolfsburg,H,2,2.9,3.3,2.37,1422.6668593412105,1471.8802329488371,-49.213373607626636,100,100,0.0,-2,-4,0,-2,4,4.0,4,4.0,0.3333333333333333,2.3333333333333335
2018-11-10,2018,FC Nurnberg,VfB Stuttgart,A,0,2.4,3.25,3.1,1408.0175146799559,1494.92847987075,-86.91096519079406,100,100,0.0,0,0,0,0,5,5.0,3,3.0,1.6666666666666667,0.6666666666666666
2018-11-10,2018,Werder Bremen,Borussia Monchengladbach,A,0,2.4,3.5,2.75,1560.907576768239,1590.9511069042128,-30.043530135973697,100,100,0.0,-2,-3,-4,0,6,6.0,10,10.0,0.3333333333333333,2.3333333333333335
2018-11-10,2018,Borussia Dortmund,Bayern Munich,H,2,3.1,3.8,2.1,1687.3386426233092,1805.248723757324,-117.91008113401472,100,100,0.0,-5,-5,-5,-10,13,13.0,7,7.0,0.0,3.0
2018-11-10,2018,Fortuna Dusseldorf,Hertha BSC,H,2,3.6,3.4,2.1,1358.8733688701732,1553.9251430323086,-195.05177416213542,100,100,0.0,-2,-2,-2,0,0,0.0,6,6.0,1.5,1.5
2018-11-10,2018,SC Freiburg,FSV Mainz 05,A,0,2.0,3.4,3.75,1520.504739909595,1483.9385853778315,36.56615453176346,100,100,0.0,0,0,0,0,6,6.0,4,4.0,2.0,1.0
2018-11-10,2018,TSG Hoffenheim,FC Augsburg,H,2,1.61,4.33,5.0,1616.3796608020698,1510.1552615748365,106.22439922723333,100,100,0.0,3,1,1,5,9,9.0,8,8.0,1.6666666666666667,0.6666666666666666
2018-11-11,2018,Ein Frankfurt,FC Schalke 04,H,2,2.2,3.3,3.4,1557.3296450500113,1580.6736134417938,-23.343968391782482,100,100,0.0,-2,-2,-4,-2,13,13.0,10,10.0,1.3333333333333333,1.3333333333333333
2018-11-11,2018,RB Leipzig,Bayer Leverkusen,H,2,1.8,4.0,4.0,1627.401588268698,1555.5223446717619,71.87924359693625,100,100,0.0,-1,1,-3,-1,11,11.0,5,5.0,1.3333333333333333,1.3333333333333333
2018-11-23,2018,Bayer Leverkusen,VfB Stuttgart,H,2,1.5,4.5,6.0,1547.391524079251,1510.4933117368478,36.89821234240321,100,100,0.0,4,4,4,4,5,5.0,3,3.0,2.0,1.0
2018-11-24,2018,VfL Wolfsburg,RB Leipzig,H,2,3.5,3.5,2.1,1459.0573832835585,1635.532408861209,-176.4750255776505,100,100,0.0,-1,-1,-1,-1,3,3.0,11,11.0,1.3333333333333333,1.3333333333333333
2018-11-24,2018,FSV Mainz 05,Borussia Dortmund,A,0,5.5,4.0,1.6,1504.548629743392,1703.1111987900542,-198.56256904666225,100,100,0.0,-6,-5,-6,-6,7,7.0,13,13.0,1.3333333333333333,1.3333333333333333
2018-11-24,2018,FC Schalke 04,FC Nurnberg,H,2,1.53,4.0,7.0,1568.930444353461,1392.452682813858,176.47776153960308,100,100,0.0,4,4,4,3,7,7.0,2,2.0,1.3333333333333333,1.3333333333333333
2018-11-24,2018,Bayern Munich,Fortuna Dusseldorf,D,1,1.08,11.0,26.0,1789.4761675905788,1377.8776759300963,411.5984916604825,100,100,0.0,11,10,11,16,7,7.0,3,3.0,3.0,0.0
2018-11-24,2018,FC Augsburg,Ein Frankfurt,A,0,2.62,3.5,2.62,1503.1420455513075,1569.072814138344,-65.93076858703648,100,100,0.0,-2,-2,0,-1,5,5.0,13,13.0,2.0,1.0
2018-11-24,2018,Hertha BSC,TSG Hoffenheim,D,1,3.4,3.75,2.04,1534.9208359723855,1623.3928768255987,-88.47204085321323,100,100,0.0,-1,1,1,-5,3,3.0,12,12.0,0.6666666666666666,1.6666666666666667
2018-11-25,2018,SC Freiburg,Werder Bremen,D,1,2.87,3.3,2.5,1499.8946955440344,1542.9274779892387,-43.03278244520425,100,100,0.0,-1,0,1,-3,6,6.0,6,6.0,1.3333333333333333,1.3333333333333333
2018-11-25,2018,Borussia Monchengladbach,Hannover 96,H,2,1.44,4.5,7.0,1608.9312056832132,1435.4897090064892,173.441496676724,100,100,0.0,3,3,3,3,12,12.0,7,7.0,2.0,1.0
2018-11-30,2018,Fortuna Dusseldorf,FSV Mainz 05,A,0,2.7,3.3,2.6,1391.3784718376862,1493.693324759821,-102.31485292213483,100,100,0.0,0,0,0,0,4,4.0,6,6.0,0.5,2.0
2018-12-01,2018,Werder Bremen,Bayern Munich,A,0,7.0,5.25,1.4,1545.3651444082207,1775.975371682989,-230.61022727476825,100,100,0.0,-10,-10,-12,-13,4,4.0,8,8.0,0.0,3.0
2018-12-01,2018,VfB Stuttgart,FC Augsburg,H,2,2.6,3.3,2.75,1501.1156824743177,1486.6758550149148,14.439827459402977,100,100,0.0,0,0,0,0,3,3.0,5,5.0,1.3333333333333333,1.3333333333333333
2018-12-01,2018,TSG Hoffenheim,FC Schalke 04,D,1,1.8,3.8,4.33,1623.8903962664956,1574.0054901456706,49.88490612082501,100,100,0.0,-1,-3,-3,2,13,13.0,7,7.0,1.3333333333333333,1.3333333333333333
2018-12-01,2018,Borussia Dortmund,SC Freiburg,H,2,1.28,5.5,11.0,1713.9665037736252,1497.4570291250525,216.50947464857268,100,100,0.0,6,5,6,6,13,13.0,6,6.0,1.6666666666666667,0.6666666666666666
2018-12-01,2018,Hannover 96,Hertha BSC,A,0,2.7,3.4,2.6,1430.3405397289828,1534.4233165314886,-104.0827768025058,100,100,0.0,-2,-2,-2,0,4,4.0,3,3.0,1.3333333333333333,1.3333333333333333
2018-12-02,2018,Ein Frankfurt,VfL Wolfsburg,A,0,1.8,4.0,4.1,1585.5390046747368,1477.306767093544,108.23223758119275,100,100,0.0,0,-2,0,-1,13,13.0,6,6.0,1.0,2.0
2018-12-02,2018,RB Leipzig,Borussia Monchengladbach,H,2,1.9,3.75,3.75,1617.2830250512234,1614.0803749607196,3.2026500905037665,100,100,0.0,0,2,-2,0,8,8.0,12,12.0,2.3333333333333335,0.3333333333333333
2018-12-03,2018,FC Nurnberg,Bayer Leverkusen,D,1,4.2,4.0,1.8,1387.3776370216485,1556.769153341781,-169.3915163201325,100,100,0.0,-4,-4,-4,-4,2,2.0,7,7.0,0.0,3.0
2018-12-07,2018,Werder Bremen,Fortuna Dusseldorf,H,2,1.72,4.0,4.5,1535.752613526957,1376.4784105932165,159.27420293374053,100,100,0.0,1,0,-1,3,1,1.0,4,4.0,2.0,0.5
2018-12-08,2018,FC Schalke 04,Borussia Dortmund,A,0,3.3,3.4,2.2,1580.1028928691628,1718.142415510894,-138.03952264173108,100,100,0.0,-2,-1,-2,-3,8,8.0,13,13.0,1.6666666666666667,0.6666666666666666
2018-12-08,2018,VfL Wolfsburg,TSG Hoffenheim,D,1,3.0,3.6,2.3,1500.3554694384097,1617.7929935430034,-117.43752410459365,100,100,0.0,-1,3,-1,-3,9,9.0,11,11.0,1.3333333333333333,1.3333333333333333
2018-12-08,2018,Bayer Leverkusen,FC Augsburg,H,2,1.66,4.0,5.0,1553.812490379511,1476.445366546562,77.36712383294912,100,100,0.0,4,4,4,4,7,7.0,4,4.0,1.6666666666666667,0.6666666666666666
2018-12-08,2018,SC Freiburg,RB Leipzig,H,2,4.0,4.0,1.83,1493.2811173877838,1627.9539877048328,-134.67287031704905,100,100,0.0,-3,-5,-1,-3,5,5.0,10,10.0,1.0,2.0
2018-12-08,2018,Bayern Munich,FC Nurnberg,H,2,1.08,11.0,34.0,1785.5879025642525,1390.3342999839185,395.253602580334,100,100,0.0,11,10,11,16,8,8.0,3,3.0,3.0,0.0
2018-12-08,2018,Hertha BSC,Ein Frankfurt,H,2,2.45,3.3,2.9,1549.2470570008334,1562.4903023298712,-13.24324532903779,100,100,0.0,0,0,2,-1,5,5.0,10,10.0,2.0,1.0
2018-12-09,2018,FSV Mainz 05,Hannover 96,D,1,1.9,3.6,4.0,1508.5933860042908,1415.516799259638,93.07658674465279,100,100,0.0,0,0,0,0,9,9.0,3,3.0,1.0,2.0
2018-12-09,2018,Borussia Monchengladbach,VfB Stuttgart,H,2,1.44,4.33,7.0,1603.4094123071102,1511.3461709426706,92.06324136443959,100,100,0.0,3,3,3,3,9,9.0,6,6.0,2.0,1.0
2018-12-14,2018,FC Nurnberg,VfL Wolfsburg,A,0,3.6,3.5,2.04,1388.6952693728624,1501.1076763841188,-112.41240701125639,100,100,0.0,-2,-4,0,-2,2,2.0,7,7.0,0.6666666666666666,1.6666666666666667
2018-12-15,2018,Fortuna Dusseldorf,SC Freiburg,H,2,2.75,3.3,2.6,1370.9720172461984,1509.7731157057444,-138.80109845954598,100,100,0.0,0,0,0,0,4,4.0,5,5.0,0.5,2.0
2018-12-15,2018,FC Augsburg,FC Schalke 04,D,1,2.5,3.25,2.9,1468.500429071736,1566.7386601483943,-98.23823107665817,100,100,0.0,-4,-4,-4,-3,1,1.0,7,7.0,0.0,3.0
2018-12-15,2018,Borussia Dortmund,Werder Bremen,H,2,1.36,5.25,8.0,1731.5066482316624,1541.259006873975,190.24764135768737,100,100,0.0,5,5,7,3,15,15.0,4,4.0,1.3333333333333333,1.3333333333333333
2018-12-15,2018,VfB Stuttgart,Hertha BSC,H,2,2.7,3.4,2.62,1503.8854355314752,1560.5774226519975,-56.6919871205223,100,100,0.0,-2,-2,-2,0,6,6.0,7,7.0,2.0,1.0
2018-12-15,2018,TSG Hoffenheim,Borussia Monchengladbach,D,1,1.9,4.0,3.6,1617.0407865972943,1610.8701477183056,6.170638878988711,100,100,0.0,0,-2,-2,2,9,9.0,12,12.0,1.3333333333333333,1.3333333333333333
2018-12-15,2018,Hannover 96,Bayern Munich,A,0,11.0,7.0,1.22,1423.0887133003173,1787.2269331753087,-364.13821987499136,100,100,0.0,-11,-10,-11,-16,4,4.0,8,8.0,0.0,3.0
2018-12-16,2018,Ein Frankfurt,Bayer Leverkusen,H,2,2.4,3.5,2.87,1551.159936678707,1561.7574278543368,-10.597491175629784,100,100,0.0,-2,-2,-4,-3,9,9.0,7,7.0,0.0,3.0
2018-12-16,2018,RB Leipzig,FSV Mainz 05,H,2,1.4,4.75,7.5,1611.4619893868721,1501.0214719636115,110.44051742326064,100,100,0.0,3,5,1,3,9,9.0,10,10.0,1.3333333333333333,1.3333333333333333
2018-12-18,2018,VfL Wolfsburg,VfB Stuttgart,H,2,1.66,3.75,5.5,1515.572017569578,1517.025302440184,-1.4532848706060122,100,100,0.0,2,4,0,2,10,10.0,9,9.0,1.3333333333333333,1.3333333333333333
2018-12-18,2018,Borussia Monchengladbach,FC Nurnberg,H,2,1.36,5.5,7.0,1615.3163588856758,1374.2309281874032,241.0854306982726,100,100,0.0,3,3,3,3,10,10.0,1,1.0,2.0,1.0
2018-12-18,2018,Fortuna Dusseldorf,Borussia Dortmund,H,2,7.0,4.5,1.44,1387.640265567783,1736.2561757250098,-348.61591015722684,100,100,0.0,-6,-5,-6,-6,7,7.0,15,15.0,0.5,2.0
2018-12-18,2018,Hertha BSC,FC Augsburg,D,1,2.3,3.4,3.1,1547.4375557432886,1468.4243680450204,79.01318769826821,100,100,0.0,2,2,2,0,7,7.0,1,1.0,1.6666666666666667,0.6666666666666666
2018-12-19,2018,Bayern Munich,RB Leipzig,H,2,1.36,5.25,8.0,1792.6085622524438,1618.3456294622251,174.26293279021866,100,100,0.0,8,5,10,13,10,10.0,9,9.0,2.0,1.0
2018-12-19,2018,SC Freiburg,Hannover 96,D,1,1.85,3.6,4.0,1493.10486738416,1417.7070842231822,75.39778316097772,100,100,0.0,0,0,0,0,4,4.0,4,4.0,0.3333333333333333,2.3333333333333335
2018-12-19,2018,FSV Mainz 05,Ein Frankfurt,D,1,3.2,3.5,2.2,1494.1378318882585,1562.3831141339535,-68.24528224569508,100,100,0.0,-2,-2,0,-1,7,7.0,9,9.0,1.3333333333333333,1.3333333333333333
2018-12-19,2018,FC Schalke 04,Bayer Leverkusen,A,0,2.4,3.5,2.9,1566.81472117511,1550.5342503990903,16.280470776019683,100,100,0.0,0,0,0,-1,5,5.0,7,7.0,2.3333333333333335,0.3333333333333333
2018-12-19,2018,Werder Bremen,TSG Hoffenheim,D,1,3.1,4.2,2.04,1536.5094793806277,1612.5945754299241,-76.08509604929645,100,100,0.0,-2,-1,-2,-2,4,4.0,7,7.0,0.3333333333333333,2.3333333333333335
2018-12-21,2018,Borussia Dortmund,Borussia Monchengladbach,H,2,1.5,4.5,5.75,1712.0437709569035,1619.009198125809,93.03457283109447,100,100,0.0,3,2,3,3,12,12.0,10,10.0,3.0,0.0
2018-12-22,2018,Ein Frankfurt,Bayern Munich,A,0,5.75,4.75,1.5,1563.7502707795215,1797.7375937444192,-233.98732296489766,100,100,0.0,-9,-8,-11,-15,7,7.0,13,13.0,0.0,3.0
2018-12-22,2018,Hannover 96,Fortuna Dusseldorf,A,0,2.2,3.4,3.3,1424.6957558154793,1411.8526703358893,12.843085479589945,100,100,0.0,0,0,0,0,2,2.0,7,7.0,1.5,1.5
2018-12-22,2018,Bayer Leverkusen,Hertha BSC,H,2,1.72,4.0,4.5,1570.3750737257562,1540.3272714918878,30.047802233868424,100,100,0.0,2,2,2,4,10,10.0,8,8.0,1.0,2.0
2018-12-22,2018,FC Nurnberg,SC Freiburg,A,0,2.62,3.3,2.7,1370.53808894727,1486.1161957918628,-115.57810684459287,100,100,0.0,0,0,0,0,1,1.0,5,5.0,0.3333333333333333,2.3333333333333335
2018-12-22,2018,RB Leipzig,Werder Bremen,H,2,1.44,4.5,7.0,1613.2165979702497,1535.478617517166,77.73798045308376,100,100,0.0,2,5,2,0,6,6.0,5,5.0,1.3333333333333333,1.3333333333333333
2018-12-22,2018,VfB Stuttgart,FC Schalke 04,A,0,3.2,3.3,2.3,1506.1693652384224,1546.973897848444,-40.804532610021624,100,100,0.0,-4,-4,-4,-3,6,6.0,5,5.0,0.3333333333333333,2.3333333333333335
2018-12-23,2018,FC Augsburg,VfL Wolfsburg,A,0,2.6,3.3,2.75,1475.5346522964212,1526.4279547713397,-50.89330247491853,100,100,0.0,-2,-4,0,-2,2,2.0,13,13.0,2.3333333333333335,0.3333333333333333
2018-12-23,2018,TSG Hoffenheim,FSV Mainz 05,D,1,1.44,4.5,6.5,1613.6254372933859,1492.7706752426905,120.8547620506954,100,100,0.0,3,1,1,5,5,5.0,5,5.0,3.0,0.0
2019-01-18,2018,TSG Hoffenheim,Bayern Munich,A,0,6.0,5.0,1.44,1605.196264542099,1807.2235776653447,-202.02731312324568,100,100,0.0,-8,-9,-10,-11,5,5.0,15,15.0,1.0,2.0
2019-01-19,2018,FC Augsburg,Fortuna Dusseldorf,A,0,1.9,3.6,4.0,1458.4285517046605,1431.5601244731113,26.868427231549276,100,100,0.0,0,0,0,0,2,2.0,9,9.0,2.0,1.0
2019-01-19,2018,Ein Frankfurt,SC Freiburg,H,2,1.65,4.0,5.25,1554.264286858596,1500.4440851972406,53.82020166135544,100,100,0.0,2,2,0,1,4,4.0,7,7.0,1.6666666666666667,0.6666666666666666
2019-01-19,2018,Hannover 96,Werder Bremen,A,0,3.25,3.6,2.15,1404.9883016782574,1527.546142999748,-122.55784132149074,100,100,0.0,-1,0,1,-3,2,2.0,4,4.0,1.3333333333333333,1.3333333333333333
2019-01-19,2018,Bayer Leverkusen,Borussia Monchengladbach,A,0,2.0,3.7,3.6,1580.0087663947277,1611.5797604070895,-31.57099401236178,100,100,0.0,1,1,1,1,10,10.0,7,7.0,2.0,1.0
2019-01-19,2018,RB Leipzig,Borussia Dortmund,A,0,2.5,3.5,2.75,1621.1490724876676,1719.473208675623,-98.32413618795545,100,100,0.0,-3,0,-5,-3,9,9.0,12,12.0,1.3333333333333333,1.3333333333333333
2019-01-19,2018,VfB Stuttgart,FSV Mainz 05,A,0,2.4,3.3,2.9,1488.63813700058,1501.1998479939773,-12.561710993397355,100,100,0.0,0,0,0,0,6,6.0,6,6.0,1.0,2.0
2019-01-20,2018,FC Nurnberg,Hertha BSC,A,0,3.5,3.4,2.1,1356.210199541892,1530.6935788229164,-174.48337928102433,100,100,0.0,-2,-2,-2,0,1,1.0,7,7.0,1.3333333333333333,1.3333333333333333
2019-01-20,2018,FC Schalke 04,VfL Wolfsburg,H,2,2.2,3.3,3.4,1564.5051260862865,1543.5340553631004,20.97107072318613,100,100,0.0,2,0,4,1,5,5.0,13,13.0,1.3333333333333333,1.3333333333333333
2019-01-25,2018,Hertha BSC,FC Schalke 04,D,1,2.5,3.25,2.87,1542.5262472405452,1574.483682408308,-31.957435167762696,100,100,0.0,-2,-2,-2,-3,7,7.0,7,7.0,1.0,2.0
2019-01-26,2018,VfL Wolfsburg,Bayer Leverkusen,A,0,2.62,3.5,2.6,1533.555499041079,1562.0920655432333,-28.5365665021543,100,100,0.0,-2,0,-4,-2,10,10.0,9,9.0,1.3333333333333333,1.3333333333333333
2019-01-26,2018,Werder Bremen,Ein Frankfurt,D,1,2.55,3.5,2.7,1541.5736088834533,1563.0257136102869,-21.452104726833568,100,100,0.0,-1,-2,-1,2,7,7.0,7,7.0,2.0,1.0
2019-01-26,2018,Borussia Monchengladbach,FC Augsburg,H,2,1.66,4.0,5.0,1629.4964612585838,1438.182330611887,191.31413064669687,100,100,0.0,3,3,3,3,10,10.0,2,2.0,1.6666666666666667,0.6666666666666666
2019-01-26,2018,Borussia Dortmund,Hannover 96,H,2,1.16,7.5,15.0,1734.5455609713392,1390.9608357945522,343.58472517678706,100,100,0.0,6,5,6,6,12,12.0,2,2.0,1.3333333333333333,1.3333333333333333
2019-01-26,2018,FSV Mainz 05,FC Nurnberg,H,2,1.66,3.8,5.25,1519.8971322067769,1344.3775311242632,175.51960108251365,100,100,0.0,0,0,0,0,6,6.0,0,0.0,1.6666666666666667,0.6666666666666666
2019-01-26,2018,SC Freiburg,TSG Hoffenheim,A,0,3.5,4.0,1.95,1491.6826584455498,1594.4787397177436,-102.79608127219376,100,100,0.0,-3,-1,-1,-5,7,7.0,4,4.0,1.3333333333333333,1.3333333333333333
2019-01-27,2018,Bayern Munich,VfB Stuttgart,H,2,1.08,13.0,21.0,1817.9411024897001,1469.9408527877804,348.00024970191976,100,100,0.0,11,10,11,16,15,15.0,3,3.0,2.0,1.0
2019-01-27,2018,Fortuna Dusseldorf,RB Leipzig,A,0,4.0,3.6,1.9,1451.8063455658848,1606.0767201919514,-154.27037462606654,100,100,0.0,-3,-5,-1,-3,12,12.0,6,6.0,1.0,1.0
2019-02-01,2018,Hannover 96,RB Leipzig,A,0,5.5,4.33,1.53,1388.7950423593222,1618.7525517781787,-229.9575094188565,100,100,0.0,-3,-5,-1,-3,1,1.0,9,9.0,0.0,3.0
2019-02-02,2018,FC Nurnberg,Werder Bremen,D,1,3.75,3.6,2.0,1339.2791862336028,1538.2390428030076,-198.9598565694048,100,100,0.0,-1,0,1,-3,0,0.0,5,5.0,0.6666666666666666,1.6666666666666667
2019-02-02,2018,Bayer Leverkusen,Bayern Munich,H,2,5.5,4.5,1.55,1580.1346029550523,1820.0563725323484,-239.92176957729612,100,100,0.0,-7,-6,-7,-12,9,9.0,15,15.0,0.0,3.0
2019-02-02,2018,FC Schalke 04,Borussia Monchengladbach,A,0,2.4,3.4,3.0,1577.3843266023123,1634.221498150669,-56.837171548356764,100,100,0.0,1,1,1,0,8,8.0,10,10.0,0.6666666666666666,1.6666666666666667
2019-02-02,2018,Ein Frankfurt,Borussia Dortmund,D,1,3.3,3.6,2.15,1566.3602796907326,1736.7113544065692,-170.3510747158366,100,100,0.0,-4,-3,-6,-5,8,8.0,12,12.0,0.3333333333333333,2.3333333333333335
2019-02-02,2018,TSG Hoffenheim,Fortuna Dusseldorf,D,1,1.44,4.5,6.5,1609.3580257915057,1439.1305139796575,170.22751181184822,100,100,0.0,3,1,1,5,6,6.0,12,12.0,1.3333333333333333,1.3333333333333333
2019-02-02,2018,Hertha BSC,VfL Wolfsburg,A,0,2.3,3.3,3.25,1539.6256030465408,1515.51296162926,24.112641417280884,100,100,0.0,0,-2,2,-2,5,5.0,9,9.0,1.0,1.0
2019-02-03,2018,FC Augsburg,FSV Mainz 05,H,2,2.1,3.5,3.4,1433.4572937198018,1524.9954770974373,-91.5381833776355,100,100,0.0,0,0,0,0,2,2.0,8,8.0,2.0,1.0
2019-02-03,2018,VfB Stuttgart,SC Freiburg,D,1,2.15,3.4,3.4,1467.8255827451321,1476.8033723717876,-8.977789626655522,100,100,0.0,0,0,0,0,3,3.0,4,4.0,2.3333333333333335,0.3333333333333333
2019-02-08,2018,FSV Mainz 05,Bayer Leverkusen,A,0,3.8,3.8,1.9,1510.36073087146,1600.8688038750681,-90.50807300360816,100,100,0.0,-4,-4,-4,-4,8,8.0,12,12.0,1.0,2.0
2019-02-09,2018,RB Leipzig,Ein Frankfurt,D,1,1.83,4.0,4.0,1628.3896440883718,1569.356738784797,59.03290530357481,100,100,0.0,1,3,1,2,9,9.0,6,6.0,1.3333333333333333,1.3333333333333333
2019-02-09,2018,Hannover 96,FC Nurnberg,H,2,2.2,3.4,3.25,1379.157950049129,1343.4397189628262,35.71823108630292,100,100,0.0,0,0,0,0,1,1.0,1,1.0,1.3333333333333333,1.3333333333333333
2019-02-09,2018,Borussia Monchengladbach,Hertha BSC,A,0,1.57,4.2,5.5,1651.0754591992109,1519.484093389623,131.59136580958784,100,100,0.0,1,1,1,3,12,12.0,5,5.0,2.0,1.0
2019-02-09,2018,Borussia Dortmund,TSG Hoffenheim,D,1,1.66,4.2,4.75,1733.7148953125047,1599.5865895478057,134.128305764699,100,100,0.0,3,4,5,1,10,10.0,6,6.0,1.3333333333333333,1.3333333333333333
2019-02-09,2018,SC Freiburg,VfL Wolfsburg,D,1,2.87,3.4,2.45,1480.6456125382736,1535.6544712861778,-55.00885874790424,100,100,0.0,-2,-4,0,-2,5,5.0,9,9.0,1.0,2.0
2019-02-09,2018,Bayern Munich,FC Schalke 04,H,2,1.2,7.0,13.0,1799.3221716123326,1560.5303655537705,238.7918060585621,100,100,0.0,7,6,7,13,12,12.0,7,7.0,3.0,0.0
2019-02-10,2018,Fortuna Dusseldorf,VfB Stuttgart,H,2,2.1,3.5,3.5,1448.9019502233575,1463.9833425786462,-15.081392355288699,100,100,0.0,0,0,0,0,10,10.0,1,1.0,1.6666666666666667,0.6666666666666666
2019-02-10,2018,Werder Bremen,FC Augsburg,H,2,1.72,3.8,4.5,1534.0785100737842,1448.092039945779,85.98647012800507,100,100,0.0,1,0,-1,3,6,6.0,4,4.0,2.0,1.0
2019-02-15,2018,FC Augsburg,Bayern Munich,A,0,15.0,6.0,1.2,1440.4335079532277,1803.0579794740809,-362.62447152085315,100,100,0.0,-11,-10,-11,-16,3,3.0,12,12.0,0.3333333333333333,2.3333333333333335
2019-02-16,2018,Hertha BSC,Werder Bremen,D,1,2.4,3.5,2.9,1543.224914990126,1541.7370420663356,1.487872923790519,100,100,0.0,1,2,3,-3,7,7.0,8,8.0,0.6666666666666666,1.6666666666666667
2019-02-16,2018,VfL Wolfsburg,FSV Mainz 05,H,2,1.72,4.0,4.5,1537.586109874206,1494.951033366334,42.63507650787187,100,100,0.0,2,4,0,2,7,7.0,7,7.0,1.0,1.0
2019-02-16,2018,VfB Stuttgart,RB Leipzig,A,0,5.25,4.0,1.65,1452.5782713815495,1621.9661168514565,-169.387845469907,100,100,0.0,-3,-5,-1,-3,1,1.0,10,10.0,0.3333333333333333,2.3333333333333335
2019-02-16,2018,FC Schalke 04,SC Freiburg,D,1,1.7,3.75,5.25,1556.7945576920222,1478.7139739502454,78.08058374177676,100,100,0.0,4,4,4,3,7,7.0,5,5.0,2.0,1.0
2019-02-16,2018,TSG Hoffenheim,Hannover 96,H,2,1.3,6.0,8.5,1608.3994399232663,1388.5794215520043,219.820018371262,100,100,0.0,3,1,1,5,6,6.0,3,3.0,2.0,1.0
2019-02-17,2018,Ein Frankfurt,Borussia Monchengladbach,D,1,2.3,3.6,3.0,1575.7802660217124,1627.3346375987078,-51.554371576995436,100,100,0.0,-1,-1,-3,-2,6,6.0,9,9.0,2.0,1.0
2019-02-17,2018,Bayer Leverkusen,Fortuna Dusseldorf,H,2,1.44,4.75,6.5,1616.278501380194,1460.3070214204542,155.97147995973978,100,100,0.0,4,4,4,4,12,12.0,10,10.0,3.0,0.0
2019-02-18,2018,FC Nurnberg,Borussia Dortmund,D,1,7.5,5.0,1.4,1334.018247459951,1724.9020449370441,-390.88379747709314,100,100,0.0,-6,-5,-6,-6,1,1.0,11,11.0,0.3333333333333333,2.3333333333333335
2019-02-22,2018,Werder Bremen,VfB Stuttgart,D,1,1.53,4.33,5.75,1545.9981165786878,1440.534782017663,105.4633345610248,100,100,0.0,1,0,-1,3,9,9.0,1,1.0,1.0,2.0
2019-02-23,2018,Borussia Monchengladbach,VfL Wolfsburg,A,0,1.75,3.8,4.75,1629.4127527520207,1546.7521848547372,82.6605678972835,100,100,0.0,1,-1,3,1,10,10.0,7,7.0,1.3333333333333333,1.3333333333333333
2019-02-23,2018,FSV Mainz 05,FC Schalke 04,H,2,2.8,3.4,2.5,1485.7849583858028,1549.7155298636646,-63.930571477861804,100,100,0.0,-4,-4,-4,-3,6,6.0,5,5.0,0.0,3.0
2019-02-23,2018,Fortuna Dusseldorf,FC Nurnberg,H,2,1.72,3.75,5.0,1454.7146407979528,1344.2833408803058,110.43129991764704,100,100,0.0,0,0,0,0,7,7.0,2,2.0,0.0,3.0
2019-02-23,2018,SC Freiburg,FC Augsburg,H,2,2.15,3.5,3.3,1485.793001778603,1435.0132889935167,50.7797127850863,100,100,0.0,0,0,0,0,3,3.0,3,3.0,1.3333333333333333,1.3333333333333333
2019-02-23,2018,Bayern Munich,Hertha BSC,H,2,1.18,7.0,17.0,1808.478198433792,1538.9638404777738,269.5143579560181,100,100,0.0,9,8,9,16,12,12.0,8,8.0,0.6666666666666666,1.6666666666666667
2019-02-24,2018,Borussia Dortmund,Bayer Leverkusen,H,2,1.8,4.2,4.0,1714.6369515166894,1621.8708820026955,92.7660695139939,100,100,0.0,2,1,2,2,9,9.0,12,12.0,2.3333333333333335,0.3333333333333333
2019-02-24,2018,Hannover 96,Ein Frankfurt,A,0,4.75,3.75,1.75,1384.4715430477788,1573.7021508683995,-189.23060782062066,100,100,0.0,-2,-2,0,-1,3,3.0,7,7.0,0.0,3.0
2019-02-25,2018,RB Leipzig,TSG Hoffenheim,D,1,1.8,4.0,4.0,1634.009606215343,1612.5073184274918,21.502287787851174,100,100,0.0,0,4,0,-2,10,10.0,8,8.0,1.0,2.0
2019-03-01,2018,FC Augsburg,Borussia Dortmund,H,2,5.75,4.5,1.53,1426.1429064091756,1722.0750319816668,-295.93212557249126,100,100,0.0,-6,-5,-6,-6,3,3.0,9,9.0,0.3333333333333333,2.3333333333333335
2019-03-02,2018,Borussia Monchengladbach,Bayern Munich,A,0,5.5,4.5,1.57,1607.1809899821242,1811.6729292960515,-204.49193931392733,100,100,0.0,-8,-7,-8,-13,7,7.0,12,12.0,2.0,1.0
2019-03-02,2018,FC Schalke 04,Fortuna Dusseldorf,A,0,1.83,3.75,4.2,1536.267201739102,1461.5985623171084,74.66863942199348,100,100,0.0,4,4,4,3,2,2.0,7,7.0,2.3333333333333335,0.3333333333333333
2019-03-02,2018,FC Nurnberg,RB Leipzig,A,0,6.5,4.33,1.5,1337.3994193611502,1628.9678086675676,-291.56838930641743,100,100,0.0,-3,-5,-1,-3,2,2.0,11,11.0,0.0,3.0
2019-03-02,2018,Hertha BSC,FSV Mainz 05,H,2,1.85,3.6,4.33,1535.7691096155143,1499.2332865103656,36.535823105148665,100,100,0.0,2,2,2,0,5,5.0,6,6.0,0.3333333333333333,2.3333333333333335
2019-03-02,2018,Bayer Leverkusen,SC Freiburg,H,2,1.44,4.5,7.5,1614.432801537718,1494.663384362944,119.76941717477393,100,100,0.0,4,4,4,4,12,12.0,6,6.0,1.6666666666666667,0.6666666666666666
2019-03-02,2018,Ein Frankfurt,TSG Hoffenheim,H,2,2.37,3.75,2.8,1584.932280245125,1617.5491159752671,-32.61683573014216,100,100,0.0,-1,1,-1,-4,7,7.0,9,9.0,1.6666666666666667,0.6666666666666666
2019-03-03,2018,VfB Stuttgart,Hannover 96,H,2,1.72,4.0,4.5,1448.4979961032782,1373.2414136710534,75.25658243222483,100,100,0.0,0,0,0,0,2,2.0,3,3.0,0.6666666666666666,1.6666666666666667
2019-03-03,2018,VfL Wolfsburg,Werder Bremen,D,1,2.15,3.5,3.3,1568.9839476246336,1538.0349024930727,30.94904513156098,100,100,0.0,1,4,1,-1,10,10.0,7,7.0,0.3333333333333333,2.3333333333333335
2019-03-08,2018,Werder Bremen,FC Schalke 04,H,2,2.05,3.5,3.6,1543.4351080963456,1514.3032004982724,29.131907598073212,100,100,0.0,-3,-4,-5,0,7,7.0,1,1.0,2.0,1.0
2019-03-09,2018,RB Leipzig,FC Augsburg,D,1,1.36,5.0,8.5,1636.4445227964156,1448.8063075760185,187.63821522039711,100,100,0.0,3,5,1,3,11,11.0,6,6.0,1.3333333333333333,1.3333333333333333
2019-03-09,2018,FSV Mainz 05,Borussia Monchengladbach,A,0,3.3,3.4,2.2,1489.8422044985307,1596.5609993388898,-106.71879484035912,100,100,0.0,-3,-3,-3,-3,3,3.0,4,4.0,0.6666666666666666,1.6666666666666667
2019-03-09,2018,Bayern Munich,VfL Wolfsburg,H,2,1.25,6.5,10.0,1822.2929199392859,1563.5837420213606,258.7091779179252,100,100,0.0,9,6,11,14,12,12.0,11,11.0,2.3333333333333335,0.3333333333333333
2019-03-09,2018,Borussia Dortmund,VfB Stuttgart,H,2,1.28,5.5,11.0,1699.4116308148239,1456.5140982330088,242.89753258181508,100,100,0.0,6,5,6,6,6,6.0,5,5.0,2.0,1.0
2019-03-09,2018,SC Freiburg,Hertha BSC,H,2,2.55,3.25,2.87,1488.060439680135,1545.1601916273491,-57.099751947214145,100,100,0.0,-2,-2,-2,0,6,6.0,7,7.0,1.0,1.0
2019-03-10,2018,Hannover 96,Bayer Leverkusen,A,0,8.5,5.75,1.3,1365.2253115413228,1621.035746220527,-255.81043467920426,100,100,0.0,-4,-4,-4,-4,3,3.0,12,12.0,0.6666666666666666,1.6666666666666667
2019-03-10,2018,TSG Hoffenheim,FC Nurnberg,H,2,1.25,5.75,12.0,1605.422346096422,1329.9227052323022,275.4996408641198,100,100,0.0,3,1,1,5,6,6.0,2,2.0,1.3333333333333333,1.3333333333333333
2019-03-11,2018,Fortuna Dusseldorf,Ein Frankfurt,A,0,2.75,3.4,2.55,1483.562563557938,1597.05905012397,-113.49648656603222,100,100,0.0,-2,-2,0,-1,10,10.0,9,9.0,1.0,2.0
2019-03-15,2018,Borussia Monchengladbach,SC Freiburg,D,1,1.53,3.9,6.25,1611.2709618020915,1501.2176429993544,110.05331880273707,100,100,0.0,3,3,3,3,4,4.0,8,8.0,1.0,2.0
2019-03-16,2018,Hertha BSC,Borussia Dortmund,A,0,4.2,3.75,1.85,1532.0029883081297,1703.0708232846766,-171.06783497654692,100,100,0.0,-4,-3,-4,-6,7,7.0,8,8.0,0.6666666666666666,1.6666666666666667
2019-03-16,2018,FC Augsburg,Hannover 96,H,2,1.61,4.33,5.0,1458.9964233272399,1356.5347772990706,102.4616460281693,100,100,0.0,0,0,0,0,4,4.0,3,3.0,2.0,1.0
2019-03-16,2018,FC Schalke 04,RB Leipzig,A,0,3.75,3.6,2.0,1504.6349939476202,1626.2544070451943,-121.61941309757412,100,100,0.0,1,-1,3,0,1,1.0,9,9.0,1.3333333333333333,1.3333333333333333
2019-03-16,2018,VfL Wolfsburg,Fortuna Dusseldorf,H,2,1.75,3.75,4.75,1560.2070664242528,1469.1449608036764,91.0621056205764,100,100,0.0,2,4,0,2,8,8.0,9,9.0,2.3333333333333335,0.3333333333333333
2019-03-16,2018,VfB Stuttgart,TSG Hoffenheim,D,1,3.7,4.0,1.85,1452.854905763156,1608.52005219512,-155.66514643196388,100,100,0.0,-3,-1,-1,-5,4,4.0,8,8.0,1.0,2.0
2019-03-17,2018,Bayer Leverkusen,Werder Bremen,A,0,1.6,4.2,5.25,1629.7262804627792,1553.103314646998,76.6229658157813,100,100,0.0,3,4,5,1,12,12.0,9,9.0,2.3333333333333335,0.3333333333333333
2019-03-17,2018,Bayern Munich,FSV Mainz 05,H,2,1.12,9.0,17.0,1825.6695955363937,1475.132242035329,350.5373535010647,100,100,0.0,11,10,11,16,15,15.0,3,3.0,3.0,0.0
2019-03-17,2018,Ein Frankfurt,FC Nurnberg,H,2,1.4,5.0,7.5,1611.4766528782316,1326.8249991336043,284.6516537446273,100,100,0.0,2,2,0,1,11,11.0,1,1.0,1.6666666666666667,0.6666666666666666
2019-03-29,2018,TSG Hoffenheim,Bayer Leverkusen,H,2,2.37,3.8,2.7,1606.137149173695,1607.696263768686,-1.5591145949911152,100,100,0.0,-1,-3,-3,1,8,8.0,9,9.0,1.3333333333333333,1.3333333333333333
2019-03-30,2018,Fortuna Dusseldorf,Borussia Monchengladbach,H,2,3.0,3.5,2.3,1461.6518751881588,1603.1664314113193,-141.51455622316053,100,100,0.0,-3,-3,-3,-3,6,6.0,5,5.0,0.3333333333333333,2.3333333333333335
2019-03-30,2018,Borussia Dortmund,VfL Wolfsburg,H,2,1.5,4.33,6.5,1715.0446663245493,1567.7001520397705,147.34451428477882,100,100,0.0,4,1,6,4,10,10.0,10,10.0,2.3333333333333335,0.3333333333333333
2019-03-30,2018,SC Freiburg,Bayern Munich,D,1,12.0,6.5,1.22,1509.3221733901266,1827.7563303331747,-318.43415694304804,100,100,0.0,-11,-10,-11,-16,8,8.0,15,15.0,0.3333333333333333,2.3333333333333335
2019-03-30,2018,FC Nurnberg,FC Augsburg,H,2,2.87,3.3,2.5,1323.8706102241993,1466.1267051774332,-142.25609495323397,100,100,0.0,0,0,0,0,1,1.0,7,7.0,1.3333333333333333,1.3333333333333333
2019-03-30,2018,Werder Bremen,FSV Mainz 05,H,2,1.61,4.33,5.0,1575.133331341091,1473.045507238548,102.08782410254298,100,100,0.0,1,0,-1,3,9,9.0,3,3.0,1.3333333333333333,1.3333333333333333
2019-03-30,2018,RB Leipzig,Hertha BSC,H,2,1.5,4.33,6.5,1640.3222247885205,1520.029145268257,120.29307952026352,100,100,0.0,1,3,-1,3,11,11.0,4,4.0,2.0,1.0
2019-03-31,2018,Ein Frankfurt,VfB Stuttgart,H,2,1.44,5.0,6.5,1614.4310417876366,1455.237808784581,159.19323300305564,100,100,0.0,2,2,0,1,13,13.0,5,5.0,2.0,1.0
2019-03-31,2018,Hannover 96,FC Schalke 04,A,0,4.5,3.6,1.8,1349.4044954488772,1490.567176204294,-141.16268075541666,100,100,0.0,-4,-4,-4,-3,0,0.0,1,1.0,1.3333333333333333,1.3333333333333333
2019-04-05,2018,FSV Mainz 05,SC Freiburg,H,2,2.2,3.3,3.4,1465.9035219955902,1517.679561425998,-51.776039430407764,100,100,0.0,0,0,0,0,3,3.0,8,8.0,2.0,1.0
2019-04-06,2018,Bayer Leverkusen,RB Leipzig,A,0,2.3,3.75,2.9,1596.8361059097713,1646.909659248371,-50.07355333859982,100,100,0.0,1,-1,3,1,6,6.0,11,11.0,1.3333333333333333,1.3333333333333333
2019-04-06,2018,Hertha BSC,Fortuna Dusseldorf,A,0,1.9,3.6,4.0,1513.4417108084065,1478.4357211053518,35.00598970305464,100,100,0.0,2,2,2,0,3,3.0,9,9.0,0.0,3.0
2019-04-06,2018,Bayern Munich,Borussia Dortmund,H,2,1.53,4.75,5.25,1819.3989422973034,1720.8665246460646,98.5324176512388,100,100,0.0,5,5,5,10,13,13.0,12,12.0,2.0,1.0
2019-04-06,2018,FC Schalke 04,Ein Frankfurt,A,0,3.3,3.5,2.15,1503.7983089198106,1619.9395308979792,-116.14122197816869,100,100,0.0,2,2,4,2,3,3.0,15,15.0,1.3333333333333333,1.3333333333333333
2019-04-06,2018,VfL Wolfsburg,Hannover 96,H,2,1.33,5.5,8.5,1561.8782937182552,1336.1733627333606,225.70493098489465,100,100,0.0,2,4,0,2,7,7.0,0,0.0,1.3333333333333333,1.3333333333333333
2019-04-06,2018,VfB Stuttgart,FC Nurnberg,D,1,1.8,3.75,4.5,1449.7293196742382,1340.6860101093962,109.04330956484205,100,100,0.0,0,0,0,0,5,5.0,3,3.0,1.3333333333333333,1.3333333333333333
2019-04-07,2018,FC Augsburg,TSG Hoffenheim,A,0,3.6,4.33,1.83,1449.3113052922363,1616.9973070326098,-167.6860017403735,100,100,0.0,-3,-1,-1,-5,7,7.0,8,8.0,0.3333333333333333,2.3333333333333335
2019-04-07,2018,Borussia Monchengladbach,Werder Bremen,D,1,2.05,3.6,3.4,1586.3825854941263,1582.2753165840488,4.107268910077437,100,100,0.0,2,3,4,0,4,4.0,11,11.0,2.3333333333333335,0.3333333333333333
2019-04-12,2018,FC Nurnberg,FC Schalke 04,D,1,3.4,3.25,2.25,1348.7596160325595,1489.4946805554055,-140.73506452284596,100,100,0.0,-4,-4,-4,-3,4,4.0,3,3.0,0.3333333333333333,2.3333333333333335
2019-04-13,2018,Werder Bremen,SC Freiburg,H,2,1.6,4.0,5.75,1586.6401295105047,1504.7482892664395,81.89184024406518,100,100,0.0,1,0,-1,3,11,11.0,5,5.0,0.6666666666666666,1.6666666666666667
2019-04-13,2018,VfB Stuttgart,Bayer Leverkusen,A,0,4.2,4.2,1.75,1441.655713751075,1579.6953231645887,-138.03960941351374,100,100,0.0,-4,-4,-4,-4,5,5.0,6,6.0,1.0,2.0
2019-04-13,2018,RB Leipzig,VfL Wolfsburg,H,2,1.57,4.2,5.75,1664.0504419935537,1565.867538093587,98.18290389996673,100,100,0.0,1,1,1,1,13,13.0,7,7.0,1.3333333333333333,1.3333333333333333
2019-04-13,2018,Hannover 96,Borussia Monchengladbach,A,0,5.25,4.33,1.6,1332.1841183580289,1582.0177725676704,-249.8336542096415,100,100,0.0,-3,-3,-3,-3,0,0.0,5,5.0,0.0,3.0
2019-04-13,2018,Borussia Dortmund,FSV Mainz 05,H,2,1.3,5.75,9.5,1713.6125697375671,1478.8347941551485,234.7777755824186,100,100,0.0,6,5,6,6,9,9.0,3,3.0,2.0,1.0
2019-04-14,2018,Fortuna Dusseldorf,Bayern Munich,A,0,12.0,7.5,1.18,1498.98773254535,1826.6528972058009,-327.66516466045096,100,100,0.0,-11,-10,-11,-16,9,9.0,13,13.0,0.3333333333333333,2.3333333333333335
2019-04-14,2018,TSG Hoffenheim,Hertha BSC,H,2,1.4,5.0,6.5,1629.1114841892775,1492.8896993684084,136.22178482086906,100,100,0.0,1,-1,-1,5,10,10.0,3,3.0,1.0,1.0
2019-04-14,2018,Ein Frankfurt,FC Augsburg,A,0,1.45,4.5,6.5,1634.2431592623843,1437.1971281355686,197.0460311268157,100,100,0.0,2,2,0,1,15,15.0,7,7.0,1.0,2.0
2019-04-20,2018,Borussia Monchengladbach,RB Leipzig,A,0,3.0,3.75,2.25,1590.9222170541655,1671.315468364256,-80.39325131009059,100,100,0.0,0,-2,2,0,8,8.0,13,13.0,0.3333333333333333,2.3333333333333335
2019-04-20,2018,FC Schalke 04,TSG Hoffenheim,A,0,3.6,4.0,1.9,1487.744020849676,1635.2396592031075,-147.49563835343156,100,100,0.0,1,3,3,-2,4,4.0,13,13.0,1.3333333333333333,1.3333333333333333
2019-04-20,2018,FC Augsburg,VfB Stuttgart,H,2,2.05,3.5,3.6,1462.6019614293568,1428.2914847319944,34.310476697362446,100,100,0.0,0,0,0,0,7,7.0,2,2.0,0.3333333333333333,2.3333333333333335
2019-04-20,2018,Bayern Munich,Werder Bremen,H,2,1.14,8.0,19.0,1833.0247618131184,1594.4338682646137,238.5908935485047,100,100,0.0,10,10,12,13,13,13.0,13,13.0,3.0,0.0
2019-04-20,2018,Bayer Leverkusen,FC Nurnberg,H,2,1.3,5.75,9.5,1593.0595521836692,1350.510275738289,242.5492764453802,100,100,0.0,4,4,4,4,6,6.0,5,5.0,2.3333333333333335,0.3333333333333333
2019-04-20,2018,FSV Mainz 05,Fortuna Dusseldorf,H,2,2.1,3.6,3.4,1475.022755834149,1492.6158679380324,-17.593112103883414,100,100,0.0,0,0,0,0,3,3.0,6,6.0,2.3333333333333335,0.3333333333333333
2019-04-21,2018,Hertha BSC,Hannover 96,D,1,1.53,4.33,6.0,1486.7615243545783,1323.2796738715338,163.48185048304458,100,100,0.0,2,2,2,0,0,0.0,0,0.0,2.0,1.0
2019-04-21,2018,SC Freiburg,Borussia Dortmund,A,0,6.0,4.33,1.53,1496.9545505123306,1717.4246080585667,-220.47005754623615,100,100,0.0,-6,-5,-6,-6,5,5.0,12,12.0,0.6666666666666666,1.6666666666666667
2019-04-22,2018,VfL Wolfsburg,Ein Frankfurt,D,1,2.55,3.6,2.55,1558.6025117228846,1608.838325968596,-50.23581424571148,100,100,0.0,0,2,0,1,6,6.0,12,12.0,2.0,1.0
2019-04-26,2018,FC Augsburg,Bayer Leverkusen,A,0,4.5,4.33,1.66,1472.0758831063893,1596.7251904511088,-124.64930734471955,100,100,0.0,-4,-4,-4,-4,9,9.0,6,6.0,0.6666666666666666,1.6666666666666667
2019-04-27,2018,Borussia Dortmund,FC Schalke 04,A,0,1.3,5.5,9.0,1727.4223800754567,1474.7818937046457,252.640486370811,100,100,0.0,2,1,2,3,12,12.0,4,4.0,1.3333333333333333,1.3333333333333333
2019-04-27,2018,Ein Frankfurt,Hertha BSC,D,1,1.4,4.75,7.0,1610.972245580341,1477.159859787933,133.8123857924079,100,100,0.0,0,0,-2,1,10,10.0,1,1.0,1.0,2.0
2019-04-27,2018,Fortuna Dusseldorf,Werder Bremen,H,2,3.2,3.4,2.2,1481.1084100111989,1590.694276163612,-109.58586615241302,100,100,0.0,-1,0,1,-3,6,6.0,10,10.0,0.3333333333333333,2.3333333333333335
2019-04-27,2018,Hannover 96,FSV Mainz 05,H,2,3.0,3.4,2.3,1332.881338438179,1486.5302137609824,-153.6488753228034,100,100,0.0,0,0,0,0,1,1.0,6,6.0,2.3333333333333335,0.3333333333333333
2019-04-27,2018,RB Leipzig,SC Freiburg,H,2,1.25,5.5,12.0,1687.1610622988012,1486.9567784954406,200.20428380336057,100,100,0.0,3,5,1,3,15,15.0,2,2.0,1.0,2.0
2019-04-27,2018,VfB Stuttgart,Borussia Monchengladbach,H,2,3.5,3.5,2.05,1418.817563054962,1575.0766231196203,-156.25906006465834,100,100,0.0,-3,-3,-3,-3,2,2.0,5,5.0,1.0,2.0
2019-04-28,2018,TSG Hoffenheim,VfL Wolfsburg,A,0,1.45,4.75,6.0,1648.2017863481378,1556.4685921111397,91.73319423699809,100,100,0.0,1,-3,1,3,13,13.0,7,7.0,1.6666666666666667,0.6666666666666666
2019-04-28,2018,FC Nurnberg,Bayern Munich,D,1,15.0,8.0,1.14,1346.8446374708494,1836.7643539141202,-489.9197164432708,100,100,0.0,-11,-10,-11,-16,5,5.0,13,13.0,0.0,3.0
2019-05-03,2018,FSV Mainz 05,RB Leipzig,D,1,4.5,4.2,1.7,1469.2322406770902,1691.685928697847,-222.45368802075677,100,100,0.0,-3,-5,-1,-3,6,6.0,15,15.0,1.3333333333333333,1.3333333333333333
2019-05-04,2018,VfL Wolfsburg,FC Nurnberg,H,2,1.57,4.33,5.5,1578.997202053126,1358.970040829493,220.02716122363313,100,100,0.0,2,4,0,2,7,7.0,6,6.0,2.3333333333333335,0.3333333333333333
2019-05-04,2018,Werder Bremen,Borussia Dortmund,D,1,3.25,3.75,2.05,1575.280526034706,1700.9051652782584,-125.62463924355234,100,100,0.0,-5,-5,-7,-3,7,7.0,9,9.0,1.3333333333333333,1.3333333333333333
2019-05-04,2018,Bayern Munich,Hannover 96,H,2,1.03,21.0,34.0,1824.6389505554766,1350.1793115220712,474.45963903340544,100,100,0.0,11,10,11,16,11,11.0,4,4.0,3.0,0.0
2019-05-04,2018,Hertha BSC,VfB Stuttgart,H,2,2.2,3.6,3.1,1485.963774115611,1436.2254534805736,49.738320635037326,100,100,0.0,2,2,2,0,2,2.0,4,4.0,1.0,2.0
2019-05-04,2018,Borussia Monchengladbach,TSG Hoffenheim,D,1,2.7,4.0,2.3,1557.6687326940087,1625.6731764061515,-68.0044437121428,100,100,0.0,0,2,2,-2,4,4.0,12,12.0,1.6666666666666667,0.6666666666666666
2019-05-05,2018,Bayer Leverkusen,Ein Frankfurt,H,2,1.61,4.5,5.0,1610.6627762260373,1602.1683312526632,8.49444497337413,100,100,0.0,2,2,4,3,9,9.0,8,8.0,2.0,1.0
2019-05-05,2018,FC Schalke 04,FC Augsburg,D,1,1.8,3.8,4.33,1501.2991085018439,1458.1382973314608,43.16081117038311,100,100,0.0,4,4,4,3,7,7.0,6,6.0,2.3333333333333335,0.3333333333333333
2019-05-05,2018,SC Freiburg,Fortuna Dusseldorf,D,1,2.1,3.75,3.2,1482.4319120963949,1496.5221601401047,-14.090248043709835,100,100,0.0,0,0,0,0,1,1.0,9,9.0,1.3333333333333333,1.3333333333333333
2019-05-11,2018,FC Nurnberg,Borussia Monchengladbach,A,0,3.8,4.0,1.85,1354.866388053781,1556.291265242978,-201.42487718919688,100,100,0.0,-3,-3,-3,-3,3,3.0,5,5.0,0.0,3.0
2019-05-11,2018,VfB Stuttgart,VfL Wolfsburg,H,2,3.2,3.5,2.2,1427.3175724134726,1583.100854828838,-155.78328241536542,100,100,0.0,-2,-4,0,-2,4,4.0,10,10.0,1.3333333333333333,1.3333333333333333
2019-05-11,2018,RB Leipzig,Bayern Munich,D,1,5.0,4.0,1.66,1686.607730035057,1825.699053131573,-139.0913230965159,100,100,0.0,-8,-5,-10,-13,13,13.0,13,13.0,1.0,2.0
2019-05-11,2018,Bayer Leverkusen,FC Schalke 04,D,1,1.33,5.75,8.0,1621.1252355534523,1495.4459304248153,125.679305128637,100,100,0.0,0,0,0,1,12,12.0,5,5.0,1.3333333333333333,1.3333333333333333
2019-05-11,2018,FC Augsburg,Hertha BSC,A,0,2.4,3.6,2.8,1463.9914754084894,1494.871655182712,-30.880179774222597,100,100,0.0,-2,-2,-2,0,7,7.0,5,5.0,1.0,1.0
2019-05-11,2018,Hannover 96,SC Freiburg,H,2,2.62,3.75,2.5,1349.1192089459748,1478.7966776503192,-129.6774687043444,100,100,0.0,0,0,0,0,4,4.0,1,1.0,1.6666666666666667,0.6666666666666666
2019-05-11,2018,Borussia Dortmund,Fortuna Dusseldorf,H,2,1.3,6.0,8.5,1699.8008622682453,1500.1573945861803,199.64346768206497,100,100,0.0,6,5,6,6,7,7.0,7,7.0,1.3333333333333333,1.3333333333333333
2019-05-11,2018,TSG Hoffenheim,Werder Bremen,A,0,1.44,5.25,6.0,1627.0506438571822,1576.3848290447193,50.66581481246294,100,100,0.0,2,1,2,2,10,10.0,5,5.0,1.6666666666666667,0.6666666666666666
2019-05-12,2018,Ein Frankfurt,FSV Mainz 05,A,0,1.6,4.2,5.25,1591.7058719252482,1474.31043933988,117.3954325853681,100,100,0.0,2,2,0,1,5,5.0,7,7.0,1.6666666666666667,0.6666666666666666
2019-05-18,2018,Bayern Munich,Ein Frankfurt,H,2,1.25,6.5,10.0,1824.0184309427932,1568.3794595546879,255.63897138810535,100,100,0.0,9,8,11,15,11,11.0,2,2.0,3.0,0.0
2019-05-18,2018,Hertha BSC,Bayer Leverkusen,A,0,7.0,4.5,1.44,1512.8170420904053,1612.5546579919524,-99.73761590154709,100,100,0.0,-2,-2,-2,-4,8,8.0,13,13.0,2.0,1.0
2019-05-18,2018,Fortuna Dusseldorf,Hannover 96,H,2,1.55,4.2,6.0,1495.620109759422,1365.3973811165342,130.22272864288766,100,100,0.0,0,0,0,0,4,4.0,7,7.0,2.0,1.0
2019-05-18,2018,Borussia Monchengladbach,Borussia Dortmund,A,0,2.9,4.0,2.2,1567.0326911294876,1704.3381470950037,-137.3054559655161,100,100,0.0,-3,-2,-3,-3,7,7.0,10,10.0,0.0,3.0
2019-05-18,2018,SC Freiburg,FC Nurnberg,H,2,1.75,4.0,4.33,1462.5185054797598,1344.1249621672714,118.39354331248842,100,100,0.0,0,0,0,0,1,1.0,2,2.0,3.0,0.0
2019-05-18,2018,FC Schalke 04,VfB Stuttgart,D,1,1.61,4.2,5.25,1504.0165079863152,1444.7054467915018,59.31106119481342,100,100,0.0,4,4,4,3,6,6.0,6,6.0,3.0,0.0
2019-05-18,2018,VfL Wolfsburg,FC Augsburg,H,2,1.4,4.75,8.0,1565.7129804508088,1446.046088500796,119.66689195001277,100,100,0.0,2,4,0,2,7,7.0,7,7.0,1.3333333333333333,1.3333333333333333
2019-05-18,2018,Werder Bremen,RB Leipzig,H,2,2.5,4.0,2.5,1597.5103496808833,1688.288352223837,-90.77800254295357,100,100,0.0,-2,-5,-2,0,7,7.0,11,11.0,0.3333333333333333,2.3333333333333335
2019-05-18,2018,FSV Mainz 05,TSG Hoffenheim,H,2,4.2,4.75,1.65,1497.6368517104404,1605.925123221018,-108.28827151057772,100,100,0.0,-3,-1,-1,-5,7,7.0,7,7.0,0.3333333333333333,2.3333333333333335
2019-08-16,2019,Bayern Munich,Hertha BSC,D,1,1.14,8.0,15.0,1827.4484309840436,1497.8057140604262,329.6427169236174,100,100,0.0,8,9,8,8,11,11.0,8,8.0,1.3333333333333333,1.3333333333333333
2019-08-17,2019,Borussia Monchengladbach,FC Schalke 04,D,1,2.0,3.5,3.75,1553.6371359210762,1497.5831774237015,56.05395849737465,100,100,0.0,1,1,0,5,4,4.0,6,6.0,2.3333333333333335,0.3333333333333333
2019-08-17,2019,Werder Bremen,Fortuna Dusseldorf,A,0,1.75,3.75,4.75,1612.1122975216956,1501.9184021073543,110.19389541434134,100,100,0.0,2,3,1,0,7,7.0,7,7.0,1.3333333333333333,1.3333333333333333
2019-08-17,2019,VfL Wolfsburg,FC Cologne,H,2,1.95,3.5,4.0,1572.3189648689345,1419.2691591180164,153.04980575091804,100,100,0.0,3,3,2,2,10,10.0,1,1.0,1.0,2.0
2019-08-17,2019,SC Freiburg,FSV Mainz 05,H,2,2.25,3.25,3.4,1469.1623266426675,1512.994617291834,-43.83229064916645,100,100,0.0,0,0,0,0,4,4.0,10,10.0,0.0,3.0
2019-08-17,2019,Borussia Dortmund,FC Augsburg,H,2,1.2,7.0,13.0,1717.7337023034152,1439.4401040826704,278.2935982207448,100,100,0.0,6,7,4,7,10,10.0,4,4.0,1.3333333333333333,1.3333333333333333
2019-08-17,2019,Bayer Leverkusen,SC Paderborn 07,H,2,1.25,6.0,12.0,1627.5659860219314,1425.1097400454355,202.4562459764959,100,100,0.0,5,6,3,6,13,13.0,4,4.0,2.0,0.5
2019-08-18,2019,Ein Frankfurt,TSG Hoffenheim,H,2,2.25,3.6,3.0,1564.9494595134374,1590.5673576396246,-25.61789812618713,100,100,0.0,0,-1,-2,3,2,2.0,4,4.0,2.3333333333333335,0.3333333333333333
2019-08-18,2019,Union Berlin,RB Leipzig,A,0,5.0,3.8,1.7,1500.0,1673.6864043830246,-173.68640438302464,100,100,0.0,-4,-5,-3,-5,0,0.0,8,8.0,1.5,1.5
2019-08-23,2019,FC Cologne,Borussia Dortmund,A,0,6.5,4.75,1.44,1413.599852230996,1720.787015653753,-307.18716342275707,100,100,0.0,-6,-7,-4,-7,1,1.0,10,10.0,0.3333333333333333,2.3333333333333335
2019-08-24,2019,FC Schalke 04,Bayern Munich,A,0,9.0,4.75,1.36,1503.9012941917595,1814.7811364208706,-310.8798422291111,100,100,0.0,-7,-8,-7,-9,7,7.0,9,9.0,0.0,3.0
2019-08-24,2019,FSV Mainz 05,Borussia Monchengladbach,A,0,2.9,3.4,2.4,1500.398665257517,1547.3190191530182,-46.920353895501194,100,100,0.0,-4,-3,-3,-6,7,7.0,5,5.0,0.3333333333333333,2.3333333333333335
2019-08-24,2019,SC Paderborn 07,SC Freiburg,A,0,2.37,3.5,2.9,1420.6344586496173,1481.7582786769844,-61.123820027367174,100,100,0.0,0,0,0,0,3,3.0,7,7.0,2.0,0.5
2019-08-24,2019,Fortuna Dusseldorf,Bayer Leverkusen,A,0,4.75,4.0,1.7,1525.027228985626,1632.0412674177496,-107.0140384321237,100,100,0.0,-5,-6,-3,-6,10,10.0,13,13.0,0.0,3.0
2019-08-24,2019,FC Augsburg,Union Berlin,D,1,2.2,3.4,3.3,1436.3867907323324,1488.1344416811821,-51.747650948849696,100,100,0.0,0,0,0,0,1,1.0,0,0.0,1.5,1.5
2019-08-24,2019,TSG Hoffenheim,Werder Bremen,H,2,1.85,3.6,4.2,1578.7305114226774,1589.003470643424,-10.272959220746543,100,100,0.0,1,1,3,2,1,1.0,7,7.0,0.6666666666666666,1.6666666666666667
2019-08-25,2019,Hertha BSC,VfL Wolfsburg,A,0,2.4,3.4,2.9,1510.4730086235993,1577.9882717559549,-67.51526313235559,100,100,0.0,-1,-2,0,0,8,8.0,12,12.0,0.6666666666666666,1.6666666666666667
2019-08-25,2019,RB Leipzig,Ein Frankfurt,H,2,1.5,4.5,6.0,1685.5519627018425,1576.7863057303846,108.76565697145793,100,100,0.0,1,2,1,0,8,8.0,4,4.0,0.6666666666666666,1.6666666666666667
2019-08-30,2019,Borussia Monchengladbach,RB Leipzig,A,0,3.2,4.0,2.05,1564.5929874141557,1692.4868749348384,-127.89388752068271,100,100,0.0,0,-2,0,1,8,8.0,8,8.0,0.0,3.0
2019-08-31,2019,Union Berlin,Borussia Dortmund,H,2,10.0,5.75,1.28,1490.20437182514,1727.7704939082432,-237.5661220831032,100,100,0.0,-6,-7,-4,-7,1,1.0,13,13.0,1.5,1.5
2019-08-31,2019,Bayern Munich,FSV Mainz 05,H,2,1.08,11.0,26.0,1821.6513716913148,1483.1246969963795,338.5266746949353,100,100,0.0,10,10,10,10,11,11.0,7,7.0,3.0,0.0
2019-08-31,2019,SC Freiburg,FC Cologne,A,0,2.37,3.5,3.0,1498.4297283561932,1406.6163739765059,91.81335437968733,100,100,0.0,0,0,0,0,10,10.0,0,0.0,3.0,0.0
2019-08-31,2019,Bayer Leverkusen,TSG Hoffenheim,D,1,1.53,4.75,5.25,1646.7384881685455,1589.9405690667572,56.79791910178824,100,100,0.0,2,2,-1,4,13,13.0,4,4.0,1.0,2.0
2019-08-31,2019,FC Schalke 04,Hertha BSC,H,2,2.1,3.6,3.4,1497.0310589213152,1494.074602371373,2.9564565499422315,100,100,0.0,1,1,1,-1,4,4.0,7,7.0,1.3333333333333333,1.3333333333333333
2019-08-31,2019,VfL Wolfsburg,SC Paderborn 07,D,1,1.44,5.0,6.0,1594.3866780081812,1403.9630089704085,190.4236690377727,100,100,0.0,3,3,2,2,12,12.0,0,0.0,2.0,0.5
2019-09-01,2019,Ein Frankfurt,Fortuna Dusseldorf,H,2,1.66,4.0,4.75,1569.8513934973887,1510.33000823483,59.521385262558624,100,100,0.0,3,3,2,5,3,3.0,7,7.0,3.0,0.0
2019-09-01,2019,Werder Bremen,FC Augsburg,H,2,1.72,4.0,4.5,1577.7934129993441,1434.3168605883745,143.4765524109696,100,100,0.0,2,3,1,0,7,7.0,2,2.0,3.0,0.0
2019-09-13,2019,Fortuna Dusseldorf,VfL Wolfsburg,D,1,3.1,3.5,2.25,1501.7707469904915,1584.1321561549569,-82.36140916446539,100,100,0.0,-3,-3,-2,-2,6,6.0,10,10.0,0.3333333333333333,2.3333333333333335
2019-09-14,2019,FC Cologne,Borussia Monchengladbach,A,0,2.5,3.5,2.7,1429.1475725988844,1550.7946825342406,-121.64710993535618,100,100,0.0,-4,-3,-3,-6,3,3.0,7,7.0,1.0,2.0
2019-09-14,2019,Borussia Dortmund,Bayer Leverkusen,H,2,1.8,4.0,4.0,1707.1233563357682,1640.3939743763679,66.72938195940037,100,100,0.0,1,1,1,1,12,12.0,11,11.0,3.0,0.0
2019-09-14,2019,FC Augsburg,Ein Frankfurt,H,2,3.5,3.6,2.05,1428.3898177958897,1578.4106547417273,-150.02083694583757,100,100,0.0,-3,-3,-2,-5,1,1.0,6,6.0,2.0,1.0
2019-09-14,2019,RB Leipzig,Bayern Munich,D,1,3.8,4.0,1.85,1706.2851798147535,1823.8764066284543,-117.59122681370081,100,100,0.0,-6,-5,-7,-5,10,10.0,11,11.0,1.3333333333333333,1.3333333333333333
2019-09-14,2019,Union Berlin,Werder Bremen,A,0,2.87,3.5,2.4,1510.851509397615,1583.720455791829,-72.86894639421394,100,100,0.0,-2,-3,-1,0,4,4.0,9,9.0,1.5,1.5
2019-09-14,2019,FSV Mainz 05,Hertha BSC,H,2,2.3,3.4,3.1,1480.89966205924,1483.3938940035168,-2.494231944276862,100,100,0.0,-2,-1,-2,-2,6,6.0,4,4.0,1.3333333333333333,1.3333333333333333
2019-09-15,2019,TSG Hoffenheim,SC Freiburg,A,0,1.7,4.2,4.5,1596.2850828589349,1475.8985297338147,120.38655312512014,100,100,0.0,3,4,4,2,4,4.0,9,9.0,2.3333333333333335,0.3333333333333333
2019-09-15,2019,SC Paderborn 07,FC Schalke 04,A,0,3.1,3.5,2.25,1414.2175308236328,1507.7117672891713,-93.4942364655385,100,100,0.0,-3,-2,-3,-1,1,1.0,6,6.0,0.0,3.0
2019-09-20,2019,FC Schalke 04,FSV Mainz 05,H,2,1.61,4.2,5.0,1522.992610855957,1491.7971446520717,31.195466203885417,100,100,0.0,3,2,3,1,8,8.0,6,6.0,2.0,1.0
2019-09-21,2019,Bayern Munich,FC Cologne,H,2,1.11,10.0,21.0,1823.1175806381175,1415.0809460001317,408.0366346379858,100,100,0.0,10,10,10,10,11,11.0,3,3.0,3.0,0.0
2019-09-21,2019,Bayer Leverkusen,Union Berlin,H,2,1.36,5.5,7.5,1632.0862558166932,1494.682542794594,137.40371302209928,100,100,0.0,5,6,3,6,10,10.0,4,4.0,1.5,1.5
2019-09-21,2019,Hertha BSC,SC Paderborn 07,H,2,1.7,4.0,4.75,1472.4964114106851,1398.936687256847,73.55972415383803,100,100,0.0,2,1,2,2,1,1.0,1,1.0,1.5,1.5
2019-09-21,2019,SC Freiburg,FC Augsburg,D,1,1.9,3.75,3.8,1499.3138610895076,1445.5345925368395,53.7792685526681,100,100,0.0,0,0,0,0,12,12.0,4,4.0,2.0,1.0
2019-09-21,2019,Werder Bremen,RB Leipzig,A,0,4.2,4.2,1.72,1599.88942239485,1707.0440058050904,-107.15458341024032,100,100,0.0,-2,-2,-2,-5,9,9.0,10,10.0,1.3333333333333333,1.3333333333333333
2019-09-22,2019,Borussia Monchengladbach,Fortuna Dusseldorf,H,2,1.66,4.0,5.0,1564.8613091329933,1501.0098813782354,63.85142775475788,100,100,0.0,4,3,3,6,7,7.0,7,7.0,2.0,1.0
2019-09-22,2019,Ein Frankfurt,Borussia Dortmund,D,1,4.33,4.0,1.75,1561.2658800007775,1715.4310748954429,-154.16519489466532,100,100,0.0,-3,-4,-2,-2,6,6.0,12,12.0,0.3333333333333333,2.3333333333333335
2019-09-23,2019,VfL Wolfsburg,TSG Hoffenheim,D,1,1.95,3.75,3.75,1584.893021767213,1572.869751503242,12.023270263970971,100,100,0.0,0,-1,-2,0,11,11.0,4,4.0,1.3333333333333333,1.3333333333333333
2019-09-27,2019,Union Berlin,Ein Frankfurt,A,0,3.0,3.5,2.3,1488.5874784305488,1563.5856162516309,-74.99813782108208,100,100,0.0,-3,-3,-2,-5,4,4.0,7,7.0,1.5,1.5
2019-09-28,2019,SC Paderborn 07,Bayern Munich,A,0,15.0,10.0,1.14,1390.8630764769005,1824.6462587417273,-433.7831822648268,100,100,0.0,-10,-10,-10,-10,1,1.0,11,11.0,0.0,3.0
2019-09-28,2019,RB Leipzig,FC Schalke 04,A,0,1.53,4.33,6.0,1721.7351612635814,1532.5831476655258,189.15201359805565,100,100,0.0,1,3,0,4,13,13.0,10,10.0,2.3333333333333335,0.3333333333333333
2019-09-28,2019,Borussia Dortmund,Werder Bremen,D,1,1.25,6.5,11.0,1713.1113386445895,1585.198266936359,127.91307170823052,100,100,0.0,4,4,3,7,10,10.0,6,6.0,1.6666666666666667,0.6666666666666666
2019-09-28,2019,TSG Hoffenheim,Borussia Monchengladbach,A,0,2.5,3.5,2.75,1577.5452737472233,1573.2689133972867,4.276360349936567,100,100,0.0,-1,1,1,-4,5,5.0,10,10.0,1.0,1.0
2019-09-28,2019,FC Augsburg,Bayer Leverkusen,A,0,5.0,4.5,1.6,1451.7717041781186,1638.1813201807383,-186.4096160026197,100,100,0.0,-5,-6,-3,-6,5,5.0,10,10.0,0.3333333333333333,2.3333333333333335
2019-09-28,2019,FSV Mainz 05,VfL Wolfsburg,A,0,2.9,3.5,2.37,1482.206607842503,1580.2174995232317,-98.01089168072872,100,100,0.0,-3,-3,-2,-2,3,3.0,9,9.0,0.6666666666666666,1.6666666666666667
2019-09-29,2019,Fortuna Dusseldorf,SC Freiburg,A,0,2.37,3.4,2.87,1492.602277113942,1493.0767494482284,-0.4744723342864745,100,100,0.0,0,0,0,0,4,4.0,10,10.0,1.3333333333333333,1.3333333333333333
2019-09-29,2019,FC Cologne,Hertha BSC,A,0,2.15,3.6,3.3,1413.552267896522,1480.5700221906318,-67.01775429410986,100,100,0.0,-2,-1,-2,-2,3,3.0,4,4.0,1.0,2.0
2019-10-04,2019,Hertha BSC,Fortuna Dusseldorf,H,2,1.65,4.0,4.75,1496.98971808758,1473.4192114641592,23.570506623420897,100,100,0.0,2,1,2,2,6,6.0,1,1.0,0.0,3.0
2019-10-05,2019,SC Freiburg,Borussia Dortmund,D,1,5.75,4.2,1.57,1512.2598150980111,1704.4760444388587,-192.21622934084758,100,100,0.0,-6,-7,-4,-7,10,10.0,8,8.0,0.3333333333333333,2.3333333333333335
2019-10-05,2019,Bayern Munich,TSG Hoffenheim,A,0,1.11,9.0,26.0,1828.4773897045814,1558.1737796438802,270.3036100607012,100,100,0.0,7,6,6,8,13,13.0,5,5.0,3.0,0.0
2019-10-05,2019,SC Paderborn 07,FSV Mainz 05,A,0,2.5,3.5,2.8,1387.0319455140464,1467.1207320714182,-80.0887865573718,100,100,0.0,0,0,0,0,1,1.0,3,3.0,0.5,2.0
2019-10-05,2019,Bayer Leverkusen,RB Leipzig,D,1,2.25,3.5,3.1,1649.5257794726833,1696.5099557082922,-46.98417623560886,100,100,0.0,1,1,0,1,10,10.0,10,10.0,1.0,2.0
2019-10-05,2019,FC Schalke 04,FC Cologne,D,1,1.57,4.33,5.5,1557.808353220815,1397.1325719995737,160.67578122124132,100,100,0.0,3,2,3,1,12,12.0,3,3.0,1.0,1.0
2019-10-06,2019,Ein Frankfurt,Werder Bremen,D,1,2.1,3.6,3.4,1579.6631740418475,1593.8335611420898,-14.170387100242351,100,100,0.0,1,0,1,5,7,7.0,7,7.0,0.3333333333333333,2.3333333333333335
2019-10-06,2019,Borussia Monchengladbach,FC Augsburg,H,2,1.5,4.33,6.5,1592.6404075006299,1440.4272448861736,152.21316261445622,100,100,0.0,4,3,3,6,12,12.0,5,5.0,2.3333333333333335,0.3333333333333333
2019-10-06,2019,VfL Wolfsburg,Union Berlin,H,2,1.66,4.0,5.0,1595.3033752943165,1472.5099206403322,122.79345465398433,100,100,0.0,3,3,2,2,9,9.0,4,4.0,1.5,1.5
2019-10-18,2019,Ein Frankfurt,Bayer Leverkusen,H,2,2.75,3.9,2.3,1576.0311964496937,1647.2545033932927,-71.22330694359903,100,100,0.0,-2,-3,-1,-1,8,8.0,8,8.0,1.0,2.0
2019-10-19,2019,Borussia Dortmund,Borussia Monchengladbach,H,2,1.44,5.0,6.5,1700.585679203545,1598.331891721187,102.2537874823579,100,100,0.0,2,4,1,1,6,6.0,12,12.0,3.0,0.0
2019-10-19,2019,FC Augsburg,Bayern Munich,D,1,15.0,8.0,1.16,1434.7357606656165,1801.6591747891844,-366.9234141235679,100,100,0.0,-10,-10,-10,-10,4,4.0,10,10.0,0.3333333333333333,2.3333333333333335
2019-10-19,2019,Union Berlin,SC Freiburg,H,2,2.5,3.5,2.7,1465.9961828916196,1516.150180333325,-50.153997441705314,100,100,0.0,0,0,0,0,3,3.0,8,8.0,1.5,1.5
2019-10-19,2019,Werder Bremen,Hertha BSC,D,1,2.1,3.75,3.2,1597.4655387342436,1506.8688753692954,90.5966633649482,100,100,0.0,0,2,-1,-2,8,8.0,9,9.0,1.6666666666666667,0.6666666666666666
2019-10-19,2019,Fortuna Dusseldorf,FSV Mainz 05,H,2,2.55,3.4,2.62,1463.5400541824438,1482.9794283824067,-19.439374199962913,100,100,0.0,0,0,0,0,1,1.0,6,6.0,0.3333333333333333,2.3333333333333335
2019-10-19,2019,RB Leipzig,VfL Wolfsburg,D,1,1.53,4.5,5.75,1698.7812317876828,1601.8171130430292,96.96411874465366,100,100,0.0,1,2,1,3,8,8.0,9,9.0,2.0,1.0
2019-10-20,2019,TSG Hoffenheim,FC Schalke 04,H,2,2.75,3.4,2.55,1584.9919945592771,1548.2785671143831,36.71342744489402,100,100,0.0,0,2,1,1,5,5.0,13,13.0,1.3333333333333333,1.3333333333333333
2019-10-20,2019,FC Cologne,SC Paderborn 07,H,2,1.65,4.5,4.33,1406.6623581060055,1371.1732492030578,35.48910890294769,100,100,0.0,0,0,0,0,4,4.0,1,1.0,1.0,1.0
2019-10-25,2019,FSV Mainz 05,FC Cologne,H,2,2.5,3.6,2.62,1471.3964894994226,1416.0923555258917,55.30413397353095,100,100,0.0,0,0,0,0,6,6.0,4,4.0,1.3333333333333333,1.3333333333333333
2019-10-26,2019,Hertha BSC,TSG Hoffenheim,A,0,2.05,3.6,3.6,1514.360717856961,1594.376482163373,-80.01576430641217,100,100,0.0,-1,-3,-2,0,10,10.0,7,7.0,0.6666666666666666,1.6666666666666667
2019-10-26,2019,Bayern Munich,Union Berlin,H,2,1.09,12.0,19.0,1791.970362617317,1478.8588025684878,313.11156004882923,100,100,0.0,10,10,10,10,8,8.0,3,3.0,1.5,1.5
2019-10-26,2019,SC Freiburg,RB Leipzig,H,2,4.0,3.8,1.85,1503.2875606564567,1691.0849552014765,-187.79739454501987,100,100,0.0,-4,-5,-3,-5,8,8.0,6,6.0,2.0,1.0
2019-10-26,2019,Bayer Leverkusen,Werder Bremen,D,1,1.57,4.33,5.5,1633.494059885743,1589.9736962465781,43.52036363916477,100,100,0.0,3,3,2,6,7,7.0,6,6.0,1.3333333333333333,1.3333333333333333
2019-10-26,2019,SC Paderborn 07,Fortuna Dusseldorf,H,2,2.37,3.75,2.7,1361.7432517831717,1475.1229930654279,-113.37974128225619,100,100,0.0,0,0,0,0,0,0.0,4,4.0,1.5,1.5
2019-10-26,2019,FC Schalke 04,Borussia Dortmund,D,1,3.1,3.6,2.2,1538.8940795102872,1707.7224669348404,-168.82838742455328,100,100,0.0,-3,-5,-1,-6,10,10.0,9,9.0,2.0,1.0
2019-10-27,2019,VfL Wolfsburg,FC Augsburg,D,1,1.57,4.33,5.5,1609.5133896292355,1444.4245728374838,165.0888167917517,100,100,0.0,3,3,2,2,9,9.0,5,5.0,2.3333333333333335,0.3333333333333333
2019-10-27,2019,Borussia Monchengladbach,Ein Frankfurt,H,2,1.83,4.0,3.75,1591.1951039898915,1589.7916399572434,1.4034640326481167,100,100,0.0,1,0,1,1,12,12.0,8,8.0,1.3333333333333333,1.3333333333333333
2019-11-01,2019,TSG Hoffenheim,SC Paderborn 07,H,2,1.4,4.75,7.0,1610.2383207288756,1377.320616262605,232.9177044662706,100,100,0.0,3,4,4,2,10,10.0,3,3.0,2.0,0.5
2019-11-02,2019,Union Berlin,Hertha BSC,H,2,2.87,3.3,2.5,1476.3129724689904,1498.4988792914585,-22.18590682246804,100,100,0.0,-2,-1,-2,-2,3,3.0,10,10.0,1.5,1.5
2019-11-02,2019,Werder Bremen,SC Freiburg,D,1,1.85,3.8,3.8,1595.840028501082,1521.999403049742,73.84062545133997,100,100,0.0,2,3,1,0,4,4.0,8,8.0,1.3333333333333333,1.3333333333333333
2019-11-02,2019,RB Leipzig,FSV Mainz 05,H,2,1.33,5.25,8.0,1672.373112808191,1480.1050260416243,192.26808676656674,100,100,0.0,4,5,3,5,5,5.0,6,6.0,1.3333333333333333,1.3333333333333333
2019-11-02,2019,Borussia Dortmund,VfL Wolfsburg,H,2,1.5,4.5,6.5,1704.7891790531821,1599.8708951369024,104.91828391627973,100,100,0.0,3,4,2,5,7,7.0,9,9.0,2.3333333333333335,0.3333333333333333
2019-11-02,2019,Ein Frankfurt,Bayern Munich,H,2,6.5,5.25,1.4,1579.0493640905538,1794.5161927168144,-215.46682862626062,100,100,0.0,-7,-7,-8,-5,8,8.0,10,10.0,0.0,3.0
2019-11-02,2019,Bayer Leverkusen,Borussia Monchengladbach,A,0,1.95,3.9,3.5,1627.627727631239,1601.9373798565812,25.690347774657766,100,100,0.0,1,3,0,0,8,8.0,12,12.0,1.0,2.0
2019-11-03,2019,Fortuna Dusseldorf,FC Cologne,H,2,2.8,3.4,2.5,1459.5456285859946,1407.38381898369,52.16180960230463,100,100,0.0,0,0,0,0,3,3.0,4,4.0,1.5,1.5
2019-11-03,2019,FC Augsburg,FC Schalke 04,A,0,4.0,3.6,1.85,1454.0670673298168,1541.8273673919455,-87.76030006212864,100,100,0.0,-3,-2,-3,-1,3,3.0,8,8.0,0.6666666666666666,1.6666666666666667
2019-11-08,2019,FC Cologne,TSG Hoffenheim,A,0,2.5,3.6,2.7,1398.5630612489642,1614.086132139638,-215.5230708906738,100,100,0.0,-3,-4,-4,-2,4,4.0,12,12.0,0.3333333333333333,2.3333333333333335
2019-11-09,2019,Bayern Munich,Borussia Dortmund,H,2,1.53,4.75,5.5,1774.7068623615337,1711.8428787135472,62.863983647986515,100,100,0.0,4,3,6,3,7,7.0,9,9.0,2.0,1.0
2019-11-09,2019,FC Schalke 04,Fortuna Dusseldorf,D,1,1.5,4.2,7.0,1557.3555792198667,1468.3663863207203,88.98919289914647,100,100,0.0,3,2,3,1,8,8.0,6,6.0,2.0,1.0
2019-11-09,2019,FSV Mainz 05,Union Berlin,A,0,2.15,3.4,3.5,1475.4018084805625,1488.0085356326083,-12.606727152045778,100,100,0.0,0,0,0,0,6,6.0,6,6.0,1.5,1.5
2019-11-09,2019,Hertha BSC,RB Leipzig,A,0,4.2,4.0,1.8,1486.8033161278406,1677.076330369253,-190.27301424141228,100,100,0.0,-2,-4,-1,-3,7,7.0,5,5.0,0.0,3.0
2019-11-09,2019,SC Paderborn 07,FC Augsburg,A,0,2.62,3.75,2.5,1373.4728048518425,1438.5388555018956,-65.06605065005306,100,100,0.0,0,0,0,0,3,3.0,2,2.0,1.5,1.5
2019-11-10,2019,Borussia Monchengladbach,Werder Bremen,H,2,1.72,4.1,4.33,1622.1389079413004,1588.9041012020245,33.23480673927588,100,100,0.0,2,0,2,6,12,12.0,5,5.0,1.6666666666666667,0.6666666666666666
2019-11-10,2019,VfL Wolfsburg,Bayer Leverkusen,A,0,2.87,3.6,2.37,1592.8171954765373,1607.4261995465197,-14.609004069982348,100,100,0.0,-2,-3,-1,-4,8,8.0,5,5.0,1.0,2.0
2019-11-10,2019,SC Freiburg,Ein Frankfurt,H,2,2.7,3.6,2.5,1528.9353303487997,1598.8586944458345,-69.92336409703489,100,100,0.0,-3,-3,-2,-5,8,8.0,10,10.0,0.3333333333333333,2.3333333333333335
2019-11-22,2019,Borussia Dortmund,SC Paderborn 07,D,1,1.14,9.0,15.0,1703.4008345640932,1356.96964719967,346.4311873644233,100,100,0.0,6,7,4,7,8,8.0,3,3.0,2.0,0.5
2019-11-23,2019,Werder Bremen,FC Schalke 04,A,0,2.45,3.5,2.8,1579.389996419223,1549.9159447837296,29.474051635493424,100,100,0.0,-1,1,-2,-1,4,4.0,6,6.0,3.0,0.0
2019-11-23,2019,Union Berlin,Borussia Monchengladbach,H,2,3.6,3.6,2.05,1506.7039943612017,1631.653012724102,-124.94901836290023,100,100,0.0,-4,-3,-3,-6,9,9.0,12,12.0,1.5,1.5
2019-11-23,2019,RB Leipzig,FC Cologne,H,2,1.33,5.75,7.5,1688.2643299940105,1388.3745700523289,299.88975994168163,100,100,0.0,4,5,3,5,8,8.0,4,4.0,2.0,1.0
2019-11-23,2019,Fortuna Dusseldorf,Bayern Munich,A,0,13.0,8.0,1.18,1475.8060207568574,1783.1489065109877,-307.3428857541303,100,100,0.0,-10,-10,-10,-10,7,7.0,7,7.0,0.3333333333333333,2.3333333333333335
2019-11-23,2019,Ein Frankfurt,VfL Wolfsburg,A,0,2.0,3.6,3.6,1585.1539732355266,1574.203049729793,10.950923505733499,100,100,0.0,0,0,0,3,7,7.0,5,5.0,1.3333333333333333,1.3333333333333333
2019-11-23,2019,Bayer Leverkusen,SC Freiburg,D,1,1.45,4.75,6.5,1626.040345293264,1542.6400515591076,83.40029373415632,100,100,0.0,5,6,3,6,5,5.0,8,8.0,1.6666666666666667,0.6666666666666666
2019-11-24,2019,FC Augsburg,Hertha BSC,H,2,2.62,3.5,2.62,1455.0420131540682,1475.615316503083,-20.57330334901485,100,100,0.0,-2,-1,-2,-2,5,5.0,4,4.0,0.6666666666666666,1.6666666666666667
2019-11-24,2019,TSG Hoffenheim,FSV Mainz 05,A,0,1.65,4.33,4.75,1624.2746233362734,1456.7063497519691,167.56827358430428,100,100,0.0,3,4,4,2,15,15.0,6,6.0,1.3333333333333333,1.3333333333333333
2019-11-29,2019,FC Schalke 04,Union Berlin,H,2,1.66,4.0,4.75,1570.260638921724,1522.7792824493179,47.481356472406105,100,100,0.0,3,2,3,1,8,8.0,12,12.0,1.5,1.5
2019-11-30,2019,FC Cologne,FC Augsburg,D,1,1.95,4.0,3.5,1385.645723545999,1466.671401524419,-81.02567797841994,100,100,0.0,0,0,0,0,3,3.0,8,8.0,0.3333333333333333,2.3333333333333335
2019-11-30,2019,Hertha BSC,Borussia Dortmund,A,0,4.0,4.0,1.8,1463.9859281327322,1690.533932168933,-226.54800403620084,100,100,0.0,-4,-6,-2,-5,1,1.0,8,8.0,0.6666666666666666,1.6666666666666667
2019-11-30,2019,TSG Hoffenheim,Fortuna Dusseldorf,D,1,1.7,3.8,5.0,1599.5696053624242,1468.8273441774895,130.7422611849347,100,100,0.0,3,4,4,2,12,12.0,7,7.0,1.3333333333333333,1.3333333333333333
2019-11-30,2019,SC Paderborn 07,RB Leipzig,A,0,6.5,5.5,1.36,1369.83654959483,1690.9931765003403,-321.15662690551017,100,100,0.0,-4,-5,-3,-5,4,4.0,10,10.0,1.5,1.5
2019-11-30,2019,Bayern Munich,Bayer Leverkusen,A,0,1.28,6.0,8.5,1790.1275830903555,1618.7840944064885,171.343488683867,100,100,0.0,5,4,7,4,10,10.0,5,5.0,2.0,1.0
2019-12-01,2019,VfL Wolfsburg,Werder Bremen,A,0,2.15,3.75,3.0,1593.8367330327949,1559.0453022812287,34.79143075156617,100,100,0.0,1,0,1,2,5,5.0,3,3.0,0.3333333333333333,2.3333333333333335
2019-12-01,2019,Borussia Monchengladbach,SC Freiburg,H,2,1.53,4.2,6.0,1615.5777246359858,1549.896302445883,65.6814221901027,100,100,0.0,4,3,3,6,9,9.0,8,8.0,1.3333333333333333,1.3333333333333333
2019-12-02,2019,FSV Mainz 05,Ein Frankfurt,H,2,2.8,3.75,2.37,1481.4113677258183,1565.5202899325247,-84.10892220670644,100,100,0.0,-3,-3,-2,-5,6,6.0,6,6.0,1.3333333333333333,1.3333333333333333
2019-12-06,2019,Ein Frankfurt,Hertha BSC,D,1,1.8,3.9,4.2,1551.2058848931188,1454.2200037295004,96.98588116361839,100,100,0.0,1,2,0,3,3,3.0,0,0.0,0.3333333333333333,2.3333333333333335
2019-12-07,2019,FC Augsburg,FSV Mainz 05,H,2,2.2,3.6,3.1,1467.489775411514,1495.7257727652243,-28.235997353710218,100,100,0.0,0,0,0,0,8,8.0,9,9.0,2.0,1.0
2019-12-07,2019,Borussia Dortmund,Fortuna Dusseldorf,H,2,1.33,5.5,8.5,1700.2998565721648,1477.5439205212288,222.75593605093604,100,100,0.0,6,7,4,7,8,8.0,5,5.0,2.0,1.0
2019-12-07,2019,SC Freiburg,VfL Wolfsburg,H,2,2.9,3.5,2.4,1541.552297011032,1573.2927176151254,-31.740420604093515,100,100,0.0,-3,-3,-2,-2,8,8.0,4,4.0,1.3333333333333333,1.3333333333333333
2019-12-07,2019,Borussia Monchengladbach,Bayern Munich,H,2,5.25,4.5,1.57,1623.921730070837,1765.328470168289,-141.40674009745203,100,100,0.0,-6,-7,-7,-4,12,12.0,9,9.0,1.0,2.0
2019-12-07,2019,RB Leipzig,TSG Hoffenheim,H,2,1.44,4.75,6.5,1697.5550909954104,1590.853029018685,106.70206197672542,100,100,0.0,1,1,-1,3,12,12.0,10,10.0,1.3333333333333333,1.3333333333333333
2019-12-07,2019,Bayer Leverkusen,FC Schalke 04,H,2,1.95,3.75,3.75,1643.583207328555,1579.2501020970947,64.33310523146042,100,100,0.0,2,4,0,5,8,8.0,11,11.0,1.3333333333333333,1.3333333333333333
2019-12-08,2019,Union Berlin,FC Cologne,H,2,2.15,3.5,3.3,1513.7898192739472,1384.827349658904,128.96246961504312,100,100,0.0,0,0,0,0,9,9.0,1,1.0,1.5,1.5
2019-12-08,2019,Werder Bremen,SC Paderborn 07,A,0,1.53,4.5,5.75,1579.5893176988982,1363.27463509976,216.31468259913822,100,100,0.0,2,3,1,0,5,5.0,4,4.0,2.0,0.5
2019-12-13,2019,TSG Hoffenheim,FC Augsburg,A,0,1.8,4.0,4.2,1583.8545779857554,1479.4347974611997,104.41978052455579,100,100,0.0,3,4,4,2,7,7.0,10,10.0,3.0,0.0
2019-12-14,2019,Fortuna Dusseldorf,RB Leipzig,A,0,7.0,4.75,1.44,1473.4955940439131,1704.55354202834,-231.05794798442685,100,100,0.0,-4,-5,-3,-5,5,5.0,15,15.0,0.5,2.0
2019-12-14,2019,SC Paderborn 07,Union Berlin,D,1,2.8,3.75,2.37,1389.0946910175921,1520.124286712984,-131.0295956953919,100,100,0.0,0,0,0,0,4,4.0,12,12.0,1.5,1.5
2019-12-14,2019,FSV Mainz 05,Borussia Dortmund,A,0,5.0,4.33,1.6,1483.7807507155387,1704.3481830494804,-220.56743233394172,100,100,0.0,-6,-7,-4,-7,6,6.0,10,10.0,1.0,2.0
2019-12-14,2019,Hertha BSC,SC Freiburg,H,2,2.0,3.6,3.6,1461.9169725077227,1553.6426349937328,-91.72566248601015,100,100,0.0,2,1,2,2,1,1.0,8,8.0,0.6666666666666666,1.6666666666666667
2019-12-14,2019,FC Cologne,Bayer Leverkusen,H,2,4.2,3.9,1.8,1378.4928822198672,1651.9740429057906,-273.48116068592344,100,100,0.0,-5,-6,-3,-6,1,1.0,10,10.0,1.3333333333333333,1.3333333333333333
2019-12-14,2019,Bayern Munich,Werder Bremen,H,2,1.14,9.0,15.0,1748.5492133852665,1553.769261781066,194.7799516042005,100,100,0.0,8,7,9,10,6,6.0,4,4.0,3.0,0.0
2019-12-15,2019,VfL Wolfsburg,Borussia Monchengladbach,H,2,2.7,3.4,2.6,1561.2023796324245,1640.7009868538594,-79.4986072214349,100,100,0.0,-1,0,-1,-4,3,3.0,12,12.0,1.3333333333333333,1.3333333333333333
2019-12-15,2019,FC Schalke 04,Ein Frankfurt,H,2,1.9,3.75,3.6,1570.8592665198591,1543.5089161148965,27.350350404962683,100,100,0.0,0,-1,1,-4,10,10.0,4,4.0,1.0,2.0
2019-12-17,2019,Werder Bremen,FSV Mainz 05,A,0,1.75,4.2,4.2,1549.1231044504455,1473.786714828554,75.33638962189139,100,100,0.0,2,3,1,0,3,3.0,6,6.0,2.0,1.0
2019-12-17,2019,FC Augsburg,Fortuna Dusseldorf,H,2,1.75,4.2,4.2,1502.3656038515594,1463.8998915108589,38.46571234070052,100,100,0.0,0,0,0,0,13,13.0,2,2.0,2.0,1.0
2019-12-17,2019,Borussia Dortmund,RB Leipzig,D,1,2.1,3.8,3.2,1714.342218936465,1714.1492445613942,0.19297437507088944,100,100,0.0,2,2,1,2,10,10.0,15,15.0,2.3333333333333335,0.3333333333333333
2019-12-17,2019,Union Berlin,TSG Hoffenheim,A,0,2.37,3.5,2.9,1518.7881818998046,1560.9237715953957,-42.13558969559108,100,100,0.0,-3,-4,-4,-2,10,10.0,4,4.0,1.5,1.5
2019-12-18,2019,VfL Wolfsburg,FC Schalke 04,D,1,2.3,3.4,3.1,1575.3182892272566,1580.594793101049,-5.276503873792308,100,100,0.0,0,1,-1,1,6,6.0,10,10.0,1.0,2.0
2019-12-18,2019,SC Freiburg,Bayern Munich,A,0,10.0,7.5,1.22,1538.9997993377824,1753.195370715887,-214.19557137810466,100,100,0.0,-10,-10,-10,-10,7,7.0,9,9.0,0.6666666666666666,1.6666666666666667
2019-12-18,2019,Ein Frankfurt,FC Cologne,A,0,1.75,3.8,4.75,1533.7733895337067,1400.416602521139,133.35678701256757,100,100,0.0,3,3,2,5,1,1.0,4,4.0,2.0,1.0
2019-12-18,2019,Bayer Leverkusen,Hertha BSC,A,0,1.5,4.33,6.5,1630.0503226045187,1476.559808163673,153.49051444084557,100,100,0.0,3,5,1,4,10,10.0,4,4.0,2.0,1.0
2019-12-18,2019,Borussia Monchengladbach,SC Paderborn 07,H,2,1.33,6.0,7.5,1626.5850772590272,1390.4307958307716,236.15428142825567,100,100,0.0,4,3,3,6,9,9.0,5,5.0,3.0,0.0
2019-12-20,2019,TSG Hoffenheim,Borussia Dortmund,H,2,3.6,4.0,1.9,1578.3991340521047,1710.132592550403,-131.7334584982982,100,100,0.0,-3,-3,0,-5,4,4.0,11,11.0,1.6666666666666667,0.6666666666666666
2019-12-21,2019,FC Cologne,Werder Bremen,H,2,2.05,3.75,3.4,1424.207613069665,1527.136508232246,-102.92889516258083,100,100,0.0,-2,-3,-1,0,7,7.0,3,3.0,1.3333333333333333,1.3333333333333333
2019-12-21,2019,Bayern Munich,VfL Wolfsburg,H,2,1.14,8.5,17.0,1763.435340511958,1571.3271483640544,192.10819214790354,100,100,0.0,7,7,8,8,9,9.0,7,7.0,3.0,0.0
2019-12-21,2019,FSV Mainz 05,Bayer Leverkusen,A,0,3.8,4.0,1.83,1495.7733110467536,1605.7079740768454,-109.93466303009177,100,100,0.0,-5,-6,-3,-6,9,9.0,7,7.0,0.0,3.0
2019-12-21,2019,RB Leipzig,FC Augsburg,H,2,1.25,6.5,11.0,1718.3588709474564,1511.6851651101724,206.67370583728393,100,100,0.0,4,5,3,5,13,13.0,13,13.0,1.6666666666666667,0.6666666666666666
2019-12-21,2019,Hertha BSC,Borussia Monchengladbach,D,1,3.1,3.7,2.2,1500.9021566913464,1630.3708257531468,-129.46866906180048,100,100,0.0,-2,-2,-1,-4,7,7.0,9,9.0,2.0,1.0
2019-12-21,2019,FC Schalke 04,SC Freiburg,D,1,1.65,3.8,5.5,1584.5859339642511,1528.7598295417115,55.82610442253963,100,100,0.0,3,2,3,1,10,10.0,4,4.0,1.3333333333333333,1.3333333333333333
2019-12-22,2019,Fortuna Dusseldorf,Union Berlin,H,2,2.75,3.25,2.62,1454.5803302522459,1501.3128194430956,-46.73248919084972,100,100,0.0,0,0,0,0,1,1.0,7,7.0,1.5,1.5
2019-12-22,2019,SC Paderborn 07,Ein Frankfurt,H,2,3.4,4.0,2.0,1386.645047336652,1509.9823789851807,-123.33733164852879,100,100,0.0,-3,-3,-2,-5,5,5.0,1,1.0,1.5,1.5
2020-01-17,2019,FC Schalke 04,Borussia Monchengladbach,H,2,2.62,3.6,2.55,1578.2759113963791,1629.1016031900124,-50.82569179363327,100,100,0.0,-1,-1,0,-5,8,8.0,10,10.0,0.3333333333333333,2.3333333333333335
2020-01-18,2019,FC Cologne,VfL Wolfsburg,H,2,2.75,3.4,2.55,1439.3340606432048,1566.6202793489774,-127.28621870577263,100,100,0.0,-3,-3,-2,-2,10,10.0,4,4.0,1.0,2.0
2020-01-18,2019,TSG Hoffenheim,Ein Frankfurt,A,0,2.4,3.6,2.8,1594.7653804813706,1493.9763379633662,100.78904251800441,100,100,0.0,0,1,2,-3,7,7.0,1,1.0,0.0,3.0
2020-01-18,2019,FSV Mainz 05,SC Freiburg,A,0,2.2,3.4,3.25,1481.2021080683141,1535.0698521095835,-53.86774404126936,100,100,0.0,0,0,0,0,6,6.0,4,4.0,2.0,1.0
2020-01-18,2019,RB Leipzig,Union Berlin,H,2,1.25,6.0,11.0,1722.7424960563194,1488.5947114241387,234.14778463218067,100,100,0.0,4,5,3,5,13,13.0,4,4.0,3.0,0.0
2020-01-18,2019,FC Augsburg,Borussia Dortmund,A,0,4.75,4.33,1.65,1507.3015400013094,1693.766346121137,-186.4648061198277,100,100,0.0,-6,-7,-4,-7,10,10.0,10,10.0,1.0,2.0
2020-01-18,2019,Fortuna Dusseldorf,Werder Bremen,A,0,2.75,3.5,2.5,1467.2984382712027,1512.0100606587062,-44.71162238750344,100,100,0.0,-2,-3,-1,0,4,4.0,3,3.0,2.0,1.0
2020-01-19,2019,Hertha BSC,Bayern Munich,A,0,10.0,5.75,1.3,1502.1713792544808,1768.142209527035,-265.97083027255417,100,100,0.0,-8,-9,-8,-8,8,8.0,9,9.0,1.3333333333333333,1.3333333333333333
2020-01-19,2019,SC Paderborn 07,Bayer Leverkusen,A,0,5.0,4.5,1.6,1402.6510883584665,1620.279177055285,-217.6280886968184,100,100,0.0,-5,-6,-3,-6,7,7.0,9,9.0,0.3333333333333333,2.3333333333333335
2020-01-24,2019,Borussia Dortmund,FC Cologne,H,2,1.28,6.0,9.0,1705.1085642648338,1455.509685345072,249.59887891976177,100,100,0.0,6,7,4,7,10,10.0,12,12.0,3.0,0.0
2020-01-25,2019,VfL Wolfsburg,Hertha BSC,A,0,1.8,3.75,4.33,1550.4446546471102,1493.8374046575898,56.60724998952037,100,100,0.0,1,2,0,0,4,4.0,8,8.0,2.3333333333333335,0.3333333333333333
2020-01-25,2019,SC Freiburg,SC Paderborn 07,A,0,1.75,4.2,4.2,1552.049918935194,1392.5439680642094,159.50595087098463,100,100,0.0,0,0,0,0,7,7.0,7,7.0,1.3333333333333333,1.3333333333333333
2020-01-25,2019,Bayern Munich,FC Schalke 04,H,2,1.16,8.5,13.0,1776.476184123926,1591.1669494401326,185.30923468379342,100,100,0.0,7,8,7,9,12,12.0,8,8.0,3.0,0.0
2020-01-25,2019,Ein Frankfurt,RB Leipzig,H,2,4.0,4.33,1.75,1516.7935886713067,1726.5666184961844,-209.77302982487777,100,100,0.0,-1,-2,-1,0,4,4.0,13,13.0,0.6666666666666666,1.6666666666666667
2020-01-25,2019,Union Berlin,FC Augsburg,H,2,2.05,3.6,3.4,1484.7705889842737,1495.9593218576126,-11.18873287333895,100,100,0.0,0,0,0,0,4,4.0,9,9.0,1.0,1.0
2020-01-25,2019,Borussia Monchengladbach,FSV Mainz 05,H,2,1.5,4.5,6.5,1616.210565146259,1464.2220412427037,151.98852390355523,100,100,0.0,4,3,3,6,7,7.0,3,3.0,3.0,0.0
2020-01-26,2019,Werder Bremen,TSG Hoffenheim,A,0,2.37,3.6,2.8,1529.377105045312,1571.94812977343,-42.57102472811812,100,100,0.0,-1,-1,-3,-2,3,3.0,6,6.0,1.3333333333333333,1.3333333333333333
2020-01-26,2019,Bayer Leverkusen,Fortuna Dusseldorf,H,2,1.36,5.25,7.0,1630.386297349542,1449.931393884597,180.45490346494512,100,100,0.0,5,6,3,6,9,9.0,3,3.0,3.0,0.0
2020-01-31,2019,Hertha BSC,FC Schalke 04,D,1,2.7,3.4,2.6,1515.17515772433,1586.3026724700676,-71.1275147457377,100,100,0.0,-1,-1,-1,1,10,10.0,8,8.0,1.3333333333333333,1.3333333333333333
2020-02-01,2019,FC Augsburg,Werder Bremen,H,2,2.05,3.7,3.4,1484.7122264974648,1511.9200336442789,-27.207807146814048,100,100,0.0,-2,-3,-1,0,6,6.0,3,3.0,0.0,3.0
2020-02-01,2019,Borussia Dortmund,Union Berlin,H,2,1.22,6.5,11.0,1708.6456132579865,1496.0176843444215,212.62792891356503,100,100,0.0,6,7,4,7,10,10.0,4,4.0,0.0,3.0
2020-02-01,2019,Fortuna Dusseldorf,Ein Frankfurt,D,1,3.5,3.6,2.05,1444.952152176173,1536.3812229753676,-91.4290707991945,100,100,0.0,-3,-3,-2,-5,3,3.0,6,6.0,0.0,3.0
2020-02-01,2019,TSG Hoffenheim,Bayer Leverkusen,H,2,3.2,3.8,2.1,1589.4052011744632,1635.3655390579659,-45.96033788350269,100,100,0.0,-2,-2,1,-4,9,9.0,9,9.0,2.3333333333333335,0.3333333333333333
2020-02-01,2019,FSV Mainz 05,Bayern Munich,A,0,12.0,7.5,1.2,1458.5245911045763,1781.340461093991,-322.81586998941475,100,100,0.0,-10,-10,-10,-10,3,3.0,15,15.0,0.0,3.0
2020-02-01,2019,RB Leipzig,Borussia Monchengladbach,D,1,1.5,4.5,5.75,1706.9789841921236,1621.9080152843862,85.07096890773732,100,100,0.0,0,2,0,-1,10,10.0,7,7.0,3.0,0.0
2020-02-02,2019,SC Paderborn 07,VfL Wolfsburg,A,0,3.8,4.0,1.85,1417.0435696859126,1529.10690158037,-112.0633318944574,100,100,0.0,-3,-3,-2,-2,7,7.0,4,4.0,0.6666666666666666,1.6666666666666667
2020-02-02,2019,FC Cologne,SC Freiburg,H,2,2.05,3.6,3.5,1451.9726363519194,1527.5503173134907,-75.57768096157133,100,100,0.0,0,0,0,0,12,12.0,4,4.0,1.0,2.0
2020-02-07,2019,Ein Frankfurt,FC Augsburg,H,2,1.9,3.75,3.8,1536.75118468874,1496.6147250594422,40.13645962929786,100,100,0.0,3,3,2,5,7,7.0,6,6.0,1.0,2.0
2020-02-08,2019,FC Schalke 04,SC Paderborn 07,D,1,1.5,4.33,6.5,1587.5463363083438,1402.5641764001655,184.98215990817835,100,100,0.0,3,2,3,1,6,6.0,6,6.0,3.0,0.0
2020-02-08,2019,SC Freiburg,TSG Hoffenheim,H,2,2.5,3.6,2.62,1513.6029803773486,1602.090755285641,-88.48777490829252,100,100,0.0,-3,-4,-4,-2,4,4.0,12,12.0,1.0,2.0
2020-02-08,2019,Hertha BSC,FSV Mainz 05,A,0,2.0,3.5,3.75,1513.9314938860537,1452.0115113287657,61.919982557287994,100,100,0.0,2,1,2,2,8,8.0,3,3.0,1.3333333333333333,1.3333333333333333
2020-02-08,2019,VfL Wolfsburg,Fortuna Dusseldorf,D,1,1.53,4.2,5.75,1543.5862948661172,1444.5821904628006,99.00410440331666,100,100,0.0,3,3,2,2,4,4.0,4,4.0,2.3333333333333335,0.3333333333333333
2020-02-08,2019,Bayer Leverkusen,Borussia Dortmund,H,2,3.1,3.9,2.1,1622.679984946788,1712.9024928468052,-90.22250790001726,100,100,0.0,-1,-1,-1,-1,9,9.0,10,10.0,0.0,3.0
2020-02-08,2019,Werder Bremen,Union Berlin,A,0,2.05,3.5,3.6,1500.0175350823015,1491.7608047556027,8.256730326698744,100,100,0.0,2,3,1,0,3,3.0,3,3.0,3.0,0.0
2020-02-09,2019,Bayern Munich,RB Leipzig,D,1,1.4,5.5,6.5,1787.8535408698017,1699.6676122732174,88.18592859658429,100,100,0.0,6,5,7,5,15,15.0,8,8.0,1.6666666666666667,0.6666666666666666
2020-02-14,2019,Borussia Dortmund,Ein Frankfurt,H,2,1.4,5.5,6.5,1698.3245097117456,1546.009071265274,152.3154384464715,100,100,0.0,3,4,2,2,9,9.0,10,10.0,1.6666666666666667,0.6666666666666666
2020-02-15,2019,TSG Hoffenheim,VfL Wolfsburg,A,0,2.37,3.6,2.87,1587.5875961790568,1535.8253264964828,51.762269682574015,100,100,0.0,0,1,2,0,9,9.0,4,4.0,0.6666666666666666,1.6666666666666667
2020-02-15,2019,FC Augsburg,SC Freiburg,D,1,2.0,3.6,3.6,1487.3568384829082,1528.1061394839328,-40.749301001024605,100,100,0.0,0,0,0,0,3,3.0,7,7.0,1.3333333333333333,1.3333333333333333
2020-02-15,2019,Fortuna Dusseldorf,Borussia Monchengladbach,A,0,4.2,4.0,1.8,1452.343158832435,1629.2193872032924,-176.87622837085746,100,100,0.0,-4,-3,-3,-6,5,5.0,8,8.0,1.0,2.0
2020-02-15,2019,Union Berlin,Bayer Leverkusen,A,0,4.0,3.6,1.9,1511.2890196755866,1637.2579680818476,-125.968948406261,100,100,0.0,-5,-6,-3,-6,6,6.0,12,12.0,0.0,3.0
2020-02-15,2019,RB Leipzig,Werder Bremen,H,2,1.2,7.0,10.0,1707.0810679540878,1480.4893201623177,226.5917477917701,100,100,0.0,2,2,2,5,8,8.0,3,3.0,2.0,1.0
2020-02-15,2019,SC Paderborn 07,Hertha BSC,A,0,2.75,3.5,2.45,1412.6922210891325,1492.406542847696,-79.71432175856353,100,100,0.0,-2,-1,-2,-2,7,7.0,5,5.0,1.0,2.0
2020-02-16,2019,FC Cologne,Bayern Munich,A,0,12.0,7.5,1.2,1465.9199732880616,1780.4400851889313,-314.5201119008698,100,100,0.0,-10,-10,-10,-10,12,12.0,13,13.0,0.0,3.0
2020-02-16,2019,FSV Mainz 05,FC Schalke 04,D,1,2.8,3.4,2.5,1473.5364623671232,1577.4182916193768,-103.88182925225351,100,100,0.0,-3,-2,-3,-1,3,3.0,6,6.0,1.0,2.0
2020-02-21,2019,Bayern Munich,SC Paderborn 07,H,2,1.05,13.0,34.0,1787.199954336114,1396.8174118151576,390.38254252095635,100,100,0.0,10,10,10,10,13,13.0,4,4.0,3.0,0.0
2020-02-22,2019,SC Freiburg,Fortuna Dusseldorf,A,0,1.9,3.8,4.0,1530.6396842975114,1440.6090469921933,90.03063730531812,100,100,0.0,0,0,0,0,7,7.0,2,2.0,1.3333333333333333,1.3333333333333333
2020-02-22,2019,Hertha BSC,FC Cologne,A,0,2.4,3.4,2.87,1508.281352121671,1459.160104140879,49.12124798079208,100,100,0.0,2,1,2,2,7,7.0,9,9.0,3.0,0.0
2020-02-22,2019,Borussia Monchengladbach,TSG Hoffenheim,D,1,1.61,4.0,5.25,1640.953499043534,1566.4226829350775,74.53081610845652,100,100,0.0,1,-1,-1,4,8,8.0,6,6.0,1.6666666666666667,0.6666666666666666
2020-02-22,2019,Werder Bremen,Borussia Dortmund,A,0,6.5,5.5,1.4,1476.5176995270135,1704.0132792931975,-227.49557976618394,100,100,0.0,-4,-4,-3,-7,3,3.0,12,12.0,0.6666666666666666,1.6666666666666667
2020-02-22,2019,FC Schalke 04,RB Leipzig,A,0,4.0,4.2,1.75,1577.2507065519349,1711.052688589392,-133.80198203745704,100,100,0.0,-1,-3,0,-4,6,6.0,8,8.0,1.3333333333333333,1.3333333333333333
2020-02-23,2019,VfL Wolfsburg,FSV Mainz 05,H,2,1.72,3.8,4.75,1556.9902397404621,1473.7040474345652,83.28619230589698,100,100,0.0,3,3,2,2,7,7.0,4,4.0,2.3333333333333335,0.3333333333333333
2020-02-23,2019,Bayer Leverkusen,FC Augsburg,H,2,1.5,4.5,6.0,1651.1388817011928,1484.8232936693296,166.31558803186317,100,100,0.0,5,6,3,6,12,12.0,4,4.0,3.0,0.0
2020-02-24,2019,Ein Frankfurt,Union Berlin,A,0,1.9,3.6,4.0,1540.3203016838222,1497.4081060562414,42.912195627580786,100,100,0.0,3,3,2,5,10,10.0,6,6.0,3.0,0.0
2020-02-28,2019,Fortuna Dusseldorf,Hertha BSC,D,1,2.37,3.3,3.0,1463.0825332951824,1487.2114959123758,-24.128962617193338,100,100,0.0,-2,-1,-2,-2,5,5.0,7,7.0,2.0,1.0
2020-02-29,2019,FC Augsburg,Borussia Monchengladbach,A,0,3.4,3.8,2.05,1479.4967950994621,1633.9941664215446,-154.49737132208247,100,100,0.0,-4,-3,-3,-6,4,4.0,8,8.0,0.3333333333333333,2.3333333333333335
2020-02-29,2019,Borussia Dortmund,SC Freiburg,H,2,1.2,7.0,13.0,1713.7433089481915,1508.1661979945222,205.57711095366926,100,100,0.0,6,7,4,7,12,12.0,4,4.0,2.3333333333333335,0.3333333333333333
2020-02-29,2019,TSG Hoffenheim,Bayern Munich,A,0,7.0,5.75,1.36,1573.382015557067,1788.8829790945513,-215.50096353748427,100,100,0.0,-7,-6,-6,-8,7,7.0,13,13.0,1.0,2.0
2020-02-29,2019,FSV Mainz 05,SC Paderborn 07,H,2,1.83,4.0,4.0,1465.956524357009,1395.1343870567202,70.82213730028866,100,100,0.0,0,0,0,0,4,4.0,4,4.0,2.3333333333333335,0.3333333333333333
2020-02-29,2019,FC Cologne,FC Schalke 04,H,2,2.2,3.6,3.1,1480.2299603501742,1563.705468386429,-83.47550803625472,100,100,0.0,-3,-2,-3,-1,9,9.0,3,3.0,1.0,1.0
2020-03-01,2019,Union Berlin,VfL Wolfsburg,D,1,2.62,3.2,2.7,1518.2521823518136,1564.7377628180184,-46.48558046620474,100,100,0.0,-3,-3,-2,-2,9,9.0,10,10.0,0.0,3.0
2020-03-01,2019,RB Leipzig,Bayer Leverkusen,D,1,1.44,5.0,6.5,1724.5979267548978,1656.4653802710602,68.13254648383759,100,100,0.0,-1,-1,0,-1,8,8.0,12,12.0,2.3333333333333335,0.3333333333333333
2020-03-06,2019,SC Paderborn 07,FC Cologne,A,0,3.0,4.0,2.1,1386.9674484246618,1494.5170781347094,-107.54962971004761,100,100,0.0,0,0,0,0,1,1.0,9,9.0,0.6666666666666666,1.6666666666666667
2020-03-07,2019,VfL Wolfsburg,RB Leipzig,D,1,3.8,3.8,1.9,1567.0300668828008,1717.8572118138052,-150.82714493100434,100,100,0.0,-1,-2,-1,-3,11,11.0,9,9.0,1.3333333333333333,1.3333333333333333
2020-03-07,2019,Borussia Monchengladbach,Borussia Dortmund,A,0,3.1,3.9,2.15,1646.6604340244166,1718.1506151383803,-71.49018111396367,100,100,0.0,-2,-4,-1,-1,11,11.0,12,12.0,0.0,3.0
2020-03-07,2019,Bayer Leverkusen,Ein Frankfurt,H,2,1.65,4.2,5.0,1663.2060952121528,1519.47622538825,143.72986982390285,100,100,0.0,2,3,1,1,10,10.0,7,7.0,1.0,2.0
2020-03-07,2019,SC Freiburg,Union Berlin,H,2,2.3,3.4,3.1,1503.7588918043334,1515.9598782870312,-12.200986482697772,100,100,0.0,0,0,0,0,4,4.0,7,7.0,0.0,3.0
2020-03-07,2019,Hertha BSC,Werder Bremen,D,1,2.1,3.5,3.4,1490.4360177899516,1466.7876698720195,23.648347917932142,100,100,0.0,0,-2,1,2,5,5.0,0,0.0,0.6666666666666666,1.6666666666666667
2020-03-07,2019,FC Schalke 04,TSG Hoffenheim,D,1,2.2,3.6,3.2,1549.4183506018937,1563.192668096832,-13.77431749493826,100,100,0.0,0,-2,-1,-1,3,3.0,4,4.0,0.3333333333333333,2.3333333333333335
2020-03-08,2019,Bayern Munich,FC Augsburg,H,2,1.11,10.0,21.0,1799.0723265547863,1466.83052749659,332.2417990581962,100,100,0.0,10,10,10,10,13,13.0,4,4.0,1.6666666666666667,0.6666666666666666
2020-03-08,2019,FSV Mainz 05,Fortuna Dusseldorf,D,1,1.9,3.75,3.8,1474.1234629890673,1459.8580114176066,14.265451571460744,100,100,0.0,0,0,0,0,7,7.0,6,6.0,2.0,1.0
2020-03-11,2019,Borussia Monchengladbach,FC Cologne,H,2,1.72,4.0,4.2,1630.4323214585647,1509.1911857102887,121.24113574827606,100,100,0.0,4,3,3,6,8,8.0,12,12.0,2.0,1.0
2020-05-16,2019,FC Augsburg,VfL Wolfsburg,A,0,3.4,3.5,2.1,1464.5298064451806,1569.2089296621216,-104.67912321694098,100,100,0.0,-3,-3,-2,-2,1,1.0,9,9.0,0.3333333333333333,2.3333333333333335
2020-05-16,2019,Borussia Dortmund,FC Schalke 04,H,2,1.5,4.33,6.0,1734.3787277042322,1545.7702802775277,188.60844742670452,100,100,0.0,3,5,1,6,12,12.0,3,3.0,1.3333333333333333,1.3333333333333333
2020-05-16,2019,Fortuna Dusseldorf,SC Paderborn 07,D,1,2.1,3.6,3.25,1464.6207546046835,1372.2933408490826,92.3274137556009,100,100,0.0,0,0,0,0,6,6.0,1,1.0,0.0,3.0
2020-05-16,2019,TSG Hoffenheim,Hertha BSC,A,0,2.1,3.6,3.2,1566.840738421198,1485.3122062963225,81.52853212487548,100,100,0.0,1,3,2,0,2,2.0,5,5.0,2.3333333333333335,0.3333333333333333
2020-05-16,2019,RB Leipzig,SC Freiburg,D,1,1.3,5.5,9.0,1715.6783490344844,1515.0469837945616,200.63136523992284,100,100,0.0,4,5,3,5,9,9.0,7,7.0,1.0,2.0
2020-05-16,2019,Ein Frankfurt,Borussia Monchengladbach,A,0,2.9,3.6,2.25,1513.5561148651434,1636.9917423359477,-123.43562747080432,100,100,0.0,-1,0,-1,-1,4,4.0,10,10.0,0.3333333333333333,2.3333333333333335
2020-05-17,2019,Union Berlin,Bayern Munich,A,0,15.0,7.0,1.18,1504.671786296803,1801.3730476061958,-296.70126130939275,100,100,0.0,-10,-10,-10,-10,7,7.0,13,13.0,0.0,3.0
2020-05-17,2019,FC Cologne,FSV Mainz 05,D,1,1.85,3.9,3.9,1502.6317648329057,1469.3607198019904,33.271045030915275,100,100,0.0,0,0,0,0,9,9.0,8,8.0,0.3333333333333333,2.3333333333333335
2020-05-18,2019,Werder Bremen,Bayer Leverkusen,A,0,4.75,4.0,1.66,1471.9114813656486,1669.1262057352594,-197.21472436961085,100,100,0.0,-3,-3,-2,-6,1,1.0,13,13.0,1.3333333333333333,1.3333333333333333
2020-05-22,2019,Hertha BSC,Union Berlin,H,2,2.3,3.4,3.0,1507.5063963850039,1497.359698725981,10.146697659022948,100,100,0.0,2,1,2,2,8,8.0,4,4.0,0.0,3.0
2020-05-23,2019,SC Freiburg,Werder Bremen,A,0,2.15,3.75,3.0,1525.5315557111905,1461.0023706710585,64.529185040132,100,100,0.0,-2,-3,-1,0,5,5.0,1,1.0,0.6666666666666666,1.6666666666666667
2020-05-23,2019,Borussia Monchengladbach,Bayer Leverkusen,A,0,2.3,3.75,2.75,1650.981476712404,1680.0353164298494,-29.0538397174455,100,100,0.0,-1,-3,0,0,10,10.0,13,13.0,3.0,0.0
2020-05-23,2019,SC Paderborn 07,TSG Hoffenheim,D,1,3.1,3.8,2.1,1379.8411261761687,1544.6465483325167,-164.80542215634796,100,100,0.0,-3,-4,-4,-2,1,1.0,2,2.0,0.3333333333333333,2.3333333333333335
2020-05-23,2019,VfL Wolfsburg,Borussia Dortmund,A,0,4.2,4.0,1.72,1584.0069278866047,1739.1660980561044,-155.1591701694997,100,100,0.0,-3,-4,-2,-5,11,11.0,15,15.0,0.0,3.0
2020-05-23,2019,Bayern Munich,Ein Frankfurt,H,2,1.16,7.5,13.0,1808.6851351770179,1499.5663804886872,309.1187546883307,100,100,0.0,7,7,8,5,15,15.0,3,3.0,2.0,1.0
2020-05-24,2019,FC Schalke 04,FC Augsburg,A,0,2.0,3.5,3.6,1540.9829099256556,1449.7318082206975,91.25110170495805,100,100,0.0,3,2,3,1,2,2.0,1,1.0,1.6666666666666667,0.6666666666666666
2020-05-24,2019,FSV Mainz 05,RB Leipzig,A,0,6.5,4.5,1.44,1474.8479702350248,1705.1937771178555,-230.34580688283063,100,100,0.0,-4,-5,-3,-5,6,6.0,9,9.0,0.3333333333333333,2.3333333333333335
2020-05-24,2019,FC Cologne,Fortuna Dusseldorf,D,1,1.72,4.0,4.2,1497.1445143998712,1457.0729692775974,40.07154512227385,100,100,0.0,0,0,0,0,10,10.0,6,6.0,0.0,3.0
2020-05-26,2019,Werder Bremen,Borussia Monchengladbach,D,1,4.33,4.0,1.72,1482.6183553780825,1632.9603594220696,-150.34200404398712,100,100,0.0,-2,0,-2,-6,4,4.0,9,9.0,0.3333333333333333,2.3333333333333335
2020-05-26,2019,Bayer Leverkusen,VfL Wolfsburg,A,0,1.72,4.2,4.33,1698.0564337201838,1571.3685325309066,126.68790118927723,100,100,0.0,2,3,1,4,13,13.0,8,8.0,2.0,1.0
2020-05-26,2019,Borussia Dortmund,Bayern Munich,A,0,3.6,4.33,1.85,1751.8044934118025,1811.2850276157562,-59.480534203953766,100,100,0.0,-4,-3,-6,-3,15,15.0,15,15.0,1.0,2.0
2020-05-26,2019,Ein Frankfurt,SC Freiburg,D,1,1.95,3.75,3.5,1496.9664880499488,1503.9155710041666,-6.949082954217829,100,100,0.0,3,3,2,5,0,0.0,4,4.0,2.0,1.0
2020-05-27,2019,RB Leipzig,Hertha BSC,D,1,1.3,5.5,6.0,1714.8162540138228,1517.9041433874918,196.912110626331,100,100,0.0,2,4,1,3,9,9.0,8,8.0,3.0,0.0
2020-05-27,2019,FC Augsburg,SC Paderborn 07,D,1,1.9,3.75,3.8,1472.2448368897083,1382.606998954052,89.63783793565631,100,100,0.0,0,0,0,0,3,3.0,2,2.0,2.0,1.0
2020-05-27,2019,Fortuna Dusseldorf,FC Schalke 04,H,2,2.6,3.4,2.7,1462.8126906407558,1518.4698812566448,-55.65719061588902,100,100,0.0,-3,-2,-3,-1,7,7.0,1,1.0,1.3333333333333333,1.3333333333333333
2020-05-27,2019,TSG Hoffenheim,FC Cologne,H,2,2.3,3.6,2.8,1541.8806755546334,1491.4047930367128,50.47588251792058,100,100,0.0,3,4,4,2,3,3.0,8,8.0,3.0,0.0
2020-05-27,2019,Union Berlin,FSV Mainz 05,D,1,2.2,3.5,3.1,1486.961951723493,1465.2254933390575,21.736458384435537,100,100,0.0,0,0,0,0,4,4.0,5,5.0,3.0,0.0
2020-05-29,2019,SC Freiburg,Bayer Leverkusen,A,0,4.75,4.2,1.66,1507.839527572716,1674.4565760340674,-166.6170484613515,100,100,0.0,-5,-6,-3,-6,5,5.0,10,10.0,0.6666666666666666,1.6666666666666667
2020-05-30,2019,Bayern Munich,Fortuna Dusseldorf,H,2,1.08,13.0,19.0,1828.0265053021346,1475.9085851968805,352.11792010525414,100,100,0.0,10,10,10,10,15,15.0,7,7.0,2.3333333333333335,0.3333333333333333
2020-05-30,2019,VfL Wolfsburg,Ein Frankfurt,A,0,1.95,3.75,3.75,1594.968390217023,1493.0425314813995,101.92585873562348,100,100,0.0,0,0,0,-3,8,8.0,1,1.0,2.3333333333333335,0.3333333333333333
2020-05-30,2019,FC Schalke 04,Werder Bremen,A,0,2.5,3.4,2.8,1505.3739867005202,1484.7767107341876,20.597275966332518,100,100,0.0,1,-1,2,1,1,1.0,5,5.0,1.0,2.0
2020-05-30,2019,FSV Mainz 05,TSG Hoffenheim,A,0,2.75,3.75,2.37,1470.2762566236395,1550.7619890051474,-80.48573238150789,100,100,0.0,-3,-4,-4,-2,6,6.0,5,5.0,2.3333333333333335,0.3333333333333333
2020-05-30,2019,Hertha BSC,FC Augsburg,H,2,1.9,3.75,3.75,1528.305976031984,1464.7841065730809,63.52186945890321,100,100,0.0,2,1,2,2,9,9.0,4,4.0,1.3333333333333333,1.3333333333333333
2020-05-31,2019,Borussia Monchengladbach,Union Berlin,H,2,1.5,4.5,6.0,1630.8020040659644,1481.911188438911,148.89081562705337,100,100,0.0,4,3,3,6,7,7.0,2,2.0,0.0,3.0
2020-05-31,2019,SC Paderborn 07,Borussia Dortmund,A,0,8.5,5.5,1.33,1390.0677292706794,1735.063015725424,-344.9952864547447,100,100,0.0,-6,-7,-4,-7,3,3.0,12,12.0,0.6666666666666666,1.6666666666666667
2020-06-01,2019,FC Cologne,RB Leipzig,A,0,5.5,4.6,1.53,1482.5234795861988,1704.4144213693305,-221.89094178313167,100,100,0.0,-4,-5,-3,-5,5,5.0,7,7.0,1.0,2.0
2020-06-03,2019,Werder Bremen,Ein Frankfurt,A,0,2.75,3.4,2.55,1504.7838197643612,1515.8954714247707,-11.111651660409507,100,100,0.0,-1,0,-1,-5,8,8.0,4,4.0,1.6666666666666667,0.6666666666666666
2020-06-05,2019,SC Freiburg,Borussia Monchengladbach,H,2,4.5,4.0,1.72,1495.6808819873147,1636.582211026887,-140.90132903957237,100,100,0.0,-4,-3,-3,-6,5,5.0,10,10.0,1.3333333333333333,1.3333333333333333
2020-06-06,2019,Borussia Dortmund,Hertha BSC,H,2,1.33,5.5,7.5,1740.9485885069753,1536.7250650249584,204.22352348201684,100,100,0.0,4,6,2,5,12,12.0,11,11.0,2.3333333333333335,0.3333333333333333
2020-06-06,2019,Bayer Leverkusen,Bayern Munich,A,0,6.0,4.75,1.44,1686.6152216194687,1830.0956436665188,-143.48042204705007,100,100,0.0,-5,-4,-7,-4,12,12.0,15,15.0,2.0,1.0
2020-06-06,2019,Fortuna Dusseldorf,TSG Hoffenheim,D,1,2.75,3.6,2.4,1473.8394468324964,1566.6036028397764,-92.76415600728001,100,100,0.0,-3,-4,-4,-2,6,6.0,8,8.0,1.6666666666666667,0.6666666666666666
2020-06-06,2019,Ein Frankfurt,FSV Mainz 05,A,0,2.0,3.75,3.5,1534.6514954410954,1454.4346427890105,80.21685265208498,100,100,0.0,3,3,2,5,7,7.0,3,3.0,0.3333333333333333,2.3333333333333335
2020-06-06,2019,RB Leipzig,SC Paderborn 07,D,1,1.14,8.0,15.0,1714.3577455747725,1384.1821564891281,330.17558908564433,100,100,0.0,4,5,3,5,9,9.0,3,3.0,3.0,0.0
2020-06-07,2019,FC Augsburg,FC Cologne,D,1,2.7,3.5,2.45,1456.3650175801065,1472.5801553807569,-16.215137800650382,100,100,0.0,0,0,0,0,4,4.0,2,2.0,1.6666666666666667,0.6666666666666666
2020-06-07,2019,Werder Bremen,VfL Wolfsburg,A,0,3.6,3.5,2.05,1486.0277957480364,1572.1154502736517,-86.08765452561533,100,100,0.0,-1,0,-1,-2,7,7.0,7,7.0,2.3333333333333335,0.3333333333333333
2020-06-07,2019,Union Berlin,FC Schalke 04,D,1,2.37,3.25,3.0,1476.1309814779884,1485.3668776703466,-9.235896192358268,100,100,0.0,-3,-2,-3,-1,1,1.0,1,1.0,0.0,3.0
2020-06-12,2019,TSG Hoffenheim,RB Leipzig,A,0,6.5,5.25,1.4,1566.9159541784088,1701.6838604626403,-134.76790628423146,100,100,0.0,-1,-1,1,-3,8,8.0,9,9.0,0.3333333333333333,2.3333333333333335
2020-06-13,2019,FC Cologne,Union Berlin,A,0,2.0,3.4,3.75,1476.1289119639805,1472.2991555042015,3.8297564597789915,100,100,0.0,0,0,0,0,3,3.0,2,2.0,0.0,3.0
2020-06-13,2019,Fortuna Dusseldorf,Borussia Dortmund,A,0,7.0,5.25,1.36,1473.527095493864,1745.3852714832647,-271.8581759894007,100,100,0.0,-6,-7,-4,-7,6,6.0,12,12.0,1.0,2.0
2020-06-13,2019,Hertha BSC,Ein Frankfurt,A,0,2.0,3.75,3.4,1532.288382048669,1512.5009875476396,19.78739450102944,100,100,0.0,-1,-2,0,-3,10,10.0,7,7.0,1.6666666666666667,0.6666666666666666
2020-06-13,2019,SC Paderborn 07,Werder Bremen,A,0,3.0,3.75,2.15,1396.8560416012604,1470.4274723373185,-73.57143073605812,100,100,0.0,-2,-3,-1,0,4,4.0,7,7.0,1.3333333333333333,1.3333333333333333
2020-06-13,2019,VfL Wolfsburg,SC Freiburg,D,1,1.7,3.8,4.75,1587.7157736843697,1512.4386217361032,75.27715194826646,100,100,0.0,3,3,2,2,9,9.0,5,5.0,0.3333333333333333,2.3333333333333335
2020-06-13,2019,Bayern Munich,Borussia Monchengladbach,H,2,1.36,5.25,7.5,1843.2281819923696,1619.8244712780986,223.40371071427103,100,100,0.0,6,7,7,4,15,15.0,7,7.0,1.0,2.0
2020-06-14,2019,FSV Mainz 05,FC Augsburg,A,0,2.25,3.4,3.1,1476.5851506824663,1452.8162609968829,23.768889685583417,100,100,0.0,0,0,0,0,5,5.0,5,5.0,1.0,2.0
2020-06-14,2019,FC Schalke 04,Bayer Leverkusen,D,1,5.75,4.33,1.53,1489.1987036441335,1673.4826832936178,-184.2839796494843,100,100,0.0,-2,-4,0,-5,1,1.0,9,9.0,0.3333333333333333,2.3333333333333335
2020-06-16,2019,Union Berlin,SC Paderborn 07,H,2,1.65,4.2,5.0,1491.6529991988502,1380.7172242008423,110.9357749980079,100,100,0.0,0,0,0,0,5,5.0,3,3.0,1.0,1.0
2020-06-16,2019,Werder Bremen,Bayern Munich,A,0,13.0,7.5,1.16,1486.5662897377365,1847.2634675562333,-360.6971778184968,100,100,0.0,-8,-7,-9,-10,7,7.0,15,15.0,0.0,3.0
2020-06-16,2019,Borussia Monchengladbach,VfL Wolfsburg,H,2,2.1,3.75,3.25,1615.789185714235,1580.7311802863146,35.05800542792031,100,100,0.0,1,0,1,4,4,4.0,7,7.0,0.3333333333333333,2.3333333333333335
2020-06-16,2019,SC Freiburg,Hertha BSC,H,2,2.62,3.6,2.55,1519.4232151341582,1512.3123664508053,7.11084868335297,100,100,0.0,-2,-1,-2,-2,5,5.0,7,7.0,1.3333333333333333,1.3333333333333333
2020-06-17,2019,Ein Frankfurt,FC Schalke 04,H,2,1.7,4.2,4.5,1532.4770031455034,1492.767795816908,39.70920732859554,100,100,0.0,0,1,-1,4,10,10.0,2,2.0,2.0,1.0
2020-06-17,2019,FC Augsburg,TSG Hoffenheim,A,0,2.7,3.6,2.5,1472.9446689149584,1553.4120148245227,-80.4673459095643,100,100,0.0,-3,-4,-4,-2,8,8.0,8,8.0,1.0,2.0
2020-06-17,2019,Borussia Dortmund,FSV Mainz 05,A,0,1.25,6.5,10.0,1753.5168109097372,1456.4567427643908,297.06006814534635,100,100,0.0,6,7,4,7,12,12.0,4,4.0,3.0,0.0
2020-06-17,2019,Bayer Leverkusen,FC Cologne,H,2,1.44,4.75,6.5,1669.9135911208434,1456.7750682693318,213.13852285151165,100,100,0.0,5,6,3,6,7,7.0,2,2.0,1.0,2.0
2020-06-17,2019,RB Leipzig,Fortuna Dusseldorf,D,1,1.22,6.0,12.0,1715.1877998165264,1465.3955560673917,249.79224374913474,100,100,0.0,4,5,3,5,11,11.0,5,5.0,2.3333333333333335,0.3333333333333333
2020-06-20,2019,Hertha BSC,Bayer Leverkusen,H,2,5.25,4.33,1.57,1501.7955734956197,1674.159745508056,-172.36417201243626,100,100,0.0,-3,-5,-1,-4,4,4.0,7,7.0,1.0,2.0
2020-06-20,2019,FC Schalke 04,VfL Wolfsburg,A,0,5.25,4.0,1.61,1483.4941589709754,1571.2851296591462,-87.79097068817077,100,100,0.0,0,-1,1,-1,2,2.0,7,7.0,1.3333333333333333,1.3333333333333333
2020-06-20,2019,Bayern Munich,SC Freiburg,H,2,1.25,6.0,10.0,1852.7331305657087,1529.9400080893438,322.79312247636494,100,100,0.0,10,10,10,10,15,15.0,8,8.0,1.6666666666666667,0.6666666666666666
2020-06-20,2019,SC Paderborn 07,Borussia Monchengladbach,A,0,9.5,6.5,1.25,1373.8486942496356,1625.2352363414034,-251.38654209176775,100,100,0.0,-4,-3,-3,-6,2,2.0,7,7.0,0.0,3.0
2020-06-20,2019,FC Cologne,Ein Frankfurt,D,1,2.7,3.8,2.37,1452.5289138821192,1541.750639991436,-89.2217261093167,100,100,0.0,-3,-3,-2,-5,1,1.0,12,12.0,1.0,2.0
2020-06-20,2019,Fortuna Dusseldorf,FC Augsburg,D,1,1.95,3.75,3.75,1476.8619784894217,1457.1022637738315,19.759714715590235,100,100,0.0,0,0,0,0,5,5.0,5,5.0,1.0,2.0
2020-06-20,2019,TSG Hoffenheim,Union Berlin,H,2,1.57,4.2,5.5,1569.2544199656495,1498.521529150057,70.73289081559255,100,100,0.0,3,4,4,2,10,10.0,8,8.0,3.0,0.0
2020-06-20,2019,FSV Mainz 05,Werder Bremen,H,2,2.6,3.5,2.62,1483.6872191712864,1481.096626728261,2.5905924430253435,100,100,0.0,-2,-3,-1,0,7,7.0,6,6.0,2.0,1.0
2020-06-20,2019,RB Leipzig,Borussia Dortmund,A,0,2.25,3.8,2.9,1703.7213773944964,1726.2863345028416,-22.564957108345197,100,100,0.0,-2,-2,-1,-2,9,9.0,9,9.0,0.3333333333333333,2.3333333333333335
2020-06-27,2019,VfL Wolfsburg,Bayern Munich,A,0,4.33,4.33,1.7,1586.812018967592,1855.152086187536,-268.3400672199441,100,100,0.0,-7,-7,-8,-8,7,7.0,15,15.0,0.0,3.0
2020-06-27,2019,Borussia Dortmund,TSG Hoffenheim,A,0,1.7,4.5,4.1,1744.5751968791117,1577.424412465991,167.15078441312062,100,100,0.0,3,3,0,5,12,12.0,10,10.0,0.6666666666666666,1.6666666666666667
2020-06-27,2019,Bayer Leverkusen,FSV Mainz 05,H,2,1.25,6.5,10.0,1656.079939714869,1494.382417828301,161.69752188656798,100,100,0.0,5,6,3,6,7,7.0,9,9.0,3.0,0.0
2020-06-27,2019,Werder Bremen,FC Cologne,H,2,1.57,4.2,5.25,1470.4014280712465,1452.063727612523,18.337700458723475,100,100,0.0,2,3,1,0,3,3.0,2,2.0,1.3333333333333333,1.3333333333333333
2020-06-27,2019,Union Berlin,Fortuna Dusseldorf,H,2,4.0,3.6,1.9,1490.3515366497154,1471.8870264415036,18.464510208211777,100,100,0.0,0,0,0,0,7,7.0,3,3.0,0.0,3.0
2020-06-27,2019,Borussia Monchengladbach,Hertha BSC,H,2,1.33,5.75,8.0,1634.08381048204,1519.8753792888067,114.20843119323331,100,100,0.0,2,2,1,4,9,9.0,6,6.0,0.3333333333333333,2.3333333333333335
2020-06-27,2019,SC Freiburg,FC Schalke 04,H,2,1.8,4.0,4.2,1527.5210524675165,1467.9672696625296,59.553782804986895,100,100,0.0,-3,-2,-3,-1,7,7.0,2,2.0,1.6666666666666667,0.6666666666666666
2020-06-27,2019,FC Augsburg,RB Leipzig,A,0,7.0,5.75,1.36,1462.0772158217496,1685.4325150182262,-223.3552991964766,100,100,0.0,-4,-5,-3,-5,5,5.0,8,8.0,0.6666666666666666,1.6666666666666667
2020-06-27,2019,Ein Frankfurt,SC Paderborn 07,H,2,1.3,5.75,9.0,1542.2158262610321,1365.000120108999,177.21570615203314,100,100,0.0,3,3,2,5,10,10.0,1,1.0,1.0,2.0
2020-09-18,2020,Bayern Munich,FC Schalke 04,H,2,1.1,11.0,21.0,1863.4042230642503,1459.4091492067253,403.9950738575251,100,100,0.0,7,8,5,11,15,15.0,2,2.0,3.0,0.0
2020-09-19,2020,Ein Frankfurt,Arminia Bielefeld,D,1,1.61,4.2,5.25,1547.2729856926953,1500.0,47.27298569269533,100,100,0.0,2,2,2,3,10,10.0,0,0.0,1.5,1.5
2020-09-19,2020,FC Cologne,TSG Hoffenheim,A,0,2.6,3.5,2.6,1441.9839657056618,1602.118943062619,-160.13497735695728,100,100,0.0,-2,-2,0,-4,2,2.0,10,10.0,0.0,3.0
2020-09-19,2020,VfB Stuttgart,SC Freiburg,A,0,2.25,3.5,3.1,1451.1387773541155,1536.0791729233208,-84.9403955692053,100,100,0.0,0,0,0,0,7,7.0,10,10.0,1.6666666666666667,0.6666666666666666
2020-09-19,2020,Union Berlin,FC Augsburg,A,0,2.3,3.3,3.2,1500.4264133843956,1452.1898484190913,48.2365649653043,100,100,0.0,0,0,0,0,10,10.0,5,5.0,2.0,0.5
2020-09-19,2020,Werder Bremen,Hertha BSC,A,0,2.6,3.5,2.62,1480.4811899781077,1513.1061099829944,-32.62492000488669,100,100,0.0,0,0,0,0,6,6.0,3,3.0,1.0,1.0
2020-09-19,2020,Borussia Dortmund,Borussia Monchengladbach,H,2,1.6,4.33,5.0,1719.8806662824836,1640.8530797878523,79.02758649463135,100,100,0.0,3,4,4,5,9,9.0,9,9.0,3.0,0.0
2020-09-20,2020,VfL Wolfsburg,Bayer Leverkusen,D,1,2.87,3.5,2.37,1578.5598820908776,1661.5238956301973,-82.9640135393197,100,100,0.0,-3,-3,-1,-3,7,7.0,7,7.0,1.0,2.0
2020-09-20,2020,RB Leipzig,FSV Mainz 05,H,2,1.33,5.75,8.0,1695.3198824208846,1488.9384619129726,206.38142050791203,100,100,0.0,5,6,4,6,8,8.0,9,9.0,2.3333333333333335,0.3333333333333333
2020-09-25,2020,Hertha BSC,Ein Frankfurt,A,0,2.25,3.75,2.9,1530.979003882537,1541.2700023378263,-10.290998455289355,100,100,0.0,0,-1,0,-1,6,6.0,11,11.0,0.6666666666666666,1.6666666666666667
2020-09-26,2020,FC Schalke 04,Werder Bremen,A,0,2.5,3.4,2.8,1457.846363719841,1462.6082960785652,-4.761932358724152,100,100,0.0,0,1,-1,-1,1,1.0,6,6.0,1.0,2.0
2020-09-26,2020,Borussia Monchengladbach,Union Berlin,D,1,1.44,4.5,7.5,1632.963845995688,1479.3885305837603,153.5753154119277,100,100,0.0,4,4,3,3,9,9.0,9,9.0,1.5,1.5
2020-09-26,2020,FSV Mainz 05,VfB Stuttgart,A,0,2.37,3.5,2.9,1484.5485352002986,1435.4890088420855,49.059526358213134,100,100,0.0,0,0,0,0,6,6.0,7,7.0,3.0,0.0
2020-09-26,2020,Bayer Leverkusen,RB Leipzig,D,1,3.0,3.5,2.3,1662.258809402612,1699.7098091335586,-37.45099973094648,100,100,0.0,0,-1,0,-1,8,8.0,10,10.0,0.6666666666666666,1.6666666666666667
2020-09-26,2020,FC Augsburg,Borussia Dortmund,H,2,7.0,4.75,1.44,1473.2277312197266,1727.769900074648,-254.54216885492133,100,100,0.0,-7,-8,-7,-8,7,7.0,9,9.0,1.0,2.0
2020-09-26,2020,Arminia Bielefeld,FC Cologne,H,2,2.62,3.5,2.6,1506.002983354869,1429.554582735753,76.448400619116,100,100,0.0,0,0,0,0,1,1.0,1,1.0,1.5,1.5
2020-09-27,2020,TSG Hoffenheim,Bayern Munich,H,2,11.0,7.5,1.2,1614.548326032528,1864.9670085511345,-250.4186825186066,100,100,0.0,-7,-8,-6,-8,12,12.0,15,15.0,1.0,2.0
2020-09-27,2020,SC Freiburg,VfL Wolfsburg,D,1,3.2,3.3,2.3,1551.7289414353509,1577.8249683184629,-26.096026883112017,100,100,0.0,-2,-2,-3,-2,10,10.0,5,5.0,1.6666666666666667,0.6666666666666666
2020-10-02,2020,Union Berlin,FSV Mainz 05,H,2,2.05,3.6,3.4,1488.7331197299,1463.4809075442622,25.252212185637745,100,100,0.0,0,0,0,0,7,7.0,6,6.0,2.0,0.5
2020-10-03,2020,Borussia Dortmund,SC Freiburg,H,2,1.28,6.0,9.0,1706.5055709530566,1548.5855178914758,157.9200530615808,100,100,0.0,7,8,7,8,6,6.0,10,10.0,2.3333333333333335,0.3333333333333333
2020-10-03,2020,Ein Frankfurt,TSG Hoffenheim,H,2,2.37,3.7,2.8,1560.059215586292,1635.6649538314493,-75.60573824515723,100,100,0.0,0,0,2,-1,11,11.0,15,15.0,3.0,0.0
2020-10-03,2020,FC Cologne,Borussia Monchengladbach,A,0,3.8,4.0,1.85,1421.5787168668799,1623.6192568495483,-202.0405399826684,100,100,0.0,-4,-4,-3,-3,1,1.0,10,10.0,1.0,2.0
2020-10-03,2020,VfB Stuttgart,Bayer Leverkusen,D,1,3.8,3.8,1.85,1456.5566364981219,1659.5871534717232,-203.03051697360138,100,100,0.0,-5,-5,-4,-5,7,7.0,8,8.0,1.0,2.0
2020-10-03,2020,Werder Bremen,Arminia Bielefeld,H,2,2.15,3.5,3.3,1481.6200718302578,1513.9788492237421,-32.35877739348439,100,100,0.0,2,1,2,2,6,6.0,4,4.0,1.5,1.5
2020-10-03,2020,RB Leipzig,FC Schalke 04,H,2,1.25,6.5,10.0,1702.3814650644474,1438.8345879681485,263.5468770962989,100,100,0.0,3,4,3,5,8,8.0,0,0.0,2.0,1.0
2020-10-04,2020,Bayern Munich,Hertha BSC,H,2,1.16,8.0,15.0,1843.8503807522131,1512.1897906340712,331.66059011814195,100,100,0.0,7,9,4,10,12,12.0,6,6.0,2.3333333333333335,0.3333333333333333
2020-10-04,2020,VfL Wolfsburg,FC Augsburg,D,1,2.0,3.6,3.7,1580.968391862338,1494.492060341318,86.47633152102003,100,100,0.0,2,2,3,2,5,5.0,7,7.0,2.3333333333333335,0.3333333333333333
2020-10-17,2020,FC Augsburg,RB Leipzig,A,0,5.75,4.5,1.53,1501.84960016718,1705.6755869863475,-203.8259868191676,100,100,0.0,-5,-6,-4,-6,8,8.0,10,10.0,0.3333333333333333,2.3333333333333335
2020-10-17,2020,SC Freiburg,Werder Bremen,D,1,2.25,3.5,3.1,1543.0439934581116,1493.7361107471318,49.30788271097981,100,100,0.0,-2,-1,-2,-2,7,7.0,9,9.0,0.3333333333333333,2.3333333333333335
2020-10-17,2020,Hertha BSC,VfB Stuttgart,A,0,2.05,3.8,3.3,1509.8819522991348,1460.8788602738061,49.00309202532867,100,100,0.0,2,1,2,2,6,6.0,8,8.0,1.0,2.0
2020-10-17,2020,TSG Hoffenheim,Borussia Dortmund,A,0,4.0,4.33,1.75,1621.7164115238384,1712.0470953864208,-90.33068386258242,100,100,0.0,-5,-6,-7,-4,12,12.0,9,9.0,2.3333333333333335,0.3333333333333333
2020-10-17,2020,FSV Mainz 05,Bayer Leverkusen,A,0,5.5,4.33,1.57,1453.6657871227185,1655.264929696039,-201.59914257332048,100,100,0.0,-5,-5,-4,-5,3,3.0,6,6.0,0.0,3.0
2020-10-17,2020,Arminia Bielefeld,Bayern Munich,A,0,13.0,8.5,1.16,1501.8628103068681,1846.1582190871495,-344.2954087802814,100,100,0.0,-9,-10,-6,-12,4,4.0,12,12.0,1.5,1.5
2020-10-17,2020,Borussia Monchengladbach,VfL Wolfsburg,D,1,1.85,3.8,4.0,1634.3362571760213,1573.610852036476,60.72540513954527,100,100,0.0,2,2,0,1,10,10.0,6,6.0,1.0,2.0
2020-10-18,2020,FC Cologne,Ein Frankfurt,D,1,3.2,3.8,2.1,1410.8617165404069,1574.007757893903,-163.14604135349623,100,100,0.0,-2,-2,-2,-3,1,1.0,11,11.0,1.3333333333333333,1.3333333333333333
2020-10-18,2020,FC Schalke 04,Union Berlin,D,1,2.75,3.25,2.6,1435.5404660462484,1498.5482401514437,-63.00777410519527,100,100,0.0,2,2,1,1,0,0.0,7,7.0,2.0,0.5
2020-10-23,2020,VfB Stuttgart,FC Cologne,D,1,1.85,3.8,3.8,1481.9444500019051,1413.5583234349026,68.38612656700252,100,100,0.0,0,0,0,0,8,8.0,1,1.0,3.0,0.0
2020-10-24,2020,Borussia Dortmund,FC Schalke 04,H,2,1.16,6.5,12.0,1727.4644455756952,1433.949391049181,293.5150545265142,100,100,0.0,5,6,6,7,9,9.0,1,1.0,1.3333333333333333,1.3333333333333333
2020-10-24,2020,Union Berlin,SC Freiburg,D,1,2.3,3.3,3.1,1500.139315148511,1536.967400466813,-36.82808531830187,100,100,0.0,0,0,0,0,8,8.0,8,8.0,1.5,1.5
2020-10-24,2020,FSV Mainz 05,Borussia Monchengladbach,A,0,4.75,4.33,1.61,1442.931277471515,1627.8531837054495,-184.92190623393458,100,100,0.0,-4,-4,-3,-3,0,0.0,8,8.0,0.0,3.0
2020-10-24,2020,Bayern Munich,Ein Frankfurt,H,2,1.16,7.5,9.0,1852.062875173527,1571.3111509994073,280.75172417411954,100,100,0.0,7,8,4,9,12,12.0,11,11.0,2.0,1.0
2020-10-24,2020,RB Leipzig,Hertha BSC,H,2,1.4,4.5,7.0,1716.3218923292907,1488.8163625710358,227.50552975825485,100,100,0.0,3,5,2,4,13,13.0,3,3.0,2.3333333333333335,0.3333333333333333
2020-10-25,2020,VfL Wolfsburg,Arminia Bielefeld,H,2,1.65,3.75,5.25,1580.0939255070477,1495.9581542204908,84.13577128655697,100,100,0.0,2,2,3,2,4,4.0,4,4.0,1.5,1.5
2020-10-25,2020,Werder Bremen,TSG Hoffenheim,D,1,3.0,3.75,2.2,1499.8127037384304,1606.299061334564,-106.48635759613353,100,100,0.0,0,-1,2,-2,10,10.0,9,9.0,1.0,2.0
2020-10-26,2020,Bayer Leverkusen,FC Augsburg,H,2,1.6,4.2,5.25,1665.9994393472425,1491.2032948242368,174.79614452300575,100,100,0.0,5,5,4,5,9,9.0,7,7.0,3.0,0.0
2020-10-30,2020,FC Schalke 04,VfB Stuttgart,D,1,3.1,3.6,2.15,1431.1281394574369,1475.1950008561648,-44.06686139872795,100,100,0.0,2,2,1,1,1,1.0,8,8.0,2.3333333333333335,0.3333333333333333
2020-10-31,2020,Borussia Monchengladbach,RB Leipzig,H,2,3.0,3.6,2.25,1639.2581206711181,1720.275422408001,-81.01730173688293,100,100,0.0,-1,-2,-1,-3,8,8.0,13,13.0,0.3333333333333333,2.3333333333333335
2020-10-31,2020,FC Cologne,Bayern Munich,A,0,12.0,8.0,1.18,1420.307772580643,1855.077599145554,-434.769826564911,100,100,0.0,-9,-10,-6,-12,2,2.0,12,12.0,0.0,3.0
2020-10-31,2020,FC Augsburg,FSV Mainz 05,H,2,2.0,3.75,3.5,1486.087301707448,1431.5263405058463,54.560961201601685,100,100,0.0,0,0,0,0,7,7.0,0,0.0,3.0,0.0
2020-10-31,2020,Ein Frankfurt,Werder Bremen,D,1,1.72,4.0,4.5,1568.2964270273803,1500.0927097763313,68.20371725104906,100,100,0.0,0,1,0,1,8,8.0,8,8.0,1.6666666666666667,0.6666666666666666
2020-10-31,2020,Arminia Bielefeld,Borussia Dortmund,A,0,7.5,5.0,1.4,1488.238702629737,1730.2856971674394,-242.0469945377024,100,100,0.0,-7,-8,-7,-8,4,4.0,12,12.0,1.5,1.5
2020-11-01,2020,Hertha BSC,VfL Wolfsburg,D,1,2.62,3.5,2.55,1484.8628324923254,1587.8133770978015,-102.95054460547613,100,100,0.0,0,-1,-1,0,3,3.0,7,7.0,1.0,2.0
2020-11-01,2020,SC Freiburg,Bayer Leverkusen,A,0,3.8,3.5,1.95,1539.6650882869753,1671.1154324640313,-131.45034417705597,100,100,0.0,-5,-5,-4,-5,6,6.0,9,9.0,0.3333333333333333,2.3333333333333335
2020-11-02,2020,TSG Hoffenheim,Union Berlin,A,0,1.85,4.0,3.8,1606.019055296663,1497.4416273283487,108.5774279683144,100,100,0.0,2,2,0,4,7,7.0,6,6.0,3.0,0.0
2020-11-06,2020,Werder Bremen,FC Cologne,D,1,2.37,3.6,2.87,1506.8358766717984,1416.4955819896736,90.34029468212475,100,100,0.0,2,1,2,2,9,9.0,2,2.0,2.0,1.0
2020-11-07,2020,FSV Mainz 05,FC Schalke 04,D,1,2.1,3.4,3.4,1422.7913394404754,1428.73395965892,-5.942620218444517,100,100,0.0,-2,-2,-1,-1,0,0.0,2,2.0,1.3333333333333333,1.3333333333333333
2020-11-07,2020,FC Augsburg,Hertha BSC,A,0,2.9,3.5,2.3,1494.8223027728188,1484.9902146805366,9.83208809228222,100,100,0.0,-2,-1,-2,-2,7,7.0,1,1.0,1.0,2.0
2020-11-07,2020,RB Leipzig,SC Freiburg,H,2,1.36,4.75,9.0,1706.0941568496053,1526.019212195218,180.0749446543873,100,100,0.0,5,6,4,6,10,10.0,3,3.0,1.3333333333333333,1.3333333333333333
2020-11-07,2020,VfB Stuttgart,Ein Frankfurt,D,1,2.55,3.6,2.5,1477.5891806546817,1561.5532601319132,-83.96407947723151,100,100,0.0,-2,-2,-2,-3,9,9.0,8,8.0,1.0,2.0
2020-11-07,2020,Borussia Dortmund,Bayern Munich,A,0,4.0,4.33,1.75,1739.4733353072563,1858.8897897365232,-119.41645442926688,100,100,0.0,-2,-2,1,-4,12,12.0,12,12.0,0.0,3.0
2020-11-07,2020,Union Berlin,Arminia Bielefeld,H,2,1.83,3.75,4.2,1520.5009362170551,1479.05106448992,41.44987172713513,100,100,0.0,0,0,0,0,9,9.0,3,3.0,1.5,1.5
2020-11-08,2020,VfL Wolfsburg,TSG Hoffenheim,H,2,2.1,3.6,3.25,1587.6859949095904,1582.9597464079566,4.7262485016337905,100,100,0.0,0,0,3,-2,7,7.0,4,4.0,2.3333333333333335,0.3333333333333333
2020-11-08,2020,Bayer Leverkusen,Borussia Monchengladbach,H,2,2.2,3.5,3.0,1684.7613085557887,1653.439386229514,31.321922326274716,100,100,0.0,1,1,1,2,11,11.0,11,11.0,1.0,2.0
2020-11-21,2020,Borussia Monchengladbach,FC Augsburg,D,1,1.5,4.5,6.0,1643.8535983063528,1475.232357340952,168.62124096540083,100,100,0.0,4,4,3,3,10,10.0,4,4.0,3.0,0.0
2020-11-21,2020,Hertha BSC,Borussia Dortmund,A,0,4.5,4.33,1.65,1504.5801601124035,1725.3107394347203,-220.73057932231677,100,100,0.0,-5,-7,-5,-6,4,4.0,12,12.0,0.0,3.0
2020-11-21,2020,Arminia Bielefeld,Bayer Leverkusen,A,0,5.75,4.6,1.5,1469.8415027310205,1694.3470964789499,-224.50559374792942,100,100,0.0,-5,-5,-4,-5,0,0.0,13,13.0,1.5,1.5
2020-11-21,2020,Ein Frankfurt,RB Leipzig,D,1,3.8,4.0,1.85,1562.2450952728436,1711.0824883066061,-148.8373930337625,100,100,0.0,-3,-4,-2,-3,6,6.0,12,12.0,1.3333333333333333,1.3333333333333333
2020-11-21,2020,Bayern Munich,Werder Bremen,D,1,1.1,10.0,23.0,1873.0523856090592,1499.3523445057174,373.70004110334185,100,100,0.0,7,9,4,10,15,15.0,7,7.0,3.0,0.0
2020-11-21,2020,TSG Hoffenheim,VfB Stuttgart,D,1,2.3,3.75,2.8,1572.3490073529995,1476.8973455137514,95.45166183924812,100,100,0.0,2,2,0,4,1,1.0,7,7.0,1.3333333333333333,1.3333333333333333
2020-11-21,2020,FC Schalke 04,VfL Wolfsburg,A,0,3.8,3.6,1.95,1432.6983643656758,1598.2967339645475,-165.5983695988716,100,100,0.0,0,0,-2,-1,3,3.0,9,9.0,1.3333333333333333,1.3333333333333333
2020-11-22,2020,SC Freiburg,FSV Mainz 05,A,0,2.05,3.6,3.4,1521.030880738217,1418.8269347337196,102.20394600449754,100,100,0.0,0,0,0,0,2,2.0,1,1.0,2.0,1.0
2020-11-22,2020,FC Cologne,Union Berlin,A,0,2.7,3.4,2.6,1423.9791141557546,1529.7104979759547,-105.73138382020011,100,100,0.0,0,0,0,0,3,3.0,11,11.0,0.0,3.0
2020-11-27,2020,VfL Wolfsburg,Werder Bremen,H,2,1.8,3.6,4.33,1610.4978048361982,1512.5100973693525,97.98770746684568,100,100,0.0,0,1,1,0,11,11.0,5,5.0,1.3333333333333333,1.3333333333333333
2020-11-28,2020,RB Leipzig,Arminia Bielefeld,H,2,1.2,7.0,13.0,1708.987786551208,1459.9979784736936,248.98980807751445,100,100,0.0,5,6,4,6,10,10.0,0,0.0,1.5,1.5
2020-11-28,2020,FC Augsburg,SC Freiburg,D,1,2.37,3.5,2.9,1484.9637536232744,1498.1692290926444,-13.205475469369958,100,100,0.0,0,0,0,0,4,4.0,2,2.0,0.6666666666666666,1.6666666666666667
2020-11-28,2020,Borussia Dortmund,FC Cologne,A,0,1.2,7.0,13.0,1735.298517174011,1409.2265354431377,326.0719817308734,100,100,0.0,7,8,7,8,12,12.0,3,3.0,3.0,0.0
2020-11-28,2020,Union Berlin,Ein Frankfurt,D,1,2.5,3.4,2.7,1544.4630766885716,1564.3397970282417,-19.8767203396701,100,100,0.0,-2,-2,-2,-3,11,11.0,4,4.0,1.5,1.5
2020-11-28,2020,Borussia Monchengladbach,FC Schalke 04,H,2,1.33,5.25,9.0,1634.1222020240302,1420.4972934940251,213.6249085300051,100,100,0.0,2,2,2,2,8,8.0,3,3.0,1.3333333333333333,1.3333333333333333
2020-11-28,2020,VfB Stuttgart,Bayern Munich,A,0,9.0,6.25,1.28,1484.5454068142208,1859.8946327454241,-375.34922593120336,100,100,0.0,-9,-10,-6,-12,7,7.0,13,13.0,1.0,2.0
2020-11-29,2020,FSV Mainz 05,TSG Hoffenheim,D,1,3.25,3.8,2.05,1441.6885863792922,1564.70094605253,-123.01235967323782,100,100,0.0,-2,-2,0,-4,4,4.0,2,2.0,2.0,1.0
2020-11-29,2020,Bayer Leverkusen,Hertha BSC,D,1,1.72,4.0,4.5,1704.1906207362767,1494.5923823731127,209.598238363164,100,100,0.0,3,4,2,3,15,15.0,4,4.0,1.0,2.0
2020-12-04,2020,Hertha BSC,Union Berlin,H,2,2.5,3.5,2.75,1505.2713973188074,1541.063922584982,-35.79252526617461,100,100,0.0,2,1,2,2,5,5.0,11,11.0,1.5,1.5
2020-12-05,2020,FC Cologne,VfL Wolfsburg,D,1,3.6,3.6,2.0,1436.8492244452593,1617.769019398649,-180.91979495338978,100,100,0.0,-2,-2,-3,-2,5,5.0,13,13.0,1.0,2.0
2020-12-05,2020,SC Freiburg,Borussia Monchengladbach,D,1,3.6,3.75,1.95,1501.8403964621127,1638.3581607088806,-136.5177642467679,100,100,0.0,-4,-4,-3,-3,2,2.0,10,10.0,1.3333333333333333,1.3333333333333333
2020-12-05,2020,Arminia Bielefeld,FSV Mainz 05,H,2,2.87,3.5,2.4,1456.4499757171127,1442.680659472913,13.769316244199672,100,100,0.0,0,0,0,0,0,0.0,5,5.0,1.5,1.5
2020-12-05,2020,Ein Frankfurt,Borussia Dortmund,D,1,3.5,4.0,1.95,1567.7389511318313,1707.6758281718894,-139.9368770400581,100,100,0.0,-5,-6,-5,-5,4,4.0,9,9.0,0.6666666666666666,1.6666666666666667
2020-12-05,2020,Bayern Munich,RB Leipzig,D,1,1.36,5.75,7.0,1864.9971294577708,1712.535789307789,152.46134014998188,100,100,0.0,4,4,2,6,13,13.0,10,10.0,1.0,1.0
2020-12-06,2020,Werder Bremen,VfB Stuttgart,A,0,2.8,3.5,2.45,1505.2388828069015,1479.442910101874,25.795972705027452,100,100,0.0,2,1,2,2,4,4.0,4,4.0,0.3333333333333333,2.3333333333333335
2020-12-06,2020,FC Schalke 04,Bayer Leverkusen,A,0,6.5,4.33,1.5,1416.2613348091747,1693.511605790582,-277.2502709814073,100,100,0.0,-3,-3,-3,-4,2,2.0,13,13.0,0.6666666666666666,1.6666666666666667
2020-12-07,2020,TSG Hoffenheim,FC Augsburg,H,2,1.83,4.2,3.8,1563.7088729589093,1481.2925862538061,82.41628670510318,100,100,0.0,2,2,0,4,3,3.0,5,5.0,2.0,1.0
2020-12-11,2020,VfL Wolfsburg,Ein Frankfurt,H,2,2.3,3.6,2.8,1614.3372598786616,1569.4556106569842,44.881649221677435,100,100,0.0,0,0,1,-1,11,11.0,5,5.0,1.3333333333333333,1.3333333333333333
2020-12-12,2020,RB Leipzig,Werder Bremen,H,2,1.36,5.0,8.5,1721.8508905810152,1485.0333433066028,236.8175472744124,100,100,0.0,3,5,2,4,8,8.0,3,3.0,2.0,1.0
2020-12-12,2020,Union Berlin,Bayern Munich,D,1,8.5,6.0,1.28,1528.8048497375744,1855.6820281845446,-326.8771784469702,100,100,0.0,-9,-10,-6,-12,10,10.0,11,11.0,0.0,3.0
2020-12-12,2020,Borussia Monchengladbach,Hertha BSC,D,1,1.9,4.0,3.6,1636.787342318101,1517.530470166215,119.256872151886,100,100,0.0,2,3,1,1,8,8.0,8,8.0,1.3333333333333333,1.3333333333333333
2020-12-12,2020,FSV Mainz 05,FC Cologne,A,0,2.37,3.6,2.87,1432.4241335310403,1440.2809839652468,-7.856850434206535,100,100,0.0,0,0,0,0,5,5.0,5,5.0,1.6666666666666667,0.6666666666666666
2020-12-12,2020,SC Freiburg,Arminia Bielefeld,H,2,1.75,3.8,4.5,1503.4112148528923,1466.7065016589854,36.704713193906855,100,100,0.0,0,0,0,0,2,2.0,3,3.0,1.5,1.5
2020-12-12,2020,Borussia Dortmund,VfB Stuttgart,A,0,1.5,4.5,6.0,1705.9591686467365,1499.6484496021728,206.3107190445637,100,100,0.0,7,8,7,8,7,7.0,6,6.0,3.0,0.0
2020-12-13,2020,FC Augsburg,FC Schalke 04,D,1,1.9,3.75,3.8,1473.5162512055197,1408.312467798782,65.20378340673756,100,100,0.0,-2,-2,-1,-1,5,5.0,2,2.0,1.3333333333333333,1.3333333333333333
2020-12-13,2020,Bayer Leverkusen,TSG Hoffenheim,H,2,1.75,4.33,4.0,1701.4604728009747,1571.4852080071958,129.97526479377893,100,100,0.0,3,3,4,1,13,13.0,5,5.0,0.3333333333333333,2.3333333333333335
2020-12-15,2020,Ein Frankfurt,Borussia Monchengladbach,D,1,2.62,3.8,2.45,1560.371648798254,1628.4054933099567,-68.03384451170268,100,100,0.0,-2,-2,-1,0,4,4.0,6,6.0,0.3333333333333333,2.3333333333333335
2020-12-15,2020,Hertha BSC,FSV Mainz 05,D,1,1.72,4.0,4.5,1525.9123191743595,1413.5367113310003,112.37560784335915,100,100,0.0,2,1,2,2,8,8.0,5,5.0,1.0,2.0
2020-12-15,2020,VfB Stuttgart,Union Berlin,D,1,2.05,3.6,3.4,1525.2569974554094,1537.4101914082673,-12.153193952857919,100,100,0.0,0,0,0,0,8,8.0,8,8.0,1.5,1.5
2020-12-15,2020,Werder Bremen,Borussia Dortmund,A,0,5.5,5.0,1.5,1481.2602070278028,1680.3506207935,-199.09041376569712,100,100,0.0,-5,-7,-5,-6,2,2.0,4,4.0,0.6666666666666666,1.6666666666666667
2020-12-16,2020,TSG Hoffenheim,RB Leipzig,A,0,4.5,4.5,1.6,1565.179824323174,1725.624026859815,-160.44420253664111,100,100,0.0,-3,-4,-4,-2,5,5.0,11,11.0,0.3333333333333333,2.3333333333333335
2020-12-16,2020,Arminia Bielefeld,FC Augsburg,A,0,2.87,3.3,2.5,1457.3216905556355,1466.8768277456065,-9.555137189970992,100,100,0.0,0,0,0,0,3,3.0,3,3.0,1.5,1.5
2020-12-16,2020,Bayern Munich,VfL Wolfsburg,H,2,1.33,5.5,8.5,1847.0766865138517,1623.4212217373918,223.6554647764599,100,100,0.0,7,8,3,10,9,9.0,13,13.0,3.0,0.0
2020-12-16,2020,FC Schalke 04,SC Freiburg,A,0,2.9,3.5,2.3,1414.9518912586952,1512.7960259562421,-97.8441346975469,100,100,0.0,2,2,1,1,2,2.0,5,5.0,0.6666666666666666,1.6666666666666667
2020-12-16,2020,FC Cologne,Bayer Leverkusen,A,0,5.0,4.2,1.61,1459.1684061652868,1707.7658564849964,-248.59745031970965,100,100,0.0,-5,-5,-4,-5,8,8.0,13,13.0,2.0,1.0
2020-12-18,2020,Union Berlin,Borussia Dortmund,H,2,4.75,4.0,1.65,1541.1240363675054,1691.1848856432991,-150.06084927579377,100,100,0.0,-7,-8,-7,-8,6,6.0,7,7.0,1.5,1.5
2020-12-19,2020,FC Augsburg,Ein Frankfurt,A,0,3.8,3.75,1.95,1485.6957673808674,1558.9954399873027,-73.29967260643525,100,100,0.0,-2,-2,-2,-3,6,6.0,4,4.0,2.0,1.0
2020-12-19,2020,FSV Mainz 05,Werder Bremen,A,0,2.37,3.5,2.9,1421.711977586806,1470.4259421780037,-48.71396459119774,100,100,0.0,-2,-1,-2,-2,5,5.0,1,1.0,2.0,1.0
2020-12-19,2020,Borussia Monchengladbach,TSG Hoffenheim,A,0,1.9,4.2,3.5,1629.781702120908,1552.763397609382,77.01830451152591,100,100,0.0,2,2,3,-1,7,7.0,5,5.0,1.6666666666666667,0.6666666666666666
2020-12-19,2020,RB Leipzig,FC Cologne,D,1,1.28,5.75,9.5,1738.040453573607,1450.2193396912858,287.82111388232124,100,100,0.0,5,6,4,6,11,11.0,7,7.0,2.0,1.0
2020-12-19,2020,FC Schalke 04,Arminia Bielefeld,A,0,2.15,3.4,3.4,1399.8588162662243,1438.5027509203746,-38.64393465415037,100,100,0.0,2,2,1,1,1,1.0,3,3.0,1.5,1.5
2020-12-19,2020,Bayer Leverkusen,Bayern Munich,A,0,4.0,4.2,1.83,1716.7149229589975,1851.1069133802832,-134.39199042128575,100,100,0.0,-4,-5,-2,-7,13,13.0,9,9.0,2.0,1.0
2020-12-20,2020,SC Freiburg,Hertha BSC,H,2,2.5,3.5,2.7,1527.8891009487131,1517.737052918554,10.152048030159222,100,100,0.0,-2,-1,-2,-2,8,8.0,6,6.0,2.0,1.0
2020-12-20,2020,VfL Wolfsburg,VfB Stuttgart,H,2,2.25,3.6,3.0,1619.3909948709602,1521.5431524961714,97.8478423747888,100,100,0.0,2,2,3,2,10,10.0,8,8.0,1.3333333333333333,1.3333333333333333
2021-01-02,2020,VfB Stuttgart,RB Leipzig,A,0,3.8,4.0,1.8,1514.2675016732703,1725.9466030349504,-211.67910136168007,100,100,0.0,-5,-6,-4,-6,7,7.0,11,11.0,0.3333333333333333,2.3333333333333335
2021-01-02,2020,Hertha BSC,FC Schalke 04,H,2,1.65,4.0,4.8,1507.3395151641719,1382.23705994579,125.10245521838192,100,100,0.0,0,-1,1,1,6,6.0,1,1.0,0.6666666666666666,1.6666666666666667
2021-01-02,2020,Arminia Bielefeld,Borussia Monchengladbach,A,0,5.75,4.33,1.53,1456.124507240809,1607.7383733971408,-151.61386615633182,100,100,0.0,-4,-4,-3,-3,6,6.0,6,6.0,1.5,1.5
2021-01-02,2020,Werder Bremen,Union Berlin,A,0,2.9,3.3,2.37,1487.624195094499,1558.2705032340918,-70.64630813959275,100,100,0.0,2,1,2,2,3,3.0,6,6.0,1.5,1.5
2021-01-02,2020,Ein Frankfurt,Bayer Leverkusen,H,2,3.2,3.6,2.1,1575.145921806463,1703.1949137294034,-128.04899192294033,100,100,0.0,-3,-3,-2,-2,6,6.0,10,10.0,1.0,2.0
2021-01-02,2020,FC Cologne,FC Augsburg,A,0,2.35,3.4,3.0,1462.3131902299424,1469.545285561707,-7.23209533176464,100,100,0.0,0,0,0,0,8,8.0,5,5.0,1.0,1.0
2021-01-02,2020,TSG Hoffenheim,SC Freiburg,A,0,2.0,3.8,3.3,1574.8067263331493,1538.2866387030952,36.52008763005415,100,100,0.0,2,2,0,4,7,7.0,11,11.0,1.0,2.0
2021-01-03,2020,Borussia Dortmund,VfL Wolfsburg,H,2,1.55,4.2,5.75,1674.0384187767127,1626.6666456938613,47.371773082851405,100,100,0.0,5,6,4,6,4,4.0,10,10.0,3.0,0.0
2021-01-03,2020,Bayern Munich,FSV Mainz 05,H,2,1.12,9.0,19.0,1864.6269226098773,1404.5137246703105,460.1131979395668,100,100,0.0,9,10,6,12,11,11.0,2,2.0,3.0,0.0
2021-01-08,2020,Borussia Monchengladbach,Bayern Munich,H,2,4.75,4.75,1.57,1620.5262727846223,1865.774798151062,-245.2485253664397,100,100,0.0,-5,-6,-3,-9,6,6.0,11,11.0,1.0,2.0
2021-01-09,2020,FC Schalke 04,TSG Hoffenheim,H,2,4.5,4.0,1.72,1375.7908474859219,1554.1983927211322,-178.40754523521036,100,100,0.0,0,0,1,-3,1,1.0,6,6.0,0.3333333333333333,2.3333333333333335
2021-01-09,2020,Union Berlin,VfL Wolfsburg,D,1,2.9,3.3,2.45,1574.53479723494,1617.6732105576714,-43.13841332273137,100,100,0.0,-2,-2,-3,-2,8,8.0,7,7.0,0.5,2.0
2021-01-09,2020,RB Leipzig,Borussia Dortmund,A,0,2.2,3.5,3.2,1736.284500231402,1683.0318539129025,53.2526463184995,100,100,0.0,-2,-2,-3,-2,11,11.0,7,7.0,0.3333333333333333,2.3333333333333335
2021-01-09,2020,Bayer Leverkusen,Werder Bremen,D,1,1.44,4.75,6.5,1686.9865654304695,1471.359901093651,215.62666433681852,100,100,0.0,3,4,2,3,9,9.0,3,3.0,1.3333333333333333,1.3333333333333333
2021-01-09,2020,FSV Mainz 05,Ein Frankfurt,A,0,3.5,3.8,1.95,1403.3658491291258,1591.354270105397,-187.9884209762713,100,100,0.0,-2,-2,-2,-3,1,1.0,8,8.0,3.0,0.0
2021-01-09,2020,SC Freiburg,FC Cologne,H,2,1.9,3.6,3.8,1558.8949723151122,1443.400618553598,115.49435376151428,100,100,0.0,0,0,0,0,13,13.0,5,5.0,1.0,2.0
2021-01-10,2020,FC Augsburg,VfB Stuttgart,A,0,3.25,3.6,2.1,1488.4578572380515,1503.9296044768187,-15.471747238767193,100,100,0.0,0,0,0,0,7,7.0,7,7.0,1.0,2.0
2021-01-10,2020,Arminia Bielefeld,Hertha BSC,H,2,4.0,3.75,1.85,1443.3366078533275,1513.78572762404,-70.44911977071251,100,100,0.0,-2,-1,-2,-2,6,6.0,8,8.0,1.5,1.5
2021-01-15,2020,Union Berlin,Bayer Leverkusen,H,2,3.3,3.5,2.2,1572.1015710459105,1676.1807781434275,-104.07920709751693,100,100,0.0,-5,-5,-4,-5,9,9.0,7,7.0,0.0,3.0
2021-01-16,2020,TSG Hoffenheim,Arminia Bielefeld,D,1,1.66,4.0,5.0,1535.86958710499,1457.0638614315149,78.80572567347508,100,100,0.0,2,2,0,4,3,3.0,6,6.0,1.5,1.5
2021-01-16,2020,FC Cologne,Hertha BSC,D,1,3.25,3.4,2.25,1436.6700724114694,1500.0584740458526,-63.38840163438317,100,100,0.0,-2,-1,-2,-2,4,4.0,5,5.0,1.0,2.0
2021-01-16,2020,Borussia Dortmund,FSV Mainz 05,D,1,1.2,7.0,13.0,1704.2501485780958,1392.085432724269,312.1647158538269,100,100,0.0,7,8,7,8,9,9.0,1,1.0,2.0,1.0
2021-01-16,2020,Werder Bremen,FC Augsburg,H,2,2.15,3.3,3.5,1482.165688380693,1469.8788176835521,12.286870697140785,100,100,0.0,2,1,2,2,4,4.0,7,7.0,2.0,1.0
2021-01-16,2020,VfB Stuttgart,Borussia Monchengladbach,D,1,3.0,3.5,2.3,1522.508644031318,1641.4556808101845,-118.9470367788665,100,100,0.0,-4,-4,-3,-3,7,7.0,8,8.0,2.0,1.0
2021-01-16,2020,VfL Wolfsburg,RB Leipzig,D,1,3.6,3.6,2.0,1620.1064367467009,1715.0662055662087,-94.95976881950787,100,100,0.0,-3,-4,-1,-4,7,7.0,10,10.0,0.6666666666666666,1.6666666666666667
2021-01-17,2020,Ein Frankfurt,FC Schalke 04,H,2,1.5,4.33,6.5,1602.634686510254,1394.1196531020641,208.51503340818977,100,100,0.0,0,0,1,2,10,10.0,4,4.0,2.0,1.0
2021-01-17,2020,Bayern Munich,SC Freiburg,H,2,1.22,7.5,11.0,1844.8453901254998,1565.6255184572408,279.219871668259,100,100,0.0,9,10,6,12,10,10.0,15,15.0,2.3333333333333335,0.3333333333333333
2021-01-19,2020,Bayer Leverkusen,Borussia Dortmund,H,2,3.1,3.8,2.15,1661.004672708064,1691.8087058935444,-30.80403318548042,100,100,0.0,-2,-3,-3,-3,4,4.0,10,10.0,1.0,2.0
2021-01-19,2020,FSV Mainz 05,VfL Wolfsburg,A,0,4.0,4.0,1.8,1404.5268754088204,1619.8888477383225,-215.36197232950212,100,100,0.0,-2,-2,-3,-2,2,2.0,5,5.0,0.0,3.0
2021-01-19,2020,Borussia Monchengladbach,Werder Bremen,H,2,1.57,4.2,5.75,1640.6384814203057,1492.479893731399,148.15858768890666,100,100,0.0,2,3,1,1,8,8.0,7,7.0,1.6666666666666667,0.6666666666666666
2021-01-19,2020,Hertha BSC,TSG Hoffenheim,A,0,2.25,3.5,3.1,1501.633299040759,1528.7662491230965,-27.132950082337402,100,100,0.0,0,-1,2,-2,5,5.0,4,4.0,1.0,2.0
2021-01-20,2020,Arminia Bielefeld,VfB Stuttgart,H,2,4.33,3.9,1.75,1464.1671994134083,1523.3258434211969,-59.15864400778855,100,100,0.0,0,0,0,0,7,7.0,5,5.0,1.5,1.5
2021-01-20,2020,FC Schalke 04,FC Cologne,A,0,2.55,3.3,2.75,1389.775554328742,1435.0952474165629,-45.31969308782095,100,100,0.0,2,2,1,1,3,3.0,2,2.0,0.6666666666666666,1.6666666666666667
2021-01-20,2020,SC Freiburg,Ein Frankfurt,D,1,2.9,3.5,2.37,1562.586797556399,1606.9787852835761,-44.39198772717714,100,100,0.0,-2,-2,-2,-3,12,12.0,13,13.0,1.3333333333333333,1.3333333333333333
2021-01-20,2020,RB Leipzig,Union Berlin,H,2,1.5,4.33,7.0,1715.283794574587,1587.277676481274,128.00611809331303,100,100,0.0,5,6,4,6,8,8.0,11,11.0,3.0,0.0
2021-01-20,2020,FC Augsburg,Bayern Munich,A,0,13.0,7.0,1.2,1459.564612332846,1847.8841110263415,-388.31949869349546,100,100,0.0,-9,-10,-6,-12,6,6.0,12,12.0,0.3333333333333333,2.3333333333333335
2021-01-22,2020,Borussia Monchengladbach,Borussia Dortmund,H,2,3.3,3.75,2.1,1646.4383834208015,1679.757253421357,-33.318870000555535,100,100,0.0,-3,-4,-4,-5,10,10.0,7,7.0,0.0,3.0
2021-01-23,2020,Bayer Leverkusen,VfL Wolfsburg,A,0,2.05,3.6,3.5,1673.0561251802512,1630.0835794164307,42.97254576382056,100,100,0.0,3,3,1,3,4,4.0,8,8.0,1.3333333333333333,1.3333333333333333
2021-01-23,2020,FSV Mainz 05,RB Leipzig,H,2,7.5,5.0,1.36,1394.3321437307122,1721.64581498526,-327.31367125454767,100,100,0.0,-5,-6,-4,-6,1,1.0,8,8.0,0.0,3.0
2021-01-23,2020,FC Augsburg,Union Berlin,H,2,3.75,3.4,2.05,1454.7705459679796,1580.9156560706012,-126.14511010262163,100,100,0.0,0,0,0,0,3,3.0,10,10.0,1.3333333333333333,1.3333333333333333
2021-01-23,2020,Arminia Bielefeld,Ein Frankfurt,A,0,4.75,3.8,1.75,1477.412013405921,1609.3592838127995,-131.9472704068785,100,100,0.0,-2,-2,-2,-3,10,10.0,13,13.0,1.0,1.0
2021-01-23,2020,SC Freiburg,VfB Stuttgart,H,2,2.62,3.75,2.5,1560.2062990271756,1510.0810294286841,50.12526959849151,100,100,0.0,0,0,0,0,10,10.0,4,4.0,1.6666666666666667,0.6666666666666666
2021-01-23,2020,Hertha BSC,Werder Bremen,A,0,2.1,3.5,3.6,1483.5327037141979,1486.679991730903,-3.147288016705261,100,100,0.0,0,0,0,0,4,4.0,7,7.0,1.6666666666666667,0.6666666666666666
2021-01-24,2020,TSG Hoffenheim,FC Cologne,H,2,1.75,3.75,4.5,1546.8668444496577,1452.4366859693898,94.43015848026789,100,100,0.0,2,2,0,4,7,7.0,5,5.0,3.0,0.0
2021-01-24,2020,FC Schalke 04,Bayern Munich,A,0,16.0,8.5,1.14,1372.434115775915,1852.678177391208,-480.24406161529305,100,100,0.0,-7,-8,-5,-11,3,3.0,12,12.0,0.0,3.0
2021-01-29,2020,VfB Stuttgart,FSV Mainz 05,H,2,1.61,4.0,5.0,1501.1870923229797,1417.9501189699367,83.23697335304291,100,100,0.0,0,0,0,0,4,4.0,4,4.0,1.0,2.0
2021-01-30,2020,Bayern Munich,TSG Hoffenheim,H,2,1.2,8.0,11.0,1855.7008353417962,1554.251468822023,301.4493665197731,100,100,0.0,7,8,6,8,12,12.0,7,7.0,1.0,2.0
2021-01-30,2020,Borussia Dortmund,FC Augsburg,H,2,1.25,6.5,9.0,1667.6012750950945,1470.8971952412749,196.70407985381962,100,100,0.0,7,8,7,8,7,7.0,6,6.0,2.0,1.0
2021-01-30,2020,Ein Frankfurt,Hertha BSC,H,2,1.75,3.8,4.5,1622.9838834772586,1464.4562853458272,158.52759813143143,100,100,0.0,0,1,0,1,13,13.0,4,4.0,2.3333333333333335,0.3333333333333333
2021-01-30,2020,Union Berlin,Borussia Monchengladbach,D,1,3.2,3.4,2.25,1564.789006797306,1658.594361747064,-93.80535494975811,100,100,0.0,-4,-4,-3,-3,7,7.0,13,13.0,1.3333333333333333,1.3333333333333333
2021-01-30,2020,Werder Bremen,FC Schalke 04,D,1,1.9,3.5,4.0,1505.7564100992738,1369.4114578253268,136.344952273947,100,100,0.0,0,-1,1,1,7,7.0,3,3.0,2.0,1.0
2021-01-30,2020,RB Leipzig,Bayer Leverkusen,H,2,1.9,3.6,4.0,1698.0278397460354,1652.2098390075744,45.81800073846102,100,100,0.0,0,1,0,1,7,7.0,4,4.0,1.0,1.0
2021-01-31,2020,FC Cologne,Arminia Bielefeld,H,2,2.25,3.4,3.2,1445.0520615970245,1463.787413741462,-18.735352144437456,100,100,0.0,0,0,0,0,4,4.0,7,7.0,0.0,3.0
2021-01-31,2020,VfL Wolfsburg,SC Freiburg,H,2,1.85,3.8,4.0,1650.9298655891075,1569.1002361328801,81.8296294562274,100,100,0.0,2,2,3,2,8,8.0,10,10.0,0.6666666666666666,1.6666666666666667
2021-02-05,2020,Hertha BSC,Bayern Munich,A,0,7.0,5.75,1.36,1458.9305440205956,1858.4074928709301,-399.47694885033457,100,100,0.0,-7,-9,-4,-10,1,1.0,12,12.0,0.3333333333333333,2.3333333333333335
2021-02-06,2020,Borussia Monchengladbach,FC Cologne,A,0,1.45,4.5,6.5,1658.861777736188,1456.6061960835457,202.25558165264238,100,100,0.0,4,4,3,3,11,11.0,7,7.0,3.0,0.0
2021-02-06,2020,FC Schalke 04,RB Leipzig,A,0,9.0,5.75,1.3,1378.2867394671387,1707.077700719092,-328.7909612519534,100,100,0.0,-3,-4,-3,-5,4,4.0,7,7.0,1.0,2.0
2021-02-06,2020,FSV Mainz 05,Union Berlin,H,2,3.3,3.4,2.2,1410.2009675797374,1564.521590808182,-154.32062322844467,100,100,0.0,0,0,0,0,4,4.0,5,5.0,0.3333333333333333,2.3333333333333335
2021-02-06,2020,FC Augsburg,VfL Wolfsburg,A,0,4.75,3.6,1.75,1466.294363524725,1658.7256704786644,-192.43130695393938,100,100,0.0,-2,-2,-3,-2,3,3.0,11,11.0,0.6666666666666666,1.6666666666666667
2021-02-06,2020,SC Freiburg,Borussia Dortmund,H,2,5.25,4.33,1.57,1561.3044312433233,1672.2041068116444,-110.89967556832107,100,100,0.0,-7,-8,-7,-8,7,7.0,7,7.0,0.3333333333333333,2.3333333333333335
2021-02-06,2020,Bayer Leverkusen,VfB Stuttgart,H,2,2.0,3.75,3.5,1643.1599780345177,1508.936243713179,134.22373432133872,100,100,0.0,5,5,4,5,4,4.0,7,7.0,2.3333333333333335,0.3333333333333333
2021-02-07,2020,TSG Hoffenheim,Ein Frankfurt,A,0,2.9,3.8,2.25,1551.544811292889,1628.5096248024902,-76.96481350960107,100,100,0.0,0,0,-2,1,7,7.0,13,13.0,0.0,3.0
2021-02-12,2020,RB Leipzig,FC Augsburg,H,2,1.22,6.5,11.0,1713.4171029628114,1455.1933884034656,258.2237145593458,100,100,0.0,5,6,4,6,10,10.0,3,3.0,3.0,0.0
2021-02-13,2020,Borussia Dortmund,TSG Hoffenheim,D,1,1.45,4.8,6.25,1656.7336843082119,1535.5517570015081,121.18192730670376,100,100,0.0,5,6,7,4,4,4.0,7,7.0,1.0,2.0
2021-02-13,2020,Union Berlin,FC Schalke 04,D,1,1.75,3.6,5.0,1547.195305118034,1371.9473372234193,175.2479678946147,100,100,0.0,-2,-2,-1,-1,4,4.0,1,1.0,0.6666666666666666,1.6666666666666667
2021-02-13,2020,Bayer Leverkusen,FSV Mainz 05,D,1,1.4,5.0,6.5,1649.3444302630437,1427.5272532698855,221.81717699315823,100,100,0.0,5,5,4,5,6,6.0,7,7.0,3.0,0.0
2021-02-13,2020,Werder Bremen,SC Freiburg,D,1,2.8,3.3,2.45,1496.881128457462,1576.7748537467558,-79.8937252892938,100,100,0.0,2,1,2,2,8,8.0,7,7.0,1.6666666666666667,0.6666666666666666
2021-02-13,2020,VfB Stuttgart,Hertha BSC,D,1,2.15,3.6,3.1,1502.751791484653,1454.3895664963538,48.362224988299204,100,100,0.0,-2,-1,-2,-2,4,4.0,1,1.0,2.0,1.0
2021-02-14,2020,Ein Frankfurt,FC Cologne,H,2,1.45,4.5,7.0,1644.5026790938712,1482.1265145942632,162.37616449960797,100,100,0.0,2,2,2,3,13,13.0,10,10.0,0.6666666666666666,1.6666666666666667
2021-02-14,2020,VfL Wolfsburg,Borussia Monchengladbach,D,1,2.37,3.5,2.9,1669.8266455999237,1633.3414592254705,36.48518637445318,100,100,0.0,-2,-2,0,-1,13,13.0,8,8.0,1.3333333333333333,1.3333333333333333
2021-02-15,2020,Bayern Munich,Arminia Bielefeld,D,1,1.1,9.0,21.0,1862.9484703951719,1452.2332792549407,410.7151911402311,100,100,0.0,9,10,6,12,15,15.0,7,7.0,3.0,0.0
2021-02-19,2020,Arminia Bielefeld,VfL Wolfsburg,A,0,5.5,3.75,1.65,1465.7268165327082,1664.2196082037865,-198.4927916710783,100,100,0.0,-2,-2,-3,-2,5,5.0,13,13.0,0.0,3.0
2021-02-20,2020,Borussia Monchengladbach,FSV Mainz 05,A,0,1.61,4.0,5.25,1638.9484966216078,1438.459964710723,200.48853191088483,100,100,0.0,4,4,3,3,8,8.0,7,7.0,3.0,0.0
2021-02-20,2020,FC Schalke 04,Borussia Dortmund,A,0,9.0,5.75,1.3,1381.842371710615,1648.294852188196,-266.45248047758105,100,100,0.0,-5,-6,-6,-7,2,2.0,4,4.0,0.3333333333333333,2.3333333333333335
2021-02-20,2020,Ein Frankfurt,Bayern Munich,H,2,4.0,4.33,1.75,1649.9292486787774,1849.4549331174044,-199.52568443862697,100,100,0.0,-7,-8,-4,-9,13,13.0,13,13.0,1.0,2.0
2021-02-20,2020,FC Cologne,VfB Stuttgart,A,0,3.5,3.6,2.05,1476.699945009357,1496.7093631910855,-20.009418181728506,100,100,0.0,0,0,0,0,9,9.0,4,4.0,0.3333333333333333,2.3333333333333335
2021-02-20,2020,SC Freiburg,Union Berlin,A,0,2.4,3.2,3.1,1577.641943660545,1537.3002706308382,40.341673029706726,100,100,0.0,0,0,0,0,8,8.0,2,2.0,1.3333333333333333,1.3333333333333333
2021-02-21,2020,Hertha BSC,RB Leipzig,A,0,5.25,3.9,1.65,1460.4319947899214,1716.8021618157318,-256.37016702581036,100,100,0.0,-3,-5,-2,-4,1,1.0,12,12.0,0.3333333333333333,2.3333333333333335
2021-02-21,2020,TSG Hoffenheim,Werder Bremen,H,2,2.05,3.6,3.5,1543.990589121524,1496.0140385436728,47.976550577851185,100,100,0.0,0,1,-2,2,7,7.0,8,8.0,2.3333333333333335,0.3333333333333333
2021-02-21,2020,FC Augsburg,Bayer Leverkusen,D,1,5.5,4.0,1.61,1451.8083295505453,1638.4117188222062,-186.60338927166094,100,100,0.0,-5,-5,-4,-5,3,3.0,7,7.0,0.0,3.0
2021-02-26,2020,Werder Bremen,Ein Frankfurt,H,2,4.33,3.8,1.75,1487.0425116559702,1669.1123205706156,-182.06980891464536,100,100,0.0,0,-1,0,-1,5,5.0,15,15.0,0.6666666666666666,1.6666666666666667
2021-02-27,2020,RB Leipzig,Borussia Monchengladbach,H,2,1.6,4.2,5.25,1725.4728195856744,1613.4670794558044,112.00574012986999,100,100,0.0,1,2,1,3,12,12.0,5,5.0,1.3333333333333333,1.3333333333333333
2021-02-27,2020,VfB Stuttgart,FC Schalke 04,H,2,1.45,4.5,6.5,1515.1030819963432,1373.525074571859,141.5780074244842,100,100,0.0,-2,-2,-1,-1,7,7.0,2,2.0,0.6666666666666666,1.6666666666666667
2021-02-27,2020,VfL Wolfsburg,Hertha BSC,H,2,1.7,4.0,4.75,1675.0776958698195,1451.7613370199788,223.31635884984075,100,100,0.0,0,1,1,0,13,13.0,1,1.0,1.3333333333333333,1.3333333333333333
2021-02-27,2020,Bayern Munich,FC Cologne,H,2,1.16,7.5,15.0,1830.2718612255662,1458.3062262040992,371.96563502146705,100,100,0.0,9,10,6,12,10,10.0,6,6.0,3.0,0.0
2021-02-27,2020,Borussia Dortmund,Arminia Bielefeld,H,2,1.18,7.0,15.0,1656.612149326952,1454.8687288666752,201.74342046027687,100,100,0.0,7,8,7,8,7,7.0,4,4.0,3.0,0.0
2021-02-28,2020,Union Berlin,TSG Hoffenheim,D,1,2.37,3.5,2.9,1558.0499437929939,1552.9621160092265,5.087827783767352,100,100,0.0,-2,-2,0,-4,5,5.0,7,7.0,1.0,2.0
2021-02-28,2020,FSV Mainz 05,FC Augsburg,A,0,2.0,3.6,3.6,1463.9413818765263,1455.4717381957305,8.469643680795798,100,100,0.0,0,0,0,0,10,10.0,4,4.0,0.0,3.0
2021-02-28,2020,Bayer Leverkusen,SC Freiburg,A,0,1.8,3.6,4.5,1634.748310177021,1556.8922704983893,77.85603967863176,100,100,0.0,5,5,4,5,5,5.0,7,7.0,2.3333333333333335,0.3333333333333333
2021-03-05,2020,FC Schalke 04,FSV Mainz 05,D,1,3.6,3.6,2.0,1367.5458815367201,1444.4048140000252,-76.85893246330511,100,100,0.0,2,2,1,1,2,2.0,7,7.0,1.6666666666666667,0.6666666666666666
2021-03-06,2020,Ein Frankfurt,VfB Stuttgart,D,1,1.95,3.75,3.75,1650.6335455226308,1521.0822750314821,129.55127049114867,100,100,0.0,2,2,2,3,12,12.0,10,10.0,2.3333333333333335,0.3333333333333333
2021-03-06,2020,Hertha BSC,FC Augsburg,H,2,1.9,3.5,4.1,1447.724294971866,1475.0083060722316,-27.28401110036566,100,100,0.0,2,1,2,2,1,1.0,4,4.0,2.0,1.0
2021-03-06,2020,SC Freiburg,RB Leipzig,A,0,5.0,4.0,1.66,1578.963760834533,1732.3087849705148,-153.3450241359817,100,100,0.0,-5,-6,-4,-6,7,7.0,15,15.0,1.3333333333333333,1.3333333333333333
2021-03-06,2020,Bayern Munich,Borussia Dortmund,H,2,1.65,4.5,4.5,1832.131447735625,1661.103077468379,171.02837026724592,100,100,0.0,2,2,-1,4,10,10.0,10,10.0,3.0,0.0
2021-03-06,2020,Borussia Monchengladbach,Bayer Leverkusen,A,0,2.55,3.6,2.6,1606.631114070964,1612.6768198408772,-6.045705769913184,100,100,0.0,-1,-1,-1,-2,2,2.0,5,5.0,1.0,2.0
2021-03-06,2020,TSG Hoffenheim,VfL Wolfsburg,H,2,2.9,3.4,2.4,1557.3656465765864,1679.1147379179324,-121.749091341346,100,100,0.0,0,0,-3,2,5,5.0,13,13.0,0.3333333333333333,2.3333333333333335
2021-03-07,2020,Arminia Bielefeld,Union Berlin,D,1,4.0,3.5,1.9,1450.377800725248,1553.646413225634,-103.26861250038587,100,100,0.0,0,0,0,0,1,1.0,6,6.0,0.0,3.0
2021-03-07,2020,FC Cologne,Werder Bremen,D,1,2.9,3.25,2.5,1456.4466396940404,1505.521286703955,-49.07464700991454,100,100,0.0,-2,-1,-2,-2,6,6.0,8,8.0,1.3333333333333333,1.3333333333333333
2021-03-10,2020,Arminia Bielefeld,Werder Bremen,A,0,3.3,3.3,2.2,1450.5189139074387,1507.7042998329339,-57.18538592549521,100,100,0.0,-2,-1,-2,-2,2,2.0,6,6.0,0.0,3.0
2021-03-12,2020,FC Augsburg,Borussia Monchengladbach,H,2,4.0,3.8,1.85,1463.102657671171,1587.6708493730239,-124.56819170185281,100,100,0.0,-4,-4,-3,-3,4,4.0,1,1.0,0.3333333333333333,2.3333333333333335
2021-03-13,2020,FSV Mainz 05,SC Freiburg,H,2,2.55,3.5,2.62,1445.4024194162425,1566.2489217775485,-120.84650236130597,100,100,0.0,0,0,0,0,8,8.0,7,7.0,1.0,2.0
2021-03-13,2020,Union Berlin,FC Cologne,H,2,1.9,3.5,4.2,1553.5053000434434,1454.2636265650615,99.24167347838193,100,100,0.0,0,0,0,0,6,6.0,4,4.0,3.0,0.0
2021-03-13,2020,Werder Bremen,Bayern Munich,A,0,10.0,6.5,1.25,1524.5434550876457,1837.3401381274934,-312.7966830398477,100,100,0.0,-7,-9,-4,-10,8,8.0,10,10.0,0.3333333333333333,2.3333333333333335
2021-03-13,2020,VfL Wolfsburg,FC Schalke 04,H,2,1.33,5.25,9.0,1663.176978753412,1366.5482761205028,296.62870263290915,100,100,0.0,0,0,2,1,10,10.0,2,2.0,2.3333333333333335,0.3333333333333333
2021-03-13,2020,Borussia Dortmund,Hertha BSC,H,2,1.5,4.5,6.0,1655.8943870765106,1459.6299433729264,196.26444370358422,100,100,0.0,5,7,5,6,7,7.0,4,4.0,3.0,0.0
2021-03-14,2020,RB Leipzig,Ein Frankfurt,D,1,1.8,3.8,4.2,1745.0236240274994,1641.9510928243374,103.07253120316204,100,100,0.0,3,4,2,3,15,15.0,10,10.0,1.3333333333333333,1.3333333333333333
2021-03-14,2020,VfB Stuttgart,TSG Hoffenheim,H,2,2.45,3.6,2.7,1529.7647277297756,1573.3034057411069,-43.538678011331285,100,100,0.0,-2,-2,0,-4,8,8.0,8,8.0,0.6666666666666666,1.6666666666666667
2021-03-14,2020,Bayer Leverkusen,Arminia Bielefeld,A,0,1.36,4.75,9.0,1631.6370845388174,1433.6797586527268,197.95732588609053,100,100,0.0,5,5,4,5,8,8.0,2,2.0,3.0,0.0
2021-03-19,2020,Arminia Bielefeld,RB Leipzig,A,0,9.0,4.75,1.33,1459.1049680202884,1737.134809075439,-278.02984105515065,100,100,0.0,-5,-6,-4,-6,4,4.0,13,13.0,0.0,3.0
2021-03-20,2020,FC Schalke 04,Borussia Monchengladbach,A,0,7.5,4.5,1.44,1363.772503969165,1571.611919681142,-207.83941571197693,100,100,0.0,-2,-2,-2,-2,2,2.0,1,1.0,1.3333333333333333,1.3333333333333333
2021-03-20,2020,FC Cologne,Borussia Dortmund,D,1,8.0,4.75,1.4,1447.032103239095,1660.507088836906,-213.47498559781093,100,100,0.0,-7,-8,-7,-8,1,1.0,10,10.0,1.0,2.0
2021-03-20,2020,Werder Bremen,VfL Wolfsburg,A,0,4.5,3.6,1.8,1517.731492127559,1665.9527509047498,-148.22125877719077,100,100,0.0,0,-1,-1,0,7,7.0,10,10.0,1.0,2.0
2021-03-20,2020,Ein Frankfurt,Union Berlin,H,2,1.85,4.0,3.8,1649.8399077763977,1560.7368233694099,89.10308440698782,100,100,0.0,2,2,2,3,8,8.0,9,9.0,1.3333333333333333,1.3333333333333333
2021-03-20,2020,Bayern Munich,VfB Stuttgart,H,2,1.2,7.0,11.0,1844.1521010875801,1542.3483307713275,301.80377031625267,100,100,0.0,9,10,6,12,10,10.0,11,11.0,3.0,0.0
2021-03-21,2020,SC Freiburg,FC Augsburg,H,2,1.95,3.4,4.0,1550.3499844269609,1479.161587363053,71.18839706390781,100,100,0.0,0,0,0,0,4,4.0,7,7.0,1.0,1.0
2021-03-21,2020,TSG Hoffenheim,FSV Mainz 05,A,0,1.9,3.75,3.8,1560.719802699555,1461.3013567668302,99.41844593272481,100,100,0.0,2,2,0,4,8,8.0,8,8.0,1.3333333333333333,1.3333333333333333
2021-03-21,2020,Hertha BSC,Bayer Leverkusen,H,2,3.4,3.6,2.05,1455.017241612531,1606.2118751712558,-151.19463355872472,100,100,0.0,-3,-4,-2,-3,4,4.0,5,5.0,2.3333333333333335,0.3333333333333333
2021-04-03,2020,Borussia Dortmund,Ein Frankfurt,A,0,1.72,4.2,4.2,1655.7750543577465,1657.3965664157738,-1.6215120580272924,100,100,0.0,5,6,5,5,10,10.0,8,8.0,1.6666666666666667,0.6666666666666666
2021-04-03,2020,Borussia Monchengladbach,SC Freiburg,H,2,1.75,4.0,4.1,1582.1000856927706,1558.5043977365976,23.595687956172924,100,100,0.0,4,4,3,3,3,3.0,6,6.0,1.3333333333333333,1.3333333333333333
2021-04-03,2020,FSV Mainz 05,Arminia Bielefeld,D,1,1.72,3.6,4.75,1484.0754168357032,1451.1822929207228,32.89312391498038,100,100,0.0,0,0,0,0,10,10.0,4,4.0,0.0,3.0
2021-04-03,2020,FC Augsburg,TSG Hoffenheim,H,2,3.6,3.8,1.9,1471.0071740534163,1537.945742630682,-66.93856857726564,100,100,0.0,-2,-2,0,-4,7,7.0,7,7.0,1.0,2.0
2021-04-03,2020,RB Leipzig,Bayern Munich,A,0,2.7,3.8,2.37,1745.0574841750047,1846.8537391246132,-101.79625494960851,100,100,0.0,-4,-4,-2,-6,13,13.0,12,12.0,1.0,1.0
2021-04-03,2020,Bayer Leverkusen,FC Schalke 04,H,2,1.22,6.5,12.0,1589.017483787642,1353.2843379575363,235.73314583010574,100,100,0.0,3,3,3,4,4,4.0,1,1.0,2.3333333333333335,0.3333333333333333
2021-04-03,2020,VfL Wolfsburg,FC Cologne,H,2,1.5,4.33,6.0,1678.8841374915132,1451.7641377182545,227.11999977325877,100,100,0.0,2,2,3,2,12,12.0,2,2.0,1.3333333333333333,1.3333333333333333
2021-04-04,2020,Union Berlin,Hertha BSC,D,1,2.4,3.3,2.87,1553.1801647300338,1472.2116329961448,80.968531733889,100,100,0.0,-2,-1,-2,-2,8,8.0,6,6.0,1.0,2.0
2021-04-04,2020,VfB Stuttgart,Werder Bremen,H,2,1.9,3.6,4.0,1539.6466927342944,1504.8001055407956,34.84658719349886,100,100,0.0,-2,-1,-2,-2,10,10.0,7,7.0,2.3333333333333335,0.3333333333333333
2021-04-09,2020,Arminia Bielefeld,SC Freiburg,H,2,2.87,3.3,2.45,1456.6554050269483,1548.6262008909791,-91.97079586403083,100,100,0.0,0,0,0,0,5,5.0,6,6.0,0.0,3.0
2021-04-10,2020,Bayern Munich,Union Berlin,D,1,1.44,4.75,6.5,1861.7761892554968,1546.0046047560145,315.7715844994823,100,100,0.0,9,10,6,12,15,15.0,6,6.0,2.3333333333333335,0.3333333333333333
2021-04-10,2020,Ein Frankfurt,VfL Wolfsburg,H,2,2.37,3.5,2.9,1676.5339197145163,1682.845291543848,-6.31137182933162,100,100,0.0,0,0,-1,1,8,8.0,12,12.0,1.0,2.0
2021-04-10,2020,Hertha BSC,Borussia Monchengladbach,D,1,3.2,3.5,2.2,1479.387192970164,1591.978282538389,-112.59108956822502,100,100,0.0,-2,-3,-1,-1,7,7.0,6,6.0,0.6666666666666666,1.6666666666666667
2021-04-10,2020,Werder Bremen,RB Leipzig,A,0,8.0,4.75,1.4,1495.346176836222,1730.135034044121,-234.78885720789913,100,100,0.0,-3,-5,-2,-4,4,4.0,10,10.0,0.0,3.0
2021-04-10,2020,VfB Stuttgart,Borussia Dortmund,A,0,4.0,3.8,1.83,1549.100621438868,1636.637701059004,-87.53707962013596,100,100,0.0,-7,-8,-7,-8,10,10.0,7,7.0,1.0,2.0
2021-04-11,2020,FC Schalke 04,FC Augsburg,H,2,3.2,3.4,2.25,1349.4905627244125,1484.5840901321085,-135.093527407696,100,100,0.0,2,2,1,1,1,1.0,9,9.0,1.3333333333333333,1.3333333333333333
2021-04-11,2020,FC Cologne,FSV Mainz 05,A,0,3.0,3.3,2.4,1447.8029836659198,1478.6023047294777,-30.799321063557954,100,100,0.0,0,0,0,0,2,2.0,8,8.0,1.3333333333333333,1.3333333333333333
2021-04-12,2020,TSG Hoffenheim,Bayer Leverkusen,D,1,2.87,3.6,2.3,1524.3688265519897,1592.8112590207659,-68.44243246877613,100,100,0.0,-3,-3,-4,-1,4,4.0,6,6.0,1.3333333333333333,1.3333333333333333
2021-04-16,2020,RB Leipzig,TSG Hoffenheim,D,1,1.36,5.25,7.5,1739.5911145575155,1523.0101112934806,216.58100326403496,100,100,0.0,3,4,4,2,10,10.0,4,4.0,3.0,0.0
2021-04-17,2020,Union Berlin,VfB Stuttgart,H,2,2.2,3.5,3.1,1558.4942231196435,1533.5627845793263,24.93143854031723,100,100,0.0,0,0,0,0,6,6.0,7,7.0,1.0,1.0
2021-04-17,2020,Bayer Leverkusen,FC Cologne,H,2,1.61,3.9,5.5,1594.169974279275,1429.8542405607802,164.3157337184948,100,100,0.0,5,5,4,5,7,7.0,2,2.0,2.0,1.0
2021-04-17,2020,VfL Wolfsburg,Bayern Munich,A,0,3.5,4.0,1.9,1671.794883864423,1849.2865708918678,-177.49168702744487,100,100,0.0,-7,-8,-3,-10,9,9.0,13,13.0,0.0,3.0
2021-04-17,2020,FC Augsburg,Arminia Bielefeld,D,1,2.45,3.3,2.9,1468.0741124415079,1471.3088181172038,-3.2347056756959773,100,100,0.0,0,0,0,0,6,6.0,7,7.0,3.0,0.0
2021-04-17,2020,Borussia Monchengladbach,Ein Frankfurt,H,2,2.5,3.6,2.6,1591.4349193576113,1687.5843273939413,-96.14940803632999,100,100,0.0,2,2,1,0,7,7.0,11,11.0,2.3333333333333335,0.3333333333333333
2021-04-17,2020,SC Freiburg,FC Schalke 04,H,2,1.65,4.2,4.75,1533.9727878007236,1366.0005404150131,167.9722473857105,100,100,0.0,-2,-2,-1,-1,3,3.0,4,4.0,2.3333333333333335,0.3333333333333333
2021-04-18,2020,Borussia Dortmund,Werder Bremen,H,2,1.36,5.25,7.0,1652.1755379185458,1485.8900963228275,166.28544159571834,100,100,0.0,5,7,5,6,7,7.0,3,3.0,2.3333333333333335,0.3333333333333333
2021-04-20,2020,FC Cologne,RB Leipzig,H,2,8.0,4.75,1.4,1424.4771227393553,1728.7655464163245,-304.28842367696916,100,100,0.0,-5,-6,-4,-6,1,1.0,8,8.0,0.3333333333333333,2.3333333333333335
2021-04-20,2020,Bayern Munich,Bayer Leverkusen,H,2,1.4,5.0,7.0,1860.9953806406515,1599.5470921007,261.4482885399516,100,100,0.0,4,5,2,7,13,13.0,7,7.0,2.0,1.0
2021-04-20,2020,Arminia Bielefeld,FC Schalke 04,H,2,1.72,3.6,5.25,1475.3817408576544,1360.7156907467447,114.66605011090974,100,100,0.0,-2,-2,-1,-1,8,8.0,3,3.0,3.0,0.0
2021-04-20,2020,Ein Frankfurt,FC Augsburg,H,2,1.44,4.75,7.0,1672.750564006212,1464.0011897010572,208.7493743051548,100,100,0.0,2,2,2,3,10,10.0,7,7.0,2.0,1.0
2021-04-21,2020,VfB Stuttgart,VfL Wolfsburg,A,0,3.4,3.8,2.0,1523.7354660233943,1660.0860741156391,-136.35060809224478,100,100,0.0,-2,-2,-3,-2,6,6.0,9,9.0,1.0,2.0
2021-04-21,2020,Werder Bremen,FSV Mainz 05,A,0,3.1,3.25,2.37,1480.5628374838916,1496.5510478346173,-15.988210350725694,100,100,0.0,2,1,2,2,0,0.0,11,11.0,1.0,2.0
2021-04-21,2020,Borussia Dortmund,Union Berlin,H,2,1.5,4.33,6.5,1657.5027967574817,1568.3215416755754,89.18125508190633,100,100,0.0,7,8,7,8,10,10.0,8,8.0,1.0,2.0
2021-04-21,2020,TSG Hoffenheim,Borussia Monchengladbach,H,2,3.1,3.75,2.15,1533.8356794346716,1606.2686827453406,-72.43300331066894,100,100,0.0,-2,-2,-3,1,2,2.0,10,10.0,1.3333333333333333,1.3333333333333333
2021-04-23,2020,FC Augsburg,FC Cologne,A,0,2.87,3.3,2.45,1459.6621000471837,1447.4038425199778,12.258257527205842,100,100,0.0,0,0,0,0,4,4.0,4,4.0,1.6666666666666667,0.6666666666666666
2021-04-24,2020,VfL Wolfsburg,Borussia Dortmund,A,0,3.0,3.75,2.15,1673.5223936529246,1665.0569118067272,8.465481846197463,100,100,0.0,-5,-6,-4,-6,9,9.0,10,10.0,0.0,3.0
2021-04-24,2020,Bayer Leverkusen,Ein Frankfurt,H,2,2.15,3.9,2.87,1596.217377968449,1677.0896536600858,-80.87227569163679,100,100,0.0,3,3,2,2,7,7.0,12,12.0,1.0,2.0
2021-04-24,2020,SC Freiburg,TSG Hoffenheim,D,1,2.7,3.5,2.45,1539.257637468992,1547.648007800505,-8.39037033151294,100,100,0.0,-2,-2,0,-4,6,6.0,5,5.0,3.0,0.0
2021-04-24,2020,FSV Mainz 05,Bayern Munich,H,2,9.0,5.5,1.3,1515.109051862866,1864.3250947729025,-349.21604291003655,100,100,0.0,-9,-10,-6,-12,13,13.0,13,13.0,0.0,3.0
2021-04-24,2020,Union Berlin,Werder Bremen,H,2,1.85,3.4,4.5,1560.76742662633,1462.004833455643,98.76259317068707,100,100,0.0,-2,-1,-2,-2,5,5.0,0,0.0,2.0,1.0
2021-04-25,2020,RB Leipzig,VfB Stuttgart,H,2,1.36,5.5,7.0,1705.838826635702,1510.2991464861088,195.5396801495931,100,100,0.0,5,6,4,6,7,7.0,3,3.0,3.0,0.0
2021-04-25,2020,Borussia Monchengladbach,Arminia Bielefeld,H,2,1.6,4.2,5.25,1592.4563543795073,1482.1372117530311,110.31914262647615,100,100,0.0,4,4,3,3,10,10.0,8,8.0,3.0,0.0
2021-05-03,2020,FSV Mainz 05,Hertha BSC,D,1,2.45,3.25,2.9,1539.3375763303575,1479.9305561509418,59.40702017941567,100,100,0.0,-2,-1,-2,-2,13,13.0,8,8.0,2.3333333333333335,0.3333333333333333
2021-05-06,2020,Hertha BSC,SC Freiburg,H,2,2.0,3.5,3.6,1486.3672671307722,1535.3917106473189,-49.024443516546626,100,100,0.0,2,1,2,2,6,6.0,7,7.0,1.0,2.0
2021-05-07,2020,VfB Stuttgart,FC Augsburg,H,2,2.2,3.5,3.1,1505.670135631812,1439.977420206497,65.69271542531487,100,100,0.0,0,0,0,0,3,3.0,4,4.0,2.0,1.0
2021-05-08,2020,Borussia Dortmund,RB Leipzig,H,2,2.15,3.75,3.1,1684.5933164369592,1710.4678374899988,-25.874521053039643,100,100,0.0,2,2,3,2,12,12.0,7,7.0,2.3333333333333335,0.3333333333333333
2021-05-08,2020,TSG Hoffenheim,FC Schalke 04,H,2,1.2,7.0,13.0,1551.513934622178,1353.960219851368,197.55371477081007,100,100,0.0,0,0,-1,3,6,6.0,3,3.0,1.3333333333333333,1.3333333333333333
2021-05-08,2020,Werder Bremen,Bayer Leverkusen,D,1,4.33,3.75,1.8,1454.7581634825406,1610.3924010455166,-155.63423756297607,100,100,0.0,-3,-4,-2,-3,0,0.0,10,10.0,0.6666666666666666,1.6666666666666667
2021-05-08,2020,VfL Wolfsburg,Union Berlin,H,2,1.75,3.75,4.75,1653.9859890226926,1568.0140965994324,85.97189242326021,100,100,0.0,2,2,3,2,6,6.0,8,8.0,1.6666666666666667,0.6666666666666666
2021-05-08,2020,Bayern Munich,Borussia Monchengladbach,H,2,1.33,5.75,7.5,1840.096570305411,1599.343701113945,240.75286919146606,100,100,0.0,5,6,3,9,10,10.0,10,10.0,1.0,2.0
2021-05-09,2020,FC Cologne,SC Freiburg,A,0,2.0,3.6,3.6,1467.0885223606645,1522.57684528348,-55.48832292281554,100,100,0.0,0,0,0,0,6,6.0,4,4.0,2.0,1.0
2021-05-09,2020,Ein Frankfurt,FSV Mainz 05,D,1,1.75,4.2,4.0,1662.9146305830182,1532.900865350527,130.0137652324911,100,100,0.0,2,2,2,3,9,9.0,11,11.0,1.0,2.0
2021-05-09,2020,Hertha BSC,Arminia Bielefeld,D,1,1.83,3.6,4.33,1499.182132494611,1475.2498650185935,23.932267476017614,100,100,0.0,2,1,2,2,9,9.0,8,8.0,0.0,3.0
2021-05-12,2020,FC Schalke 04,Hertha BSC,A,0,7.0,4.5,1.44,1349.3764138415252,1494.0474964957348,-144.6710826542096,100,100,0.0,0,1,-1,-1,3,3.0,7,7.0,1.3333333333333333,1.3333333333333333
2021-05-15,2020,Bayer Leverkusen,Union Berlin,D,1,1.83,3.8,3.9,1608.0107988088557,1560.3550859880872,47.655712820768485,100,100,0.0,5,5,4,5,8,8.0,7,7.0,2.0,1.0
2021-05-15,2020,FC Schalke 04,Ein Frankfurt,H,2,13.0,7.0,1.2,1336.2944619285388,1654.2189106118146,-317.92444868327584,100,100,0.0,0,0,-1,-2,3,3.0,7,7.0,1.0,2.0
2021-05-15,2020,SC Freiburg,Bayern Munich,D,1,10.0,5.25,1.3,1539.4881234088666,1843.7956132934773,-304.30748988461073,100,100,0.0,-9,-10,-6,-12,7,7.0,10,10.0,0.0,3.0
2021-05-15,2020,Borussia Monchengladbach,VfB Stuttgart,A,0,1.6,4.5,4.75,1595.6446581258785,1514.0137495058116,81.63090862006698,100,100,0.0,4,4,3,3,7,7.0,3,3.0,1.3333333333333333,1.3333333333333333
2021-05-15,2020,FC Augsburg,Werder Bremen,H,2,2.45,3.25,3.0,1431.6338063324974,1457.1397657192015,-25.505959386704035,100,100,0.0,-2,-1,-2,-2,1,1.0,1,1.0,1.0,2.0
2021-05-15,2020,Hertha BSC,FC Cologne,D,1,2.5,3.4,2.8,1507.1294484087211,1450.1772442352778,56.952204173443306,100,100,0.0,2,1,2,2,9,9.0,6,6.0,1.3333333333333333,1.3333333333333333
2021-05-15,2020,Arminia Bielefeld,TSG Hoffenheim,D,1,2.62,3.75,2.4,1480.3845010174698,1556.097740632021,-75.71323961455118,100,100,0.0,-2,-2,0,-4,8,8.0,9,9.0,1.0,1.0
2021-05-16,2020,FSV Mainz 05,Borussia Dortmund,A,0,6.0,5.0,1.44,1541.5965853217306,1696.4407509172208,-154.84416559549027,100,100,0.0,-7,-8,-7,-8,11,11.0,15,15.0,1.3333333333333333,1.3333333333333333
2021-05-16,2020,RB Leipzig,VfL Wolfsburg,D,1,2.1,3.5,3.4,1698.6204030097372,1661.6449996340377,36.97540337569944,100,100,0.0,3,4,1,4,7,7.0,6,6.0,1.0,1.0
2021-05-22,2020,Union Berlin,RB Leipzig,H,2,3.0,3.75,2.2,1566.3719404655226,1692.9951681155694,-126.62322765004683,100,100,0.0,-5,-6,-4,-6,7,7.0,5,5.0,0.0,3.0
2021-05-22,2020,TSG Hoffenheim,Hertha BSC,H,2,1.9,3.8,3.8,1557.1445798222903,1500.7794662893618,56.36511353292849,100,100,0.0,0,1,-2,2,9,9.0,9,9.0,2.0,1.0
2021-05-22,2020,VfB Stuttgart,Arminia Bielefeld,A,0,2.37,3.75,2.75,1536.2113423487665,1479.3376618272005,56.87368052156603,100,100,0.0,0,0,0,0,6,6.0,6,6.0,0.0,3.0
2021-05-22,2020,Werder Bremen,Borussia Monchengladbach,A,0,2.7,4.0,2.37,1445.307537062809,1573.4470652829236,-128.1395282201147,100,100,0.0,-2,-3,-1,-1,1,1.0,6,6.0,0.3333333333333333,2.3333333333333335
2021-05-22,2020,VfL Wolfsburg,FSV Mainz 05,A,0,1.6,4.2,5.25,1667.2702345282055,1528.944925340923,138.32530918728253,100,100,0.0,2,2,3,2,7,7.0,8,8.0,3.0,0.0
2021-05-22,2020,Ein Frankfurt,SC Freiburg,H,2,2.0,4.33,3.1,1630.876709649354,1547.4154364547971,83.46127319455695,100,100,0.0,2,2,2,3,4,4.0,8,8.0,0.6666666666666666,1.6666666666666667
2021-05-22,2020,Borussia Dortmund,Bayer Leverkusen,H,2,1.5,4.5,6.0,1709.0924108980284,1601.9939443314204,107.09846656660807,100,100,0.0,2,3,3,3,15,15.0,8,8.0,1.0,2.0
2021-05-22,2020,Bayern Munich,FC Augsburg,H,2,1.12,9.0,17.0,1835.8683002475468,1443.46603498889,392.4022652586568,100,100,0.0,9,10,6,12,10,10.0,4,4.0,2.3333333333333335,0.3333333333333333
2021-05-22,2020,FC Cologne,FC Schalke 04,H,2,1.33,5.5,8.5,1456.5272263546372,1359.6366628909993,96.89056346363782,100,100,0.0,-2,-2,-1,-1,7,7.0,3,3.0,2.3333333333333335,0.3333333333333333
2021-08-13,2021,Borussia Monchengladbach,Bayern Munich,D,1,4.33,4.5,1.66,1587.2348336648247,1837.5329501866715,-250.29811652184685,100,100,0.0,-5,-6,-2,-14,6,6.0,10,10.0,1.0,2.0
2021-08-14,2021,Borussia Dortmund,Ein Frankfurt,H,2,1.4,5.5,6.5,1716.078625135528,1638.618442326657,77.46018280887097,100,100,0.0,4,4,6,8,15,15.0,7,7.0,1.3333333333333333,1.3333333333333333
2021-08-14,2021,VfB Stuttgart,Greuther Furth,H,2,1.83,4.0,4.0,1514.8641430871046,1375.0259979838438,139.83814510326079,100,100,0.0,0,0,0,0,6,6.0,6,6.0,1.5,1.5
2021-08-14,2021,FC Augsburg,TSG Hoffenheim,A,0,3.2,3.75,2.1,1441.8013850497653,1565.815416924432,-124.01403187466667,100,100,0.0,-1,-2,-1,0,3,3.0,11,11.0,1.0,2.0
2021-08-14,2021,Arminia Bielefeld,SC Freiburg,D,1,2.8,3.4,2.5,1500.6848610888624,1539.6737037774942,-38.98884268863185,100,100,0.0,0,0,0,0,8,8.0,5,5.0,1.5,1.5
2021-08-14,2021,Union Berlin,Bayer Leverkusen,D,1,2.75,3.4,2.55,1582.5191131464553,1595.0077300939208,-12.488616947465516,100,100,0.0,-4,-3,-3,-3,7,7.0,5,5.0,1.3333333333333333,1.3333333333333333
2021-08-14,2021,VfL Wolfsburg,VfL Bochum,H,2,1.53,4.5,5.75,1643.3395738201193,1500.0,143.3395738201193,100,100,0.0,3,3,2,3,7,7.0,0,0.0,1.5,1.5
2021-08-15,2021,FSV Mainz 05,RB Leipzig,H,2,8.0,5.5,1.33,1552.8755860490091,1676.8479954346367,-123.97240938562754,100,100,0.0,-5,-6,-5,-3,8,8.0,4,4.0,1.0,2.0
2021-08-15,2021,FC Cologne,Hertha BSC,H,2,2.55,3.4,2.75,1463.833289652856,1492.1086291872202,-28.27533953436432,100,100,0.0,0,0,0,0,10,10.0,8,8.0,1.6666666666666667,0.6666666666666666
2021-08-20,2021,RB Leipzig,VfB Stuttgart,H,2,1.36,5.25,7.0,1660.8146626159546,1520.8914295508387,139.92323306511594,100,100,0.0,5,6,5,3,4,4.0,9,9.0,3.0,0.0
2021-08-21,2021,Hertha BSC,VfL Wolfsburg,A,0,3.0,3.4,2.37,1480.1619790160655,1649.270367708786,-169.10838869272038,100,100,0.0,-3,-3,-2,-3,5,5.0,7,7.0,1.3333333333333333,1.3333333333333333
2021-08-21,2021,Bayer Leverkusen,Borussia Monchengladbach,H,2,2.2,3.75,3.0,1598.7079781501307,1593.3471211297624,5.3608570203682575,100,100,0.0,0,-1,-2,0,6,6.0,7,7.0,3.0,0.0
2021-08-21,2021,Greuther Furth,Arminia Bielefeld,D,1,2.55,3.4,2.7,1368.9987115201097,1498.0775432390146,-129.0788317189049,100,100,0.0,0,0,0,0,3,3.0,6,6.0,1.5,1.5
2021-08-21,2021,SC Freiburg,Borussia Dortmund,H,2,5.5,4.75,1.5,1542.281021627342,1724.020434105952,-181.73941247861012,100,100,0.0,-6,-6,-6,-12,5,5.0,15,15.0,1.0,2.0
2021-08-21,2021,Ein Frankfurt,FC Augsburg,D,1,1.57,4.5,5.25,1630.676633356233,1427.836506313065,202.84012704316797,100,100,0.0,2,2,0,4,4,4.0,3,3.0,3.0,0.0
2021-08-21,2021,VfL Bochum,FSV Mainz 05,H,2,2.62,3.5,2.62,1494.0692061113334,1568.9089188676912,-74.83971275635781,100,100,0.0,0,0,0,0,0,0.0,8,8.0,1.5,1.5
2021-08-22,2021,TSG Hoffenheim,Union Berlin,D,1,2.0,3.6,3.6,1579.7802956611322,1578.8188650902455,0.961430570886705,100,100,0.0,1,2,1,0,11,11.0,8,8.0,1.3333333333333333,1.3333333333333333
2021-08-22,2021,Bayern Munich,FC Cologne,H,2,1.11,11.0,16.0,1831.4206627217338,1475.7799398240106,355.6407228977232,100,100,0.0,9,10,7,17,8,8.0,10,10.0,3.0,0.0
2021-08-27,2021,Borussia Dortmund,TSG Hoffenheim,H,2,1.4,5.5,6.5,1705.5551591675076,1575.5401243714286,130.0150347960789,100,100,0.0,5,4,5,12,12,12.0,11,11.0,1.3333333333333333,1.3333333333333333
2021-08-28,2021,FC Cologne,VfL Bochum,H,2,1.83,3.75,4.2,1473.7495274299877,1507.9848440817516,-34.235316651763924,100,100,0.0,0,0,0,0,7,7.0,3,3.0,1.5,1.5
2021-08-28,2021,FC Augsburg,Bayer Leverkusen,A,0,4.75,3.8,1.72,1438.3696325883361,1609.2936783372722,-170.92404574893612,100,100,0.0,-4,-3,-3,-3,4,4.0,6,6.0,0.3333333333333333,2.3333333333333335
2021-08-28,2021,Arminia Bielefeld,Ein Frankfurt,D,1,3.3,3.6,2.1,1496.8250323847446,1620.1435070809619,-123.31847469621721,100,100,0.0,-2,-2,0,-4,7,7.0,5,5.0,0.5,2.0
2021-08-28,2021,VfB Stuttgart,SC Freiburg,A,0,2.15,3.6,3.2,1514.8665018156662,1560.7462965657865,-45.879794750120254,100,100,0.0,0,0,0,0,9,9.0,8,8.0,0.3333333333333333,2.3333333333333335
2021-08-28,2021,Bayern Munich,Hertha BSC,H,2,1.14,9.0,15.0,1833.4510751157568,1468.1068914110738,365.344183704683,100,100,0.0,9,10,7,17,11,11.0,4,4.0,3.0,0.0
2021-08-28,2021,FSV Mainz 05,Greuther Furth,H,2,1.66,4.0,5.0,1554.993280897273,1370.2512223743797,184.74205852289333,100,100,0.0,0,0,0,0,7,7.0,4,4.0,1.5,1.5
2021-08-29,2021,Union Berlin,Borussia Monchengladbach,H,2,2.45,3.25,2.9,1583.059036379949,1582.7614209426208,0.2976154373282043,100,100,0.0,-4,-4,-5,-3,6,6.0,4,4.0,0.6666666666666666,1.6666666666666667
2021-08-29,2021,VfL Wolfsburg,RB Leipzig,H,2,3.6,3.5,2.05,1661.3254553137776,1666.839590351127,-5.514135037349433,100,100,0.0,-2,-3,-3,0,10,10.0,4,4.0,1.0,1.0
2021-09-11,2021,RB Leipzig,Bayern Munich,A,0,3.0,3.8,2.2,1655.8211964452053,1835.378268826293,-179.55707238108766,100,100,0.0,-4,-4,-2,-14,4,4.0,11,11.0,0.6666666666666666,1.6666666666666667
2021-09-11,2021,Greuther Furth,VfL Wolfsburg,A,0,5.5,4.33,1.57,1365.3736242754683,1672.3438492196995,-306.9702249442312,100,100,0.0,-3,-3,-2,-3,1,1.0,10,10.0,0.5,2.0
2021-09-11,2021,Union Berlin,FC Augsburg,D,1,1.7,3.75,5.0,1593.8452484424877,1426.3898338357549,167.4554146067328,100,100,0.0,0,0,0,0,9,9.0,4,4.0,1.0,2.0
2021-09-11,2021,Bayer Leverkusen,Borussia Dortmund,A,0,3.1,3.8,2.15,1621.2734770898535,1711.8594028053549,-90.58592571550139,100,100,0.0,-2,-3,-3,-9,8,8.0,12,12.0,2.0,1.0
2021-09-11,2021,TSG Hoffenheim,FSV Mainz 05,A,0,2.0,3.75,3.5,1569.2358807335813,1559.8708789961845,9.365001737396824,100,100,0.0,1,2,1,0,8,8.0,9,9.0,1.3333333333333333,1.3333333333333333
2021-09-11,2021,SC Freiburg,FC Cologne,D,1,2.2,3.6,3.1,1578.0641368737001,1485.943668583067,92.1204682906332,100,100,0.0,0,0,0,0,8,8.0,10,10.0,2.0,1.0
2021-09-12,2021,Ein Frankfurt,VfB Stuttgart,D,1,2.0,3.75,3.5,1619.1382765200108,1497.5486615077525,121.58961501225826,100,100,0.0,2,2,0,4,5,5.0,6,6.0,1.6666666666666667,0.6666666666666666
2021-09-12,2021,VfL Bochum,Hertha BSC,A,0,2.8,3.4,2.5,1495.7907029286723,1466.1796977005376,29.611005228134673,100,100,0.0,0,0,0,0,3,3.0,1,1.0,1.5,1.5
2021-09-12,2021,Borussia Monchengladbach,Arminia Bielefeld,H,2,1.44,4.75,7.0,1571.9752088800822,1497.8302629456957,74.14494593438644,100,100,0.0,4,4,5,3,4,4.0,7,7.0,3.0,0.0
2021-09-17,2021,Hertha BSC,Greuther Furth,H,2,1.75,3.75,4.2,1486.529553197405,1358.3834529195942,128.14610027781077,100,100,0.0,0,0,0,0,3,3.0,1,1.0,1.5,1.5
2021-09-18,2021,FC Augsburg,Borussia Monchengladbach,H,2,4.2,4.0,1.8,1436.0920183861288,1580.0289563425981,-143.93693795646936,100,100,0.0,-4,-4,-5,-3,2,2.0,7,7.0,1.3333333333333333,1.3333333333333333
2021-09-18,2021,Bayern Munich,VfL Bochum,H,2,1.06,13.0,29.0,1847.00231309085,1475.440847431805,371.5614656590451,100,100,0.0,9,10,7,17,13,13.0,3,3.0,1.5,1.5
2021-09-18,2021,Arminia Bielefeld,TSG Hoffenheim,D,1,3.5,3.6,2.05,1489.7765154831798,1549.6642203574586,-59.887704874278825,100,100,0.0,-1,-2,-1,0,6,6.0,7,7.0,1.0,1.0
2021-09-18,2021,FC Cologne,RB Leipzig,D,1,4.5,4.0,1.72,1493.484779548464,1644.1971521806481,-150.71237263218404,100,100,0.0,-5,-6,-5,-3,10,10.0,3,3.0,1.3333333333333333,1.3333333333333333
2021-09-18,2021,FSV Mainz 05,SC Freiburg,D,1,2.0,3.6,3.6,1579.4425393723072,1570.523025908303,8.91951346400424,100,100,0.0,0,0,0,0,12,12.0,8,8.0,2.0,1.0
2021-09-19,2021,Borussia Dortmund,Union Berlin,H,2,1.36,5.25,8.0,1727.2657416256857,1584.1430638921138,143.1226777335719,100,100,0.0,6,6,6,12,12,12.0,9,9.0,2.0,1.0
2021-09-19,2021,VfL Wolfsburg,Ein Frankfurt,D,1,1.8,3.8,4.33,1679.3340205755735,1610.687421966848,68.64659860872553,100,100,0.0,1,1,2,-1,12,12.0,6,6.0,1.0,2.0
2021-09-19,2021,VfB Stuttgart,Bayer Leverkusen,A,0,3.3,3.75,2.1,1505.9995160609153,1605.8671382695227,-99.86762220860737,100,100,0.0,-4,-3,-3,-3,4,4.0,7,7.0,0.3333333333333333,2.3333333333333335
2021-09-24,2021,Greuther Furth,Bayern Munich,A,0,23.0,13.0,1.07,1352.0254709322803,1848.8659620441147,-496.84049111183435,100,100,0.0,-9,-10,-7,-17,1,1.0,13,13.0,0.0,3.0
2021-09-25,2021,Borussia Monchengladbach,Borussia Dortmund,H,2,4.33,4.2,1.72,1563.142093964841,1733.2024787733087,-170.0603848084677,100,100,0.0,-2,-2,-1,-9,4,4.0,12,12.0,1.0,2.0
2021-09-25,2021,Union Berlin,Arminia Bielefeld,H,2,1.66,3.8,5.5,1578.2063267444908,1488.0523821750808,90.15394456940999,100,100,0.0,0,0,0,0,6,6.0,4,4.0,2.0,0.5
2021-09-25,2021,RB Leipzig,Hertha BSC,H,2,1.3,5.5,10.0,1642.0231402006266,1492.887535184719,149.1356050159077,100,100,0.0,5,6,5,3,4,4.0,6,6.0,2.3333333333333335,0.3333333333333333
2021-09-25,2021,TSG Hoffenheim,VfL Wolfsburg,H,2,2.75,3.5,2.5,1551.3883536655576,1672.5756058123836,-121.18725214682604,100,100,0.0,-2,-1,-1,-3,5,5.0,13,13.0,1.0,2.0
2021-09-25,2021,Ein Frankfurt,FC Cologne,D,1,2.0,3.75,3.5,1617.4458367300379,1495.6587915284856,121.78704520155225,100,100,0.0,2,2,0,4,4,4.0,8,8.0,1.6666666666666667,0.6666666666666666
2021-09-25,2021,Bayer Leverkusen,FSV Mainz 05,H,2,1.72,4.0,4.5,1620.8728534779168,1574.8883325178806,45.98452096003621,100,100,0.0,4,3,3,3,10,10.0,10,10.0,2.3333333333333335,0.3333333333333333
2021-09-26,2021,VfL Bochum,VfB Stuttgart,D,1,3.0,3.5,2.3,1473.5771984785404,1490.9938008525212,-17.416602373980822,100,100,0.0,0,0,0,0,3,3.0,4,4.0,1.5,1.5
2021-09-26,2021,SC Freiburg,FC Augsburg,H,2,1.85,3.6,4.33,1575.0772327627296,1452.9788807638859,122.09835199884378,100,100,0.0,0,0,0,0,9,9.0,5,5.0,1.6666666666666667,0.6666666666666666
2021-10-01,2021,FC Cologne,Greuther Furth,H,2,1.4,5.0,7.0,1504.1154624546643,1349.2527682298798,154.8626942247845,100,100,0.0,0,0,0,0,6,6.0,1,1.0,1.5,1.5
2021-10-02,2021,RB Leipzig,VfL Bochum,H,2,1.2,7.0,12.0,1647.7967743263953,1470.077449850505,177.7193244758903,100,100,0.0,5,6,5,3,7,7.0,4,4.0,1.5,1.5
2021-10-02,2021,VfB Stuttgart,TSG Hoffenheim,H,2,2.62,3.75,2.45,1494.4935494805566,1567.301948664867,-72.80839918431047,100,100,0.0,-1,-2,-1,0,2,2.0,5,5.0,1.6666666666666667,0.6666666666666666
2021-10-02,2021,VfL Wolfsburg,Borussia Monchengladbach,A,0,2.1,3.6,3.4,1656.6620108130742,1581.1265017747157,75.53550903835844,100,100,0.0,-1,-1,-3,0,10,10.0,6,6.0,0.6666666666666666,1.6666666666666667
2021-10-02,2021,Borussia Dortmund,FC Augsburg,H,2,1.22,6.5,12.0,1715.218070963434,1446.4447153452245,268.7733556182095,100,100,0.0,6,6,6,12,9,9.0,5,5.0,2.0,1.0
2021-10-02,2021,Hertha BSC,SC Freiburg,A,0,2.9,3.4,2.4,1487.1139010589502,1581.611398181391,-94.49749712244079,100,100,0.0,0,0,0,0,6,6.0,11,11.0,1.0,2.0
2021-10-03,2021,FSV Mainz 05,Union Berlin,A,0,2.05,3.5,3.6,1565.8445284063662,1585.7288390540637,-19.884310647697475,100,100,0.0,0,0,0,0,7,7.0,8,8.0,1.3333333333333333,1.3333333333333333
2021-10-03,2021,Bayern Munich,Ein Frankfurt,A,0,1.16,8.0,15.0,1851.6386647465151,1608.9891658038591,242.649498942656,100,100,0.0,7,8,7,13,15,15.0,5,5.0,2.0,1.0
2021-10-03,2021,Arminia Bielefeld,Bayer Leverkusen,A,0,5.0,4.0,1.61,1480.5298698655079,1629.9166575894312,-149.38678772392336,100,100,0.0,-4,-3,-3,-3,3,3.0,12,12.0,1.5,1.5
2021-10-15,2021,TSG Hoffenheim,FC Cologne,H,2,2.0,3.9,3.3,1553.4735133900606,1509.7369417286834,43.736571661377184,100,100,0.0,1,2,1,0,4,4.0,9,9.0,3.0,0.0
2021-10-16,2021,Union Berlin,VfL Wolfsburg,H,2,2.7,3.25,2.7,1604.1276822842926,1634.6686847180076,-30.541002433714993,100,100,0.0,-3,-3,-2,-3,10,10.0,7,7.0,0.6666666666666666,1.6666666666666667
2021-10-16,2021,Ein Frankfurt,Hertha BSC,A,0,1.75,3.8,4.5,1635.3253835339767,1471.8763587735593,163.4490247604174,100,100,0.0,2,2,0,4,7,7.0,6,6.0,3.0,0.0
2021-10-16,2021,SC Freiburg,RB Leipzig,D,1,4.0,4.0,1.85,1596.8489404667819,1652.841755893614,-55.99281542683207,100,100,0.0,-5,-6,-5,-3,11,11.0,7,7.0,0.3333333333333333,2.3333333333333335
2021-10-16,2021,Greuther Furth,VfL Bochum,A,0,2.37,3.5,2.9,1343.6312889558608,1465.0324682832863,-121.40117932742555,100,100,0.0,0,0,0,0,0,0.0,1,1.0,1.5,1.5
2021-10-16,2021,Borussia Monchengladbach,VfB Stuttgart,D,1,1.5,4.75,6.0,1603.1198278697823,1508.321984755363,94.79784311441927,100,100,0.0,4,4,5,3,9,9.0,5,5.0,0.3333333333333333,2.3333333333333335
2021-10-16,2021,Borussia Dortmund,FSV Mainz 05,H,2,1.4,5.0,7.5,1718.4249983869315,1547.4456851761372,170.97931321079432,100,100,0.0,6,6,6,12,12,12.0,7,7.0,1.3333333333333333,1.3333333333333333
2021-10-17,2021,Bayer Leverkusen,Bayern Munich,A,0,4.75,4.6,1.6,1642.798704267319,1825.3024470163975,-182.50374274907858,100,100,0.0,-5,-7,-4,-14,12,12.0,12,12.0,0.0,3.0
2021-10-17,2021,FC Augsburg,Arminia Bielefeld,D,1,2.25,3.2,3.4,1443.237787921727,1467.6478231876201,-24.410035265893157,100,100,0.0,0,0,0,0,4,4.0,2,2.0,2.0,0.5
2021-10-22,2021,FSV Mainz 05,FC Augsburg,H,2,1.61,3.8,5.75,1542.2357791471072,1440.0248421679096,102.21093697919764,100,100,0.0,0,0,0,0,4,4.0,5,5.0,0.0,3.0
2021-10-23,2021,Hertha BSC,Borussia Monchengladbach,H,2,3.75,3.5,2.0,1496.4771867758375,1595.4926759464859,-99.01548917064838,100,100,0.0,-4,-4,-5,-3,9,9.0,10,10.0,0.6666666666666666,1.6666666666666667
2021-10-23,2021,RB Leipzig,Greuther Furth,H,2,1.12,8.5,21.0,1654.731602996807,1329.5540853261416,325.17751767066534,100,100,0.0,5,6,5,3,8,8.0,0,0.0,1.5,1.5
2021-10-23,2021,VfL Wolfsburg,SC Freiburg,A,0,2.1,3.3,3.6,1622.6281477792134,1594.9590933635889,27.669054415624487,100,100,0.0,3,3,2,3,4,4.0,9,9.0,1.6666666666666667,0.6666666666666666
2021-10-23,2021,Arminia Bielefeld,Borussia Dortmund,A,0,6.0,4.5,1.5,1470.8607689414375,1723.6349044159615,-252.77413547452397,100,100,0.0,-6,-6,-6,-12,2,2.0,12,12.0,0.0,3.0
2021-10-23,2021,Bayern Munich,TSG Hoffenheim,H,2,1.14,9.0,15.0,1836.8059503334105,1562.5992763182799,274.2066740151306,100,100,0.0,8,8,6,17,12,12.0,7,7.0,2.0,1.0
2021-10-24,2021,VfB Stuttgart,Union Berlin,D,1,2.37,3.5,2.9,1515.9491366786594,1616.168219223087,-100.21908254442747,100,100,0.0,0,0,0,0,6,6.0,10,10.0,0.5,2.0
2021-10-24,2021,VfL Bochum,Ein Frankfurt,H,2,3.2,3.5,2.2,1479.1096719130055,1610.7245555316986,-131.61488361869306,100,100,0.0,-2,-2,0,-4,4,4.0,6,6.0,1.5,1.5
2021-10-24,2021,FC Cologne,Bayer Leverkusen,D,1,3.3,3.8,2.05,1500.6111788004641,1631.295200950306,-130.6840221498419,100,100,0.0,-4,-3,-3,-3,6,6.0,9,9.0,0.0,3.0
2021-10-29,2021,TSG Hoffenheim,Hertha BSC,H,2,1.66,4.0,4.75,1559.4808338042885,1511.4346821403603,48.046151663928185,100,100,0.0,1,2,1,0,7,7.0,9,9.0,2.0,1.0
2021-10-30,2021,Union Berlin,Bayern Munich,A,0,9.0,5.75,1.3,1616.158760670573,1839.9243928474016,-223.7656321768286,100,100,0.0,-9,-10,-7,-17,10,10.0,12,12.0,0.6666666666666666,1.6666666666666667
2021-10-30,2021,Bayer Leverkusen,VfL Wolfsburg,A,0,1.9,3.75,4.0,1629.9738986790587,1602.3516135407194,27.622285138339294,100,100,0.0,1,0,1,0,10,10.0,1,1.0,0.3333333333333333,2.3333333333333335
2021-10-30,2021,Ein Frankfurt,RB Leipzig,D,1,4.2,4.0,1.75,1594.3633860788323,1657.1202090985464,-62.75682301971415,100,100,0.0,-3,-4,-5,1,5,5.0,11,11.0,1.6666666666666667,0.6666666666666666
2021-10-30,2021,Borussia Dortmund,FC Cologne,H,2,1.45,5.0,6.0,1732.4337281566663,1501.9324810717114,230.5012470849549,100,100,0.0,6,6,6,12,12,12.0,6,6.0,1.3333333333333333,1.3333333333333333
2021-10-30,2021,SC Freiburg,Greuther Furth,H,2,1.36,5.0,8.0,1615.2356276020828,1327.1654792244021,288.07014837768065,100,100,0.0,0,0,0,0,11,11.0,0,0.0,3.0,0.0
2021-10-30,2021,Arminia Bielefeld,FSV Mainz 05,A,0,3.75,3.5,2.0,1462.0619452007327,1549.3739085878385,-87.31196338710583,100,100,0.0,0,0,0,0,2,2.0,4,4.0,2.0,0.5
2021-10-31,2021,Borussia Monchengladbach,VfL Bochum,H,2,1.36,5.0,8.5,1580.535180581963,1495.4708413658718,85.06433921609118,100,100,0.0,4,4,5,3,7,7.0,7,7.0,1.5,1.5
2021-10-31,2021,FC Augsburg,VfB Stuttgart,H,2,3.0,3.3,2.4,1432.8867127271783,1515.9585952311734,-83.07188250399508,100,100,0.0,0,0,0,0,4,4.0,6,6.0,1.0,2.0
2021-11-05,2021,FSV Mainz 05,Borussia Monchengladbach,D,1,2.62,3.6,2.55,1564.9214517743903,1588.224026889282,-23.302575114891624,100,100,0.0,-4,-4,-5,-3,6,6.0,10,10.0,1.0,2.0
2021-11-06,2021,Bayern Munich,SC Freiburg,H,2,1.16,8.0,15.0,1849.7961091283128,1618.138016684211,231.65809244410184,100,100,0.0,9,10,7,17,12,12.0,13,13.0,2.3333333333333335,0.3333333333333333
2021-11-06,2021,VfL Bochum,TSG Hoffenheim,H,2,3.8,3.8,1.9,1487.7819950585529,1568.4498413356928,-80.66784627713992,100,100,0.0,-1,-2,-1,0,7,7.0,9,9.0,1.5,1.5
2021-11-06,2021,VfB Stuttgart,Arminia Bielefeld,A,0,1.8,3.8,4.33,1501.6888630345222,1446.5144020141809,55.17446102034137,100,100,0.0,0,0,0,0,6,6.0,1,1.0,0.0,3.0
2021-11-06,2021,RB Leipzig,Borussia Dortmund,H,2,1.9,3.8,3.8,1658.7219958020437,1736.3284403317043,-77.60644452966062,100,100,0.0,-1,0,-1,-9,11,11.0,12,12.0,0.0,3.0
2021-11-06,2021,VfL Wolfsburg,FC Augsburg,H,2,1.5,4.2,6.5,1622.6263783610582,1447.1564449238294,175.46993343722875,100,100,0.0,3,3,2,3,3,3.0,4,4.0,2.3333333333333335,0.3333333333333333
2021-11-07,2021,Hertha BSC,Bayer Leverkusen,D,1,3.5,3.75,2.0,1502.465674608956,1609.69913385872,-107.23345924976388,100,100,0.0,-4,-3,-3,-3,6,6.0,7,7.0,2.3333333333333335,0.3333333333333333
2021-11-07,2021,FC Cologne,Union Berlin,D,1,2.05,3.5,3.6,1498.0377688966735,1606.2870443896618,-108.24927549298832,100,100,0.0,0,0,0,0,5,5.0,10,10.0,0.0,3.0
2021-11-07,2021,Greuther Furth,Ein Frankfurt,A,0,3.75,3.75,1.95,1324.263090142274,1592.761599375335,-268.498509233061,100,100,0.0,-2,-2,0,-4,0,0.0,5,5.0,0.5,2.0
2021-11-19,2021,FC Augsburg,Bayern Munich,H,2,15.0,8.0,1.16,1442.0568899745206,1853.6683078182052,-411.61141784368465,100,100,0.0,-9,-10,-7,-17,4,4.0,12,12.0,0.0,3.0
2021-11-20,2021,Borussia Monchengladbach,Greuther Furth,H,2,1.28,6.0,10.0,1591.4825606012676,1316.0164083150114,275.46615228625615,100,100,0.0,4,4,5,3,8,8.0,0,0.0,3.0,0.0
2021-11-20,2021,Union Berlin,Hertha BSC,H,2,2.0,3.5,3.8,1605.9309614484312,1502.7779230345882,103.15303841384298,100,100,0.0,0,0,0,0,8,8.0,7,7.0,0.3333333333333333,2.3333333333333335
2021-11-20,2021,TSG Hoffenheim,RB Leipzig,H,2,4.0,4.33,1.75,1554.2836172032269,1672.75652487646,-118.47290767323307,100,100,0.0,-4,-4,-4,-3,6,6.0,11,11.0,0.3333333333333333,2.3333333333333335
2021-11-20,2021,Borussia Dortmund,VfB Stuttgart,H,2,1.33,5.5,8.0,1722.293911257288,1480.4020138414562,241.89189741583186,100,100,0.0,6,6,6,12,12,12.0,5,5.0,2.0,1.0
2021-11-20,2021,Arminia Bielefeld,VfL Wolfsburg,D,1,4.2,3.5,1.9,1467.8012512072469,1627.725933310367,-159.92468210312018,100,100,0.0,-3,-3,-2,-3,4,4.0,6,6.0,0.0,3.0
2021-11-20,2021,Bayer Leverkusen,VfL Bochum,H,2,1.36,5.0,9.0,1609.3868854330879,1501.9482191910188,107.43866624206908,100,100,0.0,4,3,3,3,5,5.0,9,9.0,1.5,1.5
2021-11-21,2021,SC Freiburg,Ein Frankfurt,A,0,2.0,3.6,3.6,1614.2658179943185,1601.0082812025976,13.257536791720895,100,100,0.0,-2,-2,0,-4,10,10.0,7,7.0,0.6666666666666666,1.6666666666666667
2021-11-21,2021,FSV Mainz 05,FC Cologne,D,1,2.1,3.6,3.4,1561.6629180624047,1498.393851837904,63.26906622450065,100,100,0.0,0,0,0,0,7,7.0,5,5.0,1.3333333333333333,1.3333333333333333
2021-11-26,2021,VfB Stuttgart,FSV Mainz 05,H,2,2.9,3.3,2.45,1476.7241816487037,1555.090823439991,-78.3666417912873,100,100,0.0,0,0,0,0,2,2.0,8,8.0,2.0,1.0
2021-11-27,2021,Bayern Munich,Arminia Bielefeld,H,2,1.07,12.0,27.0,1827.9466068840886,1470.3630547964772,357.58355208761145,100,100,0.0,9,10,7,17,12,12.0,5,5.0,2.0,0.5
2021-11-27,2021,VfL Wolfsburg,Borussia Dortmund,A,0,2.9,3.5,2.37,1625.1641297211368,1725.9717434500405,-100.80761372890379,100,100,0.0,-3,-3,-4,-9,7,7.0,12,12.0,0.0,3.0
2021-11-27,2021,Hertha BSC,FC Augsburg,D,1,2.05,3.25,3.8,1495.6692520810482,1467.7785909086372,27.890661172411,100,100,0.0,0,0,0,0,7,7.0,7,7.0,3.0,0.0
2021-11-27,2021,Greuther Furth,TSG Hoffenheim,A,0,4.75,4.33,1.65,1312.9181666738805,1570.0804060450894,-257.1622393712089,100,100,0.0,-1,-2,-1,0,0,0.0,9,9.0,0.5,2.0
2021-11-27,2021,FC Cologne,Borussia Monchengladbach,H,2,2.7,3.8,2.37,1504.9659464603178,1594.5808022423985,-89.61485578208067,100,100,0.0,-4,-4,-5,-3,3,3.0,8,8.0,1.0,2.0
2021-11-27,2021,VfL Bochum,SC Freiburg,H,2,3.2,3.4,2.25,1494.9724948459098,1594.5422389011326,-99.56974405522283,100,100,0.0,0,0,0,0,9,9.0,7,7.0,1.5,1.5
2021-11-28,2021,Ein Frankfurt,Union Berlin,H,2,2.3,3.5,3.0,1620.7318602957835,1613.0396324019712,7.692227893812287,100,100,0.0,2,2,0,4,7,7.0,8,8.0,1.3333333333333333,1.3333333333333333
2021-11-28,2021,RB Leipzig,Bayer Leverkusen,A,0,1.85,4.0,3.8,1656.9597360345974,1616.3626097781969,40.59712625640054,100,100,0.0,1,3,2,0,8,8.0,5,5.0,1.6666666666666667,0.6666666666666666
2021-12-03,2021,Union Berlin,RB Leipzig,H,2,3.5,3.7,2.0,1602.5456859719588,1636.2006571596164,-33.654971187657566,100,100,0.0,-5,-6,-5,-3,5,5.0,7,7.0,1.0,2.0
2021-12-04,2021,Borussia Dortmund,Bayern Munich,A,0,4.0,4.33,1.75,1740.936876025345,1829.9559504621957,-89.01907443685059,100,100,0.0,-3,-4,-1,-5,12,12.0,12,12.0,0.0,3.0
2021-12-04,2021,FSV Mainz 05,VfL Wolfsburg,H,2,2.5,3.3,2.87,1541.0236054288246,1610.1989971458322,-69.17539171700764,100,100,0.0,-3,-3,-2,-3,8,8.0,7,7.0,1.0,2.0
2021-12-04,2021,FC Augsburg,VfL Bochum,A,0,2.3,3.4,3.1,1473.0635068983106,1509.953919213069,-36.89041231475835,100,100,0.0,0,0,0,0,7,7.0,9,9.0,1.5,1.5
2021-12-04,2021,TSG Hoffenheim,Ein Frankfurt,H,2,1.9,3.8,3.75,1578.7229829504533,1631.2258067257958,-52.50282377534245,100,100,0.0,-1,0,1,-4,9,9.0,10,10.0,0.0,3.0
2021-12-04,2021,Arminia Bielefeld,FC Cologne,D,1,3.4,3.5,2.1,1468.35371121837,1519.517717226949,-51.16400600857878,100,100,0.0,0,0,0,0,4,4.0,6,6.0,1.5,1.5
2021-12-04,2021,Bayer Leverkusen,Greuther Furth,H,2,1.22,6.5,12.0,1637.121688653178,1304.2755897685165,332.8460988846614,100,100,0.0,4,3,3,3,8,8.0,0,0.0,2.0,0.5
2021-12-05,2021,VfB Stuttgart,Hertha BSC,D,1,2.2,3.4,3.3,1490.7913996598702,1490.3843360913747,0.40706356849545955,100,100,0.0,0,0,0,0,4,4.0,5,5.0,1.3333333333333333,1.3333333333333333
2021-12-05,2021,Borussia Monchengladbach,SC Freiburg,A,0,1.83,3.75,4.2,1580.0290314757674,1579.5608145339734,0.46821694179402584,100,100,0.0,4,4,5,3,7,7.0,6,6.0,1.3333333333333333,1.3333333333333333
2021-12-10,2021,FC Cologne,FC Augsburg,A,0,1.65,4.0,5.0,1521.6123597587039,1455.3684229998546,66.24393675884926,100,100,0.0,0,0,0,0,6,6.0,7,7.0,1.3333333333333333,1.3333333333333333
2021-12-11,2021,Bayern Munich,FSV Mainz 05,H,2,1.2,7.5,12.0,1845.429877333999,1554.696280876993,290.7335964570061,100,100,0.0,9,10,7,17,12,12.0,8,8.0,2.0,1.0
2021-12-11,2021,VfL Bochum,Borussia Dortmund,D,1,6.0,4.5,1.5,1527.649003111525,1725.4629491535418,-197.81394604201682,100,100,0.0,-6,-6,-6,-12,9,9.0,9,9.0,1.5,1.5
2021-12-11,2021,SC Freiburg,TSG Hoffenheim,A,0,2.3,3.5,3.0,1598.7813857446467,1591.6850449257715,7.0963408188752055,100,100,0.0,-1,-2,-1,0,6,6.0,12,12.0,2.3333333333333335,0.3333333333333333
2021-12-11,2021,Hertha BSC,Arminia Bielefeld,H,2,2.0,3.3,4.0,1494.6024760028686,1466.2590686866151,28.343407316253433,100,100,0.0,0,0,0,0,3,3.0,5,5.0,0.5,2.0
2021-12-11,2021,RB Leipzig,Borussia Monchengladbach,H,2,1.75,4.2,4.2,1624.030687256041,1560.808460265094,63.222226990946865,100,100,0.0,1,2,0,0,4,4.0,7,7.0,1.3333333333333333,1.3333333333333333
2021-12-11,2021,VfL Wolfsburg,VfB Stuttgart,A,0,1.8,3.75,4.33,1596.526321697664,1486.5732597483764,109.95306194928753,100,100,0.0,3,3,2,3,7,7.0,4,4.0,2.0,1.0
2021-12-12,2021,Greuther Furth,Union Berlin,H,2,4.75,4.0,1.7,1301.982247417239,1614.7156558755344,-312.73340845829534,100,100,0.0,0,0,0,0,0,0.0,7,7.0,1.5,1.5
2021-12-12,2021,Ein Frankfurt,Bayer Leverkusen,H,2,3.2,3.8,2.1,1618.2637447504776,1639.4150310044554,-21.151286253977787,100,100,0.0,-2,-1,-3,1,10,10.0,10,10.0,1.0,2.0
2021-12-14,2021,VfB Stuttgart,Bayern Munich,A,0,9.0,6.0,1.28,1509.674724809317,1848.292319798692,-338.617594989375,100,100,0.0,-9,-10,-7,-17,7,7.0,12,12.0,0.0,3.0
2021-12-14,2021,Arminia Bielefeld,VfL Bochum,H,2,2.3,3.4,3.1,1456.5610970155908,1531.7638273821985,-75.20273036660774,100,100,0.0,0,0,0,0,5,5.0,10,10.0,1.5,1.5
2021-12-14,2021,FSV Mainz 05,Hertha BSC,H,2,1.9,3.5,4.2,1551.8338384122999,1504.300447673893,47.53339073840698,100,100,0.0,0,0,0,0,5,5.0,6,6.0,1.6666666666666667,0.6666666666666666
2021-12-14,2021,VfL Wolfsburg,FC Cologne,A,0,2.1,3.5,3.4,1573.4248566367232,1499.9368753364683,73.48798130025489,100,100,0.0,3,3,2,3,4,4.0,6,6.0,1.3333333333333333,1.3333333333333333
2021-12-15,2021,Bayer Leverkusen,TSG Hoffenheim,D,1,1.8,4.0,4.0,1627.7619402570688,1611.1676815605967,16.594258696472025,100,100,0.0,3,1,2,3,10,10.0,12,12.0,1.3333333333333333,1.3333333333333333
2021-12-15,2021,FC Augsburg,RB Leipzig,D,1,6.5,4.75,1.45,1477.0439074220901,1632.4602267457092,-155.41631932361906,100,100,0.0,-5,-6,-5,-3,7,7.0,6,6.0,0.0,3.0
2021-12-15,2021,Borussia Dortmund,Greuther Furth,H,2,1.1,10.0,21.0,1721.3481248828682,1325.1683664811915,396.17975840167674,100,100,0.0,6,6,6,12,7,7.0,3,3.0,3.0,0.0
2021-12-15,2021,Union Berlin,SC Freiburg,D,1,2.4,3.4,2.9,1591.529536811582,1579.2987491098215,12.230787701760391,100,100,0.0,0,0,0,0,7,7.0,3,3.0,1.3333333333333333,1.3333333333333333
2021-12-15,2021,Borussia Monchengladbach,Ein Frankfurt,A,0,1.95,3.8,3.6,1552.3789207754257,1629.9168354978642,-77.53791472243847,100,100,0.0,2,2,5,-1,4,4.0,12,12.0,2.3333333333333335,0.3333333333333333
2021-12-17,2021,Bayern Munich,VfL Wolfsburg,H,2,1.18,8.0,13.0,1854.35351728564,1551.500904606869,302.85261267877104,100,100,0.0,6,7,5,14,12,12.0,1,1.0,3.0,0.0
2021-12-18,2021,TSG Hoffenheim,Borussia Monchengladbach,D,1,1.95,3.8,3.5,1616.0206377192699,1536.4105034749066,79.61013424436328,100,100,0.0,-3,-2,-4,-3,13,13.0,3,3.0,2.3333333333333335,0.3333333333333333
2021-12-18,2021,VfL Bochum,Union Berlin,A,0,2.9,3.4,2.37,1517.8325974147212,1586.8459272871796,-69.01332987245837,100,100,0.0,0,0,0,0,7,7.0,7,7.0,1.5,1.5
2021-12-18,2021,Ein Frankfurt,FSV Mainz 05,H,2,2.25,3.5,3.0,1645.8852527983834,1560.8214159045365,85.06383689384688,100,100,0.0,2,2,0,4,12,12.0,7,7.0,1.3333333333333333,1.3333333333333333
2021-12-18,2021,Greuther Furth,FC Augsburg,D,1,2.9,3.4,2.37,1323.5375771685553,1479.4163376335487,-155.87876046499332,100,100,0.0,0,0,0,0,3,3.0,8,8.0,0.5,2.0
2021-12-18,2021,Hertha BSC,Borussia Dortmund,H,2,5.25,4.33,1.57,1495.3128701816563,1722.9789141955043,-227.66604401384802,100,100,0.0,-6,-6,-6,-12,5,5.0,10,10.0,0.0,3.0
2021-12-18,2021,RB Leipzig,Arminia Bielefeld,A,0,1.2,7.0,13.0,1630.0877965342506,1470.492326983068,159.59546955118253,100,100,0.0,5,6,5,3,4,4.0,5,5.0,3.0,0.0
2021-12-19,2021,FC Cologne,VfB Stuttgart,H,2,1.9,3.9,3.6,1521.8608273663226,1503.613527322369,18.2473000439536,100,100,0.0,0,0,0,0,8,8.0,7,7.0,0.3333333333333333,2.3333333333333335
2021-12-19,2021,SC Freiburg,Bayer Leverkusen,H,2,2.75,3.5,2.45,1583.9823586342238,1622.9089840983956,-38.92662546417182,100,100,0.0,-4,-3,-3,-3,4,4.0,10,10.0,1.0,2.0
2022-01-07,2021,Bayern Munich,Borussia Monchengladbach,A,0,1.33,5.75,8.0,1857.040349467232,1543.5407528304995,313.4995966367326,100,100,0.0,5,6,2,14,15,15.0,1,1.0,1.3333333333333333,1.3333333333333333
2022-01-08,2021,SC Freiburg,Arminia Bielefeld,D,1,1.6,4.0,5.75,1596.3724358902994,1494.9942429620894,101.37819292820996,100,100,0.0,0,0,0,0,7,7.0,7,7.0,1.3333333333333333,1.3333333333333333
2022-01-08,2021,Greuther Furth,VfB Stuttgart,D,1,3.75,3.6,1.95,1325.9294690268641,1493.5302821488535,-167.6008131219894,100,100,0.0,0,0,0,0,4,4.0,7,7.0,1.0,2.0
2022-01-08,2021,TSG Hoffenheim,FC Augsburg,H,2,1.53,4.33,5.75,1608.890388363677,1477.0244457752399,131.86594258843706,100,100,0.0,1,2,1,0,11,11.0,6,6.0,2.0,1.0
2022-01-08,2021,Bayer Leverkusen,Union Berlin,D,1,1.8,3.8,4.2,1610.5189068423201,1603.1801935382643,7.338713304055773,100,100,0.0,4,3,3,3,7,7.0,7,7.0,0.6666666666666666,1.6666666666666667
2022-01-08,2021,RB Leipzig,FSV Mainz 05,H,2,1.8,3.75,4.33,1605.5858805552293,1553.1325530623633,52.45332749286604,100,100,0.0,5,6,5,3,4,4.0,6,6.0,1.0,2.0
2022-01-08,2021,Ein Frankfurt,Borussia Dortmund,A,0,3.5,3.9,1.95,1653.5741156405566,1702.7024938442437,-49.128378203687134,100,100,0.0,-4,-4,-6,-8,12,12.0,7,7.0,1.3333333333333333,1.3333333333333333
2022-01-09,2021,VfL Bochum,VfL Wolfsburg,H,2,3.5,3.4,2.1,1501.4983311636365,1548.814072425277,-47.31574126164037,100,100,0.0,-3,-3,-2,-3,7,7.0,0,0.0,0.0,3.0
2022-01-09,2021,Hertha BSC,FC Cologne,A,0,2.75,3.5,2.5,1515.589290532917,1531.944072539838,-16.35478200692114,100,100,0.0,0,0,0,0,8,8.0,10,10.0,0.6666666666666666,1.6666666666666667
2022-01-14,2021,Borussia Dortmund,SC Freiburg,H,2,1.44,5.0,5.75,1719.8832362930646,1588.5366741513533,131.34656214171127,100,100,0.0,6,6,6,12,7,7.0,8,8.0,1.0,2.0
2022-01-15,2021,Borussia Monchengladbach,Bayer Leverkusen,A,0,2.55,3.8,2.45,1571.0001219981993,1606.0267426458379,-35.02662064763854,100,100,0.0,0,1,2,0,4,4.0,5,5.0,0.0,3.0
2022-01-15,2021,VfL Wolfsburg,Hertha BSC,D,1,1.95,3.6,3.8,1536.071359878016,1497.0462259653827,39.02513391263324,100,100,0.0,3,3,2,3,0,0.0,7,7.0,2.3333333333333335,0.3333333333333333
2022-01-15,2021,Union Berlin,TSG Hoffenheim,H,2,2.87,3.5,2.4,1607.6723577347466,1615.141741277936,-7.469383543189451,100,100,0.0,-1,-2,-1,0,8,8.0,11,11.0,1.6666666666666667,0.6666666666666666
2022-01-15,2021,FC Cologne,Bayern Munich,A,0,8.0,5.75,1.33,1550.4871371073723,1829.5809802995323,-279.09384319215997,100,100,0.0,-9,-10,-7,-17,10,10.0,12,12.0,0.0,3.0
2022-01-15,2021,FSV Mainz 05,VfL Bochum,H,2,1.65,3.75,5.5,1544.3222417066447,1514.2410437108974,30.08119799574729,100,100,0.0,0,0,0,0,6,6.0,7,7.0,0.0,3.0
2022-01-15,2021,VfB Stuttgart,RB Leipzig,A,0,6.0,4.0,1.57,1490.6480012303605,1614.396191910948,-123.74819068058741,100,100,0.0,-5,-6,-5,-3,5,5.0,7,7.0,0.0,3.0
2022-01-16,2021,FC Augsburg,Ein Frankfurt,D,1,3.3,3.5,2.15,1470.7730928609808,1636.3933731917357,-165.6202803307549,100,100,0.0,-2,-2,0,-4,5,5.0,9,9.0,0.3333333333333333,2.3333333333333335
2022-01-16,2021,Arminia Bielefeld,Greuther Furth,D,1,1.95,3.6,4.0,1502.8300047010355,1328.8117499453572,174.0182547556783,100,100,0.0,0,0,0,0,8,8.0,5,5.0,1.0,1.0
2022-01-21,2021,Ein Frankfurt,Arminia Bielefeld,A,0,1.75,3.75,4.75,1633.5935310481193,1492.9650280126393,140.62850303547998,100,100,0.0,2,2,0,4,10,10.0,8,8.0,1.6666666666666667,0.6666666666666666
2022-01-22,2021,Greuther Furth,FSV Mainz 05,H,2,5.0,3.6,1.75,1338.6767266337533,1553.9546771421194,-215.27795050836608,100,100,0.0,0,0,0,0,6,6.0,6,6.0,1.0,2.0
2022-01-22,2021,VfL Bochum,FC Cologne,D,1,3.2,3.4,2.25,1504.6086082754227,1542.60012081497,-37.99151253954733,100,100,0.0,0,0,0,0,4,4.0,9,9.0,0.0,3.0
2022-01-22,2021,Borussia Monchengladbach,Union Berlin,A,0,2.15,3.6,3.2,1553.2272450958671,1618.7693353097432,-65.54209021387601,100,100,0.0,4,4,5,3,4,4.0,8,8.0,0.6666666666666666,1.6666666666666667
2022-01-22,2021,SC Freiburg,VfB Stuttgart,H,2,1.9,3.6,4.0,1582.2705127249103,1476.6716992619429,105.59881346296743,100,100,0.0,0,0,0,0,5,5.0,4,4.0,3.0,0.0
2022-01-22,2021,Bayer Leverkusen,FC Augsburg,H,2,1.44,4.5,7.0,1623.79961954817,1473.5729350045972,150.2266845435729,100,100,0.0,4,3,3,3,5,5.0,6,6.0,2.3333333333333335,0.3333333333333333
2022-01-22,2021,TSG Hoffenheim,Borussia Dortmund,A,0,3.0,4.0,2.1,1604.0447637029395,1726.1493977195075,-122.10463401656807,100,100,0.0,-5,-4,-5,-12,8,8.0,10,10.0,0.3333333333333333,2.3333333333333335
2022-01-23,2021,RB Leipzig,VfL Wolfsburg,H,2,1.53,4.33,6.0,1628.3724938793655,1530.3702452682062,98.0022486111593,100,100,0.0,2,3,3,0,10,10.0,1,1.0,0.6666666666666666,1.6666666666666667
2022-01-23,2021,Hertha BSC,Bayern Munich,A,0,11.0,6.5,1.2,1502.7473405751925,1837.4679965919345,-334.72065601674194,100,100,0.0,-9,-10,-7,-17,7,7.0,12,12.0,0.0,3.0
2022-02-04,2021,Hertha BSC,VfL Bochum,D,1,2.15,3.6,3.25,1496.5769203286848,1501.9595541134952,-5.382633784810423,100,100,0.0,0,0,0,0,4,4.0,4,4.0,3.0,0.0
2022-02-05,2021,Bayern Munich,RB Leipzig,H,2,1.4,5.5,6.0,1843.6384168384423,1635.643247329364,207.99516950907832,100,100,0.0,4,4,2,14,12,12.0,10,10.0,2.3333333333333335,0.3333333333333333
2022-02-05,2021,FSV Mainz 05,TSG Hoffenheim,H,2,2.6,3.4,2.7,1534.1526643127484,1589.9978119010514,-55.84514758830301,100,100,0.0,-1,-2,-1,0,6,6.0,5,5.0,2.3333333333333335,0.3333333333333333
2022-02-05,2021,VfB Stuttgart,Ein Frankfurt,A,0,2.7,3.4,2.62,1469.639113095318,1609.59893455671,-139.95982146139204,100,100,0.0,-2,-2,0,-4,1,1.0,7,7.0,1.0,1.0
2022-02-05,2021,Arminia Bielefeld,Borussia Monchengladbach,D,1,3.4,3.6,2.1,1516.9596245040486,1536.744436115966,-19.78481161191735,100,100,0.0,-4,-4,-5,-3,11,11.0,4,4.0,0.0,3.0
2022-02-05,2021,FC Augsburg,Union Berlin,H,2,2.75,3.3,2.6,1467.8285281906751,1635.2521442896443,-167.4236160989692,100,100,0.0,0,0,0,0,3,3.0,11,11.0,2.3333333333333335,0.3333333333333333
2022-02-05,2021,FC Cologne,SC Freiburg,H,2,2.3,3.5,3.0,1545.2491749768976,1589.3030988915352,-44.05392391463761,100,100,0.0,0,0,0,0,10,10.0,8,8.0,0.3333333333333333,2.3333333333333335
2022-02-06,2021,Borussia Dortmund,Bayer Leverkusen,A,0,1.95,4.2,3.3,1740.1963495213956,1629.5440263620922,110.65232315930348,100,100,0.0,2,3,3,9,12,12.0,8,8.0,2.0,1.0
2022-02-06,2021,VfL Wolfsburg,Greuther Furth,H,2,1.57,3.8,6.0,1523.0994918182078,1358.4787394631244,164.62075235508337,100,100,0.0,3,3,2,3,1,1.0,6,6.0,2.3333333333333335,0.3333333333333333
2022-02-11,2021,RB Leipzig,FC Cologne,H,2,1.44,4.75,7.0,1631.2880191336676,1557.8544508552957,73.43356827837192,100,100,0.0,5,6,5,3,9,9.0,10,10.0,0.6666666666666666,1.6666666666666667
2022-02-12,2021,Bayer Leverkusen,VfB Stuttgart,H,2,1.4,4.75,7.0,1652.6668512561503,1456.3567502291992,196.3101010269511,100,100,0.0,4,3,3,3,10,10.0,1,1.0,2.3333333333333335,0.3333333333333333
2022-02-12,2021,Greuther Furth,Hertha BSC,H,2,3.0,3.25,2.45,1353.1093663420397,1492.590037418831,-139.48067107679117,100,100,0.0,0,0,0,0,6,6.0,5,5.0,0.0,3.0
2022-02-12,2021,Borussia Monchengladbach,FC Augsburg,H,2,1.65,4.33,4.75,1540.147354246018,1485.7034406414925,54.443913604525505,100,100,0.0,4,4,5,3,5,5.0,5,5.0,0.3333333333333333,2.3333333333333335
2022-02-12,2021,Ein Frankfurt,VfL Wolfsburg,A,0,2.2,3.6,3.2,1622.8812974228288,1528.4688649392924,94.41243248353635,100,100,0.0,-1,-1,-2,1,7,7.0,4,4.0,1.3333333333333333,1.3333333333333333
2022-02-12,2021,SC Freiburg,FSV Mainz 05,D,1,2.15,3.3,3.5,1576.6978230131372,1547.2565434112282,29.441279601908946,100,100,0.0,0,0,0,0,7,7.0,6,6.0,0.3333333333333333,2.3333333333333335
2022-02-12,2021,VfL Bochum,Bayern Munich,H,2,10.0,7.5,1.22,1505.946437023349,1847.9936450341386,-342.0472080107895,100,100,0.0,-9,-10,-7,-17,5,5.0,12,12.0,0.0,3.0
2022-02-13,2021,Union Berlin,Borussia Dortmund,A,0,4.0,3.75,1.83,1617.377231838827,1717.0735246273375,-99.69629278851062,100,100,0.0,-6,-6,-6,-12,10,10.0,9,9.0,1.0,2.0
2022-02-13,2021,TSG Hoffenheim,Arminia Bielefeld,H,2,1.5,4.33,5.75,1576.8939328025715,1513.5567063739966,63.33722642857492,100,100,0.0,1,2,1,0,4,4.0,9,9.0,1.0,1.0
2022-02-18,2021,FSV Mainz 05,Bayer Leverkusen,H,2,3.1,3.75,2.15,1552.6000022572184,1657.2785271822154,-104.67852492499696,100,100,0.0,-4,-3,-3,-3,7,7.0,13,13.0,0.3333333333333333,2.3333333333333335
2022-02-19,2021,FC Cologne,Ein Frankfurt,H,2,2.25,3.5,3.1,1549.776554100124,1600.2664898478195,-50.48993574769543,100,100,0.0,-2,-2,0,-4,7,7.0,4,4.0,0.6666666666666666,1.6666666666666667
2022-02-19,2021,FC Augsburg,SC Freiburg,A,0,3.1,3.4,2.3,1476.964267171969,1571.354364167147,-94.39009699517806,100,100,0.0,0,0,0,0,4,4.0,5,5.0,0.3333333333333333,2.3333333333333335
2022-02-19,2021,Arminia Bielefeld,Union Berlin,H,2,3.0,3.25,2.45,1505.1311786027973,1602.3641197478328,-97.23294114503551,100,100,0.0,0,0,0,0,6,6.0,7,7.0,0.3333333333333333,2.3333333333333335
2022-02-19,2021,VfB Stuttgart,VfL Bochum,D,1,2.2,3.4,3.3,1451.745074303134,1529.9801642205039,-78.2350899173698,100,100,0.0,0,0,0,0,1,1.0,8,8.0,1.0,1.0
2022-02-19,2021,VfL Wolfsburg,TSG Hoffenheim,A,0,2.7,3.5,2.55,1551.0836725143017,1585.3194605737708,-34.23578805946909,100,100,0.0,2,1,1,3,7,7.0,6,6.0,1.0,2.0
2022-02-20,2021,Hertha BSC,RB Leipzig,A,0,6.5,4.2,1.53,1475.8928188318857,1639.3659158888393,-163.47309705695352,100,100,0.0,-5,-6,-5,-3,2,2.0,12,12.0,0.0,3.0
2022-02-20,2021,Bayern Munich,Greuther Furth,H,2,1.07,13.0,26.0,1823.9599178369838,1369.8065849289849,454.1533329079989,100,100,0.0,9,10,7,17,9,9.0,8,8.0,3.0,0.0
2022-02-20,2021,Borussia Dortmund,Borussia Monchengladbach,H,2,1.6,4.2,5.25,1732.0866367183316,1548.8865277155417,183.20010900279,100,100,0.0,2,2,1,9,12,12.0,7,7.0,1.0,2.0
2022-02-25,2021,TSG Hoffenheim,VfB Stuttgart,H,2,1.5,4.5,5.75,1603.1252997805154,1450.8066348598388,152.3186649206766,100,100,0.0,1,2,1,0,6,6.0,1,1.0,0.3333333333333333,2.3333333333333335
2022-02-26,2021,SC Freiburg,Hertha BSC,H,2,1.55,4.33,5.5,1586.5965421030796,1463.6030871971366,122.99345490594305,100,100,0.0,0,0,0,0,7,7.0,2,2.0,2.0,1.0
2022-02-26,2021,Greuther Furth,FC Cologne,D,1,3.6,3.6,2.0,1368.6202293940792,1562.6533848718557,-194.03315547777652,100,100,0.0,0,0,0,0,7,7.0,7,7.0,0.0,3.0
2022-02-26,2021,Bayer Leverkusen,Arminia Bielefeld,H,2,1.36,5.25,8.0,1642.0765512323542,1520.0117175947237,122.0648336376305,100,100,0.0,4,3,3,3,12,12.0,8,8.0,2.0,1.0
2022-02-26,2021,Borussia Monchengladbach,VfL Wolfsburg,D,1,2.0,3.4,3.75,1543.972565625065,1533.277833307557,10.694732317507942,100,100,0.0,1,1,3,0,4,4.0,7,7.0,1.6666666666666667,0.6666666666666666
2022-02-26,2021,Union Berlin,FSV Mainz 05,H,2,2.6,3.3,2.75,1587.4835807559064,1567.8019782070796,19.68160254882673,100,100,0.0,0,0,0,0,6,6.0,10,10.0,2.0,1.0
2022-02-26,2021,Ein Frankfurt,Bayern Munich,A,0,6.0,5.0,1.44,1587.3896590760878,1825.1462733718895,-237.75661429580168,100,100,0.0,-7,-8,-7,-13,4,4.0,12,12.0,2.0,1.0
2022-02-27,2021,VfL Bochum,RB Leipzig,A,0,5.0,4.0,1.65,1530.918603663799,1651.6556475235884,-120.73704385978931,100,100,0.0,-5,-6,-5,-3,6,6.0,12,12.0,0.0,3.0
2022-02-27,2021,FC Augsburg,Borussia Dortmund,D,1,5.0,4.33,1.61,1461.7220892360363,1737.0005988088083,-275.278509572772,100,100,0.0,-6,-6,-6,-12,4,4.0,12,12.0,1.0,2.0
2022-03-04,2021,Arminia Bielefeld,FC Augsburg,A,0,2.5,3.25,2.9,1513.4765659715274,1468.7067285388084,44.76983743271899,100,100,0.0,0,0,0,0,7,7.0,4,4.0,0.6666666666666666,1.6666666666666667
2022-03-05,2021,VfB Stuttgart,Borussia Monchengladbach,H,2,3.1,3.6,2.15,1445.117950900397,1539.3488897793,-94.23093887890286,100,100,0.0,-4,-4,-5,-3,1,1.0,5,5.0,1.6666666666666667,0.6666666666666666
2022-03-05,2021,RB Leipzig,SC Freiburg,D,1,1.61,4.2,5.25,1665.7614189927535,1593.1044108032986,72.65700818945493,100,100,0.0,5,6,5,3,12,12.0,10,10.0,2.3333333333333335,0.3333333333333333
2022-03-05,2021,VfL Wolfsburg,Union Berlin,H,2,2.2,3.2,3.5,1537.9015091533222,1597.5116303418026,-59.610121188480434,100,100,0.0,3,3,2,3,7,7.0,6,6.0,1.3333333333333333,1.3333333333333333
2022-03-05,2021,VfL Bochum,Greuther Furth,H,2,1.72,3.75,4.75,1516.812832194634,1372.583661289261,144.22917090537294,100,100,0.0,0,0,0,0,6,6.0,7,7.0,3.0,0.0
2022-03-05,2021,Bayern Munich,Bayer Leverkusen,D,1,1.4,5.75,6.0,1834.492078697521,1648.6117028555504,185.8803758419706,100,100,0.0,5,7,4,14,12,12.0,12,12.0,3.0,0.0
2022-03-05,2021,Hertha BSC,Ein Frankfurt,A,0,3.3,3.4,2.15,1457.0952184969176,1578.0438537504563,-120.94863525353867,100,100,0.0,-2,-2,0,-4,1,1.0,3,3.0,1.0,2.0
2022-03-06,2021,FC Cologne,TSG Hoffenheim,A,0,2.62,3.6,2.55,1558.6899529766738,1608.8139837399572,-50.12403076328337,100,100,0.0,-1,-2,-1,0,8,8.0,9,9.0,0.0,3.0
2022-03-12,2021,SC Freiburg,VfL Wolfsburg,H,2,2.1,3.5,3.4,1600.0000998466883,1551.16555101508,48.834548831608345,100,100,0.0,-3,-3,-2,-3,8,8.0,10,10.0,1.3333333333333333,1.3333333333333333
2022-03-12,2021,TSG Hoffenheim,Bayern Munich,D,1,4.75,4.75,1.55,1625.952631544431,1824.3429710784417,-198.39033953401076,100,100,0.0,-8,-8,-6,-17,12,12.0,10,10.0,1.0,2.0
2022-03-12,2021,Union Berlin,VfB Stuttgart,D,1,2.1,3.5,3.5,1584.247588480045,1459.8689033986673,124.37868508137763,100,100,0.0,0,0,0,0,3,3.0,4,4.0,1.6666666666666667,0.6666666666666666
2022-03-12,2021,Borussia Monchengladbach,Hertha BSC,H,2,1.57,4.33,5.25,1524.5979372810298,1442.998549364898,81.59938791613172,100,100,0.0,4,4,5,3,5,5.0,1,1.0,0.6666666666666666,1.6666666666666667
2022-03-13,2021,Bayer Leverkusen,FC Cologne,A,0,1.61,4.2,5.25,1658.7608104746298,1541.5513051722,117.20950530242976,100,100,0.0,4,3,3,3,10,10.0,7,7.0,2.3333333333333335,0.3333333333333333
2022-03-13,2021,Borussia Dortmund,Arminia Bielefeld,H,2,1.28,6.0,10.0,1730.015959506036,1492.5646047473333,237.4513547587028,100,100,0.0,6,6,6,12,10,10.0,4,4.0,3.0,0.0
2022-03-13,2021,Ein Frankfurt,VfL Bochum,H,2,1.9,3.5,4.2,1592.1405228824758,1522.7192967820913,69.4212261003845,100,100,0.0,2,2,0,4,6,6.0,8,8.0,0.0,3.0
2022-03-13,2021,Greuther Furth,RB Leipzig,A,0,8.5,5.0,1.36,1366.6771967018037,1658.8657299493639,-292.18853324756014,100,100,0.0,-5,-6,-5,-3,4,4.0,10,10.0,0.0,3.0
2022-03-16,2021,FSV Mainz 05,Borussia Dortmund,A,0,4.0,3.8,1.85,1557.7739286211834,1733.77707735845,-176.00314873726666,100,100,0.0,-6,-6,-6,-12,7,7.0,10,10.0,0.3333333333333333,2.3333333333333335
2022-03-18,2021,VfL Bochum,Borussia Monchengladbach,A,0,2.8,3.6,2.37,1514.5043389343082,1532.4013920097482,-17.89705307544,100,100,0.0,-4,-4,-5,-3,7,7.0,7,7.0,0.0,3.0
2022-03-19,2021,FSV Mainz 05,Arminia Bielefeld,H,2,1.6,3.75,6.0,1546.0038901838914,1488.8034868949194,57.200403288971984,100,100,0.0,0,0,0,0,7,7.0,3,3.0,1.3333333333333333,1.3333333333333333
2022-03-19,2021,Bayern Munich,Union Berlin,H,2,1.16,8.0,13.0,1820.2051450372737,1575.7149122927199,244.49023274455385,100,100,0.0,9,10,7,17,8,8.0,4,4.0,1.6666666666666667,0.6666666666666666
2022-03-19,2021,Hertha BSC,TSG Hoffenheim,H,2,4.2,4.2,1.72,1435.1950946361796,1630.0904575855989,-194.89536294941922,100,100,0.0,-1,-2,-1,0,0,0.0,13,13.0,0.0,3.0
2022-03-19,2021,VfB Stuttgart,FC Augsburg,H,2,2.0,3.6,3.6,1468.4015795859923,1489.6186897630025,-21.217110177010227,100,100,0.0,0,0,0,0,5,5.0,7,7.0,2.0,1.0
2022-03-19,2021,Greuther Furth,SC Freiburg,D,1,4.75,4.0,1.7,1359.2205033252421,1608.9405980582878,-249.7200947330457,100,100,0.0,0,0,0,0,4,4.0,11,11.0,0.0,3.0
2022-03-20,2021,RB Leipzig,Ein Frankfurt,D,1,1.44,4.5,7.5,1666.3224233259255,1600.355480730259,65.96694259566652,100,100,0.0,3,4,5,-1,13,13.0,6,6.0,1.0,1.0
2022-03-20,2021,VfL Wolfsburg,Bayer Leverkusen,A,0,3.0,3.4,2.3,1542.2250528034804,1635.4399534853162,-93.21490068183584,100,100,0.0,-1,0,-1,0,7,7.0,7,7.0,2.3333333333333335,0.3333333333333333
2022-03-20,2021,FC Cologne,Borussia Dortmund,D,1,3.5,3.75,2.0,1564.8721621615136,1745.547115795742,-180.67495363422836,100,100,0.0,-6,-6,-6,-12,7,7.0,13,13.0,1.3333333333333333,1.3333333333333333
2022-04-01,2021,Union Berlin,FC Cologne,H,2,2.25,3.3,3.3,1572.0850744905076,1568.2939027084028,3.7911717821048114,100,100,0.0,0,0,0,0,4,4.0,8,8.0,2.3333333333333335,0.3333333333333333
2022-04-02,2021,TSG Hoffenheim,VfL Bochum,A,0,1.5,4.33,6.5,1611.0924228590825,1496.0242101842525,115.06821267482997,100,100,0.0,1,2,1,0,10,10.0,4,4.0,0.0,3.0
2022-04-02,2021,Borussia Dortmund,RB Leipzig,A,0,2.5,3.6,2.62,1742.1253752488528,1659.6565326198977,82.46884262895514,100,100,0.0,1,0,1,9,11,11.0,11,11.0,2.0,1.0
2022-04-02,2021,Bayer Leverkusen,Hertha BSC,H,2,1.4,5.25,6.0,1650.7328525356857,1454.193129362696,196.53972317298962,100,100,0.0,4,3,3,3,7,7.0,3,3.0,0.6666666666666666,1.6666666666666667
2022-04-02,2021,Ein Frankfurt,Greuther Furth,D,1,1.44,4.75,6.5,1607.0213714362867,1365.3119651643747,241.70940627191203,100,100,0.0,2,2,0,4,7,7.0,2,2.0,2.3333333333333335,0.3333333333333333
2022-04-02,2021,Arminia Bielefeld,VfB Stuttgart,D,1,3.0,3.4,2.35,1480.1622616240852,1480.0573708111096,0.10489081297555458,100,100,0.0,0,0,0,0,3,3.0,8,8.0,3.0,0.0
2022-04-02,2021,SC Freiburg,Bayern Munich,A,0,5.5,4.75,1.5,1602.8491362191553,1823.834982839486,-220.98584662033068,100,100,0.0,-9,-10,-7,-17,11,11.0,11,11.0,0.3333333333333333,2.3333333333333335
2022-04-03,2021,FC Augsburg,VfL Wolfsburg,H,2,2.8,3.4,2.5,1477.9628985378852,1526.932153753111,-48.96925521522576,100,100,0.0,-3,-3,-2,-3,4,4.0,4,4.0,0.3333333333333333,2.3333333333333335
2022-04-03,2021,Borussia Monchengladbach,FSV Mainz 05,D,1,2.25,3.4,3.2,1550.8815207598038,1554.6451154547256,-3.7635946949217214,100,100,0.0,4,4,5,3,7,7.0,7,7.0,1.3333333333333333,1.3333333333333333
2022-04-06,2021,FC Augsburg,FSV Mainz 05,H,2,3.3,3.3,2.25,1490.7754318487948,1558.6968789842372,-67.92144713544235,100,100,0.0,0,0,0,0,7,7.0,7,7.0,2.0,1.0
2022-04-08,2021,VfB Stuttgart,Borussia Dortmund,A,0,3.9,4.1,1.8,1484.2634935884078,1719.8999676272667,-235.63647403885898,100,100,0.0,-6,-6,-6,-12,8,8.0,8,8.0,1.0,2.0
2022-04-09,2021,Hertha BSC,Union Berlin,A,0,2.87,3.2,2.6,1449.586609784726,1582.7327563351037,-133.14614655037758,100,100,0.0,0,0,0,0,3,3.0,7,7.0,1.3333333333333333,1.3333333333333333
2022-04-09,2021,VfL Wolfsburg,Arminia Bielefeld,H,2,1.66,3.8,5.25,1514.1196204422013,1475.956138846787,38.16348159541417,100,100,0.0,3,3,2,3,4,4.0,1,1.0,2.3333333333333335,0.3333333333333333
2022-04-09,2021,FC Cologne,FSV Mainz 05,H,2,2.45,3.4,2.9,1557.6462208638068,1545.0778993900994,12.568321473707329,100,100,0.0,0,0,0,0,5,5.0,4,4.0,1.3333333333333333,1.3333333333333333
2022-04-09,2021,Bayern Munich,FC Augsburg,H,2,1.11,10.0,19.0,1833.8129727328449,1504.3944114429326,329.4185612899123,100,100,0.0,9,10,7,17,11,11.0,10,10.0,2.0,1.0
2022-04-09,2021,Greuther Furth,Borussia Monchengladbach,A,0,4.75,4.0,1.7,1376.6307417046778,1546.8297572302922,-170.1990155256144,100,100,0.0,-4,-4,-5,-3,3,3.0,8,8.0,0.0,3.0
2022-04-10,2021,VfL Bochum,Bayer Leverkusen,D,1,4.0,4.2,1.8,1519.2808490633188,1655.3393721136556,-136.05852305033682,100,100,0.0,-4,-3,-3,-3,6,6.0,10,10.0,0.0,3.0
2022-04-10,2021,Ein Frankfurt,SC Freiburg,A,0,2.4,3.4,2.9,1595.7025948959836,1592.8711463257964,2.831448570187149,100,100,0.0,2,2,0,4,8,8.0,8,8.0,2.3333333333333335,0.3333333333333333
2022-04-10,2021,RB Leipzig,TSG Hoffenheim,H,2,1.5,4.75,6.0,1681.8819402414838,1587.8357839800162,94.04615626146756,100,100,0.0,4,4,4,3,11,11.0,7,7.0,1.3333333333333333,1.3333333333333333
2022-04-16,2021,FSV Mainz 05,VfB Stuttgart,D,1,2.05,3.5,3.6,1534.7746566915791,1474.8389802852369,59.93567640634228,100,100,0.0,0,0,0,0,4,4.0,8,8.0,0.0,3.0
2022-04-16,2021,Borussia Monchengladbach,FC Cologne,A,0,2.05,3.6,3.5,1558.8396016324991,1567.949463562327,-9.109861929827957,100,100,0.0,4,4,5,3,10,10.0,7,7.0,1.0,2.0
2022-04-16,2021,FC Augsburg,Hertha BSC,A,0,1.9,3.5,4.2,1502.0589285492515,1436.0133181484396,66.04561040081194,100,100,0.0,0,0,0,0,9,9.0,3,3.0,0.3333333333333333,2.3333333333333335
2022-04-16,2021,SC Freiburg,VfL Bochum,H,2,1.65,4.0,5.25,1612.1854879212983,1520.8320551484169,91.35343277288143,100,100,0.0,0,0,0,0,8,8.0,7,7.0,0.0,3.0
2022-04-16,2021,Borussia Dortmund,VfL Wolfsburg,H,2,1.53,4.33,5.75,1729.3244809304376,1523.450362459681,205.87411847075668,100,100,0.0,3,3,4,9,10,10.0,6,6.0,3.0,0.0
2022-04-17,2021,Arminia Bielefeld,Bayern Munich,A,0,13.0,7.5,1.18,1466.6253968293074,1836.148455626526,-369.5230587972185,100,100,0.0,-9,-10,-7,-17,1,1.0,11,11.0,0.3333333333333333,2.3333333333333335
2022-04-17,2021,TSG Hoffenheim,Greuther Furth,D,1,1.28,6.5,9.0,1580.4388471719321,1364.620897302471,215.81794986946124,100,100,0.0,1,2,1,0,4,4.0,2,2.0,2.3333333333333335,0.3333333333333333
2022-04-17,2021,Union Berlin,Ein Frankfurt,H,2,2.15,3.4,3.4,1596.3060479713902,1576.3882533004817,19.917794670908506,100,100,0.0,-2,-2,0,-4,7,7.0,8,8.0,0.3333333333333333,2.3333333333333335
2022-04-17,2021,Bayer Leverkusen,RB Leipzig,A,0,3.0,3.6,2.3,1653.7881660285575,1689.2788770495679,-35.490711021010384,100,100,0.0,-1,-3,-2,0,8,8.0,11,11.0,1.3333333333333333,1.3333333333333333
2022-04-22,2021,VfL Wolfsburg,FSV Mainz 05,H,2,2.3,3.4,3.1,1519.0494806152362,1528.3193367244362,-9.269856109199964,100,100,0.0,3,3,2,3,3,3.0,5,5.0,1.0,2.0
2022-04-23,2021,RB Leipzig,Union Berlin,A,0,1.55,4.0,6.5,1707.032397488367,1606.3250227191913,100.70737476917566,100,100,0.0,5,6,5,3,13,13.0,10,10.0,1.0,2.0
2022-04-23,2021,Greuther Furth,Bayer Leverkusen,A,0,8.5,5.25,1.33,1375.4306556991153,1636.0346455897584,-260.6039898906431,100,100,0.0,-4,-3,-3,-3,3,3.0,7,7.0,0.3333333333333333,2.3333333333333335
2022-04-23,2021,SC Freiburg,Borussia Monchengladbach,D,1,1.83,4.0,4.0,1619.6691500907507,1540.0026898805845,79.66646021016618,100,100,0.0,-4,-4,-5,-3,10,10.0,10,10.0,1.3333333333333333,1.3333333333333333
2022-04-23,2021,FC Cologne,Arminia Bielefeld,H,2,1.53,4.2,6.5,1586.7863753142417,1461.3793026062283,125.4070727080134,100,100,0.0,0,0,0,0,10,10.0,1,1.0,1.3333333333333333,1.3333333333333333
2022-04-23,2021,Bayern Munich,Borussia Dortmund,H,2,1.36,5.75,7.0,1841.394549849605,1733.7253627748823,107.66918707472269,100,100,0.0,3,4,1,5,13,13.0,10,10.0,3.0,0.0
2022-04-23,2021,Ein Frankfurt,TSG Hoffenheim,D,1,2.55,3.6,2.62,1566.3692785526805,1569.6290887752878,-3.259810222607257,100,100,0.0,1,0,-1,4,5,5.0,2,2.0,2.0,1.0
2022-04-24,2021,Hertha BSC,VfB Stuttgart,H,2,3.1,3.3,2.3,1457.681934212168,1481.2943002523798,-23.612366040211782,100,100,0.0,0,0,0,0,6,6.0,6,6.0,0.6666666666666666,1.6666666666666667
2022-04-24,2021,VfL Bochum,FC Augsburg,A,0,2.25,3.2,3.5,1513.3483929789645,1480.390312485523,32.95808049344146,100,100,0.0,0,0,0,0,4,4.0,6,6.0,3.0,0.0
2022-04-29,2021,Union Berlin,Greuther Furth,D,1,1.28,5.25,13.0,1629.1397048521624,1366.9094658041101,262.2302390480522,100,100,0.0,0,0,0,0,12,12.0,3,3.0,0.0,3.0
2022-04-30,2021,Arminia Bielefeld,Hertha BSC,D,1,2.62,3.2,2.8,1454.9419604288908,1469.4361465432848,-14.494186114394097,100,100,0.0,0,0,0,0,1,1.0,9,9.0,1.3333333333333333,1.3333333333333333
2022-04-30,2021,FC Augsburg,FC Cologne,A,0,2.8,3.25,2.6,1500.8658554681208,1593.2237174915792,-92.35786202345844,100,100,0.0,0,0,0,0,9,9.0,10,10.0,2.0,1.0
2022-04-30,2021,Borussia Dortmund,VfL Bochum,A,0,1.36,5.25,7.5,1726.7567401854274,1492.8728499963668,233.8838901890606,100,100,0.0,6,6,6,12,7,7.0,4,4.0,1.0,1.0
2022-04-30,2021,FSV Mainz 05,Bayern Munich,H,2,5.75,4.5,1.53,1517.1497921746545,1848.36317243906,-331.2133802644055,100,100,0.0,-9,-10,-7,-17,2,2.0,15,15.0,1.0,2.0
2022-04-30,2021,TSG Hoffenheim,SC Freiburg,A,0,2.5,3.5,2.75,1573.7010075552676,1612.5370185736024,-38.83601101833483,100,100,0.0,1,2,1,0,2,2.0,8,8.0,1.3333333333333333,1.3333333333333333
2022-04-30,2021,VfB Stuttgart,VfL Wolfsburg,D,1,2.05,3.5,3.6,1469.540087921263,1530.219025165018,-60.678937243754945,100,100,0.0,-3,-3,-2,-3,5,5.0,6,6.0,1.0,2.0
2022-05-02,2021,Bayer Leverkusen,Ein Frankfurt,H,2,1.4,5.0,7.0,1644.5558354847635,1562.2973597727007,82.25847571206282,100,100,0.0,2,1,3,-1,10,10.0,3,3.0,1.0,2.0
2022-05-02,2021,Borussia Monchengladbach,RB Leipzig,H,2,4.33,4.0,1.75,1547.1348213977328,1684.217715355396,-137.08289395766315,100,100,0.0,-1,-2,0,0,8,8.0,10,10.0,1.0,2.0
2022-05-06,2021,VfL Bochum,Arminia Bielefeld,H,2,2.15,3.6,3.2,1519.0436559741202,1451.3231457411296,67.72051023299059,100,100,0.0,0,0,0,0,7,7.0,2,2.0,0.0,3.0
2022-05-07,2021,TSG Hoffenheim,Bayer Leverkusen,A,0,3.2,4.0,2.05,1556.087291280416,1652.337404817484,-96.25011353706805,100,100,0.0,-3,-1,-2,-3,2,2.0,10,10.0,0.6666666666666666,1.6666666666666667
2022-05-07,2021,SC Freiburg,Union Berlin,A,0,1.9,3.6,4.0,1630.150734848454,1617.4561178771269,12.69461697132715,100,100,0.0,0,0,0,0,10,10.0,13,13.0,0.6666666666666666,1.6666666666666667
2022-05-07,2021,Hertha BSC,FSV Mainz 05,A,0,2.55,3.4,2.7,1473.054961231046,1540.8798293264203,-67.82486809537431,100,100,0.0,0,0,0,0,7,7.0,4,4.0,0.6666666666666666,1.6666666666666667
2022-05-07,2021,Greuther Furth,Borussia Dortmund,A,0,9.0,6.0,1.3,1378.5930527791456,1700.585934207674,-321.99288142852834,100,100,0.0,-6,-6,-6,-12,3,3.0,6,6.0,0.0,3.0
2022-05-07,2021,FC Cologne,VfL Wolfsburg,A,0,1.6,4.5,5.0,1608.5536019105002,1531.9094407734024,76.64416113709785,100,100,0.0,-3,-3,-2,-3,12,12.0,7,7.0,1.3333333333333333,1.3333333333333333
2022-05-08,2021,Ein Frankfurt,Borussia Monchengladbach,D,1,2.3,3.8,2.8,1554.5157904399803,1563.7297667002063,-9.21397626022599,100,100,0.0,-2,-2,-5,1,2,2.0,8,8.0,1.3333333333333333,1.3333333333333333
2022-05-08,2021,Bayern Munich,VfB Stuttgart,D,1,1.25,7.0,9.5,1824.6331352872942,1467.8496723128785,356.78346297441567,100,100,0.0,9,10,7,17,12,12.0,3,3.0,3.0,0.0
2022-05-08,2021,RB Leipzig,FC Augsburg,H,2,1.25,6.0,12.0,1667.6227700529225,1485.5359710491998,182.08679900372272,100,100,0.0,5,6,5,3,9,9.0,6,6.0,2.3333333333333335,0.3333333333333333
2022-05-14,2021,Union Berlin,VfL Bochum,H,2,1.4,5.0,7.0,1637.1577926464295,1527.3171452551885,109.84064739124096,100,100,0.0,0,0,0,0,13,13.0,7,7.0,3.0,0.0
2022-05-14,2021,VfB Stuttgart,FC Cologne,H,2,2.2,4.0,2.87,1480.8316769376668,1586.5228711571265,-105.6911942194597,100,100,0.0,0,0,0,0,3,3.0,12,12.0,1.3333333333333333,1.3333333333333333
2022-05-14,2021,VfL Wolfsburg,Bayern Munich,D,1,5.0,4.75,1.55,1553.940171526776,1811.651130662506,-257.7109591357298,100,100,0.0,-6,-7,-5,-14,10,10.0,10,10.0,0.0,3.0
2022-05-14,2021,FSV Mainz 05,Ein Frankfurt,D,1,1.7,4.33,4.33,1557.2649839345588,1550.6830798777676,6.581904056791245,100,100,0.0,-2,-2,0,-4,7,7.0,2,2.0,0.3333333333333333,2.3333333333333335
2022-05-14,2021,Borussia Monchengladbach,TSG Hoffenheim,H,2,2.0,4.33,3.1,1567.562477262419,1540.9254019539533,26.637075308465683,100,100,0.0,3,2,4,3,8,8.0,2,2.0,0.3333333333333333,2.3333333333333335
2022-05-14,2021,Borussia Dortmund,Hertha BSC,H,2,1.5,5.0,5.25,1707.1232032300845,1456.6698066229076,250.45339660717696,100,100,0.0,6,6,6,12,9,9.0,7,7.0,2.0,1.0
2022-05-14,2021,Arminia Bielefeld,RB Leipzig,D,1,10.0,6.0,1.25,1443.0496564600612,1672.5631227691974,-229.51346630913622,100,100,0.0,-5,-6,-5,-3,1,1.0,9,9.0,1.0,2.0
2022-05-14,2021,Bayer Leverkusen,SC Freiburg,H,2,2.4,3.8,2.62,1667.4992941439466,1610.4490600791514,57.05023406479518,100,100,0.0,4,3,3,3,10,10.0,10,10.0,1.0,2.0
2022-05-14,2021,FC Augsburg,Greuther Furth,H,2,1.55,4.75,5.0,1480.595618332925,1372.055783756735,108.53983457618983,100,100,0.0,0,0,0,0,3,3.0,2,2.0,1.6666666666666667,0.6666666666666666
2022-08-05,2022,Ein Frankfurt,Bayern Munich,A,0,6.0,5.0,1.5,1555.1454810590637,1805.2742859152102,-250.12880485614642,100,100,0.0,-8,-8,-7,-16,3,3.0,8,8.0,2.0,1.0
2022-08-06,2022,FC Augsburg,SC Freiburg,A,0,3.3,3.5,2.15,1487.5374640140578,1601.8025156049284,-114.2650515908706,100,100,0.0,0,0,0,0,6,6.0,7,7.0,0.0,3.0
2022-08-06,2022,VfL Bochum,FSV Mainz 05,A,0,3.2,3.4,2.2,1520.415172130851,1552.8025827532626,-32.38741062241161,100,100,0.0,0,0,0,0,6,6.0,8,8.0,1.5,1.5
2022-08-06,2022,Borussia Monchengladbach,TSG Hoffenheim,H,2,2.05,4.2,3.0,1577.3250246741588,1531.1628545422134,46.16217013194546,100,100,0.0,1,1,3,0,8,8.0,2,2.0,1.3333333333333333,1.3333333333333333
2022-08-06,2022,Union Berlin,Hertha BSC,H,2,1.72,3.75,4.5,1644.059765770767,1453.1480762082,190.91168956256683,100,100,0.0,0,0,0,0,13,13.0,7,7.0,2.3333333333333335,0.3333333333333333
2022-08-06,2022,VfL Wolfsburg,Werder Bremen,D,1,1.85,3.8,3.8,1560.3170162740719,1431.5197686809079,128.797247593164,100,100,0.0,2,3,1,2,8,8.0,1,1.0,3.0,0.0
2022-08-06,2022,Borussia Dortmund,Bayer Leverkusen,H,2,2.0,4.2,3.2,1710.644933644792,1676.1458386181696,34.4990950266224,100,100,0.0,2,2,3,0,9,9.0,12,12.0,2.0,1.0
2022-08-07,2022,VfB Stuttgart,RB Leipzig,D,1,4.5,3.8,1.75,1496.0773635692933,1667.2169430649606,-171.13957949566725,100,100,0.0,-5,-6,-4,-7,6,6.0,7,7.0,0.0,3.0
2022-08-07,2022,FC Cologne,FC Schalke 04,H,2,1.7,4.0,4.5,1571.2771845255,1352.3305995927806,218.94658493271936,100,100,0.0,0,0,0,0,9,9.0,3,3.0,3.0,0.0
2022-08-12,2022,SC Freiburg,Borussia Dortmund,A,0,3.0,3.75,2.2,1616.1869896603266,1720.1118186513418,-103.92482899101515,100,100,0.0,-6,-6,-6,-8,7,7.0,9,9.0,2.0,1.0
2022-08-13,2022,Hertha BSC,Ein Frankfurt,D,1,3.0,3.5,2.3,1448.4138098406775,1546.2516712904717,-97.83786144979422,100,100,0.0,-1,-2,0,-1,4,4.0,3,3.0,1.0,2.0
2022-08-13,2022,Werder Bremen,VfB Stuttgart,D,1,2.25,3.6,3.0,1440.1805473635616,1499.106491797125,-58.92594443356347,100,100,0.0,0,0,0,0,2,2.0,6,6.0,0.3333333333333333,2.3333333333333335
2022-08-13,2022,FC Schalke 04,Borussia Monchengladbach,D,1,3.1,3.8,2.15,1348.2048627074478,1586.3623696706063,-238.15750696315854,100,100,0.0,-3,-2,-4,-3,3,3.0,11,11.0,1.0,2.0
2022-08-13,2022,Bayer Leverkusen,FC Augsburg,A,0,1.3,5.75,9.5,1666.6789536116198,1473.1529899586596,193.52596365296017,100,100,0.0,4,4,3,8,12,12.0,6,6.0,2.3333333333333335,0.3333333333333333
2022-08-13,2022,RB Leipzig,FC Cologne,D,1,1.44,4.75,7.0,1664.1878148371288,1575.4029214108327,88.7848934262961,100,100,0.0,5,6,4,7,5,5.0,9,9.0,1.3333333333333333,1.3333333333333333
2022-08-13,2022,TSG Hoffenheim,VfL Bochum,H,2,1.57,4.5,5.25,1522.125509545766,1502.532401565885,19.59310797988087,100,100,0.0,2,1,1,3,1,1.0,6,6.0,0.0,3.0
2022-08-14,2022,FSV Mainz 05,Union Berlin,D,1,2.2,3.25,3.4,1570.6853533182286,1648.7940321382896,-78.10867882006096,100,100,0.0,0,0,0,0,10,10.0,13,13.0,1.0,2.0
2022-08-14,2022,Bayern Munich,VfL Wolfsburg,H,2,1.12,9.5,17.0,1814.1680956838022,1551.6562375914182,262.51185809238405,100,100,0.0,7,7,6,15,8,8.0,9,9.0,2.3333333333333335,0.3333333333333333
2022-08-19,2022,Borussia Monchengladbach,Hertha BSC,H,2,1.5,4.5,6.0,1580.6933327884778,1448.3204640207878,132.37286876769008,100,100,0.0,3,2,4,3,11,11.0,2,2.0,1.3333333333333333,1.3333333333333333
2022-08-20,2022,VfL Wolfsburg,FC Schalke 04,D,1,1.83,3.8,4.2,1548.3446035450233,1353.8738995895762,194.4707039554471,100,100,0.0,2,3,1,2,6,6.0,4,4.0,3.0,0.0
2022-08-20,2022,VfB Stuttgart,SC Freiburg,A,0,2.62,3.6,2.55,1500.8715859198446,1601.3564309414212,-100.48484502157658,100,100,0.0,0,0,0,0,7,7.0,6,6.0,0.0,3.0
2022-08-20,2022,Union Berlin,RB Leipzig,H,2,3.6,3.5,2.05,1649.7379077018634,1656.7548329317224,-7.016925229858998,100,100,0.0,-5,-6,-4,-7,11,11.0,6,6.0,3.0,0.0
2022-08-20,2022,Borussia Dortmund,Werder Bremen,A,0,1.36,5.25,7.5,1734.9423773702472,1438.415453240842,296.5269241294052,100,100,0.0,6,6,6,8,12,12.0,3,3.0,3.0,0.0
2022-08-20,2022,Bayer Leverkusen,TSG Hoffenheim,A,0,1.66,4.33,4.5,1641.3535258947804,1532.1569602729287,109.19656562185173,100,100,0.0,2,3,2,5,9,9.0,3,3.0,1.6666666666666667,0.6666666666666666
2022-08-20,2022,FC Augsburg,FSV Mainz 05,A,0,3.5,3.5,2.1,1498.478417675499,1569.7414777546549,-71.26306007915582,100,100,0.0,0,0,0,0,6,6.0,11,11.0,2.0,1.0
2022-08-21,2022,Ein Frankfurt,FC Cologne,D,1,1.95,3.75,3.6,1546.3450171103614,1582.8359033162392,-36.490886205877814,100,100,0.0,1,2,0,1,3,3.0,7,7.0,1.3333333333333333,1.3333333333333333
2022-08-21,2022,VfL Bochum,Bayern Munich,A,0,13.0,8.0,1.18,1492.5009508387222,1817.479729730197,-324.9787788914748,100,100,0.0,-9,-10,-7,-17,6,6.0,8,8.0,1.5,1.5
2022-08-26,2022,SC Freiburg,VfL Bochum,H,2,1.5,4.5,6.0,1616.3354985127762,1486.0511344638592,130.28436404891704,100,100,0.0,0,0,0,0,6,6.0,3,3.0,1.5,1.5
2022-08-27,2022,RB Leipzig,VfL Wolfsburg,H,2,1.45,4.75,6.0,1645.6760608139011,1537.99775519317,107.67830562073118,100,100,0.0,3,3,3,5,6,6.0,6,6.0,1.3333333333333333,1.3333333333333333
2022-08-27,2022,FC Schalke 04,Union Berlin,A,0,3.1,3.4,2.3,1364.2207479414296,1660.8166798196846,-296.595931878255,100,100,0.0,0,0,0,0,5,5.0,13,13.0,1.0,1.0
2022-08-27,2022,Hertha BSC,Borussia Dortmund,A,0,4.5,4.33,1.66,1442.083539644494,1707.7196256820473,-265.63608603755324,100,100,0.0,-6,-6,-6,-8,1,1.0,12,12.0,1.0,2.0
2022-08-27,2022,TSG Hoffenheim,FC Augsburg,H,2,1.45,4.5,7.0,1555.2352648302526,1482.2405657596903,72.99469907056232,100,100,0.0,2,1,1,3,6,6.0,6,6.0,2.0,1.0
2022-08-27,2022,FSV Mainz 05,Bayer Leverkusen,A,0,2.75,3.75,2.37,1585.9793296704636,1618.2752213374565,-32.29589166699293,100,100,0.0,-4,-4,-3,-8,11,11.0,6,6.0,1.3333333333333333,1.3333333333333333
2022-08-27,2022,Bayern Munich,Borussia Monchengladbach,D,1,1.18,8.0,12.0,1823.9295461050601,1586.9302571647715,236.99928894028858,100,100,0.0,6,8,3,14,11,11.0,11,11.0,1.3333333333333333,1.3333333333333333
2022-08-28,2022,Werder Bremen,Ein Frankfurt,A,0,2.45,3.5,2.8,1465.6382049290419,1543.6332445706348,-77.99503964159294,100,100,0.0,-1,-2,0,-1,5,5.0,4,4.0,1.3333333333333333,1.3333333333333333
2022-08-28,2022,FC Cologne,VfB Stuttgart,D,1,2.05,3.75,3.4,1585.5476758559657,1485.8925183484896,99.65515750747613,100,100,0.0,0,0,0,0,5,5.0,6,6.0,1.0,2.0
2022-09-02,2022,Borussia Dortmund,TSG Hoffenheim,H,2,1.61,4.5,4.75,1716.0652031328927,1563.328082762044,152.73712037084874,100,100,0.0,4,5,5,5,12,12.0,9,9.0,2.3333333333333335,0.3333333333333333
2022-09-03,2022,VfL Bochum,Werder Bremen,A,0,2.9,3.6,2.3,1479.754607431936,1449.6894426948847,30.06516473705119,100,100,0.0,0,0,0,0,0,0.0,5,5.0,1.5,1.5
2022-09-03,2022,Bayer Leverkusen,SC Freiburg,A,0,1.9,3.75,3.8,1636.161796963548,1622.6320255446994,13.529771418848668,100,100,0.0,4,4,3,8,6,6.0,9,9.0,1.0,2.0
2022-09-03,2022,VfB Stuttgart,FC Schalke 04,D,1,1.75,4.0,4.33,1493.6740503914161,1356.9053069535069,136.76874343790928,100,100,0.0,0,0,0,0,6,6.0,2,2.0,1.6666666666666667,0.6666666666666666
2022-09-03,2022,Union Berlin,Bayern Munich,D,1,7.0,5.25,1.36,1668.1321208076074,1812.6992327916416,-144.56711198403423,100,100,0.0,-9,-10,-7,-17,13,13.0,11,11.0,0.3333333333333333,2.3333333333333335
2022-09-03,2022,VfL Wolfsburg,FC Cologne,A,0,2.05,3.4,3.75,1531.0294134190303,1577.7661438130392,-46.73673039400887,100,100,0.0,2,3,1,2,3,3.0,6,6.0,2.0,1.0
2022-09-03,2022,Ein Frankfurt,RB Leipzig,H,2,3.5,3.75,2.0,1559.582006804792,1652.6444025880407,-93.0623957832488,100,100,0.0,-4,-4,-4,-6,6,6.0,6,6.0,1.0,1.0
2022-09-04,2022,FC Augsburg,Hertha BSC,A,0,2.45,3.3,2.87,1474.147747827899,1433.7379621936486,40.409785634250284,100,100,0.0,0,0,0,0,6,6.0,1,1.0,0.3333333333333333,2.3333333333333335
2022-09-04,2022,Borussia Monchengladbach,FSV Mainz 05,A,0,2.2,3.8,3.0,1598.16057047819,1568.092754044372,30.067816433818052,100,100,0.0,3,2,4,3,11,11.0,8,8.0,0.6666666666666666,1.6666666666666667
2022-09-09,2022,Werder Bremen,FC Augsburg,A,0,1.53,4.5,5.5,1470.0564036741544,1453.3955662609128,16.660837413241552,100,100,0.0,0,0,0,0,8,8.0,3,3.0,1.0,2.0
2022-09-10,2022,FC Schalke 04,VfL Bochum,H,2,2.0,3.8,3.5,1365.792471084435,1459.3876464526663,-93.59517536823137,100,100,0.0,0,0,0,0,3,3.0,0,0.0,1.5,1.5
2022-09-10,2022,RB Leipzig,Borussia Dortmund,H,2,2.3,3.9,2.75,1637.9438832368503,1721.7427907675185,-83.7989075306682,100,100,0.0,-1,0,-2,-1,5,5.0,12,12.0,2.0,1.0
2022-09-10,2022,Ein Frankfurt,VfL Wolfsburg,A,0,2.0,3.6,3.6,1574.2825261559824,1513.74770030824,60.53482584774247,100,100,0.0,-1,-1,-1,-1,8,8.0,2,2.0,1.3333333333333333,1.3333333333333333
2022-09-10,2022,Hertha BSC,Bayer Leverkusen,D,1,3.6,4.0,1.9,1454.490143760635,1616.4276326919667,-161.9374889313317,100,100,0.0,-4,-4,-3,-8,4,4.0,3,3.0,1.3333333333333333,1.3333333333333333
2022-09-10,2022,Bayern Munich,VfB Stuttgart,D,1,1.14,8.0,17.0,1810.7856002534922,1484.786886260488,325.99871399300423,100,100,0.0,9,10,7,17,11,11.0,4,4.0,2.3333333333333335,0.3333333333333333
2022-09-10,2022,TSG Hoffenheim,FSV Mainz 05,H,2,2.25,3.75,2.9,1557.6504951274183,1588.4598148503305,-30.809319722912278,100,100,0.0,2,1,1,3,9,9.0,10,10.0,0.0,3.0
2022-09-11,2022,FC Cologne,Union Berlin,A,0,2.37,3.4,2.9,1595.0478569238296,1670.0457533457568,-74.99789642192718,100,100,0.0,0,0,0,0,9,9.0,11,11.0,0.3333333333333333,2.3333333333333335
2022-09-11,2022,SC Freiburg,Borussia Monchengladbach,D,1,2.0,3.6,3.5,1642.366189816281,1577.7935096722315,64.5726801440494,100,100,0.0,-3,-2,-4,-3,12,12.0,8,8.0,1.3333333333333333,1.3333333333333333
2022-09-16,2022,FSV Mainz 05,Hertha BSC,D,1,1.72,4.0,4.33,1576.4081429583737,1457.136228164194,119.27191479417957,100,100,0.0,0,0,0,0,7,7.0,5,5.0,2.3333333333333335,0.3333333333333333
2022-09-17,2022,FC Augsburg,Bayern Munich,H,2,17.0,8.0,1.16,1473.2510958217008,1798.1638346224095,-324.91273880070867,100,100,0.0,-9,-10,-7,-17,6,6.0,9,9.0,1.0,2.0
2022-09-17,2022,Borussia Dortmund,FC Schalke 04,H,2,1.36,5.0,8.0,1707.441741628386,1380.5159838963168,326.9257577320691,100,100,0.0,6,6,6,8,9,9.0,6,6.0,3.0,0.0
2022-09-17,2022,Bayer Leverkusen,Werder Bremen,D,1,1.61,4.33,5.0,1613.7815482884075,1450.2008741133664,163.58067417504117,100,100,0.0,4,4,3,8,4,4.0,7,7.0,1.6666666666666667,0.6666666666666666
2022-09-17,2022,VfB Stuttgart,Ein Frankfurt,A,0,2.25,3.5,3.1,1497.4086518915708,1552.8061452473037,-55.39749335573288,100,100,0.0,-1,-2,0,-1,4,4.0,8,8.0,0.6666666666666666,1.6666666666666667
2022-09-17,2022,Borussia Monchengladbach,RB Leipzig,H,2,3.0,3.6,2.25,1584.4110068184373,1652.244932375983,-67.83392555754563,100,100,0.0,-2,-4,0,-4,6,6.0,7,7.0,1.0,2.0
2022-09-18,2022,TSG Hoffenheim,SC Freiburg,D,1,2.15,3.6,3.2,1569.702167019375,1635.7486926700751,-66.0465256507,100,100,0.0,2,1,1,3,12,12.0,10,10.0,1.3333333333333333,1.3333333333333333
2022-09-18,2022,Union Berlin,VfL Wolfsburg,H,2,1.95,3.5,3.8,1686.1233215042284,1535.2240812169186,150.8992402873098,100,100,0.0,-2,-3,-1,-2,11,11.0,4,4.0,1.0,2.0
2022-09-18,2022,VfL Bochum,FC Cologne,D,1,3.1,3.6,2.2,1444.6641336407845,1578.970288765358,-134.30615512457348,100,100,0.0,0,0,0,0,0,0.0,6,6.0,0.5,2.0
2022-09-30,2022,Bayern Munich,Bayer Leverkusen,H,2,1.36,6.0,7.0,1774.615575997585,1604.177365808301,170.43821018928406,100,100,0.0,5,6,4,9,6,6.0,5,5.0,2.3333333333333335,0.3333333333333333
2022-10-01,2022,Ein Frankfurt,Union Berlin,H,2,2.25,3.4,3.2,1569.7212810054573,1691.849768545147,-122.12848753968979,100,100,0.0,1,2,0,1,10,10.0,13,13.0,2.0,1.0
2022-10-01,2022,FC Cologne,Borussia Dortmund,H,2,3.1,4.0,2.05,1577.4939678159828,1709.8083168781136,-132.31434906213076,100,100,0.0,-6,-6,-6,-8,6,6.0,9,9.0,0.6666666666666666,1.6666666666666667
2022-10-01,2022,SC Freiburg,FSV Mainz 05,H,2,2.1,3.6,3.4,1637.2099331601062,1568.0258473040876,69.18408585601856,100,100,0.0,0,0,0,0,11,11.0,7,7.0,0.6666666666666666,1.6666666666666667
2022-10-01,2022,RB Leipzig,VfL Bochum,H,2,1.22,6.5,12.0,1638.6296992756643,1446.1404545901596,192.48924468550467,100,100,0.0,5,6,4,7,6,6.0,1,1.0,3.0,0.0
2022-10-01,2022,VfL Wolfsburg,VfB Stuttgart,H,2,2.4,3.4,2.9,1529.497634176,1480.4935161334172,49.00411804258283,100,100,0.0,2,3,1,2,4,4.0,3,3.0,1.3333333333333333,1.3333333333333333
2022-10-01,2022,Werder Bremen,Borussia Monchengladbach,H,2,2.5,3.9,2.5,1459.805056593473,1598.026239918756,-138.22118332528294,100,100,0.0,-3,-2,-4,-3,7,7.0,8,8.0,0.3333333333333333,2.3333333333333335
2022-10-02,2022,Hertha BSC,TSG Hoffenheim,D,1,2.75,3.75,2.37,1465.5185238184802,1568.240926529344,-102.72240271086389,100,100,0.0,-2,-1,-1,-3,5,5.0,10,10.0,1.0,2.0
2022-10-02,2022,FC Schalke 04,FC Augsburg,A,0,1.95,3.8,3.6,1378.149408646589,1496.7993544465253,-118.64994579993618,100,100,0.0,0,0,0,0,5,5.0,6,6.0,1.3333333333333333,1.3333333333333333
2022-10-07,2022,TSG Hoffenheim,Werder Bremen,A,0,1.95,3.8,3.5,1568.1233933616693,1476.4485730830738,91.67482027859546,100,100,0.0,2,1,1,3,8,8.0,7,7.0,2.3333333333333335,0.3333333333333333
2022-10-08,2022,VfL Bochum,Ein Frankfurt,H,2,3.75,3.8,1.9,1441.4422837293034,1585.6753548811191,-144.2330711518157,100,100,0.0,-1,-2,0,-1,1,1.0,12,12.0,1.5,1.5
2022-10-08,2022,Borussia Dortmund,Bayern Munich,D,1,4.33,4.75,1.65,1693.4172032564688,1779.8389054655622,-86.42170220909338,100,100,0.0,-3,-4,-1,-9,9,9.0,6,6.0,0.0,3.0
2022-10-08,2022,FC Augsburg,VfL Wolfsburg,D,1,2.9,3.4,2.4,1510.9949440281787,1538.4320073944978,-27.43706336631908,100,100,0.0,-2,-3,-1,-2,9,9.0,6,6.0,1.0,2.0
2022-10-08,2022,Bayer Leverkusen,FC Schalke 04,H,2,1.45,4.5,7.0,1598.9540363403237,1363.9538190649357,235.00021727538797,100,100,0.0,4,4,3,8,5,5.0,4,4.0,2.3333333333333335,0.3333333333333333
2022-10-08,2022,FSV Mainz 05,RB Leipzig,D,1,3.0,3.6,2.3,1559.8027435860818,1643.3278701365205,-83.5251265504387,100,100,0.0,-5,-6,-4,-7,4,4.0,9,9.0,2.0,1.0
2022-10-09,2022,Borussia Monchengladbach,FC Cologne,H,2,1.95,3.75,3.6,1581.382723429155,1593.8850814376276,-12.502358008472584,100,100,0.0,3,2,4,3,5,5.0,8,8.0,0.0,3.0
2022-10-09,2022,Hertha BSC,SC Freiburg,D,1,3.0,3.5,2.3,1465.636056986155,1645.433036878112,-179.7969798919571,100,100,0.0,0,0,0,0,6,6.0,11,11.0,1.0,2.0
2022-10-09,2022,VfB Stuttgart,Union Berlin,A,0,2.55,3.1,2.9,1471.5591429149194,1675.8956946694852,-204.3365517545658,100,100,0.0,0,0,0,0,3,3.0,10,10.0,0.6666666666666666,1.6666666666666667
2022-10-14,2022,FC Schalke 04,TSG Hoffenheim,A,0,3.6,3.8,1.95,1360.1460396904897,1545.59666891741,-185.45062922692023,100,100,0.0,-2,-1,-1,-3,4,4.0,5,5.0,1.3333333333333333,1.3333333333333333
2022-10-15,2022,Ein Frankfurt,Bayer Leverkusen,H,2,2.75,3.6,2.45,1568.7759110604188,1602.7618157147697,-33.98590465435086,100,100,0.0,-3,-2,-3,-7,9,9.0,5,5.0,1.0,2.0
2022-10-15,2022,VfB Stuttgart,VfL Bochum,H,2,1.65,4.0,5.25,1460.9330148566082,1458.3417275500037,2.5912873066044995,100,100,0.0,0,0,0,0,2,2.0,4,4.0,1.0,1.0
2022-10-15,2022,Werder Bremen,FSV Mainz 05,A,0,2.37,3.6,2.87,1498.9752975273332,1559.091998750034,-60.11670122270084,100,100,0.0,0,0,0,0,10,10.0,5,5.0,1.0,2.0
2022-10-15,2022,VfL Wolfsburg,Borussia Monchengladbach,D,1,2.62,3.5,2.6,1541.5200318202176,1592.683032526909,-51.16300070669149,100,100,0.0,-1,1,-3,-1,7,7.0,7,7.0,0.6666666666666666,1.6666666666666667
2022-10-15,2022,RB Leipzig,Hertha BSC,H,2,1.4,5.0,7.0,1644.0386149725682,1469.02184417945,175.0167707931182,100,100,0.0,5,6,4,7,7,7.0,7,7.0,3.0,0.0
2022-10-16,2022,Bayern Munich,SC Freiburg,H,2,1.25,6.5,9.0,1780.4248294289082,1642.047249684817,138.37757974409124,100,100,0.0,9,10,7,17,6,6.0,9,9.0,2.3333333333333335,0.3333333333333333
2022-10-16,2022,Union Berlin,Borussia Dortmund,H,2,2.9,3.5,2.37,1686.5218227277965,1692.8312792931229,-6.3094565653264,100,100,0.0,-6,-6,-6,-8,10,10.0,7,7.0,0.0,3.0
2022-10-16,2022,FC Cologne,FC Augsburg,H,2,1.66,4.0,5.0,1582.5847723398736,1507.9069196024589,74.6778527374147,100,100,0.0,0,0,0,0,7,7.0,10,10.0,2.0,1.0
2022-10-21,2022,FSV Mainz 05,FC Cologne,H,2,2.15,3.5,3.25,1575.8063753717954,1590.6204590690404,-14.814083697244996,100,100,0.0,0,0,0,0,5,5.0,7,7.0,1.3333333333333333,1.3333333333333333
2022-10-22,2022,SC Freiburg,Werder Bremen,H,2,1.9,3.75,3.8,1635.9793670213003,1482.2609209055718,153.7184461157285,100,100,0.0,0,0,0,0,6,6.0,7,7.0,0.6666666666666666,1.6666666666666667
2022-10-22,2022,FC Augsburg,RB Leipzig,D,1,5.5,4.33,1.57,1499.871232873292,1649.1492209254807,-149.27798805218868,100,100,0.0,-5,-6,-4,-7,10,10.0,10,10.0,0.3333333333333333,2.3333333333333335
2022-10-22,2022,Borussia Dortmund,VfB Stuttgart,H,2,1.53,4.75,5.5,1681.7809485693692,1471.628185984781,210.15276258458812,100,100,0.0,6,6,6,8,4,4.0,4,4.0,3.0,0.0
2022-10-22,2022,Bayer Leverkusen,VfL Wolfsburg,D,1,1.7,4.2,4.5,1590.5780643700875,1539.42534673246,51.152717637627575,100,100,0.0,2,1,2,6,5,5.0,8,8.0,1.0,2.0
2022-10-22,2022,Borussia Monchengladbach,Ein Frankfurt,A,0,2.3,3.75,2.87,1594.7777176146667,1580.959662405101,13.818055209565728,100,100,0.0,2,0,4,2,8,8.0,9,9.0,1.3333333333333333,1.3333333333333333
2022-10-22,2022,TSG Hoffenheim,Bayern Munich,A,0,5.5,5.0,1.5,1556.980098157899,1786.4927120924249,-229.51261393452592,100,100,0.0,-7,-9,-6,-14,8,8.0,8,8.0,0.3333333333333333,2.3333333333333335
2022-10-23,2022,VfL Bochum,Union Berlin,H,2,4.33,3.4,1.9,1447.6465564218308,1697.57215345155,-249.92559702971926,100,100,0.0,0,0,0,0,4,4.0,12,12.0,0.0,3.0
2022-10-23,2022,Hertha BSC,FC Schalke 04,H,2,1.75,3.75,4.75,1463.9112382265375,1348.7626104500007,115.14862777653684,100,100,0.0,0,0,0,0,4,4.0,3,3.0,2.3333333333333335,0.3333333333333333
2022-10-28,2022,Werder Bremen,Hertha BSC,H,2,2.0,3.8,3.4,1476.6092903179842,1470.6521797668856,5.957110551098594,100,100,0.0,0,0,0,0,7,7.0,6,6.0,1.3333333333333333,1.3333333333333333
2022-10-29,2022,VfB Stuttgart,FC Augsburg,H,2,1.8,3.8,4.33,1467.318993882136,1501.9845823797755,-34.66558849763942,100,100,0.0,0,0,0,0,3,3.0,8,8.0,2.0,1.0
2022-10-29,2022,VfL Wolfsburg,VfL Bochum,H,2,1.65,4.2,4.75,1545.568373020367,1468.745425560264,76.82294746010302,100,100,0.0,2,3,1,2,6,6.0,7,7.0,1.5,1.5
2022-10-29,2022,RB Leipzig,Bayer Leverkusen,H,2,1.8,4.0,4.1,1647.0358714189972,1584.4350380821804,62.60083333681678,100,100,0.0,1,2,1,-1,8,8.0,5,5.0,2.0,1.0
2022-10-29,2022,Ein Frankfurt,Borussia Dortmund,A,0,2.75,3.75,2.4,1600.7050301813547,1686.0901406720143,-85.3851104906596,100,100,0.0,-5,-4,-6,-7,12,12.0,7,7.0,1.0,2.0
2022-10-29,2022,Bayern Munich,FSV Mainz 05,H,2,1.25,6.5,11.0,1796.1465645135042,1587.2005708034906,208.94599371001368,100,100,0.0,9,10,7,17,10,10.0,8,8.0,1.0,2.0
2022-10-30,2022,Union Berlin,Borussia Monchengladbach,H,2,2.05,3.4,3.8,1676.473284313117,1575.032349838413,101.44093447470391,100,100,0.0,-3,-2,-4,-3,9,9.0,7,7.0,2.3333333333333335,0.3333333333333333
2022-10-30,2022,FC Schalke 04,SC Freiburg,A,0,4.0,3.75,1.9,1342.0216689096526,1641.6309976088878,-299.6093286992352,100,100,0.0,0,0,0,0,0,0.0,8,8.0,0.0,3.0
2022-10-30,2022,FC Cologne,TSG Hoffenheim,D,1,2.9,3.5,2.37,1579.2262636373453,1547.3262457368196,31.900017900525654,100,100,0.0,-2,-1,-1,-3,7,7.0,5,5.0,0.0,3.0
2022-11-04,2022,Borussia Monchengladbach,VfB Stuttgart,H,2,2.15,3.75,3.1,1567.8700809786305,1479.5310655150947,88.33901546353582,100,100,0.0,3,2,4,3,4,4.0,6,6.0,0.3333333333333333,2.3333333333333335
2022-11-05,2022,FSV Mainz 05,VfL Wolfsburg,A,0,2.0,3.75,3.5,1582.8656802553771,1553.5316206744883,29.334059580888834,100,100,0.0,-2,-3,-1,-2,7,7.0,9,9.0,2.0,1.0
2022-11-05,2022,FC Augsburg,Ein Frankfurt,A,0,4.33,4.0,1.72,1489.7725107468168,1585.074426580581,-95.30191583376427,100,100,0.0,-1,-2,0,-1,5,5.0,9,9.0,0.6666666666666666,1.6666666666666667
2022-11-05,2022,Werder Bremen,FC Schalke 04,H,2,1.65,4.33,4.5,1487.1714894684399,1334.8017547448349,152.369734723605,100,100,0.0,0,0,0,0,9,9.0,0,0.0,2.3333333333333335,0.3333333333333333
2022-11-05,2022,Borussia Dortmund,VfL Bochum,H,2,1.22,7.0,11.0,1701.720744272788,1460.7821779061428,240.9385663666451,100,100,0.0,6,6,6,8,7,7.0,6,6.0,0.5,2.0
2022-11-05,2022,TSG Hoffenheim,RB Leipzig,A,0,2.9,3.75,2.25,1552.7621515009619,1655.487108145512,-102.72495664455005,100,100,0.0,-3,-5,-3,-4,5,5.0,11,11.0,1.3333333333333333,1.3333333333333333
2022-11-05,2022,Hertha BSC,Bayern Munich,A,0,10.0,6.5,1.25,1460.08998061643,1800.4814550616177,-340.39147444518767,100,100,0.0,-9,-10,-7,-17,5,5.0,13,13.0,0.0,3.0
2022-11-06,2022,Bayer Leverkusen,Union Berlin,H,2,2.15,3.4,3.4,1575.9838013556657,1683.6355531728993,-107.65175181723362,100,100,0.0,4,4,3,8,4,4.0,9,9.0,1.0,1.0
2022-11-06,2022,SC Freiburg,FC Cologne,H,2,1.7,4.0,4.75,1648.8509117737055,1573.790357873203,75.06055390050255,100,100,0.0,0,0,0,0,10,10.0,7,7.0,1.3333333333333333,1.3333333333333333
2022-11-08,2022,VfL Wolfsburg,Borussia Dortmund,H,2,3.1,3.6,2.2,1573.871037444676,1705.4163220809744,-131.54528463629845,100,100,0.0,-4,-3,-5,-6,9,9.0,10,10.0,0.0,3.0
2022-11-08,2022,Bayern Munich,Werder Bremen,H,2,1.14,9.5,15.0,1806.493415015689,1492.8588183031486,313.6345967125403,100,100,0.0,9,10,7,17,13,13.0,9,9.0,2.3333333333333335,0.3333333333333333
2022-11-08,2022,VfL Bochum,Borussia Monchengladbach,H,2,3.2,3.5,2.25,1457.0866000979563,1575.451631503975,-118.36503140601872,100,100,0.0,-3,-2,-4,-3,6,6.0,7,7.0,0.0,3.0
2022-11-08,2022,VfB Stuttgart,Hertha BSC,H,2,1.95,3.8,3.75,1471.9495149897502,1454.0780206623588,17.871494327391474,100,100,0.0,0,0,0,0,6,6.0,4,4.0,0.6666666666666666,1.6666666666666667
2022-11-09,2022,FC Schalke 04,FSV Mainz 05,H,2,3.4,3.75,2.05,1329.114425910126,1562.5262634851892,-233.41183757506315,100,100,0.0,0,0,0,0,0,0.0,7,7.0,1.0,1.0
2022-11-09,2022,Union Berlin,FC Augsburg,D,1,1.55,4.2,6.0,1668.3052538921131,1474.5696905103757,193.7355633817374,100,100,0.0,0,0,0,0,9,9.0,2,2.0,0.3333333333333333,2.3333333333333335
2022-11-09,2022,Ein Frankfurt,TSG Hoffenheim,H,2,1.9,3.8,3.75,1600.2772468170222,1537.8797949240413,62.397451892980826,100,100,0.0,-1,1,-1,-2,9,9.0,4,4.0,1.3333333333333333,1.3333333333333333
2022-11-09,2022,FC Cologne,Bayer Leverkusen,A,0,3.0,3.75,2.2,1565.7676254046073,1591.314100636452,-25.546475231844624,100,100,0.0,-4,-4,-3,-8,4,4.0,7,7.0,1.3333333333333333,1.3333333333333333
2022-11-09,2022,RB Leipzig,SC Freiburg,H,2,1.72,4.0,4.5,1670.3694647224324,1656.8736442423012,13.495820480131215,100,100,0.0,5,6,4,7,11,11.0,10,10.0,1.6666666666666667,0.6666666666666666
2022-11-11,2022,Borussia Monchengladbach,Borussia Dortmund,H,2,3.2,4.0,2.15,1559.659486989845,1689.0581327683208,-129.39864577847584,100,100,0.0,-3,-4,-2,-5,4,4.0,9,9.0,2.0,1.0
2022-11-12,2022,FC Augsburg,VfL Bochum,A,0,2.2,3.5,3.2,1484.8998775313848,1472.8787446120864,12.021132919298452,100,100,0.0,0,0,0,0,2,2.0,6,6.0,1.5,1.5
2022-11-12,2022,TSG Hoffenheim,VfL Wolfsburg,A,0,2.25,3.75,3.1,1529.4214493476695,1590.2292267573296,-60.80777740966005,100,100,0.0,0,-2,0,1,4,4.0,11,11.0,3.0,0.0
2022-11-12,2022,Hertha BSC,FC Cologne,H,2,2.2,3.6,3.1,1443.9802887521778,1547.6015252987916,-103.62123654661377,100,100,0.0,0,0,0,0,3,3.0,4,4.0,0.3333333333333333,2.3333333333333335
2022-11-12,2022,FC Schalke 04,Bayern Munich,A,0,15.0,7.5,1.16,1349.6069406287268,1809.0322392546364,-459.4252986259096,100,100,0.0,-9,-10,-7,-17,3,3.0,15,15.0,0.0,3.0
2022-11-12,2022,Werder Bremen,RB Leipzig,A,0,3.6,4.0,1.9,1490.3199940642012,1680.6366202646718,-190.31662620047064,100,100,0.0,-5,-6,-4,-7,6,6.0,13,13.0,0.0,3.0
2022-11-12,2022,Bayer Leverkusen,VfB Stuttgart,H,2,1.72,4.2,4.33,1609.4802007422677,1482.0472468999312,127.43295384233647,100,100,0.0,4,4,3,8,7,7.0,9,9.0,3.0,0.0
2022-11-13,2022,FSV Mainz 05,Ein Frankfurt,D,1,2.75,3.5,2.45,1542.0337487665886,1608.735592393394,-66.70184362680538,100,100,0.0,-1,-2,0,-1,6,6.0,12,12.0,0.6666666666666666,1.6666666666666667
2022-11-13,2022,SC Freiburg,Union Berlin,H,2,2.0,3.3,4.0,1646.6064887000618,1657.975066871104,-11.368578171042145,100,100,0.0,0,0,0,0,9,9.0,7,7.0,0.3333333333333333,2.3333333333333335
2023-01-20,2022,RB Leipzig,Bayern Munich,D,1,3.6,4.33,1.85,1691.8228586694474,1812.3965815716213,-120.57372290217381,100,100,0.0,-4,-4,-3,-10,13,13.0,15,15.0,0.0,3.0
2023-01-21,2022,VfL Wolfsburg,SC Freiburg,H,2,2.55,3.4,2.75,1606.9141503029289,1657.860863511802,-50.946713208873234,100,100,0.0,2,3,1,2,13,13.0,12,12.0,1.0,2.0
2023-01-21,2022,Union Berlin,TSG Hoffenheim,H,2,2.25,3.4,3.2,1646.7206920593637,1512.7365258020702,133.9841662572935,100,100,0.0,-2,-1,-1,-3,4,4.0,1,1.0,1.6666666666666667,0.6666666666666666
2023-01-21,2022,FC Cologne,Werder Bremen,H,2,2.25,3.8,2.9,1532.445189610671,1479.1337556594256,53.31143395124536,100,100,0.0,0,0,0,0,1,1.0,6,6.0,0.6666666666666666,1.6666666666666667
2023-01-21,2022,VfL Bochum,Hertha BSC,H,2,2.38,3.5,2.9,1492.5541835447123,1459.1366244402984,33.41755910441384,100,100,0.0,0,0,0,0,9,9.0,6,6.0,0.5,2.0
2023-01-21,2022,VfB Stuttgart,FSV Mainz 05,D,1,2.4,3.5,2.88,1475.6686714073967,1540.6005372536065,-64.9318658462098,100,100,0.0,0,0,0,0,6,6.0,4,4.0,2.3333333333333335,0.3333333333333333
2023-01-21,2022,Ein Frankfurt,FC Schalke 04,H,2,1.36,5.0,8.5,1610.168803906376,1346.2425983117419,263.9262055946342,100,100,0.0,1,2,0,1,10,10.0,3,3.0,2.0,1.0
2023-01-22,2022,Borussia Dortmund,FC Augsburg,H,2,1.3,6.0,8.0,1672.791911759744,1465.224438598759,207.56747316098495,100,100,0.0,6,6,6,8,9,9.0,2,2.0,2.3333333333333335,0.3333333333333333
2023-01-22,2022,Borussia Monchengladbach,Bayer Leverkusen,A,0,2.63,3.8,2.45,1575.9257079984218,1615.8587762348022,-39.93306823638045,100,100,0.0,-1,-2,1,-5,6,6.0,10,10.0,0.0,3.0
2023-01-24,2022,TSG Hoffenheim,VfB Stuttgart,D,1,2.1,3.5,3.4,1506.5453002606148,1474.1597789301934,32.3855213304214,100,100,0.0,2,1,1,3,1,1.0,7,7.0,1.0,2.0
2023-01-24,2022,FC Schalke 04,RB Leipzig,A,0,5.75,4.33,1.53,1342.9548741270867,1692.7100609309114,-349.7551868038247,100,100,0.0,-5,-6,-4,-7,3,3.0,13,13.0,0.0,3.0
2023-01-24,2022,Bayern Munich,FC Cologne,D,1,1.2,7.5,12.0,1811.5093793101573,1541.224793204046,270.2845861061114,100,100,0.0,9,10,7,17,13,13.0,4,4.0,3.0,0.0
2023-01-24,2022,Hertha BSC,VfL Wolfsburg,A,0,3.0,3.4,2.3,1449.6293530559867,1619.8103102275497,-170.18095717156302,100,100,0.0,-2,-3,-1,-2,3,3.0,15,15.0,0.3333333333333333,2.3333333333333335
2023-01-25,2022,Werder Bremen,Union Berlin,A,0,2.8,3.2,2.63,1470.3541520660506,1652.9119176008192,-182.55776553476858,100,100,0.0,0,0,0,0,6,6.0,7,7.0,0.0,3.0
2023-01-25,2022,SC Freiburg,Ein Frankfurt,D,1,2.5,3.5,2.7,1644.9647035871812,1613.4565280910313,31.50817549614999,100,100,0.0,-1,-2,0,-1,9,9.0,10,10.0,1.0,2.0
2023-01-25,2022,FSV Mainz 05,Borussia Dortmund,A,0,2.9,3.6,2.3,1542.1094297308098,1677.1563139626937,-135.04688423188395,100,100,0.0,-6,-6,-6,-8,2,2.0,9,9.0,0.0,3.0
2023-01-25,2022,Bayer Leverkusen,VfL Bochum,H,2,1.4,5.25,6.5,1633.4265416846192,1502.061454929024,131.36508675559526,100,100,0.0,4,4,3,8,12,12.0,9,9.0,2.0,0.5
2023-01-25,2022,FC Augsburg,Borussia Monchengladbach,H,2,3.0,3.6,2.25,1460.8600363958092,1558.3579425486048,-97.49790615279562,100,100,0.0,-3,-2,-4,-3,1,1.0,6,6.0,2.0,1.0
2023-01-27,2022,RB Leipzig,VfB Stuttgart,H,2,1.33,5.0,9.0,1698.4670841229952,1479.6138835603201,218.85320056267506,100,100,0.0,5,6,4,7,13,13.0,5,5.0,2.3333333333333335,0.3333333333333333
2023-01-28,2022,SC Freiburg,FC Augsburg,H,2,1.5,4.5,6.25,1639.5434992999735,1475.7520141883742,163.7914851115993,100,100,0.0,0,0,0,0,7,7.0,4,4.0,3.0,0.0
2023-01-28,2022,Hertha BSC,Union Berlin,A,0,3.5,3.25,2.2,1437.6187599855466,1664.4132153761268,-226.7944553905802,100,100,0.0,0,0,0,0,3,3.0,7,7.0,0.0,3.0
2023-01-28,2022,TSG Hoffenheim,Borussia Monchengladbach,A,0,2.0,3.9,3.4,1501.091195630488,1543.4659647560397,-42.374769125551666,100,100,0.0,-1,-1,-3,0,1,1.0,6,6.0,0.3333333333333333,2.3333333333333335
2023-01-28,2022,FSV Mainz 05,VfL Bochum,H,2,1.7,4.0,4.75,1528.6174140529783,1495.7958221178305,32.82159193514781,100,100,0.0,0,0,0,0,2,2.0,9,9.0,2.0,1.0
2023-01-28,2022,Werder Bremen,VfL Wolfsburg,H,2,3.2,3.6,2.15,1458.852854290743,1631.8209032979898,-172.96804900724692,100,100,0.0,-2,-3,-1,-2,3,3.0,15,15.0,0.3333333333333333,2.3333333333333335
2023-01-28,2022,Bayern Munich,Ein Frankfurt,D,1,1.33,6.0,7.5,1799.6914758923479,1618.877732378239,180.81374351410886,100,100,0.0,8,8,7,16,11,11.0,11,11.0,2.0,1.0
2023-01-29,2022,FC Schalke 04,FC Cologne,D,1,3.8,3.6,1.95,1337.1978509350029,1553.0426966218554,-215.84484568685252,100,100,0.0,0,0,0,0,3,3.0,4,4.0,0.0,3.0
2023-01-29,2022,Bayer Leverkusen,Borussia Dortmund,A,0,2.45,3.8,2.63,1639.6921744958127,1690.6483296405252,-50.95615514471251,100,100,0.0,-2,-2,-3,0,15,15.0,9,9.0,1.0,2.0
2023-02-03,2022,FC Augsburg,Bayer Leverkusen,H,2,4.0,3.8,1.85,1470.3615648232797,1622.5887340440815,-152.2271692208019,100,100,0.0,-4,-4,-3,-8,4,4.0,12,12.0,1.0,2.0
2023-02-04,2022,FC Cologne,RB Leipzig,D,1,4.2,3.6,1.91,1548.218728773063,1702.5947342189163,-154.37600544585325,100,100,0.0,-5,-6,-4,-7,5,5.0,13,13.0,0.6666666666666666,1.6666666666666667
2023-02-04,2022,Borussia Monchengladbach,FC Schalke 04,D,1,1.53,4.5,5.75,1560.9312810802915,1342.0218187837952,218.90946229649626,100,100,0.0,3,2,4,3,6,6.0,4,4.0,2.3333333333333335,0.3333333333333333
2023-02-04,2022,Union Berlin,FSV Mainz 05,H,2,1.95,3.5,4.0,1674.1697974575457,1538.146979278746,136.02281817879975,100,100,0.0,0,0,0,0,10,10.0,5,5.0,2.3333333333333335,0.3333333333333333
2023-02-04,2022,Ein Frankfurt,Hertha BSC,H,2,1.45,4.5,6.5,1628.9070630085025,1427.8621779041277,201.04488510437477,100,100,0.0,1,2,0,1,9,9.0,3,3.0,1.3333333333333333,1.3333333333333333
2023-02-04,2022,Borussia Dortmund,SC Freiburg,H,2,1.67,4.0,5.0,1707.7517700922563,1644.933948665068,62.817821427188164,100,100,0.0,6,6,6,8,9,9.0,7,7.0,2.0,1.0
2023-02-04,2022,VfL Bochum,TSG Hoffenheim,H,2,2.75,3.5,2.5,1486.266256892063,1483.6258793062364,2.640377585826627,100,100,0.0,-2,-1,-1,-3,9,9.0,1,1.0,2.0,1.0
2023-02-05,2022,VfB Stuttgart,Werder Bremen,A,0,2.0,3.6,3.6,1475.486233464399,1476.9576235350567,-1.4713900706576624,100,100,0.0,0,0,0,0,5,5.0,3,3.0,2.3333333333333335,0.3333333333333333
2023-02-05,2022,VfL Wolfsburg,Bayern Munich,A,0,5.25,4.5,1.57,1613.7161340536761,1789.6621452620843,-175.9460112084082,100,100,0.0,-7,-7,-6,-15,12,12.0,9,9.0,0.3333333333333333,2.3333333333333335
2023-02-10,2022,FC Schalke 04,VfL Wolfsburg,D,1,3.6,3.8,1.95,1352.8953214384014,1601.9437430878156,-249.0484216494142,100,100,0.0,-2,-3,-1,-2,2,2.0,9,9.0,0.3333333333333333,2.3333333333333335
2023-02-11,2022,RB Leipzig,Union Berlin,A,0,1.7,3.75,5.0,1700.2661150522915,1680.3035594700964,19.962555582195137,100,100,0.0,5,6,4,7,11,11.0,12,12.0,0.0,3.0
2023-02-11,2022,Bayern Munich,VfL Bochum,H,2,1.11,10.0,17.0,1801.4345362279448,1496.9594832601788,304.47505296776603,100,100,0.0,9,10,7,17,9,9.0,9,9.0,2.0,1.0
2023-02-11,2022,SC Freiburg,VfB Stuttgart,H,2,1.8,3.8,4.33,1636.490292380047,1456.3428926798888,180.1473997001583,100,100,0.0,0,0,0,0,7,7.0,2,2.0,3.0,0.0
2023-02-11,2022,TSG Hoffenheim,Bayer Leverkusen,A,0,2.88,3.6,2.38,1472.9326529381206,1605.3507376412067,-132.41808470308615,100,100,0.0,-2,-3,-2,-5,1,1.0,9,9.0,1.3333333333333333,1.3333333333333333
2023-02-11,2022,FSV Mainz 05,FC Augsburg,H,2,1.8,4.0,4.2,1532.0132172661952,1487.5995612261545,44.41365604004068,100,100,0.0,0,0,0,0,5,5.0,6,6.0,2.0,1.0
2023-02-11,2022,Werder Bremen,Borussia Dortmund,A,0,4.0,4.0,1.8,1496.1009643195669,1716.1954263772773,-220.09446205771042,100,100,0.0,-6,-6,-6,-8,6,6.0,12,12.0,1.0,2.0
2023-02-12,2022,Hertha BSC,Borussia Monchengladbach,H,2,2.88,3.5,2.4,1423.3558729901586,1550.0577784256852,-126.70190543552667,100,100,0.0,-3,-2,-4,-3,3,3.0,7,7.0,1.0,2.0
2023-02-12,2022,FC Cologne,Ein Frankfurt,H,2,2.7,3.5,2.5,1550.5473479396878,1633.4133679224717,-82.86601998278388,100,100,0.0,-1,-2,0,-1,6,6.0,9,9.0,1.6666666666666667,0.6666666666666666
2023-02-17,2022,FC Augsburg,TSG Hoffenheim,H,2,2.7,3.5,2.6,1478.4985283574465,1459.3282065442024,19.170321813244072,100,100,0.0,-2,-1,-1,-3,6,6.0,1,1.0,0.0,3.0
2023-02-18,2022,Borussia Monchengladbach,Bayern Munich,H,2,7.0,5.75,1.36,1533.9072288777863,1804.0986095216822,-270.19138064389585,100,100,0.0,-6,-8,-3,-14,4,4.0,9,9.0,1.6666666666666667,0.6666666666666666
2023-02-18,2022,VfL Wolfsburg,RB Leipzig,A,0,3.3,3.6,2.15,1595.8765164182173,1680.283370483591,-84.40685406537364,100,100,0.0,-3,-3,-3,-5,7,7.0,8,8.0,1.0,2.0
2023-02-18,2022,VfL Bochum,SC Freiburg,A,0,3.1,3.5,2.25,1494.2954099664414,1641.476889471676,-147.18147950523462,100,100,0.0,0,0,0,0,6,6.0,7,7.0,1.0,2.0
2023-02-18,2022,VfB Stuttgart,FC Cologne,H,2,2.45,3.4,2.88,1451.3562955882599,1564.8082136593655,-113.45191807110564,100,100,0.0,0,0,0,0,2,2.0,9,9.0,1.3333333333333333,1.3333333333333333
2023-02-18,2022,Ein Frankfurt,Werder Bremen,H,2,1.62,4.2,5.25,1619.152502202794,1486.0887747071126,133.0637274956814,100,100,0.0,1,2,0,1,8,8.0,6,6.0,1.3333333333333333,1.3333333333333333
2023-02-19,2022,Union Berlin,FC Schalke 04,D,1,1.6,3.8,6.0,1700.286304038797,1358.9625481079997,341.32375593079723,100,100,0.0,0,0,0,0,15,15.0,3,3.0,1.6666666666666667,0.6666666666666666
2023-02-19,2022,Borussia Dortmund,Hertha BSC,H,2,1.33,5.5,8.5,1726.2076159897315,1439.5064225380574,286.70119345167404,100,100,0.0,6,6,6,8,15,15.0,3,3.0,2.0,1.0
2023-02-19,2022,Bayer Leverkusen,FSV Mainz 05,A,0,1.8,3.8,4.2,1618.9551840351248,1541.1142501349032,77.84093390022167,100,100,0.0,4,4,3,8,9,9.0,7,7.0,2.0,1.0
2023-02-24,2022,FSV Mainz 05,Borussia Monchengladbach,H,2,2.15,3.6,3.2,1563.18523323551,1555.718691474208,7.466541761301869,100,100,0.0,-3,-2,-4,-3,9,9.0,7,7.0,1.6666666666666667,0.6666666666666666
2023-02-25,2022,Hertha BSC,FC Augsburg,H,2,2.1,3.6,3.25,1436.5833086601829,1488.5462360822926,-51.962927422109715,100,100,0.0,0,0,0,0,3,3.0,9,9.0,2.3333333333333335,0.3333333333333333
2023-02-25,2022,TSG Hoffenheim,Borussia Dortmund,A,0,4.0,4.2,1.75,1449.2804988193564,1729.130729867606,-279.8502310482497,100,100,0.0,-4,-5,-5,-5,1,1.0,15,15.0,0.0,3.0
2023-02-25,2022,RB Leipzig,Ein Frankfurt,H,2,1.7,4.0,4.6,1695.9561290630863,1625.3698023756806,70.58632668740574,100,100,0.0,4,4,4,6,10,10.0,8,8.0,0.6666666666666666,1.6666666666666667
2023-02-25,2022,Werder Bremen,VfL Bochum,H,2,2.0,3.8,3.6,1479.871474534226,1481.3199682060456,-1.4484936718195058,100,100,0.0,0,0,0,0,6,6.0,3,3.0,3.0,0.0
2023-02-25,2022,FC Schalke 04,VfB Stuttgart,H,2,3.0,3.4,2.45,1371.7704554015163,1466.936771548527,-95.16631614701078,100,100,0.0,0,0,0,0,4,4.0,4,4.0,0.6666666666666666,1.6666666666666667
2023-02-25,2022,FC Cologne,VfL Wolfsburg,A,0,2.3,3.5,3.0,1549.2277376990983,1580.203757838722,-30.976020139623643,100,100,0.0,-2,-3,-1,-2,6,6.0,4,4.0,2.0,1.0
2023-02-26,2022,SC Freiburg,Bayer Leverkusen,D,1,2.15,3.5,3.25,1654.4523312320719,1596.884200934518,57.56813029755381,100,100,0.0,-4,-4,-3,-8,10,10.0,6,6.0,2.0,1.0
2023-02-26,2022,Bayern Munich,Union Berlin,H,2,1.33,5.25,9.0,1782.2871469252605,1687.4783967452804,94.80875017998005,100,100,0.0,9,10,7,17,8,8.0,13,13.0,2.3333333333333335,0.3333333333333333
2023-03-03,2022,Borussia Dortmund,RB Leipzig,H,2,2.2,3.5,3.2,1736.992459569706,1704.1311382974507,32.86132127225528,100,100,0.0,1,0,2,1,15,15.0,10,10.0,0.0,3.0
2023-03-04,2022,VfB Stuttgart,Bayern Munich,A,0,7.0,5.25,1.4,1452.1454449925322,1789.6596458611568,-337.5142008686246,100,100,0.0,-9,-10,-7,-17,3,3.0,10,10.0,0.6666666666666666,1.6666666666666667
2023-03-04,2022,FC Augsburg,Werder Bremen,H,2,2.3,3.5,3.0,1475.60704820274,1490.727220672188,-15.12017246944788,100,100,0.0,0,0,0,0,6,6.0,9,9.0,2.0,1.0
2023-03-04,2022,VfL Bochum,FC Schalke 04,A,0,2.3,3.4,3.1,1470.4642220680837,1386.5617819575111,83.90244011057257,100,100,0.0,0,0,0,0,3,3.0,7,7.0,0.0,3.0
2023-03-04,2022,FSV Mainz 05,TSG Hoffenheim,H,2,1.91,3.6,4.0,1573.68804575818,1441.4187691172565,132.2692766409234,100,100,0.0,-2,-1,-1,-3,12,12.0,0,0.0,2.0,1.0
2023-03-04,2022,Borussia Monchengladbach,SC Freiburg,D,1,2.4,3.6,2.8,1545.2158789515381,1648.0805393304784,-102.86466037894024,100,100,0.0,3,2,4,3,7,7.0,10,10.0,0.6666666666666666,1.6666666666666667
2023-03-04,2022,Union Berlin,FC Cologne,D,1,1.91,3.4,4.33,1680.105897809384,1531.2863292287145,148.8195685806695,100,100,0.0,0,0,0,0,10,10.0,5,5.0,2.3333333333333335,0.3333333333333333
2023-03-05,2022,Bayer Leverkusen,Hertha BSC,H,2,1.53,4.2,6.0,1603.2559928361115,1449.5224965397354,153.7334962963762,100,100,0.0,4,4,3,8,4,4.0,6,6.0,1.6666666666666667,0.6666666666666666
2023-03-05,2022,VfL Wolfsburg,Ein Frankfurt,D,1,2.45,3.5,2.8,1598.1451663091057,1617.1947931413163,-19.049626832210606,100,100,0.0,1,1,1,1,4,4.0,7,7.0,2.3333333333333335,0.3333333333333333
2023-03-10,2022,FC Cologne,VfL Bochum,A,0,1.73,3.75,4.75,1540.5042081447043,1448.191376679442,92.3128314652622,100,100,0.0,0,0,0,0,5,5.0,3,3.0,1.6666666666666667,0.6666666666666666
2023-03-11,2022,Bayern Munich,FC Augsburg,H,2,1.13,9.0,19.0,1795.751621830285,1487.0136975475941,308.737924282691,100,100,0.0,9,10,7,17,12,12.0,9,9.0,1.0,2.0
2023-03-11,2022,Ein Frankfurt,VfB Stuttgart,D,1,1.8,4.0,4.2,1620.6278037033953,1446.053469023404,174.57433467999135,100,100,0.0,1,2,0,1,7,7.0,3,3.0,2.3333333333333335,0.3333333333333333
2023-03-11,2022,Hertha BSC,FSV Mainz 05,D,1,2.9,3.4,2.45,1443.871263334046,1579.9279166583374,-136.05665332429135,100,100,0.0,0,0,0,0,6,6.0,12,12.0,0.3333333333333333,2.3333333333333335
2023-03-11,2022,RB Leipzig,Borussia Monchengladbach,H,2,1.4,5.0,7.0,1694.603060129322,1545.3395534793237,149.26350664999836,100,100,0.0,2,4,0,4,7,7.0,5,5.0,1.0,2.0
2023-03-11,2022,FC Schalke 04,Borussia Dortmund,D,1,4.5,4.0,1.73,1408.8346273461527,1746.5205377378345,-337.6859103916818,100,100,0.0,-6,-6,-6,-8,9,9.0,15,15.0,0.0,3.0
2023-03-12,2022,SC Freiburg,TSG Hoffenheim,H,2,1.91,3.6,4.0,1647.9568648026927,1435.178898217099,212.77796658559373,100,100,0.0,-2,-1,-1,-3,8,8.0,0,0.0,1.3333333333333333,1.3333333333333333
2023-03-12,2022,Werder Bremen,Bayer Leverkusen,A,0,3.3,3.75,2.1,1479.320571327334,1608.9072260418009,-129.58665471446693,100,100,0.0,-4,-4,-3,-8,6,6.0,7,7.0,1.0,1.0
2023-03-12,2022,VfL Wolfsburg,Union Berlin,D,1,2.25,3.25,3.3,1594.7121557470266,1670.8880188933942,-76.17586314636765,100,100,0.0,2,3,1,2,5,5.0,8,8.0,1.0,2.0
2023-03-17,2022,Borussia Monchengladbach,Werder Bremen,D,1,1.8,4.0,4.2,1539.5693513728388,1465.5948511247623,73.97450024807654,100,100,0.0,3,2,4,3,4,4.0,3,3.0,2.0,1.0
2023-03-18,2022,VfL Bochum,RB Leipzig,H,2,5.5,4.33,1.55,1470.7386918325346,1700.373262235807,-229.6345704032724,100,100,0.0,-5,-6,-4,-7,3,3.0,9,9.0,0.0,3.0
2023-03-18,2022,FC Augsburg,FC Schalke 04,D,1,2.3,3.4,3.1,1484.4085947547583,1417.7474487469374,66.66114600782089,100,100,0.0,0,0,0,0,6,6.0,9,9.0,1.3333333333333333,1.3333333333333333
2023-03-18,2022,TSG Hoffenheim,Hertha BSC,H,2,2.05,3.5,3.5,1430.9251725650665,1445.4223895598168,-14.49721699475026,100,100,0.0,2,1,1,3,0,0.0,7,7.0,1.3333333333333333,1.3333333333333333
2023-03-18,2022,Borussia Dortmund,FC Cologne,H,2,1.45,4.75,6.5,1737.6077163370499,1517.9568929916118,219.65082334543808,100,100,0.0,6,6,6,8,13,13.0,4,4.0,1.3333333333333333,1.3333333333333333
2023-03-18,2022,VfB Stuttgart,VfL Wolfsburg,A,0,2.38,3.4,2.9,1455.9320552961613,1593.6851941759044,-137.75313887974312,100,100,0.0,-2,-3,-1,-2,4,4.0,6,6.0,1.3333333333333333,1.3333333333333333
2023-03-19,2022,Bayer Leverkusen,Bayern Munich,H,2,5.25,4.5,1.55,1622.6329462443725,1798.356724623121,-175.72377837874842,100,100,0.0,-5,-6,-4,-9,10,10.0,12,12.0,0.3333333333333333,2.3333333333333335
2023-03-19,2022,FSV Mainz 05,SC Freiburg,D,1,2.1,3.5,3.3,1578.3767904325666,1652.2105904547252,-73.83380002215858,100,100,0.0,0,0,0,0,13,13.0,11,11.0,0.6666666666666666,1.6666666666666667
2023-03-19,2022,Union Berlin,Ein Frankfurt,H,2,2.38,3.2,3.2,1671.9149804645165,1610.749217430638,61.16576303387842,100,100,0.0,-1,-2,0,-1,6,6.0,5,5.0,1.0,2.0
2023-03-31,2022,Ein Frankfurt,VfL Bochum,D,1,1.5,4.33,6.5,1602.2477427863164,1491.089435281943,111.1583075043734,100,100,0.0,1,2,0,1,5,5.0,6,6.0,1.0,2.0
2023-04-01,2022,RB Leipzig,FSV Mainz 05,A,0,1.53,4.5,5.5,1680.0225187863987,1577.2492357770154,102.77328300938325,100,100,0.0,5,6,4,7,9,9.0,11,11.0,1.3333333333333333,1.3333333333333333
2023-04-01,2022,Bayern Munich,Borussia Dortmund,H,2,1.45,5.0,6.0,1780.1382671832696,1741.7190491474382,38.41921803583136,100,100,0.0,3,4,1,9,9,9.0,13,13.0,2.3333333333333335,0.3333333333333333
2023-04-01,2022,VfL Wolfsburg,FC Augsburg,D,1,1.62,4.0,5.5,1607.0616451363435,1477.7186731011464,129.34297203519714,100,100,0.0,2,3,1,2,8,8.0,7,7.0,1.3333333333333333,1.3333333333333333
2023-04-01,2022,SC Freiburg,Hertha BSC,D,1,1.62,4.0,5.5,1653.3381451102764,1434.0410810098526,219.29706410042377,100,100,0.0,0,0,0,0,9,9.0,4,4.0,2.3333333333333335,0.3333333333333333
2023-04-01,2022,FC Schalke 04,Bayer Leverkusen,A,0,3.8,3.75,1.91,1424.4373704005493,1640.851403684224,-216.4140332836746,100,100,0.0,-4,-4,-3,-8,9,9.0,10,10.0,0.0,3.0
2023-04-01,2022,Union Berlin,VfB Stuttgart,H,2,2.05,3.2,3.9,1680.4164551088381,1442.5556043357221,237.860850773116,100,100,0.0,0,0,0,0,6,6.0,4,4.0,1.6666666666666667,0.6666666666666666
2023-04-02,2022,FC Cologne,Borussia Monchengladbach,D,1,2.25,3.6,3.0,1513.8455601812234,1532.6288808272234,-18.783320645999993,100,100,0.0,-3,-2,-4,-3,1,1.0,5,5.0,2.0,1.0
2023-04-02,2022,Werder Bremen,TSG Hoffenheim,A,0,2.3,3.5,3.0,1472.5353216703777,1442.3064811150307,30.228840555347006,100,100,0.0,-2,-1,-1,-3,4,4.0,3,3.0,1.3333333333333333,1.3333333333333333
2023-04-08,2022,Bayer Leverkusen,Ein Frankfurt,H,2,1.8,4.0,4.0,1651.0054152031068,1594.1094909511385,56.89592425196838,100,100,0.0,3,2,3,7,13,13.0,3,3.0,1.0,2.0
2023-04-08,2022,Borussia Dortmund,Union Berlin,H,2,1.6,4.0,5.75,1732.397768352225,1684.1698254388994,48.227942913325705,100,100,0.0,6,6,6,8,10,10.0,8,8.0,2.0,1.0
2023-04-08,2022,FC Augsburg,FC Cologne,A,0,2.8,3.4,2.55,1486.395143800109,1510.4016564049236,-24.00651260481459,100,100,0.0,0,0,0,0,5,5.0,2,2.0,1.0,2.0
2023-04-08,2022,SC Freiburg,Bayern Munich,A,0,6.5,5.0,1.45,1642.4567082076112,1789.4595479784828,-147.00283977087156,100,100,0.0,-9,-10,-7,-17,7,7.0,12,12.0,0.0,3.0
2023-04-08,2022,Hertha BSC,RB Leipzig,A,0,5.5,4.0,1.62,1444.9225179125178,1657.1430541857198,-212.22053627320201,100,100,0.0,-5,-6,-4,-7,5,5.0,6,6.0,0.0,3.0
2023-04-08,2022,FSV Mainz 05,Werder Bremen,D,1,1.7,4.0,4.75,1600.1287003776943,1452.1621999170038,147.96650046069044,100,100,0.0,0,0,0,0,11,11.0,4,4.0,2.0,1.0
2023-04-09,2022,Borussia Monchengladbach,VfL Wolfsburg,H,2,2.38,3.6,2.88,1536.0727846035231,1598.3851744373808,-62.31238983385765,100,100,0.0,1,-1,3,1,3,3.0,9,9.0,1.6666666666666667,0.6666666666666666
2023-04-09,2022,VfL Bochum,VfB Stuttgart,A,0,3.1,3.5,2.25,1499.227687117121,1438.802234005661,60.42545311146,100,100,0.0,0,0,0,0,7,7.0,1,1.0,0.6666666666666666,1.6666666666666667
2023-04-09,2022,TSG Hoffenheim,FC Schalke 04,H,2,1.91,3.8,3.8,1462.6796028684046,1414.2833588816666,48.396243986738,100,100,0.0,2,1,1,3,6,6.0,8,8.0,2.0,1.0
2023-04-14,2022,FC Schalke 04,Hertha BSC,H,2,2.25,3.3,3.2,1405.327017514783,1434.6057279934316,-29.27871047864869,100,100,0.0,0,0,0,0,5,5.0,2,2.0,0.0,3.0
2023-04-15,2022,FC Cologne,FSV Mainz 05,D,1,2.55,3.4,2.7,1528.631220192034,1590.9337774688424,-62.30255727680833,100,100,0.0,0,0,0,0,5,5.0,9,9.0,1.3333333333333333,1.3333333333333333
2023-04-15,2022,VfB Stuttgart,Borussia Dortmund,D,1,3.5,3.8,1.95,1460.2747726462005,1741.3601974851254,-281.08542483892484,100,100,0.0,-6,-6,-6,-8,4,4.0,10,10.0,0.0,3.0
2023-04-15,2022,RB Leipzig,FC Augsburg,H,2,1.25,6.5,10.0,1667.459844104806,1468.1655800129986,199.29426409180746,100,100,0.0,5,6,4,7,6,6.0,5,5.0,1.6666666666666667,0.6666666666666666
2023-04-15,2022,Bayern Munich,TSG Hoffenheim,D,1,1.22,7.5,11.0,1802.442562262082,1471.6359442352882,330.8066180267938,100,100,0.0,7,9,6,14,12,12.0,9,9.0,2.3333333333333335,0.3333333333333333
2023-04-15,2022,Ein Frankfurt,Borussia Monchengladbach,D,1,1.73,4.2,4.33,1585.4574785788366,1549.4520315796021,36.00544699923444,100,100,0.0,-2,0,-4,-2,3,3.0,6,6.0,2.3333333333333335,0.3333333333333333
2023-04-16,2022,Werder Bremen,SC Freiburg,A,0,2.7,3.5,2.55,1461.3571228258556,1629.473693924012,-168.11657109815633,100,100,0.0,0,0,0,0,2,2.0,6,6.0,0.6666666666666666,1.6666666666666667
2023-04-16,2022,Union Berlin,VfL Bochum,D,1,1.6,3.8,6.0,1675.207396305999,1477.7551484765813,197.45224782941773,100,100,0.0,0,0,0,0,8,8.0,7,7.0,2.0,1.0
2023-04-16,2022,VfL Wolfsburg,Bayer Leverkusen,D,1,2.75,3.6,2.4,1585.0059274613018,1659.6574275754087,-74.65150011410697,100,100,0.0,-2,-1,-2,-6,6,6.0,15,15.0,1.3333333333333333,1.3333333333333333
2023-04-21,2022,FC Augsburg,VfB Stuttgart,D,1,3.2,3.6,2.15,1463.620548457905,1467.454223799946,-3.833675342041033,100,100,0.0,0,0,0,0,2,2.0,5,5.0,1.0,2.0
2023-04-22,2022,Borussia Dortmund,Ein Frankfurt,H,2,1.62,4.5,4.75,1734.1807463313799,1579.868268332005,154.31247799937478,100,100,0.0,5,4,6,7,8,8.0,3,3.0,3.0,0.0
2023-04-22,2022,FSV Mainz 05,Bayern Munich,H,2,5.25,4.5,1.57,1592.5549500410546,1789.7608946597313,-197.20594461867677,100,100,0.0,-9,-10,-7,-17,7,7.0,10,10.0,1.0,2.0
2023-04-22,2022,Hertha BSC,Werder Bremen,A,0,2.25,3.5,3.1,1422.617529443893,1449.2608425213944,-26.64331307750126,100,100,0.0,0,0,0,0,2,2.0,2,2.0,1.0,2.0
2023-04-22,2022,TSG Hoffenheim,FC Cologne,A,0,2.2,3.5,3.2,1484.3176118376389,1527.010047619822,-42.69243578218311,100,100,0.0,2,1,1,3,10,10.0,5,5.0,2.3333333333333335,0.3333333333333333
2023-04-22,2022,VfL Bochum,VfL Wolfsburg,A,0,3.0,3.5,2.3,1488.1690737314318,1583.9134824211649,-95.74440868973306,100,100,0.0,-2,-3,-1,-2,8,8.0,6,6.0,1.0,2.0
2023-04-23,2022,SC Freiburg,FC Schalke 04,H,2,1.8,3.75,4.5,1641.5699742284733,1417.3152160643215,224.25475816415178,100,100,0.0,0,0,0,0,8,8.0,5,5.0,3.0,0.0
2023-04-23,2022,Bayer Leverkusen,RB Leipzig,H,2,2.5,3.6,2.63,1660.7498726155457,1672.0048756598997,-11.255003044353998,100,100,0.0,-1,-2,-1,1,13,13.0,9,9.0,1.0,2.0
2023-04-23,2022,Borussia Monchengladbach,Union Berlin,A,0,2.38,3.3,3.1,1555.0412418264336,1664.7934710511486,-109.75222922471494,100,100,0.0,3,2,4,3,6,6.0,8,8.0,0.0,3.0
2023-04-28,2022,VfL Bochum,Borussia Dortmund,D,1,6.0,5.25,1.44,1472.9853542731378,1739.816708509883,-266.83135423674526,100,100,0.0,-6,-6,-6,-8,5,5.0,10,10.0,1.3333333333333333,1.3333333333333333
2023-04-29,2022,FC Cologne,SC Freiburg,A,0,2.4,3.25,3.0,1544.4620176387643,1645.5881805639688,-101.12616292520443,100,100,0.0,0,0,0,0,8,8.0,8,8.0,1.3333333333333333,1.3333333333333333
2023-04-29,2022,RB Leipzig,TSG Hoffenheim,H,2,1.44,5.0,6.5,1660.7550981552174,1466.8656418186965,193.88945633652088,100,100,0.0,3,5,3,4,6,6.0,10,10.0,2.0,1.0
2023-04-29,2022,Ein Frankfurt,FC Augsburg,D,1,1.53,4.5,5.5,1574.232306153502,1459.571589945763,114.66071620773891,100,100,0.0,1,2,0,1,2,2.0,3,3.0,1.6666666666666667,0.6666666666666666
2023-04-29,2022,Union Berlin,Bayer Leverkusen,D,1,2.8,3.4,2.45,1679.3725440111057,1671.999650120228,7.372893890877776,100,100,0.0,-4,-4,-3,-8,10,10.0,13,13.0,0.6666666666666666,1.6666666666666667
2023-04-29,2022,FC Schalke 04,Werder Bremen,H,2,2.25,3.5,3.1,1413.297009728826,1467.3816680390735,-54.084658310247505,100,100,0.0,0,0,0,0,4,4.0,5,5.0,0.3333333333333333,2.3333333333333335
2023-04-29,2022,VfB Stuttgart,Borussia Monchengladbach,H,2,1.8,4.0,4.2,1471.503182312088,1540.4621688664765,-68.9589865543885,100,100,0.0,-3,-2,-4,-3,5,5.0,6,6.0,1.3333333333333333,1.3333333333333333
2023-04-30,2022,Bayern Munich,Hertha BSC,H,2,1.11,10.0,19.0,1770.670356215356,1404.496703926214,366.17365228914196,100,100,0.0,9,10,7,17,7,7.0,1,1.0,3.0,0.0
2023-04-30,2022,VfL Wolfsburg,FSV Mainz 05,H,2,2.2,3.5,3.1,1599.097201879459,1611.64548848543,-12.548286605971043,100,100,0.0,2,3,1,2,8,8.0,9,9.0,2.0,1.0
2023-05-05,2022,Bayer Leverkusen,FC Cologne,A,0,1.67,4.0,5.0,1676.4931576213025,1529.5106378303124,146.98251979099018,100,100,0.0,4,4,3,8,11,11.0,8,8.0,1.3333333333333333,1.3333333333333333
2023-05-05,2022,FSV Mainz 05,FC Schalke 04,A,0,1.62,4.0,5.25,1600.343317058123,1426.3261454164692,174.0171716416537,100,100,0.0,0,0,0,0,8,8.0,6,6.0,0.6666666666666666,1.6666666666666667
2023-05-06,2022,FC Augsburg,Union Berlin,H,2,3.4,3.25,2.2,1467.8159583342015,1674.879036510031,-207.06307817582956,100,100,0.0,0,0,0,0,3,3.0,8,8.0,1.6666666666666667,0.6666666666666666
2023-05-06,2022,SC Freiburg,RB Leipzig,A,0,4.0,3.75,1.85,1660.5395603724207,1665.4214192600953,-4.881858887674525,100,100,0.0,-5,-6,-4,-7,10,10.0,9,9.0,0.6666666666666666,1.6666666666666667
2023-05-06,2022,Hertha BSC,VfB Stuttgart,H,2,3.1,3.5,2.25,1402.5781031615309,1485.1665884675122,-82.5884853059813,100,100,0.0,0,0,0,0,1,1.0,8,8.0,1.3333333333333333,1.3333333333333333
2023-05-06,2022,TSG Hoffenheim,Ein Frankfurt,H,2,2.3,3.6,2.9,1462.1993207138187,1565.9879377650634,-103.78861705124473,100,100,0.0,1,-1,1,2,7,7.0,3,3.0,1.3333333333333333,1.3333333333333333
2023-05-06,2022,Borussia Monchengladbach,VfL Bochum,H,2,1.85,3.8,4.0,1526.7987627110524,1479.6811614242913,47.1176012867611,100,100,0.0,3,2,4,3,5,5.0,3,3.0,2.0,1.0
2023-05-06,2022,Werder Bremen,Bayern Munich,A,0,8.5,6.0,1.3,1454.3525323514302,1772.588956980039,-318.2364246286088,100,100,0.0,-9,-10,-7,-17,4,4.0,10,10.0,0.3333333333333333,2.3333333333333335
2023-05-07,2022,Borussia Dortmund,VfL Wolfsburg,H,2,1.44,5.25,5.75,1733.1209013587295,1610.399373306766,122.72152805196356,100,100,0.0,4,3,5,6,8,8.0,8,8.0,2.0,1.0
2023-05-12,2022,FC Cologne,Hertha BSC,H,2,1.85,3.75,4.0,1553.678995929743,1416.8270163127074,136.85197961703557,100,100,0.0,0,0,0,0,10,10.0,3,3.0,2.0,1.0
2023-05-13,2022,Bayern Munich,FC Schalke 04,H,2,1.13,10.0,17.0,1779.2374575561307,1451.1910955685887,328.046361987542,100,100,0.0,9,10,7,17,10,10.0,9,9.0,3.0,0.0
2023-05-13,2022,Borussia Dortmund,Borussia Monchengladbach,H,2,1.25,6.5,10.0,1739.6367507432803,1535.8014144233296,203.83533631995078,100,100,0.0,3,4,2,5,11,11.0,7,7.0,1.0,2.0
2023-05-13,2022,VfL Wolfsburg,TSG Hoffenheim,H,2,1.91,3.75,3.8,1603.883523922215,1477.3628819774033,126.52064194481181,100,100,0.0,0,2,0,-1,7,7.0,7,7.0,1.0,2.0
2023-05-13,2022,VfL Bochum,FC Augsburg,H,2,2.1,3.6,3.3,1470.6785097120141,1487.2972871181391,-16.61877740612499,100,100,0.0,0,0,0,0,2,2.0,5,5.0,2.0,1.0
2023-05-13,2022,Union Berlin,SC Freiburg,H,2,2.2,3.2,3.5,1655.3977077260934,1641.5325923497492,13.865115376344193,100,100,0.0,0,0,0,0,5,5.0,9,9.0,1.3333333333333333,1.3333333333333333
2023-05-13,2022,Ein Frankfurt,FSV Mainz 05,H,2,2.1,3.6,3.3,1550.8243765014788,1575.4783669060034,-24.65399040452462,100,100,0.0,1,2,0,1,2,2.0,5,5.0,1.6666666666666667,0.6666666666666666
2023-05-14,2022,VfB Stuttgart,Bayer Leverkusen,D,1,2.5,3.4,2.75,1470.9176753163356,1652.324799521872,-181.40712420553632,100,100,0.0,-4,-4,-3,-8,8,8.0,8,8.0,0.0,3.0
2023-05-14,2022,RB Leipzig,Werder Bremen,H,2,1.25,6.5,10.0,1684.4283872827668,1447.7040317753385,236.7243555074283,100,100,0.0,5,6,4,7,12,12.0,4,4.0,3.0,0.0
2023-05-19,2022,SC Freiburg,VfL Wolfsburg,H,2,2.0,3.8,3.4,1631.2797884561026,1610.2885151384542,20.991273317648393,100,100,0.0,-2,-3,-1,-2,9,9.0,10,10.0,2.0,1.0
2023-05-20,2022,Werder Bremen,FC Cologne,D,1,2.6,3.6,2.55,1443.9291255994049,1559.7894999936545,-115.86037439424967,100,100,0.0,0,0,0,0,3,3.0,10,10.0,0.6666666666666666,1.6666666666666667
2023-05-20,2022,Bayern Munich,RB Leipzig,A,0,1.5,5.0,5.5,1781.5900091229719,1688.2032934587005,93.38671566427138,100,100,0.0,4,4,3,10,10,10.0,12,12.0,2.3333333333333335,0.3333333333333333
2023-05-20,2022,Hertha BSC,VfL Bochum,D,1,2.2,3.6,3.1,1410.7165122487959,1482.1462087716543,-71.42969652285842,100,100,0.0,0,0,0,0,3,3.0,5,5.0,1.3333333333333333,1.3333333333333333
2023-05-20,2022,FC Schalke 04,Ein Frankfurt,D,1,3.0,3.6,2.25,1448.8385440017476,1562.6214814206023,-113.78293741885477,100,100,0.0,-1,-2,0,-1,9,9.0,5,5.0,1.0,2.0
2023-05-20,2022,TSG Hoffenheim,Union Berlin,H,2,2.5,3.4,2.8,1470.9578907611642,1665.65051161974,-194.69262085857576,100,100,0.0,2,1,1,3,4,4.0,8,8.0,0.3333333333333333,2.3333333333333335
2023-05-21,2022,FSV Mainz 05,VfB Stuttgart,A,0,2.5,3.5,2.7,1563.68126198688,1474.3693668601848,89.31189512669516,100,100,0.0,0,0,0,0,4,4.0,6,6.0,0.6666666666666666,1.6666666666666667
2023-05-21,2022,FC Augsburg,Borussia Dortmund,A,0,7.0,5.5,1.36,1475.829588058499,1744.0818883159636,-268.25230025746464,100,100,0.0,-6,-6,-6,-8,5,5.0,11,11.0,0.3333333333333333,2.3333333333333335
2023-05-21,2022,Bayer Leverkusen,Borussia Monchengladbach,D,1,1.45,5.25,5.75,1648.8731079780227,1531.3562768506463,117.51683112737646,100,100,0.0,1,2,-1,5,6,6.0,4,4.0,3.0,0.0
2023-05-27,2022,VfL Wolfsburg,Hertha BSC,A,0,1.36,5.25,8.0,1600.3107332715206,1409.485805894966,190.82492737655457,100,100,0.0,2,3,1,2,9,9.0,4,4.0,2.3333333333333335,0.3333333333333333
2023-05-27,2022,VfB Stuttgart,TSG Hoffenheim,D,1,1.57,4.75,5.0,1496.8195014301527,1489.9477929737836,6.871708456369106,100,100,0.0,-2,-1,-1,-3,8,8.0,6,6.0,1.3333333333333333,1.3333333333333333
2023-05-27,2022,Borussia Monchengladbach,FC Augsburg,H,2,2.2,3.8,3.0,1539.6863147468891,1467.5744284621187,72.11188628477043,100,100,0.0,3,2,4,3,4,4.0,5,5.0,1.0,2.0
2023-05-27,2022,RB Leipzig,FC Schalke 04,H,2,1.6,4.5,4.75,1710.7851805094385,1449.433289283536,261.3518912259026,100,100,0.0,5,6,4,7,12,12.0,7,7.0,3.0,0.0
2023-05-27,2022,FC Cologne,Bayern Munich,A,0,7.5,6.0,1.3,1559.1052278414813,1759.0081220722338,-199.9028942307525,100,100,0.0,-9,-10,-7,-17,10,10.0,9,9.0,0.3333333333333333,2.3333333333333335
2023-05-27,2022,Ein Frankfurt,SC Freiburg,H,2,2.4,3.75,2.7,1562.026736138814,1641.2575703230361,-79.2308341842222,100,100,0.0,1,2,0,1,5,5.0,9,9.0,1.3333333333333333,1.3333333333333333
2023-05-27,2022,Borussia Dortmund,FSV Mainz 05,D,1,1.14,8.5,15.0,1752.337047912344,1541.231127416912,211.10592049543197,100,100,0.0,6,6,6,8,13,13.0,3,3.0,3.0,0.0
2023-05-27,2022,Union Berlin,Werder Bremen,H,2,1.44,4.75,7.0,1646.6606094071205,1444.613397751578,202.04721165554247,100,100,0.0,0,0,0,0,7,7.0,4,4.0,3.0,0.0
2023-05-27,2022,VfL Bochum,Bayer Leverkusen,H,2,3.25,4.0,2.0,1483.3769151254842,1640.54307008178,-157.1661549562957,100,100,0.0,-4,-4,-3,-8,5,5.0,6,6.0,0.3333333333333333,2.3333333333333335
2023-08-18,2023,Werder Bremen,Bayern Munich,A,0,7.5,6.5,1.3,1440.1291434274358,1769.810035784724,-329.68089235728826,100,100,0.0,-10,-10,-8,-11,1,1.0,12,12.0,0.0,3.0
2023-08-19,2023,Borussia Dortmund,FC Cologne,H,2,1.4,5.0,7.0,1741.6260320077402,1548.3033141289911,193.32271787874902,100,100,0.0,6,6,7,7,11,11.0,7,7.0,1.3333333333333333,1.3333333333333333
2023-08-19,2023,VfB Stuttgart,VfL Bochum,H,2,1.65,4.33,4.5,1492.3456985480136,1500.8229427541137,-8.477244206100067,100,100,0.0,0,0,0,0,8,8.0,8,8.0,2.3333333333333335,0.3333333333333333
2023-08-19,2023,VfL Wolfsburg,1. FC Heidenheim,H,2,1.6,4.2,5.25,1575.0469913382542,1500.0,75.0469913382542,100,100,0.0,2,3,1,2,6,6.0,0,0.0,1.5,1.5
2023-08-19,2023,TSG Hoffenheim,SC Freiburg,A,0,2.3,3.6,2.9,1494.4215958559228,1627.1531807338574,-132.73158487793467,100,100,0.0,0,2,-1,0,7,7.0,6,6.0,0.3333333333333333,2.3333333333333335
2023-08-19,2023,Bayer Leverkusen,RB Leipzig,H,2,2.45,3.6,2.75,1623.0970424531506,1714.11653760454,-91.01949515138949,100,100,0.0,-2,-3,1,-2,3,3.0,15,15.0,1.0,2.0
2023-08-19,2023,FC Augsburg,Borussia Monchengladbach,D,1,2.7,3.6,2.45,1459.4515430626927,1547.809200146315,-88.35765708362237,100,100,0.0,-2,-3,-1,-5,4,4.0,7,7.0,1.0,2.0
2023-08-20,2023,Union Berlin,FSV Mainz 05,H,2,1.95,3.5,3.9,1651.1448637312628,1551.9421433215157,99.20272040974714,100,100,0.0,0,0,0,0,7,7.0,1,1.0,2.3333333333333335,0.3333333333333333
2023-08-20,2023,Ein Frankfurt,SV Darmstadt 98,H,2,1.36,5.25,7.5,1576.1311257279926,1413.0692527141855,163.06187301380714,100,100,0.0,3,2,1,4,8,8.0,7,7.0,2.0,1.0
2023-08-25,2023,RB Leipzig,VfB Stuttgart,H,2,1.5,4.75,5.75,1699.5041708412896,1503.4832734658016,196.02089737548795,100,100,0.0,6,6,4,8,12,12.0,8,8.0,2.3333333333333335,0.3333333333333333
2023-08-26,2023,1. FC Heidenheim,TSG Hoffenheim,A,0,3.0,3.6,2.25,1491.9768086715342,1480.830566066393,11.146242605141197,100,100,0.0,-1,-3,-1,-1,0,0.0,7,7.0,1.5,1.5
2023-08-26,2023,SC Freiburg,Werder Bremen,H,2,1.7,3.75,4.75,1640.7442105233872,1433.8153165639455,206.92889395944167,100,100,0.0,1,1,2,1,6,6.0,1,1.0,2.3333333333333335,0.3333333333333333
2023-08-26,2023,Borussia Monchengladbach,Bayer Leverkusen,A,0,3.8,3.8,1.85,1548.3116524447296,1637.7094092164011,-89.39775677167154,100,100,0.0,-2,0,-4,-1,8,8.0,5,5.0,0.3333333333333333,2.3333333333333335
2023-08-26,2023,SV Darmstadt 98,Union Berlin,A,0,4.0,3.3,1.95,1407.660206509368,1658.3776177937877,-250.71741128441977,100,100,0.0,0,0,0,0,4,4.0,9,9.0,1.5,1.5
2023-08-26,2023,FC Cologne,VfL Wolfsburg,A,0,2.3,3.4,3.0,1543.6241230421326,1583.07018266672,-39.446059624587406,100,100,0.0,-2,-3,-1,-2,7,7.0,6,6.0,1.0,2.0
2023-08-26,2023,VfL Bochum,Borussia Dortmund,D,1,7.0,5.0,1.4,1489.6853678363257,1746.3052230945987,-256.619855258273,100,100,0.0,-6,-6,-7,-7,7,7.0,13,13.0,1.3333333333333333,1.3333333333333333
2023-08-27,2023,FSV Mainz 05,Ein Frankfurt,D,1,2.38,3.5,2.88,1544.7093892589908,1581.5401719328102,-36.830782673819385,100,100,0.0,-3,-2,-1,-4,1,1.0,10,10.0,0.6666666666666666,1.6666666666666667
2023-08-27,2023,Bayern Munich,FC Augsburg,H,2,1.08,12.0,19.0,1776.1238626482143,1458.9490907642783,317.17477188393605,100,100,0.0,10,10,8,11,12,12.0,4,4.0,2.0,1.0
2023-09-01,2023,Borussia Dortmund,1. FC Heidenheim,D,1,1.25,7.0,9.5,1739.967022974729,1472.335498786427,267.6315241883019,100,100,0.0,6,6,7,7,11,11.0,0,0.0,1.5,1.5
2023-09-02,2023,Borussia Monchengladbach,Bayern Munich,A,0,8.5,5.75,1.3,1532.854058839079,1778.615726107569,-245.76166726848987,100,100,0.0,-8,-7,-7,-6,5,5.0,12,12.0,2.3333333333333335,0.3333333333333333
2023-09-02,2023,FC Augsburg,VfL Bochum,D,1,2.0,3.75,3.75,1456.4572273049237,1496.0235679561954,-39.56634065127173,100,100,0.0,0,0,0,0,1,1.0,8,8.0,1.0,2.0
2023-09-02,2023,VfB Stuttgart,SC Freiburg,H,2,2.2,3.5,3.2,1498.8650965218292,1645.122339968013,-146.2572434461838,100,100,0.0,-1,-1,-2,-1,8,8.0,9,9.0,0.0,3.0
2023-09-02,2023,Werder Bremen,FSV Mainz 05,H,2,2.63,3.5,2.55,1429.4371871193198,1542.011814126528,-112.57462700720816,100,100,0.0,0,0,0,0,1,1.0,2,2.0,0.3333333333333333,2.3333333333333335
2023-09-02,2023,TSG Hoffenheim,VfL Wolfsburg,H,2,2.5,3.6,2.63,1500.4718759515001,1600.6583529155305,-100.18647696403036,100,100,0.0,-1,0,0,-1,7,7.0,9,9.0,1.0,2.0
2023-09-02,2023,Bayer Leverkusen,SV Darmstadt 98,H,2,1.2,7.0,12.0,1653.1670028220517,1398.78758314742,254.37941967463166,100,100,0.0,4,3,5,6,8,8.0,1,1.0,3.0,0.0
2023-09-03,2023,Union Berlin,RB Leipzig,A,0,3.4,3.25,2.2,1667.2502411557357,1704.122347785262,-36.87210662952634,100,100,0.0,-6,-6,-4,-8,12,12.0,12,12.0,3.0,0.0
2023-09-03,2023,Ein Frankfurt,FC Cologne,D,1,2.1,3.4,3.5,1584.237747065273,1526.0359527933222,58.2017942719508,100,100,0.0,3,2,1,4,11,11.0,4,4.0,0.3333333333333333,2.3333333333333335
2023-09-15,2023,Bayern Munich,Bayer Leverkusen,D,1,1.65,4.5,4.5,1787.6676366267313,1656.619090555199,131.04854607153243,100,100,0.0,6,7,3,5,12,12.0,10,10.0,1.3333333333333333,1.3333333333333333
2023-09-16,2023,FSV Mainz 05,VfB Stuttgart,A,0,2.63,3.4,2.7,1526.4691607602242,1515.8504652102868,10.618695549937456,100,100,0.0,0,0,0,0,2,2.0,10,10.0,0.6666666666666666,1.6666666666666667
2023-09-16,2023,FC Cologne,TSG Hoffenheim,A,0,2.25,3.6,3.1,1532.4301483146155,1515.4799268084314,16.950221506184107,100,100,0.0,-1,-3,-1,-1,2,2.0,10,10.0,1.3333333333333333,1.3333333333333333
2023-09-16,2023,SC Freiburg,Borussia Dortmund,A,0,3.1,3.8,2.1,1628.1369712795554,1728.192824666083,-100.05585338652759,100,100,0.0,-5,-5,-5,-6,9,9.0,9,9.0,0.0,3.0
2023-09-16,2023,VfL Bochum,Ein Frankfurt,D,1,2.88,3.6,2.38,1498.606699557633,1577.8435515439796,-79.23685198634666,100,100,0.0,-3,-2,-1,-4,6,6.0,9,9.0,1.3333333333333333,1.3333333333333333
2023-09-16,2023,RB Leipzig,FC Augsburg,H,2,1.25,7.0,10.0,1721.818196483234,1453.874095703486,267.94410077974794,100,100,0.0,6,6,4,8,12,12.0,2,2.0,2.3333333333333335,0.3333333333333333
2023-09-16,2023,VfL Wolfsburg,Union Berlin,H,2,2.25,3.4,3.2,1585.6503020585992,1649.5543924577637,-63.90409039916449,100,100,0.0,2,3,1,2,6,6.0,9,9.0,1.3333333333333333,1.3333333333333333
2023-09-17,2023,1. FC Heidenheim,Werder Bremen,H,2,2.3,4.0,2.7,1484.109697095073,1444.9798404856235,39.12985660944946,100,100,0.0,0,0,0,0,1,1.0,4,4.0,1.5,1.5
2023-09-17,2023,SV Darmstadt 98,Borussia Monchengladbach,D,1,2.9,3.5,2.38,1395.3354954142728,1523.8021483199166,-128.46665290564374,100,100,0.0,-2,-3,-1,-5,1,1.0,5,5.0,0.6666666666666666,1.6666666666666667
2023-09-22,2023,VfB Stuttgart,SV Darmstadt 98,H,2,1.36,4.5,8.0,1535.4711699970794,1396.5617568287107,138.9094131683687,100,100,0.0,0,0,0,0,10,10.0,2,2.0,2.0,0.5
2023-09-23,2023,Werder Bremen,FC Cologne,H,2,2.5,3.6,2.6,1435.684822771756,1512.5634371841204,-76.87861441236441,100,100,0.0,0,0,0,0,3,3.0,1,1.0,0.6666666666666666,1.6666666666666667
2023-09-23,2023,Union Berlin,TSG Hoffenheim,A,0,2.05,3.6,3.4,1636.1071953703113,1535.3466379389265,100.76055743138477,100,100,0.0,-1,-3,-1,-1,9,9.0,10,10.0,2.0,1.0
2023-09-23,2023,Bayern Munich,VfL Bochum,H,2,1.11,10.0,19.0,1778.9423067008101,1497.7113480302694,281.23095867054076,100,100,0.0,10,10,8,11,13,13.0,6,6.0,2.0,1.0
2023-09-23,2023,Borussia Dortmund,VfL Wolfsburg,H,2,1.65,4.0,4.75,1743.1904132815685,1599.0974991460516,144.09291413551682,100,100,0.0,4,3,6,5,9,9.0,9,9.0,2.0,1.0
2023-09-23,2023,Borussia Monchengladbach,RB Leipzig,A,0,4.75,4.75,1.57,1522.5758869054787,1725.038821649407,-202.46293474392837,100,100,0.0,-4,-3,-3,-3,5,5.0,12,12.0,2.0,1.0
2023-09-23,2023,FC Augsburg,FSV Mainz 05,H,2,2.55,3.5,2.63,1450.653470537313,1506.8484559734316,-56.194985436118486,100,100,0.0,0,0,0,0,2,2.0,2,2.0,1.0,2.0
2023-09-24,2023,Bayer Leverkusen,1. FC Heidenheim,H,2,1.22,6.5,12.0,1665.34442048112,1493.4047148089405,171.93970567217957,100,100,0.0,4,3,5,6,10,10.0,4,4.0,1.5,1.5
2023-09-24,2023,Ein Frankfurt,SC Freiburg,D,1,2.05,3.6,3.4,1578.7389030713432,1613.13938266407,-34.4004795927267,100,100,0.0,2,1,-1,3,9,9.0,6,6.0,1.3333333333333333,1.3333333333333333
2023-09-29,2023,TSG Hoffenheim,Borussia Dortmund,A,0,3.1,4.0,2.05,1558.1629928190064,1749.1005994194927,-190.93760660048633,100,100,0.0,-5,-3,-6,-6,12,12.0,11,11.0,0.0,3.0
2023-09-30,2023,1. FC Heidenheim,Union Berlin,H,2,3.0,3.6,2.25,1488.218566640096,1613.2908404902314,-125.07227385013539,100,100,0.0,0,0,0,0,4,4.0,6,6.0,1.5,1.5
2023-09-30,2023,VfL Wolfsburg,Ein Frankfurt,H,2,2.05,3.5,3.5,1593.1873130081274,1575.939925988532,17.247387019595408,100,100,0.0,-1,1,0,-2,9,9.0,7,7.0,2.3333333333333335,0.3333333333333333
2023-09-30,2023,FSV Mainz 05,Bayer Leverkusen,A,0,5.75,4.5,1.53,1493.7297126162318,1670.5305686499646,-176.80085603373277,100,100,0.0,-4,-3,-5,-6,1,1.0,13,13.0,2.0,1.0
2023-09-30,2023,RB Leipzig,Bayern Munich,D,1,3.4,4.2,1.91,1735.7390783367098,1781.9495579603044,-46.210479623594665,100,100,0.0,-4,-4,-4,-3,12,12.0,13,13.0,1.3333333333333333,1.3333333333333333
2023-09-30,2023,FC Cologne,VfB Stuttgart,A,0,2.88,3.5,2.38,1498.5601966176528,1541.524246844756,-42.964050227103144,100,100,0.0,0,0,0,0,1,1.0,12,12.0,0.3333333333333333,2.3333333333333335
2023-09-30,2023,VfL Bochum,Borussia Monchengladbach,A,0,2.3,3.75,2.9,1494.704096770775,1511.875630218176,-17.17153344740086,100,100,0.0,-2,-3,-1,-5,3,3.0,2,2.0,1.0,2.0
2023-10-01,2023,SV Darmstadt 98,Werder Bremen,H,2,2.8,3.8,2.3,1390.5086799810342,1449.6880633382236,-59.17938335718941,100,100,0.0,0,0,0,0,1,1.0,6,6.0,0.6666666666666666,1.6666666666666667
2023-10-01,2023,SC Freiburg,FC Augsburg,H,2,1.73,4.0,4.75,1615.9383597468811,1463.7722138945128,152.16614585236835,100,100,0.0,1,1,2,1,7,7.0,5,5.0,3.0,0.0
2023-10-06,2023,Borussia Monchengladbach,FSV Mainz 05,D,1,2.05,3.75,3.4,1530.3853817090178,1481.992500802722,48.392880906295886,100,100,0.0,2,3,1,5,4,4.0,1,1.0,0.3333333333333333,2.3333333333333335
2023-10-07,2023,Borussia Dortmund,Union Berlin,H,2,1.57,4.33,5.25,1760.2617724456331,1597.2102585156092,163.05151393002393,100,100,0.0,6,6,7,7,11,11.0,3,3.0,2.0,1.0
2023-10-07,2023,VfB Stuttgart,VfL Wolfsburg,H,2,2.0,3.5,3.75,1558.9648022103854,1603.3091259277505,-44.344323717365114,100,100,0.0,-2,-3,-1,-2,12,12.0,9,9.0,0.3333333333333333,2.3333333333333335
2023-10-07,2023,FC Augsburg,SV Darmstadt 98,A,0,1.85,3.75,4.0,1458.079481406612,1403.754377109816,54.3251042967961,100,100,0.0,0,0,0,0,4,4.0,4,4.0,2.3333333333333335,0.3333333333333333
2023-10-07,2023,Werder Bremen,TSG Hoffenheim,A,0,2.75,3.75,2.4,1436.4423662094418,1547.0018197928657,-110.55945358342387,100,100,0.0,-1,-3,-1,-1,6,6.0,12,12.0,1.0,2.0
2023-10-07,2023,RB Leipzig,VfL Bochum,D,1,1.25,6.0,11.0,1733.4351759969074,1476.1943452799333,257.2408307169742,100,100,0.0,6,6,4,8,13,13.0,3,3.0,2.0,1.0
2023-10-08,2023,Bayer Leverkusen,FC Cologne,H,2,1.33,5.5,8.0,1682.2677804634745,1481.1196412520233,201.14813921145128,100,100,0.0,4,3,5,6,13,13.0,1,1.0,1.0,2.0
2023-10-08,2023,Bayern Munich,SC Freiburg,H,2,1.14,8.5,17.0,1784.2534603001068,1621.6310922347818,162.62236806532496,100,100,0.0,9,9,6,10,11,11.0,7,7.0,3.0,0.0
2023-10-08,2023,Ein Frankfurt,1. FC Heidenheim,H,2,1.7,4.0,4.75,1565.8181130689088,1504.2991486147182,61.51896445419061,100,100,0.0,3,2,1,4,4,4.0,7,7.0,1.5,1.5
2023-10-20,2023,Borussia Dortmund,Werder Bremen,H,2,1.29,6.5,8.0,1765.6710830496484,1421.8981141499219,343.7729688997265,100,100,0.0,6,6,7,7,13,13.0,6,6.0,2.0,1.0
2023-10-21,2023,FSV Mainz 05,Bayern Munich,A,0,9.0,6.0,1.29,1488.036037810159,1789.6737330328217,-301.6376952226626,100,100,0.0,-10,-10,-8,-11,1,1.0,11,11.0,2.0,1.0
2023-10-21,2023,TSG Hoffenheim,Ein Frankfurt,A,0,2.1,3.5,3.4,1561.5460718523857,1574.307206350764,-12.761134498378397,100,100,0.0,-2,1,0,-3,12,12.0,6,6.0,1.3333333333333333,1.3333333333333333
2023-10-21,2023,VfL Wolfsburg,Bayer Leverkusen,A,0,4.33,4.0,1.75,1590.6916304064387,1686.771809730715,-96.08017932427629,100,100,0.0,-2,0,-4,-4,6,6.0,13,13.0,0.6666666666666666,1.6666666666666667
2023-10-21,2023,SC Freiburg,VfL Bochum,H,2,1.7,3.75,5.0,1616.210819502067,1487.7922578013104,128.41856170075653,100,100,0.0,1,1,2,1,4,4.0,3,3.0,3.0,0.0
2023-10-21,2023,Union Berlin,VfB Stuttgart,A,0,2.5,3.5,2.7,1591.800947911594,1571.5822977316973,20.218650179896713,100,100,0.0,0,0,0,0,0,0.0,15,15.0,2.3333333333333335,0.3333333333333333
2023-10-21,2023,SV Darmstadt 98,RB Leipzig,A,0,6.5,4.75,1.44,1425.0109672361248,1721.8372634755303,-296.82629623940556,100,100,0.0,-6,-6,-4,-8,7,7.0,11,11.0,0.0,3.0
2023-10-22,2023,FC Cologne,Borussia Monchengladbach,H,2,2.4,3.6,2.88,1476.6156119847828,1524.3418447015806,-47.72623271679777,100,100,0.0,-2,-3,-1,-5,1,1.0,5,5.0,1.3333333333333333,1.3333333333333333
2023-10-22,2023,1. FC Heidenheim,FC Augsburg,A,0,2.45,3.5,2.8,1495.810055332863,1436.8228912803033,58.98716405255959,100,100,0.0,0,0,0,0,7,7.0,4,4.0,1.5,1.5
2023-10-27,2023,VfL Bochum,FSV Mainz 05,D,1,2.7,3.3,2.55,1481.442130829335,1480.879942684786,0.562188144548827,100,100,0.0,0,0,0,0,2,2.0,1,1.0,0.0,3.0
2023-10-28,2023,VfB Stuttgart,TSG Hoffenheim,A,0,1.85,4.0,3.8,1591.5748763487975,1542.856875497721,48.71800085107657,100,100,0.0,-1,-3,-1,-1,15,15.0,9,9.0,0.6666666666666666,1.6666666666666667
2023-10-28,2023,Werder Bremen,Union Berlin,H,2,2.7,3.3,2.6,1419.7344971687248,1571.8083692944938,-152.07387212576896,100,100,0.0,0,0,0,0,3,3.0,0,0.0,0.0,3.0
2023-10-28,2023,RB Leipzig,FC Cologne,H,2,1.44,4.75,7.0,1729.1453716096328,1489.3756486050213,239.76972300461148,100,100,0.0,6,6,4,8,11,11.0,3,3.0,1.6666666666666667,0.6666666666666666
2023-10-28,2023,FC Augsburg,VfL Wolfsburg,H,2,2.9,3.5,2.38,1458.2448057686954,1575.522405324141,-117.27759955544548,100,100,0.0,-2,-3,-1,-2,6,6.0,6,6.0,1.6666666666666667,0.6666666666666666
2023-10-28,2023,Borussia Monchengladbach,1. FC Heidenheim,H,2,1.8,4.0,4.0,1511.5818080813422,1474.3881408444709,37.193667236871306,100,100,0.0,2,3,1,5,5,5.0,6,6.0,1.5,1.5
2023-10-28,2023,Bayern Munich,SV Darmstadt 98,H,2,1.06,12.0,26.0,1796.8298281581947,1417.7028591020223,379.12696905617236,100,100,0.0,10,10,8,11,11,11.0,7,7.0,3.0,0.0
2023-10-29,2023,Ein Frankfurt,Borussia Dortmund,D,1,3.4,3.4,2.15,1592.9964027054289,1767.8347000308454,-174.83829732541653,100,100,0.0,-3,-4,-6,-3,8,8.0,15,15.0,0.0,3.0
2023-10-29,2023,Bayer Leverkusen,SC Freiburg,H,2,1.29,5.5,11.0,1701.9410348130127,1622.5609464740423,79.38008833897038,100,100,0.0,3,2,3,5,13,13.0,7,7.0,1.3333333333333333,1.3333333333333333
2023-11-03,2023,SV Darmstadt 98,VfL Bochum,A,0,2.3,3.75,2.88,1415.9138950581912,1477.2178240372484,-61.30392897905722,100,100,0.0,0,0,0,0,6,6.0,2,2.0,1.5,1.5
2023-11-04,2023,SC Freiburg,Borussia Monchengladbach,D,1,2.1,3.8,3.2,1614.6835057138644,1520.9484771365705,93.73502857729386,100,100,0.0,-1,-2,1,-4,7,7.0,7,7.0,1.0,1.0
2023-11-04,2023,FC Cologne,FC Augsburg,D,1,2.3,3.6,2.9,1485.658213184374,1473.9901254210893,11.668087763284802,100,100,0.0,0,0,0,0,3,3.0,9,9.0,3.0,0.0
2023-11-04,2023,TSG Hoffenheim,Bayer Leverkusen,A,0,5.0,4.5,1.57,1563.9121660669146,1709.8184755731907,-145.9063095062761,100,100,0.0,-3,0,-4,-5,9,9.0,15,15.0,1.0,2.0
2023-11-04,2023,FSV Mainz 05,RB Leipzig,H,2,5.75,4.2,1.6,1485.1042494768726,1732.86280703028,-247.7585575534074,100,100,0.0,-6,-6,-4,-8,2,2.0,11,11.0,1.3333333333333333,1.3333333333333333
2023-11-04,2023,Borussia Dortmund,Bayern Munich,A,0,4.0,4.33,1.75,1764.6527317697403,1798.6187922020258,-33.96606043228553,100,100,0.0,-4,-4,-1,-4,13,13.0,13,13.0,0.3333333333333333,2.3333333333333335
2023-11-04,2023,Union Berlin,Ein Frankfurt,A,0,2.55,3.1,2.9,1554.5768443562033,1596.178370966534,-41.601526610330666,100,100,0.0,-3,-2,-1,-4,0,0.0,8,8.0,2.0,1.0
2023-11-05,2023,1. FC Heidenheim,VfB Stuttgart,H,2,4.5,4.33,1.65,1465.0214717892425,1570.5195857796039,-105.49811399036139,100,100,0.0,0,0,0,0,3,3.0,12,12.0,1.5,1.5
2023-11-05,2023,VfL Wolfsburg,Werder Bremen,D,1,1.7,4.33,4.33,1559.777085671747,1436.9660221070153,122.81106356473174,100,100,0.0,2,3,1,2,3,3.0,6,6.0,1.3333333333333333,1.3333333333333333
2023-11-10,2023,Borussia Monchengladbach,VfL Wolfsburg,H,2,2.3,3.8,2.7,1528.5415543790577,1551.2903065298326,-22.748752150774862,100,100,0.0,0,0,0,3,8,8.0,4,4.0,1.6666666666666667,0.6666666666666666
2023-11-11,2023,FC Augsburg,TSG Hoffenheim,D,1,2.63,3.6,2.55,1478.6517986584108,1550.882647159202,-72.23084850079113,100,100,0.0,-1,-3,-1,-1,7,7.0,6,6.0,1.0,2.0
2023-11-11,2023,Bayern Munich,1. FC Heidenheim,H,2,1.06,17.0,21.0,1816.4358673921668,1480.2588246386229,336.1770427535439,100,100,0.0,10,10,8,11,13,13.0,6,6.0,1.5,1.5
2023-11-11,2023,SV Darmstadt 98,FSV Mainz 05,D,1,3.1,3.5,2.25,1399.250125199523,1506.12482925276,-106.87470405323711,100,100,0.0,0,0,0,0,6,6.0,5,5.0,1.3333333333333333,1.3333333333333333
2023-11-11,2023,VfB Stuttgart,Borussia Dortmund,H,2,2.55,3.75,2.55,1555.2822329302235,1746.8356565795993,-191.55342364937587,100,100,0.0,-6,-6,-7,-7,9,9.0,10,10.0,0.3333333333333333,2.3333333333333335
2023-11-11,2023,VfL Bochum,FC Cologne,D,1,2.45,3.4,2.88,1493.8815938959167,1480.9965399470525,12.885053948864197,100,100,0.0,0,0,0,0,5,5.0,4,4.0,1.6666666666666667,0.6666666666666666
2023-11-12,2023,Bayer Leverkusen,Union Berlin,H,2,1.29,6.0,9.0,1722.8479944809033,1537.0790581689012,185.7689363120021,100,100,0.0,4,3,5,6,15,15.0,0,0.0,1.6666666666666667,0.6666666666666666
2023-11-12,2023,Werder Bremen,Ein Frankfurt,D,1,3.1,3.4,2.3,1445.4528012489297,1613.6761571538361,-168.22335590490638,100,100,0.0,-3,-2,-1,-4,4,4.0,10,10.0,1.0,2.0
2023-11-12,2023,RB Leipzig,SC Freiburg,H,2,1.44,5.0,6.5,1711.8422272543926,1607.0904284713772,104.75179878301537,100,100,0.0,5,5,2,7,8,8.0,7,7.0,2.3333333333333335,0.3333333333333333
2023-11-24,2023,FC Cologne,Bayern Munich,A,0,9.0,7.0,1.25,1485.7056274913853,1818.6889261006206,-332.98329860923536,100,100,0.0,-10,-10,-8,-11,5,5.0,15,15.0,0.3333333333333333,2.3333333333333335
2023-11-25,2023,SC Freiburg,SV Darmstadt 98,D,1,1.55,4.33,5.75,1600.0315569152392,1399.5468913026864,200.48466561255282,100,100,0.0,1,1,2,1,4,4.0,4,4.0,1.5,1.5
2023-11-25,2023,Ein Frankfurt,VfB Stuttgart,A,0,2.6,3.6,2.6,1610.7680002157538,1574.145894233515,36.622105982238736,100,100,0.0,3,2,1,4,11,11.0,9,9.0,2.3333333333333335,0.3333333333333333
2023-11-25,2023,VfL Wolfsburg,RB Leipzig,H,2,3.6,4.0,1.91,1539.5716144300748,1718.9010988105306,-179.32948438045582,100,100,0.0,-4,-3,-3,-6,1,1.0,10,10.0,0.0,3.0
2023-11-25,2023,Werder Bremen,Bayer Leverkusen,A,0,6.5,5.0,1.45,1448.360958187012,1727.701496090721,-279.340537903709,100,100,0.0,-4,-3,-5,-6,5,5.0,15,15.0,0.6666666666666666,1.6666666666666667
2023-11-25,2023,Borussia Dortmund,Borussia Monchengladbach,H,2,1.45,5.5,5.25,1727.9719952763078,1540.2602464788156,187.7117487974922,100,100,0.0,4,3,6,2,7,7.0,8,8.0,2.0,1.0
2023-11-25,2023,Union Berlin,FC Augsburg,D,1,1.95,3.6,3.8,1532.2255565590833,1477.455454415663,54.77010214342022,100,100,0.0,0,0,0,0,0,0.0,8,8.0,0.3333333333333333,2.3333333333333335
2023-11-26,2023,1. FC Heidenheim,VfL Bochum,D,1,2.2,3.6,3.1,1478.005765930169,1489.172506351584,-11.166740421414943,100,100,0.0,0,0,0,0,3,3.0,6,6.0,1.5,1.5
2023-11-26,2023,TSG Hoffenheim,FSV Mainz 05,D,1,1.85,3.8,3.8,1552.0789914019497,1505.8280631495966,46.250928252353106,100,100,0.0,1,3,1,1,7,7.0,6,6.0,1.0,2.0
2023-12-01,2023,SV Darmstadt 98,FC Cologne,A,0,2.63,3.4,2.6,1410.0282230485998,1479.486045041517,-69.45782199291716,100,100,0.0,0,0,0,0,2,2.0,5,5.0,0.0,3.0
2023-12-02,2023,Borussia Monchengladbach,TSG Hoffenheim,H,2,2.2,4.0,2.88,1535.4520715465137,1546.1131102408065,-10.661038694292756,100,100,0.0,1,0,0,4,7,7.0,5,5.0,3.0,0.0
2023-12-02,2023,RB Leipzig,1. FC Heidenheim,H,2,1.25,7.0,9.0,1700.5344725019452,1474.2519712490605,226.28250125288469,100,100,0.0,6,6,4,8,9,9.0,4,4.0,1.5,1.5
2023-12-02,2023,VfL Bochum,VfL Wolfsburg,H,2,2.63,3.6,2.55,1492.9263010326924,1557.9382407386602,-65.01193970596773,100,100,0.0,-2,-3,-1,-2,6,6.0,4,4.0,1.0,2.0
2023-12-02,2023,VfB Stuttgart,Werder Bremen,H,2,1.4,5.25,6.5,1594.758016199851,1440.4821948232466,154.27582137660443,100,100,0.0,0,0,0,0,9,9.0,5,5.0,1.3333333333333333,1.3333333333333333
2023-12-03,2023,FSV Mainz 05,SC Freiburg,A,0,2.3,3.4,3.1,1511.7939443107398,1589.5502251693258,-77.75628085858602,100,100,0.0,-1,-1,-2,-1,6,6.0,5,5.0,0.6666666666666666,1.6666666666666667
2023-12-03,2023,Bayer Leverkusen,Borussia Dortmund,D,1,1.62,4.5,4.75,1735.5802594544866,1732.7801702086097,2.8000892458769613,100,100,0.0,-2,-3,-2,-1,15,15.0,7,7.0,1.0,2.0
2023-12-03,2023,FC Augsburg,Ein Frankfurt,H,2,2.63,3.6,2.55,1483.727905689286,1590.1558782494178,-106.42797256013182,100,100,0.0,-3,-2,-1,-4,9,9.0,8,8.0,0.6666666666666666,1.6666666666666667
2023-12-08,2023,TSG Hoffenheim,VfL Bochum,H,2,1.67,4.2,4.75,1534.8873630350083,1506.4208307194176,28.46653231559071,100,100,0.0,1,3,1,1,5,5.0,9,9.0,1.0,2.0
2023-12-09,2023,Union Berlin,Borussia Monchengladbach,H,2,2.1,3.5,3.4,1525.9531052854604,1546.6778187523119,-20.724713466851426,100,100,0.0,-2,-3,-1,-5,1,1.0,10,10.0,3.0,0.0
2023-12-09,2023,1. FC Heidenheim,SV Darmstadt 98,H,2,2.05,3.5,3.5,1470.2742124515285,1393.7129973823246,76.56121506920385,100,100,0.0,0,0,0,0,4,4.0,2,2.0,1.5,1.5
2023-12-09,2023,Werder Bremen,FC Augsburg,H,2,2.38,3.6,2.8,1434.845266743263,1499.0053919130335,-64.16012516977048,100,100,0.0,0,0,0,0,5,5.0,9,9.0,0.0,3.0
2023-12-09,2023,VfL Wolfsburg,SC Freiburg,A,0,2.25,3.5,3.1,1544.443711051935,1605.509253761858,-61.065542709922966,100,100,0.0,1,2,-1,1,4,4.0,5,5.0,1.0,2.0
2023-12-09,2023,Ein Frankfurt,Bayern Munich,H,2,9.0,5.5,1.3,1574.8783920256703,1824.908508550489,-250.0301165248186,100,100,0.0,-7,-8,-7,-7,5,5.0,15,15.0,0.3333333333333333,2.3333333333333335
2023-12-09,2023,Borussia Dortmund,RB Leipzig,A,0,2.6,3.6,2.55,1737.0932698841505,1704.5122312994772,32.58103858467325,100,100,0.0,0,0,3,-1,5,5.0,9,9.0,1.0,2.0
2023-12-10,2023,VfB Stuttgart,Bayer Leverkusen,D,1,2.9,3.6,2.3,1600.3949442798346,1731.2671597789458,-130.87221549911123,100,100,0.0,-4,-3,-5,-6,9,9.0,13,13.0,0.3333333333333333,2.3333333333333335
2023-12-10,2023,FC Cologne,FSV Mainz 05,D,1,2.3,3.5,3.0,1495.8012707077921,1495.8349157182076,-0.03364501041551193,100,100,0.0,0,0,0,0,5,5.0,6,6.0,1.3333333333333333,1.3333333333333333
2023-12-15,2023,Borussia Monchengladbach,Werder Bremen,D,1,2.0,4.0,3.3,1535.0422229447743,1448.3034001141893,86.73882283058492,100,100,0.0,2,3,1,5,7,7.0,5,5.0,1.3333333333333333,1.3333333333333333
2023-12-16,2023,RB Leipzig,TSG Hoffenheim,H,2,1.45,5.0,6.0,1724.9736595828622,1544.5806837031507,180.39297587971146,100,100,0.0,5,3,3,7,9,9.0,5,5.0,3.0,0.0
2023-12-16,2023,FSV Mainz 05,1. FC Heidenheim,A,0,1.67,4.2,4.75,1500.0355270915265,1478.2462763405326,21.789250750993915,100,100,0.0,0,0,0,0,6,6.0,7,7.0,1.5,1.5
2023-12-16,2023,SV Darmstadt 98,VfL Wolfsburg,A,0,3.1,3.6,2.2,1385.7409334933204,1527.7697766258354,-142.02884313251502,100,100,0.0,-2,-3,-1,-2,2,2.0,4,4.0,1.3333333333333333,1.3333333333333333
2023-12-16,2023,FC Augsburg,Borussia Dortmund,D,1,3.5,4.2,1.91,1485.547258542107,1716.6318416007655,-231.08458305865838,100,100,0.0,-6,-6,-7,-7,6,6.0,4,4.0,0.3333333333333333,2.3333333333333335
2023-12-16,2023,VfL Bochum,Union Berlin,H,2,2.7,3.4,2.6,1496.7275100512752,1537.588701092998,-40.861191041722805,100,100,0.0,0,0,0,0,8,8.0,4,4.0,1.3333333333333333,1.3333333333333333
2023-12-17,2023,SC Freiburg,FC Cologne,H,2,1.8,3.8,4.2,1622.1831881879575,1491.6006593344732,130.5825288534843,100,100,0.0,1,1,2,1,8,8.0,6,6.0,2.0,1.0
2023-12-17,2023,Bayer Leverkusen,Ein Frankfurt,H,2,1.36,5.0,8.5,1729.9377959770195,1595.981027187203,133.95676878981658,100,100,0.0,1,1,4,2,11,11.0,7,7.0,2.0,1.0
2023-12-17,2023,Bayern Munich,VfB Stuttgart,H,2,1.45,5.25,5.5,1803.8058733889563,1601.724308081761,202.08156530719543,100,100,0.0,10,10,8,11,12,12.0,10,10.0,1.6666666666666667,0.6666666666666666
2023-12-19,2023,Werder Bremen,RB Leipzig,D,1,5.0,4.5,1.57,1455.6695428539406,1729.9543818784389,-274.2848390244983,100,100,0.0,-6,-6,-4,-8,5,5.0,12,12.0,0.0,3.0
2023-12-19,2023,Borussia Dortmund,FSV Mainz 05,D,1,1.55,4.75,5.25,1711.2265435009133,1479.9827430967885,231.24380040412484,100,100,0.0,6,6,7,7,5,5.0,3,3.0,2.3333333333333335,0.3333333333333333
2023-12-19,2023,TSG Hoffenheim,SV Darmstadt 98,D,1,1.44,5.0,6.5,1539.599961407574,1372.5466650745743,167.0532963329997,100,100,0.0,1,3,1,1,5,5.0,2,2.0,1.3333333333333333,1.3333333333333333
2023-12-20,2023,VfB Stuttgart,FC Augsburg,H,2,1.36,5.25,7.5,1597.240807938894,1490.9525566419593,106.28825129693473,100,100,0.0,0,0,0,0,10,10.0,6,6.0,2.3333333333333335,0.3333333333333333
2023-12-20,2023,VfL Wolfsburg,Bayern Munich,A,0,6.5,5.75,1.36,1540.9640450445816,1808.2893735318232,-267.3253284872417,100,100,0.0,-8,-7,-7,-9,6,6.0,12,12.0,0.3333333333333333,2.3333333333333335
2023-12-20,2023,Bayer Leverkusen,VfL Bochum,H,2,1.17,8.0,15.0,1736.129796477321,1509.198658363448,226.93113811387298,100,100,0.0,4,3,5,6,11,11.0,8,8.0,1.3333333333333333,1.3333333333333333
2023-12-20,2023,1. FC Heidenheim,SC Freiburg,H,2,2.8,3.6,2.38,1498.2990603352707,1628.471180533508,-130.17212019823728,100,100,0.0,-1,-1,-2,-1,7,7.0,10,10.0,1.5,1.5
2023-12-20,2023,Ein Frankfurt,Borussia Monchengladbach,H,2,1.83,4.0,3.8,1589.7890266869015,1527.676080205023,62.11294648187845,100,100,0.0,1,-1,0,-1,4,4.0,7,7.0,1.6666666666666667,0.6666666666666666
2023-12-20,2023,Union Berlin,FC Cologne,H,2,1.95,3.6,3.8,1525.1175527808252,1485.3126669889227,39.80488579190251,100,100,0.0,0,0,0,0,4,4.0,5,5.0,2.3333333333333335,0.3333333333333333
2024-01-12,2023,Bayern Munich,TSG Hoffenheim,H,2,1.14,9.0,12.0,1816.5765002071487,1529.907882070527,286.6686181366217,100,100,0.0,9,7,7,10,12,12.0,5,5.0,1.6666666666666667,0.6666666666666666
2024-01-13,2023,FC Augsburg,Bayer Leverkusen,A,0,5.25,4.75,1.5,1483.9413155968386,1740.0946898737895,-256.1533742769509,100,100,0.0,-4,-3,-5,-6,5,5.0,11,11.0,2.0,1.0
2024-01-13,2023,FC Cologne,1. FC Heidenheim,D,1,2.05,3.6,3.4,1476.042558529528,1514.5984306769408,-38.555872147412856,100,100,0.0,0,0,0,0,4,4.0,10,10.0,1.5,1.5
2024-01-13,2023,SC Freiburg,Union Berlin,D,1,2.05,3.6,3.5,1612.171810191838,1534.38766124022,77.78414895161791,100,100,0.0,1,1,2,1,10,10.0,7,7.0,1.0,2.0
2024-01-13,2023,FSV Mainz 05,VfL Wolfsburg,D,1,2.2,3.4,3.25,1491.1024945960746,1532.676918369256,-41.57442377318148,100,100,0.0,-2,-3,-1,-2,3,3.0,6,6.0,0.0,3.0
2024-01-13,2023,RB Leipzig,Ein Frankfurt,A,0,1.45,4.5,7.5,1723.0033857406058,1598.257322753514,124.74606298709182,100,100,0.0,3,4,3,4,10,10.0,6,6.0,1.3333333333333333,1.3333333333333333
2024-01-13,2023,SV Darmstadt 98,Borussia Dortmund,A,0,5.25,4.5,1.53,1382.2387444116214,1700.1067920016271,-317.86804759000574,100,100,0.0,-6,-6,-7,-7,2,2.0,6,6.0,1.0,2.0
2024-01-14,2023,VfL Bochum,Werder Bremen,D,1,2.15,3.6,3.1,1505.2337649669794,1462.6205389917736,42.61322597520575,100,100,0.0,0,0,0,0,7,7.0,5,5.0,0.0,3.0
2024-01-14,2023,Borussia Monchengladbach,VfB Stuttgart,H,2,3.5,4.0,1.91,1519.2077841384105,1604.2520489840147,-85.04426484560418,100,100,0.0,2,3,1,5,4,4.0,10,10.0,1.0,2.0
2024-01-20,2023,RB Leipzig,Bayer Leverkusen,A,0,2.4,3.8,2.7,1699.4599873980071,1748.7730428985822,-49.31305550057505,100,100,0.0,2,3,-1,2,10,10.0,11,11.0,1.0,2.0
2024-01-20,2023,FC Cologne,Borussia Dortmund,A,0,4.5,4.0,1.73,1473.4171165559874,1706.7662730688585,-233.3491565128711,100,100,0.0,-6,-6,-7,-7,5,5.0,6,6.0,1.0,2.0
2024-01-20,2023,VfL Bochum,VfB Stuttgart,H,2,3.6,3.8,1.95,1499.4006406323326,1589.8973414557768,-90.49670082344414,100,100,0.0,0,0,0,0,7,7.0,7,7.0,0.0,3.0
2024-01-20,2023,SV Darmstadt 98,Ein Frankfurt,D,1,3.8,3.75,1.91,1375.57926334439,1621.8007210961127,-246.2214577517227,100,100,0.0,-3,-2,-1,-4,1,1.0,9,9.0,1.0,2.0
2024-01-20,2023,1. FC Heidenheim,VfL Wolfsburg,D,1,2.7,3.5,2.55,1517.2238726504813,1535.175842219426,-17.951969568944605,100,100,0.0,-2,-3,-1,-2,10,10.0,4,4.0,0.0,3.0
2024-01-20,2023,SC Freiburg,TSG Hoffenheim,H,2,2.0,3.8,3.4,1605.1027340537596,1526.9842734261317,78.11846062762788,100,100,0.0,0,-2,1,0,10,10.0,4,4.0,2.3333333333333335,0.3333333333333333
2024-01-21,2023,Bayern Munich,Werder Bremen,A,0,1.09,11.0,21.0,1819.500108851544,1468.4536633264204,351.04644552512354,100,100,0.0,10,10,8,11,12,12.0,6,6.0,3.0,0.0
2024-01-21,2023,Borussia Monchengladbach,FC Augsburg,A,0,1.91,3.8,3.8,1533.5624916666484,1475.262962572046,58.29952909460235,100,100,0.0,2,3,1,5,7,7.0,4,4.0,1.3333333333333333,1.3333333333333333
2024-01-24,2023,Bayern Munich,Union Berlin,H,2,1.18,7.0,17.0,1791.5811608684514,1541.4567373782984,250.12442349015305,100,100,0.0,10,10,8,11,9,9.0,8,8.0,2.3333333333333335,0.3333333333333333
2024-01-26,2023,Ein Frankfurt,FSV Mainz 05,H,2,2.15,3.4,3.5,1615.8359110485503,1488.6035707459048,127.23234030264553,100,100,0.0,3,2,1,4,10,10.0,3,3.0,1.6666666666666667,0.6666666666666666
2024-01-27,2023,TSG Hoffenheim,1. FC Heidenheim,D,1,1.67,4.5,4.33,1519.0645722522831,1513.7459872956072,5.318584956675977,100,100,0.0,1,3,1,1,4,4.0,11,11.0,3.0,0.0
2024-01-27,2023,VfL Wolfsburg,FC Cologne,D,1,1.83,3.75,4.2,1538.6537275743,1463.907287799218,74.74643977508208,100,100,0.0,2,3,1,2,5,5.0,2,2.0,2.0,1.0
2024-01-27,2023,Bayer Leverkusen,Borussia Monchengladbach,D,1,1.29,5.5,10.0,1765.9459801071812,1512.164843761151,253.78113634603028,100,100,0.0,2,0,4,1,13,13.0,4,4.0,2.3333333333333335,0.3333333333333333
2024-01-27,2023,VfB Stuttgart,RB Leipzig,H,2,2.63,3.8,2.4,1575.3075295706756,1682.287050189408,-106.97952061873252,100,100,0.0,-6,-6,-4,-8,4,4.0,7,7.0,0.3333333333333333,2.3333333333333335
2024-01-27,2023,Werder Bremen,SC Freiburg,H,2,2.4,3.5,2.88,1496.3726113095129,1613.0224352276082,-116.64982391809531,100,100,0.0,-1,-1,-2,-1,9,9.0,10,10.0,0.0,3.0
2024-01-27,2023,FC Augsburg,Bayern Munich,A,0,8.5,5.75,1.3,1496.6606104775435,1795.1087818245826,-298.4481713470391,100,100,0.0,-10,-10,-8,-11,4,4.0,12,12.0,1.0,2.0
2024-01-28,2023,Union Berlin,SV Darmstadt 98,H,2,1.62,3.8,5.75,1537.9291164221672,1381.5440733919525,156.38504303021477,100,100,0.0,0,0,0,0,7,7.0,2,2.0,3.0,0.0
2024-01-28,2023,Borussia Dortmund,VfL Bochum,H,2,1.36,5.5,7.5,1716.2761018256278,1513.9904525174338,202.28564930819402,100,100,0.0,6,6,7,7,8,8.0,7,7.0,1.6666666666666667,0.6666666666666666
2024-02-02,2023,1. FC Heidenheim,Borussia Dortmund,D,1,3.75,4.5,1.8,1518.1586200732936,1720.7551237753123,-202.5965037020187,100,100,0.0,-6,-6,-7,-7,9,9.0,11,11.0,1.0,1.0
2024-02-03,2023,VfL Bochum,FC Augsburg,D,1,2.15,3.4,3.4,1509.5114305677494,1489.403987970794,20.107442596955252,100,100,0.0,0,0,0,0,7,7.0,4,4.0,2.3333333333333335,0.3333333333333333
2024-02-03,2023,FC Cologne,Ein Frankfurt,H,2,3.25,3.4,2.2,1470.8739236854772,1622.2202884188496,-151.3463647333724,100,100,0.0,-3,-2,-1,-4,2,2.0,10,10.0,1.6666666666666667,0.6666666666666666
2024-02-03,2023,Bayern Munich,Borussia Monchengladbach,H,2,1.14,9.5,13.0,1802.365404331332,1523.7022211566173,278.66318317471473,100,100,0.0,8,7,7,6,12,12.0,5,5.0,1.3333333333333333,1.3333333333333333
2024-02-03,2023,SC Freiburg,VfB Stuttgart,A,0,3.1,3.6,2.2,1597.3041543112058,1590.6088191702968,6.695335140909037,100,100,0.0,1,1,2,1,7,7.0,6,6.0,2.0,1.0
2024-02-03,2023,FSV Mainz 05,Werder Bremen,A,0,2.1,3.5,3.5,1482.2191933756055,1512.0908922259152,-29.871698850309713,100,100,0.0,0,0,0,0,3,3.0,9,9.0,1.3333333333333333,1.3333333333333333
2024-02-03,2023,SV Darmstadt 98,Bayer Leverkusen,A,0,9.5,6.5,1.25,1375.962516426766,1754.4086027117148,-378.44608628494893,100,100,0.0,-4,-3,-5,-6,2,2.0,13,13.0,0.0,3.0
2024-02-04,2023,VfL Wolfsburg,TSG Hoffenheim,D,1,2.1,3.75,3.2,1531.687091688041,1514.6519394745967,17.035152213444235,100,100,0.0,1,0,0,1,6,6.0,2,2.0,2.0,1.0
2024-02-04,2023,RB Leipzig,Union Berlin,H,2,1.4,5.0,7.5,1666.9857605897869,1543.5106733873538,123.47508720243309,100,100,0.0,6,6,4,8,4,4.0,7,7.0,1.0,2.0
2024-02-07,2023,FSV Mainz 05,Union Berlin,D,1,2.15,3.3,3.5,1464.231969562491,1537.016922592327,-72.78495302983606,100,100,0.0,0,0,0,0,2,2.0,7,7.0,0.3333333333333333,2.3333333333333335
2024-02-09,2023,Borussia Dortmund,SC Freiburg,H,2,1.45,4.75,6.5,1716.4500882433213,1577.8372897648255,138.61279847849573,100,100,0.0,5,5,5,6,11,11.0,4,4.0,3.0,0.0
2024-02-10,2023,Ein Frankfurt,VfL Bochum,D,1,1.73,3.8,4.75,1605.0194868803746,1504.5231217365529,100.49636514382178,100,100,0.0,3,2,1,4,10,10.0,5,5.0,0.6666666666666666,1.6666666666666667
2024-02-10,2023,Borussia Monchengladbach,SV Darmstadt 98,D,1,1.6,4.5,5.0,1520.6547376581916,1370.9350672402993,149.7196704178923,100,100,0.0,2,3,1,5,4,4.0,2,2.0,1.0,1.0
2024-02-10,2023,FC Augsburg,RB Leipzig,D,1,4.0,4.2,1.75,1494.3922968019906,1673.4795113848136,-179.08721458282298,100,100,0.0,-6,-6,-4,-8,4,4.0,4,4.0,0.3333333333333333,2.3333333333333335
2024-02-10,2023,Union Berlin,VfL Wolfsburg,H,2,2.25,3.4,3.2,1538.189493389051,1526.817100049314,11.372393339737073,100,100,0.0,-2,-3,-1,-2,5,5.0,4,4.0,1.3333333333333333,1.3333333333333333
2024-02-10,2023,Werder Bremen,1. FC Heidenheim,A,0,1.8,3.8,4.33,1530.0781160390297,1522.4636556052847,7.61446043374508,100,100,0.0,0,0,0,0,11,11.0,7,7.0,0.0,3.0
2024-02-10,2023,Bayer Leverkusen,Bayern Munich,H,2,2.63,3.8,2.4,1759.4360518981814,1805.4128878297577,-45.97683593157626,100,100,0.0,-6,-7,-3,-5,13,13.0,12,12.0,1.3333333333333333,1.3333333333333333
2024-02-11,2023,VfB Stuttgart,FSV Mainz 05,H,2,1.44,4.5,7.5,1610.075683716677,1463.0593987657671,147.01628495090995,100,100,0.0,0,0,0,0,9,9.0,3,3.0,2.3333333333333335,0.3333333333333333
2024-02-11,2023,TSG Hoffenheim,FC Cologne,D,1,1.8,3.8,4.33,1519.5219311133237,1488.074725223952,31.447205889371617,100,100,0.0,1,3,1,1,3,3.0,5,5.0,1.3333333333333333,1.3333333333333333
2024-02-16,2023,FC Cologne,Werder Bremen,A,0,2.4,3.4,2.88,1493.493640923045,1510.5751171777906,-17.081476254745667,100,100,0.0,0,0,0,0,6,6.0,10,10.0,1.3333333333333333,1.3333333333333333
2024-02-17,2023,TSG Hoffenheim,Union Berlin,A,0,2.0,3.6,3.6,1514.1030154142309,1548.5393563599307,-34.43634094569984,100,100,0.0,1,3,1,1,3,3.0,7,7.0,2.0,1.0
2024-02-17,2023,FSV Mainz 05,FC Augsburg,H,2,2.0,3.5,3.8,1457.2286699591164,1497.7489888238138,-40.5203188646974,100,100,0.0,0,0,0,0,2,2.0,5,5.0,2.0,1.0
2024-02-17,2023,1. FC Heidenheim,Bayer Leverkusen,A,0,8.0,5.75,1.33,1541.9666544665238,1772.1223013349745,-230.15564686845073,100,100,0.0,-4,-3,-5,-6,7,7.0,13,13.0,0.0,3.0
2024-02-17,2023,RB Leipzig,Borussia Monchengladbach,H,2,1.36,5.5,7.0,1670.1228193629904,1511.4127120560759,158.71010730691455,100,100,0.0,4,3,3,3,4,4.0,5,5.0,2.0,1.0
2024-02-17,2023,SV Darmstadt 98,VfB Stuttgart,A,0,6.5,4.75,1.44,1380.177092842415,1615.9064125233278,-235.7293196809128,100,100,0.0,0,0,0,0,2,2.0,9,9.0,0.3333333333333333,2.3333333333333335
2024-02-17,2023,VfL Wolfsburg,Borussia Dortmund,D,1,3.2,3.8,2.1,1516.4672370784342,1722.5114192742465,-206.04418219581225,100,100,0.0,-4,-3,-6,-5,4,4.0,13,13.0,1.0,2.0
2024-02-18,2023,SC Freiburg,Ein Frankfurt,D,1,2.3,3.4,3.1,1571.7759587339003,1597.2114442340155,-25.435485500115192,100,100,0.0,-2,-1,1,-3,4,4.0,8,8.0,0.6666666666666666,1.6666666666666667
2024-02-18,2023,VfL Bochum,Bayern Munich,H,2,8.0,5.75,1.33,1512.331164382912,1792.7266383929646,-280.39547401005257,100,100,0.0,-10,-10,-8,-11,6,6.0,9,9.0,0.0,3.0
2024-02-23,2023,Bayer Leverkusen,FSV Mainz 05,H,2,1.22,6.5,13.0,1781.7519343424008,1469.6855222910394,312.06641205136134,100,100,0.0,4,3,5,6,13,13.0,4,4.0,2.0,1.0
2024-02-24,2023,Borussia Monchengladbach,VfL Bochum,H,2,2.0,3.8,3.5,1505.891705241859,1534.487630085885,-28.595924844026058,100,100,0.0,2,3,1,5,2,2.0,8,8.0,2.0,1.0
2024-02-24,2023,Union Berlin,1. FC Heidenheim,D,1,2.0,3.5,3.75,1566.3368390637174,1532.3370214590975,33.99981760461992,100,100,0.0,0,0,0,0,10,10.0,6,6.0,0.0,3.0
2024-02-24,2023,Werder Bremen,SV Darmstadt 98,D,1,1.65,4.2,5.0,1529.0885436615642,1370.756033853689,158.33250980787534,100,100,0.0,0,0,0,0,12,12.0,2,2.0,1.3333333333333333,1.3333333333333333
2024-02-24,2023,Bayern Munich,RB Leipzig,H,2,1.67,4.33,4.5,1770.5701726899915,1675.6438261772073,94.92634651278422,100,100,0.0,4,4,4,3,9,9.0,7,7.0,0.6666666666666666,1.6666666666666667
2024-02-24,2023,VfB Stuttgart,FC Cologne,D,1,1.3,5.25,10.0,1625.327471512054,1474.9802144392713,150.34725707278267,100,100,0.0,0,0,0,0,12,12.0,5,5.0,2.3333333333333335,0.3333333333333333
2024-02-25,2023,FC Augsburg,SC Freiburg,H,2,2.2,3.6,3.1,1485.2921364918907,1568.6052806096088,-83.31314411771814,100,100,0.0,-1,-1,-2,-1,5,5.0,4,4.0,0.0,3.0
2024-02-25,2023,Ein Frankfurt,VfL Wolfsburg,D,1,2.25,3.4,3.2,1600.382122358307,1520.9084678201134,79.47365453819361,100,100,0.0,1,-1,0,2,6,6.0,4,4.0,0.3333333333333333,2.3333333333333335
2024-02-25,2023,Borussia Dortmund,TSG Hoffenheim,A,0,1.5,5.0,5.5,1718.0701885325673,1496.3055327104441,221.76465582212313,100,100,0.0,5,3,6,6,11,11.0,3,3.0,3.0,0.0
2024-03-01,2023,SC Freiburg,Bayern Munich,D,1,5.75,4.75,1.5,1554.3251566502145,1777.9389080144779,-223.6137513642634,100,100,0.0,-9,-9,-6,-10,1,1.0,9,9.0,0.0,3.0
2024-03-02,2023,VfL Bochum,RB Leipzig,A,0,5.0,4.2,1.62,1522.52771014274,1668.275090852721,-145.74738070998092,100,100,0.0,-6,-6,-4,-8,5,5.0,7,7.0,1.3333333333333333,1.3333333333333333
2024-03-02,2023,Union Berlin,Borussia Dortmund,A,0,3.4,3.6,2.05,1560.8223564482632,1692.1385401806829,-131.31618373241963,100,100,0.0,-6,-6,-7,-7,8,8.0,8,8.0,1.0,2.0
2024-03-02,2023,SV Darmstadt 98,FC Augsburg,A,0,2.9,3.3,2.4,1380.2252282238005,1499.572260451285,-119.34703222748453,100,100,0.0,0,0,0,0,2,2.0,5,5.0,1.0,2.0
2024-03-02,2023,FSV Mainz 05,Borussia Monchengladbach,D,1,1.91,3.75,3.75,1467.1256403023292,1517.851625185004,-50.725984882674766,100,100,0.0,-2,-3,-1,-5,4,4.0,5,5.0,2.3333333333333335,0.3333333333333333
2024-03-02,2023,1. FC Heidenheim,Ein Frankfurt,A,0,2.8,3.3,2.5,1537.8515040745517,1593.2564347464092,-55.40493067185753,100,100,0.0,-3,-2,-1,-4,6,6.0,6,6.0,0.0,3.0
2024-03-02,2023,VfL Wolfsburg,VfB Stuttgart,A,0,3.3,3.5,2.15,1528.0341554320112,1616.068655425479,-88.03449999346776,100,100,0.0,2,3,1,2,4,4.0,13,13.0,2.0,1.0
2024-03-03,2023,TSG Hoffenheim,Werder Bremen,H,2,1.91,4.0,3.6,1522.2371810623285,1519.6193492914526,2.6178317708759096,100,100,0.0,1,3,1,1,6,6.0,10,10.0,2.0,1.0
2024-03-03,2023,FC Cologne,Bayer Leverkusen,A,0,9.0,4.75,1.36,1484.2390305258464,1784.311816331111,-300.07278580526463,100,100,0.0,-4,-3,-5,-6,6,6.0,13,13.0,1.0,2.0
2024-03-08,2023,VfB Stuttgart,Union Berlin,H,2,1.45,4.5,7.0,1631.585043444339,1547.1707351881892,84.41430825614975,100,100,0.0,0,0,0,0,13,13.0,8,8.0,1.0,2.0
2024-03-09,2023,Borussia Monchengladbach,FC Cologne,D,1,1.83,4.0,4.0,1519.9648065706065,1477.0337324354998,42.931074135106655,100,100,0.0,2,3,1,5,5,5.0,5,5.0,1.3333333333333333,1.3333333333333333
2024-03-09,2023,Bayern Munich,FSV Mainz 05,H,2,1.25,7.0,10.0,1772.8164159365977,1465.0124589167267,307.80395701987095,100,100,0.0,10,10,8,11,7,7.0,5,5.0,2.0,1.0
2024-03-09,2023,Werder Bremen,Borussia Dortmund,A,0,3.5,4.33,1.85,1508.9252297681244,1705.790161440757,-196.86493167263257,100,100,0.0,-6,-6,-7,-7,7,7.0,8,8.0,1.0,2.0
2024-03-09,2023,RB Leipzig,SV Darmstadt 98,H,2,1.14,8.5,15.0,1681.3113532647385,1366.0596444618018,315.2517088029367,100,100,0.0,6,6,4,8,10,10.0,2,2.0,3.0,0.0
2024-03-09,2023,FC Augsburg,1. FC Heidenheim,H,2,1.85,4.2,3.5,1513.7378442132838,1520.9366841778156,-7.198839964531771,100,100,0.0,0,0,0,0,8,8.0,5,5.0,3.0,0.0
2024-03-10,2023,VfL Bochum,SC Freiburg,A,0,2.2,3.75,3.0,1509.4914477307225,1559.4476487280947,-49.95620099737221,100,100,0.0,-1,-1,-2,-1,5,5.0,2,2.0,0.0,3.0
2024-03-10,2023,Ein Frankfurt,TSG Hoffenheim,H,2,2.0,4.0,3.3,1610.1712546431454,1532.9313005856568,77.2399540574886,100,100,0.0,2,-1,0,3,6,6.0,8,8.0,2.0,1.0
2024-03-10,2023,Bayer Leverkusen,VfL Wolfsburg,H,2,1.33,5.75,8.5,1791.5171144214576,1512.5177674131512,278.99934700830636,100,100,0.0,2,0,4,4,15,15.0,3,3.0,1.6666666666666667,0.6666666666666666
2024-03-15,2023,FC Cologne,RB Leipzig,A,0,6.5,4.75,1.45,1482.8785000488494,1683.828627508131,-200.95012745928148,100,100,0.0,-6,-6,-4,-8,3,3.0,10,10.0,0.6666666666666666,1.6666666666666667
2024-03-16,2023,TSG Hoffenheim,VfB Stuttgart,A,0,3.8,4.0,1.83,1524.9820865773436,1639.2953061978044,-114.31321962046081,100,100,0.0,1,3,1,1,7,7.0,13,13.0,1.6666666666666667,0.6666666666666666
2024-03-16,2023,VfL Wolfsburg,FC Augsburg,A,0,2.05,3.5,3.5,1509.4755780041594,1524.8239345041416,-15.348356499982174,100,100,0.0,2,3,1,2,2,2.0,10,10.0,0.6666666666666666,1.6666666666666667
2024-03-16,2023,1. FC Heidenheim,Borussia Monchengladbach,D,1,2.45,3.6,2.7,1509.8505938869578,1514.1200389572568,-4.269445070299071,100,100,0.0,-2,-3,-1,-5,4,4.0,6,6.0,0.0,3.0
2024-03-16,2023,FSV Mainz 05,VfL Bochum,H,2,1.8,3.8,4.33,1462.3945379734914,1492.3457019151624,-29.951163941670984,100,100,0.0,0,0,0,0,4,4.0,4,4.0,2.3333333333333335,0.3333333333333333
2024-03-16,2023,SV Darmstadt 98,Bayern Munich,A,0,17.0,8.0,1.14,1363.5423702184094,1775.434336879833,-411.89196666142357,100,100,0.0,-10,-10,-8,-11,2,2.0,7,7.0,0.0,3.0
2024-03-16,2023,Union Berlin,Werder Bremen,H,2,2.05,3.4,3.8,1539.4604724347237,1498.002136735247,41.45833569947672,100,100,0.0,0,0,0,0,7,7.0,4,4.0,2.0,1.0
2024-03-17,2023,SC Freiburg,Bayer Leverkusen,A,0,6.0,4.33,1.53,1576.5933945436548,1794.5593038304494,-217.9659092867946,100,100,0.0,-3,-2,-3,-5,5,5.0,15,15.0,1.3333333333333333,1.3333333333333333
2024-03-17,2023,Borussia Dortmund,Ein Frankfurt,H,2,1.62,4.2,5.0,1716.7132544736344,1618.1204686514586,98.59278582217576,100,100,0.0,3,4,6,3,10,10.0,9,9.0,2.3333333333333335,0.3333333333333333
2024-03-30,2023,Werder Bremen,VfL Wolfsburg,A,0,2.88,3.5,2.4,1488.7928859382628,1490.8915149534894,-2.0986290152266065,100,100,0.0,-2,-3,-1,-2,4,4.0,2,2.0,1.6666666666666667,0.6666666666666666
2024-03-30,2023,RB Leipzig,FSV Mainz 05,D,1,1.4,5.25,7.5,1694.5889052229795,1474.4106090291968,220.17829619378267,100,100,0.0,6,6,4,8,12,12.0,7,7.0,0.3333333333333333,2.3333333333333335
2024-03-30,2023,Bayern Munich,Borussia Dortmund,A,0,1.4,5.75,6.0,1779.7067153824773,1723.9652982785033,55.74141710397407,100,100,0.0,4,4,1,4,10,10.0,10,10.0,2.3333333333333335,0.3333333333333333
2024-03-30,2023,Bayer Leverkusen,TSG Hoffenheim,H,2,1.2,7.5,12.0,1804.6533952234743,1510.599688589368,294.0537066341062,100,100,0.0,3,0,4,5,15,15.0,6,6.0,2.0,1.0
2024-03-30,2023,Borussia Monchengladbach,SC Freiburg,A,0,2.2,3.6,3.2,1518.1515486924059,1566.4993031506299,-48.34775445822402,100,100,0.0,1,2,-1,4,6,6.0,5,5.0,1.0,1.0
2024-03-30,2023,Ein Frankfurt,Union Berlin,D,1,2.0,3.5,3.8,1610.8684248465897,1548.6697232317078,62.198701614881884,100,100,0.0,3,2,1,4,8,8.0,7,7.0,2.0,1.0
2024-03-31,2023,FC Augsburg,FC Cologne,D,1,1.75,4.0,4.5,1543.4079975548116,1472.1182223340008,71.28977522081072,100,100,0.0,0,0,0,0,12,12.0,2,2.0,0.3333333333333333,2.3333333333333335
2024-03-31,2023,VfB Stuttgart,1. FC Heidenheim,D,1,1.25,6.0,10.0,1653.67770418578,1505.8190841518087,147.8586200339712,100,100,0.0,0,0,0,0,13,13.0,2,2.0,0.0,3.0
2024-03-31,2023,VfL Bochum,SV Darmstadt 98,D,1,1.62,4.0,5.25,1480.329630859457,1359.269991715765,121.05963914369204,100,100,0.0,0,0,0,0,3,3.0,1,1.0,3.0,0.0
2024-04-05,2023,Ein Frankfurt,Werder Bremen,D,1,1.75,3.8,4.5,1604.333720905866,1469.6745715057368,134.65914940012908,100,100,0.0,3,2,1,4,8,8.0,1,1.0,2.3333333333333335,0.3333333333333333
2024-04-06,2023,1. FC Heidenheim,Bayern Munich,H,2,6.5,6.0,1.36,1515.0110990768187,1758.3997023531383,-243.3886032763196,100,100,0.0,-10,-10,-8,-11,3,3.0,10,10.0,0.0,3.0
2024-04-06,2023,FC Cologne,VfL Bochum,H,2,2.25,3.5,3.1,1478.9672738184188,1471.8944080310382,7.072865787380579,100,100,0.0,0,0,0,0,3,3.0,1,1.0,0.6666666666666666,1.6666666666666667
2024-04-06,2023,SC Freiburg,RB Leipzig,A,0,4.75,4.33,1.65,1583.7130246715337,1683.6894771435223,-99.97645247198852,100,100,0.0,-5,-5,-2,-7,7,7.0,10,10.0,0.0,3.0
2024-04-06,2023,Union Berlin,Bayer Leverkusen,A,0,5.75,4.33,1.55,1555.2044271724317,1807.4667315149018,-252.2623043424701,100,100,0.0,-4,-3,-5,-6,5,5.0,15,15.0,0.3333333333333333,2.3333333333333335
2024-04-06,2023,Borussia Dortmund,VfB Stuttgart,A,0,2.25,4.0,2.8,1745.2723113078423,1644.48568926077,100.78662204707234,100,100,0.0,6,6,7,7,12,12.0,11,11.0,1.3333333333333333,1.3333333333333333
2024-04-06,2023,FSV Mainz 05,SV Darmstadt 98,H,2,1.4,5.0,7.5,1485.3100371086541,1367.7052145441837,117.6048225644704,100,100,0.0,0,0,0,0,5,5.0,2,2.0,1.3333333333333333,1.3333333333333333
2024-04-07,2023,TSG Hoffenheim,FC Augsburg,H,2,2.2,4.0,2.9,1507.7863522979405,1536.5589460703936,-28.772593772453092,100,100,0.0,1,3,1,1,6,6.0,13,13.0,1.3333333333333333,1.3333333333333333
2024-04-07,2023,VfL Wolfsburg,Borussia Monchengladbach,A,0,1.85,4.0,3.8,1510.0098293860153,1500.937827171502,9.072002214513304,100,100,0.0,0,0,0,-3,4,4.0,6,6.0,0.3333333333333333,2.3333333333333335
2024-04-12,2023,FC Augsburg,Union Berlin,H,2,2.1,3.4,3.4,1524.5917112663349,1546.3872714262664,-21.795560159931483,100,100,0.0,0,0,0,0,10,10.0,4,4.0,1.6666666666666667,0.6666666666666666
2024-04-13,2023,FSV Mainz 05,TSG Hoffenheim,H,2,1.95,4.0,3.4,1491.9773722577456,1519.7535871019993,-27.776214844253673,100,100,0.0,-1,-3,-1,-1,8,8.0,6,6.0,1.3333333333333333,1.3333333333333333
2024-04-13,2023,VfL Bochum,1. FC Heidenheim,D,1,2.05,3.75,3.3,1461.3761216609687,1535.872612131337,-74.49649047036837,100,100,0.0,0,0,0,0,1,1.0,5,5.0,1.0,1.0
2024-04-13,2023,Borussia Monchengladbach,Borussia Dortmund,A,0,3.25,4.0,2.0,1520.498009824895,1722.4551367183476,-201.9571268934526,100,100,0.0,-4,-3,-6,-2,6,6.0,12,12.0,1.0,2.0
2024-04-13,2023,RB Leipzig,VfL Wolfsburg,H,2,1.36,5.0,8.0,1698.6904937720265,1490.4496467326223,208.24084703940412,100,100,0.0,4,3,3,6,13,13.0,3,3.0,2.0,1.0
2024-04-13,2023,VfB Stuttgart,Ein Frankfurt,H,2,1.53,4.5,5.5,1667.3028638502647,1595.5058766845168,71.79698716574785,100,100,0.0,-3,-2,-1,-4,13,13.0,8,8.0,1.3333333333333333,1.3333333333333333
2024-04-13,2023,Bayern Munich,FC Cologne,H,2,1.22,7.5,11.0,1737.53818929862,1489.4855601884883,248.05262911013165,100,100,0.0,10,10,8,11,7,7.0,5,5.0,2.3333333333333335,0.3333333333333333
2024-04-14,2023,SV Darmstadt 98,SC Freiburg,A,0,4.0,3.8,1.83,1361.0378793950922,1568.7120080430295,-207.67412864793732,100,100,0.0,-1,-1,-2,-1,1,1.0,7,7.0,1.3333333333333333,1.3333333333333333
2024-04-14,2023,Bayer Leverkusen,Werder Bremen,H,2,1.2,7.0,13.0,1816.283887261067,1478.502415727086,337.7814715339812,100,100,0.0,4,3,5,6,15,15.0,1,1.0,2.3333333333333335,0.3333333333333333
2024-04-19,2023,Ein Frankfurt,FC Augsburg,H,2,2.0,3.75,3.5,1587.372249248159,1536.2712436458744,51.10100560228466,100,100,0.0,3,2,1,4,5,5.0,10,10.0,1.3333333333333333,1.3333333333333333
2024-04-20,2023,FC Cologne,SV Darmstadt 98,A,0,1.5,4.75,5.75,1485.920645483658,1350.5432220626903,135.37742342096772,100,100,0.0,0,0,0,0,5,5.0,1,1.0,3.0,0.0
2024-04-20,2023,1. FC Heidenheim,RB Leipzig,A,0,5.75,5.25,1.45,1536.971713761961,1703.040459472859,-166.06874571089816,100,100,0.0,-6,-6,-4,-8,6,6.0,13,13.0,0.0,3.0
2024-04-20,2023,TSG Hoffenheim,Borussia Monchengladbach,H,2,2.1,4.0,3.1,1507.8275869358042,1509.777701645049,-1.9501147092448718,100,100,0.0,-1,0,0,-4,3,3.0,5,5.0,0.0,3.0
2024-04-20,2023,VfL Wolfsburg,VfL Bochum,H,2,1.75,4.0,4.33,1486.0996810317897,1460.2770200303448,25.822661001444885,100,100,0.0,2,3,1,2,3,3.0,2,2.0,2.0,1.0
2024-04-20,2023,Union Berlin,Bayern Munich,A,0,4.75,4.5,1.62,1534.7077390467268,1741.1031040034502,-206.39536495672337,100,100,0.0,-10,-10,-8,-11,4,4.0,9,9.0,0.3333333333333333,2.3333333333333335
2024-04-21,2023,SC Freiburg,FSV Mainz 05,D,1,2.6,3.5,2.6,1579.2066653754314,1503.9033724239407,75.30329295149068,100,100,0.0,1,1,2,1,9,9.0,10,10.0,2.3333333333333335,0.3333333333333333
2024-04-21,2023,Borussia Dortmund,Bayer Leverkusen,D,1,2.55,3.8,2.55,1733.1754448981935,1818.517775247328,-85.3423303491345,100,100,0.0,2,3,2,1,12,12.0,15,15.0,2.3333333333333335,0.3333333333333333
2024-04-21,2023,Werder Bremen,VfB Stuttgart,H,2,4.75,4.75,1.57,1476.268527740825,1675.4364912866224,-199.16796354579742,100,100,0.0,0,0,0,0,1,1.0,13,13.0,1.3333333333333333,1.3333333333333333
2024-04-26,2023,VfL Bochum,TSG Hoffenheim,H,2,2.15,4.0,2.9,1450.4835729628157,1518.703344649085,-68.21977168626927,100,100,0.0,-1,-3,-1,-1,2,2.0,6,6.0,1.0,2.0
2024-04-27,2023,FC Augsburg,Werder Bremen,A,0,1.8,4.0,4.0,1527.4124116798955,1495.437352567573,31.97505911232247,100,100,0.0,0,0,0,0,7,7.0,4,4.0,2.0,1.0
2024-04-27,2023,Bayer Leverkusen,VfB Stuttgart,D,1,1.75,4.2,4.33,1819.1502225414301,1656.2676664598744,162.88255608155578,100,100,0.0,4,3,5,6,13,13.0,10,10.0,1.6666666666666667,0.6666666666666666
2024-04-27,2023,Bayern Munich,Ein Frankfurt,H,2,1.4,5.25,7.0,1751.6480447773893,1596.231081214138,155.41696356325133,100,100,0.0,7,8,7,7,9,9.0,5,5.0,1.3333333333333333,1.3333333333333333
2024-04-27,2023,RB Leipzig,Borussia Dortmund,H,2,1.67,4.33,4.5,1715.2219346093873,1732.5429976040914,-17.321062994704107,100,100,0.0,0,0,-3,1,13,13.0,10,10.0,2.0,1.0
2024-04-27,2023,SC Freiburg,VfL Wolfsburg,A,0,2.3,3.6,2.88,1572.2211881133198,1495.8931280993188,76.32806001400104,100,100,0.0,-1,-2,1,-1,7,7.0,6,6.0,2.0,1.0
2024-04-28,2023,Borussia Monchengladbach,Union Berlin,D,1,2.3,3.5,3.0,1498.9019439317683,1524.1627982727878,-25.260854341019467,100,100,0.0,2,3,1,5,4,4.0,4,4.0,0.0,3.0
2024-04-28,2023,FSV Mainz 05,FC Cologne,D,1,1.55,4.33,6.0,1510.8888496860523,1462.0725562738028,48.81629341224948,100,100,0.0,0,0,0,0,11,11.0,4,4.0,1.6666666666666667,0.6666666666666666
2024-04-28,2023,SV Darmstadt 98,1. FC Heidenheim,A,0,3.3,3.75,2.1,1374.3913112725456,1524.7902386254327,-150.39892735288709,100,100,0.0,0,0,0,0,4,4.0,6,6.0,0.0,3.0
2024-05-03,2023,TSG Hoffenheim,RB Leipzig,D,1,5.25,5.0,1.5,1505.0715935173607,1726.7182860034625,-221.64669248610176,100,100,0.0,-5,-3,-3,-7,6,6.0,13,13.0,0.0,3.0
2024-05-04,2023,FC Cologne,SC Freiburg,D,1,2.3,3.75,2.88,1468.1313985159038,1550.2011108770084,-82.06971236110462,100,100,0.0,-1,-1,-2,-1,5,5.0,7,7.0,0.0,3.0
2024-05-04,2023,Werder Bremen,Borussia Monchengladbach,D,1,2.25,3.75,3.0,1515.8760724219603,1495.7240640086127,20.15200841334763,100,100,0.0,-2,-3,-1,-5,7,7.0,4,4.0,1.6666666666666667,0.6666666666666666
2024-05-04,2023,VfL Wolfsburg,SV Darmstadt 98,H,2,1.4,5.0,8.0,1517.9132053356302,1361.5520732659518,156.36113206967843,100,100,0.0,2,3,1,2,9,9.0,4,4.0,2.0,1.0
2024-05-04,2023,VfB Stuttgart,Bayern Munich,H,2,2.1,4.0,3.1,1665.854042051362,1757.2549634295715,-91.40092137820943,100,100,0.0,-10,-10,-8,-11,8,8.0,9,9.0,0.3333333333333333,2.3333333333333335
2024-05-04,2023,Borussia Dortmund,FC Augsburg,H,2,1.85,4.33,3.6,1721.0466462100162,1506.9736918255082,214.07295438450797,100,100,0.0,6,6,7,7,7,7.0,4,4.0,2.3333333333333335,0.3333333333333333
2024-05-05,2023,Union Berlin,VfL Bochum,A,0,1.95,3.5,4.0,1527.3406781959434,1464.11532409454,63.225354101403354,100,100,0.0,0,0,0,0,2,2.0,5,5.0,0.3333333333333333,2.3333333333333335
2024-05-05,2023,Ein Frankfurt,Bayer Leverkusen,A,0,3.2,3.5,2.2,1590.6241625619557,1809.5638469499424,-218.93968438798674,100,100,0.0,-1,-1,-4,-2,5,5.0,11,11.0,1.0,2.0
2024-05-05,2023,1. FC Heidenheim,FSV Mainz 05,D,1,3.0,3.5,2.3,1537.6294766320266,1504.8300074439512,32.79946918807536,100,100,0.0,0,0,0,0,8,8.0,9,9.0,3.0,0.0
2024-05-10,2023,FC Augsburg,VfB Stuttgart,A,0,4.0,4.2,1.75,1502.7471070479755,1680.4828657715175,-177.73575872354195,100,100,0.0,0,0,0,0,3,3.0,10,10.0,0.3333333333333333,2.3333333333333335
2024-05-11,2023,RB Leipzig,Werder Bremen,D,1,1.29,6.5,8.0,1721.6709591233243,1510.8860523887722,210.78490673455212,100,100,0.0,6,6,4,8,13,13.0,8,8.0,2.3333333333333335,0.3333333333333333
2024-05-11,2023,FSV Mainz 05,Borussia Dortmund,H,2,2.2,3.6,3.1,1510.2996141163712,1725.273230987549,-214.97361687117768,100,100,0.0,-6,-6,-7,-7,9,9.0,7,7.0,0.6666666666666666,1.6666666666666667
2024-05-11,2023,FC Cologne,Union Berlin,H,2,2.8,3.3,2.55,1467.3579722809432,1505.770108581977,-38.4121363010338,100,100,0.0,0,0,0,0,5,5.0,1,1.0,0.3333333333333333,2.3333333333333335
2024-05-11,2023,SC Freiburg,1. FC Heidenheim,D,1,1.7,4.0,4.5,1550.974537111969,1532.1598699596066,18.814667152362517,100,100,0.0,1,1,2,1,5,5.0,8,8.0,0.0,3.0
2024-05-11,2023,Borussia Monchengladbach,Ein Frankfurt,D,1,2.45,3.75,2.63,1500.7140840418008,1580.5675808428402,-79.85349680103946,100,100,0.0,-1,1,0,1,5,5.0,4,4.0,0.3333333333333333,2.3333333333333335
2024-05-12,2023,Bayern Munich,VfL Wolfsburg,H,2,1.33,6.0,7.5,1742.626139709416,1523.4953876514048,219.13075205801124,100,100,0.0,8,7,7,9,9,9.0,9,9.0,3.0,0.0
2024-05-12,2023,SV Darmstadt 98,TSG Hoffenheim,A,0,4.75,4.5,1.62,1355.9698909501772,1510.1189203974989,-154.1490294473217,100,100,0.0,-1,-3,-1,-1,3,3.0,7,7.0,0.6666666666666666,1.6666666666666667
2024-05-12,2023,VfL Bochum,Bayer Leverkusen,A,0,4.2,4.33,1.7,1485.6858937085065,1819.620428669058,-333.93453496055145,100,100,0.0,-4,-3,-5,-6,7,7.0,11,11.0,1.0,2.0
2024-05-18,2023,TSG Hoffenheim,Bayern Munich,H,2,2.88,4.5,2.0,1522.7998653783561,1746.7481056586676,-223.94824028031144,100,100,0.0,-9,-7,-7,-10,7,7.0,12,12.0,0.3333333333333333,2.3333333333333335
2024-05-18,2023,Ein Frankfurt,RB Leipzig,D,1,2.8,3.8,2.3,1581.4364017449006,1710.9667402343407,-129.53033848944006,100,100,0.0,-3,-4,-3,-4,4,4.0,11,11.0,2.0,1.0
2024-05-18,2023,1. FC Heidenheim,FC Cologne,H,2,2.3,4.0,2.7,1537.0984764600273,1479.726515277721,57.37196118230622,100,100,0.0,0,0,0,0,6,6.0,5,5.0,1.0,1.0
2024-05-18,2023,Werder Bremen,VfL Bochum,H,2,2.38,3.6,2.8,1521.5902712777558,1479.493264254158,42.097007023597826,100,100,0.0,0,0,0,0,8,8.0,7,7.0,2.3333333333333335,0.3333333333333333
2024-05-18,2023,Borussia Dortmund,SV Darmstadt 98,H,2,1.17,8.5,13.0,1705.4830140257536,1343.28894596932,362.1940680564337,100,100,0.0,6,6,7,7,7,7.0,3,3.0,2.0,1.0
2024-05-18,2023,VfB Stuttgart,Borussia Monchengladbach,H,2,1.29,6.25,8.5,1692.181646937344,1499.8452631397404,192.33638379760373,100,100,0.0,-2,-3,-1,-5,10,10.0,3,3.0,1.0,2.0
2024-05-18,2023,Union Berlin,SC Freiburg,H,2,2.1,3.4,3.5,1493.401565585199,1546.0359306115483,-52.634365026349315,100,100,0.0,-1,-1,-2,-1,1,1.0,6,6.0,1.3333333333333333,1.3333333333333333
2024-05-18,2023,VfL Wolfsburg,FSV Mainz 05,A,0,3.2,3.5,2.2,1519.3734217021533,1530.0898310781665,-10.716409376013189,100,100,0.0,2,3,1,2,9,9.0,9,9.0,2.3333333333333335,0.3333333333333333
2024-05-18,2023,Bayer Leverkusen,FC Augsburg,H,2,1.3,6.0,9.0,1825.8130581234063,1491.048325882149,334.76473224125743,100,100,0.0,4,3,5,6,11,11.0,3,3.0,1.0,2.0
2024-08-23,2024,Borussia Monchengladbach,Bayer Leverkusen,A,0,5.25,4.5,1.55,1495.1436045496082,1828.0831169787823,-332.9395124291741,100,100,0.0,-6,-6,-5,-7,3,3.0,11,11.0,0.6666666666666666,1.6666666666666667
2024-08-24,2024,RB Leipzig,VfL Bochum,H,2,1.25,7.0,9.0,1709.6948742902237,1470.3074610207104,239.38741326951322,100,100,0.0,5,5,5,5,9,9.0,6,6.0,1.3333333333333333,1.3333333333333333
2024-08-24,2024,Borussia Dortmund,Ein Frankfurt,H,2,1.7,4.1,4.5,1707.4431691258637,1582.7082676890177,124.73490143684603,100,100,0.0,4,6,3,5,7,7.0,5,5.0,2.3333333333333335,0.3333333333333333
2024-08-24,2024,FC Augsburg,Werder Bremen,D,1,2.2,3.6,3.1,1488.778267026773,1530.7760745112034,-41.997807484430496,100,100,0.0,0,0,0,0,0,0.0,11,11.0,1.0,2.0
2024-08-24,2024,SC Freiburg,VfB Stuttgart,H,2,3.5,3.6,2.05,1533.0682940856864,1696.8833055274763,-163.81501144178992,100,100,0.0,0,1,1,-1,3,3.0,10,10.0,1.0,2.0
2024-08-24,2024,TSG Hoffenheim,Holstein Kiel,H,2,1.65,4.5,4.5,1542.93511016466,1500.0,42.935110164660045,100,100,0.0,1,0,0,1,10,10.0,0,0.0,1.5,1.5
2024-08-24,2024,FSV Mainz 05,Union Berlin,D,1,2.0,3.4,3.9,1548.861844585958,1506.369202111061,42.49264247489691,100,100,0.0,-1,0,-1,1,9,9.0,4,4.0,0.3333333333333333,2.3333333333333335
2024-08-25,2024,VfL Wolfsburg,Bayern Munich,A,0,6.25,4.75,1.45,1500.601408194362,1726.6128608723636,-226.01145267800166,100,100,0.0,-9,-7,-8,-15,9,9.0,9,9.0,0.0,3.0
2024-08-25,2024,FC St. Pauli,1. FC Heidenheim,A,0,2.1,3.5,3.4,1365.8191728812626,1545.7336272960515,-179.9144544147889,100,100,0.0,0,0,0,0,1,1.0,8,8.0,1.5,1.5
2024-08-30,2024,Union Berlin,FC St. Pauli,H,2,1.91,3.5,4.1,1512.1979071132173,1354.2097730869523,157.98813402626502,100,100,0.0,1,0,1,-1,5,5.0,0,0.0,1.5,1.5
2024-08-31,2024,VfL Bochum,Borussia Monchengladbach,A,0,2.6,3.6,2.6,1466.582852276863,1488.9227793483888,-22.339927071525835,100,100,0.0,-1,-2,0,0,6,6.0,3,3.0,0.0,3.0
2024-08-31,2024,Bayer Leverkusen,RB Leipzig,A,0,1.75,4.2,4.1,1834.3039421800017,1713.4194830340712,120.88445914593058,100,100,0.0,2,3,0,2,13,13.0,9,9.0,3.0,0.0
2024-08-31,2024,Ein Frankfurt,TSG Hoffenheim,H,2,1.8,4.2,3.9,1576.2513404648607,1552.0901947585214,24.161145706339312,100,100,0.0,1,1,2,0,2,2.0,10,10.0,2.0,1.0
2024-08-31,2024,VfB Stuttgart,FSV Mainz 05,D,1,1.62,4.33,5.25,1679.1587599965153,1543.0331395838016,136.12562041271372,100,100,0.0,1,0,0,2,10,10.0,9,9.0,3.0,0.0
2024-08-31,2024,Holstein Kiel,VfL Wolfsburg,A,0,3.2,3.7,2.15,1490.8449154061386,1490.815128551735,0.029786854403710095,100,100,0.0,0,0,0,0,0,0.0,6,6.0,1.5,1.5
2024-08-31,2024,Werder Bremen,Borussia Dortmund,D,1,4.1,4.0,1.8,1533.2572231288345,1713.9000963500207,-180.64287322118616,100,100,0.0,-6,-7,-5,-6,9,9.0,9,9.0,0.0,3.0
2024-09-01,2024,1. FC Heidenheim,FC Augsburg,H,2,2.38,3.5,2.9,1557.3430270903618,1486.2971184091418,71.04590868122,100,100,0.0,0,0,0,0,11,11.0,1,1.0,0.0,3.0
2024-09-01,2024,Bayern Munich,SC Freiburg,H,2,1.2,8.0,11.0,1736.3991405149907,1550.7928396166474,185.6063008983433,100,100,0.0,8,6,7,14,9,9.0,5,5.0,2.3333333333333335,0.3333333333333333
2024-09-13,2024,Borussia Dortmund,1. FC Heidenheim,H,2,1.4,5.5,6.5,1710.4796687812218,1565.5023117754188,144.97735700580301,100,100,0.0,6,7,5,6,10,10.0,11,11.0,1.0,1.0
2024-09-14,2024,VfL Wolfsburg,Ein Frankfurt,A,0,2.63,3.6,2.5,1510.0182636030477,1586.107982832329,-76.0897192292814,100,100,0.0,-2,-1,-2,-1,6,6.0,5,5.0,1.6666666666666667,0.6666666666666666
2024-09-14,2024,Holstein Kiel,Bayern Munich,A,0,11.0,7.0,1.22,1471.6417803548259,1741.25645207908,-269.6146717242541,100,100,0.0,-9,-7,-8,-15,0,0.0,9,9.0,1.5,1.5
2024-09-14,2024,SC Freiburg,VfL Bochum,H,2,1.7,3.9,5.0,1545.935528052558,1448.284742940579,97.65078511197908,100,100,0.0,1,1,1,1,5,5.0,3,3.0,3.0,0.0
2024-09-14,2024,TSG Hoffenheim,Bayer Leverkusen,A,0,5.75,4.5,1.48,1542.233552391053,1810.8738922167279,-268.6403398256748,100,100,0.0,-6,-8,-5,-6,10,10.0,12,12.0,0.0,3.0
2024-09-14,2024,Borussia Monchengladbach,VfB Stuttgart,A,0,2.75,4.0,2.3,1507.2208886846727,1670.2896348419579,-163.0687461572852,100,100,0.0,0,2,0,-2,5,5.0,10,10.0,1.0,2.0
2024-09-14,2024,RB Leipzig,Union Berlin,D,1,1.48,4.5,6.5,1736.849532997345,1517.7376611721977,219.11187182514732,100,100,0.0,4,5,4,6,9,9.0,7,7.0,2.0,1.0
2024-09-15,2024,FC Augsburg,FC St. Pauli,H,2,2.1,3.6,3.4,1478.1378337240849,1348.6700190279719,129.467814696113,100,100,0.0,0,0,0,0,1,1.0,0,0.0,1.5,1.5
2024-09-15,2024,FSV Mainz 05,Werder Bremen,A,0,2.0,3.7,3.5,1551.902264738359,1536.6776506976335,15.224614040725555,100,100,0.0,0,0,0,0,9,9.0,7,7.0,0.3333333333333333,2.3333333333333335
2024-09-20,2024,FC Augsburg,FSV Mainz 05,A,0,2.38,3.5,2.9,1484.457777244759,1532.1023187345875,-47.6445414898285,100,100,0.0,0,0,0,0,4,4.0,8,8.0,1.0,2.0
2024-09-21,2024,Union Berlin,TSG Hoffenheim,H,2,2.0,3.6,3.7,1528.6153087718142,1533.9917517938322,-5.376443022018066,100,100,0.0,0,0,1,-2,8,8.0,9,9.0,1.0,2.0
2024-09-21,2024,Werder Bremen,Bayern Munich,A,0,8.0,5.5,1.36,1556.477596701405,1749.4647687096176,-192.9871720082126,100,100,0.0,-9,-7,-8,-15,9,9.0,12,12.0,1.0,2.0
2024-09-21,2024,Ein Frankfurt,Borussia Monchengladbach,H,2,1.75,4.0,4.33,1602.1386460395904,1494.9142661987062,107.22437984088424,100,100,0.0,1,-1,2,1,8,8.0,4,4.0,1.6666666666666667,0.6666666666666666
2024-09-21,2024,VfL Bochum,Holstein Kiel,D,1,1.91,3.5,4.0,1441.0028387061857,1463.4334637242882,-22.430625018102546,100,100,0.0,0,0,0,0,0,0.0,0,0.0,1.5,1.5
2024-09-21,2024,1. FC Heidenheim,SC Freiburg,A,0,2.7,3.5,2.55,1559.6162507006547,1553.2174322869514,6.398818413703339,100,100,0.0,-1,-1,-1,-1,10,10.0,7,7.0,2.0,0.5
2024-09-22,2024,Bayer Leverkusen,VfL Wolfsburg,H,2,1.3,5.75,8.0,1819.1156928139487,1493.9876003957863,325.1280924181624,100,100,0.0,7,8,5,7,12,12.0,3,3.0,2.3333333333333335,0.3333333333333333
2024-09-22,2024,VfB Stuttgart,Borussia Dortmund,H,2,2.3,3.75,2.9,1682.5962573279244,1716.3657298559858,-33.76947252806144,100,100,0.0,-5,-7,-5,-4,10,10.0,10,10.0,2.3333333333333335,0.3333333333333333
2024-09-22,2024,FC St. Pauli,RB Leipzig,D,1,5.75,3.9,1.62,1342.3500755072978,1725.9718853977286,-383.62180989043077,100,100,0.0,-5,-5,-5,-5,0,0.0,9,9.0,1.5,1.5
2024-09-27,2024,Borussia Dortmund,VfL Bochum,H,2,1.25,7.0,9.0,1704.190992201228,1437.708456023879,266.48253617734895,100,100,0.0,6,7,5,6,10,10.0,1,1.0,1.6666666666666667,0.6666666666666666
2024-09-28,2024,Borussia Monchengladbach,Union Berlin,H,2,2.1,3.5,3.4,1487.9319357162287,1539.6281774683164,-51.696241752087644,100,100,0.0,0,2,-1,1,3,3.0,11,11.0,0.3333333333333333,2.3333333333333335
2024-09-28,2024,FSV Mainz 05,1. FC Heidenheim,A,0,1.83,3.75,4.2,1549.3457302382662,1540.1610555293828,9.184674708883449,100,100,0.0,0,0,0,0,8,8.0,9,9.0,0.5,2.0
2024-09-28,2024,SC Freiburg,FC St. Pauli,A,0,1.62,4.0,5.5,1572.6726274582234,1352.4460800465558,220.22654741166753,100,100,0.0,1,1,1,1,9,9.0,1,1.0,0.5,2.0
2024-09-28,2024,VfL Wolfsburg,VfB Stuttgart,D,1,3.2,3.9,2.05,1491.5983687352266,1694.7709949826822,-203.17262624745558,100,100,0.0,-1,0,0,-2,3,3.0,10,10.0,1.0,2.0
2024-09-28,2024,RB Leipzig,FC Augsburg,H,2,1.4,5.25,6.5,1715.8758808584705,1467.2143657410802,248.6615151173903,100,100,0.0,5,5,5,5,9,9.0,4,4.0,2.3333333333333335,0.3333333333333333
2024-09-28,2024,Bayern Munich,Bayer Leverkusen,D,1,1.73,4.33,4.2,1760.5433760243873,1821.5049244745085,-60.9615484501212,100,100,0.0,2,-1,3,8,12,12.0,12,12.0,0.3333333333333333,2.3333333333333335
2024-09-29,2024,Holstein Kiel,Ein Frankfurt,A,0,4.2,4.2,1.73,1466.7278464065948,1609.1209765220678,-142.393130115473,100,100,0.0,-2,-1,-2,-1,1,1.0,10,10.0,1.5,1.5
2024-09-29,2024,TSG Hoffenheim,Werder Bremen,A,0,2.38,3.8,2.7,1522.97888309733,1545.3989893866353,-22.420106289305295,100,100,0.0,1,0,0,1,6,6.0,8,8.0,3.0,0.0
2024-10-04,2024,FC Augsburg,Borussia Monchengladbach,H,2,2.38,3.7,2.7,1463.6604466637025,1500.8598283688643,-37.19938170516184,100,100,0.0,-1,-2,0,0,4,4.0,6,6.0,1.3333333333333333,1.3333333333333333
2024-10-05,2024,Bayer Leverkusen,Holstein Kiel,D,1,1.09,11.0,21.0,1823.1832926314669,1453.5490756382778,369.63421699318906,100,100,0.0,7,8,5,7,10,10.0,1,1.0,1.5,1.5
2024-10-05,2024,VfL Bochum,VfL Wolfsburg,A,0,3.0,3.7,2.2,1434.463563216065,1495.9262177835817,-61.462654567516665,100,100,0.0,0,0,0,0,1,1.0,4,4.0,1.0,2.0
2024-10-05,2024,Union Berlin,Borussia Dortmund,H,2,3.3,3.5,2.15,1526.7002848156808,1707.435885009042,-180.73560019336128,100,100,0.0,-5,-7,-4,-7,8,8.0,10,10.0,0.0,3.0
2024-10-05,2024,FC St. Pauli,FSV Mainz 05,A,0,2.4,3.3,2.9,1378.3464913070718,1529.7811331478297,-151.43464184075788,100,100,0.0,0,0,0,0,4,4.0,5,5.0,0.0,3.0
2024-10-05,2024,Werder Bremen,SC Freiburg,A,0,2.6,3.5,2.6,1563.6938042909674,1546.7722161977074,16.92158809325997,100,100,0.0,-1,-1,-1,-1,8,8.0,9,9.0,1.0,2.0
2024-10-06,2024,1. FC Heidenheim,RB Leipzig,A,0,4.5,4.33,1.67,1559.7256526198194,1719.4297999358482,-159.70414731602887,100,100,0.0,-5,-5,-5,-5,9,9.0,11,11.0,0.0,3.0
2024-10-06,2024,Ein Frankfurt,Bayern Munich,D,1,5.5,4.5,1.53,1622.2997472903849,1758.8650078674289,-136.565260577044,100,100,0.0,-7,-6,-6,-14,12,12.0,13,13.0,1.3333333333333333,1.3333333333333333
2024-10-06,2024,VfB Stuttgart,TSG Hoffenheim,D,1,1.3,6.0,8.0,1690.443145934327,1504.684068192998,185.75907774132907,100,100,0.0,0,0,0,1,8,8.0,3,3.0,1.3333333333333333,1.3333333333333333
2024-10-18,2024,Borussia Dortmund,FC St. Pauli,H,2,1.3,5.25,9.5,1689.0116624880268,1365.5510218920201,323.46064059600667,100,100,0.0,6,7,5,6,7,7.0,4,4.0,3.0,0.0
2024-10-19,2024,Borussia Monchengladbach,1. FC Heidenheim,H,2,1.85,3.7,4.1,1488.5420015472685,1547.2782116734697,-58.736210126201286,100,100,0.0,1,2,0,0,6,6.0,6,6.0,2.0,0.5
2024-10-19,2024,FSV Mainz 05,RB Leipzig,A,0,3.9,3.8,1.85,1542.5766025628814,1731.8772408821978,-189.30063831931648,100,100,0.0,-5,-5,-5,-5,7,7.0,11,11.0,2.3333333333333335,0.3333333333333333
2024-10-19,2024,SC Freiburg,FC Augsburg,H,2,1.73,3.75,4.75,1566.6378212252007,1475.9782734852984,90.65954773990234,100,100,0.0,1,1,1,1,9,9.0,6,6.0,2.0,1.0
2024-10-19,2024,Bayer Leverkusen,Ein Frankfurt,H,2,1.44,4.75,6.5,1810.0664272167255,1623.8725937457586,186.19383347096687,100,100,0.0,5,7,3,6,8,8.0,13,13.0,3.0,0.0
2024-10-19,2024,TSG Hoffenheim,VfL Bochum,H,2,1.7,4.5,4.2,1514.8303357015238,1417.8065621266016,97.02377357492219,100,100,0.0,1,0,0,1,1,1.0,1,1.0,1.0,2.0
2024-10-19,2024,Bayern Munich,VfB Stuttgart,H,2,1.36,5.25,7.5,1757.292161412055,1680.2968784258012,76.99528298625387,100,100,0.0,8,7,8,13,11,11.0,9,9.0,2.0,1.0
2024-10-20,2024,Holstein Kiel,Union Berlin,A,0,3.5,3.3,2.15,1466.6659410530192,1545.124507336696,-78.45856628367687,100,100,0.0,-1,0,-1,1,2,2.0,10,10.0,1.5,1.5
2024-10-20,2024,VfL Wolfsburg,Werder Bremen,A,0,2.1,3.6,3.3,1512.583218873045,1543.828199263474,-31.244980390428964,100,100,0.0,0,0,0,0,7,7.0,7,7.0,1.3333333333333333,1.3333333333333333
2024-10-25,2024,FSV Mainz 05,Borussia Monchengladbach,D,1,2.3,3.75,2.8,1531.34930552817,1501.7688298827989,29.580475645371052,100,100,0.0,-1,-2,0,0,6,6.0,6,6.0,1.6666666666666667,0.6666666666666666
2024-10-26,2024,FC Augsburg,Borussia Dortmund,H,2,3.6,4.0,1.9,1468.4721534669554,1691.4220863956348,-222.94993292867935,100,100,0.0,-6,-7,-5,-6,6,6.0,9,9.0,0.3333333333333333,2.3333333333333335
2024-10-26,2024,RB Leipzig,SC Freiburg,H,2,1.73,4.1,4.5,1743.1045379169093,1574.1439412435436,168.96059667336567,100,100,0.0,4,4,4,4,11,11.0,12,12.0,3.0,0.0
2024-10-26,2024,FC St. Pauli,VfL Wolfsburg,D,1,2.55,3.5,2.63,1363.1405979844121,1494.652977530988,-131.51237954657586,100,100,0.0,0,0,0,0,4,4.0,4,4.0,1.0,1.0
2024-10-26,2024,VfB Stuttgart,Holstein Kiel,H,2,1.22,7.5,9.5,1672.3394323477314,1450.7371124814108,221.6023198663206,100,100,0.0,1,0,0,2,8,8.0,2,2.0,1.5,1.5
2024-10-26,2024,Werder Bremen,Bayer Leverkusen,D,1,5.25,5.0,1.5,1561.7584406055312,1814.9099864174068,-253.15154581187562,100,100,0.0,-7,-8,-5,-7,9,9.0,11,11.0,0.0,3.0
2024-10-27,2024,Union Berlin,Ein Frankfurt,D,1,2.55,3.3,2.75,1561.0533359083045,1619.0290345450774,-57.975698636772904,100,100,0.0,-1,-1,-1,-2,10,10.0,10,10.0,1.3333333333333333,1.3333333333333333
2024-10-27,2024,1. FC Heidenheim,TSG Hoffenheim,D,1,2.25,3.5,3.1,1534.0513833379393,1522.1321617946905,11.919221543248796,100,100,0.0,-1,0,0,-1,3,3.0,4,4.0,0.5,2.0
2024-10-27,2024,VfL Bochum,Bayern Munich,A,0,12.0,9.5,1.17,1410.504736033435,1765.2496074901248,-354.7448714566899,100,100,0.0,-9,-7,-8,-15,1,1.0,11,11.0,1.0,2.0
2024-11-01,2024,Bayer Leverkusen,VfB Stuttgart,D,1,1.55,4.75,5.25,1808.6953069286003,1676.4110713436096,132.2842355849907,100,100,0.0,6,8,5,5,9,9.0,8,8.0,1.0,1.0
2024-11-02,2024,VfL Wolfsburg,FC Augsburg,D,1,2.0,3.75,3.5,1493.2961972102241,1488.5693120075105,4.7268852027136745,100,100,0.0,0,0,0,0,5,5.0,6,6.0,0.3333333333333333,2.3333333333333335
2024-11-02,2024,Borussia Dortmund,RB Leipzig,H,2,2.2,3.8,3.0,1671.3249278550797,1748.3646623634984,-77.03973450841863,100,100,0.0,1,2,0,1,6,6.0,13,13.0,1.0,2.0
2024-11-02,2024,Holstein Kiel,1. FC Heidenheim,H,2,2.7,3.5,2.45,1446.6654734855326,1529.3799171699045,-82.71444368437187,100,100,0.0,0,0,0,0,2,2.0,4,4.0,1.5,1.5
2024-11-02,2024,TSG Hoffenheim,FC St. Pauli,A,0,1.83,3.8,4.0,1526.8036279627254,1364.497378305176,162.30624965754942,100,100,0.0,1,0,0,1,5,5.0,5,5.0,2.0,0.5
2024-11-02,2024,Ein Frankfurt,VfL Bochum,H,2,1.33,5.75,7.5,1620.8345728837041,1404.8801578155878,215.9544150681163,100,100,0.0,2,1,2,1,8,8.0,1,1.0,1.0,1.0
2024-11-02,2024,Bayern Munich,Union Berlin,H,2,1.18,7.5,13.0,1770.874185707972,1559.2477975696777,211.62638813829426,100,100,0.0,8,7,7,16,11,11.0,10,10.0,3.0,0.0
2024-11-03,2024,SC Freiburg,FSV Mainz 05,D,1,1.7,3.9,4.75,1568.8838167969545,1526.0006004715524,42.883216325402145,100,100,0.0,1,1,1,1,9,9.0,7,7.0,1.6666666666666667,0.6666666666666666
2024-11-03,2024,Borussia Monchengladbach,Werder Bremen,H,2,2.1,3.8,3.2,1507.1175349394164,1567.9731200943377,-60.8555851549213,100,100,0.0,1,2,0,0,7,7.0,7,7.0,1.0,1.0
2024-11-08,2024,Union Berlin,SC Freiburg,D,1,2.45,3.25,2.9,1554.969814602151,1563.0408017601658,-8.07098715801476,100,100,0.0,0,-1,0,-2,7,7.0,7,7.0,2.3333333333333335,0.3333333333333333
2024-11-09,2024,RB Leipzig,Borussia Monchengladbach,D,1,1.57,4.33,5.25,1734.35449618641,1520.4346494084589,213.91984677795108,100,100,0.0,4,3,5,5,12,12.0,10,10.0,3.0,0.0
2024-11-09,2024,Werder Bremen,Holstein Kiel,H,2,1.62,4.33,4.75,1554.6560056252952,1460.919811160695,93.7361944646002,100,100,0.0,0,0,0,0,7,7.0,4,4.0,1.5,1.5
2024-11-09,2024,FC St. Pauli,Bayern Munich,A,0,9.0,7.0,1.25,1389.069019553752,1775.1521686754986,-386.0831491217466,100,100,0.0,-9,-7,-8,-15,7,7.0,11,11.0,0.0,3.0
2024-11-09,2024,VfL Bochum,Bayer Leverkusen,D,1,9.5,6.5,1.27,1400.692747320144,1799.9347522804567,-399.24200496031267,100,100,0.0,-7,-8,-5,-7,0,0.0,7,7.0,1.0,2.0
2024-11-09,2024,FSV Mainz 05,Borussia Dortmund,H,2,3.5,3.6,2.0,1531.8436155083411,1685.3350940321682,-153.49147852382703,100,100,0.0,-6,-7,-5,-6,5,5.0,9,9.0,1.6666666666666667,0.6666666666666666
2024-11-10,2024,FC Augsburg,TSG Hoffenheim,D,1,2.05,3.75,3.25,1492.9585980874258,1502.2319867141493,-9.273388626723545,100,100,0.0,-1,0,0,-1,7,7.0,5,5.0,1.3333333333333333,1.3333333333333333
2024-11-10,2024,VfB Stuttgart,Ein Frankfurt,A,0,1.9,4.0,3.7,1685.1716259917532,1625.021983379148,60.14964261260525,100,100,0.0,-1,-1,-2,1,6,6.0,8,8.0,2.3333333333333335,0.3333333333333333
2024-11-10,2024,1. FC Heidenheim,VfL Wolfsburg,A,0,2.75,3.4,2.45,1515.1255794947422,1488.9069111303088,26.21866836443337,100,100,0.0,0,0,0,0,4,4.0,6,6.0,0.5,2.0
2024-11-22,2024,Bayern Munich,FC Augsburg,H,2,1.13,10.0,15.0,1779.998316256816,1489.1282852032793,290.87003105353665,100,100,0.0,9,7,8,15,13,13.0,8,8.0,3.0,0.0
2024-11-23,2024,Ein Frankfurt,Werder Bremen,H,2,1.7,4.1,4.5,1646.4848281519503,1562.0628909455975,84.42193720635282,100,100,0.0,2,1,2,1,8,8.0,7,7.0,1.6666666666666667,0.6666666666666666
2024-11-23,2024,VfL Wolfsburg,Union Berlin,H,2,2.3,3.3,3.2,1509.1284952589676,1551.09101786518,-41.96252260621236,100,100,0.0,-1,0,-1,1,8,8.0,8,8.0,1.3333333333333333,1.3333333333333333
2024-11-23,2024,VfB Stuttgart,VfL Bochum,H,2,1.29,6.0,9.0,1663.708781218951,1411.1465555149198,252.5622257040311,100,100,0.0,1,0,0,2,5,5.0,1,1.0,2.0,1.0
2024-11-23,2024,Borussia Dortmund,SC Freiburg,H,2,1.67,4.2,4.5,1668.043757289321,1566.9195984971368,101.12415879218429,100,100,0.0,5,6,4,5,6,6.0,8,8.0,3.0,0.0
2024-11-23,2024,TSG Hoffenheim,RB Leipzig,H,2,3.4,3.5,2.1,1506.0622995982958,1723.584282292262,-217.52198269396627,100,100,0.0,-4,-5,-5,-4,6,6.0,10,10.0,0.3333333333333333,2.3333333333333335
2024-11-23,2024,Bayer Leverkusen,1. FC Heidenheim,H,2,1.2,6.5,15.0,1789.480944085681,1494.9039953660833,294.57694871959757,100,100,0.0,7,8,5,7,7,7.0,1,1.0,3.0,0.0
2024-11-24,2024,Holstein Kiel,FSV Mainz 05,A,0,3.1,3.4,2.3,1453.5129258403927,1549.1349522511882,-95.62202641079557,100,100,0.0,0,0,0,0,4,4.0,8,8.0,1.5,1.5
2024-11-24,2024,Borussia Monchengladbach,FC St. Pauli,H,2,1.8,3.8,4.2,1531.2048633026068,1384.2228719724346,146.98199133017215,100,100,0.0,1,2,0,0,8,8.0,4,4.0,0.0,3.0
2024-11-29,2024,FC St. Pauli,Holstein Kiel,H,2,1.67,3.75,5.25,1378.3912157801078,1438.3239235300168,-59.932707749909014,100,100,0.0,0,0,0,0,4,4.0,3,3.0,1.5,1.5
2024-11-30,2024,Borussia Dortmund,Bayern Munich,D,1,4.75,4.1,1.67,1675.215973253653,1782.8587257631743,-107.64275250952142,100,100,0.0,-3,0,-3,-9,9,9.0,15,15.0,1.0,2.0
2024-11-30,2024,Werder Bremen,VfB Stuttgart,D,1,3.0,3.75,2.2,1554.3528797678468,1667.192953521507,-112.84007375366014,100,100,0.0,-1,0,0,-2,7,7.0,7,7.0,2.0,1.0
2024-11-30,2024,Union Berlin,Bayer Leverkusen,A,0,4.75,3.7,1.75,1538.5736481484769,1792.2866105903431,-253.71296244186624,100,100,0.0,-6,-8,-4,-8,5,5.0,9,9.0,0.3333333333333333,2.3333333333333335
2024-11-30,2024,SC Freiburg,Borussia Monchengladbach,H,2,1.95,3.8,3.6,1559.747382532805,1537.0365194949336,22.710863037871377,100,100,0.0,0,-1,1,1,5,5.0,11,11.0,1.6666666666666667,0.6666666666666666
2024-11-30,2024,FC Augsburg,VfL Bochum,H,2,1.73,4.0,4.5,1486.267875696921,1407.6623832123637,78.60549248455732,100,100,0.0,0,0,0,0,5,5.0,1,1.0,0.6666666666666666,1.6666666666666667
2024-11-30,2024,RB Leipzig,VfL Wolfsburg,A,0,1.7,4.0,4.75,1703.695496538463,1521.6458649756707,182.04963156279223,100,100,0.0,5,5,5,5,7,7.0,8,8.0,2.0,1.0
2024-12-01,2024,FSV Mainz 05,TSG Hoffenheim,H,2,2.1,3.4,3.5,1564.323954561564,1525.9510853520949,38.37286920946917,100,100,0.0,-1,0,0,-1,8,8.0,8,8.0,2.3333333333333335,0.3333333333333333
2024-12-01,2024,1. FC Heidenheim,Ein Frankfurt,A,0,3.7,3.7,1.95,1492.0983288614211,1654.194839329701,-162.0965104682798,100,100,0.0,-2,-1,-2,-1,1,1.0,10,10.0,0.0,3.0
2024-12-06,2024,VfB Stuttgart,Union Berlin,H,2,1.8,3.6,4.5,1666.6388552153016,1529.8083918797877,136.83046333551397,100,100,0.0,0,0,-1,3,8,8.0,2,2.0,2.0,1.0
2024-12-07,2024,Bayern Munich,1. FC Heidenheim,H,2,1.1,11.0,19.0,1782.5288148255652,1479.751064591634,302.7777502339311,100,100,0.0,9,7,8,15,13,13.0,1,1.0,1.5,1.5
2024-12-07,2024,VfL Bochum,Werder Bremen,A,0,3.2,3.5,2.2,1399.7590132349924,1554.9069780740522,-155.1479648390598,100,100,0.0,0,0,0,0,1,1.0,5,5.0,0.3333333333333333,2.3333333333333335
2024-12-07,2024,Ein Frankfurt,FC Augsburg,D,1,1.53,4.1,6.25,1666.542103599488,1494.1712456742923,172.37085792519565,100,100,0.0,2,1,2,1,13,13.0,8,8.0,1.3333333333333333,1.3333333333333333
2024-12-07,2024,Holstein Kiel,RB Leipzig,A,0,5.75,4.2,1.57,1425.046139548698,1678.6367322556864,-253.59059270698845,100,100,0.0,-5,-5,-5,-5,3,3.0,4,4.0,1.5,1.5
2024-12-07,2024,Bayer Leverkusen,FC St. Pauli,H,2,1.25,6.5,10.0,1801.0518668590323,1391.6689997614267,409.38286709760564,100,100,0.0,7,8,5,7,9,9.0,7,7.0,3.0,0.0
2024-12-07,2024,Borussia Monchengladbach,Borussia Dortmund,D,1,3.2,3.75,2.1,1527.124546258391,1675.545884191262,-148.42133793287098,100,100,0.0,-5,-5,-5,-6,8,8.0,7,7.0,0.0,3.0
2024-12-08,2024,VfL Wolfsburg,FSV Mainz 05,H,2,2.15,3.3,3.5,1546.7046292584473,1573.646949686451,-26.942320428003768,100,100,0.0,0,0,0,0,11,11.0,11,11.0,1.3333333333333333,1.3333333333333333
2024-12-08,2024,TSG Hoffenheim,SC Freiburg,D,1,2.7,3.4,2.55,1516.6280902272078,1569.6593557693475,-53.031265542139636,100,100,0.0,0,-1,-1,0,5,5.0,5,5.0,0.0,3.0
2024-12-13,2024,SC Freiburg,VfL Wolfsburg,H,2,2.2,3.3,3.3,1571.6748956452584,1558.5961563359658,13.078739309292587,100,100,0.0,1,1,1,1,6,6.0,13,13.0,2.0,1.0
2024-12-14,2024,FC Augsburg,Bayer Leverkusen,A,0,5.75,4.0,1.57,1503.9957352981394,1802.5693411112377,-298.5736058130983,100,100,0.0,-7,-8,-5,-7,6,6.0,11,11.0,1.0,2.0
2024-12-14,2024,FSV Mainz 05,Bayern Munich,H,2,6.5,4.5,1.48,1561.7554226089326,1785.2167013646279,-223.46127875569528,100,100,0.0,-9,-7,-8,-15,10,10.0,13,13.0,1.0,2.0
2024-12-14,2024,Borussia Monchengladbach,Holstein Kiel,H,2,1.44,4.75,6.5,1529.2016328254156,1416.2765122511958,112.92512057421982,100,100,0.0,1,2,0,0,8,8.0,3,3.0,1.5,1.5
2024-12-14,2024,Union Berlin,VfL Bochum,A,0,1.6,3.8,6.0,1523.6972851152773,1387.1201460953953,136.577139019882,100,100,0.0,1,0,1,-1,1,1.0,1,1.0,0.3333333333333333,2.3333333333333335
2024-12-14,2024,FC St. Pauli,Werder Bremen,A,0,2.63,3.4,2.63,1390.1515255092213,1567.5458452136493,-177.39431970442797,100,100,0.0,0,0,0,0,6,6.0,7,7.0,0.0,3.0
2024-12-15,2024,1. FC Heidenheim,VfB Stuttgart,A,0,4.0,4.0,1.8,1477.0631780525714,1672.749961979812,-195.68678392724064,100,100,0.0,-1,0,0,-2,0,0.0,8,8.0,2.0,0.5
2024-12-15,2024,Borussia Dortmund,TSG Hoffenheim,D,1,1.44,5.0,6.0,1673.4687976242376,1514.612550351297,158.85624727294066,100,100,0.0,5,7,5,5,8,8.0,5,5.0,2.0,1.0
2024-12-15,2024,RB Leipzig,Ein Frankfurt,H,2,2.05,4.0,3.2,1687.4063595531886,1656.717613975641,30.688745577547706,100,100,0.0,3,4,3,4,4,4.0,13,13.0,1.3333333333333333,1.3333333333333333
2024-12-20,2024,Bayern Munich,RB Leipzig,H,2,1.2,7.5,11.0,1765.1000252343945,1697.0159380619402,68.08408717245425,100,100,0.0,4,2,3,10,10,10.0,7,7.0,1.3333333333333333,1.3333333333333333
2024-12-21,2024,VfB Stuttgart,FC St. Pauli,A,0,1.45,4.75,6.5,1683.7202055426515,1378.438714202744,305.28149133990746,100,100,0.0,1,0,0,2,10,10.0,3,3.0,3.0,0.0
2024-12-21,2024,Holstein Kiel,FC Augsburg,H,2,3.0,3.4,2.35,1409.4684413106952,1496.7430843398633,-87.27464302916815,100,100,0.0,0,0,0,0,0,0.0,5,5.0,1.5,1.5
2024-12-21,2024,Bayer Leverkusen,SC Freiburg,H,2,1.38,5.0,7.5,1809.8219920695137,1581.958271498671,227.86372057084282,100,100,0.0,6,7,4,6,13,13.0,8,8.0,2.3333333333333335,0.3333333333333333
2024-12-21,2024,Ein Frankfurt,FSV Mainz 05,A,0,1.83,4.0,3.9,1647.1080354668893,1581.872098739166,65.23593672772336,100,100,0.0,2,1,2,1,10,10.0,12,12.0,2.3333333333333335,0.3333333333333333
2024-12-21,2024,Werder Bremen,Union Berlin,H,2,2.05,3.3,3.75,1579.2586565201266,1499.8154911684073,79.44316535171924,100,100,0.0,-1,0,-1,1,10,10.0,1,1.0,1.0,2.0
2024-12-21,2024,TSG Hoffenheim,Borussia Monchengladbach,A,0,2.3,3.6,2.9,1524.0953323209408,1536.0097037659161,-11.914371444975359,100,100,0.0,0,-2,0,1,6,6.0,8,8.0,1.0,2.0
2024-12-22,2024,VfL Wolfsburg,Borussia Dortmund,A,0,3.1,3.6,2.2,1548.3127804825533,1663.9860156545938,-115.67323517204045,100,100,0.0,-6,-7,-5,-6,12,12.0,6,6.0,0.3333333333333333,2.3333333333333335
2024-12-22,2024,VfL Bochum,1. FC Heidenheim,H,2,2.3,3.5,3.0,1411.0019400422652,1466.092934489732,-55.090994447466755,100,100,0.0,0,0,0,0,4,4.0,0,0.0,1.0,1.0
2025-01-10,2024,Borussia Dortmund,Bayer Leverkusen,A,0,2.7,3.6,2.45,1678.309806335987,1813.768449972445,-135.45864363645796,100,100,0.0,-1,-1,0,-1,9,9.0,15,15.0,1.6666666666666667,0.6666666666666666
2025-01-11,2024,SC Freiburg,Holstein Kiel,H,2,1.4,4.75,7.5,1578.0118135957396,1423.9192890280124,154.0925245677272,100,100,0.0,1,1,1,1,7,7.0,3,3.0,1.5,1.5
2025-01-11,2024,1. FC Heidenheim,Union Berlin,H,2,3.1,3.3,2.3,1453.0210856939832,1491.9401594667502,-38.91907377276698,100,100,0.0,-1,0,-1,1,0,0.0,0,0.0,2.0,0.5
2025-01-11,2024,TSG Hoffenheim,VfL Wolfsburg,A,0,2.35,3.6,2.88,1505.371810272113,1533.98898980116,-28.617179529047007,100,100,0.0,1,0,0,1,5,5.0,9,9.0,1.3333333333333333,1.3333333333333333
2025-01-11,2024,FSV Mainz 05,VfL Bochum,H,2,1.53,4.33,5.75,1603.5126383538006,1424.073788838014,179.43884951578661,100,100,0.0,0,0,0,0,12,12.0,6,6.0,2.3333333333333335,0.3333333333333333
2025-01-11,2024,FC St. Pauli,Ein Frankfurt,A,0,3.7,3.5,2.05,1405.7858884243763,1625.4674958522546,-219.68160742787836,100,100,0.0,-2,-1,-2,-1,6,6.0,7,7.0,0.0,3.0
2025-01-11,2024,Borussia Monchengladbach,Bayern Munich,A,0,7.0,5.0,1.4,1554.733225814744,1773.360980057624,-218.62775424287997,100,100,0.0,-8,-5,-8,-15,10,10.0,10,10.0,1.0,2.0
2025-01-12,2024,RB Leipzig,Werder Bremen,H,2,1.75,4.0,4.2,1688.7549832387108,1587.1339882217837,101.62099501692705,100,100,0.0,5,5,5,5,6,6.0,10,10.0,1.6666666666666667,0.6666666666666666
2025-01-12,2024,FC Augsburg,VfB Stuttgart,A,0,3.6,3.6,2.0,1482.2922366225462,1656.3730313210192,-174.08079469847303,100,100,0.0,-1,0,0,-2,4,4.0,10,10.0,0.3333333333333333,2.3333333333333335
2025-01-14,2024,Bayer Leverkusen,FSV Mainz 05,H,2,1.36,5.25,7.5,1827.2428703407668,1608.5162168326783,218.72665350808848,100,100,0.0,7,8,5,7,15,15.0,12,12.0,2.0,1.0
2025-01-14,2024,VfL Wolfsburg,Borussia Monchengladbach,H,2,1.91,3.8,3.75,1552.0281899014549,1544.6646361095077,7.363553791947197,100,100,0.0,-1,-2,0,0,9,9.0,7,7.0,0.0,3.0
2025-01-14,2024,Ein Frankfurt,SC Freiburg,H,2,1.7,4.2,4.33,1635.4955452506485,1583.6535734528052,51.84197179784337,100,100,0.0,1,0,1,0,7,7.0,10,10.0,1.6666666666666667,0.6666666666666666
2025-01-14,2024,Holstein Kiel,Borussia Dortmund,H,2,5.25,4.5,1.55,1418.2775291709468,1664.8353859676654,-246.55785679671862,100,100,0.0,-6,-7,-5,-6,3,3.0,6,6.0,1.5,1.5
2025-01-15,2024,Werder Bremen,1. FC Heidenheim,D,1,1.6,4.2,4.75,1579.9773692383533,1465.410846788911,114.56652244944235,100,100,0.0,0,0,0,0,10,10.0,3,3.0,0.0,3.0
2025-01-15,2024,VfL Bochum,FC St. Pauli,H,2,2.6,3.25,2.75,1419.0702103591364,1395.7578390259823,23.312371333154033,100,100,0.0,0,0,0,0,6,6.0,6,6.0,1.5,1.5
2025-01-15,2024,Bayern Munich,TSG Hoffenheim,H,2,1.13,9.0,17.0,1783.4295697628602,1487.332610171818,296.09695959104215,100,100,0.0,8,7,8,14,10,10.0,2,2.0,1.3333333333333333,1.3333333333333333
2025-01-15,2024,VfB Stuttgart,RB Leipzig,H,2,1.95,3.9,3.4,1668.2223098099837,1695.9116022221413,-27.689292412157556,100,100,0.0,-4,-5,-5,-3,10,10.0,9,9.0,1.0,2.0
2025-01-15,2024,Union Berlin,FC Augsburg,A,0,1.83,3.5,4.5,1479.5503983718224,1470.4429581335817,9.10744023824077,100,100,0.0,1,0,1,-1,0,0.0,4,4.0,0.3333333333333333,2.3333333333333335
2025-01-17,2024,Ein Frankfurt,Borussia Dortmund,H,2,2.55,3.6,2.63,1644.327772503059,1643.858353700023,0.46941880303597827,100,100,0.0,-4,-6,-3,-5,7,7.0,5,5.0,0.3333333333333333,2.3333333333333335
2025-01-18,2024,VfB Stuttgart,SC Freiburg,H,2,1.65,4.5,4.5,1680.1447150239642,1574.8213462003948,105.32336882356935,100,100,0.0,0,-1,-1,1,12,12.0,7,7.0,2.0,1.0
2025-01-18,2024,1. FC Heidenheim,FC St. Pauli,A,0,2.38,3.5,2.8,1473.6523765722068,1385.8688335188535,87.78354305335324,100,100,0.0,0,0,0,0,4,4.0,3,3.0,3.0,0.0
2025-01-18,2024,VfL Bochum,RB Leipzig,D,1,3.7,3.6,2.0,1428.9592158662651,1683.9891970081608,-255.02998114189563,100,100,0.0,-5,-5,-5,-5,9,9.0,9,9.0,0.3333333333333333,2.3333333333333335
2025-01-18,2024,Bayer Leverkusen,Borussia Monchengladbach,H,2,1.27,5.75,11.0,1831.373114256995,1534.1577765504976,297.2153377064974,100,100,0.0,6,6,5,7,15,15.0,7,7.0,2.3333333333333335,0.3333333333333333
2025-01-18,2024,Bayern Munich,VfL Wolfsburg,H,2,1.17,7.5,15.0,1786.2130619145655,1562.535049460465,223.67801245410055,100,100,0.0,9,7,8,15,12,12.0,9,9.0,3.0,0.0
2025-01-18,2024,Holstein Kiel,TSG Hoffenheim,A,0,3.0,3.4,2.35,1439.2545614385892,1484.5491180201127,-45.294556581523466,100,100,0.0,-1,0,0,-1,6,6.0,2,2.0,0.0,3.0
2025-01-19,2024,Union Berlin,FSV Mainz 05,H,2,2.55,3.2,2.88,1459.9888271852071,1604.38597291645,-144.39714573124297,100,100,0.0,1,0,1,-1,0,0.0,9,9.0,1.6666666666666667,0.6666666666666666
2025-01-19,2024,Werder Bremen,FC Augsburg,A,0,1.85,3.8,4.0,1571.7358394550574,1490.004529320197,81.73131013486045,100,100,0.0,0,0,0,0,10,10.0,4,4.0,2.3333333333333335,0.3333333333333333
2025-01-24,2024,VfL Wolfsburg,Holstein Kiel,D,1,1.42,5.0,7.0,1558.5052754012058,1421.9120641101529,136.59321129105297,100,100,0.0,0,0,0,0,6,6.0,6,6.0,3.0,0.0
2025-01-25,2024,SC Freiburg,Bayern Munich,A,0,7.5,5.75,1.33,1567.780219623101,1790.2428359738246,-222.4626163507237,100,100,0.0,-8,-6,-7,-14,6,6.0,12,12.0,0.3333333333333333,2.3333333333333335
2025-01-25,2024,FSV Mainz 05,VfB Stuttgart,H,2,2.8,3.5,2.45,1587.4795594310463,1687.185841601258,-99.70628217021181,100,100,0.0,-1,0,0,-2,9,9.0,12,12.0,0.3333333333333333,2.3333333333333335
2025-01-25,2024,FC Augsburg,1. FC Heidenheim,H,2,1.82,3.6,4.0,1512.2054583392758,1451.2520573437694,60.9534009955064,100,100,0.0,0,0,0,0,6,6.0,4,4.0,2.0,1.0
2025-01-25,2024,Borussia Dortmund,Werder Bremen,D,1,1.62,4.33,4.75,1633.078972691163,1549.5349104359786,83.54406225518437,100,100,0.0,6,7,5,6,4,4.0,7,7.0,2.3333333333333335,0.3333333333333333
2025-01-25,2024,RB Leipzig,Bayer Leverkusen,D,1,3.7,3.9,1.9,1677.7074906679616,1834.1403917824891,-156.43290111452757,100,100,0.0,-2,-3,0,-2,7,7.0,15,15.0,1.0,2.0
2025-01-25,2024,Borussia Monchengladbach,VfL Bochum,H,2,1.73,4.0,4.5,1531.3904990250035,1435.2409222064643,96.14957681853912,100,100,0.0,1,2,0,0,6,6.0,10,10.0,3.0,0.0
2025-01-26,2024,TSG Hoffenheim,Ein Frankfurt,D,1,3.1,3.6,2.2,1501.891615348549,1655.1071535119188,-153.21553816336973,100,100,0.0,-1,-1,-2,0,4,4.0,9,9.0,0.0,3.0
2025-01-26,2024,FC St. Pauli,Union Berlin,H,2,2.55,3.1,3.0,1408.269152747291,1476.895240670611,-68.62608792332003,100,100,0.0,-1,0,-1,1,6,6.0,3,3.0,0.0,3.0
2025-01-31,2024,Werder Bremen,FSV Mainz 05,H,2,2.25,3.3,3.2,1556.7959148345826,1602.4668786160094,-45.670963781426735,100,100,0.0,0,0,0,0,5,5.0,9,9.0,3.0,0.0
2025-02-01,2024,VfL Bochum,SC Freiburg,A,0,2.8,3.4,2.5,1427.911258865697,1557.858759570081,-129.94750070438408,100,100,0.0,-1,-1,-1,-1,7,7.0,3,3.0,0.0,3.0
2025-02-01,2024,1. FC Heidenheim,Borussia Dortmund,A,0,4.33,3.9,1.75,1442.74313316337,1625.817968292559,-183.07483512918907,100,100,0.0,-6,-7,-5,-6,4,4.0,4,4.0,0.6666666666666666,1.6666666666666667
2025-02-01,2024,Bayern Munich,Holstein Kiel,H,2,1.05,17.0,26.0,1800.1642960268446,1430.7943086566665,369.369987370178,100,100,0.0,9,7,8,15,15,15.0,7,7.0,3.0,0.0
2025-02-01,2024,VfB Stuttgart,Borussia Monchengladbach,A,0,1.57,4.5,5.0,1672.198522416295,1538.7201623657709,133.4783600505241,100,100,0.0,0,-2,0,2,9,9.0,6,6.0,2.0,1.0
2025-02-01,2024,Union Berlin,RB Leipzig,D,1,3.1,3.5,2.25,1463.24609156712,1680.1226924254847,-216.87660085836478,100,100,0.0,-4,-5,-4,-6,3,3.0,5,5.0,0.3333333333333333,2.3333333333333335
2025-02-01,2024,FC St. Pauli,FC Augsburg,D,1,2.35,3.3,3.1,1421.918301850782,1520.7143825196752,-98.79608066889318,100,100,0.0,0,0,0,0,9,9.0,9,9.0,0.0,3.0
2025-02-02,2024,Ein Frankfurt,VfL Wolfsburg,D,1,1.95,3.8,3.6,1652.8274534924883,1549.6230308546922,103.20442263779614,100,100,0.0,2,1,2,1,10,10.0,7,7.0,1.3333333333333333,1.3333333333333333
2025-02-02,2024,Bayer Leverkusen,TSG Hoffenheim,H,2,1.25,7.0,9.5,1831.725190024966,1504.1713153679796,327.5538746569864,100,100,0.0,6,8,5,6,13,13.0,4,4.0,3.0,0.0
2025-02-07,2024,Bayern Munich,Werder Bremen,H,2,1.1,11.0,17.0,1802.0501169030213,1569.4692746637504,232.58084223927085,100,100,0.0,9,7,8,15,15,15.0,5,5.0,2.0,1.0
2025-02-08,2024,Borussia Dortmund,VfB Stuttgart,A,0,1.85,3.8,3.9,1637.2981642193058,1648.404066651793,-11.105902432487255,100,100,0.0,5,7,5,4,4,4.0,9,9.0,0.0,3.0
2025-02-08,2024,SC Freiburg,1. FC Heidenheim,H,2,1.7,3.75,4.75,1571.5690145999831,1431.2629372366232,140.30607736335992,100,100,0.0,1,1,1,1,6,6.0,4,4.0,1.3333333333333333,1.3333333333333333
2025-02-08,2024,TSG Hoffenheim,Union Berlin,A,0,2.2,3.5,3.2,1501.8126100094357,1468.1099586272985,33.70265138213722,100,100,0.0,0,0,-1,2,4,4.0,4,4.0,1.0,2.0
2025-02-08,2024,FSV Mainz 05,FC Augsburg,D,1,1.75,3.5,5.0,1589.7935187868416,1520.766359687358,69.02715909948347,100,100,0.0,0,0,0,0,6,6.0,10,10.0,2.0,1.0
2025-02-08,2024,VfL Wolfsburg,Bayer Leverkusen,D,1,4.33,3.6,1.8,1557.515964216994,1834.0838953835098,-276.5679311665158,100,100,0.0,-7,-8,-5,-7,8,8.0,13,13.0,0.0,3.0
2025-02-08,2024,Borussia Monchengladbach,Ein Frankfurt,D,1,2.63,3.5,2.55,1562.5146181302728,1644.9345201301865,-82.41990199991369,100,100,0.0,-1,1,-2,-1,6,6.0,11,11.0,0.3333333333333333,2.3333333333333335
2025-02-09,2024,Holstein Kiel,VfL Bochum,D,1,2.25,3.5,3.0,1428.9084877804898,1414.2010038357948,14.707483944695014,100,100,0.0,0,0,0,0,4,4.0,4,4.0,1.0,1.0
2025-02-09,2024,RB Leipzig,FC St. Pauli,H,2,1.57,4.2,5.25,1675.2588253653062,1421.866324683099,253.39250068220713,100,100,0.0,5,5,5,5,6,6.0,7,7.0,1.0,1.0
2025-02-14,2024,FC Augsburg,RB Leipzig,D,1,2.9,3.3,2.4,1527.5378627039242,1678.7283062289277,-151.1904435250035,100,100,0.0,-5,-5,-5,-5,11,11.0,6,6.0,0.3333333333333333,2.3333333333333335
2025-02-15,2024,FC St. Pauli,SC Freiburg,A,0,2.5,3.25,2.88,1418.3968438194775,1577.583338035928,-159.18649421645046,100,100,0.0,-1,-1,-1,-1,7,7.0,6,6.0,2.3333333333333335,0.3333333333333333
2025-02-15,2024,VfL Bochum,Borussia Dortmund,H,2,5.0,3.9,1.67,1418.9809001657702,1618.5419075530872,-199.56100738731698,100,100,0.0,-6,-7,-5,-6,5,5.0,4,4.0,0.3333333333333333,2.3333333333333335
2025-02-15,2024,VfB Stuttgart,VfL Wolfsburg,A,0,1.73,4.2,4.2,1667.1603233180117,1564.5441266319053,102.61619668610638,100,100,0.0,1,0,0,2,9,9.0,6,6.0,2.3333333333333335,0.3333333333333333
2025-02-15,2024,Bayer Leverkusen,Bayern Munich,D,1,2.9,3.7,2.25,1827.0557329685985,1805.9044374238447,21.151295544753793,100,100,0.0,-2,1,-3,-8,11,11.0,15,15.0,1.6666666666666667,0.6666666666666666
2025-02-15,2024,Union Berlin,Borussia Monchengladbach,A,0,2.2,3.5,3.1,1488.6133420356693,1561.7562713806078,-73.14292934493847,100,100,0.0,0,-2,1,-1,7,7.0,7,7.0,1.3333333333333333,1.3333333333333333
2025-02-16,2024,Werder Bremen,TSG Hoffenheim,A,0,1.85,3.8,3.9,1565.614954142927,1481.309226601065,84.3057275418621,100,100,0.0,-1,0,0,-1,5,5.0,4,4.0,1.0,2.0
2025-02-16,2024,Ein Frankfurt,Holstein Kiel,H,2,1.33,5.75,7.5,1645.6928668798514,1424.1285914505145,221.56427542933693,100,100,0.0,2,1,2,1,9,9.0,5,5.0,3.0,0.0
2025-02-16,2024,1. FC Heidenheim,FSV Mainz 05,A,0,3.6,3.5,2.05,1425.2486138006784,1583.0220157702754,-157.773401969597,100,100,0.0,0,0,0,0,1,1.0,4,4.0,2.3333333333333335,0.3333333333333333
2025-02-21,2024,SC Freiburg,Werder Bremen,H,2,2.0,3.5,3.75,1590.052486171051,1543.328798085176,46.72368808587498,100,100,0.0,1,1,1,1,9,9.0,4,4.0,2.0,1.0
2025-02-22,2024,Holstein Kiel,Bayer Leverkusen,A,0,11.0,6.0,1.25,1420.0561817205248,1822.0273815391895,-401.9711998186647,100,100,0.0,-7,-8,-5,-7,2,2.0,9,9.0,1.0,1.0
2025-02-22,2024,VfL Wolfsburg,VfL Bochum,D,1,1.53,4.2,6.0,1587.418679502943,1438.1653784327334,149.25330107020955,100,100,0.0,0,0,0,0,6,6.0,5,5.0,2.0,1.0
2025-02-22,2024,FSV Mainz 05,FC St. Pauli,H,2,1.8,3.5,4.75,1595.5504756220394,1405.9276956843544,189.62277993768498,100,100,0.0,0,0,0,0,7,7.0,7,7.0,3.0,0.0
2025-02-22,2024,Borussia Dortmund,Union Berlin,H,2,1.53,4.5,5.5,1599.357429286124,1472.4561331083066,126.90129617781736,100,100,0.0,5,7,4,7,4,4.0,7,7.0,2.0,1.0
2025-02-22,2024,Borussia Monchengladbach,FC Augsburg,A,0,1.85,3.75,4.0,1577.9134803079705,1529.7320770604363,48.18140324753426,100,100,0.0,1,2,0,0,10,10.0,9,9.0,0.3333333333333333,2.3333333333333335
2025-02-23,2024,TSG Hoffenheim,VfB Stuttgart,D,1,3.5,3.9,1.95,1503.5953826588159,1644.285770446974,-140.6903877881582,100,100,0.0,0,0,0,-1,7,7.0,6,6.0,1.3333333333333333,1.3333333333333333
2025-02-23,2024,Bayern Munich,Ein Frankfurt,H,2,1.3,6.5,7.5,1810.9327888532537,1649.765276609841,161.1675122434126,100,100,0.0,7,6,6,14,13,13.0,9,9.0,1.3333333333333333,1.3333333333333333
2025-02-23,2024,RB Leipzig,1. FC Heidenheim,D,1,1.33,5.0,8.5,1676.5340918724157,1412.7201539489145,263.81393792350127,100,100,0.0,5,5,5,5,7,7.0,0,0.0,3.0,0.0
2025-02-28,2024,VfB Stuttgart,Bayern Munich,A,0,4.75,4.2,1.65,1642.5370133458896,1816.390353359288,-173.85334001339834,100,100,0.0,-8,-7,-8,-13,4,4.0,13,13.0,1.0,2.0
2025-03-01,2024,VfL Bochum,TSG Hoffenheim,A,0,2.4,3.6,2.8,1447.3949025342251,1505.3441397599004,-57.94923722567523,100,100,0.0,-1,0,0,-1,5,5.0,5,5.0,1.0,2.0
2025-03-01,2024,RB Leipzig,FSV Mainz 05,A,0,1.95,3.7,3.75,1664.8237084224659,1600.3144001049327,64.50930831753317,100,100,0.0,5,5,5,5,7,7.0,10,10.0,1.3333333333333333,1.3333333333333333
2025-03-01,2024,1. FC Heidenheim,Borussia Monchengladbach,A,0,3.1,3.5,2.25,1424.4305373988643,1556.8775932871558,-132.44705588829152,100,100,0.0,-1,-2,0,0,1,1.0,10,10.0,0.3333333333333333,2.3333333333333335
2025-03-01,2024,Ein Frankfurt,Bayer Leverkusen,A,0,4.75,3.75,1.73,1644.3077121038068,1826.5133049572664,-182.20559285345962,100,100,0.0,-5,-7,-3,-6,6,6.0,9,9.0,0.0,3.0
2025-03-01,2024,Werder Bremen,VfL Wolfsburg,A,0,2.63,3.4,2.6,1534.3118519506513,1578.1891554014512,-43.8773034507999,100,100,0.0,0,0,0,0,4,4.0,7,7.0,1.3333333333333333,1.3333333333333333
2025-03-01,2024,FC St. Pauli,Borussia Dortmund,A,0,4.1,3.8,1.83,1401.163771201461,1605.7513890916002,-204.5876178901392,100,100,0.0,-6,-7,-5,-6,4,4.0,7,7.0,0.0,3.0
2025-03-02,2024,Union Berlin,Holstein Kiel,A,0,1.57,4.33,5.25,1466.0621733028304,1415.5702583024479,50.491915000382505,100,100,0.0,1,0,1,-1,4,4.0,2,2.0,3.0,0.0
2025-03-02,2024,FC Augsburg,SC Freiburg,D,1,2.63,3.25,2.7,1550.767964081251,1599.0694323055757,-48.30146822432471,100,100,0.0,-1,-1,-1,-1,9,9.0,12,12.0,1.0,2.0
2025-03-07,2024,Borussia Monchengladbach,FSV Mainz 05,A,0,2.6,3.3,2.7,1570.4807997307282,1621.9296935904156,-51.44889385968736,100,100,0.0,1,2,0,0,10,10.0,10,10.0,1.0,1.0
2025-03-08,2024,Bayer Leverkusen,Werder Bremen,A,0,1.27,5.75,11.0,1838.028983456804,1516.909697465187,321.11928599161706,100,100,0.0,7,8,5,7,11,11.0,3,3.0,2.3333333333333335,0.3333333333333333
2025-03-08,2024,Holstein Kiel,VfB Stuttgart,D,1,5.75,4.33,1.53,1436.6895218457298,1630.6783468199358,-193.98882497420595,100,100,0.0,-1,0,0,-2,4,4.0,4,4.0,0.0,3.0
2025-03-08,2024,VfL Wolfsburg,FC St. Pauli,D,1,1.75,3.5,5.0,1595.5913098869155,1390.5475588224924,205.04375106442308,100,100,0.0,0,0,0,0,9,9.0,1,1.0,1.0,1.0
2025-03-08,2024,Bayern Munich,VfL Bochum,A,0,1.11,9.5,19.0,1828.2490198852418,1430.588238327367,397.66078155787477,100,100,0.0,9,7,8,15,13,13.0,5,5.0,2.0,1.0
2025-03-08,2024,Borussia Dortmund,FC Augsburg,A,0,1.53,4.33,5.75,1616.3676014705688,1548.5522877857852,67.81531368478363,100,100,0.0,6,7,5,6,9,9.0,7,7.0,1.3333333333333333,1.3333333333333333
2025-03-08,2024,SC Freiburg,RB Leipzig,D,1,2.55,3.3,2.7,1601.2851086010414,1643.208414936983,-41.92330633594156,100,100,0.0,-4,-4,-4,-4,13,13.0,6,6.0,0.0,3.0
2025-03-09,2024,Ein Frankfurt,Union Berlin,A,0,1.73,4.0,4.5,1632.7920336042691,1444.9429097595485,187.84912384472068,100,100,0.0,1,1,1,2,5,5.0,4,4.0,1.6666666666666667,0.6666666666666666
2025-03-09,2024,TSG Hoffenheim,1. FC Heidenheim,D,1,1.75,4.0,4.33,1522.1508039667585,1410.827330955292,111.3234730114666,100,100,0.0,1,0,0,1,7,7.0,1,1.0,1.6666666666666667,0.6666666666666666
2025-03-14,2024,FC St. Pauli,TSG Hoffenheim,H,2,2.25,3.25,3.3,1401.1286964404705,1514.0075216787084,-112.87882523823782,100,100,0.0,-1,0,0,-1,1,1.0,8,8.0,1.3333333333333333,1.3333333333333333
2025-03-15,2024,FC Augsburg,VfL Wolfsburg,H,2,2.55,3.3,2.75,1570.282068025759,1585.0101722689374,-14.72810424317845,100,100,0.0,0,0,0,0,9,9.0,9,9.0,2.3333333333333335,0.3333333333333333
2025-03-15,2024,FSV Mainz 05,SC Freiburg,D,1,1.95,3.3,4.1,1639.0122749902398,1598.800831625395,40.211443364844854,100,100,0.0,-1,-1,-1,-1,13,13.0,11,11.0,0.6666666666666666,1.6666666666666667
2025-03-15,2024,Union Berlin,Bayern Munich,D,1,8.5,5.0,1.36,1470.1379268465353,1799.8667115926114,-329.72878474607614,100,100,0.0,-8,-7,-7,-16,6,6.0,10,10.0,0.0,3.0
2025-03-15,2024,Werder Bremen,Borussia Monchengladbach,A,0,2.35,3.6,2.8,1544.4692268534714,1553.398218330904,-8.928991477432646,100,100,0.0,-1,-2,0,0,3,3.0,7,7.0,0.6666666666666666,1.6666666666666667
2025-03-15,2024,RB Leipzig,Borussia Dortmund,H,2,2.38,3.6,2.88,1645.6926919126295,1594.6378212305951,51.054870682034334,100,100,0.0,-1,-2,0,-1,6,6.0,6,6.0,2.0,1.0
2025-03-16,2024,VfL Bochum,Ein Frankfurt,A,0,3.1,3.6,2.2,1458.9705466199973,1607.5970165172826,-148.62646989728523,100,100,0.0,-2,-1,-2,-1,8,8.0,4,4.0,0.6666666666666666,1.6666666666666667
2025-03-16,2024,1. FC Heidenheim,Holstein Kiel,H,2,2.0,3.5,3.75,1418.970613243342,1440.6511734018081,-21.68056015846605,100,100,0.0,0,0,0,0,2,2.0,5,5.0,0.0,3.0
2025-03-16,2024,VfB Stuttgart,Bayer Leverkusen,A,0,3.1,3.4,2.3,1626.7166952638574,1810.4694540685198,-183.75275880466234,100,100,0.0,-6,-8,-5,-5,5,5.0,8,8.0,1.0,1.0
2025-03-28,2024,Bayer Leverkusen,VfL Bochum,H,2,1.22,6.5,12.0,1821.9220059509946,1446.056318919348,375.86568703164653,100,100,0.0,7,8,5,7,10,10.0,7,7.0,2.3333333333333335,0.3333333333333333
2025-03-29,2024,VfL Wolfsburg,1. FC Heidenheim,A,0,1.67,3.75,5.0,1573.6194741574832,1430.6454243134763,142.9740498440069,100,100,0.0,0,0,0,0,8,8.0,5,5.0,2.3333333333333335,0.3333333333333333
2025-03-29,2024,Ein Frankfurt,VfB Stuttgart,H,2,2.5,3.8,2.5,1620.5112442179318,1615.2641433813826,5.24710083654918,100,100,0.0,1,1,2,-1,6,6.0,2,2.0,1.0,2.0
2025-03-29,2024,Borussia Monchengladbach,RB Leipzig,H,2,2.88,3.7,2.3,1572.2424269805801,1654.5531819119794,-82.31075493139929,100,100,0.0,-4,-3,-5,-5,9,9.0,6,6.0,0.3333333333333333,2.3333333333333335
2025-03-29,2024,Holstein Kiel,Werder Bremen,A,0,3.2,3.9,2.05,1428.976362331674,1525.6250182037952,-96.64865587212125,100,100,0.0,0,0,0,0,4,4.0,3,3.0,0.0,3.0
2025-03-29,2024,TSG Hoffenheim,FC Augsburg,D,1,2.35,3.3,3.1,1498.4517526262678,1581.672766137213,-83.22101351094534,100,100,0.0,1,0,0,1,8,8.0,11,11.0,1.6666666666666667,0.6666666666666666
2025-03-29,2024,Bayern Munich,FC St. Pauli,H,2,1.14,8.0,15.0,1791.1791642437684,1416.6844654929112,374.4946987508572,100,100,0.0,9,7,8,15,8,8.0,4,4.0,3.0,0.0
2025-03-30,2024,SC Freiburg,Union Berlin,A,0,2.0,3.5,3.7,1604.5457077282636,1478.8254741953783,125.72023353288523,100,100,0.0,0,1,0,2,9,9.0,4,4.0,0.6666666666666666,1.6666666666666667
2025-03-30,2024,Borussia Dortmund,FSV Mainz 05,H,2,1.62,3.9,5.0,1585.7773312312452,1633.2673988873712,-47.49006765612603,100,100,0.0,6,7,5,6,6,6.0,13,13.0,0.3333333333333333,2.3333333333333335
2025-04-04,2024,FC Augsburg,Bayern Munich,A,0,7.5,4.75,1.42,1582.396610564026,1793.013517524414,-210.61690696038795,100,100,0.0,-9,-7,-8,-15,11,11.0,10,10.0,0.0,3.0
2025-04-05,2024,VfL Bochum,VfB Stuttgart,A,0,3.1,3.7,2.15,1444.235510266763,1604.6739568498244,-160.43844658306148,100,100,0.0,-1,0,0,-2,4,4.0,2,2.0,1.0,2.0
2025-04-05,2024,SC Freiburg,Borussia Dortmund,A,0,3.1,3.5,2.2,1580.9739400975834,1598.527400168871,-17.553460071287645,100,100,0.0,-5,-6,-4,-5,6,6.0,9,9.0,0.0,3.0
2025-04-05,2024,1. FC Heidenheim,Bayer Leverkusen,A,0,6.5,4.75,1.44,1454.7046119620588,1823.7428146035797,-369.0382026415209,100,100,0.0,-7,-8,-5,-7,8,8.0,12,12.0,0.0,3.0
2025-04-05,2024,FSV Mainz 05,Holstein Kiel,D,1,1.45,4.5,7.0,1620.5173299497453,1413.831677662185,206.6856522875603,100,100,0.0,0,0,0,0,10,10.0,4,4.0,3.0,0.0
2025-04-05,2024,RB Leipzig,TSG Hoffenheim,H,2,1.55,4.2,5.5,1640.3162288002657,1497.7279081994548,142.5883206008109,100,100,0.0,4,5,5,4,5,5.0,6,6.0,1.3333333333333333,1.3333333333333333
2025-04-05,2024,Werder Bremen,Ein Frankfurt,H,2,2.63,3.5,2.5,1540.7697028732841,1631.10143074949,-90.33172787620583,100,100,0.0,-2,-1,-2,-1,6,6.0,6,6.0,0.6666666666666666,1.6666666666666667
2025-04-06,2024,FC St. Pauli,Borussia Monchengladbach,D,1,2.5,3.3,2.75,1414.8501122122655,1586.479380092294,-171.62926788002846,100,100,0.0,-1,-2,0,0,4,4.0,9,9.0,2.0,1.0
2025-04-06,2024,Union Berlin,VfL Wolfsburg,H,2,2.45,3.3,2.88,1502.3972418260585,1549.5602865089006,-47.163044682842155,100,100,0.0,1,0,1,-1,7,7.0,5,5.0,1.0,2.0
2025-04-11,2024,VfL Wolfsburg,RB Leipzig,A,0,2.88,3.75,2.3,1536.8240166840299,1646.2676272255644,-109.44361054153455,100,100,0.0,-5,-5,-5,-5,4,4.0,7,7.0,2.0,1.0
2025-04-12,2024,Borussia Monchengladbach,SC Freiburg,A,0,2.15,3.6,3.25,1583.4299782645896,1562.479778959113,20.950199305476644,100,100,0.0,0,1,-1,-1,10,10.0,3,3.0,0.3333333333333333,2.3333333333333335
2025-04-12,2024,Bayer Leverkusen,Union Berlin,D,1,1.33,4.75,9.5,1829.0010014681227,1515.1335116509292,313.8674898171935,100,100,0.0,6,8,4,8,12,12.0,10,10.0,3.0,0.0
2025-04-12,2024,Bayern Munich,Borussia Dortmund,D,1,1.44,5.25,6.0,1803.3928826297533,1617.0215613073415,186.37132132241186,100,100,0.0,3,0,3,9,10,10.0,9,9.0,1.3333333333333333,1.3333333333333333
2025-04-12,2024,Holstein Kiel,FC St. Pauli,A,0,3.25,3.3,2.25,1424.4483099564554,1417.8995140399697,6.5487959164856875,100,100,0.0,0,0,0,0,5,5.0,5,5.0,0.0,3.0
2025-04-12,2024,TSG Hoffenheim,FSV Mainz 05,H,2,2.7,3.5,2.55,1491.776509774156,1609.900697655475,-118.1241878813189,100,100,0.0,1,0,0,1,5,5.0,8,8.0,0.3333333333333333,2.3333333333333335
2025-04-12,2024,VfL Bochum,FC Augsburg,A,0,2.5,3.4,2.8,1431.8188424199263,1572.0172454586868,-140.1984030387605,100,100,0.0,0,0,0,0,3,3.0,8,8.0,0.6666666666666666,1.6666666666666667
2025-04-13,2024,VfB Stuttgart,Werder Bremen,A,0,1.65,4.33,4.5,1617.090624696661,1555.3523977228117,61.73822697384935,100,100,0.0,1,0,0,2,4,4.0,9,9.0,1.3333333333333333,1.3333333333333333
2025-04-13,2024,Ein Frankfurt,1. FC Heidenheim,H,2,1.73,4.2,4.2,1616.5187358999624,1449.4464250975159,167.0723108024465,100,100,0.0,2,1,2,1,6,6.0,7,7.0,3.0,0.0
2025-04-19,2024,1. FC Heidenheim,Bayern Munich,A,0,9.0,6.0,1.29,1444.13898260793,1793.2322935639197,-349.09331095598964,100,100,0.0,-9,-7,-8,-15,7,7.0,8,8.0,1.0,2.0
2025-04-19,2024,Union Berlin,VfB Stuttgart,D,1,2.8,3.4,2.45,1527.5978012856979,1595.5720372952158,-67.97423600951788,100,100,0.0,0,0,1,-3,11,11.0,4,4.0,0.0,3.0
2025-04-19,2024,Werder Bremen,VfL Bochum,H,2,1.73,4.1,4.33,1576.870985124257,1418.546644085322,158.32434103893502,100,100,0.0,0,0,0,0,12,12.0,3,3.0,2.3333333333333335,0.3333333333333333
2025-04-19,2024,RB Leipzig,Holstein Kiel,D,1,1.33,5.75,7.5,1660.860014161214,1404.9872117007712,255.8728024604427,100,100,0.0,5,5,5,5,10,10.0,2,2.0,3.0,0.0
2025-04-19,2024,SC Freiburg,TSG Hoffenheim,H,2,1.91,3.7,3.75,1582.500422511376,1507.5582848582194,74.94213765315658,100,100,0.0,0,1,1,0,5,5.0,5,5.0,2.3333333333333335,0.3333333333333333
2025-04-19,2024,FSV Mainz 05,VfL Wolfsburg,D,1,2.0,3.6,3.6,1594.1189225714115,1522.2316297483803,71.8872928230312,100,100,0.0,0,0,0,0,5,5.0,1,1.0,1.3333333333333333,1.3333333333333333
2025-04-20,2024,FC Augsburg,Ein Frankfurt,D,1,2.55,3.3,2.75,1585.2894437932912,1621.8261783895482,-36.53673459625702,100,100,0.0,-2,-1,-2,-1,10,10.0,9,9.0,1.3333333333333333,1.3333333333333333
2025-04-20,2024,Borussia Dortmund,Borussia Monchengladbach,H,2,1.42,5.25,6.5,1627.182150373175,1563.4093347123267,63.77281566084844,100,100,0.0,5,5,5,6,7,7.0,7,7.0,2.3333333333333335,0.3333333333333333
2025-04-20,2024,FC St. Pauli,Bayer Leverkusen,D,1,5.25,3.8,1.67,1437.360612295654,1816.536711833354,-379.1760995377001,100,100,0.0,-7,-8,-5,-7,8,8.0,10,10.0,0.0,3.0
2025-04-25,2024,VfB Stuttgart,1. FC Heidenheim,A,0,1.48,5.0,5.75,1596.950797909248,1438.3642132521406,158.58658465710732,100,100,0.0,1,0,0,2,4,4.0,6,6.0,1.3333333333333333,1.3333333333333333
2025-04-26,2024,Bayern Munich,FSV Mainz 05,H,2,1.22,7.0,11.0,1799.0070629197091,1587.24946853212,211.75759438758905,100,100,0.0,9,7,8,15,11,11.0,3,3.0,2.0,1.0
2025-04-26,2024,TSG Hoffenheim,Borussia Dortmund,A,0,4.1,4.33,1.73,1499.5315454704487,1635.5924933098458,-136.06094783939716,100,100,0.0,-5,-7,-5,-5,4,4.0,10,10.0,1.3333333333333333,1.3333333333333333
2025-04-26,2024,Holstein Kiel,Borussia Monchengladbach,H,2,3.1,3.8,2.15,1416.561298586552,1554.998991775656,-138.4376931891038,100,100,0.0,-1,-2,0,0,2,2.0,7,7.0,0.0,3.0
2025-04-26,2024,Bayer Leverkusen,FC Augsburg,H,2,1.36,5.0,8.5,1806.5465992252387,1582.579586039207,223.96701318603164,100,100,0.0,7,8,5,7,11,11.0,8,8.0,3.0,0.0
2025-04-26,2024,VfL Wolfsburg,SC Freiburg,A,0,2.35,3.5,2.88,1529.1010837876718,1590.5271618991467,-61.42607811147491,100,100,0.0,-1,-1,-1,-1,1,1.0,7,7.0,1.0,2.0
2025-04-26,2024,Ein Frankfurt,RB Leipzig,H,2,2.15,3.8,3.0,1624.5360361436324,1649.285927275433,-24.749891131800723,100,100,0.0,-3,-4,-3,-4,10,10.0,10,10.0,1.3333333333333333,1.3333333333333333
2025-04-27,2024,Werder Bremen,FC St. Pauli,D,1,1.85,3.6,4.0,1582.402002885843,1447.3507249037693,135.05127798207377,100,100,0.0,0,0,0,0,12,12.0,8,8.0,3.0,0.0
2025-04-27,2024,VfL Bochum,Union Berlin,D,1,2.25,3.4,3.1,1413.015626323736,1526.2190406716657,-113.20341434792977,100,100,0.0,-1,0,-1,1,0,0.0,9,9.0,3.0,0.0
2025-05-02,2024,1. FC Heidenheim,VfL Bochum,D,1,2.25,3.6,3.1,1462.8400024531613,1413.5853892881821,49.25461316497922,100,100,0.0,0,0,0,0,6,6.0,1,1.0,0.6666666666666666,1.6666666666666667
2025-05-03,2024,Borussia Monchengladbach,TSG Hoffenheim,D,1,2.1,4.0,3.0,1538.3462406529786,1486.0828551224708,52.263385530507776,100,100,0.0,0,2,0,-1,4,4.0,4,4.0,2.0,1.0
2025-05-03,2024,Union Berlin,Werder Bremen,D,1,2.7,3.4,2.55,1525.6492777072194,1573.5631001698239,-47.91382246260446,100,100,0.0,1,0,1,-1,9,9.0,13,13.0,1.0,2.0
2025-05-03,2024,Borussia Dortmund,VfL Wolfsburg,H,2,1.33,5.75,7.5,1649.0411836578237,1512.4425228538057,136.59866080401798,100,100,0.0,6,7,5,6,13,13.0,1,1.0,2.3333333333333335,0.3333333333333333
2025-05-03,2024,RB Leipzig,Bayern Munich,D,1,4.5,4.33,1.62,1637.4848705300976,1803.282276295222,-165.79740576512427,100,100,0.0,-4,-2,-3,-10,7,7.0,13,13.0,0.3333333333333333,2.3333333333333335
2025-05-03,2024,FC St. Pauli,VfB Stuttgart,A,0,2.62,3.5,2.55,1456.1896276197886,1572.4750087082273,-116.28538108843873,100,100,0.0,-1,0,0,-2,6,6.0,4,4.0,1.0,2.0
2025-05-04,2024,FC Augsburg,Holstein Kiel,A,0,1.83,3.9,4.0,1578.5556119478501,1433.2140497092294,145.34156223862078,100,100,0.0,0,0,0,0,5,5.0,5,5.0,0.0,3.0
2025-05-04,2024,SC Freiburg,Bayer Leverkusen,D,1,3.2,3.4,2.25,1607.1857228330127,1810.5705733165955,-203.3848504835828,100,100,0.0,-6,-7,-4,-6,9,9.0,11,11.0,0.0,3.0
2025-05-04,2024,FSV Mainz 05,Ein Frankfurt,D,1,2.35,3.5,2.9,1582.9742551566073,1636.3370928889678,-53.362837732360504,100,100,0.0,-2,-1,-2,-1,2,2.0,10,10.0,1.3333333333333333,1.3333333333333333
2025-05-09,2024,VfL Wolfsburg,TSG Hoffenheim,D,1,2.2,3.6,2.9,1506.324920176396,1492.2657381241818,14.059182052214283,100,100,0.0,-1,0,0,-1,1,1.0,4,4.0,1.3333333333333333,1.3333333333333333
2025-05-10,2024,Holstein Kiel,SC Freiburg,A,0,3.1,3.75,2.15,1457.3379014462841,1611.5219701221024,-154.18406867581825,100,100,0.0,-1,-1,-1,-1,8,8.0,10,10.0,0.0,3.0
2025-05-10,2024,Union Berlin,1. FC Heidenheim,A,0,2.25,3.3,3.3,1523.4172332623575,1456.7653319847625,66.65190127759502,100,100,0.0,1,0,1,-1,7,7.0,4,4.0,0.3333333333333333,2.3333333333333335
2025-05-10,2024,Werder Bremen,RB Leipzig,D,1,2.35,3.7,2.8,1575.7951446146858,1640.292092660924,-64.49694804623823,100,100,0.0,-5,-5,-5,-5,11,11.0,8,8.0,0.6666666666666666,1.6666666666666667
2025-05-10,2024,Bayern Munich,Borussia Monchengladbach,H,2,1.17,9.5,11.0,1800.4750541643955,1532.1633576512677,268.3116965131278,100,100,0.0,8,5,8,15,11,11.0,2,2.0,3.0,0.0
2025-05-10,2024,VfL Bochum,FSV Mainz 05,A,0,2.9,3.6,2.3,1419.660059756581,1580.9727737401906,-161.31271398360968,100,100,0.0,0,0,0,0,2,2.0,3,3.0,0.3333333333333333,2.3333333333333335
2025-05-11,2024,Bayer Leverkusen,Borussia Dortmund,A,0,2.7,3.9,2.35,1806.2343260275059,1655.1587863352333,151.0755396922725,100,100,0.0,1,1,0,1,9,9.0,13,13.0,1.6666666666666667,0.6666666666666666
2025-05-11,2024,Ein Frankfurt,FC St. Pauli,D,1,1.53,4.33,5.75,1638.3385743053846,1441.8922095704813,196.44636473490323,100,100,0.0,2,1,2,1,8,8.0,6,6.0,3.0,0.0
2025-05-11,2024,VfB Stuttgart,FC Augsburg,H,2,1.55,4.33,5.75,1586.7724267575345,1554.4317602107953,32.34066654673916,100,100,0.0,1,0,0,2,7,7.0,4,4.0,3.0,0.0
2025-05-17,2024,1. FC Heidenheim,Werder Bremen,A,0,2.3,3.8,2.75,1478.4549338983966,1574.2676675785985,-95.81273368020197,100,100,0.0,0,0,0,0,7,7.0,9,9.0,2.3333333333333335,0.3333333333333333
2025-05-17,2024,FC St. Pauli,VfL Bochum,A,0,1.67,4.2,4.5,1452.2835941240262,1407.280001585757,45.00359253826923,100,100,0.0,0,0,0,0,6,6.0,2,2.0,0.0,3.0
2025-05-17,2024,FC Augsburg,Union Berlin,A,0,2.1,3.5,3.4,1544.884184254938,1501.7276313487234,43.15655290621453,100,100,0.0,-1,0,-1,1,4,4.0,4,4.0,2.3333333333333335,0.3333333333333333
2025-05-17,2024,Borussia Dortmund,Holstein Kiel,H,2,1.09,12.0,19.0,1679.437040049435,1444.6584330489404,234.7786070004945,100,100,0.0,6,7,5,6,13,13.0,7,7.0,0.0,3.0
2025-05-17,2024,TSG Hoffenheim,Bayern Munich,A,0,5.0,5.25,1.5,1497.0204722401718,1803.689600995015,-306.6691287548433,100,100,0.0,-8,-7,-8,-14,5,5.0,11,11.0,1.0,2.0
2025-05-17,2024,FSV Mainz 05,Bayer Leverkusen,D,1,2.15,3.9,3.0,1593.3528319110146,1781.9560723133043,-188.60324040228966,100,100,0.0,-7,-8,-5,-7,5,5.0,6,6.0,0.0,3.0
2025-05-17,2024,Borussia Monchengladbach,VfL Wolfsburg,A,0,2.2,4.2,2.8,1528.948810820648,1501.570186060406,27.37862476024202,100,100,0.0,1,2,0,0,1,1.0,2,2.0,2.0,1.0
2025-05-17,2024,RB Leipzig,VfB Stuttgart,A,0,2.0,4.2,3.2,1641.8195696970113,1596.320002713392,45.49956698361939,100,100,0.0,4,5,5,3,6,6.0,7,7.0,1.0,2.0
2025-05-17,2024,SC Freiburg,Ein Frankfurt,A,0,2.35,3.7,2.8,1624.2014385194461,1627.9471897518397,-3.745751232393559,100,100,0.0,-1,0,-1,0,13,13.0,9,9.0,0.6666666666666666,1.6666666666666667
2025-08-22,2025,Bayern Munich,RB Leipzig,H,2,1.22,7.0,9.0,1810.6890693293237,1620.8810195151727,189.808049814151,100,100,0.0,4,4,2,9,13,13.0,3,3.0,2.3333333333333335,0.3333333333333333
2025-08-23,2025,FC St. Pauli,Borussia Dortmund,D,1,4.5,3.9,1.75,1431.363110826413,1683.2490624442373,-251.88595161782428,100,100,0.0,-6,-7,-6,-4,3,3.0,15,15.0,0.0,3.0
2025-08-23,2025,Union Berlin,VfB Stuttgart,H,2,3.4,3.7,2.05,1522.5806535740335,1617.2585528952304,-94.67789932119695,100,100,0.0,0,-2,1,-2,6,6.0,10,10.0,0.3333333333333333,2.3333333333333335
2025-08-23,2025,Bayer Leverkusen,TSG Hoffenheim,A,0,1.53,4.75,5.25,1778.2115879723403,1490.0210039058632,288.1905840664772,100,100,0.0,7,8,10,6,6,6.0,2,2.0,3.0,0.0
2025-08-23,2025,1. FC Heidenheim,VfL Wolfsburg,A,0,3.2,3.5,2.2,1463.2741638316172,1521.8357297890566,-58.56156595743937,100,100,0.0,0,0,0,0,7,7.0,5,5.0,1.3333333333333333,1.3333333333333333
2025-08-23,2025,SC Freiburg,FC Augsburg,A,0,1.85,3.6,4.33,1605.1489608441084,1524.031162029628,81.11779881448047,100,100,0.0,1,0,3,0,10,10.0,1,1.0,1.3333333333333333,1.3333333333333333
2025-08-23,2025,Ein Frankfurt,Werder Bremen,H,2,1.7,4.1,4.5,1646.9996674271774,1589.448437645378,57.55122978179952,100,100,0.0,2,2,1,5,9,9.0,9,9.0,1.3333333333333333,1.3333333333333333
2025-08-24,2025,FSV Mainz 05,FC Cologne,A,0,1.9,3.7,4.0,1597.0973162519786,1471.091364441697,126.00595181028166,100,100,0.0,0,0,0,0,6,6.0,5,5.0,1.0,1.0
2025-08-24,2025,Borussia Monchengladbach,Hamburg,D,1,1.85,3.9,3.9,1508.6832670919975,1459.7878649233912,48.895402168606324,100,100,0.0,1,1,-1,1,1,1.0,9,9.0,1.0,2.0
2025-08-29,2025,Hamburg,FC St. Pauli,A,0,2.4,3.3,3.0,1465.8495650672837,1437.5324612240788,28.317103843204904,100,100,0.0,0,0,0,0,10,10.0,3,3.0,0.5,2.0
2025-08-30,2025,TSG Hoffenheim,Ein Frankfurt,A,0,2.88,3.75,2.25,1517.120431823462,1655.6284735307315,-138.5080417072695,100,100,0.0,-1,-2,-3,-5,5,5.0,11,11.0,0.3333333333333333,2.3333333333333335
2025-08-30,2025,FC Augsburg,Bayern Munich,A,0,9.0,6.5,1.27,1546.2116906383594,1815.4487214517026,-269.23703081334315,100,100,0.0,-9,-8,-7,-15,3,3.0,13,13.0,0.0,3.0
2025-08-30,2025,RB Leipzig,1. FC Heidenheim,H,2,1.44,5.0,6.25,1616.121367392794,1446.4935579781309,169.62780941466303,100,100,0.0,5,4,5,6,2,2.0,7,7.0,2.3333333333333335,0.3333333333333333
2025-08-30,2025,Werder Bremen,Bayer Leverkusen,D,1,3.7,3.8,1.91,1580.8196315418238,1751.1121600547415,-170.29252851291767,100,100,0.0,-8,-8,-8,-6,6,6.0,5,5.0,1.3333333333333333,1.3333333333333333
2025-08-30,2025,VfB Stuttgart,Borussia Monchengladbach,H,2,1.6,4.5,4.75,1602.4883084815394,1502.621566948105,99.86674153343438,100,100,0.0,0,1,1,0,9,9.0,2,2.0,2.0,1.0
2025-08-31,2025,Borussia Dortmund,Union Berlin,H,2,1.4,5.25,6.5,1677.0797120465716,1537.3508979877245,139.7288140588471,100,100,0.0,5,7,5,5,13,13.0,8,8.0,2.0,1.0
2025-08-31,2025,FC Cologne,SC Freiburg,H,2,2.55,3.3,2.8,1494.67143539747,1582.968432235377,-88.29699683790682,100,100,0.0,-1,0,-3,0,8,8.0,7,7.0,0.3333333333333333,2.3333333333333335
2025-08-31,2025,VfL Wolfsburg,FSV Mainz 05,D,1,2.0,3.6,3.5,1538.6163356425427,1573.5172452962054,-34.900909653662666,100,100,0.0,0,0,0,0,7,7.0,5,5.0,1.3333333333333333,1.3333333333333333
2025-09-12,2025,Bayer Leverkusen,Ein Frankfurt,H,2,2.1,3.8,3.2,1748.1181278179306,1668.9727221580042,79.14540565992638,100,100,0.0,6,6,7,1,3,3.0,11,11.0,3.0,0.0
2025-09-13,2025,SC Freiburg,VfB Stuttgart,H,2,2.9,3.6,2.35,1568.4735004932768,1609.7001021029707,-41.226601609693944,100,100,0.0,0,-2,3,-1,4,4.0,12,12.0,1.0,2.0
2025-09-13,2025,1. FC Heidenheim,Borussia Dortmund,A,0,5.5,4.5,1.55,1441.2500734257271,1683.1100302974794,-241.85995687175227,100,100,0.0,-6,-7,-6,-4,4,4.0,13,13.0,0.3333333333333333,2.3333333333333335
2025-09-13,2025,FSV Mainz 05,RB Leipzig,A,0,2.55,3.6,2.63,1576.2953637596536,1621.3648519451976,-45.06948818554406,100,100,0.0,-5,-4,-5,-6,6,6.0,5,5.0,1.3333333333333333,1.3333333333333333
2025-09-13,2025,Union Berlin,TSG Hoffenheim,A,0,2.6,3.4,2.7,1531.3205797368166,1503.7761831961893,27.544396540627304,100,100,0.0,0,0,3,-1,7,7.0,5,5.0,3.0,0.0
2025-09-13,2025,VfL Wolfsburg,FC Cologne,D,1,1.95,3.5,3.9,1535.8382171790945,1509.1663671395702,26.671850039524315,100,100,0.0,0,0,0,0,8,8.0,10,10.0,2.3333333333333335,0.3333333333333333
2025-09-13,2025,Bayern Munich,Hamburg,H,2,1.06,12.0,26.0,1823.6700060516152,1445.5485304937042,378.121475557911,100,100,0.0,9,8,7,15,13,13.0,7,7.0,3.0,0.0
2025-09-14,2025,FC St. Pauli,FC Augsburg,H,2,2.2,3.4,3.3,1457.8334957976583,1537.9904060384467,-80.15691024078842,100,100,0.0,0,0,0,0,5,5.0,3,3.0,0.5,2.0
2025-09-14,2025,Borussia Monchengladbach,Werder Bremen,A,0,1.95,3.9,3.4,1495.4097733266738,1583.8136637786347,-88.40389045196093,100,100,0.0,1,1,-1,1,2,2.0,6,6.0,2.3333333333333335,0.3333333333333333
2025-09-19,2025,VfB Stuttgart,FC St. Pauli,H,2,1.75,4.1,4.2,1597.2136234323677,1471.9777310168222,125.23589241554555,100,100,0.0,1,2,0,1,9,9.0,8,8.0,2.0,1.0
2025-09-20,2025,RB Leipzig,FC Cologne,H,2,1.65,4.33,4.5,1638.716828319589,1514.4051379907737,124.3116903288153,100,100,0.0,5,4,5,6,7,7.0,10,10.0,2.3333333333333335,0.3333333333333333
2025-09-20,2025,TSG Hoffenheim,Bayern Munich,A,0,7.0,6.0,1.33,1524.048000891936,1825.4687321565295,-301.42073126459354,100,100,0.0,-8,-8,-9,-15,7,7.0,15,15.0,1.0,2.0
2025-09-20,2025,Werder Bremen,SC Freiburg,A,0,2.38,3.6,2.8,1599.3141222528573,1580.9599791638798,18.35414308897748,100,100,0.0,-1,0,-3,0,8,8.0,6,6.0,1.0,2.0
2025-09-20,2025,FC Augsburg,FSV Mainz 05,A,0,2.7,3.4,2.6,1523.8461708192829,1558.9433873852622,-35.09721656597935,100,100,0.0,0,0,0,0,3,3.0,5,5.0,0.3333333333333333,2.3333333333333335
2025-09-20,2025,Hamburg,1. FC Heidenheim,H,2,2.05,3.6,3.5,1443.74980438879,1432.0555712534467,11.694233135343211,100,100,0.0,0,0,0,0,4,4.0,3,3.0,1.5,1.5
2025-09-21,2025,Ein Frankfurt,Union Berlin,A,0,1.57,4.33,5.5,1661.0874312968353,1511.04876204107,150.0386692557654,100,100,0.0,1,2,0,6,10,10.0,6,6.0,0.6666666666666666,1.6666666666666667
2025-09-21,2025,Bayer Leverkusen,Borussia Monchengladbach,D,1,1.57,5.0,4.5,1756.0034186790995,1479.9093148524512,276.0941038266483,100,100,0.0,7,7,9,5,5,5.0,1,1.0,2.3333333333333335,0.3333333333333333
2025-09-21,2025,Borussia Dortmund,VfL Wolfsburg,H,2,1.5,5.0,5.5,1692.3045324697598,1530.599446327891,161.70508614186883,100,100,0.0,6,7,6,4,13,13.0,9,9.0,2.3333333333333335,0.3333333333333333
2025-09-26,2025,Bayern Munich,Werder Bremen,H,2,1.09,11.0,21.0,1832.6316351365208,1579.3932506638453,253.23838447267553,100,100,0.0,9,8,7,15,15,15.0,7,7.0,2.0,1.0
2025-09-27,2025,VfL Wolfsburg,RB Leipzig,A,0,2.55,3.6,2.6,1525.1556844419897,1645.1861088076844,-120.03042436569467,100,100,0.0,-5,-4,-5,-6,8,8.0,9,9.0,1.0,2.0
2025-09-27,2025,FSV Mainz 05,Borussia Dortmund,A,0,3.2,3.7,2.1,1576.7133204600855,1697.748294355661,-121.0349738955756,100,100,0.0,-6,-7,-6,-4,5,5.0,13,13.0,2.0,1.0
2025-09-27,2025,FC St. Pauli,Bayer Leverkusen,A,0,3.1,3.6,2.2,1465.5354052620992,1744.09163187308,-278.55622661098073,100,100,0.0,-8,-8,-8,-6,7,7.0,6,6.0,0.3333333333333333,2.3333333333333335
2025-09-27,2025,1. FC Heidenheim,FC Augsburg,H,2,2.7,3.5,2.5,1421.7182642316732,1506.0762377444596,-84.35797351278643,100,100,0.0,0,0,0,0,0,0.0,3,3.0,1.0,2.0
2025-09-27,2025,Borussia Monchengladbach,Ein Frankfurt,A,0,3.1,3.6,2.2,1491.8211016584708,1636.8368665093146,-145.01576485084388,100,100,0.0,-1,-1,-2,-4,2,2.0,9,9.0,0.6666666666666666,1.6666666666666667
2025-09-28,2025,FC Cologne,VfB Stuttgart,A,0,2.9,3.5,2.35,1507.9358575026783,1603.6559491870908,-95.72009168441241,100,100,0.0,-1,-2,0,-1,7,7.0,9,9.0,0.3333333333333333,2.3333333333333335
2025-09-28,2025,Union Berlin,Hamburg,D,1,1.95,3.4,4.0,1535.2993268285907,1454.0871114105635,81.2122154180272,100,100,0.0,1,0,1,-1,9,9.0,7,7.0,1.5,1.5
2025-09-28,2025,SC Freiburg,TSG Hoffenheim,D,1,2.25,3.4,3.1,1600.8808507528918,1516.8850979119447,83.99575284094703,100,100,0.0,0,0,5,0,6,6.0,6,6.0,2.3333333333333335,0.3333333333333333
2025-10-03,2025,TSG Hoffenheim,FC Cologne,A,0,1.91,3.7,3.75,1524.1610244593967,1492.7510883532648,31.40993610613191,100,100,0.0,1,0,-2,0,7,7.0,7,7.0,1.3333333333333333,1.3333333333333333
2025-10-04,2025,Werder Bremen,FC St. Pauli,H,2,2.35,3.7,2.88,1575.9210468413019,1457.6303842807454,118.29066256055648,100,100,0.0,0,0,0,0,4,4.0,7,7.0,2.3333333333333335,0.3333333333333333
2025-10-04,2025,Ein Frankfurt,Bayern Munich,A,0,6.25,5.25,1.42,1649.9041824740232,1836.1038389590642,-186.19965648504103,100,100,0.0,-7,-6,-6,-10,9,9.0,15,15.0,0.3333333333333333,2.3333333333333335
2025-10-04,2025,FC Augsburg,VfL Wolfsburg,H,2,2.75,3.5,2.45,1491.7511024086357,1511.0195105346031,-19.268408125967426,100,100,0.0,0,0,0,0,3,3.0,5,5.0,2.3333333333333335,0.3333333333333333
2025-10-04,2025,Borussia Dortmund,RB Leipzig,D,1,1.7,4.5,4.2,1711.8412495231744,1659.322282715071,52.518966808103414,100,100,0.0,1,3,1,-2,13,13.0,12,12.0,1.0,2.0
2025-10-04,2025,Bayer Leverkusen,Union Berlin,H,2,1.7,4.0,4.75,1751.9966528544337,1528.1156564410978,223.88099641333588,100,100,0.0,7,8,7,7,8,8.0,7,7.0,2.3333333333333335,0.3333333333333333
2025-10-05,2025,Borussia Monchengladbach,SC Freiburg,D,1,2.25,3.6,3.0,1478.7537856937622,1593.6049242054398,-114.85113851167762,100,100,0.0,0,1,-4,1,2,2.0,7,7.0,0.0,3.0
2025-10-05,2025,VfB Stuttgart,1. FC Heidenheim,H,2,1.42,4.75,7.0,1618.8407183365043,1436.043399567497,182.79731876900723,100,100,0.0,1,2,0,1,9,9.0,3,3.0,1.3333333333333333,1.3333333333333333
2025-10-05,2025,Hamburg,FSV Mainz 05,H,2,2.8,3.5,2.4,1461.2707817980563,1562.6203652925722,-101.34958349451585,100,100,0.0,0,0,0,0,5,5.0,4,4.0,0.6666666666666666,1.6666666666666667
2025-10-17,2025,Union Berlin,Borussia Monchengladbach,H,2,2.2,3.4,3.2,1524.0899568132565,1479.3945706645034,44.69538614875319,100,100,0.0,0,-1,2,-2,4,4.0,2,2.0,0.3333333333333333,2.3333333333333335
2025-10-18,2025,Bayern Munich,Borussia Dortmund,H,2,1.33,5.5,7.5,1847.4568258262982,1705.6492097282546,141.80761609804358,100,100,0.0,3,1,1,11,15,15.0,13,13.0,0.6666666666666666,1.6666666666666667
2025-10-18,2025,VfL Wolfsburg,VfB Stuttgart,A,0,2.63,3.6,2.5,1499.4435690203477,1623.7642153180166,-124.32064629766887,100,100,0.0,-1,-2,0,-1,2,2.0,12,12.0,1.3333333333333333,1.3333333333333333
2025-10-18,2025,RB Leipzig,Hamburg,H,2,1.44,4.75,6.5,1665.5143225099907,1476.3290477081841,189.1852748018066,100,100,0.0,5,4,5,6,13,13.0,7,7.0,1.3333333333333333,1.3333333333333333
2025-10-18,2025,FSV Mainz 05,Bayer Leverkusen,A,0,2.8,3.4,2.45,1547.5620993824443,1756.022352482275,-208.46025309983065,100,100,0.0,-8,-8,-8,-6,4,4.0,11,11.0,0.3333333333333333,2.3333333333333335
2025-10-18,2025,1. FC Heidenheim,Werder Bremen,D,1,2.88,3.5,2.35,1431.1199025859848,1582.5679318008251,-151.4480292148403,100,100,0.0,0,0,0,0,3,3.0,7,7.0,1.3333333333333333,1.3333333333333333
2025-10-18,2025,FC Cologne,FC Augsburg,D,1,1.95,3.9,3.5,1513.168604930711,1503.327043922891,9.841561007819791,100,100,0.0,0,0,0,0,7,7.0,3,3.0,1.6666666666666667,0.6666666666666666
2025-10-19,2025,SC Freiburg,Ein Frankfurt,D,1,2.5,3.5,2.7,1592.9641392346987,1638.5511956067892,-45.5870563720905,100,100,0.0,-1,-2,2,-5,8,8.0,6,6.0,0.3333333333333333,2.3333333333333335
2025-10-19,2025,FC St. Pauli,TSG Hoffenheim,A,0,2.5,3.4,2.8,1450.983499321222,1503.7435078819506,-52.760008560728465,100,100,0.0,-1,0,2,0,6,6.0,4,4.0,2.3333333333333335,0.3333333333333333
2025-10-24,2025,Werder Bremen,Union Berlin,H,2,2.25,3.6,2.9,1580.3628357239193,1533.1807108292016,47.18212489471762,100,100,0.0,-1,0,-1,1,7,7.0,7,7.0,1.3333333333333333,1.3333333333333333
2025-10-25,2025,Borussia Monchengladbach,Bayern Munich,A,0,10.0,6.5,1.22,1470.3038166485583,1853.4296935739874,-383.1258769254291,100,100,0.0,-8,-7,-8,-14,2,2.0,15,15.0,0.0,3.0
2025-10-25,2025,Ein Frankfurt,FC St. Pauli,H,2,1.67,4.2,4.5,1640.8813710640043,1433.9564609939976,206.92491007000672,100,100,0.0,2,2,1,5,4,4.0,3,3.0,2.3333333333333335,0.3333333333333333
2025-10-25,2025,Borussia Dortmund,FC Cologne,H,2,1.44,5.25,6.5,1699.6763419805654,1508.5782888175106,191.09805316305483,100,100,0.0,6,7,6,4,10,10.0,5,5.0,3.0,0.0
2025-10-25,2025,TSG Hoffenheim,1. FC Heidenheim,H,2,1.57,4.5,5.25,1520.770546209175,1433.3249986628907,87.44554754628439,100,100,0.0,1,0,-2,0,7,7.0,4,4.0,1.0,1.0
2025-10-25,2025,Hamburg,VfL Wolfsburg,A,0,2.35,3.5,2.9,1471.5550219220138,1485.4918640476635,-13.936842125649719,100,100,0.0,0,0,0,0,7,7.0,1,1.0,2.3333333333333335,0.3333333333333333
2025-10-25,2025,FC Augsburg,RB Leipzig,A,0,3.2,3.9,2.05,1507.9173600360914,1670.288348296161,-162.37098826006968,100,100,0.0,-5,-4,-5,-6,4,4.0,13,13.0,0.6666666666666666,1.6666666666666667
2025-10-26,2025,VfB Stuttgart,FSV Mainz 05,H,2,1.75,4.0,4.33,1637.7159202907008,1537.098298915551,100.61762137514984,100,100,0.0,1,2,0,1,12,12.0,3,3.0,1.3333333333333333,1.3333333333333333
2025-10-26,2025,Bayer Leverkusen,SC Freiburg,H,2,1.83,3.9,4.0,1766.4861529491684,1590.6339637774836,175.8521891716848,100,100,0.0,7,8,5,6,13,13.0,9,9.0,2.3333333333333335,0.3333333333333333
2025-10-31,2025,FC Augsburg,Borussia Dortmund,A,0,5.0,4.5,1.57,1495.5815736984873,1704.4063325154777,-208.82475881699042,100,100,0.0,-6,-7,-6,-4,4,4.0,10,10.0,2.0,1.0
2025-11-01,2025,FSV Mainz 05,Werder Bremen,D,1,1.95,3.9,3.5,1529.9101574420117,1589.3631472213192,-59.45298977930747,100,100,0.0,0,0,0,0,3,3.0,7,7.0,0.0,3.0
2025-11-01,2025,RB Leipzig,VfB Stuttgart,H,2,1.95,3.9,3.5,1682.6241346337652,1644.90406176424,37.72007286952521,100,100,0.0,4,2,5,5,13,13.0,15,15.0,0.0,3.0
2025-11-01,2025,1. FC Heidenheim,Ein Frankfurt,D,1,3.6,4.0,1.9,1425.7142719360666,1645.2595862607127,-219.54531432464614,100,100,0.0,-2,-2,-1,-5,4,4.0,7,7.0,0.0,3.0
2025-11-01,2025,Union Berlin,SC Freiburg,D,1,2.5,3.3,2.75,1524.1803993318017,1585.543715885766,-61.363316553964296,100,100,0.0,0,0,-2,-1,7,7.0,6,6.0,2.3333333333333335,0.3333333333333333
2025-11-01,2025,Bayern Munich,Bayer Leverkusen,H,2,1.22,7.0,9.5,1858.345411776919,1771.576400840886,86.76901093603306,100,100,0.0,1,0,-1,9,15,15.0,13,13.0,0.6666666666666666,1.6666666666666667
2025-11-01,2025,FC St. Pauli,Borussia Monchengladbach,A,0,2.15,3.5,3.3,1429.5782457972891,1465.3880984456266,-35.80985264833748,100,100,0.0,-1,-1,1,-1,0,0.0,2,2.0,1.3333333333333333,1.3333333333333333
2025-11-02,2025,FC Cologne,Hamburg,H,2,2.1,3.7,3.2,1503.8482982825983,1452.9135540701395,50.93474421245878,100,100,0.0,0,0,0,0,4,4.0,7,7.0,1.0,2.0
2025-11-02,2025,VfL Wolfsburg,TSG Hoffenheim,A,0,2.75,3.9,2.3,1504.1333318995378,1528.3812729359993,-24.247941036461498,100,100,0.0,-1,0,2,0,3,3.0,7,7.0,1.6666666666666667,0.6666666666666666
2025-11-07,2025,Werder Bremen,VfL Wolfsburg,H,2,2.15,3.6,3.1,1591.1057980563926,1485.9137097196576,105.19208833673497,100,100,0.0,0,0,0,0,8,8.0,3,3.0,1.0,2.0
2025-11-08,2025,TSG Hoffenheim,RB Leipzig,H,2,2.6,3.9,2.4,1546.6008951158794,1691.9712934715203,-145.37039835564087,100,100,0.0,-4,-4,-7,-6,10,10.0,13,13.0,1.3333333333333333,1.3333333333333333
2025-11-08,2025,Bayer Leverkusen,1. FC Heidenheim,H,2,1.4,5.0,6.5,1763.943532559243,1430.6809841007102,333.2625484585328,100,100,0.0,8,8,8,6,12,12.0,5,5.0,3.0,0.0
2025-11-08,2025,Borussia Monchengladbach,FC Cologne,H,2,2.2,3.6,3.1,1483.1283024866789,1512.7131063278966,-29.584803841217763,100,100,0.0,1,1,-1,1,4,4.0,7,7.0,0.6666666666666666,1.6666666666666667
2025-11-08,2025,Union Berlin,Bayern Munich,D,1,13.0,7.0,1.2,1522.5191619448522,1865.978280058562,-343.4591181137098,100,100,0.0,-8,-8,-6,-16,5,5.0,15,15.0,0.3333333333333333,2.3333333333333335
2025-11-08,2025,Hamburg,Borussia Dortmund,D,1,4.33,4.2,1.7,1444.0487460248412,1714.8558397520394,-270.8070937271982,100,100,0.0,-6,-7,-6,-4,4,4.0,10,10.0,0.0,3.0
2025-11-09,2025,SC Freiburg,FC St. Pauli,H,2,1.83,3.5,4.5,1587.2049532727156,1411.8380417562369,175.3669115164787,100,100,0.0,1,0,3,0,4,4.0,0,0.0,1.3333333333333333,1.3333333333333333
2025-11-09,2025,VfB Stuttgart,FC Augsburg,H,2,1.55,4.33,5.75,1635.5569029264848,1485.1320664619257,150.42483646455912,100,100,0.0,1,2,0,1,12,12.0,4,4.0,3.0,0.0
2025-11-09,2025,Ein Frankfurt,FSV Mainz 05,H,2,1.83,4.0,3.9,1640.292874096069,1528.1675066069383,112.12536748913067,100,100,0.0,2,2,1,5,8,8.0,1,1.0,1.3333333333333333,1.3333333333333333
2025-11-21,2025,FSV Mainz 05,TSG Hoffenheim,D,1,2.6,3.6,2.7,1521.335175328363,1563.5486337483835,-42.213458420020515,100,100,0.0,-1,0,2,0,1,1.0,12,12.0,2.0,1.0
2025-11-22,2025,Borussia Dortmund,VfB Stuttgart,D,1,1.75,4.0,4.33,1708.0232931004157,1641.2960138746998,66.72727922571585,100,100,0.0,5,5,6,3,8,8.0,12,12.0,0.0,3.0
2025-11-22,2025,VfL Wolfsburg,Bayer Leverkusen,A,0,3.5,3.75,2.0,1478.8685101424114,1766.2318025637444,-287.36329242133297,100,100,0.0,-8,-8,-8,-6,3,3.0,12,12.0,0.3333333333333333,2.3333333333333335
2025-11-22,2025,1. FC Heidenheim,Borussia Monchengladbach,A,0,3.2,3.6,2.15,1428.392714096209,1495.1291856179703,-66.73647152176136,100,100,0.0,-1,-1,1,-1,2,2.0,7,7.0,0.3333333333333333,2.3333333333333335
2025-11-22,2025,Bayern Munich,SC Freiburg,H,2,1.17,8.0,13.0,1856.9058001819778,1592.3070188852594,264.59878129671847,100,100,0.0,8,8,4,15,13,13.0,6,6.0,2.3333333333333335,0.3333333333333333
2025-11-22,2025,FC Cologne,Ein Frankfurt,A,0,3.0,3.75,2.2,1500.7122231966052,1647.1252053746443,-146.4129821780391,100,100,0.0,-2,-2,-1,-5,7,7.0,8,8.0,2.3333333333333335,0.3333333333333333
2025-11-22,2025,FC Augsburg,Hamburg,H,2,2.35,3.5,2.9,1479.3929555137106,1450.881292676465,28.511662837245694,100,100,0.0,0,0,0,0,4,4.0,4,4.0,2.0,1.0
2025-11-23,2025,FC St. Pauli,Union Berlin,A,0,2.45,3.3,2.9,1406.735976143693,1531.5916418214363,-124.85566567774322,100,100,0.0,-1,0,-1,1,0,0.0,5,5.0,1.5,1.5
2025-11-23,2025,RB Leipzig,Werder Bremen,H,2,1.45,5.0,6.0,1675.0235548390162,1598.1509976336388,76.87255720537746,100,100,0.0,5,4,5,6,10,10.0,11,11.0,1.6666666666666667,0.6666666666666666
2025-11-28,2025,Borussia Monchengladbach,RB Leipzig,D,1,2.88,3.7,2.3,1511.5609157588294,1682.9851321328347,-171.42421637400525,100,100,0.0,-4,-3,-6,-5,9,9.0,12,12.0,1.3333333333333333,1.3333333333333333
2025-11-29,2025,TSG Hoffenheim,FC Augsburg,H,2,1.67,4.33,4.5,1566.0207257746429,1489.0845716845154,76.9361540901275,100,100,0.0,1,0,-2,0,13,13.0,4,4.0,1.6666666666666667,0.6666666666666666
2025-11-29,2025,Werder Bremen,FC Cologne,D,1,2.25,3.8,2.9,1590.1894203398203,1487.7041974829028,102.48522285691752,100,100,0.0,0,0,0,0,8,8.0,4,4.0,2.3333333333333335,0.3333333333333333
2025-11-29,2025,Bayern Munich,FC St. Pauli,H,2,1.1,10.0,21.0,1860.1822075211135,1392.8072545067453,467.3749530143682,100,100,0.0,9,8,7,15,13,13.0,0,0.0,3.0,0.0
2025-11-29,2025,Bayer Leverkusen,Borussia Dortmund,A,0,2.55,3.6,2.63,1773.8452190545884,1701.3310843722247,72.51413468236365,100,100,0.0,2,1,2,2,12,12.0,8,8.0,1.3333333333333333,1.3333333333333333
2025-11-29,2025,Union Berlin,1. FC Heidenheim,A,0,1.67,4.0,5.0,1545.520363458384,1411.9609839553498,133.55937950303428,100,100,0.0,1,0,1,-1,8,8.0,2,2.0,0.3333333333333333,2.3333333333333335
2025-11-30,2025,Hamburg,VfB Stuttgart,H,2,3.0,3.75,2.2,1441.1896765056601,1647.9882226028908,-206.79854609723066,100,100,0.0,-1,-2,0,-1,1,1.0,10,10.0,1.3333333333333333,1.3333333333333333
2025-11-30,2025,Ein Frankfurt,VfL Wolfsburg,D,1,1.73,4.2,4.2,1660.1332310883467,1471.2550936515674,188.8781374367793,100,100,0.0,2,2,1,5,11,11.0,3,3.0,1.6666666666666667,0.6666666666666666
2025-11-30,2025,SC Freiburg,FSV Mainz 05,H,2,1.91,3.4,4.2,1589.0306115461237,1518.8630833021036,70.1675282440201,100,100,0.0,1,0,3,0,5,5.0,2,2.0,1.0,1.0
2025-12-05,2025,FSV Mainz 05,Borussia Monchengladbach,A,0,2.55,3.4,2.63,1510.6737284297205,1514.6018296539155,-3.928101224194961,100,100,0.0,-1,-1,1,-1,2,2.0,10,10.0,1.6666666666666667,0.6666666666666666
2025-12-06,2025,VfL Wolfsburg,Union Berlin,H,2,2.15,3.4,3.5,1481.473966178812,1521.7236124966169,-40.249646317804945,100,100,0.0,-1,0,-1,1,4,4.0,5,5.0,1.0,2.0
2025-12-06,2025,VfB Stuttgart,Bayern Munich,A,0,5.75,5.0,1.45,1628.5172975941343,1861.2848158330837,-232.76751823894938,100,100,0.0,-8,-6,-7,-14,7,7.0,13,13.0,1.0,2.0
2025-12-06,2025,RB Leipzig,Ein Frankfurt,H,2,1.73,4.2,4.2,1679.9442182377486,1649.9143585611023,30.02985967664631,100,100,0.0,3,2,4,1,10,10.0,11,11.0,1.3333333333333333,1.3333333333333333
2025-12-06,2025,FC Augsburg,Bayer Leverkusen,H,2,3.7,4.0,1.9,1481.1251353706689,1751.954395684497,-270.8292603138282,100,100,0.0,-8,-8,-8,-6,3,3.0,9,9.0,0.0,3.0
2025-12-06,2025,1. FC Heidenheim,SC Freiburg,H,2,3.9,3.6,1.91,1435.757734917117,1597.2199664185068,-161.46223150138985,100,100,0.0,-1,0,-3,0,4,4.0,7,7.0,0.3333333333333333,2.3333333333333335
2025-12-06,2025,FC Cologne,FC St. Pauli,D,1,1.95,3.6,3.8,1495.5746533192828,1391.704646194775,103.87000712450777,100,100,0.0,0,0,0,0,4,4.0,0,0.0,1.5,1.5
2025-12-07,2025,Hamburg,Werder Bremen,H,2,2.25,3.5,3.0,1460.6606015144166,1582.3189645034404,-121.65836298902377,100,100,0.0,0,0,0,0,4,4.0,8,8.0,0.3333333333333333,2.3333333333333335
2025-12-07,2025,Borussia Dortmund,TSG Hoffenheim,H,2,1.62,4.5,4.75,1723.221907742316,1573.9801620884894,149.24174565382668,100,100,0.0,5,7,8,4,11,11.0,13,13.0,1.3333333333333333,1.3333333333333333
2025-12-12,2025,Union Berlin,RB Leipzig,H,2,3.2,3.5,2.2,1509.2781086275338,1689.578586416882,-180.30047778934818,100,100,0.0,-4,-4,-4,-7,5,5.0,10,10.0,0.6666666666666666,1.6666666666666667
2025-12-13,2025,Borussia Monchengladbach,VfL Wolfsburg,A,0,1.95,3.8,3.6,1533.647008233904,1493.919470047895,39.72753818600904,100,100,0.0,1,1,-1,1,13,13.0,4,4.0,1.0,2.0
2025-12-13,2025,FC St. Pauli,1. FC Heidenheim,H,2,1.95,3.4,4.0,1399.618337837308,1453.3839345366146,-53.76559669930657,100,100,0.0,0,0,0,0,1,1.0,7,7.0,1.5,1.5
2025-12-13,2025,Bayer Leverkusen,FC Cologne,H,2,1.55,4.33,5.25,1730.1210906095102,1487.6609616767498,242.46012893276043,100,100,0.0,8,8,8,6,6,6.0,5,5.0,2.0,1.0
2025-12-13,2025,Ein Frankfurt,FC Augsburg,H,2,1.7,4.2,4.33,1640.279990381969,1502.9584404456557,137.3215499363132,100,100,0.0,2,2,1,5,8,8.0,6,6.0,1.6666666666666667,0.6666666666666666
2025-12-13,2025,TSG Hoffenheim,Hamburg,H,2,1.7,4.33,4.2,1568.2093761730268,1476.5944588669524,91.6149173060744,100,100,0.0,1,0,-2,0,10,10.0,7,7.0,1.0,2.0
2025-12-14,2025,Bayern Munich,FSV Mainz 05,D,1,1.09,11.0,21.0,1870.8164052210068,1491.628549849732,379.18785537127474,100,100,0.0,9,8,7,15,13,13.0,2,2.0,2.0,1.0
2025-12-14,2025,Werder Bremen,VfB Stuttgart,A,0,2.9,3.8,2.25,1566.3851071509046,1618.9857082062113,-52.6006010553067,100,100,0.0,-1,-2,0,-1,5,5.0,4,4.0,2.3333333333333335,0.3333333333333333
2025-12-14,2025,SC Freiburg,Borussia Dortmund,D,1,3.25,3.5,2.15,1579.5937667990092,1728.9926936577785,-149.3989268587693,100,100,0.0,-5,-7,-3,-4,7,7.0,11,11.0,0.0,3.0
2025-12-19,2025,Borussia Dortmund,Borussia Monchengladbach,H,2,1.55,4.5,5.5,1726.8742266981444,1512.9199690254072,213.95425767273719,100,100,0.0,5,6,7,3,9,9.0,10,10.0,2.3333333333333335,0.3333333333333333
2025-12-20,2025,Hamburg,Ein Frankfurt,D,1,2.6,3.6,2.55,1469.1192480952882,1646.3773521534729,-177.2581040581847,100,100,0.0,-2,-2,-1,-5,7,7.0,10,10.0,0.3333333333333333,2.3333333333333335
2025-12-20,2025,FC Cologne,Union Berlin,A,0,2.3,3.3,3.1,1483.9936718267957,1527.6845192922988,-43.69084746550311,100,100,0.0,-1,0,-1,1,2,2.0,7,7.0,1.3333333333333333,1.3333333333333333
2025-12-20,2025,FC Augsburg,Werder Bremen,D,1,2.25,3.5,3.1,1496.8610786741517,1549.351312748089,-52.490234073937245,100,100,0.0,0,0,0,0,6,6.0,4,4.0,1.3333333333333333,1.3333333333333333
2025-12-20,2025,RB Leipzig,Bayer Leverkusen,A,0,2.1,3.8,3.2,1671.172175752117,1733.7883804594644,-62.61620470734738,100,100,0.0,-3,-4,-3,0,7,7.0,9,9.0,1.3333333333333333,1.3333333333333333
2025-12-20,2025,VfL Wolfsburg,SC Freiburg,A,0,2.5,3.6,2.75,1514.6465092563917,1581.7122337586434,-67.06572450225167,100,100,0.0,-1,0,-3,0,7,7.0,7,7.0,1.0,2.0
2025-12-20,2025,VfB Stuttgart,TSG Hoffenheim,D,1,2.0,3.8,3.4,1636.0195026090269,1575.684586944691,60.33491566433577,100,100,0.0,0,2,2,1,7,7.0,10,10.0,1.6666666666666667,0.6666666666666666
2025-12-21,2025,FSV Mainz 05,FC St. Pauli,D,1,1.95,3.4,4.1,1504.8401753383976,1412.6339379707222,92.20623736767539,100,100,0.0,0,0,0,0,2,2.0,4,4.0,3.0,0.0
2025-12-21,2025,1. FC Heidenheim,Bayern Munich,A,0,13.0,9.5,1.14,1440.3683344032004,1857.6047797323413,-417.2364453291409,100,100,0.0,-9,-8,-7,-15,6,6.0,11,11.0,1.0,2.0
2026-01-09,2025,Ein Frankfurt,Borussia Dortmund,D,1,3.6,3.8,1.95,1643.0957624129778,1731.1032931297643,-88.0075307167865,100,100,0.0,-4,-5,-5,1,8,8.0,11,11.0,1.0,2.0
2026-01-10,2025,Bayer Leverkusen,VfB Stuttgart,A,0,1.95,4.1,3.4,1750.3961686551886,1629.5501453420457,120.84602331314295,100,100,0.0,7,6,8,5,9,9.0,5,5.0,1.6666666666666667,0.6666666666666666
2026-01-10,2025,Union Berlin,FSV Mainz 05,D,1,2.15,3.25,3.7,1545.0945166060203,1497.2962976814895,47.79821892453083,100,100,0.0,1,0,1,-1,9,9.0,3,3.0,1.6666666666666667,0.6666666666666666
2026-01-10,2025,1. FC Heidenheim,FC Cologne,D,1,2.9,3.5,2.38,1436.2074427296598,1466.5836745130741,-30.37623178341437,100,100,0.0,0,0,0,0,6,6.0,2,2.0,2.0,0.5
2026-01-10,2025,SC Freiburg,Hamburg,H,2,1.8,3.6,4.5,1598.129877140672,1472.4008378357832,125.72903930488883,100,100,0.0,1,0,3,0,7,7.0,7,7.0,0.6666666666666666,1.6666666666666667
2026-01-11,2025,Borussia Monchengladbach,FC Augsburg,H,2,1.85,3.8,4.0,1508.6909025937873,1494.8226071440176,13.868295449769676,100,100,0.0,1,1,-1,1,7,7.0,7,7.0,0.0,3.0
2026-01-11,2025,Bayern Munich,VfL Wolfsburg,H,2,1.11,11.0,17.0,1861.765671405882,1498.228865874363,363.5368055315189,100,100,0.0,9,8,7,15,13,13.0,7,7.0,3.0,0.0
2026-01-13,2025,FSV Mainz 05,1. FC Heidenheim,H,2,1.75,3.8,4.33,1503.3183138569032,1433.2411434987644,70.0771703581388,100,100,0.0,0,0,0,0,3,3.0,7,7.0,1.3333333333333333,1.3333333333333333
2026-01-13,2025,VfB Stuttgart,Ein Frankfurt,H,2,1.73,4.2,4.2,1652.9790599468085,1642.5782114198837,10.400848526924847,100,100,0.0,-1,0,-1,-4,7,7.0,6,6.0,1.0,2.0
2026-01-13,2025,Borussia Dortmund,Werder Bremen,H,2,1.4,5.0,7.0,1731.6208441228584,1551.389784278223,180.2310598446354,100,100,0.0,6,7,6,4,11,11.0,2,2.0,1.6666666666666667,0.6666666666666666
2026-01-14,2025,TSG Hoffenheim,Borussia Monchengladbach,H,2,1.85,3.9,3.8,1582.1539442116723,1518.9435829443546,63.210361267317694,100,100,0.0,0,-1,-1,-1,8,8.0,7,7.0,1.3333333333333333,1.3333333333333333
2026-01-14,2025,RB Leipzig,SC Freiburg,H,2,1.7,4.0,4.5,1654.5643875563928,1604.5578534868,50.00653406959282,100,100,0.0,4,4,2,6,7,7.0,10,10.0,2.3333333333333335,0.3333333333333333
2026-01-14,2025,VfL Wolfsburg,FC St. Pauli,H,2,1.91,3.7,3.8,1496.2828242114974,1420.1778156276303,76.10500858386717,100,100,0.0,0,0,0,0,7,7.0,5,5.0,1.0,1.0
2026-01-14,2025,FC Cologne,Bayern Munich,A,0,10.5,7.5,1.22,1469.5499737439695,1863.7117130687475,-394.16173932477795,100,100,0.0,-9,-8,-7,-15,3,3.0,13,13.0,0.0,3.0
2026-01-15,2025,FC Augsburg,Union Berlin,D,1,2.6,3.2,2.8,1484.5699267934503,1539.0725004306066,-54.502573637156274,100,100,0.0,-1,0,-1,1,4,4.0,7,7.0,2.0,1.0
2026-01-16,2025,Werder Bremen,Ein Frankfurt,D,1,2.7,3.5,2.5,1546.4051891691913,1632.1904018394948,-85.78521267030351,100,100,0.0,-2,-2,-1,-5,2,2.0,5,5.0,1.0,2.0
2026-01-17,2025,VfL Wolfsburg,1. FC Heidenheim,D,1,1.67,4.0,5.0,1504.2702699122244,1425.0486914211615,79.22157849106293,100,100,0.0,0,0,0,0,9,9.0,4,4.0,2.0,1.0
2026-01-17,2025,RB Leipzig,Bayern Munich,A,0,5.0,4.75,1.55,1663.4626020321082,1868.3718612154582,-204.90925918335006,100,100,0.0,-4,-4,-2,-9,7,7.0,13,13.0,0.3333333333333333,2.3333333333333335
2026-01-17,2025,TSG Hoffenheim,Bayer Leverkusen,H,2,2.4,3.8,2.7,1590.5838976995233,1726.9672540504257,-136.38335635090243,100,100,0.0,-7,-8,-10,-6,10,10.0,6,6.0,1.0,2.0
2026-01-17,2025,Borussia Dortmund,FC St. Pauli,H,2,1.33,5.25,10.0,1736.6054392318902,1412.1903699269033,324.4150693049869,100,100,0.0,6,7,6,4,11,11.0,5,5.0,2.3333333333333335,0.3333333333333333
2026-01-17,2025,FC Cologne,FSV Mainz 05,H,2,2.15,3.5,3.25,1464.8898255972588,1511.510765934506,-46.62094033724725,100,100,0.0,0,0,0,0,2,2.0,6,6.0,1.6666666666666667,0.6666666666666666
2026-01-17,2025,Hamburg,Borussia Monchengladbach,D,1,2.45,3.5,2.8,1465.9728614896553,1510.5136294565036,-44.54076796684831,100,100,0.0,-1,-1,1,-1,7,7.0,6,6.0,1.3333333333333333,1.3333333333333333
2026-01-18,2025,VfB Stuttgart,Union Berlin,D,1,1.65,3.9,5.25,1663.3668695271974,1541.025630578016,122.34123894918139,100,100,0.0,0,2,-1,2,10,10.0,8,8.0,1.3333333333333333,1.3333333333333333
2026-01-18,2025,FC Augsburg,SC Freiburg,D,1,2.9,3.3,2.45,1482.616796646041,1595.6596390110847,-113.04284236504373,100,100,0.0,-1,0,-3,0,5,5.0,7,7.0,1.3333333333333333,1.3333333333333333
2026-01-23,2025,FC St. Pauli,Hamburg,D,1,2.88,2.9,2.75,1409.7920971063534,1463.5986249683613,-53.8065278620079,100,100,0.0,0,0,0,0,5,5.0,5,5.0,2.3333333333333335,0.3333333333333333
2026-01-24,2025,Union Berlin,Borussia Dortmund,A,0,3.6,3.5,2.05,1549.4986083684676,1739.00371205244,-189.5051036839725,100,100,0.0,-5,-7,-5,-5,9,9.0,11,11.0,1.0,2.0
2026-01-24,2025,Bayer Leverkusen,Werder Bremen,H,2,1.62,4.2,5.25,1710.4021751099865,1545.7918296658816,164.61034544410495,100,100,0.0,8,8,8,6,6,6.0,2,2.0,0.6666666666666666,1.6666666666666667
2026-01-24,2025,FSV Mainz 05,VfL Wolfsburg,H,2,2.3,3.5,3.0,1498.7973621842855,1497.1530122517715,1.6443499325139328,100,100,0.0,0,0,0,0,6,6.0,7,7.0,0.6666666666666666,1.6666666666666667
2026-01-24,2025,Ein Frankfurt,TSG Hoffenheim,A,0,2.8,3.75,2.3,1632.8037613428046,1607.1489766399625,25.654784702842107,100,100,0.0,1,2,3,5,6,6.0,10,10.0,2.3333333333333335,0.3333333333333333
2026-01-24,2025,1. FC Heidenheim,RB Leipzig,A,0,5.0,4.5,1.57,1432.1659490816144,1652.8590865290275,-220.69313744741316,100,100,0.0,-5,-4,-5,-6,2,2.0,6,6.0,0.3333333333333333,2.3333333333333335
2026-01-24,2025,Bayern Munich,FC Augsburg,A,0,1.1,12.0,17.0,1878.9753767185389,1483.1796370418233,395.7957396767156,100,100,0.0,9,8,7,15,13,13.0,3,3.0,3.0,0.0
2026-01-25,2025,Borussia Monchengladbach,VfB Stuttgart,A,0,3.0,3.75,2.2,1512.8878659777977,1654.893891736746,-142.00602575894823,100,100,0.0,0,-1,-1,0,4,4.0,11,11.0,1.0,2.0
2026-01-25,2025,SC Freiburg,FC Cologne,H,2,1.9,3.75,3.8,1595.0967986153023,1477.6032293474793,117.49356926782298,100,100,0.0,1,0,3,0,8,8.0,4,4.0,1.3333333333333333,1.3333333333333333
2026-01-27,2025,FC St. Pauli,RB Leipzig,D,1,4.5,3.5,1.8,1407.809433479516,1662.8483003259028,-255.03886684638678,100,100,0.0,-5,-4,-5,-6,5,5.0,6,6.0,0.5,2.0
2026-01-27,2025,Werder Bremen,TSG Hoffenheim,A,0,3.7,3.6,2.0,1540.4221924476656,1627.349153922675,-86.92696147500942,100,100,0.0,-1,0,2,0,2,2.0,13,13.0,1.0,2.0
2026-01-30,2025,FC Cologne,VfL Wolfsburg,H,2,1.95,3.8,3.5,1470.93257264524,1486.4202964656963,-15.487723820456267,100,100,0.0,0,0,0,0,4,4.0,4,4.0,0.6666666666666666,1.6666666666666667
2026-01-31,2025,Ein Frankfurt,Bayer Leverkusen,A,0,3.0,3.8,2.2,1612.603584060092,1715.7718123282025,-103.1682282681104,100,100,0.0,-6,-6,-7,-1,3,3.0,9,9.0,0.0,3.0
2026-01-31,2025,Werder Bremen,Borussia Monchengladbach,D,1,2.45,3.6,2.75,1524.8580502186212,1499.692626722171,25.165423496450103,100,100,0.0,-1,-1,1,-1,2,2.0,4,4.0,1.0,2.0
2026-01-31,2025,FC Augsburg,FC St. Pauli,H,2,2.0,3.3,4.1,1511.5454353300559,1414.0914561637114,97.45397916634442,100,100,0.0,0,0,0,0,6,6.0,3,3.0,1.3333333333333333,1.3333333333333333
2026-01-31,2025,RB Leipzig,FSV Mainz 05,A,0,1.55,4.5,5.5,1656.5662776417073,1509.5300779703607,147.0361996713466,100,100,0.0,5,4,5,6,7,7.0,8,8.0,2.0,1.0
2026-01-31,2025,Hamburg,Bayern Munich,D,1,8.0,6.5,1.29,1465.5812885951987,1850.6095784303063,-385.02828983510767,100,100,0.0,-9,-8,-7,-15,3,3.0,12,12.0,0.0,3.0
2026-01-31,2025,TSG Hoffenheim,Union Berlin,H,2,1.8,3.8,4.33,1642.9132961517194,1538.2795791704073,104.63371698131209,100,100,0.0,0,0,-3,1,13,13.0,6,6.0,1.0,2.0
2026-02-01,2025,Borussia Dortmund,1. FC Heidenheim,H,2,1.22,6.5,12.0,1750.2227412505003,1422.1767352847392,328.0460059657612,100,100,0.0,6,7,6,4,13,13.0,2,2.0,3.0,0.0
2026-02-01,2025,VfB Stuttgart,SC Freiburg,H,2,1.67,4.1,4.75,1668.0891309923725,1601.7674553175416,66.32167567483089,100,100,0.0,0,2,-3,1,11,11.0,10,10.0,1.0,2.0
2026-02-06,2025,Union Berlin,Ein Frankfurt,D,1,2.0,3.5,3.6,1531.2170377871826,1597.7403636784957,-66.5233258913131,100,100,0.0,-1,-2,0,-6,3,3.0,2,2.0,2.3333333333333335,0.3333333333333333
2026-02-07,2025,1. FC Heidenheim,Hamburg,A,0,2.88,3.5,2.45,1419.8241792745985,1475.7104168124847,-55.886237537886245,100,100,0.0,0,0,0,0,2,2.0,4,4.0,0.0,3.0
2026-02-07,2025,FSV Mainz 05,FC Augsburg,H,2,2.05,3.6,3.5,1533.6998876564305,1518.833588644657,14.866299011773435,100,100,0.0,0,0,0,0,10,10.0,8,8.0,2.3333333333333335,0.3333333333333333
2026-02-07,2025,SC Freiburg,Werder Bremen,H,2,1.83,3.75,4.2,1593.4456310109224,1519.6764702064586,73.76916080446381,100,100,0.0,1,0,3,0,7,7.0,2,2.0,3.0,0.0
2026-02-07,2025,VfL Wolfsburg,Borussia Dortmund,A,0,4.2,4.2,1.73,1474.9986855177128,1752.575297260641,-277.5766117429282,100,100,0.0,-6,-7,-6,-4,4,4.0,13,13.0,0.0,3.0
2026-02-07,2025,Borussia Monchengladbach,Bayer Leverkusen,D,1,3.5,3.75,2.0,1504.8742067343337,1730.635032709799,-225.7608259754652,100,100,0.0,-7,-7,-9,-5,5,5.0,9,9.0,0.3333333333333333,2.3333333333333335
2026-02-07,2025,FC St. Pauli,VfB Stuttgart,H,2,4.33,3.75,1.8,1406.8033028491102,1676.4109552989917,-269.60765244988147,100,100,0.0,-1,-2,0,-1,2,2.0,13,13.0,1.0,2.0
2026-02-08,2025,FC Cologne,RB Leipzig,A,0,3.25,3.8,2.1,1482.3541835932235,1632.3964679556375,-150.04228436241397,100,100,0.0,-5,-4,-5,-6,7,7.0,7,7.0,0.0,3.0
2026-02-08,2025,Bayern Munich,TSG Hoffenheim,H,2,1.29,7.0,7.5,1840.4804502130203,1649.975837534944,190.50461267807623,100,100,0.0,8,8,9,15,10,10.0,15,15.0,3.0,0.0
2026-02-13,2025,Borussia Dortmund,FSV Mainz 05,H,2,1.53,4.5,5.5,1760.513193173817,1543.9138318730866,216.59936130073038,100,100,0.0,6,7,6,4,15,15.0,12,12.0,2.0,1.0
2026-02-14,2025,VfB Stuttgart,FC Cologne,H,2,1.45,4.75,6.5,1654.619512851005,1469.4998653546058,185.11964749639924,100,100,0.0,1,2,0,1,10,10.0,6,6.0,2.3333333333333335,0.3333333333333333
2026-02-14,2025,Werder Bremen,Bayern Munich,A,0,8.0,6.0,1.3,1511.6099715801854,1845.2240672708451,-333.6140956906597,100,100,0.0,-9,-8,-7,-15,2,2.0,10,10.0,0.0,3.0
2026-02-14,2025,Bayer Leverkusen,FC St. Pauli,H,2,1.45,3.75,6.5,1725.430827915392,1428.5947452970968,296.8360826182952,100,100,0.0,8,8,8,6,7,7.0,5,5.0,2.3333333333333335,0.3333333333333333
2026-02-14,2025,Hamburg,Union Berlin,H,2,2.5,3.25,2.9,1492.604792038863,1529.776189781301,-37.171397742437875,100,100,0.0,-1,0,-1,1,6,6.0,3,3.0,1.0,1.0
2026-02-14,2025,Ein Frankfurt,Borussia Monchengladbach,H,2,1.95,3.5,4.0,1599.1812116843773,1510.0784115287406,89.10280015563671,100,100,0.0,1,1,2,4,2,2.0,3,3.0,2.3333333333333335,0.3333333333333333
2026-02-14,2025,TSG Hoffenheim,SC Freiburg,H,2,1.73,3.9,4.5,1645.2322204771192,1601.5121296371956,43.720090839923614,100,100,0.0,0,0,-5,0,12,12.0,7,7.0,0.6666666666666666,1.6666666666666667
2026-02-15,2025,FC Augsburg,1. FC Heidenheim,H,2,1.85,3.6,4.2,1508.619644428001,1402.9298040482201,105.68984037978089,100,100,0.0,0,0,0,0,8,8.0,1,1.0,1.0,2.0
2026-02-15,2025,RB Leipzig,VfL Wolfsburg,D,1,1.44,4.75,6.5,1645.2507861942552,1467.060789604537,178.18999658971825,100,100,0.0,5,4,5,6,7,7.0,4,4.0,2.0,1.0
2026-02-20,2025,FSV Mainz 05,Hamburg,D,1,2.1,3.4,3.5,1539.7397797586752,1504.921449341856,34.81833041681921,100,100,0.0,0,0,0,0,9,9.0,9,9.0,1.3333333333333333,1.3333333333333333
2026-02-21,2025,Union Berlin,Bayer Leverkusen,H,2,3.0,3.3,2.38,1517.459532478308,1728.2035944789789,-210.74406200067097,100,100,0.0,-7,-8,-7,-7,2,2.0,10,10.0,0.3333333333333333,2.3333333333333335
2026-02-21,2025,VfL Wolfsburg,FC Augsburg,A,0,2.05,3.4,3.75,1477.0271680767053,1515.6494098031005,-38.62224172639526,100,100,0.0,0,0,0,0,2,2.0,10,10.0,0.3333333333333333,2.3333333333333335
2026-02-21,2025,Bayern Munich,Ein Frankfurt,H,2,1.14,9.5,13.0,1851.4257666111828,1606.7378795740249,244.6878870371579,100,100,0.0,7,6,6,10,10,10.0,5,5.0,2.3333333333333335,0.3333333333333333
2026-02-21,2025,FC Cologne,TSG Hoffenheim,D,1,3.3,3.8,2.05,1464.631138863917,1654.358585827803,-189.727446963886,100,100,0.0,-1,0,2,0,6,6.0,12,12.0,1.3333333333333333,1.3333333333333333
2026-02-21,2025,RB Leipzig,Borussia Dortmund,D,1,2.15,3.8,3.1,1635.2844077220868,1764.6872452882283,-129.40283756614144,100,100,0.0,-1,-3,-1,2,8,8.0,15,15.0,1.3333333333333333,1.3333333333333333
2026-02-22,2025,FC St. Pauli,Werder Bremen,H,2,2.75,3.1,2.75,1425.82197873351,1505.4082722398477,-79.58629350633782,100,100,0.0,0,0,0,0,5,5.0,1,1.0,0.3333333333333333,2.3333333333333335
2026-02-22,2025,SC Freiburg,Borussia Monchengladbach,H,2,1.95,3.25,4.33,1592.3857642865119,1502.521743639093,89.86402064741878,100,100,0.0,0,-1,4,-1,7,7.0,3,3.0,2.3333333333333335,0.3333333333333333
2026-02-22,2025,1. FC Heidenheim,VfB Stuttgart,D,1,4.5,4.0,1.7,1395.9000386731207,1659.488239341694,-263.58820066857334,100,100,0.0,-1,-2,0,-1,1,1.0,10,10.0,1.0,2.0
