Date,Season,HomeTeam,AwayTeam,FTHG,FTAG,FTR,Target,B365H,B365D,B365A,MaxH,MaxD,MaxA,Home_Elo,Away_Elo,Home_FIFA_Ova,Away_FIFA_Ova,Home_Market_Value,Away_Market_Value,Home_xG_Avg_L5,Away_xG_Avg_L5,Home_Streak_L5,Away_Streak_L5,Home_Pressure_Avg_L5,Away_Pressure_Avg_L5
2010-08-20,2010,Bayern Munich,VfL Wolfsburg,2,1,H,2,1.57,4.0,5.5,1.57,4.0,5.5,1500.0,1500.0,75,78,100,100,1.0,1.0,0,0,50.0,50.0
2010-08-21,2010,FC Cologne,Kaiserslautern,1,3,A,0,2.1,3.4,3.4,2.1,3.4,3.4,1500.0,1500.0,75,75,100,100,1.0,1.0,0,0,50.0,50.0
2010-08-21,2010,SC Freiburg,FC St. Pauli,1,3,A,0,2.2,3.3,3.25,2.2,3.3,3.25,1500.0,1500.0,69,75,100,100,1.0,1.0,0,0,50.0,50.0
2010-08-21,2010,Hamburg,FC Schalke 04,2,1,H,2,2.38,3.4,2.88,2.38,3.4,2.88,1500.0,1500.0,75,77,100,100,1.0,1.0,0,0,50.0,50.0
2010-08-21,2010,Hannover 96,Ein Frankfurt,2,1,H,2,2.6,3.25,2.7,2.6,3.25,2.7,1500.0,1500.0,74,75,100,100,1.0,1.0,0,0,50.0,50.0
2010-08-21,2010,TSG Hoffenheim,Werder Bremen,4,1,H,2,2.88,3.4,2.38,2.88,3.4,2.38,1500.0,1500.0,75,78,100,100,1.0,1.0,0,0,50.0,50.0
2010-08-21,2010,Borussia Monchengladbach,FC Nurnberg,1,1,D,1,1.91,3.4,4.0,1.91,3.4,4.0,1500.0,1500.0,75,75,100,100,1.0,1.0,0,0,50.0,50.0
2010-08-22,2010,Borussia Dortmund,Bayer Leverkusen,0,2,A,0,2.38,3.4,2.88,2.38,3.4,2.88,1500.0,1500.0,76,77,100,100,1.0,1.0,0,0,50.0,50.0
2010-08-22,2010,FSV Mainz 05,VfB Stuttgart,2,0,H,2,3.1,3.4,2.25,3.1,3.4,2.25,1500.0,1500.0,71,77,100,100,1.0,1.0,0,0,50.0,50.0
2010-08-27,2010,Kaiserslautern,Bayern Munich,2,0,H,2,7.0,4.33,1.44,7.0,4.33,1.44,1516.0,1516.0,75,75,100,100,2.0500000000000003,1.85,3,3,54.54545454545454,75.0
2010-08-28,2010,FC Schalke 04,Hannover 96,1,2,A,0,1.33,4.75,10.0,1.33,4.75,10.0,1484.0,1516.0,77,74,100,100,1.4500000000000002,2.0500000000000003,0,3,36.36363636363637,25.0
2010-08-28,2010,FC Nurnberg,SC Freiburg,1,2,A,0,1.91,3.4,4.0,1.91,3.4,4.0,1500.0,1484.0,75,69,100,100,1.5,1.05,1,0,45.45454545454545,33.33333333333333
2010-08-28,2010,VfL Wolfsburg,FSV Mainz 05,3,4,A,0,1.57,4.0,5.5,1.57,4.0,5.5,1484.0,1516.0,78,71,100,100,1.55,2.0500000000000003,0,3,25.0,55.55555555555556
2010-08-28,2010,Ein Frankfurt,Hamburg,1,3,A,0,3.1,3.5,2.2,3.1,3.5,2.2,1484.0,1516.0,75,75,100,100,1.4500000000000002,2.1,0,3,75.0,63.63636363636363
2010-08-28,2010,Werder Bremen,FC Cologne,4,2,H,2,1.4,4.75,7.0,1.4,4.75,7.0,1484.0,1484.0,78,75,100,100,0.9,1.3,0,0,50.0,45.45454545454545
2010-08-28,2010,FC St. Pauli,TSG Hoffenheim,0,1,A,0,3.2,3.4,2.2,3.2,3.4,2.2,1516.0,1516.0,75,75,100,100,2.25,1.9000000000000001,3,3,66.66666666666666,50.0
2010-08-29,2010,Bayer Leverkusen,Borussia Monchengladbach,3,6,A,0,1.36,4.75,8.0,1.36,4.75,8.0,1516.0,1500.0,77,75,100,100,1.55,1.6,3,1,11.11111111111111,54.54545454545454
2010-08-29,2010,VfB Stuttgart,Borussia Dortmund,1,3,A,0,2.2,3.3,3.25,2.2,3.3,3.25,1484.0,1484.0,77,76,100,100,1.7000000000000002,1.9000000000000004,0,0,44.44444444444444,88.88888888888889
2010-09-10,2010,TSG Hoffenheim,FC Schalke 04,2,0,H,2,2.4,3.3,2.88,2.4,3.3,2.88,1532.0,1469.4695015289756,75,77,100,100,1.4500000000000002,1.6,6,0,57.142857142857146,65.05681818181819
2010-09-11,2010,Bayern Munich,Werder Bremen,0,0,D,1,1.57,4.0,5.5,1.57,4.0,5.5,1500.0,1500.0,75,78,100,100,1.725,1.7750000000000001,3,3,62.5,48.07692307692308
2010-09-11,2010,Borussia Dortmund,VfL Wolfsburg,2,0,H,2,2.1,3.5,3.25,2.1,3.5,3.25,1500.0,1469.4695015289756,76,78,100,100,2.25,1.375,3,0,59.44444444444444,37.5
2010-09-11,2010,SC Freiburg,VfB Stuttgart,2,1,H,2,3.4,3.4,2.1,3.4,3.4,2.1,1500.736306793522,1468.0,69,77,100,100,0.9500000000000001,1.625,3,0,33.33333333333333,57.22222222222222
2010-09-11,2010,Hamburg,FC Nurnberg,1,1,D,1,1.36,4.75,8.5,1.36,4.75,8.5,1530.5304984710244,1483.263693206478,75,75,100,100,1.8,1.5750000000000002,6,1,61.81818181818181,56.060606060606055
2010-09-11,2010,Hannover 96,Bayer Leverkusen,2,2,D,1,3.75,3.4,2.0,3.75,3.4,2.0,1530.5304984710244,1499.263693206478,74,77,100,100,1.7000000000000002,1.6750000000000003,6,3,15.625,22.22222222222222
2010-09-11,2010,Borussia Monchengladbach,Ein Frankfurt,0,4,A,0,2.1,3.4,3.4,2.1,3.4,3.4,1516.736306793522,1469.4695015289756,75,75,100,100,2.2,1.725,4,0,60.606060606060595,57.5
2010-09-12,2010,FC Cologne,FC St. Pauli,1,0,H,2,2.2,3.25,3.25,2.2,3.25,3.25,1468.0,1500.0,75,75,100,100,1.425,1.8250000000000002,0,3,49.65034965034965,51.19047619047619
2010-09-12,2010,FSV Mainz 05,Kaiserslautern,2,1,H,2,2.2,3.3,3.25,2.2,3.3,3.25,1530.5304984710244,1532.0,71,75,100,100,1.7500000000000002,1.5000000000000002,6,6,52.77777777777778,52.272727272727266
2010-09-17,2010,Ein Frankfurt,SC Freiburg,0,1,A,0,1.8,3.5,4.5,1.8,3.5,4.5,1487.632888004359,1515.233189702316,75,69,100,100,1.7333333333333334,1.2833333333333334,3,6,51.666666666666664,37.60683760683761
2010-09-18,2010,VfL Wolfsburg,Hannover 96,2,0,H,2,1.53,4.0,6.0,1.53,4.0,6.0,1454.8718751773815,1529.0944834315035,78,74,100,100,1.0833333333333333,1.4833333333333334,0,7,25.0,28.598484848484844
2010-09-18,2010,Bayern Munich,FC Cologne,0,0,D,1,1.22,6.0,12.0,1.22,6.0,12.0,1500.0,1485.4695015289756,75,75,100,100,1.8500000000000003,1.6000000000000003,4,3,66.1111111111111,45.600233100233105
2010-09-18,2010,VfB Stuttgart,Borussia Monchengladbach,7,0,H,2,1.8,3.5,4.5,1.8,3.5,4.5,1453.5031170912061,1498.5729203181386,77,75,100,100,1.9166666666666667,2.066666666666667,0,4,56.0968660968661,60.404040404040394
2010-09-18,2010,Kaiserslautern,TSG Hoffenheim,2,2,D,1,2.8,3.4,2.4,2.8,3.4,2.4,1515.9323273572415,1545.1510586913207,75,75,100,100,1.4333333333333336,1.8833333333333335,6,9,60.774410774410775,49.20634920634921
2010-09-18,2010,Werder Bremen,FSV Mainz 05,0,2,A,0,1.44,4.33,7.0,1.44,4.33,7.0,1500.0,1546.5981711137829,78,71,100,100,1.6000000000000003,1.7666666666666668,4,9,40.940170940170944,42.59259259259259
2010-09-19,2010,Bayer Leverkusen,FC Nurnberg,0,0,D,1,1.44,4.33,7.0,1.44,4.33,7.0,1500.6997082459989,1485.4270796818614,77,75,100,100,1.5833333333333337,1.4166666666666667,4,2,29.966329966329965,48.48484848484848
2010-09-19,2010,FC Schalke 04,Borussia Dortmund,1,3,A,0,2.25,3.3,3.2,2.25,3.3,3.2,1456.3184428376549,1514.597626351594,77,76,100,100,1.6333333333333335,2.5,0,6,65.59343434343434,72.96296296296296
2010-09-19,2010,FC St. Pauli,Hamburg,1,1,D,1,3.6,3.5,2.0,3.6,3.5,2.0,1482.5304984710244,1528.367111995641,75,75,100,100,1.4666666666666668,1.45,3,7,54.96031746031746,63.434343434343425
2010-09-21,2010,FSV Mainz 05,FC Cologne,2,0,H,2,1.91,3.4,4.0,1.91,3.4,4.0,1560.4650212690888,1486.138265847991,71,75,100,100,1.8125000000000002,1.4000000000000001,12,4,45.580808080808076,36.4729020979021
2010-09-21,2010,TSG Hoffenheim,Bayern Munich,1,2,A,0,3.6,3.5,2.0,3.6,3.5,2.0,1543.8086496338142,1499.3312356809845,75,75,100,100,1.6875,1.85,10,5,43.154761904761905,72.31060606060606
2010-09-21,2010,Hannover 96,Werder Bremen,4,1,H,2,3.6,3.5,2.0,3.6,3.5,2.0,1509.727471737937,1486.1331498446941,74,78,100,100,1.2750000000000001,1.5500000000000003,7,4,37.07386363636363,42.06876456876457
2010-09-22,2010,FC Nurnberg,VfB Stuttgart,2,1,H,2,3.1,3.3,2.3,3.1,3.3,2.3,1486.1299575491728,1471.5670939259314,75,77,100,100,1.25,2.3375000000000004,3,3,46.36363636363636,58.73931623931624
2010-09-22,2010,Borussia Monchengladbach,FC St. Pauli,1,2,A,0,2.0,3.3,3.8,2.0,3.3,3.8,1480.5089434834133,1484.629190655786,75,75,100,100,1.7375,1.3375000000000001,4,4,53.636363636363626,54.85660173160173
2010-09-22,2010,Hamburg,VfL Wolfsburg,1,3,A,0,1.91,3.5,3.9,1.91,3.5,3.9,1526.2684198108793,1474.238886870948,75,78,100,100,1.3125,1.2625000000000002,8,3,58.93939393939394,28.125
2010-09-22,2010,SC Freiburg,FC Schalke 04,1,2,A,0,3.1,3.3,2.25,3.1,3.3,2.25,1529.9648158338084,1442.9774066242726,69,77,100,100,1.4250000000000003,1.375,9,0,40.705128205128204,56.337932900432904
2010-09-22,2010,Borussia Dortmund,Kaiserslautern,5,0,H,2,1.5,4.0,7.0,1.5,4.0,7.0,1527.9386625649763,1517.274736414748,76,75,100,100,2.7125000000000004,1.5250000000000001,9,7,72.57936507936508,64.33080808080808
2010-09-22,2010,Bayer Leverkusen,Ein Frankfurt,2,1,H,2,1.67,3.6,5.25,1.67,3.6,5.25,1499.9968303786875,1472.9012618728666,77,75,100,100,1.4625000000000004,1.5750000000000002,5,3,37.474747474747474,51.25
2010-09-24,2010,FC Cologne,TSG Hoffenheim,1,1,D,1,3.25,3.3,2.2,3.25,3.3,2.2,1473.5098610124833,1525.7715052438543,75,75,100,100,1.28,1.58,4,10,31.17832167832168,39.97835497835498
2010-09-25,2010,Werder Bremen,Hamburg,3,2,H,2,2.4,3.3,2.9,2.4,3.3,2.9,1471.2180412827852,1507.8901232849832,78,75,100,100,1.4400000000000002,1.52,4,8,39.36929736929737,65.90151515151516
2010-09-25,2010,VfB Stuttgart,Bayer Leverkusen,1,4,A,0,2.4,3.3,2.9,2.4,3.3,2.9,1456.2373461055586,1514.7515569063557,77,77,100,100,2.04,1.4600000000000004,3,8,66.99145299145299,37.25252525252525
2010-09-25,2010,FC St. Pauli,Borussia Dortmund,1,3,A,0,3.75,3.4,2.0,3.75,3.4,2.0,1500.4394551559083,1543.447724774373,75,76,100,100,1.3800000000000001,2.8200000000000003,7,12,59.44083694083694,62.06349206349206
2010-09-25,2010,Ein Frankfurt,FC Nurnberg,2,0,H,2,2.0,3.4,3.75,2.0,3.4,3.75,1458.1465353451983,1501.4597053695456,75,75,100,100,1.4500000000000002,1.23,3,6,53.72727272727273,37.090909090909086
2010-09-25,2010,Bayern Munich,FSV Mainz 05,1,2,A,0,1.44,4.33,7.0,1.44,4.33,7.0,1517.3683800709443,1573.0934261045966,75,71,100,100,1.8400000000000003,1.9300000000000004,8,15,72.3939393939394,54.464646464646464
2010-09-25,2010,FC Schalke 04,Borussia Monchengladbach,2,2,D,1,1.53,3.8,6.5,1.53,3.8,6.5,1462.901667946826,1464.698678983291,77,75,100,100,1.4100000000000001,1.75,3,4,49.51479076479077,47.35353535353535
2010-09-26,2010,Kaiserslautern,Hannover 96,0,1,A,0,2.25,3.25,3.2,2.25,3.25,3.2,1501.7656742053514,1524.642580299846,75,74,100,100,1.4300000000000002,1.48,7,10,67.46464646464646,43.94480519480519
2010-09-26,2010,VfL Wolfsburg,SC Freiburg,2,1,H,2,1.44,4.33,7.0,1.44,4.33,7.0,1492.617183396844,1510.040554511255,78,69,100,100,1.2500000000000002,1.2600000000000002,6,9,23.75,48.11965811965812
2010-10-01,2010,Hannover 96,FC St. Pauli,0,1,A,0,2.0,3.4,3.6,2.0,3.4,3.6,1539.5905797415676,1486.4100042576558,74,75,100,100,1.2000000000000002,1.12,10,4,46.217532467532465,61.10750360750361
2010-10-02,2010,FSV Mainz 05,TSG Hoffenheim,4,2,H,2,2.2,3.3,3.3,2.2,3.3,3.3,1586.5489740913333,1523.3827568124764,71,75,100,100,1.75,1.49,15,8,51.686868686868685,40.566590272472624
2010-10-02,2010,SC Freiburg,FC Cologne,3,2,H,2,2.25,3.3,3.2,2.25,3.3,3.2,1493.2388505674173,1475.8986094438612,69,75,100,100,1.4,1.39,9,5,48.952991452991455,31.49917729329494
2010-10-02,2010,FC Nurnberg,FC Schalke 04,2,1,H,2,3.0,3.4,2.3,3.0,3.4,2.3,1483.4753295628846,1462.9844226253722,75,77,100,100,1.12,1.6600000000000001,5,4,36.333333333333336,59.16514041514042
2010-10-02,2010,Borussia Monchengladbach,VfL Wolfsburg,1,1,D,1,3.5,3.4,2.05,3.5,3.4,2.05,1464.6159243047448,1509.4188873406817,75,78,100,100,1.78,1.2700000000000002,4,9,39.52136752136752,31.25
2010-10-02,2010,Hamburg,Kaiserslautern,2,1,H,2,1.5,4.0,6.75,1.5,4.0,6.75,1490.2075553349866,1486.8176747636298,75,75,100,100,1.4300000000000002,1.41,5,4,67.17424242424242,69.28282828282828
2010-10-03,2010,Borussia Dortmund,Bayern Munich,2,0,H,2,2.55,3.3,2.7,2.55,3.3,2.7,1557.4771756726254,1503.9128320842076,76,75,100,100,2.79,1.7700000000000002,15,5,49.28571428571429,69.06060606060606
2010-10-03,2010,Bayer Leverkusen,Werder Bremen,2,2,D,1,2.1,3.4,3.4,2.1,3.4,3.4,1528.0820698135965,1488.9006092327818,77,78,100,100,1.6700000000000004,1.6900000000000002,8,7,49.03030303030303,35.36929736929737
2010-10-03,2010,VfB Stuttgart,Ein Frankfurt,1,2,A,0,1.91,3.5,3.9,1.91,3.5,3.9,1442.9068331983178,1476.1309111518594,77,75,100,100,1.8,1.44,3,6,64.1025641025641,50.39393939393939
2010-10-15,2010,FC Cologne,Borussia Dortmund,1,2,A,0,4.33,3.6,1.8,4.33,3.6,1.8,1460.6964946759426,1571.0298059914744,75,76,100,100,1.4,2.5200000000000005,5,15,29.618835412953057,45.50793650793651
2010-10-16,2010,FC St. Pauli,FC Nurnberg,3,2,H,2,2.25,3.2,3.4,2.25,3.2,3.4,1504.8401113531922,1498.5327810115646,75,75,100,100,1.1,1.05,7,8,63.964646464646464,33.0
2010-10-16,2010,VfL Wolfsburg,Bayer Leverkusen,2,3,A,0,2.3,3.4,3.0,2.3,3.4,3.0,1507.3669956584085,1526.2853073887702,78,77,100,100,1.2200000000000002,1.7200000000000002,10,9,28.75,53.7922077922078
2010-10-16,2010,Werder Bremen,SC Freiburg,2,1,H,2,1.53,4.33,5.5,1.53,4.33,5.5,1490.697371657608,1508.440965335336,78,69,100,100,1.3800000000000001,1.52,5,9,34.70995670995671,53.3974358974359
2010-10-16,2010,FSV Mainz 05,Hamburg,0,1,A,0,2.25,3.4,3.1,2.25,3.4,3.1,1599.6716943059396,1506.0514505190777,71,75,100,100,1.78,1.45,15,5,47.020202020202014,65.8409090909091
2010-10-16,2010,Bayern Munich,Hannover 96,3,0,H,2,1.4,4.5,7.5,1.4,4.5,7.5,1490.3602017653586,1521.1604726460312,75,74,100,100,1.6199999999999999,1.08,5,7,76.83838383838383,54.967532467532465
2010-10-16,2010,FC Schalke 04,VfB Stuttgart,2,2,D,1,2.0,3.4,3.75,2.0,3.4,3.75,1447.9269711766922,1428.4322117834647,77,77,100,100,1.4500000000000002,1.8200000000000003,4,3,50.415140415140414,63.43589743589744
2010-10-17,2010,TSG Hoffenheim,Borussia Monchengladbach,3,2,H,2,1.65,3.75,5.25,1.65,3.75,5.25,1510.26003659787,1466.667815987018,75,75,100,100,1.7,1.8,5,2,42.376114081996434,38.68803418803419
2010-10-17,2010,Kaiserslautern,Ein Frankfurt,0,3,A,0,2.38,3.25,3.0,2.38,3.25,3.0,1470.9737795795388,1490.6055325667126,75,75,100,100,1.3800000000000001,1.2800000000000002,1,9,68.61616161616162,49.06060606060606
2010-10-22,2010,Hamburg,Bayern Munich,0,0,D,1,2.63,3.3,2.63,2.63,3.3,2.63,1526.2614179608836,1507.7749026108586,75,75,100,100,1.58,1.67,7,7,59.780303030303024,74.67171717171718
2010-10-23,2010,Hannover 96,FC Cologne,2,1,H,2,2.1,3.25,3.5,2.1,3.25,3.5,1503.7457718005312,1449.613348134747,74,75,100,100,0.9799999999999999,1.37,6,2,51.558441558441565,35.4521687462864
2010-10-23,2010,Ein Frankfurt,FC Schalke 04,0,0,D,1,2.8,3.25,2.5,2.8,3.25,2.5,1505.7024178767435,1447.0301453147044,75,77,100,100,1.2600000000000002,1.4700000000000002,9,5,47.72727272727273,51.08180708180708
2010-10-23,2010,FC Nurnberg,VfL Wolfsburg,2,1,H,2,2.9,3.3,2.38,2.9,3.3,2.38,1482.823212403241,1492.237356090574,75,78,100,100,1.2100000000000002,1.4100000000000001,7,10,36.333333333333336,37.083333333333336
2010-10-23,2010,Borussia Monchengladbach,Werder Bremen,1,4,A,0,3.3,3.5,2.1,3.3,3.5,2.1,1452.6648436170335,1507.5137846878017,75,78,100,100,1.8,1.58,2,7,34.68803418803419,49.37662337662338
2010-10-23,2010,SC Freiburg,Kaiserslautern,2,1,H,2,2.25,3.25,3.2,2.25,3.25,3.2,1491.6245523051423,1455.8768942695078,69,75,100,100,1.3800000000000001,1.3400000000000003,6,1,44.166666666666664,66.3939393939394
2010-10-24,2010,Borussia Dortmund,TSG Hoffenheim,1,1,D,1,1.75,3.6,4.6,1.75,3.6,4.6,1582.11295253267,1524.2630089678546,76,75,100,100,2.3200000000000003,1.6600000000000001,15,5,32.17460317460318,47.70944741532977
2010-10-24,2010,Bayer Leverkusen,FSV Mainz 05,0,1,A,0,1.8,3.75,4.2,1.8,3.75,4.2,1541.4149469566048,1579.4617268641337,77,71,100,100,1.8000000000000003,1.7500000000000004,11,12,56.36796536796537,55.3030303030303
2010-10-24,2010,VfB Stuttgart,FC St. Pauli,2,0,H,2,1.67,3.75,5.0,1.67,3.75,5.0,1429.3290376454524,1520.5496799615157,77,75,100,100,1.6600000000000001,1.3699999999999999,4,10,58.666666666666664,61.464646464646464
2010-10-29,2010,Bayern Munich,SC Freiburg,4,2,H,2,1.29,5.0,11.0,1.29,5.0,11.0,1508.6254355960104,1505.9840965512294,75,69,100,100,1.45,1.3400000000000003,7,6,62.2041847041847,43.3974358974359
2010-10-30,2010,FC Schalke 04,Bayer Leverkusen,0,1,A,0,2.5,3.3,2.75,2.5,3.3,2.75,1449.7067082602582,1527.1600956220034,77,77,100,100,1.48,1.8200000000000003,6,10,53.05982905982906,59.36796536796537
2010-10-30,2010,FC St. Pauli,Ein Frankfurt,1,3,A,0,2.5,3.25,2.8,2.5,3.25,2.8,1500.442753147173,1503.0258549311898,75,75,100,100,1.55,1.2500000000000002,9,10,59.44444444444444,50.03496503496503
2010-10-30,2010,Werder Bremen,FC Nurnberg,2,3,A,0,1.5,4.33,6.0,1.5,4.33,6.0,1521.0086741391885,1499.256643672034,78,75,100,100,1.72,1.3900000000000001,10,9,50.285714285714285,38.333333333333336
2010-10-30,2010,VfL Wolfsburg,VfB Stuttgart,2,0,H,2,2.1,3.4,3.4,2.1,3.4,3.4,1475.803924821781,1449.435964459795,78,77,100,100,1.21,1.37,7,4,39.583333333333336,56.44444444444444
2010-10-30,2010,FC Cologne,Hamburg,3,2,H,2,3.7,3.4,2.0,3.7,3.4,2.0,1436.0862603704868,1525.4108849757317,75,75,100,100,1.3800000000000001,1.6800000000000002,1,7,49.348272642390285,64.97510822510823
2010-10-30,2010,Kaiserslautern,Borussia Monchengladbach,3,0,H,2,2.1,3.4,3.4,2.1,3.4,3.4,1441.5173500234207,1439.1699541656467,75,75,100,100,1.23,2.1800000000000006,0,2,62.163170163170165,38.02136752136752
2010-10-31,2010,TSG Hoffenheim,Hannover 96,4,0,H,2,1.62,3.7,5.5,1.62,3.7,5.5,1526.9027475090102,1517.2728595647914,75,74,100,100,1.73,1.09,5,9,48.16399286987523,43.34415584415584
2010-10-31,2010,FSV Mainz 05,Borussia Dortmund,0,2,A,0,2.75,3.3,2.5,2.75,3.3,2.5,1593.716578198735,1579.4732139915145,71,76,100,100,1.6200000000000003,1.98,12,13,49.39393939393939,32.43434343434343
2010-11-05,2010,FC Schalke 04,FC St. Pauli,3,0,H,2,1.7,3.6,5.0,1.7,3.6,5.0,1437.2156323005352,1484.5617071886554,77,75,100,100,1.4000000000000001,1.5,3,6,58.61538461538462,55.88888888888889
2010-11-06,2010,FC Nurnberg,FC Cologne,3,1,H,2,2.0,3.4,3.75,2.0,3.4,3.75,1516.2570549368531,1456.1115115815733,75,75,100,100,1.65,1.42,9,4,45.0,60.68160597572362
2010-11-06,2010,Borussia Monchengladbach,Bayern Munich,3,3,D,1,5.5,4.0,1.57,5.5,4.0,1.57,1423.2780540949836,1524.5037997811653,75,75,100,100,2.0700000000000003,1.45,2,7,39.73076923076923,63.65873015873016
2010-11-06,2010,Hamburg,TSG Hoffenheim,2,1,H,2,2.25,3.25,3.2,2.25,3.25,3.2,1505.3856337646453,1542.4593883092723,75,75,100,100,1.48,1.9600000000000002,7,8,52.89177489177489,56.042780748663105
2010-11-06,2010,Ein Frankfurt,VfL Wolfsburg,3,1,H,2,2.38,3.4,2.88,2.38,3.4,2.88,1518.9069008897075,1490.591961352932,75,78,100,100,1.3000000000000003,1.51,13,7,45.30769230769231,51.06060606060606
2010-11-06,2010,SC Freiburg,FSV Mainz 05,1,0,H,2,2.9,3.3,2.4,2.9,3.3,2.4,1490.1057323660746,1577.0610142528822,69,71,100,100,1.3599999999999999,1.4100000000000001,6,9,31.84188034188034,39.08624708624709
2010-11-07,2010,Bayer Leverkusen,Kaiserslautern,3,1,H,2,1.44,4.5,6.5,1.44,4.5,6.5,1539.6511715817264,1457.4092500940837,77,75,100,100,1.7600000000000002,1.3599999999999999,10,3,62.095238095238095,60.009324009324
2010-11-07,2010,Hannover 96,Borussia Dortmund,0,4,A,0,4.33,3.6,1.8,4.33,3.6,1.8,1501.7162187645292,1596.1287779373674,74,76,100,100,0.76,1.8200000000000003,6,13,35.72510822510823,40.742035742035746
2010-11-07,2010,VfB Stuttgart,Werder Bremen,6,0,H,2,2.5,3.3,2.75,2.5,3.3,2.75,1434.647927928644,1504.0082628743694,77,78,100,100,1.56,1.8800000000000001,4,10,43.71717171717172,57.904761904761905
2010-11-12,2010,Borussia Dortmund,Hamburg,2,0,H,2,1.73,3.75,4.5,1.73,3.75,4.5,1607.8848696109576,1523.086492625795,76,75,100,100,2.18,1.41,13,10,49.075369075369075,50.32034632034632
2010-11-13,2010,VfL Wolfsburg,FC Schalke 04,2,2,D,1,2.25,3.5,3.0,2.25,3.5,3.0,1475.893033315339,1455.3826024272146,78,77,100,100,1.5900000000000003,1.23,4,5,49.98917748917749,54.19230769230769
2010-11-13,2010,Werder Bremen,Ein Frankfurt,0,0,D,1,1.91,3.6,3.75,1.91,3.6,3.75,1484.8558692369857,1533.6058289273005,78,75,100,100,1.72,1.4900000000000002,7,13,63.57142857142857,42.21245421245421
2010-11-13,2010,FC St. Pauli,Bayer Leverkusen,0,1,A,0,3.4,3.4,2.1,3.4,3.4,2.1,1466.394737061976,1551.932979295338,75,77,100,100,1.37,1.7700000000000002,6,10,48.38888888888889,63.095238095238095
2010-11-13,2010,Kaiserslautern,VfB Stuttgart,3,3,D,1,3.0,3.4,2.3,3.0,3.4,2.3,1445.127442380472,1453.8003215660278,75,77,100,100,1.2500000000000002,2.1,3,7,52.28205128205127,46.05050505050506
2010-11-13,2010,FC Cologne,Borussia Monchengladbach,0,4,A,0,2.1,3.5,3.3,2.1,3.5,3.3,1442.8539753695459,1427.8121005818068,75,75,100,100,1.28,1.9700000000000002,3,2,58.269841269841265,40.29020979020979
2010-11-13,2010,FSV Mainz 05,Hannover 96,0,1,A,0,1.73,3.5,5.0,1.73,3.5,5.0,1557.1381434785023,1489.960127090939,71,74,100,100,1.28,0.78,6,3,45.752913752913756,35.11904761904761
2010-11-14,2010,Bayern Munich,FC Nurnberg,3,0,H,2,1.33,5.0,8.5,1.33,5.0,8.5,1519.9697532943421,1529.5145911488805,75,75,100,100,1.55,1.9,8,12,68.35569985569985,49.666666666666664
2010-11-14,2010,TSG Hoffenheim,SC Freiburg,0,1,A,0,1.62,3.75,5.5,1.62,3.75,5.5,1524.7585294481225,1510.0286031404544,75,69,100,100,2.04,1.31,7,9,54.025974025974016,29.34188034188034
2010-11-20,2010,Bayer Leverkusen,Bayern Munich,1,1,D,1,3.0,3.4,2.3,3.0,3.4,2.3,1564.0715038663225,1536.4091987736424,77,75,100,100,1.9100000000000001,1.7900000000000003,12,11,66.66666666666667,62.577922077922075
2010-11-20,2010,Ein Frankfurt,TSG Hoffenheim,0,4,A,0,2.25,3.4,3.1,2.25,3.4,3.1,1531.3754284603492,1508.0805974037141,75,75,100,100,1.42,2.0300000000000002,11,7,40.16117216117216,46.02597402597403
2010-11-20,2010,SC Freiburg,Borussia Dortmund,1,2,A,0,5.5,3.75,1.62,5.5,3.75,1.62,1526.7065351848628,1620.055498123668,69,76,100,100,1.2399999999999998,2.2,9,13,31.564102564102562,66.85314685314685
2010-11-20,2010,Hannover 96,Hamburg,3,2,H,2,2.88,3.4,2.38,2.88,3.4,2.38,1509.0158040832405,1510.9158641130846,74,75,100,100,0.95,1.2,6,7,39.11904761904761,39.65367965367965
2010-11-20,2010,Borussia Monchengladbach,FSV Mainz 05,2,3,A,0,2.4,3.4,2.8,2.4,3.4,2.8,1444.5043720446788,1538.082466486201,75,71,100,100,1.7400000000000002,1.1600000000000001,4,3,38.55944055944056,46.41958041958041
2010-11-20,2010,FC Schalke 04,Werder Bremen,4,0,H,2,2.2,3.4,3.2,2.2,3.4,3.2,1456.3260469665313,1487.086269703937,77,78,100,100,1.4200000000000004,1.9600000000000002,6,7,54.19230769230769,70.38461538461539
2010-11-20,2010,FC Nurnberg,Kaiserslautern,1,3,A,0,1.95,3.5,3.75,1.95,3.5,3.75,1513.0751456695803,1445.5267602882416,75,75,100,100,1.8400000000000003,1.4500000000000002,9,4,47.666666666666664,51.52014652014651
2010-11-21,2010,FC St. Pauli,VfL Wolfsburg,1,1,D,1,3.2,3.4,2.2,3.2,3.4,2.2,1454.2562124909916,1474.9495887760222,75,78,100,100,1.23,1.73,3,4,43.38888888888889,52.48917748917749
2010-11-21,2010,VfB Stuttgart,FC Cologne,0,1,A,0,1.53,4.0,6.0,1.53,4.0,6.0,1453.4010036582583,1426.161703906674,77,75,100,100,2.1700000000000004,1.2500000000000002,8,3,44.14574314574315,58.61172161172161
2010-11-26,2010,FSV Mainz 05,FC Nurnberg,3,0,H,2,1.85,3.4,4.33,1.85,3.4,4.33,1549.8743057651436,1494.0030379989557,71,75,100,100,1.31,1.8800000000000001,6,9,45.12087912087912,50.99999999999999
2010-11-27,2010,Hamburg,VfB Stuttgart,4,2,H,2,2.1,3.3,3.5,2.1,3.3,3.5,1494.8283639873878,1436.1491514242894,75,77,100,100,1.19,2.23,4,7,40.38095238095238,48.67205893521683
2010-11-27,2010,Hannover 96,SC Freiburg,3,0,H,2,2.25,3.2,3.25,2.25,3.2,3.25,1525.1033042089373,1514.9048722275684,74,69,100,100,1.1800000000000002,1.1600000000000001,9,9,43.61904761904761,38.230769230769226
2010-11-27,2010,Kaiserslautern,FC Schalke 04,5,0,H,2,3.25,3.3,2.2,3.25,3.3,2.2,1464.598867958866,1473.7389179266445,75,77,100,100,1.61,1.5200000000000002,7,8,44.85347985347985,56.19230769230769
2010-11-27,2010,Borussia Dortmund,Borussia Monchengladbach,4,1,H,2,1.29,5.5,9.5,1.29,5.5,9.5,1631.8571610809624,1432.7125327657361,76,75,100,100,2.3,1.6200000000000003,13,4,73.51981351981351,39.13086913086913
2010-11-27,2010,Bayern Munich,Ein Frankfurt,4,1,H,2,1.36,4.75,8.0,1.36,4.75,8.0,1537.6804100199718,1514.3042664734508,75,75,100,100,1.44,1.2899999999999998,9,8,61.189033189033196,38.494505494505496
2010-11-27,2010,TSG Hoffenheim,Bayer Leverkusen,2,2,D,1,2.55,3.3,2.7,2.55,3.3,2.7,1525.1517593906126,1562.8002926199931,75,77,100,100,2.06,2.04,7,10,49.025974025974016,63.88888888888889
2010-11-28,2010,FC Cologne,VfL Wolfsburg,1,1,D,1,2.8,3.3,2.45,2.8,3.3,2.45,1443.4135561406429,1473.9977488440097,75,78,100,100,1.3900000000000001,1.5500000000000003,6,5,54.7520724889146,57.489177489177486
2010-11-28,2010,Werder Bremen,FC St. Pauli,3,0,H,2,1.75,3.75,4.5,1.75,3.75,4.5,1469.6733987438238,1455.2080524230041,78,75,100,100,1.6900000000000002,1.1900000000000002,4,1,54.38461538461538,40.05555555555556
2010-12-03,2010,FC St. Pauli,Kaiserslautern,1,0,H,2,2.4,3.4,2.8,2.4,3.4,2.8,1439.8738215929845,1481.019685741322,75,75,100,100,1.14,1.83,1,10,44.49999999999999,50.08424908424909
2010-12-04,2010,FC Schalke 04,Bayern Munich,2,0,H,2,3.4,3.4,2.1,3.4,3.4,2.1,1457.3181001441885,1552.605520296149,77,75,100,100,1.5700000000000003,1.8599999999999999,7,11,52.5,69.11111111111111
2010-12-04,2010,SC Freiburg,Hamburg,1,0,H,2,3.0,3.4,2.3,3.0,3.4,2.3,1499.3743925342383,1508.1514903877733,69,75,100,100,1.04,1.3800000000000001,6,6,36.27272727272727,35.32600732600733
2010-12-04,2010,Ein Frankfurt,FSV Mainz 05,2,1,H,2,2.2,3.2,3.4,2.2,3.2,3.4,1499.3791561972735,1563.323290728567,75,71,100,100,1.32,1.31,7,6,32.55044955044955,44.12087912087912
2010-12-04,2010,Borussia Monchengladbach,Hannover 96,1,2,A,0,2.25,3.4,3.1,2.25,3.4,3.1,1424.9956370119833,1540.6337839022674,75,74,100,100,1.33,1.3800000000000001,4,9,31.630869130869133,52.06060606060606
2010-12-04,2010,VfB Stuttgart,TSG Hoffenheim,1,1,D,1,2.2,3.5,3.1,2.2,3.5,3.1,1422.8260250239039,1526.8787840446596,77,75,100,100,2.06,2.16,4,7,48.330178593336484,57.857142857142854
2010-12-04,2010,VfL Wolfsburg,Werder Bremen,0,0,D,1,2.0,3.6,3.5,2.0,3.6,3.5,1472.5929215140227,1485.0076295738434,78,78,100,100,1.54,1.7300000000000004,6,4,55.489177489177486,51.05128205128206
2010-12-05,2010,Bayer Leverkusen,FC Cologne,3,2,H,2,1.4,4.5,8.0,1.4,4.5,8.0,1561.0732679659461,1444.81838347063,77,75,100,100,1.95,1.4700000000000002,11,7,54.6031746031746,51.03778677462888
2010-12-05,2010,FC Nurnberg,Borussia Dortmund,0,2,A,0,4.5,3.75,1.73,4.5,3.75,1.73,1480.5540530355324,1639.5740568347153,75,76,100,100,1.8,2.5100000000000002,6,15,57.0,76.47435897435898
2010-12-10,2010,Hannover 96,VfB Stuttgart,2,1,H,2,2.4,3.4,2.8,2.4,3.4,2.8,1551.4967541735418,1427.4795276549557,74,77,100,100,1.5300000000000002,2.09,12,5,60.39393939393939,54.390784653942546
2010-12-11,2010,FC Cologne,Ein Frankfurt,1,0,H,2,2.38,3.4,2.88,2.38,3.4,2.88,1433.9808727536983,1518.2910878663674,75,75,100,100,1.61,1.3900000000000001,4,7,37.70445344129555,30.264735264735258
2010-12-11,2010,Hamburg,Bayer Leverkusen,2,4,A,0,2.5,3.3,2.75,2.5,3.3,2.75,1491.7473760584621,1571.9107786828777,75,77,100,100,1.4700000000000002,2.0300000000000002,6,11,35.32600732600732,64.60317460317461
2010-12-11,2010,TSG Hoffenheim,FC Nurnberg,1,1,D,1,1.62,3.8,5.5,1.62,3.8,5.5,1522.2252814136077,1471.4053302335035,75,75,100,100,2.09,1.4200000000000002,5,3,51.19047619047618,57.0
2010-12-11,2010,Bayern Munich,FC St. Pauli,3,0,H,2,1.2,6.5,13.0,1.2,6.5,13.0,1532.324182712736,1457.7598496947796,75,75,100,100,1.8699999999999999,1.28,8,4,66.95726495726495,40.5
2010-12-11,2010,Borussia Dortmund,Werder Bremen,2,0,H,2,1.57,4.2,5.25,1.57,4.2,5.25,1648.7227796367442,1484.4361543396233,76,78,100,100,2.46,1.8000000000000003,15,5,77.5,53.27350427350427
2010-12-11,2010,Kaiserslautern,VfL Wolfsburg,0,0,D,1,2.5,3.3,2.75,2.5,3.3,2.75,1463.133657639527,1473.1643967482428,75,78,100,100,1.7700000000000002,1.27,7,4,48.23809523809524,47.2063492063492
2010-12-12,2010,SC Freiburg,Borussia Monchengladbach,3,0,H,2,1.91,3.6,3.8,1.91,3.6,3.8,1515.7785068635494,1414.1326667407088,69,75,100,100,1.16,1.35,9,4,45.6060606060606,30.477022977022976
2010-12-12,2010,FSV Mainz 05,FC Schalke 04,0,1,A,0,2.5,3.3,2.75,2.5,3.3,2.75,1544.411359059473,1477.5994377276015,71,77,100,100,1.2200000000000002,1.6200000000000003,6,10,50.71428571428571,48.65384615384615
2010-12-17,2010,Borussia Monchengladbach,Hamburg,1,2,A,0,3.25,3.5,2.1,3.25,3.5,2.1,1402.6844996405912,1479.3748932354558,75,75,100,100,1.48,1.4100000000000001,3,3,31.285103785103786,32.46886446886447
2010-12-18,2010,Werder Bremen,Kaiserslautern,1,2,A,0,1.62,4.0,5.0,1.62,4.0,5.0,1475.4842046907181,1463.595461945448,78,75,100,100,1.6900000000000002,1.7500000000000004,5,8,54.10683760683761,63.23809523809523
2010-12-18,2010,FC St. Pauli,FSV Mainz 05,2,4,A,0,2.6,3.2,2.75,2.6,3.2,2.75,1445.141898376561,1525.37192971701,75,71,100,100,1.35,1.35,4,6,37.705882352941174,37.53246753246753
2010-12-18,2010,VfL Wolfsburg,TSG Hoffenheim,2,2,D,1,2.1,3.5,3.3,2.1,3.5,3.3,1472.7025924423217,1519.9014854110942,78,75,100,100,0.9100000000000001,2.0700000000000003,5,6,35.77777777777778,56.36904761904761
2010-12-18,2010,FC Nurnberg,Hannover 96,3,1,H,2,2.1,3.4,3.4,2.1,3.4,3.4,1473.729126236017,1562.0163553388713,75,74,100,100,1.25,1.86,1,15,50.25,66.22727272727272
2010-12-18,2010,Ein Frankfurt,Borussia Dortmund,1,0,H,2,4.5,3.75,1.75,4.5,3.75,1.75,1498.4829164499442,1657.6747292856494,75,76,100,100,1.1800000000000002,2.06,4,15,30.924075924075925,71.66666666666666
2010-12-18,2010,FC Schalke 04,FC Cologne,3,0,H,2,1.44,4.2,7.5,1.44,4.2,7.5,1496.6388670700644,1453.7890441701215,77,75,100,100,1.4300000000000002,1.6800000000000002,10,7,54.33566433566434,41.473684210526315
2010-12-19,2010,VfB Stuttgart,Bayern Munich,3,5,A,0,4.0,3.6,1.85,4.0,3.6,1.85,1416.9599264896262,1544.9421340309548,77,75,100,100,1.7900000000000003,2.09,2,10,53.55745132060921,65.88774624068742
2010-12-19,2010,Bayer Leverkusen,SC Freiburg,2,2,D,1,1.44,4.33,7.0,1.44,4.33,7.0,1584.283261505884,1527.226673963667,77,69,100,100,1.98,1.4,11,9,61.031746031746025,56.16161616161615
2011-01-14,2010,Bayer Leverkusen,Borussia Dortmund,1,3,A,0,2.38,3.4,2.88,2.38,3.4,2.88,1581.679077213328,1634.8169921149943,77,76,100,100,1.81,1.9200000000000004,9,12,61.031746031746025,66.21212121212122
2011-01-15,2010,FC St. Pauli,SC Freiburg,2,2,D,1,2.3,3.3,3.1,2.3,3.3,3.1,1432.7723260729754,1529.830858256223,75,69,100,100,1.61,1.4200000000000002,4,7,44.28482972136223,47.82828282828283
2011-01-15,2010,Werder Bremen,TSG Hoffenheim,2,1,H,2,2.0,3.5,3.6,2.0,3.5,3.6,1458.936921444003,1517.7411693164877,78,75,100,100,1.65,2.1000000000000005,4,7,54.722222222222214,58.27380952380952
2011-01-15,2010,VfB Stuttgart,FSV Mainz 05,1,0,H,2,1.95,3.4,3.8,1.95,3.4,3.8,1406.6008623993562,1537.7415020205956,77,71,100,100,1.7899999999999998,1.6300000000000003,1,9,50.70030846346636,39.95352016404648
2011-01-15,2010,VfL Wolfsburg,Bayern Munich,1,1,D,1,5.0,3.6,1.7,5.0,3.6,1.7,1474.8629085369282,1555.3011981212248,78,75,100,100,0.9100000000000001,2.1399999999999997,5,10,37.2063492063492,65.31631766925884
2011-01-15,2010,FC Schalke 04,Hamburg,0,1,A,0,2.1,3.4,3.4,2.1,3.4,3.4,1510.6755044339407,1491.8994324662312,77,75,100,100,1.5000000000000002,1.81,12,6,54.33566433566434,44.776556776556774
2011-01-15,2010,FC Nurnberg,Borussia Monchengladbach,0,1,A,0,2.0,3.5,3.6,2.0,3.5,3.6,1493.709593792902,1390.1599604098158,75,75,100,100,1.6,1.6300000000000001,4,0,55.58333333333333,28.208180708180713
2011-01-16,2010,Ein Frankfurt,Hannover 96,0,3,A,0,2.0,3.4,3.75,2.0,3.4,3.75,1521.3406536205994,1542.0358877819863,75,74,100,100,1.2900000000000003,1.6300000000000001,6,12,31.763236763236762,58.89393939393939
2011-01-16,2010,Kaiserslautern,FC Cologne,1,1,D,1,1.91,3.5,4.2,1.91,3.5,4.2,1480.1427451921631,1439.7524068062453,75,75,100,100,1.8399999999999999,1.49,10,7,58.666666666666664,42.24291497975709
2011-01-21,2010,Hamburg,Ein Frankfurt,1,0,H,2,1.53,4.0,6.0,1.53,4.0,6.0,1508.7632617533482,1506.2925788081566,75,75,100,100,1.75,1.3700000000000003,9,6,45.10989010989012,36.76323676323676
2011-01-22,2010,FSV Mainz 05,VfL Wolfsburg,0,1,A,0,2.3,3.25,3.1,2.3,3.25,3.1,1515.9736045638258,1478.5024318730848,71,78,100,100,1.4700000000000002,1.06,6,5,39.294179504705816,31.01587301587302
2011-01-22,2010,Hannover 96,FC Schalke 04,0,1,A,0,2.9,3.3,2.38,2.9,3.3,2.38,1557.083962594429,1493.8116751468237,74,77,100,100,1.6900000000000002,1.1800000000000002,12,9,56.89393939393939,50.002331002331005
2011-01-22,2010,SC Freiburg,FC Nurnberg,1,1,D,1,2.38,3.2,3.0,2.38,3.2,3.0,1525.4739017239635,1473.0773099387673,69,75,100,100,1.6200000000000003,1.5100000000000002,8,4,48.661616161616166,55.58333333333333
2011-01-22,2010,FC Cologne,Werder Bremen,3,0,H,2,2.9,3.3,2.38,2.9,3.3,2.38,1441.6041163677532,1477.619391621518,75,78,100,100,1.25,1.7500000000000004,5,7,38.48351648351648,64.05555555555556
2011-01-22,2010,Borussia Dortmund,VfB Stuttgart,1,1,D,1,1.5,4.33,6.5,1.5,4.33,6.5,1648.3888043283425,1428.368759856126,76,77,100,100,1.73,1.5400000000000003,12,4,63.64801864801865,49.404761904761905
2011-01-22,2010,Bayern Munich,Kaiserslautern,5,1,H,2,1.22,6.0,12.0,1.22,6.0,12.0,1551.6616747850683,1478.2910356306552,75,75,100,100,2.4000000000000004,1.77,10,8,67.06234941529058,66.28571428571429
2011-01-23,2010,TSG Hoffenheim,FC St. Pauli,2,2,D,1,1.6,3.75,5.75,1.6,3.75,5.75,1499.0586991389728,1437.129282605235,75,75,100,100,1.7200000000000002,1.58,4,4,49.94047619047619,50.11816305469556
2011-01-23,2010,Borussia Monchengladbach,Bayer Leverkusen,1,3,A,0,4.2,3.75,1.8,4.2,3.75,1.8,1410.7922442639506,1568.1072649999796,75,77,100,100,1.5700000000000003,1.56,3,8,26.3034188034188,61.37362637362636
2011-01-28,2010,Bayer Leverkusen,Hannover 96,2,0,H,2,1.53,4.0,6.0,1.53,4.0,6.0,1577.3202427838196,1538.2019563227193,77,74,100,100,1.65,1.5200000000000002,10,9,60.65934065934066,53.05555555555556
2011-01-29,2010,VfL Wolfsburg,Borussia Dortmund,0,3,A,0,4.0,3.75,1.83,4.0,3.75,1.83,1496.221383489526,1639.4240236855524,78,76,100,100,1.0699999999999998,1.65,7,10,35.51587301587302,57.57659007659007
2011-01-29,2010,Werder Bremen,Bayern Munich,1,3,A,0,4.75,4.0,1.67,4.75,4.0,1.67,1459.9667421580605,1564.3321795268605,78,75,100,100,1.36,2.38,4,10,63.38888888888889,64.33507668801786
2011-01-29,2010,FC Schalke 04,TSG Hoffenheim,0,1,A,0,1.73,3.5,5.0,1.73,3.5,5.0,1512.6936814185335,1496.2365692892383,77,75,100,100,1.2700000000000002,1.59,12,4,57.11344211344211,45.654761904761905
2011-01-29,2010,FC Nurnberg,Hamburg,2,0,H,2,3.3,3.5,2.1,3.3,3.5,2.1,1475.4721340623282,1524.6494845168313,75,75,100,100,1.4500000000000002,1.5299999999999998,5,9,50.69444444444444,47.879120879120876
2011-01-29,2010,Kaiserslautern,FSV Mainz 05,0,1,A,0,2.2,3.3,3.25,2.2,3.3,3.25,1465.620530888863,1498.2546529473846,75,71,100,100,1.67,1.4700000000000002,5,3,59.37662337662338,42.794179504705816
2011-01-29,2010,FC St. Pauli,FC Cologne,3,0,H,2,2.3,3.3,3.1,2.3,3.3,3.1,1439.9514124549694,1459.2567658312107,75,75,100,100,1.6,1.31,5,7,46.78482972136223,40.48351648351648
2011-01-30,2010,Ein Frankfurt,Borussia Monchengladbach,0,1,A,0,2.0,3.5,3.6,2.0,3.5,3.6,1490.4063560446734,1401.5792664801106,75,75,100,100,1.2300000000000002,1.73,6,3,38.3996003996004,38.8034188034188
2011-01-30,2010,VfB Stuttgart,SC Freiburg,0,1,A,0,1.53,3.8,6.5,1.53,3.8,6.5,1437.3335404989161,1523.0790776004026,77,69,100,100,1.4700000000000002,1.5500000000000003,5,9,47.20695970695971,50.277777777777786
2011-02-04,2010,Borussia Dortmund,FC Schalke 04,0,0,D,1,1.62,3.8,5.5,1.62,3.8,5.5,1649.1790008239489,1495.9363696980236,76,77,100,100,1.7,1.13,10,9,52.81468531468531,64.8057498057498
2011-02-05,2010,FC Nurnberg,Bayer Leverkusen,1,0,H,2,3.4,3.4,2.1,3.4,3.4,2.1,1493.7218308133984,1591.5263530051593,75,77,100,100,1.7899999999999998,1.6900000000000002,8,10,57.36111111111111,53.15934065934066
2011-02-05,2010,FSV Mainz 05,Werder Bremen,1,1,D,1,2.4,3.4,2.8,2.4,3.4,2.8,1512.7562002343964,1448.6334226609918,71,78,100,100,1.61,1.1800000000000002,6,3,35.175131885658196,60.56060606060606
2011-02-05,2010,Borussia Monchengladbach,VfB Stuttgart,2,3,A,0,2.88,3.3,2.4,2.88,3.3,2.4,1421.5830477938164,1425.2040048806396,75,77,100,100,1.9,1.3900000000000001,6,4,43.80341880341881,48.87362637362638
2011-02-05,2010,Hannover 96,VfL Wolfsburg,1,0,H,2,2.5,3.3,2.75,2.5,3.3,2.75,1523.9958461013796,1486.4664063511295,74,78,100,100,1.4500000000000002,0.97,6,6,45.55555555555556,42.5
2011-02-05,2010,FC Cologne,Bayern Munich,3,2,H,2,7.0,4.33,1.44,7.0,4.33,1.44,1442.3686352993755,1575.6654990239292,75,75,100,100,1.08,2.4200000000000004,7,13,43.56043956043956,57.76165011459128
2011-02-05,2010,TSG Hoffenheim,Kaiserslautern,3,2,H,2,1.8,3.6,4.33,1.8,3.6,4.33,1512.9938810097483,1451.1189836018511,75,75,100,100,1.56,1.8,6,5,45.141941391941394,60.709956709956714
2011-02-06,2010,SC Freiburg,Ein Frankfurt,0,0,D,1,2.1,3.4,3.4,2.1,3.4,3.4,1535.2086132186791,1470.4025747309677,69,75,100,100,1.5,1.1700000000000002,9,3,41.94444444444444,42.68531468531469
2011-02-12,2010,Bayern Munich,TSG Hoffenheim,4,0,H,2,1.33,5.0,9.0,1.33,5.0,9.0,1553.8114020420624,1526.1741838155028,75,75,100,100,2.08,1.7,10,8,54.134199134199136,38.66466866466867
2011-02-12,2010,Ein Frankfurt,Bayer Leverkusen,0,3,A,0,3.75,3.4,2.0,3.75,3.4,2.0,1473.3528664454434,1571.1376084454275,75,77,100,100,1.1500000000000001,1.32,4,7,44.36363636363636,49.73076923076923
2011-02-12,2010,FC Schalke 04,SC Freiburg,1,0,H,2,1.67,3.75,5.0,1.67,3.75,5.0,1502.568835381677,1532.2583215042034,77,69,100,100,1.0900000000000003,1.08,7,7,59.95726495726497,35.47979797979798
2011-02-12,2010,VfB Stuttgart,FC Nurnberg,1,4,A,0,1.73,3.6,4.75,1.73,3.6,4.75,1441.037259681512,1514.1105753731301,77,75,100,100,1.26,1.73,7,10,48.87362637362637,63.11111111111111
2011-02-12,2010,VfL Wolfsburg,Hamburg,0,1,A,0,2.5,3.3,2.75,2.5,3.3,2.75,1472.1880102459475,1506.3997877657612,78,75,100,100,1.16,1.2799999999999998,5,9,52.5,47.879120879120876
2011-02-12,2010,FC St. Pauli,Borussia Monchengladbach,3,1,H,2,2.0,3.5,3.6,2.0,3.5,3.6,1456.8395429868046,1405.7497929929439,75,75,100,100,1.9,1.8400000000000003,5,6,55.70790664443915,51.858974358974365
2011-02-12,2010,Kaiserslautern,Borussia Dortmund,1,1,D,1,5.5,3.8,1.62,5.5,3.8,1.62,1437.9386807960966,1642.5465351402954,75,76,100,100,2.06,1.9600000000000002,4,8,53.43722943722944,51.981351981351985
2011-02-13,2010,FC Cologne,FSV Mainz 05,4,2,H,2,2.4,3.3,2.9,2.4,3.3,2.9,1464.2227322812423,1509.8363149864356,75,71,100,100,1.1900000000000002,1.6800000000000002,7,7,41.12454212454212,46.69028340080972
2011-02-13,2010,Werder Bremen,Hannover 96,1,1,D,1,1.73,3.75,4.5,1.73,3.75,4.5,1451.5533079089525,1538.2742422065617,78,74,100,100,1.23,1.23,4,6,54.72727272727273,43.05555555555556
2011-02-16,2010,Hamburg,FC St. Pauli,0,1,A,0,1.62,3.75,5.5,1.62,3.75,5.5,1520.8293496829242,1470.503585748536,75,75,100,100,1.3299999999999998,2.3600000000000003,12,8,49.30769230769231,69.00202429149797
2011-02-18,2010,FC Nurnberg,Ein Frankfurt,3,0,H,2,1.91,3.6,3.8,1.91,3.6,3.8,1526.7941817823269,1461.7407686162223,75,75,100,100,1.7799999999999998,1.11,10,1,63.77777777777777,41.76623376623376
2011-02-19,2010,Hannover 96,Kaiserslautern,3,0,H,2,2.0,3.5,3.6,2.0,3.5,3.6,1534.3615164684063,1446.4044457707926,74,75,100,100,1.36,1.8800000000000001,7,2,40.67460317460318,64.43722943722943
2011-02-19,2010,SC Freiburg,VfL Wolfsburg,2,1,H,2,2.5,3.3,2.75,2.5,3.3,2.75,1514.894388453066,1457.7584483287844,69,78,100,100,0.9100000000000001,0.95,6,4,30.47979797979798,51.07142857142857
2011-02-19,2010,Borussia Dortmund,FC St. Pauli,2,0,H,2,1.25,5.5,12.0,1.25,5.5,12.0,1634.0807701655995,1488.8050990566335,76,75,100,100,2.24,2.15,9,11,42.43589743589744,63.67307692307693
2011-02-19,2010,TSG Hoffenheim,FC Cologne,1,1,D,1,1.75,3.7,4.5,1.75,3.7,4.5,1511.4442470550562,1482.3113293814015,75,75,100,100,1.57,1.6,7,10,35.54778554778555,47.791208791208796
2011-02-19,2010,FSV Mainz 05,Bayern Munich,1,3,A,0,5.0,4.0,1.62,5.0,4.0,1.62,1491.7477178862764,1568.541338802509,71,75,100,100,1.45,2.2300000000000004,4,10,41.602564102564095,57.25108225108225
2011-02-19,2010,Hamburg,Werder Bremen,4,0,H,2,1.91,3.6,3.75,1.91,3.6,3.75,1502.5278363748266,1455.466033647108,75,78,100,100,1.28,1.14,9,5,50.75,54.441558441558435
2011-02-20,2010,Bayer Leverkusen,VfB Stuttgart,4,2,H,2,1.62,4.0,5.0,1.62,4.0,5.0,1582.7497062746486,1428.3536532723153,77,77,100,100,1.3,1.16,9,7,51.87362637362637,46.3021978021978
2011-02-20,2010,Borussia Monchengladbach,FC Schalke 04,2,1,H,2,3.4,3.4,2.1,3.4,3.4,2.1,1392.0857502312126,1519.9327684328143,75,77,100,100,1.4900000000000002,1.1700000000000002,6,7,46.166666666666664,69.95726495726495
2011-02-25,2010,VfL Wolfsburg,Borussia Monchengladbach,2,1,H,2,1.8,3.75,4.2,1.8,3.75,4.2,1444.366190002719,1413.7212335328386,78,75,100,100,1.1900000000000002,1.7200000000000002,3,6,55.17857142857142,59.5
2011-02-26,2010,FC Cologne,SC Freiburg,1,0,H,2,2.25,3.25,3.2,2.25,3.25,3.2,1483.6498143109475,1528.2866467791316,75,69,100,100,1.5,0.8800000000000001,10,8,46.07692307692308,31.72979797979798
2011-02-26,2010,Bayern Munich,Borussia Dortmund,1,3,A,0,1.73,3.6,4.75,1.73,3.6,4.75,1581.0613488297688,1643.7550135349754,75,76,100,100,2.4000000000000004,2.66,12,9,59.06060606060606,49.44444444444444
2011-02-26,2010,Kaiserslautern,Hamburg,1,1,D,1,3.1,3.4,2.25,3.1,3.4,2.25,1434.3706466171302,1516.373718756579,75,75,100,100,1.8300000000000005,1.45,1,9,59.382284382284375,55.75
2011-02-26,2010,FC Schalke 04,FC Nurnberg,1,1,D,1,1.83,3.5,4.33,1.83,3.5,4.33,1498.2972851311883,1539.832886828061,77,75,100,100,1.11,1.89,7,13,58.29059829059829,68.22222222222221
2011-02-26,2010,FC St. Pauli,Hannover 96,0,1,A,0,2.3,3.5,2.88,2.3,3.5,2.88,1479.1308556872575,1546.3953156220687,75,74,100,100,1.8699999999999999,1.28,10,7,53.39529914529915,41.443833943833944
2011-02-26,2010,TSG Hoffenheim,FSV Mainz 05,1,2,A,0,2.0,3.4,3.75,2.0,3.4,3.75,1510.1057621255102,1479.2277078590166,75,71,100,100,1.7400000000000002,1.5900000000000003,8,4,44.88111888111889,36.166666666666664
2011-02-27,2010,Ein Frankfurt,VfB Stuttgart,0,2,A,0,2.5,3.3,2.75,2.5,3.3,2.75,1448.7020635704882,1419.0300480478488,75,77,100,100,0.9,1.28,1,4,33.98845598845598,45.07142857142857
2011-02-27,2010,Werder Bremen,Bayer Leverkusen,2,2,D,1,3.1,3.4,2.25,3.1,3.4,2.25,1441.6201512653556,1592.073311499115,78,77,100,100,1.02,1.5200000000000002,2,12,47.77489177489177,54.642857142857146
2011-03-04,2010,Borussia Dortmund,FC Cologne,1,0,H,2,1.33,5.0,9.0,1.33,5.0,9.0,1656.89879698603,1501.6941807611493,76,75,100,100,2.5600000000000005,1.65,11,10,43.73015873015872,44.384615384615394
2011-03-05,2010,FC Nurnberg,FC St. Pauli,5,0,H,2,1.83,3.5,4.33,1.83,3.5,4.33,1537.9291623835397,1466.1903681741853,75,75,100,100,2.02,1.6400000000000001,13,9,61.72649572649573,50.89529914529915
2011-03-05,2010,Ein Frankfurt,Kaiserslautern,0,0,D,1,2.3,3.4,3.0,2.3,3.4,3.0,1431.3389292270815,1438.078431833186,75,75,100,100,1.3,1.94,1,2,42.23845598845598,61.71994671994671
2011-03-05,2010,Hannover 96,Bayern Munich,3,1,H,2,5.0,3.75,1.67,5.0,3.75,1.67,1559.3358031351408,1567.9175653787142,74,75,100,100,1.2900000000000003,2.15,10,9,45.05494505494506,62.43722943722944
2011-03-05,2010,Bayer Leverkusen,VfL Wolfsburg,3,0,H,2,1.57,4.0,5.5,1.57,4.0,5.5,1585.5475848229755,1458.9585860128311,77,78,100,100,1.6900000000000002,1.4200000000000002,10,3,64.64285714285714,55.17857142857142
2011-03-05,2010,Borussia Monchengladbach,TSG Hoffenheim,2,0,H,2,2.6,3.4,2.6,2.6,3.4,2.6,1399.1288375227264,1492.6875072972382,75,75,100,100,1.7000000000000004,1.7700000000000002,6,7,52.0,46.88111888111888
2011-03-05,2010,VfB Stuttgart,FC Schalke 04,1,0,H,2,2.1,3.4,3.4,2.1,3.4,3.4,1436.3931823912556,1500.2010095757096,77,77,100,100,1.44,1.32,6,5,40.25,62.56410256410256
2011-03-06,2010,Hamburg,FSV Mainz 05,2,4,A,0,1.91,3.4,4.0,1.91,3.4,4.0,1512.6659335405232,1496.6459626872886,75,71,100,100,1.56,1.7100000000000002,7,7,52.32142857142857,36.666666666666664
2011-03-06,2010,SC Freiburg,Werder Bremen,1,3,A,0,2.38,3.4,2.88,2.38,3.4,2.88,1510.2422803289298,1448.1458779414952,69,78,100,100,0.9,1.28,7,3,30.533216783216783,46.77489177489177
2011-03-11,2010,FC Cologne,Hannover 96,4,0,H,2,2.4,3.3,2.9,2.4,3.3,2.9,1492.401297945817,1575.7309275389325,75,74,100,100,1.65,1.4900000000000002,10,13,45.92307692307692,47.55494505494506
2011-03-12,2010,Kaiserslautern,SC Freiburg,2,1,H,2,2.15,3.3,3.4,2.15,3.3,3.4,1437.7681051903837,1491.4127003716749,75,69,100,100,1.7000000000000004,0.8200000000000001,3,4,62.672327672327675,34.104645354645356
2011-03-12,2010,TSG Hoffenheim,Borussia Dortmund,1,0,H,2,4.75,3.6,1.73,4.75,3.6,1.73,1472.4801792483051,1666.1916798013622,75,76,100,100,1.5000000000000002,2.6300000000000003,4,11,47.39393939393939,50.543345543345545
2011-03-12,2010,VfL Wolfsburg,FC Nurnberg,1,2,A,0,2.2,3.4,3.2,2.2,3.4,3.2,1448.5432579291937,1550.6716319911911,78,75,100,100,1.3800000000000003,2.05,3,13,48.19444444444444,64.39316239316238
2011-03-12,2010,FC Schalke 04,Ein Frankfurt,2,1,H,2,1.67,3.5,5.5,1.67,3.5,5.5,1481.295147609259,1431.6492558698837,77,75,100,100,1.4400000000000002,1.1099999999999999,5,2,58.717948717948715,37.9527417027417
2011-03-12,2010,Werder Bremen,Borussia Monchengladbach,1,1,D,1,1.67,3.75,5.0,1.67,3.75,5.0,1466.9754578987502,1419.3361655716594,78,75,100,100,1.4700000000000002,1.6300000000000001,6,6,45.476190476190474,55.33333333333333
2011-03-12,2010,Bayern Munich,Hamburg,6,0,H,2,1.53,4.0,6.0,1.53,4.0,6.0,1551.5224409749226,1495.9287090053413,75,75,100,100,2.1,1.6900000000000002,6,7,65.16450216450217,54.5436507936508
2011-03-13,2010,FSV Mainz 05,Bayer Leverkusen,0,1,A,0,3.25,3.3,2.2,3.25,3.3,2.2,1513.3831872224705,1595.962912906613,71,77,100,100,1.7500000000000004,1.8400000000000003,7,10,41.11111111111111,67.6984126984127
2011-03-13,2010,FC St. Pauli,VfB Stuttgart,1,2,A,0,3.2,3.4,2.2,3.2,3.4,2.2,1453.447898566534,1455.2990443577062,75,77,100,100,1.02,1.55,6,9,37.97222222222222,35.25
2011-03-18,2010,Borussia Monchengladbach,Kaiserslautern,0,1,A,0,2.25,3.4,3.1,2.25,3.4,3.1,1421.516389656391,1456.2190839977638,75,75,100,100,1.5500000000000003,1.61,7,6,51.58333333333333,59.94505494505495
2011-03-19,2010,Hannover 96,TSG Hoffenheim,2,0,H,2,2.25,3.4,3.1,2.25,3.4,3.1,1555.965384137487,1496.578655748532,74,75,100,100,1.53,1.28,10,4,52.55494505494505,45.835497835497826
2011-03-19,2010,Hamburg,FC Cologne,6,2,H,2,1.7,3.6,4.75,1.7,3.6,4.75,1482.467266362966,1512.1668413472626,75,75,100,100,1.6600000000000001,1.64,4,10,54.5436507936508,42.58974358974359
2011-03-19,2010,Borussia Dortmund,FSV Mainz 05,1,1,D,1,1.4,4.33,8.5,1.4,4.33,8.5,1642.0932033011354,1501.1160925313295,76,71,100,100,2.3400000000000003,1.54,10,6,58.162393162393165,39.77777777777778
2011-03-19,2010,Ein Frankfurt,FC St. Pauli,2,1,H,2,2.0,3.4,3.7,2.0,3.4,3.7,1417.9200991409152,1437.533146173944,75,75,100,100,1.1400000000000001,0.6000000000000001,1,3,33.710317460317455,34.257936507936506
2011-03-19,2010,FC Nurnberg,Werder Bremen,1,3,A,0,2.2,3.4,3.2,2.2,3.4,3.2,1562.0993841439695,1464.7952338140185,75,78,100,100,2.0800000000000005,1.6400000000000001,13,6,66.67887667887668,50.05952380952381
2011-03-19,2010,SC Freiburg,Bayern Munich,1,2,A,0,6.5,4.1,1.5,6.5,4.1,1.5,1472.9617215642947,1564.9838836172978,69,75,100,100,0.8700000000000001,2.31,3,9,35.01373626373626,63.4978354978355
2011-03-20,2010,VfB Stuttgart,VfL Wolfsburg,1,1,D,1,1.95,3.5,3.75,1.95,3.5,3.75,1471.213796750296,1437.1155057764154,77,78,100,100,1.8700000000000003,1.4600000000000002,9,3,33.46428571428571,43.90873015873016
2011-03-20,2010,Bayer Leverkusen,FC Schalke 04,2,0,H,2,1.75,3.6,4.5,1.75,3.6,4.5,1608.230007597754,1495.0243043382275,77,77,100,100,1.9900000000000002,1.5900000000000003,13,7,67.6984126984127,58.717948717948715
2011-04-01,2010,FC St. Pauli,FC Schalke 04,0,2,A,0,3.4,3.25,2.15,3.4,3.25,2.15,1420.6308901830553,1484.0606382907736,75,77,100,100,0.6600000000000001,1.3800000000000001,0,4,38.007936507936506,44.172494172494176
2011-04-02,2010,Bayern Munich,Borussia Monchengladbach,1,0,H,2,1.17,7.0,15.0,1.17,7.0,15.0,1576.8424978668927,1407.109214376015,75,75,100,100,2.05,1.6400000000000001,9,7,59.86147186147186,61.01190476190476
2011-04-02,2010,Kaiserslautern,Bayer Leverkusen,0,1,A,0,3.6,3.5,2.0,3.6,3.5,2.0,1470.62625927814,1619.1936736452078,75,77,100,100,1.5900000000000003,2.04,8,13,53.51648351648352,65.1010101010101
2011-04-02,2010,Borussia Dortmund,Hannover 96,4,1,H,2,1.4,4.5,8.0,1.4,4.5,8.0,1635.9352726665895,1569.2568510658984,76,74,100,100,2.2,1.52,10,12,68.71794871794872,58.26923076923076
2011-04-02,2010,Werder Bremen,VfB Stuttgart,1,1,D,1,2.2,3.4,3.2,2.2,3.4,3.2,1485.1626607123908,1469.6485347326984,78,77,100,100,1.6300000000000001,1.8900000000000001,8,10,48.345238095238095,32.46428571428571
2011-04-02,2010,FSV Mainz 05,SC Freiburg,1,1,D,1,1.85,3.6,4.0,1.85,3.6,4.0,1507.2740231658754,1461.1031073146999,71,69,100,100,1.5,1.08,7,3,40.88888888888889,44.104645354645356
2011-04-02,2010,TSG Hoffenheim,Hamburg,0,0,D,1,2.5,3.3,2.75,2.5,3.3,2.75,1483.2871888201205,1499.8316606459705,75,75,100,100,1.1800000000000002,1.69,4,7,50.38095238095237,54.12698412698412
2011-04-03,2010,FC Cologne,FC Nurnberg,1,0,H,2,2.38,3.3,2.9,2.38,3.3,2.9,1494.802447064258,1541.7319572455972,75,75,100,100,1.34,1.7200000000000002,7,10,32.58974358974359,58.67887667887668
2011-04-03,2010,VfL Wolfsburg,Ein Frankfurt,1,1,D,1,1.8,3.5,4.5,1.8,3.5,4.5,1438.680767794013,1434.822355131804,78,75,100,100,1.6700000000000004,1.27,4,4,48.90873015873016,40.8531746031746
2011-04-08,2010,Ein Frankfurt,Werder Bremen,1,1,D,1,2.8,3.4,2.4,2.8,3.4,2.4,1435.0000342970457,1484.4486832811942,75,78,100,100,1.42,2.06,5,9,39.96428571428571,57.67857142857142
2011-04-09,2010,SC Freiburg,TSG Hoffenheim,3,2,H,2,2.6,3.25,2.7,2.6,3.25,2.7,1463.2169279005109,1484.0485145425405,69,75,100,100,0.85,1.1300000000000001,1,4,38.687978687978685,43.269841269841265
2011-04-09,2010,VfB Stuttgart,Kaiserslautern,2,4,A,0,1.73,3.75,4.5,1.73,3.75,4.5,1470.362512163895,1461.0794302118607,77,75,100,100,1.7600000000000002,1.4300000000000002,11,8,28.46428571428571,59.28571428571429
2011-04-09,2010,FC Schalke 04,VfL Wolfsburg,1,0,H,2,2.2,3.4,3.2,2.2,3.4,3.2,1497.171616531458,1438.5030886287714,77,78,100,100,1.53,1.8,7,5,52.505827505827504,56.32539682539682
2011-04-09,2010,FC Nurnberg,Bayern Munich,1,1,D,1,5.25,4.0,1.6,5.25,4.0,1.6,1523.5838218024517,1585.5936938174868,75,75,100,100,1.56,1.86,7,9,53.401098901098905,57.922077922077925
2011-04-09,2010,Hamburg,Borussia Dortmund,1,1,D,1,3.1,3.5,2.2,3.1,3.5,2.2,1499.0703349235505,1648.901769790734,75,76,100,100,1.45,2.0800000000000005,5,10,51.904761904761905,58.940170940170944
2011-04-09,2010,Hannover 96,FSV Mainz 05,2,0,H,2,2.2,3.3,3.25,2.2,3.3,3.25,1556.290353941754,1505.1602025800644,74,71,100,100,1.3900000000000001,1.28,9,8,59.5,52.222222222222214
2011-04-10,2010,Borussia Monchengladbach,FC Cologne,5,1,H,2,2.25,3.4,3.1,2.25,3.4,3.1,1398.3580184254208,1512.9505825074036,75,75,100,100,1.3800000000000003,1.45,4,9,48.28463203463203,36.08974358974359
2011-04-10,2010,Bayer Leverkusen,FC St. Pauli,2,1,H,2,1.2,6.0,15.0,1.2,6.0,15.0,1628.7405027114871,1407.5199119423708,77,75,100,100,1.8700000000000003,0.8400000000000001,13,0,58.101010101010104,47.452380952380956
2011-04-15,2010,FSV Mainz 05,Borussia Monchengladbach,1,0,H,2,1.91,3.6,3.75,1.91,3.6,3.75,1491.4979806810886,1419.4518191514,71,75,100,100,1.1500000000000001,1.59,5,7,48.432748538011694,48.78463203463203
2011-04-16,2010,Hamburg,Hannover 96,0,0,D,1,1.91,3.6,3.75,1.91,3.6,3.75,1505.572175477635,1569.9525758407297,75,74,100,100,1.33,1.6800000000000002,5,9,49.999999999999986,62.78947368421052
2011-04-16,2010,TSG Hoffenheim,Ein Frankfurt,1,0,H,2,2.0,3.5,3.6,2.0,3.5,3.6,1467.0903324642811,1437.2619764577905,75,75,100,100,1.35,1.3800000000000001,4,6,39.269841269841265,35.142857142857146
2011-04-16,2010,FC Cologne,VfB Stuttgart,1,3,A,0,2.5,3.4,2.7,2.5,3.4,2.7,1491.8567817814244,1453.93511214324,75,77,100,100,1.23,1.61,6,8,35.782051282051285,34.71428571428571
2011-04-16,2010,VfL Wolfsburg,FC St. Pauli,2,2,D,1,1.5,4.2,6.5,1.5,4.2,6.5,1425.1794839519273,1400.5225497674367,78,75,100,100,1.5100000000000002,0.8300000000000001,2,0,53.82539682539682,43.952380952380956
2011-04-16,2010,Werder Bremen,FC Schalke 04,1,1,D,1,2.1,3.4,3.4,2.1,3.4,3.4,1482.1867411204494,1510.4952212083022,78,77,100,100,2.1599999999999997,1.34,9,9,61.249999999999986,47.121212121212125
2011-04-16,2010,Kaiserslautern,FC Nurnberg,0,2,A,0,2.25,3.4,3.1,2.25,3.4,3.1,1477.5068302325155,1526.4095413475914,75,75,100,100,1.3,1.6000000000000003,10,7,57.857142857142854,58.78571428571429
2011-04-17,2010,Bayern Munich,Bayer Leverkusen,5,1,H,2,1.83,3.75,4.0,1.83,3.75,4.0,1582.7679742723471,1635.7378648864212,75,77,100,100,1.81,1.85,10,15,53.636363636363626,59.101010101010104
2011-04-17,2010,Borussia Dortmund,SC Freiburg,3,0,H,2,1.29,5.5,9.5,1.29,5.5,9.5,1642.3999292366495,1480.1751099787703,76,69,100,100,2.1500000000000004,1.03,8,4,66.55921855921856,42.995670995671
2011-04-21,2010,SC Freiburg,Hannover 96,1,3,A,0,2.5,3.3,2.8,2.5,3.3,2.8,1471.1464353087958,1567.0212232919246,69,74,100,100,1.0,1.6600000000000001,4,7,38.42424242424242,60.062200956937794
2011-04-23,2010,VfB Stuttgart,Hamburg,3,0,H,2,2.1,3.4,3.4,2.1,3.4,3.4,1471.67456758752,1508.50352802644,77,75,100,100,1.85,1.32,8,6,40.26984126984127,53.838383838383834
2011-04-23,2010,FC St. Pauli,Werder Bremen,1,3,A,0,3.25,3.5,2.1,3.25,3.5,2.1,1401.6561410739628,1483.4875175807913,75,78,100,100,1.2600000000000002,2.0700000000000003,1,7,52.679653679653676,64.36688311688312
2011-04-23,2010,FC Schalke 04,Kaiserslautern,0,1,A,0,2.0,3.4,3.75,2.0,3.4,3.75,1509.1944447479602,1463.7441280430955,77,75,100,100,1.4600000000000002,1.31,10,9,42.57575757575758,43.57142857142857
2011-04-23,2010,Bayer Leverkusen,TSG Hoffenheim,2,1,H,2,1.53,4.0,6.0,1.53,4.0,6.0,1617.317237244239,1481.7200509082124,77,75,100,100,1.5400000000000003,1.58,12,7,51.54545454545455,38.05772005772006
2011-04-23,2010,Ein Frankfurt,Bayern Munich,1,1,D,1,5.5,4.33,1.53,5.5,4.33,1.53,1422.6322580138592,1601.1886019145293,75,75,100,100,1.6500000000000004,1.6600000000000001,5,13,43.97402597402597,55.636363636363626
2011-04-23,2010,Borussia Monchengladbach,Borussia Dortmund,1,0,H,2,5.25,4.2,1.57,5.25,4.2,1.57,1406.7229151522324,1651.428603906624,75,76,100,100,1.4500000000000002,1.9899999999999998,4,8,43.451298701298704,67.17460317460318
2011-04-24,2010,FC Nurnberg,FSV Mainz 05,0,0,D,1,2.1,3.4,3.4,2.1,3.4,3.4,1540.1722435370114,1504.2268846802563,75,71,100,100,1.5200000000000002,0.9700000000000001,7,5,62.78571428571429,49.32163742690059
2011-04-24,2010,VfL Wolfsburg,FC Cologne,4,1,H,2,1.67,4.0,4.75,1.67,4.0,4.75,1424.0458926454012,1474.1173263371445,78,75,100,100,1.59,1.4100000000000001,3,6,56.653679653679646,35.61111111111111
2011-04-29,2010,Kaiserslautern,FC St. Pauli,2,0,H,2,1.8,3.6,4.33,1.8,3.6,4.33,1481.825334131446,1389.35644317138,75,75,100,100,1.09,1.2600000000000002,9,1,40.23809523809524,48.39393939393939
2011-04-29,2010,Werder Bremen,VfL Wolfsburg,0,1,A,0,2.1,3.6,3.2,2.1,3.6,3.2,1495.787215483374,1442.335934750279,78,78,100,100,1.9900000000000002,1.81,9,6,63.116883116883116,66.4949494949495
2011-04-30,2010,Hannover 96,Borussia Monchengladbach,0,1,A,0,1.8,3.6,4.33,1.8,3.6,4.33,1578.7147845548438,1432.4365541126156,74,75,100,100,1.65,1.36,10,6,49.506645401382244,38.98701298701299
2011-04-30,2010,Borussia Dortmund,FC Nurnberg,2,0,H,2,1.4,4.5,7.5,1.4,4.5,7.5,1625.7149649462408,1538.5227795572505,76,75,100,100,2.24,1.4700000000000002,8,5,68.60317460317461,65.16666666666667
2011-04-30,2010,Bayern Munich,FC Schalke 04,4,1,H,2,1.29,5.5,9.5,1.29,5.5,9.5,1593.6206201016912,1491.1132386596098,75,77,100,100,1.7100000000000002,1.36,11,7,65.63636363636364,42.57575757575758
2011-04-30,2010,FSV Mainz 05,Ein Frankfurt,3,0,H,2,2.0,3.4,3.75,2.0,3.4,3.75,1505.8763486600171,1430.2002398266973,71,75,100,100,1.02,1.54,6,6,40.65497076023392,37.307359307359306
2011-04-30,2010,Hamburg,SC Freiburg,0,2,A,0,1.62,4.0,5.0,1.62,4.0,5.0,1490.8138157911733,1459.4528740458766,75,69,100,100,1.3700000000000003,1.25,6,4,57.17171717171716,43.97979797979798
2011-04-30,2010,TSG Hoffenheim,VfB Stuttgart,1,2,A,0,2.8,3.4,2.38,2.8,3.4,2.38,1471.6656773555999,1489.3642798227868,75,77,100,100,1.52,1.7,4,8,36.787878787878796,41.222222222222214
2011-04-30,2010,FC Cologne,Bayer Leverkusen,2,0,H,2,3.8,3.6,1.91,3.8,3.6,1.91,1455.8272842322667,1627.3716107968517,75,77,100,100,1.31,1.59,3,12,35.05555555555556,59.101010101010104
2011-05-07,2010,VfL Wolfsburg,Kaiserslautern,1,2,A,0,1.44,4.33,7.0,1.44,4.33,7.0,1460.7782192633283,1493.664760442811,78,75,100,100,1.6600000000000001,1.2100000000000002,8,9,58.637806637806634,44.166666666666664
2011-05-07,2010,Ein Frankfurt,FC Cologne,0,2,A,0,2.0,3.4,3.75,2.0,3.4,3.75,1417.631166835291,1479.1422145769802,75,75,100,100,1.32,1.3,3,6,30.64069264069264,31.246031746031747
2011-05-07,2010,Bayer Leverkusen,Hamburg,1,1,D,1,1.44,4.33,7.0,1.44,4.33,7.0,1604.0566804521382,1473.3735006317777,77,75,100,100,1.5,1.24,9,3,61.698412698412696,59.838383838383834
2011-05-07,2010,Borussia Monchengladbach,SC Freiburg,2,0,H,2,1.57,4.0,5.5,1.57,4.0,5.5,1454.8012190751497,1476.8931892052722,75,69,100,100,1.4300000000000002,1.26,9,7,32.002886002886,38.88888888888889
2011-05-07,2010,FC Nurnberg,TSG Hoffenheim,1,2,A,0,1.8,3.6,4.33,1.8,3.6,4.33,1526.4559026047045,1456.4800238448615,75,75,100,100,1.3900000000000001,1.6600000000000001,5,4,69.16666666666667,35.35930735930736
2011-05-07,2010,FC Schalke 04,FSV Mainz 05,1,3,A,0,2.38,3.25,3.0,2.38,3.25,3.0,1479.7015101184977,1518.4454216514234,77,71,100,100,1.1200000000000003,1.48,7,8,39.62121212121212,52.877192982456144
2011-05-07,2010,FC St. Pauli,Bayern Munich,1,8,A,0,11.0,6.5,1.22,11.0,6.5,1.22,1377.517016860015,1605.0323486428033,75,75,100,100,1.4200000000000002,1.9,1,11,45.89393939393939,72.22727272727272
2011-05-07,2010,VfB Stuttgart,Hannover 96,2,1,H,2,2.1,3.4,3.4,2.1,3.4,3.4,1504.5499333335251,1556.3501195923097,77,74,100,100,1.6800000000000002,1.6199999999999999,10,7,47.650793650793645,55.06220095693781
2011-05-07,2010,Werder Bremen,Borussia Dortmund,2,0,H,2,2.0,3.6,3.5,2.0,3.6,3.5,1477.3449309703246,1637.7818418987868,78,76,100,100,1.9700000000000002,2.2800000000000002,6,10,61.97402597402597,63.04761904761905
2011-05-14,2010,TSG Hoffenheim,VfL Wolfsburg,1,3,A,0,3.5,3.6,2.0,3.5,3.6,2.0,1475.6596543992148,1446.2881935641535,75,78,100,100,1.6900000000000002,1.36,6,7,32.624264624264626,55.355755355755356
2011-05-14,2010,Hannover 96,FC Nurnberg,3,1,H,2,2.05,3.5,3.4,2.05,3.5,3.4,1537.982152521414,1507.2762720503513,74,75,100,100,1.6600000000000001,1.42,7,5,43.06220095693781,70.51282051282053
2011-05-14,2010,Kaiserslautern,Werder Bremen,3,2,H,2,2.3,3.5,2.88,2.3,3.5,2.88,1508.1547861419858,1500.2494015868813,75,78,100,100,1.2200000000000002,1.65,12,8,33.78205128205128,49.307359307359306
2011-05-14,2010,Hamburg,Borussia Monchengladbach,1,1,D,1,2.88,3.5,2.3,2.88,3.5,2.3,1479.123060342272,1471.8172229792242,75,75,100,100,1.4100000000000001,1.58,3,12,56.22727272727273,29.730158730158728
2011-05-14,2010,Bayern Munich,VfB Stuttgart,2,1,H,2,1.29,5.5,10.0,1.29,5.5,10.0,1611.8336224373165,1522.9179004044208,75,77,100,100,2.1100000000000003,1.8300000000000005,11,12,74.04545454545455,63.65079365079365
2011-05-14,2010,FC Cologne,FC Schalke 04,2,1,H,2,2.25,3.4,3.1,2.25,3.4,3.1,1492.3387558756378,1465.4783739667357,75,77,100,100,1.4100000000000001,1.2000000000000002,6,4,35.74603174603175,42.95454545454545
2011-05-14,2010,Borussia Dortmund,Ein Frankfurt,3,1,H,2,1.57,4.33,5.0,1.57,4.33,5.0,1614.8773712822301,1404.4346255366333,76,75,100,100,1.8700000000000003,1.21,7,2,71.71428571428571,37.307359307359306
2011-05-14,2010,SC Freiburg,Bayer Leverkusen,0,1,A,0,4.33,3.6,1.8,4.33,3.6,1.8,1459.8771853011976,1598.3071207416438,69,77,100,100,1.3300000000000003,1.4600000000000002,6,7,50.55555555555556,69.1984126984127
2011-05-14,2010,FSV Mainz 05,FC St. Pauli,2,1,H,2,1.36,5.0,7.5,1.36,5.0,7.5,1532.6685578031854,1370.7157430655018,71,75,100,100,1.49,1.4900000000000002,10,1,44.54385964912281,39.68181818181818
2011-08-05,2011,Borussia Dortmund,Hamburg,3,1,H,2,1.57,3.8,6.0,1.57,3.8,6.0,1622.2198481225726,1478.7866636784781,77,75,100,100,2.06,1.4899999999999998,9,3,71.10822510822511,61.22727272727273
2011-08-06,2011,FC Augsburg,SC Freiburg,2,2,D,1,2.25,3.4,3.1,2.25,3.4,3.1,1500.0,1449.9349085979566,75,70,100,100,1.0,1.15,0,3,50.0,40.55555555555556
2011-08-06,2011,Hannover 96,TSG Hoffenheim,2,1,H,2,2.1,3.4,3.4,2.1,3.4,3.4,1552.5717646353269,1458.3102616569092,72,75,100,100,1.4900000000000002,1.5100000000000002,7,6,38.38383838383838,34.624264624264626
2011-08-06,2011,Hertha BSC,FC Nurnberg,0,1,A,0,2.1,3.4,3.4,2.1,3.4,3.4,1500.0,1492.6866599364384,75,75,100,100,1.0,1.23,0,4,50.0,69.4017094017094
2011-08-06,2011,VfB Stuttgart,FC Schalke 04,3,0,H,2,2.2,3.4,3.2,2.2,3.4,3.2,1510.925507562528,1450.7128817371179,75,77,100,100,1.9300000000000004,1.28,12,1,61.65079365079365,47.24025974025974
2011-08-06,2011,Werder Bremen,Kaiserslautern,2,0,H,2,1.8,3.6,4.33,1.8,3.6,4.33,1484.6133951857237,1523.7907925431434,78,75,100,100,1.67,1.1500000000000001,7,12,54.069264069264065,30.448717948717945
2011-08-06,2011,FC Cologne,VfL Wolfsburg,0,3,A,0,2.5,3.4,2.7,2.5,3.4,2.7,1507.1042481052557,1463.637586306459,75,78,100,100,1.5100000000000002,1.7,9,10,29.46031746031746,55.355755355755356
2011-08-07,2011,Bayern Munich,Borussia Monchengladbach,0,1,A,0,1.2,6.5,13.0,1.2,6.5,13.0,1623.8260152792093,1472.1536196430181,75,75,100,100,2.16,1.2,13,10,76.04545454545455,30.06349206349206
2011-08-07,2011,FSV Mainz 05,Bayer Leverkusen,2,0,H,2,3.8,3.5,1.95,3.8,3.5,1.95,1541.7073842012499,1608.2493974448848,72,78,100,100,1.7100000000000002,1.44,13,7,54.333333333333336,71.1984126984127
2011-08-13,2011,VfL Wolfsburg,Bayern Munich,0,1,A,0,4.0,3.75,1.83,4.0,3.75,1.83,1481.628921561465,1601.2535479179369,78,75,100,100,1.98,2.42,12,10,56.41636141636142,81.1883116883117
2011-08-13,2011,FC Schalke 04,FC Cologne,5,1,H,2,1.62,3.8,5.5,1.62,3.8,5.5,1437.4583439273022,1489.1129128502498,77,75,100,100,1.41,1.33,0,9,56.78571428571429,36.682539682539684
2011-08-13,2011,Borussia Monchengladbach,VfB Stuttgart,1,1,D,1,2.5,3.4,2.7,2.5,3.4,2.7,1494.7260870042905,1524.1800453723438,75,75,100,100,1.16,1.6300000000000001,13,12,24.92063492063492,51.095238095238095
2011-08-13,2011,FC Nurnberg,Hannover 96,1,2,A,0,2.3,3.4,3.0,2.3,3.4,3.0,1509.0234019594718,1564.334324035367,75,72,100,100,1.2400000000000002,1.33,4,9,61.4017094017094,40.0
2011-08-13,2011,Hamburg,Hertha BSC,2,2,D,1,1.95,3.6,3.6,1.95,3.6,3.6,1469.040683723885,1483.6632579769666,75,75,100,100,1.4600000000000002,0.2,2,0,58.5,40.0
2011-08-13,2011,SC Freiburg,FSV Mainz 05,1,2,A,0,2.3,3.4,3.0,2.3,3.4,3.0,1452.2246646121241,1560.734830595619,70,72,100,100,1.3,2.0700000000000003,4,13,45.44444444444444,56.333333333333336
2011-08-13,2011,TSG Hoffenheim,Borussia Dortmund,1,0,H,2,4.5,3.75,1.73,4.5,3.75,1.73,1446.5477022568691,1631.9658280771657,75,77,100,100,1.5100000000000002,2.0200000000000005,3,9,40.28083028083027,65.10822510822511
2011-08-14,2011,Kaiserslautern,FC Augsburg,1,1,D,1,1.83,3.5,4.2,1.83,3.5,4.2,1505.994214877207,1497.7102439858324,75,75,100,100,1.1800000000000002,1.9500000000000002,12,1,39.539627039627035,55.55555555555556
2011-08-14,2011,Bayer Leverkusen,Werder Bremen,1,0,H,2,1.83,3.6,4.2,1.83,3.6,4.2,1589.2219510505156,1502.40997285166,78,78,100,100,1.42,1.7100000000000002,7,9,69.1984126984127,50.43290043290043
2011-08-19,2011,Borussia Monchengladbach,VfL Wolfsburg,4,1,H,2,2.7,3.3,2.6,2.7,3.3,2.6,1496.079251800412,1470.9299996360594,75,78,100,100,1.23,1.55,11,9,26.349206349206348,51.449041154923506
2011-08-20,2011,VfB Stuttgart,Bayer Leverkusen,0,1,A,0,2.3,3.4,3.0,2.3,3.4,3.0,1522.8268805762223,1601.3052835736974,75,78,100,100,1.6800000000000002,1.5100000000000002,10,7,58.71428571428571,71.14285714285714
2011-08-20,2011,FC Cologne,Kaiserslautern,1,1,D,1,2.3,3.3,3.1,2.3,3.3,3.1,1470.7515052294607,1505.6127961952802,75,75,100,100,1.1700000000000002,1.4200000000000002,9,10,36.682539682539684,50.65073815073815
2011-08-20,2011,Werder Bremen,SC Freiburg,5,3,H,2,1.55,4.0,6.0,1.55,4.0,6.0,1490.3266403284783,1441.0653657166667,78,70,100,100,1.54,1.3400000000000003,6,4,42.93290043290043,37.88888888888889
2011-08-20,2011,Bayern Munich,Hamburg,5,0,H,2,1.33,5.0,9.0,1.33,5.0,9.0,1611.9524698433424,1469.7136808344405,75,75,100,100,2.1100000000000003,1.44,12,3,70.60007639419405,54.257575757575765
2011-08-20,2011,FC Augsburg,TSG Hoffenheim,0,2,A,0,2.8,3.3,2.5,2.8,3.3,2.5,1498.0916626677592,1470.3586819215432,75,75,100,100,1.7000000000000002,1.55,2,6,33.333333333333336,44.92729492729493
2011-08-20,2011,Borussia Dortmund,FC Nurnberg,2,0,H,2,1.29,5.0,11.0,1.29,5.0,11.0,1608.1548484124917,1495.549261652431,77,75,100,100,1.8,1.3800000000000001,9,3,60.3030303030303,56.16361416361417
2011-08-21,2011,Hannover 96,Hertha BSC,1,1,D,1,2.2,3.3,3.3,2.2,3.3,3.3,1577.808464342408,1482.990260866411,72,75,100,100,1.2000000000000002,1.3000000000000003,9,1,44.12698412698413,47.272727272727266
2011-08-21,2011,FSV Mainz 05,FC Schalke 04,2,4,A,0,2.5,3.3,2.75,2.5,3.3,2.75,1571.8941294910765,1455.8197515480913,72,77,100,100,2.1800000000000006,1.6,15,3,65.0,59.007936507936506
2011-08-26,2011,Hertha BSC,VfB Stuttgart,1,0,H,2,2.5,3.4,2.7,2.5,3.4,2.7,1487.2515301536102,1510.3807088425758,75,75,100,100,1.3,1.49,2,7,53.73737373737373,58.3968253968254
2011-08-27,2011,Bayer Leverkusen,Borussia Dortmund,0,0,D,1,2.6,3.4,2.6,2.6,3.4,2.6,1613.7514553073438,1619.1434261331187,78,77,100,100,1.4200000000000002,1.8099999999999998,10,9,62.88888888888889,60.3030303030303
2011-08-27,2011,FC Nurnberg,FC Augsburg,1,0,H,2,1.73,3.6,4.75,1.73,3.6,4.75,1484.5606839318039,1480.817217284849,75,75,100,100,1.4400000000000002,1.6000000000000003,3,2,56.16361416361417,44.444444444444436
2011-08-27,2011,Kaiserslautern,Bayern Munich,0,3,A,0,6.5,4.2,1.5,6.5,4.2,1.5,1504.0127405431317,1621.7451125230361,75,75,100,100,1.25,2.33,8,12,46.48407148407149,65.60007639419405
2011-08-27,2011,TSG Hoffenheim,Werder Bremen,1,2,A,0,2.3,3.4,3.0,2.3,3.4,3.0,1487.6331273044534,1504.0731552641998,75,78,100,100,1.58,1.8200000000000003,9,9,43.02253302253301,48.53729603729603
2011-08-27,2011,Hamburg,FC Cologne,3,4,A,0,1.85,3.6,4.0,1.85,3.6,4.0,1459.9210381547468,1472.3515608816092,75,75,100,100,1.1600000000000001,1.27,3,7,45.757575757575765,45.492063492063494
2011-08-27,2011,SC Freiburg,VfL Wolfsburg,3,0,H,2,2.8,3.25,2.5,2.8,3.25,2.5,1427.3188507809452,1456.0861469380216,70,78,100,100,1.44,1.56,1,6,35.427350427350426,52.87761258349493
2011-08-28,2011,Hannover 96,FSV Mainz 05,1,1,D,1,2.3,3.4,3.0,2.3,3.4,3.0,1573.5471950552087,1550.7390886896258,72,72,100,100,1.4000000000000001,1.86,10,12,35.23809523809524,59.24242424242425
2011-08-28,2011,FC Schalke 04,Borussia Monchengladbach,1,0,H,2,1.8,3.6,4.33,1.8,3.6,4.33,1476.974792349542,1510.92310449845,77,75,100,100,1.9300000000000002,1.4899999999999998,6,11,65.5988455988456,33.333333333333336
2011-09-09,2011,FC Augsburg,Bayer Leverkusen,1,4,A,0,5.0,3.75,1.67,5.0,3.75,1.67,1464.9896036240023,1613.9997448070692,75,78,100,100,1.4500000000000002,1.57,2,10,44.047619047619044,62.88888888888889
2011-09-10,2011,Bayern Munich,SC Freiburg,7,0,H,2,1.17,7.0,15.0,1.17,7.0,15.0,1632.5217498180712,1444.6406145838814,75,70,100,100,2.41,1.5699999999999998,12,4,64.38795518207283,28.427350427350426
2011-09-10,2011,Borussia Dortmund,Hertha BSC,1,2,A,0,1.4,4.5,8.0,1.4,4.5,8.0,1618.8951366333933,1504.315097516365,77,75,100,100,1.9,1.425,10,5,51.13636363636363,54.58874458874458
2011-09-10,2011,FSV Mainz 05,TSG Hoffenheim,0,4,A,0,2.2,3.3,3.25,2.2,3.3,3.25,1551.787934559234,1472.3896540306348,72,75,100,100,1.78,1.5799999999999998,10,6,61.49732620320856,43.535353535353536
2011-09-10,2011,VfB Stuttgart,Hannover 96,3,0,H,2,1.85,3.6,4.0,1.85,3.6,4.0,1493.317141479821,1572.4983491856005,75,72,100,100,1.6200000000000003,1.6800000000000002,4,11,46.96825396825397,44.649859943977596
2011-09-10,2011,Werder Bremen,Hamburg,2,0,H,2,1.6,4.2,5.0,1.6,4.2,5.0,1519.3166285380184,1444.4932407510194,78,75,100,100,1.8,1.24,9,2,58.53729603729603,49.36868686868687
2011-09-10,2011,Borussia Monchengladbach,Kaiserslautern,1,0,H,2,1.91,3.6,3.75,1.91,3.6,3.75,1493.3646834481922,1493.2361032480967,75,75,100,100,1.5100000000000002,1.2200000000000002,8,5,36.904761904761905,48.535353535353536
2011-09-11,2011,FC Cologne,FC Nurnberg,1,2,A,0,2.6,3.25,2.7,2.6,3.25,2.7,1487.7793582853367,1500.3882975926506,75,75,100,100,1.1600000000000001,1.52,7,6,42.38095238095239,53.74603174603173
2011-09-11,2011,VfL Wolfsburg,FC Schalke 04,2,1,H,2,2.5,3.3,2.75,2.5,3.3,2.75,1438.7643831350854,1494.5332133997997,78,77,100,100,1.53,2.2,6,9,49.49299719887956,65.36075036075036
2011-09-16,2011,SC Freiburg,VfB Stuttgart,1,2,A,0,3.3,3.5,2.1,3.3,3.5,2.1,1436.5376883385984,1512.9017245024834,70,75,100,100,1.48,1.7700000000000002,4,7,26.427350427350426,52.81440781440781
2011-09-17,2011,Hertha BSC,FC Augsburg,2,2,D,1,1.57,3.8,6.0,1.57,3.8,6.0,1525.4083799014304,1455.459837542224,75,75,100,100,1.49,1.4900000000000002,8,2,47.670995670995666,48.57142857142857
2011-09-17,2011,Hamburg,Borussia Monchengladbach,0,1,A,0,2.4,3.5,2.8,2.4,3.5,2.8,1431.8866845111395,1509.3587621114227,75,75,100,100,1.1199999999999999,1.65,1,10,44.76084373143196,40.0
2011-09-17,2011,TSG Hoffenheim,VfL Wolfsburg,3,1,H,2,1.95,3.6,3.6,1.95,3.6,3.6,1491.9837305448843,1457.3108004541407,75,78,100,100,1.54,1.45,9,6,40.80808080808081,54.492997198879564
2011-09-17,2011,Kaiserslautern,FSV Mainz 05,3,1,H,2,2.5,3.4,2.7,2.5,3.4,2.7,1477.2420245848662,1532.1938580449844,75,72,100,100,1.07,1.52,2,7,50.44011544011544,60.224598930481285
2011-09-17,2011,Bayer Leverkusen,FC Cologne,1,4,A,0,1.4,4.6,7.5,1.4,4.6,7.5,1623.5295108888474,1472.3597666088633,78,75,100,100,1.73,1.0,10,4,51.55555555555556,42.38095238095237
2011-09-17,2011,FC Nurnberg,Werder Bremen,1,1,D,1,2.63,3.5,2.5,2.63,3.5,2.5,1515.807889269124,1531.9231847778983,75,78,100,100,1.6800000000000002,1.77,9,12,59.142857142857146,58.145139174550934
2011-09-18,2011,Hannover 96,Borussia Dortmund,2,1,H,2,4.2,3.5,1.85,4.2,3.5,1.85,1552.9137661629381,1597.801854248328,72,77,100,100,1.57,1.7700000000000002,8,7,39.69259498671263,54.4090909090909
2011-09-18,2011,FC Schalke 04,Bayern Munich,0,2,A,0,5.0,3.8,1.67,5.0,3.8,1.67,1475.9867960807444,1640.6246760633542,77,75,100,100,1.97,2.8400000000000003,9,12,56.07503607503607,72.38795518207283
2011-09-23,2011,VfB Stuttgart,Hamburg,1,2,A,0,1.57,4.0,5.5,1.57,4.0,5.5,1525.4405868396443,1419.396427862078,75,75,100,100,1.73,1.05,7,1,56.90531690531691,38.76084373143196
2011-09-24,2011,VfL Wolfsburg,Kaiserslautern,1,0,H,2,1.83,3.75,4.0,1.83,3.75,4.0,1442.9022680520784,1495.7517571323724,78,75,100,100,1.3000000000000003,1.29,3,5,58.159663865546214,54.68253968253968
2011-09-24,2011,FC Schalke 04,SC Freiburg,4,2,H,2,1.36,4.75,8.5,1.36,4.75,8.5,1467.0478776841655,1423.9988260014375,77,70,100,100,1.57,1.5299999999999998,9,3,46.78932178932179,28.447552447552447
2011-09-24,2011,Borussia Monchengladbach,FC Nurnberg,1,0,H,2,2.1,3.4,3.4,2.1,3.4,3.4,1521.8490187604841,1516.549494291551,75,75,100,100,1.7400000000000002,1.64,10,7,53.14285714285713,67.14285714285714
2011-09-24,2011,Bayern Munich,Bayer Leverkusen,3,0,H,2,1.33,5.0,9.0,1.33,5.0,9.0,1649.563594459933,1600.97629693176,75,78,100,100,2.8000000000000003,1.9900000000000002,15,10,69.53081232492998,65.55555555555556
2011-09-24,2011,FC Augsburg,Hannover 96,0,0,D,1,2.88,3.4,2.38,2.88,3.4,2.38,1458.638258906381,1570.9695134052665,75,72,100,100,1.2900000000000003,1.6800000000000002,2,8,45.460317460317455,44.80370609782374
2011-09-24,2011,FSV Mainz 05,Borussia Dortmund,1,2,A,0,3.75,3.6,1.91,3.75,3.6,1.91,1513.6841254974781,1579.7461070059996,72,77,100,100,1.1300000000000001,1.8200000000000003,4,4,52.89126559714795,50.40909090909091
2011-09-25,2011,FC Cologne,TSG Hoffenheim,2,0,H,2,3.0,3.4,2.3,3.0,3.4,2.3,1494.9129805659506,1506.3922629469466,75,75,100,100,1.1300000000000001,1.6800000000000002,7,12,30.71428571428571,37.696969696969695
2011-09-25,2011,Werder Bremen,Hertha BSC,2,1,H,2,1.83,3.5,4.33,1.83,3.5,4.33,1531.1815797554714,1522.2299585372734,78,75,100,100,1.44,1.8199999999999998,10,9,47.23604826546002,51.67099567099567
2011-09-30,2011,Kaiserslautern,VfB Stuttgart,0,2,A,0,2.88,3.4,2.38,2.88,3.4,2.38,1477.336547560193,1504.703275024025,75,75,100,100,1.03,1.67,4,6,48.01587301587301,48.61960261960262
2011-10-01,2011,Bayer Leverkusen,VfL Wolfsburg,3,1,H,2,1.67,3.75,5.0,1.67,3.75,5.0,1587.1993516157684,1461.317477624258,78,78,100,100,1.7500000000000004,1.37,7,6,52.05555555555556,56.460317460317455
2011-10-01,2011,TSG Hoffenheim,Bayern Munich,0,0,D,1,6.5,4.5,1.44,6.5,4.5,1.44,1489.863814735552,1663.3405397759248,75,75,100,100,1.6700000000000004,2.8500000000000005,9,15,40.60606060606061,76.11904761904762
2011-10-01,2011,FC Nurnberg,FSV Mainz 05,3,3,D,1,2.1,3.25,3.5,2.1,3.25,3.5,1500.7935274869474,1500.690251512632,75,72,100,100,1.4200000000000002,1.09,7,1,61.86813186813187,45.50665021253256
2011-10-01,2011,SC Freiburg,Borussia Monchengladbach,1,0,H,2,3.1,3.3,2.3,3.1,3.3,2.3,1409.971224672724,1537.6049855650876,70,75,100,100,1.61,2.0900000000000003,3,12,22.947552447552447,61.27472527472528
2011-10-01,2011,Hertha BSC,FC Cologne,3,0,H,2,1.91,3.5,4.0,1.91,3.5,4.0,1506.6421047349118,1511.4414287773452,75,75,100,100,1.5400000000000003,1.24,8,10,46.21645021645021,34.269841269841265
2011-10-01,2011,Borussia Dortmund,FC Augsburg,4,0,H,2,1.25,5.5,12.0,1.25,5.5,12.0,1592.7399809908459,1463.6382842823746,77,75,100,100,2.0700000000000003,1.2500000000000002,7,2,54.88461538461538,53.23809523809523
2011-10-02,2011,Hamburg,FC Schalke 04,1,2,A,0,2.75,3.3,2.5,2.75,3.3,2.5,1440.1337396776973,1481.075479012879,75,77,100,100,1.28,1.6300000000000003,3,9,43.669934640522875,48.73376623376623
2011-10-02,2011,Hannover 96,Werder Bremen,3,2,H,2,2.75,3.3,2.5,2.75,3.3,2.5,1565.969488029273,1546.769433557833,72,78,100,100,1.7900000000000003,1.78,6,13,46.23227752639517,59.281502810914574
2011-10-14,2011,Werder Bremen,Borussia Dortmund,0,2,A,0,2.8,3.5,2.4,2.8,3.5,2.4,1531.6527297558384,1603.0539501637625,78,77,100,100,1.4900000000000002,2.3,10,7,45.81996434937612,54.88461538461538
2011-10-15,2011,VfB Stuttgart,TSG Hoffenheim,2,0,H,2,2.0,3.5,3.6,2.0,3.5,3.6,1519.445590617925,1497.2489556412852,75,75,100,100,1.8699999999999999,1.6700000000000004,9,7,43.66233766233766,48.93939393939394
2011-10-15,2011,FC Schalke 04,Kaiserslautern,1,2,A,0,1.44,4.2,7.5,1.44,4.2,7.5,1495.19872123063,1462.594231966293,77,75,100,100,1.52,1.1700000000000002,9,3,49.642857142857146,53.52869352869352
2011-10-15,2011,FSV Mainz 05,FC Augsburg,0,1,A,0,1.67,3.75,5.0,1.67,3.75,5.0,1500.6950075468703,1453.324315109458,72,75,100,100,1.1800000000000002,1.1700000000000002,2,2,47.930892636774985,49.904761904761905
2011-10-15,2011,VfL Wolfsburg,FC Nurnberg,2,1,H,2,2.1,3.4,3.4,2.1,3.4,3.4,1450.8735322683215,1500.788771452709,78,75,100,100,1.29,1.49,6,8,55.88888888888889,58.534798534798526
2011-10-15,2011,Borussia Monchengladbach,Bayer Leverkusen,2,2,D,1,2.6,3.4,2.6,2.6,3.4,2.6,1515.9781066348562,1597.6432969717048,75,78,100,100,1.95,2.08,9,7,61.51282051282051,55.166666666666664
2011-10-15,2011,Bayern Munich,Hertha BSC,4,0,H,2,1.2,6.5,13.0,1.2,6.5,13.0,1655.9553988701916,1522.863107718158,75,75,100,100,2.22,1.5,13,10,68.61904761904762,40.383116883116884
2011-10-16,2011,SC Freiburg,Hamburg,1,2,A,0,2.5,3.4,2.7,2.5,3.4,2.7,1431.5981036029555,1426.0104974599462,70,75,100,100,1.4200000000000002,1.61,6,3,29.74242424242424,46.169934640522875
2011-10-16,2011,FC Cologne,Hannover 96,2,0,H,2,2.4,3.4,2.8,2.4,3.4,2.8,1495.220425794099,1581.0861918312676,75,72,100,100,1.06,1.7400000000000002,9,8,35.1031746031746,54.56561085972851
2011-10-21,2011,FC Augsburg,Werder Bremen,1,1,D,1,3.8,3.6,1.91,3.8,3.6,1.91,1471.492398110618,1518.8953557503578,75,78,100,100,1.31,1.6800000000000004,5,7,47.48717948717949,48.200916730328494
2011-10-22,2011,FC Nurnberg,VfB Stuttgart,2,2,D,1,2.5,3.4,2.7,2.5,3.4,2.7,1482.505775470818,1534.4247862470902,75,75,100,100,1.4600000000000002,1.8699999999999999,5,12,62.10622710622711,45.090909090909086
2011-10-22,2011,TSG Hoffenheim,Borussia Monchengladbach,1,0,H,2,2.0,3.5,3.6,2.0,3.5,3.6,1482.26976001212,1519.6711641067714,75,75,100,100,1.7100000000000002,2.18,7,10,52.27272727272727,64.36996336996337
2011-10-22,2011,Kaiserslautern,SC Freiburg,1,0,H,2,2.0,3.5,3.6,2.0,3.5,3.6,1480.0913319970566,1415.3408070131334,75,70,100,100,1.4700000000000002,1.53,6,3,57.973137973137966,37.2979797979798
2011-10-22,2011,Hertha BSC,FSV Mainz 05,0,0,D,1,1.95,3.5,3.75,1.95,3.5,3.75,1512.709043195614,1482.5269245457102,75,72,100,100,1.1700000000000004,1.3900000000000001,7,1,36.95454545454545,51.18881118881119
2011-10-22,2011,Borussia Dortmund,FC Cologne,5,0,H,2,1.29,5.5,9.5,1.29,5.5,9.5,1615.811324169243,1515.096102489479,77,75,100,100,2.3,1.0100000000000002,9,9,51.67032967032967,29.547619047619044
2011-10-22,2011,Hamburg,VfL Wolfsburg,1,1,D,1,2.15,3.4,3.3,2.15,3.4,3.3,1442.2677940497683,1469.1565282502124,75,78,100,100,1.4900000000000002,1.31,6,9,39.50326797385621,48.88888888888889
2011-10-23,2011,Hannover 96,Bayern Munich,2,1,H,2,9.0,4.5,1.36,9.0,4.5,1.36,1561.2105151358874,1666.1094633927357,72,75,100,100,1.5900000000000003,2.0800000000000005,7,13,61.82051282051282,67.28571428571429
2011-10-23,2011,Bayer Leverkusen,FC Schalke 04,0,1,A,0,2.0,3.5,3.6,2.0,3.5,3.6,1593.9502394997896,1477.7016211998664,78,77,100,100,1.9100000000000001,1.24,7,6,51.23809523809523,47.1031746031746
2011-10-28,2011,SC Freiburg,Bayer Leverkusen,0,1,A,0,3.3,3.5,2.1,3.3,3.5,2.1,1402.288629086457,1572.7880087452475,70,78,100,100,1.6700000000000004,1.6700000000000004,3,4,45.2979797979798,54.57142857142858
2011-10-29,2011,Bayern Munich,FC Nurnberg,4,0,H,2,1.17,7.0,16.0,1.17,7.0,16.0,1645.42031397713,1484.879094484949,75,75,100,100,1.8600000000000005,1.58,10,3,61.57142857142858,57.82051282051282
2011-10-29,2011,FSV Mainz 05,Werder Bremen,1,3,A,0,2.7,3.4,2.5,2.7,3.4,2.5,1483.9133765662914,1516.7258141830655,72,78,100,100,1.4300000000000002,1.7600000000000002,2,5,48.46153846153846,47.98701298701299
2011-10-29,2011,Borussia Monchengladbach,Hannover 96,2,1,H,2,2.0,3.4,3.75,2.0,3.4,3.75,1501.9553884368418,1581.899664551493,75,72,100,100,1.9400000000000002,1.54,7,10,56.94139194139194,61.38095238095239
2011-10-29,2011,FC Schalke 04,TSG Hoffenheim,3,1,H,2,1.95,3.3,4.0,1.95,3.3,4.0,1498.8638519544086,1499.9855356820497,77,75,100,100,1.52,1.7600000000000002,9,7,52.1031746031746,61.0
2011-10-29,2011,VfB Stuttgart,Borussia Dortmund,1,1,D,1,3.3,3.3,2.2,3.3,3.3,2.2,1532.051467232959,1627.2989092089908,75,77,100,100,1.6300000000000001,2.4099999999999997,10,12,41.24475524475524,43.67032967032967
2011-10-29,2011,VfL Wolfsburg,Hertha BSC,2,3,A,0,2.2,3.4,3.2,2.2,3.4,3.2,1467.9207225896005,1511.3225911750328,78,75,100,100,1.19,0.9400000000000002,7,5,40.55555555555556,42.95454545454545
2011-10-30,2011,Hamburg,Kaiserslautern,1,1,D,1,1.91,3.4,4.0,1.91,3.4,4.0,1443.5035997103803,1493.143509923733,75,75,100,100,1.7600000000000002,1.6600000000000001,7,9,45.77777777777778,61.4017094017094
2011-10-30,2011,FC Cologne,FC Augsburg,3,0,H,2,1.91,3.5,4.0,1.91,3.5,4.0,1503.6085174497314,1473.6619396779104,75,75,100,100,0.89,1.2,9,6,35.83333333333333,41.42657342657343
2011-11-04,2011,FSV Mainz 05,VfB Stuttgart,3,1,H,2,2.5,3.4,2.7,2.5,3.4,2.7,1469.419968597635,1536.3310955226343,72,75,100,100,1.6800000000000002,1.67,2,8,61.79487179487179,41.38461538461539
2011-11-05,2011,Werder Bremen,FC Cologne,3,2,H,2,1.44,4.2,7.5,1.44,4.2,7.5,1531.2192221517219,1518.2328316700266,78,75,100,100,2.0300000000000002,0.82,7,9,47.98701298701299,42.5
2011-11-05,2011,Bayer Leverkusen,Hamburg,2,2,D,1,1.62,3.75,5.5,1.62,3.75,5.5,1581.5111940773895,1445.7741730700093,78,75,100,100,1.4700000000000002,1.9900000000000002,7,8,39.57142857142857,53.2063492063492
2011-11-05,2011,FC Nurnberg,SC Freiburg,1,2,A,0,1.73,3.5,5.0,1.73,3.5,5.0,1475.7874736693027,1393.5654437543149,75,70,100,100,1.33,1.9,2,3,43.82051282051282,49.38888888888889
2011-11-05,2011,Hertha BSC,Borussia Monchengladbach,1,2,A,0,2.25,3.3,3.2,2.25,3.3,3.2,1525.3341936065535,1521.5733318014322,75,75,100,100,0.97,2.16,7,7,41.72377622377622,50.94139194139194
2011-11-05,2011,Borussia Dortmund,VfL Wolfsburg,5,1,H,2,1.33,4.75,9.5,1.33,4.75,9.5,1623.0192809193156,1453.9091201580798,77,78,100,100,2.3899999999999997,1.22,13,7,48.43956043956044,37.78632478632478
2011-11-05,2011,TSG Hoffenheim,Kaiserslautern,1,1,D,1,1.67,3.8,5.0,1.67,3.8,5.0,1483.9338804169106,1490.872936564104,75,75,100,100,1.4900000000000002,1.54,4,7,61.88888888888889,56.63980463980464
2011-11-06,2011,FC Augsburg,Bayern Munich,1,2,A,0,15.0,6.0,1.2,15.0,6.0,1.2,1459.0376254576151,1654.5119347927764,75,75,100,100,1.36,1.7600000000000002,5,10,46.75990675990676,61.28571428571429
2011-11-06,2011,Hannover 96,FC Schalke 04,2,2,D,1,2.7,3.4,2.5,2.7,3.4,2.5,1562.2817211869026,1514.9155072195476,72,77,100,100,1.4200000000000004,1.9700000000000002,7,12,57.38095238095239,57.5
2011-11-18,2011,Kaiserslautern,Bayer Leverkusen,0,2,A,0,2.88,3.4,2.38,2.88,3.4,2.38,1490.5534237014979,1575.5600180692234,75,78,100,100,1.6600000000000001,1.6600000000000001,8,8,54.1001221001221,46.682539682539684
2011-11-19,2011,Bayern Munich,Borussia Dortmund,0,1,A,0,1.62,3.8,5.5,1.62,3.8,5.5,1662.353230944173,1631.7933012976503,75,77,100,100,1.8200000000000003,2.48,10,13,60.28571428571429,44.48351648351648
2011-11-19,2011,SC Freiburg,Hertha BSC,2,2,D,1,2.6,3.4,2.6,2.6,3.4,2.6,1413.282769458016,1509.161006284186,70,75,100,100,1.58,1.0,6,7,52.6031746031746,47.38034188034188
2011-11-19,2011,Borussia Monchengladbach,Werder Bremen,5,0,H,2,2.5,3.3,2.75,2.5,3.3,2.75,1537.7465191237998,1546.621455123732,75,78,100,100,1.9100000000000001,2.1300000000000003,7,7,45.98412698412699,47.72727272727273
2011-11-19,2011,FC Schalke 04,FC Nurnberg,4,0,H,2,1.75,3.5,4.75,1.75,3.5,4.75,1517.0833877661157,1456.0701479656016,77,75,100,100,1.94,1.5,10,2,54.28571428571429,51.95238095238095
2011-11-19,2011,VfL Wolfsburg,Hannover 96,4,1,H,2,2.3,3.4,3.0,2.3,3.4,3.0,1445.1350997797451,1560.1138406403345,78,72,100,100,1.2200000000000002,1.3900000000000001,4,7,37.46886446886447,53.095238095238095
2011-11-20,2011,Hamburg,TSG Hoffenheim,2,0,H,2,2.3,3.4,3.0,2.3,3.4,3.0,1451.7253490781754,1484.2533932795168,75,75,100,100,1.77,1.4800000000000002,6,5,48.095238095238095,61.317460317460316
2011-11-20,2011,VfB Stuttgart,FC Augsburg,2,1,H,2,1.4,4.5,8.0,1.4,4.5,8.0,1517.2872626968026,1451.1963293062186,75,75,100,100,1.7600000000000002,1.2900000000000003,8,4,47.38461538461539,41.75990675990676
2011-11-25,2011,FC Cologne,Borussia Monchengladbach,0,3,A,0,3.2,3.4,2.2,3.2,3.4,2.2,1502.8305986980165,1554.155136159879,75,75,100,100,0.78,2.0,6,10,40.21428571428571,46.317460317460316
2011-11-26,2011,TSG Hoffenheim,SC Freiburg,1,1,D,1,1.62,3.75,5.5,1.62,3.75,5.5,1466.7597829240756,1417.5893555140244,75,70,100,100,1.6200000000000003,1.75,4,4,52.98412698412699,56.269841269841265
2011-11-26,2011,Hertha BSC,Bayer Leverkusen,3,3,D,1,2.88,3.2,2.5,2.88,3.2,2.5,1504.8544202281776,1587.7216083742285,75,78,100,100,1.2,1.56,5,8,47.88034188034188,38.682539682539684
2011-11-26,2011,FC Nurnberg,Kaiserslautern,1,0,H,2,2.0,3.3,3.8,2.0,3.3,3.8,1442.851380009942,1478.3918333964928,75,75,100,100,1.5100000000000002,1.5700000000000003,1,8,58.61904761904761,56.25396825396825
2011-11-26,2011,Borussia Dortmund,FC Schalke 04,2,0,H,2,1.65,3.75,5.25,1.65,3.75,5.25,1649.1970198796273,1530.3021557217753,77,77,100,100,2.0900000000000003,2.0800000000000005,13,10,44.48351648351648,50.95238095238095
2011-11-26,2011,FC Augsburg,VfL Wolfsburg,2,0,H,2,2.88,3.4,2.38,2.88,3.4,2.38,1438.203741519801,1466.2448764416556,75,78,100,100,1.4800000000000002,1.5700000000000003,4,7,40.64879564879565,40.05709976298211
2011-11-26,2011,Hannover 96,Hamburg,1,1,D,1,2.2,3.4,3.2,2.2,3.4,3.2,1539.004063978424,1469.2189594336166,72,75,100,100,1.2100000000000002,1.8200000000000003,4,9,47.50700280112045,51.42857142857142
2011-11-27,2011,FSV Mainz 05,Bayern Munich,3,2,H,2,9.0,5.0,1.33,9.0,5.0,1.33,1488.4638014234667,1644.949512362196,72,75,100,100,1.9799999999999998,1.97,5,9,65.17948717948718,65.28571428571429
2011-11-27,2011,Werder Bremen,VfB Stuttgart,2,0,H,2,2.1,3.4,3.4,2.1,3.4,3.4,1530.2128380876527,1530.2798504832201,78,75,100,100,2.02,1.7600000000000005,7,8,50.72727272727273,52.34188034188035
2011-12-02,2011,Bayer Leverkusen,TSG Hoffenheim,2,0,H,2,1.73,3.75,4.5,1.73,3.75,4.5,1583.9761879261628,1464.5103986888093,78,75,100,100,1.83,1.5400000000000003,8,5,46.77777777777778,58.98412698412697
2011-12-03,2011,VfB Stuttgart,FC Cologne,2,2,D,1,1.44,4.33,7.0,1.44,4.33,7.0,1514.2767644483968,1489.1771367853537,75,75,100,100,1.6800000000000002,0.7899999999999999,5,6,53.452991452991455,42.71428571428571
2011-12-03,2011,Borussia Monchengladbach,Borussia Dortmund,1,1,D,1,3.4,3.4,2.1,3.4,3.4,2.1,1567.8085980725418,1659.9258803286348,75,77,100,100,1.8800000000000001,2.2800000000000002,12,13,39.88888888888889,52.1978021978022
2011-12-03,2011,VfL Wolfsburg,FSV Mainz 05,2,2,D,1,2.38,3.4,2.88,2.38,3.4,2.88,1448.9563310703522,1511.2194727952728,78,72,100,100,1.3199999999999998,1.9899999999999998,4,7,42.329827035709386,63.84615384615385
2011-12-03,2011,SC Freiburg,Hannover 96,1,1,D,1,2.38,3.4,2.88,2.38,3.4,2.88,1419.8387397492907,1535.8328728619551,70,72,100,100,1.75,1.3199999999999998,5,5,44.71428571428571,37.50700280112045
2011-12-03,2011,Bayern Munich,Werder Bremen,4,1,H,2,1.3,5.5,9.0,1.3,5.5,9.0,1622.1938409903898,1546.215924122476,75,78,100,100,1.9100000000000001,1.9600000000000002,6,10,61.28571428571429,43.901875901875904
2011-12-03,2011,Kaiserslautern,Hertha BSC,1,1,D,1,2.4,3.3,2.88,2.4,3.3,2.88,1460.7608200378545,1508.5998406762433,75,75,100,100,1.2900000000000003,1.51,5,6,48.0,43.21367521367522
2011-12-04,2011,Hamburg,FC Nurnberg,2,0,H,2,1.91,3.4,4.0,1.91,3.4,4.0,1472.3901505500855,1460.4823933685802,75,75,100,100,2.0100000000000007,1.52,7,4,60.317460317460316,60.76190476190476
2011-12-04,2011,FC Schalke 04,FC Augsburg,3,1,H,2,1.36,4.75,8.5,1.36,4.75,8.5,1519.5732952727678,1455.4922868911044,77,75,100,100,1.8500000000000003,1.48,10,4,50.06349206349206,47.222222222222214
2011-12-09,2011,Hertha BSC,FC Schalke 04,1,2,A,0,2.75,3.3,2.5,2.75,3.3,2.5,1506.4105902550943,1532.6552695470125,75,77,100,100,1.57,2.06,6,10,33.21367521367522,56.06349206349206
2011-12-10,2011,FC Augsburg,Borussia Monchengladbach,1,0,H,2,4.0,3.4,1.91,4.0,3.4,1.91,1442.4103126168598,1571.9540705063278,75,75,100,100,1.45,2.02,3,13,43.94949494949494,40.504273504273506
2011-12-10,2011,FC Cologne,SC Freiburg,4,0,H,2,2.3,3.4,3.0,2.3,3.4,3.0,1490.33101070354,1424.990468500753,75,70,100,100,0.8300000000000001,1.8900000000000001,4,6,43.38095238095238,47.82539682539682
2011-12-10,2011,Hannover 96,Bayer Leverkusen,0,0,D,1,2.7,3.4,2.5,2.7,3.4,2.5,1530.6811441104928,1594.681622611647,72,78,100,100,1.36,1.86,3,11,40.68160597572362,44.05050505050506
2011-12-10,2011,FSV Mainz 05,Hamburg,0,0,D,1,2.2,3.4,3.2,2.2,3.4,3.2,1508.3824549924402,1487.8419926823638,72,75,100,100,1.8,1.7300000000000004,8,9,56.666666666666664,46.98412698412698
2011-12-10,2011,FC Nurnberg,TSG Hoffenheim,0,2,A,0,2.3,3.4,3.0,2.3,3.4,3.0,1445.030551236302,1453.804964003325,75,75,100,100,1.35,1.3,3,2,70.76190476190476,55.711399711399714
2011-12-10,2011,Werder Bremen,VfL Wolfsburg,4,1,H,2,1.62,4.0,5.0,1.62,4.0,5.0,1533.660108345663,1451.7933488731849,78,78,100,100,1.6900000000000002,1.3,9,4,37.84126984126984,48.99649370237606
2011-12-11,2011,Borussia Dortmund,Kaiserslautern,1,1,D,1,1.25,5.5,12.0,1.25,5.5,12.0,1655.7804078948488,1462.9500704590034,77,75,100,100,1.95,1.3400000000000003,11,3,59.58241758241759,56.0
2011-12-11,2011,VfB Stuttgart,Bayern Munich,1,2,A,0,6.25,4.0,1.53,6.25,4.0,1.53,1513.1228905302105,1634.7496567672029,75,75,100,100,1.9700000000000002,1.7,5,9,59.452991452991455,60.33333333333333
2011-12-13,2011,FC Cologne,FSV Mainz 05,1,1,D,1,2.5,3.4,2.7,2.5,3.4,2.7,1503.356947870029,1507.4376322706134,75,72,100,100,1.1500000000000001,1.8699999999999999,7,8,44.71428571428571,55.55555555555556
2011-12-16,2011,Bayern Munich,FC Cologne,3,0,H,2,1.13,8.5,17.0,1.13,8.5,17.0,1645.366655182723,1503.54486169069,75,75,100,100,1.75,1.2200000000000002,9,5,59.666666666666664,45.320346320346324
2011-12-17,2011,SC Freiburg,Borussia Dortmund,1,4,A,0,5.5,4.0,1.57,5.5,4.0,1.57,1411.964531334264,1647.7121531290652,70,77,100,100,1.6700000000000004,1.9900000000000002,6,11,39.492063492063494,62.65934065934066
2011-12-17,2011,Hamburg,FC Augsburg,1,1,D,1,1.57,3.75,6.0,1.57,3.75,6.0,1488.7868154041905,1464.1141220388997,75,75,100,100,1.65,1.4100000000000001,9,6,46.666666666666664,41.72727272727273
2011-12-17,2011,TSG Hoffenheim,Hertha BSC,1,1,D,1,1.91,3.5,4.0,1.91,3.5,4.0,1469.4009732479606,1491.6169088441313,75,75,100,100,1.5000000000000002,1.48,5,3,61.10822510822511,38.15873015873016
2011-12-17,2011,Bayer Leverkusen,FC Nurnberg,0,3,A,0,1.5,4.0,7.0,1.5,4.0,7.0,1591.7671822249085,1429.4345419916665,78,75,100,100,1.9100000000000001,1.4300000000000002,9,3,44.05050505050506,70.47619047619047
2011-12-17,2011,FC Schalke 04,Werder Bremen,5,0,H,2,2.0,3.5,3.6,2.0,3.5,3.6,1547.4489509579755,1545.9582639901794,77,78,100,100,1.77,2.0,10,9,49.238095238095234,42.28571428571429
2011-12-17,2011,VfL Wolfsburg,VfB Stuttgart,1,0,H,2,2.6,3.4,2.6,2.6,3.4,2.6,1439.4951932286685,1502.5058921146904,78,75,100,100,1.3400000000000003,1.75,4,4,55.32128002716238,56.88888888888889
2011-12-18,2011,Kaiserslautern,Hannover 96,1,1,D,1,2.3,3.3,3.1,2.3,3.3,3.1,1471.018325224787,1533.5955844972314,75,72,100,100,1.27,1.4700000000000002,3,4,53.58241758241758,45.68160597572362
2011-12-18,2011,Borussia Monchengladbach,FSV Mainz 05,1,0,H,2,1.83,3.5,4.33,1.83,3.5,4.33,1550.2502610842878,1507.2497184499525,75,72,100,100,1.85,1.67,10,9,39.39316239316239,48.28282828282828
2012-01-20,2011,Borussia Monchengladbach,Bayern Munich,3,1,H,2,5.0,3.75,1.67,5.0,3.75,1.67,1564.280062426799,1655.1756184561382,75,75,100,100,1.7100000000000002,1.78,10,9,41.61538461538462,60.05128205128206
2012-01-21,2011,VfL Wolfsburg,FC Cologne,1,0,H,2,1.8,3.75,4.2,1.8,3.75,4.2,1458.3655421769588,1493.7358984172747,78,75,100,100,1.6300000000000001,1.0900000000000003,7,5,55.98062068650304,44.22144522144522
2012-01-21,2011,FC Schalke 04,VfB Stuttgart,3,1,H,2,1.8,3.6,4.33,1.8,3.6,4.33,1563.3803027074105,1483.6355431664,77,75,100,100,1.83,1.61,12,4,44.95238095238095,55.658119658119666
2012-01-21,2011,FC Nurnberg,Hertha BSC,2,0,H,2,2.15,3.3,3.4,2.15,3.3,3.4,1452.40988949055,1490.5952192680038,75,75,100,100,1.42,1.3800000000000001,6,4,62.85714285714285,35.93650793650794
2012-01-21,2011,SC Freiburg,FC Augsburg,1,0,H,2,2.05,3.4,3.6,2.05,3.4,3.6,1405.4136024978607,1465.2484354372577,70,75,100,100,1.7100000000000002,1.58,3,7,43.77777777777777,36.72727272727273
2012-01-21,2011,TSG Hoffenheim,Hannover 96,0,0,D,1,1.85,3.6,4.0,1.85,3.6,4.0,1470.422662824088,1530.7445580979409,75,72,100,100,1.6300000000000001,1.35,5,4,60.79076479076478,39.967320261437905
2012-01-21,2011,Kaiserslautern,Werder Bremen,0,0,D,1,2.8,3.4,2.4,2.8,3.4,2.4,1473.8693516240776,1530.0269122407444,75,78,100,100,1.4300000000000002,1.57,3,6,65.01098901098901,38.0
2012-01-22,2011,Bayer Leverkusen,FSV Mainz 05,3,2,H,2,1.8,3.5,4.5,1.8,3.5,4.5,1568.791834726025,1493.2199171074412,78,72,100,100,1.9300000000000002,1.48,8,6,46.27272727272727,49.17171717171717
2012-01-22,2011,Hamburg,Borussia Dortmund,1,5,A,0,4.33,3.5,1.83,4.33,3.5,1.83,1487.6525020058325,1654.2630819654685,75,77,100,100,2.1000000000000005,1.6500000000000004,9,11,57.77777777777777,61.23076923076924
2012-01-27,2011,Hannover 96,FC Nurnberg,1,0,H,2,2.2,3.4,3.2,2.2,3.4,3.2,1527.9942122889177,1470.1613424326056,72,75,100,100,1.33,1.42,5,9,50.55555555555556,58.41269841269841
2012-01-28,2011,Werder Bremen,Bayer Leverkusen,1,1,D,1,2.2,3.4,3.2,2.2,3.4,3.2,1527.463049774318,1581.3654855668644,78,78,100,100,1.7700000000000002,1.64,7,8,36.666666666666664,51.36363636363636
2012-01-28,2011,Borussia Dortmund,TSG Hoffenheim,3,1,H,2,1.33,5.0,9.0,1.33,5.0,9.0,1663.1290311132002,1473.1730086331113,77,75,100,100,2.0700000000000003,1.3400000000000003,11,6,58.92307692307693,54.124098124098126
2012-01-28,2011,Bayern Munich,VfL Wolfsburg,2,0,H,2,1.17,7.0,15.0,1.17,7.0,15.0,1635.0826794074699,1475.988803285019,75,78,100,100,1.95,1.5900000000000003,9,7,63.38461538461538,64.1423853923854
2012-01-28,2011,Hertha BSC,Hamburg,1,2,A,0,2.38,3.25,3.0,2.38,3.25,3.0,1472.8437663259483,1478.7865528581008,75,75,100,100,1.1600000000000001,1.8500000000000003,3,6,39.04761904761905,56.75213675213676
2012-01-28,2011,FC Cologne,FC Schalke 04,1,4,A,0,4.0,3.5,1.91,4.0,3.5,1.91,1476.1126373092145,1575.7710787570331,75,77,100,100,1.1400000000000001,1.86,5,12,30.47144522144522,49.71428571428571
2012-01-28,2011,FC Augsburg,Kaiserslautern,2,2,D,1,2.5,3.2,2.88,2.5,3.2,2.88,1446.5198621369884,1476.433214090504,75,75,100,100,1.27,1.57,7,4,33.55266955266954,62.344322344322336
2012-01-29,2011,VfB Stuttgart,Borussia Monchengladbach,0,3,A,0,2.5,3.25,2.8,2.5,3.25,2.8,1471.2447671167774,1584.3730014754674,75,75,100,100,1.67,1.4800000000000002,1,10,53.118437118437114,36.282051282051285
2012-01-29,2011,FSV Mainz 05,SC Freiburg,3,1,H,2,1.67,3.75,5.0,1.67,3.75,5.0,1480.6462662666017,1424.14217579813,72,70,100,100,1.4400000000000002,1.7300000000000004,3,5,48.080808080808076,46.06349206349206
2012-02-03,2011,FC Nurnberg,Borussia Dortmund,0,2,A,0,6.0,4.0,1.57,6.0,4.0,1.57,1456.8003160962783,1671.1598958340796,75,77,100,100,1.19,2.1300000000000003,6,11,43.49206349206349,61.92307692307693
2012-02-04,2011,TSG Hoffenheim,FC Augsburg,2,2,D,1,1.62,3.8,5.5,1.62,3.8,5.5,1465.1421439122319,1447.894029110223,75,75,100,100,1.35,1.28,5,5,43.124098124098126,29.3968253968254
2012-02-04,2011,Hertha BSC,Hannover 96,0,1,A,0,2.4,3.4,2.8,2.4,3.4,2.8,1457.1174150728114,1541.355238625245,75,72,100,100,1.1199999999999999,1.11,2,7,44.94505494505494,61.66666666666667
2012-02-04,2011,Hamburg,Bayern Munich,1,1,D,1,6.0,4.0,1.53,6.0,4.0,1.53,1494.5129041112377,1644.228624294971,75,75,100,100,1.72,1.8699999999999999,8,12,54.188034188034194,65.38461538461539
2012-02-04,2011,VfL Wolfsburg,Borussia Monchengladbach,0,0,D,1,2.88,3.4,2.4,2.88,3.4,2.4,1466.8428583975178,1595.339881845384,78,75,100,100,1.6,1.55,7,10,66.86965811965813,34.13919413919414
2012-02-04,2011,FC Schalke 04,FSV Mainz 05,1,1,D,1,1.73,3.75,4.5,1.73,3.75,4.5,1587.3034977775835,1494.06685776644,77,72,100,100,2.13,1.83,15,5,45.714285714285715,52.84271284271284
2012-02-04,2011,Bayer Leverkusen,VfB Stuttgart,2,2,D,1,1.75,3.75,4.5,1.75,3.75,4.5,1578.902912716016,1460.2778867468608,78,75,100,100,1.55,1.6700000000000004,8,1,46.6969696969697,59.150183150183146
2012-02-05,2011,SC Freiburg,Werder Bremen,2,2,D,1,3.2,3.4,2.2,3.2,3.4,2.2,1410.7215842982916,1529.9256226251664,70,78,100,100,1.4,1.7100000000000002,4,5,50.63492063492063,35.77777777777777
2012-02-05,2011,Kaiserslautern,FC Cologne,0,1,A,0,1.75,3.5,4.75,1.75,3.5,4.75,1475.0590471172693,1464.5802182886641,75,75,100,100,1.9400000000000002,1.08,5,4,70.91575091575092,42.47144522144522
2012-02-10,2011,VfL Wolfsburg,SC Freiburg,3,2,H,2,1.7,3.8,4.75,1.7,3.8,4.75,1472.5045447371208,1416.0054128043141,78,70,100,100,1.57,1.4700000000000002,7,4,68.08177933177933,57.02380952380952
2012-02-11,2011,Borussia Monchengladbach,FC Schalke 04,3,0,H,2,2.38,3.4,2.88,2.38,3.4,2.88,1589.678195505781,1583.1099776587635,75,77,100,100,1.35,1.6800000000000002,10,13,34.97835497835497,47.04761904761905
2012-02-11,2011,Werder Bremen,TSG Hoffenheim,1,1,D,1,1.83,3.5,4.33,1.83,3.5,4.33,1524.641794119144,1464.3484907594718,78,75,100,100,1.6400000000000001,1.54,6,6,31.611111111111107,36.3968253968254
2012-02-11,2011,FSV Mainz 05,Hannover 96,1,1,D,1,1.91,3.4,4.0,1.91,3.4,4.0,1498.2603778852601,1553.5502122651003,72,72,100,100,1.7400000000000002,1.08,5,9,46.62049062049062,56.777777777777786
2012-02-11,2011,VfB Stuttgart,Hertha BSC,5,0,H,2,1.8,3.5,4.5,1.8,3.5,4.5,1465.537945665805,1444.922441432956,75,75,100,100,1.4700000000000002,1.2100000000000002,1,1,53.150183150183146,60.94505494505495
2012-02-11,2011,Bayern Munich,Kaiserslautern,2,0,H,2,1.14,8.0,15.0,1.14,8.0,15.0,1637.7312332331442,1458.5766254864886,75,75,100,100,2.1100000000000003,1.75,10,4,65.38461538461539,55.91575091575091
2012-02-11,2011,Borussia Dortmund,Bayer Leverkusen,1,0,H,2,1.4,4.5,8.0,1.4,4.5,8.0,1678.3755860453596,1573.642853797072,77,78,100,100,2.21,1.6,13,6,49.03846153846153,49.42424242424242
2012-02-12,2011,FC Cologne,Hamburg,0,1,A,0,3.1,3.4,2.25,3.1,3.4,2.25,1481.0626399194448,1501.0102951730646,75,75,100,100,1.04,1.7,4,6,44.13811188811189,60.85470085470085
2012-02-12,2011,FC Augsburg,FC Nurnberg,0,0,D,1,2.7,3.2,2.63,2.7,3.2,2.63,1448.6876822629831,1449.5846258849983,75,75,100,100,1.4,1.15,6,6,39.3968253968254,40.992063492063494
2012-02-17,2011,TSG Hoffenheim,FSV Mainz 05,1,1,D,1,2.4,3.3,2.9,2.4,3.3,2.9,1467.097558750739,1500.7852906469693,75,72,100,100,1.5000000000000002,1.8300000000000005,4,5,29.253968253968253,43.893217893217894
2012-02-18,2011,FC Nurnberg,FC Cologne,2,1,H,2,1.73,3.5,5.0,1.73,3.5,5.0,1449.5433201964956,1465.9802553487891,75,75,100,100,1.23,0.9800000000000001,7,3,41.94444444444444,45.95629370629371
2012-02-18,2011,Bayer Leverkusen,FC Augsburg,4,1,H,2,1.5,4.0,7.0,1.5,4.0,7.0,1562.325005157985,1448.7289879514858,78,75,100,100,1.39,1.2200000000000002,5,4,55.852813852813846,41.61904761904761
2012-02-18,2011,Kaiserslautern,Borussia Monchengladbach,1,2,A,0,3.2,3.3,2.25,3.2,3.3,2.25,1450.1659769980306,1605.375753925087,75,75,100,100,1.6,1.2799999999999998,3,13,52.61904761904761,39.42279942279942
2012-02-18,2011,SC Freiburg,Bayern Munich,0,0,D,1,9.0,5.5,1.3,9.0,5.5,1.3,1402.5845988896667,1646.1418817216022,70,75,100,100,1.32,2.3099999999999996,4,10,57.857142857142854,69.1941391941392
2012-02-18,2011,Hamburg,Werder Bremen,1,3,A,0,2.0,3.5,3.6,2.0,3.5,3.6,1516.0926797437203,1521.8927261278768,75,78,100,100,1.77,1.3000000000000003,8,4,60.65268065268066,40.02380952380952
2012-02-18,2011,Hertha BSC,Borussia Dortmund,0,1,A,0,7.0,4.0,1.5,7.0,4.0,1.5,1429.8707078684151,1689.6934346844464,75,77,100,100,0.9400000000000001,2.12,1,15,53.8021978021978,43.76373626373626
2012-02-19,2011,Hannover 96,VfB Stuttgart,4,2,H,2,2.5,3.3,2.8,2.5,3.3,2.8,1551.0252995033911,1480.5896792303458,72,75,100,100,1.1800000000000002,2.0,9,4,51.777777777777786,57.91208791208792
2012-02-19,2011,FC Schalke 04,VfL Wolfsburg,4,0,H,2,1.67,3.75,5.0,1.67,3.75,5.0,1567.4124192394574,1485.9253586517682,77,78,100,100,1.5500000000000003,1.6300000000000001,10,10,49.42857142857142,65.02622377622377
2012-02-24,2011,Borussia Monchengladbach,Hamburg,1,1,D,1,1.73,3.75,4.5,1.73,3.75,4.5,1614.6684408450035,1500.3597569408591,75,75,100,100,1.26,1.48,13,7,28.311688311688307,52.652680652680644
2012-02-25,2011,VfL Wolfsburg,TSG Hoffenheim,1,2,A,0,2.2,3.3,3.25,2.2,3.3,3.25,1473.6106490601928,1468.6440926164887,78,75,100,100,1.53,1.3800000000000001,7,4,63.79545454545455,30.142857142857146
2012-02-25,2011,Werder Bremen,FC Nurnberg,0,1,A,0,1.8,3.5,4.5,1.8,3.5,4.5,1537.625648930738,1466.2997048119955,78,75,100,100,1.65,1.2700000000000002,7,7,38.023809523809526,48.6111111111111
2012-02-25,2011,VfB Stuttgart,SC Freiburg,4,1,H,2,1.67,3.75,5.0,1.67,3.75,5.0,1467.78964017778,1412.264777167548,75,70,100,100,2.0300000000000002,1.27,4,5,53.80952380952381,55.357142857142854
2012-02-25,2011,FC Cologne,Bayer Leverkusen,0,2,A,0,3.75,3.6,1.91,3.75,3.6,1.91,1449.2238707332892,1573.2724832531978,75,78,100,100,1.17,1.5,3,8,48.00757575757575,51.61038961038961
2012-02-25,2011,FC Augsburg,Hertha BSC,3,0,H,2,2.6,3.25,2.7,2.6,3.25,2.7,1437.781509856273,1424.012348345002,75,75,100,100,1.0500000000000003,0.95,3,0,52.52813852813853,50.627594627594625
2012-02-25,2011,FSV Mainz 05,Kaiserslautern,4,0,H,2,1.73,3.6,4.75,1.73,3.6,4.75,1499.2387567812195,1440.8732900781142,72,75,100,100,1.7,1.5100000000000002,6,2,43.004329004328994,52.61904761904761
2012-02-26,2011,Bayern Munich,FC Schalke 04,2,0,H,2,1.4,4.5,7.5,1.4,4.5,7.5,1636.461703443721,1579.7271288310328,75,77,100,100,2.11,1.57,8,10,66.30952380952381,51.42857142857142
2012-02-26,2011,Borussia Dortmund,Hannover 96,3,1,H,2,1.25,5.5,12.0,1.25,5.5,12.0,1695.5517942078595,1563.825338555957,77,72,100,100,2.1900000000000004,1.5100000000000002,15,11,48.04945054945055,65.11111111111111
2012-03-03,2011,Hannover 96,FC Augsburg,2,2,D,1,1.73,3.5,5.0,1.73,3.5,5.0,1553.6166936371135,1453.1477482966714,72,75,100,100,1.53,1.2799999999999998,10,6,51.77777777777777,53.480519480519476
2012-03-03,2011,Borussia Dortmund,FSV Mainz 05,2,1,H,2,1.3,5.0,11.0,1.3,5.0,11.0,1705.760439126703,1512.5759294043594,77,72,100,100,2.06,1.7200000000000002,15,9,53.69047619047619,44.095238095238095
2012-03-03,2011,SC Freiburg,FC Schalke 04,2,1,H,2,3.8,3.6,1.91,3.8,3.6,1.91,1398.8002427320084,1566.3168745523237,70,77,100,100,1.1,1.4300000000000002,2,7,52.73809523809524,44.61538461538461
2012-03-03,2011,Hamburg,VfB Stuttgart,0,4,A,0,2.0,3.5,3.6,2.0,3.5,3.6,1505.4418064742392,1481.2541746133193,75,75,100,100,1.5799999999999998,2.15,8,7,53.67832167832167,53.57142857142858
2012-03-03,2011,Kaiserslautern,VfL Wolfsburg,0,0,D,1,2.3,3.25,3.1,2.3,3.25,3.1,1427.5361174549744,1457.3819462613892,75,78,100,100,1.2600000000000002,1.4400000000000002,1,4,47.285714285714285,62.18831168831169
2012-03-03,2011,Bayer Leverkusen,Bayern Munich,2,0,H,2,4.5,3.6,1.8,4.5,3.6,1.8,1583.7908086558755,1649.8719577224301,78,75,100,100,1.83,2.1700000000000004,8,11,58.075036075036074,68.36080586080587
2012-03-03,2011,Hertha BSC,Werder Bremen,1,0,H,2,2.5,3.4,2.7,2.5,3.4,2.7,1408.6461099046037,1518.3863473005285,75,78,100,100,0.8600000000000001,1.6700000000000004,0,6,52.849816849816854,38.02380952380952
2012-03-04,2011,TSG Hoffenheim,FC Cologne,1,1,D,1,1.62,3.8,5.5,1.62,3.8,5.5,1484.8727954152923,1438.7055453306116,75,75,100,100,1.58,1.2600000000000002,6,3,33.0,51.20202020202019
2012-03-04,2011,FC Nurnberg,Borussia Monchengladbach,1,0,H,2,3.0,3.25,2.38,3.0,3.25,2.38,1485.539006442205,1609.5863913116234,75,75,100,100,1.28,1.26,7,11,53.05555555555556,28.311688311688307
2012-03-09,2011,VfB Stuttgart,Kaiserslautern,0,0,D,1,1.67,3.75,5.0,1.67,3.75,5.0,1498.3662601895605,1428.9071977579292,75,75,100,100,2.2800000000000002,1.11,10,1,52.42857142857143,43.857142857142854
2012-03-10,2011,Borussia Monchengladbach,SC Freiburg,0,0,D,1,1.53,4.0,6.0,1.53,4.0,6.0,1588.1047666137467,1421.9676846301,75,70,100,100,1.0,1.2000000000000002,8,5,25.45454545454545,56.16666666666667
2012-03-10,2011,VfL Wolfsburg,Bayer Leverkusen,3,2,H,2,2.88,3.4,2.38,2.88,3.4,2.38,1456.0108659584344,1602.7977862016292,78,78,100,100,1.75,1.8900000000000001,5,10,64.1883116883117,51.52958152958153
2012-03-10,2011,FSV Mainz 05,FC Nurnberg,2,1,H,2,1.91,3.4,4.0,1.91,3.4,4.0,1504.6563407193191,1507.0206311400816,72,75,100,100,1.31,1.4600000000000002,6,10,38.38095238095239,70.83333333333333
2012-03-10,2011,FC Augsburg,Borussia Dortmund,0,0,D,1,8.5,4.75,1.36,8.5,4.75,1.36,1457.6497218096947,1713.6800278117432,75,77,100,100,1.36,1.9,6,15,60.9090909090909,52.97619047619047
2012-03-10,2011,Bayern Munich,TSG Hoffenheim,7,1,H,2,1.25,5.5,12.0,1.25,5.5,12.0,1630.8649801766765,1482.7591406979961,75,75,100,100,2.15,1.81,8,7,72.90626040626042,43.55555555555556
2012-03-10,2011,FC Cologne,Hertha BSC,1,0,H,2,2.38,3.25,3.0,2.38,3.25,3.0,1440.8192000479078,1429.5382175673453,75,75,100,100,1.27,0.69,4,3,39.64646464646465,43.61904761904762
2012-03-11,2011,FC Schalke 04,Hamburg,3,1,H,2,1.83,3.6,4.2,1.83,3.6,4.2,1543.1494326542322,1488.329720897998,77,75,100,100,1.4000000000000001,1.46,4,5,48.61538461538461,46.90909090909091
2012-03-11,2011,Werder Bremen,Hannover 96,3,0,H,2,2.0,3.5,3.6,2.0,3.5,3.6,1497.494239637787,1549.1147201240901,78,72,100,100,1.64,1.52,5,8,50.023809523809526,38.0
2012-03-16,2011,TSG Hoffenheim,VfB Stuttgart,1,2,A,0,2.3,3.4,3.0,2.3,3.4,3.0,1473.1945035461708,1495.2094967200608,75,75,100,100,1.5600000000000003,2.56,6,10,42.26143790849673,56.97402597402597
2012-03-17,2011,Bayer Leverkusen,Borussia Monchengladbach,1,2,A,0,2.1,3.4,3.4,2.1,3.4,3.4,1580.4134135914376,1580.9881966893977,78,75,100,100,1.75,1.2,9,8,50.101010101010104,28.571428571428566
2012-03-17,2011,FC Nurnberg,VfL Wolfsburg,1,3,A,0,2.0,3.4,3.75,2.0,3.4,3.75,1490.9117532231373,1478.395238568626,75,78,100,100,1.45,1.9100000000000001,10,7,64.44444444444443,61.07142857142858
2012-03-17,2011,Hertha BSC,Bayern Munich,0,6,A,0,9.0,5.0,1.33,9.0,5.0,1.33,1414.057543521566,1640.4296173285018,75,75,100,100,0.8400000000000001,2.2,3,10,37.61904761904761,74.8670447199859
2012-03-17,2011,Borussia Dortmund,Werder Bremen,1,0,H,2,1.33,5.0,9.0,1.33,5.0,9.0,1703.643590539474,1515.854111600202,77,78,100,100,1.81,1.86,13,7,64.76190476190476,55.52380952380952
2012-03-17,2011,Hamburg,SC Freiburg,1,3,A,0,1.83,3.75,4.0,1.83,3.75,4.0,1474.8335183669199,1429.084254554449,75,70,100,100,1.69,0.9600000000000002,4,5,52.96969696969696,50.095238095238095
2012-03-17,2011,FC Augsburg,FSV Mainz 05,2,1,H,2,2.9,3.3,2.4,2.9,3.3,2.4,1467.686159081964,1520.7652186362634,75,72,100,100,1.1700000000000004,1.33,6,8,52.623376623376615,44.6031746031746
2012-03-18,2011,Hannover 96,FC Cologne,4,1,H,2,1.62,3.8,5.5,1.62,3.8,5.5,1530.754848161675,1456.299874093687,72,75,100,100,1.57,1.29,5,4,46.0,34.64646464646465
2012-03-18,2011,Kaiserslautern,FC Schalke 04,1,4,A,0,3.5,3.3,2.1,3.5,3.3,2.1,1432.063961227429,1556.6456351853103,75,77,100,100,1.04,1.61,2,6,44.311688311688314,38.55477855477856
2012-03-23,2011,VfL Wolfsburg,Hamburg,2,1,H,2,2.05,3.5,3.4,2.05,3.5,3.4,1494.9713961396162,1456.7387797060164,78,75,100,100,1.7,1.73,7,1,62.857142857142854,50.94949494949494
2012-03-24,2011,Borussia Monchengladbach,TSG Hoffenheim,1,2,A,0,1.67,3.6,5.25,1.67,3.6,5.25,1596.9617269736846,1458.2069767749047,75,75,100,100,1.33,1.5900000000000003,8,5,19.238095238095234,41.78524743230626
2012-03-24,2011,FC Schalke 04,Bayer Leverkusen,2,0,H,2,1.91,3.6,3.75,1.91,3.6,3.75,1567.14230504118,1564.4398833071507,77,78,100,100,1.86,2.1,9,9,44.38811188811189,54.67243867243867
2012-03-24,2011,Werder Bremen,FC Augsburg,1,1,D,1,1.8,3.5,4.5,1.8,3.5,4.5,1507.7479922648567,1486.1116988363149,78,75,100,100,1.6800000000000002,1.3400000000000003,6,8,48.82051282051282,54.290043290043286
2012-03-24,2011,FSV Mainz 05,Hertha BSC,1,3,A,0,1.73,3.5,5.0,1.73,3.5,5.0,1502.3396788819125,1407.220956320398,72,75,100,100,1.2600000000000002,0.95,7,3,39.6031746031746,35.71428571428571
2012-03-24,2011,Bayern Munich,Hannover 96,2,1,H,2,1.17,7.0,15.0,1.17,7.0,15.0,1647.2662045296697,1543.3776109463226,75,72,100,100,2.0500000000000003,1.72,10,7,71.05752091046209,46.66666666666667
2012-03-24,2011,SC Freiburg,Kaiserslautern,2,0,H,2,2.0,3.4,3.75,2.0,3.4,3.75,1447.1789932153524,1421.5672913715593,70,75,100,100,1.1200000000000003,1.1700000000000004,8,2,53.7063492063492,48.95454545454545
2012-03-25,2011,FC Cologne,Borussia Dortmund,1,6,A,0,8.0,4.5,1.4,8.0,4.5,1.4,1443.6771113090394,1711.7497098748192,75,77,100,100,1.53,1.8500000000000003,4,13,34.888888888888886,70.03663003663004
2012-03-25,2011,VfB Stuttgart,FC Nurnberg,1,0,H,2,1.83,3.5,4.33,1.83,3.5,4.33,1510.197023491327,1474.335595652147,75,75,100,100,2.3300000000000005,1.2600000000000002,10,9,58.878787878787875,63.49206349206348
2012-03-30,2011,Borussia Dortmund,VfB Stuttgart,4,4,D,1,1.29,5.5,10.0,1.29,5.5,10.0,1717.3842005978688,1524.5513836944938,77,75,100,100,1.9800000000000004,2.1400000000000006,13,13,67.75091575091575,56.65656565656566
2012-03-31,2011,Kaiserslautern,Hamburg,0,1,A,0,2.5,3.25,2.8,2.5,3.25,2.8,1406.744622020478,1442.4923841529585,75,75,100,100,0.9900000000000002,1.41,2,1,35.62121212121211,43.564879564879554
2012-03-31,2011,Werder Bremen,FSV Mainz 05,0,3,A,0,2.1,3.4,3.4,2.1,3.4,3.4,1506.7528901610171,1482.0655547917784,78,72,100,100,1.56,1.38,4,6,48.82051282051282,43.6031746031746
2012-03-31,2011,FC Nurnberg,Bayern Munich,0,1,A,0,8.5,4.75,1.36,8.5,4.75,1.36,1459.9812354489802,1658.6196234370268,75,75,100,100,1.2400000000000002,2.2400000000000007,6,12,65.71428571428571,75.70037805331923
2012-03-31,2011,Bayer Leverkusen,SC Freiburg,0,2,A,0,1.7,3.8,4.75,1.7,3.8,4.75,1548.5643319174292,1462.0016625664339,78,70,100,100,1.78,1.1300000000000001,6,10,52.248196248196244,59.53968253968253
2012-03-31,2011,Hertha BSC,VfL Wolfsburg,1,4,A,0,2.4,3.3,2.9,2.4,3.3,2.9,1427.4950804105322,1509.2177916926742,75,78,100,100,1.1800000000000002,1.6400000000000001,6,10,38.0,70.24175824175825
2012-03-31,2011,FC Augsburg,FC Cologne,2,1,H,2,2.0,3.4,3.75,2.0,3.4,3.75,1487.1068009401545,1438.0426205859899,75,75,100,100,1.5500000000000003,1.4300000000000002,9,4,55.38095238095239,36.22222222222222
2012-04-01,2011,Hannover 96,Borussia Monchengladbach,2,1,H,2,2.7,3.25,2.6,2.7,3.25,2.6,1532.0241920389656,1574.8911941178196,72,75,100,100,1.43,1.4100000000000001,4,5,36.19047619047619,29.238095238095234
2012-04-01,2011,TSG Hoffenheim,FC Schalke 04,1,1,D,1,3.0,3.4,2.3,3.0,3.4,2.3,1480.2775096307696,1583.0178564309015,75,77,100,100,1.6,1.78,7,9,39.78524743230626,45.72144522144522
2012-04-07,2011,VfL Wolfsburg,Borussia Dortmund,1,3,A,0,5.5,4.0,1.57,5.5,4.0,1.57,1521.5222265041587,1709.3158606837937,78,77,100,100,1.6800000000000002,2.2,13,11,55.598901098901095,68.16758241758241
2012-04-07,2011,VfB Stuttgart,FSV Mainz 05,4,1,H,2,2.05,3.4,3.6,2.05,3.4,3.6,1532.6197236085688,1499.2005390883257,75,72,100,100,1.92,1.24,11,6,54.57323232323233,31.6031746031746
2012-04-07,2011,Kaiserslautern,TSG Hoffenheim,1,2,A,0,2.75,3.3,2.5,2.75,3.3,2.5,1392.3850825178342,1484.8756253891527,75,75,100,100,1.27,1.53,2,5,40.95454545454545,48.03921568627451
2012-04-07,2011,Borussia Monchengladbach,Hertha BSC,0,0,D,1,1.57,3.75,6.0,1.57,3.75,6.0,1556.9270522686704,1415.1906455990477,75,75,100,100,1.5000000000000002,1.44,4,6,33.480519480519476,42.166666666666664
2012-04-07,2011,FC Cologne,Werder Bremen,1,1,D,1,2.8,3.4,2.4,2.8,3.4,2.4,1424.2872084626802,1489.6179058644698,75,78,100,100,1.32,1.6300000000000001,4,4,33.44444444444444,62.15384615384615
2012-04-07,2011,SC Freiburg,FC Nurnberg,2,2,D,1,2.1,3.4,3.4,2.1,3.4,3.4,1481.9075350337623,1452.247261707073,70,75,100,100,1.1500000000000001,1.11,13,3,52.87301587301588,62.38095238095237
2012-04-07,2011,Bayern Munich,FC Augsburg,2,1,H,2,1.13,8.0,21.0,1.13,8.0,21.0,1666.353597178934,1500.8622130634642,75,75,100,100,2.0100000000000002,1.7,12,9,70.31576266870384,67.04761904761904
2012-04-08,2011,FC Schalke 04,Hannover 96,3,0,H,2,1.67,3.8,5.0,1.67,3.8,5.0,1578.4197406725184,1549.9883338881148,77,72,100,100,1.97,1.52,10,7,49.994949494949495,38.61471861471862
2012-04-08,2011,Hamburg,Bayer Leverkusen,1,1,D,1,2.75,3.3,2.5,2.75,3.3,2.5,1456.8519236556021,1528.6584594501007,75,78,100,100,1.42,1.55,3,3,36.8982128982129,51.692640692640694
2012-04-10,2011,Werder Bremen,Borussia Monchengladbach,2,2,D,1,2.4,3.4,2.8,2.4,3.4,2.8,1486.6442807387343,1550.739359328773,78,75,100,100,1.4499999999999997,1.5000000000000002,5,5,53.40384615384615,38.480519480519476
2012-04-10,2011,FSV Mainz 05,FC Cologne,4,0,H,2,1.57,4.0,5.5,1.57,4.0,5.5,1484.7348205209219,1427.2608335884156,72,75,100,100,1.33,1.4,6,4,28.55555555555556,37.75
2012-04-10,2011,Hertha BSC,SC Freiburg,1,2,A,0,2.1,3.4,3.4,2.1,3.4,3.4,1421.3783385389452,1480.5449375150743,75,70,100,100,1.57,1.2000000000000002,4,11,57.166666666666664,49.2063492063492
2012-04-10,2011,FC Augsburg,VfB Stuttgart,1,3,A,0,2.7,3.4,2.5,2.7,3.4,2.5,1491.9549104935606,1547.0854421759727,75,75,100,100,1.4600000000000004,1.7899999999999998,8,11,63.54761904761904,55.90656565656566
2012-04-11,2011,Borussia Dortmund,Bayern Munich,1,0,H,2,2.6,3.4,2.7,2.6,3.4,2.7,1717.4218352423331,1675.2608997488376,77,75,100,100,2.09,2.04,11,15,64.79095904095905,63.2703081232493
2012-04-11,2011,Hannover 96,VfL Wolfsburg,2,0,H,2,2.1,3.5,3.3,2.1,3.5,3.3,1535.294733754056,1513.4162519456193,72,78,100,100,1.32,1.6400000000000001,6,12,38.61471861471862,52.68981018981019
2012-04-11,2011,TSG Hoffenheim,Hamburg,4,0,H,2,2.2,3.4,3.2,2.2,3.4,3.2,1496.7141220312726,1460.1124442327352,75,75,100,100,1.35,1.5500000000000003,7,4,37.48366013071895,44.009324009324004
2012-04-11,2011,Bayer Leverkusen,Kaiserslautern,3,1,H,2,1.4,4.5,8.0,1.4,4.5,8.0,1525.3979388729676,1380.5465858757143,78,75,100,100,1.59,1.29,1,1,55.126984126984134,47.95454545454545
2012-04-11,2011,FC Nurnberg,FC Schalke 04,4,1,H,2,3.0,3.4,2.3,3.0,3.4,2.3,1453.609859225761,1593.113340806577,75,77,100,100,1.1300000000000001,2.22,1,13,54.04761904761905,57.994949494949495
2012-04-13,2011,VfB Stuttgart,Werder Bremen,4,1,H,2,1.73,4.0,4.2,1.73,4.0,4.2,1560.567683398852,1489.5629328650577,75,78,100,100,1.7100000000000002,1.4500000000000002,13,3,44.99747474747475,52.90384615384615
2012-04-14,2011,FC Schalke 04,Borussia Dortmund,1,2,A,0,3.3,3.5,2.1,3.3,3.5,2.1,1571.0133152260191,1731.4897269073529,77,77,100,100,1.9299999999999997,2.1999999999999997,10,13,53.579365079365076,59.07667332667332
2012-04-14,2011,Kaiserslautern,FC Nurnberg,0,2,A,0,2.8,3.4,2.4,2.8,3.4,2.4,1370.8558483534428,1475.709884806319,75,75,100,100,1.5,1.1800000000000002,0,4,55.83333333333333,60.07936507936508
2012-04-14,2011,Bayer Leverkusen,Hertha BSC,3,3,D,1,1.53,4.0,6.0,1.53,4.0,6.0,1535.0886763952392,1408.077023725501,78,75,100,100,1.83,1.4300000000000002,4,4,53.222222222222214,64.30952380952381
2012-04-14,2011,Hamburg,Hannover 96,1,0,H,2,2.3,3.4,3.0,2.3,3.4,3.0,1445.7918057360348,1550.2885220879998,75,72,100,100,1.5000000000000002,1.2100000000000002,4,9,46.282051282051285,35.705627705627705
2012-04-14,2011,VfL Wolfsburg,FC Augsburg,1,2,A,0,1.73,3.75,4.5,1.73,3.75,4.5,1498.4224636116755,1478.4726692706813,78,75,100,100,1.6199999999999999,1.6199999999999999,9,7,52.17032967032967,74.19696969696969
2012-04-14,2011,Bayern Munich,FSV Mainz 05,0,0,D,1,1.29,5.0,11.0,1.29,5.0,11.0,1661.1930080838179,1498.1119271581383,75,72,100,100,1.6800000000000002,1.31,12,6,59.404761904761905,31.666666666666664
2012-04-15,2011,Borussia Monchengladbach,FC Cologne,3,0,H,2,1.5,4.33,6.0,1.5,4.33,6.0,1547.8207072024495,1413.8837269511992,75,75,100,100,1.7600000000000002,1.07,5,1,42.40909090909091,35.75
2012-04-15,2011,SC Freiburg,TSG Hoffenheim,0,0,D,1,2.3,3.4,3.0,2.3,3.4,3.0,1493.8462523285184,1511.034760527973,70,75,100,100,1.32,1.6600000000000001,13,10,40.63492063492064,37.77777777777778
2012-04-20,2011,FSV Mainz 05,VfL Wolfsburg,0,0,D,1,1.91,3.6,3.75,1.91,3.6,3.75,1505.1151645820028,1481.5047499977597,72,78,100,100,1.1400000000000001,1.9900000000000002,7,6,31.37254901960784,52.17032967032967
2012-04-21,2011,Werder Bremen,Bayern Munich,1,2,A,0,3.2,3.4,2.2,3.2,3.4,2.2,1476.7880466155834,1654.1897706599534,78,75,100,100,1.54,1.47,3,10,53.416666666666664,61.365546218487395
2012-04-21,2011,FC Nurnberg,Hamburg,1,1,D,1,2.2,3.3,3.25,2.2,3.3,3.25,1487.0226260817751,1466.4640169491386,75,75,100,100,1.3200000000000003,1.58,7,7,57.222222222222214,51.93861693861694
2012-04-21,2011,TSG Hoffenheim,Bayer Leverkusen,0,1,A,0,2.38,3.4,2.88,2.38,3.4,2.88,1510.2438456299703,1529.486919109007,75,78,100,100,1.35,1.86,11,5,41.11111111111111,47.222222222222214
2012-04-21,2011,FC Cologne,VfB Stuttgart,1,1,D,1,4.0,3.75,1.83,4.0,3.75,1.83,1403.7633389100704,1573.3425696483264,75,75,100,100,0.7700000000000001,1.7700000000000002,1,13,30.416666666666664,44.99747474747475
2012-04-21,2011,Borussia Dortmund,Borussia Monchengladbach,2,0,H,2,1.44,4.2,7.5,1.44,4.2,7.5,1740.5837760307288,1557.9410952435783,77,75,100,100,2.2,1.8500000000000003,13,5,50.78607503607503,54.4090909090909
2012-04-21,2011,Hertha BSC,Kaiserslautern,1,2,A,0,1.53,4.0,6.0,1.53,4.0,6.0,1413.6787810117332,1359.5431070779866,75,75,100,100,1.7700000000000002,1.59,5,0,67.64285714285714,65.47619047619047
2012-04-22,2011,FC Augsburg,FC Schalke 04,1,1,D,1,3.2,3.4,2.2,3.2,3.4,2.2,1495.390382884597,1561.9192661026432,75,77,100,100,1.5699999999999998,1.86,7,7,64.91125541125541,55.52380952380952
2012-04-22,2011,Hannover 96,SC Freiburg,0,0,D,1,1.83,3.5,4.2,1.83,3.5,4.2,1529.616310874896,1494.6371672265211,72,70,100,100,0.74,1.1800000000000002,6,11,30.493506493506494,39.52380952380952
2012-04-28,2011,SC Freiburg,FC Cologne,4,1,H,2,2.25,3.5,3.0,2.25,3.5,3.0,1496.2425957358648,1411.006503591555,70,75,100,100,1.1900000000000002,0.95,9,2,35.07936507936508,36.26282051282051
2012-04-28,2011,Hamburg,FSV Mainz 05,0,0,D,1,2.1,3.4,3.4,2.1,3.4,3.4,1467.4096724463413,1504.0295354576942,75,72,100,100,1.7100000000000002,1.3,8,8,59.32323232323232,26.03921568627451
2012-04-28,2011,FC Schalke 04,Hertha BSC,4,0,H,2,1.44,4.33,7.0,1.44,4.33,7.0,1558.8924027241455,1395.205722671379,77,75,100,100,1.58,1.6700000000000004,5,2,45.523809523809526,72.5
2012-04-28,2011,VfL Wolfsburg,Werder Bremen,3,1,H,2,2.1,3.5,3.3,2.1,3.5,3.3,1482.5903791220683,1468.3146874954862,78,78,100,100,1.9100000000000001,1.4900000000000002,4,2,50.11904761904762,58.75
2012-04-28,2011,Bayern Munich,VfB Stuttgart,2,0,H,2,1.7,3.75,4.75,1.7,3.75,4.75,1662.6631297800507,1566.0994049668418,75,75,100,100,1.5000000000000002,1.8800000000000001,10,11,50.889355742296914,46.70687645687646
2012-04-28,2011,Kaiserslautern,Borussia Dortmund,2,5,A,0,7.0,4.0,1.5,7.0,4.0,1.5,1378.016165418341,1748.8705280243844,75,77,100,100,1.86,2.1900000000000004,3,13,65.95238095238095,53.78607503607503
2012-04-28,2011,TSG Hoffenheim,FC Nurnberg,2,3,A,0,1.91,3.5,4.0,1.91,3.5,4.0,1495.129116875176,1486.0769705845723,75,75,100,100,1.3699999999999999,1.4000000000000004,8,8,51.11111111111111,49.666666666666664
2012-04-28,2011,Bayer Leverkusen,Hannover 96,1,0,H,2,1.83,3.6,4.2,1.83,3.6,4.2,1544.6016478638014,1528.0108823655523,78,72,100,100,1.9600000000000002,0.95,8,7,40.55555555555556,38.74747474747475
2012-04-28,2011,Borussia Monchengladbach,FC Augsburg,0,0,D,1,1.73,3.75,4.5,1.73,3.75,4.5,1549.6543432499227,1498.4172462630947,75,75,100,100,1.6900000000000002,1.57,5,7,49.40909090909091,69.57792207792208
2012-05-05,2011,FC Cologne,Bayern Munich,1,4,A,0,5.0,4.0,1.62,5.0,4.0,1.62,1398.8548722134997,1674.3272784448716,75,75,100,100,1.04,1.61,2,10,42.92948717948718,50.889355742296914
2012-05-05,2011,FC Augsburg,Hamburg,1,0,H,2,2.4,3.3,2.88,2.4,3.3,2.88,1500.7598440334684,1469.0898621791093,75,75,100,100,1.23,1.7400000000000002,5,6,61.24458874458874,60.65656565656566
2012-05-05,2011,Hertha BSC,TSG Hoffenheim,3,1,H,2,1.95,3.6,3.6,1.95,3.6,3.6,1386.2314887120335,1478.7123444332099,75,75,100,100,1.49,1.4600000000000002,2,7,63.0,55.294117647058826
2012-05-05,2011,Hannover 96,Kaiserslautern,2,1,H,2,1.33,5.0,9.0,1.33,5.0,9.0,1512.7743351499726,1374.6318681104908,72,75,100,100,0.89,1.7400000000000002,4,3,41.323232323232325,59.28571428571428
2012-05-05,2011,Borussia Dortmund,SC Freiburg,4,0,H,2,1.3,5.25,9.5,1.3,5.25,9.5,1752.2548253322345,1508.3942271139201,77,70,100,100,1.9300000000000002,1.44,15,9,53.36940836940837,41.746031746031754
2012-05-05,2011,FSV Mainz 05,Borussia Monchengladbach,0,3,A,0,2.3,3.4,3.0,2.3,3.4,3.0,1502.3493457249263,1547.311745479549,72,75,100,100,1.33,1.6300000000000001,6,6,38.03921568627451,48.5
2012-05-05,2011,VfB Stuttgart,VfL Wolfsburg,3,2,H,2,1.91,3.75,3.6,1.91,3.75,3.6,1554.435256302021,1497.9333289484412,75,78,100,100,1.9,2.0700000000000003,10,4,50.45687645687646,58.52813852813853
2012-05-05,2011,FC Nurnberg,Bayer Leverkusen,1,4,A,0,2.5,3.3,2.8,2.5,3.3,2.8,1502.4937430265384,1559.8381950793812,75,78,100,100,1.6500000000000004,1.9800000000000004,11,11,44.37254901960784,33.88888888888889
2012-05-05,2011,Werder Bremen,FC Schalke 04,2,3,A,0,2.5,3.4,2.7,2.5,3.4,2.7,1452.9717376691133,1567.866636683491,78,77,100,100,1.3699999999999999,1.5800000000000003,2,7,47.840909090909086,48.63492063492063
2012-08-24,2012,Borussia Dortmund,Werder Bremen,2,1,H,2,1.3,5.5,9.0,1.3,5.5,9.0,1758.56579643657,1442.0780467993272,80,76,100,100,2.04,1.61,15,1,57.460317460317455,47.590909090909086
2012-08-25,2012,Greuther Furth,Bayern Munich,0,3,A,0,8.5,4.75,1.36,8.5,4.75,1.36,1500.0,1679.7667394570683,75,75,100,100,1.0,1.6200000000000003,0,10,50.0,57.675070028011206
2012-08-25,2012,Ein Frankfurt,Bayer Leverkusen,2,1,H,2,2.8,3.4,2.4,2.8,3.4,2.4,1397.092148696291,1573.2211070653493,75,78,100,100,0.96,1.67,1,13,33.151515151515156,28.333333333333332
2012-08-25,2012,SC Freiburg,FSV Mainz 05,1,1,D,1,2.5,3.3,2.75,2.5,3.3,2.75,1502.0832560095846,1488.4084585595701,72,73,100,100,1.3599999999999999,1.16,8,6,38.41269841269841,44.26143790849674
2012-08-25,2012,Hamburg,FC Nurnberg,0,1,A,0,2.05,3.4,3.5,2.05,3.4,3.5,1454.544292699278,1489.1108310405702,75,75,100,100,1.6300000000000001,1.6300000000000001,5,10,64.54545454545455,49.372549019607845
2012-08-25,2012,Borussia Monchengladbach,TSG Hoffenheim,2,1,H,2,1.91,3.4,4.0,1.91,3.4,4.0,1561.2526326449051,1458.5512570092767,75,75,100,100,1.7000000000000004,1.35,8,4,54.61111111111111,64.83957219251337
2012-08-25,2012,VfB Stuttgart,VfL Wolfsburg,0,1,A,0,2.0,3.5,3.6,2.0,3.5,3.6,1567.8559448281173,1484.5126404223447,76,75,100,100,1.9100000000000001,1.9700000000000002,10,4,46.45687645687646,56.103896103896105
2012-08-25,2012,FC Augsburg,Fortuna Dusseldorf,0,2,A,0,2.0,3.5,3.6,2.0,3.5,3.6,1515.3054135132998,1500.0,70,75,100,100,1.3,1.0,8,0,53.74458874458875,50.0
2012-08-26,2012,Hannover 96,FC Schalke 04,2,2,D,1,2.88,3.4,2.38,2.88,3.4,2.38,1522.727956169643,1578.760327553277,75,78,100,100,1.3400000000000003,1.3800000000000001,7,7,55.101010101010104,41.63492063492063
2012-08-31,2012,FSV Mainz 05,Greuther Furth,0,1,A,0,1.8,3.5,4.5,1.8,3.5,4.5,1489.037881265097,1491.6111804612456,73,75,100,100,1.1300000000000001,0.7000000000000001,4,0,41.673202614379086,33.33333333333333
2012-09-01,2012,Fortuna Dusseldorf,Borussia Monchengladbach,0,0,D,1,2.9,3.3,2.4,2.9,3.3,2.4,1516.7043847500975,1572.656163407325,75,75,100,100,1.25,1.3800000000000001,3,10,0.0,54.11111111111111
2012-09-01,2012,TSG Hoffenheim,Ein Frankfurt,0,4,A,0,2.05,3.4,3.5,2.05,3.4,3.5,1447.1477262468568,1420.5730684604862,75,75,100,100,1.4600000000000002,0.99,1,4,67.83957219251337,27.83682983682984
2012-09-01,2012,Bayer Leverkusen,SC Freiburg,2,0,H,2,1.57,4.0,5.5,1.57,4.0,5.5,1549.740187301154,1501.4538333040578,78,72,100,100,1.7899999999999998,1.3,10,6,32.43589743589744,46.1437908496732
2012-09-01,2012,FC Nurnberg,Borussia Dortmund,1,1,D,1,6.0,4.0,1.55,6.0,4.0,1.55,1503.524214637322,1763.0205818233,75,80,100,100,1.85,2.1000000000000005,10,15,40.2296918767507,64.44444444444444
2012-09-01,2012,FC Schalke 04,FC Augsburg,3,1,H,2,1.36,4.75,8.5,1.36,4.75,8.5,1576.2020825539596,1498.6010287632023,78,70,100,100,1.7100000000000002,1.3400000000000003,8,8,52.11111111111111,57.38095238095239
2012-09-01,2012,Werder Bremen,Hamburg,2,0,H,2,1.73,3.75,4.5,1.73,3.75,4.5,1437.6232614125972,1440.1309091025262,76,75,100,100,1.45,1.59,0,5,44.535353535353536,61.54545454545455
2012-09-02,2012,Bayern Munich,VfB Stuttgart,6,1,H,2,1.25,6.0,11.0,1.25,6.0,11.0,1688.1555589958227,1548.0898065642643,75,76,100,100,1.94,1.7100000000000002,13,7,59.57983193277312,53.58974358974359
2012-09-02,2012,VfL Wolfsburg,Hannover 96,0,4,A,0,1.95,3.5,3.75,1.95,3.5,3.75,1504.2787786861977,1525.2862011689604,75,75,100,100,1.8900000000000001,1.3199999999999998,7,5,54.42557442557442,52.67676767676768
2012-09-14,2012,FC Augsburg,VfL Wolfsburg,0,0,D,1,2.7,3.4,2.5,2.7,3.4,2.5,1486.1164254241223,1489.2450290181048,70,75,100,100,1.4700000000000002,1.35,5,7,60.757575757575765,40.13986013986013
2012-09-15,2012,Hannover 96,Werder Bremen,3,2,H,2,2.3,3.4,3.0,2.3,3.4,3.0,1540.3199508370533,1453.7387408511436,75,76,100,100,1.65,1.7600000000000002,8,3,67.22222222222221,49.535353535353536
2012-09-15,2012,Borussia Dortmund,Bayer Leverkusen,3,0,H,2,1.44,4.33,7.0,1.44,4.33,7.0,1752.8879377629005,1563.5307256700032,80,78,100,100,2.14,1.8800000000000001,13,12,73.55555555555556,33.547008547008545
2012-09-15,2012,Bayern Munich,FSV Mainz 05,3,1,H,2,1.17,7.0,15.0,1.17,7.0,15.0,1698.0334172471453,1473.1563839055827,75,73,100,100,2.4000000000000004,1.31,15,3,56.78571428571429,56.967320261437905
2012-09-15,2012,Borussia Monchengladbach,FC Nurnberg,2,3,A,0,2.0,3.4,3.75,2.0,3.4,3.75,1570.1015350918522,1513.6568586977216,75,75,100,100,1.19,1.8,8,8,47.0,42.705882352941174
2012-09-15,2012,VfB Stuttgart,Fortuna Dusseldorf,0,0,D,1,1.62,3.8,5.5,1.62,3.8,5.5,1538.2119483129418,1519.2590130655703,76,75,100,100,1.44,0.75,4,4,47.756410256410255,27.77777777777778
2012-09-15,2012,Greuther Furth,FC Schalke 04,0,2,A,0,3.75,3.5,1.95,3.75,3.5,1.95,1507.4926778207598,1588.6866858930396,75,78,100,100,0.7250000000000001,1.7500000000000004,3,11,16.666666666666664,48.57575757575757
2012-09-16,2012,Ein Frankfurt,Hamburg,3,2,H,2,2.0,3.4,3.75,2.0,3.4,3.75,1437.7944956539136,1424.0154296639798,75,75,100,100,1.2,1.3900000000000001,6,2,42.12254412254413,55.333333333333336
2012-09-16,2012,SC Freiburg,TSG Hoffenheim,5,3,H,2,2.4,3.4,2.8,2.4,3.4,2.8,1487.6632949352086,1429.9262990534294,72,75,100,100,1.2400000000000002,1.5800000000000003,5,0,45.032679738562095,63.55385790679908
2012-09-21,2012,FC Nurnberg,Ein Frankfurt,1,2,A,0,2.1,3.4,3.4,2.1,3.4,3.4,1532.2336021159567,1453.1602786923588,75,75,100,100,1.6600000000000001,1.4600000000000002,10,9,45.61497326203208,49.55844155844156
2012-09-22,2012,VfL Wolfsburg,Greuther Furth,1,1,D,1,1.8,3.75,4.2,1.8,3.75,4.2,1489.1009553923132,1495.1651861515134,75,75,100,100,1.3900000000000001,0.6333333333333334,7,3,34.306526806526804,29.62962962962963
2012-09-22,2012,FSV Mainz 05,FC Augsburg,2,0,H,2,1.73,3.6,4.75,1.73,3.6,4.75,1466.2734160911002,1486.260499049914,73,70,100,100,0.95,1.23,2,5,53.63398692810457,56.590909090909086
2012-09-22,2012,FC Schalke 04,Bayern Munich,0,2,A,0,4.0,3.4,1.91,4.0,3.4,1.91,1601.014177562286,1704.9163850616278,78,75,100,100,1.8800000000000003,2.58,13,15,54.13131313131313,66.78571428571429
2012-09-22,2012,Fortuna Dusseldorf,SC Freiburg,0,0,D,1,2.15,3.4,3.3,2.15,3.4,3.3,1520.1309632428079,1501.0286165173304,75,72,100,100,0.7333333333333334,1.6,5,7,30.63973063973064,53.06686777275013
2012-09-22,2012,Hamburg,Borussia Dortmund,3,2,H,2,5.25,4.2,1.57,5.25,4.2,1.57,1408.6496466255346,1760.9395555495944,75,80,100,100,1.58,2.06,1,13,52.56410256410256,74.91919191919192
2012-09-23,2012,Bayer Leverkusen,Borussia Monchengladbach,1,1,D,1,1.91,3.6,3.8,1.91,3.6,3.8,1555.4791078833093,1551.524791673617,78,75,100,100,1.7600000000000002,1.4900000000000002,9,8,37.183372183372185,51.090909090909086
2012-09-23,2012,Werder Bremen,VfB Stuttgart,2,2,D,1,1.91,3.6,3.75,1.91,3.6,3.75,1441.6454162535372,1537.3399981357043,76,76,100,100,1.7099999999999997,1.3900000000000001,3,4,43.47474747474748,54.32983682983682
2012-09-23,2012,TSG Hoffenheim,Hannover 96,3,1,H,2,2.5,3.4,2.7,2.5,3.4,2.7,1416.5609774713075,1552.4132754346597,75,75,100,100,1.6,1.61,0,10,46.630780983722154,68.83838383838383
2012-09-25,2012,FC Schalke 04,FSV Mainz 05,3,0,H,2,1.57,3.8,6.0,1.57,3.8,6.0,1589.6613327167336,1483.1928412494617,78,73,100,100,1.75,0.9400000000000001,10,4,50.13131313131313,49.63398692810457
2012-09-25,2012,Ein Frankfurt,Borussia Dortmund,3,3,D,1,4.2,3.75,1.8,4.2,3.75,1.8,1472.7401425003377,1732.6611583360038,75,80,100,100,1.67,2.41,12,10,49.25074925074925,78.25252525252525
2012-09-25,2012,Bayern Munich,VfL Wolfsburg,3,0,H,2,1.2,6.5,13.0,1.2,6.5,13.0,1716.2692299071803,1489.3801951829123,75,75,100,100,2.5200000000000005,1.1800000000000002,15,5,68.78571428571429,38.952991452991455
2012-09-25,2012,Greuther Furth,Fortuna Dusseldorf,0,2,A,0,2.15,3.25,3.5,2.15,3.25,3.5,1494.8859463609142,1519.2521530088443,75,75,100,100,0.625,0.7875000000000001,4,6,27.77777777777778,31.31313131313131
2012-09-26,2012,Borussia Monchengladbach,Hamburg,2,2,D,1,1.91,3.5,4.0,1.91,3.5,4.0,1551.7068868021413,1436.9280438391252,75,75,100,100,1.2600000000000002,1.4200000000000002,8,3,45.7062937062937,47.8974358974359
2012-09-26,2012,VfB Stuttgart,TSG Hoffenheim,0,3,A,0,1.83,3.75,4.0,1.83,3.75,4.0,1533.0412580803131,1438.5167271791224,76,75,100,100,1.31,1.56,5,3,55.099067599067595,47.336663336663335
2012-09-26,2012,SC Freiburg,Werder Bremen,1,2,A,0,2.5,3.4,2.7,2.5,3.4,2.7,1501.907426751294,1445.9441563089283,72,76,100,100,1.3400000000000003,1.7100000000000002,5,4,54.73353443941678,43.61460761460762
2012-09-26,2012,FC Augsburg,Bayer Leverkusen,1,3,A,0,3.2,3.3,2.25,3.2,3.3,2.25,1469.3410738915525,1555.297012754785,70,78,100,100,1.3400000000000003,2.14,4,7,58.590909090909086,44.234654234654236
2012-09-26,2012,Hannover 96,FC Nurnberg,4,1,H,2,2.1,3.4,3.4,2.1,3.4,3.4,1530.4575257268448,1512.6537383079778,75,75,100,100,1.56,1.57,10,7,61.17171717171717,53.21678321678321
2012-09-28,2012,Fortuna Dusseldorf,FC Schalke 04,2,2,D,1,4.33,3.5,1.83,4.33,3.5,1.83,1534.1318837813378,1600.906199194535,75,78,100,100,0.93,1.9100000000000001,9,10,31.717171717171716,55.13131313131313
2012-09-29,2012,Borussia Dortmund,Borussia Monchengladbach,5,0,H,2,1.36,4.5,9.0,1.36,4.5,9.0,1722.5168105262742,1546.605378400318,80,75,100,100,2.4,1.2000000000000002,8,6,71.25252525252526,43.48407148407148
2012-09-29,2012,Hamburg,Hannover 96,1,0,H,2,2.3,3.4,3.0,2.3,3.4,3.0,1442.0295522409485,1545.6383479142353,75,75,100,100,1.53,1.3000000000000003,4,10,44.00854700854701,52.48484848484848
2012-09-29,2012,Bayer Leverkusen,Greuther Furth,2,0,H,2,1.44,4.33,7.0,1.44,4.33,7.0,1567.4174273487713,1480.0062155884207,78,75,100,100,2.3000000000000003,0.7300000000000001,7,4,48.90132090132091,35.55555555555556
2012-09-29,2012,FC Nurnberg,VfB Stuttgart,0,2,A,0,2.3,3.4,3.0,2.3,3.4,3.0,1497.4729161205873,1512.7925564574632,75,76,100,100,1.3900000000000001,1.1600000000000001,7,2,47.45920745920746,50.65462315462315
2012-09-29,2012,Werder Bremen,Bayern Munich,0,2,A,0,6.0,4.0,1.53,6.0,4.0,1.53,1464.4993003468,1723.0898324970635,76,75,100,100,1.53,2.9,7,15,37.059052059052064,71.16666666666667
2012-09-29,2012,TSG Hoffenheim,FC Augsburg,0,0,D,1,1.75,3.75,4.5,1.75,3.75,4.5,1458.7654288019723,1457.2206592975663,75,70,100,100,1.9,1.4300000000000002,6,1,43.9023199023199,65.5909090909091
2012-09-30,2012,Ein Frankfurt,SC Freiburg,2,1,H,2,1.75,3.75,4.5,1.75,3.75,4.5,1482.8844903100673,1483.3522827134223,75,72,100,100,1.8,1.6400000000000001,13,5,53.97802197802198,65.28908999497234
2012-09-30,2012,VfL Wolfsburg,FSV Mainz 05,0,2,A,0,2.1,3.4,3.4,2.1,3.4,3.4,1482.559592593029,1471.9479747716603,75,73,100,100,1.0100000000000002,1.0699999999999998,5,4,35.619658119658126,46.745098039215684
2012-10-05,2012,FC Augsburg,Werder Bremen,3,1,H,2,2.9,3.5,2.3,2.9,3.5,2.3,1457.2917980934515,1458.6069180695715,70,76,100,100,1.2400000000000002,1.4700000000000002,2,7,50.590909090909086,37.614607614607614
2012-10-06,2012,Greuther Furth,Hamburg,0,1,A,0,2.7,3.4,2.5,2.7,3.4,2.5,1467.9488141984818,1462.6643321251177,75,75,100,100,0.7,1.48,4,7,33.33333333333333,36.00854700854701
2012-10-06,2012,FC Schalke 04,VfL Wolfsburg,3,0,H,2,1.4,4.5,8.0,1.4,4.5,8.0,1597.8684392078367,1466.0710614331613,78,75,100,100,1.86,1.15,10,2,51.79797979797979,43.31196581196581
2012-10-06,2012,FSV Mainz 05,Fortuna Dusseldorf,1,0,H,2,1.83,3.5,4.33,1.83,3.5,4.33,1488.436505931528,1537.1696437680362,73,75,100,100,1.06,0.8300000000000001,6,7,40.41025641025641,41.717171717171716
2012-10-06,2012,SC Freiburg,FC Nurnberg,3,0,H,2,2.1,3.5,3.3,2.1,3.5,3.3,1467.3307400901483,1482.1779547691485,72,75,100,100,1.72,1.1400000000000001,4,4,64.7008547008547,54.45920745920746
2012-10-06,2012,Bayern Munich,TSG Hoffenheim,2,0,H,2,1.14,7.5,17.0,1.14,7.5,17.0,1728.982214774292,1458.6942900060872,75,75,100,100,2.7399999999999998,1.61,15,7,72.83333333333334,50.9023199023199
2012-10-07,2012,Borussia Monchengladbach,Ein Frankfurt,2,0,H,2,2.25,3.5,3.0,2.25,3.5,3.0,1538.0784683353615,1498.9060329333413,75,75,100,100,1.2200000000000002,1.6800000000000002,3,13,38.15073815073815,54.74725274725275
2012-10-07,2012,VfB Stuttgart,Bayer Leverkusen,2,2,D,1,2.4,3.5,2.75,2.4,3.5,2.75,1528.087517808902,1579.4748287387101,76,78,100,100,1.15,2.12,5,10,44.88539238539238,53.68764568764569
2012-10-07,2012,Hannover 96,Borussia Dortmund,1,1,D,1,5.0,3.75,1.67,5.0,3.75,1.67,1525.0035680300662,1731.0437205912306,75,80,100,100,1.4700000000000002,2.46,9,8,61.81818181818181,69.03030303030303
2012-10-19,2012,TSG Hoffenheim,Greuther Furth,3,3,D,1,1.83,3.6,4.2,1.83,3.6,4.2,1453.1187566509598,1451.7054735703118,75,75,100,100,1.5,0.75,7,1,47.410256410256416,50.47619047619047
2012-10-20,2012,Borussia Dortmund,FC Schalke 04,1,2,A,0,1.62,4.0,5.0,1.62,4.0,5.0,1722.5305654313856,1608.0742461574187,80,78,100,100,2.28,1.83,8,10,60.363636363636374,59.070707070707066
2012-10-20,2012,Ein Frankfurt,Hannover 96,3,1,H,2,2.1,3.5,3.3,2.1,3.5,3.3,1484.7023849734737,1533.516723189911,75,75,100,100,1.5500000000000003,1.4100000000000001,10,7,57.96153846153847,55.81818181818181
2012-10-20,2012,Fortuna Dusseldorf,Bayern Munich,0,5,A,0,11.0,5.0,1.29,11.0,5.0,1.29,1518.9400029274377,1734.5577481294195,75,75,100,100,1.0100000000000002,2.2700000000000005,6,15,40.6060606060606,78.11111111111111
2012-10-20,2012,Bayer Leverkusen,FSV Mainz 05,2,2,D,1,1.67,3.8,5.0,1.67,3.8,5.0,1577.1254620793682,1506.6661467721265,78,73,100,100,1.95,1.08,8,9,55.30380730380731,30.41025641025641
2012-10-20,2012,Werder Bremen,Borussia Monchengladbach,4,0,H,2,2.1,3.4,3.4,2.1,3.4,3.4,1442.5463548457687,1552.2821162952291,76,75,100,100,1.3000000000000003,1.11,4,5,35.94794094794095,31.76184926184926
2012-10-20,2012,VfL Wolfsburg,SC Freiburg,0,2,A,0,2.25,3.4,3.1,2.25,3.4,3.1,1455.8652544835793,1484.0140636894394,75,72,100,100,1.27,2.06,2,7,45.13014763014763,60.811965811965806
2012-10-21,2012,FC Nurnberg,FC Augsburg,0,0,D,1,2.0,3.5,3.6,2.0,3.5,3.6,1465.4946311698575,1473.3523613172542,75,70,100,100,1.23,1.1400000000000001,3,5,64.12587412587412,51.5
2012-10-21,2012,Hamburg,VfB Stuttgart,0,1,A,0,2.25,3.4,3.1,2.25,3.4,3.1,1478.9076727532877,1530.436884468244,75,76,100,100,1.45,1.1,10,6,30.532356532356527,44.65811965811966
2012-10-26,2012,FC Augsburg,Hamburg,0,2,A,0,2.38,3.4,2.88,2.38,3.4,2.88,1472.990561156033,1465.263432907624,70,75,100,100,1.25,1.53,5,10,45.666666666666664,29.873015873015873
2012-10-27,2012,FC Schalke 04,FC Nurnberg,1,0,H,2,1.3,5.5,9.0,1.3,5.5,9.0,1629.162407804797,1465.8564313310787,78,75,100,100,1.8000000000000003,1.16,10,1,61.292929292929294,66.55011655011654
2012-10-27,2012,FSV Mainz 05,TSG Hoffenheim,3,0,H,2,2.0,3.5,3.6,2.0,3.5,3.6,1509.8671552551207,1453.053672918858,73,75,100,100,1.1900000000000002,1.8400000000000003,10,8,34.57692307692308,54.33333333333333
2012-10-27,2012,SC Freiburg,Borussia Dortmund,0,2,A,0,5.5,3.75,1.62,5.5,3.75,1.62,1498.7205920173033,1701.4424037840072,72,80,100,100,1.7500000000000004,2.1,7,5,46.38888888888889,52.88888888888889
2012-10-27,2012,Fortuna Dusseldorf,VfL Wolfsburg,1,4,A,0,2.3,3.3,3.1,2.3,3.3,3.1,1511.7647082826982,1441.1587261557154,75,75,100,100,0.93,1.17,5,1,38.33333333333333,55.13014763014763
2012-10-27,2012,Greuther Furth,Werder Bremen,1,1,D,1,2.6,3.4,2.6,2.6,3.4,2.6,1451.7705573024136,1463.438275652862,75,76,100,100,1.1400000000000001,1.5100000000000002,2,7,49.36507936507936,44.059829059829056
2012-10-28,2012,Hannover 96,Borussia Monchengladbach,2,3,A,0,1.91,3.6,3.8,1.91,3.6,3.8,1515.2834156693243,1531.3901954881358,75,75,100,100,1.3800000000000001,0.9,4,5,54.519480519480524,27.286324786324787
2012-10-28,2012,Bayern Munich,Bayer Leverkusen,1,2,A,0,1.22,6.0,13.0,1.22,6.0,13.0,1741.733042774159,1573.924453596374,75,78,100,100,2.5,2.2700000000000005,15,9,76.44444444444444,64.16744366744368
2012-10-28,2012,VfB Stuttgart,Ein Frankfurt,2,1,H,2,2.1,3.5,3.3,2.1,3.5,3.3,1544.0811243139076,1502.9356924940605,76,75,100,100,1.33,1.57,8,10,43.35941835941836,55.763736263736256
2012-11-02,2012,Ein Frankfurt,Greuther Furth,1,1,D,1,1.6,4.0,5.25,1.6,4.0,5.25,1488.8217009630305,1452.3076736885969,75,75,100,100,1.6600000000000001,1.2400000000000002,7,2,54.73809523809524,52.92063492063492
2012-11-03,2012,FC Nurnberg,VfL Wolfsburg,1,0,H,2,2.5,3.4,2.7,2.5,3.4,2.7,1456.8680390103318,1460.3662180068463,75,75,100,100,1.0000000000000002,1.23,1,3,62.813852813852805,55.574592074592076
2012-11-03,2012,Borussia Monchengladbach,SC Freiburg,1,1,D,1,2.25,3.25,3.2,2.25,3.25,3.2,1546.6489817856668,1491.1236378516385,75,72,100,100,1.31,1.6600000000000001,7,6,35.3982128982129,39.05555555555556
2012-11-03,2012,Hannover 96,FC Augsburg,2,0,H,2,1.7,3.75,4.75,1.7,3.75,4.75,1500.0246293717933,1456.6347724100035,75,70,100,100,1.4200000000000004,1.2900000000000003,4,5,57.79220779220778,49.916666666666664
2012-11-03,2012,Hamburg,Bayern Munich,0,3,A,0,7.5,5.0,1.36,7.5,5.0,1.36,1481.6192216536535,1718.5548578612709,75,75,100,100,1.6,2.6400000000000006,10,12,30.28968253968254,81.94444444444444
2012-11-03,2012,Borussia Dortmund,VfB Stuttgart,0,0,D,1,1.33,5.0,9.0,1.33,5.0,9.0,1709.039357949672,1558.1951158449376,80,76,100,100,1.7500000000000004,1.42,8,10,50.222222222222214,45.92352092352092
2012-11-03,2012,TSG Hoffenheim,FC Schalke 04,3,2,H,2,4.33,3.6,1.8,4.33,3.6,1.8,1439.6469571444156,1638.150800125544,75,78,100,100,1.59,1.95,5,13,45.0,64.72150072150073
2012-11-04,2012,Bayer Leverkusen,Fortuna Dusseldorf,3,2,H,2,1.44,4.33,7.0,1.44,4.33,7.0,1597.102638509262,1492.5572164315672,78,75,100,100,1.8500000000000003,0.8800000000000001,11,4,51.28282828282829,35.666666666666664
2012-11-04,2012,Werder Bremen,FSV Mainz 05,2,1,H,2,2.0,3.5,3.6,2.0,3.5,3.6,1462.9011592666789,1523.273871029563,76,73,100,100,1.6400000000000001,1.19,7,10,46.82905982905983,39.91025641025641
2012-11-09,2012,FSV Mainz 05,FC Nurnberg,2,1,H,2,1.8,3.5,4.5,1.8,3.5,4.5,1504.521254240703,1473.0291306629556,73,75,100,100,1.2600000000000002,1.1300000000000001,10,4,42.7991452991453,63.01587301587301
2012-11-10,2012,SC Freiburg,Hamburg,0,0,D,1,2.0,3.5,3.6,2.0,3.5,3.6,1493.6591250072966,1475.1038497621619,72,75,100,100,1.4500000000000002,1.45,7,9,35.5,24.892857142857142
2012-11-10,2012,FC Schalke 04,Werder Bremen,2,1,H,2,1.44,4.5,7.0,1.44,4.5,7.0,1613.889317064094,1481.6537760555389,78,76,100,100,2.06,1.8,10,7,70.72150072150073,53.4957264957265
2012-11-10,2012,Bayern Munich,Ein Frankfurt,2,0,H,2,1.17,7.0,16.0,1.17,7.0,16.0,1725.0702297527625,1487.1463315530523,75,75,100,100,2.3400000000000003,1.5500000000000003,12,7,79.56349206349208,48.73809523809524
2012-11-10,2012,FC Augsburg,Borussia Dortmund,1,3,A,0,6.5,4.1,1.5,6.5,4.1,1.5,1442.6226253635004,1702.498624110413,70,80,100,100,1.2400000000000002,1.86,5,8,54.280303030303024,58.58585858585858
2012-11-10,2012,Fortuna Dusseldorf,TSG Hoffenheim,1,1,D,1,2.75,3.3,2.5,2.75,3.3,2.5,1481.2314792793595,1463.9084402058656,75,75,100,100,0.8400000000000002,1.25,1,5,37.333333333333336,33.88888888888889
2012-11-11,2012,VfB Stuttgart,Hannover 96,2,4,A,0,2.0,3.5,3.6,2.0,3.5,3.6,1564.7358496841966,1514.0367764182963,76,75,100,100,1.46,1.4900000000000002,11,4,40.67099567099567,52.33766233766234
2012-11-11,2012,VfL Wolfsburg,Bayer Leverkusen,3,1,H,2,3.1,3.5,2.2,3.1,3.5,2.2,1444.2051263542226,1608.4283756614698,75,78,100,100,1.26,2.0700000000000003,3,11,61.13014763014763,54.949494949494955
2012-11-11,2012,Greuther Furth,Borussia Monchengladbach,2,4,A,0,2.6,3.25,2.7,2.6,3.25,2.7,1453.983043098575,1544.1134946300087,75,75,100,100,1.4500000000000002,1.36,3,7,53.58730158730159,34.509324009324004
2012-11-17,2012,Hannover 96,SC Freiburg,1,2,A,0,2.1,3.4,3.4,2.1,3.4,3.4,1532.3551229337847,1492.8054344931588,75,72,100,100,1.41,1.4100000000000001,7,8,43.00432900432901,40.5
2012-11-17,2012,Borussia Dortmund,Greuther Furth,3,1,H,2,1.17,7.0,15.0,1.17,7.0,15.0,1708.3555161585064,1442.0430349455362,80,75,100,100,1.6900000000000002,1.57,8,3,56.36363636363636,59.142857142857146
2012-11-17,2012,Ein Frankfurt,FC Augsburg,4,2,H,2,1.73,3.75,4.5,1.73,3.75,4.5,1480.660428463568,1436.765733315407,75,70,100,100,1.52,1.5900000000000003,4,4,45.404761904761905,58.16919191919192
2012-11-17,2012,Bayer Leverkusen,FC Schalke 04,2,0,H,2,2.63,3.5,2.5,2.63,3.5,2.5,1585.3826777429942,1624.0776000935057,78,78,100,100,1.9100000000000001,1.8900000000000001,8,12,50.3030303030303,65.16594516594517
2012-11-17,2012,Borussia Monchengladbach,VfB Stuttgart,1,2,A,0,2.38,3.4,2.88,2.38,3.4,2.88,1556.0535027830476,1546.4175031687082,75,76,100,100,1.53,1.6200000000000003,10,8,37.84265734265735,49.004329004329
2012-11-17,2012,FC Nurnberg,Bayern Munich,1,1,D,1,10.0,5.5,1.29,10.0,5.5,1.29,1458.4754378103337,1731.5561328422468,75,75,100,100,1.1,2.62,4,12,61.34920634920634,77.89682539682539
2012-11-17,2012,Hamburg,FSV Mainz 05,1,0,H,2,2.4,3.4,2.8,2.4,3.4,2.8,1475.9575402762996,1519.074947093325,75,73,100,100,1.44,1.27,7,10,25.892857142857146,46.38888888888888
2012-11-18,2012,TSG Hoffenheim,VfL Wolfsburg,1,3,A,0,2.25,3.4,3.1,2.25,3.4,3.1,1464.7055352223183,1467.250824272698,75,75,100,100,1.1600000000000001,1.23,5,6,21.746031746031747,53.29797979797979
2012-11-18,2012,Werder Bremen,Fortuna Dusseldorf,2,1,H,2,1.53,4.1,6.0,1.53,4.1,6.0,1471.4654930261272,1480.4343842629069,76,75,100,100,1.8500000000000003,0.9200000000000002,7,1,64.05128205128206,44.47619047619048
2012-11-23,2012,Fortuna Dusseldorf,Hamburg,2,0,H,2,3.0,3.25,2.38,3.0,3.25,2.38,1464.021443280257,1493.9330389053707,75,75,100,100,0.85,1.46,1,7,36.294372294372295,33.70238095238095
2012-11-24,2012,Bayern Munich,Hannover 96,5,0,H,2,1.17,7.0,15.0,1.17,7.0,15.0,1721.0580360371785,1514.5416188354257,75,75,100,100,2.64,1.3800000000000001,10,6,70.78571428571428,41.94550547491724
2012-11-24,2012,Greuther Furth,FC Nurnberg,0,0,D,1,2.5,3.3,2.75,2.5,3.3,2.75,1436.3613529002787,1468.973534615402,75,75,100,100,1.5000000000000004,0.9800000000000001,3,5,47.0,55.68253968253968
2012-11-24,2012,FSV Mainz 05,Borussia Dortmund,1,2,A,0,5.5,3.75,1.62,5.5,3.75,1.62,1501.0994484642538,1714.0371982037639,73,80,100,100,1.28,1.8399999999999999,7,10,45.722222222222214,65.36363636363636
2012-11-24,2012,FC Schalke 04,Ein Frankfurt,1,1,D,1,1.5,4.33,6.0,1.5,4.33,6.0,1606.3029644917106,1494.649689861145,78,75,100,100,1.7600000000000002,1.6300000000000003,9,7,51.98412698412699,37.904761904761905
2012-11-24,2012,VfL Wolfsburg,Werder Bremen,1,1,D,1,2.25,3.4,3.1,2.25,3.4,3.1,1483.1336114771034,1487.878434008777,75,76,100,100,1.26,1.9600000000000002,9,10,51.47979797979798,72.23310023310023
2012-11-25,2012,TSG Hoffenheim,Bayer Leverkusen,1,2,A,0,3.1,3.4,2.25,3.1,3.4,2.25,1448.822748017913,1603.1573133447894,75,78,100,100,1.61,2.0,5,10,39.523809523809526,52.57575757575758
2012-11-25,2012,FC Augsburg,Borussia Monchengladbach,1,1,D,1,2.38,3.25,3.0,2.38,3.25,3.0,1422.7764719178301,1539.6098623467478,70,75,100,100,1.4600000000000002,1.67,1,7,58.16919191919192,51.70629370629371
2012-11-25,2012,SC Freiburg,VfB Stuttgart,3,0,H,2,2.2,3.5,3.1,2.2,3.5,3.1,1510.618938591518,1562.861143605008,72,76,100,100,1.48,1.81,8,10,42.55882352941177,45.36796536796537
2012-11-27,2012,Hamburg,FC Schalke 04,3,1,H,2,4.5,3.5,1.8,4.5,3.5,1.8,1476.558952217473,1601.3311293306147,75,78,100,100,1.25,1.8700000000000003,7,7,39.676406926406926,58.87301587301588
2012-11-27,2012,Ein Frankfurt,FSV Mainz 05,1,3,A,0,2.1,3.4,3.4,2.1,3.4,3.4,1499.6215250222408,1493.837914249844,75,73,100,100,1.3900000000000001,1.28,5,6,31.333333333333332,51.55555555555554
2012-11-27,2012,Hannover 96,Greuther Furth,2,0,H,2,1.62,4.0,5.0,1.62,4.0,5.0,1507.0704861298357,1437.858804079263,75,75,100,100,1.36,1.11,6,3,36.23121976063152,54.142857142857146
2012-11-27,2012,Borussia Dortmund,Fortuna Dusseldorf,1,1,D,1,1.13,8.0,19.0,1.13,8.0,19.0,1721.2987324181736,1481.3955299681547,80,75,100,100,1.92,1.02,13,4,63.14141414141413,36.74891774891775
2012-11-28,2012,SC Freiburg,Bayern Munich,0,2,A,0,8.0,4.75,1.36,8.0,4.75,1.36,1529.0068117603066,1728.5291687427684,72,75,100,100,1.9,2.5900000000000003,8,10,55.44343891402716,70.07142857142858
2012-11-28,2012,Borussia Monchengladbach,VfL Wolfsburg,2,0,H,2,2.38,3.4,2.88,2.38,3.4,2.88,1534.4235182424227,1483.3521050464706,75,75,100,100,1.7100000000000002,1.4300000000000002,8,10,52.090909090909086,42.313131313131315
2012-11-28,2012,FC Nurnberg,TSG Hoffenheim,4,2,H,2,2.3,3.4,3.0,2.3,3.4,3.0,1467.4760834364179,1439.4968040437307,75,75,100,100,0.85,1.4200000000000002,5,4,45.2063492063492,45.523809523809526
2012-11-28,2012,VfB Stuttgart,FC Augsburg,2,1,H,2,1.6,4.0,5.25,1.6,4.0,5.25,1544.4732704362193,1427.9628160221553,76,70,100,100,1.5400000000000003,1.3699999999999999,7,1,38.55477855477855,66.50252525252526
2012-11-28,2012,Werder Bremen,Bayer Leverkusen,1,4,A,0,2.6,3.5,2.55,2.6,3.5,2.55,1487.6599404394099,1612.4832573189717,76,78,100,100,1.6800000000000002,1.7800000000000005,8,12,68.51515151515152,44.07575757575758
2012-11-30,2012,Fortuna Dusseldorf,Ein Frankfurt,4,0,H,2,2.88,3.4,2.38,2.88,3.4,2.38,1490.9683481624295,1483.355204502697,75,75,100,100,0.9700000000000001,1.33,5,5,37.1933621933622,39.21212121212121
2012-12-01,2012,FSV Mainz 05,Hannover 96,2,1,H,2,2.0,3.5,3.6,2.0,3.5,3.6,1510.1042347693879,1519.924673023724,73,75,100,100,1.27,1.5099999999999998,6,9,43.676767676767675,36.45849248790425
2012-12-01,2012,Bayer Leverkusen,FC Nurnberg,1,0,H,2,1.5,4.33,6.0,1.5,4.33,6.0,1622.9701179857523,1482.190368183083,78,75,100,100,1.8200000000000003,1.05,12,8,46.57575757575758,41.63492063492063
2012-12-01,2012,Greuther Furth,VfB Stuttgart,0,1,A,0,3.0,3.4,2.3,3.0,3.4,2.3,1425.0046171853749,1555.3002395029123,75,76,100,100,1.1200000000000003,1.4600000000000002,2,7,58.642857142857146,28.554778554778558
2012-12-01,2012,FC Schalke 04,Borussia Monchengladbach,1,1,D,1,1.44,4.5,6.5,1.44,4.5,6.5,1579.8200655596822,1548.0883874518315,78,75,100,100,1.9,1.5699999999999998,4,8,61.44444444444444,43.36363636363636
2012-12-01,2012,FC Augsburg,SC Freiburg,1,1,D,1,2.5,3.3,2.75,2.5,3.3,2.75,1417.1358469554623,1521.302641890724,70,72,100,100,1.58,2.0200000000000005,1,8,66.91919191919192,52.300581771170016
2012-12-01,2012,Bayern Munich,Borussia Dortmund,1,1,D,1,1.75,3.8,4.33,1.75,3.8,4.33,1736.233338612351,1711.7259142238988,75,80,100,100,2.4800000000000004,2.0100000000000002,13,11,69.71428571428571,64.6969696969697
2012-12-02,2012,TSG Hoffenheim,Werder Bremen,1,4,A,0,2.6,3.3,2.63,2.6,3.3,2.63,1424.7825192970656,1477.1730797726293,75,76,100,100,1.6200000000000003,1.5699999999999998,4,7,53.857142857142854,71.51515151515152
2012-12-02,2012,VfL Wolfsburg,Hamburg,1,1,D,1,1.91,3.6,3.75,1.91,3.6,3.75,1469.6872358370617,1498.0700159884054,75,75,100,100,1.4600000000000002,1.4200000000000002,7,7,42.313131313131315,41.926406926406926
2012-12-07,2012,Hamburg,TSG Hoffenheim,2,0,H,2,2.0,3.5,3.75,2.0,3.5,3.75,1496.7658405580275,1411.1770718903435,75,75,100,100,1.44,1.61,8,1,42.878787878787875,61.357142857142854
2012-12-08,2012,FC Nurnberg,Fortuna Dusseldorf,2,0,H,2,1.91,3.3,4.2,1.91,3.3,4.2,1472.3405546005988,1506.617806043191,75,75,100,100,0.9400000000000001,1.08,5,8,36.52380952380952,43.14574314574314
2012-12-08,2012,VfB Stuttgart,FC Schalke 04,3,1,H,2,3.1,3.4,2.25,3.1,3.4,2.25,1565.5662290191847,1578.3628173449802,76,78,100,100,1.6,1.73,9,5,28.25174825174825,59.222222222222214
2012-12-08,2012,SC Freiburg,Greuther Furth,1,0,H,2,1.7,3.6,5.0,1.7,3.6,5.0,1516.6443324001764,1414.7386276691025,72,75,100,100,1.9900000000000002,1.05,8,1,50.30058177117,61.30952380952381
2012-12-08,2012,FC Augsburg,Bayern Munich,0,2,A,0,10.0,5.5,1.29,10.0,5.5,1.29,1421.79415644601,1735.106598133658,70,75,100,100,1.58,2.3500000000000005,2,11,60.555555555555564,67.0952380952381
2012-12-08,2012,Borussia Dortmund,VfL Wolfsburg,2,3,A,0,1.29,5.5,10.0,1.29,5.5,10.0,1712.8526547025917,1470.9914112674396,80,75,100,100,1.85,1.7700000000000002,11,8,56.666666666666664,46.75757575757576
2012-12-08,2012,Ein Frankfurt,Werder Bremen,4,1,H,2,2.4,3.5,2.8,2.4,3.5,2.8,1467.7057466219355,1490.7785271793514,75,76,100,100,1.25,1.6000000000000003,4,7,38.926406926406926,72.90404040404042
2012-12-09,2012,Borussia Monchengladbach,FSV Mainz 05,2,0,H,2,2.4,3.3,2.9,2.4,3.3,2.9,1549.5456356665336,1526.5563622631264,75,73,100,100,1.3599999999999999,1.23,8,9,37.58585858585859,42.78787878787879
2012-12-09,2012,Hannover 96,Bayer Leverkusen,3,2,H,2,2.8,3.5,2.4,2.8,3.5,2.4,1503.4725455299854,1632.8199315682364,75,78,100,100,1.47,1.78,6,12,44.82212885154062,48.90909090909091
2012-12-14,2012,Bayern Munich,Borussia Monchengladbach,1,1,D,1,1.14,7.5,17.0,1.14,7.5,17.0,1739.6319382062263,1564.4884828827876,75,75,100,100,2.1000000000000005,1.1600000000000004,11,8,62.33333333333333,32.58585858585859
2012-12-15,2012,Fortuna Dusseldorf,Hannover 96,2,1,H,2,2.75,3.3,2.5,2.75,3.3,2.5,1489.044381878016,1525.1684593552493,75,75,100,100,0.97,1.4900000000000002,7,6,39.33621933621934,49.58403361344538
2012-12-15,2012,Greuther Furth,FC Augsburg,1,1,D,1,2.38,3.2,3.0,2.38,3.2,3.0,1403.301456876907,1417.2688163734417,75,70,100,100,0.95,1.36,1,2,59.30952380952381,63.095238095238095
2012-12-15,2012,Bayer Leverkusen,Hamburg,3,0,H,2,1.6,4.0,5.25,1.6,4.0,5.25,1611.1240177429725,1508.902173906235,78,75,100,100,1.8200000000000003,1.45,12,10,46.57142857142857,42.878787878787875
2012-12-15,2012,FSV Mainz 05,VfB Stuttgart,3,1,H,2,2.25,3.4,3.1,2.25,3.4,3.1,1511.6135150468724,1582.1552673579038,73,76,100,100,1.33,1.56,6,12,51.12121212121212,21.585081585081586
2012-12-15,2012,FC Schalke 04,SC Freiburg,1,3,A,0,1.67,3.75,5.0,1.67,3.75,5.0,1561.773779006261,1528.0815031923719,78,72,100,100,1.7700000000000002,1.9400000000000002,2,10,68.11111111111111,47.30058177117001
2012-12-15,2012,VfL Wolfsburg,Ein Frankfurt,0,2,A,0,2.1,3.5,3.3,2.1,3.5,3.3,1496.621927384931,1484.7667282031337,75,75,100,100,1.6300000000000001,1.5,8,7,44.33333333333333,40.83116883116883
2012-12-16,2012,TSG Hoffenheim,Borussia Dortmund,1,3,A,0,7.0,4.33,1.44,7.0,4.33,1.44,1399.040738542136,1687.2221385851003,75,80,100,100,1.7900000000000003,2.13,0,8,73.5,58.88888888888889
2012-12-16,2012,Werder Bremen,FC Nurnberg,1,1,D,1,1.83,4.0,3.75,1.83,4.0,3.75,1473.7175455981533,1489.9139787657737,76,75,100,100,1.7500000000000004,1.05,7,8,68.77705627705627,29.857142857142854
2013-01-18,2012,FC Schalke 04,Hannover 96,5,4,H,2,1.67,3.8,5.0,1.67,3.8,5.0,1544.2270378406695,1507.510852981784,78,75,100,100,1.8900000000000001,1.4700000000000002,2,6,76.05228758169935,44.142857142857146
2013-01-19,2012,TSG Hoffenheim,Borussia Monchengladbach,0,0,D,1,2.38,3.4,2.9,2.38,3.4,2.9,1393.9236512887285,1571.9338929723397,75,75,100,100,1.3900000000000001,0.9300000000000003,0,9,57.5,20.666666666666668
2013-01-19,2012,Bayern Munich,Greuther Furth,2,0,H,2,1.1,10.0,19.0,1.1,10.0,19.0,1732.1865281166743,1403.944331263681,75,75,100,100,2.5300000000000002,1.2200000000000002,11,2,67.22222222222221,65.73809523809523
2013-01-19,2012,FSV Mainz 05,SC Freiburg,0,0,D,1,2.2,3.25,3.3,2.2,3.25,3.3,1530.8181677708264,1545.6282443579635,73,72,100,100,1.6299999999999997,1.7600000000000002,9,10,50.67676767676768,47.30058177117
2013-01-19,2012,Bayer Leverkusen,Ein Frankfurt,3,1,H,2,1.67,4.0,4.75,1.67,4.0,4.75,1622.5478172665157,1501.312468513911,78,75,100,100,1.78,1.5699999999999998,12,7,40.8021978021978,44.83116883116883
2013-01-19,2012,VfL Wolfsburg,VfB Stuttgart,2,0,H,2,2.1,3.5,3.3,2.1,3.5,3.3,1480.0761870741537,1562.9506146339497,75,76,100,100,1.5800000000000003,1.3400000000000003,5,9,50.33333333333333,29.059829059829053
2013-01-19,2012,Werder Bremen,Borussia Dortmund,0,5,A,0,5.0,3.75,1.67,5.0,3.75,1.67,1474.4628790800548,1692.339225838508,76,80,100,100,1.8300000000000005,2.27,5,8,68.5952380952381,59.88888888888889
2013-01-20,2012,Fortuna Dusseldorf,FC Augsburg,2,3,A,0,2.3,3.3,3.1,2.3,3.3,3.1,1506.7019882514815,1416.6259419866676,75,70,100,100,1.11,1.48,10,3,50.01803751803752,61.666666666666664
2013-01-20,2012,FC Nurnberg,Hamburg,1,1,D,1,2.3,3.2,3.2,2.3,3.2,3.2,1489.1686452838721,1497.4783743826918,75,75,100,100,1.19,1.5100000000000002,8,7,22.523809523809522,42.98135198135198
2013-01-25,2012,Borussia Dortmund,FC Nurnberg,3,0,H,2,1.18,6.5,15.0,1.18,6.5,15.0,1699.4424082865453,1489.5512494988898,80,75,100,100,2.46,1.3599999999999999,8,8,61.793650793650784,25.38095238095238
2013-01-26,2012,Borussia Monchengladbach,Fortuna Dusseldorf,2,1,H,2,1.62,3.8,5.5,1.62,3.8,5.5,1564.3854480855239,1486.6443406295084,75,75,100,100,0.8800000000000001,1.19,9,7,22.333333333333336,52.56349206349206
2013-01-26,2012,Hannover 96,VfL Wolfsburg,2,1,H,2,2.1,3.5,3.3,2.1,3.5,3.3,1493.1954294561565,1499.8219226391952,75,75,100,100,1.4400000000000002,1.3900000000000001,6,7,45.095238095238095,47.45454545454545
2013-01-26,2012,Greuther Furth,FSV Mainz 05,0,3,A,0,3.1,3.3,2.3,3.1,3.3,2.3,1399.742734597731,1531.4997842094474,75,73,100,100,1.2200000000000002,1.6,1,10,48.595238095238095,40.676767676767675
2013-01-26,2012,SC Freiburg,Bayer Leverkusen,0,0,D,1,2.75,3.3,2.5,2.75,3.3,2.5,1544.9466279193425,1633.1808068733105,72,78,100,100,1.2200000000000002,2.0000000000000004,8,12,48.58263305322129,53.16583416583417
2013-01-26,2012,FC Augsburg,FC Schalke 04,0,0,D,1,3.6,3.5,2.0,3.6,3.5,2.0,1436.6835896086407,1558.542461366297,70,78,100,100,2.0200000000000005,2.0100000000000002,5,4,58.66666666666667,71.38562091503267
2013-01-26,2012,Ein Frankfurt,TSG Hoffenheim,2,1,H,2,1.95,3.6,3.6,1.95,3.6,3.6,1490.6794789071162,1401.4720961755443,75,75,100,100,1.53,1.24,6,1,46.46753246753247,54.83333333333333
2013-01-27,2012,VfB Stuttgart,Bayern Munich,0,2,A,0,8.0,4.5,1.4,8.0,4.5,1.4,1543.2048790689082,1736.3881247826243,76,75,100,100,1.57,2.2,9,11,38.98989898989899,72.93650793650794
2013-01-27,2012,Hamburg,Werder Bremen,3,2,H,2,2.38,3.5,2.8,2.38,3.5,2.8,1497.0957701676741,1467.3596966320174,75,76,100,100,1.44,1.8300000000000005,8,4,42.72161172161172,68.35714285714285
2013-02-01,2012,Werder Bremen,Hannover 96,2,0,H,2,1.85,3.8,3.8,1.85,3.8,3.8,1452.7257594979433,1509.5005537478196,76,75,100,100,1.8400000000000003,1.2899999999999998,4,6,67.35714285714286,45.095238095238095
2013-02-02,2012,VfL Wolfsburg,FC Augsburg,1,1,D,1,1.83,3.5,4.33,1.83,3.5,4.33,1483.5167983475321,1442.0760680417789,75,70,100,100,1.6300000000000001,1.8400000000000003,7,6,43.95454545454545,52.0
2013-02-02,2012,FC Schalke 04,Greuther Furth,1,2,A,0,1.33,5.0,9.0,1.33,5.0,9.0,1553.1499829331588,1389.5353139564877,78,75,100,100,1.7600000000000002,1.25,5,1,67.38562091503267,51.65079365079365
2013-02-02,2012,FSV Mainz 05,Bayern Munich,0,3,A,0,8.0,4.5,1.4,8.0,4.5,1.4,1541.7072048506907,1744.3077568310403,73,75,100,100,1.73,2.13,10,11,39.66666666666667,75.7936507936508
2013-02-02,2012,TSG Hoffenheim,SC Freiburg,2,1,H,2,2.5,3.3,2.75,2.5,3.3,2.75,1389.4922894928086,1548.9248035425765,75,72,100,100,1.2100000000000002,1.25,1,9,49.06410256410256,57.72549019607843
2013-02-02,2012,Fortuna Dusseldorf,VfB Stuttgart,3,1,H,2,3.2,3.25,2.25,3.2,3.25,2.25,1474.1658751061218,1535.2852470204923,75,76,100,100,1.36,1.48,6,6,55.61904761904761,35.65656565656566
2013-02-02,2012,Hamburg,Ein Frankfurt,0,2,A,0,2.3,3.4,3.0,2.3,3.4,3.0,1511.7297073017482,1502.6592855898518,75,75,100,100,1.2600000000000002,1.58,8,9,42.72161172161172,42.69130869130869
2013-02-03,2012,Bayer Leverkusen,Borussia Dortmund,2,3,A,0,3.3,3.5,2.1,3.3,3.5,2.1,1629.2026312500766,1706.8028649168675,78,80,100,100,1.9400000000000002,2.5100000000000002,10,10,56.16583416583417,56.23809523809523
2013-02-03,2012,FC Nurnberg,Borussia Monchengladbach,2,1,H,2,2.4,3.2,3.0,2.4,3.2,3.0,1482.1907928685675,1576.8639136089105,75,75,100,100,1.2100000000000002,0.77,5,9,30.38095238095238,30.833333333333332
2013-02-09,2012,VfB Stuttgart,Werder Bremen,1,4,A,0,2.25,3.5,3.0,2.25,3.5,3.0,1516.4992753453078,1471.3173088440021,76,76,100,100,1.33,2.3400000000000003,3,4,44.82323232323232,74.85714285714286
2013-02-09,2012,Borussia Monchengladbach,Bayer Leverkusen,3,3,D,1,3.1,3.4,2.25,3.1,3.4,2.25,1556.6088524048,1616.7179919660718,75,78,100,100,1.0400000000000003,1.9899999999999998,8,7,38.61111111111111,57.16583416583417
2013-02-09,2012,Hannover 96,TSG Hoffenheim,1,0,H,2,2.2,3.4,3.2,2.2,3.4,3.2,1490.9090044017607,1412.3590723582201,75,75,100,100,1.2100000000000002,1.21,6,4,33.095238095238095,48.230769230769226
2013-02-09,2012,Greuther Furth,VfL Wolfsburg,0,1,A,0,2.88,3.3,2.4,2.88,3.3,2.4,1412.558402950016,1481.617381180518,75,75,100,100,1.1700000000000002,1.5500000000000003,4,7,36.80230880230881,47.544289044289044
2013-02-09,2012,Bayern Munich,FC Schalke 04,4,0,H,2,1.25,5.5,12.0,1.25,5.5,12.0,1751.9087556905565,1530.1268939396305,75,78,100,100,2.13,1.7100000000000002,13,4,72.12698412698413,67.78966131907308
2013-02-09,2012,Ein Frankfurt,FC Nurnberg,0,0,D,1,1.83,3.5,4.33,1.83,3.5,4.33,1519.0768990738713,1502.445854072678,75,75,100,100,1.7900000000000003,1.35,12,8,46.20779220779221,34.38095238095238
2013-02-09,2012,Borussia Dortmund,Hamburg,1,4,A,0,1.25,6.0,10.0,1.25,6.0,10.0,1719.2875042008723,1495.3120938177287,80,75,100,100,2.59,1.6800000000000002,12,7,52.904761904761905,46.82417582417582
2013-02-10,2012,FC Augsburg,FSV Mainz 05,1,1,D,1,2.6,3.2,2.75,2.6,3.2,2.75,1443.975485208793,1534.1062059911744,70,73,100,100,1.8000000000000003,1.58,6,7,45.07692307692308,43.66666666666667
2013-02-10,2012,SC Freiburg,Fortuna Dusseldorf,1,0,H,2,1.62,3.75,5.5,1.62,3.75,5.5,1526.0580206771651,1492.9518467813064,72,75,100,100,1.32,1.31,8,6,61.058823529411754,48.83333333333333
2013-02-15,2012,VfL Wolfsburg,Bayern Munich,0,2,A,0,7.0,4.75,1.4,7.0,4.75,1.4,1494.478329083951,1758.8884695388188,75,75,100,100,1.5100000000000002,2.1,7,13,47.544289044289044,78.94017094017094
2013-02-16,2012,Bayer Leverkusen,FC Augsburg,2,1,H,2,1.5,4.1,6.5,1.5,4.1,6.5,1613.9771554108177,1448.0354886568296,78,70,100,100,2.33,2.0100000000000002,8,7,62.344405594405586,50.01198801198801
2013-02-16,2012,FSV Mainz 05,FC Schalke 04,2,2,D,1,2.25,3.4,3.1,2.25,3.4,3.1,1530.046202543138,1523.1471800913682,73,78,100,100,1.49,1.5,8,4,32.3030303030303,59.07171260112436
2013-02-16,2012,Werder Bremen,SC Freiburg,2,3,A,0,2.0,3.5,3.6,2.0,3.5,3.6,1489.3863648227132,1540.5380225981028,76,72,100,100,2.4400000000000004,1.36,7,8,73.42857142857142,62.3921568627451
2013-02-16,2012,Hamburg,Borussia Monchengladbach,1,0,H,2,1.91,3.5,4.0,1.91,3.5,4.0,1520.401044753116,1559.3496889600542,75,75,100,100,1.75,1.1600000000000001,7,6,49.51648351648352,39.86111111111111
2013-02-16,2012,Borussia Dortmund,Ein Frankfurt,3,0,H,2,1.4,4.75,7.5,1.4,4.75,7.5,1694.198553265485,1518.3115955833584,80,75,100,100,2.4799999999999995,1.5,12,10,51.879120879120876,46.72727272727273
2013-02-16,2012,Fortuna Dusseldorf,Greuther Furth,1,0,H,2,2.3,3.2,3.2,2.3,3.2,3.2,1478.4718448603687,1399.697455046583,75,75,100,100,1.4599999999999997,1.32,6,4,42.166666666666664,42.13564213564214
2013-02-17,2012,FC Nurnberg,Hannover 96,2,2,D,1,2.0,3.4,3.75,2.0,3.4,3.75,1503.211157563191,1503.3520447546907,75,75,100,100,1.37,1.12,6,6,38.623376623376615,28.333333333333332
2013-02-17,2012,TSG Hoffenheim,VfB Stuttgart,0,1,A,0,2.25,3.4,3.1,2.25,3.4,3.1,1399.9160320052902,1498.4302193665967,75,76,100,100,1.47,1.13,4,0,46.564102564102555,48.15656565656566
2013-02-22,2012,SC Freiburg,Ein Frankfurt,0,0,D,1,2.05,3.4,3.5,2.05,3.4,3.5,1554.1992752425601,1509.7838042772203,72,75,100,100,1.6300000000000003,1.19,8,7,64.42424242424241,44.15584415584415
2013-02-23,2012,FC Augsburg,TSG Hoffenheim,2,1,H,2,2.1,3.2,3.6,2.1,3.2,3.6,1439.1448379223896,1388.3349819944835,70,75,100,100,2.0200000000000005,1.5400000000000003,6,4,50.01198801198802,52.56410256410256
2013-02-23,2012,Bayern Munich,Werder Bremen,6,1,H,2,1.17,7.0,15.0,1.17,7.0,15.0,1764.6215040092425,1475.7251121782558,75,76,100,100,1.6300000000000001,2.1900000000000004,15,6,71.38461538461539,66.33766233766234
2013-02-23,2012,Hannover 96,Hamburg,5,1,H,2,2.5,3.4,2.7,2.5,3.4,2.7,1503.3455566601076,1538.1872200000264,75,75,100,100,1.12,1.57,7,10,24.833333333333332,48.74725274725275
2013-02-23,2012,FSV Mainz 05,VfL Wolfsburg,1,1,D,1,2.0,3.4,3.75,2.0,3.4,3.75,1529.7285325693658,1488.7452946135272,73,75,100,100,1.27,1.4400000000000002,6,7,33.41414141414141,53.544289044289044
2013-02-23,2012,FC Schalke 04,Fortuna Dusseldorf,2,1,H,2,1.44,4.33,7.0,1.44,4.33,7.0,1523.4648500651404,1490.9050608190394,78,75,100,100,1.4700000000000002,1.61,5,6,56.13053613053612,40.77777777777777
2013-02-23,2012,VfB Stuttgart,FC Nurnberg,1,1,D,1,2.1,3.4,3.4,2.1,3.4,3.4,1510.0112693774033,1503.217645657774,76,75,100,100,1.17,1.3800000000000001,3,6,47.04545454545455,52.623376623376615
2013-02-24,2012,Greuther Furth,Bayer Leverkusen,0,0,D,1,4.75,3.6,1.75,4.75,3.6,1.75,1387.2642390879123,1622.8678061452576,75,78,100,100,0.99,2.24,3,8,39.5959595959596,64.54220779220779
2013-02-24,2012,Borussia Monchengladbach,Borussia Dortmund,1,1,D,1,5.0,4.0,1.62,5.0,4.0,1.62,1541.5635137131437,1702.7263445716233,75,80,100,100,1.16,2.2399999999999998,5,12,45.416666666666664,44.45054945054945
2013-03-01,2012,Ein Frankfurt,Borussia Monchengladbach,0,1,A,0,2.0,3.4,3.75,2.0,3.4,3.75,1511.818142266033,1548.4951644049083,75,75,100,100,1.1600000000000001,1.1800000000000002,8,5,45.51948051948052,44.75
2013-03-02,2012,Bayer Leverkusen,VfB Stuttgart,2,1,H,2,1.53,4.33,5.5,1.53,4.33,5.5,1613.4230562816122,1509.698451310349,78,76,100,100,2.4400000000000004,1.23,6,4,62.46428571428571,45.83333333333333
2013-03-02,2012,Hamburg,Greuther Furth,1,1,D,1,1.62,3.75,5.5,1.62,3.75,5.5,1520.588059199024,1396.7089889515578,75,75,100,100,2.06,1.16,9,4,46.46153846153847,45.31024531024531
2013-03-02,2012,Borussia Dortmund,Hannover 96,3,1,H,2,1.3,5.25,9.5,1.3,5.25,9.5,1695.7946938798586,1520.94471746111,80,75,100,100,2.04,1.2400000000000002,10,10,49.87912087912088,26.166666666666664
2013-03-02,2012,VfL Wolfsburg,FC Schalke 04,1,4,A,0,2.6,3.3,2.63,2.6,3.3,2.63,1490.6239371575173,1537.9697905483415,75,78,100,100,1.4600000000000002,1.47,5,5,58.08974358974359,54.22577422577422
2013-03-02,2012,FC Nurnberg,SC Freiburg,1,1,D,1,2.6,3.25,2.75,2.6,3.25,2.75,1503.5304637248285,1552.1649372537474,75,72,100,100,1.36,1.75,6,8,53.57575757575758,62.75757575757575
2013-03-02,2012,Werder Bremen,FC Augsburg,0,1,A,0,1.83,3.75,4.0,1.83,3.75,4.0,1470.6256933493376,1452.8214970187312,76,70,100,100,2.2600000000000002,1.6300000000000001,6,6,62.18181818181819,53.011988011988024
2013-03-03,2012,Fortuna Dusseldorf,FSV Mainz 05,1,1,D,1,3.0,3.2,2.4,3.0,3.2,2.4,1476.4001203358382,1527.8498900253758,75,73,100,100,1.3900000000000001,1.29,6,6,41.34920634920635,40.08080808080808
2013-03-03,2012,TSG Hoffenheim,Bayern Munich,0,1,A,0,12.0,5.5,1.25,12.0,5.5,1.25,1374.658322898142,1769.7209228381607,75,75,100,100,1.4,1.6700000000000004,3,15,44.230769230769226,64.1118881118881
2013-03-08,2012,FC Augsburg,FC Nurnberg,1,2,A,0,2.1,3.3,3.5,2.1,3.3,3.5,1469.640693613059,1505.755648963875,70,75,100,100,1.65,1.4,8,7,49.26198801198801,50.84848484848485
2013-03-09,2012,Bayern Munich,Fortuna Dusseldorf,3,2,H,2,1.1,9.0,21.0,1.1,9.0,21.0,1772.7060583236282,1478.7523012374836,75,75,100,100,1.85,1.3800000000000001,15,7,57.44522144522144,47.84920634920635
2013-03-09,2012,SC Freiburg,VfL Wolfsburg,2,5,A,0,1.91,3.5,4.0,1.91,3.5,4.0,1549.9397520147008,1476.790897270971,72,75,100,100,1.7600000000000002,1.0500000000000003,8,5,63.48484848484848,54.478632478632484
2013-03-09,2012,FSV Mainz 05,Bayer Leverkusen,1,0,H,2,3.1,3.3,2.3,3.1,3.3,2.3,1525.4977091237304,1624.7833911688292,73,78,100,100,1.03,2.83,4,8,41.63636363636364,74.46428571428571
2013-03-09,2012,Borussia Monchengladbach,Werder Bremen,1,1,D,1,2.2,3.4,3.2,2.2,3.4,3.2,1562.8123714694266,1453.8064967550097,75,76,100,100,1.12,2.16,5,6,39.94230769230769,61.93181818181817
2013-03-09,2012,FC Schalke 04,Borussia Dortmund,2,1,H,2,3.5,3.6,2.0,3.5,3.6,2.0,1551.8028304348877,1704.3598765781992,78,80,100,100,1.61,1.9600000000000002,7,10,55.33688533688534,47.87912087912088
2013-03-09,2012,Greuther Furth,TSG Hoffenheim,0,3,A,0,2.5,3.3,2.75,2.5,3.3,2.75,1402.1837711399894,1371.6731874126745,75,75,100,100,1.04,1.29,5,3,33.088023088023085,41.666666666666664
2013-03-10,2012,Hannover 96,Ein Frankfurt,0,0,D,1,2.3,3.5,2.9,2.3,3.5,2.9,1512.3795347627695,1497.5009352015147,75,75,100,100,1.2100000000000002,0.9800000000000001,7,5,30.666666666666664,47.05794205794206
2013-03-10,2012,VfB Stuttgart,Hamburg,0,1,A,0,2.25,3.4,3.1,2.25,3.4,3.1,1498.3381164231319,1515.1132770105924,76,75,100,100,1.31,2.31,4,7,45.83333333333333,57.128205128205124
2013-03-15,2012,VfL Wolfsburg,Fortuna Dusseldorf,1,1,D,1,1.8,3.5,4.5,1.8,3.5,4.5,1496.1106199589676,1473.7764476545656,75,75,100,100,1.25,1.1800000000000002,7,4,42.55555555555556,41.88766788766789
2013-03-16,2012,Werder Bremen,Greuther Furth,2,2,D,1,1.5,4.33,6.0,1.5,4.33,6.0,1458.667927596983,1384.7823075585577,76,75,100,100,1.6199999999999999,1.03,4,2,52.93181818181819,39.841269841269835
2013-03-16,2012,Bayer Leverkusen,Bayern Munich,1,2,A,0,4.2,3.75,1.8,4.2,3.75,1.8,1604.3316427519933,1777.6819119065462,78,75,100,100,2.56,2.1700000000000004,8,15,70.57539682539682,67.9067599067599
2013-03-16,2012,FC Nurnberg,FC Schalke 04,3,0,H,2,3.1,3.4,2.25,3.1,3.4,2.25,1520.0984581721482,1574.4091276080567,75,78,100,100,1.24,1.8,7,10,48.84848484848485,49.15506715506715
2013-03-16,2012,TSG Hoffenheim,FSV Mainz 05,0,0,D,1,2.5,3.3,2.8,2.5,3.3,2.8,1389.0746509941062,1545.9494575405663,75,73,100,100,1.4,1.05,3,7,46.42857142857143,38.525252525252526
2013-03-16,2012,Borussia Dortmund,SC Freiburg,5,1,H,2,1.36,4.75,8.5,1.36,4.75,8.5,1681.7535794050305,1530.6200293267043,80,72,100,100,1.8400000000000003,1.8700000000000003,7,8,50.879120879120876,65.15151515151516
2013-03-16,2012,Hamburg,FC Augsburg,0,1,A,0,1.91,3.5,4.0,1.91,3.5,4.0,1530.3413520677448,1455.297884404786,75,70,100,100,1.9200000000000004,1.6299999999999997,10,7,54.05128205128206,58.18506493506493
2013-03-17,2012,Ein Frankfurt,VfB Stuttgart,1,2,A,0,2.0,3.5,3.6,2.0,3.5,3.6,1498.1857014862724,1483.1100413659794,75,76,100,100,0.8099999999999999,1.4899999999999998,3,4,49.493839493839495,45.64102564102564
2013-03-17,2012,Borussia Monchengladbach,Hannover 96,1,0,H,2,2.0,3.4,3.75,2.0,3.4,3.75,1557.9509406274533,1511.6947684780118,75,75,100,100,1.06,1.2200000000000002,6,8,38.94230769230769,39.0
2013-03-30,2012,VfB Stuttgart,Borussia Dortmund,1,2,A,0,3.8,3.6,1.91,3.8,3.6,1.91,1499.8038657817349,1691.2017527012515,76,80,100,100,1.52,2.0,7,10,42.30769230769231,54.57142857142858
2013-03-30,2012,FSV Mainz 05,Werder Bremen,1,1,D,1,2.05,3.5,3.5,2.05,3.5,3.5,1539.1790690910173,1455.315750565529,73,76,100,100,0.99,1.6600000000000001,7,2,46.55555555555556,56.777972027972034
2013-03-30,2012,FC Schalke 04,TSG Hoffenheim,3,0,H,2,1.57,4.1,5.5,1.57,4.1,5.5,1555.9282035713247,1395.8450394436552,78,75,100,100,2.1100000000000003,1.12,10,4,52.539682539682545,41.42857142857143
2013-03-30,2012,Fortuna Dusseldorf,Bayer Leverkusen,1,4,A,0,4.33,3.6,1.8,4.33,3.6,1.8,1474.8035599120824,1595.71220006645,75,78,100,100,1.12,2.14,5,7,37.72100122100122,70.46176046176046
2013-03-30,2012,Bayern Munich,Hamburg,9,2,H,2,1.3,5.5,9.0,1.3,5.5,9.0,1786.3013545920896,1510.9382304539333,75,75,100,100,2.0100000000000002,1.9600000000000002,15,7,58.885780885780875,61.743589743589745
2013-03-30,2012,FC Augsburg,Hannover 96,0,2,A,0,2.0,3.4,3.75,2.0,3.4,3.75,1474.7010060185974,1497.812446608257,70,75,100,100,1.26,1.37,9,5,46.43681318681318,39.0
2013-03-30,2012,SC Freiburg,Borussia Monchengladbach,2,0,H,2,2.0,3.4,3.75,2.0,3.4,3.75,1521.1718560304832,1571.8332624972081,72,75,100,100,1.7399999999999998,1.03,5,8,55.81818181818183,46.02564102564102
2013-03-31,2012,Greuther Furth,Ein Frankfurt,2,3,A,0,3.25,3.25,2.25,3.25,3.25,2.25,1388.1344845900117,1481.491877070517,75,75,100,100,0.96,0.9400000000000001,3,2,32.66178266178266,53.73626373626373
2013-03-31,2012,VfL Wolfsburg,FC Nurnberg,2,2,D,1,2.0,3.5,3.6,2.0,3.5,3.6,1495.0835077014508,1538.5793822088801,75,75,100,100,1.4900000000000002,1.33,5,9,53.38888888888889,49.93939393939394
2013-04-05,2012,TSG Hoffenheim,Fortuna Dusseldorf,3,0,H,2,2.0,3.4,3.75,2.0,3.4,3.75,1386.7362472001714,1464.1572135085896,75,75,100,100,1.0100000000000002,0.9099999999999999,4,2,41.42857142857143,42.60989010989012
2013-04-06,2012,Bayer Leverkusen,VfL Wolfsburg,1,1,D,1,1.5,4.33,6.0,1.5,4.33,6.0,1606.3585464699427,1497.0761673990492,78,75,100,100,2.1100000000000003,1.6199999999999999,7,6,63.03318903318903,53.05555555555556
2013-04-06,2012,Ein Frankfurt,Bayern Munich,0,1,A,0,6.0,4.0,1.53,6.0,4.0,1.53,1493.2931785632375,1791.7436563844942,75,75,100,100,1.1,2.6700000000000004,5,15,47.30769230769231,64.88578088578087
2013-04-06,2012,Borussia Dortmund,FC Augsburg,4,2,H,2,1.3,5.5,9.0,1.3,5.5,9.0,1699.1827926206734,1459.7637601183967,80,70,100,100,2.1,1.4100000000000001,10,9,60.54545454545455,56.532051282051285
2013-04-06,2012,Borussia Monchengladbach,Greuther Furth,1,0,H,2,1.62,3.75,5.5,1.62,3.75,5.5,1553.5166142101732,1376.333183097291,75,75,100,100,1.08,1.23,8,3,39.66200466200466,38.77289377289377
2013-04-06,2012,Werder Bremen,FC Schalke 04,0,2,A,0,2.6,3.4,2.6,2.6,3.4,2.6,1459.1045015569823,1565.0369958148085,76,78,100,100,1.7399999999999998,2.16,3,12,59.71503496503497,52.539682539682545
2013-04-06,2012,Hamburg,SC Freiburg,0,1,A,0,2.3,3.3,3.1,2.3,3.3,3.1,1505.4959286615288,1539.4885043175182,75,72,100,100,2.24,1.4900000000000002,4,5,57.743589743589745,63.090909090909086
2013-04-07,2012,Hannover 96,VfB Stuttgart,0,0,D,1,2.3,3.3,3.1,2.3,3.3,3.1,1512.7496925084577,1491.822825862313,75,76,100,100,1.2200000000000002,1.6400000000000001,7,4,36.33333333333333,37.76223776223777
2013-04-07,2012,FC Nurnberg,FSV Mainz 05,2,1,H,2,2.4,3.2,3.0,2.4,3.2,3.0,1536.5867225112818,1535.390318099564,75,73,100,100,1.45,0.95,9,7,42.27272727272727,42.70940170940171
2013-04-12,2012,SC Freiburg,Hannover 96,3,1,H,2,1.7,3.6,5.0,1.7,3.6,5.0,1553.9280642209214,1511.7871384321013,72,75,100,100,1.4100000000000001,1.0200000000000002,7,5,50.94805194805194,38.33333333333333
2013-04-13,2012,FSV Mainz 05,Hamburg,1,2,A,0,2.05,3.4,3.6,2.05,3.4,3.6,1519.4454143410615,1491.0563687581255,73,75,100,100,0.9800000000000001,1.86,6,4,47.70940170940171,62.88644688644689
2013-04-13,2012,Fortuna Dusseldorf,Werder Bremen,2,2,D,1,2.8,3.3,2.5,2.8,3.3,2.5,1444.6497107327627,1447.8371213776927,75,76,100,100,1.1300000000000001,1.7599999999999998,2,3,44.03846153846153,65.29945054945054
2013-04-13,2012,Greuther Furth,Borussia Dortmund,1,6,A,0,7.5,4.75,1.4,7.5,4.75,1.4,1367.8519934815772,1705.6243017375762,75,80,100,100,1.4900000000000002,2.2,2,12,48.05860805860806,53.81818181818183
2013-04-13,2012,Bayern Munich,FC Nurnberg,4,0,H,2,1.22,6.0,13.0,1.22,6.0,13.0,1796.6117043246218,1552.5316262697843,75,75,100,100,2.56,1.48,15,11,63.408508158508155,40.60606060606061
2013-04-13,2012,VfL Wolfsburg,TSG Hoffenheim,2,2,D,1,2.2,3.3,3.3,2.2,3.3,3.3,1501.9491534046658,1406.2437499759983,75,75,100,100,1.64,1.35,6,7,51.94444444444444,46.42857142857143
2013-04-13,2012,FC Schalke 04,Bayer Leverkusen,2,2,D,1,2.25,3.4,3.1,2.25,3.4,3.1,1576.304375994098,1601.485560464326,78,78,100,100,2.23,1.8699999999999999,12,7,48.25396825396825,59.858585858585855
2013-04-14,2012,FC Augsburg,Ein Frankfurt,2,0,H,2,2.38,3.25,3.0,2.38,3.25,3.0,1453.322251001494,1488.42513062311,70,75,100,100,1.5300000000000002,1.27,6,4,54.259324009324004,51.05769230769231
2013-04-14,2012,VfB Stuttgart,Borussia Monchengladbach,2,0,H,2,2.2,3.3,3.3,2.2,3.3,3.3,1492.7853799386694,1561.997803825887,76,75,100,100,1.5500000000000003,1.33,4,10,34.428904428904424,38.66200466200466
2013-04-19,2012,Borussia Monchengladbach,FC Augsburg,1,0,H,2,2.3,3.2,3.1,2.3,3.2,3.1,1542.8519578775752,1470.933320191339,75,70,100,100,1.3200000000000003,1.56,7,6,39.54112554112554,60.509324009324004
2013-04-20,2012,Werder Bremen,VfL Wolfsburg,0,3,A,0,2.0,3.6,3.5,2.0,3.6,3.5,1447.6903398108625,1497.6499509755738,76,75,100,100,1.8,1.73,4,7,56.54945054945055,49.722222222222214
2013-04-20,2012,Hannover 96,Bayern Munich,1,6,A,0,5.5,4.0,1.57,5.5,4.0,1.57,1497.7183387170307,1802.9162769305879,75,75,100,100,1.1,2.7,5,15,34.333333333333336,65.07517482517483
2013-04-20,2012,Bayer Leverkusen,TSG Hoffenheim,5,0,H,2,1.44,4.5,6.5,1.44,4.5,6.5,1600.3279503133049,1410.5429524050903,78,75,100,100,1.75,1.4400000000000002,5,8,49.858585858585855,53.095238095238095
2013-04-20,2012,Ein Frankfurt,FC Schalke 04,1,0,H,2,3.0,3.4,2.3,3.0,3.4,2.3,1470.814061433265,1577.4619861451192,75,78,100,100,1.25,2.3400000000000003,4,10,46.25,47.142857142857146
2013-04-20,2012,Borussia Dortmund,FSV Mainz 05,2,0,H,2,1.44,4.5,6.5,1.44,4.5,6.5,1709.6296823924715,1502.1409522943466,80,73,100,100,2.2399999999999998,1.0100000000000002,12,5,62.4848484848485,55.04273504273503
2013-04-20,2012,Hamburg,Fortuna Dusseldorf,2,1,H,2,1.83,3.5,4.33,1.83,3.5,4.33,1508.3608308048404,1444.796492299593,75,75,100,100,1.6400000000000001,1.08,6,2,52.88644688644689,45.03846153846153
2013-04-21,2012,FC Nurnberg,Greuther Furth,0,1,A,0,1.75,3.5,4.75,1.75,3.5,4.75,1546.2270536638182,1363.8466128266818,75,75,100,100,1.46,1.56,10,1,38.333333333333336,48.05860805860805
2013-04-21,2012,VfB Stuttgart,SC Freiburg,2,1,H,2,2.3,3.4,3.0,2.3,3.4,3.0,1511.9312258869813,1567.996863935992,76,72,100,100,1.7000000000000004,1.4600000000000002,7,9,45.85747585747585,50.22077922077922
2013-04-26,2012,Greuther Furth,Hannover 96,2,3,A,0,2.3,3.4,3.0,2.3,3.4,3.0,1387.5505874557527,1493.008451709673,75,75,100,100,1.55,1.1400000000000001,4,4,43.93162393162393,29.636363636363637
2013-04-27,2012,VfL Wolfsburg,Borussia Monchengladbach,3,1,H,2,2.1,3.4,3.4,2.1,3.4,3.4,1511.36495322798,1555.5864895271307,75,75,100,100,1.47,1.4500000000000004,7,9,51.38888888888888,41.450216450216445
2013-04-27,2012,TSG Hoffenheim,FC Nurnberg,2,1,H,2,2.0,3.4,3.75,2.0,3.4,3.75,1402.5061640891306,1522.5230790347473,75,75,100,100,1.2500000000000002,1.8700000000000003,5,7,45.0,45.88888888888889
2013-04-27,2012,Bayer Leverkusen,Werder Bremen,1,0,H,2,1.4,4.75,7.0,1.4,4.75,7.0,1608.3647386292646,1433.9753375584562,78,76,100,100,2.0100000000000002,1.6800000000000002,8,3,55.41414141414141,58.88278388278388
2013-04-27,2012,Bayern Munich,SC Freiburg,1,0,H,2,1.22,6.0,12.0,1.22,6.0,12.0,1807.6261639379456,1549.4371261380786,75,72,100,100,2.38,1.2900000000000003,15,9,62.97727272727273,48.55411255411256
2013-04-27,2012,FC Augsburg,VfB Stuttgart,3,0,H,2,2.25,3.25,3.25,2.25,3.25,3.25,1458.1987885417834,1530.4909636848947,70,76,100,100,1.5100000000000002,1.7200000000000002,6,10,57.6002331002331,40.21645021645021
2013-04-27,2012,Fortuna Dusseldorf,Borussia Dortmund,1,2,A,0,4.75,4.0,1.67,4.75,4.0,1.67,1431.6915096769817,1717.068809408337,75,80,100,100,1.28,2.46,2,15,51.0,67.81818181818183
2013-04-28,2012,FSV Mainz 05,Ein Frankfurt,0,0,D,1,2.05,3.4,3.5,2.05,3.4,3.5,1494.701825278481,1491.5767271542277,73,75,100,100,0.9400000000000001,1.28,2,6,52.82051282051282,34.58333333333333
2013-04-28,2012,FC Schalke 04,Hamburg,4,1,H,2,1.57,4.1,5.5,1.57,4.1,5.5,1556.6993204241564,1521.4658134274516,78,75,100,100,2.12,1.73,7,6,55.142857142857146,57.69413919413919
2013-05-03,2012,Borussia Monchengladbach,FC Schalke 04,0,1,A,0,3.5,3.4,2.05,3.5,3.4,2.05,1537.5609388023634,1571.0822968384373,75,78,100,100,1.4,2.37,6,10,35.616883116883116,60.47619047619048
2013-05-04,2012,Borussia Dortmund,Bayern Munich,1,1,D,1,3.1,3.4,2.25,3.1,3.4,2.25,1722.2556684122694,1813.5296650757007,80,75,100,100,2.14,2.4699999999999998,15,15,58.484848484848484,69.11363636363636
2013-05-04,2012,VfB Stuttgart,Greuther Furth,0,2,A,0,1.67,3.75,5.0,1.67,3.75,5.0,1511.2090134458883,1376.2632540425807,76,75,100,100,1.6700000000000004,1.86,7,3,39.7036297036297,48.686868686868685
2013-05-04,2012,FC Nurnberg,Bayer Leverkusen,0,2,A,0,3.75,3.6,1.91,3.75,3.6,1.91,1501.2059245018663,1616.9465620418093,75,78,100,100,1.59,1.9600000000000002,4,11,42.46031746031746,52.54700854700856
2013-05-04,2012,Werder Bremen,TSG Hoffenheim,2,2,D,1,2.1,3.6,3.2,2.1,3.6,3.2,1425.3935141459115,1423.8233186220116,76,75,100,100,1.45,1.6800000000000004,2,7,54.26739926739926,48.09523809523809
2013-05-04,2012,Ein Frankfurt,Fortuna Dusseldorf,3,1,H,2,1.8,3.5,4.5,1.8,3.5,4.5,1491.7206393602473,1426.5046506730494,75,75,100,100,1.1800000000000002,1.27,7,1,31.25,61.83333333333333
2013-05-04,2012,Hannover 96,FSV Mainz 05,2,2,D,1,2.38,3.4,2.9,2.38,3.4,2.9,1504.295785122845,1494.5579130724614,75,73,100,100,1.04,1.0100000000000002,7,2,32.06060606060606,51.15384615384615
2013-05-05,2012,Hamburg,VfL Wolfsburg,1,1,D,1,2.2,3.4,3.2,2.2,3.4,3.2,1507.0828370131708,1529.3905039527474,75,75,100,100,1.4900000000000002,1.42,6,9,48.97619047619047,46.38888888888888
2013-05-05,2012,SC Freiburg,FC Augsburg,2,0,H,2,1.91,3.4,4.0,1.91,3.4,4.0,1543.5336250003236,1477.4807387807898,72,70,100,100,1.31,1.9100000000000001,9,6,52.05411255411256,66.83100233100234
2013-05-11,2012,VfL Wolfsburg,Borussia Dortmund,3,3,D,1,4.0,3.6,1.85,4.0,3.6,1.85,1528.364607288255,1726.3648903085627,75,80,100,100,1.6800000000000002,1.98,9,13,48.56837606837606,61.082251082251084
2013-05-11,2012,Werder Bremen,Ein Frankfurt,1,1,D,1,2.2,3.6,3.0,2.2,3.6,3.0,1425.3212044620873,1504.7521146159156,76,75,100,100,1.3800000000000001,1.36,2,7,53.75457875457876,34.583333333333336
2013-05-11,2012,FC Schalke 04,VfB Stuttgart,1,2,A,0,1.36,4.75,8.5,1.36,4.75,8.5,1585.5433535398854,1489.2892617753896,78,76,100,100,2.38,1.6600000000000001,10,7,61.904761904761905,48.53479853479854
2013-05-11,2012,FSV Mainz 05,Borussia Monchengladbach,2,4,A,0,2.2,3.3,3.3,2.2,3.3,3.3,1495.006241262746,1523.0998821009152,73,75,100,100,1.05,1.3800000000000001,2,6,55.0,40.55194805194805
2013-05-11,2012,Bayer Leverkusen,Hannover 96,3,1,H,2,1.3,5.5,9.0,1.3,5.5,9.0,1627.8052993803117,1503.8474569325604,78,75,100,100,1.9400000000000002,1.1900000000000002,11,5,55.81973581973582,40.72727272727273
2013-05-11,2012,Greuther Furth,SC Freiburg,1,2,A,0,4.5,3.75,1.75,4.5,3.75,1.75,1398.1830057130794,1556.5279030551744,75,72,100,100,1.78,1.5100000000000002,6,9,39.40115440115439,43.38278388278388
2013-05-11,2012,Fortuna Dusseldorf,FC Nurnberg,1,2,A,0,1.85,3.5,4.2,1.85,3.5,4.2,1413.473175417381,1490.347187163364,75,75,100,100,1.1700000000000002,1.45,1,3,57.5,46.85425685425685
2013-05-11,2012,Bayern Munich,FC Augsburg,3,0,H,2,1.2,6.5,13.0,1.2,6.5,13.0,1809.4204431794074,1464.486460725939,75,70,100,100,1.7599999999999998,1.9100000000000001,13,6,57.97077922077922,60.472027972027966
2013-05-11,2012,TSG Hoffenheim,Hamburg,1,4,A,0,1.83,3.75,4.0,1.83,3.75,4.0,1423.8956283058358,1508.1087336776632,75,75,100,100,1.9200000000000004,1.5400000000000003,8,7,44.76190476190476,49.13003663003663
2013-05-18,2012,Hamburg,Bayer Leverkusen,0,1,A,0,3.0,4.0,2.1,3.0,4.0,2.1,1520.3047812719592,1638.3273145759704,75,78,100,100,1.56,2.2199999999999998,10,13,35.32051282051282,51.375291375291376
2013-05-18,2012,FC Augsburg,Greuther Furth,3,1,H,2,1.5,4.33,6.0,1.5,4.33,6.0,1460.6233189559637,1389.0088726055367,70,75,100,100,1.65,1.6800000000000002,6,6,51.38111888111888,32.093462093462094
2013-05-18,2012,SC Freiburg,FC Schalke 04,1,2,A,0,2.75,3.5,2.4,2.75,3.5,2.4,1565.7020361627171,1565.220717388722,72,78,100,100,1.6600000000000001,2.2,9,7,52.833333333333336,69.76190476190476
2013-05-18,2012,Ein Frankfurt,VfL Wolfsburg,2,2,D,1,2.0,3.6,3.5,2.0,3.6,3.5,1501.1566113035096,1536.6090704568444,75,75,100,100,1.25,1.7100000000000002,8,9,31.287878787878793,52.40675990675991
2013-05-18,2012,Borussia Dortmund,TSG Hoffenheim,1,2,A,0,1.33,5.0,8.5,1.33,5.0,8.5,1718.1204271399733,1411.6995807115397,80,75,100,100,1.83,1.81,11,5,61.082251082251084,51.42857142857142
2013-05-18,2012,FC Nurnberg,Werder Bremen,3,2,H,2,2.5,3.6,2.6,2.5,3.6,2.6,1502.8636703667448,1428.9167077744933,75,76,100,100,1.53,1.36,3,3,58.52092352092352,55.44289044289044
2013-05-18,2012,VfB Stuttgart,FSV Mainz 05,2,2,D,1,2.05,3.6,3.3,2.05,3.6,3.3,1509.611897926553,1480.2971889091666,76,73,100,100,1.52,1.07,9,2,43.53479853479853,50.0
2013-05-18,2012,Borussia Monchengladbach,Bayern Munich,3,4,A,0,7.0,4.33,1.44,7.0,4.33,1.44,1537.8089344544946,1813.2835849493827,75,75,100,100,1.36,1.8399999999999999,6,13,45.55194805194805,63.08441558441558
2013-05-18,2012,Hannover 96,Fortuna Dusseldorf,3,0,H,2,2.3,3.6,2.8,2.3,3.6,2.8,1493.3254417369017,1400.9566922140002,75,75,100,100,1.25,1.0,4,1,44.060606060606055,50.83333333333333
2013-08-09,2013,Bayern Munich,Borussia Monchengladbach,3,1,H,2,1.13,8.5,19.0,1.13,8.5,19.0,1818.722987634468,1532.3695317694094,75,75,100,100,2.0100000000000002,1.49,13,6,66.26623376623377,38.798701298701296
2013-08-10,2013,Bayer Leverkusen,SC Freiburg,3,1,H,2,1.44,4.5,6.5,1.44,4.5,6.5,1649.0920168218115,1549.6798706282175,77,73,100,100,2.15,1.5700000000000003,15,6,56.375291375291376,55.11904761904763
2013-08-10,2013,Hertha BSC,Ein Frankfurt,6,1,H,2,2.2,3.4,3.2,2.2,3.4,3.2,1406.3925761359667,1502.7836143835077,75,75,100,100,1.6700000000000004,1.28,4,9,53.45454545454545,31.78787878787879
2013-08-10,2013,TSG Hoffenheim,FC Nurnberg,2,2,D,1,2.1,3.3,3.5,2.1,3.3,3.5,1439.017899366214,1515.5087925061616,75,75,100,100,1.8,1.6400000000000001,7,6,38.095238095238095,65.52092352092352
2013-08-10,2013,Braunschweig,Werder Bremen,0,1,A,0,2.7,3.4,2.5,2.7,3.4,2.5,1500.0,1416.2715856350765,75,75,100,100,1.0,1.3800000000000001,0,2,50.0,58.44289044289044
2013-08-10,2013,FC Augsburg,Borussia Dortmund,0,4,A,0,7.0,4.33,1.44,7.0,4.33,1.44,1473.371278026558,1690.8021084852992,71,80,100,100,1.6600000000000001,1.85,6,8,53.42657342657343,64.4155844155844
2013-08-10,2013,Hannover 96,VfL Wolfsburg,2,0,H,2,2.6,3.4,2.6,2.6,3.4,2.6,1505.1691682182523,1534.9820673768463,75,76,100,100,1.4200000000000002,1.6800000000000002,7,9,48.78787878787879,57.74009324009323
2013-08-11,2013,FC Schalke 04,Hamburg,3,3,D,1,1.44,4.33,7.0,1.44,4.33,7.0,1581.2428829232217,1509.540079026118,78,75,100,100,1.9200000000000004,1.45,9,7,65.47619047619047,33.65384615384615
2013-08-11,2013,FSV Mainz 05,VfB Stuttgart,3,2,H,2,2.4,3.4,2.8,2.4,3.4,2.8,1481.643986687225,1508.2651001484946,73,75,100,100,1.1400000000000001,1.3800000000000001,3,7,46.666666666666664,42.10622710622711
2013-08-17,2013,Werder Bremen,FC Augsburg,1,0,H,2,1.91,3.5,4.0,1.91,3.5,4.0,1436.0544718773242,1466.2539123317881,75,71,100,100,1.4600000000000002,1.7400000000000002,5,6,60.665112665112666,53.42657342657343
2013-08-17,2013,Ein Frankfurt,Bayern Munich,0,1,A,0,10.0,5.25,1.29,10.0,5.25,1.29,1482.455132550309,1823.8854712161005,75,75,100,100,1.32,2.29,6,13,40.67676767676768,61.902597402597394
2013-08-17,2013,SC Freiburg,FSV Mainz 05,1,2,A,0,2.25,3.4,3.1,2.25,3.4,3.1,1538.136991537595,1498.867540754312,73,73,100,100,1.5400000000000003,1.4600000000000002,6,6,47.5,44.0
2013-08-17,2013,Hamburg,TSG Hoffenheim,1,5,A,0,2.0,3.6,3.5,2.0,3.6,3.5,1512.7960206716627,1442.4846051942643,75,75,100,100,1.52,2.2199999999999998,5,8,35.15384615384615,42.76190476190476
2013-08-17,2013,Borussia Monchengladbach,Hannover 96,3,0,H,2,1.83,3.5,4.33,1.83,3.5,4.33,1527.2070481877768,1522.538743178389,75,75,100,100,1.33,1.7100000000000002,3,10,35.88961038961039,60.707070707070706
2013-08-17,2013,VfB Stuttgart,Bayer Leverkusen,0,1,A,0,3.5,3.25,2.1,3.5,3.25,2.1,1491.0415460814077,1660.634895912434,75,77,100,100,1.5,1.9900000000000002,4,15,51.439560439560445,53.994338994339
2013-08-17,2013,VfL Wolfsburg,FC Schalke 04,4,0,H,2,2.88,3.3,2.4,2.88,3.3,2.4,1517.6124924167095,1577.986941277677,76,78,100,100,1.7100000000000002,2.05,6,10,55.517871017871016,51.47619047619047
2013-08-18,2013,FC Nurnberg,Hertha BSC,2,2,D,1,2.3,3.4,3.0,2.3,3.4,3.0,1512.0420866781112,1426.7210579691655,75,75,100,100,1.4100000000000001,1.9100000000000001,7,7,61.96536796536797,47.42279942279943
2013-08-18,2013,Borussia Dortmund,Braunschweig,2,1,H,2,1.17,7.5,13.0,1.17,7.5,13.0,1697.919474180069,1480.2171137577523,80,75,100,100,1.8400000000000003,1.25,8,0,61.991341991342,22.22222222222222
2013-08-23,2013,Borussia Dortmund,Werder Bremen,1,0,H,2,1.2,6.5,13.0,1.2,6.5,13.0,1705.0281931698726,1453.4417156033157,80,75,100,100,1.9900000000000002,1.3200000000000003,8,8,66.75324675324676,57.43434343434343
2013-08-24,2013,FSV Mainz 05,VfL Wolfsburg,2,0,H,2,2.63,3.4,2.6,2.63,3.4,2.6,1516.6683040637852,1536.3651868341535,73,76,100,100,1.6799999999999997,1.86,8,6,47.33333333333333,58.732156732156724
2013-08-24,2013,Bayer Leverkusen,Borussia Monchengladbach,4,2,H,2,1.67,3.8,5.0,1.67,3.8,5.0,1669.3912142828265,1542.9920777339528,77,75,100,100,2.08,1.6,15,6,47.84049284049284,33.38961038961039
2013-08-24,2013,TSG Hoffenheim,SC Freiburg,3,3,D,1,1.75,3.75,4.5,1.75,3.75,4.5,1461.6790746951954,1520.3362282281216,75,73,100,100,2.0100000000000002,1.59,8,6,44.66666666666667,46.666666666666664
2013-08-24,2013,Bayern Munich,FC Nurnberg,2,0,H,2,1.1,9.0,26.0,1.1,9.0,26.0,1827.8176468173835,1508.190033083509,75,75,100,100,2.4000000000000004,1.56,13,8,58.493506493506494,62.28282828282829
2013-08-24,2013,Hannover 96,FC Schalke 04,2,1,H,2,2.63,3.4,2.6,2.63,3.4,2.6,1506.753713632213,1559.234246860233,75,78,100,100,1.7899999999999998,1.59,7,7,66.61616161616162,42.42857142857143
2013-08-24,2013,Hertha BSC,Hamburg,1,0,H,2,1.91,3.6,3.8,1.91,3.6,3.8,1430.5731115637677,1493.6015511707317,75,75,100,100,1.7399999999999998,1.6299999999999997,7,5,48.533910533910536,35.15384615384615
2013-08-25,2013,Braunschweig,Ein Frankfurt,0,2,A,0,2.7,3.4,2.5,2.7,3.4,2.5,1473.1083947679488,1478.522956949026,75,75,100,100,1.125,1.3299999999999998,0,5,32.53968253968254,41.58585858585859
2013-08-25,2013,FC Augsburg,VfB Stuttgart,2,1,H,2,2.3,3.4,3.0,2.3,3.4,3.0,1448.8666686057966,1482.2852277110153,71,75,100,100,1.6000000000000003,1.6,3,4,53.58041958041959,60.67032967032967
2013-08-27,2013,SC Freiburg,Bayern Munich,1,1,D,1,13.0,5.5,1.25,13.0,5.5,1.25,1517.660342060227,1832.2035741252935,73,75,100,100,1.37,2.88,4,15,52.30769230769231,73.81818181818183
2013-08-31,2013,Hamburg,Braunschweig,4,0,H,2,1.75,3.75,4.5,1.75,3.75,4.5,1474.730411532671,1457.3577243864493,75,75,100,100,1.59,1.1666666666666667,4,0,41.0,28.359788359788357
2013-08-31,2013,Hannover 96,FSV Mainz 05,4,1,H,2,2.4,3.5,2.75,2.4,3.5,2.75,1525.152316663051,1533.574408503552,75,73,100,100,1.8400000000000003,1.6199999999999999,9,10,74.11616161616162,43.04761904761905
2013-08-31,2013,Borussia Monchengladbach,Werder Bremen,4,1,H,2,1.75,3.75,4.5,1.75,3.75,4.5,1532.5690699269435,1447.3530333981046,75,75,100,100,1.7000000000000004,1.1300000000000001,6,7,30.81818181818182,48.54545454545455
2013-08-31,2013,FC Nurnberg,FC Augsburg,0,1,A,0,2.5,3.3,2.8,2.5,3.3,2.8,1503.804105775599,1466.4009215018018,75,71,100,100,1.3699999999999999,1.5400000000000003,8,6,51.37373737373737,52.52272727272727
2013-08-31,2013,FC Schalke 04,Bayer Leverkusen,2,0,H,2,3.2,3.5,2.15,3.2,3.5,2.15,1540.8356438293952,1679.8142220898358,78,77,100,100,1.4,2.43,4,15,33.49999999999999,54.56776556776556
2013-08-31,2013,VfL Wolfsburg,Hertha BSC,2,0,H,2,1.91,3.6,3.75,1.91,3.6,3.75,1519.4590823943868,1449.4442512018284,76,75,100,100,1.75,1.83,5,10,59.17171717171717,43.67676767676768
2013-09-01,2013,Ein Frankfurt,Borussia Dortmund,1,2,A,0,6.0,4.33,1.5,6.0,4.33,1.5,1494.2736273305254,1711.1168753750837,75,80,100,100,1.24,2.4,5,10,49.252525252525245,65.16594516594516
2013-09-01,2013,VfB Stuttgart,TSG Hoffenheim,6,2,H,2,2.3,3.5,2.9,2.3,3.5,2.9,1464.75097481501,1464.35496086309,75,75,100,100,1.4700000000000002,2.0100000000000002,4,8,55.13461538461538,44.666666666666664
2013-09-13,2013,Hertha BSC,VfB Stuttgart,0,1,A,0,2.15,3.4,3.3,2.15,3.4,3.3,1436.625604701146,1480.7327377064616,75,75,100,100,1.8800000000000003,1.6400000000000001,10,4,45.67676767676768,57.63461538461538
2013-09-14,2013,FC Augsburg,SC Freiburg,2,1,H,2,2.0,3.4,3.75,2.0,3.4,3.75,1484.1167782092293,1529.1624600314692,71,73,100,100,1.8800000000000003,1.2200000000000002,9,2,66.02922077922078,46.666666666666664
2013-09-14,2013,Bayern Munich,Hannover 96,2,0,H,2,1.13,8.5,21.0,1.13,8.5,21.0,1820.7014561540514,1541.540092374493,75,75,100,100,2.94,1.9700000000000002,13,12,70.78787878787878,73.28282828282829
2013-09-14,2013,Borussia Dortmund,Hamburg,6,2,H,2,1.25,6.0,11.0,1.25,6.0,11.0,1718.2529779672784,1489.931035828736,80,75,100,100,2.62,2.0200000000000005,12,4,66.46464646464645,53.222222222222214
2013-09-14,2013,Bayer Leverkusen,VfL Wolfsburg,3,1,H,2,1.8,3.75,4.2,1.8,3.75,4.2,1657.734867523205,1532.2777288950692,77,76,100,100,1.8800000000000001,1.95,12,7,62.901098901098905,56.44444444444444
2013-09-14,2013,FSV Mainz 05,FC Schalke 04,0,1,A,0,2.6,3.4,2.6,2.6,3.4,2.6,1517.1866327921098,1562.914998396026,73,78,100,100,1.57,1.29,10,7,40.54761904761905,23.5
2013-09-14,2013,Werder Bremen,Ein Frankfurt,0,3,A,0,2.45,3.3,2.8,2.45,3.3,2.8,1435.2005318439585,1487.1375247383307,75,75,100,100,1.0400000000000003,1.3900000000000001,6,4,50.66666666666667,55.22655122655122
2013-09-15,2013,Braunschweig,FC Nurnberg,1,1,D,1,2.7,3.25,2.6,2.7,3.25,2.6,1442.1571000903843,1486.0882490681715,75,75,100,100,1.3375,1.19,0,5,26.825396825396822,37.56421356421357
2013-09-15,2013,TSG Hoffenheim,Borussia Monchengladbach,2,1,H,2,2.6,3.4,2.6,2.6,3.4,2.6,1448.3731979716383,1544.7215714810895,75,75,100,100,1.8700000000000003,1.81,8,6,40.5,24.15151515151515
2013-09-20,2013,Borussia Monchengladbach,Braunschweig,4,1,H,2,1.36,4.75,8.0,1.36,4.75,8.0,1524.394910696443,1444.1694909188336,75,75,100,100,1.78,1.58,6,1,34.33333333333333,34.79365079365079
2013-09-21,2013,FC Schalke 04,Bayern Munich,0,4,A,0,5.5,4.33,1.53,5.5,4.33,1.53,1576.8212056447985,1826.045713649258,78,75,100,100,1.35,2.66,7,13,34.45238095238095,67.90017825311944
2013-09-21,2013,VfL Wolfsburg,TSG Hoffenheim,2,1,H,2,1.73,4.0,4.2,1.73,4.0,4.2,1521.8165750717203,1468.6998587562848,76,75,100,100,1.9899999999999998,1.8400000000000003,6,8,53.01587301587301,48.5
2013-09-21,2013,FC Nurnberg,Borussia Dortmund,1,1,D,1,8.0,5.25,1.33,8.0,5.25,1.33,1484.0758582397223,1725.0294170974287,75,80,100,100,1.0,2.97,3,15,32.23088023088023,62.02020202020202
2013-09-21,2013,Hannover 96,FC Augsburg,2,1,H,2,2.5,3.3,2.75,2.5,3.3,2.75,1536.1958348792864,1502.179662687372,75,71,100,100,1.7900000000000003,1.9,9,9,65.26143790849673,66.86838161838162
2013-09-21,2013,Hamburg,Werder Bremen,0,2,A,0,1.95,3.4,3.9,1.95,3.4,3.9,1483.1545966985857,1421.5746607385752,75,75,100,100,1.97,0.9800000000000001,4,6,52.666666666666664,49.333333333333336
2013-09-21,2013,FSV Mainz 05,Bayer Leverkusen,1,4,A,0,3.5,3.5,2.05,3.5,3.5,2.05,1503.2804255433373,1668.1960213465538,73,77,100,100,1.4400000000000002,1.8699999999999999,9,12,33.88095238095238,59.32967032967033
2013-09-22,2013,SC Freiburg,Hertha BSC,1,1,D,1,2.38,3.4,2.9,2.38,3.4,2.9,1511.0995755533265,1422.6459711801647,73,75,100,100,1.05,1.95,2,7,36.996336996336986,52.949494949494955
2013-09-22,2013,VfB Stuttgart,Ein Frankfurt,1,1,D,1,2.15,3.4,3.3,2.15,3.4,3.3,1494.7123712274429,1500.763395843714,75,75,100,100,1.7000000000000004,1.5400000000000003,6,6,54.90734265734265,60.559884559884566
2013-09-27,2013,FC Augsburg,Borussia Monchengladbach,2,2,D,1,2.5,3.25,2.8,2.5,3.25,2.8,1487.7411791015782,1536.7646844371948,71,75,100,100,1.8300000000000005,1.9200000000000004,9,9,59.999694749694754,26.333333333333332
2013-09-28,2013,Bayern Munich,VfL Wolfsburg,1,0,H,2,1.14,8.0,15.0,1.14,8.0,15.0,1832.2017119457894,1535.3893410406865,75,76,100,100,2.38,2.0699999999999994,13,9,65.90017825311944,58.57142857142858
2013-09-28,2013,Borussia Dortmund,SC Freiburg,5,0,H,2,1.18,7.0,13.0,1.18,7.0,13.0,1715.425599349807,1507.1119211900482,80,73,100,100,2.9,1.01,13,3,66.11111111111111,47.645687645687644
2013-09-28,2013,Ein Frankfurt,Hamburg,2,2,D,1,1.8,3.6,4.33,1.8,3.6,4.33,1500.4847640336343,1464.3480630799418,75,75,100,100,1.6,2.04,7,3,64.3982683982684,46.66666666666667
2013-09-28,2013,Hertha BSC,FSV Mainz 05,3,1,H,2,2.0,3.6,3.5,2.0,3.6,3.5,1426.633625543443,1494.3518019421285,75,73,100,100,1.6700000000000004,1.2900000000000003,5,6,45.474747474747474,39.88095238095238
2013-09-28,2013,TSG Hoffenheim,FC Schalke 04,3,3,D,1,2.8,3.3,2.5,2.8,3.3,2.5,1455.1270927873186,1570.6652073482671,75,78,100,100,1.44,0.9800000000000001,7,6,50.5,38.45238095238095
2013-09-28,2013,Bayer Leverkusen,Hannover 96,2,0,H,2,1.33,5.0,9.0,1.33,5.0,9.0,1677.1246449477626,1550.6343184650802,77,75,100,100,1.78,1.7400000000000002,12,9,55.043956043956044,67.48366013071896
2013-09-29,2013,Werder Bremen,FC Nurnberg,3,3,D,1,2.05,3.5,3.4,2.05,3.5,3.4,1440.381194357219,1493.679675987344,75,75,100,100,1.1,0.9,6,3,45.777777777777786,25.23088023088023
2013-09-29,2013,Braunschweig,VfB Stuttgart,0,4,A,0,4.0,3.5,1.91,4.0,3.5,1.91,1431.799717178082,1494.9910030375227,75,75,100,100,1.57,1.45,1,7,50.34920634920635,46.18006993006993
2013-10-04,2013,Hannover 96,Hertha BSC,1,1,D,1,2.25,3.4,3.1,2.25,3.4,3.1,1540.2149995577718,1445.7132634062789,75,75,100,100,1.5799999999999998,1.6,9,7,66.3298139768728,44.36363636363636
2013-10-05,2013,VfL Wolfsburg,Braunschweig,0,2,A,0,1.29,5.5,9.5,1.29,5.5,9.5,1530.4822443089797,1418.6781140661967,76,75,100,100,1.67,1.5500000000000003,6,1,46.857142857142854,55.11111111111111
2013-10-05,2013,VfB Stuttgart,Werder Bremen,1,1,D,1,1.7,3.8,4.75,1.7,3.8,4.75,1508.1126061494078,1442.816605703449,75,75,100,100,1.6300000000000001,1.4000000000000001,10,4,37.46212121212121,49.777777777777786
2013-10-05,2013,FC Schalke 04,FC Augsburg,4,1,H,2,1.73,3.8,4.5,1.73,3.8,4.5,1565.532309795304,1489.983930658651,78,71,100,100,1.1600000000000001,1.8700000000000003,7,10,49.72222222222223,55.999694749694754
2013-10-05,2013,FSV Mainz 05,TSG Hoffenheim,2,2,D,1,2.25,3.5,3.0,2.25,3.5,3.0,1475.2721640792927,1460.2599903402818,73,75,100,100,1.1199999999999999,1.3400000000000003,3,5,36.54761904761905,41.61111111111111
2013-10-05,2013,Bayer Leverkusen,Bayern Munich,1,1,D,1,5.0,4.2,1.6,5.0,4.2,1.6,1687.543963855071,1837.1088086774962,77,75,100,100,2.04,2.2199999999999998,12,13,56.58241758241758,72.80926916221033
2013-10-05,2013,Borussia Monchengladbach,Borussia Dortmund,2,0,H,2,5.0,3.75,1.67,5.0,3.75,1.67,1534.521932880122,1722.837646538184,75,80,100,100,1.6300000000000001,3.21,7,13,31.333333333333332,74.68253968253968
2013-10-06,2013,SC Freiburg,Ein Frankfurt,1,1,D,1,2.7,3.4,2.5,2.7,3.4,2.5,1499.6998740016713,1498.826582569227,73,75,100,100,0.9,1.6800000000000002,3,8,40.97902097902098,65.48917748917748
2013-10-06,2013,FC Nurnberg,Hamburg,0,5,A,0,2.38,3.5,2.8,2.38,3.5,2.8,1491.244264641114,1466.006244544349,75,75,100,100,1.08,2.0300000000000002,3,4,26.341991341991342,48.0
2013-10-18,2013,TSG Hoffenheim,Bayer Leverkusen,1,2,A,0,3.25,3.6,2.1,3.25,3.6,2.1,1460.9508965747993,1694.0355516088805,75,77,100,100,1.35,1.58,5,10,37.44444444444444,45.082417582417584
2013-10-19,2013,Braunschweig,FC Schalke 04,2,3,A,0,4.75,3.6,1.73,4.75,3.6,1.73,1439.6562247261636,1578.1069949278829,75,78,100,100,1.4900000000000002,1.3699999999999999,4,10,55.55555555555556,55.22222222222223
2013-10-19,2013,Borussia Dortmund,Hannover 96,1,0,H,2,1.22,6.5,11.0,1.22,6.5,11.0,1698.9254444102944,1535.9672736682667,80,75,100,100,3.16,1.54,10,7,77.12698412698413,58.241578682755154
2013-10-19,2013,Bayern Munich,FSV Mainz 05,4,1,H,2,1.1,9.0,23.0,1.1,9.0,23.0,1830.6172209236868,1474.581257844775,75,73,100,100,2.31,1.33,11,1,72.12745098039215,48.33333333333333
2013-10-19,2013,Hertha BSC,Borussia Monchengladbach,1,0,H,2,2.38,3.4,2.9,2.38,3.4,2.9,1449.960989295784,1558.4341350080115,75,75,100,100,1.4200000000000004,1.5900000000000003,5,10,46.95187165775401,27.333333333333332
2013-10-19,2013,Werder Bremen,SC Freiburg,0,0,D,1,1.95,3.4,3.8,1.95,3.4,3.8,1445.7886881378524,1499.6596575296815,75,73,100,100,1.4400000000000002,0.8400000000000001,5,3,46.761904761904766,35.8809817633347
2013-10-19,2013,Ein Frankfurt,FC Nurnberg,1,1,D,1,1.57,4.0,5.5,1.57,4.0,5.5,1498.8667990412168,1474.0840508445642,75,75,100,100,1.6300000000000001,1.1400000000000001,6,3,61.25388337153042,35.63492063492064
2013-10-20,2013,FC Augsburg,VfL Wolfsburg,1,2,A,0,2.38,3.4,2.88,2.38,3.4,2.88,1477.409245526072,1509.5041336490128,71,76,100,100,1.7200000000000002,1.56,7,6,56.749694749694754,48.126984126984134
2013-10-20,2013,Hamburg,VfB Stuttgart,3,3,D,1,2.3,3.4,3.0,2.3,3.4,3.0,1483.1664583408988,1505.1405237150045,75,75,100,100,2.2800000000000002,1.9,7,11,44.88888888888889,47.28354978354979
2013-10-25,2013,VfB Stuttgart,FC Nurnberg,1,1,D,1,1.62,4.0,5.0,1.62,4.0,5.0,1504.129927747796,1475.223406868744,75,75,100,100,1.7,1.29,9,4,39.78354978354979,35.63492063492063
2013-10-26,2013,FSV Mainz 05,Braunschweig,2,0,H,2,1.57,4.1,5.25,1.57,4.1,5.25,1470.9299896988027,1429.7147699455131,73,75,100,100,1.4100000000000001,1.4200000000000002,1,4,48.52564102564103,53.11111111111111
2013-10-26,2013,Bayern Munich,Hertha BSC,3,2,H,2,1.1,9.0,21.0,1.1,9.0,21.0,1834.2684890696592,1470.8001415532165,75,75,100,100,2.24,1.31,13,8,71.10180995475113,48.618538324420676
2013-10-26,2013,Hannover 96,TSG Hoffenheim,1,4,A,0,2.3,3.5,2.9,2.3,3.5,2.9,1526.9659345649834,1454.319743052155,75,75,100,100,1.48,1.6300000000000001,4,5,49.07491201608848,33.833333333333336
2013-10-26,2013,Bayer Leverkusen,FC Augsburg,2,1,H,2,1.5,4.33,6.0,1.5,4.33,6.0,1700.6667051315249,1462.8830798456086,77,71,100,100,1.7100000000000002,1.6300000000000001,13,4,41.1935286935287,51.60683760683761
2013-10-26,2013,FC Schalke 04,Borussia Dortmund,1,3,A,0,4.2,3.6,1.83,4.2,3.6,1.83,1588.0484497085333,1707.9267835135777,78,80,100,100,1.5100000000000002,3.1799999999999997,10,10,68.22222222222223,85.22222222222221
2013-10-26,2013,VfL Wolfsburg,Werder Bremen,3,0,H,2,1.62,3.75,5.5,1.62,3.75,5.5,1524.0302993294763,1448.2498462142928,76,75,100,100,1.5100000000000002,1.6,6,6,46.126984126984134,39.42857142857142
2013-10-27,2013,Borussia Monchengladbach,Ein Frankfurt,4,1,H,2,2.05,3.5,3.4,2.05,3.5,3.4,1537.594982750579,1497.727443017037,75,75,100,100,1.36,1.5699999999999998,7,7,32.333333333333336,66.96816908581614
2013-10-27,2013,SC Freiburg,Hamburg,0,3,A,0,2.6,3.4,2.6,2.6,3.4,2.6,1497.198499453241,1484.1770543081072,73,75,100,100,0.8300000000000001,1.9400000000000002,3,5,39.88098176333471,49.333333333333336
2013-11-01,2013,Borussia Dortmund,VfB Stuttgart,6,1,H,2,1.22,6.0,12.0,1.22,6.0,12.0,1718.6153068262897,1502.801796375814,80,75,100,100,2.7199999999999998,1.6800000000000002,10,7,79.66666666666667,39.17748917748918
2013-11-02,2013,TSG Hoffenheim,Bayern Munich,1,2,A,0,12.0,6.0,1.25,12.0,6.0,1.25,1473.6173071277397,1837.783633348155,75,75,100,100,1.67,2.0700000000000003,5,13,28.05555555555556,64.6965811965812
2013-11-02,2013,FC Nurnberg,SC Freiburg,0,3,A,0,2.0,3.4,3.75,2.0,3.4,3.75,1476.551538240726,1480.5991203577053,75,73,100,100,1.4300000000000002,0.9100000000000001,4,3,42.3015873015873,45.26559714795009
2013-11-02,2013,Hertha BSC,FC Schalke 04,0,2,A,0,2.3,3.4,3.0,2.3,3.4,3.0,1467.2849972747206,1577.3599263958213,75,78,100,100,1.1,1.53,8,7,47.002376708259064,61.55555555555556
2013-11-02,2013,Braunschweig,Bayer Leverkusen,1,0,H,2,7.0,4.33,1.44,7.0,4.33,1.44,1415.6039475371758,1707.1567849321978,75,77,100,100,1.0100000000000002,1.81,3,13,59.777777777777786,42.76495726495726
2013-11-02,2013,Ein Frankfurt,VfL Wolfsburg,1,2,A,0,2.3,3.4,3.0,2.3,3.4,3.0,1483.5553951590234,1536.5947883361614,75,76,100,100,1.4599999999999997,1.8399999999999999,4,9,68.63483575248281,48.666666666666664
2013-11-02,2013,Hamburg,Borussia Monchengladbach,0,2,A,0,2.3,3.5,2.9,2.3,3.5,2.9,1500.776433403643,1551.7670306085927,75,75,100,100,2.2700000000000005,1.37,8,10,54.88888888888889,25.333333333333336
2013-11-03,2013,FC Augsburg,FSV Mainz 05,2,1,H,2,2.0,3.5,3.6,2.0,3.5,3.6,1456.3930000449357,1485.04081210714,71,73,100,100,1.4,1.48,1,4,43.22222222222222,45.19230769230769
2013-11-03,2013,Werder Bremen,Hannover 96,3,2,H,2,2.25,3.5,3.0,2.25,3.5,3.0,1435.6853572076077,1507.6683704893987,75,75,100,100,1.48,1.5000000000000002,6,4,41.65079365079365,62.14680744092509
2013-11-08,2013,Hannover 96,Braunschweig,0,0,D,1,1.62,3.8,5.5,1.62,3.8,5.5,1488.4000611267488,1442.5697402080407,75,75,100,100,1.45,1.22,1,6,57.70236299648063,49.77777777777778
2013-11-09,2013,FC Schalke 04,Werder Bremen,3,1,H,2,1.57,4.0,5.5,1.57,4.0,5.5,1588.4538506574506,1454.9536665702576,78,75,100,100,1.7000000000000004,1.4400000000000002,10,6,59.55555555555556,36.317460317460316
2013-11-09,2013,VfL Wolfsburg,Borussia Dortmund,2,1,H,2,4.5,3.8,1.73,4.5,3.8,1.73,1550.1710333366145,1725.7843305667777,76,80,100,100,1.6700000000000004,2.87,9,12,40.888888888888886,81.80952380952382
2013-11-09,2013,Borussia Monchengladbach,FC Nurnberg,3,1,H,2,1.53,4.1,6.0,1.53,4.1,6.0,1565.4355423824898,1460.7379278534622,75,75,100,100,1.2000000000000002,1.8900000000000001,10,3,29.77777777777778,50.15873015873016
2013-11-09,2013,TSG Hoffenheim,Hertha BSC,2,3,A,0,2.2,3.4,3.2,2.2,3.4,3.2,1470.1147151757127,1456.1910730130912,75,75,100,100,1.7100000000000002,1.4,5,7,30.055555555555554,55.36601307189543
2013-11-09,2013,Bayern Munich,FC Augsburg,3,0,H,2,1.13,8.0,19.0,1.13,8.0,19.0,1841.286225300182,1473.7092987980864,75,71,100,100,2.18,1.67,13,4,62.6965811965812,54.33333333333333
2013-11-09,2013,Bayer Leverkusen,Hamburg,5,3,H,2,1.5,4.33,6.0,1.5,4.33,6.0,1680.190992261333,1487.107921629746,77,75,100,100,1.9600000000000002,2.29,10,8,42.76495726495726,62.44444444444444
2013-11-10,2013,SC Freiburg,VfB Stuttgart,1,3,A,0,3.0,3.4,2.3,3.0,3.4,2.3,1496.412730744969,1495.632772635326,73,75,100,100,1.2100000000000002,1.45,5,6,36.04481792717087,34.76190476190476
2013-11-10,2013,FSV Mainz 05,Ein Frankfurt,1,0,H,2,2.5,3.3,2.88,2.5,3.3,2.88,1467.7245133539893,1469.9791501585703,73,75,100,100,1.53,1.44,4,3,41.85897435897435,73.68534080298787
2013-11-22,2013,VfB Stuttgart,Borussia Monchengladbach,0,2,A,0,2.3,3.5,2.9,2.3,3.5,2.9,1511.6686909733169,1576.7548698046128,75,75,100,100,1.3599999999999999,1.2800000000000002,6,12,32.539682539682545,33.11111111111111
2013-11-23,2013,Ein Frankfurt,FC Schalke 04,3,3,D,1,2.6,3.4,2.6,2.6,3.4,2.6,1453.8753217541089,1598.5916456121279,75,78,100,100,1.45,1.7900000000000003,2,12,71.68534080298787,59.0
2013-11-23,2013,Hertha BSC,Bayer Leverkusen,0,1,A,0,3.0,3.25,2.38,3.0,3.25,2.38,1472.8319373822978,1688.1140614462536,75,77,100,100,1.46,1.9300000000000004,7,10,55.36601307189543,43.27777777777777
2013-11-23,2013,FC Nurnberg,VfL Wolfsburg,1,1,D,1,3.2,3.4,2.2,3.2,3.4,2.2,1449.4186004313392,1573.6333845035108,75,76,100,100,1.7100000000000002,1.81,2,12,46.82539682539682,51.17460317460318
2013-11-23,2013,Borussia Dortmund,Bayern Munich,0,3,A,0,3.6,3.6,2.0,3.6,3.6,2.0,1702.3219793998815,1844.7280456994176,80,75,100,100,2.2800000000000002,2.5,9,13,67.52380952380952,60.542735042735046
2013-11-23,2013,FC Augsburg,TSG Hoffenheim,2,0,H,2,2.1,3.5,3.3,2.1,3.5,3.3,1470.2674783988507,1453.473850806506,71,75,100,100,1.3299999999999998,1.7200000000000002,3,4,50.48717948717949,35.61111111111111
2013-11-23,2013,Braunschweig,SC Freiburg,0,1,A,0,2.4,3.3,2.9,2.4,3.3,2.9,1444.6681475927016,1480.3768124069782,75,73,100,100,1.1600000000000001,1.5000000000000002,7,5,41.44444444444444,51.600373482726425
2013-11-24,2013,Werder Bremen,FSV Mainz 05,2,3,A,0,2.38,3.4,2.88,2.38,3.4,2.88,1444.8158716155804,1483.8283417584507,75,73,100,100,1.2200000000000002,1.8200000000000003,5,7,31.317460317460313,41.85897435897436
2013-11-24,2013,Hamburg,Hannover 96,3,1,H,2,2.0,3.6,3.5,2.0,3.6,3.5,1479.1848524448253,1486.3016537420879,75,75,100,100,2.41,1.7200000000000002,7,2,67.77777777777779,58.8562091503268
2013-11-29,2013,VfL Wolfsburg,Hamburg,1,1,D,1,1.8,3.6,4.33,1.8,3.6,4.33,1568.1449567632749,1495.5125474255594,76,75,100,100,1.9900000000000002,2.2800000000000002,13,7,48.11904761904762,72.88888888888889
2013-11-30,2013,Bayern Munich,Braunschweig,2,0,H,2,1.06,15.0,51.0,1.06,15.0,51.0,1854.5141456589404,1430.306826498576,75,75,100,100,2.09,1.46,15,4,55.04273504273503,54.142857142857146
2013-11-30,2013,Hertha BSC,FC Augsburg,0,0,D,1,2.0,3.5,3.6,2.0,3.5,3.6,1465.6458827893568,1485.494705000662,75,71,100,100,1.48,1.47,6,6,62.777777777777786,49.5982905982906
2013-11-30,2013,TSG Hoffenheim,Werder Bremen,4,4,D,1,1.8,3.75,4.2,1.8,3.75,4.2,1438.2466242046949,1430.604949464712,75,75,100,100,1.58,1.6300000000000001,3,4,42.0,38.63888888888889
2013-11-30,2013,Bayer Leverkusen,FC Nurnberg,3,0,H,2,1.44,4.5,6.5,1.44,4.5,6.5,1695.3001160391946,1454.9070281715751,77,75,100,100,1.8800000000000001,1.9100000000000001,12,3,42.77777777777777,43.21428571428571
2013-11-30,2013,FSV Mainz 05,Borussia Dortmund,1,3,A,0,5.0,4.33,1.57,5.0,4.33,1.57,1498.039263909319,1692.5358794403587,73,80,100,100,1.7900000000000003,1.92,9,9,35.60897435897436,57.52380952380952
2013-11-30,2013,FC Schalke 04,VfB Stuttgart,3,0,H,2,1.67,3.8,5.0,1.67,3.8,5.0,1592.2876353410186,1498.631443128989,78,75,100,100,1.9100000000000001,1.0900000000000003,10,5,54.333333333333336,17.3015873015873
2013-12-01,2013,Hannover 96,Ein Frankfurt,2,0,H,2,2.4,3.4,2.8,2.4,3.4,2.8,1469.9739587613537,1460.1793320252182,75,75,100,100,1.65,1.61,1,2,55.444444444444436,76.5873015873016
2013-12-01,2013,Borussia Monchengladbach,SC Freiburg,1,0,H,2,1.4,4.33,8.5,1.4,4.33,8.5,1589.7921176489406,1494.738133501104,75,73,100,100,1.7300000000000004,1.37,12,7,47.77777777777778,46.22222222222223
2013-12-06,2013,FC Nurnberg,FSV Mainz 05,1,1,D,1,2.6,3.2,2.75,2.6,3.2,2.75,1448.4943185106868,1490.1646026488413,75,73,100,100,2.0100000000000007,1.86,2,9,51.46825396825396,38.82575757575757
2013-12-07,2013,Borussia Dortmund,Bayer Leverkusen,0,1,A,0,1.5,4.33,6.0,1.5,4.33,6.0,1700.4105407008365,1701.712825700083,80,77,100,100,1.8200000000000003,2.0500000000000003,9,12,49.94805194805194,40.55555555555556
2013-12-07,2013,Hamburg,FC Augsburg,0,1,A,0,2.05,3.5,3.5,2.05,3.5,3.5,1498.809503762941,1484.5816261047457,75,71,100,100,2.3299999999999996,1.06,7,7,64.88888888888889,44.26495726495726
2013-12-07,2013,Ein Frankfurt,TSG Hoffenheim,1,2,A,0,2.1,3.6,3.25,2.1,3.6,3.25,1444.6302718012882,1437.8947688136939,75,75,100,100,1.6199999999999999,1.56,1,4,69.44444444444444,38.11111111111111
2013-12-07,2013,VfB Stuttgart,Hannover 96,4,2,H,2,2.0,3.5,3.6,2.0,3.5,3.6,1486.8429513995754,1485.5230189852837,75,75,100,100,1.0100000000000002,1.6,4,4,23.015873015873016,62.11111111111111
2013-12-07,2013,Borussia Monchengladbach,FC Schalke 04,2,1,H,2,2.25,3.4,3.1,2.25,3.4,3.1,1601.5207622644084,1604.0761270704322,75,78,100,100,1.7200000000000002,1.8500000000000003,15,10,51.44444444444444,50.61904761904761
2013-12-07,2013,Werder Bremen,Bayern Munich,0,7,A,0,12.0,6.0,1.22,12.0,6.0,1.22,1430.956804855713,1857.0751194954294,75,75,100,100,1.6600000000000001,2.17,4,15,44.30555555555556,56.068376068376075
2013-12-08,2013,Braunschweig,Hertha BSC,0,2,A,0,3.5,3.3,2.1,3.5,3.3,2.1,1427.745852662087,1466.558961685273,75,75,100,100,1.36,1.52,4,4,58.80952380952381,64.44444444444443
2013-12-08,2013,SC Freiburg,VfL Wolfsburg,0,3,A,0,3.75,3.4,2.0,3.75,3.4,2.0,1483.009488885636,1564.8480004258934,73,76,100,100,1.4300000000000002,1.9800000000000004,6,11,43.55555555555556,48.11904761904762
2013-12-13,2013,Hertha BSC,Werder Bremen,3,2,H,2,1.62,4.0,5.25,1.62,4.0,5.25,1480.7789505455676,1428.421629125119,75,75,100,100,1.6199999999999999,1.64,7,4,57.33333333333333,39.86111111111111
2013-12-14,2013,VfL Wolfsburg,VfB Stuttgart,3,1,H,2,1.75,3.75,4.5,1.75,3.75,4.5,1577.1473873237426,1502.7821665579916,76,75,100,100,1.7600000000000002,1.2,11,6,49.73520923520923,26.349206349206348
2013-12-14,2013,FSV Mainz 05,Borussia Monchengladbach,0,0,D,1,2.75,3.3,2.5,2.75,3.3,2.5,1488.2547639371423,1617.6384390406974,73,75,100,100,1.9300000000000004,1.9400000000000002,7,15,42.355169340463455,64.22222222222221
2013-12-14,2013,TSG Hoffenheim,Borussia Dortmund,2,2,D,1,4.33,4.0,1.73,4.33,4.0,1.73,1454.2049113365047,1684.4705128604974,75,80,100,100,1.53,1.73,4,6,45.88888888888889,48.51948051948052
2013-12-14,2013,Hannover 96,FC Nurnberg,3,3,D,1,1.95,3.5,3.75,1.95,3.5,3.75,1469.5838038268676,1450.4041572223857,75,75,100,100,1.67,2.0600000000000005,4,2,54.33333333333333,54.60550887021475
2013-12-14,2013,Bayern Munich,Hamburg,3,1,H,2,1.1,9.0,21.0,1.1,9.0,21.0,1859.6102952260235,1482.154651803061,75,75,100,100,2.4099999999999997,2.16,15,4,62.73504273504274,62.66666666666667
2013-12-14,2013,FC Augsburg,Braunschweig,4,1,H,2,1.5,4.0,7.0,1.5,4.0,7.0,1501.2364780646258,1413.5258638017926,71,75,100,100,1.31,1.4700000000000002,10,4,49.48717948717949,54.80952380952381
2013-12-15,2013,FC Schalke 04,SC Freiburg,2,0,H,2,1.4,4.5,8.0,1.4,4.5,8.0,1587.9584502941432,1470.7101019877869,78,73,100,100,1.7400000000000002,1.47,10,6,42.841269841269835,40.82828282828283
2013-12-15,2013,Bayer Leverkusen,Ein Frankfurt,0,1,A,0,1.44,4.33,7.0,1.44,4.33,7.0,1717.652853540422,1428.3201292784775,77,75,100,100,1.7600000000000002,1.7600000000000002,12,1,38.98412698412698,64.44444444444444
2013-12-20,2013,Ein Frankfurt,FC Augsburg,1,1,D,1,2.3,3.4,3.0,2.3,3.4,3.0,1455.231468508152,1513.2809314067747,75,71,100,100,1.8200000000000003,1.36,4,10,53.333333333333336,56.15384615384615
2013-12-21,2013,Werder Bremen,Bayer Leverkusen,1,0,H,2,4.5,3.75,1.73,4.5,3.75,1.73,1414.81468526684,1690.7415143107476,75,77,100,100,1.5300000000000002,1.7100000000000002,1,12,41.19444444444444,42.317460317460316
2013-12-21,2013,FC Nurnberg,FC Schalke 04,0,0,D,1,3.4,3.5,2.05,3.4,3.5,2.05,1451.286516464633,1598.755011154903,75,78,100,100,1.78,1.72,3,10,53.41503267973856,48.17460317460317
2013-12-21,2013,Hamburg,FSV Mainz 05,2,3,A,0,2.1,3.5,3.3,2.1,3.5,3.3,1478.8836460105979,1493.9521370899547,75,73,100,100,2.04,1.7200000000000002,4,8,52.82539682539682,39.68850267379679
2013-12-21,2013,SC Freiburg,Hannover 96,2,1,H,2,2.45,3.3,2.8,2.45,3.3,2.8,1459.913541127027,1468.7014445846203,73,75,100,100,1.1300000000000001,1.7,3,5,40.352092352092356,49.333333333333336
2013-12-21,2013,Borussia Dortmund,Hertha BSC,1,2,A,0,1.36,5.0,7.5,1.36,5.0,7.5,1675.1873815281272,1494.3858944038466,80,75,100,100,1.6400000000000001,1.36,4,10,44.70995670995671,57.33333333333333
2013-12-21,2013,Braunschweig,TSG Hoffenheim,1,0,H,2,4.0,3.4,1.91,4.0,3.4,1.91,1401.4814104596437,1463.4880426688749,75,75,100,100,1.1500000000000001,1.64,1,5,44.80952380952381,40.55555555555556
2013-12-22,2013,Borussia Monchengladbach,VfL Wolfsburg,2,2,D,1,2.1,3.4,3.4,2.1,3.4,3.4,1611.941065887885,1589.7740994627598,75,76,100,100,1.8400000000000003,1.9,13,11,75.77777777777779,54.179653679653676
2014-01-24,2013,Borussia Monchengladbach,Bayern Munich,0,2,A,0,6.5,4.5,1.44,6.5,4.5,1.44,1610.9216222503112,1862.8813010184865,75,75,100,100,1.86,2.5,11,15,72.44444444444444,69.02075702075703
2014-01-25,2013,SC Freiburg,Bayer Leverkusen,3,2,H,2,4.5,3.75,1.73,4.5,3.75,1.73,1476.3181527549625,1664.169175279865,73,77,100,100,0.97,1.65,6,9,24.796536796536795,48.507936507936506
2014-01-25,2013,Ein Frankfurt,Hertha BSC,1,0,H,2,2.38,3.4,2.88,2.38,3.4,2.88,1457.8801443071175,1518.0338913732282,75,75,100,100,1.7700000000000002,1.27,5,10,54.76190476190477,47.33333333333333
2014-01-25,2013,Borussia Dortmund,FC Augsburg,2,2,D,1,1.29,5.5,9.5,1.29,5.5,9.5,1651.5393845587455,1510.6322556078092,80,71,100,100,1.8400000000000003,1.51,4,11,58.99567099567099,58.57142857142857
2014-01-25,2013,FC Nurnberg,TSG Hoffenheim,4,0,H,2,2.6,3.4,2.63,2.6,3.4,2.63,1457.6972585321664,1444.662467669011,75,75,100,100,1.78,1.55,4,5,60.59451985922574,41.22222222222222
2014-01-25,2013,VfB Stuttgart,FSV Mainz 05,1,2,A,0,2.05,3.4,3.5,2.05,3.4,3.5,1490.1554544189744,1509.2586422002096,75,73,100,100,1.3800000000000001,1.5700000000000003,6,8,36.82539682539682,37.18850267379679
2014-01-25,2013,VfL Wolfsburg,Hannover 96,1,3,A,0,1.55,4.2,5.5,1.55,4.2,5.5,1590.7935431003336,1452.2968329566847,76,75,100,100,2.3400000000000003,1.7100000000000002,9,4,49.89393939393939,54.333333333333336
2014-01-26,2013,Hamburg,FC Schalke 04,0,3,A,0,2.7,3.6,2.4,2.7,3.6,2.4,1463.577140900343,1592.3442690873696,75,78,100,100,2.19,1.4700000000000002,4,8,51.992063492063494,39.32844932844933
2014-01-26,2013,Werder Bremen,Braunschweig,0,0,D,1,1.85,3.5,4.2,1.85,3.5,4.2,1441.3870242977225,1420.3069854595076,75,75,100,100,1.5500000000000003,1.4900000000000002,4,3,43.33730158730159,49.14285714285714
2014-01-29,2013,VfB Stuttgart,Bayern Munich,1,2,A,0,10.0,6.0,1.25,10.0,6.0,1.25,1475.034303268134,1868.9593986709483,75,75,100,100,1.34,2.6700000000000004,3,15,44.88095238095238,65.17460317460318
2014-01-31,2013,Braunschweig,Borussia Dortmund,1,2,A,0,10.0,5.5,1.29,10.0,5.5,1.29,1421.2765676600045,1645.3841995429232,75,80,100,100,1.15,1.95,4,5,38.666666666666664,67.66233766233765
2014-02-01,2013,FSV Mainz 05,SC Freiburg,2,0,H,2,1.75,3.75,4.5,1.75,3.75,4.5,1524.37979335105,1500.214177545307,73,73,100,100,1.37,1.14,8,6,33.43850267379679,28.606060606060606
2014-02-01,2013,FC Schalke 04,VfL Wolfsburg,2,1,H,2,2.0,3.5,3.6,2.0,3.5,3.6,1602.6717044649122,1568.7331857014437,78,76,100,100,1.4600000000000002,2.43,10,8,45.995115995115995,51.39393939393939
2014-02-01,2013,TSG Hoffenheim,Hamburg,3,0,H,2,2.05,3.4,3.5,2.05,3.4,3.5,1429.2624604942073,1453.2497055228005,75,75,100,100,1.59,1.8699999999999999,5,1,42.33333333333333,47.992063492063494
2014-02-01,2013,Hannover 96,Borussia Monchengladbach,3,1,H,2,2.7,3.4,2.5,2.7,3.4,2.5,1474.3571903555746,1604.8435245978494,75,75,100,100,1.78,1.53,7,8,54.333333333333336,65.77777777777779
2014-02-01,2013,FC Augsburg,Werder Bremen,3,1,H,2,1.67,3.75,5.0,1.67,3.75,5.0,1516.7874406236315,1440.4174420972256,71,75,100,100,1.25,1.23,9,5,50.7936507936508,47.920634920634924
2014-02-01,2013,Bayer Leverkusen,VfB Stuttgart,2,1,H,2,1.5,4.2,6.25,1.5,4.2,6.25,1640.2731504895205,1472.031397266741,77,75,100,100,2.0,1.4000000000000001,6,3,59.841269841269835,45.54761904761905
2014-02-02,2013,Bayern Munich,Ein Frankfurt,5,0,H,2,1.1,10.0,17.0,1.1,10.0,17.0,1871.9623046723414,1476.6229747890932,75,75,100,100,2.8900000000000006,1.3900000000000001,15,7,69.17460317460318,44.76190476190476
2014-02-02,2013,Hertha BSC,FC Nurnberg,1,3,A,0,1.83,3.6,4.2,1.83,3.6,4.2,1499.2910608912525,1473.0972657069701,75,75,100,100,1.22,1.8699999999999999,10,6,42.666666666666664,63.09451985922574
2014-02-07,2013,Borussia Monchengladbach,Bayer Leverkusen,0,1,A,0,2.55,3.3,2.7,2.55,3.3,2.7,1583.1018609894431,1649.0790415674337,75,77,100,100,1.61,1.86,5,6,63.777777777777786,57.61904761904761
2014-02-08,2013,FC Nurnberg,Bayern Munich,0,2,A,0,11.0,6.5,1.22,11.0,6.5,1.22,1490.3012542907777,1874.9431312709446,75,75,100,100,1.78,3.2000000000000006,9,15,61.98340874811463,72.98412698412699
2014-02-08,2013,Ein Frankfurt,Braunschweig,3,0,H,2,1.62,3.75,5.5,1.62,3.75,5.5,1473.64214819049,1414.3696418521413,75,75,100,100,1.32,1.31,7,4,37.61904761904761,41.33333333333333
2014-02-08,2013,SC Freiburg,TSG Hoffenheim,1,1,D,1,2.63,3.5,2.5,2.63,3.5,2.5,1485.3252541383288,1446.3653621297983,73,75,100,100,0.99,1.5100000000000002,6,7,30.606060606060602,49.0
2014-02-08,2013,Hamburg,Hertha BSC,0,3,A,0,2.6,3.4,2.6,2.6,3.4,2.6,1436.1468038872094,1482.087072307445,75,75,100,100,1.45,1.34,0,9,44.32539682539683,39.33333333333333
2014-02-08,2013,Werder Bremen,Borussia Dortmund,1,5,A,0,8.0,4.75,1.36,8.0,4.75,1.36,1427.8788414872556,1652.2911253507864,75,80,100,100,0.9000000000000001,1.9900000000000002,4,5,40.92063492063492,69.23809523809524
2014-02-08,2013,VfL Wolfsburg,FSV Mainz 05,3,0,H,2,1.8,3.6,4.33,1.8,3.6,4.33,1554.2911600270727,1539.2687167580282,76,73,100,100,2.41,1.3400000000000003,7,11,55.3939393939394,32.529411764705884
2014-02-09,2013,FC Schalke 04,Hannover 96,2,0,H,2,1.57,3.8,6.0,1.57,3.8,6.0,1617.1137301392832,1496.098853963981,78,75,100,100,1.5100000000000002,1.9300000000000002,10,7,39.70940170940171,54.333333333333336
2014-02-09,2013,VfB Stuttgart,FC Augsburg,1,4,A,0,2.4,3.4,2.8,2.4,3.4,2.8,1463.2255061888277,1529.3260412336015,75,71,100,100,1.4900000000000002,1.6299999999999997,3,11,53.166666666666664,56.12698412698412
2014-02-14,2013,FSV Mainz 05,Hannover 96,2,0,H,2,1.91,3.5,4.0,1.91,3.5,4.0,1523.960095039429,1485.4568517209248,73,75,100,100,1.2200000000000002,1.73,10,7,33.0,44.333333333333336
2014-02-15,2013,Braunschweig,Hamburg,4,2,H,2,2.75,3.3,2.5,2.75,3.3,2.5,1401.0730652581442,1422.2501872442642,75,75,100,100,1.24,1.4300000000000002,4,0,28.666666666666664,51.0930735930736
2014-02-15,2013,Werder Bremen,Borussia Monchengladbach,1,1,D,1,3.5,3.5,2.05,3.5,3.5,2.05,1420.9814093007328,1570.1042194591519,75,75,100,100,1.07,1.36,4,2,43.61904761904762,57.42857142857142
2014-02-15,2013,Bayer Leverkusen,FC Schalke 04,1,2,A,0,2.1,3.4,3.4,2.1,3.4,3.4,1662.076683097725,1627.7557323823394,77,78,100,100,1.8700000000000003,1.7399999999999998,6,13,54.76190476190476,57.48717948717949
2014-02-15,2013,Bayern Munich,SC Freiburg,4,0,H,2,1.08,10.0,23.0,1.08,10.0,23.0,1878.0946393351344,1483.538567368237,75,73,100,100,3.0500000000000003,1.05,15,7,69.92857142857143,35.33333333333333
2014-02-15,2013,Borussia Dortmund,Ein Frankfurt,4,0,H,2,1.25,6.0,10.0,1.25,6.0,10.0,1659.1885575373092,1486.938724784487,80,75,100,100,2.13,1.3800000000000001,8,10,73.52380952380952,44.285714285714285
2014-02-15,2013,TSG Hoffenheim,VfB Stuttgart,4,1,H,2,1.95,3.6,3.6,1.95,3.6,3.6,1448.1520488998901,1450.2333449506723,75,75,100,100,1.5800000000000003,1.2400000000000002,5,0,47.0,57.45238095238095
2014-02-16,2013,Hertha BSC,VfL Wolfsburg,1,2,A,0,2.38,3.4,2.88,2.38,3.4,2.88,1495.9836889503902,1569.5997817456719,75,76,100,100,1.2,2.41,9,7,40.78787878787879,58.666666666666664
2014-02-16,2013,FC Augsburg,FC Nurnberg,0,1,A,0,1.8,3.6,4.33,1.8,3.6,4.33,1542.3182024717569,1487.149746226588,71,75,100,100,1.53,1.5899999999999999,11,8,49.61904761904761,53.01282051282051
2014-02-21,2013,FC Schalke 04,FSV Mainz 05,0,0,D,1,1.75,3.6,4.6,1.75,3.6,4.6,1645.3311494874486,1538.1941785236975,78,73,100,100,1.7200000000000002,1.67,13,12,47.23076923076923,37.88888888888889
2014-02-22,2013,VfB Stuttgart,Hertha BSC,1,2,A,0,2.63,3.3,2.6,2.63,3.3,2.6,1434.137498871952,1483.3239966984477,75,75,100,100,1.2800000000000002,1.2100000000000002,0,6,53.007936507936506,36.78787878787879
2014-02-22,2013,SC Freiburg,FC Augsburg,2,4,A,0,3.1,3.25,2.3,3.1,3.25,2.3,1480.5455303967549,1523.7987404800972,73,71,100,100,1.05,1.4300000000000002,7,8,41.99999999999999,44.61904761904761
2014-02-22,2013,Hamburg,Borussia Dortmund,3,0,H,2,7.5,5.0,1.36,7.5,5.0,1.36,1405.2761506930724,1667.847952196665,75,80,100,100,1.56,2.3,0,10,56.04545454545455,71.09956709956711
2014-02-22,2013,Borussia Monchengladbach,TSG Hoffenheim,2,2,D,1,1.95,3.6,3.6,1.95,3.6,3.6,1563.6296460085464,1464.2478949786105,75,75,100,100,1.6300000000000003,1.7300000000000004,2,7,54.76190476190476,51.44444444444444
2014-02-22,2013,FC Nurnberg,Braunschweig,2,1,H,2,1.62,3.75,5.5,1.62,3.75,5.5,1505.6692082182476,1418.047101809336,75,75,100,100,1.38,1.53,10,7,46.34615384615385,37.99999999999999
2014-02-22,2013,VfL Wolfsburg,Bayer Leverkusen,3,1,H,2,2.4,3.4,2.8,2.4,3.4,2.8,1582.2594739976144,1644.5012659926158,76,77,100,100,2.25,1.77,7,6,64.0,58.35164835164835
2014-02-23,2013,Hannover 96,Bayern Munich,0,4,A,0,10.0,7.0,1.22,10.0,7.0,1.22,1471.2227682366563,1881.0876763066165,75,75,100,100,1.5400000000000003,2.95,6,15,47.11111111111111,62.30952380952381
2014-02-23,2013,Ein Frankfurt,Werder Bremen,0,0,D,1,1.7,3.75,4.75,1.7,3.75,4.75,1478.2793301251313,1427.4559827513383,75,75,100,100,1.13,1.2500000000000002,7,5,46.709956709956714,42.28571428571429
2014-02-28,2013,Hertha BSC,SC Freiburg,0,0,D,1,1.62,3.75,5.5,1.62,3.75,5.5,1497.073887025037,1466.5271873611014,75,73,100,100,1.24,1.15,6,4,49.095571095571096,48.666666666666664
2014-03-01,2013,Braunschweig,Borussia Monchengladbach,1,1,D,1,4.0,3.5,1.91,4.0,3.5,1.91,1405.998821404332,1559.173816257336,75,75,100,100,1.53,1.8200000000000003,4,2,44.05128205128205,55.67099567099567
2014-03-01,2013,Bayern Munich,FC Schalke 04,5,1,H,2,1.18,7.0,13.0,1.18,7.0,13.0,1883.8500349557864,1640.54796648337,75,78,100,100,2.6100000000000003,1.8800000000000001,15,13,60.30952380952381,47.23076923076923
2014-03-01,2013,FC Augsburg,Hannover 96,1,1,D,1,1.75,3.6,4.75,1.75,3.6,4.75,1537.8170835157507,1468.4604095874863,71,75,100,100,1.8,1.3,10,6,49.38095238095238,39.11111111111111
2014-03-01,2013,Borussia Dortmund,FC Nurnberg,3,0,H,2,1.22,6.5,11.0,1.22,6.5,11.0,1641.6309554477227,1517.7174886232517,80,75,100,100,2.21,1.33,10,12,64.43290043290042,37.11538461538461
2014-03-01,2013,Werder Bremen,Hamburg,1,0,H,2,2.63,3.5,2.5,2.63,3.5,2.5,1429.7799318550435,1431.4931474420146,75,75,100,100,1.0500000000000003,1.4300000000000002,3,3,37.642857142857146,50.21212121212121
2014-03-01,2013,Bayer Leverkusen,FSV Mainz 05,0,1,A,0,1.75,3.8,4.33,1.75,3.8,4.33,1625.665200479902,1542.977361527776,77,73,100,100,1.77,1.73,6,10,65.49450549450549,44.23504273504274
2014-03-02,2013,Ein Frankfurt,VfB Stuttgart,2,1,H,2,2.1,3.5,3.3,2.1,3.5,3.3,1475.955381021426,1420.3876085453626,75,75,100,100,1.25,1.32,7,0,52.78138528138528,48.2002442002442
2014-03-02,2013,TSG Hoffenheim,VfL Wolfsburg,6,2,H,2,2.6,3.4,2.6,2.6,3.4,2.6,1468.7037247298208,1601.095539510328,75,76,100,100,1.92,1.8399999999999999,8,9,49.86868686868687,54.0
2014-03-08,2013,FC Schalke 04,TSG Hoffenheim,4,0,H,2,1.75,4.0,4.2,1.75,4.0,4.2,1634.2206904647874,1490.5216878400677,78,75,100,100,1.6600000000000001,2.33,10,11,41.675213675213676,51.2972582972583
2014-03-08,2013,VfB Stuttgart,Braunschweig,2,2,D,1,1.67,3.8,5.0,1.67,3.8,5.0,1406.9250005040396,1412.6287073381543,75,75,100,100,1.3800000000000003,1.7,0,4,51.892551892551886,50.24175824175825
2014-03-08,2013,FC Nurnberg,Werder Bremen,0,2,A,0,1.91,3.5,4.0,1.91,3.5,4.0,1507.193669323342,1445.8588277090248,75,75,100,100,1.0100000000000002,1.2400000000000002,9,5,29.337606837606835,33.198412698412696
2014-03-08,2013,VfL Wolfsburg,Bayern Munich,1,6,A,0,9.0,5.75,1.29,9.0,5.75,1.29,1579.2775764000812,1890.177310974369,76,75,100,100,1.54,2.79,9,15,48.57142857142857,59.86507936507936
2014-03-08,2013,Hannover 96,Bayer Leverkusen,1,1,D,1,3.0,3.4,2.3,3.0,3.4,2.3,1471.6126411731288,1605.927587718815,75,77,100,100,1.1400000000000001,1.81,4,6,37.55555555555556,72.16117216117216
2014-03-08,2013,Hamburg,Ein Frankfurt,1,1,D,1,2.5,3.3,2.75,2.5,3.3,2.75,1415.4142515880333,1489.417989062749,75,75,100,100,1.47,1.53,3,7,51.32323232323232,58.422410922410926
2014-03-08,2013,Borussia Monchengladbach,FC Augsburg,1,2,A,0,2.3,3.25,3.1,2.3,3.25,3.1,1552.5439303235137,1534.6648519301082,75,71,100,100,1.8,2.06,3,10,52.813852813852805,61.6031746031746
2014-03-09,2013,SC Freiburg,Borussia Dortmund,0,1,A,0,9.0,5.0,1.33,9.0,5.0,1.33,1467.9303013673295,1652.1547747476325,73,80,100,100,1.0899999999999999,2.5100000000000002,2,12,52.0,65.54401154401154
2014-03-09,2013,FSV Mainz 05,Hertha BSC,1,1,D,1,2.2,3.2,3.4,2.2,3.2,3.4,1562.7149742888632,1495.6707730188089,73,75,100,100,1.6800000000000002,1.2600000000000002,10,7,36.73504273504274,45.76223776223776
2014-03-14,2013,FC Augsburg,FC Schalke 04,1,2,A,0,2.25,3.3,3.1,2.25,3.3,3.1,1551.48748789304,1643.9563024323297,71,78,100,100,2.0100000000000002,1.89,10,10,62.93650793650793,45.10378510378511
2014-03-15,2013,Braunschweig,VfL Wolfsburg,1,1,D,1,3.8,3.6,1.91,3.8,3.6,1.91,1412.3660655254807,1574.6980043864928,75,76,100,100,1.5699999999999998,1.44,5,9,47.96724843783668,49.07142857142857
2014-03-15,2013,Hertha BSC,Hannover 96,0,3,A,0,1.91,3.5,4.0,1.91,3.5,4.0,1498.7205119242265,1477.5073026232471,75,75,100,100,1.45,1.2100000000000002,8,2,44.65112665112665,43.91919191919192
2014-03-15,2013,Borussia Dortmund,Borussia Monchengladbach,1,2,A,0,1.36,5.0,7.5,1.36,5.0,7.5,1660.3857342816789,1535.7212943605819,80,75,100,100,2.35,1.9100000000000001,12,3,71.54401154401155,49.480519480519476
2014-03-15,2013,Bayern Munich,Bayer Leverkusen,2,1,H,2,1.14,8.0,15.0,1.14,8.0,15.0,1894.7568829879574,1600.0329262686967,75,77,100,100,2.64,1.6300000000000001,15,4,50.222222222222214,69.13086913086913
2014-03-15,2013,Werder Bremen,VfB Stuttgart,1,1,D,1,2.5,3.4,2.7,2.5,3.4,2.7,1464.6544202436903,1407.1876423167132,75,75,100,100,1.52,1.4600000000000002,8,1,30.1984126984127,51.500395029806796
2014-03-15,2013,TSG Hoffenheim,FSV Mainz 05,2,4,A,0,2.2,3.5,3.1,2.2,3.5,3.1,1480.7860758725253,1559.6652353834456,75,73,100,100,2.0900000000000003,1.75,8,8,48.2020202020202,37.84615384615385
2014-03-16,2013,Ein Frankfurt,SC Freiburg,1,4,A,0,1.83,3.6,4.2,1.83,3.6,4.2,1486.06061165957,1459.6993418332831,75,73,100,100,1.47,1.09,8,2,65.56526806526807,45.33333333333333
2014-03-16,2013,Hamburg,FC Nurnberg,2,1,H,2,2.2,3.4,3.2,2.2,3.4,3.2,1418.7716289912123,1488.3980767886765,75,75,100,100,1.9100000000000001,1.0500000000000003,4,6,52.98989898989898,34.337606837606835
2014-03-21,2013,SC Freiburg,Werder Bremen,3,1,H,2,2.2,3.3,3.25,2.2,3.3,3.25,1476.910998958981,1462.0318499473872,73,75,100,100,1.0899999999999999,1.4300000000000002,4,9,34.87179487179487,26.69191919191919
2014-03-22,2013,Borussia Monchengladbach,Hertha BSC,3,0,H,2,2.0,3.4,3.75,2.0,3.4,3.75,1557.2279848132976,1481.7448196602534,75,75,100,100,1.8399999999999999,1.5500000000000003,6,5,43.5064935064935,56.339438339438345
2014-03-22,2013,Hannover 96,Borussia Dortmund,0,3,A,0,4.75,4.0,1.67,4.75,4.0,1.67,1494.4829948872202,1638.8790438289632,75,80,100,100,1.3000000000000003,2.41,5,9,46.77633477633477,73.23232323232324
2014-03-22,2013,FSV Mainz 05,Bayern Munich,0,2,A,0,11.0,6.5,1.22,11.0,6.5,1.22,1572.0938665977064,1899.7141343388619,73,75,100,100,1.98,2.7700000000000005,11,15,35.51282051282051,51.05555555555556
2014-03-22,2013,FC Schalke 04,Braunschweig,3,1,H,2,1.4,4.75,7.0,1.4,4.75,7.0,1655.7957320250312,1419.3413868637917,78,75,100,100,1.7100000000000002,1.59,10,6,31.770451770451768,53.20534367593191
2014-03-22,2013,VfL Wolfsburg,FC Augsburg,1,1,D,1,2.1,3.5,3.3,2.1,3.5,3.3,1567.7226830481818,1539.6480583003386,76,71,100,100,1.1800000000000002,2.04,7,7,44.5,70.55555555555554
2014-03-22,2013,VfB Stuttgart,Hamburg,1,0,H,2,2.0,3.5,3.6,2.0,3.5,3.6,1409.8102126130163,1437.9358000775503,75,75,100,100,1.5400000000000003,2.43,2,7,53.57831710772888,51.777777777777786
2014-03-23,2013,Bayer Leverkusen,TSG Hoffenheim,2,3,A,0,1.73,3.8,4.5,1.73,3.8,4.5,1595.0756749177922,1468.3574446582645,77,75,100,100,1.5700000000000003,2.45,1,7,67.22610722610723,58.535353535353536
2014-03-23,2013,FC Nurnberg,Ein Frankfurt,2,5,A,0,2.4,3.3,2.88,2.4,3.3,2.88,1469.2339057023385,1468.848954533872,75,75,100,100,1.1300000000000001,1.6600000000000001,6,5,33.5042735042735,67.36013986013987
2014-03-25,2013,Braunschweig,FSV Mainz 05,3,1,H,2,3.4,3.4,2.1,3.4,3.4,2.1,1412.8116274002848,1567.8791855262712,75,73,100,100,1.4400000000000002,1.5500000000000003,3,8,48.316454787043035,30.26029526029526
2014-03-25,2013,Borussia Dortmund,FC Schalke 04,0,0,D,1,1.44,4.75,6.5,1.44,4.75,6.5,1648.5874976712023,1662.325491488538,80,78,100,100,2.1100000000000003,2.2,9,10,69.82323232323232,44.24908424908425
2014-03-25,2013,Hertha BSC,Bayern Munich,1,3,A,0,13.0,6.5,1.2,13.0,6.5,1.2,1469.167268838507,1903.9288154102971,75,75,100,100,1.42,2.88,5,15,59.45054945054945,60.75252525252525
2014-03-25,2013,Werder Bremen,VfL Wolfsburg,1,3,A,0,3.1,3.4,2.25,3.1,3.4,2.25,1446.7166414889195,1566.4326054280143,75,76,100,100,1.19,1.12,8,5,28.914141414141415,45.83333333333333
2014-03-26,2013,Ein Frankfurt,Borussia Monchengladbach,1,0,H,2,2.6,3.3,2.63,2.6,3.3,2.63,1484.8666821830586,1569.805535635044,75,75,100,100,2.1399999999999997,1.6700000000000004,8,8,72.55494505494507,39.06204906204906
2014-03-26,2013,FC Augsburg,Bayer Leverkusen,1,3,A,0,2.4,3.4,2.88,2.4,3.4,2.88,1540.938135920506,1573.485777404108,71,77,100,100,1.8199999999999998,1.56,8,1,62.222222222222214,65.3030303030303
2014-03-26,2013,Hamburg,SC Freiburg,1,1,D,1,2.1,3.4,3.4,2.1,3.4,3.4,1420.6433908228726,1492.2262074174487,75,73,100,100,2.0300000000000002,1.23,7,7,46.82539682539682,32.64957264957265
2014-03-26,2013,TSG Hoffenheim,Hannover 96,3,1,H,2,1.91,3.75,3.6,1.91,3.75,3.6,1489.9473421719488,1484.774541044981,75,75,100,100,2.4000000000000004,1.25,7,5,52.42424242424242,48.165223665223664
2014-03-26,2013,FC Nurnberg,VfB Stuttgart,2,0,H,2,2.75,3.4,2.45,2.75,3.4,2.45,1453.216178053152,1427.102621867694,75,75,100,100,1.23,1.4900000000000002,3,5,34.21855921855921,58.97514250455428
2014-03-28,2013,FC Schalke 04,Hertha BSC,2,0,H,2,1.8,3.6,4.25,1.8,3.6,4.25,1661.6931630074057,1466.7458316817615,78,75,100,100,2.12,1.2900000000000003,10,2,44.76190476190476,55.142857142857146
2014-03-29,2013,VfL Wolfsburg,Ein Frankfurt,2,1,H,2,1.83,3.6,4.2,1.83,3.6,4.2,1577.1277831537623,1504.7021516953728,76,75,100,100,1.3800000000000001,2.0700000000000003,5,10,60.378787878787875,67.2771672771673
2014-03-29,2013,VfB Stuttgart,Borussia Dortmund,2,3,A,0,4.75,4.0,1.67,4.75,4.0,1.67,1412.30293616884,1649.2198261523347,75,80,100,100,1.4400000000000002,2.2199999999999998,5,10,59.282834812246584,69.82323232323233
2014-03-29,2013,FSV Mainz 05,FC Augsburg,3,0,H,2,2.38,3.25,3.0,2.38,3.25,3.0,1545.177271831138,1526.4326408948436,73,71,100,100,1.4,1.58,7,5,27.18337218337218,64.27350427350427
2014-03-29,2013,Bayern Munich,TSG Hoffenheim,3,3,D,1,1.14,8.0,15.0,1.14,8.0,15.0,1906.3502525670426,1505.7091434767506,75,75,100,100,2.83,2.45,15,9,64.75252525252526,60.0
2014-03-29,2013,SC Freiburg,FC Nurnberg,3,2,H,2,2.15,3.3,3.4,2.15,3.3,3.4,1488.9755629433162,1468.015863752006,73,75,100,100,1.17,1.28,8,3,32.64957264957265,41.6031746031746
2014-03-29,2013,Bayer Leverkusen,Braunschweig,1,1,D,1,1.33,5.25,8.0,1.33,5.25,8.0,1587.9912724297703,1435.513541095418,77,75,100,100,1.5500000000000003,1.2400000000000002,4,6,49.91841491841491,42.162608633196875
2014-03-30,2013,Hannover 96,Werder Bremen,1,2,A,0,1.91,3.6,3.8,1.91,3.6,3.8,1469.0127397401793,1436.0214637631716,75,75,100,100,1.17,1.3000000000000003,5,7,39.49855699855699,31.868686868686872
2014-03-30,2013,Borussia Monchengladbach,Hamburg,3,1,H,2,1.75,3.75,4.5,1.75,3.75,4.5,1549.9700661227298,1423.894035297005,75,75,100,100,1.35,2.0700000000000003,7,5,35.93073593073593,53.492063492063494
2014-04-04,2013,Hamburg,Bayer Leverkusen,2,1,H,2,3.3,3.5,2.1,3.3,3.5,2.1,1413.4579514869574,1581.3880054279052,75,77,100,100,2.25,1.35,5,5,54.88095238095239,47.41841491841492
2014-04-05,2013,VfB Stuttgart,SC Freiburg,2,0,H,2,1.8,3.75,4.2,1.8,3.75,4.2,1405.7870043251876,1504.0115023531298,75,73,100,100,1.3800000000000001,1.3199999999999998,5,10,55.226890756302524,35.98290598290598
2014-04-05,2013,FC Nurnberg,Borussia Monchengladbach,0,2,A,0,3.3,3.4,2.15,3.3,3.4,2.15,1452.9799243421924,1560.4061499327775,75,75,100,100,1.33,1.6,3,9,46.04761904761905,36.28787878787879
2014-04-05,2013,Werder Bremen,FC Schalke 04,1,1,D,1,3.6,3.6,1.95,3.6,3.6,1.95,1453.536218186346,1669.5524311166066,75,78,100,100,1.3000000000000003,2.15,7,13,31.868686868686872,44.317460317460316
2014-04-05,2013,Borussia Dortmund,VfL Wolfsburg,2,1,H,2,1.44,4.5,6.5,1.44,4.5,6.5,1655.7357579959871,1589.8399460767102,80,76,100,100,1.95,1.7,10,8,68.4090909090909,63.235930735930744
2014-04-05,2013,FC Augsburg,Bayern Munich,1,0,H,2,7.5,5.0,1.36,7.5,5.0,1.36,1511.2950264823521,1893.2495981458474,71,75,100,100,1.5000000000000002,2.48,4,13,61.025641025641015,64.1969696969697
2014-04-05,2013,Ein Frankfurt,FSV Mainz 05,2,0,H,2,2.5,3.3,2.8,2.5,3.3,2.8,1491.9899887724248,1560.3148862436294,75,73,100,100,1.97,1.61,7,7,63.54090354090355,34.87567987567987
2014-04-06,2013,Hertha BSC,TSG Hoffenheim,1,1,D,1,2.38,3.6,2.7,2.38,3.6,2.7,1458.8865635725606,1518.8097978979458,75,75,100,100,1.27,2.3600000000000003,1,7,61.142857142857146,53.57142857142858
2014-04-06,2013,Braunschweig,Hannover 96,3,0,H,2,2.5,3.3,2.75,2.5,3.3,2.75,1442.1168080972832,1451.4979853170048,75,75,100,100,1.0900000000000003,1.2400000000000002,6,4,31.805465776054014,46.165223665223664
2014-04-11,2013,FC Schalke 04,Ein Frankfurt,2,0,H,2,1.67,3.75,5.0,1.67,3.75,5.0,1660.7149658429805,1511.0965229773622,78,75,100,100,1.8400000000000003,2.2399999999999998,11,9,39.042735042735046,58.540903540903535
2014-04-12,2013,VfL Wolfsburg,FC Nurnberg,4,1,H,2,1.57,4.2,5.25,1.57,4.2,5.25,1576.8386891658786,1441.775234518694,76,75,100,100,1.7700000000000002,1.28,8,3,55.18037518037518,43.35531135531136
2014-04-12,2013,FSV Mainz 05,Werder Bremen,3,0,H,2,1.8,3.6,4.33,1.8,3.6,4.33,1541.208352038692,1462.3736834599722,73,75,100,100,1.58,1.37,6,5,38.764568764568764,40.71484071484072
2014-04-12,2013,Borussia Monchengladbach,VfB Stuttgart,1,1,D,1,1.95,3.5,3.8,1.95,3.5,3.8,1571.6108397562757,1426.19362839036,75,75,100,100,1.52,1.4,12,7,37.31351981351982,48.95238095238095
2014-04-12,2013,SC Freiburg,Braunschweig,2,0,H,2,2.1,3.4,3.4,2.1,3.4,3.4,1483.6048782879575,1458.548722314329,73,75,100,100,1.72,1.0900000000000003,10,8,45.982905982905976,33.83755133755134
2014-04-12,2013,Bayern Munich,Borussia Dortmund,0,3,A,0,1.5,4.33,6.0,1.5,4.33,6.0,1864.4453305593677,1668.7370149068188,75,80,100,100,2.06,1.97,10,10,68.12554112554112,67.29797979797979
2014-04-12,2013,Hannover 96,Hamburg,2,1,H,2,2.4,3.4,2.8,2.4,3.4,2.8,1435.066071099959,1436.640603495695,75,75,100,100,0.96,2.12,3,7,40.71067821067821,49.32539682539682
2014-04-13,2013,TSG Hoffenheim,FC Augsburg,2,0,H,2,2.4,3.5,2.8,2.4,3.5,2.8,1516.077272130723,1540.0992940688318,75,71,100,100,2.4099999999999997,1.5400000000000003,8,4,56.42857142857142,56.263736263736256
2014-04-13,2013,Bayer Leverkusen,Hertha BSC,2,1,H,2,1.67,3.8,5.0,1.67,3.8,5.0,1558.2053534191677,1461.6190893397834,77,75,100,100,1.73,1.1,4,1,59.337606837606835,60.82539682539682
2014-04-17,2013,Ein Frankfurt,Hannover 96,2,3,A,0,2.0,3.5,3.6,2.0,3.5,3.6,1501.5901725741387,1451.1385805000214,75,75,100,100,1.8,1.6800000000000002,9,3,51.19047619047619,52.139249639249634
2014-04-19,2013,FC Augsburg,Hertha BSC,0,0,D,1,1.91,3.5,4.0,1.91,3.5,4.0,1522.994798518123,1449.9559024051773,71,75,100,100,1.7600000000000002,0.9100000000000001,4,1,55.871579400991166,48.12698412698413
2014-04-19,2013,Werder Bremen,TSG Hoffenheim,3,1,H,2,2.8,3.6,2.3,2.8,3.6,2.3,1449.9431053883302,1533.181767681432,75,75,100,100,1.3200000000000003,2.3299999999999996,4,11,53.07847707847708,45.15406162464986
2014-04-19,2013,Hamburg,VfL Wolfsburg,1,3,A,0,2.9,3.5,2.3,2.9,3.5,2.3,1420.5680940956324,1586.9142599603551,75,76,100,100,1.5099999999999998,2.14,4,10,41.7063492063492,60.67488067488067
2014-04-19,2013,SC Freiburg,Borussia Monchengladbach,4,2,H,2,3.2,3.4,2.2,3.2,3.4,2.2,1498.4529959211363,1565.279584692797,73,75,100,100,1.95,1.6300000000000003,10,10,54.444444444444436,42.76806526806527
2014-04-19,2013,Braunschweig,Bayern Munich,0,2,A,0,6.5,5.0,1.4,6.5,5.0,1.4,1443.7006046811503,1840.27865510904,75,75,100,100,1.2200000000000002,1.77,7,7,35.26612276612276,71.93506493506494
2014-04-19,2013,Borussia Dortmund,FSV Mainz 05,4,2,H,2,1.36,5.0,7.5,1.36,5.0,7.5,1692.9036903571464,1553.638930110334,80,73,100,100,1.77,1.6199999999999999,13,6,55.60966810966811,41.0979020979021
2014-04-20,2013,VfB Stuttgart,FC Schalke 04,3,1,H,2,2.63,3.5,2.5,2.63,3.5,2.5,1432.5248834538386,1670.221316246204,75,78,100,100,1.45,2.12,7,11,41.679653679653676,41.26495726495726
2014-04-20,2013,FC Nurnberg,Bayer Leverkusen,1,4,A,0,3.75,3.6,1.91,3.75,3.6,1.91,1431.6996637242175,1569.8685403537738,75,77,100,100,1.12,1.8800000000000001,3,7,39.765567765567766,68.22649572649573
2014-04-25,2013,Hannover 96,VfB Stuttgart,0,0,D,1,2.7,3.4,2.5,2.7,3.4,2.5,1469.4457682146424,1458.032206433215,75,75,100,100,1.9100000000000001,1.4900000000000002,6,7,51.067821067821065,35.39393939393939
2014-04-26,2013,FSV Mainz 05,FC Nurnberg,2,0,H,2,1.62,4.0,5.25,1.62,4.0,5.25,1543.7295576460435,1421.747085197849,73,75,100,100,1.7100000000000002,1.1600000000000001,6,3,40.31868131868132,39.505827505827504
2014-04-26,2013,VfL Wolfsburg,SC Freiburg,2,2,D,1,1.44,4.75,6.0,1.44,4.75,6.0,1595.789968315646,1517.493076343969,76,73,100,100,2.4400000000000004,2.12,12,10,60.068820068820074,53.33333333333333
2014-04-26,2013,Bayer Leverkusen,Borussia Dortmund,2,2,D,1,3.0,3.5,2.25,3.0,3.5,2.25,1579.8211188801424,1702.813062821437,77,80,100,100,1.9900000000000002,2.16,10,13,67.77195027195027,65.25252525252526
2014-04-26,2013,Bayern Munich,Werder Bremen,5,2,H,2,1.2,7.0,11.0,1.2,7.0,11.0,1843.2402622614986,1469.7046913782076,75,75,100,100,1.4600000000000004,1.53,7,7,67.57142857142857,55.61815961815962
2014-04-26,2013,Hertha BSC,Braunschweig,2,0,H,2,2.0,3.5,3.6,2.0,3.5,3.6,1453.270778984078,1440.7389975286917,75,75,100,100,1.0400000000000003,1.06,2,7,48.44444444444444,38.82167832167832
2014-04-26,2013,TSG Hoffenheim,Ein Frankfurt,0,0,D,1,1.91,3.75,3.6,1.91,3.75,3.6,1513.4201816915545,1483.2829848595177,75,75,100,100,2.1900000000000004,1.5900000000000003,8,6,48.72549019607844,45.476190476190474
2014-04-27,2013,FC Schalke 04,Borussia Monchengladbach,0,1,A,0,2.0,3.6,3.5,2.0,3.6,3.5,1644.7139932668276,1546.2395042699643,78,75,100,100,1.6200000000000003,1.6900000000000002,8,7,37.70940170940171,43.87917637917638
2014-04-27,2013,FC Augsburg,Hamburg,3,1,H,2,1.85,3.6,4.0,1.85,3.6,4.0,1519.6799219392221,1411.6923857403415,71,75,100,100,1.6600000000000001,1.67,4,4,57.776341305753064,43.26479076479077
2014-05-03,2013,Werder Bremen,Hertha BSC,2,0,H,2,2.63,3.5,2.5,2.63,3.5,2.5,1466.3668205793724,1468.6939192637042,75,75,100,100,1.5800000000000003,1.56,7,5,55.71916971916973,54.989898989899
2014-05-03,2013,VfB Stuttgart,VfL Wolfsburg,1,2,A,0,2.7,3.6,2.4,2.7,3.6,2.4,1458.5576313818062,1592.2440874786198,75,76,100,100,1.3400000000000003,2.400000000000001,8,10,41.679653679653676,57.74558774558775
2014-05-03,2013,FC Nurnberg,Hannover 96,0,2,A,0,2.1,3.6,3.25,2.1,3.6,3.25,1411.1446084960653,1468.920343266051,75,75,100,100,1.0200000000000002,1.9599999999999997,0,7,36.83916083916084,53.44877344877345
2014-05-03,2013,Borussia Monchengladbach,FSV Mainz 05,3,1,H,2,1.85,3.8,3.8,1.85,3.8,3.8,1566.6567654779824,1554.3320343478272,75,73,100,100,1.8800000000000001,1.7700000000000002,10,9,44.672827172827176,40.21611721611721
2014-05-03,2013,Hamburg,Bayern Munich,1,4,A,0,7.0,5.25,1.36,7.0,5.25,1.36,1400.5112119247578,1846.5781330603338,75,75,100,100,1.65,1.7600000000000002,3,7,41.04256854256854,70.01587301587301
2014-05-03,2013,SC Freiburg,FC Schalke 04,0,2,A,0,3.6,3.6,1.95,3.6,3.6,1.95,1521.0389571809953,1624.2967320588095,73,78,100,100,2.2600000000000002,1.7900000000000003,10,7,54.44444444444444,42.47130647130648
2014-05-03,2013,Ein Frankfurt,Bayer Leverkusen,0,2,A,0,4.2,4.0,1.75,4.2,4.0,1.75,1484.6673836645648,1585.259799198668,75,77,100,100,1.4900000000000002,1.9400000000000002,4,8,41.25396825396825,74.82323232323232
2014-05-03,2013,Borussia Dortmund,TSG Hoffenheim,3,2,H,2,1.36,5.5,7.0,1.36,5.5,7.0,1697.3743825029114,1512.0357828865074,80,75,100,100,2.12,2.0500000000000003,13,6,60.25252525252525,44.05882352941176
2014-05-03,2013,Braunschweig,FC Augsburg,0,1,A,0,2.75,3.5,2.4,2.75,3.5,2.4,1425.3158572490656,1530.8610957548058,75,71,100,100,0.9099999999999999,1.6700000000000004,4,7,35.04545454545455,51.28061481002658
2014-05-10,2013,FC Augsburg,Ein Frankfurt,2,1,H,2,1.53,4.33,5.5,1.53,4.33,5.5,1542.1447547853431,1473.1745924993515,71,75,100,100,2.0300000000000002,1.36,10,4,50.22292250233427,40.182539682539684
2014-05-10,2013,Hertha BSC,Borussia Dortmund,0,4,A,0,5.25,4.5,1.53,5.25,4.5,1.53,1452.586754011448,1705.566192642347,75,80,100,100,1.6800000000000002,2.31,5,13,52.73989898989898,53.88888888888889
2014-05-10,2013,Bayern Munich,VfB Stuttgart,1,0,H,2,1.2,7.0,11.0,1.2,7.0,11.0,1848.8578729736112,1448.4272615807336,75,75,100,100,1.9100000000000001,1.2500000000000002,9,8,69.3015873015873,43.75757575757575
2014-05-10,2013,Hannover 96,SC Freiburg,3,2,H,2,2.0,3.6,3.5,2.0,3.6,3.5,1482.2839292618814,1509.65892405811,75,73,100,100,2.13,1.98,10,7,50.02997002997002,48.61111111111111
2014-05-10,2013,FC Schalke 04,FC Nurnberg,4,1,H,2,1.29,5.5,9.5,1.29,5.5,9.5,1635.676765181695,1397.781022500235,78,75,100,100,2.0000000000000004,1.3199999999999998,7,0,50.97130647130648,42.480186480186475
2014-05-10,2013,TSG Hoffenheim,Braunschweig,3,1,H,2,1.67,4.5,4.2,1.67,4.5,4.2,1503.8439727470718,1414.0321982185283,75,75,100,100,1.7700000000000002,1.15,5,3,49.05882352941176,41.29545454545455
2014-05-10,2013,VfL Wolfsburg,Borussia Monchengladbach,3,1,H,2,1.83,4.0,3.75,1.83,4.0,3.75,1602.3744572796925,1582.0894285866327,76,75,100,100,2.1900000000000004,1.58,10,10,60.6027306027306,43.83949383949384
2014-05-10,2013,Bayer Leverkusen,Werder Bremen,2,1,H,2,1.25,6.5,9.0,1.25,6.5,9.0,1596.7525903638812,1482.4739858316286,77,75,100,100,2.04,1.4300000000000002,10,7,69.82323232323232,53.08028083028082
2014-05-10,2013,FSV Mainz 05,Hamburg,3,2,H,2,1.83,4.0,3.75,1.83,4.0,3.75,1538.8993712391768,1398.2314720114805,73,75,100,100,1.69,1.5000000000000002,6,3,45.857142857142854,34.256854256854254
2014-08-22,2014,Bayern Munich,VfL Wolfsburg,2,1,H,2,1.25,6.0,10.0,1.25,6.0,10.0,1851.760415026954,1617.4413571985217,75,77,100,100,2.1500000000000004,2.47,12,13,75.01587301587303,65.4916194916195
2014-08-23,2014,TSG Hoffenheim,FC Augsburg,2,0,H,2,1.91,3.6,3.8,1.91,3.6,3.8,1515.7977147655731,1555.0096355790822,75,72,100,100,2.0200000000000005,2.09,7,10,51.91596638655462,51.65149393090569
2014-08-23,2014,Hertha BSC,Werder Bremen,2,2,D,1,1.95,3.5,3.75,1.95,3.5,3.75,1446.5375064498357,1471.5547898746418,73,73,100,100,1.67,1.2,4,6,64.16847041847042,45.90079365079365
2014-08-23,2014,Hannover 96,FC Schalke 04,2,1,H,2,2.9,3.5,2.3,2.9,3.5,2.3,1499.5419920395825,1642.163506458,74,77,100,100,2.4899999999999998,2.37,13,9,52.45421245421244,58.817460317460316
2014-08-23,2014,Ein Frankfurt,SC Freiburg,1,0,H,2,2.05,3.4,3.6,2.05,3.4,3.6,1460.3097117056125,1492.400861280409,75,72,100,100,1.09,1.8800000000000003,1,7,45.182539682539684,41.94444444444444
2014-08-23,2014,Borussia Dortmund,Bayer Leverkusen,0,2,A,0,1.57,4.33,5.0,1.57,4.33,5.0,1711.6154402039592,1607.671786320868,81,77,100,100,2.4200000000000004,1.9100000000000001,13,13,38.333333333333336,67.60101010101009
2014-08-23,2014,FC Cologne,Hamburg,0,0,D,1,2.0,3.5,3.6,2.0,3.5,3.6,1393.415411201303,1388.377268039331,75,75,100,100,0.9,1.6,1,0,39.89377289377289,43.14574314574314
2014-08-24,2014,Borussia Monchengladbach,VfB Stuttgart,1,1,D,1,1.95,3.5,3.75,1.95,3.5,3.75,1567.0225286678035,1445.5247195273907,75,75,100,100,1.4400000000000002,1.09,7,5,46.81385281385281,39.94805194805194
2014-08-24,2014,SC Paderborn 07,FSV Mainz 05,2,2,D,1,3.1,3.4,2.25,3.1,3.4,2.25,1500.0,1548.7535752113263,75,73,100,100,1.0,1.6900000000000002,0,9,50.0,37.52380952380952
2014-08-29,2014,FC Augsburg,Borussia Dortmund,2,3,A,0,4.5,3.75,1.73,4.5,3.75,1.73,1537.211488112032,1690.9665374487013,72,81,100,100,1.7399999999999998,2.3600000000000003,10,10,44.710317460317455,48.80952380952381
2014-08-30,2014,Hamburg,SC Paderborn 07,0,3,A,0,1.67,3.8,5.0,1.67,3.8,5.0,1388.6092668450199,1502.2305637321035,75,75,100,100,1.78,1.1,1,1,50.76479076479076,57.14285714285714
2014-08-30,2014,FC Schalke 04,Bayern Munich,1,1,D,1,6.0,4.75,1.44,6.0,4.75,1.44,1619.9411831954317,1858.3542909428108,77,75,100,100,2.15,2.46,6,15,63.26190476190476,72.87301587301587
2014-08-30,2014,Bayer Leverkusen,Hertha BSC,4,2,H,2,1.44,4.5,6.5,1.44,4.5,6.5,1628.320689076126,1447.6876079335177,77,73,100,100,1.77,1.89,13,5,58.71212121212121,72.58116883116882
2014-08-30,2014,Werder Bremen,TSG Hoffenheim,1,1,D,1,3.2,3.5,2.15,3.2,3.5,2.15,1470.4046883909598,1533.5958622326234,73,75,100,100,1.32,1.6200000000000003,7,7,37.0436507936508,58.857142857142854
2014-08-30,2014,VfB Stuttgart,FC Cologne,0,2,A,0,2.0,3.5,3.6,2.0,3.5,3.6,1450.9024539628924,1393.1834123956141,75,75,100,100,0.9500000000000002,1.0899999999999999,5,2,37.52380952380952,38.560439560439555
2014-08-30,2014,VfL Wolfsburg,Ein Frankfurt,2,2,D,1,1.57,4.33,5.0,1.57,4.33,5.0,1610.8474812826648,1477.7833753193265,77,75,100,100,2.16,1.0900000000000003,10,4,53.568542568542554,44.980519480519476
2014-08-31,2014,SC Freiburg,Borussia Monchengladbach,0,0,D,1,2.88,3.4,2.38,2.88,3.4,2.38,1474.9271976666948,1561.6447942323018,72,75,100,100,1.7900000000000003,1.57,4,7,41.035353535353536,49.238095238095234
2014-08-31,2014,FSV Mainz 05,Hannover 96,0,0,D,1,2.2,3.3,3.3,2.2,3.3,3.3,1546.5230114792228,1521.7643153021509,73,74,100,100,1.56,1.78,7,13,42.09523809523809,44.83516483516483
2014-09-12,2014,Bayer Leverkusen,Werder Bremen,3,3,D,1,1.3,5.5,9.0,1.3,5.5,9.0,1636.6786768956522,1473.283080287418,77,73,100,100,1.83,1.11,13,5,53.25757575757575,35.61507936507937
2014-09-13,2014,Hertha BSC,FSV Mainz 05,1,3,A,0,2.25,3.3,3.2,2.25,3.3,3.2,1439.3296201139915,1545.3847574802742,73,73,100,100,1.67,1.61,4,8,72.06168831168831,52.57142857142857
2014-09-13,2014,Bayern Munich,VfB Stuttgart,2,0,H,2,1.17,7.5,15.0,1.17,7.5,15.0,1848.8256432098651,1432.2685799588983,75,75,100,100,2.48,1.0100000000000002,13,2,75.87301587301587,42.251082251082245
2014-09-13,2014,Borussia Dortmund,SC Freiburg,3,1,H,2,1.25,6.0,10.0,1.25,6.0,10.0,1700.3145408905602,1478.8397788883983,81,72,100,100,2.2,1.6900000000000002,10,2,44.99999999999999,39.92424242424242
2014-09-13,2014,TSG Hoffenheim,VfL Wolfsburg,1,1,D,1,2.4,3.5,2.75,2.4,3.5,2.75,1530.7174703361652,1605.0026705399318,75,77,100,100,1.52,2.3000000000000003,8,8,60.28571428571429,52.269841269841265
2014-09-13,2014,SC Paderborn 07,FC Cologne,0,0,D,1,2.9,3.2,2.45,2.9,3.2,2.45,1513.1769937687916,1411.8172863996083,75,75,100,100,1.6250000000000002,1.23,4,5,42.2077922077922,41.83316683316683
2014-09-13,2014,Borussia Monchengladbach,FC Schalke 04,4,1,H,2,2.4,3.4,2.8,2.4,3.4,2.8,1557.7322130105983,1629.4698309283774,75,77,100,100,1.48,2.1300000000000003,8,7,50.34920634920635,56.26190476190476
2014-09-14,2014,Ein Frankfurt,FC Augsburg,0,1,A,0,2.25,3.3,3.2,2.25,3.3,3.2,1483.6281860620595,1527.863484670173,75,72,100,100,0.9600000000000002,1.8799999999999997,5,9,44.980519480519476,42.80555555555556
2014-09-14,2014,Hannover 96,Hamburg,2,0,H,2,2.2,3.4,3.2,2.2,3.4,3.2,1522.9025693010994,1377.6628368083318,74,75,100,100,1.6900000000000002,1.81,11,1,40.073260073260066,58.03751803751803
2014-09-19,2014,SC Freiburg,Hertha BSC,2,2,D,1,2.5,3.3,2.8,2.5,3.3,2.8,1471.8504127264484,1428.0673931779104,72,73,100,100,1.44,1.32,1,1,44.64646464646464,73.51623376623377
2014-09-20,2014,SC Paderborn 07,Hannover 96,2,0,H,2,2.8,3.25,2.5,2.8,3.25,2.5,1508.637274141192,1532.5782090646367,75,74,100,100,1.4833333333333336,1.7899999999999998,5,13,55.91630591630591,47.692307692307686
2014-09-20,2014,VfB Stuttgart,TSG Hoffenheim,0,2,A,0,2.5,3.4,2.7,2.5,3.4,2.7,1429.6019131400876,1534.0872367432376,75,75,100,100,0.9,1.53,1,8,41.29870129870129,55.558441558441565
2014-09-20,2014,FSV Mainz 05,Borussia Dortmund,2,0,H,2,5.0,4.33,1.57,5.0,4.33,1.57,1556.6469844163553,1707.30390705251,73,81,100,100,1.5400000000000003,2.21,8,12,45.9047619047619,44.166666666666664
2014-09-20,2014,Hamburg,Bayern Munich,0,0,D,1,10.0,6.0,1.25,10.0,6.0,1.25,1367.9871970447946,1851.4923100286758,75,75,100,100,1.53,2.2700000000000005,1,13,53.59307359307358,68.09523809523809
2014-09-20,2014,FC Augsburg,Werder Bremen,4,2,H,2,1.91,3.6,3.8,1.91,3.6,3.8,1541.8373103282008,1480.298022163181,72,73,100,100,1.98,1.2,9,6,44.82575757575757,38.05952380952381
2014-09-20,2014,FC Schalke 04,Ein Frankfurt,2,2,D,1,1.73,3.8,4.5,1.73,3.8,4.5,1610.212352460873,1469.6543604040316,77,75,100,100,2.0700000000000003,1.1,7,4,48.83333333333333,46.07142857142857
2014-09-21,2014,VfL Wolfsburg,Bayer Leverkusen,4,1,H,2,2.8,3.5,2.4,2.8,3.5,2.4,1601.6329041328595,1629.6637350198891,77,77,100,100,2.21,2.0900000000000003,8,13,52.77489177489177,53.590909090909086
2014-09-21,2014,FC Cologne,Borussia Monchengladbach,0,0,D,1,2.75,3.3,2.5,2.75,3.3,2.5,1416.357006027208,1576.9896914781027,75,75,100,100,0.9600000000000002,1.7100000000000002,5,8,31.320346320346317,57.77777777777777
2014-09-23,2014,Bayern Munich,SC Paderborn 07,4,0,H,2,1.11,9.0,21.0,1.11,9.0,21.0,1837.3558125872794,1525.738053231535,75,75,100,100,2.04,1.5250000000000004,11,8,68.80952380952381,56.52056277056277
2014-09-23,2014,Ein Frankfurt,FSV Mainz 05,2,2,D,1,2.38,3.3,2.9,2.38,3.3,2.9,1475.7958412674402,1579.1805318815327,75,73,100,100,1.27,1.48,5,11,53.57142857142857,35.07142857142857
2014-09-23,2014,TSG Hoffenheim,SC Freiburg,3,3,D,1,1.62,4.0,5.25,1.62,4.0,5.25,1545.415505451932,1469.8447359574463,75,72,100,100,1.5100000000000002,1.65,11,2,51.71228771228772,47.91569541569541
2014-09-23,2014,Werder Bremen,FC Schalke 04,0,3,A,0,2.8,3.4,2.4,2.8,3.4,2.4,1467.102741439255,1604.0708715974645,73,77,100,100,1.2899999999999998,1.7700000000000002,3,5,40.9004329004329,41.33333333333333
2014-09-24,2014,Bayer Leverkusen,FC Augsburg,1,0,H,2,1.57,4.2,5.25,1.57,4.2,5.25,1612.3756610904493,1555.032591052127,77,72,100,100,1.8400000000000003,1.81,10,9,46.54545454545455,44.484848484848484
2014-09-24,2014,Borussia Dortmund,VfB Stuttgart,2,2,D,1,1.36,5.0,7.5,1.36,5.0,7.5,1684.7703595873327,1418.2736444313932,81,75,100,100,2.0100000000000002,1.0100000000000002,9,1,51.666666666666664,49.43056943056943
2014-09-24,2014,Hannover 96,FC Cologne,1,0,H,2,2.15,3.4,3.25,2.15,3.4,3.25,1515.4774299742935,1423.2688117177008,74,75,100,100,1.5899999999999999,1.09,10,6,48.33333333333333,34.41558441558441
2014-09-24,2014,Hertha BSC,VfL Wolfsburg,1,0,H,2,3.0,3.5,2.25,3.0,3.5,2.25,1430.0730699469125,1618.9209780622994,73,77,100,100,1.2,2.37,2,8,68.997002997003,53.03463203463203
2014-09-24,2014,Borussia Monchengladbach,Hamburg,1,0,H,2,1.65,4.0,4.75,1.65,4.0,4.75,1570.0778857876098,1382.123694486191,75,75,100,100,1.61,1.27,6,2,59.68253968253968,52.878787878787875
2014-09-26,2014,FSV Mainz 05,TSG Hoffenheim,0,0,D,1,2.4,3.4,2.8,2.4,3.4,2.8,1574.5552081868427,1541.989206741177,73,75,100,100,1.36,1.53,9,9,33.404761904761905,48.85514485514486
2014-09-27,2014,VfL Wolfsburg,Werder Bremen,2,1,H,2,1.5,4.33,6.0,1.5,4.33,6.0,1594.9902748688417,1457.1027041521706,77,73,100,100,2.0300000000000002,1.4100000000000001,5,3,52.79220779220778,45.14285714285714
2014-09-27,2014,VfB Stuttgart,Hannover 96,1,0,H,2,1.95,3.5,3.6,1.95,3.5,3.6,1428.596916453321,1527.3280339847624,75,74,100,100,1.15,1.2899999999999998,2,10,55.46231546231546,40.0
2014-09-27,2014,SC Freiburg,Bayer Leverkusen,0,0,D,1,4.2,3.75,1.8,4.2,3.75,1.8,1473.2710346682013,1625.7586350178121,72,77,100,100,1.47,1.75,3,10,49.82045732045732,42.442890442890445
2014-09-27,2014,SC Paderborn 07,Borussia Monchengladbach,1,2,A,0,3.3,3.5,2.1,3.3,3.5,2.1,1521.1746770584887,1578.178267526527,75,75,100,100,1.3600000000000003,1.9200000000000004,8,9,50.21645021645021,59.01587301587301
2014-09-27,2014,FC Cologne,Bayern Munich,0,2,A,0,7.5,5.0,1.36,7.5,5.0,1.36,1411.4182077072319,1841.9191887603258,75,75,100,100,1.15,2.1700000000000004,6,11,43.7012987012987,66.66666666666666
2014-09-27,2014,FC Schalke 04,Borussia Dortmund,2,1,H,2,3.4,3.6,2.05,3.4,3.6,2.05,1614.0709088845488,1674.447087565405,77,81,100,100,1.3800000000000001,2.21,5,7,36.42424242424242,62.77777777777777
2014-09-28,2014,Hamburg,Ein Frankfurt,1,2,A,0,2.05,3.5,3.4,2.05,3.5,3.4,1374.0233127472738,1480.4211649621302,75,75,100,100,0.9700000000000001,1.6,2,6,49.54545454545454,58.57142857142857
2014-09-28,2014,FC Augsburg,Hertha BSC,1,0,H,2,2.05,3.5,3.4,2.05,3.5,3.4,1541.649617124764,1454.0037731403702,72,73,100,100,1.6300000000000001,1.05,6,5,45.25407925407925,59.90609390609391
2014-10-03,2014,Hertha BSC,VfB Stuttgart,3,2,H,2,2.25,3.4,3.1,2.25,3.4,3.1,1441.9565191909173,1449.025092838234,73,75,100,100,0.8800000000000001,1.3200000000000003,4,4,62.04895104895104,66.57342657342656
2014-10-04,2014,Ein Frankfurt,FC Cologne,3,2,H,2,2.3,3.2,3.2,2.3,3.2,3.2,1491.6689973493626,1408.9413022781794,75,75,100,100,1.61,1.1300000000000001,6,5,53.116883116883116,40.11155511155511
2014-10-04,2014,Borussia Dortmund,Hamburg,0,1,A,0,1.33,5.25,8.0,1.33,5.25,8.0,1655.6943158447623,1362.7754803600415,81,75,100,100,2.3099999999999996,1.0000000000000002,7,1,64.44444444444444,50.757575757575765
2014-10-04,2014,Bayern Munich,Hannover 96,4,0,H,2,1.13,8.5,17.0,1.13,8.5,17.0,1844.3960941893783,1506.8998575998494,75,74,100,100,2.13,1.3700000000000003,11,7,68.58974358974358,35.55555555555556
2014-10-04,2014,TSG Hoffenheim,FC Schalke 04,2,1,H,2,2.3,3.6,2.88,2.3,3.6,2.88,1543.4845498420043,1632.8236806051914,75,77,100,100,1.56,1.4100000000000001,7,8,43.74403374403374,28.090909090909086
2014-10-04,2014,Bayer Leverkusen,SC Paderborn 07,2,2,D,1,1.33,5.25,8.0,1.33,5.25,8.0,1619.1549909454527,1507.7764853414542,77,75,100,100,2.04,1.7000000000000004,8,7,43.27622377622377,58.78787878787879
2014-10-04,2014,Werder Bremen,SC Freiburg,1,1,D,1,2.38,3.4,2.88,2.38,3.4,2.88,1447.139018266339,1479.8746787405607,73,72,100,100,1.3199999999999998,1.2600000000000002,2,4,45.69230769230769,53.22954822954823
2014-10-05,2014,Borussia Monchengladbach,FSV Mainz 05,1,1,D,1,1.85,3.6,4.0,1.85,3.6,4.0,1591.5764592435614,1573.0598650860154,75,73,100,100,1.7600000000000002,1.28,11,9,45.682539682539684,35.94444444444444
2014-10-05,2014,VfL Wolfsburg,FC Augsburg,1,0,H,2,1.7,3.8,4.75,1.7,3.8,4.75,1604.9539607546733,1553.696871074217,77,72,100,100,2.2800000000000002,1.6300000000000001,8,9,60.0999000999001,44.25407925407925
2014-10-18,2014,VfB Stuttgart,Bayer Leverkusen,3,3,D,1,3.4,3.5,2.05,3.4,3.5,2.05,1432.6996178975282,1614.1945903541127,75,77,100,100,1.15,2.16,4,6,67.84615384615384,50.548951048951054
2014-10-18,2014,FC Schalke 04,Hertha BSC,2,0,H,2,1.67,3.8,5.0,1.67,3.8,5.0,1612.7978036483055,1458.2819941316232,77,73,100,100,1.42,1.2900000000000003,7,7,30.590909090909086,57.13986013986014
2014-10-18,2014,FSV Mainz 05,FC Augsburg,2,1,H,2,2.3,3.4,3.0,2.3,3.4,3.0,1573.9117793308324,1540.0403697979589,73,72,100,100,1.2200000000000002,1.4999999999999998,9,9,34.61111111111111,41.58741258741259
2014-10-18,2014,Hannover 96,Borussia Monchengladbach,0,3,A,0,3.1,3.4,2.25,3.1,3.4,2.25,1502.8889050283817,1590.7245449987445,74,75,100,100,1.2000000000000002,2.13,6,11,30.555555555555554,42.57142857142857
2014-10-18,2014,SC Freiburg,VfL Wolfsburg,1,2,A,0,3.5,3.5,2.0,3.5,3.5,2.0,1478.3715911507766,1618.6104620309313,72,77,100,100,1.12,2.0100000000000002,4,10,51.007326007326,64.67132867132867
2014-10-18,2014,FC Cologne,Borussia Dortmund,2,1,H,2,5.0,4.0,1.62,5.0,4.0,1.62,1396.6806502760196,1628.6952549827752,75,81,100,100,1.27,2.0200000000000005,2,4,37.83882783882784,64.44444444444443
2014-10-18,2014,Bayern Munich,Werder Bremen,6,0,H,2,1.1,11.0,17.0,1.1,11.0,17.0,1848.407046760846,1448.6421058561232,75,73,100,100,2.46,1.5900000000000003,13,2,71.9230769230769,49.02564102564102
2014-10-19,2014,SC Paderborn 07,Ein Frankfurt,3,1,H,2,2.5,3.4,2.7,2.5,3.4,2.7,1512.7368859327942,1503.9296493515224,75,75,100,100,1.5500000000000003,1.8700000000000003,5,8,56.969696969696976,59.54545454545455
2014-10-19,2014,Hamburg,TSG Hoffenheim,1,1,D,1,2.4,3.4,2.8,2.4,3.4,2.8,1389.7745412220286,1563.5104267988904,75,75,100,100,1.0100000000000002,1.92,4,9,42.878787878787875,46.24403374403374
2014-10-24,2014,Werder Bremen,FC Cologne,0,1,A,0,2.55,3.4,2.63,2.55,3.4,2.63,1445.7294344957631,1422.0170566468612,73,75,100,100,1.31,1.32,1,4,41.02564102564102,41.17216117216117
2014-10-25,2014,Ein Frankfurt,VfB Stuttgart,4,5,A,0,2.25,3.4,3.0,2.25,3.4,3.0,1488.3351507320958,1440.3722306279471,75,75,100,100,1.7600000000000002,1.45,8,5,61.883116883116884,63.74358974358974
2014-10-25,2014,Borussia Dortmund,Hannover 96,0,1,A,0,1.22,6.5,11.0,1.22,6.5,11.0,1603.3588486119336,1490.8498569527117,81,74,100,100,1.9099999999999997,1.2,1,3,70.27777777777776,32.777777777777786
2014-10-25,2014,FC Augsburg,SC Freiburg,2,0,H,2,1.83,3.6,4.2,1.83,3.6,4.2,1525.5952828745326,1468.5005367725041,72,72,100,100,1.44,1.3800000000000001,6,4,42.67832167832167,53.507326007326
2014-10-25,2014,Hertha BSC,Hamburg,3,0,H,2,2.2,3.4,3.2,2.2,3.4,3.2,1448.9629429831632,1397.169070994562,73,75,100,100,1.31,1.31,7,5,61.13986013986014,50.4978354978355
2014-10-25,2014,Bayer Leverkusen,FC Schalke 04,1,0,H,2,1.67,4.1,4.5,1.67,4.1,4.5,1606.5219776236938,1622.1168547967654,77,77,100,100,1.95,1.2600000000000002,6,10,49.31818181818182,26.590909090909086
2014-10-25,2014,TSG Hoffenheim,SC Paderborn 07,1,0,H,2,1.62,4.33,4.75,1.62,4.33,4.75,1556.115897026357,1528.3313845522207,75,75,100,100,1.78,1.65,9,7,44.68559218559218,48.87445887445888
2014-10-26,2014,Borussia Monchengladbach,Bayern Munich,0,0,D,1,8.0,4.75,1.36,8.0,4.75,1.36,1602.7635930744145,1851.319718121206,75,75,100,100,1.8,2.43,11,13,31.01587301587302,85.25641025641025
2014-10-26,2014,VfL Wolfsburg,FSV Mainz 05,3,0,H,2,1.67,3.8,5.0,1.67,3.8,5.0,1628.4815164092038,1588.3568662542586,77,73,100,100,2.06,1.23,12,9,56.94405594405595,38.61111111111111
2014-10-31,2014,FC Schalke 04,FC Augsburg,1,0,H,2,1.91,3.6,3.8,1.91,3.6,3.8,1605.3991660792203,1538.9893878982416,77,72,100,100,1.1400000000000001,1.28,9,6,27.045454545454543,37.48351648351648
2014-11-01,2014,Bayern Munich,Borussia Dortmund,2,1,H,2,1.44,4.5,6.5,1.44,4.5,6.5,1841.4948679327488,1582.351438652571,75,81,100,100,2.56,1.8800000000000001,13,1,84.54212454212454,71.44444444444443
2014-11-01,2014,FSV Mainz 05,Werder Bremen,1,2,A,0,1.73,4.0,4.33,1.73,4.0,4.33,1574.196503233654,1428.63913150064,73,73,100,100,1.27,1.2100000000000002,6,1,40.72649572649572,49.712509712509714
2014-11-01,2014,Hamburg,Bayer Leverkusen,1,0,H,2,3.4,3.5,2.05,3.4,3.5,2.05,1383.536753650936,1623.2396663412387,75,77,100,100,1.4900000000000002,2.31,4,9,49.4978354978355,58.409090909090914
2014-11-01,2014,VfB Stuttgart,VfL Wolfsburg,0,4,A,0,3.3,3.5,2.1,3.3,3.5,2.1,1458.5670797336202,1642.6418794298083,75,77,100,100,1.8,2.25,8,12,64.89743589743588,57.78321678321679
2014-11-01,2014,Hannover 96,Ein Frankfurt,1,0,H,2,2.25,3.4,3.1,2.25,3.4,3.1,1511.8572669120742,1470.1403016264228,74,75,100,100,1.1700000000000002,2.1800000000000006,6,7,25.77777777777778,51.88311688311687
2014-11-02,2014,FC Cologne,SC Freiburg,0,1,A,0,1.91,3.6,3.8,1.91,3.6,3.8,1439.1073596419844,1455.106431748795,75,72,100,100,1.2,1.25,6,3,31.96581196581197,57.02380952380953
2014-11-02,2014,Borussia Monchengladbach,TSG Hoffenheim,3,1,H,2,1.95,3.5,3.75,1.95,3.5,3.75,1612.5884432628718,1570.8390936040119,75,75,100,100,1.9800000000000004,1.9100000000000001,11,9,28.158730158730158,50.531746031746025
2014-11-02,2014,SC Paderborn 07,Hertha BSC,3,1,H,2,2.5,3.5,2.63,2.5,3.5,2.63,1513.608187974566,1462.5952603267892,75,73,100,100,1.4700000000000002,1.55,4,9,45.20779220779221,67.9090909090909
2014-11-07,2014,Hertha BSC,Hannover 96,0,2,A,0,2.05,3.4,3.5,2.05,3.4,3.5,1448.9277550625397,1525.945309117637,73,74,100,100,1.6600000000000001,1.1800000000000002,6,6,59.857142857142854,35.06349206349206
2014-11-08,2014,FC Augsburg,SC Paderborn 07,3,0,H,2,1.73,3.8,4.5,1.73,3.8,4.5,1526.010962244817,1527.2756932388154,72,75,100,100,1.41,1.75,6,7,33.38095238095237,57.35064935064935
2014-11-08,2014,Ein Frankfurt,Bayern Munich,0,4,A,0,13.0,7.0,1.18,13.0,7.0,1.18,1456.05225942086,1847.371964997936,75,75,100,100,1.92,2.7600000000000002,6,13,42.59740259740259,85.9057609057609
2014-11-08,2014,SC Freiburg,FC Schalke 04,2,0,H,2,2.63,3.5,2.5,2.63,3.5,2.5,1470.3701675958446,1618.377591732645,72,77,100,100,1.23,1.28,5,9,54.166666666666664,31.28787878787879
2014-11-08,2014,TSG Hoffenheim,FC Cologne,3,4,A,0,1.8,3.8,4.0,1.8,3.8,4.0,1556.7525214415818,1423.843623794935,75,75,100,100,1.6800000000000002,1.2100000000000002,8,6,45.769841269841265,31.25152625152625
2014-11-08,2014,Werder Bremen,VfB Stuttgart,2,0,H,2,2.63,3.3,2.63,2.63,3.3,2.63,1450.9758296455987,1450.330851491788,73,75,100,100,1.3,1.7899999999999998,4,7,41.02564102564102,64.00854700854701
2014-11-08,2014,Bayer Leverkusen,FSV Mainz 05,0,0,D,1,1.5,4.33,6.0,1.5,4.33,6.0,1597.6727721246004,1551.8598050886953,77,73,100,100,2.21,1.35,6,5,64.17832167832168,53.5042735042735
2014-11-09,2014,Borussia Dortmund,Borussia Monchengladbach,1,0,H,2,1.57,4.33,5.0,1.57,4.33,5.0,1576.4743415873838,1626.6750154253018,81,75,100,100,1.53,1.83,0,11,63.96969696969696,31.492063492063487
2014-11-09,2014,VfL Wolfsburg,Hamburg,2,0,H,2,1.57,4.2,5.25,1.57,4.2,5.25,1650.8781076716405,1409.1036478675742,77,75,100,100,2.3899999999999997,1.4000000000000001,15,7,60.69230769230769,44.4978354978355
2014-11-22,2014,FC Schalke 04,VfL Wolfsburg,3,2,H,2,3.0,3.4,2.3,3.0,3.4,2.3,1595.9460283244841,1657.2501405575886,77,77,100,100,1.2,2.22,6,15,31.28787878787879,61.717948717948715
2014-11-22,2014,Borussia Monchengladbach,Ein Frankfurt,1,3,A,0,1.36,5.0,7.5,1.36,5.0,7.5,1608.379143826632,1453.0082933146477,75,75,100,100,1.57,1.83,8,3,31.492063492063487,43.80952380952381
2014-11-22,2014,FSV Mainz 05,SC Freiburg,2,2,D,1,2.15,3.3,3.4,2.15,3.3,3.4,1553.9574270385538,1492.8017310040054,73,72,100,100,1.23,1.58,5,7,42.39316239316239,56.666666666666664
2014-11-22,2014,SC Paderborn 07,Borussia Dortmund,2,2,D,1,7.0,4.75,1.4,7.0,4.75,1.4,1511.2174504814043,1594.7702131860538,75,81,100,100,1.4700000000000002,1.6200000000000003,7,3,50.68398268398268,68.96969696969697
2014-11-22,2014,FC Cologne,Hertha BSC,1,2,A,0,2.1,3.3,3.5,2.1,3.3,3.5,1445.6822397294634,1436.4175683159956,75,73,100,100,1.4000000000000001,1.55,9,6,35.44733044733045,52.12987012987013
2014-11-22,2014,Bayern Munich,TSG Hoffenheim,4,0,H,2,1.14,8.0,15.0,1.14,8.0,15.0,1850.4159311041483,1534.9139055070534,75,75,100,100,2.7800000000000002,1.8900000000000001,13,7,82.31601731601731,49.6082251082251
2014-11-22,2014,Hannover 96,Bayer Leverkusen,1,3,A,0,3.8,3.6,1.91,3.8,3.6,1.91,1538.455495864181,1595.575150174742,74,77,100,100,1.22,2.21,9,6,45.56854256854257,76.67832167832168
2014-11-23,2014,Hamburg,Werder Bremen,2,0,H,2,1.91,3.6,3.75,1.91,3.6,3.75,1402.731614981626,1466.9461273380734,75,73,100,100,1.2000000000000002,1.3800000000000001,7,7,36.61904761904761,43.33333333333333
2014-11-23,2014,VfB Stuttgart,FC Augsburg,0,1,A,0,2.38,3.5,2.8,2.38,3.5,2.8,1434.3605537993135,1542.069205002228,75,72,100,100,1.55,1.48,4,6,56.23076923076924,35.04761904761905
2014-11-28,2014,SC Freiburg,VfB Stuttgart,1,4,A,0,2.25,3.4,3.1,2.25,3.4,3.1,1495.5893247201313,1423.167699000016,72,75,100,100,1.61,1.5100000000000002,7,4,55.0,55.56410256410256
2014-11-29,2014,TSG Hoffenheim,Hannover 96,4,3,H,2,1.7,4.0,4.75,1.7,4.0,4.75,1530.4373167891536,1525.0625074656225,75,74,100,100,1.6800000000000004,1.3400000000000003,4,9,44.25108225108225,51.901875901875904
2014-11-29,2014,Hertha BSC,Bayern Munich,0,1,A,0,15.0,7.5,1.18,15.0,7.5,1.18,1452.8441211037991,1854.8925198220481,73,75,100,100,1.41,2.72,6,13,58.62987012987013,76.83982683982684
2014-11-29,2014,FC Augsburg,Hamburg,3,1,H,2,2.0,3.5,3.75,2.0,3.5,3.75,1553.2620598015255,1421.6555838829804,72,75,100,100,1.78,1.2400000000000002,9,7,37.71428571428571,40.861471861471856
2014-11-29,2014,Bayer Leverkusen,FC Cologne,5,1,H,2,1.5,4.33,6.5,1.5,4.33,6.5,1608.9681385733006,1429.2556869416599,77,75,100,100,1.9600000000000002,1.2,8,9,72.3146853146853,37.94733044733045
2014-11-29,2014,FC Schalke 04,FSV Mainz 05,4,1,H,2,1.95,3.7,3.75,1.95,3.7,3.75,1614.74024889999,1551.1698333224278,77,73,100,100,1.28,1.2600000000000002,9,5,28.23232323232323,45.39316239316239
2014-11-29,2014,Werder Bremen,SC Paderborn 07,4,0,H,2,2.2,3.5,3.25,2.2,3.5,3.25,1448.022158436719,1514.992698926369,73,75,100,100,1.32,1.4300000000000002,6,7,39.090909090909086,49.9047619047619
2014-11-30,2014,Ein Frankfurt,Borussia Dortmund,2,0,H,2,5.0,4.33,1.62,5.0,4.33,1.62,1475.7217193704437,1590.994964741089,75,81,100,100,2.0900000000000003,1.6600000000000001,3,4,40.38847117794486,72.77922077922078
2014-11-30,2014,VfL Wolfsburg,Borussia Monchengladbach,1,0,H,2,1.91,3.75,3.8,1.91,3.75,3.8,1638.4559199820826,1585.665717770836,77,75,100,100,2.16,1.2,12,7,61.27350427350427,31.913116123642435
2014-12-05,2014,Borussia Dortmund,TSG Hoffenheim,1,0,H,2,1.5,4.6,6.0,1.5,4.6,6.0,1569.8730121969325,1546.1898174161008,81,75,100,100,1.7900000000000003,1.8700000000000003,4,6,77.22366522366522,51.03679653679654
2014-12-06,2014,Bayern Munich,Bayer Leverkusen,1,0,H,2,1.25,6.0,12.0,1.25,6.0,12.0,1857.7705765796072,1617.3588925686774,75,77,100,100,2.64,2.2,13,10,68.83982683982684,75.54545454545455
2014-12-06,2014,VfB Stuttgart,FC Schalke 04,0,4,A,0,2.25,3.4,3.25,2.25,3.4,3.25,1442.4553593950718,1627.8449608261926,75,77,100,100,1.6800000000000004,1.59,6,9,55.08333333333333,33.94660894660895
2014-12-06,2014,SC Paderborn 07,SC Freiburg,1,1,D,1,2.38,3.3,3.1,2.38,3.3,3.1,1495.9462291128639,1476.3016643250755,75,72,100,100,1.4,1.5899999999999999,4,7,49.33333333333333,51.25
2014-12-06,2014,Borussia Monchengladbach,Hertha BSC,3,2,H,2,1.67,3.8,5.25,1.67,3.8,5.25,1572.0782592250564,1449.96606434624,75,73,100,100,1.12,1.1800000000000002,4,6,34.611528822055135,46.62987012987013
2014-12-06,2014,Hannover 96,VfL Wolfsburg,1,3,A,0,3.8,3.6,1.95,3.8,3.6,1.95,1509.3100068386752,1652.0433785278622,74,77,100,100,1.4,2.4000000000000004,9,12,43.84632034632035,69.13064713064713
2014-12-06,2014,FC Cologne,FC Augsburg,1,2,A,0,2.88,3.2,2.55,2.88,3.2,2.55,1420.864932946283,1563.4755066989444,75,72,100,100,1.1600000000000001,1.8400000000000003,6,12,37.28066378066378,35.71428571428571
2014-12-07,2014,Hamburg,FSV Mainz 05,2,1,H,2,2.1,3.4,3.6,2.1,3.4,3.6,1411.4421369855615,1538.0651213962253,75,73,100,100,1.04,1.56,6,2,36.57575757575758,51.67887667887668
2014-12-07,2014,Ein Frankfurt,Werder Bremen,5,2,H,2,2.05,3.6,3.5,2.05,3.6,3.5,1496.8436719146002,1467.0686282502243,75,73,100,100,2.0900000000000003,2.08,6,9,31.182121971595656,51.090909090909086
2014-12-12,2014,TSG Hoffenheim,Ein Frankfurt,3,2,H,2,1.85,3.9,4.0,1.85,3.9,4.0,1531.2787827142884,1511.4758275071376,75,75,100,100,1.58,2.1,3,9,44.491341991342,42.545758335232016
2014-12-13,2014,Werder Bremen,Hannover 96,3,3,D,1,2.45,3.4,2.88,2.45,3.4,2.88,1452.4364726576869,1499.536701703947,73,74,100,100,2.0700000000000003,1.61,9,6,36.949494949494955,53.51298701298701
2014-12-13,2014,FSV Mainz 05,VfB Stuttgart,1,1,D,1,2.38,3.4,3.0,2.38,3.4,3.0,1516.4790751080334,1434.2653384869477,73,75,100,100,1.5500000000000003,1.33,2,3,57.06349206349206,48.08333333333333
2014-12-13,2014,FC Schalke 04,FC Cologne,1,2,A,0,1.8,3.7,4.5,1.8,3.7,4.5,1636.0349817343167,1411.0868285672734,77,75,100,100,1.8800000000000001,1.1800000000000002,12,3,40.492063492063494,42.201298701298704
2014-12-13,2014,SC Freiburg,Hamburg,0,0,D,1,2.4,3.3,3.0,2.4,3.3,3.0,1477.2053671392855,1433.0281832737535,72,75,100,100,1.4899999999999998,1.32,8,9,39.82142857142857,42.57575757575758
2014-12-13,2014,FC Augsburg,Bayern Munich,0,4,A,0,9.5,5.75,1.3,9.5,5.75,1.3,1573.253611077954,1864.1827373565236,72,75,100,100,1.83,2.45,12,15,42.857142857142854,69.09956709956711
2014-12-13,2014,Hertha BSC,Borussia Dortmund,1,0,H,2,5.5,4.0,1.62,5.5,4.0,1.62,1439.3688810712706,1584.784046898745,73,81,100,100,1.02,1.8900000000000001,3,7,39.201298701298704,73.10245310245311
2014-12-14,2014,Bayer Leverkusen,Borussia Monchengladbach,1,1,D,1,1.67,4.0,5.0,1.67,4.0,5.0,1610.946731791761,1582.6754425000258,77,75,100,100,1.75,1.3400000000000003,7,6,66.45454545454545,40.32581453634085
2014-12-14,2014,VfL Wolfsburg,SC Paderborn 07,1,1,D,1,1.36,5.25,8.0,1.36,5.25,8.0,1661.8166836625903,1495.042526298654,77,75,100,100,2.1100000000000003,1.81,12,5,62.74603174603175,58.47619047619047
2014-12-16,2014,Bayern Munich,SC Freiburg,2,0,H,2,1.08,11.0,29.0,1.08,11.0,29.0,1869.2321946100017,1475.1818262172578,75,72,100,100,2.2600000000000002,1.5499999999999998,15,6,70.23593073593074,47.44047619047619
2014-12-16,2014,FC Cologne,FSV Mainz 05,0,0,D,1,2.25,3.4,3.2,2.25,3.4,3.2,1436.206072267349,1512.7621107111277,75,73,100,100,1.2200000000000002,1.6800000000000002,6,3,34.582251082251084,48.17460317460318
2014-12-16,2014,Hamburg,VfB Stuttgart,0,1,A,0,2.1,3.4,3.6,2.1,3.4,3.6,1435.0517241957812,1437.9823028838534,75,75,100,100,1.37,1.2,7,4,44.242424242424235,51.19444444444444
2014-12-16,2014,Hannover 96,FC Augsburg,2,0,H,2,2.3,3.3,3.1,2.3,3.3,3.1,1497.380846589705,1568.204153824476,74,72,100,100,1.75,1.61,4,12,49.22727272727273,38.69047619047619
2014-12-17,2014,TSG Hoffenheim,Bayer Leverkusen,0,1,A,0,3.25,3.75,2.1,3.25,3.75,2.1,1546.3678092088633,1609.6476567256711,75,77,100,100,1.83,1.98,6,8,45.824675324675326,60.54545454545454
2014-12-17,2014,Ein Frankfurt,Hertha BSC,4,4,D,1,2.05,3.5,3.6,2.05,3.5,3.6,1496.3868010125627,1461.7000566840704,75,73,100,100,2.35,0.93,9,6,48.83147262094631,39.98051948051948
2014-12-17,2014,Borussia Dortmund,VfL Wolfsburg,2,2,D,1,1.85,3.75,4.2,1.85,3.75,4.2,1562.452871285945,1654.676598678948,81,77,100,100,2.0100000000000002,2.2500000000000004,7,10,85.82972582972583,69.07936507936509
2014-12-17,2014,SC Paderborn 07,FC Schalke 04,1,2,A,0,2.75,3.5,2.5,2.75,3.5,2.5,1502.1826112822962,1610.915738034241,75,77,100,100,1.5700000000000003,1.7399999999999998,3,9,42.99999999999999,40.49206349206349
2014-12-17,2014,Borussia Monchengladbach,Werder Bremen,4,1,H,2,1.44,4.75,7.0,1.44,4.75,7.0,1583.9745175661158,1454.592327771929,75,73,100,100,1.12,2.1700000000000004,4,7,37.90157211209842,44.72727272727273
2014-12-19,2014,FSV Mainz 05,Bayern Munich,1,2,A,0,15.0,7.0,1.2,15.0,7.0,1.2,1509.2925457861168,1872.2331389132823,73,75,100,100,1.75,2.54,3,15,53.17460317460318,75.0844155844156
2014-12-20,2014,Werder Bremen,Borussia Dortmund,2,1,H,2,6.5,4.33,1.5,6.5,4.33,1.5,1444.2896411966785,1566.6029162729126,73,81,100,100,2.14,1.9600000000000002,4,5,41.39393939393939,74.71861471861472
2014-12-20,2014,VfL Wolfsburg,FC Cologne,2,1,H,2,1.5,4.2,7.0,1.5,4.2,7.0,1650.5265536919806,1439.67563719236,77,75,100,100,2.1800000000000006,0.9800000000000001,8,4,66.85714285714286,42.30952380952381
2014-12-20,2014,FC Augsburg,Borussia Monchengladbach,2,1,H,2,2.5,3.4,2.8,2.5,3.4,2.8,1548.9870571922554,1594.2772041413662,72,75,100,100,1.6400000000000001,1.44,9,7,39.71611721611722,51.23490544543175
2014-12-20,2014,Bayer Leverkusen,Ein Frankfurt,1,1,D,1,1.44,4.75,7.0,1.44,4.75,7.0,1622.7653135971416,1494.79470354198,77,75,100,100,2.04,2.65,10,10,58.72727272727273,53.27591706539075
2014-12-20,2014,FC Schalke 04,Hamburg,0,0,D,1,1.8,3.6,4.5,1.8,3.6,4.5,1622.0657108518576,1419.1866791312584,77,75,100,100,1.95,1.35,12,7,47.15873015873016,48.484848484848484
2014-12-20,2014,VfB Stuttgart,SC Paderborn 07,0,0,D,1,1.85,3.8,4.0,1.85,3.8,4.0,1453.8473479483762,1491.0326384646796,75,75,100,100,1.48,1.6600000000000001,7,3,50.285353535353536,38.0
2014-12-21,2014,SC Freiburg,Hannover 96,2,2,D,1,2.45,3.4,2.88,2.45,3.4,2.88,1472.1808819139771,1516.5979432219256,72,74,100,100,1.02,1.65,3,4,34.258658008658,48.80769230769231
2014-12-21,2014,Hertha BSC,TSG Hoffenheim,0,5,A,0,2.5,3.4,2.8,2.5,3.4,2.8,1463.2921541546532,1533.2501523373928,73,75,100,100,1.1,1.7399999999999998,7,6,41.596681096681095,34.91558441558441
2015-01-30,2014,VfL Wolfsburg,Bayern Munich,4,1,H,2,6.5,4.33,1.5,6.5,4.33,1.5,1657.855745474414,1875.7578003980905,77,75,100,100,2.1900000000000004,2.33,11,15,61.301587301587304,76.51298701298701
2015-01-31,2014,FSV Mainz 05,SC Paderborn 07,5,0,H,2,2.05,3.5,3.6,2.05,3.5,3.6,1505.7678843013086,1489.3267013996763,73,75,100,100,1.73,1.7900000000000003,2,3,43.88888888888889,45.142857142857146
2015-01-31,2014,Bayer Leverkusen,Borussia Dortmund,0,0,D,1,2.5,3.4,2.8,2.5,3.4,2.8,1617.1248453915925,1545.1918969488052,77,81,100,100,1.9600000000000002,1.9700000000000002,8,4,62.72727272727273,72.57575757575758
2015-01-31,2014,FC Schalke 04,Hannover 96,1,0,H,2,1.95,3.5,4.0,1.95,3.5,4.0,1613.6574230576136,1514.5635331791464,77,74,100,100,2.1100000000000003,1.8399999999999999,10,5,54.71428571428571,49.8986013986014
2015-01-31,2014,SC Freiburg,Ein Frankfurt,4,1,H,2,2.63,3.5,2.63,2.63,3.5,2.63,1474.2152919567563,1500.435171747529,72,75,100,100,1.15,2.1700000000000004,3,8,40.16774891774891,45.6969696969697
2015-01-31,2014,Hamburg,FC Cologne,0,2,A,0,2.2,3.3,3.4,2.2,3.3,3.4,1427.5949669255024,1432.3464454099264,75,75,100,100,1.4,1.04,5,4,45.57575757575757,44.80952380952381
2015-01-31,2014,VfB Stuttgart,Borussia Monchengladbach,0,1,A,0,3.0,3.4,2.38,3.0,3.4,2.38,1455.5532850133795,1576.2032497766702,75,75,100,100,1.58,1.65,8,7,46.95202020202019,55.54112554112554
2015-02-01,2014,Werder Bremen,Hertha BSC,2,0,H,2,2.38,3.4,3.0,2.38,3.4,3.0,1465.700660520786,1450.4709937891662,73,73,100,100,1.9800000000000004,0.8800000000000001,7,4,37.3030303030303,32.733044733044736
2015-02-01,2014,FC Augsburg,TSG Hoffenheim,3,1,H,2,2.4,3.4,2.9,2.4,3.4,2.9,1567.0610115569514,1546.0713127028798,72,75,100,100,1.65,1.9,9,9,40.32217782217783,44.13636363636364
2015-02-03,2014,Borussia Monchengladbach,SC Freiburg,1,0,H,2,1.53,4.33,6.0,1.53,4.33,6.0,1586.8601775463637,1491.4204749723644,75,72,100,100,1.65,1.22,10,6,61.73160173160172,36.41774891774891
2015-02-03,2014,Hannover 96,FSV Mainz 05,1,1,D,1,2.25,3.4,3.25,2.25,3.4,3.25,1503.007131740126,1521.0113045070052,74,73,100,100,1.6800000000000002,1.6400000000000001,5,5,54.06526806526806,43.44932844932845
2015-02-03,2014,Ein Frankfurt,VfL Wolfsburg,1,1,D,1,3.8,4.0,1.85,3.8,4.0,1.85,1483.229988731921,1682.7533808426324,75,77,100,100,2.3,1.85,5,11,55.974747474747474,51.777777777777786
2015-02-03,2014,Bayern Munich,FC Schalke 04,1,1,D,1,1.13,9.0,19.0,1.13,9.0,19.0,1850.8601650298722,1625.213824496634,75,77,100,100,2.4200000000000004,1.9600000000000002,12,10,81.17965367965368,57.333333333333336
2015-02-04,2014,SC Paderborn 07,Hamburg,0,3,A,0,2.5,3.3,2.88,2.5,3.3,2.88,1474.0832811939797,1411.813766955581,75,75,100,100,1.6600000000000001,1.4100000000000001,3,5,43.2967032967033,45.57575757575758
2015-02-04,2014,Hertha BSC,Bayer Leverkusen,0,1,A,0,5.5,3.75,1.67,5.5,3.75,1.67,1435.1718969983672,1613.8587454628332,73,77,100,100,0.8300000000000001,1.5000000000000002,4,6,31.399711399711396,60.15584415584415
2015-02-04,2014,TSG Hoffenheim,Werder Bremen,1,2,A,0,1.67,4.2,4.75,1.67,4.2,4.75,1531.0367498057358,1480.999757311585,75,73,100,100,1.7900000000000003,1.73,6,7,44.36363636363636,38.63636363636364
2015-02-04,2014,Borussia Dortmund,FC Augsburg,0,1,A,0,1.44,4.5,7.5,1.44,4.5,7.5,1548.4579968775645,1582.0955744540954,81,72,100,100,1.7400000000000002,1.6300000000000001,5,9,63.36940836940837,37.5949050949051
2015-02-04,2014,FC Cologne,VfB Stuttgart,0,0,D,1,2.25,3.4,3.2,2.25,3.4,3.2,1448.1276453798478,1444.896357243686,75,75,100,100,1.34,1.2,7,5,48.80952380952381,44.86868686868687
2015-02-06,2014,FC Schalke 04,Borussia Monchengladbach,1,0,H,2,2.6,3.3,2.75,2.6,3.3,2.75,1634.3547513641868,1598.5723299901804,77,75,100,100,1.8700000000000003,1.4700000000000002,8,10,48.66666666666667,60.3030303030303
2015-02-07,2014,Hamburg,Hannover 96,2,1,H,2,2.3,3.3,3.2,2.3,3.3,3.2,1430.6510689960032,1503.83551317668,75,74,100,100,1.1900000000000002,1.57,5,6,45.57575757575758,55.7925407925408
2015-02-07,2014,VfL Wolfsburg,TSG Hoffenheim,3,0,H,2,1.57,4.33,5.5,1.57,4.33,5.5,1674.4575158578798,1512.748261307074,77,75,100,100,1.5899999999999999,2.0200000000000005,9,6,59.92063492063492,56.409090909090914
2015-02-07,2014,VfB Stuttgart,Bayern Munich,0,2,A,0,13.0,7.0,1.2,13.0,7.0,1.2,1445.0451592712539,1841.7192381623195,75,75,100,100,1.1800000000000002,2.39,6,10,50.2020202020202,83.30086580086581
2015-02-07,2014,FSV Mainz 05,Hertha BSC,0,2,A,0,1.91,3.6,4.0,1.91,3.6,4.0,1520.1829230704511,1426.7445433442406,73,73,100,100,1.78,0.62,6,4,40.72205572205572,36.16161616161616
2015-02-07,2014,FC Cologne,SC Paderborn 07,0,0,D,1,1.95,3.5,4.0,1.95,3.5,4.0,1447.97884335228,1455.2459791535575,75,75,100,100,1.1099999999999999,1.35,8,2,48.33333333333333,36.15384615384615
2015-02-07,2014,SC Freiburg,Borussia Dortmund,0,3,A,0,5.5,4.0,1.62,5.5,4.0,1.62,1479.7083225285478,1534.0022425987058,72,81,100,100,1.45,1.7,5,2,43.560606060606055,64.82395382395381
2015-02-08,2014,Werder Bremen,Bayer Leverkusen,2,1,H,2,4.2,3.75,1.85,4.2,3.75,1.85,1499.2882458102467,1622.2860991169598,73,77,100,100,1.81,1.6400000000000001,10,9,37.5,61.36796536796536
2015-02-08,2014,FC Augsburg,Ein Frankfurt,2,2,D,1,1.91,3.8,3.8,1.91,3.8,3.8,1596.551328732954,1491.5258537166735,72,75,100,100,1.53,1.8400000000000003,9,3,28.73776223776224,42.46825396825396
2015-02-13,2014,Borussia Dortmund,FSV Mainz 05,4,2,H,2,1.33,5.25,9.5,1.33,5.25,9.5,1547.52207135922,1499.9807520086915,81,73,100,100,2.0200000000000005,1.6,5,5,60.960317460317455,45.166500166500164
2015-02-14,2014,Werder Bremen,FC Augsburg,3,2,H,2,2.6,3.4,2.7,2.6,3.4,2.7,1520.727166820016,1591.856853581314,73,72,100,100,1.57,1.7,12,10,34.77272727272727,36.23776223776224
2015-02-14,2014,Borussia Monchengladbach,FC Cologne,1,0,H,2,1.73,3.6,5.25,1.73,3.6,5.25,1584.2143698098123,1448.313458526964,75,75,100,100,1.4,1.22,9,6,56.89393939393939,55.51282051282051
2015-02-14,2014,Bayer Leverkusen,VfL Wolfsburg,4,5,A,0,2.3,3.5,3.0,2.3,3.5,3.0,1600.8471781071905,1683.5054382580524,77,77,100,100,1.4300000000000002,1.35,8,11,65.004329004329,48.25396825396825
2015-02-14,2014,Ein Frankfurt,FC Schalke 04,1,0,H,2,2.3,3.6,3.0,2.3,3.6,3.0,1496.2203288683136,1648.7127115445548,75,77,100,100,1.7300000000000004,1.86,4,11,40.46825396825396,47.83333333333333
2015-02-14,2014,Bayern Munich,Hamburg,8,0,H,2,1.09,11.0,26.0,1.09,11.0,26.0,1844.6793600362346,1449.9723600493699,75,75,100,100,2.0100000000000002,1.23,10,7,69.80086580086581,43.52447552447552
2015-02-14,2014,TSG Hoffenheim,VfB Stuttgart,2,1,H,2,1.95,3.7,3.8,1.95,3.7,3.8,1503.7003389069014,1442.0850373973387,75,75,100,100,1.8199999999999998,1.06,3,5,61.74242424242425,55.090909090909086
2015-02-15,2014,Hannover 96,SC Paderborn 07,1,2,A,0,1.85,3.6,4.33,1.85,3.6,4.33,1484.5142221233134,1454.9113639788734,74,75,100,100,1.6600000000000001,1.3800000000000001,5,2,61.17715617715618,40.64102564102565
2015-02-15,2014,Hertha BSC,SC Freiburg,0,2,A,0,2.15,3.4,3.5,2.15,3.4,3.5,1446.9467144060002,1466.1884937680336,73,72,100,100,0.68,1.3,4,4,39.19191919191919,37.72727272727273
2015-02-20,2014,VfB Stuttgart,Borussia Dortmund,2,3,A,0,6.0,4.0,1.57,6.0,4.0,1.57,1428.8931495212805,1561.3462754918605,75,81,100,100,0.8500000000000002,2.22,2,7,49.33333333333333,66.07142857142858
2015-02-21,2014,SC Paderborn 07,Bayern Munich,0,6,A,0,17.0,7.5,1.17,17.0,7.5,1.17,1472.2713365702139,1847.6700406752464,75,75,100,100,1.3199999999999998,1.9900000000000002,5,10,34.80769230769231,71.61904761904762
2015-02-21,2014,FC Schalke 04,Werder Bremen,1,1,D,1,2.05,3.5,3.6,2.05,3.5,3.6,1626.1088847545855,1539.9577999286157,77,73,100,100,1.7,1.8700000000000003,8,15,47.833333333333336,34.77272727272727
2015-02-21,2014,FSV Mainz 05,Ein Frankfurt,3,1,H,2,2.4,3.5,2.9,2.4,3.5,2.9,1486.156547876051,1518.824155658283,73,75,100,100,1.61,1.45,4,6,46.166500166500164,37.69047619047619
2015-02-21,2014,SC Freiburg,TSG Hoffenheim,1,1,D,1,3.1,3.5,2.25,3.1,3.5,2.25,1481.3032819366856,1516.8922267829596,72,75,100,100,1.48,1.9,7,6,42.57575757575758,76.5909090909091
2015-02-21,2014,FC Cologne,Hannover 96,1,1,D,1,2.3,3.2,3.3,2.3,3.2,3.3,1438.271136666081,1467.154249531973,75,74,100,100,1.25,1.6199999999999999,5,2,42.331002331002324,66.36946386946387
2015-02-21,2014,FC Augsburg,Bayer Leverkusen,2,2,D,1,3.1,3.4,2.3,3.1,3.4,2.3,1572.6262204727143,1588.5835030203737,72,77,100,100,1.72,1.32,10,5,41.87878787878788,63.48917748917749
2015-02-22,2014,Hamburg,Borussia Monchengladbach,1,1,D,1,3.1,3.4,2.3,3.1,3.4,2.3,1446.981679410358,1594.2566916706953,75,75,100,100,1.2200000000000002,1.58,7,9,32.61538461538461,61.742424242424235
2015-02-22,2014,VfL Wolfsburg,Hertha BSC,2,1,H,2,1.33,5.25,9.0,1.33,5.25,9.0,1695.7691133448693,1431.8319262373482,77,73,100,100,1.58,0.75,13,3,40.47619047619047,43.63636363636363
2015-02-27,2014,Bayern Munich,FC Cologne,4,1,H,2,1.1,10.0,26.0,1.1,10.0,26.0,1850.9759825495958,1439.5981974809,75,75,100,100,2.2,1.4300000000000002,10,6,67.33333333333334,39.831002331002324
2015-02-28,2014,Borussia Dortmund,FC Schalke 04,3,0,H,2,1.5,4.33,6.5,1.5,4.33,6.5,1571.5258623794773,1622.2208420648678,81,77,100,100,2.37,1.65,10,8,65.35714285714286,53.333333333333336
2015-02-28,2014,Ein Frankfurt,Hamburg,2,1,H,2,2.0,3.6,3.6,2.0,3.6,3.6,1501.3241744099746,1453.384940035102,75,75,100,100,1.28,1.08,5,7,36.54761904761905,33.504273504273506
2015-02-28,2014,Hannover 96,VfB Stuttgart,1,1,D,1,2.1,3.5,3.4,2.1,3.5,3.4,1465.827188717154,1418.7135626336637,74,75,100,100,1.4,0.7700000000000001,2,1,69.77855477855478,45.04761904761905
2015-02-28,2014,Hertha BSC,FC Augsburg,1,0,H,2,2.8,3.4,2.5,2.8,3.4,2.5,1426.086068527943,1573.3605642098498,73,72,100,100,0.74,1.7399999999999998,3,8,46.666666666666664,45.71717171717172
2015-02-28,2014,TSG Hoffenheim,FSV Mainz 05,2,0,H,2,2.0,3.6,3.6,2.0,3.6,3.6,1515.259003546768,1503.6565291243594,75,73,100,100,1.7700000000000002,1.81,4,7,64.22727272727272,57.59507159507159
2015-02-28,2014,Bayer Leverkusen,SC Freiburg,1,0,H,2,1.36,4.75,9.0,1.36,4.75,9.0,1587.8491592832381,1482.936505172877,77,72,100,100,1.7,1.43,5,7,56.37806637806638,47.666666666666664
2015-03-01,2014,Borussia Monchengladbach,SC Paderborn 07,2,0,H,2,1.57,4.2,5.75,1.57,4.2,5.75,1587.8534310459513,1468.9653946958645,75,75,100,100,1.36,1.2,10,4,60.12626262626262,34.80769230769231
2015-03-01,2014,Werder Bremen,VfL Wolfsburg,3,5,A,0,3.6,3.75,1.91,3.6,3.75,1.91,1543.8458426183333,1701.5149710542746,73,77,100,100,1.9300000000000002,1.6900000000000002,13,13,32.27272727272727,43.80952380952381
2015-03-06,2014,VfB Stuttgart,Hertha BSC,0,0,D,1,2.1,3.3,3.6,2.1,3.3,3.6,1420.8700235002045,1448.4893091735294,75,73,100,100,0.74,0.9600000000000002,2,6,45.04761904761904,48.88888888888888
2015-03-07,2014,Hamburg,Borussia Dortmund,0,0,D,1,6.0,4.33,1.53,6.0,4.33,1.53,1439.5787188885065,1589.84402433621,75,81,100,100,1.1500000000000001,3.02,7,12,32.075702075702075,69.64285714285714
2015-03-07,2014,FC Augsburg,VfL Wolfsburg,1,0,H,2,3.5,3.5,2.1,3.5,3.5,2.1,1550.9573235642636,1710.7145816266443,72,77,100,100,1.54,1.69,5,13,49.55555555555556,47.14285714285713
2015-03-07,2014,SC Freiburg,Werder Bremen,0,1,A,0,2.6,3.4,2.7,2.6,3.4,2.7,1471.6262315471279,1534.6462320459636,72,73,100,100,1.0699999999999998,1.7200000000000002,4,10,48.166666666666664,32.272727272727266
2015-03-07,2014,Hannover 96,Bayern Munich,1,3,A,0,13.0,6.5,1.22,13.0,6.5,1.22,1463.6707278506133,1853.7164400340714,74,75,100,100,1.59,2.35,3,13,71.44522144522143,65.40350877192982
2015-03-07,2014,FSV Mainz 05,Borussia Monchengladbach,2,2,D,1,2.6,3.3,2.75,2.6,3.3,2.75,1488.1906442837023,1598.5825718021047,73,75,100,100,1.6300000000000001,1.65,4,10,55.74891774891775,57.9040404040404
2015-03-07,2014,FC Schalke 04,TSG Hoffenheim,3,1,H,2,2.25,3.4,3.2,2.25,3.4,3.2,1603.9026801081352,1530.7248883874252,77,75,100,100,1.3300000000000003,1.8,5,7,52.142857142857146,59.5
2015-03-08,2014,FC Cologne,Ein Frankfurt,4,2,H,2,2.4,3.3,3.0,2.4,3.3,3.0,1436.8577399964242,1515.1303955565702,75,75,100,100,1.29,1.35,3,8,35.094160225739174,35.476190476190474
2015-03-08,2014,SC Paderborn 07,Bayer Leverkusen,0,3,A,0,5.0,3.8,1.7,5.0,3.8,1.7,1458.236253939711,1599.1594329089874,75,77,100,100,1.31,1.78,4,7,37.542735042735046,56.949494949494955
2015-03-13,2014,Bayer Leverkusen,VfB Stuttgart,4,0,H,2,1.44,4.33,7.5,1.44,4.33,7.5,1609.003618160134,1422.139266115337,77,75,100,100,1.92,0.7700000000000001,7,2,59.69459298871063,47.71428571428571
2015-03-14,2014,FC Augsburg,FSV Mainz 05,0,2,A,0,1.95,3.5,4.0,1.95,3.5,4.0,1573.8363019803814,1493.1099420751646,72,73,100,100,1.7000000000000004,1.6900000000000002,5,4,54.44444444444444,61.203463203463194
2015-03-14,2014,Ein Frankfurt,SC Paderborn 07,4,0,H,2,1.73,3.8,4.75,1.73,3.8,4.75,1495.5855760460583,1448.3920686885644,75,75,100,100,1.3900000000000001,1.23,7,4,46.904761904761905,38.13097033685269
2015-03-14,2014,Borussia Dortmund,FC Cologne,0,0,D,1,1.33,5.0,10.0,1.33,5.0,10.0,1583.3255112000613,1456.402559506936,81,75,100,100,2.83,1.57,13,5,71.14285714285714,34.141779273358225
2015-03-14,2014,Werder Bremen,Bayern Munich,0,4,A,0,10.0,5.75,1.29,10.0,5.75,1.29,1547.7754685304087,1856.7806662257562,73,75,100,100,1.7,2.4200000000000004,10,15,38.86363636363636,60.73684210526316
2015-03-14,2014,Hertha BSC,FC Schalke 04,2,2,D,1,2.75,3.25,2.63,2.75,3.25,2.63,1447.2200665583969,1616.5816822121878,73,77,100,100,1.09,1.3900000000000001,7,7,39.55555555555556,57.38095238095239
2015-03-14,2014,TSG Hoffenheim,Hamburg,3,0,H,2,1.75,3.75,4.75,1.75,3.75,4.75,1518.0458862833725,1446.097232024655,75,75,100,100,1.9300000000000002,0.9900000000000002,7,5,53.42857142857142,24.575702075702075
2015-03-15,2014,Borussia Monchengladbach,Hannover 96,2,0,H,2,1.75,3.75,4.75,1.75,3.75,4.75,1593.6632740106425,1460.6065016589284,75,74,100,100,1.48,1.3800000000000001,8,2,55.17676767676768,66.71794871794872
2015-03-15,2014,VfL Wolfsburg,SC Freiburg,3,0,H,2,1.33,5.25,9.0,1.33,5.25,9.0,1687.8356032105264,1458.4969950626828,77,72,100,100,1.7,1.06,12,4,41.11111111111111,49.07575757575757
2015-03-20,2014,Hamburg,Hertha BSC,0,1,A,0,2.38,3.25,3.1,2.38,3.25,3.1,1433.364025087826,1454.4552612043074,75,73,100,100,0.9900000000000002,1.23,2,5,27.96031746031746,40.388888888888886
2015-03-21,2014,VfB Stuttgart,Ein Frankfurt,3,1,H,2,2.5,3.4,2.8,2.5,3.4,2.8,1414.000871011571,1509.4255034471014,75,75,100,100,1.02,1.3800000000000001,2,9,43.14285714285714,51.904761904761905
2015-03-21,2014,FC Cologne,Werder Bremen,1,1,D,1,2.2,3.4,3.3,2.2,3.4,3.3,1462.0007323478105,1543.152933256909,75,73,100,100,1.35,1.65,5,7,26.00991114149009,41.590909090909086
2015-03-21,2014,SC Freiburg,FC Augsburg,2,0,H,2,3.0,3.4,2.38,3.0,3.4,2.38,1451.7517634154226,1554.1842013159487,72,72,100,100,1.31,1.56,4,4,51.57575757575758,57.777777777777786
2015-03-21,2014,Hannover 96,Borussia Dortmund,2,3,A,0,5.0,4.2,1.62,5.0,4.2,1.62,1450.4510197417194,1577.727338359187,74,81,100,100,1.0,2.43,2,11,65.61904761904762,72.92857142857143
2015-03-21,2014,SC Paderborn 07,TSG Hoffenheim,0,0,D,1,3.75,3.5,2.0,3.75,3.5,2.0,1434.5521412875214,1530.7790932202017,75,75,100,100,1.22,2.0900000000000003,3,10,36.97712418300654,52.095238095238095
2015-03-21,2014,FC Schalke 04,Bayer Leverkusen,0,1,A,0,3.0,3.5,2.3,3.0,3.5,2.3,1609.3464875662773,1617.1420132639,77,77,100,100,1.4900000000000002,2.0200000000000005,5,10,57.38095238095239,55.538748832866474
2015-03-22,2014,FSV Mainz 05,VfL Wolfsburg,1,1,D,1,3.25,3.6,2.15,3.25,3.6,2.15,1512.7620427395973,1694.5808348577866,73,77,100,100,1.81,1.98,7,12,54.53679653679653,44.44444444444444
2015-03-22,2014,Bayern Munich,Borussia Monchengladbach,0,2,A,0,1.17,7.5,17.0,1.17,7.5,17.0,1861.403201499256,1603.8187559278515,75,75,100,100,2.5900000000000007,1.9100000000000001,15,11,66.73684210526315,53.39105339105339
2015-04-04,2014,Werder Bremen,FSV Mainz 05,0,0,D,1,2.5,3.4,2.8,2.5,3.4,2.8,1539.4822488338998,1520.4461335620317,73,73,100,100,1.45,1.8900000000000001,5,8,43.495670995671,61.87012987012986
2015-04-04,2014,VfL Wolfsburg,VfB Stuttgart,3,1,H,2,1.44,4.75,7.0,1.44,4.75,7.0,1686.8967440353522,1434.2880743974517,77,75,100,100,1.6900000000000002,1.12,10,5,47.77777777777777,43.44588744588744
2015-04-04,2014,Bayer Leverkusen,Hamburg,4,0,H,2,1.36,5.0,8.5,1.36,5.0,8.5,1632.783076270261,1418.3341210474432,77,75,100,100,2.0300000000000002,1.1300000000000001,13,2,52.71823601235366,35.960317460317455
2015-04-04,2014,Borussia Dortmund,Bayern Munich,0,1,A,0,3.3,3.5,2.15,3.3,3.5,2.15,1588.1148896152222,1835.3234766469243,81,75,100,100,2.1900000000000004,2.2600000000000002,11,12,65.5952380952381,60.07017543859649
2015-04-04,2014,SC Freiburg,FC Cologne,1,0,H,2,2.6,3.2,2.8,2.6,3.2,2.8,1472.3368672176127,1465.6714167708196,72,75,100,100,1.58,1.3900000000000001,4,6,52.9090909090909,35.6203007518797
2015-04-04,2014,Ein Frankfurt,Hannover 96,2,2,D,1,2.0,3.75,3.5,2.0,3.75,3.5,1489.1383000612207,1440.063468485684,75,74,100,100,1.53,1.1700000000000002,6,2,59.93506493506493,61.45238095238094
2015-04-04,2014,TSG Hoffenheim,Borussia Monchengladbach,1,4,A,0,2.7,3.5,2.6,2.7,3.5,2.6,1526.4576157046952,1629.8984807801833,75,75,100,100,1.8000000000000003,1.6,8,11,41.582417582417584,41.875901875901874
2015-04-05,2014,FC Augsburg,FC Schalke 04,0,0,D,1,2.4,3.3,3.0,2.4,3.3,3.0,1533.5990975137586,1593.7054245599163,72,77,100,100,1.65,1.5000000000000004,4,5,56.444444444444436,51.86813186813187
2015-04-05,2014,Hertha BSC,SC Paderborn 07,2,0,H,2,1.95,3.5,4.0,1.95,3.5,4.0,1469.48516524469,1438.873618803028,73,75,100,100,1.09,1.3400000000000003,8,1,39.05555555555556,48.323278029160385
2015-04-10,2014,Hannover 96,Hertha BSC,1,1,D,1,1.95,3.3,4.2,1.95,3.3,4.2,1442.3085372138205,1484.0790879482427,74,73,100,100,1.29,1.31,2,11,62.798534798534796,44.38888888888889
2015-04-11,2014,FSV Mainz 05,Bayer Leverkusen,2,3,A,0,3.3,3.4,2.2,3.3,3.4,2.2,1521.3219028945707,1639.995891616262,73,77,100,100,1.7900000000000003,1.98,6,15,52.72727272727273,59.38490267902033
2015-04-11,2014,Hamburg,VfL Wolfsburg,0,2,A,0,4.33,3.75,1.8,4.33,3.75,1.8,1411.1213057014422,1692.956468878324,75,77,100,100,0.9600000000000002,1.9100000000000001,1,10,31.51587301587302,45.111111111111114
2015-04-11,2014,Bayern Munich,Ein Frankfurt,3,0,H,2,1.17,7.5,17.0,1.17,7.5,17.0,1841.537375898383,1486.8932313330843,75,75,100,100,1.8800000000000001,1.8200000000000003,12,7,56.73684210526316,63.23176823176823
2015-04-11,2014,Borussia Monchengladbach,Borussia Dortmund,3,1,H,2,2.8,3.4,2.5,2.8,3.4,2.5,1641.2707864534318,1581.9009903637634,75,81,100,100,1.8,1.9300000000000002,13,8,38.26479076479076,64.64285714285714
2015-04-11,2014,SC Paderborn 07,FC Augsburg,2,1,H,2,3.1,3.4,2.3,3.1,3.4,2.3,1424.2796960994754,1536.3398083484597,75,72,100,100,1.2500000000000002,1.5400000000000003,1,4,46.323278029160385,55.33333333333333
2015-04-11,2014,FC Schalke 04,SC Freiburg,0,0,D,1,1.67,3.75,5.5,1.67,3.75,5.5,1590.9647137252152,1488.029949533947,77,72,100,100,1.36,1.55,5,6,44.36813186813187,45.242424242424235
2015-04-12,2014,FC Cologne,TSG Hoffenheim,3,2,H,2,2.4,3.3,3.0,2.4,3.3,3.0,1449.9783344544853,1515.0853100314466,75,75,100,100,1.3800000000000001,1.9200000000000004,5,7,39.78696741854637,50.082417582417584
2015-04-12,2014,VfB Stuttgart,Werder Bremen,3,2,H,2,2.15,3.5,3.3,2.15,3.5,3.3,1428.22834955448,1538.6064795013608,75,73,100,100,1.3,1.5,5,5,47.064935064935064,52.995670995671006
2015-04-17,2014,Ein Frankfurt,Borussia Monchengladbach,0,0,D,1,4.2,3.75,1.85,4.2,3.75,1.85,1483.2159670875456,1654.563010803797,75,75,100,100,1.4700000000000002,1.73,4,13,51.803196803196805,37.153679653679646
2015-04-18,2014,SC Freiburg,FSV Mainz 05,2,3,A,0,2.8,3.3,2.6,2.8,3.3,2.6,1492.6362777864624,1510.583972839966,72,73,100,100,1.6599999999999997,1.6000000000000003,7,6,45.81385281385281,54.06060606060605
2015-04-18,2014,Borussia Dortmund,SC Paderborn 07,3,0,H,2,1.22,6.5,13.0,1.22,6.5,13.0,1568.6087660133983,1445.268451570408,81,75,100,100,1.3900000000000001,1.26,5,4,61.78571428571429,46.665158371040725
2015-04-18,2014,FC Augsburg,VfB Stuttgart,2,1,H,2,2.2,3.4,3.3,2.2,3.4,3.3,1515.351052877527,1449.1470720013158,72,75,100,100,1.6700000000000004,1.44,4,7,54.99145299145299,55.3982683982684
2015-04-18,2014,TSG Hoffenheim,Bayern Munich,0,2,A,0,5.5,4.2,1.6,5.5,4.2,1.6,1496.1216329996334,1845.2146401439218,75,75,100,100,2.12,1.8800000000000003,4,12,52.08241758241759,62.0
2015-04-18,2014,Bayer Leverkusen,Hannover 96,4,0,H,2,1.36,5.25,8.0,1.36,5.25,8.0,1650.7338216708667,1444.222927426686,77,74,100,100,2.0,1.24,15,2,54.051569345686985,66.13186813186812
2015-04-18,2014,Hertha BSC,FC Cologne,0,0,D,1,2.5,3.1,3.1,2.5,3.1,3.1,1482.164697735377,1468.9420114862985,73,75,100,100,1.27,1.55,9,8,38.83333333333333,44.523809523809526
2015-04-19,2014,Werder Bremen,Hamburg,1,0,H,2,2.0,3.5,3.8,2.0,3.5,3.8,1517.687757054525,1405.8452167427126,73,75,100,100,1.44,0.72,5,1,44.66233766233766,30.444444444444446
2015-04-19,2014,VfL Wolfsburg,FC Schalke 04,1,1,D,1,1.7,3.8,5.0,1.7,3.8,5.0,1698.2325578370535,1586.3583854726999,77,77,100,100,2.0100000000000002,1.78,10,6,50.94444444444444,48.65384615384615
2015-04-24,2014,FSV Mainz 05,FC Schalke 04,2,0,H,2,2.45,3.3,2.9,2.45,3.3,2.9,1525.7581853482604,1591.3394092648043,73,77,100,100,1.4100000000000001,1.59,8,4,48.0,42.582417582417584
2015-04-25,2014,Bayern Munich,Hertha BSC,1,0,H,2,1.17,7.5,17.0,1.17,7.5,17.0,1848.99719451246,1481.5560643518131,75,73,100,100,2.0300000000000002,1.3800000000000001,12,9,68.18181818181817,43.25438596491228
2015-04-25,2014,Borussia Dortmund,Ein Frankfurt,2,0,H,2,1.33,5.25,9.0,1.33,5.25,9.0,1579.1559011571019,1490.5237093144265,81,75,100,100,1.7200000000000002,1.5200000000000002,7,5,56.78571428571429,49.82517482517483
2015-04-25,2014,FC Cologne,Bayer Leverkusen,1,1,D,1,4.75,3.8,1.75,4.75,3.8,1.75,1469.5506448698625,1658.205136449248,75,77,100,100,1.3699999999999999,2.3,6,15,50.38847117794486,64.63980463980464
2015-04-25,2014,Hamburg,FC Augsburg,3,2,H,2,2.7,3.4,2.6,2.7,3.4,2.6,1394.8249249667529,1528.3386188721338,75,72,100,100,0.76,1.5900000000000003,0,4,27.944444444444446,51.1025641025641
2015-04-25,2014,Hannover 96,TSG Hoffenheim,1,2,A,0,2.4,3.5,2.88,2.4,3.5,2.88,1436.751612648305,1492.3390786310952,74,75,100,100,1.25,1.78,2,4,58.131868131868124,42.47202797202797
2015-04-25,2014,VfB Stuttgart,SC Freiburg,2,2,D,1,1.91,3.6,4.0,1.91,3.6,4.0,1436.159506006709,1477.462065278168,75,72,100,100,1.6200000000000003,1.97,6,7,54.3982683982684,48.23809523809524
2015-04-26,2014,Borussia Monchengladbach,VfL Wolfsburg,1,0,H,2,2.4,3.5,2.88,2.4,3.5,2.88,1647.255268576916,1693.251534044949,75,77,100,100,1.8199999999999998,2.45,13,11,37.57326007326007,57.33333333333333
2015-04-26,2014,SC Paderborn 07,Werder Bremen,2,2,D,1,2.7,3.4,2.6,2.7,3.4,2.6,1434.7213164267043,1528.708048830485,75,73,100,100,1.1099999999999999,1.4300000000000002,4,5,43.57692307692308,55.57142857142858
2015-05-02,2014,TSG Hoffenheim,Borussia Dortmund,1,1,D,1,4.0,4.0,1.83,4.0,4.0,1.83,1505.8008025697425,1591.160534373644,75,81,100,100,1.59,1.7,4,9,45.47202797202797,52.5
2015-05-02,2014,Bayer Leverkusen,Bayern Munich,2,0,H,2,2.38,3.3,3.1,2.38,3.3,3.1,1650.2811538903416,1852.441416760928,77,75,100,100,2.28,2.06,13,12,64.95726495726495,72.46753246753246
2015-05-02,2014,FC Augsburg,FC Cologne,0,0,D,1,2.1,3.4,3.6,2.1,3.4,3.6,1506.475875201817,1477.4746274287688,72,75,100,100,1.6400000000000001,1.52,4,6,51.1025641025641,55.78529657477026
2015-05-02,2014,SC Freiburg,SC Paderborn 07,1,2,A,0,1.91,3.6,4.0,1.91,3.6,4.0,1475.568921744924,1438.9469884419075,72,75,100,100,2.0300000000000002,1.4300000000000002,8,5,50.238095238095234,52.57692307692307
2015-05-02,2014,VfL Wolfsburg,Hannover 96,2,2,D,1,1.4,4.75,8.0,1.4,4.75,8.0,1675.1456165486761,1423.2898887096576,77,74,100,100,1.97,1.4600000000000002,8,2,58.44444444444444,48.84615384615385
2015-05-02,2014,FC Schalke 04,VfB Stuttgart,3,2,H,2,1.91,3.6,4.0,1.91,3.6,4.0,1572.3546469643902,1438.052649539953,77,75,100,100,1.49,1.56,3,7,42.082417582417584,50.96969696969697
2015-05-02,2014,Werder Bremen,Ein Frankfurt,1,0,H,2,2.05,3.75,3.4,2.05,3.75,3.4,1524.482376815282,1478.5190760978844,73,75,100,100,1.6199999999999999,1.2800000000000002,6,2,51.57142857142858,44.82517482517483
2015-05-03,2014,Hertha BSC,Borussia Monchengladbach,1,2,A,0,5.0,3.6,1.75,5.0,3.6,1.75,1478.1118421033452,1665.361186073189,73,75,100,100,1.21,1.6600000000000001,8,13,41.468671679197996,40.74786324786324
2015-05-03,2014,FSV Mainz 05,Hamburg,1,2,A,0,1.73,3.8,4.75,1.73,3.8,4.75,1544.7429476486745,1416.6876686370697,73,75,100,100,1.2400000000000002,1.05,8,3,49.33333333333333,26.611111111111107
2015-05-08,2014,Hamburg,SC Freiburg,1,1,D,1,2.2,3.4,3.3,2.2,3.4,3.3,1438.3315511246244,1457.8886377231265,75,72,100,100,1.09,1.9100000000000001,6,5,22.611111111111107,53.666666666666664
2015-05-09,2014,Borussia Dortmund,Hertha BSC,2,0,H,2,1.29,5.5,11.0,1.29,5.5,11.0,1587.3068017891876,1469.9868888540589,81,73,100,100,1.56,1.22,7,5,53.52564102564103,39.468671679197996
2015-05-09,2014,Bayern Munich,FC Augsburg,0,1,A,0,1.53,4.33,6.0,1.53,4.33,6.0,1828.057114192517,1505.1434116513767,75,72,100,100,1.8699999999999999,1.5100000000000002,12,5,64.13419913419912,51.41025641025641
2015-05-09,2014,Ein Frankfurt,TSG Hoffenheim,3,1,H,2,2.8,3.6,2.4,2.8,3.6,2.4,1464.6235017916024,1509.6545351541988,75,75,100,100,1.31,1.7400000000000002,2,4,35.128205128205124,51.62587412587412
2015-05-09,2014,Hannover 96,Werder Bremen,1,1,D,1,2.0,3.6,3.6,2.0,3.6,3.6,1433.2088442670417,1538.377951121564,74,73,100,100,1.6200000000000003,1.75,3,8,45.51282051282051,56.33333333333333
2015-05-09,2014,Borussia Monchengladbach,Bayer Leverkusen,3,0,H,2,2.5,3.4,2.8,2.5,3.4,2.8,1673.4861393224753,1674.6654564587525,75,77,100,100,1.92,2.36,13,13,44.08119658119658,66.11111111111111
2015-05-09,2014,VfB Stuttgart,FSV Mainz 05,2,0,H,2,2.0,3.5,3.8,2.0,3.5,3.8,1427.946795594026,1523.0990651611198,75,73,100,100,1.7,1.27,4,7,56.222222222222214,52.0
2015-05-10,2014,FC Cologne,FC Schalke 04,2,0,H,2,2.75,3.3,2.6,2.75,3.3,2.6,1478.807090979209,1582.4605009103173,75,77,100,100,1.4,1.6,6,6,52.04903283850653,47.039682539682545
2015-05-10,2014,SC Paderborn 07,VfL Wolfsburg,1,3,A,0,4.75,4.2,1.67,4.75,4.2,1.67,1456.627272463705,1665.226660991292,75,77,100,100,1.3800000000000001,2.13,7,8,47.3021978021978,61.777777777777786
2015-05-16,2014,FSV Mainz 05,FC Cologne,2,0,H,2,2.1,3.4,3.6,2.1,3.4,3.6,1502.8235064549824,1499.4437529557176,73,75,100,100,1.1500000000000001,1.3399999999999999,6,9,48.44444444444444,49.47327526274894
2015-05-16,2014,FC Augsburg,Hannover 96,1,2,A,0,2.3,3.4,3.1,2.3,3.4,3.1,1532.828588109618,1437.9093637586518,72,74,100,100,1.4600000000000002,1.4700000000000002,7,3,52.521367521367516,49.44444444444444
2015-05-16,2014,SC Freiburg,Bayern Munich,2,1,H,2,7.0,4.2,1.5,7.0,4.2,1.5,1456.9889506338443,1800.3719377342757,72,75,100,100,2.07,2.04,3,9,56.242424242424235,66.35642135642135
2015-05-16,2014,Bayer Leverkusen,TSG Hoffenheim,2,0,H,2,1.4,5.0,7.5,1.4,5.0,7.5,1658.611147106171,1491.592314052495,77,75,100,100,2.02,1.56,10,4,63.05555555555556,49.12587412587413
2015-05-16,2014,FC Schalke 04,SC Paderborn 07,1,0,H,2,1.62,4.2,5.25,1.62,4.2,5.25,1561.8238389338087,1449.2245879626012,77,75,100,100,1.3900000000000001,1.5400000000000003,5,7,47.94877344877345,55.01648351648352
2015-05-16,2014,VfB Stuttgart,Hamburg,2,1,H,2,1.75,3.8,4.75,1.75,3.8,4.75,1448.2223543001635,1439.2312382139066,75,75,100,100,1.83,1.4900000000000002,7,7,62.44444444444444,27.257575757575758
2015-05-16,2014,Werder Bremen,Borussia Monchengladbach,0,2,A,0,4.33,4.0,1.75,4.33,4.0,1.75,1533.6774316299538,1689.5404486750567,73,75,100,100,1.61,1.9000000000000004,8,13,46.55555555555556,44.08119658119658
2015-05-16,2014,VfL Wolfsburg,Borussia Dortmund,2,1,H,2,2.63,3.5,2.6,2.63,3.5,2.6,1672.6293454923957,1598.1004157405102,77,81,100,100,1.8399999999999999,1.6400000000000001,8,10,55.3968253968254,54.19230769230769
2015-05-16,2014,Hertha BSC,Ein Frankfurt,0,0,D,1,2.0,3.5,3.75,2.0,3.5,3.75,1459.1932749027362,1482.685722893306,73,75,100,100,0.9099999999999999,1.19,2,4,33.468671679197996,38.97435897435897
2015-05-23,2014,Bayern Munich,FSV Mainz 05,2,0,H,2,1.2,7.0,13.0,1.2,7.0,13.0,1772.2655095571006,1518.6678679637168,75,73,100,100,1.86,1.4100000000000001,6,9,63.02308802308803,40.82539682539682
2015-05-23,2014,Borussia Dortmund,Werder Bremen,3,2,H,2,1.29,5.75,10.0,1.29,5.75,10.0,1585.4809068546056,1524.4095213802948,81,73,100,100,1.6400000000000001,1.6800000000000002,10,8,53.28321678321678,52.666666666666664
2015-05-23,2014,Ein Frankfurt,Bayer Leverkusen,2,1,H,2,4.5,4.33,1.67,4.5,4.33,1.67,1481.605501444965,1667.462041126098,75,77,100,100,1.12,2.0200000000000005,5,10,48.97435897435897,62.542735042735046
2015-05-23,2014,FC Cologne,VfL Wolfsburg,2,2,D,1,3.8,3.8,1.91,3.8,3.8,1.91,1483.5993914469832,1685.2488543783004,75,77,100,100,1.2,1.81,6,8,53.75898954846324,53.8059163059163
2015-05-23,2014,Hamburg,FC Schalke 04,2,0,H,2,2.4,3.6,2.8,2.4,3.6,2.8,1423.6452020052657,1572.812679805924,75,77,100,100,1.5500000000000003,1.2,7,7,23.393939393939394,47.0465178096757
2015-05-23,2014,Hannover 96,SC Freiburg,2,1,H,2,1.95,3.6,3.8,1.95,3.6,3.8,1458.1749549088067,1485.0953788110194,74,72,100,100,1.3599999999999999,2.06,5,5,44.2063492063492,51.004329004328994
2015-05-23,2014,TSG Hoffenheim,Hertha BSC,2,1,H,2,1.91,3.75,3.9,1.91,3.75,3.9,1482.7414200325682,1460.2734963510773,75,73,100,100,1.3599999999999999,0.8699999999999999,4,2,52.972027972027966,40.13533834586466
2015-05-23,2014,Borussia Monchengladbach,FC Augsburg,1,3,A,0,1.55,4.5,5.5,1.55,4.5,5.5,1698.8083589247158,1512.5629969594631,75,72,100,100,1.8,1.2600000000000002,13,7,42.97008547008547,50.323565323565326
2015-05-23,2014,SC Paderborn 07,VfB Stuttgart,1,2,A,0,3.4,3.8,2.05,3.4,3.8,2.05,1438.2357470904858,1463.8083905088045,75,75,100,100,1.6200000000000003,2.22,4,7,55.2593984962406,63.80808080808081
2015-08-14,2015,Bayern Munich,Hamburg,5,0,H,2,1.08,11.0,29.0,1.08,11.0,29.0,1778.2973186908528,1446.1214955493235,75,75,100,100,1.9400000000000002,1.6600000000000001,6,10,57.34126984126984,30.060606060606062
2015-08-15,2015,Borussia Dortmund,Borussia Monchengladbach,4,0,H,2,1.73,3.75,5.0,1.73,3.75,5.0,1598.6970780877352,1674.9683965426798,81,75,100,100,1.65,1.75,10,12,58.78321678321678,38.13492063492064
2015-08-15,2015,SV Darmstadt 98,Hannover 96,2,2,D,1,2.5,3.3,2.9,2.5,3.3,2.9,1500.0,1475.4122112177813,75,74,100,100,1.0,1.6200000000000003,0,8,50.0,51.7063492063492
2015-08-15,2015,Werder Bremen,FC Schalke 04,0,3,A,0,3.0,3.4,2.38,3.0,3.4,2.38,1511.1933501471651,1550.3363862618662,73,78,100,100,1.6,1.3199999999999998,5,6,34.666666666666664,57.879851143009034
2015-08-15,2015,FSV Mainz 05,Ingolstadt,0,1,A,0,2.05,3.4,3.75,2.05,3.4,3.75,1512.6360588299647,1500.0,74,75,100,100,1.36,1.0,6,0,41.65873015873016,50.0
2015-08-15,2015,Bayer Leverkusen,TSG Hoffenheim,2,1,H,2,1.5,4.33,6.5,1.5,4.33,6.5,1643.6356929598287,1497.7081738312165,76,75,100,100,1.8400000000000003,1.6,7,7,57.08818958818959,57.82051282051282
2015-08-15,2015,FC Augsburg,Hertha BSC,0,1,A,0,2.0,3.4,3.9,2.0,3.4,3.9,1536.4029593414991,1445.306742552429,73,74,100,100,1.29,0.6900000000000001,7,1,62.466422466422465,45.047619047619044
2015-08-16,2015,VfB Stuttgart,FC Cologne,1,3,A,0,2.05,3.3,3.8,2.05,3.3,3.8,1478.6328488425754,1491.9666170390117,74,75,100,100,2.0800000000000005,1.29,10,6,64.8080808080808,48.84670884670885
2015-08-16,2015,VfL Wolfsburg,Ein Frankfurt,2,1,H,2,1.44,4.75,7.0,1.44,4.75,7.0,1676.881628786272,1505.4318496112344,78,75,100,100,1.54,0.95,8,7,49.639249639249634,42.12121212121212
2015-08-21,2015,Hertha BSC,Werder Bremen,1,1,D,1,2.05,3.5,3.6,2.05,3.5,3.6,1465.4083163956295,1496.9883653531379,74,73,100,100,0.76,1.4600000000000002,4,4,46.60606060606061,37.75757575757575
2015-08-22,2015,FC Schalke 04,SV Darmstadt 98,1,1,D,1,1.44,4.5,7.5,1.44,4.5,7.5,1564.5413710558935,1498.8695770176828,78,75,100,100,1.4200000000000002,1.35,9,1,56.78894205209995,35.714285714285715
2015-08-22,2015,TSG Hoffenheim,Bayern Munich,1,2,A,0,9.5,6.0,1.25,9.5,6.0,1.25,1488.05923816497,1782.4169549969126,75,75,100,100,1.45,2.09,4,6,48.376068376068375,63.05555555555556
2015-08-22,2015,Hannover 96,Bayer Leverkusen,0,1,A,0,4.2,3.75,1.83,4.2,3.75,1.83,1476.5426342000985,1653.2846286260751,74,76,100,100,1.64,2.16,9,9,59.56349206349206,62.64374514374515
2015-08-22,2015,Hamburg,VfB Stuttgart,3,2,H,2,2.88,3.5,2.4,2.88,3.5,2.4,1442.0018592432637,1463.2465902743643,75,74,100,100,1.2800000000000002,2.45,7,9,23.393939393939394,73.0580808080808
2015-08-22,2015,Ein Frankfurt,FC Augsburg,1,1,D,1,2.25,3.4,3.25,2.25,3.4,3.25,1496.7433355310948,1516.3013854982985,75,73,100,100,1.2100000000000002,1.35,7,7,38.12121212121212,61.860361860361856
2015-08-22,2015,FC Cologne,VfL Wolfsburg,1,1,D,1,4.2,3.8,1.83,4.2,3.8,1.83,1507.3528756072228,1685.5701428664115,75,78,100,100,1.28,1.6199999999999999,8,11,41.48559773559773,52.52813852813853
2015-08-23,2015,Ingolstadt,Borussia Dortmund,0,4,A,0,7.0,4.5,1.45,7.0,4.5,1.45,1516.5816555767196,1618.1541455123247,75,81,100,100,1.7000000000000002,1.8200000000000003,3,10,25.0,56.28321678321679
2015-08-23,2015,Borussia Monchengladbach,FSV Mainz 05,1,2,A,0,1.67,4.0,5.0,1.67,4.0,5.0,1655.5113291180903,1496.054403253245,75,74,100,100,1.4500000000000002,1.34,9,3,41.74603174603175,48.65873015873016
2015-08-28,2015,VfL Wolfsburg,FC Schalke 04,3,0,H,2,2.0,3.8,3.5,2.0,3.8,3.5,1678.014288180074,1561.552583190796,78,78,100,100,1.6900000000000002,1.3900000000000001,11,7,55.86147186147186,55.67783094098884
2015-08-29,2015,FC Augsburg,Ingolstadt,0,1,A,0,2.0,3.4,3.8,2.0,3.4,3.8,1515.4016541845303,1505.1303837772973,73,75,100,100,1.3699999999999999,1.125,7,3,56.82539682539682,22.5
2015-08-29,2015,SV Darmstadt 98,TSG Hoffenheim,0,0,D,1,3.0,3.3,2.4,3.0,3.3,2.4,1501.8583648827803,1483.0931483042878,75,75,100,100,1.2000000000000002,1.2,2,3,42.85714285714286,42.735042735042725
2015-08-29,2015,Bayern Munich,Bayer Leverkusen,3,0,H,2,1.33,5.25,9.0,1.33,5.25,9.0,1787.383044857595,1661.7816673712537,75,76,100,100,1.9300000000000002,1.9099999999999997,9,9,71.38888888888889,62.1891996891997
2015-08-29,2015,FSV Mainz 05,Hannover 96,3,0,H,2,2.0,3.5,3.8,2.0,3.5,3.8,1518.9221032289006,1468.04559545492,74,74,100,100,1.34,1.31,6,8,32.65873015873016,55.01803751803751
2015-08-29,2015,VfB Stuttgart,Ein Frankfurt,1,4,A,0,1.95,3.6,3.8,1.95,3.6,3.8,1446.269451787186,1497.643066844863,74,75,100,100,2.3000000000000003,1.1,9,8,84.16919191919192,44.18181818181817
2015-08-29,2015,FC Cologne,Hamburg,2,1,H,2,1.83,3.5,4.5,1.83,3.5,4.5,1514.9087302935604,1458.978997730442,75,75,100,100,1.5100000000000002,1.2900000000000003,8,7,40.4599567099567,19.393939393939394
2015-08-30,2015,Borussia Dortmund,Hertha BSC,3,1,H,2,1.2,6.5,17.0,1.2,6.5,17.0,1629.605417311747,1466.858639478674,81,74,100,100,2.09,0.72,12,5,64.5909090909091,51.6060606060606
2015-08-30,2015,Werder Bremen,Borussia Monchengladbach,2,1,H,2,3.2,3.4,2.25,3.2,3.4,2.25,1495.5380422700935,1632.6436291424347,73,75,100,100,1.19,1.3800000000000001,2,6,29.424242424242426,51.74603174603175
2015-09-11,2015,Borussia Monchengladbach,Hamburg,0,3,A,0,1.67,4.0,5.0,1.67,4.0,5.0,1610.6382272825879,1445.5326366574404,75,75,100,100,1.29,1.2600000000000002,3,6,55.15512265512266,24.84848484848485
2015-09-12,2015,Bayer Leverkusen,SV Darmstadt 98,0,1,A,0,1.25,6.0,13.0,1.25,6.0,13.0,1651.326359127547,1500.9950340484927,76,75,100,100,1.9,0.9500000000000002,9,3,58.022533022533025,41.904761904761905
2015-09-12,2015,Hertha BSC,VfB Stuttgart,2,1,H,2,2.5,3.4,2.8,2.5,3.4,2.8,1457.84942590504,1432.6182013234243,74,74,100,100,0.9,2.1500000000000004,5,6,48.93939393939394,85.75649350649351
2015-09-12,2015,Ingolstadt,VfL Wolfsburg,0,0,D,1,4.0,3.6,1.91,4.0,3.6,1.91,1521.603255508254,1688.8432676577213,75,78,100,100,1.2166666666666668,1.6800000000000002,6,11,34.047619047619044,59.57575757575758
2015-09-12,2015,Ein Frankfurt,FC Cologne,6,2,H,2,2.3,3.3,3.2,2.3,3.3,3.2,1511.2943173086246,1528.355091366562,75,75,100,100,1.03,1.3200000000000003,8,8,37.038961038961034,36.823593073593074
2015-09-12,2015,Bayern Munich,FC Augsburg,2,1,H,2,1.13,9.5,19.0,1.13,9.5,19.0,1797.8383531013017,1498.9287824535736,75,73,100,100,1.9900000000000002,1.27,12,4,74.16666666666666,54.28571428571428
2015-09-12,2015,Hannover 96,Borussia Dortmund,2,4,A,0,7.5,4.5,1.44,7.5,4.5,1.44,1454.3719409850007,1638.6146308853808,74,81,100,100,1.3400000000000003,2.1700000000000004,7,12,44.93256743256744,67.25757575757575
2015-09-13,2015,TSG Hoffenheim,Werder Bremen,1,3,A,0,1.95,3.75,3.75,1.95,3.75,3.75,1483.9564791385753,1517.5434441299403,75,73,100,100,1.15,1.4400000000000002,4,4,44.73504273504274,36.292929292929294
2015-09-13,2015,FC Schalke 04,FSV Mainz 05,2,1,H,2,1.85,3.75,4.2,1.85,3.75,4.2,1550.7236037131486,1532.5957576988199,78,74,100,100,1.46,1.61,7,9,56.76874003189791,40.52197802197802
2015-09-18,2015,FSV Mainz 05,TSG Hoffenheim,3,1,H,2,2.15,3.5,3.3,2.15,3.5,3.3,1517.429819127379,1469.4984157434458,74,75,100,100,1.5000000000000002,1.0899999999999999,6,4,46.47435897435898,44.888888888888886
2015-09-19,2015,FC Cologne,Borussia Monchengladbach,1,0,H,2,2.4,3.3,3.0,2.4,3.3,3.0,1511.5700445757216,1587.559812053249,75,75,100,100,1.4500000000000004,1.2,8,0,28.252164502164497,60.551948051948045
2015-09-19,2015,Werder Bremen,Ingolstadt,0,1,A,0,2.05,3.5,3.6,2.05,3.5,3.6,1532.0015075250699,1528.7605113002455,73,75,100,100,1.53,1.0250000000000001,7,7,31.18181818181818,32.67857142857143
2015-09-19,2015,Hamburg,Ein Frankfurt,0,0,D,1,2.5,3.5,2.75,2.5,3.5,2.75,1468.6110518867793,1528.079364099465,75,75,100,100,1.41,1.64,9,10,26.926406926406923,41.32467532467532
2015-09-19,2015,SV Darmstadt 98,Bayern Munich,0,3,A,0,19.0,7.0,1.17,19.0,7.0,1.17,1523.5160826714066,1802.6955031424284,75,75,100,100,0.9250000000000002,2.2500000000000004,6,15,38.57142857142857,77.5
2015-09-19,2015,VfL Wolfsburg,Hertha BSC,2,0,H,2,1.5,4.33,6.5,1.5,4.33,6.5,1681.6860118657298,1472.6895234084457,78,74,100,100,1.53,0.9800000000000001,9,7,62.95238095238095,47.27272727272727
2015-09-20,2015,FC Augsburg,Hannover 96,2,0,H,2,2.0,3.5,3.75,2.0,3.5,3.75,1494.071632412447,1446.1416225456676,73,74,100,100,1.1900000000000002,1.31,4,4,45.714285714285715,40.17066267066267
2015-09-20,2015,VfB Stuttgart,FC Schalke 04,0,1,A,0,2.63,3.5,2.6,2.63,3.5,2.6,1417.7781038200187,1565.8895422845894,74,78,100,100,1.72,1.7200000000000002,3,7,81.05952380952381,54.57575757575758
2015-09-20,2015,Borussia Dortmund,Bayer Leverkusen,3,0,H,2,1.73,4.0,4.5,1.73,4.0,4.5,1646.844949324714,1628.805310504633,81,76,100,100,2.29,1.9300000000000002,15,6,71.5,66.15440115440116
2015-09-22,2015,Bayern Munich,VfL Wolfsburg,5,1,H,2,1.25,6.0,12.0,1.25,6.0,12.0,1808.0392979296184,1689.0756971958608,75,78,100,100,2.19,1.48,15,11,81.66666666666667,61.28571428571428
2015-09-22,2015,SV Darmstadt 98,Werder Bremen,2,1,H,2,2.63,3.25,2.8,2.63,3.25,2.8,1518.1722878842165,1515.852258462282,75,73,100,100,0.8700000000000001,1.59,6,7,34.19047619047619,41.489510489510494
2015-09-22,2015,Hertha BSC,FC Cologne,2,0,H,2,2.38,3.25,3.1,2.38,3.25,3.1,1465.2998380783147,1531.0147492475558,74,75,100,100,1.15,1.52,7,10,42.27272727272727,31.585497835497836
2015-09-22,2015,Ingolstadt,Hamburg,0,1,A,0,2.3,3.3,3.25,2.3,3.3,3.25,1544.9097603630335,1471.3232342212957,75,75,100,100,1.11,1.33,10,7,33.83516483516483,26.509740259740262
2015-09-23,2015,FC Schalke 04,Ein Frankfurt,2,0,H,2,1.83,3.8,4.2,1.83,3.8,4.2,1575.4539633070017,1525.3671817649486,78,75,100,100,1.7899999999999998,1.67,10,8,50.33333333333333,49.62012987012987
2015-09-23,2015,Bayer Leverkusen,FSV Mainz 05,1,0,H,2,1.53,4.33,6.0,1.53,4.33,6.0,1613.6353208266453,1531.2363941258648,76,74,100,100,1.6600000000000001,1.51,6,9,56.60894660894661,47.54578754578755
2015-09-23,2015,Borussia Monchengladbach,FC Augsburg,4,2,H,2,2.15,3.4,3.4,2.15,3.4,3.4,1568.1151073814149,1507.8782703787585,75,73,100,100,1.15,1.37,0,4,67.69480519480518,38.57142857142857
2015-09-23,2015,Hannover 96,VfB Stuttgart,1,3,A,0,2.88,3.5,2.4,2.88,3.5,2.4,1432.334984579356,1408.2136827976065,74,74,100,100,1.2000000000000002,2.04,1,0,42.67066267066267,75.96861471861472
2015-09-23,2015,TSG Hoffenheim,Borussia Dortmund,1,1,D,1,7.0,4.75,1.44,7.0,4.75,1.44,1455.69184074496,1662.0149390027018,75,81,100,100,1.02,2.37,1,15,49.65079365079365,68.5
2015-09-25,2015,FC Cologne,Ingolstadt,1,1,D,1,2.05,3.3,3.8,2.05,3.3,3.8,1512.0240450956708,1525.5707548882715,75,75,100,100,1.6400000000000001,0.93,7,7,30.69264069264069,41.142857142857146
2015-09-26,2015,FSV Mainz 05,Bayern Munich,0,3,A,0,12.0,6.0,1.25,12.0,6.0,1.25,1518.961425584604,1818.7653366863108,74,75,100,100,1.4100000000000001,2.25,9,15,36.831501831501825,78.33333333333334
2015-09-26,2015,VfL Wolfsburg,Hannover 96,1,1,D,1,1.4,4.75,8.0,1.4,4.75,8.0,1678.3496584391685,1415.2259388996301,78,74,100,100,1.4600000000000002,1.06,8,0,50.61904761904761,35.81351981351982
2015-09-26,2015,Werder Bremen,Bayer Leverkusen,0,3,A,0,3.8,3.6,1.95,3.8,3.6,1.95,1499.959098177534,1625.910289367906,73,76,100,100,1.6400000000000001,1.49,7,6,35.73193473193473,57.878787878787875
2015-09-26,2015,VfB Stuttgart,Borussia Monchengladbach,1,3,A,0,2.1,3.5,3.4,2.1,3.5,3.4,1425.3227284773322,1581.3685630668706,74,75,100,100,2.1100000000000003,1.75,3,3,73.71861471861472,70.19480519480518
2015-09-26,2015,Hamburg,FC Schalke 04,0,1,A,0,2.88,3.5,2.4,2.88,3.5,2.4,1490.6622396960577,1589.1632288909298,75,78,100,100,1.44,1.8400000000000003,10,10,34.20204795204795,47.757575757575765
2015-09-26,2015,FC Augsburg,TSG Hoffenheim,1,3,A,0,2.25,3.5,3.1,2.25,3.5,3.1,1494.6248146933028,1464.2143331469006,73,75,100,100,1.34,1.1800000000000002,4,2,30.844155844155843,55.2063492063492
2015-09-27,2015,Ein Frankfurt,Hertha BSC,1,1,D,1,1.95,3.5,4.0,1.95,3.5,4.0,1511.6579161810205,1484.2905422301997,75,74,100,100,1.72,1.37,8,7,55.28679653679653,52.142857142857146
2015-09-27,2015,Borussia Dortmund,SV Darmstadt 98,2,2,D,1,1.14,8.5,17.0,1.14,8.5,17.0,1653.4924466007612,1534.0654481689644,81,75,100,100,2.2199999999999998,0.8099999999999999,13,8,69.88888888888889,43.714285714285715
2015-10-02,2015,SV Darmstadt 98,FSV Mainz 05,2,3,A,0,3.1,3.25,2.4,3.1,3.25,2.4,1539.3584226539397,1514.1254477803848,75,74,100,100,0.76,1.2200000000000002,8,6,33.714285714285715,45.4029304029304
2015-10-03,2015,TSG Hoffenheim,VfB Stuttgart,2,2,D,1,2.45,3.75,2.65,2.45,3.75,2.65,1481.6112221054148,1416.0617452819492,75,74,100,100,1.43,2.2900000000000005,5,3,54.539682539682545,69.7186147186147
2015-10-03,2015,Hertha BSC,Hamburg,3,0,H,2,2.2,3.2,3.5,2.2,3.2,3.5,1485.5482562241675,1479.0806282428368,74,75,100,100,1.57,1.3900000000000001,7,7,43.142857142857146,44.20204795204795
2015-10-03,2015,Ingolstadt,Ein Frankfurt,2,0,H,2,2.5,3.25,2.9,2.5,3.25,2.9,1524.9472217940393,1510.4002021870526,75,75,100,100,1.1800000000000002,1.6800000000000002,8,8,43.80952380952381,56.55952380952381
2015-10-03,2015,Hannover 96,Werder Bremen,1,0,H,2,2.6,3.4,2.7,2.6,3.4,2.7,1425.457973160955,1489.5179598738512,74,73,100,100,1.08,1.5200000000000002,1,6,30.358974358974358,35.73193473193473
2015-10-03,2015,Borussia Monchengladbach,VfL Wolfsburg,2,0,H,2,2.6,3.4,2.7,2.6,3.4,2.7,1590.6295462622536,1668.1176241778437,75,78,100,100,1.65,1.61,6,8,54.19480519480519,57.28571428571429
2015-10-04,2015,FC Schalke 04,FC Cologne,0,3,A,0,1.73,3.8,4.8,1.73,3.8,4.8,1600.7448403441506,1512.647578189903,78,75,100,100,1.73,1.6200000000000003,12,7,47.757575757575765,37.35930735930735
2015-10-04,2015,Bayern Munich,Borussia Dortmund,5,1,H,2,1.5,4.33,6.5,1.5,4.33,6.5,1823.60131449053,1648.199472115786,75,81,100,100,2.65,2.04,15,11,76.42857142857142,73.88888888888889
2015-10-04,2015,Bayer Leverkusen,FC Augsburg,1,1,D,1,1.4,4.75,8.0,1.4,4.75,8.0,1636.351427671589,1477.2279257347886,76,73,100,100,1.6700000000000004,1.6600000000000001,6,3,58.333333333333336,37.57142857142857
2015-10-16,2015,FSV Mainz 05,Borussia Dortmund,0,2,A,0,5.75,4.75,1.5,5.75,4.75,1.5,1531.2854304572693,1639.6542015021278,74,81,100,100,1.22,1.9100000000000001,6,8,48.095238095238095,67.22222222222221
2015-10-17,2015,Werder Bremen,Bayern Munich,0,1,A,0,17.0,7.0,1.18,17.0,7.0,1.18,1470.6008700423956,1832.1465851041883,73,75,100,100,1.4900000000000002,2.7700000000000005,3,15,35.871794871794876,74.76190476190477
2015-10-17,2015,VfL Wolfsburg,TSG Hoffenheim,4,2,H,2,1.62,4.33,5.0,1.62,4.33,5.0,1648.6071794478523,1478.6278709588155,78,75,100,100,1.5400000000000003,1.47,5,5,54.28571428571429,53.44877344877345
2015-10-17,2015,FC Augsburg,SV Darmstadt 98,0,2,A,0,1.8,3.5,4.75,1.8,3.5,4.75,1484.0830947621585,1522.1984399770552,73,75,100,100,1.5100000000000002,0.97,4,7,31.0,30.714285714285715
2015-10-17,2015,Ein Frankfurt,Borussia Monchengladbach,1,5,A,0,2.45,3.4,2.88,2.45,3.4,2.88,1495.0697260017812,1610.139990992245,75,75,100,100,1.6600000000000001,1.58,5,9,62.27380952380953,58.28571428571429
2015-10-17,2015,Hamburg,Bayer Leverkusen,0,0,D,1,4.75,3.5,1.8,4.75,3.5,1.8,1463.3784391189845,1629.496258644219,75,76,100,100,1.1,1.95,7,7,40.76770451770452,68.0
2015-10-17,2015,FC Schalke 04,Hertha BSC,2,1,H,2,1.75,3.75,4.75,1.75,3.75,4.75,1580.7725807622135,1501.2504453480199,78,74,100,100,2.0200000000000005,1.7400000000000002,12,10,47.757575757575765,48.698412698412696
2015-10-18,2015,FC Cologne,Hannover 96,0,1,A,0,1.95,3.5,4.0,1.95,3.5,4.0,1532.6198377718401,1444.3750629924104,75,74,100,100,1.72,1.1300000000000001,7,4,39.904761904761905,33.43589743589744
2015-10-18,2015,VfB Stuttgart,Ingolstadt,1,0,H,2,1.8,3.75,4.33,1.8,3.75,4.33,1419.0450964285485,1540.2776979793107,74,75,100,100,2.4400000000000004,1.2,4,8,61.666666666666664,43.80952380952381
2015-10-23,2015,TSG Hoffenheim,Hamburg,0,1,A,0,2.1,3.6,3.4,2.1,3.6,3.4,1469.885676481662,1470.4942974494215,75,75,100,100,1.3599999999999999,1.04,5,5,48.33766233766234,42.55341880341881
2015-10-24,2015,Bayern Munich,FC Cologne,4,0,H,2,1.1,9.0,29.0,1.1,9.0,29.0,1835.6965097425805,1512.6412043616358,75,75,100,100,2.3899999999999997,1.6700000000000004,15,7,66.76190476190477,50.19047619047619
2015-10-24,2015,SV Darmstadt 98,VfL Wolfsburg,0,1,A,0,4.75,3.75,1.75,4.75,3.75,1.75,1536.4501713940347,1657.349373925006,75,78,100,100,1.1199999999999999,1.77,7,7,38.33333333333333,51.11111111111111
2015-10-24,2015,Hannover 96,Ein Frankfurt,1,2,A,0,2.5,3.4,2.8,2.5,3.4,2.8,1464.3536964026148,1484.1832873092042,74,75,100,100,1.2000000000000002,1.19,7,2,30.769230769230766,57.98809523809524
2015-10-24,2015,Ingolstadt,Hertha BSC,0,1,A,0,2.4,3.2,3.1,2.4,3.2,3.1,1518.9107998646025,1488.8499373548552,75,74,100,100,1.46,1.78,7,7,47.18614718614718,49.595848595848594
2015-10-24,2015,Bayer Leverkusen,VfB Stuttgart,4,3,H,2,1.57,4.33,5.5,1.57,4.33,5.5,1622.380400313782,1440.4119945432567,76,74,100,100,1.85,2.4900000000000007,8,7,66.21428571428571,60.909090909090914
2015-10-24,2015,FSV Mainz 05,Werder Bremen,1,3,A,0,2.05,3.5,3.6,2.05,3.5,3.6,1520.1202153696745,1467.0509454040034,74,73,100,100,1.2200000000000002,1.2500000000000002,6,0,49.76190476190476,37.871794871794876
2015-10-25,2015,Borussia Dortmund,FC Augsburg,5,1,H,2,1.2,7.0,13.0,1.2,7.0,13.0,1650.8194165897226,1469.831363345179,81,73,100,100,1.9,1.75,8,4,60.55555555555556,37.666666666666664
2015-10-25,2015,Borussia Monchengladbach,FC Schalke 04,3,1,H,2,2.15,3.5,3.3,2.15,3.5,3.3,1621.026429684822,1593.173088755378,75,78,100,100,1.7700000000000002,2.05,12,12,54.0,50.193473193473196
2015-10-30,2015,Ein Frankfurt,Bayern Munich,0,0,D,1,15.0,8.0,1.17,15.0,8.0,1.17,1499.2710911661488,1840.0082912876082,75,75,100,100,1.1700000000000002,2.7900000000000005,4,15,52.23809523809524,70.0952380952381
2015-10-31,2015,Werder Bremen,Borussia Dortmund,1,3,A,0,7.5,5.0,1.4,7.5,5.0,1.4,1485.476044689905,1659.1647926961425,73,81,100,100,1.42,1.83,3,8,35.56410256410256,57.55555555555556
2015-10-31,2015,VfL Wolfsburg,Bayer Leverkusen,2,1,H,2,2.63,3.4,2.7,2.63,3.4,2.7,1667.9961062909852,1630.6910097635293,78,76,100,100,1.9,2.08,7,11,46.94444444444444,73.71428571428571
2015-10-31,2015,FC Augsburg,FSV Mainz 05,3,3,D,1,2.3,3.4,3.1,2.3,3.4,3.1,1461.485987238759,1501.695116083773,73,74,100,100,1.4200000000000002,1.3,1,3,35.666666666666664,51.19047619047619
2015-10-31,2015,FC Cologne,TSG Hoffenheim,0,0,D,1,2.05,3.5,3.4,2.05,3.5,3.4,1508.329422816608,1453.9137044843455,75,75,100,100,1.48,1.31,4,5,40.19047619047619,40.24242424242424
2015-10-31,2015,Hertha BSC,Borussia Monchengladbach,1,4,A,0,3.0,3.3,2.4,3.0,3.3,2.4,1506.2308470858832,1635.746476829481,74,75,100,100,1.6200000000000003,2.16,10,15,45.262515262515265,50.666666666666664
2015-10-31,2015,FC Schalke 04,Ingolstadt,1,1,D,1,1.8,3.5,4.75,1.8,3.5,4.75,1578.453041610719,1501.5298901335746,78,75,100,100,2.04,1.47,9,4,54.43589743589744,55.493839493839495
2015-11-01,2015,Hamburg,Hannover 96,1,2,A,0,2.0,3.3,4.0,2.0,3.3,4.0,1486.466269446738,1449.26589254567,75,74,100,100,1.25,1.2200000000000002,7,7,52.97008547008547,32.76923076923077
2015-11-01,2015,VfB Stuttgart,SV Darmstadt 98,2,0,H,2,1.67,4.0,5.0,1.67,4.0,5.0,1432.1013850935094,1525.8034390280554,74,75,100,100,2.2300000000000004,1.2,7,7,57.5,47.5
2015-11-06,2015,Hannover 96,Hertha BSC,1,3,A,0,2.63,3.3,2.7,2.63,3.3,2.7,1466.9725164631905,1495.9335257441198,74,74,100,100,1.1500000000000001,1.5100000000000002,10,7,34.26923076923077,39.230769230769226
2015-11-07,2015,Bayern Munich,VfB Stuttgart,4,0,H,2,1.1,11.0,21.0,1.1,11.0,21.0,1827.9542491612876,1452.3148589768266,75,74,100,100,2.3200000000000003,1.86,13,7,63.42857142857142,55.166666666666664
2015-11-07,2015,SV Darmstadt 98,Hamburg,1,1,D,1,2.75,3.0,2.8,2.75,3.0,2.8,1505.5899651447382,1468.7596455292176,75,75,100,100,1.36,1.3800000000000001,4,4,39.166666666666664,57.777777777777786
2015-11-07,2015,TSG Hoffenheim,Ein Frankfurt,0,0,D,1,2.1,3.6,3.4,2.1,3.6,3.4,1456.399349668151,1511.3251332924694,75,75,100,100,1.27,0.9099999999999999,5,5,39.13131313131312,50.57142857142857
2015-11-07,2015,Bayer Leverkusen,FC Cologne,1,2,A,0,1.5,4.33,6.5,1.5,4.33,6.5,1616.4024011778688,1505.8437776328026,76,75,100,100,2.0300000000000002,1.3599999999999999,8,5,68.0,47.33333333333333
2015-11-07,2015,FSV Mainz 05,VfL Wolfsburg,2,0,H,2,3.3,3.6,2.15,3.3,3.6,2.15,1499.8516402544003,1682.2847148766457,74,78,100,100,1.53,2.08,4,10,52.23809523809524,53.61111111111111
2015-11-07,2015,Borussia Monchengladbach,Ingolstadt,0,0,D,1,1.62,3.8,6.0,1.62,3.8,6.0,1646.0437981712444,1505.015562563029,75,75,100,100,1.86,1.46,15,5,44.55555555555556,53.18614718614718
2015-11-08,2015,FC Augsburg,Werder Bremen,1,2,A,0,2.2,3.4,3.3,2.2,3.4,3.3,1463.3294630681316,1476.8688672440835,73,73,100,100,1.7799999999999998,1.3000000000000003,2,3,45.33333333333333,34.23076923076923
2015-11-08,2015,Borussia Dortmund,FC Schalke 04,3,2,H,2,1.3,6.0,8.5,1.3,6.0,8.5,1667.771970141964,1574.9673691812645,81,78,100,100,1.8800000000000001,1.9300000000000002,10,7,66.66666666666666,56.1025641025641
2015-11-20,2015,Hamburg,Borussia Dortmund,3,1,H,2,8.5,5.0,1.36,8.5,5.0,1.36,1470.4494196587714,1679.5969854472714,75,81,100,100,1.29,1.98,5,12,55.777777777777786,59.166666666666664
2015-11-21,2015,Ein Frankfurt,Bayer Leverkusen,1,3,A,0,3.8,3.6,1.95,3.8,3.6,1.95,1508.8165708814445,1595.4761534431348,75,76,100,100,1.25,1.86,5,5,51.57142857142858,61.0
2015-11-21,2015,FC Cologne,FSV Mainz 05,0,0,D,1,2.15,3.5,3.3,2.15,3.5,3.3,1526.7700253675366,1523.5574766700115,75,74,100,100,1.54,1.75,7,7,46.0,55.095238095238095
2015-11-21,2015,Borussia Monchengladbach,Hannover 96,2,1,H,2,1.5,4.2,7.0,1.5,4.2,7.0,1639.8838620088845,1452.303139796474,75,74,100,100,1.8800000000000001,1.1,13,9,51.98412698412699,44.26923076923077
2015-11-21,2015,FC Schalke 04,Bayern Munich,1,3,A,0,13.0,6.5,1.22,13.0,6.5,1.22,1563.142353875957,1831.2560861110678,78,75,100,100,1.8400000000000003,2.6800000000000006,4,13,53.6025641025641,66.0
2015-11-21,2015,VfB Stuttgart,FC Augsburg,0,4,A,0,1.95,3.8,3.6,1.95,3.8,3.6,1449.0130220270464,1447.9526602369626,74,73,100,100,1.53,1.58,7,2,45.16666666666667,44.060606060606055
2015-11-21,2015,VfL Wolfsburg,Werder Bremen,6,0,H,2,1.57,4.0,5.75,1.57,4.0,5.75,1658.5788784610345,1492.2456700752525,78,73,100,100,1.58,1.52,9,6,42.182539682539684,36.50349650349651
2015-11-22,2015,Ingolstadt,SV Darmstadt 98,3,1,H,2,2.05,3.25,4.0,2.05,3.25,4.0,1511.175498725389,1503.9001910151844,75,75,100,100,1.3199999999999998,1.47,5,4,55.090909090909086,51.166666666666664
2015-11-22,2015,Hertha BSC,TSG Hoffenheim,1,0,H,2,2.0,3.5,3.8,2.0,3.5,3.8,1510.6029024108364,1458.907912079176,74,75,100,100,1.4100000000000001,1.12,9,3,43.230769230769226,38.13131313131313
2015-11-27,2015,SV Darmstadt 98,FC Cologne,0,0,D,1,2.9,3.1,2.6,2.9,3.1,2.6,1488.2351823554004,1526.6220862488005,75,75,100,100,1.3299999999999998,1.5200000000000002,4,5,56.166666666666664,55.142857142857146
2015-11-28,2015,Bayern Munich,Hertha BSC,2,0,H,2,1.08,11.0,26.0,1.08,11.0,26.0,1836.8894776746795,1524.239673893692,75,74,100,100,2.7400000000000007,1.05,13,9,68.0,42.34188034188035
2015-11-28,2015,Hannover 96,Ingolstadt,4,0,H,2,2.6,3.2,2.8,2.6,3.2,2.8,1444.189744764365,1526.840507385173,74,75,100,100,1.24,1.42,6,5,38.5,53.662337662337656
2015-11-28,2015,TSG Hoffenheim,Borussia Monchengladbach,3,3,D,1,3.1,3.5,2.25,3.1,3.5,2.25,1445.2711405963203,1647.9972570409934,75,75,100,100,0.9199999999999999,2.23,2,13,39.22222222222222,51.98412698412699
2015-11-28,2015,FSV Mainz 05,Ein Frankfurt,2,1,H,2,2.2,3.5,3.2,2.2,3.5,3.2,1523.7054157887476,1496.726640115974,74,75,100,100,1.44,1.1800000000000002,5,5,42.95238095238095,48.45454545454545
2015-11-28,2015,Werder Bremen,Hamburg,1,3,A,0,2.25,3.4,3.2,2.25,3.4,3.2,1483.3694833048337,1495.064675688618,73,75,100,100,1.2600000000000002,1.28,6,8,33.27272727272727,49.111111111111114
2015-11-29,2015,Bayer Leverkusen,FC Schalke 04,1,1,D,1,1.62,4.2,5.25,1.62,4.2,5.25,1607.5660842086052,1557.5089623123454,76,78,100,100,1.9300000000000004,1.48,7,4,57.54545454545455,49.6025641025641
2015-11-29,2015,Borussia Dortmund,VfB Stuttgart,4,1,H,2,1.2,7.5,12.0,1.2,7.5,12.0,1654.9817294174247,1432.9641907136388,81,74,100,100,2.21,1.45,12,6,64.72222222222221,48.07575757575758
2015-11-29,2015,FC Augsburg,VfL Wolfsburg,0,0,D,1,3.3,3.4,2.2,3.3,3.4,2.2,1464.0014915503702,1667.4550652314533,73,78,100,100,1.92,2.05,4,12,50.060606060606055,51.182539682539684
2015-12-04,2015,FC Schalke 04,Hannover 96,3,1,H,2,1.6,4.0,5.75,1.6,4.0,5.75,1559.7983588325262,1463.9257432302752,78,74,100,100,1.1300000000000001,1.24,2,6,45.976190476190474,43.07142857142857
2015-12-05,2015,Borussia Monchengladbach,Bayern Munich,3,1,H,2,9.0,5.25,1.33,9.0,5.25,1.33,1639.5940676487562,1841.4296586202458,75,75,100,100,2.31,3.0500000000000003,11,13,50.55555555555556,74.0
2015-12-05,2015,VfL Wolfsburg,Borussia Dortmund,1,2,A,0,4.0,4.33,1.75,4.0,4.33,1.75,1659.0276425073046,1661.9540423304304,78,81,100,100,1.8200000000000003,2.31,10,12,52.7987012987013,69.16666666666666
2015-12-05,2015,Ingolstadt,TSG Hoffenheim,1,1,D,1,2.25,3.3,3.3,2.25,3.3,3.3,1507.1045089192628,1453.6743299885575,75,75,100,100,1.38,1.15,5,3,56.0,41.76190476190476
2015-12-05,2015,Hamburg,FSV Mainz 05,1,3,A,0,2.25,3.4,3.2,2.25,3.4,3.2,1510.526295505621,1538.4654883847872,75,74,100,100,1.45,1.5899999999999999,10,8,48.277777777777786,35.61904761904761
2015-12-05,2015,FC Cologne,FC Augsburg,0,1,A,0,2.2,3.3,3.4,2.2,3.3,3.4,1524.8614622930984,1472.428914274519,75,73,100,100,1.36,1.89,6,5,51.87012987012987,50.66666666666667
2015-12-05,2015,Hertha BSC,Bayer Leverkusen,2,1,H,2,3.75,3.4,2.05,3.75,3.4,2.05,1519.6994929481257,1605.2766876884243,74,76,100,100,0.8400000000000002,2.13,9,7,35.11111111111111,57.90259740259741
2015-12-06,2015,VfB Stuttgart,Werder Bremen,1,1,D,1,1.95,3.75,3.75,1.95,3.75,3.75,1425.9918778006331,1467.9078634878308,74,73,100,100,1.3699999999999999,1.36,3,6,46.05555555555556,38.60606060606061
2015-12-06,2015,Ein Frankfurt,SV Darmstadt 98,0,1,A,0,1.91,3.4,4.33,1.91,3.4,4.33,1481.9665675199344,1489.9958063111026,75,75,100,100,1.3800000000000001,1.1400000000000001,5,2,52.45454545454545,50.10606060606061
2015-12-11,2015,FSV Mainz 05,VfB Stuttgart,0,0,D,1,2.05,3.6,3.5,2.05,3.6,3.5,1553.1816072801428,1427.9128693279358,74,74,100,100,1.58,1.29,11,4,37.61904761904762,47.44444444444444
2015-12-12,2015,Werder Bremen,FC Cologne,1,1,D,1,2.5,3.3,2.88,2.5,3.3,2.88,1465.986871960528,1506.465019444884,73,75,100,100,1.05,1.7800000000000005,4,6,39.71717171717172,62.639360639360646
2015-12-12,2015,VfL Wolfsburg,Hamburg,1,1,D,1,1.57,4.2,5.75,1.57,4.2,5.75,1643.1624050126109,1495.8101766102654,78,75,100,100,1.9300000000000002,1.53,7,7,58.15584415584416,39.61111111111111
2015-12-12,2015,Bayer Leverkusen,Borussia Monchengladbach,5,0,H,2,1.95,3.75,3.75,1.95,3.75,3.75,1585.4135229593817,1663.967518885601,76,75,100,100,1.86,2.12,4,11,49.40259740259741,48.888888888888886
2015-12-12,2015,SV Darmstadt 98,Hertha BSC,0,4,A,0,3.1,3.1,2.5,3.1,3.1,2.5,1505.6261120122963,1539.5626576771683,75,74,100,100,1.28,1.0100000000000002,5,9,45.841354723707674,47.11111111111111
2015-12-12,2015,Bayern Munich,Ingolstadt,2,0,H,2,1.07,13.0,29.0,1.07,13.0,29.0,1817.056207383401,1504.663173546768,75,75,100,100,2.6900000000000004,1.25,10,6,69.0,53.33333333333333
2015-12-12,2015,TSG Hoffenheim,Hannover 96,1,0,H,2,1.8,3.5,4.5,1.8,3.5,4.5,1456.1156653610524,1452.2320891726965,75,74,100,100,1.06,1.09,4,6,45.095238095238095,39.07142857142857
2015-12-13,2015,FC Augsburg,FC Schalke 04,2,1,H,2,2.63,3.5,2.63,2.63,3.5,2.63,1490.8253571227333,1571.492012890105,73,78,100,100,2.2699999999999996,1.3800000000000001,8,5,51.8974358974359,44.642857142857146
2015-12-13,2015,Borussia Dortmund,Ein Frankfurt,4,1,H,2,1.17,8.0,15.0,1.17,8.0,15.0,1677.819279825124,1466.3362618187407,81,75,100,100,2.14,1.4400000000000002,12,2,64.30952380952381,56.2192513368984
2015-12-18,2015,FC Schalke 04,TSG Hoffenheim,1,0,H,2,1.67,4.0,5.0,1.67,4.0,5.0,1551.8425185547037,1471.9368275164468,78,75,100,100,1.4300000000000002,1.1400000000000001,4,6,43.73376623376623,39.71062271062271
2015-12-19,2015,FC Cologne,Borussia Dortmund,2,1,H,2,7.0,4.75,1.44,7.0,4.75,1.44,1504.6093204032659,1685.1279314604253,75,81,100,100,1.73,2.47,6,12,60.639360639360646,64.97619047619047
2015-12-19,2015,Ingolstadt,Bayer Leverkusen,0,1,A,0,4.75,3.5,1.8,4.75,3.5,1.8,1500.1172309016708,1604.9706605054903,75,76,100,100,1.35,1.85,5,7,53.33333333333333,52.735930735930744
2015-12-19,2015,Hannover 96,Bayern Munich,0,1,A,0,15.0,6.5,1.2,15.0,6.5,1.2,1436.4109270173021,1821.602150028498,74,75,100,100,1.23,2.97,3,12,46.956043956043956,69.0
2015-12-19,2015,VfB Stuttgart,VfL Wolfsburg,3,1,H,2,3.5,3.6,2.0,3.5,3.6,2.0,1433.4440776446731,1636.7561582481999,74,78,100,100,1.1800000000000002,2.15,2,5,41.492063492063494,62.44155844155845
2015-12-19,2015,Ein Frankfurt,Werder Bremen,2,1,H,2,2.25,3.4,3.2,2.25,3.4,3.2,1459.0276101834395,1467.8425710021463,75,73,100,100,1.3900000000000001,1.2300000000000002,1,5,47.552584670231724,49.71717171717172
2015-12-19,2015,Hamburg,FC Augsburg,0,1,A,0,2.4,3.3,3.0,2.4,3.3,3.0,1502.2164233746764,1510.4748514581345,75,73,100,100,1.41,2.0800000000000005,8,10,32.82539682539682,48.13986013986014
2015-12-20,2015,Hertha BSC,FSV Mainz 05,2,0,H,2,2.15,3.4,3.4,2.15,3.4,3.4,1554.0047733545982,1547.6503989634055,74,74,100,100,0.9200000000000002,1.4600000000000002,12,11,44.57142857142857,46.57142857142857
2015-12-20,2015,Borussia Monchengladbach,SV Darmstadt 98,3,2,H,2,1.5,4.33,6.5,1.5,4.33,6.5,1644.4103813394925,1491.1839963348664,75,75,100,100,1.8699999999999999,1.1300000000000001,8,5,46.666666666666664,48.93659281894576
2016-01-22,2015,Hamburg,Bayern Munich,1,2,A,0,13.0,6.5,1.22,13.0,6.5,1.22,1486.5966664332345,1824.7446850071192,75,75,100,100,1.4300000000000002,2.72,7,12,32.82539682539682,65.0
2016-01-23,2015,Ingolstadt,FSV Mainz 05,1,0,H,2,2.4,3.2,3.1,2.4,3.2,3.1,1488.8044640781843,1531.942996094456,75,74,100,100,1.36,1.1900000000000002,4,8,58.095238095238095,40.142857142857146
2016-01-23,2015,Borussia Monchengladbach,Borussia Dortmund,1,3,A,0,4.5,4.2,1.7,4.5,4.2,1.7,1653.7785352695105,1661.4899888846749,75,81,100,100,1.89,2.31,10,9,38.57142857142857,62.47619047619048
2016-01-23,2015,TSG Hoffenheim,Bayer Leverkusen,1,1,D,1,4.33,3.8,1.8,4.33,3.8,1.8,1459.553084785222,1616.2834273289768,75,76,100,100,1.2,1.7400000000000002,5,10,39.71062271062271,51.40259740259741
2016-01-23,2015,FC Cologne,VfB Stuttgart,1,3,A,0,2.15,3.5,3.3,2.15,3.5,3.3,1528.2472629790163,1457.8667910790118,75,74,100,100,1.6200000000000003,1.3800000000000001,6,5,58.639360639360646,40.492063492063494
2016-01-23,2015,Hannover 96,SV Darmstadt 98,1,2,A,0,2.3,3.3,3.2,2.3,3.3,3.2,1433.268392038681,1481.8158424048484,74,75,100,100,1.1800000000000002,1.2500000000000002,3,4,46.956043956043956,53.60325948561242
2016-01-23,2015,Hertha BSC,FC Augsburg,0,0,D,1,2.2,3.3,3.4,2.2,3.3,3.4,1569.7121762235477,1526.0946083995764,74,73,100,100,0.9100000000000001,2.1100000000000003,12,13,49.57142857142857,47.41258741258741
2016-01-24,2015,FC Schalke 04,Werder Bremen,1,3,A,0,1.67,4.0,5.0,1.67,4.0,5.0,1564.2262612859286,1451.4367141359726,78,73,100,100,1.5000000000000002,1.1900000000000002,7,2,51.23376623376623,49.11111111111111
2016-01-24,2015,Ein Frankfurt,VfL Wolfsburg,3,2,H,2,3.6,3.5,2.05,3.6,3.5,2.05,1475.4334670496132,1612.3334448138612,75,78,100,100,1.26,2.5200000000000005,3,5,45.88591800356506,68.87012987012987
2016-01-29,2015,FSV Mainz 05,Borussia Monchengladbach,1,0,H,2,2.6,3.4,2.7,2.6,3.4,2.7,1513.9665394518443,1638.1336025282133,74,75,100,100,1.31,1.5399999999999998,7,7,42.28571428571429,38.57142857142857
2016-01-30,2015,VfB Stuttgart,Hamburg,2,1,H,2,1.95,3.6,3.8,1.95,3.6,3.8,1477.06431385721,1482.5988580311753,74,75,100,100,1.4800000000000002,1.3900000000000001,8,4,36.18437118437119,32.82539682539682
2016-01-30,2015,Bayer Leverkusen,Hannover 96,3,0,H,2,1.25,6.0,12.0,1.25,6.0,12.0,1609.5185014318713,1419.4896470888689,76,74,100,100,1.6200000000000003,1.05,8,3,53.22077922077922,53.956043956043956
2016-01-30,2015,FC Augsburg,Ein Frankfurt,0,0,D,1,1.95,3.6,4.0,1.95,3.6,4.0,1528.0927851168142,1497.4307323812393,73,75,100,100,2.0500000000000003,1.4900000000000002,11,6,44.41258741258741,50.4313725490196
2016-01-30,2015,Werder Bremen,Hertha BSC,3,3,D,1,2.5,3.3,2.8,2.5,3.3,2.8,1472.4557757391294,1567.7139995063098,73,74,100,100,1.4300000000000002,1.1,5,10,44.53968253968254,56.57142857142858
2016-01-30,2015,Borussia Dortmund,Ingolstadt,2,0,H,2,1.17,7.0,19.0,1.17,7.0,19.0,1677.134921625972,1506.780920720796,81,75,100,100,2.1000000000000005,1.2100000000000002,12,4,51.92063492063492,63.095238095238095
2016-01-30,2015,SV Darmstadt 98,FC Schalke 04,0,2,A,0,3.4,3.4,2.15,3.4,3.4,2.15,1495.5945873546605,1543.2071996827717,75,78,100,100,1.42,1.7700000000000002,7,7,51.60325948561242,61.80519480519481
2016-01-31,2015,VfL Wolfsburg,FC Cologne,1,1,D,1,1.57,4.0,5.75,1.57,4.0,5.75,1590.3361794822351,1509.0497402008182,78,75,100,100,2.45,1.6700000000000004,2,5,64.87012987012987,53.80419580419581
2016-01-31,2015,Bayern Munich,TSG Hoffenheim,2,0,H,2,1.08,13.0,21.0,1.08,13.0,21.0,1828.7424934091785,1466.3180106823274,75,75,100,100,2.56,1.3,12,6,68.55555555555556,31.34698634698635
2016-02-05,2015,Borussia Monchengladbach,Werder Bremen,5,1,H,2,1.7,4.0,4.5,1.7,4.0,4.5,1616.6471139227615,1476.7358650218832,75,73,100,100,1.4600000000000002,1.57,6,6,36.666666666666664,41.2063492063492
2016-02-06,2015,Ein Frankfurt,VfB Stuttgart,2,4,A,0,2.7,3.6,2.5,2.7,3.6,2.5,1498.8391175863592,1493.3191674789855,75,74,100,100,1.5100000000000002,1.9600000000000002,7,11,43.09803921568628,41.58119658119658
2016-02-06,2015,Hannover 96,FSV Mainz 05,0,1,A,0,2.75,3.3,2.6,2.75,3.3,2.6,1411.4613040856862,1535.453028057296,74,74,100,100,0.9600000000000002,1.06,0,7,55.38461538461538,49.61904761904762
2016-02-06,2015,Hertha BSC,Borussia Dortmund,0,0,D,1,6.5,4.33,1.5,6.5,4.33,1.5,1563.433910223556,1685.8634181004322,74,81,100,100,1.3,1.9500000000000004,11,12,64.57142857142858,56.80952380952381
2016-02-06,2015,Ingolstadt,FC Augsburg,2,1,H,2,2.5,3.1,3.1,2.5,3.1,3.1,1498.052424246336,1526.6843999116943,75,73,100,100,1.0699999999999998,1.9100000000000001,4,11,55.666666666666664,50.47319347319347
2016-02-06,2015,Bayer Leverkusen,Bayern Munich,0,0,D,1,5.25,4.2,1.6,5.25,4.2,1.6,1617.546844435054,1832.2764839484769,76,75,100,100,1.58,2.6100000000000003,10,12,50.36363636363636,67.22222222222221
2016-02-06,2015,FC Schalke 04,VfL Wolfsburg,3,0,H,2,2.45,3.5,2.8,2.45,3.5,2.8,1557.0281814564157,1586.6596390423351,78,78,100,100,1.9600000000000002,2.49,9,2,71.02597402597402,62.142857142857146
2016-02-07,2015,Hamburg,FC Cologne,1,1,D,1,2.5,3.2,3.0,2.5,3.2,3.0,1466.3440044093998,1512.7262806407182,75,75,100,100,1.35,1.7400000000000002,1,5,31.873015873015866,51.07692307692308
2016-02-07,2015,TSG Hoffenheim,SV Darmstadt 98,0,2,A,0,2.0,3.3,4.0,2.0,3.3,4.0,1462.784020143029,1481.7736055810165,75,75,100,100,1.0100000000000002,1.4300000000000002,5,6,23.25174825174825,47.96689584924879
2016-02-12,2015,FSV Mainz 05,FC Schalke 04,2,1,H,2,2.9,3.4,2.45,2.9,3.4,2.45,1545.973665895677,1574.389461576233,74,78,100,100,0.93,1.65,7,9,49.047619047619044,69.02597402597402
2016-02-13,2015,Werder Bremen,TSG Hoffenheim,1,1,D,1,2.2,3.5,3.25,2.2,3.5,3.25,1466.851932306551,1447.6576531016117,73,75,100,100,1.73,1.02,5,4,45.65079365079365,27.251748251748257
2016-02-13,2015,SV Darmstadt 98,Bayer Leverkusen,1,2,A,0,4.75,3.75,1.75,4.75,3.75,1.75,1496.8999726224338,1626.3430523413488,75,76,100,100,1.3900000000000001,1.5600000000000003,6,11,49.064935064935064,54.93506493506493
2016-02-13,2015,Borussia Dortmund,Hannover 96,1,0,H,2,1.14,8.5,17.0,1.14,8.5,17.0,1680.4476587934637,1400.9406662473052,81,74,100,100,1.7400000000000002,1.02,10,0,59.666666666666664,55.956043956043956
2016-02-13,2015,FC Cologne,Ein Frankfurt,3,1,H,2,1.91,3.8,3.8,1.91,3.8,3.8,1510.6028972085596,1482.584935876121,75,75,100,100,1.64,1.69,6,7,54.5934065934066,35.77777777777778
2016-02-13,2015,VfB Stuttgart,Hertha BSC,2,0,H,2,2.1,3.5,3.5,2.1,3.5,3.5,1509.5733491892236,1568.8496695305246,74,74,100,100,2.2,1.3,13,9,48.24786324786324,58.57142857142858
2016-02-13,2015,VfL Wolfsburg,Ingolstadt,2,0,H,2,1.73,3.6,5.25,1.73,3.6,5.25,1569.2983589225178,1515.3679986396978,78,75,100,100,2.17,1.3,2,6,59.28571428571429,56.878787878787875
2016-02-14,2015,Hamburg,Borussia Monchengladbach,3,2,H,2,3.3,3.6,2.1,3.3,3.6,2.1,1468.4673878415583,1626.5310466380938,75,75,100,100,1.0799999999999998,1.6200000000000003,2,6,29.587301587301585,36.11111111111111
2016-02-14,2015,FC Augsburg,Bayern Munich,1,3,A,0,13.0,6.0,1.22,13.0,6.0,1.22,1509.3688255183324,1823.4802760421821,73,75,100,100,1.52,2.2800000000000002,8,13,46.696969696969695,63.65079365079364
2016-02-19,2015,Ein Frankfurt,Hamburg,0,0,D,1,2.25,3.5,3.0,2.25,3.5,3.0,1467.8724209799718,1491.2826567615446,75,75,100,100,1.8800000000000001,1.4,7,4,47.77777777777778,30.539682539682538
2016-02-20,2015,TSG Hoffenheim,FSV Mainz 05,3,2,H,2,2.4,3.4,2.9,2.4,3.4,2.9,1448.5406841490926,1563.279351633924,75,74,100,100,0.95,0.9800000000000001,2,9,27.636363636363637,43.095238095238095
2016-02-20,2015,Hertha BSC,VfL Wolfsburg,1,1,D,1,2.75,3.3,2.6,2.75,3.3,2.6,1550.146075497864,1582.8345305796552,74,78,100,100,1.2,1.9,6,4,51.81818181818181,54.230769230769226
2016-02-20,2015,Bayern Munich,SV Darmstadt 98,3,1,H,2,1.08,12.0,26.0,1.08,12.0,26.0,1827.9877749010125,1486.599734436642,75,75,100,100,2.46,1.53,13,6,67.93650793650795,44.3030303030303
2016-02-20,2015,Ingolstadt,Werder Bremen,2,0,H,2,2.1,3.3,3.6,2.1,3.3,3.6,1501.8318269825604,1465.96890125907,75,73,100,100,1.24,1.9600000000000002,6,5,57.64801864801865,48.65079365079365
2016-02-20,2015,Borussia Monchengladbach,FC Cologne,1,0,H,2,1.91,3.6,4.0,1.91,3.6,4.0,1603.7157777181076,1525.315412104709,75,75,100,100,1.7400000000000002,1.7900000000000003,6,8,42.77777777777777,53.26007326007326
2016-02-21,2015,Hannover 96,FC Augsburg,0,1,A,0,2.63,3.3,2.75,2.63,3.3,2.75,1395.6052600301375,1504.861326659502,74,73,100,100,0.8300000000000001,1.21,0,5,45.18681318681318,41.5021645021645
2016-02-21,2015,Bayer Leverkusen,Borussia Dortmund,0,1,A,0,3.4,3.5,2.1,3.4,3.5,2.1,1636.6432905271406,1685.7830650106314,76,81,100,100,1.4400000000000002,1.48,11,10,54.93506493506493,56.38461538461538
2016-02-21,2015,FC Schalke 04,VfB Stuttgart,1,1,D,1,2.15,3.75,3.1,2.15,3.75,3.1,1557.083775837986,1528.276943221884,78,74,100,100,1.56,2.4,9,15,71.6017316017316,60.71539571539572
2016-02-26,2015,FC Cologne,Hertha BSC,0,1,A,0,2.1,3.3,3.75,2.1,3.3,3.75,1512.8658237432853,1551.647008356682,75,74,100,100,1.7700000000000002,1.2200000000000002,5,4,53.26007326007326,44.31818181818182
2016-02-27,2015,Werder Bremen,SV Darmstadt 98,2,2,D,1,2.1,3.4,3.6,2.1,3.4,3.6,1451.6146093062791,1482.666718970997,73,75,100,100,1.8900000000000001,1.4000000000000001,5,6,61.98412698412699,27.636363636363637
2016-02-27,2015,VfL Wolfsburg,Bayern Munich,0,2,A,0,9.0,4.5,1.4,9.0,4.5,1.4,1581.3335977208374,1831.9207903666575,78,75,100,100,1.8199999999999998,2.7,5,13,51.73076923076924,77.93650793650794
2016-02-27,2015,Hamburg,Ingolstadt,1,1,D,1,2.4,3.0,3.3,2.4,3.0,3.3,1490.2062041283873,1516.1861189353513,75,75,100,100,1.32,1.26,5,9,32.539682539682545,44.31468531468532
2016-02-27,2015,VfB Stuttgart,Hannover 96,1,2,A,0,1.53,4.0,6.5,1.53,4.0,6.5,1529.6005153036135,1384.4771466753273,74,74,100,100,2.5800000000000005,1.1300000000000001,13,0,71.00951336245456,49.472527472527474
2016-02-28,2015,FC Augsburg,Borussia Monchengladbach,2,2,D,1,2.7,3.4,2.6,2.7,3.4,2.6,1515.9894400143123,1616.1653660795312,73,75,100,100,1.1099999999999999,1.77,5,6,35.21645021645021,49.44444444444444
2016-02-28,2015,Borussia Dortmund,TSG Hoffenheim,3,1,H,2,1.18,7.0,17.0,1.18,7.0,17.0,1699.5350645119113,1469.6405304297534,81,75,100,100,1.3699999999999999,1.02,13,5,48.60683760683761,37.63636363636364
2016-02-28,2015,Ein Frankfurt,FC Schalke 04,0,0,D,1,3.2,3.4,2.25,3.2,3.4,2.25,1468.948873613129,1555.7602037562565,75,78,100,100,1.6400000000000001,1.6300000000000001,5,7,44.44444444444444,61.307613954672775
2016-02-28,2015,FSV Mainz 05,Bayer Leverkusen,3,1,H,2,3.75,3.5,2.0,3.75,3.5,2.0,1542.1795053532633,1622.8912910258607,74,76,100,100,1.3,1.4400000000000002,9,8,43.095238095238095,66.04617604617604
2016-03-01,2015,Ingolstadt,FC Cologne,1,1,D,1,2.5,3.1,3.0,2.5,3.1,3.0,1514.991924586712,1498.6443828906713,75,75,100,100,1.2500000000000002,1.73,7,5,43.6003996003996,44.95238095238095
2016-03-01,2015,Hannover 96,VfL Wolfsburg,0,4,A,0,4.2,3.75,1.85,4.2,3.75,1.85,1406.7969848129628,1575.2165048689462,74,78,100,100,1.24,1.64,3,5,38.58363858363858,44.23076923076923
2016-03-02,2015,Borussia Monchengladbach,VfB Stuttgart,4,0,H,2,2.05,3.8,3.4,2.05,3.8,3.4,1611.675821213434,1507.280677165978,75,74,100,100,1.9300000000000002,2.7199999999999998,7,10,48.73015873015872,82.20609455903573
2016-03-02,2015,FC Schalke 04,Hamburg,3,2,H,2,1.85,3.6,4.33,1.85,3.6,4.33,1551.8435643351745,1491.4003984770266,78,75,100,100,1.4200000000000002,1.36,8,6,50.236185383244205,33.80952380952381
2016-03-02,2015,Bayer Leverkusen,Werder Bremen,1,4,A,0,1.44,4.75,7.0,1.44,4.75,7.0,1603.2398265672432,1453.0408163481916,76,73,100,100,1.2300000000000002,1.9200000000000004,7,3,68.14407814407814,73.88888888888889
2016-03-02,2015,SV Darmstadt 98,Borussia Dortmund,0,2,A,0,8.0,4.75,1.4,8.0,4.75,1.4,1481.2405119290847,1706.2632761113048,75,81,100,100,1.27,1.7100000000000002,4,13,26.3030303030303,55.82905982905984
2016-03-02,2015,Hertha BSC,Ein Frankfurt,2,0,H,2,1.85,3.6,4.33,1.85,3.6,4.33,1565.868449209296,1472.865513034211,74,75,100,100,1.2400000000000002,1.5899999999999999,6,3,45.31818181818182,46.94444444444444
2016-03-02,2015,Bayern Munich,FSV Mainz 05,1,2,A,0,1.13,9.0,21.0,1.13,9.0,21.0,1838.0378832185486,1561.8309698118808,75,74,100,100,2.6,1.4900000000000002,13,12,79.88095238095238,39.633699633699635
2016-03-02,2015,TSG Hoffenheim,FC Augsburg,2,1,H,2,2.25,3.4,3.3,2.25,3.4,3.3,1462.91231883036,1520.4789848804096,75,73,100,100,1.1,1.2,4,5,41.77777777777778,35.93073593073592
2016-03-05,2015,FC Augsburg,Bayer Leverkusen,3,3,D,1,2.9,3.3,2.5,2.9,3.3,2.5,1501.8519383644073,1580.7238598972494,73,76,100,100,1.31,1.2500000000000002,4,4,31.828171828171826,70.14407814407814
2016-03-05,2015,Borussia Dortmund,Bayern Munich,0,0,D,1,3.1,3.4,2.3,3.1,3.4,2.3,1713.1417128905716,1811.4582813605427,81,75,100,100,1.7700000000000002,2.35,13,10,53.162393162393165,83.21428571428571
2016-03-05,2015,Ein Frankfurt,Ingolstadt,1,1,D,1,2.5,3.2,3.0,2.5,3.2,3.0,1461.0490082419337,1514.2396475416886,75,75,100,100,1.45,1.3400000000000003,2,8,52.277777777777786,55.155955155955155
2016-03-05,2015,FC Cologne,FC Schalke 04,1,3,A,0,2.4,3.2,3.1,2.4,3.2,3.1,1499.3966599356947,1565.0877991544396,75,78,100,100,1.6600000000000001,1.65,5,8,39.3968253968254,45.301120448179276
2016-03-05,2015,VfB Stuttgart,TSG Hoffenheim,5,1,H,2,1.91,3.6,4.0,1.91,3.6,4.0,1495.9486093014439,1481.5393653463623,74,75,100,100,2.2500000000000004,1.3900000000000001,7,7,81.25371360665478,49.21367521367522
2016-03-05,2015,Werder Bremen,Hannover 96,4,1,H,2,1.73,3.8,4.75,1.73,3.8,4.75,1475.5567830181853,1397.9976236498985,73,74,100,100,1.7900000000000003,1.23,5,3,71.88888888888889,31.08363858363858
2016-03-05,2015,VfL Wolfsburg,Borussia Monchengladbach,2,1,H,2,1.95,3.75,3.6,1.95,3.75,3.6,1584.0158660320105,1623.007889077968,78,75,100,100,1.98,1.9100000000000001,7,10,51.73076923076924,48.73015873015872
2016-03-06,2015,Hamburg,Hertha BSC,2,0,H,2,2.88,3.1,2.63,2.88,3.1,2.63,1478.1561636577615,1577.6849540015733,75,74,100,100,1.27,1.31,6,8,36.66666666666667,43.31818181818182
2016-03-06,2015,FSV Mainz 05,SV Darmstadt 98,0,0,D,1,1.75,3.6,5.0,1.75,3.6,5.0,1588.4105716698866,1474.3620751498179,74,75,100,100,1.45,1.2200000000000002,12,4,26.3003663003663,29.333333333333332
2016-03-11,2015,Hertha BSC,FC Schalke 04,2,0,H,2,2.4,3.2,3.0,2.4,3.2,3.0,1557.2228787419028,1578.0981515060744,74,78,100,100,1.12,1.7200000000000002,7,8,41.31818181818182,43.634453781512605
2016-03-12,2015,Hannover 96,FC Cologne,0,2,A,0,3.5,3.3,2.15,3.5,3.3,2.15,1385.511184087229,1486.38630758406,74,75,100,100,1.41,1.75,3,4,32.51221001221002,36.77777777777778
2016-03-12,2015,Bayern Munich,Werder Bremen,5,0,H,2,1.13,9.0,21.0,1.13,9.0,21.0,1807.0477391971026,1488.043222580855,75,73,100,100,2.5500000000000003,1.8200000000000003,10,8,86.78571428571429,66.33333333333333
2016-03-12,2015,SV Darmstadt 98,FC Augsburg,2,2,D,1,2.8,3.1,2.7,2.8,3.1,2.7,1479.433348892746,1505.422990434511,75,73,100,100,1.1800000000000002,1.4600000000000002,2,5,24.999999999999996,26.373626373626372
2016-03-12,2015,Borussia Monchengladbach,Ein Frankfurt,3,0,H,2,1.57,4.33,5.5,1.57,4.33,5.5,1605.2197410853291,1463.479568100303,75,75,100,100,1.7200000000000002,1.33,7,3,59.28571428571428,63.83333333333333
2016-03-12,2015,Ingolstadt,VfB Stuttgart,3,3,D,1,3.0,3.2,2.5,3.0,3.2,2.5,1511.8090876833194,1511.2854192848272,75,74,100,100,1.3000000000000003,2.38,6,7,44.610500610500615,84.03149138443254
2016-03-12,2015,TSG Hoffenheim,VfL Wolfsburg,1,0,H,2,3.4,3.6,2.1,3.4,3.6,2.1,1466.202555362979,1601.8040140246494,75,78,100,100,1.52,1.9900000000000002,7,10,40.21367521367522,46.73076923076923
2016-03-13,2015,Borussia Dortmund,FSV Mainz 05,2,0,H,2,1.36,5.0,8.5,1.36,5.0,8.5,1717.5522550540118,1583.3392979269586,81,74,100,100,1.83,1.5,13,10,48.162393162393165,29.871794871794872
2016-03-13,2015,Bayer Leverkusen,Hamburg,1,0,H,2,1.67,3.75,5.5,1.67,3.75,5.5,1577.1528078271458,1498.6182389174319,76,75,100,100,1.5100000000000002,1.4000000000000001,4,8,81.57264957264957,42.95238095238095
2016-03-18,2015,FC Schalke 04,Borussia Monchengladbach,2,1,H,2,2.45,3.5,2.8,2.45,3.5,2.8,1561.137964837797,1615.0319006414097,78,75,100,100,1.77,1.9400000000000002,8,10,41.96778711484594,55.95238095238095
2016-03-19,2015,Hamburg,TSG Hoffenheim,1,3,A,0,2.25,3.4,3.2,2.25,3.4,3.2,1486.1745260252278,1488.1483513889805,75,75,100,100,1.1700000000000002,1.4400000000000002,5,9,47.95238095238095,42.71367521367522
2016-03-19,2015,VfL Wolfsburg,SV Darmstadt 98,1,1,D,1,1.44,4.33,8.0,1.44,4.33,8.0,1579.858217998648,1480.627988677845,78,75,100,100,2.22,1.17,7,3,50.0,23.787878787878785
2016-03-19,2015,Werder Bremen,FSV Mainz 05,1,1,D,1,2.38,3.4,3.0,2.38,3.4,3.0,1483.6437021694535,1573.2298996494637,73,74,100,100,1.31,1.27,7,7,56.666666666666664,25.53846153846154
2016-03-19,2015,Hertha BSC,Ingolstadt,2,1,H,2,2.05,3.2,4.0,2.05,3.2,4.0,1574.1830654101802,1511.7849718806203,74,75,100,100,1.2899999999999998,1.65,10,7,49.5,39.84126984126984
2016-03-19,2015,Ein Frankfurt,Hannover 96,1,0,H,2,1.85,3.6,4.33,1.85,3.6,4.33,1453.6674085442223,1374.0303762155097,75,74,100,100,1.07,1.58,3,3,60.5,45.8968253968254
2016-03-19,2015,FC Cologne,Bayern Munich,0,1,A,0,11.0,5.0,1.29,11.0,5.0,1.29,1497.8671154557792,1811.447259608504,75,75,100,100,1.6800000000000002,2.63,4,10,32.111111111111114,87.16666666666666
2016-03-20,2015,FC Augsburg,Borussia Dortmund,1,3,A,0,6.5,4.33,1.5,6.5,4.33,1.5,1504.2283506494118,1727.6616533315066,73,81,100,100,1.6700000000000004,2.0300000000000002,6,13,35.20479520479521,48.77777777777778
2016-03-20,2015,VfB Stuttgart,Bayer Leverkusen,0,2,A,0,2.3,3.5,2.9,2.3,3.5,2.9,1511.3095350875262,1589.5965207193499,74,76,100,100,2.3899999999999997,1.55,5,4,79.84967320261437,76.57264957264957
2016-04-01,2015,Bayer Leverkusen,VfL Wolfsburg,3,0,H,2,2.0,3.2,4.0,2.0,3.2,4.0,1602.0510736827252,1575.4088256864125,76,78,100,100,1.89,2.25,7,7,75.15850815850817,55.277777777777786
2016-04-02,2015,SV Darmstadt 98,VfB Stuttgart,2,2,D,1,3.4,3.3,2.2,3.4,3.3,2.2,1485.0773809900804,1498.8549821241509,75,74,100,100,1.06,2.22,4,4,26.010101010101003,68.19191919191918
2016-04-02,2015,Borussia Dortmund,Werder Bremen,3,2,H,2,1.2,7.0,13.0,1.2,7.0,13.0,1734.5896263771142,1487.6802347150501,81,73,100,100,2.21,1.34,13,8,58.55555555555556,39.99999999999999
2016-04-02,2015,Bayern Munich,Ein Frankfurt,1,0,H,2,1.13,9.0,21.0,1.13,9.0,21.0,1815.9666155426248,1466.0628935041464,75,75,100,100,1.9300000000000002,1.2200000000000002,10,5,87.16666666666666,66.75
2016-04-02,2015,Hannover 96,Hamburg,0,3,A,0,3.1,3.25,2.38,3.1,3.25,2.38,1361.6348912555857,1470.2654230644985,74,75,100,100,1.3800000000000001,1.7100000000000002,3,4,35.36111111111111,53.33699633699634
2016-04-02,2015,Ingolstadt,FC Schalke 04,3,0,H,2,2.75,3.0,2.7,2.75,3.0,2.7,1498.6280086360905,1579.6001555208657,75,78,100,100,1.5700000000000003,1.6,4,10,53.17460317460318,42.97619047619047
2016-04-02,2015,FSV Mainz 05,FC Augsburg,4,2,H,2,2.1,3.4,3.6,2.1,3.4,3.6,1569.193367103867,1497.3003776038042,74,73,100,100,1.0800000000000003,1.5500000000000003,8,3,37.20512820512821,37.49050949050949
2016-04-03,2015,TSG Hoffenheim,FC Cologne,1,1,D,1,2.38,3.3,3.1,2.38,3.3,3.1,1504.0574543497098,1493.3477595216584,75,75,100,100,1.65,1.46,9,4,32.32905982905983,22.11111111111111
2016-04-03,2015,Borussia Monchengladbach,Hertha BSC,5,0,H,2,1.83,3.6,4.33,1.83,3.6,4.33,1596.569709958341,1587.34002865471,75,74,100,100,2.12,1.1500000000000001,7,12,60.23809523809524,48.666666666666664
2016-04-08,2015,Hertha BSC,Hannover 96,2,2,D,1,1.5,4.2,7.0,1.5,4.2,7.0,1571.7649712293298,1350.480627512501,74,74,100,100,1.08,1.4200000000000002,9,0,41.8974358974359,45.36111111111111
2016-04-09,2015,Hamburg,SV Darmstadt 98,1,2,A,0,2.05,3.4,3.6,2.05,3.4,3.6,1481.419686807583,1485.7115305985112,75,75,100,100,1.81,1.2500000000000002,6,4,56.51159951159951,32.676767676767675
2016-04-09,2015,Ingolstadt,Borussia Monchengladbach,1,0,H,2,3.2,3.4,2.2,3.2,3.4,2.2,1518.290836749492,1612.1447673837213,75,75,100,100,1.61,2.2300000000000004,6,9,47.97979797979798,56.72161172161172
2016-04-09,2015,Ein Frankfurt,TSG Hoffenheim,0,2,A,0,2.3,3.25,3.1,2.3,3.25,3.1,1462.2958774115953,1503.5644108265144,75,75,100,100,0.9500000000000002,1.75,4,10,57.583333333333336,31.21794871794872
2016-04-09,2015,Werder Bremen,FC Augsburg,1,2,A,0,2.05,3.4,3.5,2.05,3.4,3.5,1481.4577068867848,1484.56471399324,73,73,100,100,1.11,1.4900000000000002,7,2,29.743589743589745,40.34765234765235
2016-04-09,2015,VfL Wolfsburg,FSV Mainz 05,1,1,D,1,2.2,3.4,3.25,2.2,3.4,3.25,1560.633347338568,1581.9290307144313,78,74,100,100,2.1100000000000003,1.1300000000000001,7,8,57.777777777777786,47.095238095238095
2016-04-09,2015,VfB Stuttgart,Bayern Munich,1,3,A,0,6.0,4.33,1.5,6.0,4.33,1.5,1498.22083251572,1819.733631635176,74,75,100,100,1.81,2.2399999999999998,5,10,55.96969696969696,86.33333333333333
2016-04-10,2015,FC Cologne,Bayer Leverkusen,0,2,A,0,3.1,3.25,2.3,3.1,3.25,2.3,1493.8408030448538,1616.8265520305697,75,76,100,100,1.32,1.9300000000000002,5,10,31.444444444444446,71.6969696969697
2016-04-10,2015,FC Schalke 04,Borussia Dortmund,2,2,D,1,4.2,4.0,1.73,4.2,4.0,1.73,1559.9373274074642,1740.8121542053796,78,81,100,100,1.6200000000000003,2.14,9,13,46.385281385281374,63.256410256410255
2016-04-15,2015,Hannover 96,Borussia Monchengladbach,2,0,H,2,5.5,4.0,1.62,5.5,4.0,1.62,1359.485271570383,1591.9247851094672,74,75,100,100,1.5100000000000002,2.04,1,6,50.13383838383838,57.55494505494505
2016-04-16,2015,Bayern Munich,FC Schalke 04,3,0,H,2,1.18,7.5,15.0,1.18,7.5,15.0,1824.078647926706,1567.5879298456143,75,78,100,100,2.21,1.1800000000000002,13,7,73.6060606060606,36.95670995670996
2016-04-16,2015,Werder Bremen,VfL Wolfsburg,3,2,H,2,2.5,3.5,2.75,2.5,3.5,2.75,1465.6007860376576,1561.6128234954901,73,78,100,100,1.1700000000000002,1.72,4,5,41.743589743589745,47.646198830409354
2016-04-16,2015,Bayer Leverkusen,Ein Frankfurt,3,0,H,2,1.36,5.25,8.0,1.36,5.25,8.0,1627.3881240384983,1448.1874759155742,76,75,100,100,1.8900000000000001,0.9600000000000002,13,4,69.6969696969697,58.916666666666664
2016-04-16,2015,TSG Hoffenheim,Hertha BSC,2,1,H,2,2.38,3.4,3.0,2.38,3.4,3.0,1517.6728123225355,1562.760327171448,75,74,100,100,1.65,1.1800000000000002,10,7,27.115384615384613,46.62470862470862
2016-04-16,2015,FC Augsburg,VfB Stuttgart,1,0,H,2,2.45,3.6,2.75,2.45,3.6,2.75,1500.4216348423672,1493.87581622419,73,74,100,100,1.3900000000000001,1.77,5,5,31.116883116883116,55.36363636363636
2016-04-16,2015,SV Darmstadt 98,Ingolstadt,2,0,H,2,2.55,3.2,2.88,2.55,3.2,2.88,1501.5138939404833,1538.510819023746,75,75,100,100,1.4100000000000001,1.6600000000000001,7,8,29.343434343434335,44.92424242424242
2016-04-17,2015,FSV Mainz 05,FC Cologne,2,3,A,0,2.1,3.4,3.6,2.1,3.4,3.6,1580.9495545575091,1483.2792310369252,74,75,100,100,1.4900000000000002,1.6600000000000001,6,4,59.72681704260651,37.0
2016-04-17,2015,Borussia Dortmund,Hamburg,3,0,H,2,1.33,5.25,9.0,1.33,5.25,9.0,1733.1615517672294,1465.6173234656108,81,75,100,100,2.0900000000000003,1.78,11,6,67.92307692307693,64.60683760683762
2016-04-22,2015,Hamburg,Werder Bremen,2,1,H,2,2.6,3.5,2.63,2.6,3.5,2.63,1459.9686988211254,1485.9130868416873,75,73,100,100,1.53,1.4,3,4,52.60683760683762,49.243589743589745
2016-04-23,2015,VfL Wolfsburg,FC Augsburg,0,2,A,0,1.8,3.75,4.33,1.8,3.75,4.33,1541.3005226914604,1516.1202244169654,78,73,100,100,1.69,1.4600000000000002,2,7,45.146198830409354,37.78354978354978
2016-04-23,2015,VfB Stuttgart,Borussia Dortmund,0,3,A,0,4.75,4.2,1.65,4.75,4.2,1.65,1478.1772266495918,1738.8101764117148,74,81,100,100,1.38,2.2,2,13,50.36363636363636,82.92307692307693
2016-04-23,2015,FC Schalke 04,Bayer Leverkusen,2,3,A,0,3.0,3.3,2.4,3.0,3.3,2.4,1561.6372163940932,1635.7971294316008,78,76,100,100,1.07,1.8500000000000003,4,15,33.62337662337662,61.6969696969697
2016-04-23,2015,Ingolstadt,Hannover 96,2,2,D,1,1.91,3.4,4.33,1.91,3.4,4.33,1520.8134583897113,1384.8345736423973,75,74,100,100,1.5,1.6,7,4,54.25757575757575,52.63383838383838
2016-04-23,2015,Hertha BSC,Bayern Munich,0,2,A,0,9.0,4.5,1.4,9.0,4.5,1.4,1544.6955482645953,1830.0293613782271,74,75,100,100,1.29,2.3,7,15,51.12470862470862,73.6060606060606
2016-04-23,2015,FC Cologne,SV Darmstadt 98,4,1,H,2,1.95,3.3,4.33,1.95,3.3,4.33,1503.6622598944657,1519.211254574518,75,75,100,100,1.4100000000000001,1.32,7,9,36.1025641025641,31.010101010101003
2016-04-24,2015,Ein Frankfurt,FSV Mainz 05,2,1,H,2,2.88,3.3,2.5,2.88,3.3,2.5,1439.7784705224717,1560.5665256999687,75,74,100,100,0.9600000000000002,1.6800000000000002,3,5,50.916666666666664,53.95758627337575
2016-04-24,2015,Borussia Monchengladbach,TSG Hoffenheim,3,1,H,2,1.62,4.2,5.25,1.62,4.2,5.25,1566.5754830374528,1535.737591229388,75,75,100,100,1.86,1.81,6,13,50.05494505494506,32.94871794871794
2016-04-29,2015,FC Augsburg,FC Cologne,0,0,D,1,2.45,3.25,3.0,2.45,3.25,3.0,1533.2777939707862,1520.377839883974,73,75,100,100,1.34,1.6,9,7,26.095238095238095,40.76923076923076
2016-04-30,2015,Borussia Dortmund,VfL Wolfsburg,5,1,H,2,1.36,5.0,8.5,1.36,5.0,8.5,1744.6462476399265,1524.1429531376396,81,78,100,100,2.1,1.65,13,2,78.35164835164835,49.7890559732665
2016-04-30,2015,SV Darmstadt 98,Ein Frankfurt,1,2,A,0,2.5,3.2,3.0,2.5,3.2,3.0,1502.4956745850097,1461.127192129628,75,75,100,100,1.2,1.1600000000000001,8,6,38.88888888888888,55.20238095238095
2016-04-30,2015,Bayern Munich,Borussia Monchengladbach,1,1,D,1,1.4,5.0,7.5,1.4,5.0,7.5,1835.2173084355834,1581.1590632452308,75,75,100,100,1.8800000000000001,2.06,15,6,73.93939393939395,56.05494505494505
2016-04-30,2015,Bayer Leverkusen,Hertha BSC,2,1,H,2,1.62,3.75,6.0,1.62,3.75,6.0,1648.4328772057831,1539.507601207239,76,74,100,100,1.9500000000000004,1.02,15,4,61.36363636363636,46.12470862470862
2016-04-30,2015,TSG Hoffenheim,Ingolstadt,2,1,H,2,1.8,3.6,4.6,1.8,3.6,4.6,1521.1540110216101,1514.8526875576513,75,75,100,100,2.08,1.16,10,7,29.448717948717945,52.70202020202019
2016-04-30,2015,FSV Mainz 05,Hamburg,0,0,D,1,1.8,3.75,4.33,1.8,3.75,4.33,1539.2178040928125,1477.1612662024334,74,75,100,100,1.8700000000000003,1.6300000000000001,5,6,55.67187198766146,52.05128205128206
2016-04-30,2015,Hannover 96,FC Schalke 04,1,3,A,0,3.8,4.0,1.85,3.8,4.0,1.85,1390.7953444744574,1549.0014686199108,74,78,100,100,1.65,1.28,5,4,50.18939393939394,35.62337662337662
2016-05-02,2015,Werder Bremen,VfB Stuttgart,6,2,H,2,2.05,3.6,3.5,2.05,3.6,3.5,1468.7205194603794,1472.34115542138,73,74,100,100,1.95,1.1,4,1,52.7991452991453,44.935064935064936
2016-05-07,2015,Ingolstadt,Bayern Munich,1,2,A,0,15.0,7.0,1.18,15.0,7.0,1.18,1499.1428424134483,1825.236149852422,75,75,100,100,1.4700000000000002,1.95,7,13,54.92424242424242,65.60606060606061
2016-05-07,2015,VfB Stuttgart,FSV Mainz 05,1,3,A,0,2.1,3.8,3.2,2.1,3.8,3.2,1456.1744250090373,1536.3900025831715,74,74,100,100,1.05,1.9700000000000002,1,5,53.7987012987013,51.0052053209948
2016-05-07,2015,Borussia Monchengladbach,Bayer Leverkusen,2,1,H,2,1.91,3.8,3.8,1.91,3.8,3.8,1591.1402218283922,1659.5748156503294,75,76,100,100,1.6800000000000002,1.9400000000000002,7,15,50.1025641025641,57.0
2016-05-07,2015,Hertha BSC,SV Darmstadt 98,1,2,A,0,1.75,3.6,5.0,1.75,3.6,5.0,1528.3656627626929,1484.599537746349,74,75,100,100,1.0799999999999998,1.4,1,7,47.45804195804196,43.33333333333333
2016-05-07,2015,Ein Frankfurt,Borussia Dortmund,1,0,H,2,7.0,4.75,1.45,7.0,4.75,1.45,1479.0233289682888,1751.6662108663595,75,81,100,100,1.1300000000000001,2.37,6,13,52.28571428571429,77.12087912087912
2016-05-07,2015,Hamburg,VfL Wolfsburg,0,1,A,0,2.7,3.4,2.63,2.7,3.4,2.63,1479.9890677120743,1517.1229899112068,75,78,100,100,1.1800000000000002,1.47,7,1,44.66666666666667,41.24204742625795
2016-05-07,2015,FC Cologne,Werder Bremen,0,0,D,1,2.8,3.75,2.38,2.8,3.75,2.38,1520.9716318880642,1484.8872498727221,75,73,100,100,1.58,2.24,8,6,50.76923076923076,56.965811965811966
2016-05-07,2015,FC Schalke 04,FC Augsburg,1,1,D,1,1.7,4.2,4.5,1.7,4.2,4.5,1558.1808302335137,1532.684001966696,78,73,100,100,1.48,1.28,4,10,34.90909090909091,28.09523809523809
2016-05-07,2015,Hannover 96,TSG Hoffenheim,1,0,H,2,3.4,3.75,2.05,3.4,3.75,2.05,1381.6159828608545,1536.863856165813,74,75,100,100,1.7400000000000002,1.9200000000000004,5,10,61.43939393939394,29.27777777777778
2016-05-14,2015,FC Augsburg,Hamburg,1,3,A,0,2.0,3.5,3.8,2.0,3.5,3.8,1533.856071007359,1465.692666034045,73,75,100,100,1.0700000000000003,0.9800000000000001,11,4,23.160173160173162,46.88888888888889
2016-05-14,2015,SV Darmstadt 98,Borussia Monchengladbach,0,2,A,0,3.5,3.75,2.0,3.5,3.75,2.0,1502.6044487144252,1610.2516170023257,75,75,100,100,1.2000000000000002,1.57,9,7,31.81818181818182,52.66666666666667
2016-05-14,2015,TSG Hoffenheim,FC Schalke 04,1,4,A,0,3.2,3.8,2.05,3.2,3.8,2.05,1514.1550970584217,1557.0087611928507,75,78,100,100,1.8800000000000001,1.7100000000000002,9,5,35.11111111111111,40.36363636363636
2016-05-14,2015,Borussia Dortmund,FC Cologne,2,2,D,1,1.29,5.75,8.0,1.29,5.75,8.0,1725.179605677914,1519.3158339591037,81,75,100,100,2.0300000000000002,1.7,10,8,72.69780219780219,48.1025641025641
2016-05-14,2015,Bayern Munich,Hannover 96,3,1,H,2,1.08,11.0,26.0,1.08,11.0,26.0,1829.4831024094915,1404.324741968246,75,74,100,100,1.7,1.57,13,8,57.510822510822514,57.82828282828283
2016-05-14,2015,Werder Bremen,Ein Frankfurt,1,0,H,2,2.0,3.75,3.5,2.0,3.75,3.5,1486.5430478016826,1505.5099341567343,73,75,100,100,2.2,1.31,7,9,63.22222222222223,56.45238095238094
2016-05-14,2015,FSV Mainz 05,Hertha BSC,0,0,D,1,2.05,3.6,3.5,2.05,3.6,3.5,1548.7602062441824,1510.3607517946166,74,74,100,100,2.1300000000000003,1.2600000000000002,5,1,51.57663389242337,56.4090909090909
2016-05-14,2015,VfL Wolfsburg,VfB Stuttgart,3,1,H,2,2.3,4.0,2.75,2.3,4.0,2.75,1531.419391589236,1443.8042213480264,78,74,100,100,1.52,1.0400000000000003,4,0,45.13093631514683,55.13203463203463
2016-05-14,2015,Bayer Leverkusen,Ingolstadt,3,2,H,2,1.5,4.33,6.5,1.5,4.33,6.5,1640.4634204763959,1494.8958898563787,76,75,100,100,2.1100000000000003,1.5100000000000002,12,4,48.666666666666664,57.26190476190477
2016-08-26,2016,Bayern Munich,Werder Bremen,6,0,H,2,1.1,10.0,23.0,1.1,10.0,23.0,1832.0312075301304,1503.4156385416843,75,74,100,100,1.9700000000000002,2.13,13,10,63.98809523809524,55.222222222222214
2016-08-27,2016,Hamburg,Ingolstadt,1,1,D,1,2.2,3.2,3.5,2.2,3.2,3.5,1484.792042945526,1485.2329824507747,75,75,100,100,1.1400000000000001,1.61,7,1,43.55555555555556,58.095238095238095
2016-08-27,2016,Borussia Monchengladbach,Bayer Leverkusen,2,1,H,2,2.3,3.4,3.1,2.3,3.4,3.1,1621.4470477468442,1650.126327882,75,79,100,100,1.7100000000000002,2.09,10,12,58.5,45.33333333333333
2016-08-27,2016,FC Cologne,SV Darmstadt 98,2,0,H,2,1.8,3.5,4.75,1.8,3.5,4.75,1527.823164433648,1491.4090179699067,75,71,100,100,1.4200000000000002,1.04,9,6,44.769230769230774,35.15151515151515
2016-08-27,2016,FC Augsburg,VfL Wolfsburg,0,2,A,0,2.8,3.25,2.6,2.8,3.25,2.6,1514.7566940958782,1543.4679719331746,75,79,100,100,1.31,1.69,8,6,29.82683982683983,46.512515262515265
2016-08-27,2016,Borussia Dortmund,FSV Mainz 05,2,1,H,2,1.36,5.0,8.5,1.36,5.0,8.5,1716.6722752033697,1546.99901131473,81,75,100,100,2.0000000000000004,1.7899999999999998,10,5,68.03113553113553,48.94505494505494
2016-08-27,2016,Ein Frankfurt,FC Schalke 04,1,0,H,2,3.4,3.3,2.2,3.4,3.3,2.2,1488.6373434167326,1571.0452243252305,75,78,100,100,1.1900000000000002,1.9700000000000002,9,7,51.11904761904761,42.80808080808081
2016-08-28,2016,Hertha BSC,SC Freiburg,2,1,H,2,2.15,3.3,3.5,2.15,3.3,3.5,1512.121946724069,1467.8581225020448,75,75,100,100,1.12,1.7,1,5,53.68181818181817,50.170995670995666
2016-08-28,2016,TSG Hoffenheim,RB Leipzig,2,2,D,1,2.5,3.25,2.9,2.5,3.25,2.9,1500.1186339260419,1500.0,75,75,100,100,1.86,1.0,6,0,44.0,50.0
2016-09-09,2016,FC Schalke 04,Bayern Munich,0,2,A,0,10.0,5.5,1.3,10.0,5.5,1.3,1551.3198028631118,1836.2249656115189,78,75,100,100,1.97,2.3800000000000003,7,13,46.141414141414145,66.76587301587301
2016-09-10,2016,VfL Wolfsburg,FC Cologne,0,0,D,1,1.85,3.75,4.2,1.85,3.75,4.2,1558.1487702980012,1542.1523444094871,79,75,100,100,1.85,1.6700000000000004,9,9,56.012515262515265,44.90909090909091
2016-09-10,2016,RB Leipzig,Borussia Dortmund,1,0,H,2,5.25,4.2,1.62,5.25,4.2,1.62,1500.0054632939803,1725.4256680061887,75,81,100,100,2.95,2.15,1,10,81.81818181818183,63.58669108669109
2016-09-10,2016,SV Darmstadt 98,Ein Frankfurt,1,0,H,2,3.0,3.3,2.4,3.0,3.3,2.4,1477.0798379940675,1508.3627648788513,71,75,100,100,1.1,1.1300000000000001,3,12,37.57575757575758,54.78571428571428
2016-09-10,2016,Ingolstadt,Hertha BSC,0,2,A,0,2.4,3.1,3.2,2.4,3.1,3.2,1485.212676447043,1526.0944798090663,75,75,100,100,1.7399999999999998,1.29,2,4,55.873015873015866,55.467532467532465
2016-09-10,2016,SC Freiburg,Borussia Monchengladbach,3,1,H,2,3.6,3.6,2.0,3.6,3.6,2.0,1453.8855894170474,1638.7647858394814,75,75,100,100,1.44,2.05,4,13,43.88528138528138,65.0
2016-09-10,2016,Bayer Leverkusen,Hamburg,3,1,H,2,1.45,4.5,7.0,1.45,4.5,7.0,1632.8085897893627,1484.8123489492577,79,75,100,100,2.0900000000000003,1.17,9,8,39.33333333333333,52.44444444444444
2016-09-11,2016,FSV Mainz 05,TSG Hoffenheim,4,4,D,1,2.0,3.5,3.75,2.0,3.5,3.75,1538.245618511911,1500.1131706320616,75,75,100,100,1.61,1.72,5,4,44.15873015873016,40.13636363636364
2016-09-11,2016,Werder Bremen,FC Augsburg,1,2,A,0,2.3,3.4,3.1,2.3,3.4,3.1,1499.2218804602958,1500.0758957310516,74,75,100,100,1.6800000000000002,1.15,7,5,39.94444444444444,31.160173160173155
2016-09-16,2016,FC Cologne,SC Freiburg,3,0,H,2,1.8,3.6,4.5,1.8,3.6,4.5,1542.8884869575859,1477.67765107151,75,75,100,100,1.6800000000000002,1.54,7,7,44.909090909090914,41.02813852813852
2016-09-17,2016,Hamburg,RB Leipzig,0,4,A,0,2.75,3.25,2.63,2.75,3.25,2.63,1475.2434805583393,1525.1393726479887,75,75,100,100,0.9099999999999999,2.125,5,4,45.333333333333336,61.74242424242425
2016-09-17,2016,Borussia Dortmund,SV Darmstadt 98,6,0,H,2,1.13,9.0,21.0,1.13,9.0,21.0,1700.2917586521803,1494.5165894781398,81,71,100,100,1.7499999999999996,0.9900000000000002,7,6,63.82478632478632,28.24242424242424
2016-09-17,2016,Ein Frankfurt,Bayer Leverkusen,2,1,H,2,4.0,3.5,1.95,4.0,3.5,1.95,1490.926013394779,1642.377458180281,75,79,100,100,1.15,2.04,9,9,56.5,47.33333333333333
2016-09-17,2016,TSG Hoffenheim,VfL Wolfsburg,0,0,D,1,3.1,3.6,2.25,3.1,3.6,2.25,1501.8622174143036,1557.4126277499024,75,79,100,100,1.6600000000000001,1.7200000000000002,5,10,43.82867132867133,52.202991452991455
2016-09-17,2016,Borussia Monchengladbach,Werder Bremen,4,1,H,2,1.44,4.5,7.5,1.44,4.5,7.5,1614.9727241850187,1483.2612092377199,75,74,100,100,1.5000000000000002,1.21,10,7,60.42857142857142,31.055555555555554
2016-09-17,2016,Bayern Munich,Ingolstadt,3,1,H,2,1.07,12.0,34.0,1.07,12.0,34.0,1841.4236475324312,1471.086711996713,75,75,100,100,2.3400000000000003,1.8599999999999999,13,1,67.32142857142857,68.57142857142858
2016-09-18,2016,FC Augsburg,FSV Mainz 05,1,3,A,0,2.38,3.4,3.0,2.38,3.4,3.0,1516.0365669536275,1536.496571729669,75,75,100,100,1.2899999999999998,1.7400000000000002,5,6,48.3030303030303,50.75213675213676
2016-09-18,2016,Hertha BSC,FC Schalke 04,2,0,H,2,2.5,3.4,2.8,2.5,3.4,2.8,1540.2204442593963,1546.1211209421995,75,78,100,100,1.5100000000000002,1.6200000000000003,7,7,53.32467532467532,38.58585858585859
2016-09-20,2016,Ingolstadt,Ein Frankfurt,0,2,A,0,2.25,3.25,3.4,2.25,3.25,3.4,1467.6933898855884,1513.4900203368118,75,75,100,100,1.7100000000000002,1.36,1,9,63.01587301587301,48.16666666666667
2016-09-20,2016,VfL Wolfsburg,Borussia Dortmund,1,5,A,0,4.75,3.75,1.75,4.75,3.75,1.75,1554.8760152448133,1707.7873553168815,79,81,100,100,2.06,1.9300000000000002,11,7,58.68650793650794,70.1984126984127
2016-09-20,2016,SV Darmstadt 98,TSG Hoffenheim,1,1,D,1,3.5,3.5,2.1,3.5,3.5,2.1,1487.0209928134386,1504.3988299193927,71,75,100,100,0.7300000000000002,1.72,6,3,24.432900432900432,43.66994116994117
2016-09-20,2016,SC Freiburg,Hamburg,1,0,H,2,2.3,3.4,3.1,2.3,3.4,3.1,1464.645946688227,1461.525603706427,75,75,100,100,1.6,0.9,6,4,42.11904761904761,51.878787878787875
2016-09-21,2016,Werder Bremen,FSV Mainz 05,1,2,A,0,3.0,3.5,2.3,3.0,3.5,2.3,1473.051966408771,1551.5554413443235,74,75,100,100,0.9800000000000001,1.81,4,8,29.269841269841265,54.30769230769231
2016-09-21,2016,FC Schalke 04,FC Cologne,1,3,A,0,2.1,3.4,3.6,2.1,3.4,3.6,1529.8494108623208,1555.9201913408688,78,75,100,100,1.5100000000000002,1.7700000000000002,4,9,45.58585858585859,42.9090909090909
2016-09-21,2016,Bayern Munich,Hertha BSC,3,0,H,2,1.14,9.0,17.0,1.14,9.0,17.0,1844.8169696435557,1556.492154339275,75,75,100,100,2.39,1.46,15,10,65.6547619047619,53.32467532467532
2016-09-21,2016,Bayer Leverkusen,FC Augsburg,0,0,D,1,1.45,4.5,7.0,1.45,4.5,7.0,1619.8134512382483,1500.977697338973,79,75,100,100,1.7300000000000004,1.44,6,4,50.33333333333333,42.74747474747475
2016-09-21,2016,RB Leipzig,Borussia Monchengladbach,1,1,D,1,2.38,3.5,3.0,2.38,3.5,3.0,1538.857249499901,1625.1819670139676,75,75,100,100,2.016666666666667,1.7700000000000002,7,12,50.25252525252526,66.38095238095238
2016-09-23,2016,Borussia Dortmund,SC Freiburg,3,1,H,2,1.18,7.5,15.0,1.18,7.5,15.0,1717.16752954828,1480.502253446921,81,75,100,100,2.1799999999999997,1.7399999999999998,10,6,69.6984126984127,58.78571428571429
2016-09-24,2016,FSV Mainz 05,Bayer Leverkusen,2,3,A,0,3.0,3.3,2.4,3.0,3.3,2.4,1564.0005154523142,1614.5447385056052,75,79,100,100,1.55,1.6200000000000003,8,7,58.77828054298643,57.0
2016-09-24,2016,Ein Frankfurt,Hertha BSC,3,3,D,1,2.25,3.2,3.4,2.25,3.2,3.4,1527.3931377883562,1551.3786150423903,75,75,100,100,1.4300000000000002,1.23,9,10,48.66666666666667,40.142857142857146
2016-09-24,2016,Hamburg,Bayern Munich,0,1,A,0,13.0,7.0,1.2,13.0,7.0,1.2,1445.669296947733,1849.9305089404404,75,75,100,100,0.9199999999999999,2.47,4,15,40.76767676767677,72.08333333333334
2016-09-24,2016,Werder Bremen,VfL Wolfsburg,2,1,H,2,3.9,3.75,1.91,3.9,3.75,1.91,1460.6068923007804,1545.4958410134147,74,79,100,100,1.2200000000000002,2.22,3,8,23.465919701213817,57.79761904761905
2016-09-24,2016,Borussia Monchengladbach,Ingolstadt,2,0,H,2,1.8,3.6,4.75,1.8,3.6,4.75,1621.28640132864,1453.790272434044,75,75,100,100,1.4600000000000002,1.64,10,1,58.76190476190476,63.58730158730159
2016-09-24,2016,FC Augsburg,SV Darmstadt 98,1,0,H,2,1.67,3.75,5.5,1.67,3.75,5.5,1506.246410071616,1487.8206050896226,75,71,100,100,1.44,0.78,4,4,45.77777777777777,27.614718614718612
2016-09-25,2016,FC Cologne,RB Leipzig,1,1,D,1,2.3,3.3,3.2,2.3,3.3,3.2,1570.721835865447,1542.7528151852284,75,75,100,100,1.81,1.8750000000000002,11,8,38.9090909090909,55.5465367965368
2016-09-25,2016,TSG Hoffenheim,FC Schalke 04,2,1,H,2,2.7,3.4,2.6,2.7,3.4,2.6,1503.5992176432087,1515.0477663377426,75,78,100,100,1.72,1.61,4,3,46.16994116994117,42.55555555555556
2016-09-30,2016,RB Leipzig,FC Augsburg,2,1,H,2,1.65,3.75,5.75,1.65,3.75,5.75,1544.0380610569023,1521.3986650276677,75,75,100,100,1.7,1.4700000000000002,9,7,61.580086580086586,46.61111111111111
2016-10-01,2016,Bayern Munich,FC Cologne,1,1,D,1,1.17,7.0,19.0,1.17,7.0,19.0,1852.7753761158106,1569.4365899937734,75,75,100,100,2.3200000000000003,1.73,15,11,70.83333333333334,35.099567099567096
2016-10-01,2016,SV Darmstadt 98,Werder Bremen,2,2,D,1,3.1,3.4,2.3,3.1,3.4,2.3,1472.668350133571,1480.4401956043844,71,74,100,100,0.7300000000000002,1.28,4,3,33.44805194805195,26.465919701213817
2016-10-01,2016,SC Freiburg,Ein Frankfurt,1,0,H,2,2.3,3.3,3.2,2.3,3.3,3.2,1473.9788023969077,1528.4959584017092,75,75,100,100,1.7399999999999998,1.58,6,10,49.61904761904761,56.66666666666667
2016-10-01,2016,Ingolstadt,TSG Hoffenheim,1,2,A,0,2.05,3.4,3.75,2.05,3.4,3.75,1444.9569595916912,1520.1262520558319,75,75,100,100,1.3900000000000001,1.64,1,7,65.25396825396825,35.61438561438562
2016-10-01,2016,Bayer Leverkusen,Borussia Dortmund,2,0,H,2,3.8,3.6,1.95,3.8,3.6,1.95,1628.2333738382931,1723.6909805982934,79,81,100,100,1.6800000000000002,2.29,7,12,53.19047619047619,73.03174603174602
2016-10-01,2016,Hertha BSC,Hamburg,2,0,H,2,2.0,3.25,4.2,2.0,3.25,4.2,1550.2757944290372,1442.824429772363,75,75,100,100,1.1400000000000001,0.6600000000000001,10,1,34.142857142857146,34.93434343434343
2016-10-02,2016,FC Schalke 04,Borussia Monchengladbach,4,0,H,2,2.2,3.4,3.3,2.2,3.4,3.3,1498.5207319251194,1630.119714170993,78,75,100,100,1.4899999999999998,1.4,0,10,53.11111111111111,50.42857142857142
2016-10-02,2016,VfL Wolfsburg,FSV Mainz 05,0,0,D,1,1.85,3.6,4.33,1.85,3.6,4.33,1525.6625377098107,1550.3118801196263,79,75,100,100,2.0000000000000004,1.65,5,7,54.04761904761905,65.92113768584356
2016-10-14,2016,Borussia Dortmund,Hertha BSC,1,1,D,1,1.33,5.25,9.0,1.33,5.25,9.0,1703.402367750431,1561.4794305678176,81,75,100,100,2.06,1.1300000000000001,9,10,75.47619047619048,33.857142857142854
2016-10-15,2016,TSG Hoffenheim,SC Freiburg,2,1,H,2,2.05,3.6,3.5,2.05,3.6,3.5,1532.7175985582885,1492.4690060099213,75,75,100,100,1.9,1.81,9,9,39.67032967032967,57.75091575091575
2016-10-15,2016,FC Augsburg,FC Schalke 04,1,1,D,1,3.1,3.4,2.3,3.1,3.4,2.3,1506.4397746400055,1520.3069850667746,75,78,100,100,1.4000000000000001,1.73,7,3,45.27777777777777,52.277777777777786
2016-10-15,2016,Ein Frankfurt,Bayern Munich,2,2,D,1,13.0,6.0,1.25,13.0,6.0,1.25,1510.0057547886956,1842.0134377153713,75,75,100,100,1.5700000000000003,1.8800000000000001,7,13,51.15384615384615,68.44017094017094
2016-10-15,2016,FC Cologne,Ingolstadt,2,1,H,2,1.8,3.5,4.75,1.8,3.5,4.75,1580.1985283942126,1432.3656130892346,75,75,100,100,1.3300000000000003,1.44,9,0,28.8058608058608,66.45054945054946
2016-10-15,2016,Werder Bremen,Bayer Leverkusen,2,1,H,2,4.75,4.2,1.67,4.75,4.2,1.67,1480.0823485783378,1648.5219866861555,74,79,100,100,1.58,1.6700000000000004,4,10,37.57703081232493,49.19047619047619
2016-10-15,2016,Borussia Monchengladbach,Hamburg,0,0,D,1,1.67,3.8,5.25,1.67,3.8,5.25,1608.3334610293377,1431.6207936335825,75,75,100,100,1.1800000000000002,0.8200000000000001,7,0,48.92857142857142,32.04545454545455
2016-10-16,2016,FSV Mainz 05,SV Darmstadt 98,2,1,H,2,1.5,4.0,7.5,1.5,4.0,7.5,1549.1786366728434,1473.0261971596176,75,71,100,100,1.53,0.66,8,5,65.76240752711341,31.02380952380952
2016-10-16,2016,VfL Wolfsburg,RB Leipzig,0,1,A,0,2.4,3.3,3.0,2.4,3.3,3.0,1526.7957811565936,1558.9969514445647,79,75,100,100,1.95,1.6800000000000002,3,11,57.76190476190476,58.54978354978355
2016-10-21,2016,Hamburg,Ein Frankfurt,0,3,A,0,2.45,3.25,3.0,2.45,3.25,3.0,1439.1227012752624,1521.8826431955797,75,75,100,100,0.7300000000000001,1.6,1,8,32.66083916083916,40.15384615384615
2016-10-22,2016,Bayer Leverkusen,TSG Hoffenheim,0,3,A,0,1.5,4.33,6.0,1.5,4.33,6.0,1625.3206090415235,1546.8723295073087,79,75,100,100,1.6900000000000002,1.8,7,11,53.19047619047619,44.28571428571429
2016-10-22,2016,Ingolstadt,Borussia Dortmund,3,3,D,1,6.0,4.2,1.53,6.0,4.2,1.53,1422.7904372513226,1697.2073710138168,75,81,100,100,1.25,2.3300000000000005,0,10,56.80769230769231,83.80952380952381
2016-10-22,2016,Hertha BSC,FC Cologne,2,1,H,2,2.5,3.2,3.0,2.5,3.2,3.0,1567.674427304432,1589.7737042321246,75,75,100,100,0.9900000000000002,1.08,8,11,31.0,34.63919413919414
2016-10-22,2016,SC Freiburg,FC Augsburg,2,1,H,2,2.1,3.3,3.7,2.1,3.3,3.7,1478.314275060901,1507.0780443841631,75,75,100,100,1.73,1.33,6,5,56.871794871794876,37.27777777777777
2016-10-22,2016,SV Darmstadt 98,VfL Wolfsburg,3,1,H,2,4.5,3.6,1.8,4.5,3.6,1.8,1460.4780452006582,1512.2744682836674,71,79,100,100,0.8200000000000001,1.7900000000000003,2,2,37.02380952380952,57.15584415584415
2016-10-22,2016,Bayern Munich,Borussia Monchengladbach,2,0,H,2,1.2,7.5,12.0,1.2,7.5,12.0,1830.1365493084872,1600.8315533876578,75,75,100,100,1.9600000000000002,1.4300000000000002,11,8,67.88461538461539,52.88461538461538
2016-10-23,2016,RB Leipzig,Werder Bremen,3,1,H,2,1.5,4.0,7.0,1.5,4.0,7.0,1573.518264317491,1503.2837262229698,75,74,100,100,1.7899999999999998,1.75,11,7,57.489177489177486,37.57703081232493
2016-10-23,2016,FC Schalke 04,FSV Mainz 05,3,0,H,2,1.95,3.6,3.8,1.95,3.6,3.8,1519.668715322617,1561.7267886318027,78,75,100,100,1.8,1.5,4,10,55.83333333333333,63.45471521942111
2016-10-28,2016,Borussia Monchengladbach,Ein Frankfurt,0,0,D,1,1.85,3.5,4.5,1.85,3.5,4.5,1594.0852916684325,1534.1418913178504,75,75,100,100,1.0300000000000002,1.4,5,8,40.82112332112332,55.15384615384615
2016-10-29,2016,Borussia Dortmund,FC Schalke 04,0,0,D,1,1.57,4.33,5.5,1.57,4.33,5.5,1686.6743182907721,1537.5961555877584,81,78,100,100,2.19,1.8399999999999999,8,7,82.66666666666667,53.83333333333333
2016-10-29,2016,SV Darmstadt 98,RB Leipzig,0,2,A,0,6.0,3.8,1.62,6.0,3.8,1.62,1478.845842766505,1586.3271941766961,71,75,100,100,1.02,1.8900000000000001,5,11,38.166666666666664,62.943722943722946
2016-10-29,2016,FC Augsburg,Bayern Munich,1,3,A,0,15.0,6.5,1.2,15.0,6.5,1.2,1489.7564418896568,1836.8828110277125,75,75,100,100,1.3900000000000001,2.0300000000000002,5,11,52.83333333333333,75.66239316239316
2016-10-29,2016,VfL Wolfsburg,Bayer Leverkusen,1,2,A,0,2.7,3.4,2.6,2.7,3.4,2.6,1493.9066707178206,1605.7680995983387,79,79,100,100,1.36,1.6,1,7,57.441558441558435,50.69047619047619
2016-10-29,2016,FSV Mainz 05,Ingolstadt,2,0,H,2,2.1,3.3,3.75,2.1,3.3,3.75,1543.7993483666612,1433.3234899743672,75,75,100,100,1.41,1.3199999999999998,7,1,57.89915966386555,50.80769230769231
2016-10-29,2016,Werder Bremen,SC Freiburg,1,3,A,0,2.3,3.5,3.0,2.3,3.5,3.0,1490.4747963637647,1495.6358775554074,74,75,100,100,1.65,1.56,7,9,40.953654188948306,44.871794871794876
2016-10-30,2016,FC Cologne,Hamburg,3,0,H,2,1.57,3.8,6.5,1.57,3.8,6.5,1572.7573651948585,1426.8634531529917,75,75,100,100,1.05,0.54,8,1,37.750305250305246,18.115384615384617
2016-10-30,2016,TSG Hoffenheim,Hertha BSC,1,0,H,2,2.25,3.4,3.2,2.25,3.4,3.2,1566.4248389504935,1584.690766341698,75,75,100,100,1.86,1.2400000000000002,13,8,47.5,31.888888888888893
2016-11-04,2016,Hertha BSC,Borussia Monchengladbach,3,0,H,2,2.5,3.2,3.0,2.5,3.2,3.0,1567.8503634421804,1591.3518643169716,75,75,100,100,1.2700000000000002,1.11,8,5,32.88888888888889,41.77350427350427
2016-11-05,2016,Bayern Munich,TSG Hoffenheim,1,1,D,1,1.17,8.0,15.0,1.17,8.0,15.0,1840.7032889969475,1583.265241850011,75,75,100,100,2.0700000000000003,2.0700000000000003,11,15,74.94810744810745,46.5
2016-11-05,2016,Ein Frankfurt,FC Cologne,1,0,H,2,2.6,3.1,2.9,2.6,3.1,2.9,1536.8753186693114,1582.4076047208564,75,75,100,100,1.2100000000000002,1.1800000000000002,6,8,60.48717948717949,43.81091131091131
2016-11-05,2016,Hamburg,Borussia Dortmund,2,5,A,0,8.0,4.25,1.45,8.0,4.25,1.45,1417.2132136269938,1680.2014643351126,75,81,100,100,0.64,1.86,1,6,25.388111888111887,74.66666666666667
2016-11-05,2016,Ingolstadt,FC Augsburg,0,2,A,0,2.1,3.3,3.75,2.1,3.3,3.75,1422.2462872947444,1485.9359639204217,75,75,100,100,1.2,1.4500000000000002,1,4,38.80769230769231,51.88095238095237
2016-11-05,2016,Bayer Leverkusen,SV Darmstadt 98,3,2,H,2,1.25,5.75,13.0,1.25,5.75,13.0,1616.7876057951319,1467.6434634397708,79,71,100,100,1.64,0.8200000000000001,9,4,53.357142857142854,38.166666666666664
2016-11-05,2016,SC Freiburg,VfL Wolfsburg,0,3,A,0,2.6,3.3,2.75,2.6,3.3,2.75,1511.3982184638257,1482.8871645210274,75,79,100,100,1.5400000000000003,0.99,9,1,34.871794871794876,53.441558441558435
2016-11-06,2016,RB Leipzig,FSV Mainz 05,3,1,H,2,1.57,3.8,6.5,1.57,3.8,6.5,1597.5295735034304,1554.876551046284,75,75,100,100,1.8699999999999999,1.53,13,7,63.658008658008654,61.42857142857142
2016-11-06,2016,FC Schalke 04,Werder Bremen,3,1,H,2,1.53,4.33,6.0,1.53,4.33,6.0,1544.069009543418,1474.7124554553463,78,74,100,100,1.5,1.54,8,7,56.5,47.42424242424242
2016-11-18,2016,Bayer Leverkusen,RB Leipzig,2,3,A,0,2.3,3.4,3.1,2.3,3.4,3.1,1626.3122108467292,1611.5751380135432,79,75,100,100,1.5200000000000002,2.02,9,15,61.409090909090914,53.18181818181817
2016-11-19,2016,Borussia Dortmund,Bayern Munich,1,0,H,2,3.4,3.6,2.1,3.4,3.6,2.1,1685.9731182191417,1830.627631407968,81,75,100,100,1.7600000000000002,1.9899999999999998,6,9,65.5,80.22588522588524
2016-11-19,2016,SV Darmstadt 98,Ingolstadt,0,1,A,0,3.0,3.1,2.55,3.0,3.1,2.55,1458.1188583881735,1409.1468873719432,71,75,100,100,0.9600000000000002,1.3800000000000001,4,1,34.75757575757575,30.47435897435897
2016-11-19,2016,FC Augsburg,Hertha BSC,0,0,D,1,2.7,3.2,2.75,2.7,3.2,2.75,1499.035363843223,1584.9309998902334,75,75,100,100,1.35,1.4100000000000001,4,10,57.71428571428571,44.88888888888889
2016-11-19,2016,Borussia Monchengladbach,FC Cologne,1,2,A,0,2.2,3.3,3.4,2.2,3.3,3.4,1574.2712278689187,1564.322687787135,75,75,100,100,1.03,1.1,2,7,40.77350427350427,52.06487956487956
2016-11-19,2016,VfL Wolfsburg,FC Schalke 04,0,1,A,0,2.4,3.5,2.9,2.4,3.5,2.9,1500.197207753121,1556.9167832624082,79,78,100,100,1.09,1.6600000000000001,4,11,60.441558441558435,48.166666666666664
2016-11-19,2016,FSV Mainz 05,SC Freiburg,4,2,H,2,2.1,3.5,3.5,2.1,3.5,3.5,1540.8309865361712,1494.0881752317323,75,75,100,100,1.4700000000000002,1.45,7,9,57.61904761904761,39.53846153846153
2016-11-20,2016,TSG Hoffenheim,Hamburg,2,2,D,1,1.62,4.0,5.5,1.62,4.0,5.5,1593.3408994389906,1411.4415597429647,75,75,100,100,2.02,0.9100000000000001,13,1,43.72222222222222,30.388111888111887
2016-11-20,2016,Werder Bremen,Ein Frankfurt,1,2,A,0,2.7,3.5,2.55,2.7,3.5,2.55,1461.864681736356,1554.9602356030327,74,75,100,100,1.5,1.06,4,8,45.75757575757576,53.376068376068375
2016-11-25,2016,SC Freiburg,RB Leipzig,1,4,A,0,3.8,3.6,1.95,3.8,3.6,1.95,1480.2278672437662,1628.2533985764835,75,75,100,100,1.9,1.72,6,15,38.19230769230769,51.84848484848485
2016-11-26,2016,FC Cologne,FC Augsburg,0,0,D,1,1.75,3.5,5.25,1.75,3.5,5.25,1580.780709815685,1502.9123353647835,75,75,100,100,1.2399999999999998,1.4200000000000002,9,5,53.449494949494955,62.47619047619047
2016-11-26,2016,Bayern Munich,Bayer Leverkusen,2,1,H,2,1.29,6.0,10.0,1.29,6.0,10.0,1808.3260259132855,1609.6339502837889,75,79,100,100,1.9,1.53,8,6,79.84126984126983,67.4090909090909
2016-11-26,2016,Ein Frankfurt,Borussia Dortmund,2,1,H,2,4.75,4.2,1.65,4.75,4.2,1.65,1566.7727670637873,1708.2747237138242,75,81,100,100,1.35,1.7700000000000002,11,9,60.55555555555554,52.5
2016-11-26,2016,Hamburg,Werder Bremen,2,2,D,1,2.38,3.4,3.0,2.38,3.4,3.0,1419.12850405504,1450.0521502756017,75,74,100,100,0.93,1.3800000000000001,2,3,32.95954045954046,39.090909090909086
2016-11-26,2016,Ingolstadt,VfL Wolfsburg,1,1,D,1,2.9,3.3,2.5,2.9,3.3,2.5,1427.3873122674586,1486.7862808315856,75,79,100,100,1.4300000000000002,0.86,4,3,29.74561403508772,52.22727272727273
2016-11-26,2016,Borussia Monchengladbach,TSG Hoffenheim,1,1,D,1,2.0,3.6,3.75,2.0,3.6,3.75,1557.8132058403687,1585.6539551269154,75,75,100,100,1.27,1.83,2,11,42.27350427350427,47.45848595848596
2016-11-27,2016,Hertha BSC,FSV Mainz 05,2,1,H,2,2.0,3.5,3.8,2.0,3.5,3.8,1581.0540283686728,1554.6912945241372,75,75,100,100,1.33,1.6600000000000001,8,9,39.46031746031746,60.83333333333333
2016-11-27,2016,FC Schalke 04,SV Darmstadt 98,3,1,H,2,1.33,5.0,10.0,1.33,5.0,10.0,1570.3277101839435,1439.8784334926581,78,71,100,100,1.54,1.1300000000000001,11,3,53.166666666666664,36.51196172248804
2016-12-02,2016,FSV Mainz 05,Bayern Munich,1,3,A,0,10.0,5.75,1.29,10.0,5.75,1.29,1539.9030186837012,1816.0581872857622,75,75,100,100,1.58,2.0100000000000002,6,10,58.33333333333333,78.17460317460316
2016-12-03,2016,Werder Bremen,Ingolstadt,2,1,H,2,2.5,3.3,2.9,2.5,3.3,2.9,1448.6318123814003,1430.0963928633653,74,75,100,100,1.35,1.7,1,5,46.590909090909086,31.134502923976605
2016-12-03,2016,VfL Wolfsburg,Hertha BSC,2,3,A,0,2.1,3.2,3.8,2.1,3.2,3.8,1484.077200235679,1595.8423042091088,79,75,100,100,0.9099999999999999,1.52,4,10,50.61111111111111,51.96031746031747
2016-12-03,2016,RB Leipzig,FC Schalke 04,2,1,H,2,2.0,3.3,4.0,2.0,3.3,4.0,1637.8211360537612,1580.5875334310374,75,78,100,100,1.7899999999999998,1.78,15,13,55.686868686868685,54.25757575757575
2016-12-03,2016,Bayer Leverkusen,SC Freiburg,1,1,D,1,1.5,4.2,7.0,1.5,4.2,7.0,1601.9017889113122,1470.6601297664886,79,75,100,100,1.4500000000000002,1.7400000000000002,6,6,54.07575757575758,39.38888888888889
2016-12-03,2016,TSG Hoffenheim,FC Cologne,4,0,H,2,2.1,3.4,3.6,2.1,3.4,3.6,1584.3745784289565,1577.253598840282,75,75,100,100,1.8400000000000003,1.35,9,7,50.15079365079365,48.449494949494955
2016-12-03,2016,Borussia Dortmund,Borussia Monchengladbach,4,1,H,2,1.5,4.5,6.5,1.5,4.5,6.5,1686.0962152112506,1559.0925825383276,81,75,100,100,1.7,1.37,8,2,43.61111111111111,31.888888888888893
2016-12-04,2016,SV Darmstadt 98,Hamburg,0,2,A,0,2.7,3.1,2.8,2.7,3.1,2.8,1429.6186102455642,1420.5488419492413,71,75,100,100,1.02,1.33,3,2,37.421052631578945,40.84415584415585
2016-12-04,2016,FC Augsburg,Ein Frankfurt,1,1,D,1,2.8,3.0,2.75,2.8,3.0,2.75,1506.4394463401866,1588.951275566361,75,75,100,100,1.3199999999999998,1.3400000000000003,5,13,62.97619047619047,64.44444444444443
2016-12-09,2016,Ein Frankfurt,TSG Hoffenheim,0,0,D,1,2.4,3.3,3.0,2.4,3.3,3.0,1585.2213269447136,1600.0466911115525,75,75,100,100,1.28,1.7200000000000002,11,9,50.15873015873016,51.222222222222214
2016-12-10,2016,FC Cologne,Borussia Dortmund,1,1,D,1,5.5,4.33,1.57,5.5,4.33,1.57,1561.581486157686,1696.4947819902638,75,81,100,100,1.31,1.4900000000000002,7,10,48.766955266955264,42.61111111111111
2016-12-10,2016,SC Freiburg,SV Darmstadt 98,1,0,H,2,1.67,3.75,5.5,1.67,3.75,5.5,1476.4320743506125,1413.2010268319457,75,71,100,100,1.6,0.9100000000000001,4,0,47.96031746031746,37.421052631578945
2016-12-10,2016,Hamburg,FC Augsburg,1,0,H,2,2.3,3.2,3.25,2.3,3.2,3.25,1436.9664253628598,1510.1693949618339,75,75,100,100,1.7100000000000002,1.28,5,6,56.84415584415585,57.26190476190476
2016-12-10,2016,Hertha BSC,Werder Bremen,0,1,A,0,1.73,3.75,5.0,1.73,3.75,5.0,1606.8658168549832,1463.779033656957,75,74,100,100,1.61,1.5000000000000002,10,4,63.07142857142858,46.07142857142857
2016-12-10,2016,Ingolstadt,RB Leipzig,1,0,H,2,4.33,3.75,1.8,4.33,3.75,1.8,1414.9491715878087,1651.209016527299,75,75,100,100,1.65,1.6700000000000004,4,15,38.563074352548036,57.08547008547008
2016-12-10,2016,Bayern Munich,VfL Wolfsburg,5,0,H,2,1.17,7.5,17.0,1.17,7.5,17.0,1821.4799266319324,1473.0536875898044,75,79,100,100,2.03,1.0,10,4,77.06349206349208,34.61111111111111
2016-12-11,2016,Borussia Monchengladbach,FSV Mainz 05,1,0,H,2,1.67,4.0,5.0,1.67,4.0,5.0,1548.6940157593144,1534.481279337531,75,75,100,100,1.4100000000000001,1.53,2,6,34.666666666666664,51.666666666666664
2016-12-11,2016,FC Schalke 04,Bayer Leverkusen,0,1,A,0,2.3,3.3,3.2,2.3,3.3,3.2,1567.1996529574997,1596.1298443271883,78,79,100,100,1.78,1.7200000000000002,10,7,51.949883449883444,53.004329004328994
2016-12-16,2016,TSG Hoffenheim,Borussia Dortmund,2,2,D,1,3.8,4.0,1.85,3.8,4.0,1.85,1599.3643719328738,1690.5763207183547,75,81,100,100,1.23,1.6300000000000001,7,10,40.2991452991453,55.75396825396825
2016-12-17,2016,FC Augsburg,Borussia Monchengladbach,1,0,H,2,3.2,3.1,2.4,3.2,3.1,2.4,1490.8472875514885,1564.0398599123523,75,75,100,100,1.28,1.4700000000000002,6,4,64.04761904761905,44.0
2016-12-17,2016,VfL Wolfsburg,Ein Frankfurt,1,0,H,2,2.5,3.2,3.0,2.5,3.2,3.0,1469.2583122842934,1585.9036461233923,79,75,100,100,1.0400000000000003,1.45,4,11,33.94444444444444,53.74847374847375
2016-12-17,2016,Werder Bremen,FC Cologne,1,1,D,1,2.6,3.4,2.7,2.6,3.4,2.7,1486.0195333412155,1567.499947429595,74,75,100,100,1.5699999999999998,1.04,7,5,39.404761904761905,38.8968253968254
2016-12-17,2016,RB Leipzig,Hertha BSC,2,0,H,2,1.62,3.8,6.0,1.62,3.8,6.0,1625.744597022067,1584.6253171707247,75,75,100,100,1.65,1.75,12,10,53.514041514041516,73.73809523809526
2016-12-17,2016,FSV Mainz 05,Hamburg,3,1,H,2,1.91,3.6,4.0,1.91,3.6,4.0,1519.1354351844932,1456.2885327732051,75,75,100,100,1.32,1.85,3,8,35.666666666666664,57.07142857142858
2016-12-17,2016,FC Schalke 04,SC Freiburg,1,1,D,1,1.67,4.0,5.0,1.67,4.0,5.0,1552.5288668787825,1489.5519056682617,78,75,100,100,1.7300000000000004,1.4700000000000002,9,4,47.37845487845488,48.86940836940837
2016-12-18,2016,SV Darmstadt 98,Bayern Munich,0,1,A,0,19.0,8.0,1.14,19.0,8.0,1.14,1400.0811955142965,1825.2753019374434,71,75,100,100,1.1900000000000002,2.1399999999999997,0,10,41.51196172248804,79.44444444444446
2016-12-18,2016,Bayer Leverkusen,Ingolstadt,1,2,A,0,1.55,4.0,6.25,1.55,4.0,6.25,1610.8006304059054,1440.4135910930406,79,75,100,100,1.51,1.6,7,7,45.57575757575757,47.134502923976605
2016-12-20,2016,Hamburg,FC Schalke 04,2,1,H,2,3.3,3.25,2.3,3.3,3.25,2.3,1443.1515807595501,1549.6600216317229,75,78,100,100,1.69,1.5,8,7,54.57142857142858,58.71178821178821
2016-12-20,2016,Borussia Monchengladbach,VfL Wolfsburg,1,2,A,0,1.95,3.5,4.0,1.95,3.5,4.0,1544.7182106733978,1490.4369046520667,75,79,100,100,1.48,0.9800000000000001,4,4,40.0,35.27777777777778
2016-12-20,2016,Ein Frankfurt,FSV Mainz 05,3,0,H,2,2.0,3.4,3.9,2.0,3.4,3.9,1564.725053755619,1532.2723871981482,75,75,100,100,1.44,1.6,8,6,51.52625152625152,32.33333333333333
2016-12-20,2016,Borussia Dortmund,FC Augsburg,1,1,D,1,1.3,5.5,10.0,1.3,5.5,10.0,1686.4697678806588,1510.168936790443,81,75,100,100,1.5900000000000003,1.0699999999999998,8,6,61.58730158730159,70.71428571428571
2016-12-21,2016,Bayern Munich,RB Leipzig,3,0,H,2,1.36,5.25,8.0,1.36,5.25,8.0,1827.8229245262528,1639.8597761723804,75,75,100,100,1.9400000000000002,1.78,12,12,66.66666666666667,64.84737484737484
2016-12-21,2016,FC Cologne,Bayer Leverkusen,1,1,D,1,2.75,3.3,2.6,2.75,3.3,2.6,1563.8149468666938,1587.5279197061757,75,79,100,100,1.28,1.4,6,4,38.8968253968254,38.66666666666667
2016-12-21,2016,Hertha BSC,SV Darmstadt 98,2,0,H,2,1.57,3.9,6.25,1.57,3.9,6.25,1570.5101380204112,1397.533572925487,75,71,100,100,1.42,1.1900000000000002,7,0,59.73809523809524,47.421052631578945
2016-12-21,2016,TSG Hoffenheim,Werder Bremen,1,1,D,1,1.62,4.0,5.5,1.62,4.0,5.5,1603.4709247705698,1489.7045339041167,75,74,100,100,1.3900000000000001,1.5900000000000003,7,8,44.743589743589745,34.960317460317455
2016-12-21,2016,Ingolstadt,SC Freiburg,1,2,A,0,2.1,3.3,3.75,2.1,3.3,3.75,1463.6863017927703,1492.4207509153214,75,75,100,100,1.7100000000000002,1.4100000000000001,10,5,56.46783625730994,42.86940836940836
2017-01-20,2016,SC Freiburg,Bayern Munich,1,2,A,0,13.0,6.5,1.22,13.0,6.5,1.22,1507.100489462868,1835.9229943318564,75,75,100,100,1.04,2.3200000000000003,8,15,37.03607503607503,65.51282051282053
2017-01-21,2016,FC Augsburg,TSG Hoffenheim,0,2,A,0,2.8,3.3,2.6,2.8,3.3,2.6,1517.6560398502652,1598.4113403553247,75,75,100,100,1.06,1.25,6,7,64.28571428571429,40.45787545787546
2017-01-21,2016,FC Schalke 04,Ingolstadt,1,0,H,2,1.8,3.6,4.75,1.8,3.6,4.75,1528.9032109243092,1449.0065632452238,78,75,100,100,1.33,1.6900000000000002,4,7,57.32289932289932,58.222222222222214
2017-01-21,2016,SV Darmstadt 98,Borussia Monchengladbach,0,0,D,1,4.0,3.6,1.91,4.0,3.6,1.91,1388.900575757295,1526.2386063775064,71,75,100,100,0.9,1.32,0,4,47.0,35.090909090909086
2017-01-21,2016,RB Leipzig,Ein Frankfurt,3,0,H,2,1.62,3.8,6.0,1.62,3.8,6.0,1631.7597063667768,1579.23488448877,75,75,100,100,1.6400000000000001,1.1400000000000001,9,8,59.001221001221,48.19291819291819
2017-01-21,2016,Werder Bremen,Borussia Dortmund,1,2,A,0,6.0,4.33,1.53,6.0,4.33,1.53,1494.7641183193618,1678.9826648208366,74,81,100,100,1.5100000000000002,1.8700000000000003,9,6,41.15079365079365,71.5873015873016
2017-01-21,2016,VfL Wolfsburg,Hamburg,1,0,H,2,1.85,3.6,4.33,1.85,3.6,4.33,1508.9165089479582,1463.9083914669638,79,75,100,100,1.36,1.7799999999999998,7,10,38.686868686868685,54.88888888888889
2017-01-22,2016,Bayer Leverkusen,Hertha BSC,3,1,H,2,1.67,3.7,5.5,1.67,3.7,5.5,1586.4375894379627,1579.1431351886033,79,75,100,100,1.4600000000000002,1.5100000000000002,5,9,41.77777777777777,63.16666666666667
2017-01-22,2016,FSV Mainz 05,FC Cologne,0,0,D,1,2.4,3.3,3.0,2.4,3.3,3.0,1517.7625564649973,1564.9052771349068,75,75,100,100,1.6,1.2,3,4,34.83333333333333,41.78571428571429
2017-01-27,2016,FC Schalke 04,Ein Frankfurt,0,1,A,0,1.73,3.6,5.25,1.73,3.6,5.25,1541.287348845695,1565.6354812123368,78,75,100,100,1.2,1.02,4,5,62.23199023199023,49.3040293040293
2017-01-28,2016,SV Darmstadt 98,FC Cologne,1,6,A,0,3.6,3.3,2.15,3.6,3.3,2.15,1394.9151717150016,1562.7475007669038,71,75,100,100,0.89,1.03,1,4,44.090909090909086,44.285714285714285
2017-01-28,2016,RB Leipzig,TSG Hoffenheim,2,1,H,2,1.73,3.75,4.8,1.73,3.75,4.8,1645.3591096432099,1610.7579763892822,75,75,100,100,1.65,1.19,9,9,57.8901098901099,35.45787545787546
2017-01-28,2016,Ingolstadt,Hamburg,3,1,H,2,2.2,3.2,3.6,2.2,3.2,3.6,1436.622425323838,1449.9695747757435,75,75,100,100,1.5500000000000003,1.48,6,9,55.33333333333333,49.88888888888889
2017-01-28,2016,Werder Bremen,Bayern Munich,1,2,A,0,15.0,6.5,1.2,15.0,6.5,1.2,1486.5329501933954,1840.1124133467026,74,75,100,100,1.52,2.2,8,15,41.15079365079365,70.51282051282051
2017-01-28,2016,VfL Wolfsburg,FC Augsburg,1,2,A,0,1.95,3.5,4.0,1.95,3.5,4.0,1522.8553256391785,1505.3094038163076,79,75,100,100,1.36,1.02,9,5,40.07575757575757,61.78571428571429
2017-01-28,2016,Bayer Leverkusen,Borussia Monchengladbach,2,3,A,0,1.85,3.6,4.33,1.85,3.6,4.33,1602.1017167545638,1520.2240104197997,79,75,100,100,1.6900000000000002,1.1400000000000001,8,4,49.11111111111111,42.090909090909086
2017-01-29,2016,SC Freiburg,Hertha BSC,2,1,H,2,2.5,3.25,2.9,2.5,3.25,2.9,1502.9110704480217,1563.4790078720023,75,75,100,100,1.06,1.34,8,6,29.81385281385281,56.66666666666667
2017-01-29,2016,FSV Mainz 05,Borussia Dortmund,1,1,D,1,5.25,4.2,1.62,5.25,4.2,1.62,1519.9203328330002,1687.213832946803,75,81,100,100,1.67,2.09,4,9,37.33333333333333,72.97619047619048
2017-02-03,2016,Hamburg,Bayer Leverkusen,1,0,H,2,3.1,3.3,2.35,3.1,3.3,2.35,1433.3552180219972,1582.3993952664955,75,79,100,100,1.3000000000000003,1.61,6,7,51.03174603174604,50.539682539682545
2017-02-04,2016,Borussia Monchengladbach,SC Freiburg,3,0,H,2,1.73,3.8,4.75,1.73,3.8,4.75,1539.926331907868,1521.6724107731893,75,75,100,100,1.47,1.15,7,10,44.23376623376623,33.242424242424235
2017-02-04,2016,Bayern Munich,FC Schalke 04,1,1,D,1,1.2,7.5,13.0,1.2,7.5,13.0,1843.8096720790961,1526.4067897992552,75,78,100,100,2.1,1.09,15,4,69.4017094017094,66.53968253968254
2017-02-04,2016,TSG Hoffenheim,FSV Mainz 05,4,0,H,2,1.8,3.8,4.33,1.8,3.8,4.33,1596.3461702654179,1527.0795588055685,75,75,100,100,0.9800000000000001,1.5900000000000003,6,5,34.15917415917416,40.666666666666664
2017-02-04,2016,Hertha BSC,Ingolstadt,1,0,H,2,2.15,3.1,3.8,2.15,3.1,3.8,1544.7176675468347,1453.2367820775842,75,75,100,100,1.03,1.6300000000000001,3,9,44.66666666666667,46.76190476190476
2017-02-04,2016,FC Cologne,VfL Wolfsburg,1,0,H,2,2.05,3.4,3.75,2.05,3.4,3.75,1571.5684426651471,1506.0479922957184,75,79,100,100,1.31,1.4500000000000002,7,9,44.285714285714285,49.166666666666664
2017-02-04,2016,Borussia Dortmund,RB Leipzig,1,0,H,2,1.67,3.8,5.25,1.67,3.8,5.25,1680.0546069742347,1659.7709157670743,81,75,100,100,1.95,1.65,7,9,71.30952380952381,58.30969030969031
2017-02-05,2016,FC Augsburg,Werder Bremen,3,2,H,2,2.1,3.5,3.5,2.1,3.5,3.5,1522.1167371597678,1482.835691461002,75,74,100,100,1.0,1.45,7,5,58.409090909090914,37.023809523809526
2017-02-05,2016,Ein Frankfurt,SV Darmstadt 98,2,0,H,2,1.55,3.8,7.0,1.55,3.8,7.0,1580.5160402587767,1386.0942298167583,75,71,100,100,0.9100000000000001,0.97,7,1,51.58974358974359,48.66233766233766
2017-02-10,2016,FSV Mainz 05,FC Augsburg,2,0,H,2,2.1,3.25,3.8,2.1,3.25,3.8,1514.227803642895,1536.3154466504188,75,75,100,100,1.52,1.2400000000000002,5,10,49.99999999999999,52.57575757575758
2017-02-11,2016,SV Darmstadt 98,Borussia Dortmund,2,1,H,2,9.0,5.0,1.36,9.0,5.0,1.36,1378.21701179815,1695.1215682770953,71,81,100,100,0.6900000000000001,1.98,1,9,43.57142857142857,68.45238095238095
2017-02-11,2016,Ingolstadt,Bayern Munich,0,2,A,0,8.5,5.0,1.36,8.5,5.0,1.36,1441.3549017564412,1832.2442953051427,75,75,100,100,1.8400000000000005,1.7899999999999998,6,13,53.19047619047619,67.28049728049729
2017-02-11,2016,Bayer Leverkusen,Ein Frankfurt,3,0,H,2,1.91,3.5,4.2,1.91,3.5,4.2,1559.92785030313,1588.393258277385,79,75,100,100,1.4500000000000002,1.03,4,9,50.53968253968254,50.666666666666664
2017-02-11,2016,RB Leipzig,Hamburg,0,3,A,0,1.5,4.2,7.0,1.5,4.2,7.0,1644.7039544642137,1455.8267629853626,75,75,100,100,1.4600000000000002,1.2200000000000002,9,6,52.59540459540459,54.96031746031747
2017-02-11,2016,FC Schalke 04,Hertha BSC,2,0,H,2,1.85,3.5,4.5,1.85,3.5,4.5,1537.9721665732086,1556.5995478679777,78,75,100,100,1.1700000000000002,0.9200000000000002,5,6,60.56565656565656,33.0
2017-02-11,2016,Werder Bremen,Borussia Monchengladbach,0,1,A,0,2.88,3.5,2.4,2.88,3.5,2.4,1468.636981970351,1555.0864803924806,74,75,100,100,1.4300000000000002,1.49,2,7,47.023809523809526,33.688311688311686
2017-02-12,2016,VfL Wolfsburg,TSG Hoffenheim,2,1,H,2,2.5,3.4,2.8,2.5,3.4,2.8,1493.0300531784424,1609.1979254280914,79,75,100,100,1.4700000000000002,1.45,9,8,55.83333333333333,37.74891774891775
2017-02-12,2016,SC Freiburg,FC Cologne,2,1,H,2,2.7,3.1,2.8,2.7,3.1,2.8,1506.5122622885767,1584.5863817824231,75,75,100,100,1.25,1.36,7,9,36.878787878787875,51.42857142857142
2017-02-17,2016,FC Augsburg,Bayer Leverkusen,1,3,A,0,3.25,3.25,2.25,3.25,3.25,2.25,1519.299641214343,1577.2358055304599,75,79,100,100,1.4600000000000002,1.73,7,7,37.57575757575758,57.30891330891332
2017-02-18,2016,FSV Mainz 05,Werder Bremen,0,2,A,0,1.95,3.5,4.0,1.95,3.5,4.0,1531.2436090789708,1456.5379529165352,75,74,100,100,1.2500000000000002,1.53,5,1,55.0,53.134920634920626
2017-02-18,2016,TSG Hoffenheim,SV Darmstadt 98,2,0,H,2,1.45,4.5,7.5,1.45,4.5,7.5,1588.0390263353593,1405.7714189934122,75,71,100,100,1.5399999999999998,0.9400000000000002,7,4,42.19336219336219,28.571428571428573
2017-02-18,2016,Borussia Dortmund,VfL Wolfsburg,3,0,H,2,1.44,4.5,7.5,1.44,4.5,7.5,1667.567161081833,1514.1889522711745,81,79,100,100,1.98,1.61,8,9,75.11904761904762,51.38888888888889
2017-02-18,2016,Hamburg,SC Freiburg,2,2,D,1,2.05,3.4,3.75,2.05,3.4,3.75,1479.758483363202,1526.0483865553579,75,75,100,100,1.31,1.4700000000000002,9,9,58.2936507936508,52.378787878787875
2017-02-18,2016,Ein Frankfurt,Ingolstadt,0,2,A,0,2.05,3.1,4.2,2.05,3.1,4.2,1571.0853030500552,1438.3041059184598,75,75,100,100,1.13,1.4700000000000002,9,3,53.230769230769226,43.857142857142854
2017-02-18,2016,Hertha BSC,Bayern Munich,1,1,D,1,10.0,4.33,1.36,10.0,4.33,1.36,1539.7425462374413,1835.2950911431242,75,75,100,100,1.02,1.9500000000000004,6,13,41.0,75.61383061383063
2017-02-19,2016,FC Cologne,FC Schalke 04,1,1,D,1,2.5,3.1,3.1,2.5,3.1,3.1,1565.050257515642,1554.829168203745,75,78,100,100,1.3399999999999999,1.1800000000000002,8,7,42.817460317460316,52.56565656565656
2017-02-19,2016,Borussia Monchengladbach,RB Leipzig,1,2,A,0,2.6,3.2,2.8,2.6,3.2,2.8,1567.1855094462962,1620.7722340863743,75,75,100,100,1.53,1.13,10,6,38.688311688311686,41.26207126207125
2017-02-24,2016,VfL Wolfsburg,Werder Bremen,1,2,A,0,1.91,3.5,4.2,1.91,3.5,4.2,1504.8265878391774,1475.9262184452632,79,74,100,100,1.33,1.55,6,3,44.11616161616162,49.50854700854701
2017-02-25,2016,Bayer Leverkusen,FSV Mainz 05,0,2,A,0,1.73,3.8,4.75,1.73,3.8,4.75,1590.5922046136973,1511.8553435502429,79,75,100,100,1.9100000000000001,1.23,9,5,59.53113553113553,55.769230769230774
2017-02-25,2016,Hertha BSC,Ein Frankfurt,2,0,H,2,2.05,3.2,4.0,2.05,3.2,4.0,1550.8052438878033,1549.2517855234337,75,75,100,100,0.86,1.27,4,6,37.57142857142857,52.11965811965812
2017-02-25,2016,SC Freiburg,Borussia Dortmund,0,3,A,0,5.75,4.2,1.57,5.75,4.2,1.57,1523.9291822844878,1676.9295255138302,75,81,100,100,1.4000000000000001,2.0700000000000003,7,10,54.04545454545455,76.48268398268398
2017-02-25,2016,SV Darmstadt 98,FC Augsburg,1,2,A,0,2.8,3.25,2.6,2.8,3.25,2.6,1397.4714015087372,1505.9432421311055,71,75,100,100,1.1200000000000003,1.5400000000000003,4,6,27.23809523809524,39.242424242424235
2017-02-25,2016,Bayern Munich,Hamburg,8,0,H,2,1.14,8.5,19.0,1.14,8.5,19.0,1824.2323934927622,1481.8776876340721,75,75,100,100,1.7100000000000002,1.1400000000000001,11,7,73.19624819624819,61.07142857142857
2017-02-25,2016,RB Leipzig,FC Cologne,3,1,H,2,1.67,3.75,5.5,1.67,3.75,5.5,1634.3238578445184,1564.5796947008487,75,75,100,100,1.29,1.4,9,8,40.56277056277055,53.92857142857142
2017-02-26,2016,FC Schalke 04,TSG Hoffenheim,1,1,D,1,2.05,3.4,3.8,2.05,3.4,3.8,1555.2997310185383,1596.3390438200342,78,75,100,100,1.28,1.64,8,9,41.45454545454545,48.38383838383838
2017-02-26,2016,Ingolstadt,Borussia Monchengladbach,0,2,A,0,2.7,3.1,2.8,2.7,3.1,2.8,1460.1376234450813,1553.633885688152,75,75,100,100,1.6400000000000001,1.4100000000000001,6,10,41.634920634920626,44.142857142857146
2017-03-03,2016,FC Augsburg,RB Leipzig,2,2,D,1,4.2,3.5,1.91,4.2,3.5,1.91,1517.1041444775979,1647.154478126508,75,75,100,100,1.6700000000000004,1.17,9,9,39.242424242424235,50.56277056277056
2017-03-04,2016,Borussia Dortmund,Bayer Leverkusen,6,2,H,2,1.5,4.33,6.5,1.5,4.33,6.5,1686.306302982156,1571.027062988519,81,79,100,100,2.2,1.6300000000000001,10,6,71.48268398268398,56.11937082525318
2017-03-04,2016,Werder Bremen,SV Darmstadt 98,2,0,H,2,1.67,4.0,5.0,1.67,4.0,5.0,1493.254068482418,1386.310499162245,74,71,100,100,1.45,1.0900000000000003,6,3,43.437118437118436,29.238095238095234
2017-03-04,2016,Borussia Monchengladbach,FC Schalke 04,4,2,H,2,2.3,3.3,3.2,2.3,3.3,3.2,1565.4292330122305,1557.1809202553263,75,78,100,100,1.37,1.08,12,6,40.142857142857146,40.78787878787878
2017-03-04,2016,FSV Mainz 05,VfL Wolfsburg,1,1,D,1,2.25,3.4,3.2,2.25,3.4,3.2,1531.4204851754212,1487.4987378020226,75,79,100,100,1.2200000000000002,1.61,7,3,55.180995475113114,50.18759018759019
2017-03-04,2016,TSG Hoffenheim,Ingolstadt,5,2,H,2,1.75,3.75,4.75,1.75,3.75,4.75,1594.4578545832462,1448.342276121003,75,75,100,100,1.69,1.6400000000000001,7,6,45.050505050505045,47.63492063492063
2017-03-04,2016,FC Cologne,Bayern Munich,0,3,A,0,8.5,4.75,1.4,8.5,4.75,1.4,1551.7490744188592,1828.1462535317755,75,75,100,100,1.28,2.04,7,11,43.92857142857143,64.86291486291486
2017-03-05,2016,Ein Frankfurt,SC Freiburg,1,2,A,0,2.1,3.5,3.5,2.1,3.5,3.5,1533.3233244481528,1514.552404816162,75,75,100,100,1.27,1.36,6,7,55.452991452991455,64.87878787878789
2017-03-05,2016,Hamburg,Hertha BSC,1,0,H,2,2.45,3.2,3.0,2.45,3.2,3.0,1477.9638275950588,1566.7337049630842,75,75,100,100,1.0800000000000003,0.89,7,7,63.57142857142857,38.23809523809524
2017-03-10,2016,Bayer Leverkusen,Werder Bremen,1,1,D,1,1.5,4.33,6.5,1.5,4.33,6.5,1560.1492633035234,1504.478997326416,79,74,100,100,1.58,1.4300000000000002,6,9,49.26222796811032,43.437118437118436
2017-03-11,2016,Bayern Munich,Ein Frankfurt,3,0,H,2,1.13,9.0,21.0,1.13,9.0,21.0,1833.5617223355232,1516.4597317434366,75,75,100,100,2.27,1.42,11,3,65.67099567099567,65.91452991452991
2017-03-11,2016,SV Darmstadt 98,FSV Mainz 05,2,1,H,2,3.5,3.25,2.2,3.5,3.25,2.2,1375.085570318247,1529.4085204592225,71,75,100,100,1.1000000000000003,1.27,3,7,36.22222222222222,56.51432880844645
2017-03-11,2016,SC Freiburg,TSG Hoffenheim,1,1,D,1,3.0,3.4,2.38,3.0,3.4,2.38,1531.4159975208781,1604.0994959282084,75,75,100,100,1.31,2.21,7,10,54.41724941724942,44.444444444444436
2017-03-11,2016,Hertha BSC,Borussia Dortmund,2,1,H,2,5.25,4.0,1.65,5.25,4.0,1.65,1546.7323934887268,1697.1841026671516,75,81,100,100,0.8200000000000001,2.5900000000000003,7,12,35.95238095238095,72.14935064935065
2017-03-11,2016,Ingolstadt,FC Cologne,2,2,D,1,2.5,3.1,3.1,2.5,3.1,3.1,1438.7006347760407,1546.3336056151115,75,75,100,100,1.4500000000000002,1.0,3,4,58.11111111111111,36.13636363636364
2017-03-11,2016,RB Leipzig,VfL Wolfsburg,0,1,A,0,1.62,3.8,6.0,1.62,3.8,6.0,1641.4303153180067,1489.5107025182213,75,79,100,100,1.15,1.5699999999999998,7,4,54.97835497835498,53.096681096681095
2017-03-12,2016,FC Schalke 04,FC Augsburg,3,0,H,2,1.75,3.5,5.25,1.75,3.5,5.25,1541.5606977486523,1522.828307286099,78,75,100,100,1.03,1.5000000000000002,6,7,36.78787878787879,31.190476190476186
2017-03-12,2016,Hamburg,Borussia Monchengladbach,2,1,H,2,2.75,3.3,2.6,2.75,3.3,2.6,1497.9651390694162,1581.0494555189046,75,75,100,100,1.06,1.4400000000000002,10,12,60.71428571428571,45.0
2017-03-17,2016,Borussia Dortmund,Ingolstadt,1,0,H,2,1.3,5.5,10.5,1.3,5.5,10.5,1674.6584316987023,1443.5046091631266,81,75,100,100,2.5500000000000003,1.78,9,4,71.1969696969697,63.11111111111111
2017-03-18,2016,VfL Wolfsburg,SV Darmstadt 98,1,0,H,2,1.5,4.0,7.5,1.5,4.0,7.5,1512.0926308224161,1397.7591845092252,79,71,100,100,1.72,1.37,7,6,49.096681096681095,38.47222222222222
2017-03-18,2016,Werder Bremen,RB Leipzig,3,0,H,2,3.5,3.6,2.05,3.5,3.6,2.05,1507.0209903626305,1618.8483870138118,74,75,100,100,1.31,1.44,10,7,38.675213675213676,63.264069264069256
2017-03-18,2016,FC Augsburg,SC Freiburg,1,1,D,1,2.4,3.3,3.0,2.4,3.3,3.0,1507.6901308154897,1534.7152066298243,75,75,100,100,1.28,1.23,4,8,31.7965367965368,49.871794871794876
2017-03-18,2016,FC Cologne,Hertha BSC,4,2,H,2,2.38,3.2,3.2,2.38,3.2,3.2,1541.5296312280257,1569.258064457176,75,75,100,100,0.95,0.9800000000000001,2,7,26.136363636363637,37.61904761904761
2017-03-18,2016,TSG Hoffenheim,Bayer Leverkusen,1,0,H,2,2.15,3.6,3.3,2.15,3.6,3.3,1600.8002868192623,1557.6072702673089,75,79,100,100,2.22,1.9300000000000002,8,7,47.77777777777777,52.11937082525317
2017-03-18,2016,Ein Frankfurt,Hamburg,0,0,D,1,2.2,3.2,3.5,2.2,3.2,3.5,1512.0184877486981,1517.7200093339368,75,75,100,100,1.29,1.2400000000000002,0,10,57.91452991452991,62.61904761904761
2017-03-19,2016,FSV Mainz 05,FC Schalke 04,0,1,A,0,2.63,3.5,2.63,2.63,3.5,2.63,1506.7349062682442,1556.6988742192616,75,78,100,100,1.4300000000000002,1.37,7,8,56.93099547511313,44.060606060606055
2017-03-19,2016,Borussia Monchengladbach,Bayern Munich,0,1,A,0,8.0,4.75,1.4,8.0,4.75,1.4,1561.294585254384,1838.0029663302616,75,75,100,100,1.4000000000000001,2.4300000000000006,9,13,46.21212121212121,63.12554112554112
2017-03-31,2016,Hertha BSC,TSG Hoffenheim,1,3,A,0,2.9,3.1,2.6,2.9,3.1,2.6,1551.9838271666963,1614.821359406136,75,75,100,100,1.17,2.0900000000000007,7,11,43.98268398268398,41.11111111111111
2017-04-01,2016,Hamburg,FC Cologne,2,1,H,2,2.38,3.2,3.2,2.38,3.2,3.2,1517.4574681285867,1558.8038685185054,75,75,100,100,0.9800000000000001,0.9400000000000001,8,5,62.01298701298701,27.272727272727273
2017-04-01,2016,RB Leipzig,SV Darmstadt 98,4,0,H,2,1.36,5.0,9.0,1.36,5.0,9.0,1597.8693086367005,1386.8422593231803,75,71,100,100,1.44,1.04,7,3,67.7085137085137,46.47222222222222
2017-04-01,2016,SC Freiburg,Werder Bremen,2,5,A,0,2.25,3.5,3.2,2.25,3.5,3.2,1533.4731598524772,1528.000068739742,75,74,100,100,1.06,1.1600000000000001,6,13,37.371794871794876,32.56410256410256
2017-04-01,2016,Bayern Munich,FC Augsburg,6,0,H,2,1.1,10.0,26.0,1.1,10.0,26.0,1843.4103803159812,1508.9321775928368,75,75,100,100,2.48,1.2100000000000002,13,5,58.68109668109669,41.7965367965368
2017-04-01,2016,FC Schalke 04,Borussia Dortmund,1,1,D,1,3.75,3.6,2.0,3.75,3.6,2.0,1570.4136799266703,1681.3482059478717,78,81,100,100,1.4000000000000001,2.4300000000000006,8,12,39.77489177489177,64.53030303030303
2017-04-01,2016,Ein Frankfurt,Borussia Monchengladbach,0,0,D,1,2.5,3.3,2.9,2.5,3.3,2.9,1512.2810289540482,1555.8871712686644,75,75,100,100,1.19,1.34,1,6,55.956487956487955,52.32323232323232
2017-04-02,2016,Bayer Leverkusen,VfL Wolfsburg,3,3,D,1,1.8,3.75,4.5,1.8,3.75,4.5,1543.5861976804351,1523.009556008461,79,79,100,100,1.9200000000000004,1.65,4,7,56.90569561157796,52.2077922077922
2017-04-02,2016,Ingolstadt,FSV Mainz 05,2,1,H,2,2.1,3.3,3.8,2.1,3.3,3.8,1436.8148349139572,1493.0201005608355,75,75,100,100,1.9200000000000004,1.5700000000000003,4,4,63.11111111111111,56.216709760827406
2017-04-04,2016,Werder Bremen,FC Schalke 04,3,0,H,2,3.0,3.5,2.3,3.0,3.5,2.3,1544.2520930535322,1575.3555923676513,74,78,100,100,1.31,1.33,13,8,33.33333333333333,53.62104562104562
2017-04-04,2016,Borussia Dortmund,Hamburg,3,0,H,2,1.29,5.75,10.0,1.29,5.75,10.0,1676.4062935068907,1535.3526023248614,81,75,100,100,1.9400000000000002,1.06,10,10,54.32051282051282,67.01298701298701
2017-04-04,2016,FC Cologne,Ein Frankfurt,1,0,H,2,2.35,3.2,3.2,2.35,3.2,3.2,1540.9087343222307,1514.2786877113404,75,75,100,100,0.8,1.1099999999999999,4,2,10.606060606060606,65.24941724941725
2017-04-04,2016,TSG Hoffenheim,Bayern Munich,1,0,H,2,6.0,4.6,1.5,6.0,4.6,1.5,1627.9587291172697,1847.4826794936714,75,75,100,100,2.35,2.5700000000000003,11,15,47.77777777777778,63.91919191919192
2017-04-05,2016,VfL Wolfsburg,SC Freiburg,0,1,A,0,1.73,3.75,5.0,1.73,3.75,5.0,1523.9560390313782,1517.221135538687,79,75,100,100,2.0100000000000002,1.11,8,5,65.23809523809524,39.03846153846153
2017-04-05,2016,FC Augsburg,Ingolstadt,2,3,A,0,2.7,3.1,2.8,2.7,3.1,2.8,1504.8598784151466,1455.380837820683,75,75,100,100,1.07,1.6600000000000001,5,4,38.46320346320346,62.0
2017-04-05,2016,Borussia Monchengladbach,Hertha BSC,1,0,H,2,1.83,3.5,4.5,1.83,3.5,4.5,1553.8895125113722,1538.8464574555626,75,75,100,100,1.2000000000000002,1.15,7,6,39.59595959595959,35.41125541125541
2017-04-05,2016,SV Darmstadt 98,Bayer Leverkusen,0,2,A,0,5.0,3.8,1.7,5.0,3.8,1.7,1379.5187950542445,1542.639714657518,71,79,100,100,0.96,1.6,3,2,45.519841269841265,46.90569561157797
2017-04-05,2016,FSV Mainz 05,RB Leipzig,2,3,A,0,3.4,3.4,2.15,3.4,3.4,2.15,1474.4540976541098,1605.1927729056363,75,75,100,100,1.3800000000000003,1.8,4,7,55.44747899159664,76.53968253968254
2017-04-07,2016,Ein Frankfurt,Werder Bremen,2,2,D,1,2.0,3.5,3.8,2.0,3.5,3.8,1499.502650758582,1561.6806478414474,75,74,100,100,1.1400000000000001,1.4700000000000002,2,13,71.91608391608392,43.33333333333333
2017-04-08,2016,FC Schalke 04,VfL Wolfsburg,4,1,H,2,2.0,3.5,3.75,2.0,3.5,3.75,1557.9270375797362,1507.6459241059556,78,79,100,100,1.4400000000000002,1.83,7,8,48.85914085914085,60.0
2017-04-08,2016,RB Leipzig,Bayer Leverkusen,1,0,H,2,1.91,3.6,4.0,1.91,3.6,4.0,1615.4409876776697,1551.6349941554356,75,79,100,100,1.9,1.78,7,5,61.99422799422799,50.86291486291486
2017-04-08,2016,Hamburg,TSG Hoffenheim,2,1,H,2,3.5,3.5,2.1,3.5,3.5,2.1,1525.5135369750612,1652.9078233895093,75,75,100,100,1.37,2.35,10,13,65.01298701298701,49.86111111111111
2017-04-08,2016,FC Cologne,Borussia Monchengladbach,2,3,A,0,2.63,3.2,2.8,2.63,3.2,2.8,1555.684771274989,1569.1971867969062,75,75,100,100,0.8000000000000002,1.44,7,7,10.606060606060606,44.92929292929293
2017-04-08,2016,Bayern Munich,Borussia Dortmund,4,1,H,2,1.62,4.0,5.5,1.62,4.0,5.5,1822.5335852214318,1686.245358856691,75,81,100,100,2.3600000000000003,1.8400000000000003,12,10,65.16919191919192,58.82051282051282
2017-04-08,2016,SC Freiburg,FSV Mainz 05,1,0,H,2,2.38,3.4,3.0,2.38,3.4,3.0,1533.5312504641095,1464.2058828820764,75,75,100,100,1.28,1.37,8,1,33.2051282051282,60.58116883116884
2017-04-09,2016,Ingolstadt,SV Darmstadt 98,3,2,H,2,1.5,4.0,7.5,1.5,4.0,7.5,1473.6441515779106,1370.5235155563269,75,71,100,100,1.77,1.04,7,3,62.5,40.97438672438672
2017-04-09,2016,Hertha BSC,FC Augsburg,2,0,H,2,1.75,3.5,5.25,1.75,3.5,5.25,1523.5387831700286,1486.5965646579189,75,75,100,100,1.1300000000000001,1.1,3,2,35.41125541125541,35.96320346320346
2017-04-15,2016,VfL Wolfsburg,Ingolstadt,3,0,H,2,2.0,3.3,3.75,2.0,3.3,3.75,1493.9454236931297,1485.029974282804,79,75,100,100,1.78,2.16,7,10,51.333333333333336,63.45238095238095
2017-04-15,2016,RB Leipzig,SC Freiburg,4,0,H,2,1.44,4.33,7.0,1.44,4.33,7.0,1628.5352073692436,1546.380404654021,75,75,100,100,1.9200000000000004,1.2500000000000002,9,8,60.851370851370845,34.52380952380952
2017-04-15,2016,FSV Mainz 05,Hertha BSC,1,0,H,2,2.25,3.2,3.3,2.25,3.2,3.3,1451.3567286921648,1537.84391355565,75,75,100,100,1.4,1.5100000000000002,0,6,69.72402597402598,49.6969696969697
2017-04-15,2016,TSG Hoffenheim,Borussia Monchengladbach,5,3,H,2,2.0,3.5,3.6,2.0,3.5,3.6,1631.2906110530203,1584.5752306197273,75,75,100,100,1.98,1.4100000000000001,10,7,49.86111111111111,43.838383838383834
2017-04-15,2016,FC Augsburg,FC Cologne,2,1,H,2,2.8,3.2,2.55,2.8,3.2,2.55,1472.2914342722975,1540.306727452168,75,75,100,100,1.0,0.8300000000000001,1,7,33.10606060606061,16.06060606060606
2017-04-15,2016,Bayer Leverkusen,Bayern Munich,0,0,D,1,4.75,4.2,1.62,4.75,4.2,1.62,1538.5407744638617,1832.5605499451501,79,75,100,100,1.8,2.2600000000000002,5,12,48.86291486291486,62.13888888888889
2017-04-15,2016,Borussia Dortmund,Ein Frankfurt,3,1,H,2,1.44,4.33,7.0,1.44,4.33,7.0,1676.2183941329727,1502.3358706192357,81,75,100,100,1.37,1.31,7,3,51.48717948717948,69.45454545454545
2017-04-16,2016,SV Darmstadt 98,FC Schalke 04,2,1,H,2,5.75,3.8,1.6,5.75,3.8,1.6,1359.1376928514335,1571.627537992562,71,78,100,100,1.0699999999999998,1.6900000000000002,3,10,31.133116883116884,57.52580752580752
2017-04-16,2016,Werder Bremen,Hamburg,2,1,H,2,2.25,3.4,3.1,2.25,3.4,3.1,1558.8474279807936,1547.1307493115503,74,75,100,100,1.4600000000000002,1.5200000000000002,11,10,42.888888888888886,64.06060606060605
2017-04-21,2016,FC Cologne,TSG Hoffenheim,1,1,D,1,3.0,3.4,2.38,3.0,3.4,2.38,1521.2139159390822,1645.1521597007381,75,75,100,100,0.8000000000000002,1.9900000000000002,6,12,32.06060606060606,56.527777777777786
2017-04-22,2016,Bayern Munich,FSV Mainz 05,2,2,D,1,1.18,7.0,17.0,1.18,7.0,17.0,1821.5348067910315,1471.2593319540097,75,75,100,100,2.27,1.3199999999999998,10,3,66.13888888888889,69.97402597402598
2017-04-22,2016,Ein Frankfurt,FC Augsburg,3,1,H,2,1.75,3.6,5.0,1.75,3.6,5.0,1493.7357099239523,1491.3842457853832,75,75,100,100,1.22,1.1,3,4,65.45454545454545,29.833333333333332
2017-04-22,2016,Hamburg,SV Darmstadt 98,1,2,A,0,1.4,4.75,8.0,1.4,4.75,8.0,1531.6701178521735,1383.8616743194407,75,71,100,100,1.33,1.0699999999999998,7,3,59.29870129870129,28.519480519480517
2017-04-22,2016,Hertha BSC,VfL Wolfsburg,1,0,H,2,2.5,3.3,2.9,2.5,3.3,2.9,1517.9413102938051,1509.5349421679657,75,79,100,100,1.33,1.7600000000000002,3,7,49.03030303030303,52.0
2017-04-22,2016,Ingolstadt,Werder Bremen,2,4,A,0,2.2,3.5,3.2,2.2,3.5,3.2,1469.440455807968,1574.3080594401704,75,74,100,100,1.7200000000000002,1.56,9,13,56.78571428571429,45.74603174603174
2017-04-22,2016,Borussia Monchengladbach,Borussia Dortmund,2,3,A,0,3.5,3.7,2.05,3.5,3.7,2.05,1570.7136819720095,1684.818554828256,75,81,100,100,1.48,1.54,7,10,40.5050505050505,54.15384615384615
2017-04-23,2016,FC Schalke 04,RB Leipzig,1,1,D,1,3.0,3.5,2.3,3.0,3.5,2.3,1546.903556524555,1640.8208106104705,78,75,100,100,1.7400000000000002,1.9400000000000002,7,12,61.16217116217116,66.85137085137085
2017-04-23,2016,SC Freiburg,Bayer Leverkusen,2,1,H,2,3.4,3.6,2.1,3.4,3.6,2.1,1534.0948014127941,1549.5665176179803,75,79,100,100,1.2200000000000002,1.5699999999999998,7,5,24.523809523809526,41.43434343434344
2017-04-28,2016,Bayer Leverkusen,FC Schalke 04,1,4,A,0,2.1,3.5,3.5,2.1,3.5,3.5,1532.8544893506582,1551.1262519633472,79,78,100,100,1.4,1.6,5,5,35.87878787878788,65.44788544788545
2017-04-29,2016,RB Leipzig,Ingolstadt,0,0,D,1,1.45,4.5,7.0,1.45,4.5,7.0,1636.5981151716783,1458.1282856968937,75,75,100,100,1.9200000000000004,1.85,13,9,65.74025974025975,66.482683982684
2017-04-29,2016,FSV Mainz 05,Borussia Monchengladbach,1,2,A,0,2.2,3.4,3.3,2.2,3.4,3.3,1483.4994224131035,1559.7872910035694,75,75,100,100,1.24,1.49,4,7,58.188311688311686,36.06060606060605
2017-04-29,2016,SV Darmstadt 98,SC Freiburg,3,0,H,2,3.3,3.3,2.25,3.3,3.3,2.25,1406.2855532042297,1550.8068296801162,71,75,100,100,1.22,1.34,6,9,28.51948051948052,29.523809523809526
2017-04-29,2016,VfL Wolfsburg,Bayern Munich,0,6,A,0,8.0,4.75,1.4,8.0,4.75,1.4,1493.9219942001212,1809.2947163319377,79,75,100,100,1.6000000000000003,2.2800000000000002,4,8,45.71428571428571,74.75
2017-04-29,2016,Borussia Dortmund,FC Cologne,0,0,D,1,1.29,5.75,10.0,1.29,5.75,10.0,1695.7449457966961,1526.6911039724234,81,75,100,100,1.7200000000000002,0.85,10,4,54.153846153846146,40.42424242424242
2017-04-29,2016,Werder Bremen,Hertha BSC,2,0,H,2,2.05,3.5,3.6,2.05,3.5,3.6,1585.6202295512446,1533.5542582616497,74,75,100,100,1.6,1.35,13,6,40.493506493506494,46.95238095238095
2017-04-30,2016,FC Augsburg,Hamburg,4,0,H,2,2.5,3.3,2.9,2.5,3.3,2.9,1475.4925330574076,1509.2462389673844,75,75,100,100,1.09,1.65,3,6,21.499999999999996,58.57142857142858
2017-04-30,2016,TSG Hoffenheim,Ein Frankfurt,1,0,H,2,1.57,4.0,6.0,1.57,4.0,6.0,1639.674971667397,1509.6274226519279,75,75,100,100,2.05,1.5900000000000003,10,5,60.08333333333333,71.5151515151515
2017-05-05,2016,FC Cologne,Werder Bremen,4,3,H,2,2.55,3.5,2.7,2.55,3.5,2.7,1533.915018857574,1599.2402920792238,75,74,100,100,0.79,1.46,5,13,37.090909090909086,40.493506493506494
2017-05-06,2016,Bayern Munich,SV Darmstadt 98,1,0,H,2,1.07,13.0,26.0,1.07,13.0,26.0,1813.7741717465067,1428.581973908781,75,71,100,100,2.2800000000000002,1.3699999999999999,8,9,68.08333333333333,33.574425574425575
2017-05-06,2016,Ein Frankfurt,VfL Wolfsburg,0,2,A,0,2.6,3.4,2.7,2.6,3.4,2.7,1499.3514736363675,1489.4425387855522,75,79,100,100,1.4,1.2500000000000002,4,3,64.76190476190474,39.047619047619044
2017-05-06,2016,Borussia Dortmund,TSG Hoffenheim,2,1,H,2,1.5,4.75,5.75,1.5,4.75,5.75,1688.5210309115455,1649.9509206829573,81,75,100,100,1.9600000000000002,1.5699999999999998,10,10,68.0,48.65476190476191
2017-05-06,2016,Hertha BSC,RB Leipzig,1,4,A,0,3.5,3.5,2.1,3.5,3.5,2.1,1519.9341957336705,1629.0332264970345,75,75,100,100,1.36,1.5400000000000003,6,11,56.95238095238095,63.95454545454545
2017-05-06,2016,Borussia Monchengladbach,FC Augsburg,1,1,D,1,1.73,3.8,4.75,1.73,3.8,4.75,1572.329497005947,1493.0420766979285,75,75,100,100,1.72,1.48,9,6,39.696969696969695,28.166666666666664
2017-05-06,2016,Ingolstadt,Bayer Leverkusen,1,1,D,1,2.38,3.5,2.9,2.38,3.5,2.9,1465.6931743715375,1517.6951602304441,75,79,100,100,1.59,1.41,7,4,63.98268398268399,40.54545454545455
2017-05-07,2016,SC Freiburg,FC Schalke 04,2,0,H,2,3.3,3.5,2.15,3.3,3.5,2.15,1528.5104089755648,1566.2855810835613,75,78,100,100,1.3,1.8300000000000005,9,7,28.754578754578755,63.6017316017316
2017-05-07,2016,Hamburg,FSV Mainz 05,0,0,D,1,2.38,3.4,3.0,2.38,3.4,3.0,1491.6966953268636,1470.957216410726,75,75,100,100,1.6,1.59,3,4,51.904761904761905,62.73376623376623
2017-05-13,2016,Bayer Leverkusen,FC Cologne,2,2,D,1,2.1,3.5,3.5,2.1,3.5,3.5,1515.3181042797605,1552.8884028179252,79,75,100,100,1.3500000000000003,1.2200000000000002,2,5,35.23076923076923,53.75757575757575
2017-05-13,2016,VfL Wolfsburg,Borussia Monchengladbach,1,1,D,1,1.95,3.6,4.0,1.95,3.6,4.0,1505.8987384144953,1568.740268534772,79,75,100,100,1.1099999999999999,1.6,6,7,39.047619047619044,33.86363636363636
2017-05-13,2016,Werder Bremen,TSG Hoffenheim,3,5,A,0,2.63,3.6,2.55,2.63,3.6,2.55,1580.2669081188726,1635.719878958162,74,75,100,100,1.3800000000000001,1.5699999999999998,10,7,32.3982683982684,44.90476190476191
2017-05-13,2016,FC Schalke 04,Hamburg,1,1,D,1,2.05,3.75,3.5,2.05,3.75,3.5,1548.552792667585,1490.7427398207349,78,75,100,100,1.83,1.34,7,4,68.36363636363637,56.404761904761905
2017-05-13,2016,RB Leipzig,Bayern Munich,4,5,A,0,3.75,3.7,1.95,3.75,3.7,1.95,1640.1679020231913,1816.9166908224456,75,75,100,100,1.5700000000000003,2.38,11,11,73.04545454545455,69.83333333333333
2017-05-13,2016,SC Freiburg,Ingolstadt,1,1,D,1,2.38,3.5,2.9,2.38,3.5,2.9,1546.2431973915411,1468.070230322221,75,75,100,100,1.27,1.4000000000000001,9,5,28.754578754578755,62.251914751914754
2017-05-13,2016,FC Augsburg,Borussia Dortmund,1,1,D,1,6.0,4.6,1.5,6.0,4.6,1.5,1496.6313051691034,1702.7520726363407,75,81,100,100,1.4200000000000004,1.6600000000000001,7,10,33.166666666666664,71.0
2017-05-13,2016,FSV Mainz 05,Ein Frankfurt,4,2,H,2,1.7,3.8,5.0,1.7,3.8,5.0,1471.9111719168548,1482.8952740074244,75,75,100,100,1.6600000000000001,1.36,5,4,55.68831168831169,51.42857142857142
2017-05-13,2016,SV Darmstadt 98,Hertha BSC,0,2,A,0,3.5,3.4,2.15,3.5,3.4,2.15,1425.439454832842,1508.799520207514,71,75,100,100,1.41,1.2600000000000002,9,6,35.11988011988012,55.74025974025974
2017-05-20,2016,TSG Hoffenheim,FC Augsburg,0,0,D,1,1.36,5.0,8.5,1.36,5.0,8.5,1649.1876411177072,1505.1471214553126,75,75,100,100,1.81,1.5400000000000003,10,8,43.95238095238095,41.166666666666664
2017-05-20,2016,Hertha BSC,Bayer Leverkusen,2,6,A,0,2.05,3.4,3.8,2.05,3.4,3.8,1521.0326528466728,1517.04156798275,75,79,100,100,1.12,1.7200000000000002,6,3,47.740259740259745,45.23076923076923
2017-05-20,2016,Ingolstadt,FC Schalke 04,1,1,D,1,2.63,3.5,2.6,2.63,3.5,2.6,1471.6106840710333,1545.9148411923397,75,78,100,100,1.36,1.59,3,5,56.53762903762904,60.03030303030304
2017-05-20,2016,Hamburg,VfL Wolfsburg,2,1,H,2,2.6,3.4,2.7,2.6,3.4,2.7,1493.3806912959801,1508.7615469188086,75,79,100,100,1.32,1.2400000000000002,2,7,54.73809523809524,41.71428571428571
2017-05-20,2016,Bayern Munich,SC Freiburg,4,1,H,2,1.17,8.0,15.0,1.17,8.0,15.0,1825.413485482494,1542.7027436427288,75,75,100,100,2.5200000000000005,1.35,11,7,71.5,37.32600732600733
2017-05-20,2016,Ein Frankfurt,RB Leipzig,2,2,D,1,4.0,3.6,1.91,4.0,3.6,1.91,1466.3896058724113,1631.671107363143,75,75,100,100,1.1400000000000001,1.58,3,8,35.42857142857142,62.04545454545455
2017-05-20,2016,Borussia Monchengladbach,SV Darmstadt 98,2,2,D,1,1.33,5.5,8.5,1.33,5.5,8.5,1565.8774600304587,1413.2063221936833,75,71,100,100,1.54,1.3,5,9,36.95454545454545,37.40559440559441
2017-05-20,2016,FC Cologne,FSV Mainz 05,2,0,H,2,1.62,4.0,5.5,1.62,4.0,5.5,1551.1649391149358,1488.416840051868,75,75,100,100,1.28,1.98,6,8,50.66666666666667,58.54545454545455
2017-05-20,2016,Borussia Dortmund,Werder Bremen,4,3,H,2,1.2,7.5,12.0,1.2,7.5,12.0,1694.2362563501315,1566.7991459593275,81,74,100,100,1.8,1.5799999999999998,11,9,76.33333333333333,42.683982683982684
2017-08-18,2017,Bayern Munich,Bayer Leverkusen,3,1,H,2,1.25,6.0,12.0,1.25,6.0,12.0,1830.6674037541663,1533.2253561490102,75,80,100,100,2.8400000000000007,2.15,13,5,69.13636363636364,54.56410256410256
2017-08-19,2017,Hertha BSC,VfB Stuttgart,2,0,H,2,2.0,3.4,3.9,2.0,3.4,3.9,1504.8488646804126,1431.755641004088,77,75,100,100,1.32,1.2400000000000002,6,0,48.4069264069264,53.654761904761905
2017-08-19,2017,TSG Hoffenheim,Werder Bremen,1,0,H,2,1.75,4.0,4.33,1.75,4.0,4.33,1642.9099416506062,1556.418087266286,75,76,100,100,1.8400000000000003,1.56,8,6,38.3968253968254,36.25541125541125
2017-08-19,2017,FSV Mainz 05,Hannover 96,0,1,A,0,2.0,3.4,4.0,2.0,3.4,4.0,1475.2754834435016,1401.776636847607,75,75,100,100,1.7400000000000002,1.7399999999999998,5,7,52.87878787878789,56.80555555555556
2017-08-19,2017,VfL Wolfsburg,Borussia Dortmund,0,3,A,0,3.8,4.0,1.85,3.8,4.0,1.85,1492.0536946978546,1704.617315043173,79,82,100,100,1.23,2.0900000000000003,4,11,51.04761904761905,75.33333333333333
2017-08-19,2017,Hamburg,FC Augsburg,1,0,H,2,2.1,3.4,3.6,2.1,3.4,3.6,1510.0885435169341,1511.4248209224136,75,76,100,100,1.28,1.3900000000000001,5,6,50.16666666666667,46.05555555555556
2017-08-19,2017,FC Schalke 04,RB Leipzig,2,0,H,2,2.8,3.4,2.5,2.8,3.4,2.5,1542.5442405199003,1624.5861781140857,79,75,100,100,1.22,1.48,6,6,53.666666666666664,50.61688311688312
2017-08-20,2017,SC Freiburg,Ein Frankfurt,0,0,D,1,2.45,3.25,3.0,2.45,3.25,3.0,1537.4488253710565,1473.4745351214685,73,75,100,100,1.67,1.2500000000000002,7,4,43.68964368964369,42.85714285714285
2017-08-20,2017,Borussia Monchengladbach,FC Cologne,1,0,H,2,1.91,3.5,4.1,1.91,3.5,4.1,1559.2668050592565,1564.3062957233021,75,75,100,100,1.86,1.48,6,9,46.12121212121212,46.333333333333336
2017-08-25,2017,FC Cologne,Hamburg,1,3,A,0,1.95,3.4,4.0,1.95,3.4,4.0,1548.0742348758997,1526.15008106218,75,75,100,100,1.3299999999999998,1.2200000000000002,8,8,41.833333333333336,44.16666666666667
2017-08-26,2017,Borussia Dortmund,Hertha BSC,2,0,H,2,1.36,5.0,7.5,1.36,5.0,7.5,1711.890946434236,1517.5315936915656,82,77,100,100,2.0600000000000005,1.2,11,6,74.5,50.78787878787878
2017-08-26,2017,FC Augsburg,Borussia Monchengladbach,2,2,D,1,3.25,3.4,2.25,3.25,3.4,2.25,1495.3632833771676,1575.498865906659,76,75,100,100,1.3,2.21,6,9,53.38888888888889,51.95454545454545
2017-08-26,2017,Ein Frankfurt,VfL Wolfsburg,0,1,A,0,2.3,3.25,3.3,2.3,3.25,3.3,1476.387809493624,1484.7800633067916,75,79,100,100,1.0,1.1400000000000001,2,4,43.52380952380952,52.83333333333333
2017-08-26,2017,Bayer Leverkusen,TSG Hoffenheim,2,2,D,1,2.05,3.6,3.6,2.05,3.6,3.6,1528.3332997581006,1655.0071361434686,80,75,100,100,2.23,1.75,5,10,55.67521367521367,42.3968253968254
2017-08-26,2017,Werder Bremen,Bayern Munich,0,2,A,0,11.0,6.5,1.25,11.0,6.5,1.25,1544.3208927734236,1835.559460145076,76,75,100,100,1.4600000000000002,2.8600000000000003,3,15,40.61904761904761,60.525252525252526
2017-08-26,2017,VfB Stuttgart,FSV Mainz 05,1,0,H,2,2.3,3.4,3.1,2.3,3.4,3.1,1419.072911992935,1455.9403401160216,75,75,100,100,1.15,1.8200000000000003,0,4,43.654761904761905,68.95021645021646
2017-08-27,2017,Hannover 96,FC Schalke 04,1,0,H,2,3.3,3.4,2.2,3.3,3.4,2.2,1421.111780175087,1562.253719395732,75,79,100,100,1.44,1.3800000000000001,7,8,45.73412698412698,52.55555555555556
2017-08-27,2017,RB Leipzig,SC Freiburg,4,1,H,2,1.36,5.0,8.5,1.36,5.0,8.5,1604.8766992382539,1534.535550998901,75,73,100,100,1.59,1.4700000000000002,5,5,51.72799422799424,39.68964368964369
2017-09-08,2017,Hamburg,RB Leipzig,0,2,A,0,4.0,3.6,1.91,4.0,3.6,1.91,1543.158387666178,1617.680915096119,75,75,100,100,1.2500000000000002,2.05,11,7,44.93589743589744,55.22799422799422
2017-09-09,2017,Borussia Monchengladbach,Ein Frankfurt,0,1,A,0,1.83,3.6,4.5,1.83,3.6,4.5,1571.872564060273,1460.7742119173904,75,75,100,100,2.15,1.2400000000000002,7,2,46.5,47.65079365079365
2017-09-09,2017,VfL Wolfsburg,Hannover 96,1,1,D,1,1.83,3.6,4.5,1.83,3.6,4.5,1500.3936608830252,1443.2761758939544,79,75,100,100,1.1400000000000001,1.37,7,9,47.27777777777778,35.17857142857143
2017-09-09,2017,FSV Mainz 05,Bayer Leverkusen,3,1,H,2,3.0,3.4,2.38,3.0,3.4,2.38,1438.2488761562065,1533.921402316075,75,80,100,100,1.7,2.22,4,6,65.31385281385282,64.81807081807082
2017-09-09,2017,FC Augsburg,FC Cologne,3,0,H,2,2.38,3.3,3.1,2.38,3.3,3.1,1498.9895852235536,1531.0659282719018,76,75,100,100,1.3699999999999999,1.72,4,7,63.38888888888889,51.06410256410257
2017-09-09,2017,SC Freiburg,Borussia Dortmund,0,0,D,1,7.5,5.0,1.4,7.5,5.0,1.4,1521.731335141036,1719.7702996185806,73,82,100,100,1.37,2.1700000000000004,5,13,34.45887445887446,64.5
2017-09-09,2017,TSG Hoffenheim,Bayern Munich,2,0,H,2,7.0,4.5,1.45,7.0,4.5,1.45,1649.4190335854942,1840.6013467836246,75,75,100,100,1.85,2.8400000000000003,8,15,36.682539682539684,66.52525252525253
2017-09-10,2017,Hertha BSC,Werder Bremen,1,1,D,1,1.91,3.6,4.0,1.91,3.6,4.0,1509.652240507221,1539.2790061348749,77,76,100,100,1.25,1.2900000000000003,6,0,50.78787878787879,34.61904761904762
2017-09-10,2017,FC Schalke 04,VfB Stuttgart,3,1,H,2,1.7,3.75,5.0,1.7,3.75,5.0,1540.0893236768648,1436.76437595275,79,75,100,100,1.06,1.36,5,3,55.55555555555556,44.17424242424242
2017-09-15,2017,Hannover 96,Hamburg,2,0,H,2,1.95,3.5,4.0,1.95,3.5,4.0,1445.883090246607,1530.5385971027774,75,75,100,100,1.23,1.28,10,10,25.178571428571427,36.88034188034188
2017-09-16,2017,Werder Bremen,FC Schalke 04,1,2,A,0,2.8,3.5,2.5,2.8,3.5,2.5,1537.9179405239017,1551.4665214495335,76,79,100,100,1.32,1.08,1,8,42.952380952380956,55.55555555555556
2017-09-16,2017,VfB Stuttgart,VfL Wolfsburg,1,0,H,2,2.3,3.5,3.0,2.3,3.5,3.0,1425.3871781800813,1497.7867465303725,75,79,100,100,1.2600000000000002,1.36,3,5,38.340909090909086,48.94444444444444
2017-09-16,2017,Bayern Munich,FSV Mainz 05,4,0,H,2,1.13,10.0,19.0,1.13,10.0,19.0,1816.5898228889666,1458.5466738097691,75,75,100,100,2.7600000000000002,1.6700000000000004,12,6,66.85858585858587,62.81385281385282
2017-09-16,2017,Ein Frankfurt,FC Augsburg,1,2,A,0,1.85,3.5,4.5,1.85,3.5,4.5,1481.722948090256,1516.4625727532368,75,76,100,100,1.45,1.3599999999999999,5,6,46.539682539682545,58.88888888888889
2017-09-16,2017,RB Leipzig,Borussia Monchengladbach,2,2,D,1,1.67,3.8,5.5,1.67,3.8,5.5,1630.3007056595195,1550.9238278874072,75,75,100,100,1.9400000000000002,2.04,7,6,56.23809523809524,53.44444444444444
2017-09-17,2017,TSG Hoffenheim,Hertha BSC,1,1,D,1,1.67,3.8,5.5,1.67,3.8,5.5,1673.4305574801522,1511.0133061181941,75,77,100,100,1.73,1.3900000000000001,11,7,38.34920634920635,53.66666666666667
2017-09-17,2017,Borussia Dortmund,FC Cologne,5,0,H,2,1.22,6.0,13.0,1.22,6.0,13.0,1711.5245281478053,1513.5929407422186,82,75,100,100,2.29,1.45,11,4,69.5,46.3974358974359
2017-09-17,2017,Bayer Leverkusen,SC Freiburg,4,0,H,2,1.45,4.5,7.0,1.45,4.5,7.0,1513.6236046625124,1529.9771066118112,80,73,100,100,2.0700000000000003,1.1700000000000002,5,3,70.5873015873016,27.79220779220779
2017-09-19,2017,FC Schalke 04,Bayern Munich,0,3,A,0,7.0,4.75,1.44,7.0,4.75,1.44,1566.8429023173255,1820.2038832535586,79,75,100,100,1.1900000000000002,3.04,10,12,56.313131313131315,65.1919191919192
2017-09-19,2017,VfL Wolfsburg,Werder Bremen,1,1,D,1,2.05,3.5,3.6,2.05,3.5,3.6,1478.5000590396678,1522.5415596561097,79,76,100,100,1.1300000000000001,1.12,4,1,54.94444444444444,39.57575757575758
2017-09-19,2017,FC Augsburg,RB Leipzig,1,0,H,2,3.5,3.5,2.1,3.5,3.5,2.1,1530.8680642021227,1626.707565057961,76,75,100,100,1.4200000000000002,1.81,8,8,60.88888888888889,63.23809523809524
2017-09-19,2017,Borussia Monchengladbach,VfB Stuttgart,2,0,H,2,1.7,3.8,5.0,1.7,3.8,5.0,1554.5169684889659,1444.673865670786,75,75,100,100,1.8799999999999997,1.3000000000000003,6,6,47.44444444444444,38.340909090909086
2017-09-20,2017,FC Cologne,Ein Frankfurt,0,1,A,0,2.88,3.1,2.63,2.88,3.1,2.63,1505.835080085841,1467.3174566413702,75,75,100,100,1.36,1.78,3,5,48.08974358974359,56.539682539682545
2017-09-20,2017,SC Freiburg,Hannover 96,1,1,D,1,2.8,3.25,2.6,2.8,3.25,2.6,1513.2245556939754,1465.706258590347,73,75,100,100,0.9800000000000002,1.2500000000000002,2,10,25.252525252525253,24.951298701298704
2017-09-20,2017,Hamburg,Borussia Dortmund,0,3,A,0,7.0,4.75,1.44,7.0,4.75,1.44,1510.7154287590374,1719.282388804183,75,82,100,100,1.1800000000000002,2.4799999999999995,9,13,37.940947940947936,69.8076923076923
2017-09-20,2017,Hertha BSC,Bayer Leverkusen,2,1,H,2,3.3,3.4,2.2,3.3,3.4,2.2,1517.9918092005278,1530.3761555803483,77,80,100,100,1.28,2.0200000000000005,5,7,47.38095238095239,67.6984126984127
2017-09-20,2017,FSV Mainz 05,TSG Hoffenheim,2,3,A,0,2.7,3.4,2.6,2.7,3.4,2.6,1454.9326134451771,1666.4520543978185,75,75,100,100,1.4100000000000001,1.37,3,9,49.480519480519476,46.920634920634924
2017-09-22,2017,Bayern Munich,VfL Wolfsburg,2,2,D,1,1.14,8.5,19.0,1.14,8.5,19.0,1826.2423636085766,1480.5174511575988,75,79,100,100,2.71,1.1,12,5,66.55555555555554,47.51587301587302
2017-09-23,2017,Werder Bremen,SC Freiburg,0,0,D,1,1.7,4.0,4.75,1.7,4.0,4.75,1520.5241675381787,1511.0498004436092,76,73,100,100,1.08,0.9,2,3,46.004329004329,31.388888888888893
2017-09-23,2017,VfB Stuttgart,FC Augsburg,0,0,D,1,2.1,3.4,3.6,2.1,3.4,3.6,1433.5702672117513,1551.1729955879919,75,76,100,100,1.2,1.53,6,10,31.090909090909086,64.0
2017-09-23,2017,RB Leipzig,Ein Frankfurt,2,1,H,2,1.7,3.8,5.0,1.7,3.8,5.0,1606.4026336720917,1485.0840273164483,75,75,100,100,1.8000000000000003,1.7399999999999998,7,7,62.666666666666664,56.222222222222214
2017-09-23,2017,FSV Mainz 05,Hertha BSC,1,0,H,2,2.2,3.3,3.4,2.2,3.3,3.4,1447.6251441382942,1534.561888007076,75,77,100,100,1.8,1.11,3,8,47.39718614718614,47.38095238095237
2017-09-23,2017,TSG Hoffenheim,FC Schalke 04,2,0,H,2,2.2,3.5,3.25,2.2,3.5,3.25,1673.7595237047015,1560.8044219623075,75,79,100,100,1.2400000000000002,1.25,11,9,49.55952380952381,51.31313131313131
2017-09-23,2017,Borussia Dortmund,Borussia Monchengladbach,6,1,H,2,1.44,4.75,7.0,1.44,4.75,7.0,1726.686135565895,1565.6205669480005,82,75,100,100,2.21,1.51,13,8,63.379120879120876,50.94444444444444
2017-09-24,2017,Bayer Leverkusen,Hamburg,3,0,H,2,1.36,5.0,8.5,1.36,5.0,8.5,1513.8060767738,1503.3116819973254,80,75,100,100,1.7400000000000002,1.1400000000000001,4,6,67.6984126984127,45.36951936951937
2017-09-24,2017,Hannover 96,FC Cologne,0,0,D,1,1.95,3.6,3.8,1.95,3.6,3.8,1467.8810138407132,1488.0685094107628,75,75,100,100,1.11,1.53,11,0,26.201298701298704,45.31196581196582
2017-09-29,2017,FC Schalke 04,Bayer Leverkusen,1,1,D,1,2.3,3.4,3.1,2.3,3.4,3.1,1549.8303563825452,1529.3229389572775,79,80,100,100,1.23,1.8000000000000003,6,7,62.42424242424242,69.92063492063491
2017-09-30,2017,VfL Wolfsburg,FSV Mainz 05,1,1,D,1,2.1,3.4,3.6,2.1,3.4,3.6,1492.669748060287,1467.5472125137615,79,75,100,100,1.2100000000000002,1.6200000000000003,6,6,46.01587301587302,44.82575757575758
2017-09-30,2017,Borussia Monchengladbach,Hannover 96,2,1,H,2,1.73,3.6,5.25,1.73,3.6,5.25,1556.5485787725336,1468.8096375585787,75,75,100,100,1.25,1.1500000000000001,5,9,38.44444444444444,34.00349650349651
2017-09-30,2017,Hamburg,Werder Bremen,0,0,D,1,2.7,3.2,2.75,2.7,3.2,2.75,1487.7948198138479,1520.0879649272524,75,76,100,100,1.03,1.3,3,3,46.03618603618603,46.89321789321789
2017-09-30,2017,Ein Frankfurt,VfB Stuttgart,2,1,H,2,1.95,3.5,4.0,1.95,3.5,4.0,1474.4544401761432,1438.7882952515808,75,75,100,100,1.7200000000000002,1.2600000000000002,6,7,55.555555555555564,40.25757575757576
2017-09-30,2017,FC Augsburg,Borussia Dortmund,1,2,A,0,7.5,4.5,1.44,7.5,4.5,1.44,1545.9549675481624,1735.758123741362,76,82,100,100,1.53,2.4200000000000004,11,13,57.5,70.87912087912089
2017-10-01,2017,Hertha BSC,Bayern Munich,2,2,D,1,8.5,5.0,1.36,8.5,5.0,1.36,1514.6398196316088,1814.0900667058884,77,75,100,100,0.9700000000000003,2.5700000000000003,5,10,34.71428571428571,71.66666666666666
2017-10-01,2017,FC Cologne,RB Leipzig,1,2,A,0,3.8,3.5,2.0,3.8,3.5,2.0,1487.1398856928972,1617.0322208123969,75,75,100,100,1.4200000000000002,1.9300000000000002,1,10,48.581196581196586,58.222222222222214
2017-10-01,2017,SC Freiburg,TSG Hoffenheim,3,2,H,2,3.6,3.5,2.05,3.6,3.5,2.05,1511.4860030545356,1684.7335892844637,73,75,100,100,1.1600000000000001,1.3400000000000003,3,11,36.5,37.55952380952381
2017-10-13,2017,VfB Stuttgart,FC Cologne,2,1,H,2,1.83,3.6,4.33,1.83,3.6,4.33,1424.4250365591915,1476.8577026534738,75,75,100,100,1.2600000000000002,1.3800000000000001,4,1,44.49999999999999,50.60042735042735
2017-10-14,2017,Hertha BSC,FC Schalke 04,0,2,A,0,2.5,3.3,2.9,2.5,3.3,2.9,1525.7954784170709,1548.8870501358845,77,79,100,100,1.04,1.45,6,7,26.71428571428571,60.15151515151515
2017-10-14,2017,Hannover 96,Ein Frankfurt,1,2,A,0,2.38,3.2,3.1,2.38,3.2,3.1,1456.7664089666337,1488.8176988685325,75,75,100,100,1.15,1.7,6,9,38.336829836829835,46.666666666666664
2017-10-14,2017,TSG Hoffenheim,FC Augsburg,2,2,D,1,1.8,3.75,4.5,1.8,3.75,4.5,1661.3567550056423,1537.9188082990581,75,76,100,100,1.5100000000000002,1.23,10,10,43.45238095238095,47.5
2017-10-14,2017,Borussia Dortmund,RB Leipzig,2,3,A,0,1.5,4.5,6.5,1.5,4.5,6.5,1743.7942829904662,1627.3144038518203,82,75,100,100,2.3800000000000003,1.83,13,10,70.87912087912089,50.972222222222214
2017-10-14,2017,FSV Mainz 05,Hamburg,3,2,H,2,1.7,3.75,5.25,1.7,3.75,5.25,1468.7021358873249,1489.2777062587647,75,75,100,100,1.47,1.1600000000000001,7,1,44.82575757575757,44.4977244977245
2017-10-14,2017,Bayern Munich,SC Freiburg,5,0,H,2,1.08,13.0,21.0,1.08,13.0,21.0,1802.9344079204263,1534.862837333357,75,73,100,100,2.41,1.4000000000000001,8,6,73.66666666666666,43.75
2017-10-15,2017,Werder Bremen,Borussia Monchengladbach,0,2,A,0,2.63,3.5,2.6,2.63,3.5,2.6,1518.6050784823356,1568.5918073644787,76,75,100,100,1.4200000000000004,1.53,4,7,53.66244866244866,49.111111111111114
2017-10-15,2017,Bayer Leverkusen,VfL Wolfsburg,2,2,D,1,1.53,4.33,6.0,1.53,4.33,6.0,1530.2662452039383,1491.5148246867236,80,79,100,100,1.86,1.1600000000000001,7,4,60.050505050505045,50.66233766233766
2017-10-20,2017,FC Schalke 04,FSV Mainz 05,2,0,H,2,1.8,3.7,4.5,1.8,3.7,4.5,1563.8252069979935,1485.6485697476608,79,75,100,100,1.5100000000000002,1.4300000000000002,7,7,63.48484848484848,53.1590909090909
2017-10-21,2017,Ein Frankfurt,Borussia Dortmund,2,2,D,1,5.0,3.75,1.72,5.0,3.75,1.72,1503.3458553081098,1722.6225129505858,75,82,100,100,1.6199999999999999,2.46,9,12,50.20202020202019,62.879120879120876
2017-10-21,2017,Borussia Monchengladbach,Bayer Leverkusen,1,5,A,0,2.45,3.39,2.87,2.45,3.39,2.87,1582.3055862835706,1528.4890398197806,75,80,100,100,1.7400000000000002,2.2199999999999998,10,8,44.66666666666667,61.973581973581965
2017-10-21,2017,Hamburg,Bayern Munich,0,1,A,0,19.0,7.0,1.16,19.0,7.0,1.16,1472.3312723984288,1808.568926114921,75,75,100,100,1.1600000000000001,2.56,1,11,46.71994671994672,78.33333333333333
2017-10-21,2017,FC Augsburg,Hannover 96,1,2,A,0,2.04,3.5,3.6,2.04,3.5,3.6,1543.3756466925615,1442.2382525270564,76,75,100,100,1.3,1.1800000000000002,8,5,46.166666666666664,44.24592074592074
2017-10-21,2017,RB Leipzig,VfB Stuttgart,1,0,H,2,1.53,4.0,7.0,1.53,4.0,7.0,1648.4861738917007,1442.8214847230092,75,75,100,100,1.7900000000000003,1.5699999999999998,10,7,43.416666666666664,48.94444444444444
2017-10-22,2017,SC Freiburg,Hertha BSC,1,1,D,1,2.54,3.29,2.79,2.54,3.29,2.79,1529.2283191388624,1510.8573215549618,73,77,100,100,1.4100000000000001,0.82,5,5,45.75,21.71428571428571
2017-10-22,2017,FC Cologne,Werder Bremen,0,0,D,1,2.39,3.29,3.0,2.39,3.29,3.0,1458.461254489656,1504.8912995632436,75,76,100,100,1.4200000000000002,1.5,1,3,47.48931623931624,51.995781995781996
2017-10-22,2017,VfL Wolfsburg,TSG Hoffenheim,1,1,D,1,2.5,3.39,2.79,2.5,3.39,2.79,1493.2920300708813,1655.899916612139,79,75,100,100,1.02,1.8300000000000005,4,8,38.73926073926074,50.11904761904762
2017-10-27,2017,FSV Mainz 05,Ein Frankfurt,1,1,D,1,2.79,3.2,2.54,2.79,3.2,2.54,1473.1891842383586,1512.2871208808654,75,75,100,100,1.28,1.4900000000000002,7,10,49.82575757575757,50.20202020202019
2017-10-28,2017,TSG Hoffenheim,Borussia Monchengladbach,1,3,A,0,2.04,3.6,3.5,2.04,3.6,3.5,1648.9143062217406,1563.8468752328963,75,75,100,100,2.0100000000000002,1.83,8,9,42.5,46.66666666666667
2017-10-28,2017,Bayer Leverkusen,FC Cologne,2,1,H,2,1.33,5.25,9.0,1.33,5.25,9.0,1546.947750870455,1460.5867989745996,80,75,100,100,2.0100000000000002,1.78,8,2,60.86247086247086,46.46367521367521
2017-10-28,2017,FC Schalke 04,VfL Wolfsburg,1,1,D,1,1.75,3.6,5.0,1.75,3.6,5.0,1576.2845925072957,1500.2776404612796,79,79,100,100,1.58,1.28,7,5,71.06060606060608,40.07259407259407
2017-10-28,2017,Hertha BSC,Hamburg,2,1,H,2,1.9,3.39,4.33,1.9,3.39,4.33,1511.7025496895178,1468.2948338243239,77,75,100,100,0.8,1.11,5,1,18.857142857142854,43.992673992673986
2017-10-28,2017,Bayern Munich,RB Leipzig,2,0,H,2,1.33,5.5,8.5,1.33,5.5,8.5,1812.605364689026,1655.9854215674097,75,75,100,100,2.09,1.8400000000000003,11,12,75.0,38.916666666666664
2017-10-28,2017,Hannover 96,Borussia Dortmund,4,2,H,2,5.5,4.2,1.57,5.5,4.2,1.57,1462.768556738406,1713.6812473778302,75,82,100,100,1.2,2.4,5,10,40.05011655011655,60.57142857142858
2017-10-29,2017,VfB Stuttgart,SC Freiburg,3,0,H,2,1.83,3.5,4.5,1.83,3.5,4.5,1435.3222370473002,1528.3830910043064,75,73,100,100,1.52,1.85,4,6,53.44444444444444,54.00396825396825
2017-10-29,2017,Werder Bremen,FC Augsburg,0,3,A,0,2.29,3.29,3.2,2.29,3.29,3.2,1502.7657550783001,1522.845342481212,76,76,100,100,1.4700000000000002,1.42,4,5,54.420024420024426,53.08974358974358
2017-11-03,2017,Ein Frankfurt,Werder Bremen,2,1,H,2,1.75,3.75,4.75,1.75,3.75,4.75,1510.494156471721,1487.689426091694,75,76,100,100,1.45,1.48,8,3,49.090909090909086,56.99145299145299
2017-11-04,2017,Borussia Monchengladbach,FSV Mainz 05,1,1,D,1,1.61,4.0,5.5,1.61,4.0,5.5,1583.687925206643,1474.982148647503,75,75,100,100,2.0200000000000005,1.03,9,8,40.66666666666667,53.57575757575758
2017-11-04,2017,RB Leipzig,Hannover 96,2,1,H,2,1.44,4.5,7.5,1.44,4.5,7.5,1646.746171685752,1488.660729214339,75,75,100,100,1.65,1.35,12,7,32.58333333333333,41.641025641025635
2017-11-04,2017,SC Freiburg,FC Schalke 04,0,1,A,0,3.79,3.29,2.04,3.79,3.29,2.04,1508.1971110384638,1572.8391331464798,73,79,100,100,1.48,1.73,5,8,41.50396825396825,79.3939393939394
2017-11-04,2017,Borussia Dortmund,Bayern Munich,1,3,A,0,3.29,3.79,2.04,3.29,3.79,2.04,1687.7890749018973,1821.8446145706837,82,75,100,100,2.21,2.16,7,11,62.909090909090914,78.33333333333333
2017-11-04,2017,FC Augsburg,Bayer Leverkusen,1,1,D,1,3.5,3.6,2.04,3.5,3.6,2.04,1537.921671467818,1559.0506154862926,76,80,100,100,1.5699999999999998,2.06,5,11,47.08974358974359,56.41802641802642
2017-11-04,2017,Hamburg,VfB Stuttgart,3,1,H,2,2.45,3.39,2.87,2.45,3.39,2.87,1454.283496510652,1455.5082170131427,75,75,100,100,1.2500000000000002,1.67,1,7,43.56410256410256,69.44444444444444
2017-11-05,2017,FC Cologne,TSG Hoffenheim,0,3,A,0,2.87,3.39,2.45,2.87,3.39,2.45,1448.4839343587619,1629.0732562479939,75,75,100,100,1.4600000000000002,1.95,2,5,48.685897435897424,38.75
2017-11-05,2017,VfL Wolfsburg,Hertha BSC,3,3,D,1,2.0,3.39,4.0,2.0,3.39,4.0,1503.7230998220955,1525.7138870031897,79,77,100,100,1.1400000000000001,0.8300000000000001,5,5,38.16783216783216,21.19047619047619
2017-11-17,2017,VfB Stuttgart,Borussia Dortmund,2,1,H,2,4.2,3.89,1.8,4.2,3.89,1.8,1439.4518167833066,1677.6734088401147,75,82,100,100,1.5500000000000003,1.9800000000000004,6,4,61.230158730158735,54.33766233766234
2017-11-18,2017,TSG Hoffenheim,Ein Frankfurt,1,1,D,1,2.2,3.39,3.39,2.2,3.39,3.39,1637.43279963164,1525.4454654040098,75,75,100,100,2.13,1.6000000000000003,5,11,47.98076923076923,45.090909090909086
2017-11-18,2017,Hertha BSC,Borussia Monchengladbach,2,4,A,0,2.89,3.25,2.5,2.89,3.25,2.5,1524.702524042805,1578.8390418422102,77,75,100,100,1.09,1.9600000000000002,6,10,23.857142857142854,50.66666666666667
2017-11-18,2017,Bayern Munich,FC Augsburg,3,0,H,2,1.16,8.0,15.0,1.16,8.0,15.0,1831.9602806324663,1538.8934975454772,75,76,100,100,2.15,1.7,13,5,72.9047619047619,52.92307692307693
2017-11-18,2017,FSV Mainz 05,FC Cologne,1,0,H,2,2.04,3.39,3.79,2.04,3.39,3.79,1479.8310320119358,1440.1243909751158,75,75,100,100,1.31,1.6400000000000001,6,1,47.57575757575757,48.68589743589743
2017-11-18,2017,Bayer Leverkusen,RB Leipzig,2,2,D,1,2.29,3.5,3.0,2.29,3.5,3.0,1558.0787894086334,1655.9300816255852,80,75,100,100,1.8800000000000001,1.7,9,12,49.75135975135974,33.91666666666667
2017-11-18,2017,VfL Wolfsburg,SC Freiburg,3,1,H,2,1.61,3.75,6.0,1.61,3.75,6.0,1504.7344627824803,1495.140105701334,79,73,100,100,1.4600000000000002,1.3199999999999998,5,4,45.501165501165495,47.53571428571429
2017-11-19,2017,FC Schalke 04,Hamburg,2,0,H,2,1.57,3.79,6.5,1.57,3.79,6.5,1585.8961384836095,1470.339896740488,79,75,100,100,1.6400000000000001,1.7400000000000002,11,4,62.25108225108225,52.61172161172161
2017-11-19,2017,Werder Bremen,Hannover 96,4,0,H,2,2.2,3.39,3.29,2.2,3.39,3.29,1472.7381171594052,1479.4768192745057,76,75,100,100,1.48,1.45,2,6,58.76923076923076,44.41025641025641
2017-11-24,2017,Hannover 96,VfB Stuttgart,1,1,D,1,2.29,3.39,3.1,2.29,3.39,3.1,1463.1665294818106,1464.9747710666556,75,75,100,100,1.6300000000000003,1.4700000000000002,6,9,43.07692307692307,59.007936507936506
2017-11-25,2017,FC Augsburg,VfL Wolfsburg,2,1,H,2,2.37,3.29,3.1,2.37,3.29,3.1,1533.8961508244233,1520.2927385876976,76,79,100,100,1.6,1.75,5,7,49.58974358974359,41.41025641025641
2017-11-25,2017,SC Freiburg,FSV Mainz 05,2,1,H,2,2.75,3.29,2.6,2.75,3.29,2.6,1479.5818298961167,1494.010393201498,73,75,100,100,1.33,1.3300000000000003,1,8,51.28571428571429,36.666666666666664
2017-11-25,2017,Borussia Dortmund,FC Schalke 04,4,4,D,1,1.72,4.2,4.33,1.72,4.2,4.33,1652.1504545567657,1596.7624920690525,82,79,100,100,1.9300000000000002,1.58,1,13,53.22655122655122,60.29304029304029
2017-11-25,2017,Ein Frankfurt,Bayer Leverkusen,0,1,A,0,2.62,3.5,2.62,2.62,3.5,2.62,1530.4311949551106,1562.4695256822397,75,80,100,100,1.4300000000000002,1.7900000000000003,9,9,46.99567099567099,55.8119658119658
2017-11-25,2017,RB Leipzig,Werder Bremen,2,0,H,2,1.5,4.33,6.5,1.5,4.33,6.5,1651.539345351979,1489.0484069521003,75,76,100,100,1.31,1.7200000000000002,10,4,31.833333333333332,60.0
2017-11-25,2017,Borussia Monchengladbach,Bayern Munich,2,1,H,2,5.75,4.75,1.5,5.75,4.75,1.5,1592.3659455688473,1836.95762735352,75,75,100,100,1.6900000000000002,2.2,10,15,44.0,68.23809523809523
2017-11-26,2017,FC Cologne,Hertha BSC,0,2,A,0,2.5,3.2,3.0,2.5,3.2,3.0,1425.9450297855537,1511.1756203161679,75,77,100,100,1.35,1.27,1,5,57.43589743589744,37.857142857142854
2017-11-26,2017,Hamburg,TSG Hoffenheim,3,0,H,2,2.79,3.39,2.5,2.79,3.39,2.5,1459.473543155045,1632.447070080539,75,75,100,100,1.44,2.11,3,6,52.61172161172161,50.65934065934066
2017-12-01,2017,SC Freiburg,Hamburg,0,0,D,1,2.5,3.25,2.89,2.5,3.25,2.89,1496.2459080711149,1482.8404357354646,73,75,100,100,1.54,1.73,4,6,55.0,55.27838827838828
2017-12-02,2017,Werder Bremen,VfB Stuttgart,1,0,H,2,2.29,3.39,3.1,2.29,3.39,3.1,1480.0296576563903,1464.8914992161658,76,75,100,100,1.55,1.2600000000000002,4,7,60.0,59.007936507936506
2017-12-02,2017,FC Schalke 04,FC Cologne,2,2,D,1,1.44,4.33,8.0,1.44,4.33,8.0,1599.2918110645153,1413.7931597050524,79,75,100,100,1.6400000000000001,1.2899999999999998,11,1,56.12637362637363,57.118437118437114
2017-12-02,2017,FSV Mainz 05,FC Augsburg,1,3,A,0,2.6,3.25,2.79,2.6,3.25,2.79,1477.3463150264997,1549.270010468506,75,76,100,100,1.4,1.8199999999999998,5,7,37.61904761904761,60.06593406593406
2017-12-02,2017,TSG Hoffenheim,RB Leipzig,4,0,H,2,3.29,3.6,2.1,3.29,3.6,2.1,1609.0801775001196,1660.558094647689,75,75,100,100,1.8200000000000003,1.3800000000000001,5,10,47.99267399267399,33.83333333333333
2017-12-02,2017,Bayern Munich,Hannover 96,3,1,H,2,1.14,9.0,17.0,1.14,9.0,17.0,1811.2473041791366,1463.2498013323004,75,75,100,100,2.0700000000000003,1.7600000000000005,12,7,64.52380952380952,41.05672105672106
2017-12-02,2017,Bayer Leverkusen,Borussia Dortmund,1,1,D,1,2.25,3.6,3.0,2.25,3.6,3.0,1576.9982738657257,1649.621135561303,80,82,100,100,1.5100000000000002,1.81,11,2,42.525252525252526,48.72655122655122
2017-12-03,2017,Hertha BSC,Ein Frankfurt,1,2,A,0,2.7,3.25,2.7,2.7,3.25,2.7,1523.327490396669,1515.9024467716247,77,75,100,100,1.6300000000000001,1.3900000000000001,8,6,45.95238095238095,54.268398268398265
2017-12-03,2017,VfL Wolfsburg,Borussia Monchengladbach,3,0,H,2,2.62,3.39,2.62,2.62,3.39,2.62,1504.918878943615,1618.0762687432307,79,75,100,100,1.6400000000000001,1.35,6,10,41.19047619047618,39.71428571428571
2017-12-08,2017,VfB Stuttgart,Bayer Leverkusen,0,2,A,0,3.2,3.5,2.25,3.2,3.5,2.25,1449.5881963512854,1580.294809184863,75,80,100,100,1.35,1.65,7,9,58.81562881562881,45.252525252525245
2017-12-09,2017,Borussia Monchengladbach,FC Schalke 04,1,1,D,1,2.25,3.39,3.2,2.25,3.39,3.2,1597.0419393491222,1591.4780071739522,75,79,100,100,1.56,1.9300000000000002,10,9,38.8051948051948,52.18697968697968
2017-12-09,2017,RB Leipzig,FSV Mainz 05,2,2,D,1,1.39,4.75,8.0,1.39,4.75,8.0,1642.204645537529,1464.6120065926923,75,75,100,100,1.4200000000000002,1.6400000000000001,7,5,46.33333333333333,45.714285714285715
2017-12-09,2017,Ein Frankfurt,Bayern Munich,0,1,A,0,7.0,4.75,1.44,7.0,4.75,1.44,1532.2443306202022,1815.0509432825438,75,75,100,100,1.2399999999999998,2.47,8,12,50.93506493506493,69.52380952380952
2017-12-09,2017,Hamburg,VfL Wolfsburg,0,0,D,1,2.5,3.29,2.87,2.5,3.29,2.87,1483.457474380037,1525.9532083377235,75,79,100,100,1.7600000000000002,1.6300000000000001,7,8,53.61172161172161,38.76623376623376
2017-12-09,2017,Borussia Dortmund,Werder Bremen,1,2,A,0,1.39,5.25,7.0,1.39,5.25,7.0,1646.3246002421656,1495.3329605212707,82,76,100,100,1.54,1.73,2,6,45.9992784992785,54.358974358974365
2017-12-10,2017,FC Augsburg,Hertha BSC,1,1,D,1,1.95,3.29,4.0,1.95,3.29,4.0,1562.0043189023133,1506.9856065480915,76,77,100,100,1.73,1.75,10,7,51.71428571428571,56.42857142857142
2017-12-10,2017,Hannover 96,TSG Hoffenheim,2,0,H,2,2.7,3.39,2.5,2.7,3.39,2.5,1459.4461622288932,1627.4336266102796,75,75,100,100,1.65,1.9,4,7,42.97979797979798,41.32600732600733
2017-12-10,2017,FC Cologne,SC Freiburg,3,4,A,0,2.25,3.25,3.2,2.25,3.25,3.2,1421.6069635956155,1495.6288694265425,75,73,100,100,1.02,1.3,1,4,57.72449772449772,49.523809523809526
2017-12-12,2017,FSV Mainz 05,Borussia Dortmund,0,2,A,0,5.0,4.0,1.61,5.0,4.0,1.61,1472.1454920838987,1623.7782138278671,75,82,100,100,1.9400000000000002,1.59,5,2,43.71428571428571,48.42352092352092
2017-12-12,2017,VfL Wolfsburg,RB Leipzig,1,1,D,1,3.0,3.6,2.29,3.0,3.6,2.29,1524.005908565028,1634.6711600463225,79,75,100,100,1.5100000000000002,1.75,8,8,37.099567099567096,56.666666666666664
2017-12-12,2017,SC Freiburg,Borussia Monchengladbach,1,0,H,2,3.39,3.39,2.14,3.39,3.39,2.14,1508.270692188592,1596.7857327050692,73,75,100,100,1.9299999999999997,1.4900000000000002,7,8,63.36996336996337,37.69408369408369
2017-12-12,2017,Hamburg,Ein Frankfurt,1,2,A,0,2.6,3.2,2.79,2.6,3.2,2.79,1485.4047741527324,1526.992835358282,75,75,100,100,1.7200000000000002,1.2800000000000002,8,7,57.61172161172161,50.93506493506493
2017-12-13,2017,Bayern Munich,FC Cologne,1,0,H,2,1.08,12.0,26.0,1.08,12.0,26.0,1820.302438544464,1408.965140833566,75,75,100,100,2.06,1.03,12,1,61.19047619047619,52.76723276723277
2017-12-13,2017,TSG Hoffenheim,VfB Stuttgart,1,0,H,2,1.9,3.6,4.0,1.9,3.6,4.0,1604.2488637121528,1439.3386958204044,75,75,100,100,1.83,1.2200000000000002,7,4,37.992673992674,51.123321123321126
2017-12-13,2017,Bayer Leverkusen,Werder Bremen,1,0,H,2,1.44,4.75,7.0,1.44,4.75,7.0,1590.544309715744,1517.8793469355692,80,76,100,100,1.6200000000000003,1.7,9,9,44.05594405594405,47.02564102564103
2017-12-13,2017,FC Schalke 04,FC Augsburg,3,2,H,2,1.83,3.6,4.5,1.83,3.6,4.5,1591.7342138180052,1559.4915823377985,79,76,100,100,1.8800000000000001,1.58,9,8,49.96475746475746,61.42857142857142
2017-12-13,2017,Hertha BSC,Hannover 96,3,1,H,2,2.0,3.29,4.0,2.0,3.29,4.0,1509.4983431126063,1482.63092512702,77,75,100,100,1.7900000000000003,1.48,5,4,51.71428571428571,47.22222222222222
2017-12-15,2017,Borussia Monchengladbach,Hamburg,3,1,H,2,1.8,3.6,4.5,1.8,3.6,4.5,1576.7954249573943,1471.3108802031572,75,75,100,100,1.44,1.48,7,5,35.19408369408369,56.8974358974359
2017-12-16,2017,Werder Bremen,FSV Mainz 05,2,2,D,1,1.95,3.5,4.0,1.95,3.5,4.0,1505.1777387321702,1462.7164406193328,76,75,100,100,1.4300000000000002,1.5900000000000003,9,4,39.692307692307686,38.71428571428571
2017-12-16,2017,FC Cologne,VfL Wolfsburg,1,0,H,2,3.6,3.5,2.04,3.6,3.5,2.04,1406.2240992887785,1528.9366007888032,75,79,100,100,0.86,1.3200000000000003,1,8,43.42657342657343,31.766233766233768
2017-12-16,2017,Ein Frankfurt,FC Schalke 04,2,2,D,1,2.5,3.1,3.1,2.5,3.1,3.1,1541.0867293078572,1606.2536336613314,75,79,100,100,1.2600000000000002,1.9600000000000002,7,9,46.6017316017316,55.10761460761461
2017-12-16,2017,FC Augsburg,SC Freiburg,3,3,D,1,1.75,3.6,5.0,1.75,3.6,5.0,1544.9721624944723,1528.260999936267,76,73,100,100,1.7100000000000002,2.16,7,10,60.095238095238095,58.72710622710622
2017-12-16,2017,VfB Stuttgart,Bayern Munich,0,1,A,0,10.0,5.0,1.33,10.0,5.0,1.33,1430.4098710787107,1823.0434800892515,75,75,100,100,1.32,2.3400000000000003,4,12,66.83760683760684,71.19047619047619
2017-12-16,2017,Borussia Dortmund,TSG Hoffenheim,2,1,H,2,1.5,4.33,6.5,1.5,4.33,6.5,1633.207265292433,1613.1776884538465,82,75,100,100,1.6700000000000004,1.52,5,7,51.994949494949495,28.76190476190476
2017-12-17,2017,Hannover 96,Bayer Leverkusen,4,4,D,1,4.33,3.79,1.8,4.33,3.79,1.8,1467.8657549912414,1603.245917919143,75,80,100,100,1.6400000000000001,1.8200000000000003,4,11,47.52991452991453,54.05594405594407
2017-12-17,2017,RB Leipzig,Hertha BSC,2,3,A,0,1.57,3.79,6.0,1.57,3.79,6.0,1629.7404678225473,1524.263513248385,75,77,100,100,1.6700000000000004,1.9600000000000002,6,7,60.666666666666664,52.73992673992674
2018-01-12,2017,Bayer Leverkusen,Bayern Munich,1,3,A,0,4.2,3.79,1.83,4.2,3.79,1.83,1597.3089076774943,1826.0666770750977,80,75,100,100,2.1700000000000004,2.39,11,12,49.81351981351982,66.60714285714286
2018-01-13,2017,Werder Bremen,TSG Hoffenheim,1,1,D,1,2.6,3.39,2.75,2.6,3.39,2.75,1503.2320013176266,1598.099064052003,76,75,100,100,1.4100000000000001,1.4700000000000002,7,6,40.0,25.333333333333332
2018-01-13,2017,VfB Stuttgart,Hertha BSC,1,0,H,2,2.14,3.29,3.6,2.14,3.29,3.6,1427.3866740928645,1544.9769826941977,75,77,100,100,1.33,1.75,1,10,66.97649572649573,39.59706959706959
2018-01-13,2017,RB Leipzig,FC Schalke 04,3,1,H,2,2.1,3.39,3.6,2.1,3.39,3.6,1609.0269983767346,1603.2872915822745,75,79,100,100,1.9300000000000002,2.0300000000000002,5,7,71.14285714285714,56.338383838383834
2018-01-13,2017,Ein Frankfurt,SC Freiburg,1,1,D,1,1.85,3.5,4.5,1.85,3.5,4.5,1544.053071386914,1529.029984494828,75,73,100,100,1.2300000000000002,2.0900000000000003,7,11,46.03030303030303,49.060439560439555
2018-01-13,2017,FC Augsburg,Hamburg,1,0,H,2,1.95,3.39,4.2,1.95,3.39,4.2,1544.203177935911,1460.0246688529612,76,75,100,100,2.0,1.57,8,5,68.09523809523809,53.82051282051282
2018-01-13,2017,Hannover 96,FSV Mainz 05,3,2,H,2,2.2,3.39,3.29,2.2,3.39,3.29,1473.8027652328901,1464.6621780338764,75,75,100,100,1.6900000000000002,1.56,5,2,50.439005439005435,46.4065934065934
2018-01-14,2017,Borussia Dortmund,VfL Wolfsburg,0,0,D,1,1.39,5.0,7.5,1.39,5.0,7.5,1648.2858896942764,1507.5093054688232,82,79,100,100,1.56,1.17,8,5,55.1060606060606,35.65512265512266
2018-01-14,2017,FC Cologne,Borussia Monchengladbach,2,1,H,2,3.29,3.5,2.14,3.29,3.5,2.14,1427.6513946087584,1588.0816363075903,75,75,100,100,1.2100000000000002,1.4900000000000002,4,7,34.53768453768454,45.040237540237534
2018-01-19,2017,Hertha BSC,Borussia Dortmund,1,1,D,1,3.29,3.39,2.2,3.29,3.39,2.2,1523.7594657800746,1642.135827517935,77,82,100,100,1.51,1.4400000000000002,7,8,38.16849816849817,56.836829836829835
2018-01-20,2017,SC Freiburg,RB Leipzig,2,1,H,2,3.5,3.5,2.1,3.5,3.5,2.1,1529.7213923608192,1624.7626991541651,73,75,100,100,1.8,2.06,9,5,46.98251748251748,71.14285714285714
2018-01-20,2017,Hamburg,FC Cologne,0,2,A,0,2.2,3.29,3.39,2.2,3.29,3.39,1447.827118059595,1450.5556152867757,75,75,100,100,1.4400000000000002,1.2100000000000002,2,7,52.48717948717949,35.966255966255964
2018-01-20,2017,TSG Hoffenheim,Bayer Leverkusen,1,4,A,0,2.87,3.6,2.37,2.87,3.6,2.37,1593.8357043902504,1590.545859574179,75,80,100,100,1.4500000000000002,2.04,7,8,26.095238095238095,56.17715617715618
2018-01-20,2017,FSV Mainz 05,VfB Stuttgart,3,2,H,2,2.6,3.2,2.87,2.6,3.2,2.87,1449.0830205396298,1448.6041910069875,75,75,100,100,1.5,1.19,2,3,42.120879120879124,65.86538461538461
2018-01-20,2017,Borussia Monchengladbach,FC Augsburg,2,0,H,2,2.1,3.6,3.39,2.1,3.6,3.39,1565.177415629573,1556.4007287292773,75,76,100,100,1.75,1.8,4,8,49.325951825951826,62.95238095238095
2018-01-20,2017,VfL Wolfsburg,Ein Frankfurt,1,3,A,0,2.2,3.2,3.6,2.2,3.2,3.6,1513.6593676451646,1543.361663520923,79,75,100,100,1.27,1.3,6,8,43.56721056721056,46.030303030303024
2018-01-21,2017,FC Schalke 04,Hannover 96,1,1,D,1,1.57,3.79,6.5,1.57,3.79,6.5,1587.551590804844,1489.3819227271367,79,75,100,100,1.9700000000000002,1.9899999999999998,6,7,53.838383838383834,51.55011655011655
2018-01-21,2017,Bayern Munich,Werder Bremen,4,2,H,2,1.12,10.0,17.0,1.12,10.0,17.0,1832.829725178413,1507.4953609793793,75,76,100,100,2.3,1.48,15,8,62.32142857142858,38.57142857142857
2018-01-26,2017,Ein Frankfurt,Borussia Monchengladbach,2,0,H,2,2.45,3.39,2.89,2.45,3.39,2.89,1557.9971448474835,1580.7733202132858,75,75,100,100,1.45,1.6300000000000001,8,7,47.935064935064936,52.542735042735046
2018-01-27,2017,Werder Bremen,Hertha BSC,0,0,D,1,2.2,3.39,3.29,2.2,3.39,3.29,1503.23229084217,1529.0093085427943,76,77,100,100,1.35,1.33,5,8,43.6063936063936,32.33516483516483
2018-01-27,2017,VfB Stuttgart,FC Schalke 04,0,2,A,0,2.89,3.25,2.5,2.89,3.25,2.5,1432.6262419079055,1583.1473003241447,75,79,100,100,1.19,1.4700000000000002,3,6,59.55769230769231,47.77777777777777
2018-01-27,2017,Bayern Munich,TSG Hoffenheim,5,2,H,2,1.19,7.0,13.0,1.19,7.0,13.0,1837.0927953156222,1577.6842059654077,75,75,100,100,1.9600000000000002,1.28,15,4,54.59415584415584,42.095238095238095
2018-01-27,2017,FC Cologne,FC Augsburg,1,1,D,1,2.79,3.25,2.6,2.79,3.25,2.6,1466.4299659290111,1540.8048241455645,75,76,100,100,1.15,1.8200000000000003,9,5,33.6935286935287,62.073260073260066
2018-01-27,2017,RB Leipzig,Hamburg,1,1,D,1,1.5,4.2,7.0,1.5,4.2,7.0,1604.4918859817246,1431.9527674173596,75,75,100,100,1.9899999999999998,1.4700000000000002,5,1,61.142857142857146,59.15384615384615
2018-01-27,2017,Borussia Dortmund,SC Freiburg,2,2,D,1,1.39,5.0,7.5,1.39,5.0,7.5,1636.8859847552153,1549.9922055332597,82,73,100,100,1.5,1.7700000000000002,8,11,62.06410256410256,45.315850815850816
2018-01-28,2017,Hannover 96,VfL Wolfsburg,0,1,A,0,2.29,3.39,3.1,2.29,3.39,3.1,1493.786213207836,1499.0238863186041,75,79,100,100,2.02,1.19,8,3,59.883449883449885,44.08669108669109
2018-01-28,2017,Bayer Leverkusen,FSV Mainz 05,2,0,H,2,1.39,5.0,7.5,1.39,5.0,7.5,1606.6973579990217,1465.0609696387119,80,75,100,100,1.9,1.83,10,5,47.44988344988345,44.69230769230769
2018-02-02,2017,FC Cologne,Borussia Dortmund,2,3,A,0,5.0,3.79,1.7,5.0,3.79,1.7,1469.8036778809044,1632.9657761406838,75,82,100,100,1.2900000000000003,1.4700000000000002,10,9,37.539682539682545,63.01648351648352
2018-02-03,2017,VfL Wolfsburg,VfB Stuttgart,1,1,D,1,2.25,3.29,3.29,2.25,3.29,3.29,1514.7827008286135,1423.1545750614694,79,75,100,100,1.31,1.09,5,3,39.08669108669109,55.25
2018-02-03,2017,SC Freiburg,Bayer Leverkusen,0,0,D,1,4.0,3.79,1.85,4.0,3.79,1.85,1553.9124141477912,1616.5135826298545,73,80,100,100,1.24,1.8,9,10,37.183982683982684,59.757575757575765
2018-02-03,2017,Hertha BSC,TSG Hoffenheim,1,1,D,1,2.62,3.29,2.75,2.62,3.29,2.75,1527.8244063038612,1571.8144285180838,77,75,100,100,1.22,1.2100000000000002,8,4,38.049450549450555,46.857142857142854
2018-02-03,2017,FSV Mainz 05,Bayern Munich,0,2,A,0,10.0,5.25,1.3,10.0,5.25,1.3,1455.2447450078791,1842.9625727629461,75,75,100,100,1.4200000000000002,2.5200000000000005,4,15,36.69230769230769,53.16558441558442
2018-02-03,2017,Borussia Monchengladbach,RB Leipzig,0,1,A,0,2.5,3.39,2.79,2.5,3.39,2.79,1563.725938510475,1597.1407666759656,75,75,100,100,1.52,1.9300000000000002,6,5,53.65384615384615,59.142857142857146
2018-02-03,2017,FC Schalke 04,Werder Bremen,1,2,A,0,1.75,3.79,4.75,1.75,3.79,4.75,1592.6189671705808,1504.417193081103,79,76,100,100,1.56,1.56,8,3,48.666666666666664,46.93972693972694
2018-02-04,2017,Hamburg,Hannover 96,1,1,D,1,2.25,3.29,3.29,2.25,3.29,3.29,1439.3038867231187,1478.0273986978266,75,75,100,100,1.3900000000000001,2.05,1,5,54.15384615384615,66.55011655011654
2018-02-04,2017,FC Augsburg,Ein Frankfurt,3,0,H,2,2.35,3.29,3.1,2.35,3.29,3.1,1537.4311121936712,1575.0445265502942,76,75,100,100,1.78,1.3800000000000001,5,11,56.35897435897435,47.935064935064936
2018-02-09,2017,RB Leipzig,FC Augsburg,2,0,H,2,1.7,3.79,5.0,1.7,3.79,5.0,1611.6066840164024,1555.1565383891357,75,76,100,100,1.9899999999999998,1.7800000000000005,7,8,64.64285714285714,51.025641025641015
2018-02-10,2017,Hannover 96,SC Freiburg,2,1,H,2,2.1,3.5,3.5,2.1,3.5,3.5,1476.2514627039773,1556.76450663364,75,73,100,100,2.03,1.1099999999999999,6,7,59.69696969696969,31.35064935064935
2018-02-10,2017,Ein Frankfurt,FC Cologne,4,2,H,2,1.9,3.5,4.2,1.9,3.5,4.2,1557.3191003548297,1460.809931188237,75,75,100,100,1.1999999999999997,1.54,8,10,56.268398268398265,50.3968253968254
2018-02-10,2017,Borussia Dortmund,Hamburg,2,0,H,2,1.33,5.25,9.0,1.33,5.25,9.0,1641.9595228333512,1441.079822716968,82,75,100,100,1.53,1.2200000000000002,9,2,53.730769230769226,53.69930069930071
2018-02-10,2017,TSG Hoffenheim,FSV Mainz 05,4,2,H,2,1.61,4.0,5.25,1.61,4.0,5.25,1569.7993694230297,1452.1431873116314,75,75,100,100,1.31,1.61,2,4,66.85714285714286,39.19230769230769
2018-02-10,2017,Bayern Munich,FC Schalke 04,2,1,H,2,1.28,6.0,9.5,1.28,6.0,9.5,1846.0641304591938,1572.6421916252605,75,79,100,100,2.31,1.6700000000000004,15,5,47.09415584415585,52.666666666666664
2018-02-10,2017,Bayer Leverkusen,Hertha BSC,0,2,A,0,1.53,4.33,6.0,1.53,4.33,6.0,1613.6614901440057,1529.8394653989153,80,77,100,100,1.6400000000000001,0.89,8,6,56.42424242424242,30.357142857142854
2018-02-11,2017,VfB Stuttgart,Borussia Monchengladbach,1,0,H,2,2.5,3.39,2.79,2.5,3.39,2.79,1427.2790255254442,1549.2600211700383,75,75,100,100,1.0899999999999999,1.5699999999999998,4,6,48.58333333333333,48.65384615384615
2018-02-11,2017,Werder Bremen,VfL Wolfsburg,3,1,H,2,2.14,3.39,3.39,2.14,3.39,3.39,1524.3939686264234,1510.6582503646387,76,79,100,100,1.8199999999999998,1.33,6,5,51.60639360639361,37.75335775335775
2018-02-16,2017,Hertha BSC,FSV Mainz 05,0,2,A,0,2.0,3.39,4.0,2.0,3.39,4.0,1549.6264213217491,1441.3634150603,77,75,100,100,0.8700000000000001,1.54,6,3,33.65384615384615,37.21428571428571
2018-02-17,2017,FC Schalke 04,TSG Hoffenheim,2,1,H,2,2.1,3.5,3.5,2.1,3.5,3.5,1567.1492321503017,1580.5791416743612,79,75,100,100,1.53,1.59,4,5,49.238095238095234,73.14285714285714
2018-02-17,2017,Hamburg,Bayer Leverkusen,1,2,A,0,3.79,3.5,2.0,3.79,3.5,2.0,1433.4212640934145,1593.8745342211719,75,80,100,100,1.1800000000000002,1.4300000000000002,2,7,60.878787878787875,61.17948717948718
2018-02-17,2017,VfL Wolfsburg,Bayern Munich,1,2,A,0,8.5,5.0,1.36,8.5,5.0,1.36,1495.2904742162118,1851.5570899341526,79,75,100,100,1.3800000000000001,2.1900000000000004,5,15,40.293040293040285,49.77272727272727
2018-02-17,2017,FC Cologne,Hannover 96,1,1,D,1,2.29,3.39,3.1,2.29,3.39,3.1,1449.143454543077,1495.8942503175624,75,75,100,100,1.32,1.94,7,8,43.28571428571429,57.35930735930735
2018-02-17,2017,SC Freiburg,Werder Bremen,1,0,H,2,2.5,3.29,2.89,2.5,3.29,2.89,1537.1217190200548,1539.7617447748503,73,76,100,100,1.06,1.72,6,8,37.44588744588744,47.87012987012987
2018-02-18,2017,FC Augsburg,VfB Stuttgart,0,1,A,0,2.04,3.39,3.75,2.04,3.39,3.75,1541.7335271418165,1448.6764885538373,76,75,100,100,1.4900000000000002,0.9800000000000001,7,7,47.128205128205124,39.55555555555556
2018-02-18,2017,Borussia Monchengladbach,Borussia Dortmund,0,1,A,0,3.0,3.6,2.29,3.0,3.6,2.29,1527.8625581416452,1649.6180814569047,75,82,100,100,1.52,1.45,3,9,52.58547008547009,48.39743589743589
2018-02-19,2017,Ein Frankfurt,RB Leipzig,2,1,H,2,2.5,3.39,2.79,2.5,3.39,2.79,1568.9855769999897,1625.0296952637216,75,75,100,100,1.51,2.08,10,10,64.26839826839827,56.730769230769226
2018-02-23,2017,FSV Mainz 05,VfL Wolfsburg,1,1,D,1,2.14,3.39,3.5,2.14,3.39,3.5,1462.1937736522134,1491.643498656031,75,79,100,100,1.6400000000000001,1.19,6,4,35.21428571428571,36.19047619047618
2018-02-24,2017,Bayern Munich,Hertha BSC,0,0,D,1,1.16,7.5,17.0,1.16,7.5,17.0,1855.2040654943335,1528.7960627298357,75,77,100,100,2.1700000000000004,0.8600000000000001,15,6,53.1060606060606,35.65384615384615
2018-02-24,2017,Werder Bremen,Hamburg,1,0,H,2,1.83,3.6,4.5,1.83,3.6,4.5,1523.6401694357503,1424.326347775895,76,75,100,100,1.6500000000000004,1.08,7,2,59.2987012987013,64.30735930735929
2018-02-24,2017,TSG Hoffenheim,SC Freiburg,1,1,D,1,1.66,4.2,4.75,1.66,4.2,4.75,1563.9609793324396,1553.2432943591548,75,73,100,100,1.6800000000000002,1.19,4,8,70.28571428571428,33.80952380952381
2018-02-24,2017,Hannover 96,Borussia Monchengladbach,0,1,A,0,2.62,3.39,2.7,2.62,3.39,2.7,1493.7541971840915,1517.2508173932688,75,75,100,100,1.7600000000000002,1.8400000000000003,6,3,56.248196248196244,53.49456099456099
2018-02-24,2017,VfB Stuttgart,Ein Frankfurt,1,0,H,2,2.37,3.2,3.25,2.37,3.2,3.25,1468.862304841398,1587.5443491305848,75,75,100,100,1.23,1.44,7,12,42.28282828282828,59.57142857142857
2018-02-25,2017,RB Leipzig,FC Cologne,1,2,A,0,1.55,4.0,6.5,1.55,4.0,6.5,1606.4709231331265,1451.2835076765482,75,75,100,100,1.75,1.1800000000000002,7,5,55.06410256410256,44.3968253968254
2018-02-25,2017,Bayer Leverkusen,FC Schalke 04,0,2,A,0,1.9,3.6,4.0,1.9,3.6,4.0,1602.9694505386913,1583.7673944922233,80,79,100,100,1.6300000000000001,1.52,10,7,59.75091575091575,50.666666666666664
2018-02-26,2017,Borussia Dortmund,FC Augsburg,1,1,D,1,1.44,4.5,7.0,1.44,4.5,7.0,1660.2298222052812,1521.5477108542557,82,76,100,100,1.38,1.3000000000000003,11,4,48.25757575757575,42.400932400932405
2018-03-02,2017,Borussia Monchengladbach,Werder Bremen,2,2,D,1,1.95,3.5,4.0,1.95,3.5,4.0,1532.170404683102,1535.1872254881473,75,76,100,100,1.7500000000000004,1.65,3,10,48.686868686868685,63.494505494505496
2018-03-03,2017,FC Augsburg,TSG Hoffenheim,0,2,A,0,2.89,3.39,2.45,2.89,3.39,2.45,1527.6153798759149,1563.467568199125,76,75,100,100,1.3900000000000001,1.7100000000000002,5,5,44.70862470862471,67.61904761904762
2018-03-03,2017,Ein Frankfurt,Hannover 96,1,0,H,2,1.75,3.6,5.0,1.75,3.6,5.0,1566.2819483401242,1478.8346098942582,75,75,100,100,1.09,1.8900000000000001,9,5,59.57142857142857,55.41486291486291
2018-03-03,2017,Hamburg,FSV Mainz 05,0,0,D,1,2.25,3.29,3.39,2.25,3.29,3.39,1412.779291723498,1463.546744888925,75,75,100,100,0.93,1.24,2,4,52.38428238428238,29.21428571428571
2018-03-03,2017,RB Leipzig,Borussia Dortmund,1,1,D,1,2.39,3.5,2.87,2.39,3.5,2.87,1583.7644588911119,1654.162153183622,75,82,100,100,1.78,1.28,7,11,51.06410256410256,45.75757575757575
2018-03-03,2017,FC Schalke 04,Hertha BSC,1,0,H,2,1.66,3.6,6.0,1.66,3.6,6.0,1600.650782585211,1540.5557781655414,79,77,100,100,1.73,0.8600000000000001,9,6,50.0,31.790209790209794
2018-03-03,2017,VfL Wolfsburg,Bayer Leverkusen,1,2,A,0,3.29,3.39,2.2,3.29,3.39,2.2,1490.2905274193192,1586.0860624457036,79,80,100,100,1.06,1.55,5,7,36.76190476190476,69.75091575091575
2018-03-04,2017,SC Freiburg,Bayern Munich,0,4,A,0,10.0,5.5,1.3,10.0,5.5,1.3,1553.7367054924694,1843.4443500586278,73,75,100,100,1.1300000000000001,2.1700000000000004,6,13,30.47619047619047,62.1969696969697
2018-03-04,2017,FC Cologne,VfB Stuttgart,2,3,A,0,2.45,3.25,3.0,2.45,3.25,3.0,1473.9899719185628,1490.1247056318587,75,75,100,100,1.35,1.28,5,10,53.3968253968254,47.71139971139971
2018-03-09,2017,FSV Mainz 05,FC Schalke 04,0,1,A,0,3.6,3.29,2.1,3.6,3.29,2.1,1461.2253155642552,1613.9105778799806,75,79,100,100,1.2900000000000003,1.5000000000000002,5,9,30.88095238095238,43.0
2018-03-10,2017,Bayern Munich,Hamburg,6,0,H,2,1.12,9.0,21.0,1.12,9.0,21.0,1848.5237816335832,1415.100721048168,75,75,100,100,1.8400000000000003,1.1900000000000002,13,2,64.73665223665223,60.717615717615715
2018-03-10,2017,Hannover 96,FC Augsburg,1,3,A,0,2.14,3.39,3.39,2.14,3.39,3.39,1466.7787711415792,1513.2605986773224,75,76,100,100,1.7700000000000002,1.32,5,4,38.748196248196244,47.01631701631702
2018-03-10,2017,Hertha BSC,SC Freiburg,0,0,D,1,2.1,3.25,3.79,2.1,3.25,3.79,1527.2959828707717,1548.657273917514,77,73,100,100,0.9600000000000002,1.06,5,5,36.79020979020979,33.65079365079365
2018-03-10,2017,TSG Hoffenheim,VfL Wolfsburg,3,0,H,2,1.66,4.0,5.0,1.66,4.0,5.0,1577.8223493977175,1478.593580612805,75,79,100,100,1.9000000000000004,1.06,8,2,63.88278388278388,48.76190476190476
2018-03-10,2017,Bayer Leverkusen,Borussia Monchengladbach,2,0,H,2,1.7,3.89,5.0,1.7,3.89,5.0,1597.7830092522179,1532.3093309238868,80,75,100,100,1.6400000000000001,1.83,7,4,57.75091575091575,47.77777777777777
2018-03-11,2017,Borussia Dortmund,Ein Frankfurt,3,2,H,2,1.75,3.6,5.0,1.75,3.6,5.0,1650.9638689682024,1578.3377870928032,82,75,100,100,1.1199999999999999,1.33,11,9,43.47186147186147,66.23809523809524
2018-03-11,2017,VfB Stuttgart,RB Leipzig,0,0,D,1,2.62,3.39,2.62,2.62,3.39,2.62,1505.3822073724732,1586.9627431065314,75,75,100,100,1.3399999999999999,1.6700000000000004,13,7,49.71139971139971,49.06410256410256
2018-03-12,2017,Werder Bremen,FC Cologne,3,1,H,2,1.83,3.75,4.2,1.83,3.75,4.2,1535.0482992473626,1458.7324701779482,76,75,100,100,1.6000000000000003,1.31,10,4,64.40359640359641,53.3968253968254
2018-03-16,2017,SC Freiburg,VfB Stuttgart,1,2,A,0,2.62,3.2,2.79,2.62,3.2,2.79,1547.6747877731734,1509.0715738444933,73,75,100,100,0.8000000000000002,1.33,5,13,35.873015873015866,43.87806637806638
2018-03-17,2017,FC Augsburg,Werder Bremen,1,3,A,0,2.5,3.1,3.1,2.5,3.1,3.1,1527.1327116534126,1547.589277781392,76,76,100,100,1.3800000000000001,1.5700000000000003,4,10,53.68298368298368,70.40359640359641
2018-03-17,2017,Ein Frankfurt,FSV Mainz 05,3,0,H,2,1.61,3.79,6.0,1.61,3.79,6.0,1565.6344644113494,1451.8365099458395,75,75,100,100,1.3900000000000001,1.2900000000000003,9,5,65.21245421245422,32.47186147186147
2018-03-17,2017,Hamburg,Hertha BSC,1,2,A,0,2.54,3.0,3.0,2.54,3.0,3.0,1412.6619821471334,1528.2784690151123,75,77,100,100,0.9200000000000002,1.06,1,5,47.83882783882784,47.9013209013209
2018-03-17,2017,Borussia Monchengladbach,TSG Hoffenheim,3,3,D,1,2.75,3.39,2.54,2.75,3.39,2.54,1519.2893126436304,1589.3730191443287,75,75,100,100,1.78,1.9800000000000004,4,10,57.77777777777777,58.54945054945055
2018-03-17,2017,VfL Wolfsburg,FC Schalke 04,0,1,A,0,3.5,3.25,2.2,3.5,3.25,2.2,1467.0429108661938,1623.2993834983963,79,79,100,100,0.8099999999999999,1.2500000000000002,1,12,47.42857142857143,41.90909090909091
2018-03-18,2017,FC Cologne,Bayer Leverkusen,2,0,H,2,5.0,3.75,1.72,5.0,3.75,1.72,1446.1914916439189,1610.8030275324743,75,80,100,100,1.11,1.8200000000000003,4,9,45.11111111111111,51.91758241758241
2018-03-18,2017,RB Leipzig,Bayern Munich,2,1,H,2,5.0,4.33,1.6,5.0,4.33,1.6,1583.2733766345114,1850.9625205346179,75,75,100,100,1.4700000000000002,1.9300000000000002,5,13,44.06410256410256,70.56998556998556
2018-03-18,2017,Borussia Dortmund,Hannover 96,1,0,H,2,1.44,4.75,7.0,1.44,4.75,7.0,1663.6671916496562,1452.906658165489,82,75,100,100,0.9600000000000002,1.72,11,4,45.44988344988345,39.960317460317455
2018-03-31,2017,Hertha BSC,VfL Wolfsburg,0,0,D,1,2.04,3.29,3.6,2.04,3.29,3.6,1539.1423339625367,1457.7899050524882,77,79,100,100,1.33,0.7700000000000001,5,1,58.89033189033189,50.28571428571428
2018-03-31,2017,Bayern Munich,Borussia Dortmund,6,0,H,2,1.36,5.0,8.0,1.36,5.0,8.0,1824.6072659122572,1670.9993237428248,75,82,100,100,1.7700000000000002,1.35,10,11,72.47474747474746,55.926073926073926
2018-03-31,2017,Hannover 96,RB Leipzig,2,3,A,0,3.89,3.6,1.95,3.89,3.6,1.95,1445.5745260723204,1609.628631256872,75,75,100,100,1.59,1.28,1,5,34.24603174603175,41.5
2018-03-31,2017,Bayer Leverkusen,FC Augsburg,0,0,D,1,1.44,4.5,6.5,1.44,4.5,6.5,1587.7429228696667,1512.0736842309605,80,76,100,100,1.65,1.57,9,4,48.07142857142857,53.58041958041959
2018-03-31,2017,FC Schalke 04,SC Freiburg,2,0,H,2,1.55,3.79,6.5,1.55,3.79,6.5,1632.552389312102,1529.9043236665957,79,73,100,100,1.2200000000000002,0.6700000000000002,15,5,39.051948051948045,29.444444444444446
2018-03-31,2017,VfB Stuttgart,Hamburg,1,1,D,1,1.72,3.6,4.75,1.72,3.6,4.75,1526.842037951071,1401.798117199709,75,75,100,100,1.48,0.97,13,1,56.65584415584415,37.36263736263736
2018-03-31,2017,TSG Hoffenheim,FC Cologne,6,0,H,2,1.53,4.5,5.75,1.53,4.5,5.75,1586.1886193386988,1469.2515963067265,75,75,100,100,1.75,1.06,8,7,49.263736263736256,51.11111111111111
2018-04-01,2017,Werder Bremen,Ein Frankfurt,2,1,H,2,2.37,3.25,3.0,2.37,3.25,3.0,1562.648305203844,1576.5735718285428,76,75,100,100,1.9300000000000002,1.3300000000000003,10,9,71.16550116550117,57.21245421245421
2018-04-01,2017,FSV Mainz 05,Borussia Monchengladbach,0,0,D,1,2.45,3.39,2.75,2.45,3.39,2.75,1440.8974025286461,1522.4737124492603,75,75,100,100,1.3199999999999998,2.0100000000000002,5,5,38.75757575757576,55.0
2018-04-06,2017,Hannover 96,Werder Bremen,2,1,H,2,2.89,3.5,2.37,2.89,3.5,2.37,1436.6139437352226,1579.2892442622617,75,76,100,100,1.41,2.0700000000000003,0,13,38.69047619047619,64.4988344988345
2018-04-07,2017,Borussia Monchengladbach,Hertha BSC,2,1,H,2,1.7,3.5,5.75,1.7,3.5,5.75,1518.7845302365342,1535.4629151711176,75,77,100,100,1.48,1.3699999999999999,6,6,53.32167832167831,55.77922077922078
2018-04-07,2017,Hamburg,FC Schalke 04,3,2,H,2,4.33,3.39,1.9,4.33,3.39,1.9,1407.320207564154,1643.9581725785572,75,79,100,100,1.06,1.3300000000000003,2,15,39.934065934065934,37.62337662337662
2018-04-07,2017,SC Freiburg,VfL Wolfsburg,0,2,A,0,2.5,3.1,3.1,2.5,3.1,3.1,1518.4985404001404,1461.4693238439072,73,79,100,100,0.54,0.8300000000000001,2,2,39.44444444444444,54.73015873015872
2018-04-07,2017,FC Cologne,FSV Mainz 05,1,1,D,1,2.0,3.5,3.75,2.0,3.5,3.75,1458.4422110090518,1444.5865847413722,75,75,100,100,1.0500000000000003,1.2500000000000002,6,3,53.33333333333333,41.526806526806524
2018-04-07,2017,FC Augsburg,Bayern Munich,1,4,A,0,6.5,4.33,1.5,6.5,4.33,1.5,1515.5043094019336,1833.960873911662,76,75,100,100,1.56,1.9200000000000004,5,10,49.64102564102564,72.47474747474746
2018-04-08,2017,Borussia Dortmund,VfB Stuttgart,3,0,H,2,1.61,4.0,5.5,1.61,4.0,5.5,1661.64571574342,1521.3199475866259,82,75,100,100,1.4,1.35,8,11,53.5018315018315,49.92857142857143
2018-04-08,2017,Ein Frankfurt,TSG Hoffenheim,1,1,D,1,2.39,3.39,3.0,2.39,3.39,3.0,1559.932632770125,1596.9980046363735,75,75,100,100,1.4400000000000002,2.09,6,11,52.21245421245421,47.35897435897435
2018-04-09,2017,RB Leipzig,Bayer Leverkusen,1,4,A,0,2.29,3.5,3.0,2.29,3.5,3.0,1618.5892135939698,1584.3122976986936,75,80,100,100,1.45,1.5499999999999998,8,7,39.83333333333333,56.16666666666667
2018-04-13,2017,VfL Wolfsburg,FC Augsburg,0,0,D,1,2.14,3.29,3.6,2.14,3.29,3.6,1480.072281032027,1511.0928059559935,79,76,100,100,0.86,1.3,4,4,47.730158730158735,42.498168498168496
2018-04-14,2017,Bayern Munich,Borussia Monchengladbach,5,1,H,2,1.33,5.75,8.0,1.33,5.75,8.0,1838.372377357602,1535.5520088096516,75,75,100,100,1.8900000000000001,1.3900000000000001,12,6,73.25396825396825,54.710567210567206
2018-04-14,2017,Hertha BSC,FC Cologne,2,1,H,2,1.95,3.6,3.79,1.95,3.6,3.79,1518.6954365980002,1457.8044738868996,77,75,100,100,1.5699999999999998,1.1800000000000002,5,4,63.25396825396825,53.878787878787875
2018-04-14,2017,TSG Hoffenheim,Hamburg,2,0,H,2,1.5,4.33,6.5,1.5,4.33,6.5,1595.2975274504122,1432.7959399638653,75,75,100,100,2.0300000000000002,1.4200000000000004,11,5,39.48018648018648,54.634920634920626
2018-04-14,2017,Bayer Leverkusen,Ein Frankfurt,4,1,H,2,1.8,3.79,4.33,1.8,3.79,4.33,1601.8857065607767,1561.6331099560864,80,75,100,100,1.67,1.7200000000000002,10,7,52.75490196078432,58.186480186480196
2018-04-14,2017,VfB Stuttgart,Hannover 96,1,1,D,1,1.9,3.6,4.0,1.9,3.6,4.0,1511.4523074521996,1458.8383692016557,75,75,100,100,1.3800000000000001,1.35,8,3,50.16666666666667,39.52380952380952
2018-04-15,2017,FC Schalke 04,Borussia Dortmund,2,0,H,2,2.54,3.39,2.7,2.54,3.39,2.7,1618.482440178846,1671.5133558778462,79,82,100,100,1.2200000000000002,1.89,12,10,33.84559884559884,51.83516483516483
2018-04-15,2017,Werder Bremen,RB Leipzig,1,1,D,1,2.79,3.5,2.45,2.79,3.5,2.45,1557.0648187958286,1601.0158047318869,76,75,100,100,2.1100000000000003,1.53,10,8,54.242424242424235,43.24509803921568
2018-04-16,2017,FSV Mainz 05,SC Freiburg,2,0,H,2,2.29,3.29,3.2,2.29,3.29,3.2,1445.2243218635244,1499.8955832120207,75,73,100,100,1.2400000000000002,0.52,3,1,38.98135198135198,47.77777777777778
2018-04-20,2017,Borussia Monchengladbach,VfL Wolfsburg,3,0,H,2,1.8,3.79,4.5,1.8,3.79,4.5,1530.7868822472576,1481.4970450882677,75,79,100,100,1.1700000000000004,1.04,5,5,45.61965811965812,47.396825396825406
2018-04-21,2017,Borussia Dortmund,Bayer Leverkusen,4,0,H,2,2.29,3.5,3.0,2.29,3.5,3.0,1653.089982323205,1616.0402555690225,82,80,100,100,2.09,1.6900000000000002,9,10,51.83516483516483,54.75490196078431
2018-04-21,2017,Ein Frankfurt,Hertha BSC,0,3,A,0,1.95,3.39,4.2,1.95,3.39,4.2,1547.4785609478406,1531.9196658082255,75,77,100,100,1.4200000000000002,1.7099999999999997,4,8,51.519813519813525,56.82539682539682
2018-04-21,2017,Hamburg,SC Freiburg,1,0,H,2,2.04,3.39,3.75,2.04,3.39,3.75,1423.7775877063134,1481.3984551709655,75,73,100,100,1.33,0.54,4,1,46.96825396825397,48.88888888888889
2018-04-21,2017,Hannover 96,Bayern Munich,0,3,A,0,6.25,4.59,1.44,6.25,4.59,1.44,1461.24297734634,1843.137503919996,75,75,100,100,1.4100000000000001,2.2,4,12,41.904761904761905,82.14285714285714
2018-04-21,2017,RB Leipzig,TSG Hoffenheim,2,5,A,0,2.04,3.75,3.39,2.04,3.75,3.39,1599.0025148354582,1604.315879707964,75,75,100,100,1.56,2.07,8,11,40.9593837535014,41.12121212121212
2018-04-21,2017,VfB Stuttgart,Werder Bremen,2,0,H,2,2.39,3.29,3.0,2.39,3.29,3.0,1509.0476993075154,1559.0781086922573,75,76,100,100,1.45,2.1,6,10,54.45238095238095,57.61904761904761
2018-04-22,2017,FC Augsburg,FSV Mainz 05,2,0,H,2,2.2,3.29,3.39,2.2,3.29,3.39,1509.6680418997528,1463.7214499045797,76,75,100,100,1.31,1.3700000000000003,5,5,38.52380952380952,47.31468531468532
2018-04-22,2017,FC Cologne,FC Schalke 04,2,2,D,1,3.75,3.5,2.0,3.75,3.5,2.0,1444.5802446766743,1636.905813733487,75,79,100,100,1.1099999999999999,1.23,4,12,55.3073593073593,36.84559884559884
2018-04-27,2017,TSG Hoffenheim,Hannover 96,3,1,H,2,1.28,6.0,9.5,1.28,6.0,9.5,1620.0712092870858,1458.0462505112694,75,75,100,100,2.06,1.1800000000000002,11,4,33.12121212121211,39.68253968253968
2018-04-28,2017,Hertha BSC,FC Augsburg,2,2,D,1,2.04,3.25,3.79,2.04,3.25,3.79,1548.6357008182024,1523.564372364744,77,76,100,100,1.59,1.21,10,5,45.714285714285715,34.079365079365076
2018-04-28,2017,Bayern Munich,Ein Frankfurt,4,1,H,2,1.6,4.33,5.25,1.6,4.33,5.25,1846.3342307550668,1530.7625259378638,75,75,100,100,2.2,1.45,12,4,79.36507936507937,59.21212121212121
2018-04-28,2017,SC Freiburg,FC Cologne,3,2,H,2,2.1,3.39,3.6,2.1,3.39,3.6,1462.7689799400146,1452.6311522499157,73,75,100,100,0.76,1.1800000000000002,0,5,45.71428571428571,57.640692640692635
2018-04-28,2017,FC Schalke 04,Borussia Monchengladbach,1,1,D,1,1.85,3.6,4.2,1.85,3.6,4.2,1628.8549061602457,1544.5321079362823,79,75,100,100,1.58,1.4000000000000001,10,8,37.60317460317461,45.427350427350426
2018-04-28,2017,VfL Wolfsburg,Hamburg,1,3,A,0,2.2,3.39,3.29,2.2,3.39,3.29,1467.751819399243,1442.4070629372643,79,75,100,100,1.09,1.6300000000000003,5,7,49.755799755799764,59.58730158730159
2018-04-28,2017,Bayer Leverkusen,VfB Stuttgart,0,1,A,0,1.39,4.75,8.0,1.39,4.75,8.0,1601.7400204056948,1527.3358908440161,80,75,100,100,1.4200000000000004,1.56,7,8,56.48567119155355,54.45238095238095
2018-04-29,2017,FSV Mainz 05,RB Leipzig,3,0,H,2,3.75,3.39,2.04,3.75,3.39,2.04,1449.8251194395884,1583.2471852563365,75,75,100,100,1.24,1.8199999999999998,5,7,49.334887334887334,41.792717086834735
2018-04-29,2017,Werder Bremen,Borussia Dortmund,1,1,D,1,3.79,3.75,1.9,3.79,3.75,1.9,1540.7899171557565,1667.3902174865327,76,82,100,100,1.9400000000000002,2.33,7,9,56.11904761904761,54.91208791208792
2018-05-05,2017,Borussia Monchengladbach,SC Freiburg,3,1,H,2,1.8,3.6,4.75,1.8,3.6,4.75,1548.3408259950202,1478.3022481749886,75,73,100,100,1.15,0.9700000000000001,8,3,40.427350427350426,46.42857142857142
2018-05-05,2017,VfB Stuttgart,TSG Hoffenheim,2,0,H,2,3.1,3.75,2.14,3.1,3.75,2.14,1546.710890835507,1629.1073424575616,75,75,100,100,1.34,2.09,8,13,44.45238095238095,40.84848484848484
2018-05-05,2017,RB Leipzig,VfL Wolfsburg,4,1,H,2,1.61,4.0,5.5,1.61,4.0,5.5,1561.3880950211244,1450.5867161665503,75,79,100,100,1.52,0.9400000000000001,4,5,45.792717086834735,40.47008547008547
2018-05-05,2017,Hannover 96,Hertha BSC,3,1,H,2,2.7,3.39,2.62,2.7,3.39,2.62,1449.0101173407936,1547.4831233564666,75,77,100,100,1.23,1.35,4,8,44.098124098124096,41.904761904761905
2018-05-05,2017,Ein Frankfurt,Hamburg,3,0,H,2,1.95,3.5,4.0,1.95,3.5,4.0,1526.287481392147,1459.572166169957,75,75,100,100,1.3,1.7600000000000002,1,10,64.54545454545455,71.73015873015873
2018-05-05,2017,FC Cologne,Bayern Munich,1,3,A,0,11.0,6.5,1.25,11.0,6.5,1.25,1437.0978840149417,1850.8092753007836,75,75,100,100,1.24,2.39,2,15,61.926406926406926,72.69841269841268
2018-05-05,2017,Borussia Dortmund,FSV Mainz 05,1,2,A,0,1.3,5.5,10.0,1.3,5.5,10.0,1661.8050885282066,1471.6842096748005,82,75,100,100,2.1300000000000003,1.5900000000000003,7,8,46.1025641025641,46.66822066822066
2018-05-05,2017,FC Augsburg,FC Schalke 04,1,2,A,0,3.6,3.29,2.1,3.6,3.29,2.1,1524.7169498264798,1625.0461881015078,76,79,100,100,1.06,1.6600000000000001,6,8,30.07936507936508,41.88888888888889
2018-05-05,2017,Werder Bremen,Bayer Leverkusen,0,0,D,1,3.79,4.0,1.85,3.79,4.0,1.85,1546.3750461140826,1582.365020414204,76,80,100,100,1.69,1.7200000000000002,5,7,58.45238095238095,61.48567119155355
2018-05-12,2017,FC Schalke 04,Ein Frankfurt,1,0,H,2,2.29,3.5,3.0,2.29,3.5,3.0,1636.5501396406573,1539.2523406077337,79,75,100,100,1.65,1.49,8,4,41.88888888888889,63.878787878787875
2018-05-12,2017,VfL Wolfsburg,FC Cologne,4,1,H,2,1.64,4.0,5.25,1.64,4.0,5.25,1439.5230812596724,1434.3909004612738,79,75,100,100,1.1099999999999999,1.3800000000000001,4,2,43.64468864468866,55.86580086580087
2018-05-12,2017,TSG Hoffenheim,Borussia Dortmund,3,1,H,2,2.2,3.79,3.0,2.2,3.79,3.0,1609.382418802493,1637.8302460439968,75,82,100,100,1.9600000000000002,2.2,10,7,52.18181818181817,52.76923076923076
2018-05-12,2017,SC Freiburg,FC Augsburg,2,0,H,2,1.95,3.39,4.0,1.95,3.39,4.0,1465.4846519980322,1513.2129982873303,73,76,100,100,1.33,1.23,3,5,42.42857142857142,36.74603174603175
2018-05-12,2017,Bayer Leverkusen,Hannover 96,3,2,H,2,1.19,7.0,13.0,1.19,7.0,13.0,1580.7135236804454,1469.4273154602506,80,75,100,100,1.5900000000000003,1.29,7,7,49.81900452488688,38.76479076479076
2018-05-12,2017,Bayern Munich,VfB Stuttgart,1,4,A,0,1.16,8.0,15.0,1.16,8.0,15.0,1853.5162588544515,1566.4358144905755,75,75,100,100,2.38,1.2000000000000002,15,10,72.09235209235209,40.45238095238095
2018-05-12,2017,FSV Mainz 05,Werder Bremen,1,2,A,0,2.29,3.6,3.0,2.29,3.6,3.0,1495.6590521590103,1548.0265428478413,75,76,100,100,1.52,1.37,10,3,42.56565656565656,60.11904761904761
2018-05-12,2017,Hamburg,Borussia Monchengladbach,2,1,H,2,2.29,3.5,3.0,2.29,3.5,3.0,1446.6073069543702,1561.1584221719766,75,75,100,100,1.7399999999999998,1.3399999999999999,9,10,71.73015873015873,45.19658119658119
2018-05-12,2017,Hertha BSC,RB Leipzig,2,6,A,0,4.2,3.75,1.85,4.2,3.75,1.85,1527.0659252370097,1572.4517299280024,77,75,100,100,1.4200000000000002,1.58,7,4,45.01587301587301,44.84033613445378
2018-08-24,2018,Bayern Munich,TSG Hoffenheim,3,1,H,2,1.2,7.5,12.0,1.2,7.5,12.0,1826.6606491045359,1626.6895698142223,75,75,100,100,2.48,2.1799999999999997,12,12,74.94949494949495,54.72727272727273
2018-08-25,2018,VfL Wolfsburg,FC Schalke 04,2,1,H,2,3.1,3.3,2.37,3.1,3.3,2.37,1455.2867527883827,1648.182983438552,77,79,100,100,1.4000000000000001,1.73,4,11,45.31135531135531,51.095238095238095
2018-08-25,2018,Werder Bremen,Hannover 96,1,1,D,1,1.85,3.6,4.0,1.85,3.6,4.0,1561.633028872147,1458.3838738180175,76,75,100,100,1.33,1.22,6,4,67.45238095238096,31.145743145743143
2018-08-25,2018,Hertha BSC,FC Nurnberg,1,0,H,2,2.04,3.4,3.75,2.04,3.4,3.75,1513.1442106330735,1391.2942812239298,77,75,100,100,1.2900000000000003,1.33,7,0,40.57142857142857,36.172494172494176
2018-08-25,2018,SC Freiburg,Ein Frankfurt,0,2,A,0,2.3,3.3,3.25,2.3,3.3,3.25,1483.6689008801402,1527.6194968098391,73,75,100,100,1.4000000000000001,1.28,6,3,38.539682539682545,57.904761904761905
2018-08-25,2018,Fortuna Dusseldorf,FC Augsburg,1,2,A,0,2.37,3.25,3.0,2.37,3.25,3.0,1389.1129657326496,1495.0287494052222,75,75,100,100,1.01,1.25,0,5,43.10606060606061,42.777777777777786
2018-08-25,2018,Borussia Monchengladbach,Bayer Leverkusen,2,0,H,2,2.8,3.5,2.45,2.8,3.5,2.45,1540.0663368369524,1591.7569653226785,75,79,100,100,1.3199999999999998,1.7700000000000002,7,7,41.76223776223777,53.51648351648352
2018-08-26,2018,Borussia Dortmund,RB Leipzig,4,1,H,2,1.72,3.8,4.75,1.72,3.8,4.75,1620.5230950322675,1586.3734445319385,81,78,100,100,1.8000000000000003,1.8,4,7,56.43589743589744,48.76190476190475
2018-08-26,2018,FSV Mainz 05,VfB Stuttgart,1,0,H,2,2.7,3.25,2.7,2.7,3.25,2.7,1482.0525661347046,1593.291424240491,75,75,100,100,1.4100000000000001,1.19,9,13,43.11111111111111,28.78571428571429
2018-08-31,2018,Hannover 96,Borussia Dortmund,0,0,D,1,5.5,4.33,1.57,5.5,4.33,1.57,1463.0034768314567,1634.955490491023,75,81,100,100,1.3000000000000003,1.7800000000000005,4,7,34.002886002886,53.18589743589744
2018-09-01,2018,VfB Stuttgart,Bayern Munich,0,3,A,0,11.0,5.5,1.28,11.0,5.5,1.28,1572.3368372588218,1834.3497199108124,75,75,100,100,1.11,2.2,12,12,21.166666666666664,70.50505050505049
2018-09-01,2018,FC Nurnberg,FSV Mainz 05,1,1,D,1,2.37,3.3,3.1,2.37,3.3,3.1,1380.6863946207254,1503.007153116374,75,75,100,100,1.48,1.35,0,9,39.76223776223776,46.44444444444444
2018-09-01,2018,Bayer Leverkusen,VfL Wolfsburg,1,3,A,0,1.61,4.33,5.0,1.61,4.33,5.0,1573.3939332941748,1479.357270208599,79,77,100,100,1.6700000000000004,1.4600000000000002,4,6,50.65934065934066,49.2002442002442
2018-09-01,2018,FC Augsburg,Borussia Monchengladbach,1,1,D,1,2.62,3.4,2.7,2.62,3.4,2.7,1506.2968318166318,1558.4293688654561,75,75,100,100,1.5,1.69,7,10,42.777777777777786,54.61938061938063
2018-09-01,2018,Ein Frankfurt,Werder Bremen,1,2,A,0,2.4,3.5,2.9,2.4,3.5,2.9,1541.6062245894955,1557.0134258587077,75,76,100,100,1.35,1.2,6,6,55.904761904761905,64.5952380952381
2018-09-01,2018,TSG Hoffenheim,SC Freiburg,3,1,H,2,1.55,4.0,6.5,1.55,4.0,6.5,1619.0004990079458,1469.6821731004839,75,73,100,100,2.0100000000000002,1.75,9,6,49.83838383838384,40.539682539682545
2018-09-02,2018,FC Schalke 04,Hertha BSC,0,2,A,0,1.75,3.6,5.0,1.75,3.6,5.0,1624.1124660183357,1523.752097236278,79,77,100,100,1.7399999999999998,1.1400000000000001,8,7,47.539682539682545,45.33333333333333
2018-09-02,2018,RB Leipzig,Fortuna Dusseldorf,1,1,D,1,1.4,4.75,8.0,1.4,4.75,8.0,1571.941049073183,1377.84488332124,78,75,100,100,1.9200000000000004,0.9800000000000001,6,0,54.29761904761904,47.27272727272727
2018-09-14,2018,Borussia Dortmund,Ein Frankfurt,3,1,H,2,1.4,5.0,7.5,1.4,5.0,7.5,1627.6257176486088,1526.3152876935865,81,75,100,100,1.45,1.1900000000000002,5,6,46.416666666666664,50.45021645021645
2018-09-15,2018,FSV Mainz 05,FC Augsburg,2,1,H,2,2.54,3.25,2.87,2.54,3.25,2.87,1497.5958285855118,1508.679766845016,75,75,100,100,1.2600000000000002,1.5700000000000003,10,5,38.666666666666664,47.73504273504274
2018-09-15,2018,Fortuna Dusseldorf,TSG Hoffenheim,2,1,H,2,4.0,3.6,1.9,4.0,3.6,1.9,1385.9565286018565,1628.5183978205735,75,75,100,100,1.2400000000000002,2.0900000000000003,1,9,43.939393939393945,55.17171717171717
2018-09-15,2018,Bayern Munich,Bayer Leverkusen,3,1,H,2,1.2,7.0,13.0,1.2,7.0,13.0,1840.1479825401277,1553.1661223526808,75,79,100,100,2.1800000000000006,1.7700000000000002,12,4,74.94949494949495,53.92857142857143
2018-09-15,2018,VfL Wolfsburg,Hertha BSC,2,2,D,1,2.1,3.25,3.75,2.1,3.25,3.75,1499.585081150093,1544.249466074766,77,77,100,100,1.6300000000000001,1.15,9,7,49.007936507936506,45.33333333333333
2018-09-15,2018,Borussia Monchengladbach,FC Schalke 04,2,1,H,2,2.37,3.4,3.0,2.37,3.4,3.0,1556.0464338370718,1603.6150971798477,75,79,100,100,1.44,1.5699999999999998,8,7,48.465534465534475,55.87301587301588
2018-09-15,2018,RB Leipzig,Hannover 96,3,2,H,2,1.53,4.33,5.5,1.53,4.33,5.5,1563.8294037925666,1470.333249673871,78,75,100,100,1.9700000000000002,1.23,7,5,50.96428571428571,45.55844155844156
2018-09-16,2018,SC Freiburg,VfB Stuttgart,3,3,D,1,2.62,3.25,2.75,2.62,3.25,2.75,1460.1642742878562,1566.5385746295065,73,75,100,100,1.73,0.8400000000000001,6,9,42.82539682539682,13.666666666666666
2018-09-16,2018,Werder Bremen,FC Nurnberg,1,1,D,1,1.66,4.0,5.0,1.66,4.0,5.0,1572.3043627546167,1386.0977191515876,76,75,100,100,1.3400000000000003,1.5000000000000002,9,1,57.54978354978355,50.97435897435898
2018-09-21,2018,VfB Stuttgart,Fortuna Dusseldorf,0,0,D,1,1.72,3.6,5.25,1.72,3.6,5.25,1561.787395961922,1411.6075953910433,75,75,100,100,1.11,1.34,7,4,20.97435897435897,32.27272727272727
2018-09-22,2018,FC Schalke 04,Bayern Munich,0,2,A,0,8.0,4.5,1.4,8.0,4.5,1.4,1585.4380653748246,1845.2948233508912,79,75,100,100,1.7,2.2,6,12,55.87301587301588,86.28282828282828
2018-09-22,2018,FC Augsburg,Werder Bremen,2,3,A,0,2.5,3.25,2.9,2.5,3.25,2.9,1492.1695057185966,1564.46575538769,75,76,100,100,1.6200000000000003,1.1300000000000001,4,9,49.957264957264954,53.15584415584416
2018-09-22,2018,Hertha BSC,Borussia Monchengladbach,4,2,H,2,2.37,3.3,3.1,2.37,3.3,3.1,1542.2038515146348,1574.2234656420949,77,75,100,100,1.1600000000000001,1.49,7,10,36.44444444444444,48.46553446553447
2018-09-22,2018,TSG Hoffenheim,Borussia Dortmund,1,1,D,1,2.62,3.75,2.4,2.62,3.75,2.4,1602.8673310313866,1639.0880847250512,75,81,100,100,2.0700000000000003,1.3800000000000001,6,7,62.44444444444444,55.58333333333333
2018-09-22,2018,FC Nurnberg,Hannover 96,2,0,H,2,2.5,3.25,2.9,2.5,3.25,2.9,1393.9363265185143,1458.537897714347,75,75,100,100,1.52,1.4200000000000002,2,5,54.36829836829837,53.28571428571429
2018-09-22,2018,VfL Wolfsburg,SC Freiburg,1,3,A,0,1.72,3.6,5.25,1.72,3.6,5.25,1501.630695710224,1464.9154529554407,77,73,100,100,1.8800000000000003,1.6900000000000002,10,4,59.56349206349206,44.8034188034188
2018-09-23,2018,Bayer Leverkusen,FSV Mainz 05,1,0,H,2,1.57,4.33,5.5,1.57,4.33,5.5,1548.0192815419173,1514.1060897119312,79,75,100,100,1.3199999999999998,1.24,4,10,40.92857142857143,40.44444444444444
2018-09-23,2018,Ein Frankfurt,RB Leipzig,1,1,D,1,2.9,3.4,2.35,2.9,3.4,2.35,1514.852920617144,1575.6247557520906,75,78,100,100,1.0800000000000003,2.2600000000000002,6,10,39.616883116883116,45.29761904761905
2018-09-25,2018,Hannover 96,TSG Hoffenheim,1,3,A,0,3.5,3.6,2.04,3.5,3.6,2.04,1439.5967028983414,1604.5293415974477,75,75,100,100,1.32,1.95,2,7,50.285714285714285,54.44444444444444
2018-09-25,2018,Werder Bremen,Hertha BSC,3,1,H,2,2.0,3.5,3.8,2.0,3.5,3.8,1577.1836254051632,1559.6742486836204,76,77,100,100,1.5,1.36,11,10,45.42857142857143,35.11111111111111
2018-09-25,2018,Bayern Munich,FC Augsburg,1,1,D,1,1.1,10.0,23.0,1.1,10.0,23.0,1851.1522453892205,1479.4516357011235,75,75,100,100,2.1,1.7900000000000003,12,4,93.55555555555556,52.68453768453768
2018-09-25,2018,SC Freiburg,FC Schalke 04,1,0,H,2,3.5,3.2,2.14,3.5,3.2,2.14,1482.5999865252384,1579.5806433364953,73,79,100,100,1.7100000000000002,1.4500000000000002,7,3,48.8034188034188,45.87301587301587
2018-09-26,2018,RB Leipzig,VfB Stuttgart,2,0,H,2,1.72,3.8,4.75,1.72,3.8,4.75,1572.8543061917517,1555.272167227723,78,75,100,100,2.02,1.12,8,5,46.25,22.61072261072261
2018-09-26,2018,Borussia Monchengladbach,Ein Frankfurt,3,1,H,2,1.75,3.8,4.75,1.75,3.8,4.75,1556.7530684731094,1517.623370177483,75,75,100,100,1.44,0.82,7,4,43.798867798867796,46.950216450216445
2018-09-26,2018,FSV Mainz 05,VfL Wolfsburg,0,0,D,1,2.6,3.25,2.8,2.6,3.25,2.8,1499.6629087397953,1483.9461621404264,75,77,100,100,1.2899999999999998,2.1100000000000003,7,10,41.050505050505045,55.277777777777786
2018-09-26,2018,Borussia Dortmund,FC Nurnberg,7,0,H,2,1.3,5.5,10.0,1.3,5.5,10.0,1637.42607415899,1412.87752133452,81,75,100,100,1.26,1.4300000000000002,8,5,52.25,57.06060606060606
2018-09-26,2018,Fortuna Dusseldorf,Bayer Leverkusen,1,2,A,0,3.75,3.75,1.95,3.75,3.75,1.95,1418.1228241252422,1562.4624625140532,75,79,100,100,1.6700000000000004,1.5699999999999998,5,6,45.3030303030303,48.65584415584415
2018-09-28,2018,Hertha BSC,Bayern Munich,2,0,H,2,10.0,5.75,1.28,10.0,5.75,1.28,1544.479903338966,1838.5218283259053,77,75,100,100,1.32,2.08,10,13,40.44444444444444,86.88888888888889
2018-09-29,2018,VfL Wolfsburg,Borussia Monchengladbach,2,2,D,1,2.3,3.4,3.1,2.3,3.4,3.1,1484.6694517720548,1570.958659768174,77,75,100,100,1.9100000000000001,1.81,8,10,62.36111111111111,50.34432234432234
2018-09-29,2018,VfB Stuttgart,Werder Bremen,2,1,H,2,2.7,3.25,2.7,2.7,3.25,2.7,1540.081164176967,1592.3779707498175,75,76,100,100,0.8600000000000001,1.6200000000000003,2,11,29.277389277389272,39.42857142857143
2018-09-29,2018,FC Schalke 04,FSV Mainz 05,1,0,H,2,1.64,3.75,5.5,1.64,3.75,5.5,1559.2270073672228,1498.9396191081669,79,75,100,100,1.4100000000000001,1.31,0,8,44.44444444444444,41.300505050505045
2018-09-29,2018,Bayer Leverkusen,Borussia Dortmund,2,4,A,0,2.8,3.5,2.4,2.8,3.5,2.4,1572.1731126178643,1644.3192629712862,79,81,100,100,1.1600000000000001,1.59,6,11,42.70346320346321,49.13888888888889
2018-09-29,2018,TSG Hoffenheim,RB Leipzig,1,2,A,0,2.04,3.75,3.4,2.04,3.75,3.4,1613.4573336632352,1588.0453092425078,75,78,100,100,2.04,1.95,7,8,54.136752136752136,46.24999999999999
2018-09-29,2018,FC Nurnberg,Fortuna Dusseldorf,3,0,H,2,2.14,3.4,3.4,2.14,3.4,3.4,1405.984332522224,1408.4121740214312,75,75,100,100,1.2400000000000002,1.78,5,5,62.17171717171717,49.6969696969697
2018-09-30,2018,FC Augsburg,SC Freiburg,4,1,H,2,1.9,3.4,4.33,1.9,3.4,4.33,1492.0820527644387,1502.953622494511,75,73,100,100,1.9400000000000002,1.78,5,7,50.46231546231546,47.69230769230769
2018-09-30,2018,Ein Frankfurt,Hannover 96,4,1,H,2,1.9,3.6,4.0,1.9,3.6,4.0,1503.4177788824184,1430.6687108325539,75,75,100,100,0.8800000000000001,1.5400000000000003,4,2,46.378787878787875,56.879120879120876
2018-10-05,2018,Werder Bremen,VfL Wolfsburg,2,0,H,2,1.95,3.5,4.0,1.95,3.5,4.0,1573.987639149812,1488.5634790828158,76,77,100,100,1.61,1.7700000000000002,10,6,39.42857142857143,60.13888888888889
2018-10-06,2018,Bayern Munich,Borussia Monchengladbach,0,3,A,0,1.2,7.0,13.0,1.2,7.0,13.0,1811.495549552103,1567.064632457413,75,75,100,100,2.17,1.58,10,8,89.99999999999999,44.15384615384615
2018-10-06,2018,Fortuna Dusseldorf,FC Schalke 04,0,2,A,0,3.6,3.4,2.1,3.6,3.4,2.1,1392.3003696083663,1572.4782037356465,75,79,100,100,1.7800000000000005,1.3900000000000001,5,3,48.03030303030303,48.88888888888889
2018-10-06,2018,Borussia Dortmund,FC Augsburg,4,3,H,2,1.44,4.75,7.0,1.44,4.75,7.0,1657.043755036113,1508.5825437161607,81,75,100,100,1.85,2.1300000000000003,11,5,51.817460317460316,54.62898212898212
2018-10-06,2018,FSV Mainz 05,Hertha BSC,0,0,D,1,2.7,3.2,2.7,2.7,3.2,2.7,1485.6884227397431,1571.5061821127683,75,77,100,100,1.46,1.3199999999999998,5,10,39.07828282828283,28.44444444444444
2018-10-06,2018,Hannover 96,VfB Stuttgart,3,1,H,2,2.5,3.3,2.87,2.5,3.3,2.87,1417.9708110334682,1558.4714957769725,75,75,100,100,1.3300000000000003,1.0,1,5,59.73626373626373,31.18215118215118
2018-10-07,2018,SC Freiburg,Bayer Leverkusen,0,0,D,1,3.4,3.4,2.14,3.4,3.4,2.14,1486.453131542789,1559.4486205530375,73,79,100,100,1.6900000000000002,1.2900000000000003,7,6,43.19230769230769,44.13203463203463
2018-10-07,2018,TSG Hoffenheim,Ein Frankfurt,1,2,A,0,1.72,3.8,4.75,1.72,3.8,4.75,1596.2891490964575,1516.115678681504,75,75,100,100,2.13,1.1300000000000001,7,4,56.35897435897435,46.950216450216445
2018-10-07,2018,RB Leipzig,FC Nurnberg,6,0,H,2,1.44,4.75,7.0,1.44,4.75,7.0,1605.2134938092854,1422.0961369352888,78,75,100,100,2.0300000000000002,1.3400000000000003,11,8,48.33333333333333,65.5050505050505
2018-10-19,2018,Ein Frankfurt,Fortuna Dusseldorf,7,1,H,2,1.61,3.8,5.75,1.61,3.8,5.75,1535.7436356625867,1383.9261894109598,75,75,100,100,1.2600000000000002,1.53,7,4,32.404761904761905,46.03030303030303
2018-10-20,2018,VfL Wolfsburg,Bayern Munich,1,3,A,0,8.5,5.0,1.36,8.5,5.0,1.36,1476.4200064480447,1785.789904312888,77,75,100,100,1.7100000000000002,1.9900000000000002,3,7,60.97222222222223,74.99999999999999
2018-10-20,2018,VfB Stuttgart,Borussia Dortmund,0,4,A,0,4.2,3.75,1.83,4.2,3.75,1.83,1536.3322653233536,1666.594679848793,75,81,100,100,1.27,2.17,5,13,42.84881784881785,59.817460317460316
2018-10-20,2018,FC Schalke 04,Werder Bremen,0,2,A,0,2.04,3.4,3.75,2.04,3.4,3.75,1580.852383933053,1586.131111784583,79,76,100,100,1.42,1.61,6,10,40.88888888888889,45.64069264069264
2018-10-20,2018,FC Nurnberg,TSG Hoffenheim,1,3,A,0,3.75,3.8,1.9,3.75,3.8,1.9,1413.8261533654795,1576.661192115375,75,75,100,100,1.0200000000000002,2.0100000000000002,7,4,51.69552669552669,64.35897435897435
2018-10-20,2018,Bayer Leverkusen,Hannover 96,2,2,D,1,1.5,4.33,6.5,1.5,4.33,6.5,1556.1356571918434,1440.110041487087,79,75,100,100,1.1500000000000001,1.65,7,3,43.060606060606055,52.069597069597066
2018-10-20,2018,FC Augsburg,RB Leipzig,0,0,D,1,3.0,3.5,2.3,3.0,3.5,2.3,1499.0316189034806,1613.4834773790947,75,78,100,100,2.0300000000000002,2.0200000000000005,4,13,48.78282828282828,55.47619047619047
2018-10-21,2018,Hertha BSC,SC Freiburg,1,1,D,1,1.85,3.6,4.33,1.85,3.6,4.33,1567.6325865569916,1489.766094903983,77,73,100,100,1.3,1.5500000000000003,8,8,39.35353535353535,43.76373626373626
2018-10-21,2018,Borussia Monchengladbach,FSV Mainz 05,4,0,H,2,1.61,4.33,5.0,1.61,4.33,5.0,1592.770277696628,1489.56201829552,75,75,100,100,1.6200000000000003,1.7100000000000002,10,5,53.0,44.83585858585858
2018-10-26,2018,SC Freiburg,Borussia Monchengladbach,3,1,H,2,3.5,3.6,2.0,3.5,3.6,2.0,1493.2931233867855,1604.152401058974,73,75,100,100,1.43,1.7899999999999998,8,10,41.52597402597403,51.0
2018-10-27,2018,TSG Hoffenheim,VfB Stuttgart,4,0,H,2,1.57,4.33,5.5,1.57,4.33,5.5,1585.6671174252026,1526.0649428956758,75,75,100,100,2.31,1.25,7,4,61.858974358974365,47.20779220779221
2018-10-27,2018,Hannover 96,FC Augsburg,1,2,A,0,2.6,3.3,2.75,2.6,3.3,2.75,1445.2630697195482,1504.1195958977053,75,75,100,100,1.5399999999999998,1.8000000000000003,4,5,44.21245421245421,49.89393939393939
2018-10-27,2018,FSV Mainz 05,Bayern Munich,1,2,A,0,11.0,6.5,1.25,11.0,6.5,1.25,1478.179894933174,1790.4041431623973,75,75,100,100,1.5000000000000002,2.18,2,7,45.724747474747474,73.36363636363636
2018-10-27,2018,Borussia Dortmund,Hertha BSC,2,2,D,1,1.4,4.75,8.0,1.4,4.75,8.0,1676.8620022764708,1564.105558074189,81,77,100,100,2.1100000000000003,1.3400000000000003,13,8,45.650793650793645,49.45454545454546
2018-10-27,2018,Fortuna Dusseldorf,VfL Wolfsburg,0,3,A,0,3.0,3.4,2.37,3.0,3.4,2.37,1374.5042084963256,1471.8057675985353,75,77,100,100,1.59,1.4400000000000002,1,2,49.36363636363636,49.0530303030303
2018-10-28,2018,FC Nurnberg,Ein Frankfurt,1,1,D,1,3.3,3.5,2.14,3.3,3.5,2.14,1404.8202280556518,1545.1656165772208,75,75,100,100,0.9800000000000001,1.86,6,10,41.46825396825396,46.57142857142857
2018-10-28,2018,RB Leipzig,FC Schalke 04,0,0,D,1,1.75,3.6,4.75,1.75,3.6,4.75,1608.39550038487,1565.0954596307424,78,79,100,100,1.9,1.33,11,6,60.47619047619047,45.88888888888889
2018-10-28,2018,Werder Bremen,Bayer Leverkusen,2,6,A,0,2.3,3.4,3.1,2.3,3.4,3.1,1601.8880360868936,1550.9826289593823,76,79,100,100,1.5900000000000003,1.55,12,8,43.36796536796537,53.917748917748916
2018-11-02,2018,VfB Stuttgart,Ein Frankfurt,0,3,A,0,3.0,3.5,2.3,3.0,3.5,2.3,1512.7831122924274,1539.0324859068267,75,75,100,100,1.1700000000000002,1.7600000000000002,3,10,50.23809523809524,41.80952380952381
2018-11-03,2018,Bayern Munich,SC Freiburg,1,1,D,1,1.11,10.0,21.0,1.11,10.0,21.0,1794.9538765357138,1514.2319008959091,75,73,100,100,2.1700000000000004,1.4,7,8,68.91919191919192,36.14135864135864
2018-11-03,2018,FC Schalke 04,Hannover 96,3,1,H,2,1.61,3.8,6.0,1.61,3.8,6.0,1567.0792401096157,1431.9478796728342,79,75,100,100,1.21,1.6600000000000001,7,4,53.161616161616166,50.32356532356532
2018-11-03,2018,VfL Wolfsburg,Borussia Dortmund,0,1,A,0,3.8,3.8,1.9,3.8,3.8,1.9,1483.43845113959,1671.8443151524245,77,81,100,100,1.33,2.34,5,13,52.899184149184144,51.65079365079364
2018-11-03,2018,Hertha BSC,RB Leipzig,0,3,A,0,3.2,3.4,2.25,3.2,3.4,2.25,1569.1232451982353,1606.4117199059967,77,78,100,100,1.16,1.9600000000000002,6,11,42.78787878787879,66.53679653679653
2018-11-03,2018,FC Augsburg,FC Nurnberg,2,2,D,1,1.6,3.8,6.0,1.6,3.8,6.0,1517.4347859444192,1410.953358726046,75,75,100,100,1.56,0.82,8,4,46.05555555555556,37.8968253968254
2018-11-03,2018,Bayer Leverkusen,TSG Hoffenheim,1,4,A,0,2.1,4.0,3.1,2.1,4.0,3.1,1569.3102772034179,1598.948948028451,79,75,100,100,1.7400000000000002,2.5599999999999996,8,9,51.19047619047619,65.1923076923077
2018-11-04,2018,FSV Mainz 05,Werder Bremen,2,1,H,2,3.0,3.4,2.37,3.0,3.4,2.37,1473.6301615598575,1583.560387842858,75,76,100,100,1.28,1.5700000000000003,2,9,42.89646464646465,46.095238095238095
2018-11-04,2018,Borussia Monchengladbach,Fortuna Dusseldorf,3,0,H,2,1.36,4.75,8.0,1.36,4.75,8.0,1583.2136235498504,1362.871524955271,75,75,100,100,1.65,1.2400000000000002,10,0,57.05128205128206,39.15384615384615
2018-11-09,2018,Hannover 96,VfL Wolfsburg,2,1,H,2,2.9,3.3,2.37,2.9,3.3,2.37,1421.8750071088295,1475.3537892041923,75,77,100,100,1.61,1.3,4,4,48.01587301587301,45.149184149184144
2018-11-10,2018,Werder Bremen,Borussia Monchengladbach,1,3,A,0,2.4,3.5,2.75,2.4,3.5,2.75,1562.6603501436484,1590.2386730615567,76,75,100,100,1.4900000000000002,1.5700000000000003,6,10,51.42857142857142,59.336996336996336
2018-11-10,2018,Borussia Dortmund,Bayern Munich,3,2,H,2,3.1,3.8,2.1,3.1,3.8,2.1,1679.9289770878222,1784.258261056794,81,75,100,100,1.9100000000000001,2.17,13,7,56.76190476190476,73.08585858585859
2018-11-10,2018,Fortuna Dusseldorf,Hertha BSC,4,1,H,2,3.6,3.4,2.1,3.6,3.4,2.1,1355.8464754435647,1554.8338799031753,75,77,100,100,1.2899999999999998,1.28,0,6,33.201465201465204,36.78787878787879
2018-11-10,2018,SC Freiburg,FSV Mainz 05,1,3,A,0,2.0,3.4,3.75,2.0,3.4,3.75,1524.9275163748289,1494.530199259067,73,75,100,100,1.2300000000000002,1.4600000000000002,6,4,28.641358641358643,43.313131313131315
2018-11-10,2018,TSG Hoffenheim,FC Augsburg,2,1,H,2,1.61,4.33,5.0,1.61,4.33,5.0,1613.5873381318138,1512.6791093314798,75,75,100,100,2.29,1.6099999999999999,9,8,68.26923076923077,49.38888888888889
2018-11-10,2018,FC Nurnberg,VfB Stuttgart,0,2,A,0,2.4,3.25,3.1,2.4,3.25,3.1,1415.7090353389854,1497.989645833924,75,75,100,100,1.0699999999999998,1.18,5,3,36.785714285714285,48.57142857142857
2018-11-11,2018,RB Leipzig,Bayer Leverkusen,3,0,H,2,1.8,4.0,4.0,1.8,4.0,4.0,1620.7010852010567,1554.671887100055,78,79,100,100,2.15,2.13,11,5,67.2034632034632,52.08791208791208
2018-11-11,2018,Ein Frankfurt,FC Schalke 04,3,0,H,2,2.2,3.3,3.4,2.2,3.3,3.4,1553.82595236533,1577.1521126736204,75,79,100,100,1.9900000000000002,1.34,13,10,48.80952380952381,53.161616161616166
2018-11-23,2018,Bayer Leverkusen,VfB Stuttgart,2,0,H,2,1.5,4.5,6.0,1.5,4.5,6.0,1541.6765566511754,1510.2697681146772,79,75,100,100,1.9,1.09,5,3,52.087912087912095,55.0
2018-11-24,2018,VfL Wolfsburg,RB Leipzig,1,0,H,2,3.5,3.5,2.1,3.5,3.5,2.1,1456.9102677304156,1633.6964156499364,77,78,100,100,1.6,2.11,3,11,44.31585081585082,65.2987012987013
2018-11-24,2018,FSV Mainz 05,Borussia Dortmund,1,2,A,0,5.5,4.0,1.6,5.5,4.0,1.6,1511.9264865921095,1700.59413425407,75,81,100,100,1.5900000000000003,1.6600000000000001,7,13,43.630591630591624,45.33333333333333
2018-11-24,2018,FC Schalke 04,FC Nurnberg,5,2,H,2,1.53,4.0,7.0,1.53,4.0,7.0,1560.0795143964915,1403.4289130582322,79,75,100,100,1.2,0.95,7,2,49.98701298701299,31.785714285714285
2018-11-24,2018,Bayern Munich,Fortuna Dusseldorf,3,3,D,1,1.08,11.0,26.0,1.08,11.0,26.0,1763.5931038905462,1380.1242785077018,75,75,100,100,1.9300000000000004,1.56,7,3,74.41919191919192,28.201465201465204
2018-11-24,2018,FC Augsburg,Ein Frankfurt,1,3,A,0,2.62,3.5,2.62,2.62,3.5,2.62,1501.199704351993,1570.898550642459,75,75,100,100,1.5000000000000002,1.86,5,13,46.88888888888889,54.52380952380953
2018-11-24,2018,Hertha BSC,TSG Hoffenheim,3,3,D,1,3.4,3.75,2.04,3.4,3.75,2.04,1530.5560768390383,1625.0667431113006,77,75,100,100,1.37,2.3800000000000003,3,12,50.45454545454545,71.6025641025641
2018-11-25,2018,Borussia Monchengladbach,Hannover 96,4,1,H,2,1.44,4.5,7.0,1.44,4.5,7.0,1604.971304997633,1440.3185285826062,75,75,100,100,1.75,1.7900000000000003,12,7,59.81318681318682,44.08730158730159
2018-11-25,2018,SC Freiburg,Werder Bremen,1,1,D,1,2.87,3.3,2.5,2.87,3.3,2.5,1507.5312290417864,1547.927718207572,73,76,100,100,1.1700000000000002,1.6300000000000001,6,6,29.712787212787212,52.857142857142854
2018-11-30,2018,Fortuna Dusseldorf,FSV Mainz 05,0,1,A,0,2.7,3.3,2.6,2.7,3.3,2.6,1392.9535332456335,1503.8509264022543,75,75,100,100,1.64,1.6700000000000004,4,6,23.837828837828837,45.44877344877345
2018-12-01,2018,Werder Bremen,Bayern Munich,1,2,A,0,7.0,5.25,1.4,7.0,5.25,1.4,1546.0757291866191,1750.7638491526145,76,75,100,100,1.7900000000000003,2.04,4,8,47.857142857142854,85.78282828282828
2018-12-01,2018,VfB Stuttgart,FC Augsburg,1,0,H,2,2.6,3.3,2.75,2.6,3.3,2.75,1495.7121774627428,1488.3670789868181,75,75,100,100,0.9600000000000002,1.7899999999999998,3,5,55.333333333333336,51.1965811965812
2018-12-01,2018,TSG Hoffenheim,FC Schalke 04,1,1,D,1,1.8,3.8,4.33,1.8,3.8,4.33,1620.818634962326,1569.317604540656,75,79,100,100,2.3899999999999997,1.45,13,7,59.29487179487179,53.54256854256854
2018-12-01,2018,Borussia Dortmund,SC Freiburg,2,0,H,2,1.28,5.5,11.0,1.28,5.5,11.0,1708.6696944439252,1509.3832180627394,81,73,100,100,1.53,1.65,13,6,42.42424242424242,34.47469197469197
2018-12-01,2018,Hannover 96,Hertha BSC,0,2,A,0,2.7,3.4,2.6,2.7,3.4,2.6,1431.3801625742583,1534.8041849880128,75,77,100,100,1.5699999999999998,1.7700000000000002,4,3,45.75396825396825,51.85314685314686
2018-12-02,2018,RB Leipzig,Borussia Monchengladbach,2,0,H,2,1.9,3.75,3.75,1.9,3.75,3.75,1610.1918682785852,1613.909671005981,78,75,100,100,1.8700000000000003,2.0,8,12,64.51948051948052,54.81318681318682
2018-12-02,2018,Ein Frankfurt,VfL Wolfsburg,1,2,A,0,1.8,4.0,4.1,1.8,4.0,4.1,1583.7311760076338,1480.4148151017669,75,77,100,100,2.0700000000000003,1.5100000000000002,13,6,62.21611721611722,39.61888111888112
2018-12-03,2018,FC Nurnberg,Bayer Leverkusen,1,1,D,1,4.2,4.0,1.8,4.2,4.0,1.8,1394.1908229140677,1556.2341473031097,75,79,100,100,1.28,2.0900000000000003,2,7,33.37301587301587,48.65934065934066
2018-12-07,2018,Werder Bremen,Fortuna Dusseldorf,3,1,H,2,1.72,4.0,4.5,1.72,4.0,4.5,1538.5441553775568,1381.8938987416193,76,75,100,100,1.8000000000000003,1.8200000000000003,1,4,47.47252747252747,34.62214256331904
2018-12-08,2018,FC Schalke 04,Borussia Dortmund,1,2,A,0,3.3,3.4,2.2,3.3,3.4,2.2,1571.6720950171407,1716.3818095782867,79,81,100,100,1.48,1.52,8,13,52.82828282828283,47.090909090909086
2018-12-08,2018,VfL Wolfsburg,TSG Hoffenheim,2,2,D,1,3.0,3.6,2.3,3.0,3.6,2.3,1501.0372548991513,1618.4641444858414,77,75,100,100,1.6099999999999999,2.1900000000000004,9,11,40.98251748251748,47.509157509157504
2018-12-08,2018,Bayer Leverkusen,FC Augsburg,1,0,H,2,1.66,4.0,5.0,1.66,4.0,5.0,1549.2695949398947,1472.7052828881456,79,75,100,100,2.06,2.06,7,4,49.13553113553114,55.74203574203575
2018-12-08,2018,SC Freiburg,RB Leipzig,3,0,H,2,4.0,4.0,1.83,4.0,4.0,1.83,1501.6711029283779,1626.3630728868218,73,78,100,100,1.54,1.9799999999999998,5,10,41.02014652014652,65.63059163059162
2018-12-08,2018,Bayern Munich,FC Nurnberg,3,0,H,2,1.08,11.0,34.0,1.08,11.0,34.0,1758.2954229616769,1401.1553752772827,75,75,100,100,1.83,1.4,8,3,84.8038073038073,37.539682539682545
2018-12-08,2018,Hertha BSC,Ein Frankfurt,1,0,H,2,2.45,3.3,2.9,2.45,3.3,2.9,1546.177201419244,1563.1087362102494,77,75,100,100,1.9,1.5500000000000003,5,10,50.64102564102564,60.54945054945055
2018-12-09,2018,FSV Mainz 05,Hannover 96,1,1,D,1,1.9,3.6,4.0,1.9,3.6,4.0,1514.9105609062685,1420.007146143027,75,75,100,100,1.65,1.3800000000000001,9,3,39.331126389949915,45.27777777777777
2018-12-09,2018,Borussia Monchengladbach,VfB Stuttgart,3,0,H,2,1.44,4.33,7.0,1.44,4.33,7.0,1597.7384663977443,1511.3739735614154,75,75,100,100,1.75,0.8800000000000001,9,6,55.7020757020757,44.12121212121212
2018-12-14,2018,FC Nurnberg,VfL Wolfsburg,0,2,A,0,3.6,3.5,2.04,3.6,3.5,2.04,1397.5246149809159,1506.248045327394,75,77,100,100,1.2600000000000002,1.4099999999999997,2,7,27.77777777777778,39.13636363636364
2018-12-15,2018,VfB Stuttgart,Hertha BSC,2,1,H,2,2.7,3.4,2.62,2.7,3.4,2.62,1499.2712623373259,1562.9563107419906,75,77,100,100,0.97,1.8700000000000003,6,7,44.727272727272734,53.78388278388278
2018-12-15,2018,TSG Hoffenheim,Borussia Monchengladbach,0,0,D,1,1.9,4.0,3.6,1.9,4.0,3.6,1613.2533540575987,1609.8411776218338,75,75,100,100,2.0000000000000004,2.0700000000000003,9,12,42.175824175824175,53.044733044733036
2018-12-15,2018,Hannover 96,Bayern Munich,0,4,A,0,11.0,7.0,1.22,11.0,7.0,1.22,1424.2720609735027,1761.9261832580437,75,75,100,100,1.28,1.9400000000000002,4,8,36.166666666666664,87.58158508158508
2018-12-15,2018,Borussia Dortmund,Werder Bremen,2,1,H,2,1.36,5.25,8.0,1.36,5.25,8.0,1726.0780564292363,1547.7822585606227,81,76,100,100,1.35,2.0,15,4,36.090909090909086,49.47252747252747
2018-12-15,2018,FC Augsburg,FC Schalke 04,1,1,D,1,2.5,3.25,2.9,2.5,3.25,2.9,1460.1752109086112,1561.975848166191,75,79,100,100,1.98,1.6,1,7,53.519813519813525,60.55555555555556
2018-12-15,2018,Fortuna Dusseldorf,SC Freiburg,2,0,H,2,2.75,3.3,2.6,2.75,3.3,2.6,1372.6557955585533,1523.1789109819965,75,73,100,100,1.94,1.61,4,5,36.468296409472885,40.404761904761905
2018-12-16,2018,Ein Frankfurt,Bayer Leverkusen,2,1,H,2,2.4,3.5,2.87,2.4,3.5,2.87,1546.3296268875029,1561.799666919429,75,79,100,100,1.7100000000000002,1.98,9,7,64.83516483516483,52.46886446886447
2018-12-16,2018,RB Leipzig,FSV Mainz 05,4,1,H,2,1.4,4.75,7.5,1.4,4.75,7.5,1604.8552648332031,1510.645646075793,78,75,100,100,2.06,2.0300000000000002,9,10,68.9033189033189,52.88668194550547
2018-12-18,2018,Hertha BSC,FC Augsburg,2,2,D,1,2.3,3.4,3.1,2.3,3.4,3.1,1544.0559167979475,1464.7335946951277,77,75,100,100,1.8199999999999998,2.18,7,1,57.78388278388279,52.75058275058275
2018-12-18,2018,Fortuna Dusseldorf,Borussia Dortmund,2,1,H,2,7.0,4.5,1.44,7.0,4.5,1.44,1395.184207670084,1734.5193920885824,75,81,100,100,2.0900000000000003,1.7099999999999997,7,15,46.75401069518717,27.805194805194805
2018-12-18,2018,Borussia Monchengladbach,FC Nurnberg,2,0,H,2,1.36,5.5,7.0,1.36,5.5,7.0,1609.9983091018612,1386.3742366542083,75,75,100,100,1.67,1.04,10,1,43.75901875901876,31.111111111111107
2018-12-18,2018,VfL Wolfsburg,VfB Stuttgart,2,0,H,2,1.66,3.75,5.5,1.66,3.75,5.5,1517.3984236541016,1518.171656281369,77,75,100,100,1.4200000000000002,1.1199999999999999,10,9,39.8030303030303,49.727272727272734
2018-12-19,2018,Bayern Munich,RB Leipzig,1,0,H,2,1.36,5.25,8.0,1.36,5.25,8.0,1765.933948431778,1616.620046087714,75,78,100,100,2.3400000000000003,1.8200000000000003,10,9,90.08158508158508,69.9033189033189
2018-12-19,2018,SC Freiburg,Hannover 96,1,1,D,1,1.85,3.6,4.0,1.85,3.6,4.0,1500.6504988704658,1420.2642957997684,73,75,100,100,1.61,0.8700000000000001,4,4,41.904761904761905,26.166666666666664
2018-12-19,2018,FSV Mainz 05,Ein Frankfurt,2,2,D,1,3.2,3.5,2.2,3.2,3.5,2.2,1498.880864821282,1563.041578117046,75,75,100,100,1.9700000000000002,1.73,7,9,51.22001527883881,61.599870717517774
2018-12-19,2018,FC Schalke 04,Bayer Leverkusen,1,2,A,0,2.4,3.5,2.9,2.4,3.5,2.9,1557.4174643796746,1545.087715689886,79,79,100,100,1.55,1.7700000000000002,5,7,61.32478632478633,51.47338935574229
2018-12-19,2018,Werder Bremen,TSG Hoffenheim,1,1,D,1,3.1,4.2,2.04,3.1,4.2,2.04,1539.3409229012766,1613.0962225775713,76,75,100,100,1.9899999999999998,2.2500000000000004,4,7,50.42490842490842,46.40659340659341
2018-12-21,2018,Borussia Dortmund,Borussia Monchengladbach,2,1,H,2,1.5,4.5,5.75,1.5,4.5,5.75,1706.493354373196,1616.9203231161312,81,75,100,100,1.6300000000000001,1.7200000000000002,12,10,37.8051948051948,45.846930846930846
2018-12-22,2018,VfB Stuttgart,FC Schalke 04,1,3,A,0,3.2,3.3,2.3,3.2,3.3,2.3,1502.1360476617401,1540.8498967118055,75,79,100,100,0.9800000000000001,1.8,6,5,48.060606060606055,73.11050061050062
2018-12-22,2018,RB Leipzig,Werder Bremen,3,2,H,2,1.44,4.5,7.0,1.44,4.5,7.0,1607.101976997221,1542.68736144161,78,76,100,100,1.56,2.05,6,5,68.47474747474749,50.901098901098905
2018-12-22,2018,FC Nurnberg,SC Freiburg,0,1,A,0,2.62,3.3,2.7,2.62,3.3,2.7,1379.4522226399383,1497.01325017067,75,73,100,100,0.9700000000000001,1.7200000000000002,1,5,36.880341880341874,47.61904761904761
2018-12-22,2018,Bayer Leverkusen,Hertha BSC,3,1,H,2,1.72,4.0,4.5,1.72,4.0,4.5,1561.655283357755,1540.4651619568347,79,77,100,100,1.9000000000000004,1.9600000000000002,10,8,45.40196078431372,54.78388278388279
2018-12-22,2018,Hannover 96,Fortuna Dusseldorf,0,1,A,0,2.2,3.4,3.3,2.2,3.4,3.3,1423.9015444995641,1423.2102453854704,75,75,100,100,0.9100000000000001,1.73,2,7,24.38095238095238,51.75401069518716
2018-12-22,2018,Ein Frankfurt,Bayern Munich,0,3,A,0,5.75,4.75,1.5,5.75,4.75,1.5,1560.1200040797646,1775.4520175222708,75,75,100,100,1.7100000000000002,2.39,7,13,55.3141564318035,80.08158508158508
2018-12-23,2018,FC Augsburg,VfL Wolfsburg,2,3,A,0,2.6,3.3,2.75,2.6,3.3,2.75,1468.3243495362406,1533.4340322737305,75,77,100,100,1.8400000000000003,1.23,2,13,50.75058275058275,33.96969696969696
2018-12-23,2018,TSG Hoffenheim,FSV Mainz 05,1,1,D,1,1.44,4.5,6.5,1.44,4.5,6.5,1609.749784037238,1501.8024388585634,75,75,100,100,2.0900000000000003,1.9,5,5,43.07326007326007,51.79144385026738
2019-01-18,2018,TSG Hoffenheim,Bayern Munich,1,3,A,0,6.0,5.0,1.44,6.0,5.0,1.44,1604.932640889252,1782.6364719464316,75,75,100,100,2.2800000000000002,2.39,5,15,51.74458874458874,75.14652014652015
2019-01-19,2018,VfB Stuttgart,FSV Mainz 05,2,3,A,0,2.4,3.3,2.9,2.4,3.3,2.9,1487.9115441424856,1506.6195820065493,75,75,100,100,1.17,1.7900000000000003,6,6,41.77489177489177,44.518716577540104
2019-01-19,2018,RB Leipzig,Borussia Dortmund,0,1,A,0,2.5,3.5,2.75,2.5,3.5,2.75,1620.1691016964971,1718.4573895691954,78,81,100,100,1.61,1.5200000000000002,9,12,62.11111111111111,42.047619047619044
2019-01-19,2018,Bayer Leverkusen,Borussia Monchengladbach,0,1,A,0,2.0,3.7,3.6,2.0,3.7,3.6,1576.6806503813523,1604.956287920132,79,75,100,100,2.0000000000000004,1.3900000000000001,10,7,46.290849673202615,42.51359751359752
2019-01-19,2018,Hannover 96,Werder Bremen,0,1,A,0,3.25,3.6,2.15,3.25,3.6,2.15,1407.8697090408778,1529.6202367423339,75,76,100,100,1.03,1.9300000000000002,2,4,22.38095238095238,54.234432234432234
2019-01-19,2018,Ein Frankfurt,SC Freiburg,3,1,H,2,1.65,4.0,5.25,1.65,4.0,5.25,1552.9355496556038,1507.796938342289,75,73,100,100,1.5,1.32,4,7,56.19327731092436,38.28571428571429
2019-01-19,2018,FC Augsburg,Fortuna Dusseldorf,1,2,A,0,1.9,3.6,4.0,1.9,3.6,4.0,1455.2881469598135,1439.2420808441568,75,75,100,100,1.45,1.81,2,9,47.014319014319014,60.117647058823536
2019-01-20,2018,FC Nurnberg,Hertha BSC,1,3,A,0,3.5,3.4,2.1,3.5,3.4,2.1,1368.6685344683194,1525.4397949332374,75,77,100,100,0.89,1.86,1,7,48.43589743589743,53.58730158730159
2019-01-20,2018,FC Schalke 04,VfL Wolfsburg,2,1,H,2,2.2,3.3,3.4,2.2,3.3,3.4,1555.07440023106,1546.4702348501576,79,77,100,100,1.59,1.42,5,13,71.84065934065934,41.76190476190476
2019-01-25,2018,Hertha BSC,FC Schalke 04,2,2,D,1,2.5,3.25,2.87,2.5,3.25,2.87,1534.6733216301234,1570.6782447555013,77,79,100,100,1.8800000000000001,1.6600000000000001,7,7,50.25396825396825,65.55494505494505
2019-01-26,2018,FSV Mainz 05,FC Nurnberg,2,1,H,2,1.66,3.8,5.25,1.66,3.8,5.25,1521.7588767062073,1359.4350077714334,75,75,100,100,1.8199999999999998,0.8800000000000001,6,0,46.25541125541126,51.76923076923076
2019-01-26,2018,Borussia Dortmund,Hannover 96,5,1,H,2,1.16,7.5,15.0,1.16,7.5,15.0,1730.0480508381588,1397.2577643260454,81,75,100,100,1.4900000000000002,0.99,12,2,44.81684981684982,25.047619047619047
2019-01-26,2018,SC Freiburg,TSG Hoffenheim,2,4,A,0,3.5,4.0,1.95,3.5,4.0,1.95,1493.8640310972053,1596.4701111678874,73,75,100,100,1.7200000000000002,2.1300000000000003,7,4,36.28571428571429,51.030303030303024
2019-01-26,2018,Borussia Monchengladbach,FC Augsburg,2,0,H,2,1.66,4.0,5.0,1.66,4.0,5.0,1619.6570139301116,1438.5497232488708,75,75,100,100,1.35,1.4900000000000002,10,2,38.24009324009324,44.96886446886447
2019-01-26,2018,Werder Bremen,Ein Frankfurt,2,2,D,1,2.55,3.5,2.7,2.55,3.5,2.7,1540.2321814571662,1566.8684569006875,76,75,100,100,2.47,1.5400000000000003,7,7,60.28571428571429,51.19327731092437
2019-01-26,2018,VfL Wolfsburg,Bayer Leverkusen,0,3,A,0,2.62,3.5,2.6,2.62,3.5,2.6,1530.8663903257163,1561.9799243713726,77,79,100,100,1.52,2.18,10,9,48.76190476190476,48.342131724484666
2019-01-27,2018,Bayern Munich,VfB Stuttgart,4,1,H,2,1.08,13.0,21.0,1.08,13.0,21.0,1791.0990016677963,1472.7722494428276,75,75,100,100,2.6,1.52,15,3,74.76190476190476,48.701298701298704
2019-01-27,2018,Fortuna Dusseldorf,RB Leipzig,0,4,A,0,4.0,3.6,1.9,4.0,3.6,1.9,1455.9805045550995,1608.5784404275337,75,78,100,100,1.56,1.55,12,6,53.5,60.230769230769226
2019-02-01,2018,Hannover 96,RB Leipzig,0,3,A,0,5.5,4.33,1.53,5.5,4.33,1.53,1393.1508071260591,1617.9705813116689,75,78,100,100,0.99,1.72,1,9,29.71428571428571,48.23076923076923
2019-02-02,2018,Ein Frankfurt,Borussia Dortmund,1,1,D,1,3.3,3.6,2.15,3.3,3.6,2.15,1565.6442086841005,1734.155008038145,75,81,100,100,1.44,1.81,8,12,43.790679908326965,53.150183150183146
2019-02-02,2018,TSG Hoffenheim,Fortuna Dusseldorf,1,1,D,1,1.44,4.5,6.5,1.44,4.5,6.5,1607.8776685882174,1446.5883636709643,75,75,100,100,2.3000000000000003,1.4200000000000002,6,12,45.887445887445885,61.5
2019-02-02,2018,Hertha BSC,VfL Wolfsburg,0,1,A,0,2.3,3.3,3.25,2.3,3.3,3.25,1536.3254994452395,1516.295403545036,77,77,100,100,1.92,1.56,5,9,49.77777777777777,45.852813852813846
2019-02-02,2018,FC Schalke 04,Borussia Monchengladbach,0,2,A,0,2.4,3.4,3.0,2.4,3.4,3.0,1569.0260669403851,1627.9981564446052,79,75,100,100,1.9,1.2200000000000002,8,10,63.88827838827838,45.51282051282051
2019-02-02,2018,FC Nurnberg,Werder Bremen,1,1,D,1,3.75,3.6,2.0,3.75,3.6,2.0,1350.4100281052204,1541.4564296737533,75,76,100,100,1.0,2.4299999999999997,0,5,60.1025641025641,62.831168831168824
2019-02-02,2018,Bayer Leverkusen,Bayern Munich,3,1,H,2,5.5,4.5,1.55,5.5,4.5,1.55,1576.550911152053,1795.513347962073,79,75,100,100,2.4800000000000004,2.5100000000000002,9,15,45.91788930024224,74.2063492063492
2019-02-03,2018,FC Augsburg,FSV Mainz 05,3,0,H,2,2.1,3.5,3.4,2.1,3.5,3.4,1430.2085807343772,1530.7838563724204,75,75,100,100,1.4,1.7000000000000004,2,8,38.3021978021978,38.25541125541126
2019-02-03,2018,VfB Stuttgart,SC Freiburg,2,2,D,1,2.15,3.4,3.4,2.15,3.4,3.4,1468.3579031485508,1482.4564736768752,75,73,100,100,1.52,1.7600000000000002,3,4,43.65079365079365,49.42857142857143
2019-02-08,2018,FSV Mainz 05,Bayer Leverkusen,1,5,A,0,3.8,3.8,1.9,3.8,3.8,1.9,1510.2773742323582,1601.4822202533085,75,79,100,100,1.45,2.39,8,12,39.25541125541126,50.409867909867906
2019-02-09,2018,RB Leipzig,Ein Frankfurt,0,0,D,1,1.83,4.0,4.0,1.83,4.0,4.0,1624.8553300096246,1572.8481993182952,78,75,100,100,1.78,1.3900000000000001,9,6,53.23076923076924,44.02597402597403
2019-02-09,2018,Hannover 96,FC Nurnberg,2,0,H,2,2.2,3.4,3.25,2.2,3.4,3.25,1386.2660584281034,1358.4168613711827,75,75,100,100,1.0500000000000003,1.0800000000000003,1,1,29.71428571428571,52.76923076923076
2019-02-09,2018,Borussia Monchengladbach,Hertha BSC,0,3,A,0,1.57,4.2,5.5,1.57,4.2,5.5,1641.308174740981,1519.404100022682,75,77,100,100,1.65,1.92,12,5,57.65567765567765,45.77777777777777
2019-02-09,2018,Borussia Dortmund,TSG Hoffenheim,3,3,D,1,1.66,4.2,4.75,1.66,4.2,4.75,1726.9510174039503,1600.9412874489249,81,75,100,100,1.5800000000000003,2.0700000000000003,10,6,55.43589743589744,40.887445887445885
2019-02-09,2018,SC Freiburg,VfL Wolfsburg,3,3,D,1,2.87,3.4,2.45,2.87,3.4,2.45,1481.8075666456343,1533.2168029675934,73,77,100,100,1.94,1.54,5,9,56.095238095238095,53.18614718614718
2019-02-09,2018,Bayern Munich,FC Schalke 04,3,1,H,2,1.2,7.0,13.0,1.2,7.0,13.0,1770.5820388608176,1555.7160486440093,75,79,100,100,2.04,1.6800000000000002,12,7,61.47907647907648,55.97619047619047
2019-02-10,2018,Fortuna Dusseldorf,VfB Stuttgart,3,0,H,2,2.1,3.5,3.5,2.1,3.5,3.5,1453.5247448102568,1469.0068101797917,75,75,100,100,1.22,1.6,10,1,55.5,42.98412698412698
2019-02-10,2018,Werder Bremen,FC Augsburg,4,0,H,2,1.72,3.8,4.5,1.72,3.8,4.5,1533.449596407791,1450.7150628744394,76,75,100,100,2.36,1.3800000000000001,6,4,62.54545454545455,43.07142857142857
2019-02-15,2018,FC Augsburg,Bayern Munich,2,3,A,0,15.0,6.0,1.2,15.0,6.0,1.2,1438.4547085926424,1777.7814505337665,75,75,100,100,1.4700000000000002,2.1100000000000003,3,12,43.07142857142857,67.03463203463204
2019-02-16,2018,VfB Stuttgart,RB Leipzig,1,3,A,0,5.25,4.0,1.65,5.25,4.0,1.65,1452.294306260325,1622.4780423606087,75,78,100,100,1.6800000000000002,1.8000000000000003,1,10,38.539682539682545,55.95804195804196
2019-02-16,2018,FC Schalke 04,SC Freiburg,0,0,D,1,1.7,3.75,5.25,1.7,3.75,5.25,1548.5166369710605,1484.1579212276304,79,73,100,100,1.61,1.78,7,5,42.92063492063492,58.173160173160184
2019-02-16,2018,Hertha BSC,Werder Bremen,1,1,D,1,2.4,3.5,2.9,2.4,3.5,2.9,1540.7984235926617,1545.709950689588,77,76,100,100,1.7399999999999998,2.21,7,8,43.77777777777778,61.21212121212121
2019-02-16,2018,TSG Hoffenheim,Hannover 96,3,0,H,2,1.3,6.0,8.5,1.3,6.0,8.5,1606.5025194136128,1400.986295184088,75,75,100,100,2.15,1.2500000000000002,6,3,44.88744588744589,34.0
2019-02-16,2018,VfL Wolfsburg,FSV Mainz 05,3,0,H,2,1.72,4.0,4.5,1.72,4.0,4.5,1530.8664483855973,1498.3836215211136,77,75,100,100,1.49,1.27,7,7,50.15584415584416,37.25541125541125
2019-02-17,2018,Ein Frankfurt,Borussia Monchengladbach,1,1,D,1,2.3,3.6,3.0,2.3,3.6,3.0,1575.225486967311,1619.9138511710014,75,75,100,100,1.2500000000000002,1.49,6,9,43.2987012987013,58.42490842490842
2019-02-17,2018,Bayer Leverkusen,Fortuna Dusseldorf,2,0,H,2,1.44,4.75,6.5,1.44,4.75,6.5,1613.375972964553,1470.2372487297237,79,75,100,100,2.57,1.41,12,10,57.90986790986791,56.61111111111111
2019-02-18,2018,FC Nurnberg,Borussia Dortmund,0,0,D,1,7.5,5.0,1.4,7.5,5.0,1.4,1343.696624615198,1721.3897854392624,75,81,100,100,1.06,1.7900000000000003,1,11,52.0,54.76923076923076
2019-02-22,2018,Werder Bremen,VfB Stuttgart,1,1,D,1,1.53,4.33,5.75,1.53,4.33,5.75,1545.4837815737933,1443.5595869092624,76,75,100,100,1.9800000000000004,1.5000000000000002,9,1,59.78354978354978,43.93650793650793
2019-02-23,2018,Borussia Monchengladbach,VfL Wolfsburg,0,3,A,0,1.75,3.8,4.75,1.75,3.8,4.75,1617.8671503843577,1545.374902244354,75,77,100,100,1.7200000000000002,1.53,10,7,61.09157509157509,46.0
2019-02-23,2018,FSV Mainz 05,FC Schalke 04,3,0,H,2,2.8,3.4,2.5,2.8,3.4,2.5,1483.875167662357,1545.5862495277304,75,79,100,100,1.23,1.45,6,5,46.34632034632035,34.788766788766786
2019-02-23,2018,Bayern Munich,Hertha BSC,1,0,H,2,1.18,7.0,17.0,1.18,7.0,17.0,1781.755581967211,1541.0245927084563,75,77,100,100,2.2300000000000004,1.4800000000000002,12,8,73.60606060606061,44.09523809523809
2019-02-23,2018,Fortuna Dusseldorf,FC Nurnberg,2,1,H,2,1.72,3.75,5.0,1.72,3.75,5.0,1460.4797763914742,1356.4296317998528,75,75,100,100,1.07,0.93,7,2,53.5,40.285714285714285
2019-02-23,2018,SC Freiburg,FC Augsburg,5,1,H,2,2.15,3.5,3.3,2.15,3.5,3.3,1487.0883086709605,1434.480577159198,73,75,100,100,1.83,1.37,3,3,68.01931401931402,36.5
2019-02-24,2018,Borussia Dortmund,Bayer Leverkusen,3,2,H,2,1.8,4.2,4.0,1.8,4.2,4.0,1708.6567782546076,1623.1334453028026,81,79,100,100,1.9200000000000004,2.5500000000000003,9,12,57.150183150183146,60.13209013209013
2019-02-24,2018,Hannover 96,Ein Frankfurt,0,3,A,0,4.75,3.75,1.75,4.75,3.75,1.75,1393.482139273645,1577.2721877539548,75,75,100,100,1.0500000000000003,1.27,3,7,33.5,45.39393939393939
2019-02-25,2018,RB Leipzig,TSG Hoffenheim,1,1,D,1,1.8,4.0,4.0,1.8,4.0,4.0,1631.2127617116712,1614.0066753240558,78,75,100,100,1.7200000000000002,2.29,10,8,54.846930846930846,41.023809523809526
2019-03-01,2018,FC Augsburg,Borussia Dortmund,2,1,H,2,5.75,4.5,1.53,5.75,4.5,1.53,1420.8849059281636,1720.7959494384584,75,81,100,100,1.3,1.9300000000000002,3,9,26.22222222222222,51.835497835497826
2019-03-02,2018,Bayer Leverkusen,SC Freiburg,2,0,H,2,1.44,4.5,7.5,1.44,4.5,7.5,1610.9942741189518,1500.683979901995,79,73,100,100,2.22,1.9700000000000002,12,6,59.292929292929294,75.7970917970918
2019-03-02,2018,Ein Frankfurt,TSG Hoffenheim,3,2,H,2,2.37,3.75,2.8,2.37,3.75,2.8,1585.518445690254,1614.7983977474591,75,75,100,100,1.48,2.1900000000000004,7,9,47.89393939393939,44.023809523809526
2019-03-02,2018,Hertha BSC,FSV Mainz 05,2,1,H,2,1.85,3.6,4.33,1.85,3.6,4.33,1534.621851056528,1502.6875545616692,77,75,100,100,1.1700000000000004,1.3800000000000001,5,6,38.38095238095238,43.72727272727273
2019-03-02,2018,Borussia Monchengladbach,Bayern Munich,1,5,A,0,5.5,4.5,1.57,5.5,4.5,1.57,1598.5763751531556,1788.1583236191393,75,75,100,100,1.8800000000000001,1.9400000000000002,7,12,74.93772893772895,74.32034632034632
2019-03-02,2018,FC Schalke 04,Fortuna Dusseldorf,0,4,A,0,1.83,3.75,4.2,1.83,3.75,4.2,1526.773862628418,1471.8263839750086,79,75,100,100,1.27,1.31,2,7,41.788766788766786,60.0
2019-03-02,2018,FC Nurnberg,RB Leipzig,0,1,A,0,6.5,4.33,1.5,6.5,4.33,1.5,1345.0830242163183,1630.4210392882678,75,78,100,100,0.8,1.7100000000000004,2,11,36.285714285714285,57.61616161616162
2019-03-03,2018,VfB Stuttgart,Hannover 96,5,1,H,2,1.72,4.0,4.5,1.72,4.0,4.5,1448.1231983497375,1385.2358813373457,75,75,100,100,1.1,1.1400000000000001,2,3,38.222222222222214,31.666666666666664
2019-03-03,2018,VfL Wolfsburg,Werder Bremen,1,1,D,1,2.15,3.5,3.3,2.15,3.5,3.3,1564.665677475556,1540.9201701333182,77,76,100,100,1.3800000000000001,1.54,10,7,35.53846153846153,62.45021645021645
2019-03-08,2018,Werder Bremen,FC Schalke 04,4,2,H,2,2.05,3.5,3.6,2.05,3.5,3.6,1542.011991703526,1508.264325693212,76,79,100,100,1.24,1.0,7,1,55.904761904761905,38.45543345543346
2019-03-09,2018,RB Leipzig,FC Augsburg,0,0,D,1,1.36,5.0,8.5,1.36,5.0,8.5,1635.6088812028302,1448.0514592368613,78,75,100,100,1.55,1.4700000000000002,11,6,65.92385392385393,30.22222222222222
2019-03-09,2018,FSV Mainz 05,Borussia Monchengladbach,0,1,A,0,3.3,3.4,2.2,3.3,3.4,2.2,1488.154055803494,1590.532550261487,75,75,100,100,1.19,1.6900000000000002,3,4,37.72727272727273,56.937728937728934
2019-03-09,2018,Bayern Munich,VfL Wolfsburg,6,0,H,2,1.25,6.5,10.0,1.25,6.5,10.0,1796.202148510808,1563.5738559053482,75,77,100,100,2.2600000000000002,1.45,12,11,74.54256854256855,38.44755244755245
2019-03-09,2018,Borussia Dortmund,VfB Stuttgart,3,1,H,2,1.28,5.5,11.0,1.28,5.5,11.0,1693.6293961297606,1461.2583488335647,81,75,100,100,1.8900000000000001,1.4100000000000001,6,5,54.50216450216451,56.0
2019-03-09,2018,SC Freiburg,Hertha BSC,2,1,H,2,2.55,3.25,2.87,2.55,3.25,2.87,1489.5998734639481,1549.1553498147032,73,77,100,100,1.65,1.17,6,7,63.0986790986791,47.71428571428571
2019-03-10,2018,Hannover 96,Bayer Leverkusen,2,3,A,0,8.5,5.75,1.3,8.5,5.75,1.3,1372.1007308535186,1622.0783805569986,75,79,100,100,0.9800000000000001,1.8000000000000003,3,12,25.0,63.93939393939394
2019-03-10,2018,TSG Hoffenheim,FC Nurnberg,2,1,H,2,1.25,5.75,12.0,1.25,5.75,12.0,1597.4531892589218,1339.895182301756,75,75,100,100,2.0700000000000003,0.71,6,2,49.73809523809524,33.97802197802198
2019-03-11,2018,Fortuna Dusseldorf,Ein Frankfurt,0,3,A,0,2.75,3.4,2.55,2.75,3.4,2.55,1490.3359209102148,1602.8636541787914,75,75,100,100,1.5400000000000003,1.8200000000000003,10,9,54.0,53.86796536796537
2019-03-15,2018,Borussia Monchengladbach,SC Freiburg,1,1,D,1,1.53,3.9,6.25,1.53,3.9,6.25,1601.9497267421712,1508.3159543491233,75,73,100,100,1.4400000000000002,1.59,4,8,54.79487179487179,59.098679098679085
2019-03-16,2018,VfL Wolfsburg,Fortuna Dusseldorf,5,2,H,2,1.75,3.75,4.75,1.75,3.75,4.75,1556.9288813875824,1479.344109403984,77,75,100,100,1.2900000000000003,1.41,8,9,28.891996891996893,47.33333333333333
2019-03-16,2018,VfB Stuttgart,TSG Hoffenheim,1,1,D,1,3.7,4.0,1.85,3.7,4.0,1.85,1454.6055742453248,1603.3741987684668,75,75,100,100,1.19,2.21,4,8,49.166666666666664,54.28354978354979
2019-03-16,2018,FC Schalke 04,RB Leipzig,0,1,A,0,3.75,3.6,2.0,3.75,3.6,2.0,1493.8135937944242,1627.7230885745648,79,78,100,100,1.33,1.3700000000000003,1,9,46.70940170940171,58.65112665112665
2019-03-16,2018,FC Augsburg,Hannover 96,3,1,H,2,1.61,4.33,5.0,1.61,4.33,5.0,1455.9372518651267,1365.9662584490466,75,75,100,100,1.1300000000000001,1.2,4,3,23.4949494949495,35.0
2019-03-16,2018,Hertha BSC,Borussia Dortmund,2,3,A,0,4.2,3.75,1.85,4.2,3.75,1.85,1530.439268929528,1700.2821707180005,77,81,100,100,1.3,2.1,7,8,55.04761904761904,64.0021645021645
2019-03-17,2018,Bayer Leverkusen,Werder Bremen,1,3,A,0,1.6,4.2,5.25,1.6,4.2,5.25,1628.2128529614706,1556.4627236023139,79,76,100,100,1.8800000000000001,1.5000000000000002,12,9,61.21212121212121,50.7936507936508
2019-03-17,2018,Bayern Munich,FSV Mainz 05,6,0,H,2,1.12,9.0,17.0,1.12,9.0,17.0,1802.8471230285736,1476.7368793228097,75,75,100,100,2.5500000000000003,1.36,15,3,82.82539682539682,36.72727272727273
2019-03-17,2018,Ein Frankfurt,FC Nurnberg,1,0,H,2,1.4,5.0,7.5,1.4,5.0,7.5,1613.8554656850222,1333.974172792211,75,75,100,100,1.81,0.8299999999999998,11,1,58.53463203463203,33.43256743256744
2019-03-29,2018,TSG Hoffenheim,Bayer Leverkusen,4,1,H,2,2.37,3.8,2.7,2.37,3.8,2.7,1596.9132708851637,1608.9548222071487,75,79,100,100,2.3600000000000003,1.65,8,9,57.46303696303696,66.5967365967366
2019-03-30,2018,Werder Bremen,FSV Mainz 05,3,1,H,2,1.61,4.33,5.0,1.61,4.33,5.0,1575.7207543566358,1472.4902858496473,76,75,100,100,1.4900000000000002,1.24,9,3,43.40903540903541,29.393939393939394
2019-03-30,2018,RB Leipzig,Hertha BSC,5,0,H,2,1.5,4.33,6.5,1.5,4.33,6.5,1637.844571474987,1521.6920843672883,78,77,100,100,1.5000000000000002,1.2600000000000002,11,4,65.92385392385393,50.76190476190476
2019-03-30,2018,FC Nurnberg,FC Augsburg,3,0,H,2,2.87,3.3,2.5,2.87,3.3,2.5,1328.6483388793927,1467.8841313080661,75,75,100,100,0.9099999999999999,1.5,1,7,28.887112887112885,23.4949494949495
2019-03-30,2018,SC Freiburg,Bayern Munich,1,1,D,1,12.0,6.5,1.22,12.0,6.5,1.22,1512.5265016666726,1807.093716501736,73,75,100,100,1.5100000000000002,2.8800000000000003,8,15,50.23504273504274,84.60317460317461
2019-03-30,2018,Borussia Dortmund,VfL Wolfsburg,2,0,H,2,1.5,4.33,6.5,1.5,4.33,6.5,1709.0293552802402,1569.414198343237,81,77,100,100,2.23,1.57,10,10,68.95454545454545,36.92229992229993
2019-03-30,2018,Fortuna Dusseldorf,Borussia Monchengladbach,3,1,H,2,3.0,3.5,2.3,3.0,3.5,2.3,1466.8587924483293,1597.7391794246219,75,75,100,100,1.4400000000000002,1.3599999999999999,6,5,44.55555555555556,57.2948717948718
2019-03-31,2018,Ein Frankfurt,VfB Stuttgart,3,0,H,2,1.44,5.0,6.5,1.44,5.0,6.5,1619.1812995978405,1461.066502128628,75,75,100,100,2.0700000000000003,1.17,13,5,65.80735930735932,46.43162393162393
2019-03-31,2018,Hannover 96,FC Schalke 04,0,1,A,0,4.5,3.6,1.8,4.5,3.6,1.8,1354.019379006107,1483.6921108940019,75,79,100,100,0.99,1.3200000000000003,0,1,37.0,42.26495726495726
2019-04-05,2018,FSV Mainz 05,SC Freiburg,5,0,H,2,2.2,3.3,3.4,2.2,3.3,3.4,1461.1091000406855,1523.5654692192052,75,73,100,100,1.28,1.5900000000000003,3,8,27.333333333333332,38.88888888888889
2019-04-06,2018,VfB Stuttgart,FC Nurnberg,1,1,D,1,1.8,3.75,4.5,1.8,3.75,4.5,1451.8836986621936,1350.7378256676875,75,75,100,100,1.2,1.04,5,3,45.32051282051282,34.6013986013986
2019-04-06,2018,FC Schalke 04,Ein Frankfurt,1,2,A,0,3.3,3.5,2.15,3.3,3.5,2.15,1493.9831174965302,1628.3641030642748,79,75,100,100,1.2700000000000002,2.14,3,15,40.11111111111111,65.14069264069265
2019-04-06,2018,VfL Wolfsburg,Hannover 96,3,1,H,2,1.33,5.5,8.5,1.33,5.5,8.5,1559.518618699166,1343.7283724035788,77,75,100,100,1.3599999999999999,1.17,7,0,38.53846153846153,45.5
2019-04-06,2018,Hertha BSC,Fortuna Dusseldorf,1,2,A,0,1.9,3.6,4.0,1.9,3.6,4.0,1510.8503485972185,1488.6162595415342,77,75,100,100,1.1300000000000001,1.65,3,9,45.999999999999986,42.33333333333333
2019-04-06,2018,Bayer Leverkusen,RB Leipzig,2,4,A,0,2.3,3.75,2.9,2.3,3.75,2.9,1592.400510204984,1648.686307245057,79,78,100,100,1.6600000000000001,1.8400000000000003,6,11,68.21289821289822,70.36829836829835
2019-04-06,2018,Bayern Munich,Borussia Dortmund,5,0,H,2,1.53,4.75,5.25,1.53,4.75,5.25,1796.0547489492035,1718.9249349243114,75,81,100,100,2.97,2.13,13,12,84.10317460317461,64.35137085137085
2019-04-07,2018,FC Augsburg,TSG Hoffenheim,0,4,A,0,3.6,4.33,1.83,3.6,4.33,1.83,1445.7946445197713,1613.4675828873285,75,75,100,100,1.6,1.9900000000000002,7,8,31.49494949494949,52.235764235764236
2019-04-07,2018,Borussia Monchengladbach,Werder Bremen,1,1,D,1,2.05,3.6,3.4,2.05,3.6,3.4,1575.981712331417,1587.1019401655976,75,76,100,100,1.3900000000000001,1.57,4,11,61.2948717948718,44.17094017094016
2019-04-12,2018,FC Nurnberg,FC Schalke 04,1,1,D,1,3.4,3.25,2.25,3.4,3.25,2.25,1355.2684890373134,1483.8804071867535,75,79,100,100,1.3400000000000003,1.2700000000000002,4,3,34.48375154257507,31.77777777777778
2019-04-13,2018,Werder Bremen,SC Freiburg,2,1,H,2,1.6,4.0,5.75,1.6,4.0,5.75,1586.590009547773,1504.7198335824203,76,73,100,100,1.6200000000000003,1.33,11,5,33.337606837606835,36.666666666666664
2019-04-13,2018,VfB Stuttgart,Bayer Leverkusen,0,1,A,0,4.2,4.2,1.75,4.2,4.2,1.75,1447.3530352925677,1578.9701261989173,75,79,100,100,1.3,1.64,5,6,52.77149321266968,68.66744366744368
2019-04-13,2018,RB Leipzig,VfL Wolfsburg,2,0,H,2,1.57,4.2,5.75,1.57,4.2,5.75,1662.1166912511235,1566.6883874509592,78,77,100,100,1.7700000000000002,1.52,13,7,63.36829836829836,53.36363636363636
2019-04-13,2018,Hannover 96,Borussia Monchengladbach,0,1,A,0,5.25,4.33,1.6,5.25,4.33,1.6,1336.5586036517855,1576.4936429492416,75,75,100,100,1.2100000000000002,1.31,0,5,41.63636363636364,60.33333333333333
2019-04-13,2018,Borussia Dortmund,FSV Mainz 05,2,1,H,2,1.3,5.75,9.5,1.3,5.75,9.5,1706.4196716499648,1479.9547356774704,81,75,100,100,1.97,1.12,9,3,60.56349206349206,26.77777777777778
2019-04-14,2018,TSG Hoffenheim,Hertha BSC,2,0,H,2,1.4,5.0,6.5,1.4,5.0,6.5,1622.2943884455044,1493.8278264349763,75,77,100,100,2.3,1.21,10,3,52.807192807192806,46.71428571428571
2019-04-14,2018,Ein Frankfurt,FC Augsburg,1,3,A,0,1.45,4.5,6.5,1.45,4.5,6.5,1638.4668133740515,1436.9678389615954,75,75,100,100,2.04,1.3800000000000001,15,7,65.97402597402598,40.701298701298704
2019-04-14,2018,Fortuna Dusseldorf,Bayern Munich,1,4,A,0,12.0,7.5,1.18,12.0,7.5,1.18,1505.6387817037764,1808.56001222355,75,75,100,100,1.5900000000000003,3.31,9,13,43.33333333333333,86.72222222222221
2019-04-20,2018,FC Schalke 04,TSG Hoffenheim,2,5,A,0,3.6,4.0,1.9,3.6,4.0,1.9,1478.2140928098045,1632.6339292951764,79,75,100,100,1.3600000000000003,2.4000000000000004,4,13,30.77777777777778,59.235764235764236
2019-04-20,2018,FC Augsburg,VfB Stuttgart,6,0,H,2,2.05,3.5,3.6,2.05,3.5,3.6,1461.3300284349639,1437.1400132898157,75,75,100,100,1.55,1.17,7,2,40.701298701298704,43.540723981900456
2019-04-20,2018,Bayern Munich,Werder Bremen,1,0,H,2,1.14,8.0,19.0,1.14,8.0,19.0,1813.3227845800507,1598.8880162794585,75,76,100,100,3.1700000000000004,1.83,13,13,83.72222222222221,39.337606837606835
2019-04-20,2018,Bayer Leverkusen,FC Nurnberg,2,0,H,2,1.3,5.75,9.5,1.3,5.75,9.5,1589.1831482016694,1360.9348034142624,79,75,100,100,1.65,1.6400000000000001,6,5,62.34265734265733,37.79144385026738
2019-04-20,2018,FSV Mainz 05,Fortuna Dusseldorf,3,1,H,2,2.1,3.6,3.4,2.1,3.6,3.4,1473.121021815792,1500.8760093472758,75,75,100,100,1.48,1.4100000000000001,3,6,32.77777777777778,38.33333333333333
2019-04-20,2018,Borussia Monchengladbach,RB Leipzig,1,2,A,0,3.0,3.75,2.25,3.0,3.75,2.25,1582.9198834916342,1673.8293309320559,75,78,100,100,1.6600000000000001,2.06,8,13,74.33333333333333,66.06060606060605
2019-04-21,2018,SC Freiburg,Borussia Dortmund,0,4,A,0,6.0,4.33,1.53,6.0,4.33,1.53,1492.4218268507348,1713.2533855116433,73,81,100,100,1.4200000000000002,1.86,5,12,38.22222222222222,54.56349206349207
2019-04-21,2018,Hertha BSC,Hannover 96,0,0,D,1,1.53,4.33,6.0,1.53,4.33,6.0,1483.4882855853043,1330.1323631093928,77,75,100,100,1.07,1.4599999999999997,0,0,35.71428571428571,45.63636363636364
2019-04-22,2018,VfL Wolfsburg,Ein Frankfurt,1,1,D,1,2.55,3.6,2.55,2.55,3.6,2.55,1554.9757477700268,1614.104623900683,77,75,100,100,1.3300000000000003,1.7899999999999998,6,12,46.36363636363636,70.54545454545455
2019-04-26,2018,FC Augsburg,Bayer Leverkusen,1,4,A,0,4.5,4.33,1.66,4.5,4.33,1.66,1476.2178336347022,1595.9618505627602,75,79,100,100,2.14,1.86,9,6,47.27472527472527,70.67599067599068
2019-04-27,2018,Borussia Dortmund,FC Schalke 04,2,4,A,0,1.3,5.5,9.0,1.3,5.5,9.0,1720.2629990626615,1468.891392123002,81,79,100,100,1.7,1.25,12,4,44.56349206349206,36.80952380952381
2019-04-27,2018,Ein Frankfurt,Hertha BSC,0,0,D,1,1.4,4.75,7.0,1.4,4.75,7.0,1611.4076265249116,1476.8514997308268,75,77,100,100,1.64,0.95,10,1,60.19457735247208,30.073260073260077
2019-04-27,2018,Fortuna Dusseldorf,Werder Bremen,4,1,H,2,3.2,3.4,2.2,3.2,3.4,2.2,1483.6005569494419,1591.674744649014,75,76,100,100,1.6700000000000004,1.3800000000000001,6,10,49.0,33.978129713423826
2019-04-27,2018,Hannover 96,FSV Mainz 05,1,0,H,2,3.0,3.4,2.3,3.0,3.4,2.3,1336.7691489638703,1490.3964742136259,75,75,100,100,1.48,1.6600000000000001,1,6,47.94405594405595,33.77777777777778
2019-04-27,2018,RB Leipzig,SC Freiburg,2,1,H,2,1.25,5.5,12.0,1.25,5.5,12.0,1685.7357940286377,1485.4122132997165,78,73,100,100,2.0300000000000002,1.33,15,2,66.66666666666666,44.05555555555556
2019-04-27,2018,VfB Stuttgart,Borussia Monchengladbach,1,0,H,2,3.5,3.5,2.05,3.5,3.5,2.05,1422.2522080900774,1571.0134203950524,75,75,100,100,1.36,1.69,2,5,47.19457013574661,65.99999999999999
2019-04-28,2018,FC Nurnberg,Bayern Munich,1,1,D,1,15.0,8.0,1.14,15.0,8.0,1.14,1354.1561010531716,1820.5360562104952,75,75,100,100,1.4200000000000002,3.0300000000000002,5,13,34.003565062388596,84.6372549019608
2019-04-28,2018,TSG Hoffenheim,VfL Wolfsburg,1,4,A,0,1.45,4.75,6.0,1.45,4.75,6.0,1641.9566299819787,1557.6727451457982,75,77,100,100,2.3300000000000005,1.7800000000000005,13,7,47.54745254745255,55.60340244550771
2019-05-03,2018,FSV Mainz 05,RB Leipzig,3,3,D,1,4.5,4.2,1.7,4.5,4.2,1.7,1467.7493436345749,1693.4130177072982,75,78,100,100,1.94,2.0300000000000002,6,15,43.838383838383834,57.77777777777777
2019-05-04,2018,VfL Wolfsburg,FC Nurnberg,2,0,H,2,1.57,4.33,5.5,1.57,4.33,5.5,1577.479772677643,1368.1118673427811,77,75,100,100,1.81,1.4600000000000004,7,6,48.93673577884105,38.549019607843135
2019-05-04,2018,Werder Bremen,Borussia Dortmund,2,2,D,1,3.25,3.75,2.05,3.25,3.75,2.05,1570.8522902512548,1694.3577817187333,76,81,100,100,1.6200000000000003,1.29,7,9,43.20889894419306,36.94444444444444
2019-05-04,2018,Bayern Munich,Hannover 96,3,1,H,2,1.03,21.0,34.0,1.03,21.0,34.0,1806.5802899208857,1359.4162795429213,75,75,100,100,2.79,1.3800000000000003,11,4,77.30392156862744,43.21678321678322
2019-05-04,2018,Hertha BSC,VfB Stuttgart,3,1,H,2,2.2,3.6,3.1,2.2,3.6,3.1,1482.7557579586535,1444.7128502857222,77,75,100,100,0.9400000000000002,1.52,2,4,37.69230769230769,45.4851684263449
2019-05-04,2018,Borussia Monchengladbach,TSG Hoffenheim,2,2,D,1,2.7,4.0,2.3,2.7,4.0,2.3,1548.5527781994076,1622.149602450134,75,75,100,100,1.81,2.27,4,12,69.05555555555556,48.7012987012987
2019-05-05,2018,FC Schalke 04,FC Augsburg,0,0,D,1,1.8,3.8,4.33,1.8,3.8,4.33,1494.7966094669302,1465.5238057535657,79,75,100,100,1.23,1.6800000000000002,7,6,50.14285714285714,49.27472527472527
2019-05-05,2018,SC Freiburg,Fortuna Dusseldorf,1,1,D,1,2.1,3.75,3.2,2.1,3.75,3.2,1477.734989621056,1504.423011347201,73,75,100,100,1.61,1.6199999999999999,1,9,45.44444444444444,46.82051282051282
2019-05-05,2018,Bayer Leverkusen,Ein Frankfurt,6,1,H,2,1.61,4.5,5.0,1.61,4.5,5.0,1606.6558784438967,1605.503368297085,79,75,100,100,2.04,1.5,9,8,65.29137529137529,52.315789473684205
2019-05-11,2018,FC Nurnberg,Borussia Monchengladbach,0,4,A,0,3.8,4.0,1.85,3.8,4.0,1.85,1360.7343259782238,1551.8922372631275,75,75,100,100,1.4200000000000004,1.7400000000000002,3,5,39.66013071895425,60.166666666666664
2019-05-11,2018,VfB Stuttgart,VfL Wolfsburg,3,0,H,2,3.2,3.5,2.2,3.2,3.5,2.2,1430.4578227493607,1584.8573140422004,75,77,100,100,1.48,1.8800000000000001,4,10,49.77088271205919,48.93673577884105
2019-05-11,2018,RB Leipzig,Bayern Munich,0,0,D,1,5.0,4.0,1.66,5.0,4.0,1.66,1684.2715531554986,1808.8466943198755,78,75,100,100,1.81,3.04,13,13,52.44444444444444,79.80392156862744
2019-05-11,2018,Bayer Leverkusen,FC Schalke 04,1,1,D,1,1.33,5.75,8.0,1.33,5.75,8.0,1622.6028035848992,1493.45172784539,79,79,100,100,2.23,1.31,12,5,56.56410256410256,58.87012987012987
2019-05-11,2018,FC Augsburg,Hertha BSC,3,4,A,0,2.4,3.6,2.8,2.4,3.6,2.8,1466.868687375106,1497.010785495015,75,77,100,100,1.61,1.23,7,5,46.54745254745255,36.73992673992674
2019-05-11,2018,Hannover 96,SC Freiburg,3,0,H,2,2.62,3.75,2.5,2.62,3.75,2.5,1357.1498751439315,1478.9616068634134,75,73,100,100,1.17,1.5000000000000002,4,1,27.21678321678322,54.05555555555556
2019-05-11,2018,Borussia Dortmund,Fortuna Dusseldorf,3,2,H,2,1.3,6.0,8.5,1.3,6.0,8.5,1688.8981947654854,1503.1963941048436,81,75,100,100,1.5100000000000002,1.6600000000000001,7,7,39.166666666666664,49.042735042735046
2019-05-11,2018,TSG Hoffenheim,Werder Bremen,0,1,A,0,1.44,5.25,6.0,1.44,5.25,6.0,1618.810143386414,1576.3118772045027,75,76,100,100,2.56,1.6800000000000004,10,5,56.98412698412699,40.542232277526395
2019-05-12,2018,Ein Frankfurt,FSV Mainz 05,0,2,A,0,1.6,4.2,5.25,1.6,4.2,5.25,1589.5564431560824,1476.8908081863744,75,75,100,100,1.31,2.0000000000000004,5,7,58.315789473684205,45.17171717171717
2019-05-18,2018,Werder Bremen,RB Leipzig,2,1,H,2,2.5,4.0,2.5,2.5,4.0,2.5,1594.2592918630085,1689.7746180439326,76,78,100,100,1.67,1.7899999999999998,7,11,54.042232277526395,50.301587301587304
2019-05-18,2018,VfL Wolfsburg,FC Augsburg,8,1,H,2,1.4,4.75,8.0,1.4,4.75,8.0,1562.1807884977945,1452.2533102027155,77,75,100,100,1.7100000000000002,1.7,7,7,41.14452798663325,37.11888111888112
2019-05-18,2018,FC Schalke 04,VfB Stuttgart,0,0,D,1,1.61,4.2,5.25,1.61,4.2,5.25,1499.1397453722586,1453.1343482937666,79,75,100,100,1.2900000000000003,1.45,6,6,62.20346320346321,47.08180708180708
2019-05-18,2018,FSV Mainz 05,TSG Hoffenheim,4,2,H,2,4.2,4.75,1.65,4.2,4.75,1.65,1497.9047243667173,1600.8627287279082,75,75,100,100,2.0200000000000005,2.33,7,7,48.72727272727273,52.41269841269841
2019-05-18,2018,Borussia Monchengladbach,Borussia Dortmund,0,2,A,0,2.9,4.0,2.2,2.9,4.0,2.2,1559.8815554003488,1697.0772687772696,75,81,100,100,1.83,1.7700000000000002,7,10,59.333333333333336,44.166666666666664
2019-05-18,2018,SC Freiburg,FC Nurnberg,5,1,H,2,1.75,4.0,4.33,1.75,4.0,4.33,1457.5710528089364,1352.7450078410025,73,75,100,100,1.22,1.1900000000000002,1,2,46.0,37.111111111111114
2019-05-18,2018,Fortuna Dusseldorf,Hannover 96,2,1,H,2,1.55,4.2,6.0,1.55,4.2,6.0,1495.0173200930594,1378.5404291984084,75,75,100,100,1.45,1.3199999999999998,4,7,47.376068376068375,36.08041958041959
2019-05-18,2018,Bayern Munich,Ein Frankfurt,5,1,H,2,1.25,6.5,10.0,1.25,6.5,10.0,1803.3436294314415,1568.5425269757395,75,75,100,100,2.73,1.24,11,2,78.61344537815127,56.982456140350884
2019-05-18,2018,Hertha BSC,Bayer Leverkusen,1,5,A,0,7.0,4.5,1.44,7.0,4.5,1.44,1511.6261626674054,1616.9147860580306,77,79,100,100,1.5400000000000003,2.3400000000000003,8,13,49.73992673992674,51.56410256410256
2019-08-16,2019,Bayern Munich,Hertha BSC,2,2,D,1,1.14,8.0,15.0,1.25,8.3,17.5,1809.9229903224148,1500.331710555728,75,77,100,100,2.91,1.6600000000000001,11,8,76.11344537815125,56.168498168498175
2019-08-17,2019,Borussia Monchengladbach,FC Schalke 04,0,0,D,1,2.0,3.5,3.75,2.11,3.6,3.76,1549.8905226793665,1497.0334146363177,75,78,100,100,1.3599999999999999,1.29,4,6,53.333333333333336,64.87012987012986
2019-08-17,2019,Werder Bremen,Fortuna Dusseldorf,1,3,A,0,1.75,3.75,4.75,1.8,4.05,4.95,1614.5503717102204,1505.8456732891866,77,75,100,100,1.4,1.73,7,7,45.042232277526395,46.820512820512825
2019-08-17,2019,VfL Wolfsburg,FC Cologne,2,1,H,2,1.95,3.5,4.0,1.97,3.96,4.1,1573.2808654792395,1418.6272289325634,78,75,100,100,2.15,1.0100000000000002,10,1,47.053618895724156,54.65367965367966
2019-08-17,2019,SC Freiburg,FSV Mainz 05,3,0,H,2,2.25,3.25,3.4,2.26,3.49,3.65,1468.88497253859,1518.5120341433408,74,74,100,100,1.4300000000000002,2.1900000000000004,4,10,53.33333333333333,51.03496503496503
2019-08-17,2019,Borussia Dortmund,FC Augsburg,5,1,H,2,1.2,7.0,13.0,1.25,7.15,17.0,1707.068301498252,1441.1532332212705,81,74,100,100,1.6200000000000003,1.56,10,4,44.166666666666664,42.20979020979021
2019-08-17,2019,Bayer Leverkusen,SC Paderborn 07,3,2,H,2,1.25,6.0,12.0,1.31,6.4,12.25,1628.209238169708,1423.4112887567148,80,75,100,100,2.41,1.95,13,4,50.904761904761905,51.7593984962406
2019-08-18,2019,Ein Frankfurt,TSG Hoffenheim,1,0,H,2,2.25,3.6,3.0,2.45,3.8,3.04,1561.9631660847663,1580.2554189512848,75,75,100,100,1.0500000000000003,2.22,2,4,48.48245614035088,45.1050061050061
2019-08-18,2019,Union Berlin,RB Leipzig,0,4,A,0,5.0,3.8,1.7,5.0,4.21,1.76,1500.0,1669.4835381967207,75,79,100,100,1.0,1.4,0,8,50.0,50.301587301587304
2019-08-23,2019,FC Cologne,Borussia Dortmund,1,3,A,0,6.5,4.75,1.44,6.6,5.0,1.53,1409.3134174196025,1712.7606815551203,75,81,100,100,0.99,1.9100000000000001,1,10,58.22510822510823,56.666666666666664
2019-08-24,2019,FC Augsburg,Union Berlin,1,1,D,1,2.2,3.4,3.3,2.31,3.45,3.45,1435.4608531644021,1491.239660550012,74,75,100,100,0.8900000000000002,1.05,1,0,28.363636363636363,33.33333333333333
2019-08-24,2019,Fortuna Dusseldorf,Bayer Leverkusen,1,3,A,0,4.75,4.0,1.7,4.75,4.4,1.78,1526.6945115634692,1635.7371716247715,75,80,100,100,1.6800000000000002,2.1399999999999997,10,13,38.08367071524966,42.57142857142857
2019-08-24,2019,TSG Hoffenheim,Werder Bremen,3,2,H,2,1.85,3.6,4.2,1.92,4.1,4.2,1563.4138070683396,1593.7015334359378,75,77,100,100,2.01,2.0,1,7,48.91452991452991,56.24966261808366
2019-08-24,2019,FSV Mainz 05,Borussia Monchengladbach,1,3,A,0,2.9,3.4,2.4,3.25,3.55,2.59,1500.2420405709809,1547.4749702369872,74,75,100,100,2.1700000000000004,1.3800000000000001,7,5,55.03496503496503,61.21212121212121
2019-08-24,2019,FC Schalke 04,Bayern Munich,0,3,A,0,9.0,4.75,1.36,9.0,5.3,1.5,1499.448967078697,1798.5321990815905,78,75,100,100,1.06,2.8,7,9,53.18181818181817,79.64285714285714
2019-08-24,2019,SC Paderborn 07,SC Freiburg,1,3,A,0,2.37,3.5,2.9,2.69,3.75,2.95,1415.8833553016514,1487.15496611095,75,74,100,100,1.78,1.7700000000000002,3,7,47.7593984962406,50.83333333333333
2019-08-25,2019,RB Leipzig,Ein Frankfurt,2,1,H,2,1.5,4.5,6.0,1.55,4.9,6.6,1678.2438776467086,1578.8047779677115,79,75,100,100,1.56,1.3000000000000003,8,4,50.301587301587304,55.5
2019-08-25,2019,Hertha BSC,VfL Wolfsburg,0,3,A,0,2.4,3.4,2.9,2.5,3.72,3.05,1511.7225017965523,1582.5946769922004,77,78,100,100,1.56,1.9600000000000002,8,12,48.476190476190474,38.36940836940836
2019-08-30,2019,Borussia Monchengladbach,RB Leipzig,1,3,A,0,3.2,4.0,2.05,3.45,4.0,2.17,1561.3131152900055,1689.7856118310872,75,79,100,100,1.44,1.58,8,8,58.15656565656566,55.19047619047619
2019-08-31,2019,Union Berlin,Borussia Dortmund,3,1,H,2,10.0,5.75,1.28,10.0,6.0,1.36,1488.6927954073858,1717.511191382642,75,81,100,100,0.9500000000000001,2.13,1,13,45.238095238095234,60.666666666666664
2019-08-31,2019,Bayern Munich,FSV Mainz 05,6,1,H,2,1.08,11.0,26.0,1.12,12.75,38.0,1803.3852319917528,1486.4038955179626,75,74,100,100,2.72,2.1500000000000004,11,7,81.07142857142858,49.80769230769231
2019-08-31,2019,SC Freiburg,FC Cologne,1,2,A,0,2.37,3.5,3.0,2.54,3.55,3.0,1499.9180641388564,1404.5629075920808,74,75,100,100,1.56,0.93,10,0,49.08730158730159,59.22510822510823
2019-08-31,2019,Bayer Leverkusen,TSG Hoffenheim,0,0,D,1,1.53,4.75,5.25,1.58,5.1,5.45,1646.8742031943748,1580.8050858584238,80,75,100,100,2.12,1.7600000000000002,13,4,49.23809523809524,40.58119658119658
2019-08-31,2019,FC Schalke 04,Hertha BSC,3,0,H,2,2.1,3.6,3.4,2.19,3.6,3.7,1494.5959341685348,1498.941757837894,78,77,100,100,0.9900000000000002,1.5000000000000002,4,7,48.41991341991342,40.857142857142854
2019-08-31,2019,VfL Wolfsburg,SC Paderborn 07,1,1,D,1,1.44,5.0,6.0,1.49,5.05,7.0,1595.3754209508586,1403.120257273745,78,75,100,100,1.59,1.6300000000000001,12,0,47.655122655122646,52.04511278195489
2019-09-01,2019,Ein Frankfurt,Fortuna Dusseldorf,2,1,H,2,1.66,4.0,4.75,1.73,4.25,5.05,1567.263043783333,1515.5574799938659,75,75,100,100,1.35,1.6600000000000001,3,7,52.83333333333333,35.263157894736835
2019-09-01,2019,Werder Bremen,FC Augsburg,3,2,H,2,1.72,4.0,4.5,1.74,4.25,5.0,1576.3102546458535,1438.0077183070284,77,74,100,100,1.8800000000000001,1.0100000000000002,7,2,55.73684210526314,26.935064935064936
2019-09-13,2019,Fortuna Dusseldorf,VfL Wolfsburg,1,1,D,1,3.1,3.5,2.25,3.17,3.8,2.35,1501.9211848119132,1587.3269349912885,75,78,100,100,1.6800000000000002,1.6800000000000002,6,10,30.374269005847953,53.311688311688314
2019-09-14,2019,RB Leipzig,Bayern Munich,1,1,D,1,3.8,4.0,1.85,4.05,4.27,2.0,1700.1249135924302,1807.8291331670275,79,75,100,100,1.61,2.4799999999999995,10,11,54.33333333333333,79.25324675324676
2019-09-14,2019,Union Berlin,Werder Bremen,1,2,A,0,2.87,3.5,2.4,2.9,3.6,2.6,1513.9316085527216,1586.257558001936,75,77,100,100,1.3500000000000003,1.9300000000000002,4,9,51.37085137085137,62.40350877192982
2019-09-14,2019,FSV Mainz 05,Hertha BSC,2,1,H,2,2.3,3.4,3.1,2.5,3.56,3.1,1481.9599943426879,1482.7416356986794,74,77,100,100,2.0000000000000004,1.36,6,4,39.62587412587413,42.642857142857146
2019-09-14,2019,FC Augsburg,Ein Frankfurt,2,1,H,2,3.5,3.6,2.05,3.65,3.85,2.2,1428.0604149509459,1580.8993389652856,74,75,100,100,1.1800000000000002,1.7,1,6,26.329004329004327,52.83333333333333
2019-09-14,2019,Borussia Dortmund,Bayer Leverkusen,4,0,H,2,1.8,4.0,4.0,1.89,4.2,4.3,1692.2723782373062,1643.8677601636189,81,80,100,100,1.81,1.7900000000000003,12,11,54.6060606060606,65.23809523809524
2019-09-14,2019,FC Cologne,Borussia Monchengladbach,0,1,A,0,2.5,3.5,2.7,2.7,3.7,2.75,1424.8471410502384,1550.9738135286625,75,75,100,100,0.89,1.37,3,7,55.84848484848485,66.56926406926407
2019-09-15,2019,TSG Hoffenheim,SC Freiburg,0,3,A,0,1.7,4.2,4.5,1.75,4.4,4.9,1583.8115288891797,1479.6338306806988,75,74,100,100,1.2400000000000002,1.53,4,9,25.025641025641026,47.06709956709957
2019-09-15,2019,SC Paderborn 07,FC Schalke 04,1,5,A,0,3.1,3.5,2.25,3.2,3.8,2.33,1411.1687432333151,1510.7960563077495,75,78,100,100,1.5000000000000002,0.9,1,6,41.78537252221463,48.192640692640694
2019-09-20,2019,FC Schalke 04,FSV Mainz 05,2,1,H,2,1.61,4.2,5.0,1.7,4.22,5.4,1522.3297971106274,1497.995990196646,78,74,100,100,1.32,2.0300000000000002,8,6,50.692640692640694,44.95920745920746
2019-09-21,2019,Hertha BSC,SC Paderborn 07,2,1,H,2,1.7,4.0,4.75,1.8,4.2,4.95,1466.7056398447212,1399.6350024304372,77,75,100,100,1.28,1.2500000000000002,1,1,31.309523809523807,39.811688311688314
2019-09-21,2019,SC Freiburg,FC Augsburg,1,1,D,1,1.9,3.75,3.8,2.05,3.9,4.2,1500.2925997196032,1450.6774764639022,74,74,100,100,1.9200000000000004,1.3400000000000003,12,4,44.56709956709957,27.4059274059274
2019-09-21,2019,Werder Bremen,RB Leipzig,0,3,A,0,4.2,4.2,1.72,4.55,4.5,1.8,1598.9741178703036,1704.9318731306814,77,79,100,100,2.0200000000000005,1.7500000000000004,9,10,53.676236044657095,58.14285714285713
2019-09-21,2019,Bayer Leverkusen,Union Berlin,2,0,H,2,1.36,5.5,7.5,1.41,5.7,8.6,1630.0825639494747,1501.215048684354,80,75,100,100,2.1100000000000003,1.4125,10,4,65.23809523809524,54.43722943722943
2019-09-21,2019,Bayern Munich,FC Cologne,4,0,H,2,1.11,10.0,21.0,1.14,10.5,31.0,1803.0221736287763,1414.41310725391,75,75,100,100,2.5900000000000003,1.0900000000000003,11,3,75.44372294372295,55.84848484848484
2019-09-22,2019,Borussia Monchengladbach,Fortuna Dusseldorf,2,1,H,2,1.66,4.0,5.0,1.74,4.34,5.2,1561.4078473249908,1505.776913615216,75,75,100,100,1.32,1.7200000000000002,7,7,62.62987012987013,22.495481127060074
2019-09-22,2019,Ein Frankfurt,Borussia Dortmund,2,2,D,1,4.33,4.0,1.75,4.5,4.4,1.79,1558.2822774523293,1706.0575744514504,75,81,100,100,1.7600000000000002,1.9300000000000002,6,12,57.756410256410255,57.93939393939395
2019-09-23,2019,VfL Wolfsburg,TSG Hoffenheim,1,1,D,1,1.95,3.75,3.75,2.0,3.95,3.92,1583.4712061879857,1563.1527598502753,78,75,100,100,1.9100000000000001,1.35,11,4,59.28571428571429,36.02564102564103
2019-09-27,2019,Union Berlin,Ein Frankfurt,1,2,A,0,3.0,3.5,2.3,3.19,3.75,2.38,1490.8916547997767,1564.7048758923793,75,75,100,100,1.1700000000000002,1.9100000000000001,4,7,45.77200577200577,57.94871794871794
2019-09-28,2019,FC Augsburg,Bayer Leverkusen,0,3,A,0,5.0,4.5,1.6,5.0,4.7,1.68,1452.9469313185634,1640.405957834052,74,80,100,100,1.2600000000000002,2.14,5,10,25.587745587745587,74.44444444444446
2019-09-28,2019,FSV Mainz 05,VfL Wolfsburg,0,1,A,0,2.9,3.5,2.37,3.0,3.72,2.5,1483.1147746661977,1582.536572410066,74,78,100,100,1.5900000000000003,1.61,3,9,42.65151515151515,56.37662337662338
2019-09-28,2019,TSG Hoffenheim,Borussia Monchengladbach,0,3,A,0,2.5,3.5,2.75,2.6,3.75,2.89,1564.087393628195,1574.867619918669,75,75,100,100,1.19,1.9200000000000004,5,10,40.33333333333333,66.91558441558442
2019-09-28,2019,Borussia Dortmund,Werder Bremen,2,2,D,1,1.25,6.5,11.0,1.3,6.75,11.25,1699.6349760114003,1587.7077992010231,81,77,100,100,2.12,1.9899999999999998,10,6,60.247086247086244,55.94896331738437
2019-09-28,2019,RB Leipzig,FC Schalke 04,1,3,A,0,1.53,4.33,6.0,1.62,4.65,6.05,1716.198191799962,1537.2110126410757,79,78,100,100,1.95,1.5100000000000002,13,10,55.87012987012987,49.02597402597403
2019-09-28,2019,SC Paderborn 07,Bayern Munich,2,3,A,0,15.0,10.0,1.14,18.5,10.5,1.18,1386.685914517026,1806.109391102236,75,75,100,100,1.3900000000000001,2.2399999999999998,1,11,53.589466089466086,77.94372294372295
2019-09-29,2019,Fortuna Dusseldorf,SC Freiburg,1,2,A,0,2.37,3.4,2.87,2.52,3.7,3.05,1492.3171410215377,1498.023144864942,75,74,100,100,1.6300000000000001,1.7900000000000003,4,10,23.765322396901343,43.96103896103896
2019-09-29,2019,FC Cologne,Hertha BSC,0,4,A,0,2.15,3.6,3.3,2.28,3.8,3.35,1411.3258897804503,1479.6547277581324,75,77,100,100,1.2300000000000002,1.25,3,4,47.515151515151516,22.1031746031746
2019-10-04,2019,Hertha BSC,Fortuna Dusseldorf,3,1,H,2,1.65,4.0,4.75,1.8,4.25,5.2,1492.5480189273997,1476.5798885868835,77,75,100,100,1.41,1.6800000000000002,6,1,28.769841269841265,35.168831168831176
2019-10-05,2019,SC Paderborn 07,FSV Mainz 05,1,2,A,0,2.5,3.5,2.8,2.6,3.9,2.8,1384.0593057008464,1471.5723055512544,75,74,100,100,1.34,1.55,1,3,57.339466089466086,50.83333333333333
2019-10-05,2019,Bayer Leverkusen,RB Leipzig,1,1,D,1,2.25,3.5,3.1,2.5,3.85,3.1,1648.52359625628,1692.6148172445317,80,79,100,100,2.16,1.9000000000000004,10,10,79.44444444444444,55.87012987012986
2019-10-05,2019,FC Schalke 04,FC Cologne,1,1,D,1,1.57,4.33,5.5,1.7,4.34,5.5,1560.794387196506,1398.432598611183,78,75,100,100,1.8400000000000003,1.24,12,3,50.23809523809524,45.848484848484844
2019-10-05,2019,Bayern Munich,TSG Hoffenheim,1,2,A,0,1.11,9.0,26.0,1.13,11.5,30.0,1808.7359999184157,1548.5836821406078,75,75,100,100,2.21,1.3800000000000001,13,5,64.19372294372295,39.38095238095237
2019-10-05,2019,SC Freiburg,Borussia Dortmund,2,2,D,1,5.75,4.2,1.57,5.75,4.5,1.66,1513.7603972995962,1694.65174794665,74,81,100,100,1.49,1.9600000000000002,10,8,37.29437229437229,56.61072261072261
2019-10-06,2019,Ein Frankfurt,Werder Bremen,2,2,D,1,2.1,3.6,3.4,2.25,3.8,3.4,1577.3558867450186,1592.6910272657735,75,77,100,100,1.8,1.6700000000000004,7,7,55.72649572649573,44.84848484848485
2019-10-06,2019,Borussia Monchengladbach,FC Augsburg,5,1,H,2,1.5,4.33,6.5,1.6,4.75,6.5,1590.3713314062566,1444.8292928963356,75,74,100,100,1.9100000000000001,1.2900000000000003,12,5,66.65584415584416,30.587745587745587
2019-10-06,2019,VfL Wolfsburg,Union Berlin,1,0,H,2,1.66,4.0,5.0,1.73,4.24,5.85,1594.0790415250092,1478.2406439471374,78,75,100,100,1.4300000000000002,1.28,9,4,53.19480519480519,47.99422799422799
2019-10-18,2019,Ein Frankfurt,Bayer Leverkusen,3,0,H,2,2.75,3.9,2.3,2.96,4.0,2.42,1578.061637816009,1650.5432416396557,75,80,100,100,2.0100000000000002,2.2,8,8,69.9083139083139,82.77777777777779
2019-10-19,2019,Borussia Dortmund,Borussia Monchengladbach,1,0,H,2,1.44,5.0,6.5,1.57,5.05,6.75,1687.0005585540328,1600.035228637245,81,75,100,100,1.8200000000000003,2.0100000000000002,6,12,61.658341658341655,58.60028860028861
2019-10-19,2019,FC Augsburg,Bayern Munich,2,2,D,1,15.0,8.0,1.16,21.0,9.0,1.2,1435.1653956653472,1782.5852848170011,74,75,100,100,1.2600000000000002,2.2300000000000004,4,10,37.571872571872575,67.76515151515152
2019-10-19,2019,RB Leipzig,VfL Wolfsburg,1,1,D,1,1.53,4.5,5.75,1.58,4.55,6.25,1690.595171861156,1604.9337420558775,79,78,100,100,1.8800000000000003,1.4700000000000002,8,9,39.870129870129865,50.02020202020202
2019-10-19,2019,Union Berlin,SC Freiburg,2,0,H,2,2.5,3.5,2.7,2.68,3.6,2.8,1467.3859434162691,1521.4115866922134,75,74,100,100,1.3700000000000003,1.34,3,8,45.45454545454545,34.43722943722943
2019-10-19,2019,Werder Bremen,Hertha BSC,1,1,D,1,2.1,3.75,3.2,2.2,3.8,3.4,1591.9852761947832,1507.8131766839715,77,77,100,100,1.56,1.5300000000000002,8,9,33.333333333333336,39.41919191919192
2019-10-19,2019,Fortuna Dusseldorf,FSV Mainz 05,1,0,H,2,2.55,3.4,2.62,2.65,3.7,2.76,1461.3147308303116,1483.6253043659433,75,74,100,100,1.54,1.6400000000000001,1,6,35.47186147186147,55.09803921568628
2019-10-20,2019,TSG Hoffenheim,FC Schalke 04,2,0,H,2,2.75,3.4,2.55,2.76,3.65,2.75,1574.7343972420224,1553.8179525302312,75,78,100,100,1.4400000000000002,1.9400000000000002,5,13,37.71428571428571,53.666666666666664
2019-10-20,2019,FC Cologne,SC Paderborn 07,3,0,H,2,1.65,4.5,4.33,1.75,4.59,4.75,1405.4090332774579,1372.0063068861575,75,75,100,100,1.36,1.5500000000000003,4,1,44.515151515151516,52.7176173499703
2019-10-25,2019,FSV Mainz 05,FC Cologne,3,1,H,2,2.5,3.6,2.62,2.63,3.7,2.83,1466.599274398125,1419.875502803706,74,75,100,100,1.52,1.5500000000000003,6,4,55.50207961972667,41.60606060606061
2019-10-26,2019,SC Paderborn 07,Fortuna Dusseldorf,2,0,H,2,2.37,3.75,2.7,2.47,4.0,2.85,1357.5398373599094,1478.3407607981298,75,75,100,100,1.49,1.6,0,4,59.26307189542483,49.24963924963925
2019-10-26,2019,FC Schalke 04,Borussia Dortmund,0,0,D,1,3.1,3.6,2.2,3.2,3.65,2.35,1538.780028394929,1699.0772528698537,78,81,100,100,1.92,2.0900000000000003,10,9,55.71212121212121,65.49672549672549
2019-10-26,2019,Bayer Leverkusen,Werder Bremen,2,2,D,1,1.57,4.33,5.5,1.7,4.45,5.5,1631.252935864536,1588.1831054900774,80,77,100,100,2.5100000000000002,1.56,7,6,66.77777777777779,31.666666666666668
2019-10-26,2019,Hertha BSC,TSG Hoffenheim,2,3,A,0,2.05,3.6,3.6,2.25,3.81,3.6,1511.6153473886773,1589.7723213773245,77,75,100,100,1.5100000000000002,1.5500000000000003,10,7,40.25252525252525,43.16883116883117
2019-10-26,2019,Bayern Munich,Union Berlin,2,1,H,2,1.09,12.0,19.0,1.13,12.0,26.0,1770.4000819083371,1485.8540554721299,75,75,100,100,2.24,1.3200000000000003,8,3,63.58333333333333,41.298701298701296
2019-10-26,2019,SC Freiburg,RB Leipzig,2,1,H,2,4.0,3.8,1.85,4.25,3.9,1.97,1502.9434746363527,1686.7283543219264,74,79,100,100,1.44,1.83,8,6,36.77489177489177,42.72727272727273
2019-10-27,2019,VfL Wolfsburg,FC Augsburg,0,0,D,1,1.57,4.33,5.5,1.62,4.34,6.0,1608.800559595107,1447.3505985740112,78,74,100,100,1.5000000000000002,1.27,9,5,45.474747474747474,36.90520590520591
2019-10-27,2019,Borussia Monchengladbach,Ein Frankfurt,4,2,H,2,1.83,4.0,3.75,2.0,4.12,3.84,1587.958534321424,1597.3519435911285,75,75,100,100,2.0300000000000002,1.8400000000000003,12,8,54.63203463203464,69.9083139083139
2019-11-01,2019,TSG Hoffenheim,SC Paderborn 07,3,0,H,2,1.4,4.75,7.0,1.5,5.25,7.15,1602.2325680817405,1378.8890853403068,75,75,100,100,1.6199999999999999,1.7400000000000002,10,3,38.16883116883117,59.03579916815211
2019-11-02,2019,Union Berlin,Hertha BSC,1,0,H,2,2.87,3.3,2.5,2.88,3.45,2.61,1480.6463657779484,1499.1551006842612,75,77,100,100,1.22,1.32,3,10,32.57142857142857,43.58585858585859
2019-11-02,2019,Werder Bremen,SC Freiburg,2,2,D,1,1.85,3.8,3.8,2.1,3.9,3.98,1590.156446506894,1526.697034567705,77,74,100,100,1.3399999999999999,1.2200000000000002,4,8,26.21212121212121,42.886002886002885
2019-11-02,2019,RB Leipzig,FSV Mainz 05,8,0,H,2,1.33,5.25,8.0,1.38,5.55,9.5,1662.974794390574,1480.4604435226374,79,74,100,100,1.9600000000000002,1.6,5,6,44.94949494949494,48.835412953060015
2019-11-02,2019,Borussia Dortmund,VfL Wolfsburg,3,0,H,2,1.5,4.5,6.5,1.59,4.5,6.95,1692.1780180597225,1601.858171666518,81,78,100,100,1.8200000000000003,1.3700000000000003,7,9,59.49672549672549,43.429292929292934
2019-11-02,2019,Ein Frankfurt,Bayern Munich,5,1,H,2,6.5,5.25,1.4,7.5,5.5,1.5,1580.9194664783863,1775.6077716025186,75,75,100,100,1.7600000000000002,2.4300000000000006,8,10,63.8943278943279,66.25
2019-11-02,2019,Bayer Leverkusen,Borussia Monchengladbach,1,2,A,0,1.95,3.9,3.5,2.1,3.95,3.7,1629.2795948477194,1604.391011434166,80,75,100,100,2.18,2.12,8,12,74.95959595959596,50.99567099567099
2019-11-03,2019,Fortuna Dusseldorf,FC Cologne,2,0,H,2,2.8,3.4,2.5,2.85,3.8,2.6,1456.9915128177324,1406.0143336791937,75,75,100,100,1.7,1.61,3,4,56.52236652236652,47.666666666666664
2019-11-03,2019,FC Augsburg,FC Schalke 04,2,3,A,0,4.0,3.6,1.85,4.0,4.0,1.99,1454.2929865026001,1545.6792632050604,74,78,100,100,1.24,1.55,3,8,41.32828282828283,59.21212121212121
2019-11-08,2019,FC Cologne,TSG Hoffenheim,1,2,A,0,2.5,3.6,2.7,2.67,3.76,2.78,1392.3452170979535,1609.1633480973624,75,75,100,100,1.4900000000000002,1.7100000000000002,4,12,54.095238095238095,36.16883116883117
2019-11-09,2019,Hertha BSC,RB Leipzig,2,4,A,0,4.2,4.0,1.8,4.3,4.05,1.91,1482.3035473456996,1671.266083567721,77,79,100,100,1.3000000000000003,2.21,7,5,57.36363636363636,40.79365079365079
2019-11-09,2019,FSV Mainz 05,Union Berlin,2,3,A,0,2.15,3.4,3.5,2.25,3.5,3.55,1472.1691543454906,1497.49791911651,74,75,100,100,1.5200000000000002,1.58,6,6,50.263984381631445,34.34920634920635
2019-11-09,2019,SC Paderborn 07,FC Augsburg,0,1,A,0,2.62,3.75,2.5,2.65,3.9,2.7,1371.958305324685,1442.4070376274035,75,74,100,100,1.4200000000000004,1.32,3,2,51.25802139037434,36.91269841269841
2019-11-09,2019,Bayern Munich,Borussia Dortmund,4,0,H,2,1.53,4.75,5.5,1.7,4.8,5.75,1751.475883669144,1704.1098669827786,75,81,100,100,2.1799999999999997,1.8800000000000003,7,9,51.25,62.74458874458875
2019-11-09,2019,FC Schalke 04,Fortuna Dusseldorf,3,3,D,1,1.5,4.2,7.0,1.57,4.5,7.0,1557.565212080257,1470.6606293989726,78,75,100,100,1.35,1.5699999999999998,8,6,66.35497835497836,59.37950937950937
2019-11-10,2019,Borussia Monchengladbach,Werder Bremen,3,1,H,2,1.72,4.1,4.33,1.8,4.34,4.67,1621.535216530195,1587.2661032364297,75,77,100,100,1.8,1.7899999999999998,12,5,36.7099567099567,38.93939393939394
2019-11-10,2019,VfL Wolfsburg,Bayer Leverkusen,0,2,A,0,2.87,3.6,2.37,3.1,3.78,2.45,1589.926322743462,1612.1353897516906,78,80,100,100,1.3300000000000003,2.1700000000000004,8,5,39.87373737373738,77.18181818181817
2019-11-10,2019,SC Freiburg,Ein Frankfurt,1,0,H,2,2.7,3.6,2.5,2.83,3.7,2.6,1529.5873778381695,1605.051354411761,74,75,100,100,1.1,2.0800000000000005,8,10,30.158730158730158,76.20202020202021
2019-11-22,2019,Borussia Dortmund,SC Paderborn 07,3,3,D,1,1.14,9.0,15.0,1.18,9.15,19.0,1690.2777386110074,1359.1588459463633,81,75,100,100,1.4300000000000002,1.4,8,3,53.04761904761905,45.84135472370766
2019-11-23,2019,Bayer Leverkusen,SC Freiburg,1,1,D,1,1.45,4.75,6.5,1.55,4.84,7.0,1627.1140151963582,1549.008983771474,80,74,100,100,2.1100000000000003,1.3,5,8,62.18181818181817,35.71428571428571
2019-11-23,2019,Ein Frankfurt,VfL Wolfsburg,0,2,A,0,2.0,3.6,3.6,2.06,3.89,3.74,1585.6297484784563,1574.9476972987943,75,78,100,100,2.1100000000000003,1.3000000000000003,7,5,76.2020202020202,58.05555555555556
2019-11-23,2019,Fortuna Dusseldorf,Bayern Munich,0,4,A,0,13.0,8.0,1.18,16.5,8.35,1.22,1474.5813056609513,1765.3080120409152,75,75,100,100,1.4100000000000001,2.13,7,7,56.046176046176036,58.33333333333333
2019-11-23,2019,RB Leipzig,FC Cologne,4,1,H,2,1.33,5.75,7.5,1.38,5.8,9.0,1679.331399147118,1385.2083127871792,79,75,100,100,2.18,1.5200000000000002,8,4,47.460317460317455,49.095238095238095
2019-11-23,2019,Union Berlin,Borussia Monchengladbach,2,0,H,2,3.6,3.6,2.05,3.7,3.8,2.16,1512.3335484257855,1635.9621635171882,75,75,100,100,1.56,1.94,9,12,33.460317460317455,27.878787878787875
2019-11-23,2019,Werder Bremen,FC Schalke 04,1,2,A,0,2.45,3.5,2.8,2.55,3.75,2.84,1572.8391562494364,1553.6445358182782,77,78,100,100,1.9200000000000004,1.22,4,6,49.84848484848485,66.35497835497836
2019-11-24,2019,FC Augsburg,Hertha BSC,4,0,H,2,2.62,3.5,2.62,2.68,3.7,2.7,1455.2064970057252,1474.2382317663025,74,77,100,100,1.53,1.1500000000000001,5,4,43.579365079365076,50.6969696969697
2019-11-24,2019,TSG Hoffenheim,FSV Mainz 05,1,5,A,0,1.65,4.33,4.75,1.72,4.33,5.3,1616.3002524081367,1457.3335250362152,75,74,100,100,1.73,1.5500000000000003,15,6,42.12121212121212,44.08216619981326
2019-11-29,2019,FC Schalke 04,Union Berlin,2,1,H,2,1.66,4.0,4.75,1.76,4.03,5.25,1570.5275825319434,1533.7981446389458,78,75,100,100,1.25,1.65,8,12,69.35497835497836,29.571428571428573
2019-11-30,2019,Bayern Munich,Bayer Leverkusen,1,2,A,0,1.28,6.0,8.5,1.32,6.63,11.0,1770.3624265840492,1623.57653694152,75,80,100,100,2.15,2.3100000000000005,10,5,51.904761904761905,58.43181818181817
2019-11-30,2019,SC Paderborn 07,RB Leipzig,2,3,A,0,6.5,5.5,1.36,8.5,5.8,1.4,1371.0173224400066,1684.3031581299053,75,79,100,100,1.2200000000000002,2.3899999999999997,4,10,40.939393939393945,63.710317460317455
2019-11-30,2019,TSG Hoffenheim,Fortuna Dusseldorf,1,1,D,1,1.7,3.8,5.0,1.74,4.3,5.1,1593.450978945118,1469.5268911178173,75,75,100,100,1.9899999999999998,1.3599999999999999,12,7,53.59180035650623,63.838383838383834
2019-11-30,2019,Hertha BSC,Borussia Dortmund,1,2,A,0,4.0,4.0,1.8,4.4,4.12,1.9,1457.3626635595224,1678.419262117364,77,81,100,100,0.9600000000000002,1.65,1,8,44.333333333333336,54.0
2019-11-30,2019,FC Cologne,FC Augsburg,1,1,D,1,1.95,4.0,3.5,2.0,4.0,4.08,1380.2365538043919,1472.0820652125053,75,74,100,100,1.33,1.6200000000000003,3,8,44.845238095238095,38.023809523809526
2019-12-01,2019,VfL Wolfsburg,Werder Bremen,2,3,A,0,2.15,3.75,3.0,2.25,3.8,3.3,1591.4394689906678,1555.9561095357712,78,77,100,100,1.3400000000000003,1.9700000000000002,5,3,48.48290598290598,53.03030303030304
2019-12-01,2019,Borussia Monchengladbach,SC Freiburg,4,2,H,2,1.53,4.2,6.0,1.63,4.65,6.0,1614.4975673040278,1552.5464620263122,75,74,100,100,1.65,1.35,9,8,38.43434343434343,35.17857142857143
2019-12-02,2019,FSV Mainz 05,Ein Frankfurt,2,1,H,2,2.8,3.75,2.37,3.04,3.95,2.5,1480.1827984992337,1569.1379767865828,74,75,100,100,1.4,2.12,6,6,35.8468720821662,76.48174048174049
2019-12-06,2019,Ein Frankfurt,Hertha BSC,2,2,D,1,1.8,3.9,4.2,1.9,4.09,4.3,1549.1286666458482,1450.3601388324842,75,77,100,100,2.12,1.02,3,0,69.05316905316906,46.0
2019-12-07,2019,Bayer Leverkusen,FC Schalke 04,2,1,H,2,1.95,3.75,3.75,1.99,3.8,4.05,1645.9608696474568,1584.84240250076,80,78,100,100,2.1100000000000003,1.59,8,11,58.43181818181817,67.53679653679653
2019-12-07,2019,RB Leipzig,TSG Hoffenheim,3,1,H,2,1.44,4.75,6.5,1.52,5.25,7.2,1688.8290933061962,1587.9743664306175,79,75,100,100,2.48,2.14,12,10,63.710317460317455,53.851540616246496
2019-12-07,2019,Borussia Monchengladbach,Bayern Munich,2,1,H,2,5.25,4.5,1.57,5.6,4.8,1.65,1627.67446973516,1747.9780938781125,75,75,100,100,2.1399999999999997,2.23,12,9,37.54545454545455,53.904761904761905
2019-12-07,2019,SC Freiburg,VfL Wolfsburg,1,0,H,2,2.9,3.5,2.4,3.0,3.5,2.6,1539.36955959518,1573.811057626424,74,78,100,100,1.4,1.3900000000000001,8,4,35.75,53.48290598290598
2019-12-07,2019,Borussia Dortmund,Fortuna Dusseldorf,5,0,H,2,1.33,5.5,8.5,1.35,6.1,10.25,1685.4217868444023,1475.003503632318,81,75,100,100,1.4400000000000002,1.23,8,5,52.88888888888889,60.34632034632034
2019-12-07,2019,FC Augsburg,FSV Mainz 05,2,1,H,2,2.2,3.6,3.1,2.35,3.75,3.13,1467.9482705034386,1500.1921086399684,74,74,100,100,1.5200000000000002,1.7899999999999998,8,9,45.357142857142854,45.05322128851541
2019-12-08,2019,Union Berlin,FC Cologne,2,0,H,2,2.15,3.5,3.3,2.34,3.6,3.5,1519.4833246701292,1384.3703485134586,75,75,100,100,1.72,1.3,9,1,28.272727272727273,43.51190476190476
2019-12-08,2019,Werder Bremen,SC Paderborn 07,0,1,A,0,1.53,4.5,5.75,1.6,4.9,6.0,1573.5845209000151,1366.4913872637158,77,75,100,100,1.8399999999999999,1.33,5,4,46.36363636363636,38.939393939393945
2019-12-13,2019,TSG Hoffenheim,FC Augsburg,2,4,A,0,1.8,4.0,4.2,1.89,4.2,4.34,1576.4926941805923,1485.4289057528404,75,74,100,100,1.8,1.6,7,10,52.422969187675065,53.857142857142854
2019-12-14,2019,Bayern Munich,Werder Bremen,6,1,H,2,1.14,9.0,15.0,1.18,9.65,20.0,1726.6491972839776,1549.0366582474808,75,77,100,100,1.9900000000000002,1.86,6,4,52.19047619047619,58.22966507177034
2019-12-14,2019,FC Cologne,Bayer Leverkusen,2,0,H,2,4.2,3.9,1.8,4.4,4.05,1.9,1374.2967454902923,1659.1749383751117,75,80,100,100,1.1199999999999999,2.29,1,10,42.67857142857143,60.25
2019-12-14,2019,Hertha BSC,SC Freiburg,1,0,H,2,2.0,3.6,3.6,2.12,3.75,3.75,1454.7899060158531,1556.9504740999855,77,74,100,100,0.9400000000000001,1.36,1,8,37.17647058823529,29.083333333333332
2019-12-14,2019,FSV Mainz 05,Borussia Dortmund,0,4,A,0,5.0,4.33,1.6,5.3,4.54,1.69,1482.7114733905667,1692.765060423115,74,81,100,100,1.61,1.8700000000000003,6,10,42.38655462184874,68.88888888888889
2019-12-14,2019,SC Paderborn 07,Union Berlin,1,1,D,1,2.8,3.75,2.37,2.95,3.85,2.55,1391.0392499162501,1529.5569276932954,75,75,100,100,1.33,1.81,4,12,37.98245614035088,31.772727272727273
2019-12-14,2019,Fortuna Dusseldorf,RB Leipzig,0,3,A,0,7.0,4.75,1.44,7.05,5.25,1.47,1467.6602300536051,1700.3107655562214,75,79,100,100,0.9099999999999999,2.8000000000000003,5,15,47.61904761904761,66.25
2019-12-15,2019,VfL Wolfsburg,Borussia Monchengladbach,2,1,H,2,2.7,3.4,2.6,2.75,3.66,2.81,1556.2301431216183,1649.003366329295,78,75,100,100,1.23,1.9299999999999997,3,12,56.53846153846153,34.16883116883116
2019-12-15,2019,FC Schalke 04,Ein Frankfurt,1,0,H,2,1.9,3.75,3.6,2.01,4.0,3.78,1571.6283337731052,1544.6988994624792,78,75,100,100,1.5100000000000002,2.34,10,4,51.53679653679653,76.96760755584285
2019-12-17,2019,Werder Bremen,FSV Mainz 05,0,5,A,0,1.75,4.2,4.2,1.87,4.32,4.32,1540.5708569857543,1475.3563145538244,77,74,100,100,1.45,1.52,3,6,42.229665071770334,38.457983193277315
2019-12-17,2019,FC Augsburg,Fortuna Dusseldorf,3,0,H,2,1.75,4.2,4.2,1.85,4.32,4.6,1505.5290843182108,1461.0159296573531,74,75,100,100,1.5399999999999998,0.78,13,2,52.666666666666664,44.04761904761905
2019-12-17,2019,Borussia Dortmund,RB Leipzig,3,3,D,1,2.1,3.8,3.2,2.3,3.92,3.33,1700.1202192598573,1706.9550659524734,81,79,100,100,1.8400000000000003,2.62,10,15,65.83333333333334,72.67857142857142
2019-12-17,2019,Union Berlin,TSG Hoffenheim,0,2,A,0,2.37,3.5,2.9,2.52,3.61,3.0,1523.4957432505894,1556.3925156152218,75,75,100,100,1.64,1.9100000000000001,10,4,39.77272727272727,60.7563025210084
2019-12-18,2019,Ein Frankfurt,FC Cologne,2,4,A,0,1.75,3.8,4.75,1.8,4.04,4.9,1529.936568234024,1401.0973875539225,75,75,100,100,2.0200000000000005,1.33,1,4,66.19837678661207,39.82142857142857
2019-12-18,2019,Bayer Leverkusen,Hertha BSC,0,1,A,0,1.5,4.33,6.5,1.6,4.61,6.63,1632.3742963114814,1475.363515345429,80,77,100,100,1.9600000000000002,1.04,10,4,51.67857142857142,28.449197860962567
2019-12-18,2019,Borussia Monchengladbach,SC Paderborn 07,2,0,H,2,1.33,6.0,7.5,1.34,6.35,10.0,1628.8297282783478,1397.1004343589561,75,75,100,100,1.8400000000000003,1.4200000000000004,9,5,39.88311688311687,35.98245614035088
2019-12-18,2019,SC Freiburg,Bayern Munich,1,3,A,0,10.0,7.5,1.22,15.0,7.6,1.27,1536.3768647704096,1735.114998545704,74,75,100,100,1.3400000000000003,2.65,7,9,41.810606060606055,68.19047619047619
2019-12-18,2019,VfL Wolfsburg,FC Schalke 04,1,1,D,1,2.3,3.4,3.1,2.48,3.45,3.2,1576.4037811725655,1586.3906650015604,78,78,100,100,1.4400000000000002,1.59,6,10,66.37973137973138,45.163170163170165
2019-12-20,2019,TSG Hoffenheim,Borussia Dortmund,2,1,H,2,3.6,4.0,1.9,4.02,4.13,1.96,1570.8820743485473,1700.4349349849101,75,81,100,100,1.7900000000000003,2.2,4,11,51.94677871148459,75.16666666666667
2019-12-21,2019,FC Schalke 04,SC Freiburg,2,2,D,1,1.65,3.8,5.5,1.74,4.1,5.67,1585.9308786307918,1528.6462579827626,78,74,100,100,1.4300000000000002,1.28,10,4,44.378856437679964,41.493145743145746
2019-12-21,2019,Hertha BSC,Borussia Monchengladbach,0,0,D,1,3.1,3.7,2.2,3.24,3.73,2.35,1498.1390435788503,1635.5019912366429,77,75,100,100,1.15,1.8,7,9,37.338086749851456,47.76190476190475
2019-12-21,2019,RB Leipzig,FC Augsburg,3,1,H,2,1.25,6.5,11.0,1.3,6.67,12.25,1706.6403502274206,1519.4903207106727,79,74,100,100,2.6799999999999997,1.61,13,13,56.67857142857142,54.33333333333333
2019-12-21,2019,FSV Mainz 05,Bayer Leverkusen,0,1,A,0,3.8,4.0,1.83,4.1,4.23,1.91,1494.3247749882098,1609.5987680780602,74,80,100,100,1.65,2.16,9,7,34.150290885585,62.78968253968253
2019-12-21,2019,FC Cologne,Werder Bremen,1,0,H,2,2.05,3.75,3.4,2.21,3.9,3.6,1422.772853028485,1521.6023965513689,75,77,100,100,1.67,1.36,7,3,43.25280112044818,39.9919028340081
2019-12-21,2019,Bayern Munich,VfL Wolfsburg,2,0,H,2,1.14,8.5,17.0,1.2,8.81,20.0,1742.8456053333512,1576.863567543334,75,78,100,100,2.9,2.04,9,7,66.28571428571429,60.49737843855492
2019-12-22,2019,Fortuna Dusseldorf,Union Berlin,2,1,H,2,2.75,3.25,2.62,2.87,3.41,2.7,1447.0546932648913,1509.0061845172638,75,75,100,100,0.6300000000000001,1.5799999999999998,1,7,37.38095238095237,48.91558441558442
2019-12-22,2019,SC Paderborn 07,Ein Frankfurt,2,1,H,2,3.4,4.0,2.0,3.75,4.05,2.2,1390.428171400661,1508.2611027594614,75,75,100,100,1.3400000000000003,2.0200000000000005,5,1,34.315789473684205,63.322559793148024
2020-01-17,2019,FC Schalke 04,Borussia Monchengladbach,2,0,H,2,2.62,3.6,2.55,2.8,3.64,2.67,1583.3164723126213,1629.4864099828014,78,75,100,100,1.56,1.9100000000000001,8,10,41.045523104346636,50.26190476190476
2020-01-18,2019,FC Cologne,VfL Wolfsburg,3,1,H,2,2.75,3.4,2.55,2.9,3.46,2.7,1443.2052145810567,1567.974408828244,75,78,100,100,1.6800000000000002,1.9300000000000002,10,4,42.00280112044818,65.62558356676003
2020-01-18,2019,TSG Hoffenheim,Ein Frankfurt,1,2,A,0,2.4,3.6,2.8,2.43,3.8,2.95,1592.5862496910277,1487.033603062147,75,75,100,100,1.4800000000000002,1.8900000000000001,7,1,35.47619047619047,59.40647587706411
2020-01-18,2019,FSV Mainz 05,SC Freiburg,1,2,A,0,2.2,3.4,3.25,2.3,3.68,3.4,1483.446758437382,1531.260664300933,74,74,100,100,1.5900000000000003,1.6,6,4,40.620879120879124,46.076479076479075
2020-01-18,2019,RB Leipzig,Union Berlin,3,1,H,2,1.25,6.0,11.0,1.33,6.35,12.0,1714.7687696029006,1490.1830697269804,79,75,100,100,2.66,1.64,13,4,54.71428571428571,52.248917748917755
2020-01-18,2019,FC Augsburg,Borussia Dortmund,3,5,A,0,4.75,4.33,1.65,5.0,4.5,1.7,1511.3619013351927,1678.7307596424298,74,81,100,100,1.41,2.06,10,10,50.04761904761905,78.5
2020-01-18,2019,Fortuna Dusseldorf,Werder Bremen,0,1,A,0,2.75,3.5,2.5,2.81,3.65,2.62,1465.8778080551747,1501.1700349987973,75,77,100,100,1.0100000000000002,1.1,4,3,37.61904761904762,52.4919028340081
2020-01-19,2019,Hertha BSC,Bayern Munich,0,4,A,0,10.0,5.75,1.3,10.0,5.76,1.42,1504.1546248326918,1751.7347640484413,77,75,100,100,1.1400000000000001,3.02,8,9,29.83808674985146,71.04761904761904
2020-01-19,2019,SC Paderborn 07,Bayer Leverkusen,1,4,A,0,5.0,4.5,1.6,5.05,4.65,1.7,1411.6556710979755,1620.476784628888,75,80,100,100,1.4700000000000002,1.83,7,9,36.43700159489633,56.539682539682545
2020-01-24,2019,Borussia Dortmund,FC Cologne,5,1,H,2,1.28,6.0,9.0,1.31,6.6,10.5,1687.5687583798397,1464.7161572826774,81,75,100,100,2.2800000000000002,1.7100000000000002,10,12,83.5,47.643826761473825
2020-01-25,2019,Union Berlin,FC Augsburg,2,0,H,2,2.05,3.6,3.4,2.3,3.67,3.55,1483.2910373340812,1502.5239025977828,75,74,100,100,1.5400000000000003,1.47,4,9,54.97619047619048,41.71428571428571
2020-01-25,2019,Ein Frankfurt,RB Leipzig,2,0,H,2,4.0,4.33,1.75,4.2,4.4,1.82,1507.7502555431831,1721.6608019957998,75,79,100,100,1.8400000000000003,2.7500000000000004,4,13,59.40647587706411,54.71428571428571
2020-01-25,2019,Borussia Monchengladbach,FSV Mainz 05,3,1,H,2,1.5,4.5,6.5,1.57,4.75,6.53,1611.3726336576556,1469.634873922574,75,74,100,100,1.5100000000000002,1.65,7,3,52.26190476190476,40.85897435897436
2020-01-25,2019,SC Freiburg,SC Paderborn 07,0,2,A,0,1.75,4.2,4.2,1.85,4.24,4.55,1545.0725488157411,1404.260246793498,74,75,100,100,1.6,1.6400000000000001,7,7,42.40981240981241,38.43700159489633
2020-01-25,2019,VfL Wolfsburg,Hertha BSC,1,2,A,0,1.8,3.75,4.33,1.85,4.0,4.8,1546.4634661266232,1497.9514282302039,78,77,100,100,1.9899999999999998,0.99,4,8,58.317891259067736,19.838086749851456
2020-01-25,2019,Bayern Munich,FC Schalke 04,5,0,H,2,1.16,8.5,13.0,1.25,8.64,17.75,1757.9379606509292,1601.4302486377671,75,78,100,100,2.94,1.48,12,8,75.04761904761905,38.31825037707391
2020-01-26,2019,Werder Bremen,TSG Hoffenheim,0,3,A,0,2.37,3.6,2.8,2.5,3.75,2.89,1515.5503349253574,1571.8695972099915,77,75,100,100,1.1700000000000002,1.4400000000000002,3,6,55.4919028340081,41.19047619047619
2020-01-26,2019,Bayer Leverkusen,Fortuna Dusseldorf,3,0,H,2,1.36,5.25,7.0,1.41,5.5,8.5,1627.8722089333655,1451.4975081286145,80,75,100,100,1.8399999999999999,1.03,9,3,60.539682539682545,35.33333333333333
2020-01-31,2019,Hertha BSC,FC Schalke 04,0,0,D,1,2.7,3.4,2.6,2.79,3.45,2.78,1516.1710838843096,1592.1867525455812,77,78,100,100,1.03,1.4200000000000002,10,8,24.815462315462316,41.95461401343754
2020-02-01,2019,RB Leipzig,Borussia Monchengladbach,2,2,D,1,1.5,4.5,5.75,1.6,4.9,6.1,1696.8909481688038,1621.1848877261436,79,75,100,100,2.3200000000000003,1.6700000000000004,10,7,55.28571428571429,59.88095238095239
2020-02-01,2019,FSV Mainz 05,Bayern Munich,1,3,A,0,12.0,7.5,1.2,17.0,8.05,1.22,1459.8226198540858,1767.1814567431152,74,75,100,100,1.8900000000000001,3.37,3,15,43.52564102564103,77.12554112554112
2020-02-01,2019,TSG Hoffenheim,Bayer Leverkusen,2,1,H,2,3.2,3.8,2.1,3.45,3.9,2.25,1585.2984798577347,1636.382449214895,75,80,100,100,1.5400000000000003,1.98,9,9,39.89177489177489,52.84737484737485
2020-02-01,2019,Fortuna Dusseldorf,Ein Frankfurt,1,1,D,1,3.5,3.6,2.05,3.54,3.9,2.2,1442.9872678470851,1532.5201093701792,75,75,100,100,1.2500000000000002,1.6199999999999999,3,6,43.02564102564103,48.58294646529941
2020-02-01,2019,Borussia Dortmund,Union Berlin,5,0,H,2,1.22,6.5,11.0,1.27,6.9,13.0,1694.5148935115226,1500.175839911993,81,75,100,100,2.15,1.4700000000000002,10,4,68.5,56.365079365079374
2020-02-01,2019,FC Augsburg,Werder Bremen,2,1,H,2,2.05,3.7,3.4,2.2,3.85,3.55,1485.639100019871,1502.1214522776143,74,77,100,100,1.6200000000000003,1.2100000000000002,6,3,36.82539682539682,54.53496503496503
2020-02-02,2019,SC Paderborn 07,VfL Wolfsburg,2,4,A,0,3.8,4.0,1.85,3.95,4.15,2.0,1426.4117107556426,1528.2438104725175,75,78,100,100,1.53,2.37,7,4,42.12121212121212,56.60848954966601
2020-02-02,2019,FC Cologne,SC Freiburg,4,0,H,2,2.05,3.6,3.5,2.15,3.7,3.7,1457.7700221509945,1522.9210848535965,75,74,100,100,1.72,1.7700000000000002,12,4,50.14382676147382,47.96536796536797
2020-02-07,2019,Ein Frankfurt,FC Augsburg,5,0,H,2,1.9,3.75,3.8,1.99,3.8,4.1,1528.485877657562,1502.3975714832272,75,74,100,100,1.55,1.7,7,6,49.352177234530174,47.65873015873016
2020-02-08,2019,Bayer Leverkusen,Borussia Dortmund,4,3,H,2,3.1,3.9,2.1,3.22,4.0,2.25,1618.0467525111314,1702.3949407219948,80,81,100,100,2.5,2.1000000000000005,9,10,55.704517704517706,68.5
2020-02-08,2019,VfL Wolfsburg,Fortuna Dusseldorf,1,1,D,1,1.53,4.2,5.75,1.6,4.4,6.6,1539.6840954240315,1447.0214995597023,78,75,100,100,2.21,1.2900000000000003,4,4,56.32277526395173,48.02564102564103
2020-02-08,2019,Werder Bremen,Union Berlin,0,2,A,0,2.05,3.5,3.6,2.16,3.75,3.65,1485.362980814258,1492.295792701521,77,75,100,100,1.1300000000000001,1.29,3,3,58.03496503496503,51.86507936507936
2020-02-08,2019,Hertha BSC,FSV Mainz 05,1,3,A,0,2.0,3.5,3.75,2.1,3.76,3.8,1519.616926043675,1455.1624777442,77,74,100,100,0.82,2.0,8,3,23.542735042735043,48.02564102564103
2020-02-08,2019,SC Freiburg,TSG Hoffenheim,1,0,H,2,2.5,3.6,2.62,2.65,3.66,2.77,1503.955447240034,1603.6341765614982,74,75,100,100,1.7100000000000002,1.4100000000000001,4,12,42.73809523809524,27.272727272727273
2020-02-08,2019,FC Schalke 04,SC Paderborn 07,1,1,D,1,1.5,4.33,6.5,1.55,4.7,6.8,1588.7409103862158,1414.9714258041286,78,75,100,100,1.44,1.65,6,6,45.185383244206776,40.12121212121212
2020-02-09,2019,Bayern Munich,RB Leipzig,0,0,D,1,1.4,5.5,6.5,1.47,5.65,7.1,1771.841598853001,1693.4587052852553,75,79,100,100,2.85,2.33,15,8,69.12554112554112,50.28571428571429
2020-02-14,2019,Borussia Dortmund,Ein Frankfurt,4,0,H,2,1.4,5.5,6.5,1.47,5.5,7.0,1682.5851196864357,1543.2867196244918,81,75,100,100,2.0800000000000005,1.6299999999999997,9,10,66.5,45.116883116883116
2020-02-15,2019,FC Augsburg,SC Freiburg,1,1,D,1,2.0,3.6,3.6,2.11,3.7,3.75,1487.5967295162975,1524.4238896536642,74,74,100,100,1.58,1.7200000000000002,3,7,50.32539682539682,40.833333333333336
2020-02-15,2019,Fortuna Dusseldorf,Borussia Monchengladbach,1,4,A,0,4.2,4.0,1.8,4.3,4.1,1.93,1451.1903892942291,1624.6171306096921,75,75,100,100,1.33,1.6400000000000001,5,8,53.858974358974365,64.16666666666666
2020-02-15,2019,Union Berlin,Bayer Leverkusen,2,3,A,0,4.0,3.6,1.9,4.0,3.81,1.99,1507.9765672831409,1637.8565735466905,75,80,100,100,1.3599999999999999,2.34,6,12,44.72222222222222,50.5934065934066
2020-02-15,2019,RB Leipzig,Werder Bremen,3,0,H,2,1.2,7.0,10.0,1.3,7.0,13.0,1697.008351917167,1469.682206232638,79,77,100,100,2.0100000000000002,1.0400000000000003,8,3,50.57142857142857,55.72727272727273
2020-02-15,2019,TSG Hoffenheim,VfL Wolfsburg,2,3,A,0,2.37,3.6,2.87,2.6,3.6,2.9,1583.1657341478679,1535.5152056895047,75,78,100,100,1.6300000000000001,1.7700000000000002,9,4,37.74891774891775,49.705128205128204
2020-02-15,2019,SC Paderborn 07,Hertha BSC,1,2,A,0,2.75,3.5,2.45,2.85,3.6,2.62,1422.3671723275002,1500.6822780503826,75,77,100,100,1.7600000000000002,0.77,7,5,42.97835497835497,32.83566433566433
2020-02-16,2019,FC Cologne,Bayern Munich,1,4,A,0,12.0,7.5,1.2,13.5,7.5,1.25,1476.735659764557,1768.2919522210893,75,75,100,100,1.9899999999999998,2.45,12,13,54.07239819004525,73.41125541125541
2020-02-16,2019,FSV Mainz 05,FC Schalke 04,0,0,D,1,2.8,3.4,2.5,3.05,3.55,2.59,1474.0971257374924,1581.3451638628442,74,78,100,100,1.7100000000000002,1.59,3,6,42.151515151515156,49.77922077922078
2020-02-21,2019,Bayern Munich,SC Paderborn 07,3,2,H,2,1.05,13.0,34.0,1.08,16.75,56.0,1773.3260751773528,1409.913850733657,75,75,100,100,2.5300000000000002,1.73,13,4,77.22077922077922,45.21611721611722
2020-02-22,2019,Borussia Monchengladbach,TSG Hoffenheim,1,1,D,1,1.61,4.0,5.25,1.7,4.5,5.35,1633.233801258204,1564.9850022302253,75,75,100,100,1.6400000000000001,1.78,8,6,65.11904761904762,47.74891774891775
2020-02-22,2019,Werder Bremen,Borussia Dortmund,0,2,A,0,6.5,5.5,1.4,6.95,5.7,1.45,1462.875097990808,1692.4931675117873,77,81,100,100,1.06,2.21,3,12,40.44949494949495,66.5
2020-02-22,2019,SC Freiburg,Fortuna Dusseldorf,0,2,A,0,1.9,3.8,4.0,2.05,3.9,4.05,1522.7342594007446,1442.5737186457172,74,75,100,100,1.65,1.04,7,2,52.5,47.9065934065934
2020-02-22,2019,Hertha BSC,FC Cologne,0,5,A,0,2.4,3.4,2.87,2.5,3.5,3.05,1513.1355996442257,1471.7015368082937,77,75,100,100,1.1,1.7899999999999998,7,9,42.64335664335665,45.16483516483517
2020-02-22,2019,FC Schalke 04,RB Leipzig,0,5,A,0,4.0,4.2,1.75,4.33,4.25,1.86,1576.5573235871034,1703.815460158997,78,79,100,100,1.3599999999999999,1.73,6,8,51.44588744588744,54.06349206349206
2020-02-23,2019,Bayer Leverkusen,FC Augsburg,2,0,H,2,1.5,4.5,6.0,1.51,4.85,7.05,1648.1392518486803,1489.2863597692171,80,74,100,100,2.36,1.6600000000000001,12,4,48.5934065934066,44.61111111111111
2020-02-23,2019,VfL Wolfsburg,FSV Mainz 05,4,0,H,2,1.72,3.8,4.75,1.9,3.92,4.75,1553.6959376071472,1478.8849660132332,78,74,100,100,1.9400000000000002,1.81,7,4,53.03846153846153,38.81818181818181
2020-02-24,2019,Ein Frankfurt,Union Berlin,1,2,A,0,1.9,3.6,4.0,1.96,3.82,4.3,1533.3786717991402,1497.693888981151,75,75,100,100,1.24,1.4300000000000002,10,6,30.571428571428573,48.38888888888889
2020-02-28,2019,Fortuna Dusseldorf,Hertha BSC,3,3,D,1,2.37,3.3,3.0,2.45,3.5,3.18,1462.2011108029785,1495.2364851990283,75,77,100,100,1.04,1.1300000000000001,5,7,43.179320679320675,55.143356643356654
2020-02-29,2019,FC Augsburg,Borussia Monchengladbach,2,3,A,0,3.4,3.8,2.05,3.62,3.95,2.09,1480.1313509871368,1630.1306395500364,74,75,100,100,1.53,1.9,4,8,51.61111111111111,57.61904761904761
2020-02-29,2019,Borussia Dortmund,SC Freiburg,1,0,H,2,1.2,7.0,13.0,1.25,7.75,17.0,1699.2298393187755,1503.1068672434833,81,74,100,100,2.0800000000000005,1.6300000000000001,12,4,66.5,56.89393939393939
2020-02-29,2019,TSG Hoffenheim,Bayern Munich,0,6,A,0,7.0,5.75,1.36,7.6,5.85,1.45,1568.0881639383929,1776.8422304742962,75,75,100,100,1.8400000000000003,2.47,7,13,46.32034632034632,75.55411255411255
2020-02-29,2019,FSV Mainz 05,SC Paderborn 07,2,0,H,2,1.83,4.0,4.0,1.91,4.1,4.31,1466.2778637026606,1406.3976954367135,74,75,100,100,1.5,1.5299999999999998,4,4,42.707070707070706,34.88278388278389
2020-02-29,2019,FC Cologne,FC Schalke 04,3,0,H,2,2.2,3.6,3.1,2.31,3.65,3.32,1489.6006512534912,1566.169038030965,75,78,100,100,2.29,1.06,9,3,50.16483516483517,47.16017316017316
2020-03-01,2019,RB Leipzig,Bayer Leverkusen,1,1,D,1,1.44,5.0,6.5,1.53,5.1,6.53,1714.2037457151353,1657.2942606307606,79,80,100,100,1.7600000000000002,2.21,8,12,58.34920634920635,48.59340659340659
2020-03-01,2019,Union Berlin,VfL Wolfsburg,2,2,D,1,2.62,3.2,2.7,2.78,3.35,2.81,1515.3314796090272,1566.3030399177198,75,78,100,100,1.4700000000000002,1.85,9,10,44.38888888888889,49.79059829059829
2020-03-06,2019,SC Paderborn 07,FC Cologne,1,2,A,0,3.0,4.0,2.1,3.32,4.06,2.2,1393.1282957433305,1509.0707580959402,75,75,100,100,1.51,2.24,1,9,37.19047619047619,51.19047619047619
2020-03-07,2019,VfL Wolfsburg,RB Leipzig,0,0,D,1,3.8,3.8,1.9,4.19,3.86,1.98,1563.9724097647118,1711.6061567346305,78,79,100,100,1.6300000000000001,1.55,11,9,53.08730158730159,58.65689865689866
2020-03-07,2019,Borussia Monchengladbach,Borussia Dortmund,1,2,A,0,3.1,3.9,2.15,3.25,3.95,2.26,1639.622346780842,1707.0490517419485,75,81,100,100,1.9900000000000002,1.8200000000000003,11,12,55.11904761904761,73.5
2020-03-07,2019,Bayer Leverkusen,Ein Frankfurt,4,0,H,2,1.65,4.2,5.0,1.7,4.5,5.25,1659.8918496112653,1515.741081171264,80,75,100,100,1.9,1.32,10,7,43.97802197802198,36.0
2020-03-07,2019,SC Freiburg,Union Berlin,3,1,H,2,2.3,3.4,3.1,2.45,3.5,3.22,1495.2876548203103,1517.6621097620352,74,75,100,100,1.53,1.4100000000000001,4,7,54.89393939393939,38.357142857142854
2020-03-07,2019,Hertha BSC,Werder Bremen,2,2,D,1,2.1,3.5,3.4,2.26,3.6,3.55,1493.7197181945544,1456.1384261838198,77,77,100,100,1.32,0.93,5,0,61.48951048951049,37.44949494949495
2020-03-07,2019,FC Schalke 04,TSG Hoffenheim,1,1,D,1,2.2,3.6,3.2,2.36,3.65,3.25,1546.698931188516,1560.6905447625063,78,75,100,100,1.06,1.6700000000000004,3,4,50.19047619047618,41.54761904761905
2020-03-08,2019,Bayern Munich,FC Augsburg,2,0,H,2,1.11,10.0,21.0,1.12,13.25,35.0,1784.2398496501828,1470.6396437563312,75,74,100,100,2.3600000000000003,1.2,13,4,76.69047619047619,53.0
2020-03-08,2019,FSV Mainz 05,Fortuna Dusseldorf,1,1,D,1,1.9,3.75,3.8,2.0,4.0,4.08,1479.5472633960437,1463.7178778074524,74,75,100,100,1.22,1.1400000000000001,7,6,43.732711732711735,42.98701298701299
2020-03-11,2019,Borussia Monchengladbach,FC Cologne,2,1,H,2,1.72,4.0,4.2,1.85,4.28,4.56,1626.6890570835421,1519.921162280195,75,75,100,100,1.86,2.2,8,12,51.78571428571429,49.04761904761905
2020-05-16,2019,FC Augsburg,VfL Wolfsburg,1,2,A,0,3.4,3.5,2.1,3.58,3.66,2.25,1466.1207360097735,1570.3895390485852,74,78,100,100,1.06,1.6600000000000001,1,9,46.65384615384615,49.08730158730159
2020-05-16,2019,Borussia Dortmund,FC Schalke 04,4,0,H,2,1.5,4.33,6.0,1.55,4.8,6.75,1719.9823414392483,1547.3429207105094,81,78,100,100,1.6700000000000004,1.0299999999999998,12,3,71.0,45.079365079365076
2020-05-16,2019,Fortuna Dusseldorf,SC Paderborn 07,0,0,D,1,2.1,3.6,3.25,2.25,3.76,3.45,1464.446343979864,1382.2778915590757,75,75,100,100,1.42,1.37,6,1,50.76479076479076,38.33333333333333
2020-05-16,2019,TSG Hoffenheim,Hertha BSC,0,3,A,0,2.1,3.6,3.2,2.26,3.69,3.48,1560.046555240513,1491.9957540992975,75,77,100,100,1.3700000000000003,1.6200000000000003,2,5,46.94444444444444,70.48951048951048
2020-05-16,2019,RB Leipzig,SC Freiburg,1,1,D,1,1.3,5.5,9.0,1.36,5.85,10.25,1705.189027450757,1512.3166145033906,79,74,100,100,1.3599999999999999,1.61,9,7,58.65689865689866,62.94949494949494
2020-05-16,2019,Ein Frankfurt,Borussia Monchengladbach,1,3,A,0,2.9,3.6,2.25,3.01,3.72,2.51,1506.0230756545266,1637.9213565829398,75,75,100,100,1.26,1.95,4,10,43.0,55.11904761904761
2020-05-17,2019,Union Berlin,Bayern Munich,0,2,A,0,15.0,7.0,1.18,17.75,7.6,1.23,1500.633150078955,1788.7587573967405,75,75,100,100,1.6600000000000001,2.4400000000000004,7,13,35.301587301587304,82.53663003663004
2020-05-17,2019,FC Cologne,FSV Mainz 05,2,2,D,1,1.85,3.9,3.9,1.95,4.05,4.25,1508.6888627807973,1478.8187972236321,75,74,100,100,1.8800000000000001,1.0899999999999999,9,8,43.21428571428571,33.954933954933956
2020-05-18,2019,Werder Bremen,Bayer Leverkusen,1,4,A,0,4.75,4.0,1.66,5.15,4.15,1.76,1457.8623902790766,1669.609855128003,77,80,100,100,0.8400000000000001,1.58,1,13,29.72222222222222,34.69230769230769
2020-05-22,2019,Hertha BSC,Union Berlin,4,0,H,2,2.3,3.4,3.0,2.45,3.54,3.28,1511.0901396837314,1495.5146820284224,77,75,100,100,1.6900000000000002,1.5300000000000002,8,4,60.64102564102565,31.455433455433457
2020-05-23,2019,SC Freiburg,Werder Bremen,0,1,A,0,2.15,3.75,3.0,2.28,3.8,3.36,1520.3863141164948,1450.562319814937,74,77,100,100,1.4,0.8600000000000001,5,1,62.94949494949494,25.85858585858586
2020-05-23,2019,Borussia Monchengladbach,Bayer Leverkusen,1,3,A,0,2.3,3.75,2.75,2.5,4.1,2.85,1648.123126586744,1676.9099255921426,75,80,100,100,2.01,1.6600000000000001,10,13,44.166666666666664,45.05594405594405
2020-05-23,2019,SC Paderborn 07,TSG Hoffenheim,1,1,D,1,3.1,3.8,2.1,3.39,3.98,2.24,1385.9928830275455,1540.9521696560791,75,75,100,100,1.17,1.3300000000000003,1,2,28.809523809523814,45.27777777777778
2020-05-23,2019,VfL Wolfsburg,Borussia Dortmund,0,2,A,0,4.2,4.0,1.72,4.7,4.1,1.83,1581.7269304750412,1728.627578572695,78,81,100,100,1.7399999999999998,1.58,11,15,46.58730158730159,70.33333333333333
2020-05-23,2019,Bayern Munich,Ein Frankfurt,5,2,H,2,1.16,7.5,13.0,1.2,10.21,19.5,1793.877225447273,1495.8213056507223,75,75,100,100,2.4800000000000004,1.32,15,3,80.66849816849816,49.66666666666667
2020-05-24,2019,FC Schalke 04,FC Augsburg,0,3,A,0,2.0,3.5,3.6,2.12,3.7,3.85,1538.6976835770627,1454.7833445833176,78,74,100,100,0.9400000000000001,0.9800000000000001,2,1,41.269841269841265,45.65384615384615
2020-05-24,2019,FSV Mainz 05,RB Leipzig,0,5,A,0,6.5,4.5,1.44,7.1,5.35,1.48,1480.1909854675073,1697.119327837653,74,79,100,100,1.18,1.83,6,9,43.80341880341881,67.70451770451771
2020-05-24,2019,FC Cologne,Fortuna Dusseldorf,2,2,D,1,1.72,4.0,4.2,1.85,4.25,4.4,1507.3166745369222,1460.731352511394,75,75,100,100,1.9100000000000001,1.3800000000000001,10,6,48.69047619047619,58.26479076479077
2020-05-26,2019,Borussia Dortmund,Bayern Munich,0,1,A,0,3.6,4.33,1.85,3.86,4.38,1.95,1738.2388030669767,1798.7546553906006,81,75,100,100,1.27,2.5300000000000002,15,15,60.33333333333333,79.08119658119656
2020-05-26,2019,Ein Frankfurt,SC Freiburg,3,3,D,1,1.95,3.75,3.5,2.1,3.84,3.83,1490.9438757073947,1501.2134024522318,75,74,100,100,1.1,1.47,0,4,50.111111111111114,58.5050505050505
2020-05-26,2019,Bayer Leverkusen,VfL Wolfsburg,1,4,A,0,1.72,4.2,4.33,1.78,4.3,4.9,1691.5872697832958,1572.1157059807595,80,78,100,100,1.7500000000000004,1.47,13,8,43.722610722610725,46.58730158730158
2020-05-26,2019,Werder Bremen,Borussia Monchengladbach,0,0,D,1,4.33,4.0,1.72,4.8,4.3,1.78,1469.7352314792,1633.4457823955909,77,75,100,100,0.8300000000000001,1.8400000000000003,4,9,20.303030303030305,47.49999999999999
2020-05-27,2019,RB Leipzig,Hertha BSC,2,2,D,1,1.3,5.5,6.0,1.37,6.05,9.9,1704.252714755574,1526.3733434709122,79,77,100,100,2.18,1.7400000000000002,9,8,58.81562881562881,56.333333333333336
2020-05-27,2019,FC Augsburg,SC Paderborn 07,0,0,D,1,1.9,3.75,3.8,2.03,3.88,3.98,1474.574313329559,1392.6906849169918,74,75,100,100,1.1300000000000001,1.06,3,2,53.65384615384615,25.117216117216117
2020-05-27,2019,Fortuna Dusseldorf,FC Schalke 04,2,1,H,2,2.6,3.4,2.7,2.78,3.46,2.83,1462.8639211485408,1518.9067148308213,75,78,100,100,1.4300000000000002,0.9400000000000001,7,1,57.55050505050506,39.93650793650794
2020-05-27,2019,TSG Hoffenheim,FC Cologne,3,1,H,2,2.3,3.6,2.8,2.56,3.96,2.88,1534.2543677666329,1505.1841058997754,75,75,100,100,1.4100000000000001,1.7,3,8,51.277777777777786,56.19047619047619
2020-05-27,2019,Union Berlin,FSV Mainz 05,1,1,D,1,2.2,3.5,3.1,2.38,3.65,3.3,1480.2314782412416,1473.0575985495861,75,74,100,100,1.12,0.9100000000000001,4,5,31.455433455433457,48.24786324786326
2020-05-29,2019,SC Freiburg,Bayer Leverkusen,0,1,A,0,4.75,4.2,1.66,4.92,4.4,1.77,1500.7406109497695,1670.2924676611435,74,80,100,100,1.4600000000000002,1.6800000000000004,5,10,49.41414141414142,49.05594405594406
2020-05-30,2019,Hertha BSC,FC Augsburg,2,0,H,2,1.9,3.75,3.75,2.0,3.95,4.05,1533.9171021323798,1470.8717337232765,77,74,100,100,1.9,1.1700000000000002,9,4,56.56060606060606,51.65384615384615
2020-05-30,2019,FSV Mainz 05,TSG Hoffenheim,0,1,A,0,2.75,3.75,2.37,2.94,3.85,2.49,1473.3879209760596,1548.9187480941337,74,75,100,100,0.8400000000000001,1.35,6,5,42.69230769230769,41.27777777777778
2020-05-30,2019,FC Schalke 04,Werder Bremen,0,1,A,0,2.5,3.4,2.8,2.6,3.5,3.1,1500.3480021394098,1476.7618848234122,78,77,100,100,0.9800000000000001,1.11,1,5,38.666666666666664,30.388500388500393
2020-05-30,2019,VfL Wolfsburg,Ein Frankfurt,1,2,A,0,1.95,3.75,3.75,2.05,3.9,3.9,1593.4105081029118,1491.416667209857,78,75,100,100,1.5699999999999998,2.0800000000000005,8,1,48.80952380952381,66.47474747474749
2020-05-30,2019,Bayern Munich,Fortuna Dusseldorf,5,0,H,2,1.08,13.0,19.0,1.1,14.75,42.0,1811.9956422902367,1481.4226338399524,75,75,100,100,2.3600000000000003,1.6300000000000001,15,7,69.3192918192918,65.83333333333334
2020-05-31,2019,Borussia Monchengladbach,Union Berlin,4,1,H,2,1.5,4.5,6.0,1.56,4.5,7.2,1626.4191290513786,1479.9011558147681,75,75,100,100,1.65,0.9800000000000001,7,2,47.69230769230769,35.45543345543346
2020-05-31,2019,SC Paderborn 07,Borussia Dortmund,1,6,A,0,8.5,5.5,1.33,9.8,5.9,1.37,1396.3932645232742,1724.9978161673407,75,81,100,100,1.1199999999999999,1.2399999999999998,3,12,33.45054945054945,56.76190476190476
2020-06-01,2019,FC Cologne,RB Leipzig,2,4,A,0,5.5,4.6,1.53,6.2,4.9,1.6,1490.5197255722746,1696.7089560941065,75,79,100,100,1.7,1.9500000000000004,5,7,62.857142857142854,51.8026418026418
2020-06-03,2019,Werder Bremen,Ein Frankfurt,0,3,A,0,2.75,3.4,2.55,2.92,3.56,2.65,1493.8464001632944,1511.9832248812168,77,75,100,100,1.09,1.9300000000000002,8,4,38.721833721833725,61.04617604617605
2020-06-05,2019,SC Freiburg,Borussia Monchengladbach,1,0,H,2,4.5,4.0,1.72,4.7,4.25,1.8,1491.9827733206162,1636.0451731150113,74,75,100,100,1.3,1.9899999999999998,5,10,51.41414141414142,49.12087912087912
2020-06-06,2019,Fortuna Dusseldorf,TSG Hoffenheim,2,2,D,1,2.75,3.6,2.4,2.91,3.7,2.59,1477.26976729485,1561.4942044900226,75,75,100,100,1.44,1.64,6,8,62.777777777777786,47.01307189542483
2020-06-06,2019,Ein Frankfurt,FSV Mainz 05,0,2,A,0,2.0,3.75,3.5,2.11,3.93,3.7,1527.1487510922418,1460.8124645801706,75,74,100,100,2.0,0.9,7,3,56.955266955266964,46.76470588235294
2020-06-06,2019,RB Leipzig,SC Paderborn 07,1,1,D,1,1.14,8.0,15.0,1.18,9.95,24.0,1704.1908803344745,1392.199275321381,79,75,100,100,2.29,1.01,9,3,52.222222222222214,25.142857142857146
2020-06-06,2019,Bayer Leverkusen,Bayern Munich,2,4,A,0,6.0,4.75,1.44,6.65,5.4,1.6,1679.0503052902968,1816.148508835339,80,75,100,100,1.4100000000000001,2.22,12,15,51.36363636363636,67.37484737484736
2020-06-06,2019,Borussia Dortmund,Hertha BSC,1,0,H,2,1.33,5.5,7.5,1.41,5.7,8.5,1729.1918053692339,1547.045208004632,81,77,100,100,1.6,1.8200000000000003,12,11,60.76190476190476,53.3939393939394
2020-06-07,2019,FC Augsburg,FC Cologne,1,1,D,1,2.7,3.5,2.45,2.93,3.68,2.57,1457.7436278510243,1483.0378013319066,74,75,100,100,1.1300000000000001,1.7,4,2,49.820512820512825,57.27272727272727
2020-06-07,2019,Werder Bremen,VfL Wolfsburg,0,1,A,0,3.6,3.5,2.05,3.9,3.78,2.11,1478.6808739522694,1572.843950431552,77,78,100,100,1.1300000000000001,1.6600000000000001,7,7,42.812742812742805,43.09523809523809
2020-06-07,2019,Union Berlin,FC Schalke 04,1,1,D,1,2.37,3.25,3.0,2.6,3.32,3.16,1470.2751117511355,1483.2634867995275,75,78,100,100,1.1300000000000001,1.0299999999999998,1,1,41.16971916971917,38.666666666666664
2020-06-12,2019,TSG Hoffenheim,RB Leipzig,0,2,A,0,6.5,5.25,1.4,6.95,5.65,1.47,1557.689759735238,1692.7458429254873,75,79,100,100,1.8399999999999999,2.3,8,9,38.40196078431372,50.972222222222214
2020-06-13,2019,FC Cologne,Union Berlin,1,2,A,0,2.0,3.4,3.75,2.13,3.62,3.96,1481.87501520408,1470.8729700442136,75,75,100,100,1.5899999999999999,1.1900000000000002,3,2,54.24242424242425,50.57142857142857
2020-06-13,2019,Fortuna Dusseldorf,Borussia Dortmund,0,1,A,0,7.0,5.25,1.36,8.6,5.7,1.41,1481.0742120496345,1737.496105643268,75,81,100,100,1.4300000000000002,1.58,6,12,62.5,70.76190476190476
2020-06-13,2019,Hertha BSC,Ein Frankfurt,1,4,A,0,2.0,3.75,3.4,2.16,3.94,3.52,1538.7409077305979,1508.1304405915528,77,75,100,100,1.56,1.8200000000000003,10,7,38.39393939393939,51.95526695526695
2020-06-13,2019,SC Paderborn 07,Werder Bremen,1,5,A,0,3.0,3.75,2.15,3.5,3.96,2.28,1403.6443127303683,1466.9140994535371,75,77,100,100,1.1400000000000001,1.3000000000000003,4,7,29.25,50.28749028749028
2020-06-13,2019,VfL Wolfsburg,SC Freiburg,2,2,D,1,1.7,3.8,4.75,1.77,4.25,5.1,1584.6107249302843,1514.2613252679312,78,74,100,100,1.64,1.45,9,5,41.98412698412699,40.473970473970475
2020-06-13,2019,Bayern Munich,Borussia Monchengladbach,2,1,H,2,1.36,5.25,7.5,1.41,5.75,8.4,1826.1433990918954,1613.766621167696,75,75,100,100,2.37,2.0100000000000002,15,7,61.52869352869353,51.172161172161175
2020-06-14,2019,FC Schalke 04,Bayer Leverkusen,1,1,D,1,5.75,4.33,1.53,6.25,4.6,1.6,1482.6656285064494,1669.0554150337405,78,80,100,100,0.8200000000000001,1.4100000000000001,1,9,35.931623931623925,58.36363636363636
2020-06-14,2019,FSV Mainz 05,FC Augsburg,0,1,A,0,2.25,3.4,3.1,2.4,3.62,3.28,1479.8307750808597,1458.9064139788509,74,74,100,100,1.2,1.35,5,5,52.875816993464056,60.03030303030304
2020-06-16,2019,Borussia Monchengladbach,VfL Wolfsburg,3,0,H,2,2.1,3.75,3.25,2.22,3.8,3.5,1606.4869430520318,1581.4145759574676,75,78,100,100,1.7100000000000002,1.77,4,7,52.83882783882784,47.893217893217894
2020-06-16,2019,SC Freiburg,Hertha BSC,2,1,H,2,2.62,3.6,2.55,2.81,3.7,2.66,1517.4574742407478,1521.3348797540311,74,77,100,100,1.64,1.4000000000000001,5,7,42.8982128982129,33.39393939393939
2020-06-16,2019,Werder Bremen,Bayern Munich,0,1,A,0,13.0,7.5,1.16,16.75,8.2,1.25,1480.0322046081187,1833.4230772075596,77,75,100,100,1.5000000000000002,2.46,7,15,48.91996891996892,62.682539682539684
2020-06-16,2019,Union Berlin,SC Paderborn 07,1,0,H,2,1.65,4.2,5.0,1.72,4.33,5.44,1487.3794636614148,1390.5262075757867,75,75,100,100,1.28,1.55,5,3,56.41758241758241,46.17307692307692
2020-06-17,2019,Ein Frankfurt,FC Schalke 04,2,1,H,2,1.7,4.2,4.5,1.82,4.32,4.85,1525.5364685681195,1490.5106439668018,75,78,100,100,2.0100000000000002,0.8300000000000001,10,2,64.17748917748918,31.264957264957264
2020-06-17,2019,FC Augsburg,TSG Hoffenheim,1,3,A,0,2.7,3.6,2.5,2.82,3.9,2.56,1475.8688530881834,1547.6138960130777,74,75,100,100,1.3599999999999999,1.9300000000000002,8,8,52.173160173160184,44.73529411764706
2020-06-17,2019,Borussia Dortmund,FSV Mainz 05,0,2,A,0,1.25,6.5,10.0,1.3,6.65,12.25,1743.4487385041466,1462.8683359715271,81,74,100,100,1.48,1.23,12,4,60.28571428571428,54.06629318394024
2020-06-17,2019,Bayer Leverkusen,FC Cologne,3,1,H,2,1.44,4.75,6.5,1.51,4.95,7.4,1661.210399573388,1465.3685215868788,80,75,100,100,1.3900000000000001,1.5299999999999998,7,2,60.0,53.909090909090914
2020-06-17,2019,RB Leipzig,Fortuna Dusseldorf,2,2,D,1,1.22,6.0,12.0,1.3,7.1,16.25,1702.8217066476477,1475.121579188756,79,75,100,100,2.13,1.5100000000000002,11,5,39.638888888888886,59.642857142857146
2020-06-20,2019,FSV Mainz 05,Werder Bremen,3,1,H,2,2.6,3.5,2.62,2.65,3.72,2.81,1489.5603441716423,1476.3313943475948,74,77,100,100,1.4900000000000002,1.2,7,6,45.45518207282913,36.61227661227661
2020-06-20,2019,FC Cologne,Ein Frankfurt,1,1,D,1,2.7,3.8,2.37,2.9,3.95,2.56,1457.5397444828886,1539.9289119936445,75,75,100,100,1.24,1.32,1,12,44.909090909090914,60.31385281385282
2020-06-20,2019,Fortuna Dusseldorf,FC Augsburg,1,1,D,1,1.95,3.75,3.75,2.0,4.0,4.05,1484.3260009164069,1463.1266593153478,75,74,100,100,1.4100000000000001,1.31,5,5,60.357142857142854,56.173160173160184
2020-06-20,2019,Hertha BSC,Bayer Leverkusen,2,0,H,2,5.25,4.33,1.57,5.6,4.45,1.75,1505.1563260440682,1669.0391766773782,77,80,100,100,1.2600000000000002,1.35,4,7,35.39393939393939,67.33333333333333
2020-06-20,2019,RB Leipzig,Borussia Dortmund,0,2,A,0,2.25,3.8,2.9,2.4,3.96,3.02,1693.6172849199968,1716.7567303040314,79,81,100,100,1.9,1.6900000000000002,9,9,45.03571428571429,67.78571428571429
2020-06-20,2019,SC Paderborn 07,Borussia Monchengladbach,1,3,A,0,9.5,6.5,1.25,12.25,6.6,1.31,1378.874410374992,1621.3343180073214,75,75,100,100,1.48,1.5400000000000003,2,7,58.83974358974359,52.005494505494504
2020-06-20,2019,Bayern Munich,SC Freiburg,3,1,H,2,1.25,6.0,10.0,1.3,7.5,11.5,1837.1238874680835,1533.6360279507107,75,74,100,100,2.12,1.58,15,8,67.12698412698413,37.34265734265735
2020-06-20,2019,FC Schalke 04,VfL Wolfsburg,1,4,A,0,5.25,4.0,1.61,5.6,4.25,1.75,1476.1182005412768,1566.567201002178,78,78,100,100,0.9100000000000001,1.85,2,7,26.764957264957264,45.39321789321789
2020-06-20,2019,TSG Hoffenheim,Union Berlin,4,0,H,2,1.57,4.2,5.5,1.72,4.4,6.2,1560.3560897859134,1499.0312608622094,75,75,100,100,1.8399999999999999,1.5900000000000003,10,8,36.73529411764706,47.75091575091575
2020-06-27,2019,FC Augsburg,RB Leipzig,1,2,A,0,7.0,5.75,1.36,7.55,5.75,1.45,1464.1017153214386,1678.6813229914728,74,79,100,100,1.3,1.95,5,8,53.673160173160184,53.76298701298701
2020-06-27,2019,Borussia Monchengladbach,Hertha BSC,2,1,H,2,1.33,5.75,8.0,1.4,5.85,8.75,1627.6862388381833,1528.1893823505254,75,77,100,100,1.92,1.3,9,6,56.81318681318682,33.77777777777778
2020-06-27,2019,Borussia Dortmund,TSG Hoffenheim,0,4,A,0,1.7,4.5,4.1,1.8,4.6,4.45,1731.6926922325554,1573.5609442781313,81,75,100,100,1.75,1.9899999999999998,12,10,60.357142857142854,48.73529411764706
2020-06-27,2019,SC Freiburg,FC Schalke 04,4,0,H,2,1.8,4.0,4.2,1.87,4.3,4.4,1528.8864633701148,1464.1919143465323,74,78,100,100,1.5100000000000002,0.9800000000000001,7,2,37.70629370629371,28.987179487179485
2020-06-27,2019,Ein Frankfurt,SC Paderborn 07,3,2,H,2,1.3,5.75,9.0,1.37,6.4,9.2,1536.2043056048767,1372.5224895441302,75,75,100,100,1.31,1.36,10,1,64.59956709956711,56.33974358974359
2020-06-27,2019,Union Berlin,Fortuna Dusseldorf,3,0,H,2,4.0,3.6,1.9,4.15,3.75,2.03,1485.8264063699914,1483.350944910316,75,75,100,100,1.4300000000000002,1.2000000000000002,7,3,45.75091575091575,57.301587301587304
2020-06-27,2019,Bayer Leverkusen,FSV Mainz 05,1,0,H,2,1.25,6.5,10.0,1.29,7.1,11.5,1646.006120370921,1504.9514227573766,80,74,100,100,1.3699999999999999,2.0,7,9,62.88888888888889,44.78851540616246
2020-06-27,2019,VfL Wolfsburg,Bayern Munich,0,4,A,0,4.33,4.33,1.7,4.65,4.7,1.75,1578.4934871969226,1841.8734520486794,78,75,100,100,1.65,2.3,7,15,52.059884559884566,74.55555555555556
2020-06-27,2019,Werder Bremen,FC Cologne,6,1,H,2,1.57,4.2,5.25,1.68,4.6,5.55,1460.9403157618606,1461.2643508716565,77,75,100,100,1.4900000000000002,1.0100000000000002,3,2,33.945609945609945,32.05194805194805
2020-09-18,2020,Bayern Munich,FC Schalke 04,8,0,H,2,1.1,11.0,21.0,1.15,14.0,34.0,1847.6344465250527,1451.137246058072,75,77,100,100,2.3600000000000003,1.23,15,2,72.33333333333333,38.98717948717949
2020-09-19,2020,Ein Frankfurt,Arminia Bielefeld,1,1,D,1,1.61,4.2,5.25,1.71,4.5,5.25,1545.1787203701717,1500.0,75,75,100,100,1.31,1.0,10,0,68.69047619047619,50.0
2020-09-19,2020,FC Cologne,TSG Hoffenheim,2,3,A,0,2.6,3.5,2.6,2.7,3.88,2.69,1445.2494285077146,1596.3787796874387,75,75,100,100,0.8800000000000001,2.05,2,10,33.11255411255412,54.78571428571429
2020-09-19,2020,VfB Stuttgart,SC Freiburg,2,3,A,0,2.25,3.5,3.1,2.33,3.7,3.35,1455.2406790297075,1541.9411316585752,75,74,100,100,1.6,1.85,7,10,44.64590964590965,31.03962703962704
2020-09-19,2020,Union Berlin,FC Augsburg,1,3,A,0,2.3,3.3,3.2,2.45,3.38,3.36,1501.7124090858995,1456.8931011002085,72,74,100,100,1.4900000000000002,1.2300000000000002,10,5,44.679487179487175,47.006493506493506
2020-09-19,2020,Werder Bremen,Hertha BSC,1,4,A,0,2.6,3.5,2.62,2.72,3.75,2.75,1476.9552381258025,1516.6501013419486,77,76,100,100,1.8,1.06,6,3,36.52136752136752,34.44444444444444
2020-09-19,2020,Borussia Dortmund,Borussia Monchengladbach,3,0,H,2,1.6,4.33,5.0,1.68,4.55,5.5,1708.874856823248,1639.22551984676,82,75,100,100,1.3800000000000001,1.9,9,9,50.07142857142857,55.38461538461538
2020-09-20,2020,RB Leipzig,FSV Mainz 05,3,1,H,2,1.33,5.75,8.0,1.4,5.9,8.4,1685.889937212703,1495.1123968834165,80,75,100,100,1.78,1.8399999999999999,8,9,57.03571428571429,38.357142857142854
2020-09-20,2020,VfL Wolfsburg,Bayer Leverkusen,0,0,D,1,2.87,3.5,2.37,3.05,3.62,2.52,1572.7324927205493,1655.845146244881,77,80,100,100,1.5699999999999998,1.4700000000000002,7,7,47.29797979797979,67.55555555555556
2020-09-25,2020,Hertha BSC,Ein Frankfurt,1,3,A,0,2.25,3.75,2.9,2.4,3.97,3.15,1530.8299978993332,1543.109811381638,76,75,100,100,1.3,1.6300000000000001,6,11,41.71717171717172,73.49439775910363
2020-09-26,2020,Arminia Bielefeld,FC Cologne,1,0,H,2,2.62,3.5,2.6,2.85,3.65,2.61,1502.0689089885336,1435.8010942682197,75,75,100,100,1.5,1.08,1,1,17.647058823529413,32.333333333333336
2020-09-26,2020,FC Augsburg,Borussia Dortmund,2,0,H,2,7.0,4.75,1.44,7.6,5.15,1.46,1474.9457331114081,1721.7096728890021,74,82,100,100,1.1400000000000001,1.3900000000000001,7,9,32.86507936507937,35.07142857142857
2020-09-26,2020,Bayer Leverkusen,RB Leipzig,1,1,D,1,3.0,3.5,2.3,3.18,3.81,2.38,1652.0890429039332,1693.892388388392,80,80,100,100,1.27,2.0900000000000003,8,10,65.55555555555556,59.95238095238095
2020-09-26,2020,FSV Mainz 05,VfB Stuttgart,1,4,A,0,2.37,3.5,2.9,2.57,3.7,2.95,1487.1099457077275,1443.1525179459702,75,75,100,100,1.5900000000000003,1.8,6,7,38.357142857142854,54.04761904761905
2020-09-26,2020,FC Schalke 04,Werder Bremen,1,3,A,0,2.5,3.4,2.8,2.65,3.6,2.82,1448.1743878750624,1462.7753415684178,77,77,100,100,1.23,1.95,1,6,36.469696969696976,38.137529137529135
2020-09-26,2020,Borussia Monchengladbach,Union Berlin,1,1,D,1,1.44,4.5,7.5,1.46,4.85,8.0,1626.3907037810059,1483.6597770746998,75,72,100,100,1.72,1.3800000000000001,9,9,55.0,48.61111111111111
2020-09-27,2020,TSG Hoffenheim,Bayern Munich,4,1,H,2,11.0,7.5,1.2,13.0,7.6,1.27,1605.8271139269336,1850.5973047080622,75,75,100,100,2.18,2.5,12,15,69.42857142857143,80.69696969696969
2020-09-27,2020,SC Freiburg,VfL Wolfsburg,1,1,D,1,3.2,3.3,2.3,3.2,3.6,2.4,1554.0292927423125,1576.4885960614972,74,77,100,100,1.7600000000000002,1.4,10,5,30.868686868686872,48.4090909090909
2020-10-02,2020,Union Berlin,FSV Mainz 05,4,0,H,2,2.05,3.6,3.4,2.25,3.73,3.49,1489.886376396927,1469.0963638520166,72,75,100,100,1.3400000000000003,1.48,7,6,44.94444444444444,30.5
2020-10-03,2020,Borussia Dortmund,SC Freiburg,4,0,H,2,1.28,6.0,9.0,1.33,6.65,10.5,1695.9363987260228,1555.062143616213,82,74,100,100,1.6600000000000001,1.9100000000000001,6,10,47.92857142857142,39.77777777777778
2020-10-03,2020,Ein Frankfurt,TSG Hoffenheim,2,1,H,2,2.37,3.7,2.8,2.45,3.85,2.93,1558.5445404330876,1631.5426282833378,75,75,100,100,1.39,2.1700000000000004,11,15,65.39915966386553,58.92857142857143
2020-10-03,2020,FC Cologne,Borussia Monchengladbach,1,3,A,0,3.8,4.0,1.85,4.1,4.0,1.94,1422.81636362688,1620.1641044587786,75,75,100,100,0.9400000000000001,1.89,1,10,37.06060606060606,61.666666666666664
2020-10-03,2020,VfB Stuttgart,Bayer Leverkusen,1,1,D,1,3.8,3.8,1.85,3.95,4.18,1.96,1461.1660998016812,1654.0049217332726,75,80,100,100,1.86,1.1900000000000002,7,8,64.60317460317461,63.55555555555556
2020-10-03,2020,Werder Bremen,Arminia Bielefeld,1,0,H,2,2.15,3.5,3.3,2.25,3.75,3.46,1478.1033383624665,1515.0536396298733,77,75,100,100,2.0100000000000002,1.225,6,4,40.515151515151516,27.00534759358289
2020-10-03,2020,RB Leipzig,FC Schalke 04,4,0,H,2,1.25,6.5,10.0,1.29,6.65,13.0,1691.9765095590526,1432.8463910810137,80,77,100,100,1.8200000000000003,1.33,8,0,61.95238095238095,49.01515151515152
2020-10-04,2020,Bayern Munich,Hertha BSC,4,3,H,2,1.16,8.0,15.0,1.2,9.25,18.97,1824.881790351658,1515.3952688478837,75,76,100,100,2.37,1.5,12,6,78.1969696969697,49.81240981240981
2020-10-04,2020,VfL Wolfsburg,FC Augsburg,0,0,D,1,2.0,3.6,3.7,2.1,3.7,3.9,1575.4557451875967,1500.7190072743874,77,74,100,100,1.06,1.15,5,7,39.5,30.007936507936506
2020-10-17,2020,Borussia Monchengladbach,VfL Wolfsburg,1,1,D,1,1.85,3.8,4.0,1.92,4.05,4.2,1627.94173449634,1572.0661125070596,75,77,100,100,2.2700000000000005,1.27,10,6,63.45238095238095,49.142857142857146
2020-10-17,2020,Arminia Bielefeld,Bayern Munich,1,4,A,0,13.0,8.5,1.16,15.5,8.6,1.22,1497.3584019685075,1829.4933787887799,75,75,100,100,1.3166666666666667,2.66,4,12,29.114676173499703,75.33982683982684
2020-10-17,2020,FSV Mainz 05,Bayer Leverkusen,0,1,A,0,5.5,4.33,1.57,5.64,4.68,1.65,1454.0526382250182,1645.9363756008906,75,80,100,100,1.1900000000000002,1.25,3,6,34.666666666666664,62.18713450292397
2020-10-17,2020,TSG Hoffenheim,Borussia Dortmund,0,1,A,0,4.0,4.33,1.75,4.5,4.55,1.81,1612.2295503725113,1705.78250360686,75,82,100,100,2.07,1.75,12,9,62.595238095238095,42.42857142857143
2020-10-17,2020,Hertha BSC,VfB Stuttgart,0,2,A,0,2.05,3.8,3.3,2.15,4.12,3.46,1510.783680410762,1469.234645934063,76,75,100,100,1.4700000000000002,1.8699999999999999,6,8,42.669552669552665,57.6858813700919
2020-10-17,2020,SC Freiburg,Werder Bremen,1,1,D,1,2.25,3.5,3.1,2.31,3.63,3.24,1545.2160387353758,1495.7985760238323,74,77,100,100,1.6400000000000001,2.06,7,9,37.77777777777778,53.84848484848485
2020-10-17,2020,FC Augsburg,RB Leipzig,0,2,A,0,5.75,4.5,1.53,6.16,4.84,1.57,1504.1086399549245,1697.8539742490166,74,80,100,100,0.9600000000000002,1.9700000000000002,8,10,20.865079365079367,65.44444444444444
2020-10-18,2020,FC Cologne,Ein Frankfurt,1,1,D,1,3.2,3.8,2.1,3.3,4.0,2.2,1415.0387335893188,1577.857618343914,75,75,100,100,1.03,1.4899999999999998,1,11,36.77489177489177,61.23249299719888
2020-10-18,2020,FC Schalke 04,Union Berlin,1,1,D,1,2.75,3.25,2.6,2.96,3.46,2.72,1426.9689263910498,1504.9301020239254,77,72,100,100,1.1300000000000001,1.3700000000000003,0,7,43.73737373737374,54.944444444444436
2020-10-23,2020,VfB Stuttgart,FC Cologne,1,1,D,1,1.85,3.8,3.8,1.97,4.05,3.9,1487.1389802206577,1422.0322064980687,75,75,100,100,1.75,1.2000000000000002,8,1,54.257309941520475,33.63203463203463
2020-10-24,2020,RB Leipzig,Hertha BSC,2,1,H,2,1.4,4.5,7.0,1.51,5.0,7.0,1705.754338878694,1492.8793461241676,80,76,100,100,2.0,1.4600000000000002,13,3,61.75213675213676,43.55844155844156
2020-10-24,2020,Bayern Munich,Ein Frankfurt,5,0,H,2,1.16,7.5,9.0,1.25,8.0,14.5,1833.6138591170804,1570.8641454351641,75,75,100,100,2.6700000000000004,1.64,12,11,71.83982683982684,64.37535014005603
2020-10-24,2020,FSV Mainz 05,Borussia Monchengladbach,2,3,A,0,4.75,4.33,1.61,5.25,4.4,1.71,1446.0883406960108,1625.3905240380964,75,75,100,100,0.55,1.86,0,8,40.333333333333336,62.06349206349206
2020-10-24,2020,Union Berlin,SC Freiburg,1,1,D,1,2.3,3.3,3.1,2.35,3.6,3.33,1501.3989253169898,1542.9555040700927,72,74,100,100,1.6900000000000002,1.7600000000000002,8,8,58.61111111111111,43.77777777777778
2020-10-24,2020,Borussia Dortmund,FC Schalke 04,3,0,H,2,1.16,6.5,12.0,1.27,7.55,16.75,1717.5754206120232,1430.5001030979854,82,77,100,100,1.7100000000000002,1.1500000000000001,9,1,50.42857142857143,45.4040404040404
2020-10-25,2020,VfL Wolfsburg,Arminia Bielefeld,2,1,H,2,1.65,3.75,5.25,1.74,4.08,5.51,1574.6173229653032,1493.2379216402069,77,75,100,100,1.31,1.375,4,4,44.698412698412696,31.211007130124777
2020-10-25,2020,Werder Bremen,TSG Hoffenheim,1,1,D,1,3.0,3.75,2.2,3.14,3.94,2.35,1498.0591106891154,1600.4366333673481,77,75,100,100,1.9300000000000002,1.8000000000000003,10,9,53.18181818181817,58.595238095238095
2020-10-26,2020,Bayer Leverkusen,FC Augsburg,3,1,H,2,1.6,4.2,5.25,1.68,4.46,5.57,1653.900673129898,1496.208275325247,80,74,100,100,1.3,0.8699999999999999,9,7,58.29824561403508,21.057387057387057
2020-10-30,2020,FC Schalke 04,VfB Stuttgart,1,1,D,1,3.1,3.6,2.15,3.41,3.75,2.35,1425.3555854302517,1484.1753121656454,77,75,100,100,0.77,1.52,1,8,33.18181818181819,53.423976608187125
2020-10-31,2020,Ein Frankfurt,Werder Bremen,1,1,D,1,1.72,4.0,4.5,1.82,4.34,4.55,1565.0859928989876,1502.6418931277553,75,77,100,100,1.53,1.52,8,8,52.708683473389364,45.515151515151516
2020-10-31,2020,Arminia Bielefeld,Borussia Dortmund,0,2,A,0,7.5,5.0,1.4,8.1,5.25,1.46,1480.9185168485462,1722.719938279757,75,82,100,100,1.22,1.9300000000000002,4,12,33.54023427552839,60.269841269841265
2020-10-31,2020,FC Cologne,Bayern Munich,1,2,A,0,12.0,8.0,1.18,17.0,9.2,1.21,1424.995874553081,1839.392011653257,75,75,100,100,1.3599999999999999,2.66,2,12,37.798701298701296,75.17316017316018
2020-10-31,2020,Borussia Monchengladbach,RB Leipzig,1,0,H,2,3.0,3.6,2.25,3.13,3.8,2.41,1633.7959065583775,1713.017901297787,75,80,100,100,2.0100000000000002,2.2700000000000005,8,13,66.06349206349206,59.75213675213676
2020-10-31,2020,FC Augsburg,FSV Mainz 05,3,1,H,2,2.0,3.75,3.5,2.11,3.87,3.8,1487.0095427430717,1437.6829581757297,74,75,100,100,0.97,0.8800000000000001,7,0,27.057387057387057,41.0
2020-11-01,2020,Hertha BSC,VfL Wolfsburg,1,1,D,1,2.62,3.5,2.55,2.8,3.62,2.75,1485.6157837050746,1586.9367277569638,76,77,100,100,1.5700000000000003,1.3400000000000003,3,7,39.55844155844156,49.46031746031746
2020-11-01,2020,SC Freiburg,Bayer Leverkusen,2,4,A,0,3.8,3.5,1.95,3.97,3.7,2.07,1541.050827279254,1663.0994057120733,74,80,100,100,1.53,1.5200000000000002,6,9,47.11111111111111,53.63157894736842
2020-11-02,2020,TSG Hoffenheim,Union Berlin,1,3,A,0,1.85,4.0,3.8,1.91,4.15,4.33,1595.8538509287082,1503.3036021078285,75,72,100,100,1.7600000000000002,1.8,7,6,60.30952380952381,64.44444444444443
2020-11-06,2020,Werder Bremen,FC Cologne,1,1,D,1,2.37,3.6,2.87,2.51,3.6,2.97,1505.4869816066237,1422.2986425508966,77,75,100,100,1.32,1.1600000000000001,9,2,40.28787878787879,51.60822510822511
2020-11-07,2020,Borussia Dortmund,Bayern Munich,2,3,A,0,4.0,4.33,1.75,4.2,4.4,1.87,1729.0911791684002,1842.0892436554414,82,75,100,100,2.29,2.23,12,12,75.26984126984127,62.142857142857146
2020-11-07,2020,Union Berlin,Arminia Bielefeld,5,0,H,2,1.83,3.75,4.2,1.88,3.9,4.54,1523.4676689070336,1474.547275959903,72,75,100,100,1.8800000000000001,1.05,9,3,60.0,30.01082251082251
2020-11-07,2020,VfB Stuttgart,Ein Frankfurt,2,2,D,1,2.55,3.6,2.5,2.76,3.88,2.66,1481.4921492014898,1562.2409044201193,75,75,100,100,1.4100000000000001,1.4500000000000002,9,8,49.296992481203006,48.738095238095234
2020-11-07,2020,RB Leipzig,SC Freiburg,3,0,H,2,1.36,4.75,9.0,1.39,6.0,10.5,1693.4315342866041,1530.451048251382,80,74,100,100,1.9100000000000001,1.5,10,3,61.41880341880342,50.666666666666664
2020-11-07,2020,FC Augsburg,Hertha BSC,0,3,A,0,2.9,3.5,2.3,3.01,3.76,2.45,1500.7531097838157,1490.1538618732366,74,76,100,100,1.1,1.58,7,1,40.83516483516483,43.71428571428571
2020-11-07,2020,FSV Mainz 05,FC Schalke 04,2,2,D,1,2.1,3.4,3.4,2.35,3.63,3.4,1423.9393911349857,1428.0387483944073,75,77,100,100,1.0000000000000002,0.85,0,2,36.666666666666664,38.11688311688312
2020-11-08,2020,VfL Wolfsburg,TSG Hoffenheim,2,1,H,2,2.1,3.6,3.25,2.2,3.9,3.46,1582.398649588802,1575.689784129503,77,75,100,100,1.48,1.65,7,4,48.03174603174603,49.833333333333336
2020-11-08,2020,Bayer Leverkusen,Borussia Monchengladbach,4,3,H,2,2.2,3.5,3.0,2.45,3.76,3.05,1673.6991847399454,1653.3822735695603,80,75,100,100,1.8400000000000003,2.06,11,11,55.63157894736842,57.73015873015872
2020-11-21,2020,TSG Hoffenheim,VfB Stuttgart,3,3,D,1,2.3,3.75,2.8,2.5,4.02,2.88,1559.9987004078992,1485.1452274599365,75,75,100,100,1.53,1.34,1,7,56.333333333333336,45.40810359231411
2020-11-21,2020,Bayern Munich,Werder Bremen,1,1,D,1,1.1,10.0,23.0,1.14,12.0,23.0,1853.0615260201462,1501.7275850717,75,77,100,100,2.4899999999999998,1.1700000000000002,15,7,58.21428571428571,39.83333333333333
2020-11-21,2020,FC Schalke 04,VfL Wolfsburg,0,2,A,0,3.8,3.6,1.95,3.99,3.72,2.1,1427.8499747759754,1598.089733310406,77,77,100,100,0.8600000000000001,1.78,3,9,37.417582417582416,52.031746031746025
2020-11-21,2020,Arminia Bielefeld,Bayer Leverkusen,1,2,A,0,5.75,4.6,1.5,6.35,4.6,1.63,1460.7853721218837,1688.7646214178747,75,80,100,100,0.95,1.9200000000000004,0,13,26.071428571428566,54.63157894736842
2020-11-21,2020,Ein Frankfurt,RB Leipzig,1,1,D,1,3.8,4.0,1.85,4.0,4.18,2.0,1558.5878261616726,1702.4320423807724,75,80,100,100,1.7,2.1900000000000004,6,12,49.05555555555556,65.99023199023199
2020-11-21,2020,Hertha BSC,Borussia Dortmund,2,5,A,0,4.5,4.33,1.65,5.35,4.6,1.7,1506.6418239081183,1718.1188968036954,76,82,100,100,1.58,2.2,4,12,47.285714285714285,70.98412698412699
2020-11-21,2020,Borussia Monchengladbach,FC Augsburg,1,1,D,1,1.5,4.5,6.0,1.54,4.9,6.85,1638.316836891631,1484.265147748934,75,74,100,100,2.1100000000000003,1.06,10,4,51.06349206349206,41.549450549450555
2020-11-22,2020,SC Freiburg,FSV Mainz 05,1,3,A,0,2.05,3.6,3.4,2.17,3.74,3.62,1521.4505401572137,1424.1281647534176,74,75,100,100,1.2100000000000002,1.1900000000000002,2,1,44.09523809523809,37.82051282051282
2020-11-22,2020,FC Cologne,Union Berlin,1,2,A,0,2.7,3.4,2.6,2.85,3.5,2.72,1426.0580390858202,1537.2295727450528,75,72,100,100,1.08,2.06,3,11,53.88095238095239,68.33333333333333
2020-11-27,2020,VfL Wolfsburg,Werder Bremen,5,3,H,2,1.8,3.6,4.33,1.96,3.8,4.6,1606.8224048350367,1513.9878458990995,77,77,100,100,1.8800000000000003,1.27,11,5,42.888888888888886,32.5
2020-11-28,2020,Borussia Monchengladbach,FC Schalke 04,4,1,H,2,1.33,5.25,9.0,1.38,5.75,9.1,1631.6535448126788,1419.1173032513448,75,77,100,100,1.89,1.15,8,3,50.11111111111111,47.195360195360195
2020-11-28,2020,Union Berlin,Ein Frankfurt,3,3,D,1,2.5,3.4,2.7,2.66,3.78,2.9,1548.2777890379145,1564.8578754909447,72,75,100,100,1.8700000000000003,1.5,11,4,63.88888888888889,49.81313131313131
2020-11-28,2020,VfB Stuttgart,Bayern Munich,1,3,A,0,9.0,6.25,1.28,9.5,6.9,1.33,1488.5399943469056,1840.8012651927468,75,75,100,100,1.7100000000000002,2.18,7,13,49.46825396825397,55.07142857142858
2020-11-28,2020,Borussia Dortmund,FC Cologne,1,2,A,0,1.2,7.0,13.0,1.27,7.1,13.5,1725.4277414365386,1415.0098227929584,82,75,100,100,2.23,1.1400000000000001,12,3,67.55555555555556,59.277777777777786
2020-11-28,2020,FC Augsburg,SC Freiburg,1,1,D,1,2.37,3.5,2.9,2.5,3.71,3.05,1490.9284398278862,1501.0823365097508,74,74,100,100,1.23,1.5,4,2,45.35897435897435,49.94139194139194
2020-11-28,2020,RB Leipzig,Arminia Bielefeld,2,1,H,2,1.2,7.0,13.0,1.25,7.4,15.0,1696.1619930515003,1453.9983899588256,80,75,100,100,1.92,0.7000000000000001,10,0,59.121545121545125,19.404761904761905
2020-11-29,2020,FSV Mainz 05,TSG Hoffenheim,1,1,D,1,3.25,3.8,2.05,3.45,3.94,2.15,1444.4963684008806,1556.60393352093,75,75,100,100,1.6800000000000004,1.7100000000000002,4,2,37.30769230769231,53.23809523809523
2020-11-29,2020,Bayer Leverkusen,Hertha BSC,0,0,D,1,1.72,4.0,4.5,1.85,4.05,4.7,1695.5516035809328,1499.3329792752752,80,76,100,100,1.7500000000000004,1.5000000000000002,15,4,62.0,55.857142857142854
2020-12-04,2020,Hertha BSC,Union Berlin,3,1,H,2,2.5,3.5,2.75,2.7,3.5,2.87,1507.5170197702353,1549.040751153111,76,72,100,100,1.35,1.8900000000000001,5,11,46.71428571428571,61.11111111111111
2020-12-05,2020,SC Freiburg,Borussia Monchengladbach,2,2,D,1,3.6,3.75,1.95,3.92,3.85,2.05,1500.6148653709981,1638.9280620332981,74,75,100,100,1.45,2.23,2,10,43.94139194139194,50.11111111111111
2020-12-05,2020,Arminia Bielefeld,FSV Mainz 05,2,1,H,2,2.87,3.5,2.4,2.92,3.69,2.55,1447.637780979373,1449.487096625261,75,75,100,100,0.64,1.8900000000000006,0,5,22.67399267399267,36.05769230769231
2020-12-05,2020,Ein Frankfurt,Borussia Dortmund,1,1,D,1,3.5,4.0,1.95,3.76,4.26,2.0,1564.0949133757483,1698.0182081636935,75,82,100,100,1.5,2.18,4,9,44.92424242424242,70.55555555555556
2020-12-05,2020,FC Cologne,VfL Wolfsburg,2,2,D,1,3.6,3.6,2.0,3.8,3.77,2.14,1442.4193560658034,1618.6461344886407,75,77,100,100,1.1199999999999999,1.9000000000000004,5,13,60.277777777777786,34.0
2020-12-05,2020,Bayern Munich,RB Leipzig,3,3,D,1,1.36,5.75,7.0,1.55,5.75,7.65,1844.5234101820981,1702.5226020309528,75,80,100,100,2.0,1.9600000000000002,13,10,51.142857142857146,56.044622044622045
2020-12-06,2020,FC Schalke 04,Bayer Leverkusen,0,3,A,0,6.5,4.33,1.5,6.6,4.68,1.56,1411.8427860307254,1687.3675630859727,77,80,100,100,1.12,1.7200000000000002,2,13,47.75091575091575,74.14285714285714
2020-12-06,2020,Werder Bremen,VfB Stuttgart,1,2,A,0,2.8,3.5,2.45,2.81,3.78,2.64,1502.1641162454955,1484.8178493575542,77,75,100,100,1.18,1.8699999999999999,4,4,42.5,52.8968253968254
2020-12-07,2020,TSG Hoffenheim,FC Augsburg,3,1,H,2,1.83,4.2,3.8,1.9,4.24,4.2,1551.6132052965495,1491.395910966639,75,74,100,100,1.8,1.27,3,5,51.48809523809523,53.666666666666664
2020-12-11,2020,VfL Wolfsburg,Ein Frankfurt,2,1,H,2,2.3,3.6,2.8,2.43,3.82,3.05,1611.1616951978517,1569.973980194318,77,75,100,100,2.0000000000000004,1.4600000000000002,11,5,37.116883116883116,52.5
2020-12-12,2020,SC Freiburg,Arminia Bielefeld,2,0,H,2,1.75,3.8,4.5,1.87,4.04,4.6,1506.6679826816082,1463.7229443078681,74,75,100,100,1.7100000000000002,0.8300000000000001,2,3,47.27472527472527,22.102564102564102
2020-12-12,2020,FSV Mainz 05,FC Cologne,0,1,A,0,2.37,3.6,2.87,2.55,3.75,2.91,1433.401933296766,1449.9037953565924,75,75,100,100,1.81,1.0,5,5,42.05769230769231,53.23232323232323
2020-12-12,2020,Borussia Dortmund,VfB Stuttgart,1,5,A,0,1.5,4.5,6.0,1.54,4.89,6.5,1692.1391413451238,1501.6160113960223,82,75,100,100,2.0900000000000003,2.0100000000000002,7,6,64.0909090909091,58.73015873015872
2020-12-12,2020,Union Berlin,Bayern Munich,1,1,D,1,8.5,6.0,1.28,9.25,7.2,1.33,1531.1375656200973,1838.3253652246328,72,75,100,100,1.4700000000000002,1.7400000000000002,10,11,51.41414141414142,51.142857142857146
2020-12-12,2020,RB Leipzig,Werder Bremen,2,0,H,2,1.36,5.0,8.5,1.39,5.55,9.3,1708.7206469884181,1485.3659542070275,80,77,100,100,1.5900000000000003,1.35,8,3,45.377955377955374,45.166666666666664
2020-12-12,2020,Borussia Monchengladbach,Hertha BSC,1,1,D,1,1.9,4.0,3.6,1.98,4.08,4.1,1632.874944722688,1525.4202053032488,75,76,100,100,1.81,1.5,8,8,46.11111111111111,57.077922077922075
2020-12-13,2020,FC Augsburg,FC Schalke 04,2,2,D,1,1.9,3.75,3.8,2.0,3.84,4.2,1478.1415818187631,1406.4046859763569,74,77,100,100,1.33,1.3800000000000001,5,2,52.23809523809523,47.3064713064713
2020-12-13,2020,Bayer Leverkusen,TSG Hoffenheim,4,1,H,2,1.75,4.33,4.0,1.84,4.42,4.2,1692.8056631403413,1564.8675344444252,80,75,100,100,1.8900000000000001,1.7899999999999998,13,5,80.14285714285714,46.916666666666664
2020-12-15,2020,Ein Frankfurt,Borussia Monchengladbach,3,3,D,1,2.62,3.8,2.45,2.88,3.87,2.58,1555.8619087924837,1628.0784394143495,75,75,100,100,1.35,1.9300000000000002,4,6,42.222222222222214,56.777777777777786
2020-12-15,2020,Hertha BSC,FSV Mainz 05,0,0,D,1,1.72,4.0,4.5,1.82,4.02,4.85,1530.2167106115874,1418.1613011983204,76,75,100,100,1.33,1.8800000000000001,8,5,48.31601731601732,50.55769230769231
2020-12-15,2020,VfB Stuttgart,Union Berlin,2,2,D,1,2.05,3.6,3.4,2.23,3.65,3.5,1525.604768186062,1542.4735020894573,75,72,100,100,2.2,1.5100000000000002,8,8,51.301587301587304,45.35353535353536
2020-12-15,2020,Werder Bremen,Borussia Dortmund,1,2,A,0,5.5,5.0,1.5,6.35,5.0,1.55,1478.4355245621796,1668.150384555084,77,82,100,100,1.25,1.7599999999999998,2,4,54.80952380952381,60.090909090909086
2020-12-16,2020,Bayern Munich,VfL Wolfsburg,2,1,H,2,1.33,5.5,8.5,1.4,6.0,9.05,1826.989428755273,1625.273766599686,75,77,100,100,1.8200000000000003,2.21,9,13,60.536796536796544,46.323232323232325
2020-12-16,2020,FC Schalke 04,SC Freiburg,0,2,A,0,2.9,3.5,2.3,3.15,3.62,2.46,1409.662132569372,1520.700301382108,77,74,100,100,1.52,1.8700000000000003,2,5,50.73504273504274,50.385836385836384
2020-12-16,2020,FC Cologne,Bayer Leverkusen,0,4,A,0,5.0,4.2,1.61,5.25,4.22,1.72,1465.1444274550379,1703.1665049037567,75,80,100,100,1.1600000000000001,1.8800000000000001,8,13,44.06565656565657,79.05194805194806
2020-12-16,2020,Arminia Bielefeld,FC Augsburg,0,1,A,0,2.87,3.3,2.5,3.03,3.3,2.7,1449.6906256073685,1474.884135225748,75,74,100,100,0.79,1.15,3,3,30.99145299145299,44.238095238095234
2020-12-16,2020,TSG Hoffenheim,RB Leipzig,0,1,A,0,4.5,4.5,1.6,4.91,4.65,1.7,1554.5066926810098,1715.651076633266,75,80,100,100,1.7600000000000002,1.75,5,11,49.340909090909086,34.9017649017649
2020-12-18,2020,Union Berlin,Borussia Dortmund,2,1,H,2,4.75,4.0,1.65,5.16,4.12,1.84,1541.6972780222882,1676.189603002443,72,82,100,100,1.49,1.9200000000000004,6,7,40.68686868686869,58.66233766233766
2020-12-19,2020,FC Augsburg,Ein Frankfurt,0,2,A,0,3.8,3.75,1.95,3.89,3.83,2.05,1489.7259604532642,1559.1405218942743,74,75,100,100,1.13,1.15,6,4,54.23809523809523,42.222222222222214
2020-12-19,2020,FSV Mainz 05,Werder Bremen,0,1,A,0,2.37,3.5,2.9,2.56,3.63,3.06,1423.1498611495833,1470.3963061148206,75,77,100,100,1.51,1.1,5,1,53.292735042735046,59.80952380952381
2020-12-19,2020,Borussia Monchengladbach,TSG Hoffenheim,1,2,A,0,1.9,4.2,3.5,1.95,4.34,3.9,1624.799826312559,1545.437653287426,75,75,100,100,1.7800000000000005,1.5800000000000003,7,5,62.88888888888889,45.340909090909086
2020-12-19,2020,RB Leipzig,FC Cologne,0,0,D,1,1.28,5.75,9.5,1.34,5.95,10.62,1724.7201160268498,1458.661446519554,80,75,100,100,1.4800000000000002,1.1500000000000001,11,7,36.33033633033632,34.06565656565657
2020-12-19,2020,FC Schalke 04,Arminia Bielefeld,0,1,A,0,2.15,3.4,3.4,2.35,3.5,3.5,1398.608362200315,1434.8488003798523,77,75,100,100,1.36,0.9,1,3,44.88888888888889,32.65811965811965
2020-12-19,2020,Bayer Leverkusen,Bayern Munich,1,2,A,0,4.0,4.2,1.83,4.15,4.37,1.89,1709.6494858392407,1834.6199885196056,80,75,100,100,1.95,1.5500000000000003,13,9,79.05194805194806,61.96536796536797
2020-12-20,2020,SC Freiburg,Hertha BSC,4,1,H,2,2.5,3.5,2.7,2.69,3.56,2.89,1531.754071751165,1525.2281506603244,74,76,100,100,1.9800000000000004,1.06,8,6,50.957264957264954,44.42712842712844
2020-12-20,2020,VfL Wolfsburg,VfB Stuttgart,1,0,H,2,2.25,3.6,3.0,2.35,3.8,3.22,1617.6432068353533,1526.3809922532312,77,75,100,100,2.2,2.21,10,8,50.32323232323232,48.19047619047619
2021-01-02,2020,FC Cologne,FC Augsburg,0,1,A,0,2.35,3.4,3.0,2.43,3.5,3.3,1468.9729339035202,1476.880754300302,75,74,100,100,0.9700000000000001,1.1400000000000001,8,5,26.95454545454545,54.23809523809524
2021-01-02,2020,Ein Frankfurt,Bayer Leverkusen,2,1,H,2,3.2,3.6,2.1,3.41,4.08,2.2,1571.9857280472365,1699.168597690987,75,80,100,100,1.34,1.89,6,10,46.464646464646464,67.38528138528139
2021-01-02,2020,TSG Hoffenheim,SC Freiburg,1,3,A,0,2.0,3.8,3.3,2.13,4.1,3.62,1565.0301508558998,1547.4535773165687,75,74,100,100,1.4700000000000002,2.08,7,11,46.769480519480524,51.11111111111111
2021-01-02,2020,Arminia Bielefeld,Borussia Monchengladbach,0,1,A,0,5.75,4.33,1.53,6.25,4.44,1.63,1449.1858930963124,1605.207328744085,75,75,100,100,1.05,1.7399999999999998,6,6,49.8009768009768,59.55555555555556
2021-01-02,2020,VfB Stuttgart,RB Leipzig,0,1,A,0,3.8,4.0,1.8,4.49,4.32,1.91,1514.4897073489974,1714.4086286428835,75,80,100,100,1.78,1.6400000000000001,7,11,48.76190476190476,41.421245421245416
2021-01-02,2020,Hertha BSC,FC Schalke 04,3,0,H,2,1.65,4.0,4.8,1.8,4.08,5.1,1509.5286450949206,1384.271269483855,76,77,100,100,1.0699999999999998,1.3,6,1,38.998556998557,35.74603174603175
2021-01-02,2020,Werder Bremen,Union Berlin,0,2,A,0,2.9,3.3,2.37,3.01,3.47,2.61,1484.2338401312973,1563.5989979968374,77,72,100,100,1.2600000000000002,1.5900000000000003,3,6,68.0952380952381,43.22655122655122
2021-01-03,2020,Borussia Dortmund,VfL Wolfsburg,2,0,H,2,1.55,4.2,5.75,1.63,4.65,6.0,1654.2878830278937,1629.534491739587,82,77,100,100,1.77,1.9800000000000004,4,10,58.662337662337656,50.32323232323232
2021-01-03,2020,Bayern Munich,FSV Mainz 05,5,2,H,2,1.12,9.0,19.0,1.13,11.0,27.34,1845.1008766678592,1409.3123271331067,75,75,100,100,1.5400000000000003,1.1,11,2,59.63203463203463,52.8531746031746
2021-01-08,2020,Borussia Monchengladbach,Bayern Munich,3,2,H,2,4.75,4.75,1.57,5.45,5.14,1.63,1614.4692362509193,1847.509114906975,75,75,100,100,1.69,1.8300000000000005,6,11,64.91503267973856,67.72727272727272
2021-01-09,2020,FSV Mainz 05,Ein Frankfurt,0,2,A,0,3.5,3.8,1.95,3.78,4.14,2.03,1406.904088893991,1593.594402474163,75,75,100,100,1.24,1.28,1,8,42.43650793650794,39.79797979797979
2021-01-09,2020,SC Freiburg,FC Cologne,5,0,H,2,1.9,3.6,3.8,2.0,3.72,4.17,1564.2623186235628,1453.3370396189441,74,75,100,100,2.0100000000000002,0.9,13,5,52.56565656565656,36.5
2021-01-09,2020,Bayer Leverkusen,Werder Bremen,1,1,D,1,1.44,4.75,6.5,1.55,4.8,7.4,1677.5599232640607,1471.8264682267143,80,77,100,100,1.85,1.23,9,3,65.79797979797979,59.00432900432901
2021-01-09,2020,RB Leipzig,Borussia Dortmund,1,3,A,0,2.2,3.5,3.2,2.44,3.64,3.2,1722.0994534746558,1669.149872091961,80,82,100,100,1.7900000000000003,1.89,11,7,45.523809523809526,56.99567099567099
2021-01-09,2020,Union Berlin,VfL Wolfsburg,2,2,D,1,2.9,3.3,2.45,3.18,3.51,2.58,1576.0063699014204,1614.6725026755198,72,77,100,100,1.33,2.04,8,7,43.42857142857142,56.98989898989898
2021-01-09,2020,FC Schalke 04,TSG Hoffenheim,4,0,H,2,4.5,4.0,1.72,4.65,4.35,1.81,1373.8020170738575,1548.2214095489057,77,75,100,100,1.35,1.55,1,6,34.0,55.06493506493507
2021-01-10,2020,FC Augsburg,VfB Stuttgart,1,4,A,0,3.25,3.6,2.1,3.63,3.69,2.25,1492.516648584878,1506.7988825172251,74,75,100,100,1.23,1.6099999999999999,7,7,43.692640692640694,44.0
2021-01-10,2020,Arminia Bielefeld,Hertha BSC,1,0,H,2,4.0,3.75,1.85,4.3,3.78,2.02,1439.9239855894782,1519.997897504918,75,76,100,100,0.8699999999999999,1.5,6,8,42.561157796451916,48.998556998557
2021-01-15,2020,Union Berlin,Bayer Leverkusen,1,0,H,2,3.3,3.5,2.2,3.39,3.55,2.3,1577.779695992397,1669.0568983026412,72,80,100,100,1.6199999999999999,1.49,9,7,52.2922077922078,64.79797979797979
2021-01-16,2020,VfB Stuttgart,Borussia Monchengladbach,2,2,D,1,3.0,3.5,2.3,3.04,4.01,2.4,1522.141531567598,1639.8367276098352,75,75,100,100,1.9300000000000002,1.6600000000000001,7,8,45.33333333333333,60.369578134284005
2021-01-16,2020,Werder Bremen,FC Augsburg,2,0,H,2,2.15,3.3,3.5,2.26,3.41,3.62,1480.3294931881337,1477.1739995345054,77,74,100,100,1.0,1.28,4,7,57.337662337662344,40.45454545454545
2021-01-16,2020,VfL Wolfsburg,RB Leipzig,2,2,D,1,3.6,3.6,2.0,3.69,3.8,2.15,1612.8991765845433,1703.679739708254,77,80,100,100,1.9500000000000004,1.83,7,10,49.94444444444444,52.19047619047619
2021-01-16,2020,FC Cologne,Hertha BSC,0,0,D,1,3.25,3.4,2.25,3.45,3.4,2.4,1442.278566841289,1500.3742899182037,75,76,100,100,0.85,1.46,4,5,46.04545454545455,38.08946608946609
2021-01-16,2020,Borussia Dortmund,FSV Mainz 05,1,1,D,1,1.2,7.0,13.0,1.22,7.82,16.25,1687.5695858583629,1398.7596124926945,82,75,100,100,1.9600000000000002,0.9700000000000001,9,1,57.904761904761905,36.43650793650794
2021-01-16,2020,TSG Hoffenheim,Arminia Bielefeld,0,0,D,1,1.66,4.0,5.0,1.76,4.1,5.4,1524.8021487405176,1459.5475931761925,75,75,100,100,1.55,0.76,3,6,52.525252525252526,49.10661234190646
2021-01-17,2020,Ein Frankfurt,FC Schalke 04,3,1,H,2,1.5,4.33,6.5,1.55,4.84,6.8,1601.7388788754595,1397.2212778822457,75,77,100,100,1.58,1.3800000000000001,10,4,42.888888888888886,41.11111111111111
2021-01-17,2020,Bayern Munich,SC Freiburg,2,1,H,2,1.22,7.5,11.0,1.27,7.5,12.05,1822.141623548059,1575.320791401218,75,74,100,100,1.8,1.8700000000000003,10,15,65.60606060606061,47.56565656565657
2021-01-19,2020,Bayer Leverkusen,Borussia Dortmund,2,1,H,2,3.1,3.8,2.15,3.28,3.95,2.3,1648.9475385185287,1676.6711375760456,80,82,100,100,1.32,2.13,4,10,65.88888888888889,48.57142857142857
2021-01-19,2020,FSV Mainz 05,VfL Wolfsburg,0,2,A,0,4.0,4.0,1.8,4.32,4.0,1.93,1409.6580607750118,1616.9871661305017,75,77,100,100,0.86,1.6300000000000001,2,5,37.269841269841265,42.166666666666664
2021-01-19,2020,Borussia Monchengladbach,Werder Bremen,1,0,H,2,1.57,4.2,5.75,1.65,4.34,6.0,1634.6148945133477,1496.1841813306053,75,77,100,100,1.61,1.15,8,7,48.750530515236406,50.1948051948052
2021-01-19,2020,Hertha BSC,TSG Hoffenheim,0,3,A,0,2.25,3.5,3.1,2.4,3.7,3.21,1497.723542185859,1521.8319090978202,76,75,100,100,1.5100000000000002,1.59,5,4,44.311688311688314,55.93434343434344
2021-01-20,2020,RB Leipzig,Union Berlin,1,0,H,2,1.5,4.33,7.0,1.56,4.51,8.0,1699.5917501622955,1597.8890557765094,80,72,100,100,1.8900000000000001,1.4300000000000002,8,11,59.33333333333333,53.019480519480524
2021-01-20,2020,SC Freiburg,Ein Frankfurt,2,2,D,1,2.9,3.5,2.37,3.0,3.6,2.56,1569.0957078382667,1609.2761070385147,74,75,100,100,1.6300000000000001,1.9900000000000002,12,13,39.98395721925134,56.666666666666664
2021-01-20,2020,FC Augsburg,Bayern Munich,0,1,A,0,13.0,7.0,1.2,15.0,7.7,1.24,1461.3193113920338,1828.3667071110103,74,75,100,100,1.1800000000000002,2.06,6,12,42.45454545454545,69.34937611408199
2021-01-20,2020,FC Schalke 04,FC Cologne,1,2,A,0,2.55,3.3,2.75,2.76,3.37,2.9,1389.6840497191904,1444.9293145736335,77,75,100,100,1.16,0.68,3,2,33.11111111111111,49.65656565656566
2021-01-20,2020,Arminia Bielefeld,VfB Stuttgart,3,0,H,2,4.33,3.9,1.75,4.52,3.96,1.86,1462.51783281889,1527.3633646640853,75,75,100,100,0.8300000000000001,1.8199999999999998,7,5,47.71772345301757,55.61904761904761
2021-01-22,2020,Borussia Monchengladbach,Borussia Dortmund,4,2,H,2,3.3,3.75,2.1,3.42,3.94,2.2,1644.557140534311,1659.397121495662,75,82,100,100,1.72,1.8900000000000001,10,7,49.30608607079195,47.662337662337656
2021-01-23,2020,FSV Mainz 05,RB Leipzig,3,2,H,2,7.5,5.0,1.36,8.45,5.1,1.45,1402.2136859450145,1711.0375110439695,75,80,100,100,0.89,2.0800000000000005,1,8,34.095238095238095,66.0
2021-01-23,2020,FC Augsburg,Union Berlin,2,1,H,2,3.75,3.4,2.05,3.8,3.53,2.17,1457.8681167724685,1586.4432948948354,74,72,100,100,1.11,1.1200000000000003,3,10,35.78787878787879,44.35281385281385
2021-01-23,2020,Arminia Bielefeld,Ein Frankfurt,1,5,A,0,4.75,3.8,1.75,4.89,4.1,1.84,1481.4698813942518,1607.4339367071202,75,75,100,100,0.8400000000000001,2.0500000000000003,10,13,47.71772345301757,58.88888888888889
2021-01-23,2020,SC Freiburg,VfB Stuttgart,2,1,H,2,2.62,3.75,2.5,2.73,3.96,2.59,1570.9378781696612,1508.4113160887234,74,75,100,100,1.5900000000000003,1.6800000000000002,10,4,36.87284610814022,62.61904761904761
2021-01-23,2020,Bayer Leverkusen,VfL Wolfsburg,0,1,A,0,2.05,3.6,3.5,2.15,3.82,3.65,1666.2215545989122,1624.431540960499,80,77,100,100,1.65,1.34,4,8,61.79797979797981,46.45238095238095
2021-01-23,2020,Hertha BSC,Werder Bremen,1,4,A,0,2.1,3.5,3.6,2.26,3.53,3.67,1482.8319950532684,1486.241935309642,76,77,100,100,1.6300000000000001,1.1500000000000001,4,7,45.2005772005772,48.52813852813853
2021-01-24,2020,FC Schalke 04,Bayern Munich,0,4,A,0,16.0,8.5,1.14,17.0,8.6,1.21,1376.2069610515002,1831.8179017305756,77,75,100,100,1.45,2.18,3,12,32.80341880341881,71.01604278074866
2021-01-24,2020,TSG Hoffenheim,FC Cologne,3,0,H,2,1.75,3.75,4.5,1.88,3.84,4.9,1536.7234562304109,1458.4064032413237,75,75,100,100,1.75,0.85,7,5,53.93434343434344,56.96425796425797
2021-01-29,2020,VfB Stuttgart,FSV Mainz 05,2,0,H,2,1.61,4.0,5.0,1.77,4.3,5.31,1495.2600818669782,1429.5870200818201,75,75,100,100,2.2600000000000002,1.02,4,4,63.11904761904761,33.38095238095237
2021-01-30,2020,Bayern Munich,TSG Hoffenheim,4,1,H,2,1.2,8.0,11.0,1.27,8.0,11.5,1833.9840211474054,1549.1766925557433,75,75,100,100,2.8,1.7,12,7,73.34937611408199,51.93434343434344
2021-01-30,2020,Borussia Dortmund,FC Augsburg,3,1,H,2,1.25,6.5,9.0,1.28,6.75,12.0,1642.7141304140719,1479.5329513537913,82,74,100,100,2.0100000000000002,1.04,7,6,53.090909090909086,37.121212121212125
2021-01-30,2020,Ein Frankfurt,Hertha BSC,3,1,H,2,1.75,3.8,4.5,1.84,4.18,4.7,1617.874554111263,1466.9890235633547,75,76,100,100,2.13,1.9899999999999998,13,4,65.55555555555556,56.7005772005772
2021-01-30,2020,Union Berlin,Borussia Monchengladbach,1,1,D,1,3.2,3.4,2.25,3.47,3.75,2.35,1564.7784603135126,1661.2401316159012,72,75,100,100,1.09,1.75,7,13,44.92424242424242,45.30608607079195
2021-01-30,2020,Werder Bremen,FC Schalke 04,1,1,D,1,1.9,3.5,4.0,2.03,3.75,4.22,1502.0849067995557,1374.0408416346704,77,77,100,100,1.0100000000000002,1.4400000000000002,7,3,36.742424242424235,35.94627594627595
2021-01-30,2020,RB Leipzig,Bayer Leverkusen,1,0,H,2,1.9,3.6,4.0,2.03,3.81,4.25,1683.664176907164,1648.3062809235244,80,80,100,100,2.02,1.7100000000000002,7,4,65.0,68.46464646464646
2021-01-31,2020,FC Cologne,Arminia Bielefeld,3,1,H,2,2.25,3.4,3.2,2.34,3.4,3.53,1445.9531669159912,1471.029263990109,75,75,100,100,1.06,0.8800000000000001,4,7,64.96425796425797,30.574866310160427
2021-01-31,2020,VfL Wolfsburg,SC Freiburg,3,0,H,2,1.85,3.8,4.0,1.93,3.98,4.4,1642.3468146358869,1584.0891123914064,77,74,100,100,1.29,1.31,8,10,43.45238095238095,30.37284610814022
2021-02-05,2020,Hertha BSC,Bayern Munich,0,1,A,0,7.0,5.75,1.36,8.0,6.02,1.42,1457.531340977565,1839.185155676531,76,75,100,100,1.6600000000000001,2.6399999999999997,1,12,56.570707070707066,70.96842373312961
2021-02-06,2020,SC Freiburg,Borussia Dortmund,2,1,H,2,5.25,4.33,1.57,5.5,4.64,1.66,1570.7471142397421,1651.7071669104248,74,82,100,100,1.25,1.9300000000000002,7,7,38.2516339869281,57.93939393939394
2021-02-06,2020,FC Augsburg,VfL Wolfsburg,0,2,A,0,4.75,3.6,1.75,4.96,3.86,1.9,1470.5399148574384,1655.6888127875511,74,77,100,100,0.8600000000000001,1.23,3,11,33.484848484848484,43.45238095238095
2021-02-06,2020,Bayer Leverkusen,VfB Stuttgart,5,2,H,2,2.0,3.75,3.5,2.05,4.04,3.85,1633.928974119711,1508.2712376571903,80,75,100,100,1.7700000000000002,2.3300000000000005,4,7,62.9090909090909,63.11904761904761
2021-02-06,2020,FC Schalke 04,RB Leipzig,0,3,A,0,9.0,5.75,1.3,10.09,5.85,1.36,1379.6842719567321,1698.0414837109772,77,80,100,100,1.28,1.6800000000000004,4,7,31.66056166056166,61.66666666666667
2021-02-06,2020,Borussia Monchengladbach,FC Cologne,1,2,A,0,1.45,4.5,6.5,1.51,4.78,7.4,1656.908635235321,1463.105962841044,75,75,100,100,1.5300000000000002,1.28,11,7,45.1991341991342,57.91880341880342
2021-02-06,2020,FSV Mainz 05,Union Berlin,1,0,H,2,3.3,3.4,2.2,3.37,3.58,2.38,1416.575864291608,1569.1099566940927,75,72,100,100,0.7999999999999999,1.17,4,5,43.38095238095238,39.46969696969697
2021-02-07,2020,TSG Hoffenheim,Ein Frankfurt,1,3,A,0,2.9,3.8,2.25,3.05,4.18,2.3,1543.9755580266178,1627.3322366970528,75,75,100,100,1.6800000000000002,2.3600000000000003,7,13,43.1031746031746,68.38383838383838
2021-02-12,2020,RB Leipzig,FC Augsburg,2,1,H,2,1.22,6.5,11.0,1.3,6.5,13.0,1702.4551628129686,1462.3414474068004,80,74,100,100,2.04,0.6900000000000002,10,3,69.16666666666667,40.87878787878788
2021-02-13,2020,Werder Bremen,SC Freiburg,0,0,D,1,2.8,3.3,2.45,3.0,3.56,2.67,1496.441476477494,1590.4094145786105,77,74,100,100,1.2200000000000002,1.07,8,7,42.97619047619048,43.2516339869281
2021-02-13,2020,VfB Stuttgart,Hertha BSC,1,1,D,1,2.15,3.6,3.1,2.34,3.74,3.22,1497.8182130213147,1454.3306248913811,75,76,100,100,2.04,1.7100000000000002,4,1,58.45238095238095,55.401875901875904
2021-02-13,2020,Union Berlin,FC Schalke 04,0,0,D,1,1.75,3.6,5.0,1.83,3.75,5.0,1546.5045363951162,1375.2705928547407,72,77,100,100,1.02,1.03,4,1,31.96969696969697,23.04945054945055
2021-02-13,2020,Borussia Dortmund,TSG Hoffenheim,2,2,D,1,1.45,4.8,6.25,1.54,5.13,6.5,1632.0448665715564,1531.742278068202,82,75,100,100,1.86,1.46,4,7,57.93939393939394,41.48701298701299
2021-02-13,2020,Bayer Leverkusen,FSV Mainz 05,2,2,D,1,1.4,5.0,6.5,1.5,5.0,7.32,1644.3819987555867,1439.1812845905845,80,75,100,100,2.22,1.01,6,7,57.9090909090909,52.38095238095237
2021-02-14,2020,Ein Frankfurt,FC Cologne,2,0,H,2,1.45,4.5,7.0,1.52,4.69,7.12,1639.5655166554686,1487.207561889666,75,75,100,100,2.22,1.34,13,10,67.11111111111111,46.91880341880342
2021-02-14,2020,VfL Wolfsburg,Borussia Monchengladbach,0,0,D,1,2.37,3.5,2.9,2.57,3.72,2.91,1663.887280238189,1632.807036186699,77,75,100,100,1.4500000000000002,1.4700000000000002,13,8,43.22510822510823,55.74458874458875
2021-02-15,2020,Bayern Munich,Arminia Bielefeld,3,3,D,1,1.1,9.0,21.0,1.19,9.0,21.0,1842.3858717627147,1453.8764680650563,75,75,100,100,2.7800000000000002,1.02,15,7,72.13725490196079,39.54545454545455
2021-02-19,2020,Arminia Bielefeld,VfL Wolfsburg,0,3,A,0,5.5,3.75,1.65,5.75,4.0,1.73,1466.7876499432803,1662.4597878637383,75,77,100,100,1.0100000000000002,1.7100000000000002,5,13,30.71428571428571,45.22510822510823
2021-02-20,2020,FC Schalke 04,Borussia Dortmund,0,4,A,0,9.0,5.75,1.3,10.07,5.99,1.35,1382.5742125275267,1627.5499484940624,77,82,100,100,1.0399999999999998,1.59,2,4,36.19230769230769,53.77272727272727
2021-02-20,2020,Ein Frankfurt,Bayern Munich,2,1,H,2,4.0,4.33,1.75,4.25,4.55,1.82,1648.966826722667,1829.4746898844908,75,75,100,100,2.0300000000000002,2.8000000000000003,13,13,66.66666666666666,69.95238095238095
2021-02-20,2020,FC Cologne,VfB Stuttgart,0,1,A,0,3.5,3.6,2.05,3.6,3.82,2.15,1477.8062518224676,1495.8259290077767,75,75,100,100,1.2800000000000002,1.8,9,4,40.25213675213676,47.49999999999999
2021-02-20,2020,SC Freiburg,Union Berlin,0,1,A,0,2.4,3.2,3.1,2.54,3.3,3.24,1586.1845477142085,1539.2009167223302,74,72,100,100,1.03,1.15,8,2,43.722222222222214,26.826839826839823
2021-02-20,2020,Borussia Monchengladbach,FSV Mainz 05,1,2,A,0,1.61,4.0,5.25,1.72,4.1,5.51,1634.2345285611498,1447.6666905539894,75,75,100,100,1.4700000000000002,1.24,8,7,58.03030303030304,49.04761904761905
2021-02-21,2020,TSG Hoffenheim,Werder Bremen,4,0,H,2,2.05,3.6,3.5,2.15,3.82,3.56,1536.237196145696,1500.666343341896,75,77,100,100,1.5100000000000002,1.4300000000000002,7,8,46.48701298701299,53.97619047619048
2021-02-21,2020,FC Augsburg,Bayer Leverkusen,1,1,D,1,5.5,4.0,1.61,5.6,4.1,1.71,1455.9204875474363,1635.8965927921818,74,80,100,100,0.67,2.25,3,7,42.307359307359306,55.9090909090909
2021-02-21,2020,Hertha BSC,RB Leipzig,0,3,A,0,5.25,3.9,1.65,5.55,4.15,1.73,1456.3229089049191,1708.8761226723327,76,80,100,100,1.6800000000000002,1.95,1,12,63.179653679653676,67.73809523809524
2021-02-26,2020,Werder Bremen,Ein Frankfurt,2,1,H,2,4.33,3.8,1.75,4.7,4.0,1.85,1486.2987420856527,1672.6043871268444,77,75,100,100,1.2,2.06,5,15,50.642857142857146,63.05555555555556
2021-02-27,2020,RB Leipzig,Borussia Monchengladbach,3,2,H,2,1.6,4.2,5.25,1.7,4.45,5.5,1714.9374157959878,1610.3832863296198,80,75,100,100,2.02,1.36,12,5,62.5,56.36363636363636
2021-02-27,2020,VfB Stuttgart,FC Schalke 04,5,1,H,2,1.45,4.5,6.5,1.57,4.85,6.75,1510.9968354819252,1376.2957002887085,75,77,100,100,1.7800000000000005,0.78,7,2,52.5,41.83333333333333
2021-02-27,2020,VfL Wolfsburg,Hertha BSC,2,0,H,2,1.7,4.0,4.75,1.78,4.1,5.04,1670.2943444771295,1450.261615781264,77,76,100,100,1.9,1.7100000000000002,13,1,45.484848484848484,59.751082251082245
2021-02-27,2020,Bayern Munich,FC Cologne,5,1,H,2,1.16,7.5,15.0,1.2,8.8,17.0,1805.8371294803135,1462.635345348319,75,75,100,100,2.93,1.09,10,6,70.78571428571429,27.944444444444446
2021-02-27,2020,Borussia Dortmund,Arminia Bielefeld,3,0,H,2,1.18,7.0,15.0,1.23,7.3,16.25,1633.8284607328806,1458.953093329889,82,75,100,100,1.65,1.0,7,4,51.34848484848485,28.66883116883117
2021-02-28,2020,Union Berlin,TSG Hoffenheim,1,1,D,1,2.37,3.5,2.9,2.45,3.52,3.12,1557.3514995441606,1550.6047974019393,72,75,100,100,1.3800000000000001,1.5200000000000002,5,7,36.82683982683982,51.82034632034631
2021-02-28,2020,FSV Mainz 05,FC Augsburg,0,1,A,0,2.0,3.6,3.6,2.15,3.66,3.72,1471.5179327855194,1463.5391257181143,75,74,100,100,1.48,0.7600000000000001,10,4,53.33333333333333,37.97402597402597
2021-02-28,2020,Bayer Leverkusen,SC Freiburg,1,2,A,0,1.8,3.6,4.5,1.92,3.83,4.75,1628.2779546215038,1568.0339648923782,80,74,100,100,1.72,0.89,5,7,61.0,41.5
2021-03-05,2020,FC Schalke 04,FSV Mainz 05,0,0,D,1,3.6,3.6,2.0,3.65,3.76,2.2,1366.205726164613,1455.1505597212652,77,75,100,100,0.79,1.52,2,7,44.83333333333333,60.83333333333333
2021-03-06,2020,Borussia Monchengladbach,Bayer Leverkusen,0,1,A,0,2.55,3.6,2.6,2.75,3.67,2.84,1599.0579159416493,1609.5310906190919,75,80,100,100,1.11,1.8700000000000003,2,5,61.7922077922078,60.54545454545455
2021-03-06,2020,Bayern Munich,Borussia Dortmund,4,2,H,2,1.65,4.5,4.5,1.69,4.86,5.05,1809.7342698898524,1642.3927266436658,75,82,100,100,2.48,1.7700000000000002,10,10,66.78571428571429,51.634199134199136
2021-03-06,2020,TSG Hoffenheim,VfL Wolfsburg,2,1,H,2,2.9,3.4,2.4,3.05,3.64,2.47,1550.9154554707757,1677.3291630911745,75,77,100,100,1.54,1.85,5,13,55.24891774891775,47.984848484848484
2021-03-06,2020,SC Freiburg,RB Leipzig,0,3,A,0,5.0,4.0,1.66,5.5,4.18,1.74,1586.7808288947901,1726.2627861839583,74,80,100,100,0.8200000000000001,2.35,7,15,39.45454545454545,56.07142857142857
2021-03-06,2020,Ein Frankfurt,VfB Stuttgart,1,1,D,1,1.95,3.75,3.75,2.0,4.0,4.2,1648.762315330324,1521.0868096060208,75,75,100,100,1.8800000000000003,1.6600000000000001,12,10,59.05555555555556,51.0
2021-03-06,2020,Hertha BSC,FC Augsburg,2,1,H,2,1.9,3.5,4.1,2.06,3.65,4.28,1443.226797167219,1479.9064987823685,76,74,100,100,1.28,0.7200000000000001,1,4,54.751082251082245,37.47402597402597
2021-03-07,2020,Arminia Bielefeld,Union Berlin,0,0,D,1,4.0,3.5,1.9,4.28,3.59,2.07,1450.3888274191038,1557.0408414753242,75,72,100,100,0.95,1.1700000000000002,1,6,29.383116883116884,33.3982683982684
2021-03-07,2020,FC Cologne,Werder Bremen,1,1,D,1,2.9,3.25,2.5,3.08,3.25,2.8,1458.7382049387802,1510.140813882173,75,77,100,100,0.9800000000000001,1.3,6,8,25.944444444444446,46.30952380952381
2021-03-10,2020,Arminia Bielefeld,Werder Bremen,0,2,A,0,3.3,3.3,2.2,3.47,3.31,2.38,1455.15166477445,1507.7907579171886,75,77,100,100,0.8800000000000001,1.34,2,6,39.383116883116884,48.80952380952381
2021-03-12,2020,FC Augsburg,Borussia Monchengladbach,3,1,H,2,4.0,3.8,1.85,4.4,3.9,1.92,1462.223583817494,1583.5400774257341,74,75,100,100,0.8600000000000001,1.02,4,1,38.51298701298701,54.76190476190476
2021-03-13,2020,FSV Mainz 05,SC Freiburg,1,0,H,2,2.55,3.5,2.62,2.78,3.54,2.81,1451.1416960630233,1576.8800073031537,75,74,100,100,1.61,0.74,8,7,62.5,32.78787878787879
2021-03-13,2020,Union Berlin,FC Cologne,2,1,H,2,1.9,3.5,4.2,2.03,3.52,4.4,1552.278004119978,1461.0882609037646,72,75,100,100,1.11,0.8800000000000001,6,4,39.76190476190476,33.44444444444444
2021-03-13,2020,Werder Bremen,Bayern Munich,1,3,A,0,10.0,6.5,1.25,11.2,7.1,1.29,1521.3850175239938,1818.573274523523,77,75,100,100,1.08,2.5800000000000005,8,10,31.666666666666664,72.5
2021-03-13,2020,VfL Wolfsburg,FC Schalke 04,5,0,H,2,1.33,5.25,9.0,1.39,5.6,10.21,1655.7515814103754,1370.2145898228548,77,77,100,100,1.86,0.79,10,2,56.31818181818183,46.97619047619047
2021-03-13,2020,Borussia Dortmund,Hertha BSC,2,0,H,2,1.5,4.5,6.0,1.54,4.91,6.66,1633.5537220099952,1460.9097121320935,82,76,100,100,1.59,1.4600000000000002,7,4,33.45238095238095,59.166666666666664
2021-03-14,2020,VfB Stuttgart,TSG Hoffenheim,2,0,H,2,2.45,3.6,2.7,2.57,3.9,2.87,1526.715373122997,1572.4930371515748,75,75,100,100,1.5699999999999998,1.44,8,8,49.03921568627451,54.53463203463203
2021-03-14,2020,Bayer Leverkusen,Arminia Bielefeld,1,2,A,0,1.36,4.75,9.0,1.41,5.3,9.0,1625.048929135007,1441.5574051676447,80,75,100,100,1.9599999999999997,1.17,8,2,61.21212121212121,46.883116883116884
2021-03-14,2020,RB Leipzig,Ein Frankfurt,1,1,D,1,1.8,3.8,4.2,1.86,3.98,4.58,1736.1636077755948,1643.1337518133478,80,75,100,100,2.56,1.9,15,10,59.404761904761905,67.07694592988712
2021-03-19,2020,Arminia Bielefeld,RB Leipzig,0,1,A,0,9.0,4.75,1.33,10.12,5.26,1.4,1465.3006238469593,1731.978957642418,75,80,100,100,1.28,2.38,4,13,48.311688311688314,53.33333333333333
2021-03-20,2020,Ein Frankfurt,Union Berlin,5,2,H,2,1.85,4.0,3.8,1.92,4.0,4.32,1647.3184019465245,1564.172406539045,75,72,100,100,1.7400000000000002,1.3400000000000003,8,9,62.92110177404294,44.76190476190476
2021-03-20,2020,Bayern Munich,VfB Stuttgart,4,0,H,2,1.2,7.0,11.0,1.26,7.8,11.42,1823.471388359848,1544.8113972309322,75,75,100,100,2.5900000000000007,1.3800000000000001,10,11,71.33116883116884,49.03921568627451
2021-03-20,2020,FC Cologne,Borussia Dortmund,2,2,D,1,8.0,4.75,1.4,8.0,5.05,1.47,1449.1938584846978,1642.1987924618543,75,82,100,100,0.9800000000000001,1.5299999999999998,1,10,39.44444444444444,43.45238095238095
2021-03-20,2020,FC Schalke 04,Borussia Monchengladbach,0,3,A,0,7.5,4.5,1.44,7.7,4.94,1.53,1365.0317247972955,1562.169750900363,77,75,100,100,0.8699999999999999,1.4000000000000004,2,1,59.02164502164502,56.943722943722946
2021-03-20,2020,Werder Bremen,VfL Wolfsburg,1,2,A,0,4.5,3.6,1.8,4.5,3.82,1.92,1516.4869036876687,1660.9344464359347,77,77,100,100,1.05,1.7700000000000002,7,10,21.121212121212118,54.5
2021-03-21,2020,Hertha BSC,Bayer Leverkusen,3,0,H,2,3.4,3.6,2.05,3.65,3.74,2.16,1452.2646416802345,1601.3057104556924,76,80,100,100,1.11,1.7899999999999998,4,5,54.88095238095239,64.06926406926407
2021-03-21,2020,SC Freiburg,FC Augsburg,2,0,H,2,1.95,3.4,4.0,2.02,3.69,4.08,1555.329767577887,1483.5939103428652,74,74,100,100,0.8100000000000002,0.95,4,7,42.78787878787879,27.6038961038961
2021-03-21,2020,TSG Hoffenheim,FSV Mainz 05,1,2,A,0,1.9,3.75,3.8,2.0,3.85,4.1,1554.3970130436396,1472.69193578829,75,75,100,100,1.6400000000000001,1.7,8,8,57.26190476190476,47.5
2021-04-03,2020,RB Leipzig,Bayern Munich,0,1,A,0,2.7,3.8,2.37,2.88,3.85,2.54,1737.6508051959584,1828.8285064719148,80,75,100,100,2.5,2.39,13,12,62.26190476190476,62.04545454545455
2021-04-03,2020,Bayer Leverkusen,FC Schalke 04,2,1,H,2,1.22,6.5,12.0,1.27,7.0,14.31,1578.834285224057,1357.2469853548293,80,77,100,100,1.61,0.85,4,1,67.40259740259742,46.32323232323232
2021-04-03,2020,Borussia Monchengladbach,SC Freiburg,2,1,H,2,1.75,4.0,4.1,1.88,4.15,4.6,1569.954490342829,1568.072366832044,75,74,100,100,1.61,0.8700000000000001,3,6,64.4992784992785,46.28787878787879
2021-04-03,2020,VfL Wolfsburg,FC Cologne,1,0,H,2,1.5,4.33,6.0,1.6,4.4,6.89,1670.6408956876844,1457.2681076355123,77,75,100,100,1.7100000000000002,1.06,12,2,57.5,49.28571428571429
2021-04-03,2020,FC Augsburg,TSG Hoffenheim,2,1,H,2,3.6,3.8,1.9,3.86,3.9,2.05,1470.8513110887081,1534.7022166180375,74,75,100,100,1.3400000000000003,1.44,7,7,28.675324675324674,43.3982683982684
2021-04-03,2020,Borussia Dortmund,Ein Frankfurt,1,2,A,0,1.72,4.2,4.2,1.86,4.25,4.58,1634.1245433110398,1659.5608478073918,82,75,100,100,1.64,1.5800000000000003,10,8,46.666666666666664,54.03221288515406
2021-04-03,2020,FSV Mainz 05,Arminia Bielefeld,1,1,D,1,1.72,3.6,4.75,1.89,3.88,5.0,1492.3867322138922,1459.628776293419,75,75,100,100,1.7100000000000002,1.1800000000000002,10,4,53.86363636363636,45.357142857142854
2021-04-04,2020,Union Berlin,Hertha BSC,1,1,D,1,2.4,3.3,2.87,2.61,3.34,3.04,1551.9299606781776,1474.7360669118698,72,76,100,100,1.5900000000000003,1.4100000000000001,8,6,55.23809523809523,44.88095238095237
2021-04-04,2020,VfB Stuttgart,Werder Bremen,1,0,H,2,1.9,3.6,4.0,2.01,3.78,4.07,1539.4542791188655,1506.780454435919,75,77,100,100,1.4300000000000002,1.25,10,7,60.705882352941174,19.454545454545453
2021-04-09,2020,Arminia Bielefeld,SC Freiburg,1,0,H,2,2.87,3.3,2.45,3.11,3.3,2.65,1461.1328815590111,1552.1590409749838,75,74,100,100,1.19,0.9700000000000001,5,6,51.642857142857146,59.621212121212125
2021-04-10,2020,Bayern Munich,Union Berlin,1,1,D,1,1.44,4.75,6.5,1.53,5.05,7.5,1840.7234269338066,1548.4324138692925,75,72,100,100,2.2199999999999998,1.5100000000000002,15,6,56.21212121212121,49.904761904761905
2021-04-10,2020,Ein Frankfurt,VfL Wolfsburg,4,3,H,2,2.37,3.5,2.9,2.52,3.63,3.09,1674.3915510679317,1677.888381166063,75,77,100,100,1.4900000000000002,1.73,8,12,49.86554621848739,54.06565656565657
2021-04-10,2020,Hertha BSC,Borussia Monchengladbach,2,2,D,1,3.2,3.5,2.2,3.3,3.68,2.35,1478.2336137207549,1585.8678161998894,76,75,100,100,1.25,1.7600000000000002,7,6,48.30952380952381,54.4992784992785
2021-04-10,2020,Werder Bremen,RB Leipzig,1,4,A,0,8.0,4.75,1.4,8.01,5.07,1.46,1492.2807194663737,1725.7558847340665,77,80,100,100,1.1300000000000001,2.33,4,10,15.454545454545453,64.16666666666666
2021-04-10,2020,VfB Stuttgart,Borussia Dortmund,2,3,A,0,4.0,3.8,1.83,4.15,4.2,1.92,1553.9540140884108,1619.2938400505,75,82,100,100,1.48,1.7899999999999998,10,7,60.705882352941174,56.66666666666667
2021-04-11,2020,FC Schalke 04,FC Augsburg,1,0,H,2,3.2,3.4,2.25,3.44,3.5,2.38,1350.2611574359132,1489.7590914073548,77,74,100,100,0.76,1.31,1,9,41.87878787878789,28.008658008658006
2021-04-11,2020,FC Cologne,FSV Mainz 05,2,3,A,0,3.0,3.3,2.4,3.17,3.42,2.54,1450.0206221571336,1490.8826269483,75,75,100,100,1.11,1.7100000000000002,2,8,58.17460317460318,51.86363636363636
2021-04-12,2020,TSG Hoffenheim,Bayer Leverkusen,0,0,D,1,2.87,3.6,2.3,3.03,3.74,2.46,1515.7944362993908,1585.8201131429732,75,80,100,100,1.48,1.53,4,6,46.731601731601735,62.5137085137085
2021-04-16,2020,RB Leipzig,TSG Hoffenheim,0,0,D,1,1.36,5.25,7.5,1.43,5.25,8.7,1732.3752284708705,1518.9762695101422,80,75,100,100,1.9200000000000004,1.19,10,4,65.5952380952381,45.303030303030305
2021-04-17,2020,Borussia Monchengladbach,Ein Frankfurt,4,0,H,2,2.5,3.6,2.6,2.63,3.93,2.75,1581.0637902069152,1690.5525806077837,75,75,100,100,1.8600000000000005,1.49,7,11,47.35642135642135,39.86554621848739
2021-04-17,2020,FC Augsburg,Arminia Bielefeld,0,0,D,1,2.45,3.3,2.9,2.63,3.43,3.19,1467.6592841707077,1481.2314409972728,74,75,100,100,1.4000000000000001,1.3199999999999998,6,7,32.508658008658,54.97619047619048
2021-04-17,2020,SC Freiburg,FC Schalke 04,4,0,H,2,1.65,4.2,4.75,1.75,4.2,5.25,1532.0604815367221,1372.3609646725604,74,77,100,100,0.9700000000000001,0.6,3,4,60.83333333333333,40.878787878787875
2021-04-17,2020,Bayer Leverkusen,FC Cologne,3,0,H,2,1.61,3.9,5.5,1.68,4.22,6.0,1582.6382799322218,1435.8937584511314,80,75,100,100,1.3900000000000001,1.31,7,2,57.96825396825396,53.88888888888889
2021-04-17,2020,VfL Wolfsburg,Bayern Munich,2,3,A,0,3.5,4.0,1.9,4.0,4.12,1.97,1661.727351626211,1829.7396340706412,77,75,100,100,2.0200000000000005,2.01,9,13,60.56565656565656,63.98989898989898
2021-04-17,2020,Union Berlin,VfB Stuttgart,2,1,H,2,2.2,3.5,3.1,2.4,3.64,3.32,1559.416206732458,1540.9280450774393,72,75,100,100,1.57,1.1400000000000001,6,7,43.55555555555556,55.160427807486634
2021-04-18,2020,Borussia Dortmund,Werder Bremen,4,1,H,2,1.36,5.25,7.0,1.42,5.3,8.26,1632.3198090614715,1485.6613757295697,82,77,100,100,1.6900000000000002,1.01,7,3,56.926406926406926,20.454545454545453
2021-04-20,2020,FC Cologne,RB Leipzig,2,1,H,2,8.0,4.75,1.4,8.12,5.0,1.46,1426.276489328072,1723.6218694227116,75,80,100,100,1.2100000000000002,1.6900000000000002,1,8,50.88888888888889,68.26190476190476
2021-04-20,2020,Bayern Munich,Bayer Leverkusen,2,0,H,2,1.4,5.0,7.0,1.49,5.3,7.08,1838.5539587492963,1592.255549055281,75,80,100,100,1.9000000000000004,1.3400000000000003,13,7,53.08080808080808,55.301587301587304
2021-04-20,2020,Arminia Bielefeld,FC Schalke 04,1,0,H,2,1.72,3.6,5.25,1.8,3.86,5.25,1480.6067378069229,1363.2377753713395,75,77,100,100,0.9399999999999998,0.62,8,3,40.976190476190474,47.307359307359306
2021-04-20,2020,Ein Frankfurt,FC Augsburg,2,0,H,2,1.44,4.75,7.0,1.47,5.25,7.8,1669.6709722880155,1468.2839873610576,75,74,100,100,1.34,1.3800000000000001,10,7,35.238095238095234,43.65151515151515
2021-04-21,2020,TSG Hoffenheim,Borussia Monchengladbach,3,2,H,2,3.1,3.75,2.15,3.22,3.95,2.29,1527.729628558301,1601.9453985266834,75,75,100,100,0.9999999999999998,2.02,2,10,44.303030303030305,47.35642135642136
2021-04-21,2020,Borussia Dortmund,Union Berlin,2,0,H,2,1.5,4.33,6.5,1.57,4.7,6.75,1641.9404121174198,1574.5655981464174,82,72,100,100,2.08,1.6300000000000003,10,8,69.65367965367965,43.55555555555556
2021-04-21,2020,Werder Bremen,FSV Mainz 05,0,1,A,0,3.1,3.25,2.37,3.22,3.4,2.5,1476.0407726736214,1505.0094906543022,77,75,100,100,1.1,1.7400000000000002,0,11,27.727272727272727,53.64935064935065
2021-04-21,2020,VfB Stuttgart,VfL Wolfsburg,1,3,A,0,3.4,3.8,2.0,3.5,3.95,2.15,1525.7786536634799,1652.9130269475559,75,77,100,100,1.1900000000000002,1.8399999999999999,6,9,60.45454545454545,56.474747474747474
2021-04-23,2020,FC Augsburg,FC Cologne,2,3,A,0,2.87,3.3,2.45,3.04,3.36,2.63,1460.6424276110263,1453.3821264121573,74,75,100,100,1.46,1.0899999999999999,4,4,50.166666666666664,40.88888888888889
2021-04-24,2020,Bayer Leverkusen,Ein Frankfurt,3,1,H,2,2.15,3.9,2.87,2.36,3.98,3.04,1586.0153727271138,1677.3125320380468,80,75,100,100,1.0,1.49,7,12,48.44444444444444,38.333333333333336
2021-04-24,2020,SC Freiburg,TSG Hoffenheim,1,1,D,1,2.7,3.5,2.45,2.87,3.79,2.63,1541.183670837943,1547.0963392816857,74,75,100,100,1.33,1.07,6,5,62.73809523809523,45.41414141414142
2021-04-24,2020,FSV Mainz 05,Bayern Munich,2,1,H,2,9.0,5.5,1.3,9.5,6.31,1.35,1519.6785147781845,1844.7941350774636,75,75,100,100,1.8000000000000003,2.06,13,13,44.36363636363636,52.535353535353536
2021-04-24,2020,Union Berlin,Werder Bremen,3,1,H,2,1.85,3.4,4.5,1.97,3.66,4.51,1561.6300065044547,1461.371748549739,72,77,100,100,1.32,1.19,5,0,42.12698412698413,36.558441558441565
2021-04-24,2020,VfL Wolfsburg,Borussia Dortmund,0,2,A,0,3.0,3.75,2.15,3.3,4.1,2.19,1663.3063115240077,1654.8760037593825,77,82,100,100,1.6900000000000002,2.43,9,10,55.02020202020201,61.082251082251084
2021-04-25,2020,Borussia Monchengladbach,Arminia Bielefeld,5,0,H,2,1.6,4.2,5.25,1.68,4.2,6.5,1582.5786878032989,1491.3983322115535,75,75,100,100,1.6300000000000001,0.9400000000000001,10,8,38.06349206349206,47.166666666666664
2021-04-25,2020,RB Leipzig,VfB Stuttgart,2,0,H,2,1.36,5.5,7.0,1.42,5.5,8.21,1696.5162323386264,1515.385369087028,80,75,100,100,1.7,1.23,7,3,76.83333333333333,66.45454545454545
2021-05-03,2020,FSV Mainz 05,Hertha BSC,1,1,D,1,2.45,3.25,2.9,2.49,3.66,3.07,1547.410789604361,1483.037639713729,75,76,100,100,1.6600000000000001,1.6600000000000001,13,8,52.36363636363636,51.52380952380952
2021-05-06,2020,Hertha BSC,SC Freiburg,3,0,H,2,2.0,3.5,3.6,2.1,3.75,3.82,1485.9686695721882,1541.4559329992398,76,74,100,100,1.48,1.5100000000000002,6,7,42.38095238095238,53.64718614718614
2021-05-07,2020,VfB Stuttgart,FC Augsburg,2,1,H,2,2.2,3.5,3.1,2.33,3.6,3.45,1507.045063365199,1444.3081270438834,75,74,100,100,0.97,1.28,3,4,53.272727272727266,50.99999999999999
2021-05-08,2020,Borussia Dortmund,RB Leipzig,3,2,H,2,2.15,3.75,3.1,2.33,3.96,3.4,1671.2641576056556,1704.8565380604555,82,80,100,100,2.3800000000000003,1.86,12,7,58.70129870129871,77.5151515151515
2021-05-08,2020,TSG Hoffenheim,FC Schalke 04,4,2,H,2,1.2,7.0,13.0,1.26,7.0,14.0,1546.824077120389,1352.4461809667089,75,77,100,100,1.23,0.5,6,3,50.86868686868687,39.42857142857142
2021-05-08,2020,Werder Bremen,Bayer Leverkusen,0,0,D,1,4.33,3.75,1.8,4.5,3.96,1.88,1449.8647861837178,1606.1255909277459,77,80,100,100,1.2100000000000002,1.45,0,10,34.63536463536464,44.20202020202019
2021-05-08,2020,VfL Wolfsburg,Union Berlin,3,0,H,2,1.75,3.75,4.75,1.83,3.92,4.94,1646.9181576777346,1573.136968870476,77,72,100,100,1.6200000000000003,1.1700000000000002,6,8,56.686868686868685,45.71672771672772
2021-05-08,2020,Bayern Munich,Borussia Monchengladbach,6,0,H,2,1.33,5.75,7.5,1.4,6.1,8.8,1817.061860251287,1594.4734940760522,75,75,100,100,1.9600000000000002,1.8200000000000003,10,10,59.535353535353536,38.507936507936506
2021-05-09,2020,FC Cologne,SC Freiburg,1,4,A,0,2.0,3.6,3.6,2.11,3.85,3.72,1469.7164269793002,1522.92215550705,75,74,100,100,1.2900000000000003,1.6000000000000003,6,4,33.269841269841265,58.14718614718614
2021-05-09,2020,Ein Frankfurt,FSV Mainz 05,1,1,D,1,1.75,4.2,4.0,1.93,4.28,4.22,1657.2023138374147,1544.479759745902,75,75,100,100,1.48,1.7400000000000002,9,11,42.57575757575758,48.0
2021-05-09,2020,Hertha BSC,Arminia Bielefeld,0,0,D,1,1.83,3.6,4.33,1.97,3.83,4.37,1504.502447064378,1479.5035259388,76,75,100,100,1.8099999999999998,1.19,9,8,50.38095238095238,48.666666666666664
2021-05-12,2020,FC Schalke 04,Hertha BSC,1,2,A,0,7.0,4.5,1.44,7.6,4.93,1.49,1344.5674617441734,1503.3531868297887,77,76,100,100,0.6,1.55,3,7,39.98412698412697,55.14285714285713
2021-05-15,2020,Hertha BSC,FC Cologne,0,0,D,1,2.5,3.4,2.8,2.68,3.47,2.9,1512.5107228566342,1456.1476656822128,76,75,100,100,1.89,1.41,9,6,60.64285714285713,36.38095238095238
2021-05-15,2020,FC Augsburg,Werder Bremen,2,0,H,2,2.45,3.25,3.0,2.66,3.3,3.01,1431.1662727789512,1456.6119443949742,74,77,100,100,1.69,1.25,1,1,64.80952380952381,42.63536463536464
2021-05-15,2020,Arminia Bielefeld,TSG Hoffenheim,1,1,D,1,2.62,3.75,2.4,2.78,3.81,2.59,1480.6527861733894,1554.7027963429243,75,75,100,100,1.3399999999999999,1.5100000000000002,8,9,45.238095238095234,49.2020202020202
2021-05-15,2020,SC Freiburg,Bayern Munich,2,2,D,1,10.0,5.25,1.3,10.0,6.19,1.36,1536.4909168041374,1824.0162710069753,74,75,100,100,1.7200000000000002,2.17,7,10,46.14718614718614,65.36868686868686
2021-05-15,2020,Borussia Monchengladbach,VfB Stuttgart,1,2,A,0,1.6,4.5,4.75,1.72,4.78,4.8,1587.519083320364,1520.1869176301311,75,75,100,100,1.65,1.0900000000000003,7,3,46.007936507936506,36.12987012987013
2021-05-15,2020,FC Schalke 04,Ein Frankfurt,4,3,H,2,13.0,7.0,1.2,13.0,7.5,1.25,1335.409925717328,1652.1860339616478,77,75,100,100,0.64,1.5100000000000002,3,7,33.595238095238095,55.24242424242425
2021-05-15,2020,Bayer Leverkusen,Union Berlin,1,1,D,1,1.83,3.8,3.9,1.95,3.98,4.3,1599.3784327164894,1560.4845474774268,80,72,100,100,1.61,1.0700000000000003,8,7,45.090909090909086,46.28815628815629
2021-05-16,2020,FSV Mainz 05,Borussia Dortmund,1,3,A,0,6.0,5.0,1.44,7.1,5.25,1.48,1549.4960396216688,1688.8063412852714,75,82,100,100,1.6,2.21,11,15,44.0,52.03463203463203
2021-05-16,2020,RB Leipzig,VfL Wolfsburg,2,2,D,1,2.1,3.5,3.4,2.29,3.55,3.64,1687.3143543808396,1659.5705790707839,80,77,100,100,2.0300000000000002,1.7400000000000002,7,6,74.18181818181817,57.004329004328994
2021-05-22,2020,TSG Hoffenheim,Hertha BSC,2,1,H,2,1.9,3.8,3.8,1.98,4.2,3.8,1551.3433818879898,1509.9376407952145,75,76,100,100,1.6800000000000004,1.3800000000000001,9,9,44.916305916305916,48.26190476190476
2021-05-22,2020,VfB Stuttgart,Arminia Bielefeld,0,2,A,0,2.37,3.75,2.75,2.5,4.1,2.79,1539.2494339622344,1484.0122006283236,75,75,100,100,1.2300000000000002,1.45,6,6,37.341991341991346,46.19047619047619
2021-05-22,2020,Werder Bremen,Borussia Monchengladbach,2,4,A,0,2.7,4.0,2.37,2.76,4.14,2.55,1439.4422185884448,1568.4565669882606,77,75,100,100,1.42,1.67,1,6,42.63536463536464,55.05555555555556
2021-05-22,2020,Union Berlin,RB Leipzig,2,1,H,2,3.0,3.75,2.2,3.11,4.0,2.36,1562.2682323643248,1686.0394150450552,72,80,100,100,1.32,2.0900000000000003,7,5,55.17704517704518,79.89610389610388
2021-05-22,2020,VfL Wolfsburg,FSV Mainz 05,2,3,A,0,1.6,4.2,5.25,1.7,4.5,5.25,1660.8455184065683,1539.5884604236915,77,75,100,100,1.5400000000000003,1.56,7,8,47.290043290043286,43.047619047619044
2021-05-22,2020,Ein Frankfurt,SC Freiburg,3,1,H,2,2.0,4.33,3.1,2.12,4.4,3.17,1624.634457966428,1547.3575741874436,75,74,100,100,1.8200000000000003,1.83,4,8,67.81385281385282,46.14718614718614
2021-05-22,2020,Borussia Dortmund,Bayer Leverkusen,3,1,H,2,1.5,4.5,6.0,1.6,5.0,6.0,1698.7139204832488,1597.5947478295914,82,80,100,100,2.04,1.5899999999999999,15,8,44.15584415584415,43.97979797979798
2021-05-22,2020,Bayern Munich,FC Augsburg,5,2,H,2,1.12,9.0,17.0,1.15,11.25,26.0,1813.1496136236692,1448.3359985854806,75,74,100,100,2.35,1.8299999999999996,10,4,60.92424242424242,62.80952380952381
2021-05-22,2020,FC Cologne,FC Schalke 04,1,0,H,2,1.33,5.5,8.5,1.38,6.0,8.8,1458.7207477436325,1362.9615017125477,75,77,100,100,1.2600000000000002,0.8400000000000001,7,3,47.33333333333333,27.023809523809526
2021-08-13,2021,Borussia Monchengladbach,Bayern Munich,1,1,D,1,4.33,4.5,1.66,4.82,4.5,1.77,1578.7740509959435,1816.6405999996762,75,75,100,100,1.7899999999999998,2.6100000000000003,6,10,58.222222222222214,68.5
2021-08-14,2021,Arminia Bielefeld,SC Freiburg,0,0,D,1,2.8,3.4,2.5,3.07,3.49,2.65,1502.53475129031,1534.8587600132455,72,74,100,100,1.56,1.73,8,5,53.52380952380952,39.7979797979798
2021-08-14,2021,Union Berlin,Bayer Leverkusen,1,1,D,1,2.75,3.4,2.55,2.89,3.59,2.7,1583.7386273964198,1586.1242801714782,73,79,100,100,1.3800000000000001,1.75,7,5,59.17704517704518,49.31313131313131
2021-08-14,2021,VfB Stuttgart,Greuther Furth,5,1,H,2,1.83,4.0,4.0,1.91,4.12,4.32,1520.7268833002481,1376.2609135349423,73,75,100,100,1.1700000000000002,1.6099999999999999,6,6,34.008658008658,34.21467421467422
2021-08-14,2021,Borussia Dortmund,Ein Frankfurt,5,2,H,2,1.4,5.5,6.5,1.47,5.65,7.0,1710.184388141362,1637.133272140626,81,75,100,100,1.75,2.08,15,7,38.09523809523809,74.92496392496393
2021-08-14,2021,VfL Wolfsburg,VfL Bochum,1,0,H,2,1.53,4.5,5.75,1.63,4.52,6.2,1639.4776207752452,1500.0,78,75,100,100,1.7100000000000002,1.0,7,0,46.38095238095238,50.0
2021-08-14,2021,FC Augsburg,TSG Hoffenheim,0,4,A,0,3.2,3.75,2.1,3.34,3.89,2.25,1444.8450122094737,1565.445553344677,74,75,100,100,1.9099999999999997,2.0300000000000002,3,11,52.142857142857146,52.34487734487734
2021-08-15,2021,FSV Mainz 05,RB Leipzig,1,0,H,2,8.0,5.5,1.33,9.1,5.8,1.39,1560.9563580550146,1664.5690200129602,73,80,100,100,1.6900000000000002,2.3200000000000003,8,4,47.33333333333333,69.8961038961039
2021-08-15,2021,FC Cologne,Hertha BSC,3,1,H,2,2.55,3.4,2.75,2.7,3.49,2.9,1470.4192448893493,1495.8354693385274,75,76,100,100,1.6400000000000001,1.4000000000000001,10,8,48.66666666666667,48.83333333333333
2021-08-20,2021,RB Leipzig,VfB Stuttgart,4,0,H,2,1.36,5.25,7.0,1.5,5.25,8.2,1643.9340770205754,1530.4326152676908,80,73,100,100,2.08,1.8,4,9,63.646103896103895,34.37229437229437
2021-08-21,2021,Hertha BSC,VfL Wolfsburg,1,2,A,0,3.0,3.4,2.37,3.25,3.6,2.44,1478.6670923845143,1649.3786130520928,76,78,100,100,1.34,1.9900000000000002,5,7,51.94444444444444,56.666666666666664
2021-08-21,2021,Bayer Leverkusen,Borussia Monchengladbach,4,0,H,2,2.2,3.75,3.0,2.41,3.85,3.06,1586.0144185277304,1588.2864405416187,79,75,100,100,1.8900000000000001,1.9300000000000002,6,7,60.45598845598845,54.78787878787879
2021-08-21,2021,Greuther Furth,Arminia Bielefeld,1,1,D,1,2.55,3.4,2.7,2.67,3.5,2.9,1366.5551815674996,1504.0190468367,75,72,100,100,1.58,1.52,3,6,33.40659340659341,46.34432234432234
2021-08-21,2021,SC Freiburg,Borussia Dortmund,2,1,H,2,5.5,4.75,1.5,5.75,4.84,1.59,1533.3744644668554,1722.8689729747912,74,81,100,100,1.6800000000000002,1.5,5,15,42.73504273504273,40.666666666666664
2021-08-21,2021,Ein Frankfurt,FC Augsburg,0,0,D,1,1.57,4.5,5.25,1.65,4.54,5.4,1624.448687307197,1434.1860621195483,75,74,100,100,2.04,1.6799999999999997,4,3,69.25829725829726,54.71861471861471
2021-08-21,2021,VfL Bochum,FSV Mainz 05,2,0,H,2,2.62,3.5,2.62,2.75,3.7,2.75,1490.0990077231525,1581.5913010473994,75,73,100,100,0.55,1.6,0,8,28.57142857142857,45.58333333333333
2021-08-22,2021,TSG Hoffenheim,Union Berlin,2,2,D,1,2.0,3.6,3.6,2.15,3.77,3.84,1576.1045034346023,1583.8484890401676,75,73,100,100,2.07,1.52,11,8,50.32467532467532,53.46275946275946
2021-08-22,2021,Bayern Munich,FC Cologne,3,2,H,2,1.11,11.0,16.0,1.16,11.0,23.59,1807.128210454001,1487.5876218433625,75,75,100,100,2.5900000000000003,1.8200000000000003,8,10,69.04545454545455,57.55555555555556
2021-08-27,2021,Borussia Dortmund,TSG Hoffenheim,3,2,H,2,1.4,5.5,6.5,1.48,5.75,7.2,1698.9158293142375,1576.461068105914,81,75,100,100,1.53,1.94,12,11,57.33333333333333,52.142857142857146
2021-08-28,2021,Bayern Munich,Hertha BSC,5,0,H,2,1.14,9.0,15.0,1.21,9.0,17.0,1811.5160341238031,1469.9516536028902,75,76,100,100,2.68,1.35,11,4,65.61688311688312,50.51587301587301
2021-08-28,2021,VfB Stuttgart,SC Freiburg,2,3,A,0,2.15,3.6,3.2,2.3,3.83,3.4,1519.4812166149677,1557.3276081274091,73,74,100,100,2.0900000000000003,1.61,9,8,37.55411255411256,30.735042735042736
2021-08-28,2021,FSV Mainz 05,Greuther Furth,3,0,H,2,1.66,4.0,5.0,1.76,4.2,5.5,1561.4726908238265,1372.574752869958,73,75,100,100,1.36,1.4600000000000002,7,4,49.13888888888889,42.4975024975025
2021-08-28,2021,Arminia Bielefeld,Ein Frankfurt,1,1,D,1,3.3,3.6,2.1,3.56,3.8,2.18,1497.9994755342416,1616.4689398281428,72,75,100,100,1.3900000000000001,2.16,7,5,42.34432234432234,75.4920634920635
2021-08-28,2021,FC Augsburg,Bayer Leverkusen,1,4,A,0,4.75,3.8,1.72,5.1,4.08,1.79,1442.1658095986024,1602.1190475166923,74,79,100,100,1.3900000000000001,1.6800000000000002,4,6,44.242424242424235,65.36507936507937
2021-08-28,2021,FC Cologne,VfL Bochum,2,1,H,2,1.83,3.75,4.2,1.93,3.88,4.3,1483.1997981735603,1510.2176179467253,75,75,100,100,1.6600000000000001,1.0,7,3,62.317460317460316,25.396825396825395
2021-08-29,2021,Union Berlin,Borussia Monchengladbach,2,1,H,2,2.45,3.25,2.9,2.81,3.46,2.95,1583.491924368856,1572.1818115526569,73,75,100,100,1.5400000000000003,1.6,6,4,45.63059163059163,44.78787878787879
2021-08-29,2021,VfL Wolfsburg,RB Leipzig,1,0,H,2,3.6,3.5,2.05,3.7,3.73,2.2,1658.0940518337168,1654.8854756732985,78,80,100,100,1.94,2.1,10,4,50.0,60.46428571428571
2021-09-11,2021,Greuther Furth,VfL Wolfsburg,0,2,A,0,5.5,4.33,1.57,6.0,4.5,1.63,1364.5071938441197,1673.9462956414543,75,78,100,100,1.3199999999999998,1.61,1,10,44.05594405594406,48.57142857142857
2021-09-11,2021,Union Berlin,FC Augsburg,0,0,D,1,1.7,3.75,5.0,1.8,4.2,5.05,1598.9712583300434,1433.0521431710501,73,74,100,100,1.6900000000000002,1.12,9,4,43.725829725829726,37.099567099567096
2021-09-11,2021,Bayer Leverkusen,Borussia Dortmund,3,4,A,0,3.1,3.8,2.15,3.26,4.0,2.25,1611.2327139442446,1709.4990403163158,79,81,100,100,1.7100000000000002,1.97,8,12,63.36507936507936,54.6060606060606
2021-09-11,2021,RB Leipzig,Bayern Munich,1,4,A,0,3.0,3.8,2.2,3.13,4.06,2.32,1639.033231865561,1815.4455492363406,80,75,100,100,1.8800000000000001,2.5900000000000003,4,11,60.46428571428571,67.66233766233766
2021-09-11,2021,TSG Hoffenheim,FSV Mainz 05,0,2,A,0,2.0,3.75,3.5,2.08,4.0,3.7,1565.8778571038356,1569.5402498496649,75,73,100,100,1.55,1.7100000000000002,8,9,49.870129870129865,57.86616161616162
2021-09-11,2021,SC Freiburg,FC Cologne,1,1,D,1,2.2,3.6,3.1,2.25,3.83,3.43,1571.5915784762562,1500.4415128109622,74,75,100,100,1.6800000000000002,1.81,8,10,30.427350427350426,60.317460317460316
2021-09-12,2021,Ein Frankfurt,VfB Stuttgart,1,1,D,1,2.0,3.75,3.5,2.12,3.98,3.65,1611.215271464474,1505.2172462661206,75,73,100,100,2.1,2.16,5,6,69.4920634920635,47.00466200466201
2021-09-12,2021,VfL Bochum,Hertha BSC,1,3,A,0,2.8,3.4,2.5,2.95,3.45,2.7,1492.9759033093235,1466.0221384903527,75,76,100,100,0.9,1.1300000000000001,3,1,33.597883597883595,38.470418470418466
2021-09-12,2021,Borussia Monchengladbach,Arminia Bielefeld,3,1,H,2,1.44,4.75,7.0,1.52,4.84,7.53,1556.7024775914695,1503.2531438979104,75,72,100,100,1.7600000000000002,1.41,4,7,50.62121212121212,43.77289377289377
2021-09-17,2021,Hertha BSC,Greuther Furth,2,1,H,2,1.75,3.75,4.2,1.88,3.9,5.0,1483.2609210126884,1359.8945278899337,76,75,100,100,1.29,1.09,3,1,39.58152958152958,43.86363636363636
2021-09-18,2021,FC Cologne,RB Leipzig,1,1,D,1,4.5,4.0,1.72,4.65,4.05,1.83,1503.6730461306254,1630.524344227222,75,80,100,100,1.9299999999999997,1.8400000000000003,10,3,50.317460317460316,49.75
2021-09-18,2021,FSV Mainz 05,SC Freiburg,0,0,D,1,2.0,3.6,3.6,2.13,3.68,3.76,1585.3715966775492,1568.360045156593,73,74,100,100,1.6900000000000002,1.61,12,8,55.64393939393939,37.09401709401709
2021-09-18,2021,Bayern Munich,VfL Bochum,7,0,H,2,1.06,13.0,29.0,1.09,15.0,41.0,1823.9544368746797,1475.7371207869878,75,75,100,100,2.6100000000000003,1.1625,13,3,69.32900432900433,44.64285714285714
2021-09-18,2021,FC Augsburg,Borussia Monchengladbach,1,0,H,2,4.2,4.0,1.8,4.5,4.1,1.89,1440.1606589151736,1570.260280653813,74,75,100,100,1.06,1.8400000000000003,2,7,35.099567099567096,45.85930735930736
2021-09-18,2021,Arminia Bielefeld,TSG Hoffenheim,0,0,D,1,3.5,3.6,2.05,3.8,3.75,2.2,1489.6953408355669,1550.0465102759513,72,75,100,100,1.4600000000000002,1.48,6,7,40.91575091575091,53.044733044733036
2021-09-19,2021,VfL Wolfsburg,Ein Frankfurt,1,1,D,1,1.8,3.8,4.33,1.9,3.93,4.5,1678.5589615956403,1606.4798980173496,78,75,100,100,1.59,1.8800000000000001,12,6,56.78571428571429,60.92063492063492
2021-09-19,2021,VfB Stuttgart,Bayer Leverkusen,1,3,A,0,3.3,3.75,2.1,3.42,3.99,2.27,1509.952619713245,1599.6411181039734,73,79,100,100,1.98,1.7700000000000002,4,7,50.33799533799534,65.9047619047619
2021-09-19,2021,Borussia Dortmund,Union Berlin,4,2,H,2,1.36,5.25,8.0,1.42,5.65,8.9,1721.090636156587,1591.86274258592,81,73,100,100,2.1100000000000003,1.6900000000000002,12,9,56.51082251082251,44.614718614718605
2021-09-24,2021,Greuther Furth,Bayern Munich,1,3,A,0,23.0,13.0,1.07,29.0,13.74,1.13,1349.3484541973946,1827.7538371824544,75,75,100,100,1.17,2.67,1,13,44.56293706293707,62.66233766233766
2021-09-25,2021,Borussia Monchengladbach,Borussia Dortmund,1,0,H,2,4.33,4.2,1.72,4.33,4.5,1.85,1548.534138662434,1731.3995283653076,75,81,100,100,1.52,2.1399999999999997,4,12,48.35930735930735,56.510822510822514
2021-09-25,2021,Union Berlin,Arminia Bielefeld,1,0,H,2,1.66,3.8,5.5,1.76,3.9,5.55,1581.5538503771993,1492.446994915824,73,72,100,100,1.7100000000000002,1.4,6,4,43.94805194805194,36.67332667332668
2021-09-25,2021,RB Leipzig,Hertha BSC,6,0,H,2,1.3,5.5,10.0,1.39,5.75,10.0,1624.9290674072465,1493.8069947052275,80,76,100,100,1.9300000000000002,1.27,4,6,58.03571428571429,44.85625485625486
2021-09-25,2021,TSG Hoffenheim,VfL Wolfsburg,3,1,H,2,2.75,3.5,2.5,3.0,3.6,2.56,1547.2948561956941,1675.2864137584265,75,78,100,100,1.35,1.6200000000000003,5,13,52.525252525252526,59.51298701298701
2021-09-25,2021,Ein Frankfurt,FC Cologne,1,1,D,1,2.0,3.75,3.5,2.1,4.0,3.66,1609.7524458545631,1509.2683229506008,75,75,100,100,1.4000000000000001,1.7100000000000002,4,8,50.41558441558442,42.69841269841269
2021-09-25,2021,Bayer Leverkusen,FSV Mainz 05,1,0,H,2,1.72,4.0,4.5,1.8,4.15,4.75,1611.6001746038023,1584.588811226925,79,73,100,100,1.56,1.45,10,10,67.57142857142858,55.6439393939394
2021-09-26,2021,SC Freiburg,FC Augsburg,3,0,H,2,1.85,3.6,4.33,1.95,3.9,4.54,1569.1428306072173,1461.8868009065525,74,74,100,100,1.4100000000000001,0.89,9,5,44.871794871794876,36.76623376623377
2021-09-26,2021,VfL Bochum,VfB Stuttgart,0,0,D,1,3.0,3.5,2.3,3.21,3.68,2.4,1471.937720479213,1497.993563213416,75,73,100,100,1.02,2.37,3,4,45.71428571428571,48.67132867132867
2021-10-01,2021,FC Cologne,Greuther Furth,3,1,H,2,1.4,5.0,7.0,1.53,5.0,7.61,1513.7709400715928,1347.4327585347216,75,75,100,100,1.5900000000000003,1.28,6,1,43.04029304029304,54.25990675990677
2021-10-02,2021,RB Leipzig,VfL Bochum,3,0,H,2,1.2,7.0,12.0,1.24,7.3,14.52,1635.161913886005,1473.1353919027706,80,75,100,100,2.32,1.21,7,4,57.61904761904761,55.55555555555556
2021-10-02,2021,VfB Stuttgart,TSG Hoffenheim,3,1,H,2,2.62,3.75,2.45,2.75,4.08,2.57,1496.7958917898586,1568.9361691656836,73,75,100,100,1.67,1.11,2,5,36.75213675213676,57.72005772005772
2021-10-02,2021,VfL Wolfsburg,Borussia Monchengladbach,1,3,A,0,2.1,3.6,3.4,2.27,3.65,3.48,1653.645100788437,1572.2552568451467,78,75,100,100,1.26,1.4700000000000002,10,6,50.941558441558435,59.57142857142858
2021-10-02,2021,Borussia Dortmund,FC Augsburg,2,1,H,2,1.22,6.5,12.0,1.26,7.25,13.5,1707.678410182595,1450.6749762509262,81,74,100,100,1.8199999999999998,0.9799999999999999,9,5,45.84415584415585,32.52380952380952
2021-10-02,2021,Hertha BSC,SC Freiburg,1,2,A,0,2.9,3.4,2.4,3.0,3.48,2.6,1483.5741482264689,1580.3546552628436,76,74,100,100,1.1300000000000001,1.58,6,11,40.41181041181041,44.35897435897436
2021-10-03,2021,Arminia Bielefeld,Bayer Leverkusen,0,4,A,0,5.0,4.0,1.61,5.45,4.21,1.73,1480.4628507354869,1626.358755504095,72,79,100,100,1.31,1.7600000000000002,3,12,39.40836940836941,63.76190476190476
2021-10-03,2021,Bayern Munich,Ein Frankfurt,1,2,A,0,1.16,8.0,15.0,1.2,9.8,17.25,1829.6695328451274,1605.2498287335711,75,75,100,100,2.35,1.3800000000000001,15,5,54.78354978354978,55.18481518481519
2021-10-03,2021,FSV Mainz 05,Union Berlin,1,2,A,0,2.05,3.5,3.6,2.15,3.5,3.89,1569.8302303266323,1593.5379945575364,73,73,100,100,1.64,1.7600000000000002,7,8,56.06060606060606,52.20202020202019
2021-10-15,2021,TSG Hoffenheim,FC Cologne,5,0,H,2,2.0,3.9,3.3,2.23,3.96,3.45,1549.6609203570242,1522.6469432217973,75,75,100,100,1.2100000000000002,1.8699999999999999,4,9,52.964812964812964,49.38949938949939
2021-10-16,2021,Union Berlin,VfL Wolfsburg,2,0,H,2,2.7,3.25,2.7,2.9,3.32,2.86,1608.4479030409634,1633.964050130765,73,78,100,100,1.6000000000000003,1.32,10,7,57.3968253968254,48.941558441558435
2021-10-16,2021,Ein Frankfurt,Hertha BSC,1,2,A,0,1.75,3.8,4.5,1.79,4.08,4.94,1630.3526276600896,1471.9192480617746,75,76,100,100,1.15,1.09,7,6,39.86013986013986,36.56565656565657
2021-10-16,2021,SC Freiburg,RB Leipzig,1,1,D,1,4.0,4.0,1.85,4.29,4.0,1.96,1592.0095554275376,1644.1979887053715,74,80,100,100,1.59,2.13,11,7,58.2051282051282,50.61904761904762
2021-10-16,2021,Greuther Furth,VfL Bochum,0,1,A,0,2.37,3.5,2.9,2.5,3.56,3.03,1338.5567553845171,1464.0993170834042,75,75,100,100,1.07,1.0900000000000003,0,1,36.482128982128984,63.11111111111111
2021-10-16,2021,Borussia Monchengladbach,VfB Stuttgart,1,1,D,1,1.5,4.75,6.0,1.57,5.0,6.1,1591.9363075028189,1516.071140598518,75,73,100,100,1.75,1.72,9,5,65.57142857142858,45.5982905982906
2021-10-16,2021,Borussia Dortmund,FSV Mainz 05,3,1,H,2,1.4,5.0,7.5,1.46,5.26,8.09,1713.6148398041446,1554.9203218432053,81,73,100,100,1.8400000000000003,1.6300000000000001,12,7,39.84415584415584,46.21933621933622
2021-10-17,2021,Bayer Leverkusen,Bayern Munich,1,5,A,0,4.75,4.6,1.6,5.5,4.8,1.65,1636.008917715149,1804.5667339186089,79,75,100,100,1.86,2.58,12,12,63.095238095238095,64.3939393939394
2021-10-17,2021,FC Augsburg,Arminia Bielefeld,1,1,D,1,2.25,3.2,3.4,2.38,3.35,3.5,1444.7385466293765,1470.8126885244328,74,72,100,100,1.11,1.3599999999999999,4,2,35.666666666666664,46.075036075036074
2021-10-22,2021,FSV Mainz 05,FC Augsburg,4,1,H,2,1.61,3.8,5.75,1.76,4.0,6.06,1545.7593533616355,1445.9370560352784,73,74,100,100,1.23,1.2,4,5,38.492063492063494,38.52380952380952
2021-10-23,2021,Arminia Bielefeld,Borussia Dortmund,1,3,A,0,6.0,4.5,1.5,6.82,4.8,1.54,1469.614179118531,1722.7758082857144,72,81,100,100,1.2399999999999998,1.4000000000000001,2,12,43.21789321789322,47.57142857142857
2021-10-23,2021,Bayern Munich,TSG Hoffenheim,4,0,H,2,1.14,9.0,15.0,1.21,9.1,15.25,1813.3610171240348,1564.4193816139825,75,75,100,100,2.88,1.3800000000000001,12,7,62.57575757575758,50.23754023754024
2021-10-23,2021,RB Leipzig,Greuther Furth,4,1,H,2,1.12,8.5,21.0,1.17,9.5,23.16,1641.8125367177572,1328.099063711721,80,75,100,100,2.2199999999999998,1.1900000000000002,8,0,48.31135531135531,40.637973137973134
2021-10-23,2021,Hertha BSC,Borussia Monchengladbach,1,0,H,2,3.75,3.5,2.0,3.97,3.82,2.05,1494.7484477371975,1588.497075353517,76,75,100,100,1.2500000000000004,2.0000000000000004,9,10,38.38383838383838,70.23809523809524
2021-10-23,2021,VfL Wolfsburg,SC Freiburg,0,2,A,0,2.1,3.3,3.6,2.25,3.54,3.7,1616.7910962031447,1594.395007415152,78,74,100,100,1.45,1.4,4,9,48.941558441558435,62.82051282051282
2021-10-24,2021,VfL Bochum,Ein Frankfurt,2,0,H,2,3.2,3.5,2.2,3.4,3.76,2.3,1474.5570087562003,1607.5234279846668,75,75,100,100,1.1199999999999999,1.2400000000000002,4,6,61.68253968253968,42.58741258741259
2021-10-24,2021,FC Cologne,Bayer Leverkusen,2,2,D,1,3.3,3.8,2.05,3.36,4.08,2.23,1507.888481964839,1627.214634509723,75,79,100,100,1.56,1.7600000000000002,6,9,49.38949938949939,60.36796536796537
2021-10-24,2021,VfB Stuttgart,Union Berlin,1,1,D,1,2.37,3.5,2.9,2.57,3.66,2.95,1519.51037274782,1625.6208569685837,73,73,100,100,1.4,1.5000000000000004,6,10,35.29059829059829,60.730158730158735
2021-10-29,2021,TSG Hoffenheim,Hertha BSC,2,0,H,2,1.66,4.0,4.75,1.82,4.11,5.09,1558.2552835566,1514.9639176076494,75,76,100,100,1.4300000000000002,1.3000000000000003,7,9,48.015318015318016,38.93939393939394
2021-10-30,2021,Union Berlin,Bayern Munich,2,5,A,0,9.0,5.75,1.3,10.25,6.05,1.35,1620.8807586819041,1819.5251151814173,73,75,100,100,1.3400000000000003,2.89,10,12,62.06349206349206,60.9090909090909
2021-10-30,2021,Bayer Leverkusen,VfL Wolfsburg,0,2,A,0,1.9,3.75,4.0,2.01,3.75,4.33,1621.9257963127582,1599.76114436897,79,78,100,100,1.78,1.52,10,1,58.93939393939394,53.941558441558435
2021-10-30,2021,Ein Frankfurt,RB Leipzig,1,1,D,1,4.2,4.0,1.75,4.22,4.22,1.88,1585.682515963478,1646.3289147270818,75,80,100,100,1.2400000000000002,2.29,5,11,45.31468531468531,51.88278388278387
2021-10-30,2021,Borussia Dortmund,FC Cologne,2,0,H,2,1.45,5.0,6.0,1.52,5.15,6.25,1728.819912555176,1513.177320161804,81,75,100,100,1.3900000000000001,1.58,12,6,43.44444444444444,52.72283272283272
2021-10-30,2021,SC Freiburg,Greuther Furth,3,1,H,2,1.36,5.0,8.0,1.47,5.25,8.8,1611.4249592493265,1323.5826857023965,74,75,100,100,1.45,1.2400000000000002,11,0,51.98717948717949,44.566544566544565
2021-10-30,2021,Arminia Bielefeld,FSV Mainz 05,1,2,A,0,3.75,3.5,2.0,3.8,3.52,2.17,1463.5700748490694,1557.2848157753695,72,73,100,100,1.15,1.4700000000000002,2,4,47.34487734487734,42.38095238095238
2021-10-31,2021,FC Augsburg,VfB Stuttgart,4,1,H,2,3.0,3.3,2.4,3.05,3.4,2.59,1434.4115936215444,1524.2504710344995,74,73,100,100,0.9700000000000001,1.35,4,6,35.523809523809526,31.957264957264954
2021-10-31,2021,Borussia Monchengladbach,VfL Bochum,2,1,H,2,1.36,5.0,8.5,1.4,5.45,9.5,1568.281605483065,1496.3979207773891,75,75,100,100,1.81,1.2,7,7,76.66666666666667,53.39971139971139
2021-11-05,2021,FSV Mainz 05,Borussia Monchengladbach,1,1,D,1,2.62,3.6,2.55,2.76,3.7,2.66,1569.0707981574385,1581.0176797612908,73,75,100,100,1.65,2.0,6,10,42.38095238095238,79.66666666666667
2021-11-06,2021,Bayern Munich,SC Freiburg,2,1,H,2,1.16,8.0,15.0,1.2,8.9,17.0,1827.2588874260139,1616.5504440968316,75,74,100,100,2.45,1.6199999999999999,12,13,53.76623376623377,56.27289377289377
2021-11-06,2021,VfL Bochum,TSG Hoffenheim,2,0,H,2,3.8,3.8,1.9,3.97,3.94,2.02,1483.6618464991634,1572.271896427294,75,75,100,100,1.3800000000000001,1.4100000000000001,7,9,45.3997113997114,50.95238095238095
2021-11-06,2021,VfB Stuttgart,Arminia Bielefeld,0,1,A,0,1.8,3.8,4.33,1.94,3.9,4.38,1504.203044765158,1451.7840924670004,73,72,100,100,1.09,1.4100000000000001,6,1,35.29059829059829,48.25396825396825
2021-11-06,2021,RB Leipzig,Borussia Dortmund,2,1,H,2,1.9,3.8,3.8,2.05,4.0,3.8,1643.5640688824421,1735.9944110593817,80,81,100,100,2.18,1.33,11,12,47.5970695970696,48.2063492063492
2021-11-06,2021,VfL Wolfsburg,FC Augsburg,1,0,H,2,1.5,4.2,6.5,1.59,4.49,7.0,1616.7804818533932,1454.4590198908859,78,74,100,100,1.58,1.5300000000000002,3,4,44.547619047619044,42.19047619047619
2021-11-07,2021,Greuther Furth,Ein Frankfurt,1,2,A,0,3.75,3.75,1.95,3.94,3.95,2.01,1318.4572008548914,1588.4473618081176,75,75,100,100,1.2600000000000002,1.34,0,5,44.12698412698412,48.04195804195804
2021-11-07,2021,FC Cologne,Union Berlin,2,2,D,1,2.05,3.5,3.6,2.18,3.78,3.74,1506.0028216575981,1613.1469864373075,75,73,100,100,1.6300000000000001,1.3400000000000003,5,10,55.579975579975574,65.87301587301587
2021-11-07,2021,Hertha BSC,Bayer Leverkusen,1,1,D,1,3.5,3.75,2.0,3.76,3.82,2.13,1500.9473047369554,1604.906458828335,76,79,100,100,1.1600000000000001,1.7100000000000002,6,7,31.247086247086248,60.6060606060606
2021-11-19,2021,FC Augsburg,Bayern Munich,2,1,H,2,15.0,8.0,1.16,17.0,8.2,1.25,1445.433950444538,1834.5927144756004,74,75,100,100,1.6200000000000003,2.9000000000000004,4,12,55.52380952380952,59.099567099567096
2021-11-20,2021,Borussia Monchengladbach,Greuther Furth,4,0,H,2,1.28,6.0,10.0,1.34,6.0,11.97,1580.467722269065,1312.873771397739,75,75,100,100,2.0500000000000003,1.1900000000000002,8,0,65.0,44.12698412698413
2021-11-20,2021,Union Berlin,Hertha BSC,2,0,H,2,2.0,3.5,3.8,2.1,3.56,4.26,1608.3635017549443,1505.596861032624,73,76,100,100,1.2200000000000002,1.3400000000000003,8,7,60.47619047619047,33.67132867132867
2021-11-20,2021,TSG Hoffenheim,RB Leipzig,2,0,H,2,4.0,4.33,1.75,4.25,4.4,1.86,1552.2774857498953,1663.7229873253868,75,80,100,100,1.31,1.9900000000000002,6,11,49.99999999999999,43.354645354645356
2021-11-20,2021,Borussia Dortmund,VfB Stuttgart,2,1,H,2,1.33,5.5,8.0,1.38,6.0,10.0,1715.835492616437,1485.807213980936,81,73,100,100,1.46,1.1400000000000001,12,5,55.78210678210678,44.179487179487175
2021-11-20,2021,Arminia Bielefeld,VfL Wolfsburg,2,2,D,1,4.2,3.5,1.9,4.2,3.68,2.05,1470.1799232512224,1625.8055512997412,72,78,100,100,1.4700000000000002,1.6200000000000003,4,6,46.031746031746025,38.83333333333333
2021-11-20,2021,Bayer Leverkusen,VfL Bochum,1,0,H,2,1.36,5.0,9.0,1.44,5.5,9.0,1600.2569025326663,1503.6562571765621,79,75,100,100,1.3900000000000001,1.3800000000000001,5,9,58.18181818181819,36.510822510822514
2021-11-21,2021,FSV Mainz 05,FC Cologne,1,1,D,1,2.1,3.6,3.4,2.2,3.75,3.56,1569.6207556496643,1510.7863063399614,73,75,100,100,1.8200000000000003,1.7600000000000002,7,5,53.71428571428571,60.63492063492064
2021-11-21,2021,SC Freiburg,Ein Frankfurt,0,2,A,0,2.0,3.6,3.6,2.06,3.86,3.84,1609.216617047245,1594.0307912652702,74,75,100,100,1.3699999999999999,1.4200000000000002,10,7,50.939560439560445,43.93939393939394
2021-11-26,2021,VfB Stuttgart,FSV Mainz 05,2,1,H,2,2.9,3.3,2.45,3.05,3.4,2.65,1479.0830923555884,1566.9369337576418,73,73,100,100,1.06,1.7399999999999998,2,8,42.33333333333333,56.333333333333336
2021-11-27,2021,Bayern Munich,Arminia Bielefeld,1,0,H,2,1.07,12.0,27.0,1.12,13.25,41.0,1805.6711167490973,1476.9030136278063,75,72,100,100,2.5900000000000007,1.47,12,5,59.099567099567096,50.27417027417027
2021-11-27,2021,VfL Wolfsburg,Borussia Dortmund,1,3,A,0,2.9,3.5,2.37,3.02,3.75,2.49,1619.0824609231572,1722.5596142417846,78,81,100,100,1.65,1.53,7,12,39.92424242424242,49.78210678210678
2021-11-27,2021,Hertha BSC,FC Augsburg,1,1,D,1,2.05,3.25,3.8,2.23,3.36,3.83,1494.1960876418993,1474.355548171041,76,74,100,100,1.28,1.6300000000000001,7,7,36.74825174825175,51.341991341991346
2021-11-27,2021,Greuther Furth,TSG Hoffenheim,3,6,A,0,4.75,4.33,1.65,5.15,4.49,1.69,1307.2264780199764,1573.2406749098404,75,75,100,100,1.1199999999999999,1.5800000000000005,0,9,51.904761904761905,59.4017094017094
2021-11-27,2021,FC Cologne,Borussia Monchengladbach,4,1,H,2,2.7,3.8,2.37,3.01,3.8,2.5,1513.4701282319838,1586.1150156468275,75,75,100,100,1.6199999999999999,2.05,3,8,54.52380952380952,63.0
2021-11-27,2021,VfL Bochum,SC Freiburg,2,1,H,2,3.2,3.4,2.25,3.45,3.45,2.38,1491.9936838604242,1592.5177289251385,75,74,100,100,1.6800000000000002,1.56,9,7,34.51082251082251,51.37912087912089
2021-11-28,2021,RB Leipzig,Bayer Leverkusen,1,3,A,0,1.85,4.0,3.8,1.91,4.15,4.3,1642.7597981654417,1611.9194758488043,80,79,100,100,1.52,1.23,8,5,39.7990897990898,54.84848484848485
2021-11-28,2021,Ein Frankfurt,Union Berlin,2,1,H,2,2.3,3.5,3.0,2.42,3.63,3.2,1610.7296793873768,1619.764275145669,75,73,100,100,1.6600000000000001,1.31,7,8,47.835497835497826,56.959706959706956
2021-12-03,2021,Union Berlin,RB Leipzig,2,1,H,2,3.5,3.7,2.0,3.75,3.7,2.2,1603.3483103882509,1625.3432673214083,73,80,100,100,1.36,1.4900000000000002,5,7,51.40415140415139,47.66233766233766
2021-12-04,2021,Borussia Dortmund,Bayern Munich,2,3,A,0,4.0,4.33,1.75,4.25,4.6,1.9,1733.9303886239543,1809.8616760994005,81,75,100,100,1.7,2.47,12,12,44.78210678210678,61.666412019353196
2021-12-04,2021,FSV Mainz 05,VfL Wolfsburg,3,0,H,2,2.5,3.3,2.87,2.6,3.46,3.08,1546.9751950067114,1607.7116865409876,73,78,100,100,1.9900000000000002,1.7900000000000003,8,7,62.24242424242425,39.92424242424242
2021-12-04,2021,FC Augsburg,VfL Bochum,2,3,A,0,2.3,3.4,3.1,2.41,3.45,3.31,1475.2682468743603,1512.4979938139963,74,75,100,100,1.7300000000000004,1.8400000000000003,7,9,49.39393939393939,33.21212121212121
2021-12-04,2021,TSG Hoffenheim,Ein Frankfurt,3,2,H,2,1.9,3.8,3.75,1.95,4.14,3.95,1578.9303850336996,1627.145644144795,75,75,100,100,1.7600000000000002,1.6600000000000001,9,10,63.68742368742369,50.663780663780656
2021-12-04,2021,Arminia Bielefeld,FC Cologne,1,1,D,1,3.4,3.5,2.1,3.57,3.63,2.23,1472.7124542775032,1532.7676348025452,72,75,100,100,1.33,2.03,4,6,47.83719548425431,54.52380952380952
2021-12-04,2021,Bayer Leverkusen,Greuther Furth,7,1,H,2,1.22,6.5,12.0,1.26,7.2,13.0,1629.3360066928376,1301.5367678961172,79,75,100,100,1.27,1.3,8,0,52.02020202020202,46.19047619047618
2021-12-05,2021,VfB Stuttgart,Hertha BSC,2,2,D,1,2.2,3.4,3.3,2.34,3.57,3.4,1499.0448311065188,1493.28338893858,73,76,100,100,1.1300000000000001,1.1800000000000002,4,5,49.42424242424242,38.56643356643357
2021-12-05,2021,Borussia Monchengladbach,SC Freiburg,0,6,A,0,1.83,3.75,4.2,1.92,4.05,4.45,1566.817509076266,1572.0134189715664,75,74,100,100,1.7700000000000002,1.9900000000000002,7,6,55.0,51.7987012987013
2021-12-10,2021,FC Cologne,FC Augsburg,0,2,A,0,1.65,4.0,5.0,1.75,4.28,5.28,1530.0292102986516,1460.9762079319491,75,74,100,100,1.8700000000000003,2.0300000000000002,6,7,47.023809523809526,58.07814992025518
2021-12-11,2021,Bayern Munich,FSV Mainz 05,2,1,H,2,1.2,7.5,12.0,1.27,7.5,13.0,1822.419539794777,1565.7440657059678,75,73,100,100,2.4400000000000004,1.8,12,8,60.33307868601986,58.15151515151515
2021-12-11,2021,VfL Bochum,Borussia Dortmund,1,1,D,1,6.0,4.5,1.5,6.3,4.98,1.54,1526.7900327564075,1721.3725249285778,75,81,100,100,1.73,1.55,9,9,32.25518341307814,48.33766233766234
2021-12-11,2021,SC Freiburg,TSG Hoffenheim,1,2,A,0,2.3,3.5,3.0,2.46,3.83,3.04,1587.7741563151774,1597.136634967051,74,75,100,100,2.1900000000000004,1.83,6,12,59.2987012987013,65.02075702075703
2021-12-11,2021,Hertha BSC,Arminia Bielefeld,2,0,H,2,2.0,3.3,4.0,2.12,3.45,4.2,1493.5486888379262,1475.4508787813968,76,72,100,100,1.39,1.3400000000000003,3,5,41.8997668997669,49.78163992869875
2021-12-11,2021,RB Leipzig,Borussia Monchengladbach,4,1,H,2,1.75,4.2,4.2,1.81,4.4,4.65,1608.3317131042277,1551.056771732655,80,75,100,100,1.35,1.9400000000000002,4,7,50.75757575757576,50.0
2021-12-11,2021,VfL Wolfsburg,VfB Stuttgart,0,2,A,0,1.8,3.75,4.33,1.89,3.9,4.6,1588.942815841731,1498.7795312071726,78,73,100,100,1.6200000000000003,1.1900000000000002,7,4,31.515151515151512,54.424242424242415
2021-12-12,2021,Ein Frankfurt,Bayer Leverkusen,5,2,H,2,3.2,3.8,2.1,3.42,4.0,2.2,1608.9393942114436,1633.5469189578562,75,79,100,100,1.53,1.3900000000000001,10,10,49.93650793650794,53.44877344877345
2021-12-12,2021,Greuther Furth,Union Berlin,1,0,H,2,4.75,4.0,1.7,5.0,4.2,1.78,1297.3258556310986,1620.3598646054315,75,73,100,100,1.2600000000000002,1.4700000000000002,0,7,43.33333333333333,46.4041514041514
2021-12-14,2021,VfB Stuttgart,Bayern Munich,0,5,A,0,9.0,6.0,1.28,11.0,6.85,1.33,1518.8409376833063,1828.3651030463445,73,75,100,100,1.19,2.55,7,12,53.5909090909091,73.03149138443256
2021-12-14,2021,Arminia Bielefeld,VfL Bochum,2,0,H,2,2.3,3.4,3.1,2.41,3.6,3.3,1460.2835607555178,1534.9183059786092,72,75,100,100,1.04,1.6200000000000003,5,10,47.78163992869875,30.255183413078147
2021-12-14,2021,FSV Mainz 05,Hertha BSC,4,0,H,2,1.9,3.5,4.2,2.0,3.7,4.42,1559.7985024544002,1508.7160068638052,73,76,100,100,1.65,1.8,5,6,52.5959595959596,47.74592074592075
2021-12-14,2021,VfL Wolfsburg,FC Cologne,2,3,A,0,2.1,3.5,3.4,2.28,3.68,3.5,1568.8814093655974,1510.8904228090541,78,75,100,100,1.48,1.7399999999999998,4,6,40.68181818181818,52.298534798534796
2021-12-15,2021,FC Augsburg,RB Leipzig,1,1,D,1,6.5,4.75,1.45,6.85,5.0,1.55,1480.1149954215466,1621.717740633875,74,80,100,100,1.6300000000000001,1.5100000000000002,7,6,52.565329407434675,60.75757575757575
2021-12-15,2021,Borussia Dortmund,Greuther Furth,3,0,H,2,1.1,10.0,21.0,1.14,11.0,26.0,1713.2442517063762,1325.0136166996595,81,75,100,100,1.8699999999999999,1.19,7,3,56.9090909090909,43.61904761904762
2021-12-15,2021,Union Berlin,SC Freiburg,0,0,D,1,2.4,3.4,2.9,2.6,3.4,3.12,1592.6721035368707,1572.2052100575954,73,74,100,100,1.44,2.25,7,3,43.26129426129427,54.24375624375624
2021-12-15,2021,Bayer Leverkusen,TSG Hoffenheim,2,2,D,1,1.8,4.0,4.0,1.9,4.35,4.05,1616.4155916411926,1612.7055812246329,79,75,100,100,1.5,2.0300000000000002,10,12,44.05483405483405,61.94383394383395
2021-12-15,2021,Borussia Monchengladbach,Ein Frankfurt,2,3,A,0,1.95,3.8,3.6,2.1,3.88,3.75,1537.6707442030076,1626.0707215281072,75,75,100,100,1.8800000000000001,1.7200000000000002,4,12,32.0,52.66378066378066
2021-12-17,2021,Bayern Munich,VfL Wolfsburg,4,0,H,2,1.18,8.0,13.0,1.25,8.5,14.5,1832.9758362518369,1550.2353527768369,75,78,100,100,2.5500000000000003,1.6200000000000003,12,1,76.03149138443256,53.53896103896104
2021-12-18,2021,Hertha BSC,Borussia Dortmund,3,2,H,2,5.25,4.33,1.57,5.6,4.5,1.66,1495.0516371443987,1716.3375509740615,76,81,100,100,1.56,1.98,5,10,42.65501165501165,53.69230769230769
2021-12-18,2021,Greuther Furth,FC Augsburg,0,0,D,1,2.9,3.4,2.37,3.07,3.6,2.46,1321.9203174319741,1486.2974528418983,75,74,100,100,1.02,1.5500000000000003,3,8,42.59340659340659,41.136757978863244
2021-12-18,2021,RB Leipzig,Arminia Bielefeld,0,2,A,0,1.2,7.0,13.0,1.25,7.0,17.0,1615.5352832135236,1479.6687070247922,80,72,100,100,1.37,1.1,4,5,63.095238095238095,56.11497326203208
2021-12-18,2021,VfL Bochum,Union Berlin,0,1,A,0,2.9,3.4,2.37,3.17,3.42,2.51,1515.5331597093348,1591.730657012983,75,73,100,100,1.4900000000000002,1.61,7,7,28.588516746411482,48.975579975579976
2021-12-18,2021,TSG Hoffenheim,Borussia Monchengladbach,1,1,D,1,1.95,3.8,3.5,2.1,4.2,3.52,1612.876427024695,1525.6560822601114,75,75,100,100,2.2800000000000002,2.0800000000000005,13,3,55.27716727716728,47.5
2021-12-18,2021,Ein Frankfurt,FSV Mainz 05,1,0,H,2,2.25,3.5,3.0,2.46,3.6,3.2,1638.0853834710035,1573.4628721738068,75,73,100,100,1.7400000000000002,1.7899999999999998,12,7,48.497113997114,50.5959595959596
2021-12-19,2021,SC Freiburg,Bayer Leverkusen,2,1,H,2,2.75,3.5,2.45,2.78,3.75,2.67,1573.146656581483,1616.2447458411305,74,79,100,100,2.1100000000000003,1.83,4,10,54.81518481518482,46.47907647907648
2021-12-19,2021,FC Cologne,VfB Stuttgart,1,0,H,2,1.9,3.9,3.6,2.05,4.1,3.8,1529.5364793978147,1514.230204477814,75,73,100,100,1.81,1.11,8,7,45.15567765567766,45.25757575757576
2022-01-07,2021,Bayern Munich,Borussia Monchengladbach,1,2,A,0,1.33,5.75,8.0,1.45,6.15,8.7,1838.2290027464437,1529.5904237087648,75,75,100,100,2.81,1.7600000000000002,15,1,70.34967320261438,40.83333333333333
2022-01-08,2021,SC Freiburg,Arminia Bielefeld,2,2,D,1,1.6,4.0,5.75,1.67,4.21,6.0,1591.1212791597625,1501.6250231532933,74,72,100,100,2.0500000000000003,1.08,7,7,47.196137196137194,47.024064171122994
2022-01-08,2021,Greuther Furth,VfB Stuttgart,0,0,D,1,3.75,3.6,1.95,3.89,3.75,2.1,1328.971726742864,1498.934628820268,75,73,100,100,0.9800000000000001,0.9700000000000001,4,7,43.5024975024975,39.92424242424242
2022-01-08,2021,TSG Hoffenheim,FC Augsburg,3,1,H,2,1.53,4.33,5.75,1.63,4.6,5.91,1608.9420855760416,1479.2460435310086,75,74,100,100,2.2500000000000004,1.7100000000000002,11,6,56.3882783882784,48.40948525159051
2022-01-08,2021,Bayer Leverkusen,Union Berlin,2,2,D,1,1.8,3.8,4.2,1.9,3.9,4.41,1598.270123262851,1604.2768306175387,79,73,100,100,1.7400000000000002,1.46,7,7,49.81240981240981,54.87301587301588
2022-01-08,2021,RB Leipzig,FSV Mainz 05,4,1,H,2,1.8,3.75,4.33,1.86,4.1,4.7,1593.5789670850224,1560.4049987207163,80,73,100,100,1.6400000000000001,1.9100000000000001,4,6,76.83261183261183,50.83405483405483
2022-01-08,2021,Ein Frankfurt,Borussia Dortmund,2,3,A,0,3.5,3.9,1.95,3.74,4.25,2.02,1651.143256924094,1691.3328575117407,75,81,100,100,1.6200000000000003,1.83,12,7,54.211399711399714,62.358974358974365
2022-01-09,2021,VfL Bochum,VfL Wolfsburg,1,0,H,2,3.5,3.4,2.1,3.65,3.66,2.21,1502.9869861047791,1544.98218628223,75,78,100,100,1.27,1.44,7,0,21.921850079744814,51.94805194805194
2022-01-09,2021,Hertha BSC,FC Cologne,1,3,A,0,2.75,3.5,2.5,2.88,3.74,2.63,1520.0563306067195,1544.8320550553606,76,75,100,100,1.7200000000000002,1.61,8,10,36.75757575757576,46.82234432234432
2022-01-14,2021,Borussia Dortmund,SC Freiburg,5,1,H,2,1.44,5.0,5.75,1.55,5.2,6.75,1705.4902690592553,1587.0886252027137,81,74,100,100,1.8799999999999997,1.81,7,8,67.02564102564102,41.83728552149604
2022-01-15,2021,Borussia Monchengladbach,Bayer Leverkusen,1,2,A,0,2.55,3.8,2.45,2.73,4.05,2.6,1556.959535875742,1598.54671480202,75,79,100,100,1.6199999999999999,1.9600000000000002,4,5,40.83333333333333,59.11796536796537
2022-01-15,2021,VfL Wolfsburg,Hertha BSC,0,0,D,1,1.95,3.6,3.8,2.05,3.65,4.12,1527.057599476242,1505.1953648150743,78,76,100,100,1.2900000000000003,1.7600000000000002,0,7,48.61471861471862,41.95238095238095
2022-01-15,2021,Union Berlin,TSG Hoffenheim,2,1,H,2,2.87,3.5,2.4,2.98,3.65,2.6,1604.0002390783698,1619.2321553975858,73,75,100,100,1.6799999999999997,1.9300000000000002,8,11,56.67857142857142,48.76923076923076
2022-01-15,2021,FC Cologne,Bayern Munich,0,4,A,0,8.0,5.75,1.33,8.7,6.2,1.4,1559.6930208470058,1810.8598905794665,75,75,100,100,1.56,2.7300000000000004,10,12,42.53663003663004,65.05555555555556
2022-01-15,2021,FSV Mainz 05,VfL Bochum,1,0,H,2,1.65,3.75,5.5,1.75,3.95,6.03,1545.9280906166016,1520.911572910767,73,75,100,100,1.5899999999999999,1.1800000000000002,6,7,42.78210678210678,27.982456140350877
2022-01-15,2021,VfB Stuttgart,RB Leipzig,0,2,A,0,6.0,4.0,1.57,6.25,4.7,1.63,1491.6774233894027,1608.0558751891372,73,80,100,100,1.07,1.86,5,7,47.50000000000001,78.41991341991341
2022-01-16,2021,Arminia Bielefeld,Greuther Furth,2,2,D,1,1.95,3.6,4.0,2.05,3.85,4.22,1505.657677110342,1336.2289321737292,72,75,100,100,1.35,0.78,8,5,54.94976076555024,41.12154512154512
2022-01-16,2021,FC Augsburg,Ein Frankfurt,1,1,D,1,3.3,3.5,2.15,3.72,3.68,2.2,1468.9559737094644,1636.9858453765794,74,75,100,100,1.4800000000000002,1.61,5,9,50.83372767583293,43.989177489177486
2022-01-21,2021,Ein Frankfurt,Arminia Bielefeld,0,2,A,0,1.75,3.75,4.75,1.83,3.95,5.4,1629.7995234320297,1498.4200234087161,75,72,100,100,1.6600000000000001,1.3,10,8,40.560606060606055,44.94976076555024
2022-01-22,2021,Greuther Furth,FSV Mainz 05,2,1,H,2,5.0,3.6,1.75,5.1,3.8,1.85,1343.4665858753551,1560.7780242133874,75,73,100,100,0.7600000000000001,1.67,6,6,45.05011655011655,45.87301587301587
2022-01-22,2021,VfL Bochum,FC Cologne,2,2,D,1,3.2,3.4,2.25,3.49,3.6,2.35,1506.0616393139812,1553.592421093063,75,75,100,100,1.06,1.58,4,9,27.666666666666664,45.91898297780651
2022-01-22,2021,Borussia Monchengladbach,Union Berlin,1,2,A,0,2.15,3.6,3.2,2.36,3.6,3.5,1542.8656018723343,1620.7012456860748,75,73,100,100,1.7100000000000002,1.52,4,8,39.166666666666664,48.345238095238095
2022-01-22,2021,SC Freiburg,VfB Stuttgart,2,0,H,2,1.9,3.6,4.0,2.05,3.6,4.31,1576.3395068788436,1480.8450101548176,74,73,100,100,1.5400000000000003,1.41,5,4,35.47364915785968,52.5
2022-01-22,2021,Bayer Leverkusen,FC Augsburg,5,1,H,2,1.44,4.5,7.0,1.5,5.0,8.3,1612.6406488054276,1476.142295654014,79,74,100,100,2.3200000000000003,1.36,5,6,59.3560606060606,48.578088578088575
2022-01-22,2021,TSG Hoffenheim,Borussia Dortmund,2,3,A,0,3.0,4.0,2.1,3.18,4.33,2.21,1602.5311487898807,1716.2393873831254,75,81,100,100,2.0100000000000002,2.13,8,10,60.769230769230774,75.3892773892774
2022-01-23,2021,RB Leipzig,VfL Wolfsburg,2,0,H,2,1.53,4.33,6.0,1.57,4.6,7.0,1618.8882884237223,1526.052133062046,80,78,100,100,1.86,1.32,10,1,70.08658008658008,51.52380952380952
2022-01-23,2021,Hertha BSC,Bayern Munich,1,4,A,0,11.0,6.5,1.2,13.0,7.4,1.26,1506.2008312292703,1816.9604903334093,76,75,100,100,1.4300000000000002,2.8800000000000003,7,12,41.61904761904761,67.17320261437908
2022-02-04,2021,Hertha BSC,VfL Bochum,1,1,D,1,2.15,3.6,3.25,2.25,3.6,3.57,1501.618094083131,1508.236958880205,76,75,100,100,1.02,1.35,4,4,35.772893772893774,30.999999999999993
2022-02-05,2021,FC Augsburg,Union Berlin,2,0,H,2,2.75,3.3,2.6,2.91,3.52,2.74,1466.12365716372,1633.1755687935458,74,73,100,100,1.4200000000000002,1.4000000000000001,3,11,49.56709956709956,38.345238095238095
2022-02-05,2021,Arminia Bielefeld,Borussia Monchengladbach,1,1,D,1,3.4,3.6,2.1,3.53,3.6,2.25,1520.1974889181095,1530.3912787648633,72,75,100,100,1.45,1.75,11,4,38.76794258373206,55.166666666666664
2022-02-05,2021,FC Cologne,SC Freiburg,1,0,H,2,2.3,3.5,3.0,2.49,3.7,3.05,1551.4171015268391,1588.0493172830047,75,74,100,100,1.4700000000000002,1.48,10,8,48.73949579831933,39.576213260423785
2022-02-05,2021,FSV Mainz 05,TSG Hoffenheim,2,0,H,2,2.6,3.4,2.7,2.76,3.75,2.81,1535.8991942529153,1591.5883228612051,73,75,100,100,1.7399999999999998,1.77,6,5,52.095238095238095,64.0
2022-02-05,2021,Bayern Munich,RB Leipzig,3,2,H,2,1.4,5.5,6.0,1.5,5.8,7.53,1821.5432274795487,1630.711949568063,75,80,100,100,3.4800000000000004,1.5500000000000003,12,10,65.46380090497738,61.515151515151516
2022-02-05,2021,VfB Stuttgart,Ein Frankfurt,2,3,A,0,2.7,3.4,2.62,2.81,3.68,2.68,1469.1351997506565,1608.0220579226363,73,75,100,100,1.2799999999999998,1.6800000000000002,1,7,51.66666666666667,46.015151515151516
2022-02-06,2021,VfL Wolfsburg,Greuther Furth,4,1,H,2,1.57,3.8,6.0,1.63,4.22,6.57,1514.2284719177055,1368.3454158358272,78,75,100,100,1.2200000000000002,0.9800000000000001,1,6,47.595238095238095,48.38344988344988
2022-02-06,2021,Borussia Dortmund,Bayer Leverkusen,2,5,A,0,1.95,4.2,3.3,2.03,4.33,4.12,1727.182213311801,1622.6592872957217,81,79,100,100,1.6900000000000002,2.7500000000000004,12,8,61.38927738927739,64.94047619047618
2022-02-11,2021,RB Leipzig,FC Cologne,3,1,H,2,1.44,4.75,7.0,1.53,5.2,7.5,1622.7113546582484,1569.0978538492752,80,75,100,100,1.6700000000000004,1.3000000000000003,9,10,50.08658008658008,51.596638655462186
2022-02-12,2021,Bayer Leverkusen,VfB Stuttgart,4,2,H,2,1.4,4.75,7.0,1.46,5.4,7.7,1643.3326025612175,1459.210939885439,79,73,100,100,2.6000000000000005,1.5,10,1,60.83791208791208,50.19607843137255
2022-02-12,2021,Greuther Furth,Hertha BSC,2,1,H,2,3.0,3.25,2.45,3.15,3.58,2.5,1358.6947551079459,1501.92286720225,75,76,100,100,1.11,1.12,6,5,48.07575757575757,39.04562104562105
2022-02-12,2021,Borussia Monchengladbach,FC Augsburg,3,2,H,2,1.65,4.33,4.75,1.75,4.36,5.26,1529.9219720523854,1489.2739822889396,75,74,100,100,1.6199999999999999,1.75,5,5,51.416666666666664,48.99567099567099
2022-02-12,2021,Ein Frankfurt,VfL Wolfsburg,0,2,A,0,2.2,3.6,3.2,2.29,3.66,3.47,1617.9463177878538,1523.8791326455869,75,78,100,100,1.75,1.1800000000000002,7,4,59.985739750445624,42.738095238095234
2022-02-12,2021,SC Freiburg,FSV Mainz 05,1,1,D,1,2.15,3.3,3.5,2.2,3.68,3.67,1570.3685649605686,1554.44203401223,74,73,100,100,1.5799999999999998,1.34,7,6,41.00478468899521,48.595238095238095
2022-02-12,2021,VfL Bochum,Bayern Munich,4,2,H,2,10.0,7.5,1.22,14.5,7.96,1.25,1507.932185761086,1829.5438223893632,75,75,100,100,1.4300000000000002,3.3200000000000003,5,12,38.72727272727272,70.46380090497738
2022-02-13,2021,Union Berlin,Borussia Dortmund,0,3,A,0,4.0,3.75,1.83,4.23,4.2,1.95,1610.0252436683263,1706.5088980463051,73,81,100,100,1.32,1.75,10,9,38.91666666666667,64.46620046620048
2022-02-13,2021,TSG Hoffenheim,Arminia Bielefeld,2,0,H,2,1.5,4.33,5.75,1.58,4.6,6.8,1573.0454831018906,1520.6667956305873,75,72,100,100,1.5899999999999999,1.4600000000000002,4,9,64.83333333333334,30.017942583732054
2022-02-18,2021,FSV Mainz 05,Bayer Leverkusen,3,2,H,2,3.1,3.75,2.15,3.44,3.75,2.27,1555.1749645632751,1651.5671809284497,73,79,100,100,1.4300000000000002,2.8200000000000003,7,13,46.023809523809526,67.50457875457876
2022-02-19,2021,FC Cologne,Ein Frankfurt,1,0,H,2,2.25,3.5,3.1,2.34,3.94,3.15,1555.5474342908403,1597.717199425092,75,75,100,100,1.31,1.7,7,4,49.172396231219764,66.73898650369237
2022-02-19,2021,FC Augsburg,SC Freiburg,1,2,A,0,3.1,3.4,2.3,3.27,3.54,2.5,1475.1373972061529,1569.6356344095234,74,74,100,100,1.8700000000000003,1.56,4,5,47.904761904761905,48.338118022328544
2022-02-19,2021,Arminia Bielefeld,Union Berlin,1,0,H,2,3.0,3.25,2.45,3.17,3.36,2.54,1507.060813695667,1598.3576781966567,72,73,100,100,1.5,1.31,6,7,31.94976076555024,27.96428571428571
2022-02-19,2021,VfB Stuttgart,VfL Bochum,1,1,D,1,2.2,3.4,3.3,2.26,3.62,3.51,1450.9763615182069,1535.5893054748624,73,75,100,100,1.64,1.58,1,8,43.529411764705884,41.547785547785544
2022-02-19,2021,VfL Wolfsburg,TSG Hoffenheim,1,2,A,0,2.7,3.5,2.55,2.85,3.72,2.7,1544.1082510083486,1586.6514650368108,78,75,100,100,1.2600000000000002,1.6700000000000004,7,6,37.056277056277054,64.41666666666666
2022-02-20,2021,Borussia Dortmund,Borussia Monchengladbach,6,0,H,2,1.6,4.2,5.25,1.68,4.75,5.4,1718.1764635179748,1544.0585571351721,81,75,100,100,1.8800000000000001,1.65,12,7,62.08524808524809,60.083333333333336
2022-02-20,2021,Bayern Munich,Greuther Furth,4,1,H,2,1.07,13.0,26.0,1.1,14.5,41.0,1801.8867026755868,1380.9407722610224,75,75,100,100,3.1,1.6200000000000003,9,8,71.80995475113122,47.166666666666664
2022-02-20,2021,Hertha BSC,RB Leipzig,1,6,A,0,6.5,4.2,1.53,7.1,4.5,1.58,1479.6768500491735,1636.2617742166833,76,80,100,100,1.3400000000000003,1.58,2,12,45.71228771228771,40.99567099567099
2022-02-25,2021,TSG Hoffenheim,VfB Stuttgart,2,1,H,2,1.5,4.5,5.75,1.61,4.8,6.2,1600.7020111497864,1454.7976816277273,75,73,100,100,1.61,1.77,6,1,63.46428571428571,46.86274509803921
2022-02-26,2021,SC Freiburg,Hertha BSC,3,0,H,2,1.55,4.33,5.5,1.63,4.42,6.3,1581.388058296129,1470.4362753664482,74,76,100,100,1.49,1.2800000000000002,7,2,46.3030303030303,36.04195804195804
2022-02-26,2021,Greuther Furth,FC Cologne,1,1,D,1,3.6,3.6,2.0,3.75,3.86,2.11,1378.335216194152,1573.4799433151616,75,75,100,100,1.6,1.3000000000000003,7,7,51.83333333333333,52.549019607843135
2022-02-26,2021,Bayer Leverkusen,Arminia Bielefeld,3,0,H,2,1.36,5.25,8.0,1.4,5.6,9.6,1631.2386488116613,1527.171019215734,79,72,100,100,2.6500000000000004,1.3800000000000001,12,8,58.75457875457876,31.31818181818182
2022-02-26,2021,Borussia Monchengladbach,VfL Wolfsburg,2,2,D,1,2.0,3.4,3.75,2.16,3.65,3.85,1535.4669149548292,1530.057704895373,75,78,100,100,1.72,1.36,4,7,60.083333333333336,44.67532467532468
2022-02-26,2021,Union Berlin,FSV Mainz 05,3,1,H,2,2.6,3.3,2.75,2.75,3.31,2.93,1578.2474726765897,1575.5034966800636,73,73,100,100,1.1300000000000001,1.7399999999999998,6,10,29.71428571428571,58.16666666666667
2022-02-26,2021,Ein Frankfurt,Bayern Munich,0,1,A,0,6.0,5.0,1.44,7.0,5.6,1.5,1579.7846904007708,1804.4922587424571,75,75,100,100,1.56,3.13,4,12,72.31474407944997,73.80995475113123
2022-02-27,2021,FC Augsburg,Borussia Dortmund,1,1,D,1,5.0,4.33,1.61,5.97,4.6,1.66,1463.3849733195473,1726.7681056983176,74,81,100,100,1.9600000000000002,1.9100000000000001,4,12,49.23809523809524,57.418581418581425
2022-02-27,2021,VfL Bochum,RB Leipzig,0,1,A,0,5.0,4.0,1.65,5.71,4.34,1.69,1531.767985365342,1645.5023488994086,75,80,100,100,1.67,1.6600000000000001,6,12,28.214452214452212,39.23742923742924
2022-03-04,2021,Arminia Bielefeld,FC Augsburg,0,1,A,0,2.5,3.25,2.9,2.65,3.4,3.05,1515.8251487256255,1473.6240649759297,72,74,100,100,1.25,1.8399999999999999,7,4,30.484848484848488,47.80952380952381
2022-03-05,2021,VfB Stuttgart,Borussia Monchengladbach,3,2,H,2,3.1,3.6,2.15,3.28,3.84,2.27,1445.1478462811533,1535.2178317508449,73,75,100,100,1.5000000000000002,1.9899999999999998,1,5,35.19607843137255,64.47727272727272
2022-03-05,2021,RB Leipzig,SC Freiburg,1,1,D,1,1.61,4.2,5.25,1.68,4.5,6.06,1656.4440919481904,1592.4454269718133,80,74,100,100,1.57,1.65,12,10,35.904095904095904,52.666666666666664
2022-03-05,2021,VfL Wolfsburg,Union Berlin,1,0,H,2,2.2,3.2,3.5,2.3,3.46,3.8,1530.3067880993574,1594.1211105393643,78,73,100,100,1.35,1.1400000000000001,7,6,39.948051948051955,34.71428571428571
2022-03-05,2021,VfL Bochum,Greuther Furth,2,1,H,2,1.72,3.75,4.75,1.86,3.86,4.9,1520.8262423165602,1386.4826832862884,75,75,100,100,1.6400000000000001,1.75,6,7,42.214452214452216,47.11111111111111
2022-03-05,2021,Bayern Munich,Bayer Leverkusen,1,1,D,1,1.4,5.75,6.0,1.45,6.05,7.33,1811.3804982544486,1642.58451930177,75,79,100,100,3.1400000000000006,2.41,12,12,75.6923076923077,60.421245421245416
2022-03-05,2021,Hertha BSC,Ein Frankfurt,1,4,A,0,3.3,3.4,2.15,3.52,3.65,2.25,1459.3789066907639,1572.8964508887793,76,75,100,100,1.3900000000000001,1.4100000000000001,1,3,38.04195804195804,67.74331550802138
2022-03-06,2021,FC Cologne,TSG Hoffenheim,0,1,A,0,2.62,3.6,2.55,2.81,3.7,2.69,1565.3324762230252,1610.3518464963604,75,75,100,100,1.4400000000000002,1.7600000000000002,8,9,58.88888888888889,58.46428571428571
2022-03-12,2021,Union Berlin,VfB Stuttgart,1,1,D,1,2.1,3.5,3.5,2.19,3.6,3.8,1575.214959322569,1465.205232742848,73,73,100,100,1.33,1.85,3,4,43.21428571428571,42.81512605042017
2022-03-12,2021,Borussia Monchengladbach,Hertha BSC,2,0,H,2,1.57,4.33,5.25,1.62,4.7,5.6,1515.1604452891502,1448.428174912808,75,76,100,100,1.8800000000000003,1.52,5,1,54.191558441558435,37.34265734265735
2022-03-12,2021,SC Freiburg,VfL Wolfsburg,3,2,H,2,2.1,3.5,3.4,2.23,3.65,3.73,1595.3597866135922,1549.2129393161526,74,78,100,100,1.4899999999999998,1.35,8,10,43.33333333333333,38.87662337662338
2022-03-12,2021,TSG Hoffenheim,Bayern Munich,1,1,D,1,4.75,4.75,1.55,5.25,5.25,1.62,1624.2901535794854,1804.1660408674645,75,75,100,100,1.7899999999999998,2.4899999999999998,12,10,48.46428571428571,77.4017094017094
2022-03-13,2021,Greuther Furth,RB Leipzig,1,6,A,0,8.5,5.0,1.36,9.3,5.7,1.38,1376.3784835095478,1653.5297323064115,75,80,100,100,1.53,1.6300000000000001,4,10,51.11111111111111,40.47552447552448
2022-03-13,2021,Ein Frankfurt,VfL Bochum,2,1,H,2,1.9,3.5,4.2,1.95,3.8,4.64,1583.8471826667353,1530.9304420933008,75,75,100,100,1.3200000000000003,1.7,6,8,64.10695187165774,45.547785547785544
2022-03-13,2021,Borussia Dortmund,Arminia Bielefeld,1,0,H,2,1.28,6.0,10.0,1.31,6.5,13.0,1716.5290140419352,1497.891218481512,81,72,100,100,1.78,1.07,10,4,51.05494505494505,45.80952380952381
2022-03-13,2021,Bayer Leverkusen,FC Cologne,0,1,A,0,1.61,4.2,5.25,1.67,4.6,5.5,1649.798976688754,1551.3941691399004,79,75,100,100,1.8800000000000001,1.47,10,7,52.00854700854701,58.222222222222214
2022-03-16,2021,FSV Mainz 05,Borussia Dortmund,0,1,A,0,4.0,3.8,1.85,4.25,4.08,1.9,1559.629858817289,1723.6080021596613,73,81,100,100,1.52,1.9900000000000002,7,10,59.16666666666667,53.943833943833944
2022-03-18,2021,VfL Bochum,Borussia Monchengladbach,0,2,A,0,2.8,3.6,2.37,3.12,3.75,2.5,1517.348678053186,1528.1245517953375,75,75,100,100,1.69,1.8200000000000003,7,7,37.82051282051282,47.1082251082251
2022-03-19,2021,FSV Mainz 05,Arminia Bielefeld,4,0,H,2,1.6,3.75,6.0,1.7,3.96,6.62,1550.666455170824,1490.8122303637858,73,72,100,100,1.34,1.0400000000000003,7,3,58.5,50.67063492063492
2022-03-19,2021,Bayern Munich,Union Berlin,4,0,H,2,1.16,8.0,13.0,1.2,8.6,19.5,1796.5509719745671,1570.3116041106032,75,73,100,100,2.4200000000000004,1.2600000000000002,8,4,71.94716394716394,41.21428571428571
2022-03-19,2021,Hertha BSC,TSG Hoffenheim,3,0,H,2,4.2,4.2,1.72,4.5,4.37,1.8,1435.4640684066205,1631.9052224723828,76,75,100,100,1.55,1.92,0,13,43.4032634032634,46.41883116883117
2022-03-19,2021,VfB Stuttgart,FC Augsburg,3,2,H,2,2.0,3.6,3.6,2.11,3.7,3.88,1470.1085879548139,1491.5579952200433,73,74,100,100,1.6900000000000002,1.61,5,7,49.28571428571429,43.52380952380952
2022-03-19,2021,Greuther Furth,SC Freiburg,0,0,D,1,4.75,4.0,1.7,5.05,4.23,1.74,1370.982515777465,1609.247055089573,75,74,100,100,1.4,1.7100000000000002,4,11,39.11111111111111,45.00000000000001
2022-03-20,2021,RB Leipzig,Ein Frankfurt,0,0,D,1,1.44,4.5,7.5,1.47,5.2,7.6,1658.9257000384941,1597.4289467068502,80,75,100,100,1.6200000000000003,1.1900000000000002,13,6,60.47552447552448,62.63636363636364
2022-03-20,2021,VfL Wolfsburg,Bayer Leverkusen,0,2,A,0,3.0,3.4,2.3,3.14,3.78,2.43,1535.3256708401718,1629.3846800095455,78,79,100,100,1.31,1.77,7,7,39.209956709956714,62.777777777777786
2022-03-20,2021,FC Cologne,Borussia Dortmund,1,1,D,1,3.5,3.75,2.0,3.6,4.0,2.09,1571.808465819109,1732.5714058061262,75,81,100,100,1.3900000000000001,1.8800000000000001,7,13,48.22222222222222,53.17460317460318
2022-04-01,2021,Union Berlin,FC Cologne,1,0,H,2,2.25,3.3,3.3,2.4,3.4,3.47,1563.470909197466,1578.7251497718862,73,75,100,100,1.31,1.3599999999999999,4,8,43.5,48.979797979797986
2022-04-02,2021,Arminia Bielefeld,VfB Stuttgart,1,1,D,1,3.0,3.4,2.35,3.3,3.52,2.43,1477.541670712834,1487.0951166371233,72,73,100,100,0.86,2.0100000000000002,3,8,49.77777777777777,69.28571428571429
2022-04-02,2021,Ein Frankfurt,Greuther Furth,0,0,D,1,1.44,4.75,6.5,1.49,5.0,7.5,1600.2317673314028,1380.5067471378188,75,75,100,100,1.0,0.93,7,2,52.45454545454545,30.77777777777778
2022-04-02,2021,SC Freiburg,Bayern Munich,1,4,A,0,5.5,4.75,1.5,6.2,5.18,1.57,1599.7228237292193,1803.3916668877043,74,75,100,100,1.6,2.4799999999999995,11,11,49.33333333333333,70.1010101010101
2022-04-02,2021,Bayer Leverkusen,Hertha BSC,2,1,H,2,1.4,5.25,6.0,1.45,5.25,7.59,1641.155911861032,1459.6556730956731,79,76,100,100,1.78,1.36,7,3,52.777777777777786,36.260406260406256
2022-04-02,2021,Borussia Dortmund,RB Leipzig,1,4,A,0,2.5,3.6,2.62,2.54,3.92,2.85,1725.654721853349,1656.1228794139415,81,80,100,100,1.75,1.8199999999999998,11,11,47.22222222222223,63.38461538461538
2022-04-02,2021,TSG Hoffenheim,VfL Bochum,1,2,A,0,1.5,4.33,6.5,1.55,4.75,6.8,1607.7136177833302,1501.8447663161123,75,75,100,100,1.3900000000000001,1.7200000000000002,10,4,47.31168831168831,45.666666666666664
2022-04-03,2021,FC Augsburg,VfL Wolfsburg,3,0,H,2,2.8,3.4,2.5,3.13,3.46,2.58,1474.5714665377338,1523.5544389886852,74,78,100,100,1.3699999999999999,1.4200000000000002,4,4,35.52380952380952,47.39177489177489
2022-04-03,2021,Borussia Monchengladbach,FSV Mainz 05,1,1,D,1,2.25,3.4,3.2,2.36,3.71,3.2,1543.6284635324112,1563.9370148217758,75,73,100,100,1.7600000000000002,1.4700000000000002,7,7,41.1082251082251,63.142857142857146
2022-04-06,2021,FC Augsburg,FSV Mainz 05,2,1,H,2,3.3,3.3,2.25,3.57,3.45,2.35,1492.8123881320291,1563.0028351735132,74,73,100,100,1.2399999999999998,1.6900000000000002,7,7,35.023809523809526,71.14285714285714
2022-04-08,2021,VfB Stuttgart,Borussia Dortmund,0,2,A,0,3.9,4.1,1.8,4.2,4.2,1.95,1486.6552750408655,1706.4947373411687,73,81,100,100,1.8800000000000001,1.37,8,8,54.28571428571429,48.8888888888889
2022-04-09,2021,VfL Wolfsburg,Arminia Bielefeld,4,0,H,2,1.66,3.8,5.25,1.73,4.08,5.75,1505.31351739439,1477.9815123090918,78,72,100,100,1.4100000000000001,0.89,4,1,45.60606060606061,52.77777777777777
2022-04-09,2021,Hertha BSC,Union Berlin,1,4,A,0,2.87,3.2,2.6,3.03,3.4,2.68,1451.3284725774795,1580.1729418987723,76,73,100,100,1.35,1.3699999999999999,3,7,41.64502164502164,42.166666666666664
2022-04-09,2021,FC Cologne,FSV Mainz 05,3,2,H,2,2.45,3.4,2.9,2.6,3.6,3.0,1562.02311707058,1543.8137147840264,75,73,100,100,1.0100000000000002,1.61,5,4,53.222222222222214,67.80952380952381
2022-04-09,2021,Bayern Munich,FC Augsburg,1,0,H,2,1.11,10.0,19.0,1.15,11.41,23.78,1810.9570832608463,1512.001508521516,75,74,100,100,2.59,1.2,11,10,75.24386724386724,28.690476190476193
2022-04-09,2021,Greuther Furth,Borussia Monchengladbach,0,2,A,0,4.75,4.0,1.7,5.04,4.28,1.73,1389.4622022093338,1544.5626431806738,75,75,100,100,0.85,1.9700000000000002,3,8,22.777777777777775,37.10822510822511
2022-04-10,2021,VfL Bochum,Bayer Leverkusen,0,0,D,1,4.0,4.2,1.8,4.47,4.3,1.85,1522.5747115568238,1649.4831123792258,75,79,100,100,1.83,1.9200000000000004,6,10,56.57575757575758,57.777777777777786
2022-04-10,2021,Ein Frankfurt,SC Freiburg,1,2,A,0,2.4,3.4,2.9,2.6,3.58,3.02,1591.2763122598878,1592.1574073560773,75,74,100,100,1.2600000000000002,1.45,8,8,61.54545454545455,46.857142857142854
2022-04-10,2021,RB Leipzig,TSG Hoffenheim,3,0,H,2,1.5,4.75,6.0,1.53,5.2,6.5,1675.2828639261218,1586.9836725426187,80,75,100,100,1.57,1.55,11,7,56.333333333333336,50.688311688311686
2022-04-16,2021,SC Freiburg,VfL Bochum,3,0,H,2,1.65,4.0,5.25,1.72,4.2,5.4,1608.116831514382,1528.1722963294778,74,75,100,100,1.37,1.81,8,7,50.19047619047619,44.57575757575757
2022-04-16,2021,Borussia Dortmund,VfL Wolfsburg,6,1,H,2,1.53,4.33,5.75,1.57,4.8,6.55,1713.5356637584393,1520.0574221453564,81,78,100,100,1.24,1.58,10,6,50.0,50.333333333333336
2022-04-16,2021,Borussia Monchengladbach,FC Cologne,1,3,A,0,2.05,3.6,3.5,2.1,3.95,3.71,1553.8594809125602,1577.1853100888736,75,75,100,100,1.7600000000000002,0.97,10,7,36.88095238095238,53.30769230769231
2022-04-16,2021,FSV Mainz 05,VfB Stuttgart,0,0,D,1,2.05,3.5,3.6,2.1,3.74,3.96,1528.6515217657327,1479.6143486235949,73,73,100,100,1.7600000000000002,1.8,4,8,60.5018315018315,58.17460317460318
2022-04-16,2021,FC Augsburg,Hertha BSC,0,1,A,0,1.9,3.5,4.2,1.98,3.8,4.21,1507.1454494159414,1441.004150957302,74,76,100,100,1.1,1.34,9,3,28.690476190476193,35.64502164502164
2022-04-17,2021,Arminia Bielefeld,Bayern Munich,0,3,A,0,13.0,7.5,1.18,17.0,8.1,1.22,1463.2376075581253,1815.8131423664208,72,75,100,100,0.8700000000000001,2.3200000000000003,1,11,54.11111111111111,69.24386724386724
2022-04-17,2021,TSG Hoffenheim,Greuther Furth,0,0,D,1,1.28,6.5,9.0,1.3,6.84,12.0,1574.96465688368,1380.1653644774474,75,75,100,100,1.12,0.6599999999999999,4,2,42.35497835497834,22.499999999999996
2022-04-17,2021,Union Berlin,Ein Frankfurt,2,0,H,2,2.15,3.4,3.4,2.28,3.6,3.65,1590.4972635189497,1575.3168881015831,73,75,100,100,1.8700000000000003,1.48,7,8,53.166666666666664,64.21212121212122
2022-04-17,2021,Bayer Leverkusen,RB Leipzig,0,1,A,0,3.0,3.6,2.3,3.1,3.9,2.42,1643.8855276065717,1687.3018795850605,79,80,100,100,1.52,1.7400000000000002,8,11,56.44444444444444,69.66666666666667
2022-04-22,2021,VfL Wolfsburg,FSV Mainz 05,5,0,H,2,2.3,3.4,3.1,2.45,3.47,3.3,1512.1479059737574,1526.4081531533834,78,73,100,100,1.6199999999999999,1.7099999999999997,3,5,54.833333333333336,63.00183150183151
2022-04-23,2021,Bayern Munich,Borussia Dortmund,3,1,H,2,1.36,5.75,7.0,1.45,6.2,7.9,1819.5293411683672,1721.4451799300384,75,81,100,100,2.48,1.36,13,10,62.577200577200585,49.11111111111111
2022-04-23,2021,FC Cologne,Arminia Bielefeld,3,1,H,2,1.53,4.2,6.5,1.57,4.54,6.6,1592.1127269924068,1459.521408756179,75,72,100,100,1.1600000000000001,0.9700000000000001,10,1,47.30769230769231,48.07936507936508
2022-04-23,2021,Ein Frankfurt,TSG Hoffenheim,2,2,D,1,2.55,3.6,2.62,2.61,3.96,2.8,1560.0155257038539,1566.8289786793932,75,75,100,100,1.3400000000000003,1.1500000000000001,5,2,58.23809523809523,56.53679653679653
2022-04-23,2021,SC Freiburg,Borussia Monchengladbach,3,3,D,1,1.83,4.0,4.0,1.91,4.12,4.4,1620.4988768291912,1538.932064009027,74,75,100,100,1.6700000000000004,1.89,10,10,54.76190476190476,41.166666666666664
2022-04-23,2021,Greuther Furth,Bayer Leverkusen,1,4,A,0,8.5,5.25,1.33,9.1,5.8,1.4,1388.301042681734,1629.8745818554742,75,79,100,100,0.6,1.6300000000000001,3,7,10.984848484848484,69.5
2022-04-23,2021,RB Leipzig,Union Berlin,1,2,A,0,1.55,4.0,6.5,1.59,4.5,7.1,1701.312825336158,1605.798625916679,80,73,100,100,1.48,1.8,13,10,56.16666666666667,52.095238095238095
2022-04-24,2021,Hertha BSC,VfB Stuttgart,2,0,H,2,3.1,3.3,2.3,3.2,3.5,2.55,1460.0138005622673,1481.8577172359442,76,73,100,100,1.23,1.52,6,6,47.69047619047619,51.38888888888889
2022-04-24,2021,VfL Bochum,FC Augsburg,0,2,A,0,2.25,3.2,3.5,2.35,3.35,3.51,1515.7902510146687,1488.135799810976,75,74,100,100,1.4800000000000002,1.2,4,6,49.33766233766234,28.333333333333336
2022-04-29,2021,Union Berlin,Greuther Furth,1,1,D,1,1.28,5.25,13.0,1.36,6.1,15.2,1626.0896576068183,1381.9231054263303,73,75,100,100,1.85,0.74,12,3,56.38095238095237,24.318181818181817
2022-04-30,2021,TSG Hoffenheim,SC Freiburg,3,4,A,0,2.5,3.5,2.75,2.55,3.7,2.9,1566.5152477914337,1616.8101087248929,75,74,100,100,1.0900000000000003,1.7000000000000004,2,8,59.832251082251084,63.095238095238095
2022-04-30,2021,VfB Stuttgart,VfL Wolfsburg,1,1,D,1,2.05,3.5,3.6,2.12,3.82,3.81,1464.8530910676925,1528.804246102453,73,78,100,100,1.61,1.7400000000000002,5,6,53.38888888888889,54.5
2022-04-30,2021,FSV Mainz 05,Bayern Munich,3,1,H,2,5.75,4.5,1.53,6.05,5.1,1.56,1509.7518130246879,1831.1286902973504,73,75,100,100,1.5000000000000004,2.35,2,15,57.858974358974365,63.03174603174604
2022-04-30,2021,Borussia Dortmund,VfL Bochum,3,4,A,0,1.36,5.25,7.5,1.4,5.7,8.82,1709.8458308010552,1498.5193991708336,81,75,100,100,1.28,1.5400000000000003,7,4,44.11111111111111,58.62337662337662
2022-04-30,2021,FC Augsburg,FC Cologne,1,4,A,0,2.8,3.25,2.6,2.91,3.65,2.6,1505.4066516548112,1602.2867928549276,74,75,100,100,1.2200000000000002,1.4100000000000001,9,10,34.04761904761905,53.97435897435897
2022-04-30,2021,Arminia Bielefeld,Hertha BSC,1,1,D,1,2.62,3.2,2.8,2.75,3.45,2.97,1449.3473428936582,1477.018426730519,72,76,100,100,1.02,1.1400000000000001,1,9,50.3015873015873,42.357142857142854
2022-05-02,2021,Bayer Leverkusen,Ein Frankfurt,2,0,H,2,1.4,5.0,7.0,1.47,5.4,7.5,1636.252519110878,1560.3292565918134,79,75,100,100,1.6600000000000001,1.53,10,3,56.166666666666664,54.48809523809523
2022-05-02,2021,Borussia Monchengladbach,RB Leipzig,3,1,H,2,4.33,4.0,1.75,4.33,4.3,1.86,1542.6208321133254,1681.0217936460188,75,80,100,100,1.8,1.1700000000000002,8,10,34.5,41.88095238095237
2022-05-06,2021,VfL Bochum,Arminia Bielefeld,2,1,H,2,2.15,3.6,3.2,2.27,3.69,3.38,1523.205663037673,1450.6189558633323,75,72,100,100,1.4300000000000002,1.06,7,2,49.238761238761235,52.444444444444436
2022-05-07,2021,Greuther Furth,Borussia Dortmund,1,3,A,0,9.0,6.0,1.3,9.7,6.38,1.34,1391.621052456862,1685.1595669342157,75,81,100,100,0.77,1.6600000000000001,3,6,35.984848484848484,51.162393162393165
2022-05-07,2021,FC Cologne,VfL Wolfsburg,0,1,A,0,1.6,4.5,5.0,1.66,4.6,5.3,1613.937443414766,1525.8920018370657,75,78,100,100,1.7700000000000002,1.75,12,7,53.97435897435897,55.75
2022-05-07,2021,SC Freiburg,Union Berlin,1,4,A,0,1.9,3.6,4.0,2.0,3.94,4.12,1630.5099891239308,1616.3917105762866,74,73,100,100,1.7400000000000002,1.78,10,13,55.873015873015866,55.04761904761905
2022-05-07,2021,Hertha BSC,FSV Mainz 05,1,2,A,0,2.55,3.4,2.7,2.56,3.65,2.96,1475.7468137608448,1537.403857841606,76,73,100,100,1.06,1.4000000000000001,7,4,54.5,53.19230769230769
2022-05-07,2021,TSG Hoffenheim,Bayer Leverkusen,2,4,A,0,3.2,4.0,2.05,3.45,4.33,2.1,1552.8153673923957,1648.810735266635,75,79,100,100,1.4600000000000002,1.4400000000000002,2,10,51.57828282828283,56.166666666666664
2022-05-08,2021,Ein Frankfurt,Borussia Monchengladbach,1,1,D,1,2.3,3.8,2.8,2.41,4.2,2.93,1547.7710404360564,1564.6774123395396,75,75,100,100,1.73,1.85,2,8,56.48809523809523,33.95454545454545
2022-05-08,2021,Bayern Munich,VfB Stuttgart,2,2,D,1,1.25,7.0,9.5,1.28,7.27,13.0,1803.4766454804324,1467.7653353330797,75,73,100,100,1.9900000000000002,1.3900000000000001,12,3,61.698412698412696,42.13888888888889
2022-05-08,2021,RB Leipzig,FC Augsburg,4,0,H,2,1.25,6.0,12.0,1.28,6.6,13.0,1658.9652134198045,1493.7560010949728,80,74,100,100,1.1300000000000001,1.23,9,6,44.426406926406926,34.88095238095239
2022-05-14,2021,Bayer Leverkusen,SC Freiburg,2,1,H,2,2.4,3.8,2.62,2.5,4.25,2.8,1660.4991463711917,1613.8601759997869,79,74,100,100,1.45,1.8800000000000001,10,10,56.93589743589744,61.01587301587301
2022-05-14,2021,Arminia Bielefeld,RB Leipzig,1,1,D,1,10.0,6.0,1.25,12.0,7.0,1.28,1437.9138968489863,1667.88296070178,72,80,100,100,1.1400000000000001,1.28,1,9,42.44444444444444,52.75974025974026
2022-05-14,2021,Borussia Dortmund,Hertha BSC,2,1,H,2,1.5,5.0,5.25,1.6,5.37,6.0,1690.1454732647778,1462.556788949381,81,76,100,100,1.7200000000000002,0.9700000000000001,9,7,45.21001221001221,49.95454545454545
2022-05-14,2021,FC Augsburg,Greuther Furth,2,1,H,2,1.55,4.75,5.0,1.61,5.0,5.5,1484.8382538129974,1386.6351461262998,74,75,100,100,1.03,0.85,3,2,29.88095238095238,50.27056277056276
2022-05-14,2021,FSV Mainz 05,Ein Frankfurt,2,2,D,1,1.7,4.33,4.33,1.75,4.64,4.95,1550.5938826530698,1548.5489937085938,73,75,100,100,1.48,1.6300000000000001,7,2,56.07109557109557,54.48809523809523
2022-05-14,2021,Union Berlin,VfL Bochum,3,2,H,2,1.4,5.0,7.0,1.44,5.5,8.1,1633.0415237004306,1535.910722052019,73,75,100,100,1.78,1.5100000000000002,13,7,60.38095238095237,53.32967032967033
2022-05-14,2021,VfL Wolfsburg,Bayern Munich,2,2,D,1,5.0,4.75,1.55,5.35,5.4,1.6,1545.8620220003722,1791.5237834136665,78,75,100,100,1.55,1.9100000000000001,10,10,46.88636363636364,57.28282828282829
2022-05-14,2021,VfB Stuttgart,FC Cologne,2,1,H,2,2.2,4.0,2.87,2.27,4.26,3.0,1479.7181973998456,1593.9674232514594,73,75,100,100,1.44,2.2,3,12,44.411616161616166,57.00466200466201
2022-05-14,2021,Borussia Monchengladbach,TSG Hoffenheim,5,1,H,2,2.0,4.33,3.1,2.1,4.66,3.2,1563.8994590670022,1541.126956287839,75,75,100,100,1.75,1.36,8,2,29.954545454545457,51.71814296814297
2022-08-05,2022,Ein Frankfurt,Bayern Munich,1,6,A,0,6.0,5.0,1.5,6.15,5.25,1.6,1548.6431632372273,1781.7823899507268,75,75,100,100,1.55,2.27,3,8,55.32142857142858,64.42568542568543
2022-08-06,2022,FC Augsburg,SC Freiburg,0,4,A,0,3.3,3.5,2.15,3.57,3.62,2.25,1496.4325401051235,1599.9951712943473,74,75,100,100,1.1300000000000001,1.81,6,7,27.38095238095238,59.682539682539684
2022-08-06,2022,VfL Bochum,FSV Mainz 05,1,2,A,0,3.2,3.4,2.2,3.38,3.5,2.32,1524.270759751881,1550.4997131244363,72,74,100,100,1.4899999999999998,1.44,6,8,60.32967032967033,60.878787878787875
2022-08-06,2022,Borussia Monchengladbach,TSG Hoffenheim,3,1,H,2,2.05,4.2,3.0,2.23,4.22,3.26,1578.8522457684237,1526.1741695864175,75,75,100,100,1.8400000000000003,1.5,8,2,32.45454545454545,50.0514763014763
2022-08-06,2022,Union Berlin,Hertha BSC,3,1,H,2,1.72,3.75,4.5,1.82,3.9,5.0,1644.6814860005686,1455.757776344368,73,74,100,100,1.7000000000000004,0.8100000000000002,13,7,49.38095238095237,50.95454545454545
2022-08-06,2022,VfL Wolfsburg,Werder Bremen,2,2,D,1,1.85,3.8,3.8,1.94,3.85,4.3,1555.6034154633119,1429.124734580762,77,75,100,100,1.3800000000000001,1.6800000000000002,8,1,37.743506493506494,42.86263736263736
2022-08-06,2022,Borussia Dortmund,Bayer Leverkusen,1,0,H,2,2.0,4.2,3.2,2.12,4.36,3.34,1696.9444858697907,1674.3641510766313,81,79,100,100,1.6700000000000004,1.59,9,12,49.0989010989011,52.93589743589744
2022-08-07,2022,VfB Stuttgart,RB Leipzig,1,1,D,1,4.5,3.8,1.75,4.67,4.12,1.84,1500.7977848997605,1658.6088929190803,74,80,100,100,1.95,1.5500000000000003,6,7,44.411616161616166,54.42640692640693
2022-08-07,2022,FC Cologne,FC Schalke 04,3,1,H,2,1.7,4.0,4.5,1.8,4.33,4.88,1572.8878357515446,1351.263004566831,75,75,100,100,2.1500000000000004,0.8300000000000001,9,3,55.80808080808081,22.26190476190476
2022-08-12,2022,SC Freiburg,Borussia Dortmund,1,3,A,0,3.0,3.75,2.2,3.18,3.9,2.33,1611.3623390476012,1711.9060846418333,75,81,100,100,1.8199999999999998,1.52,7,9,63.41880341880342,51.0989010989011
2022-08-13,2022,RB Leipzig,FC Cologne,2,2,D,1,1.44,4.75,7.0,1.5,5.2,7.8,1651.8031471546597,1579.8724839554893,80,75,100,100,2.1,2.4400000000000004,5,9,69.92640692640694,63.80808080808081
2022-08-13,2022,Bayer Leverkusen,FC Augsburg,1,2,A,0,1.3,5.75,9.5,1.36,6.0,10.0,1659.4025523045887,1485.0653723518697,79,74,100,100,1.51,1.1,12,6,45.43589743589744,32.57326007326007
2022-08-13,2022,TSG Hoffenheim,VfL Bochum,3,2,H,2,1.57,4.5,5.25,1.62,4.64,5.5,1512.5816645990546,1509.476358249779,75,72,100,100,1.28,1.5900000000000003,1,6,38.53632478632478,56.401098901098905
2022-08-13,2022,Werder Bremen,VfB Stuttgart,2,2,D,1,2.25,3.6,3.0,2.44,3.75,3.11,1434.7049446124554,1507.603530664181,75,74,100,100,1.64,1.9600000000000002,2,6,42.86263736263736,38.911616161616166
2022-08-13,2022,FC Schalke 04,Borussia Monchengladbach,2,2,D,1,3.1,3.8,2.15,3.26,3.9,2.26,1344.2783563628861,1592.4447507557866,75,75,100,100,0.9400000000000001,2.0,3,11,17.595238095238095,35.78787878787879
2022-08-13,2022,Hertha BSC,Ein Frankfurt,1,1,D,1,3.0,3.5,2.3,3.16,3.72,2.37,1447.691112398836,1542.0136610028544,74,75,100,100,0.8700000000000001,1.49,4,3,42.34343434343434,55.840909090909086
2022-08-14,2022,FSV Mainz 05,Union Berlin,0,0,D,1,2.2,3.25,3.4,2.33,3.36,3.66,1565.2941146265384,1652.7481499461007,74,73,100,100,1.7200000000000002,1.9,10,13,60.878787878787875,49.06349206349206
2022-08-14,2022,Bayern Munich,VfL Wolfsburg,2,0,H,2,1.12,9.5,17.0,1.18,10.0,21.0,1788.4118921850998,1550.0232054316184,75,77,100,100,2.3,1.3800000000000001,8,9,66.44588744588745,31.457792207792203
2022-08-19,2022,Borussia Monchengladbach,Hertha BSC,1,0,H,2,1.5,4.5,6.0,1.6,4.9,6.5,1582.631088624043,1451.931166949971,75,74,100,100,2.2700000000000005,1.0299999999999998,11,2,51.34343434343434,43.23232323232323
2022-08-20,2022,Bayer Leverkusen,TSG Hoffenheim,0,3,A,0,1.66,4.33,4.5,1.72,4.5,4.8,1635.9862637728136,1528.4386637646846,79,75,100,100,1.8399999999999999,1.77,9,3,52.76923076923076,45.78632478632478
2022-08-20,2022,Borussia Dortmund,Werder Bremen,2,3,A,0,1.36,5.25,7.5,1.43,5.75,7.8,1723.4009393605493,1438.0136365078179,81,75,100,100,1.7700000000000002,1.52,12,3,49.73526473526474,45.5
2022-08-20,2022,FC Augsburg,FSV Mainz 05,1,2,A,0,3.5,3.5,2.1,3.68,3.66,2.2,1508.4816608836447,1569.2385655341561,74,74,100,100,1.0400000000000003,1.8500000000000003,6,11,32.858974358974365,58.878787878787875
2022-08-20,2022,VfB Stuttgart,SC Freiburg,0,1,A,0,2.62,3.6,2.55,2.71,3.7,2.7,1504.2948387688186,1599.8674843288852,74,75,100,100,2.0599999999999996,1.75,7,6,41.19733044733046,59.78243978243978
2022-08-20,2022,Union Berlin,RB Leipzig,2,1,H,2,3.6,3.5,2.05,3.76,3.7,2.18,1648.803699038483,1648.5371480801152,73,80,100,100,1.8,2.3,11,6,44.77777777777778,68.65656565656566
2022-08-20,2022,VfL Wolfsburg,FC Schalke 04,0,0,D,1,1.83,3.8,4.2,1.9,4.0,4.4,1543.5511273760596,1354.0920184946297,77,75,100,100,1.06,1.1,6,4,30.124458874458874,17.039682539682538
2022-08-21,2022,Ein Frankfurt,FC Cologne,1,1,D,1,1.95,3.75,3.6,2.1,3.86,3.65,1537.7736064517194,1583.1384830300337,75,75,100,100,1.19,2.25,3,7,55.70202020202019,72.6969696969697
2022-08-21,2022,VfL Bochum,Bayern Munich,0,7,A,0,13.0,8.0,1.18,15.0,8.6,1.21,1493.619359084149,1794.8839702406585,72,75,100,100,1.6000000000000003,2.49,6,8,46.11538461538462,64.77922077922078
2022-08-26,2022,SC Freiburg,VfL Bochum,1,0,H,2,1.5,4.5,6.0,1.55,4.9,6.5,1611.5739547981466,1488.8177980766734,75,72,100,100,1.67,1.6900000000000002,6,3,53.67132867132867,51.5
2022-08-27,2022,FC Schalke 04,Union Berlin,1,6,A,0,3.1,3.4,2.3,3.18,3.6,2.4,1362.0439346731039,1664.7914239156262,75,73,100,100,1.11,1.8699999999999999,5,13,19.539682539682538,39.53968253968254
2022-08-27,2022,Hertha BSC,Borussia Dortmund,0,1,A,0,4.5,4.33,1.66,4.7,4.7,1.74,1441.6813980811728,1696.5875481082264,74,81,100,100,1.1199999999999999,1.35,1,12,38.23232323232323,41.85064935064935
2022-08-27,2022,TSG Hoffenheim,FC Augsburg,1,0,H,2,1.45,4.5,7.0,1.5,5.02,7.0,1549.23906083454,1495.25144347965,75,74,100,100,1.6199999999999999,0.8400000000000001,6,6,41.8974358974359,34.52564102564103
2022-08-27,2022,FSV Mainz 05,Bayer Leverkusen,0,3,A,0,2.75,3.75,2.37,2.92,3.91,2.55,1582.4687829381508,1615.1858667029583,74,79,100,100,1.75,1.8700000000000003,11,6,59.54545454545455,57.76923076923076
2022-08-27,2022,RB Leipzig,VfL Wolfsburg,2,0,H,2,1.45,4.75,6.0,1.53,4.88,6.89,1632.549423202972,1535.5992111975854,80,77,100,100,2.16,1.1099999999999999,6,6,72.68253968253968,33.874458874458874
2022-08-27,2022,Bayern Munich,Borussia Monchengladbach,1,1,D,1,1.18,8.0,12.0,1.25,8.9,15.0,1799.685531248134,1592.8808574928412,75,75,100,100,3.1100000000000003,2.29,11,11,64.11255411255411,55.88888888888889
2022-08-28,2022,FC Cologne,VfB Stuttgart,0,0,D,1,2.05,3.75,3.4,2.17,3.85,3.5,1581.061145155629,1492.5883682995573,75,74,100,100,1.89,2.06,5,6,73.88744588744589,47.447330447330444
2022-08-28,2022,Werder Bremen,Ein Frankfurt,3,4,A,0,2.45,3.5,2.8,2.61,3.75,2.83,1464.8270277601407,1539.8509443261241,75,75,100,100,1.73,1.1600000000000001,5,4,50.0,52.84487734487734
2022-09-02,2022,Borussia Dortmund,TSG Hoffenheim,1,0,H,2,1.61,4.5,4.75,1.69,4.7,4.8,1702.5825738601852,1562.7726582967093,81,75,100,100,1.6300000000000003,1.78,12,9,48.63636363636364,40.666666666666664
2022-09-03,2022,VfL Bochum,Werder Bremen,0,2,A,0,2.9,3.6,2.3,3.0,3.78,2.45,1478.2468724003866,1452.229289734005,72,75,100,100,1.52,1.6300000000000001,0,5,50.78571428571429,48.333333333333336
2022-09-03,2022,Bayer Leverkusen,SC Freiburg,2,3,A,0,1.9,3.75,3.8,1.98,4.05,4.04,1629.6836270565832,1622.1448804744334,79,75,100,100,1.67,2.0900000000000003,6,9,58.42857142857142,51.38561438561438
2022-09-03,2022,VfB Stuttgart,FC Schalke 04,1,1,D,1,1.75,4.0,4.33,1.83,4.2,4.5,1496.5768507341795,1357.2771064470992,74,75,100,100,2.04,1.04,6,2,51.6031746031746,34.11111111111111
2022-09-03,2022,Union Berlin,Bayern Munich,1,1,D,1,7.0,5.25,1.36,8.1,6.0,1.43,1669.5582521416309,1791.1471654165778,73,75,100,100,1.9400000000000002,3.6900000000000004,13,11,31.539682539682538,70.05194805194805
2022-09-03,2022,VfL Wolfsburg,FC Cologne,2,4,A,0,2.05,3.4,3.75,2.2,3.65,3.75,1523.9515489069495,1577.0726627210067,77,75,100,100,1.19,1.5000000000000002,3,6,36.904761904761905,66.09523809523809
2022-09-03,2022,Ein Frankfurt,RB Leipzig,4,0,H,2,3.5,3.75,2.0,3.72,4.05,2.1,1552.4486823522598,1644.197085493608,75,80,100,100,1.22,2.1399999999999997,6,6,46.51154401154402,69.34920634920634
2022-09-04,2022,Borussia Monchengladbach,FSV Mainz 05,0,1,A,0,2.2,3.8,3.0,2.29,3.87,3.16,1601.4192233243975,1567.9710225845258,75,74,100,100,2.07,1.6700000000000004,11,8,55.22222222222223,53.57142857142857
2022-09-04,2022,FC Augsburg,Hertha BSC,0,2,A,0,2.45,3.3,2.87,2.63,3.52,2.94,1481.7178460174807,1435.686372329214,74,74,100,100,0.9,1.2200000000000002,6,1,43.19230769230769,40.27777777777778
2022-09-09,2022,Werder Bremen,FC Augsburg,0,1,A,0,1.53,4.5,5.5,1.65,4.75,6.0,1469.4252090743835,1463.6103352327586,75,74,100,100,1.55,0.86,8,3,46.833333333333336,52.358974358974365
2022-09-10,2022,FC Schalke 04,VfL Bochum,3,1,H,2,2.0,3.8,3.5,2.11,3.85,3.75,1363.369111551429,1461.0509530600082,75,72,100,100,1.2200000000000002,1.78,3,0,39.111111111111114,49.78571428571429
2022-09-10,2022,RB Leipzig,Borussia Dortmund,3,0,H,2,2.3,3.9,2.75,2.46,4.05,2.88,1624.0674645761983,1712.470491720789,80,81,100,100,1.65,1.78,5,12,62.92063492063492,41.32867132867133
2022-09-10,2022,Ein Frankfurt,VfL Wolfsburg,0,1,A,0,2.0,3.6,3.6,2.11,3.8,3.83,1572.5783032696695,1510.378980789375,75,77,100,100,1.4300000000000002,1.22,8,2,50.44011544011544,45.15873015873016
2022-09-10,2022,Hertha BSC,Bayer Leverkusen,2,2,D,1,3.6,4.0,1.9,3.81,4.2,2.0,1453.793883113936,1613.3365094208632,74,79,100,100,1.54,1.75,4,3,38.61111111111111,63.76190476190476
2022-09-10,2022,Bayern Munich,VfB Stuttgart,2,2,D,1,1.14,8.0,17.0,1.18,9.5,19.0,1785.7657097695785,1490.4848456298498,75,74,100,100,3.4900000000000007,1.5699999999999998,11,4,64.57575757575756,51.04761904761905
2022-09-10,2022,TSG Hoffenheim,FSV Mainz 05,4,1,H,2,2.25,3.75,2.9,2.36,3.75,3.14,1552.8847404361056,1585.5066279655073,75,74,100,100,1.75,1.7,9,10,47.97435897435897,54.404761904761905
2022-09-11,2022,FC Cologne,Union Berlin,0,1,A,0,2.37,3.4,2.9,2.54,3.57,3.0,1590.6452308385813,1674.9397077886301,75,73,100,100,1.6,1.55,9,11,63.873015873015866,34.87301587301588
2022-09-11,2022,SC Freiburg,Borussia Monchengladbach,0,0,D,1,2.0,3.6,3.5,2.1,3.95,3.7,1638.4919981101534,1583.883617943416,75,75,100,100,2.0500000000000003,1.77,12,8,46.052281052281046,46.88888888888889
2022-09-16,2022,FSV Mainz 05,Hertha BSC,1,1,D,1,1.72,4.0,4.33,1.8,4.1,4.75,1568.0087337335176,1460.6648022709924,74,74,100,100,1.5100000000000002,1.7400000000000002,7,5,50.23809523809524,37.22222222222222
2022-09-17,2022,FC Augsburg,Bayern Munich,1,0,H,2,17.0,8.0,1.16,19.0,9.3,1.2,1479.8780950688022,1774.7095458344502,74,75,100,100,1.02,3.3200000000000003,6,9,58.66666666666667,73.66666666666666
2022-09-17,2022,Borussia Dortmund,FC Schalke 04,1,0,H,2,1.36,5.0,8.0,1.42,5.61,8.0,1692.4850219284474,1383.7526310230703,81,75,100,100,1.53,1.6,9,6,43.63636363636364,42.56565656565657
2022-09-17,2022,Bayer Leverkusen,Werder Bremen,1,1,D,1,1.61,4.33,5.0,1.7,4.75,5.0,1606.465590263807,1453.15744923834,79,75,100,100,1.86,1.6,4,7,66.26190476190476,38.54761904761905
2022-09-17,2022,VfB Stuttgart,Ein Frankfurt,1,3,A,0,2.25,3.5,3.1,2.4,3.74,3.1,1501.5410095649781,1553.7441321423203,74,75,100,100,1.58,1.38,4,8,49.04761904761905,54.682539682539684
2022-09-17,2022,Borussia Monchengladbach,RB Leipzig,3,0,H,2,3.0,3.6,2.25,3.2,3.98,2.4,1586.377920654808,1644.0529343685398,75,80,100,100,1.61,1.36,6,7,42.78632478632478,52.61294261294262
2022-09-18,2022,TSG Hoffenheim,SC Freiburg,0,0,D,1,2.15,3.6,3.2,2.24,3.91,3.27,1570.3826346680953,1635.9976953987616,75,75,100,100,2.2600000000000002,2.0300000000000002,12,10,52.97435897435897,44.51381951381951
2022-09-18,2022,Union Berlin,VfL Wolfsburg,2,0,H,2,1.95,3.5,3.8,2.07,3.7,4.05,1687.1322200912296,1529.2131519167242,73,77,100,100,1.29,1.15,11,4,34.42857142857143,46.11111111111111
2022-09-18,2022,VfL Bochum,FC Cologne,1,1,D,1,3.1,3.6,2.2,3.35,3.8,2.32,1440.6674335883667,1578.4527185359818,72,75,100,100,1.6700000000000004,1.05,0,6,56.83116883116884,55.206349206349216
2022-09-30,2022,Bayern Munich,Bayer Leverkusen,4,0,H,2,1.36,6.0,7.0,1.41,6.25,8.1,1747.664205458904,1599.8306263303193,75,79,100,100,3.25,1.7,6,5,76.33333333333333,64.26190476190476
2022-10-01,2022,Ein Frankfurt,Union Berlin,2,0,H,2,2.25,3.4,3.2,2.36,3.64,3.34,1567.3580187281827,1696.3224026566058,75,73,100,100,1.6799999999999997,1.4300000000000002,10,13,50.84415584415585,40.42857142857143
2022-10-01,2022,FC Cologne,Borussia Dortmund,3,2,H,2,3.1,4.0,2.05,3.41,4.09,2.13,1572.4204448569815,1697.113771281704,75,81,100,100,1.1099999999999999,1.56,6,9,52.98412698412697,56.92307692307693
2022-10-01,2022,SC Freiburg,FSV Mainz 05,2,1,H,2,2.1,3.6,3.4,2.15,3.69,3.61,1633.0114291096893,1563.2168731720458,75,74,100,100,1.8900000000000001,1.4100000000000001,11,7,35.650183150183146,51.66666666666667
2022-10-01,2022,RB Leipzig,VfL Bochum,4,0,H,2,1.22,6.5,12.0,1.26,7.3,13.0,1625.4210330188978,1446.699707267367,80,72,100,100,1.4400000000000002,1.4300000000000002,6,1,53.62304362304362,59.4978354978355
2022-10-01,2022,VfL Wolfsburg,VfB Stuttgart,3,2,H,2,2.4,3.4,2.9,2.46,3.63,3.1,1520.022969351348,1487.9271229791157,77,74,100,100,1.09,1.39,4,3,43.44444444444444,47.489177489177486
2022-10-01,2022,Werder Bremen,Borussia Monchengladbach,5,1,H,2,2.5,3.9,2.5,2.65,4.04,2.65,1459.7924131718275,1605.00982200445,75,75,100,100,1.9,1.7200000000000002,7,8,40.833333333333336,41.77622377622377
2022-10-02,2022,Hertha BSC,TSG Hoffenheim,1,1,D,1,2.75,3.75,2.37,2.99,3.99,2.46,1465.4566628324642,1573.3689009571676,74,75,100,100,1.55,1.72,5,10,36.904761904761905,49.47435897435898
2022-10-02,2022,FC Schalke 04,FC Augsburg,2,3,A,0,1.95,3.8,3.6,2.02,3.82,3.97,1379.1238816698137,1506.9234354443483,75,74,100,100,1.2900000000000003,1.05,5,6,41.198135198135205,56.66666666666667
2022-10-07,2022,TSG Hoffenheim,Werder Bremen,1,2,A,0,1.95,3.8,3.5,2.08,4.06,3.55,1568.5532280457185,1482.1159059654572,75,75,100,100,1.7399999999999998,1.98,8,7,59.474358974358985,37.22222222222223
2022-10-08,2022,FC Augsburg,VfL Wolfsburg,1,1,D,1,2.9,3.4,2.4,3.05,3.62,2.5,1517.289866885825,1534.5490912772514,74,77,100,100,1.2200000000000002,1.1700000000000002,9,6,53.333333333333336,40.75213675213676
2022-10-08,2022,Bayer Leverkusen,FC Schalke 04,4,0,H,2,1.45,4.5,7.0,1.5,5.1,7.0,1590.2554761333438,1368.7574502283371,79,75,100,100,1.7400000000000002,1.4800000000000002,5,4,54.26190476190476,49.53146853146853
2022-10-08,2022,FSV Mainz 05,RB Leipzig,1,1,D,1,3.0,3.6,2.3,3.23,3.8,2.38,1550.3884824409436,1633.8471546524345,74,80,100,100,1.44,1.73,4,9,51.66666666666667,50.60717060717061
2022-10-08,2022,Borussia Dortmund,Bayern Munich,2,2,D,1,4.33,4.75,1.65,4.55,5.05,1.73,1675.6059081629746,1757.2393556558795,81,75,100,100,2.12,3.15,9,6,61.64529914529915,81.33333333333333
2022-10-08,2022,VfL Bochum,Ein Frankfurt,3,0,H,2,3.75,3.8,1.9,4.08,4.06,1.95,1438.2735856338304,1589.0385239029129,72,75,100,100,1.0799999999999998,1.7600000000000002,1,12,53.942279942279946,50.97402597402598
2022-10-09,2022,Borussia Monchengladbach,FC Cologne,5,2,H,2,1.95,3.75,3.6,2.05,4.1,3.64,1582.6863292108203,1593.9283079757108,75,75,100,100,1.86,1.81,5,8,42.88733488733489,47.9047619047619
2022-10-09,2022,Hertha BSC,SC Freiburg,2,2,D,1,3.0,3.5,2.3,3.25,3.7,2.41,1470.2723357439133,1645.8398198407915,74,75,100,100,1.5,2.05,6,11,31.904761904761905,40.650183150183146
2022-10-09,2022,VfB Stuttgart,Union Berlin,0,1,A,0,2.55,3.1,2.9,2.74,3.44,2.97,1473.4010010532122,1674.6418974818757,74,73,100,100,1.44,1.52,3,10,40.181485181485186,51.72727272727273
2022-10-14,2022,FC Schalke 04,TSG Hoffenheim,0,3,A,0,3.6,3.8,1.95,3.82,3.92,2.06,1361.7688156002066,1548.6527845127987,75,75,100,100,1.2600000000000002,1.6600000000000001,4,5,43.53146853146853,61.47435897435897
2022-10-15,2022,Ein Frankfurt,Bayer Leverkusen,5,1,H,2,2.75,3.6,2.45,2.86,3.86,2.55,1566.5008321107046,1597.2441107614743,75,79,100,100,1.55,1.8800000000000001,9,5,45.461205461205466,52.83333333333333
2022-10-15,2022,VfB Stuttgart,VfL Bochum,4,1,H,2,1.65,4.0,5.25,1.7,4.22,5.6,1465.754548602884,1460.8112774260387,74,72,100,100,1.32,1.08,2,4,34.467199467199464,53.5027195027195
2022-10-15,2022,Werder Bremen,FSV Mainz 05,0,2,A,0,2.37,3.6,2.87,2.41,3.78,3.04,1502.016349498377,1554.159638833423,75,74,100,100,1.92,1.3599999999999999,10,5,38.88888888888889,56.42857142857142
2022-10-15,2022,VfL Wolfsburg,Borussia Monchengladbach,2,2,D,1,2.62,3.5,2.6,2.71,3.84,2.7,1533.754927768626,1599.2038608633327,77,75,100,100,1.32,2.0599999999999996,7,7,40.335470085470085,54.28127428127427
2022-10-15,2022,RB Leipzig,Hertha BSC,3,2,H,2,1.4,5.0,7.0,1.45,5.25,7.9,1630.075998259955,1477.7330359671985,80,74,100,100,1.5300000000000002,1.4900000000000002,7,7,43.94050394050394,37.738095238095234
2022-10-16,2022,Bayern Munich,SC Freiburg,5,0,H,2,1.25,6.5,9.0,1.32,6.8,12.0,1753.547682145536,1638.3791196175064,75,75,100,100,2.21,1.5499999999999998,6,9,69.93939393939395,41.6025641025641
2022-10-16,2022,Union Berlin,Borussia Dortmund,2,0,H,2,2.9,3.5,2.37,3.06,3.68,2.48,1682.288349932204,1679.297581673318,73,81,100,100,1.35,1.97,10,7,62.01298701298701,61.87257187257187
2022-10-16,2022,FC Cologne,FC Augsburg,3,2,H,2,1.66,4.0,5.0,1.75,4.38,5.0,1577.4107763231984,1518.0840303944503,75,74,100,100,1.8400000000000003,1.44,7,10,46.60606060606061,55.083333333333336
2022-10-21,2022,FSV Mainz 05,FC Cologne,5,0,H,2,2.15,3.5,3.25,2.26,3.75,3.6,1567.776219629443,1590.7049264657444,74,75,100,100,1.35,1.8400000000000003,5,7,53.095238095238095,50.217171717171716
2022-10-22,2022,Borussia Monchengladbach,Ein Frankfurt,1,3,A,0,2.3,3.75,2.87,2.42,3.97,3.02,1596.2249791885135,1583.912928848014,75,75,100,100,2.1100000000000003,1.69,8,9,56.84537684537683,51.53263403263404
2022-10-22,2022,Bayer Leverkusen,VfL Wolfsburg,2,2,D,1,1.7,4.2,4.5,1.77,4.5,4.88,1579.832014024165,1536.7338094434451,79,77,100,100,1.6200000000000003,1.4300000000000002,5,8,42.0,39.99358974358974
2022-10-22,2022,TSG Hoffenheim,Bayern Munich,0,2,A,0,5.5,5.0,1.5,6.45,5.3,1.55,1556.790494346507,1764.4300568128124,75,75,100,100,1.9700000000000002,2.2600000000000002,8,8,60.277777777777786,68.27272727272728
2022-10-22,2022,Borussia Dortmund,VfB Stuttgart,5,0,H,2,1.53,4.75,5.5,1.57,4.75,6.35,1663.435308239689,1481.5269179121792,81,74,100,100,1.98,1.5100000000000002,4,4,66.4879564879565,36.133866133866135
2022-10-22,2022,FC Augsburg,RB Leipzig,3,3,D,1,5.5,4.33,1.57,5.8,4.67,1.63,1504.7898802519044,1639.477881332091,74,80,100,100,1.4700000000000002,1.8200000000000003,10,10,45.916666666666664,48.702408702408704
2022-10-22,2022,SC Freiburg,Werder Bremen,2,0,H,2,1.9,3.75,3.8,2.0,3.98,4.13,1627.49674495023,1488.399768702357,75,75,100,100,1.44,1.8200000000000003,6,7,44.93589743589744,42.88888888888889
2022-10-23,2022,VfL Bochum,Union Berlin,2,1,H,2,4.33,3.4,1.9,4.6,3.6,1.96,1445.0389081167434,1698.150623365833,72,73,100,100,0.95,1.4700000000000002,4,12,49.5027195027195,61.37196137196137
2022-10-23,2022,Hertha BSC,FC Schalke 04,2,1,H,2,1.75,3.75,4.75,1.81,4.05,4.82,1468.3311528950624,1353.6311057664982,74,75,100,100,1.4500000000000002,1.19,4,3,41.07142857142857,40.75369075369075
2022-10-28,2022,Werder Bremen,Hertha BSC,1,0,H,2,2.0,3.8,3.4,2.1,4.02,3.5,1478.4837879300692,1479.2329045132897,75,74,100,100,1.65,1.31,7,6,41.88888888888889,42.662337662337656
2022-10-29,2022,VfL Wolfsburg,VfL Bochum,4,0,H,2,1.65,4.2,4.75,1.74,4.25,5.0,1538.7084372515683,1470.9933950964944,77,72,100,100,1.46,1.06,6,7,43.32692307692308,40.957264957264954
2022-10-29,2022,RB Leipzig,Bayer Leverkusen,2,0,H,2,1.8,4.0,4.1,1.85,4.25,4.45,1633.5683777867944,1577.8573862160417,80,79,100,100,1.9900000000000002,1.6400000000000001,8,5,54.34343434343434,39.5
2022-10-29,2022,VfB Stuttgart,FC Augsburg,2,1,H,2,1.8,3.8,4.33,1.9,4.12,4.51,1473.2141828134593,1510.699383797201,74,74,100,100,1.4500000000000002,1.3599999999999999,3,8,39.770229770229776,38.58333333333333
2022-10-29,2022,Ein Frankfurt,Borussia Dortmund,1,2,A,0,2.75,3.75,2.4,2.9,3.9,2.49,1600.4796825008978,1671.748043338409,75,81,100,100,1.9400000000000002,2.53,12,7,46.19930069930071,70.54390054390055
2022-10-29,2022,Bayern Munich,FSV Mainz 05,6,2,H,2,1.25,6.5,11.0,1.28,7.15,11.29,1771.8642274423878,1584.8305953640079,75,74,100,100,2.43,1.6,10,8,56.60606060606061,55.873015873015866
2022-10-30,2022,Union Berlin,Borussia Monchengladbach,2,1,H,2,2.05,3.4,3.8,2.17,3.62,3.98,1672.1961363860821,1579.6582255356298,73,75,100,100,1.4100000000000001,1.97,9,7,64.7052947052947,59.61460761460762
2022-10-30,2022,FC Schalke 04,SC Freiburg,0,2,A,0,4.0,3.75,1.9,4.18,3.9,1.97,1342.7293541482709,1637.412725722518,75,75,100,100,0.8400000000000001,1.52,0,8,46.20823620823621,49.166666666666664
2022-10-30,2022,FC Cologne,TSG Hoffenheim,1,1,D,1,2.9,3.5,2.37,3.06,3.7,2.49,1573.6505507311795,1549.3563237169317,75,75,100,100,1.83,1.59,7,5,49.77272727272727,60.27777777777777
2022-11-04,2022,Borussia Monchengladbach,VfB Stuttgart,3,1,H,2,2.15,3.75,3.1,2.28,3.96,3.3,1567.8217626298126,1490.9337729973483,75,74,100,100,1.5500000000000003,1.85,4,6,54.16006216006216,42.42757242757243
2022-11-05,2022,TSG Hoffenheim,RB Leipzig,1,3,A,0,2.9,3.75,2.25,3.11,3.8,2.36,1550.4732943622614,1647.0245566410388,75,80,100,100,1.6200000000000003,1.9600000000000002,5,11,56.666666666666664,58.88888888888889
2022-11-05,2022,Hertha BSC,Bayern Munich,2,3,A,0,10.0,6.5,1.25,11.21,7.0,1.3,1463.1984064732003,1779.996710390161,74,75,100,100,1.3199999999999998,2.67,5,13,45.20202020202019,52.91375291375292
2022-11-05,2022,FC Augsburg,Ein Frankfurt,1,2,A,0,4.33,4.0,1.72,4.6,4.2,1.78,1492.979793613312,1587.7164409315283,74,75,100,100,1.4700000000000002,2.0100000000000002,5,9,39.19871794871794,50.35514485514486
2022-11-05,2022,Borussia Dortmund,VfL Bochum,3,0,H,2,1.22,7.0,11.0,1.27,7.0,13.0,1684.5112849077784,1458.0728939691762,81,72,100,100,2.22,1.2100000000000002,7,6,62.19225219225219,38.73504273504274
2022-11-05,2022,Werder Bremen,FC Schalke 04,2,1,H,2,1.65,4.33,4.5,1.69,4.5,5.11,1494.5182859701586,1337.7711239846446,75,75,100,100,1.49,1.0500000000000003,9,0,42.777777777777786,49.79797979797979
2022-11-05,2022,FSV Mainz 05,VfL Wolfsburg,0,3,A,0,2.0,3.75,3.5,2.08,3.8,3.76,1576.6981124162346,1551.6289383788865,74,77,100,100,1.73,1.9100000000000001,7,9,52.136752136752136,54.88247863247864
2022-11-06,2022,Bayer Leverkusen,Union Berlin,5,0,H,2,2.15,3.4,3.4,2.23,3.65,3.6,1564.4012073617973,1684.0325992918993,79,73,100,100,1.25,1.4300000000000002,4,9,37.5,59.61438561438562
2022-11-06,2022,SC Freiburg,FC Cologne,2,0,H,2,1.7,4.0,4.75,1.75,4.15,5.2,1642.3709558861442,1572.5335800858497,75,75,100,100,1.7700000000000002,1.7600000000000002,10,7,55.0,47.550505050505045
2022-11-08,2022,VfL Wolfsburg,Borussia Dortmund,2,0,H,2,3.1,3.6,2.2,3.2,3.8,2.32,1568.7814171408936,1691.345820035625,77,81,100,100,1.65,1.67,9,10,48.728632478632484,55.684315684315685
2022-11-08,2022,Bayern Munich,Werder Bremen,6,1,H,2,1.14,9.5,15.0,1.17,10.0,19.0,1784.4446450595574,1503.7527239882313,75,75,100,100,2.37,1.3,13,9,53.46930846930847,43.88888888888889
2022-11-08,2022,VfL Bochum,Borussia Monchengladbach,2,1,H,2,3.2,3.5,2.25,3.45,3.98,2.27,1451.2383588413297,1580.3376326459731,72,75,100,100,1.26,1.41,6,7,48.57631257631258,50.548951048951054
2022-11-08,2022,VfB Stuttgart,Hertha BSC,2,1,H,2,1.95,3.8,3.75,2.05,3.93,4.1,1478.4179029811878,1458.750471803804,74,74,100,100,1.7100000000000002,1.2600000000000002,6,4,47.23526473526474,44.64646464646464
2022-11-09,2022,FC Schalke 04,FSV Mainz 05,1,0,H,2,3.4,3.75,2.05,3.58,3.89,2.12,1328.536685966572,1559.5456336542275,75,74,100,100,1.0,1.56,0,7,46.464646464646464,55.98290598290598
2022-11-09,2022,Union Berlin,FC Augsburg,2,2,D,1,1.55,4.2,6.0,1.6,4.4,6.8,1662.73124385391,1481.2375732863634,73,74,100,100,1.1900000000000002,1.4500000000000002,9,2,63.553779553779556,39.19871794871794
2022-11-09,2022,Ein Frankfurt,TSG Hoffenheim,4,2,H,2,1.9,3.8,3.75,1.96,4.12,4.0,1599.458661258477,1538.8086139177876,75,75,100,100,2.1100000000000003,1.5300000000000002,9,4,56.41575091575091,55.0
2022-11-09,2022,FC Cologne,Bayer Leverkusen,1,2,A,0,3.0,3.75,2.2,3.23,3.86,2.31,1559.7070837523065,1585.7025627997866,75,79,100,100,1.06,1.3800000000000001,4,7,47.27272727272727,35.83333333333333
2022-11-09,2022,RB Leipzig,SC Freiburg,3,1,H,2,1.72,4.0,4.5,1.82,4.25,4.56,1658.6892370855126,1655.1974522196874,80,75,100,100,1.9200000000000004,1.73,11,10,49.999999999999986,57.5
2022-11-11,2022,Borussia Monchengladbach,Borussia Dortmund,4,2,H,2,3.2,4.0,2.15,3.4,4.0,2.25,1558.6516993063758,1669.9245610448586,75,81,100,100,1.2,1.7400000000000002,4,9,44.48834498834499,54.95704295704296
2022-11-12,2022,Werder Bremen,RB Leipzig,1,2,A,0,3.6,4.0,1.9,3.9,4.2,1.97,1498.4475738418687,1674.5284398636943,75,80,100,100,1.1800000000000002,2.18,6,13,40.55555555555556,58.33333333333333
2022-11-12,2022,FC Schalke 04,Bayern Munich,0,2,A,0,15.0,7.5,1.16,17.5,9.33,1.18,1353.8424979285105,1789.74979520592,75,75,100,100,1.2300000000000002,2.7700000000000005,3,15,39.321789321789325,59.52991452991453
2022-11-12,2022,Bayer Leverkusen,VfB Stuttgart,2,0,H,2,1.72,4.2,4.33,1.76,4.38,4.8,1600.5076556866234,1493.51315049407,79,74,100,100,1.19,1.9400000000000002,7,9,28.690476190476186,53.82867132867133
2022-11-12,2022,Hertha BSC,FC Cologne,2,0,H,2,2.2,3.6,3.1,2.35,3.86,3.2,1443.655224290922,1544.9019908654698,74,75,100,100,1.3,1.3400000000000003,3,4,39.00543900543901,57.142857142857146
2022-11-12,2022,FC Augsburg,VfL Bochum,0,1,A,0,2.2,3.5,3.2,2.23,3.82,3.37,1488.9101398493813,1472.924292180927,74,72,100,100,1.2200000000000002,1.2,2,6,32.11538461538461,48.06349206349206
2022-11-12,2022,TSG Hoffenheim,VfL Wolfsburg,1,2,A,0,2.25,3.75,3.1,2.3,3.9,3.19,1525.573622768004,1590.20267613166,75,77,100,100,1.37,1.72,4,11,56.11111111111111,50.478632478632484
2022-11-13,2022,FSV Mainz 05,Ein Frankfurt,1,1,D,1,2.75,3.5,2.45,2.86,3.76,2.55,1534.2398216922888,1612.6936524082605,74,75,100,100,1.5,2.3899999999999997,6,12,59.792429792429786,59.15079365079365
2022-11-13,2022,SC Freiburg,Union Berlin,4,1,H,2,2.0,3.3,4.0,2.1,3.44,4.3,1639.3582494415057,1655.0586772908919,75,73,100,100,1.5899999999999999,1.3800000000000001,9,7,55.83333333333333,62.6013986013986
2023-01-20,2022,RB Leipzig,Bayern Munich,1,1,D,1,3.6,4.33,1.85,3.98,4.35,1.92,1683.0492507828342,1792.1565115830817,80,75,100,100,2.1,2.7300000000000004,13,15,65.0,60.64102564102565
2023-01-21,2022,VfB Stuttgart,FSV Mainz 05,1,1,D,1,2.4,3.5,2.88,2.46,3.7,3.03,1482.2903583157802,1537.7925741733354,74,74,100,100,1.61,1.6200000000000003,6,4,50.495337995338005,64.07814407814408
2023-01-21,2022,VfL Bochum,Hertha BSC,3,1,H,2,2.38,3.5,2.9,2.47,3.68,2.98,1489.659948614507,1464.1901610729942,72,74,100,100,1.17,1.4300000000000002,9,6,43.06349206349206,45.67210567210567
2023-01-21,2022,Ein Frankfurt,FC Schalke 04,3,0,H,2,1.36,5.0,8.5,1.41,5.5,8.5,1609.140899927214,1351.4357815513488,75,75,100,100,1.97,1.1500000000000001,10,3,47.36507936507936,39.321789321789325
2023-01-21,2022,FC Cologne,Werder Bremen,7,1,H,2,2.25,3.8,2.9,2.28,3.9,3.12,1524.3670540833975,1489.9267629227288,75,75,100,100,1.1400000000000001,1.15,1,6,51.30952380952381,30.555555555555554
2023-01-21,2022,Union Berlin,TSG Hoffenheim,3,1,H,2,2.25,3.4,3.2,2.29,3.6,3.38,1638.3361376313262,1512.5160404002686,73,75,100,100,1.1600000000000001,1.4500000000000002,4,1,61.575757575757564,62.5
2023-01-21,2022,VfL Wolfsburg,SC Freiburg,6,0,H,2,2.55,3.4,2.75,2.6,3.6,2.88,1603.2602584993954,1656.0807891010713,77,75,100,100,1.58,1.8,13,12,42.20940170940171,59.166666666666664
2023-01-22,2022,Borussia Dortmund,FC Augsburg,4,3,H,2,1.3,6.0,8.0,1.35,6.25,9.5,1648.9685583380715,1472.1744834158014,81,74,100,100,1.9700000000000002,1.4200000000000002,9,2,59.01298701298701,39.61538461538461
2023-01-22,2022,Borussia Monchengladbach,Bayer Leverkusen,2,3,A,0,2.63,3.8,2.45,2.84,4.1,2.45,1579.607702013163,1611.7304478649132,75,79,100,100,1.25,1.2900000000000003,6,10,38.89393939393939,39.52380952380952
2023-01-24,2022,TSG Hoffenheim,VfB Stuttgart,2,2,D,1,2.1,3.5,3.4,2.2,3.84,3.45,1502.0695930200072,1484.824807119772,75,74,100,100,1.56,1.7900000000000003,1,7,56.98717948717948,54.358974358974365
2023-01-24,2022,FC Schalke 04,RB Leipzig,1,6,A,0,5.75,4.33,1.53,6.0,4.6,1.6,1345.518857330837,1687.9149192159969,75,80,100,100,1.3200000000000003,1.81,3,13,37.301587301587304,63.666666666666664
2023-01-24,2022,Bayern Munich,FC Cologne,1,1,D,1,1.2,7.5,12.0,1.25,7.9,13.0,1787.290843149919,1538.7861946144503,75,75,100,100,2.25,1.4300000000000002,13,4,60.30769230769231,52.42063492063492
2023-01-24,2022,Hertha BSC,VfL Wolfsburg,0,5,A,0,3.0,3.4,2.3,3.2,3.55,2.41,1449.360991517547,1621.674164855187,74,77,100,100,1.3400000000000003,1.9400000000000002,3,15,53.724053724053725,32.20940170940171
2023-01-25,2022,Bayer Leverkusen,VfL Bochum,2,0,H,2,1.4,5.25,6.5,1.49,5.25,7.5,1626.255341544462,1504.489118169954,79,72,100,100,1.2900000000000003,1.11,12,9,41.52380952380952,39.92063492063492
2023-01-25,2022,FSV Mainz 05,Borussia Dortmund,1,2,A,0,2.9,3.6,2.3,3.01,3.82,2.41,1535.2581253693436,1657.4637262267108,74,81,100,100,1.3900000000000001,2.05,2,9,65.46703296703296,56.64935064935065
2023-01-25,2022,FC Augsburg,Borussia Monchengladbach,1,0,H,2,3.0,3.6,2.25,3.2,3.7,2.4,1463.679315527162,1565.0828083336141,74,75,100,100,1.49,1.52,1,6,38.94871794871794,34.89393939393939
2023-01-25,2022,SC Freiburg,Ein Frankfurt,1,1,D,1,2.5,3.5,2.7,2.64,3.68,2.84,1637.6668827452797,1615.0578241477258,75,75,100,100,1.4,1.8399999999999999,9,10,64.16666666666666,50.47619047619047
2023-01-25,2022,Werder Bremen,Union Berlin,1,2,A,0,2.8,3.2,2.63,2.94,3.44,2.65,1475.507622391676,1648.7825850115876,75,73,100,100,1.0899999999999999,1.4100000000000001,6,7,35.55555555555556,61.42191142191142
2023-01-27,2022,RB Leipzig,VfB Stuttgart,2,1,H,2,1.33,5.0,9.0,1.4,5.95,10.0,1691.8279615383983,1485.6183073480643,80,74,100,100,2.2399999999999998,1.4000000000000001,13,5,70.80952380952381,46.97435897435897
2023-01-28,2022,SC Freiburg,FC Augsburg,3,1,H,2,1.5,4.5,6.25,1.56,4.7,6.6,1636.6271643158927,1484.2208891543473,75,74,100,100,1.17,1.4300000000000002,7,4,62.26190476190476,46.33333333333333
2023-01-28,2022,Hertha BSC,Union Berlin,0,2,A,0,3.5,3.25,2.2,3.76,3.46,2.25,1440.7038996310844,1657.4047580315578,74,73,100,100,1.37,1.3800000000000001,3,7,54.612942612942604,62.17948717948717
2023-01-28,2022,TSG Hoffenheim,Borussia Monchengladbach,1,4,A,0,2.0,3.9,3.4,2.11,4.12,3.45,1501.276092791715,1544.541234706429,75,75,100,100,1.6400000000000001,1.48,1,6,60.0982905982906,33.8030303030303
2023-01-28,2022,FSV Mainz 05,VfL Bochum,5,2,H,2,1.7,4.0,4.75,1.75,4.12,5.05,1524.6647527731116,1493.8778142888068,74,72,100,100,1.3400000000000003,1.06,2,9,65.77472527472528,46.9047619047619
2023-01-28,2022,Werder Bremen,VfL Wolfsburg,2,1,H,2,3.2,3.6,2.15,3.41,3.92,2.22,1466.8854493717058,1630.3312567416497,75,77,100,100,0.9800000000000001,1.8700000000000003,3,15,35.0,24.653846153846153
2023-01-28,2022,Bayern Munich,Ein Frankfurt,1,1,D,1,1.33,6.0,7.5,1.37,6.55,8.8,1777.4674698225379,1616.0975425771128,75,75,100,100,2.02,1.44,11,11,61.84615384615385,47.61904761904762
2023-01-29,2022,FC Schalke 04,FC Cologne,0,0,D,1,3.8,3.6,1.95,3.86,3.95,2.02,1341.6058150084355,1548.6095679418315,75,75,100,100,1.2100000000000002,1.26,3,4,33.49206349206349,47.46336996336996
2023-01-29,2022,Bayer Leverkusen,Borussia Dortmund,0,2,A,0,2.45,3.8,2.63,2.5,4.01,2.8,1636.8666454256092,1668.0570988229429,79,81,100,100,1.48,2.2500000000000004,15,9,40.09523809523809,60.07792207792208
2023-02-03,2022,FC Augsburg,Bayer Leverkusen,1,0,H,2,4.0,3.8,1.85,4.31,4.06,1.9,1474.8214257300854,1622.2991725862355,74,79,100,100,1.4600000000000002,1.53,4,12,53.666666666666664,50.09523809523809
2023-02-04,2022,Borussia Dortmund,SC Freiburg,5,1,H,2,1.67,4.0,5.0,1.74,4.35,5.1,1682.6245716623166,1646.0266277401547,81,75,100,100,2.21,1.35,9,7,61.030303030303024,55.76190476190476
2023-02-04,2022,Ein Frankfurt,Hertha BSC,3,0,H,2,1.45,4.5,6.5,1.52,4.8,7.0,1623.036938414944,1433.563251210838,75,74,100,100,1.1500000000000001,1.3199999999999998,9,3,43.51648351648352,62.168498168498175
2023-02-04,2022,VfL Bochum,TSG Hoffenheim,5,2,H,2,2.75,3.5,2.5,2.85,3.76,2.6,1479.291905952719,1487.2582908060226,72,75,100,100,1.25,1.7600000000000002,9,1,40.61904761904761,58.1935286935287
2023-02-04,2022,Borussia Monchengladbach,FC Schalke 04,0,0,D,1,1.53,4.5,5.75,1.59,4.9,6.0,1558.5590366921213,1350.1507359249163,75,75,100,100,1.4300000000000002,1.1300000000000001,6,4,34.874458874458874,33.49206349206349
2023-02-04,2022,FC Cologne,RB Leipzig,0,0,D,1,4.2,3.6,1.91,4.2,3.95,1.95,1540.0646470253507,1699.3092118320385,75,80,100,100,1.19,2.0,5,13,49.96336996336996,70.80952380952381
2023-02-04,2022,Union Berlin,FSV Mainz 05,2,1,H,2,1.95,3.5,4.0,2.02,3.58,4.42,1664.5454064518042,1539.2506611091994,73,74,100,100,1.4700000000000002,1.48,10,5,53.51282051282051,63.92857142857142
2023-02-05,2022,VfL Wolfsburg,Bayern Munich,2,4,A,0,5.25,4.5,1.57,5.3,4.8,1.65,1607.314447171634,1770.5280739847067,77,75,100,100,1.8399999999999999,2.1,12,9,33.5,57.05982905982906
2023-02-05,2022,VfB Stuttgart,Werder Bremen,0,2,A,0,2.0,3.6,3.6,2.11,3.9,3.6,1478.137057054424,1489.9022589417216,74,75,100,100,1.33,1.0100000000000002,5,3,47.80769230769231,30.0
2023-02-10,2022,FC Schalke 04,VfL Wolfsburg,0,0,D,1,3.6,3.8,1.95,3.99,3.84,2.02,1358.7417904215083,1598.3226183173672,75,77,100,100,1.22,1.7600000000000002,2,9,37.77777777777778,38.22727272727273
2023-02-11,2022,RB Leipzig,Union Berlin,1,2,A,0,1.7,3.75,5.0,1.77,3.9,5.5,1692.4494917510208,1675.0131436116756,80,73,100,100,1.65,1.3400000000000003,11,12,59.142857142857146,50.179487179487175
2023-02-11,2022,Bayern Munich,VfL Bochum,3,0,H,2,1.11,10.0,17.0,1.16,11.0,23.0,1779.5199028389734,1495.6587072539953,75,72,100,100,1.7400000000000002,1.5700000000000003,9,9,50.999222999222994,37.285714285714285
2023-02-11,2022,SC Freiburg,VfB Stuttgart,2,1,H,2,1.8,3.8,4.33,1.89,3.84,4.5,1631.705819186224,1462.678657621922,75,74,100,100,1.4100000000000001,1.2500000000000002,7,2,50.76190476190476,48.83333333333333
2023-02-11,2022,TSG Hoffenheim,Bayer Leverkusen,1,3,A,0,2.88,3.6,2.38,3.01,3.83,2.41,1470.8914895047462,1599.8880728460513,75,79,100,100,1.78,1.5900000000000003,1,9,57.08241758241759,53.904761904761905
2023-02-11,2022,Werder Bremen,Borussia Dortmund,0,2,A,0,4.0,4.0,1.8,4.12,4.5,1.85,1505.3606583742237,1696.9453802162473,75,81,100,100,1.1800000000000002,2.33,6,12,30.0,69.03030303030303
2023-02-11,2022,FSV Mainz 05,FC Augsburg,3,1,H,2,1.8,4.0,4.2,1.89,4.0,4.4,1528.782923949328,1497.2325254702696,74,74,100,100,1.5,1.61,5,6,56.78571428571429,60.33333333333333
2023-02-12,2022,Hertha BSC,Borussia Monchengladbach,4,1,H,2,2.88,3.5,2.4,2.91,3.73,2.5,1425.5156729077207,1549.9679821955292,74,75,100,100,1.3,1.6,3,7,56.97619047619047,41.06493506493507
2023-02-12,2022,FC Cologne,Ein Frankfurt,3,0,H,2,2.7,3.5,2.5,2.8,3.76,2.66,1546.9243671063684,1631.0845167180612,75,75,100,100,0.8300000000000001,0.9400000000000001,6,9,49.48717948717949,52.12759462759463
2023-02-17,2022,FC Augsburg,TSG Hoffenheim,1,0,H,2,2.7,3.5,2.6,2.76,3.76,2.65,1482.6814943071781,1460.5732905667242,74,75,100,100,1.45,1.59,6,1,60.33333333333333,47.27472527472528
2023-02-18,2022,VfL Wolfsburg,RB Leipzig,0,3,A,0,3.3,3.6,2.15,3.38,3.74,2.23,1588.7593370112209,1675.6471916946218,77,80,100,100,1.7400000000000002,1.5200000000000002,7,8,40.72727272727273,47.71428571428571
2023-02-18,2022,VfL Bochum,SC Freiburg,0,2,A,0,3.1,3.5,2.25,3.23,3.65,2.36,1490.4338059483223,1640.4828825448433,72,75,100,100,1.41,1.4300000000000002,6,7,38.95238095238095,48.857142857142854
2023-02-18,2022,VfB Stuttgart,FC Cologne,3,0,H,2,2.45,3.4,2.88,2.5,3.59,3.0,1453.9015942633027,1566.7260185702162,74,75,100,100,1.4,0.9,2,9,50.738095238095234,47.820512820512825
2023-02-18,2022,Ein Frankfurt,Werder Bremen,2,0,H,2,1.62,4.2,5.25,1.64,4.6,5.4,1611.2828652542134,1497.3860595598785,75,75,100,100,0.8300000000000001,1.11,8,6,61.41330891330891,36.0
2023-02-18,2022,Borussia Monchengladbach,Bayern Munich,3,2,H,2,7.0,5.75,1.36,7.5,6.0,1.43,1528.469905376386,1784.7448041446464,75,75,100,100,1.44,2.0100000000000002,4,9,49.42857142857143,53.22144522144522
2023-02-19,2022,Borussia Dortmund,Hertha BSC,4,1,H,2,1.33,5.5,8.5,1.37,6.0,9.5,1704.9199790305925,1447.013749726864,81,74,100,100,2.2600000000000002,1.2600000000000002,15,3,66.66666666666666,51.642857142857146
2023-02-19,2022,Bayer Leverkusen,FSV Mainz 05,2,3,A,0,1.8,3.8,4.2,1.88,4.1,4.3,1610.2062717840734,1543.3339551124195,79,74,100,100,1.6800000000000002,1.48,9,7,52.879120879120876,47.5
2023-02-19,2022,Union Berlin,FC Schalke 04,0,0,D,1,1.6,3.8,6.0,1.63,4.0,6.75,1691.8154436680745,1368.3050717276546,73,75,100,100,1.48,1.45,15,3,54.94139194139194,43.88888888888889
2023-02-24,2022,FSV Mainz 05,Borussia Monchengladbach,4,0,H,2,2.15,3.6,3.2,2.2,3.78,3.45,1562.3760653069767,1554.513171456031,74,75,100,100,1.6800000000000002,1.4200000000000002,9,7,46.11111111111111,61.42857142857143
2023-02-25,2022,Hertha BSC,FC Augsburg,2,0,H,2,2.1,3.6,3.25,2.2,3.77,3.47,1441.10240683706,1497.6647458344044,74,74,100,100,1.55,1.4300000000000002,3,9,45.92857142857143,71.47619047619047
2023-02-25,2022,TSG Hoffenheim,Borussia Dortmund,0,1,A,0,4.0,4.2,1.75,4.33,4.5,1.81,1445.590039039498,1710.8313219203965,75,81,100,100,1.45,1.9100000000000001,1,15,43.97802197802198,61.23809523809523
2023-02-25,2022,RB Leipzig,Ein Frankfurt,2,1,H,2,1.7,4.0,4.6,1.75,4.3,4.8,1687.7272395375758,1622.2178762242445,80,75,100,100,1.6700000000000004,0.95,10,8,50.0,64.58791208791209
2023-02-25,2022,Werder Bremen,VfL Bochum,3,0,H,2,2.0,3.8,3.6,2.07,3.82,3.74,1486.4510485898475,1480.9440120580205,75,72,100,100,1.02,1.58,6,3,31.71428571428571,46.095238095238095
2023-02-25,2022,FC Schalke 04,VfB Stuttgart,2,1,H,2,3.0,3.4,2.45,3.05,3.5,2.52,1380.0030539362942,1474.922103924255,75,74,100,100,1.25,1.5400000000000003,4,4,43.0,49.904761904761905
2023-02-25,2022,FC Cologne,VfL Wolfsburg,0,2,A,0,2.3,3.5,3.0,2.43,3.6,3.11,1545.705508909264,1576.679289168267,75,77,100,100,0.74,1.32,6,4,51.15384615384615,46.441558441558435
2023-02-26,2022,Bayern Munich,Union Berlin,3,0,H,2,1.33,5.25,9.0,1.36,5.9,10.0,1758.7015380650014,1680.117461459435,75,73,100,100,2.15,1.3,8,13,45.22144522144522,53.095238095238095
2023-02-26,2022,SC Freiburg,Bayer Leverkusen,1,1,D,1,2.15,3.5,3.25,2.25,3.74,3.34,1649.972676435145,1591.1641615895162,75,79,100,100,1.65,1.8,10,6,38.857142857142854,49.76800976800977
2023-03-03,2022,Borussia Dortmund,RB Leipzig,2,1,H,2,2.2,3.5,3.2,2.3,3.78,3.32,1716.541875752064,1700.7456714996135,81,80,100,100,2.22,1.2,15,10,58.80331262939958,37.857142857142854
2023-03-04,2022,VfB Stuttgart,Bayern Munich,1,2,A,0,7.0,5.25,1.4,7.0,5.4,1.49,1454.6565202331,1771.1430837468738,74,75,100,100,1.6700000000000004,2.2399999999999998,3,10,53.904761904761905,45.66100566100566
2023-03-04,2022,FC Augsburg,Werder Bremen,2,1,H,2,2.3,3.5,3.0,2.4,3.69,3.09,1479.082724676751,1502.1974614220048,74,75,100,100,1.3,1.1800000000000002,6,9,76.61904761904762,43.38095238095238
2023-03-04,2022,VfL Bochum,FC Schalke 04,0,2,A,0,2.3,3.4,3.1,2.47,3.56,3.1,1465.197599225863,1400.2686376274492,72,75,100,100,1.58,1.4700000000000002,3,7,34.666666666666664,48.142857142857146
2023-03-04,2022,FSV Mainz 05,TSG Hoffenheim,1,0,H,2,1.91,3.6,4.0,1.96,3.93,4.0,1578.0140274700907,1439.8794852078304,74,75,100,100,1.86,1.41,12,0,48.11111111111111,42.41280458671763
2023-03-04,2022,Union Berlin,FC Cologne,0,0,D,1,1.91,3.4,4.33,1.96,3.5,4.6,1667.6759157775625,1531.1281373381696,73,75,100,100,1.07,0.99,10,5,47.142857142857146,61.66666666666667
2023-03-04,2022,Borussia Monchengladbach,SC Freiburg,0,0,D,1,2.4,3.6,2.8,2.56,3.65,2.88,1538.875209292917,1647.2900152799077,75,75,100,100,1.4300000000000002,1.58,7,10,63.42857142857142,32.42857142857143
2023-03-05,2022,VfL Wolfsburg,Ein Frankfurt,2,2,D,1,2.45,3.5,2.8,2.51,3.7,2.94,1591.2566607393612,1609.1994442622067,77,75,100,100,1.11,1.07,4,7,41.77489177489177,71.01648351648352
2023-03-05,2022,Bayer Leverkusen,Hertha BSC,4,1,H,2,1.53,4.2,6.0,1.59,4.6,6.0,1593.8468227447536,1459.6844279947134,79,74,100,100,1.85,1.6199999999999999,4,6,56.19658119658119,36.785714285714285
2023-03-10,2022,FC Cologne,VfL Bochum,0,2,A,0,1.73,3.75,4.75,1.82,3.95,5.0,1537.111456768692,1446.2418395226118,75,72,100,100,1.2,1.5,5,3,60.555555555555564,36.666666666666664
2023-03-11,2022,Bayern Munich,FC Augsburg,5,3,H,2,1.13,9.0,19.0,1.16,11.0,21.0,1775.5978953160147,1496.1456299003319,75,74,100,100,2.23,1.27,12,9,48.22510822510822,68.61904761904762
2023-03-11,2022,Ein Frankfurt,VfB Stuttgart,1,1,D,1,1.8,4.0,4.2,1.88,4.0,4.33,1608.3738823525082,1450.2017086639592,75,74,100,100,1.1400000000000001,1.72,7,3,72.89682539682539,47.23809523809523
2023-03-11,2022,Hertha BSC,FSV Mainz 05,1,1,D,1,2.9,3.4,2.45,2.99,3.57,2.52,1449.5730167371519,1587.9679613244432,74,74,100,100,1.55,1.8400000000000003,6,12,28.42207792207792,51.82539682539682
2023-03-11,2022,RB Leipzig,Borussia Monchengladbach,3,0,H,2,1.4,5.0,7.0,1.46,5.4,7.8,1685.4726127759127,1543.7119205413417,80,75,100,100,1.33,1.3900000000000001,7,5,43.19047619047619,65.76623376623377
2023-03-11,2022,FC Schalke 04,Borussia Dortmund,2,2,D,1,4.5,4.0,1.73,4.83,4.4,1.76,1419.2243973307004,1731.8149344757649,75,81,100,100,1.53,2.2800000000000002,9,15,48.142857142857146,60.13664596273291
2023-03-12,2022,SC Freiburg,TSG Hoffenheim,2,1,H,2,1.91,3.6,4.0,2.0,3.8,4.1,1642.453304031483,1429.9255513534779,75,75,100,100,1.27,1.37,8,0,35.519480519480524,35.26994744386049
2023-03-12,2022,Werder Bremen,Bayer Leverkusen,2,3,A,0,3.3,3.75,2.1,3.34,3.94,2.18,1485.134556198424,1603.958234002315,75,79,100,100,1.33,1.9100000000000001,6,7,52.38095238095239,59.22688422688422
2023-03-12,2022,VfL Wolfsburg,Union Berlin,1,1,D,1,2.25,3.25,3.3,2.33,3.35,3.64,1592.0822226490595,1661.69259634704,77,73,100,100,1.3699999999999999,1.04,5,8,35.66378066378066,50.25396825396825
2023-03-17,2022,Borussia Monchengladbach,Werder Bremen,2,2,D,1,1.8,4.0,4.2,1.9,4.1,4.4,1533.900564579673,1474.4027731039778,75,75,100,100,1.25,1.4400000000000002,4,3,52.909090909090914,53.71428571428571
2023-03-18,2022,Borussia Dortmund,FC Cologne,6,1,H,2,1.45,4.75,6.5,1.49,5.2,7.0,1720.3564447730116,1517.0196340990183,81,75,100,100,2.24,1.4200000000000002,13,4,53.469979296066256,62.070707070707066
2023-03-18,2022,VfB Stuttgart,VfL Wolfsburg,0,1,A,0,2.38,3.4,2.9,2.48,3.56,3.05,1457.0210676404754,1595.2456824395008,74,77,100,100,1.65,1.37,4,6,41.904761904761905,30.43650793650794
2023-03-18,2022,FC Augsburg,FC Schalke 04,1,1,D,1,2.3,3.4,3.1,2.4,3.52,3.21,1490.808822946635,1430.6828870334537,74,75,100,100,1.3400000000000003,1.4500000000000002,6,9,62.97802197802198,47.666666666666664
2023-03-18,2022,VfL Bochum,RB Leipzig,1,0,H,2,5.5,4.33,1.55,6.2,4.6,1.61,1466.3336621922856,1695.2839687375813,72,80,100,100,1.1,1.6800000000000002,3,9,28.48484848484848,59.857142857142854
2023-03-18,2022,TSG Hoffenheim,Hertha BSC,3,1,H,2,2.05,3.5,3.5,2.15,3.72,3.61,1422.6507594629852,1455.6293595754605,75,74,100,100,1.27,1.55,0,7,35.26994744386049,35.25541125541125
2023-03-19,2022,FSV Mainz 05,SC Freiburg,1,1,D,1,2.1,3.5,3.3,2.21,3.6,3.59,1581.9116184861346,1649.7280959219756,74,75,100,100,1.8500000000000003,1.3,13,11,52.49206349206348,45.519480519480524
2023-03-19,2022,Union Berlin,Ein Frankfurt,2,0,H,2,2.38,3.2,3.2,2.47,3.3,3.32,1658.5291365565988,1601.554523375992,73,75,100,100,0.9400000000000001,1.02,6,5,52.75396825396825,67.39682539682539
2023-03-19,2022,Bayer Leverkusen,Bayern Munich,2,1,H,2,5.25,4.5,1.55,5.35,5.2,1.63,1614.6900170967613,1780.9347022697116,79,75,100,100,1.9600000000000002,2.58,10,12,64.56021756021757,53.26007326007325
2023-03-31,2022,Ein Frankfurt,VfL Bochum,1,1,D,1,1.5,4.33,6.5,1.57,4.6,6.7,1588.1550324748814,1491.576523724064,75,72,100,100,1.26,1.15,5,6,66.39682539682539,26.262626262626263
2023-04-01,2022,RB Leipzig,FSV Mainz 05,0,3,A,0,1.53,4.5,5.5,1.57,4.7,6.5,1670.041107205803,1584.9956153299206,80,74,100,100,2.08,1.7800000000000005,9,11,66.84126984126985,54.992063492063494
2023-04-01,2022,Bayern Munich,Borussia Dortmund,4,2,H,2,1.45,5.0,6.0,1.55,5.5,6.0,1757.8141579130133,1727.9329081063286,75,81,100,100,2.2,2.14,9,13,47.42673992673993,42.3271221532091
2023-04-01,2022,VfL Wolfsburg,FC Augsburg,2,2,D,1,1.62,4.0,5.5,1.67,4.35,5.5,1605.1960609515813,1488.0672355949755,77,74,100,100,1.42,1.32,8,7,39.981962481962476,59.97802197802198
2023-04-01,2022,SC Freiburg,Hertha BSC,1,1,D,1,1.62,4.0,5.5,1.72,4.1,5.6,1646.6440990781896,1438.1151836674178,75,74,100,100,1.3199999999999998,1.41,9,4,46.590909090909086,37.8436465495289
2023-04-01,2022,FC Schalke 04,Bayer Leverkusen,0,3,A,0,3.8,3.75,1.91,4.2,3.83,1.96,1433.4244743851132,1637.8105614534595,75,79,100,100,1.4100000000000001,2.0000000000000004,9,10,40.666666666666664,64.75252525252526
2023-04-01,2022,Union Berlin,VfB Stuttgart,3,0,H,2,2.05,3.2,3.9,2.15,3.4,4.1,1671.9286274577094,1447.0706891283949,73,74,100,100,0.9400000000000002,1.59,6,4,47.32539682539682,38.78787878787879
2023-04-02,2022,FC Cologne,Borussia Monchengladbach,0,0,D,1,2.25,3.6,3.0,2.28,3.83,3.24,1509.4431707657013,1531.1870637024697,75,75,100,100,1.48,1.6300000000000001,1,5,74.21356421356421,51.81818181818181
2023-04-02,2022,Werder Bremen,TSG Hoffenheim,1,2,A,0,2.3,3.5,3.0,2.41,3.83,3.0,1477.1162739811812,1440.164935371028,75,75,100,100,1.4200000000000004,1.35,4,3,56.8051948051948,36.98940445743515
2023-04-08,2022,SC Freiburg,Bayern Munich,0,1,A,0,6.5,5.0,1.45,6.9,5.3,1.5,1638.049092204757,1772.441458405087,75,75,100,100,1.45,2.43,7,12,46.590909090909086,62.42673992673993
2023-04-08,2022,Hertha BSC,RB Leipzig,0,1,A,0,5.5,4.0,1.62,5.51,4.33,1.66,1446.7101905408504,1650.2010093529395,74,80,100,100,1.1600000000000001,1.95,5,6,36.41507512095747,61.12698412698412
2023-04-08,2022,FSV Mainz 05,Werder Bremen,2,2,D,1,1.7,4.0,4.75,1.78,4.2,4.8,1604.835713182784,1459.4209890847085,74,75,100,100,1.8500000000000003,1.7100000000000002,11,4,55.30952380952381,53.94805194805194
2023-04-08,2022,FC Augsburg,FC Cologne,1,3,A,0,2.8,3.4,2.55,2.88,3.66,2.6,1493.2657521025515,1510.443208747911,74,75,100,100,1.1700000000000002,1.53,5,2,55.56243756243756,79.21356421356423
2023-04-08,2022,Borussia Dortmund,Union Berlin,2,1,H,2,1.6,4.0,5.75,1.65,4.3,6.2,1713.305607614255,1678.8121891311634,81,73,100,100,2.0800000000000005,1.02,10,8,38.755693581780534,42.82539682539682
2023-04-08,2022,Bayer Leverkusen,Ein Frankfurt,3,1,H,2,1.8,4.0,4.0,1.88,4.2,4.2,1645.352152581462,1583.8185503185657,79,75,100,100,2.1300000000000003,1.3699999999999999,13,3,64.1969696969697,69.75816993464052
2023-04-09,2022,Borussia Monchengladbach,VfL Wolfsburg,2,0,H,2,2.38,3.6,2.88,2.47,3.8,2.95,1530.18702572026,1599.9975444440054,75,77,100,100,1.34,1.7,3,9,33.484848484848484,41.54040404040404
2023-04-09,2022,VfL Bochum,VfB Stuttgart,2,3,A,0,3.1,3.5,2.25,3.11,3.58,2.45,1495.9130058803796,1440.1871274549408,72,74,100,100,0.9199999999999999,1.6200000000000003,7,1,18.615567439096854,44.62121212121212
2023-04-09,2022,TSG Hoffenheim,FC Schalke 04,2,0,H,2,1.91,3.8,3.8,1.98,4.0,3.91,1457.8602202675006,1425.8828832571107,75,75,100,100,1.35,1.51,6,8,51.27511874314943,44.33333333333333
2023-04-14,2022,FC Schalke 04,Hertha BSC,5,2,H,2,2.25,3.3,3.2,2.4,3.44,3.36,1411.3513499143019,1439.138852552485,75,74,100,100,1.3800000000000001,1.08,5,2,45.745098039215684,43.557932263814614
2023-04-15,2022,RB Leipzig,FC Augsburg,3,2,H,2,1.25,6.5,10.0,1.28,7.0,12.0,1657.7723473413048,1478.0561593005043,80,74,100,100,2.07,1.17,6,5,66.12698412698413,55.56243756243756
2023-04-15,2022,Bayern Munich,TSG Hoffenheim,1,1,D,1,1.22,7.5,11.0,1.24,8.4,13.0,1782.5437158223497,1472.3917536103095,75,75,100,100,2.3899999999999997,1.3699999999999999,12,9,63.141025641025635,51.42857142857142
2023-04-15,2022,Ein Frankfurt,Borussia Monchengladbach,1,1,D,1,1.73,4.2,4.33,1.8,4.33,4.76,1570.6230157945138,1549.359341211099,75,75,100,100,1.34,1.55,3,6,69.04388422035481,31.177156177156178
2023-04-15,2022,VfB Stuttgart,Borussia Dortmund,3,3,D,1,3.5,3.8,1.95,3.72,4.0,2.08,1458.7316168318057,1727.722325462488,74,81,100,100,1.67,1.7899999999999998,4,10,39.89393939393939,49.19047619047619
2023-04-15,2022,FC Cologne,FSV Mainz 05,1,1,D,1,2.55,3.4,2.7,2.72,3.51,2.84,1525.6528015499582,1598.504554727227,75,74,100,100,1.5299999999999998,1.95,5,9,65.4040404040404,51.97619047619047
2023-04-16,2022,Werder Bremen,SC Freiburg,1,2,A,0,2.7,3.5,2.55,2.8,3.67,2.66,1465.7521475402655,1627.9468347874943,75,75,100,100,1.6,1.3800000000000001,2,6,47.281385281385276,46.590909090909086
2023-04-16,2022,Union Berlin,VfL Bochum,1,1,D,1,1.6,3.8,6.0,1.67,4.0,6.4,1664.3954712829304,1477.3685165035147,73,72,100,100,1.09,1.06,8,7,37.11111111111111,31.34284016636958
2023-04-16,2022,VfL Wolfsburg,Bayer Leverkusen,0,0,D,1,2.75,3.6,2.4,2.91,3.84,2.52,1580.8252289531665,1658.547687105514,77,79,100,100,1.65,2.2600000000000002,6,15,50.51476301476302,54.91125541125541
2023-04-21,2022,FC Augsburg,VfB Stuttgart,1,1,D,1,3.2,3.6,2.15,3.45,3.83,2.26,1469.6655384550847,1469.121619416336,74,74,100,100,1.1400000000000001,1.72,2,5,62.06243756243756,41.56060606060606
2023-04-22,2022,TSG Hoffenheim,FC Cologne,1,3,A,0,2.2,3.5,3.2,2.27,3.74,3.34,1483.7952638986485,1528.9594288835706,75,75,100,100,1.22,1.53,10,5,51.84873949579831,66.51515151515152
2023-04-22,2022,VfL Bochum,VfL Wolfsburg,1,5,A,0,3.0,3.5,2.3,3.11,3.71,2.38,1485.23580040272,1584.3459461916796,72,77,100,100,1.3,1.4300000000000002,8,6,33.00950683303624,46.62587412587413
2023-04-22,2022,Hertha BSC,Werder Bremen,2,4,A,0,2.25,3.5,3.1,2.35,3.65,3.19,1421.8619123049882,1456.722348627016,74,75,100,100,1.24,1.4400000000000002,2,2,50.58823529411765,47.56709956709957
2023-04-22,2022,FSV Mainz 05,Bayern Munich,3,1,H,2,5.25,4.5,1.57,5.5,4.8,1.61,1595.1979273936147,1771.1402055340106,74,75,100,100,1.6400000000000001,2.52,7,10,46.26190476190476,65.10180995475113
2023-04-22,2022,Borussia Dortmund,Ein Frankfurt,4,0,H,2,1.62,4.5,4.75,1.68,4.8,5.3,1717.3323228779577,1569.645008181121,81,75,100,100,1.98,1.52,8,3,52.857142857142854,74.59943977591038
2023-04-23,2022,SC Freiburg,FC Schalke 04,4,0,H,2,1.8,3.75,4.5,1.84,3.8,4.9,1636.9766337007438,1428.6282901617988,75,75,100,100,1.36,1.5099999999999998,8,5,43.21428571428571,45.07843137254902
2023-04-23,2022,Bayer Leverkusen,RB Leipzig,2,0,H,2,2.5,3.6,2.63,2.65,3.83,2.73,1655.0269698670008,1666.1629681867244,79,80,100,100,2.0100000000000002,2.06,13,9,53.54761904761905,61.62698412698412
2023-04-23,2022,Borussia Monchengladbach,Union Berlin,0,1,A,0,2.38,3.3,3.1,2.45,3.45,3.19,1550.3373488244918,1656.528187383725,75,73,100,100,1.4100000000000001,1.11,6,8,23.601398601398603,34.333333333333336
2023-04-28,2022,VfL Bochum,Borussia Dortmund,1,1,D,1,6.0,5.25,1.44,7.0,5.5,1.5,1473.6800898257527,1726.913123654335,72,81,100,100,1.5600000000000003,1.8800000000000001,5,10,46.575940399469815,53.80952380952381
2023-04-29,2022,Union Berlin,Bayer Leverkusen,0,0,D,1,2.8,3.4,2.45,3.02,3.5,2.61,1667.7847136546927,1671.5396259979834,73,79,100,100,1.2200000000000002,2.0,10,13,31.833333333333336,41.54761904761905
2023-04-29,2022,FC Schalke 04,Werder Bremen,2,1,H,2,2.25,3.5,3.1,2.35,3.68,3.23,1421.2173793936663,1471.1223319390726,75,75,100,100,1.4700000000000002,1.35,4,5,47.50267379679144,46.23376623376623
2023-04-29,2022,VfB Stuttgart,Borussia Monchengladbach,2,1,H,2,1.8,4.0,4.2,1.9,4.1,4.27,1469.146667793281,1539.080822553524,74,75,100,100,1.61,1.46,5,6,48.56060606060606,33.6013986013986
2023-04-29,2022,Ein Frankfurt,FC Augsburg,1,1,D,1,1.53,4.5,5.5,1.63,4.75,6.0,1560.0642074047437,1469.6404900781397,75,74,100,100,1.55,0.8500000000000002,2,3,68.31372549019609,59.37012987012987
2023-04-29,2022,FC Cologne,SC Freiburg,0,1,A,0,2.4,3.25,3.0,2.53,3.45,3.1,1542.89117899128,1644.3875444688763,75,75,100,100,1.6400000000000001,1.8800000000000003,8,8,62.61904761904761,44.123376623376615
2023-04-29,2022,RB Leipzig,TSG Hoffenheim,1,0,H,2,1.44,5.0,6.5,1.46,5.5,7.5,1649.6503120557418,1469.8635137909391,80,75,100,100,2.14,1.33,6,10,61.62698412698412,47.56302521008403
2023-04-30,2022,Bayern Munich,Hertha BSC,2,0,H,2,1.11,10.0,19.0,1.15,11.0,23.0,1747.6660050218725,1407.4619289929315,75,74,100,100,2.1100000000000003,1.3199999999999998,7,1,68.34967320261438,54.588235294117645
2023-04-30,2022,VfL Wolfsburg,FSV Mainz 05,3,0,H,2,2.2,3.5,3.1,2.35,3.65,3.2,1595.901656768647,1618.6721279057529,77,74,100,100,1.4700000000000002,1.75,8,9,43.74125874125874,40.039682539682545
2023-05-05,2022,Bayer Leverkusen,FC Cologne,1,2,A,0,1.67,4.0,5.0,1.73,4.2,5.45,1671.3667126264083,1531.4366846716496,79,75,100,100,1.8000000000000003,1.86,11,8,37.04761904761905,57.47619047619047
2023-05-05,2022,FSV Mainz 05,FC Schalke 04,2,3,A,0,1.62,4.0,5.25,1.7,4.2,5.7,1601.6250077669886,1439.4999113010829,74,75,100,100,1.5900000000000003,1.75,8,6,45.039682539682545,55.21695951107715
2023-05-06,2022,FC Augsburg,Union Berlin,1,0,H,2,3.4,3.25,2.2,3.59,3.35,2.31,1473.7131150093865,1667.9576270262678,74,73,100,100,0.85,1.0699999999999998,3,8,59.03679653679653,37.833333333333336
2023-05-06,2022,SC Freiburg,RB Leipzig,0,1,A,0,4.0,3.75,1.85,4.1,3.8,1.97,1655.8420387885067,1658.0384169049012,75,80,100,100,1.9300000000000002,1.85,10,9,39.62337662337662,63.57142857142858
2023-05-06,2022,Hertha BSC,VfB Stuttgart,2,1,H,2,3.1,3.5,2.25,3.19,3.7,2.35,1403.5053423269276,1488.324452725491,74,74,100,100,1.07,1.7900000000000003,1,8,45.05263157894737,50.7983682983683
2023-05-06,2022,TSG Hoffenheim,Ein Frankfurt,3,1,H,2,2.3,3.6,2.9,2.4,3.8,3.05,1461.4754089417797,1555.991582473497,75,75,100,100,1.03,1.31,7,3,40.65126050420169,62.64705882352941
2023-05-06,2022,Borussia Monchengladbach,VfL Bochum,2,0,H,2,1.85,3.8,4.0,1.95,4.1,4.0,1519.903037621314,1483.6380004155274,75,72,100,100,1.1400000000000001,1.6600000000000001,5,3,35.0,47.4648292883587
2023-05-06,2022,Werder Bremen,Bayern Munich,1,2,A,0,8.5,6.0,1.3,9.0,6.6,1.35,1452.839800031656,1751.6225916878764,75,75,100,100,1.3199999999999998,2.3699999999999997,4,10,41.428571428571416,79.79704162366701
2023-05-07,2022,Borussia Dortmund,VfL Wolfsburg,6,0,H,2,1.44,5.25,5.75,1.56,5.3,6.05,1716.9552130645604,1612.9487769074112,81,77,100,100,1.9,1.52,8,8,65.61904761904762,36.6958041958042
2023-05-12,2022,FC Cologne,Hertha BSC,5,2,H,2,1.85,3.75,4.0,1.95,3.94,4.3,1553.5534903842843,1423.3356139173607,75,74,100,100,1.81,1.04,10,3,42.77922077922078,42.55263157894737
2023-05-13,2022,Union Berlin,SC Freiburg,4,2,H,2,2.2,3.2,3.5,2.26,3.26,3.85,1643.8409071483286,1639.9431843913142,73,75,100,100,1.02,1.5800000000000005,5,9,44.333333333333336,39.62337662337662
2023-05-13,2022,VfL Bochum,FC Augsburg,3,2,H,2,2.1,3.6,3.3,2.23,3.7,3.41,1469.3020282812722,1497.8298348873257,72,74,100,100,1.7600000000000002,0.9500000000000002,2,5,49.3976023976024,52.30952380952381
2023-05-13,2022,Ein Frankfurt,FSV Mainz 05,3,0,H,2,2.1,3.6,3.3,2.18,3.81,3.5,1535.7432385853976,1578.6574034784235,75,74,100,100,1.28,1.37,2,5,63.33333333333333,44.380341880341874
2023-05-13,2022,VfL Wolfsburg,TSG Hoffenheim,2,1,H,2,1.91,3.75,3.8,1.97,4.2,3.83,1601.600326667771,1481.723752829879,77,75,100,100,1.31,1.15,7,7,36.92307692307693,25.175070028011202
2023-05-13,2022,Borussia Dortmund,Borussia Monchengladbach,5,2,H,2,1.25,6.5,10.0,1.28,7.7,12.0,1728.3036633042007,1534.2390097555692,81,75,100,100,2.24,1.59,11,7,73.11904761904762,49.04761904761905
2023-05-13,2022,Bayern Munich,FC Schalke 04,6,0,H,2,1.13,10.0,17.0,1.15,11.0,23.0,1756.482749192311,1462.467515589648,75,75,100,100,2.13,2.06,10,9,83.13037495700034,52.78106207517972
2023-05-14,2022,VfB Stuttgart,Bayer Leverkusen,1,1,D,1,2.5,3.4,2.75,2.56,3.75,2.85,1468.494181135058,1649.2499069137737,74,79,100,100,1.6199999999999999,1.52,8,8,50.7983682983683,45.077922077922075
2023-05-14,2022,RB Leipzig,Werder Bremen,2,1,H,2,1.25,6.5,10.0,1.28,7.2,12.0,1673.9372713020937,1447.9796425272214,80,75,100,100,1.98,1.2,12,4,65.0,40.23809523809523
2023-05-19,2022,SC Freiburg,VfL Wolfsburg,2,0,H,2,2.0,3.8,3.4,2.1,3.92,3.8,1624.1226736277943,1612.288922098249,75,77,100,100,1.8500000000000003,1.3400000000000003,9,10,52.12337662337662,30.61538461538462
2023-05-20,2022,FC Schalke 04,Ein Frankfurt,2,2,D,1,3.0,3.6,2.25,3.03,3.91,2.4,1457.4931489061737,1553.7095195963577,75,75,100,100,1.92,1.52,9,5,51.94072594072594,65.71428571428571
2023-05-20,2022,TSG Hoffenheim,Union Berlin,4,2,H,2,2.5,3.4,2.8,2.6,3.6,2.9,1471.035157399401,1659.6614179118485,75,73,100,100,1.02,1.1300000000000001,4,8,28.586834733893557,46.833333333333336
2023-05-20,2022,Hertha BSC,VfL Bochum,1,1,D,1,2.2,3.6,3.1,2.3,3.9,3.2,1413.0665036548971,1486.6128378269657,74,72,100,100,1.1,1.92,3,5,36.55263157894736,46.67032967032967
2023-05-20,2022,Bayern Munich,RB Leipzig,1,3,A,0,1.5,5.0,5.5,1.55,5.35,6.25,1761.4571158757853,1680.7866929794907,75,80,100,100,2.37,2.04,10,12,79.55894638557177,67.0
2023-05-20,2022,Werder Bremen,FC Cologne,1,1,D,1,2.6,3.6,2.55,2.66,3.93,2.66,1441.1302208498244,1563.8226006467478,75,75,100,100,1.09,2.38,3,10,34.904761904761905,55.922077922077925
2023-05-21,2022,FSV Mainz 05,VfB Stuttgart,1,4,A,0,2.5,3.5,2.7,2.61,3.75,2.8,1560.6911224674634,1476.1405521182594,74,74,100,100,1.07,1.33,4,6,41.047008547008545,57.52564102564103
2023-05-21,2022,FC Augsburg,Borussia Dortmund,0,3,A,0,7.0,5.5,1.36,7.1,6.0,1.44,1480.5190253416322,1736.193096269286,74,81,100,100,0.9800000000000001,2.71,5,11,45.16666666666667,67.4047619047619
2023-05-21,2022,Bayer Leverkusen,Borussia Monchengladbach,2,2,D,1,1.45,5.25,5.75,1.51,5.4,6.5,1641.6035359305722,1526.349576790484,79,75,100,100,1.31,1.67,6,4,45.36363636363636,47.069597069597066
2023-05-27,2022,Borussia Dortmund,FSV Mainz 05,2,2,D,1,1.14,8.5,15.0,1.19,11.0,18.0,1742.1666155499065,1540.8725110397409,81,74,100,100,3.0,1.31,13,3,70.28354978354979,44.380341880341874
2023-05-27,2022,FC Cologne,Bayern Munich,1,2,A,0,7.5,6.0,1.3,9.0,6.6,1.37,1558.3961253618713,1741.8074570838073,75,75,100,100,2.3899999999999997,2.2,10,9,59.76823176823177,79.82038429406849
2023-05-27,2022,VfL Bochum,Bayer Leverkusen,3,0,H,2,3.25,4.0,2.0,3.49,4.3,2.1,1483.2756026953298,1636.4823805469728,72,79,100,100,1.8700000000000003,1.3900000000000001,5,6,42.14652014652015,38.36363636363636
2023-05-27,2022,Ein Frankfurt,SC Freiburg,2,1,H,2,2.4,3.75,2.7,2.5,4.0,2.91,1549.3884938214685,1639.5779198708806,75,75,100,100,1.3400000000000003,2.1100000000000003,5,9,54.5021645021645,56.4090909090909
2023-05-27,2022,Union Berlin,Werder Bremen,1,0,H,2,1.44,4.75,7.0,1.49,5.1,7.5,1635.7384166064273,1446.5566961347008,73,75,100,100,1.31,1.1300000000000001,7,4,55.16666666666667,26.77289377289377
2023-05-27,2022,RB Leipzig,FC Schalke 04,4,2,H,2,1.6,4.5,4.75,1.66,4.9,5.0,1700.4363517714687,1461.814174681063,80,75,100,100,2.1500000000000004,1.77,12,7,63.94444444444444,57.15284715284715
2023-05-27,2022,VfL Wolfsburg,Hertha BSC,1,2,A,0,1.36,5.25,8.0,1.38,6.25,8.7,1596.8336758551627,1416.403738786533,77,74,100,100,1.28,1.09,9,4,35.61538461538462,38.74310776942356
2023-05-27,2022,Borussia Monchengladbach,FC Augsburg,2,0,H,2,2.2,3.8,3.0,2.26,4.2,3.2,1531.4707321740834,1474.5455060610116,75,74,100,100,1.8399999999999999,0.8000000000000002,4,5,55.73626373626373,38.121212121212125
2023-05-27,2022,VfB Stuttgart,TSG Hoffenheim,1,1,D,1,1.57,4.75,5.0,1.65,5.0,5.5,1495.959163545982,1494.9581587048222,74,75,100,100,1.33,1.16,8,6,55.85897435897435,27.21428571428571
2023-08-18,2023,Werder Bremen,Bayern Munich,0,4,A,0,7.5,6.5,1.3,9.5,6.5,1.4,1438.4989895665306,1750.0670667793934,73,75,100,100,1.0900000000000003,2.24,1,12,21.356227106227106,70.26482873851295
2023-08-19,2023,Borussia Dortmund,FC Cologne,1,0,H,2,1.4,5.0,7.0,1.44,5.6,8.0,1733.811285741229,1550.1365156662853,81,75,100,100,3.3600000000000003,2.1800000000000006,11,7,69.33116883116884,59.48251748251748
2023-08-19,2023,VfB Stuttgart,VfL Bochum,5,0,H,2,1.65,4.33,4.5,1.77,4.4,5.0,1495.9130656970274,1505.9067009326768,74,73,100,100,1.5,1.7000000000000004,8,8,57.22261072261072,32.47619047619048
2023-08-19,2023,VfL Wolfsburg,1. FC Heidenheim,2,0,H,2,1.6,4.2,5.25,1.66,4.6,5.5,1573.1988866694273,1500.0,76,75,100,100,1.4,1.0,6,0,45.0,50.0
2023-08-19,2023,TSG Hoffenheim,SC Freiburg,1,2,A,0,2.3,3.6,2.9,2.5,3.85,3.1,1495.0042565537767,1619.5153871285324,75,76,100,100,1.0499999999999998,1.7900000000000003,7,6,25.136363636363637,58.83333333333333
2023-08-19,2023,Bayer Leverkusen,RB Leipzig,3,2,H,2,2.45,3.6,2.75,2.56,3.75,2.91,1613.8512823096257,1706.9014930137096,79,81,100,100,1.26,2.2400000000000007,3,15,52.64935064935065,52.833333333333336
2023-08-19,2023,FC Augsburg,Borussia Monchengladbach,4,4,D,1,2.7,3.6,2.45,2.8,3.88,2.54,1461.1438008310483,1544.8724374040467,74,75,100,100,0.93,2.05,4,7,43.121212121212125,55.73626373626373
2023-08-20,2023,Union Berlin,FSV Mainz 05,4,1,H,2,1.95,3.5,3.9,2.06,3.63,4.1,1643.7961231745976,1549.2278408484183,75,75,100,100,1.33,1.28,7,1,63.91666666666667,46.6025641025641
2023-08-20,2023,Ein Frankfurt,SV Darmstadt 98,1,0,H,2,1.36,5.25,7.5,1.43,5.6,8.5,1569.4510265638166,1419.8169771648854,75,75,100,100,1.6300000000000001,1.28,8,7,55.45454545454545,41.26923076923077
2023-08-25,2023,RB Leipzig,VfB Stuttgart,5,1,H,2,1.5,4.75,5.75,1.56,5.0,6.71,1686.7159696428373,1512.373162724638,81,74,100,100,2.37,1.67,12,8,46.44444444444444,69.53030303030303
2023-08-26,2023,FC Cologne,VfL Wolfsburg,1,2,A,0,2.3,3.4,3.0,2.42,3.73,3.1,1541.886195051526,1585.8769591794062,75,76,100,100,1.92,1.64,7,6,54.149184149184144,40.0
2023-08-26,2023,SV Darmstadt 98,Union Berlin,1,4,A,0,4.0,3.3,1.95,4.2,3.63,2.1,1410.3112270749946,1655.5455488594184,75,75,100,100,1.2200000000000002,1.6199999999999999,4,9,39.26923076923077,66.91666666666667
2023-08-26,2023,VfL Bochum,Borussia Dortmund,1,1,D,1,7.0,5.0,1.4,7.0,5.75,1.46,1489.4466039050662,1742.0616063559883,73,81,100,100,1.5200000000000002,3.1100000000000003,7,13,27.142857142857146,67.9978354978355
2023-08-26,2023,SC Freiburg,Werder Bremen,1,0,H,2,1.7,3.75,4.75,1.76,4.24,5.0,1630.0149214894275,1433.9344942974221,76,73,100,100,1.9200000000000004,1.04,6,1,57.5,17.07051282051282
2023-08-26,2023,Borussia Monchengladbach,Bayer Leverkusen,0,3,A,0,3.8,3.8,1.85,3.9,4.35,1.95,1541.0895415007615,1634.036805680498,75,79,100,100,2.13,1.4900000000000002,8,5,52.76190476190476,53.538239538239544
2023-08-26,2023,1. FC Heidenheim,TSG Hoffenheim,2,3,A,0,3.0,3.6,2.25,3.1,3.92,2.36,1487.3219274900212,1484.5047221928817,75,75,100,100,0.8500000000000001,1.3599999999999999,0,7,87.5,35.96969696969697
2023-08-27,2023,FSV Mainz 05,Ein Frankfurt,1,1,D,1,2.38,3.5,2.88,2.51,3.78,2.96,1537.4784151635974,1578.9567766537075,75,75,100,100,1.31,1.7800000000000005,1,10,39.1025641025641,61.121212121212125
2023-08-27,2023,Bayern Munich,FC Augsburg,3,1,H,2,1.08,12.0,19.0,1.11,17.0,34.0,1754.6315620485018,1464.9266967343335,75,74,100,100,2.2800000000000002,1.2400000000000002,12,4,71.31746031746032,42.12121212121212
2023-09-01,2023,Borussia Dortmund,1. FC Heidenheim,2,2,D,1,1.25,7.0,9.5,1.3,7.5,11.1,1732.1211521280875,1471.192193234881,81,75,100,100,2.7600000000000002,1.8,11,0,64.38672438672438,75.0
2023-09-02,2023,Borussia Monchengladbach,Bayern Munich,1,2,A,0,8.5,5.75,1.3,9.5,7.0,1.37,1529.270648093734,1759.7110619886992,75,75,100,100,1.73,2.43,5,12,44.73992673992674,67.26984126984128
2023-09-02,2023,FC Augsburg,VfL Bochum,2,2,D,1,2.0,3.75,3.75,2.11,3.85,3.75,1459.8471967941362,1499.387058132967,74,73,100,100,1.2000000000000002,1.6700000000000004,1,8,41.83549783549783,33.96825396825397
2023-09-02,2023,Bayer Leverkusen,SV Darmstadt 98,5,1,H,2,1.2,7.0,12.0,1.22,8.3,16.0,1645.8556990875254,1404.040223571952,79,75,100,100,1.83,1.3400000000000003,8,1,49.48229548229549,36.0
2023-09-02,2023,VfB Stuttgart,SC Freiburg,5,0,H,2,2.2,3.5,3.2,2.26,3.87,3.35,1503.7896547121222,1637.8355810631017,74,76,100,100,1.55,2.2600000000000002,8,9,67.03030303030303,57.5
2023-09-02,2023,Werder Bremen,FSV Mainz 05,4,0,H,2,2.63,3.5,2.55,2.82,3.75,2.63,1426.113834723748,1539.3795408659828,73,75,100,100,1.08,1.47,1,2,25.403846153846153,39.444444444444436
2023-09-02,2023,TSG Hoffenheim,VfL Wolfsburg,3,1,H,2,2.5,3.6,2.63,2.55,3.98,2.76,1500.6344564480219,1599.861866459894,75,76,100,100,1.48,1.75,7,9,41.8030303030303,35.357142857142854
2023-09-03,2023,Union Berlin,RB Leipzig,0,3,A,0,3.4,3.25,2.2,3.4,3.64,2.33,1661.816552362461,1695.299477655353,75,81,100,100,1.7,2.6400000000000006,12,12,65.41666666666667,46.44444444444444
2023-09-03,2023,Ein Frankfurt,FC Cologne,1,1,D,1,2.1,3.4,3.5,2.21,3.66,3.6,1577.0556509513221,1527.9012877710384,75,75,100,100,1.5100000000000002,1.8699999999999999,11,4,51.67676767676768,67.65567765567765
2023-09-15,2023,Bayern Munich,Bayer Leverkusen,2,2,D,1,1.65,4.5,4.5,1.67,4.95,5.0,1766.4225917930448,1652.2265271670258,75,79,100,100,2.25,2.35,12,10,74.59126984126985,56.81562881562881
2023-09-16,2023,VfL Wolfsburg,Union Berlin,2,1,H,2,2.25,3.4,3.2,2.3,3.62,3.33,1579.4125939415317,1647.35374212304,76,75,100,100,1.97,1.5200000000000002,6,9,39.357142857142854,68.91666666666667
2023-09-16,2023,VfL Bochum,Ein Frankfurt,1,1,D,1,2.88,3.6,2.38,3.01,3.78,2.45,1497.5740007768927,1574.8069918843557,73,75,100,100,1.78,1.34,6,9,36.46825396825396,52.787878787878775
2023-09-16,2023,RB Leipzig,FC Augsburg,3,0,H,2,1.25,7.0,10.0,1.26,7.6,13.0,1709.7622878947739,1461.6602541502104,81,74,100,100,2.63,1.2300000000000002,12,2,48.44444444444444,39.33549783549783
2023-09-16,2023,SC Freiburg,Borussia Dortmund,2,4,A,0,3.1,3.8,2.1,3.29,4.08,2.22,1615.9516299595493,1721.9490969360158,76,81,100,100,2.12,2.47,9,9,53.33333333333333,56.767676767676754
2023-09-16,2023,FSV Mainz 05,VfB Stuttgart,1,3,A,0,2.63,3.4,2.7,2.65,3.78,2.75,1518.3407175971695,1525.6736058156746,75,74,100,100,1.4500000000000002,1.7899999999999998,2,10,53.61111111111111,59.69696969696969
2023-09-16,2023,FC Cologne,TSG Hoffenheim,1,3,A,0,2.25,3.6,3.1,2.29,3.95,3.16,1530.1499468380048,1521.0837289663841,75,75,100,100,1.1300000000000001,1.61,2,10,53.87789987789987,37.8030303030303
2023-09-17,2023,1. FC Heidenheim,Werder Bremen,4,2,H,2,2.3,4.0,2.7,2.42,4.0,2.92,1481.3642484269526,1447.1526579925612,75,73,100,100,1.8500000000000003,1.3,1,4,72.22222222222221,19.903846153846153
2023-09-17,2023,SV Darmstadt 98,Borussia Monchengladbach,3,3,D,1,2.9,3.5,2.38,3.06,3.79,2.39,1397.6693954924517,1522.5591182893884,75,75,100,100,1.1800000000000002,1.48,1,5,35.666666666666664,40.27564102564103
2023-09-22,2023,VfB Stuttgart,SV Darmstadt 98,3,1,H,2,1.36,4.5,8.0,1.42,5.5,8.5,1541.3359639666592,1403.1852296668887,74,75,100,100,1.8699999999999999,1.4600000000000002,10,2,61.030303030303024,37.666666666666664
2023-09-23,2023,Werder Bremen,FC Cologne,2,1,H,2,2.5,3.6,2.6,2.6,3.74,2.78,1432.7230875427974,1513.7325268161587,73,75,100,100,1.2,1.29,3,1,15.568181818181818,55.32586367880485
2023-09-23,2023,Union Berlin,TSG Hoffenheim,0,2,A,0,2.05,3.6,3.4,2.18,3.8,3.45,1628.2642176653676,1537.5011489882302,75,75,100,100,1.53,1.6800000000000002,9,10,66.25,39.17557932263814
2023-09-23,2023,FC Augsburg,FSV Mainz 05,2,1,H,2,2.55,3.5,2.63,2.68,3.76,2.69,1455.4720671890634,1502.678359446185,74,75,100,100,1.4700000000000002,1.3900000000000001,2,2,51.02380952380953,52.277777777777786
2023-09-23,2023,Bayern Munich,VfL Bochum,7,0,H,2,1.11,10.0,19.0,1.14,14.0,26.0,1761.3452058147207,1501.073262006735,75,73,100,100,2.4300000000000006,2.0100000000000002,13,6,71.76298701298701,45.32539682539682
2023-09-23,2023,Borussia Dortmund,VfL Wolfsburg,1,0,H,2,1.65,4.0,4.75,1.74,4.6,4.8,1733.213746944216,1598.5021183992042,81,76,100,100,2.17,2.0,9,9,53.65079365079364,35.357142857142854
2023-09-23,2023,Borussia Monchengladbach,RB Leipzig,0,1,A,0,4.75,4.75,1.57,5.4,5.0,1.63,1517.0432841149513,1715.950474855921,75,81,100,100,1.8,2.4800000000000004,5,12,38.27564102564103,46.857142857142854
2023-09-24,2023,Bayer Leverkusen,1. FC Heidenheim,4,1,H,2,1.22,6.5,12.0,1.26,7.8,12.0,1657.30391314535,1495.7938188767164,79,75,100,100,2.3,1.8250000000000002,10,4,56.08835608835609,76.89393939393939
2023-09-24,2023,Ein Frankfurt,SC Freiburg,0,0,D,1,2.05,3.6,3.4,2.17,3.75,3.7,1571.3077306545135,1604.6869799513493,75,76,100,100,1.48,1.98,9,6,51.33333333333333,51.904761904761905
2023-09-29,2023,TSG Hoffenheim,Borussia Dortmund,1,3,A,0,3.1,4.0,2.05,3.23,4.3,2.15,1557.5883854681647,1743.303303768633,75,81,100,100,1.7899999999999998,1.73,12,11,42.59803921568628,52.817460317460316
2023-09-30,2023,FC Cologne,VfB Stuttgart,0,2,A,0,2.88,3.5,2.38,2.94,3.81,2.52,1494.0680713682066,1551.2892586376988,75,74,100,100,1.4100000000000001,2.1399999999999997,1,12,50.737628384687206,55.77777777777777
2023-09-30,2023,VfL Bochum,Borussia Monchengladbach,1,3,A,0,2.3,3.75,2.9,2.38,3.95,3.0,1495.2272680702497,1509.318381623281,73,75,100,100,1.7900000000000003,1.52,3,2,41.83333333333333,41.21681749622926
2023-09-30,2023,RB Leipzig,Bayern Munich,2,2,D,1,3.4,4.2,1.91,3.81,4.35,1.97,1723.6753773475912,1767.1911997512059,81,75,100,100,2.05,3.1,12,13,45.02707749766573,83.5407647907648
2023-09-30,2023,VfL Wolfsburg,Ein Frankfurt,2,0,H,2,2.05,3.5,3.5,2.16,3.71,3.73,1588.412561574787,1572.8401898931327,76,75,100,100,1.61,1.35,9,7,28.857142857142854,58.666666666666664
2023-09-30,2023,FSV Mainz 05,Bayer Leverkusen,0,3,A,0,5.75,4.5,1.53,6.2,4.8,1.59,1484.5177088147027,1666.3592775077052,75,79,100,100,1.3800000000000001,2.71,1,13,57.03968253968253,57.35819735819736
2023-09-30,2023,1. FC Heidenheim,Union Berlin,1,0,H,2,3.0,3.6,2.25,3.25,3.78,2.34,1486.7384545143611,1608.176981185433,75,75,100,100,1.5100000000000002,1.6700000000000004,4,6,65.95959595959596,60.44117647058823
2023-10-01,2023,SV Darmstadt 98,Werder Bremen,4,2,H,2,2.8,3.8,2.3,2.87,3.83,2.5,1393.231934995849,1452.3875429907496,75,73,100,100,1.2000000000000002,1.3800000000000001,1,6,39.05555555555556,24.906417112299465
2023-10-01,2023,SC Freiburg,FC Augsburg,2,0,H,2,1.73,4.0,4.75,1.76,4.3,4.8,1603.1545207127301,1473.6327178205456,76,74,100,100,1.7400000000000002,1.4400000000000002,7,5,44.57142857142857,49.59523809523809
2023-10-06,2023,Borussia Monchengladbach,FSV Mainz 05,2,2,D,1,2.05,3.75,3.4,2.1,4.01,3.57,1524.6698174338912,1476.2026065876748,75,75,100,100,1.8,1.3900000000000001,4,1,45.21681749622926,67.03968253968253
2023-10-07,2023,Werder Bremen,TSG Hoffenheim,2,3,A,0,2.75,3.75,2.4,2.81,4.06,2.46,1433.689349560734,1549.409771200501,73,75,100,100,1.6600000000000001,1.7,6,12,38.239750445632794,40.693277310924366
2023-10-07,2023,RB Leipzig,VfL Bochum,0,0,D,1,1.25,6.0,11.0,1.27,7.3,12.5,1725.6689414247915,1479.8758322596395,81,73,100,100,1.8300000000000005,2.1400000000000006,13,3,50.58263305322129,48.5
2023-10-07,2023,VfB Stuttgart,VfL Wolfsburg,3,1,H,2,2.0,3.5,3.75,2.06,3.88,3.83,1564.677695623824,1603.695907191137,74,76,100,100,1.9299999999999997,1.58,12,9,42.44444444444444,39.08441558441558
2023-10-07,2023,FC Augsburg,SV Darmstadt 98,1,2,A,0,1.85,3.75,4.0,1.95,4.0,4.1,1463.3356446476532,1411.9301284258647,74,75,100,100,1.2100000000000002,1.35,4,4,50.92857142857143,39.722222222222214
2023-10-07,2023,Borussia Dortmund,Union Berlin,4,2,H,2,1.57,4.33,5.25,1.66,4.6,5.85,1751.4819180362967,1586.8016685357975,81,75,100,100,1.7900000000000003,1.7800000000000005,11,3,48.05555555555556,57.107843137254896
2023-10-08,2023,Bayer Leverkusen,FC Cologne,3,0,H,2,1.33,5.5,8.0,1.37,5.9,9.5,1674.674379734733,1480.6796343820813,79,75,100,100,2.5,1.4800000000000002,13,1,53.46930846930847,57.40429505135387
2023-10-08,2023,Bayern Munich,SC Freiburg,3,0,H,2,1.14,8.5,17.0,1.19,9.8,17.0,1765.1976356740056,1613.4515938856225,75,76,100,100,2.7600000000000002,1.44,11,7,66.87409812409814,45.904761904761905
2023-10-08,2023,Ein Frankfurt,1. FC Heidenheim,2,0,H,2,1.7,4.0,4.75,1.77,4.21,4.8,1557.5568442767828,1508.1137671639967,75,75,100,100,1.28,1.59,4,7,51.93939393939394,56.792929292929294
2023-10-20,2023,Borussia Dortmund,Werder Bremen,1,0,H,2,1.29,6.5,8.0,1.33,7.0,9.6,1760.4192653448738,1422.829777355466,81,73,100,100,1.94,1.6700000000000004,13,6,47.16666666666667,38.239750445632794
2023-10-21,2023,SV Darmstadt 98,RB Leipzig,1,3,A,0,6.5,4.75,1.44,7.0,5.3,1.5,1430.2803153874631,1715.9237422307954,75,81,100,100,1.3,1.5699999999999998,7,11,42.222222222222214,58.582633053221286
2023-10-21,2023,SC Freiburg,VfL Bochum,2,1,H,2,1.7,3.75,5.0,1.78,4.2,5.0,1604.0268802466508,1489.6210314536356,76,73,100,100,0.9899999999999999,1.9000000000000004,4,3,38.404761904761905,39.38888888888889
2023-10-21,2023,VfL Wolfsburg,Bayer Leverkusen,1,2,A,0,4.33,4.0,1.75,4.8,4.3,1.78,1585.9065682459764,1682.5662050862004,76,79,100,100,1.5699999999999998,2.47,6,13,47.13636363636363,55.82828282828283
2023-10-21,2023,Union Berlin,VfB Stuttgart,0,3,A,0,2.5,3.5,2.7,2.6,3.7,2.84,1577.8643212272204,1582.4670345689847,75,74,100,100,1.7800000000000005,2.14,0,15,56.607843137254896,41.535353535353536
2023-10-21,2023,FSV Mainz 05,Bayern Munich,1,3,A,0,9.0,6.0,1.29,11.0,7.0,1.31,1478.4202375734662,1774.6223493129773,75,75,100,100,1.3900000000000001,2.7399999999999998,1,11,60.543956043956044,70.08838383838383
2023-10-21,2023,TSG Hoffenheim,Ein Frankfurt,1,3,A,0,2.1,3.5,3.4,2.18,3.89,3.47,1560.269343405769,1571.2951535825096,75,75,100,100,1.5699999999999998,1.48,12,6,43.19327731092437,49.71717171717172
2023-10-22,2023,FC Cologne,Borussia Monchengladbach,3,1,H,2,2.4,3.6,2.88,2.42,3.93,2.98,1472.787809030614,1522.4521864480998,75,75,100,100,1.45,2.15,1,5,45.59477124183006,52.90912518853695
2023-10-22,2023,1. FC Heidenheim,FC Augsburg,2,5,A,0,2.45,3.5,2.8,2.45,3.79,2.94,1494.3754578582698,1444.9854576860548,75,74,100,100,1.19,1.31,7,4,57.62626262626263,55.21428571428571
2023-10-27,2023,VfL Bochum,FSV Mainz 05,2,2,D,1,2.7,3.3,2.55,2.84,3.74,2.65,1478.7071038055178,1473.498528193135,73,75,100,100,1.65,1.4100000000000001,2,1,32.6031746031746,47.48840048840049
2023-10-28,2023,Borussia Monchengladbach,1. FC Heidenheim,2,1,H,2,1.8,4.0,4.0,1.84,4.33,4.3,1504.180509034508,1476.1161626588842,75,75,100,100,2.08,1.16,5,6,57.1136706430824,55.20202020202019
2023-10-28,2023,FC Augsburg,VfL Wolfsburg,3,2,H,2,2.9,3.5,2.38,3.0,3.78,2.51,1463.2447528854404,1574.2465118267917,74,76,100,100,1.4100000000000001,1.61,6,6,56.8051948051948,48.56493506493506
2023-10-28,2023,Bayern Munich,SV Darmstadt 98,8,0,H,2,1.06,12.0,26.0,1.09,19.0,36.0,1779.5440586933087,1425.1001109862,75,75,100,100,2.4499999999999997,1.4900000000000002,11,7,66.89393939393939,55.55555555555556
2023-10-28,2023,RB Leipzig,FC Cologne,6,0,H,2,1.44,4.75,7.0,1.48,5.2,7.75,1721.1039466320585,1491.0594864442057,81,75,100,100,1.48,1.8399999999999999,11,3,44.58263305322129,57.918003565062385
2023-10-28,2023,Werder Bremen,Union Berlin,2,0,H,2,2.7,3.3,2.6,2.77,3.68,2.7,1418.820707606495,1562.0762716107683,73,75,100,100,1.4100000000000001,1.8800000000000003,3,0,41.45403615991851,63.94117647058823
2023-10-28,2023,VfB Stuttgart,TSG Hoffenheim,2,3,A,0,1.85,4.0,3.8,1.9,4.3,3.98,1598.2550841854368,1544.776930343363,74,75,100,100,2.07,1.6,15,9,41.535353535353536,46.5266106442577
2023-10-29,2023,Ein Frankfurt,Borussia Dortmund,3,3,D,1,3.4,3.4,2.15,3.4,3.89,2.22,1586.7875666449156,1764.4283350938447,75,81,100,100,1.53,1.8,8,15,38.6060606060606,54.78571428571429
2023-10-29,2023,Bayer Leverkusen,SC Freiburg,2,1,H,2,1.29,5.5,11.0,1.33,6.55,11.5,1694.226261505385,1614.9408078947686,79,76,100,100,2.08,1.03,13,7,51.066378066378064,39.357142857142854
2023-11-03,2023,SV Darmstadt 98,VfL Bochum,1,2,A,0,2.3,3.75,2.88,2.45,3.75,3.03,1421.4190942834987,1478.4672580020524,75,73,100,100,1.28,1.27,6,2,48.05555555555556,27.71428571428571
2023-11-04,2023,Union Berlin,Ein Frankfurt,0,3,A,0,2.55,3.1,2.9,2.65,3.3,3.06,1539.829182940499,1594.322777098743,75,75,100,100,1.6600000000000001,1.6,0,8,59.94117647058823,34.6060606060606
2023-11-04,2023,Borussia Dortmund,Bayern Munich,0,4,A,0,4.0,4.33,1.75,4.05,4.61,1.88,1756.8931246400173,1783.22507539601,81,75,100,100,1.72,2.8600000000000003,13,13,63.357142857142854,71.66666666666666
2023-11-04,2023,FSV Mainz 05,RB Leipzig,2,0,H,2,5.75,4.2,1.6,5.75,4.75,1.73,1473.7383739966003,1727.8275735413654,75,81,100,100,1.4000000000000001,1.9100000000000001,2,11,44.37728937728938,60.058823529411754
2023-11-04,2023,TSG Hoffenheim,Bayer Leverkusen,2,3,A,0,5.0,4.5,1.57,5.1,5.1,1.62,1563.220423559795,1706.6371190463847,75,79,100,100,1.5,2.1100000000000003,9,15,41.82072829131652,58.460317460317455
2023-11-04,2023,SC Freiburg,Borussia Monchengladbach,3,3,D,1,2.1,3.8,3.2,2.15,4.1,3.39,1602.529950353769,1518.8909016747527,76,75,100,100,0.99,1.8199999999999998,7,7,36.11904761904762,59.113670643082415
2023-11-04,2023,FC Cologne,FC Augsburg,1,1,D,1,2.3,3.6,2.9,2.47,3.85,3.03,1484.3358595348989,1484.1894659716304,75,74,100,100,1.4900000000000002,1.3800000000000003,3,9,44.29055258467024,49.66233766233766
2023-11-05,2023,1. FC Heidenheim,VfB Stuttgart,2,0,H,2,4.5,4.33,1.65,4.8,4.5,1.73,1461.4057700186395,1579.8115909690046,75,74,100,100,1.01,2.3000000000000003,3,12,45.020202020202014,53.535353535353536
2023-11-05,2023,VfL Wolfsburg,Werder Bremen,2,2,D,1,1.7,4.33,4.33,1.77,4.4,4.6,1553.3017987406017,1441.0677962767643,76,73,100,100,1.78,1.35,3,6,52.56493506493506,49.635854341736696
2023-11-10,2023,Borussia Monchengladbach,VfL Wolfsburg,4,0,H,2,2.3,3.8,2.7,2.45,3.9,2.95,1522.6699022893074,1548.3058149699173,75,76,100,100,1.95,1.97,8,4,50.172494172494176,59.35064935064935
2023-11-11,2023,FC Augsburg,TSG Hoffenheim,1,1,D,1,2.63,3.6,2.55,2.69,4.0,2.6,1484.1962076439613,1553.4738002645975,74,75,100,100,1.5000000000000002,1.6300000000000001,7,6,44.42424242424242,46.19047619047619
2023-11-11,2023,Bayern Munich,1. FC Heidenheim,4,2,H,2,1.06,17.0,21.0,1.08,21.0,41.0,1798.0147607288625,1482.6568233385344,75,75,100,100,2.4200000000000004,1.23,13,6,61.88888888888889,52.57575757575758
2023-11-11,2023,SV Darmstadt 98,FSV Mainz 05,0,0,D,1,3.1,3.5,2.25,3.11,3.84,2.36,1408.0229009199609,1499.7204032921957,75,75,100,100,1.56,1.3700000000000003,6,5,56.08974358974358,37.39316239316239
2023-11-11,2023,VfB Stuttgart,Borussia Dortmund,2,1,H,2,2.55,3.75,2.55,2.7,3.91,2.67,1558.5605376491096,1742.1034393071648,74,81,100,100,1.9,1.57,9,10,50.42424242424242,62.857142857142854
2023-11-11,2023,VfL Bochum,FC Cologne,1,1,D,1,2.45,3.4,2.88,2.51,3.75,2.9,1491.8634513655902,1484.329117862568,73,75,100,100,1.44,1.9200000000000004,5,4,28.568986568986567,51.54545454545455
2023-11-12,2023,Bayer Leverkusen,Union Berlin,4,0,H,2,1.29,6.0,9.0,1.3,6.5,12.0,1716.3837423415823,1526.3183277628007,79,75,100,100,1.7700000000000002,1.4200000000000004,15,0,51.47619047619047,65.0
2023-11-12,2023,Werder Bremen,Ein Frankfurt,2,2,D,1,3.1,3.4,2.3,3.1,3.69,2.41,1446.0637800474487,1607.8336322764414,73,75,100,100,1.23,1.4300000000000002,4,10,44.76190476190476,22.606060606060602
2023-11-12,2023,RB Leipzig,SC Freiburg,3,1,H,2,1.44,5.0,6.5,1.49,5.2,7.0,1701.84554424577,1598.7509497392143,81,76,100,100,1.85,1.2900000000000003,8,7,68.55555555555556,46.11904761904762
2023-11-24,2023,FC Cologne,Bayern Munich,0,1,A,0,9.0,7.0,1.25,11.1,7.3,1.28,1484.6760323640813,1802.4945440234892,75,75,100,100,1.9200000000000004,2.6100000000000003,5,15,48.21212121212121,74.11111111111111
2023-11-25,2023,Borussia Dortmund,Borussia Monchengladbach,4,2,H,2,1.45,5.5,5.25,1.51,5.5,6.06,1718.3584088723373,1539.8483418458986,81,75,100,100,1.4,1.8200000000000003,7,8,57.142857142857146,49.146853146853154
2023-11-25,2023,Werder Bremen,Bayer Leverkusen,0,3,A,0,6.5,5.0,1.45,6.7,5.5,1.49,1453.0181212471368,1724.4108196880998,73,79,100,100,1.19,2.18,5,15,37.42857142857142,64.65800865800865
2023-11-25,2023,Union Berlin,FC Augsburg,1,1,D,1,1.95,3.6,3.8,2.04,3.76,3.99,1518.2912504162832,1487.3449386003863,75,74,100,100,1.0100000000000002,1.56,0,8,55.15151515151514,39.92424242424242
2023-11-25,2023,VfL Wolfsburg,RB Leipzig,2,1,H,2,3.6,4.0,1.91,4.08,4.1,1.96,1531.127375413326,1713.2324664925452,76,81,100,100,1.78,2.09,1,10,54.315684315684315,65.88888888888889
2023-11-25,2023,Ein Frankfurt,VfB Stuttgart,1,2,A,0,2.6,3.6,2.6,2.68,3.82,2.65,1600.8792910767534,1582.305568083937,75,74,100,100,1.5,2.18,11,9,29.333333333333332,60.9004329004329
2023-11-25,2023,SC Freiburg,SV Darmstadt 98,1,1,D,1,1.55,4.33,5.75,1.64,4.6,5.8,1587.3640274924392,1412.150333840646,76,75,100,100,1.31,1.43,4,4,44.11904761904762,49.42307692307692
2023-11-26,2023,1. FC Heidenheim,VfL Bochum,0,0,D,1,2.2,3.6,3.1,2.27,3.94,3.19,1478.1770400439077,1491.516536864077,75,73,100,100,1.1300000000000001,1.6199999999999999,3,6,48.686868686868685,31.902319902319903
2023-11-26,2023,TSG Hoffenheim,FSV Mainz 05,1,1,D,1,1.85,3.8,3.8,1.92,4.2,4.1,1550.3250693081725,1495.5929703715105,75,75,100,100,1.6400000000000001,1.24,7,6,47.26190476190476,42.39316239316239
2023-12-01,2023,SV Darmstadt 98,FC Cologne,0,1,A,0,2.63,3.4,2.6,2.75,3.7,2.76,1419.5982778686098,1480.2505409515416,75,75,100,100,1.17,1.8700000000000003,2,5,42.5,46.87878787878788
2023-12-02,2023,RB Leipzig,1. FC Heidenheim,2,1,H,2,1.25,7.0,9.0,1.27,7.8,12.1,1689.5382360890567,1478.7910449002277,81,75,100,100,2.37,1.19,9,4,66.35042735042735,46.262626262626256
2023-12-02,2023,VfL Bochum,VfL Wolfsburg,3,1,H,2,2.63,3.6,2.55,2.75,3.83,2.68,1490.902532007757,1554.8216058168146,73,76,100,100,1.6199999999999999,1.7200000000000002,6,4,38.99322899322899,44.945054945054935
2023-12-02,2023,Borussia Monchengladbach,TSG Hoffenheim,2,1,H,2,2.2,4.0,2.88,2.3,4.25,2.93,1531.4146692187264,1547.8252079105637,75,75,100,100,1.48,1.7600000000000002,7,5,42.65112665112665,46.15079365079365
2023-12-02,2023,VfB Stuttgart,Werder Bremen,2,0,H,2,1.4,5.25,6.5,1.44,5.5,8.0,1599.1601057273288,1447.4718073000656,74,73,100,100,2.08,1.0,9,5,58.47619047619047,30.285714285714285
2023-12-03,2023,FSV Mainz 05,SC Freiburg,0,1,A,0,2.3,3.4,3.1,2.35,3.63,3.23,1498.0928317691194,1579.9160834644754,75,76,100,100,1.2200000000000002,1.57,6,5,48.88888888888889,58.54212454212454
2023-12-03,2023,Bayer Leverkusen,Borussia Dortmund,1,1,D,1,1.62,4.5,4.75,1.73,4.75,4.75,1729.957133635171,1726.7920814995095,79,81,100,100,1.86,1.72,15,7,67.13419913419912,60.25396825396825
2023-12-03,2023,FC Augsburg,Ein Frankfurt,2,1,H,2,2.63,3.6,2.55,2.8,3.68,2.66,1488.7663120524435,1584.0247534333616,74,75,100,100,1.46,1.3200000000000003,9,8,41.35281385281385,36.0
2023-12-08,2023,TSG Hoffenheim,VfL Bochum,3,1,H,2,1.67,4.2,4.75,1.77,4.46,4.75,1531.0700361846755,1509.8133477995425,75,73,100,100,1.7900000000000003,1.8399999999999999,5,9,39.48412698412697,43.27894327894328
2023-12-09,2023,Borussia Dortmund,RB Leipzig,2,3,A,0,2.6,3.6,2.55,2.65,4.11,2.8,1726.9378335049853,1696.8708022996304,81,81,100,100,1.44,2.54,5,9,47.14472455648926,78.85042735042735
2023-12-09,2023,Ein Frankfurt,Bayern Munich,5,1,H,2,9.0,5.5,1.3,10.25,6.3,1.4,1563.744654846256,1806.920035436029,75,75,100,100,1.3500000000000003,2.5900000000000007,5,15,42.666666666666664,72.61111111111111
2023-12-09,2023,VfL Wolfsburg,SC Freiburg,0,1,A,0,2.25,3.5,3.1,2.34,3.87,3.28,1535.910790025029,1592.2161355182363,76,76,100,100,1.65,1.55,4,5,43.51648351648352,47.78582202111615
2023-12-09,2023,Werder Bremen,FC Augsburg,2,0,H,2,2.38,3.6,2.8,2.49,3.89,2.89,1438.0448834239683,1509.046410639549,73,74,100,100,1.1300000000000001,1.3800000000000001,5,9,35.34065934065934,38.92857142857142
2023-12-09,2023,Union Berlin,Borussia Monchengladbach,3,1,H,2,2.1,3.5,3.4,2.23,3.81,3.4,1516.869876964226,1548.1698409446146,75,75,100,100,1.05,1.56,1,10,51.72294372294372,50.529914529914535
2023-12-09,2023,1. FC Heidenheim,SV Darmstadt 98,3,2,H,2,2.05,3.5,3.5,2.12,3.8,3.6,1471.458478689654,1406.3633857100986,75,75,100,100,0.9400000000000001,1.04,4,2,42.85353535353535,25.357142857142854
2023-12-10,2023,VfB Stuttgart,Bayer Leverkusen,1,1,D,1,2.9,3.6,2.3,3.0,3.97,2.43,1608.5870296034261,1729.8113816296952,74,79,100,100,2.1900000000000004,1.95,9,13,61.04029304029304,77.38629997453526
2023-12-10,2023,FC Cologne,FSV Mainz 05,0,0,D,1,2.3,3.5,3.0,2.48,3.64,3.2,1493.4854331100528,1485.7927797153584,75,75,100,100,1.6900000000000002,1.3900000000000001,5,6,49.47619047619048,60.91503267973856
2023-12-15,2023,Borussia Monchengladbach,Werder Bremen,2,2,D,1,2.0,4.0,3.3,2.07,4.16,3.65,1530.7323112032382,1457.2698547660723,75,73,100,100,1.5,1.2400000000000002,7,5,49.299145299145295,39.62637362637363
2023-12-16,2023,RB Leipzig,TSG Hoffenheim,3,1,H,2,1.45,5.0,6.0,1.48,5.6,6.8,1714.2519939930892,1546.0923490959233,81,75,100,100,2.3400000000000003,1.98,9,5,70.51709401709402,48.373015873015866
2023-12-16,2023,FSV Mainz 05,1. FC Heidenheim,0,1,A,0,1.67,4.2,4.75,1.72,4.4,5.1,1486.146981617248,1484.4953301000687,75,75,100,100,1.4600000000000002,1.1800000000000002,6,7,69.52614379084966,49.398989898989896
2023-12-16,2023,SV Darmstadt 98,VfL Wolfsburg,0,1,A,0,3.1,3.6,2.2,3.38,3.8,2.27,1393.3265342996838,1522.481283030981,75,76,100,100,1.2600000000000002,1.5,2,4,28.31168831168831,46.01648351648352
2023-12-16,2023,FC Augsburg,Borussia Dortmund,1,1,D,1,3.5,4.2,1.91,3.76,4.33,1.98,1489.821439297445,1709.5566418115266,74,81,100,100,1.24,1.56,6,4,34.64285714285713,37.14472455648926
2023-12-16,2023,VfL Bochum,Union Berlin,3,0,H,2,2.7,3.4,2.6,2.75,3.6,2.71,1494.7910348882947,1534.3074067056025,73,75,100,100,2.0,1.27,8,4,43.27894327894328,47.62037962037962
2023-12-17,2023,SC Freiburg,FC Cologne,2,0,H,2,1.8,3.8,4.2,1.87,3.93,4.7,1605.6456425122842,1493.1312312081632,76,75,100,100,1.3700000000000003,1.7800000000000005,8,6,49.952488687782804,50.30952380952381
2023-12-17,2023,Bayer Leverkusen,Ein Frankfurt,3,0,H,2,1.36,5.0,8.5,1.39,6.0,8.5,1724.444820677707,1589.4136760702977,79,75,100,100,2.04,1.3400000000000003,11,7,72.7196333078686,44.666666666666664
2023-12-17,2023,Bayern Munich,VfB Stuttgart,3,0,H,2,1.45,5.25,5.5,1.51,5.7,6.5,1781.2510142119872,1613.9535905554144,75,74,100,100,2.6800000000000006,2.2600000000000002,12,10,75.05555555555556,51.04029304029304
2023-12-19,2023,Werder Bremen,RB Leipzig,1,1,D,1,5.0,4.5,1.57,5.3,4.8,1.65,1460.6033950444535,1723.060902173463,73,81,100,100,1.25,2.8300000000000005,5,12,42.48351648351648,71.32517482517483
2023-12-19,2023,Borussia Dortmund,FSV Mainz 05,1,1,D,1,1.55,4.75,5.25,1.57,5.0,5.8,1700.6008647341373,1470.0709208269661,81,75,100,100,1.85,1.56,5,3,37.871997283761985,82.85947712418302
2023-12-19,2023,TSG Hoffenheim,SV Darmstadt 98,3,3,D,1,1.44,5.0,6.5,1.56,5.3,7.1,1537.2834409155494,1383.014699596482,75,75,100,100,1.8400000000000003,1.25,5,2,40.58080808080808,21.388611388611388
2023-12-20,2023,Union Berlin,FC Cologne,2,0,H,2,1.95,3.6,3.8,2.01,3.7,4.25,1516.4954172001262,1482.1388663045768,75,75,100,100,1.3,1.1300000000000001,4,5,45.62037962037962,39.357142857142854
2023-12-20,2023,1. FC Heidenheim,SC Freiburg,3,2,H,2,2.8,3.6,2.38,2.97,3.74,2.55,1500.5713908903506,1616.6380074158706,75,76,100,100,1.0400000000000003,1.4100000000000001,7,10,39.62121212121212,48.238202973497096
2023-12-20,2023,Ein Frankfurt,Borussia Monchengladbach,2,1,H,2,1.83,4.0,3.8,1.98,4.1,4.13,1579.336821302146,1527.398770924857,75,75,100,100,1.3,1.5100000000000002,4,7,52.666666666666664,56.727716727716725
2023-12-20,2023,Bayer Leverkusen,VfL Bochum,4,0,H,2,1.17,8.0,15.0,1.22,9.2,16.0,1734.5216754458586,1512.603024393771,79,73,100,100,2.1600000000000006,2.2399999999999998,11,8,74.14820473644002,52.20202020202019
2023-12-20,2023,VfB Stuttgart,FC Augsburg,3,0,H,2,1.36,5.25,7.5,1.43,5.7,8.5,1605.1129610374321,1498.7772163748343,74,74,100,100,2.1700000000000004,1.3,10,6,48.04029304029304,38.582251082251084
2023-12-20,2023,VfL Wolfsburg,Bayern Munich,1,2,A,0,6.5,5.75,1.36,8.4,6.1,1.4,1532.793117734183,1790.0916437299695,76,75,100,100,1.3800000000000001,2.25,6,12,41.73076923076923,72.55555555555556
2024-01-12,2023,Bayern Munich,TSG Hoffenheim,3,0,H,2,1.14,9.0,12.0,1.17,11.0,17.0,1796.0198643481795,1530.611888959215,75,75,100,100,2.27,1.7700000000000002,12,5,84.55555555555556,42.62626262626262
2024-01-13,2023,FC Augsburg,Bayer Leverkusen,0,1,A,0,5.25,4.75,1.5,6.0,4.8,1.58,1487.5267760002,1741.4970930264483,74,79,100,100,1.21,2.04,5,11,41.082251082251084,67.39495798319327
2024-01-13,2023,FC Cologne,1. FC Heidenheim,1,1,D,1,2.05,3.6,3.4,2.14,3.85,3.58,1467.7159069476045,1521.7261113661793,75,75,100,100,1.2200000000000002,1.15,4,10,40.46825396825396,47.9040404040404
2024-01-13,2023,SC Freiburg,Union Berlin,0,0,D,1,2.05,3.6,3.5,2.14,3.68,3.66,1595.4832869400418,1530.9183765570986,76,75,100,100,1.46,1.52,10,7,49.51093024622437,36.50926850926851
2024-01-13,2023,FSV Mainz 05,VfL Wolfsburg,1,1,D,1,2.2,3.4,3.25,2.27,3.62,3.41,1479.362124109709,1526.864897115973,75,76,100,100,1.8199999999999998,1.31,3,6,65.71661998132586,34.03846153846153
2024-01-13,2023,RB Leipzig,Ein Frankfurt,0,1,A,0,1.45,4.5,7.5,1.48,5.25,7.75,1712.8470232957557,1592.962644780892,81,75,100,100,2.9799999999999995,1.4700000000000002,10,6,73.32517482517483,54.666666666666664
2024-01-13,2023,SV Darmstadt 98,Borussia Dortmund,0,3,A,0,5.25,4.5,1.53,5.7,5.0,1.58,1389.6862515528162,1691.3096614513945,75,81,100,100,1.3,2.29,2,6,26.843156843156844,52.15771156947627
2024-01-14,2023,VfL Bochum,Werder Bremen,1,1,D,1,2.15,3.6,3.1,2.25,3.82,3.3,1505.6276068131813,1470.817273922161,73,73,100,100,1.73,1.1400000000000001,7,5,50.77344877344878,40.48351648351648
2024-01-14,2023,Borussia Monchengladbach,VfB Stuttgart,3,1,H,2,3.5,4.0,1.91,3.87,4.2,1.97,1513.772947446111,1616.3634014120664,75,74,100,100,1.1800000000000002,2.0000000000000004,4,10,48.42002442002442,40.8974358974359
2024-01-20,2023,1. FC Heidenheim,VfL Wolfsburg,1,1,D,1,2.7,3.5,2.55,2.8,3.72,2.64,1519.2586933826701,1524.6908435730993,75,76,100,100,1.12,1.3,10,4,44.994949494949495,38.5
2024-01-20,2023,SV Darmstadt 98,Ein Frankfurt,2,2,D,1,3.8,3.75,1.91,4.03,3.84,2.0,1384.8931135902303,1614.2743691590051,75,75,100,100,1.3700000000000003,1.3800000000000003,1,9,32.33766233766234,45.54385964912281
2024-01-20,2023,SC Freiburg,TSG Hoffenheim,3,2,H,2,2.0,3.8,3.4,2.1,4.0,3.6,1592.5437233985303,1524.9058354896251,76,75,100,100,1.48,1.6600000000000001,10,4,44.01642475171887,36.81429681429682
2024-01-20,2023,FC Cologne,Borussia Dortmund,0,4,A,0,4.5,4.0,1.73,4.5,4.4,1.79,1470.1833249311137,1696.1027994139804,75,81,100,100,1.45,2.06,5,6,48.46825396825396,52.47517188693659
2024-01-20,2023,VfL Bochum,VfB Stuttgart,1,0,H,2,3.6,3.8,1.95,3.84,4.0,2.02,1504.0298744324673,1595.77161916476,73,74,100,100,1.85,1.9100000000000001,7,7,50.25396825396825,54.23076923076924
2024-01-20,2023,RB Leipzig,Bayer Leverkusen,2,3,A,0,2.4,3.8,2.7,2.5,3.85,2.83,1691.5352989176426,1747.5184082952042,81,79,100,100,2.8600000000000003,2.2399999999999998,10,11,70.6531100478469,70.25210084033613
2024-01-21,2023,Bayern Munich,Werder Bremen,0,1,A,0,1.09,11.0,21.0,1.1,14.0,29.7,1801.7259178177694,1472.4150063028749,75,73,100,100,2.5200000000000005,1.3900000000000001,12,6,85.92307692307693,49.05494505494506
2024-01-21,2023,Borussia Monchengladbach,FC Augsburg,1,2,A,0,1.91,3.8,3.8,1.96,4.2,3.86,1534.3647296934173,1481.5054607314441,75,74,100,100,1.2,1.0399999999999998,7,4,39.531135531135526,29.653679653679653
2024-01-24,2023,Bayern Munich,Union Berlin,1,0,H,2,1.18,7.0,17.0,1.19,9.3,19.0,1773.9051109585616,1533.85794009861,75,75,100,100,2.58,1.6600000000000001,9,8,86.5897435897436,43.262515262515265
2024-01-26,2023,Ein Frankfurt,FSV Mainz 05,1,0,H,2,2.15,3.4,3.5,2.2,3.66,3.71,1605.0182940099126,1481.5361776525826,75,75,100,100,1.2500000000000002,1.7100000000000002,10,3,36.21052631578947,68.60550887021475
2024-01-27,2023,Werder Bremen,SC Freiburg,3,1,H,2,2.4,3.5,2.88,2.51,3.72,2.97,1500.2358131620826,1605.4676461352367,73,76,100,100,1.3599999999999999,1.6300000000000001,9,10,41.61904761904761,50.48701298701299
2024-01-27,2023,VfB Stuttgart,RB Leipzig,5,2,H,2,2.63,3.8,2.4,2.79,3.98,2.5,1575.642284453212,1678.091333264181,74,81,100,100,1.83,2.66,4,7,62.5,60.153110047846894
2024-01-27,2023,FC Augsburg,Bayern Munich,2,3,A,0,8.5,5.75,1.3,10.0,6.5,1.34,1499.9211104195483,1780.3280371288058,74,75,100,100,1.22,2.81,4,12,34.65367965367965,87.05128205128207
2024-01-27,2023,Bayer Leverkusen,Borussia Monchengladbach,0,0,D,1,1.29,5.5,10.0,1.31,6.9,11.0,1760.9623739486658,1515.9490800053131,79,75,100,100,2.1600000000000006,1.33,13,4,69.42857142857142,34.53113553113553
2024-01-27,2023,VfL Wolfsburg,FC Cologne,1,1,D,1,1.83,3.75,4.2,1.88,3.95,4.5,1524.4407041941597,1463.3327208160026,76,75,100,100,1.15,1.46,5,2,35.166666666666664,46.61951447245565
2024-01-27,2023,TSG Hoffenheim,1. FC Heidenheim,1,1,D,1,1.67,4.5,4.33,1.74,4.5,4.8,1511.9819127529188,1519.5088327616097,75,75,100,100,1.61,1.2500000000000002,4,11,40.14763014763015,50.82828282828283
2024-01-28,2023,Union Berlin,SV Darmstadt 98,1,0,H,2,1.62,3.8,5.75,1.69,4.2,6.0,1527.4350139283658,1394.1491887393229,75,75,100,100,1.34,1.4700000000000002,7,2,36.22954822954823,45.480519480519476
2024-01-28,2023,Borussia Dortmund,VfL Bochum,3,1,H,2,1.36,5.5,7.5,1.4,5.9,8.0,1702.9534035290915,1524.1592091440154,81,73,100,100,2.31,1.4000000000000001,8,7,56.00458365164248,42.75396825396825
2024-02-02,2023,1. FC Heidenheim,Borussia Dortmund,0,0,D,1,3.75,4.5,1.8,4.03,4.5,1.86,1519.1622595037854,1711.3769216362286,75,81,100,100,1.08,2.2800000000000002,9,11,43.42568542568542,59.3379169849758
2024-02-03,2023,FSV Mainz 05,Werder Bremen,0,1,A,0,2.1,3.5,3.5,2.15,3.68,3.64,1470.9948134572958,1520.9389718446653,75,73,100,100,1.35,1.34,3,9,58.80158730158729,37.33333333333333
2024-02-03,2023,SC Freiburg,VfB Stuttgart,1,3,A,0,3.1,3.6,2.2,3.27,3.85,2.26,1584.764487452654,1596.2280903865396,76,74,100,100,1.78,1.7600000000000002,7,6,52.98701298701299,67.5
2024-02-03,2023,SV Darmstadt 98,Bayer Leverkusen,0,2,A,0,9.5,6.5,1.25,10.5,6.7,1.33,1384.0028454241158,1751.239795168737,75,79,100,100,1.1800000000000002,2.32,2,13,48.59740259740259,75.42857142857142
2024-02-03,2023,Bayern Munich,Borussia Monchengladbach,3,1,H,2,1.14,9.5,13.0,1.18,9.8,19.0,1785.6404517670144,1525.671658785242,75,75,100,100,2.6100000000000003,1.2,12,5,83.16239316239316,27.76190476190476
2024-02-03,2023,FC Cologne,Ein Frankfurt,2,0,H,2,3.25,3.4,2.2,3.4,3.6,2.31,1466.118183927905,1615.5596582051994,75,75,100,100,1.4100000000000001,1.1600000000000001,2,10,50.78618113912231,47.54385964912281
2024-02-03,2023,VfL Bochum,FC Augsburg,1,1,D,1,2.15,3.4,3.4,2.31,3.75,3.4,1515.7356910368783,1494.6086957813397,73,74,100,100,1.24,1.4900000000000002,7,4,38.30952380952381,37.82828282828283
2024-02-04,2023,VfL Wolfsburg,TSG Hoffenheim,2,2,D,1,2.1,3.75,3.2,2.16,4.0,3.37,1521.6552410822574,1512.328486010743,76,75,100,100,1.25,1.67,6,2,36.0,44.115884115884114
2024-02-04,2023,RB Leipzig,Union Berlin,2,0,H,2,1.4,5.0,7.5,1.44,5.2,8.2,1657.5055273308533,1537.581357243573,81,75,100,100,2.2199999999999998,1.3700000000000003,4,7,55.153110047846894,38.42735042735042
2024-02-07,2023,FSV Mainz 05,Union Berlin,1,1,D,1,2.15,3.3,3.5,2.24,3.47,3.7,1457.2791140876568,1526.8947120681432,75,75,100,100,1.4200000000000002,1.3700000000000003,2,7,59.634920634920626,39.31623931623932
2024-02-09,2023,Borussia Dortmund,SC Freiburg,3,0,H,2,1.45,4.75,6.5,1.53,5.2,6.9,1703.3298289628763,1569.292214385415,81,76,100,100,2.13,1.5000000000000002,11,4,58.61064425770307,41.55844155844156
2024-02-10,2023,Borussia Monchengladbach,SV Darmstadt 98,0,0,D,1,1.6,4.5,5.0,1.64,4.5,5.6,1519.817322247313,1380.5550090333713,75,75,100,100,1.1600000000000001,1.2,4,2,25.424242424242426,50.02597402597403
2024-02-10,2023,FC Augsburg,RB Leipzig,2,2,D,1,4.0,4.2,1.75,4.4,4.4,1.8,1495.5804324462056,1668.192172506283,74,81,100,100,1.4900000000000002,1.95,4,4,43.05555555555556,49.90058479532164
2024-02-10,2023,Ein Frankfurt,VfL Bochum,1,1,D,1,1.73,3.8,4.75,1.8,4.05,5.0,1593.0728173272535,1514.7639543720124,75,73,100,100,1.31,1.0,10,5,47.54385964912281,33.80952380952381
2024-02-10,2023,Union Berlin,VfL Wolfsburg,1,0,H,2,2.25,3.4,3.2,2.37,3.47,3.29,1523.73102109625,1521.2258312820065,75,76,100,100,1.24,1.48,5,4,35.881895881895886,41.55555555555556
2024-02-10,2023,Werder Bremen,1. FC Heidenheim,1,2,A,0,1.8,3.8,4.33,1.9,4.03,4.33,1534.6546712143042,1527.2093521771378,73,75,100,100,1.1400000000000001,1.06,11,7,30.428571428571427,49.2034632034632
2024-02-10,2023,Bayer Leverkusen,Bayern Munich,3,0,H,2,2.63,3.8,2.4,2.73,4.01,2.53,1754.6876315594814,1791.4947883049433,79,75,100,100,2.4000000000000004,2.5799999999999996,13,12,73.99999999999999,74.07148407148408
2024-02-11,2023,VfB Stuttgart,FSV Mainz 05,3,1,H,2,1.44,4.5,7.5,1.48,4.88,7.7,1611.7003634537787,1460.44280505955,74,75,100,100,2.16,1.54,9,3,79.64285714285714,56.40259740259741
2024-02-11,2023,TSG Hoffenheim,FC Cologne,1,1,D,1,1.8,3.8,4.33,1.88,4.16,4.33,1512.757895810994,1488.605024805851,75,75,100,100,1.86,1.6,3,5,44.923964923964924,55.0718954248366
2024-02-16,2023,FC Cologne,Werder Bremen,0,1,A,0,2.4,3.4,2.88,2.57,3.58,2.94,1489.7155173078904,1518.3118540759745,75,73,100,100,1.2600000000000002,1.17,6,10,48.5761689291101,33.095238095238095
2024-02-17,2023,RB Leipzig,Borussia Monchengladbach,2,0,H,2,1.36,5.5,7.0,1.42,5.8,7.5,1660.8384150667964,1513.7267910725136,81,75,100,100,1.7400000000000002,1.5500000000000003,4,5,48.90058479532164,36.97979797979798
2024-02-17,2023,SV Darmstadt 98,VfB Stuttgart,1,2,A,0,6.5,4.75,1.44,7.2,5.0,1.48,1386.6455402081708,1621.143784244635,75,74,100,100,1.0799999999999998,2.0900000000000003,2,9,49.01587301587302,78.53174603174604
2024-02-17,2023,VfL Wolfsburg,Borussia Dortmund,1,1,D,1,3.2,3.8,2.1,3.39,4.0,2.19,1505.341197537085,1713.4462088683956,76,81,100,100,1.6200000000000003,2.09,4,13,54.05555555555556,53.96778711484594
2024-02-17,2023,1. FC Heidenheim,Bayer Leverkusen,1,2,A,0,8.0,5.75,1.33,9.0,5.9,1.39,1543.5521693154676,1772.3763508895154,75,79,100,100,1.02,2.39,7,13,49.80952380952381,70.57142857142857
2024-02-17,2023,TSG Hoffenheim,Union Berlin,0,1,A,0,2.0,3.6,3.6,2.09,3.84,3.7,1511.6474033089544,1539.6156548411716,75,75,100,100,1.83,1.15,3,7,45.76312576312577,34.81046731046731
2024-02-17,2023,FSV Mainz 05,FC Augsburg,1,0,H,2,2.0,3.5,3.8,2.08,3.74,3.83,1450.9993842686936,1502.9341898856921,75,74,100,100,1.59,1.5,2,5,64.65656565656566,38.05555555555556
2024-02-18,2023,SC Freiburg,Ein Frankfurt,3,3,D,1,2.3,3.4,3.1,2.38,3.56,3.25,1559.1758344798957,1589.5264122860217,76,75,100,100,1.4200000000000004,1.04,4,8,41.785714285714285,46.089314194577355
2024-02-18,2023,VfL Bochum,Bayern Munich,3,2,H,2,8.0,5.75,1.33,9.0,6.2,1.36,1518.3103594132442,1773.8060689749093,73,75,100,100,1.24,1.95,6,9,30.69264069264069,69.14840714840714
2024-02-23,2023,Bayer Leverkusen,FSV Mainz 05,2,1,H,2,1.22,6.5,13.0,1.3,6.7,13.0,1779.1373601446858,1469.3734146531513,79,75,100,100,2.2300000000000004,1.6600000000000001,13,4,61.682539682539684,60.65656565656566
2024-02-24,2023,Union Berlin,1. FC Heidenheim,2,2,D,1,2.0,3.5,3.75,2.06,3.68,3.97,1554.330444161525,1536.7911600602972,75,75,100,100,1.2900000000000003,1.0200000000000002,10,6,38.27200577200577,50.698412698412696
2024-02-24,2023,Werder Bremen,SV Darmstadt 98,1,1,D,1,1.65,4.2,5.0,1.72,4.2,5.3,1532.997909832372,1380.057062601923,73,75,100,100,1.1500000000000001,1.47,12,2,29.166666666666664,52.94444444444444
2024-02-24,2023,Bayern Munich,RB Leipzig,2,1,H,2,1.67,4.33,4.5,1.72,4.64,4.74,1747.7845781564674,1670.4414748225759,75,81,100,100,2.16,1.7200000000000002,9,7,66.32789432789433,46.44444444444444
2024-02-24,2023,VfB Stuttgart,FC Cologne,1,1,D,1,1.3,5.25,10.0,1.35,6.0,10.0,1627.7322618508829,1475.029461551493,74,75,100,100,2.16,1.07,12,5,66.03174603174604,49.0761689291101
2024-02-24,2023,Borussia Monchengladbach,VfL Bochum,5,2,H,2,2.0,3.8,3.5,2.05,4.04,3.7,1504.1237313167342,1544.331850231686,75,73,100,100,1.4400000000000002,1.29,2,8,43.64646464646464,28.275058275058274
2024-02-25,2023,Borussia Dortmund,TSG Hoffenheim,2,3,A,0,1.5,5.0,5.5,1.56,5.2,5.7,1704.865099263388,1496.932613988601,81,75,100,100,1.92,1.8699999999999999,11,3,50.03921568627451,57.686202686202684
2024-02-25,2023,FC Augsburg,SC Freiburg,2,1,H,2,2.2,3.6,3.1,2.32,3.75,3.16,1484.5601595012345,1560.5699857553352,74,76,100,100,1.7400000000000002,1.5700000000000003,5,4,48.05555555555556,47.5
2024-02-25,2023,Ein Frankfurt,VfL Wolfsburg,2,2,D,1,2.25,3.4,3.2,2.31,3.62,3.35,1588.1322610105822,1513.9223071420927,75,76,100,100,1.2900000000000003,1.6200000000000003,6,4,44.73593073593073,60.55555555555556
2024-03-01,2023,SC Freiburg,Bayern Munich,2,2,D,1,5.75,4.75,1.5,6.36,5.0,1.53,1541.1244001704474,1760.2804889519389,76,75,100,100,1.1800000000000002,1.8400000000000003,1,9,40.83333333333333,59.86635586635587
2024-03-02,2023,FSV Mainz 05,Borussia Monchengladbach,1,1,D,1,1.91,3.75,3.75,2.02,3.92,3.9,1464.7681259217752,1521.967161254501,75,75,100,100,1.8800000000000001,1.56,4,5,57.066822066822056,44.4040404040404
2024-03-02,2023,1. FC Heidenheim,Ein Frankfurt,1,2,A,0,2.8,3.3,2.5,2.9,3.5,2.64,1537.5981885033557,1584.7658062703672,75,75,100,100,1.03,1.3800000000000001,6,6,44.031746031746025,53.23593073593073
2024-03-02,2023,Union Berlin,Borussia Dortmund,0,2,A,0,3.4,3.6,2.05,3.58,3.75,2.15,1553.5234157184666,1680.2896509626119,75,81,100,100,1.1,2.0,8,8,40.176767676767675,60.717948717948715
2024-03-02,2023,VfL Bochum,RB Leipzig,1,4,A,0,5.0,4.2,1.62,5.0,4.6,1.69,1526.4884202939193,1657.9455640271044,73,81,100,100,1.54,1.6800000000000002,5,7,36.68414918414918,52.444444444444436
2024-03-02,2023,SV Darmstadt 98,FC Augsburg,0,6,A,0,2.9,3.3,2.4,2.97,3.55,2.61,1386.6780145769644,1504.0057450861223,75,74,100,100,1.45,1.8399999999999999,2,5,48.94444444444444,53.055555555555564
2024-03-02,2023,VfL Wolfsburg,VfB Stuttgart,2,3,A,0,3.3,3.5,2.15,3.37,3.8,2.23,1517.2887618823077,1621.12039772323,76,74,100,100,1.8400000000000003,2.1600000000000006,4,13,61.38888888888889,62.37789987789988
2024-03-03,2023,TSG Hoffenheim,Werder Bremen,2,1,H,2,1.91,4.0,3.6,2.0,4.09,3.78,1521.508062289377,1526.3769578573306,75,73,100,100,1.8199999999999998,1.24,6,10,52.301587301587304,33.83333333333333
2024-03-03,2023,FC Cologne,Bayer Leverkusen,0,2,A,0,9.0,4.75,1.36,9.5,5.3,1.42,1481.6413256791457,1783.7426488760618,75,79,100,100,1.07,2.3100000000000005,6,13,39.93589743589744,60.60561660561662
2024-03-08,2023,VfB Stuttgart,Union Berlin,2,0,H,2,1.45,4.5,7.0,1.52,4.7,7.2,1632.47621852531,1543.1152540137828,74,75,100,100,1.7200000000000002,1.25,13,8,56.266788766788764,41.95454545454545
2024-03-09,2023,Werder Bremen,Borussia Dortmund,1,2,A,0,3.5,4.33,1.85,4.06,4.33,1.97,1510.1527516071064,1690.6978126672957,73,81,100,100,1.4400000000000002,2.01,7,8,33.83333333333333,56.717948717948715
2024-03-09,2023,RB Leipzig,SV Darmstadt 98,2,0,H,2,1.14,8.5,15.0,1.17,9.55,19.0,1668.1649893591925,1375.8847225160873,81,75,100,100,1.8199999999999998,1.56,10,2,61.73015873015872,47.039682539682545
2024-03-09,2023,FC Augsburg,1. FC Heidenheim,1,0,H,2,1.85,4.2,3.5,1.93,4.2,4.1,1514.7990371469994,1523.7570905612306,74,75,100,100,1.8700000000000003,1.04,8,5,57.5,50.88888888888888
2024-03-09,2023,Bayern Munich,FSV Mainz 05,8,1,H,2,1.25,7.0,10.0,1.27,7.4,13.0,1751.3430425617478,1467.3786959689892,75,75,100,100,2.12,1.89,7,5,62.08857808857808,52.06682206682207
2024-03-09,2023,Borussia Monchengladbach,FC Cologne,3,3,D,1,1.83,4.0,4.0,1.89,4.01,4.33,1519.356591207287,1476.8593881470663,75,75,100,100,1.7400000000000007,0.99,5,5,47.070707070707066,35.269230769230774
2024-03-10,2023,VfL Bochum,SC Freiburg,1,2,A,0,2.2,3.75,3.0,2.38,3.75,3.17,1516.2689949618311,1550.0618465606385,73,76,100,100,1.59,1.3200000000000003,5,2,35.73176823176823,37.5
2024-03-10,2023,Ein Frankfurt,TSG Hoffenheim,3,1,H,2,2.0,4.0,3.3,2.11,4.0,3.51,1598.6069042124923,1537.7322685396011,75,75,100,100,1.4400000000000002,1.72,6,8,45.90259740259741,49.44444444444444
2024-03-10,2023,Bayer Leverkusen,VfL Wolfsburg,2,0,H,2,1.33,5.75,8.5,1.36,6.2,9.5,1788.5245864081412,1505.9329410802277,79,76,100,100,2.12,1.7200000000000002,15,3,62.60561660561662,59.166666666666664
2024-03-15,2023,FC Cologne,RB Leipzig,1,5,A,0,6.5,4.75,1.45,7.0,4.91,1.52,1478.8067545722708,1673.181458163163,75,81,100,100,1.0100000000000002,2.02,3,10,30.723776223776223,63.95238095238094
2024-03-16,2023,TSG Hoffenheim,VfB Stuttgart,0,3,A,0,3.8,4.0,1.83,3.9,4.33,1.91,1524.507310065315,1644.4493997603452,75,74,100,100,1.41,1.53,7,13,48.33333333333333,50.552503052503056
2024-03-16,2023,VfL Wolfsburg,FC Augsburg,1,3,A,0,2.05,3.5,3.5,2.14,3.78,3.54,1500.6760115487891,1531.2114793615228,76,74,100,100,1.32,1.75,2,10,47.24747474747475,59.28571428571429
2024-03-16,2023,1. FC Heidenheim,Borussia Monchengladbach,1,1,D,1,2.45,3.6,2.7,2.53,3.82,2.86,1507.3446483467071,1517.4092247820824,75,75,100,100,1.03,1.83,4,6,48.6031746031746,52.525252525252526
2024-03-16,2023,FSV Mainz 05,VfL Bochum,2,0,H,2,1.8,3.8,4.33,1.82,4.09,4.7,1462.156390046755,1501.8203244002532,75,73,100,100,1.7,1.7600000000000002,4,4,48.29059829059828,42.34941529059176
2024-03-16,2023,SV Darmstadt 98,Bayern Munich,2,5,A,0,17.0,8.0,1.14,19.0,10.0,1.17,1370.868253712117,1756.565348483982,75,75,100,100,1.49,2.4,2,7,42.27777777777777,60.41025641025641
2024-03-16,2023,Union Berlin,Werder Bremen,2,1,H,2,2.05,3.4,3.8,2.08,3.7,3.83,1531.1420727787477,1501.7916346388545,75,73,100,100,1.2,1.6900000000000002,7,4,45.07142857142857,46.45238095238095
2024-03-17,2023,SC Freiburg,Bayer Leverkusen,2,3,A,0,6.0,4.33,1.53,6.0,4.5,1.62,1564.5105171222165,1793.7815159395798,76,79,100,100,1.3800000000000003,2.13,5,15,40.52521008403362,70.3978243978244
2024-03-17,2023,Borussia Dortmund,Ein Frankfurt,3,1,H,2,1.62,4.2,5.0,1.65,4.7,5.1,1699.0589296355477,1611.8318626867783,81,75,100,100,2.05,1.6199999999999999,10,9,50.43223443223443,52.569264069264065
2024-03-30,2023,Borussia Monchengladbach,SC Freiburg,0,3,A,0,2.2,3.6,3.2,2.26,3.86,3.28,1516.9458635121925,1557.7632134189337,75,76,100,100,1.4300000000000002,1.4100000000000001,6,5,42.683982683982684,37.02521008403362
2024-03-30,2023,Bayer Leverkusen,TSG Hoffenheim,2,1,H,2,1.2,7.5,12.0,1.25,8.0,13.0,1800.5288196428626,1513.8213990993595,79,75,100,100,2.13,1.2700000000000002,15,6,78.3978243978244,42.03962703962704
2024-03-30,2023,Ein Frankfurt,Union Berlin,0,0,D,1,2.0,3.5,3.8,2.1,3.6,4.04,1599.7664949840364,1545.7936412861757,75,75,100,100,1.78,1.3599999999999999,8,7,43.47835497835498,49.0
2024-03-30,2023,RB Leipzig,FSV Mainz 05,0,0,D,1,1.4,5.25,7.5,1.42,5.6,8.0,1681.060286530531,1479.9750875799234,81,75,100,100,2.2,1.59,12,7,62.28571428571428,47.94871794871794
2024-03-30,2023,Bayern Munich,Borussia Dortmund,0,2,A,0,1.4,5.75,6.0,1.43,6.02,7.0,1759.699640633393,1711.1242973382896,75,81,100,100,2.7800000000000002,1.9600000000000002,10,10,64.77389277389277,52.47768897768898
2024-03-30,2023,Werder Bremen,VfL Wolfsburg,0,2,A,0,2.88,3.5,2.4,2.91,3.72,2.5,1487.1400661314265,1486.0786122855,73,76,100,100,1.61,1.28,4,2,48.35714285714286,46.17604617604617
2024-03-31,2023,FC Augsburg,FC Cologne,1,1,D,1,1.75,4.0,4.5,1.85,4.01,4.6,1545.808878624812,1470.9279262049029,74,75,100,100,1.8200000000000003,1.0899999999999999,12,2,62.857142857142854,32.77505827505828
2024-03-31,2023,VfB Stuttgart,1. FC Heidenheim,3,3,D,1,1.25,6.0,10.0,1.29,6.9,12.0,1655.1353107263008,1507.808009616597,74,75,100,100,1.8800000000000003,1.1700000000000002,13,2,52.57270507270507,49.55555555555556
2024-03-31,2023,VfL Bochum,SV Darmstadt 98,2,2,D,1,1.62,4.0,5.25,1.69,4.4,5.4,1484.0016268670847,1367.7339615627059,73,75,100,100,1.69,1.54,3,1,46.12563906681554,41.46969696969696
2024-04-05,2023,Ein Frankfurt,Werder Bremen,1,1,D,1,1.75,3.8,4.5,1.83,4.11,4.6,1597.3007561863178,1471.0911845274577,75,73,100,100,1.7800000000000005,1.4200000000000002,8,1,55.621212121212125,47.52380952380953
2024-04-06,2023,Borussia Dortmund,VfB Stuttgart,0,1,A,0,2.25,4.0,2.8,2.33,4.16,2.94,1729.3468121343572,1648.7300279040262,81,74,100,100,1.95,2.0300000000000002,12,11,52.25041625041625,54.303474303474296
2024-04-06,2023,Union Berlin,Bayer Leverkusen,0,1,A,0,5.75,4.33,1.55,6.5,4.42,1.59,1548.2593800838943,1805.6824873193173,75,79,100,100,1.32,2.6400000000000006,5,15,49.0,83.65034965034965
2024-04-06,2023,FSV Mainz 05,SV Darmstadt 98,4,0,H,2,1.4,5.0,7.5,1.46,5.1,8.2,1488.3234182463552,1372.896978142655,75,75,100,100,1.4,1.2200000000000002,5,2,40.8058608058608,38.06060606060606
2024-04-06,2023,SC Freiburg,RB Leipzig,1,4,A,0,4.75,4.33,1.65,4.9,4.45,1.72,1571.892105404166,1672.711955864099,76,81,100,100,1.41,2.31,7,10,21.215686274509803,66.09523809523809
2024-04-06,2023,FC Cologne,VfL Bochum,2,1,H,2,2.25,3.5,3.1,2.36,3.7,3.11,1474.3239015796396,1478.8386102871357,75,73,100,100,1.11,1.83,3,1,26.941724941724942,50.88088382206029
2024-04-06,2023,1. FC Heidenheim,Bayern Munich,3,2,H,2,6.5,6.0,1.36,7.55,6.4,1.41,1514.2132924388716,1741.4771258373255,75,75,100,100,1.1700000000000002,2.4000000000000004,3,10,51.43589743589744,63.65501165501165
2024-04-07,2023,TSG Hoffenheim,FC Augsburg,3,1,H,2,2.2,4.0,2.9,2.31,4.07,3.0,1508.6677314229048,1542.4129032500753,75,74,100,100,1.09,2.04,6,13,30.675990675990683,66.19047619047619
2024-04-07,2023,VfL Wolfsburg,Borussia Monchengladbach,1,3,A,0,1.85,4.0,3.8,1.94,4.03,4.1,1502.1274938894687,1502.8169715269603,76,75,100,100,1.3800000000000001,1.64,4,6,47.009379509379514,54.68398268398268
2024-04-12,2023,FC Augsburg,Union Berlin,2,0,H,2,2.1,3.4,3.4,2.17,3.68,3.65,1524.8637489333912,1542.334622488571,74,75,100,100,1.9300000000000002,1.2,10,4,56.582633053221286,43.90196078431372
2024-04-13,2023,VfB Stuttgart,Ein Frankfurt,3,0,H,2,1.53,4.5,5.5,1.55,4.9,6.21,1668.3773449868831,1591.7314346076744,74,75,100,100,1.8800000000000001,1.85,13,8,45.91186591186592,63.121212121212125
2024-04-13,2023,RB Leipzig,VfL Wolfsburg,3,0,H,2,1.36,5.0,8.0,1.4,5.8,8.19,1684.1951061908621,1486.1592454663887,81,76,100,100,2.3899999999999997,1.21,13,3,64.76190476190474,49.509379509379514
2024-04-13,2023,Bayern Munich,FC Cologne,2,0,H,2,1.22,7.5,11.0,1.23,8.7,14.0,1716.286156572438,1490.5317998976786,75,75,100,100,2.55,1.1600000000000001,7,5,61.65501165501165,34.634032634032636
2024-04-13,2023,VfL Bochum,1. FC Heidenheim,1,1,D,1,2.05,3.75,3.3,2.13,3.93,3.55,1462.6307119690966,1539.4042617037592,73,75,100,100,1.6400000000000001,1.1700000000000002,1,5,46.12563906681554,54.76923076923076
2024-04-13,2023,FSV Mainz 05,TSG Hoffenheim,4,1,H,2,1.95,4.0,3.4,2.04,4.05,3.72,1499.1951346886954,1526.2168857395889,75,75,100,100,1.65,1.23,8,6,54.395604395604394,39.001782531194294
2024-04-13,2023,Borussia Monchengladbach,Borussia Dortmund,1,2,A,0,3.25,4.0,2.0,3.39,4.3,2.1,1518.7852199500403,1709.6994950515002,75,81,100,100,1.52,1.9,6,12,55.59307359307358,51.411255411255425
2024-04-14,2023,SV Darmstadt 98,SC Freiburg,0,1,A,0,4.0,3.8,1.83,4.1,4.1,1.92,1362.0252617003148,1560.4089550774029,75,76,100,100,1.2100000000000002,1.6300000000000001,1,7,29.393939393939394,31.2156862745098
2024-04-14,2023,Bayer Leverkusen,Werder Bremen,5,0,H,2,1.2,7.0,13.0,1.23,7.9,15.0,1811.6072449146404,1476.6605061061011,79,73,100,100,2.6900000000000004,1.5100000000000002,15,1,78.49197860962566,39.52380952380952
2024-04-19,2023,Ein Frankfurt,FC Augsburg,3,1,H,2,2.0,3.75,3.5,2.1,3.87,3.61,1579.2049434503626,1541.6676349382644,75,74,100,100,1.7200000000000002,1.7600000000000002,5,10,68.23232323232324,54.36041083099906
2024-04-20,2023,Union Berlin,Bayern Munich,1,5,A,0,4.75,4.5,1.62,5.39,4.7,1.65,1525.5307364836979,1723.1418795572074,75,75,100,100,1.2,2.43,4,9,42.12418300653595,58.32167832167831
2024-04-20,2023,VfL Wolfsburg,VfL Bochum,1,0,H,2,1.75,4.0,4.33,1.84,4.2,4.5,1478.4049119661277,1466.1098213441894,76,73,100,100,1.23,1.7700000000000002,3,2,46.3982683982684,55.411353352529815
2024-04-20,2023,TSG Hoffenheim,Borussia Monchengladbach,4,3,H,2,2.1,4.0,3.1,2.18,4.2,3.16,1508.974991150708,1510.7874914613199,75,75,100,100,0.9000000000000001,1.54,3,5,34.001782531194294,55.59307359307358
2024-04-20,2023,1. FC Heidenheim,RB Leipzig,1,2,A,0,5.75,5.25,1.45,6.63,5.4,1.48,1535.9251523286664,1691.9494396911232,75,81,100,100,1.11,2.5200000000000005,6,13,45.76923076923077,62.47619047619047
2024-04-20,2023,FC Cologne,SV Darmstadt 98,0,2,A,0,1.5,4.75,5.75,1.55,4.75,6.9,1483.6760769129091,1354.2826861203462,75,75,100,100,1.41,1.23,5,1,42.634032634032636,32.72727272727273
2024-04-21,2023,SC Freiburg,FSV Mainz 05,1,1,D,1,2.6,3.5,2.6,2.63,3.75,2.76,1568.1515306573715,1516.4370292775761,76,75,100,100,1.47,1.7899999999999998,9,10,34.549019607843135,56.062271062271066
2024-04-21,2023,Borussia Dortmund,Bayer Leverkusen,1,1,D,1,2.55,3.8,2.55,2.66,4.03,2.6,1717.6972235402206,1815.669968029785,81,79,100,100,1.78,2.87,12,15,55.41125541125541,80.49197860962566
2024-04-21,2023,Werder Bremen,VfB Stuttgart,2,1,H,2,4.75,4.75,1.57,5.3,4.75,1.65,1472.5977829909566,1680.9038361441949,73,74,100,100,1.2,2.0200000000000005,1,13,29.52380952380952,45.91186591186592
2024-04-26,2023,VfL Bochum,TSG Hoffenheim,3,2,H,2,2.15,4.0,2.9,2.29,4.11,3.09,1450.6757949517928,1525.0584591174425,73,75,100,100,1.4800000000000002,1.3900000000000001,2,6,53.6013986013986,41.57754010695187
2024-04-27,2023,RB Leipzig,Borussia Dortmund,4,1,H,2,1.67,4.33,4.5,1.74,4.6,4.75,1701.211239162887,1722.093131203604,81,81,100,100,2.1900000000000004,1.58,13,10,64.14285714285714,54.6969696969697
2024-04-27,2023,SC Freiburg,VfL Wolfsburg,1,2,A,0,2.3,3.6,2.88,2.4,3.7,3.1,1565.787423232428,1493.8389383585243,76,76,100,100,1.3699999999999999,1.47,7,6,35.33333333333333,50.45421245421245
2024-04-27,2023,Bayer Leverkusen,VfB Stuttgart,2,2,D,1,1.75,4.2,4.33,1.81,4.4,4.75,1811.2740603664017,1656.3161333162193,79,74,100,100,2.73,2.0200000000000005,13,10,79.1283422459893,51.98329448329448
2024-04-27,2023,FC Augsburg,Werder Bremen,0,3,A,0,1.8,4.0,4.0,1.86,4.3,4.22,1527.3895970066337,1497.1854858189322,74,73,100,100,1.6200000000000003,1.02,7,4,49.16560563619387,17.738095238095234
2024-04-27,2023,Bayern Munich,Ein Frankfurt,2,1,H,2,1.4,5.25,7.0,1.44,5.7,7.14,1730.910586410796,1593.4829813819933,75,75,100,100,2.2399999999999998,1.67,9,5,56.5909090909091,62.474747474747474
2024-04-28,2023,Borussia Monchengladbach,Union Berlin,0,0,D,1,2.3,3.5,3.0,2.42,3.61,3.12,1494.7040234945855,1517.7620296301093,75,75,100,100,1.5900000000000003,1.25,4,4,50.13852813852814,46.052754435107374
2024-04-28,2023,FSV Mainz 05,FC Cologne,1,1,D,1,1.55,4.33,6.0,1.58,4.52,6.5,1518.8011367025197,1461.9783130720466,75,75,100,100,1.8699999999999999,1.4300000000000002,11,4,58.62637362637363,48.608058608058606
2024-04-28,2023,SV Darmstadt 98,1. FC Heidenheim,0,1,A,0,3.3,3.75,2.1,3.5,3.86,2.16,1375.9804499612087,1526.6633528569025,75,75,100,100,1.3400000000000003,1.3000000000000003,4,6,34.63203463203463,45.05494505494506
2024-05-03,2023,TSG Hoffenheim,RB Leipzig,1,1,D,1,5.25,5.0,1.5,5.6,5.5,1.55,1505.684403672536,1718.1717295619562,75,81,100,100,1.5500000000000003,2.1700000000000004,6,13,38.200916730328494,58.5018315018315
2024-05-04,2023,VfB Stuttgart,Bayern Munich,3,1,H,2,2.1,4.0,3.1,2.18,4.21,3.15,1663.0138835664,1740.8924486539145,74,75,100,100,1.56,2.29,8,9,46.78848928848929,53.56060606060605
2024-05-04,2023,Borussia Dortmund,FC Augsburg,5,1,H,2,1.85,4.33,3.6,1.89,4.5,3.85,1705.1326408045347,1510.0021398026256,81,74,100,100,1.5,1.4600000000000002,7,4,52.45920745920746,52.594177064765304
2024-05-04,2023,Werder Bremen,Borussia Monchengladbach,2,2,D,1,2.25,3.75,3.0,2.35,3.96,3.02,1514.5729430229403,1495.7643276783972,73,75,100,100,1.3200000000000003,1.7399999999999998,7,4,17.166666666666664,52.99567099567098
2024-05-04,2023,FC Cologne,SC Freiburg,0,0,D,1,2.3,3.75,2.88,2.42,3.8,3.0,1464.5720161773754,1546.5206376445371,75,76,100,100,1.6600000000000001,1.44,5,7,51.94139194139193,38.0
2024-05-04,2023,VfL Wolfsburg,SV Darmstadt 98,3,0,H,2,1.4,5.0,8.0,1.43,5.5,8.5,1513.105723946415,1366.5149943290867,76,75,100,100,1.4900000000000002,1.4300000000000002,9,4,52.358974358974365,36.45021645021645
2024-05-05,2023,Union Berlin,VfL Bochum,3,4,A,0,1.95,3.5,4.0,2.03,3.58,4.2,1516.7017254462976,1470.0498503966992,75,73,100,100,1.36,2.08,2,5,46.052754435107374,58.65634365634365
2024-05-05,2023,Ein Frankfurt,Bayer Leverkusen,1,5,A,0,3.2,3.5,2.2,3.33,3.82,2.28,1583.5011191388749,1804.576310116221,75,79,100,100,1.5699999999999998,2.65,5,11,63.686868686868685,77.4140565317036
2024-05-05,2023,1. FC Heidenheim,FSV Mainz 05,1,1,D,1,3.0,3.5,2.3,3.1,3.82,2.38,1536.1288084890245,1516.2074335971909,75,75,100,100,1.37,1.9,8,9,45.31468531468531,57.857142857142854
2024-05-10,2023,FC Augsburg,VfB Stuttgart,0,1,A,0,4.0,4.2,1.75,4.0,4.52,1.85,1502.1491216257466,1682.5414410292765,74,74,100,100,1.34,1.8,3,10,51.26084373143196,52.557720057720054
2024-05-11,2023,FSV Mainz 05,Borussia Dortmund,3,0,H,2,2.2,3.6,3.1,2.26,4.07,3.13,1517.1238427466099,1712.9856589814137,75,81,100,100,2.0000000000000004,1.8,9,7,61.666666666666664,53.18648018648018
2024-05-11,2023,FC Cologne,Union Berlin,3,2,H,2,2.8,3.3,2.55,2.9,3.54,2.66,1468.277428420985,1498.5661464537257,75,75,100,100,1.9400000000000002,1.5400000000000003,5,1,62.77472527472528,53.052754435107374
2024-05-11,2023,SC Freiburg,1. FC Heidenheim,1,1,D,1,1.7,4.0,4.5,1.77,4.26,4.9,1542.8152254009276,1535.2123993396056,76,75,100,100,1.03,1.59,5,8,39.166666666666664,47.87878787878788
2024-05-11,2023,Borussia Monchengladbach,Ein Frankfurt,1,1,D,1,2.45,3.75,2.63,2.57,3.91,2.73,1496.6296512674226,1576.4991798477467,75,75,100,100,1.85,1.59,5,4,38.77344877344878,62.02020202020201
2024-05-11,2023,RB Leipzig,Werder Bremen,1,1,D,1,1.29,6.5,8.0,1.35,7.1,9.5,1709.4478296190234,1513.707619433915,81,73,100,100,1.8199999999999998,1.6300000000000003,13,8,51.35897435897435,26.055555555555554
2024-05-12,2023,SV Darmstadt 98,TSG Hoffenheim,0,6,A,0,4.75,4.5,1.62,5.0,4.9,1.7,1356.8917688508325,1514.4083036154689,75,75,100,100,1.28,1.9100000000000001,3,7,30.995670995671,44.564553093964854
2024-05-12,2023,VfL Bochum,Bayer Leverkusen,0,5,A,0,4.2,4.33,1.7,4.5,4.45,1.77,1488.1854293892711,1811.5782494073492,73,79,100,100,1.97,2.15,7,11,55.74725274725275,67.71708683473389
2024-05-12,2023,Bayern Munich,VfL Wolfsburg,2,0,H,2,1.33,6.0,7.5,1.39,6.6,8.1,1721.364891191038,1522.7289494246693,75,76,100,100,2.23,1.56,9,9,45.83333333333333,55.38927738927739
2024-05-18,2023,VfL Wolfsburg,FSV Mainz 05,1,3,A,0,3.2,3.5,2.2,3.35,3.78,2.25,1514.9948930971361,1541.2957443343262,76,75,100,100,1.4,1.8399999999999999,9,9,45.38927738927739,58.33333333333333
2024-05-18,2023,Union Berlin,SC Freiburg,2,1,H,2,2.1,3.4,3.5,2.2,3.7,3.65,1481.1748223410873,1542.4651581968956,75,76,100,100,1.8000000000000003,1.03,1,6,56.24603174603173,32.5
2024-05-18,2023,VfB Stuttgart,Borussia Monchengladbach,4,0,H,2,1.29,6.25,8.5,1.31,7.0,10.0,1690.9079898204382,1500.244328227445,74,75,100,100,2.0900000000000003,1.6900000000000002,10,3,57.1031746031746,32.77344877344878
2024-05-18,2023,Bayer Leverkusen,FC Augsburg,2,1,H,2,1.3,6.0,9.0,1.32,7.2,9.5,1815.8827875624138,1493.782572834585,79,74,100,100,2.32,1.0500000000000003,11,3,70.95238095238095,54.20202020202021
2024-05-18,2023,Werder Bremen,VfL Bochum,4,1,H,2,2.38,3.6,2.8,2.45,3.99,3.01,1521.875380971306,1483.8808912342065,73,73,100,100,1.3900000000000003,1.8299999999999996,8,7,34.62698412698413,54.5934065934066
2024-05-18,2023,1. FC Heidenheim,FC Cologne,4,1,H,2,2.3,4.0,2.7,2.46,4.1,2.83,1535.5624665436376,1485.6687525336233,75,75,100,100,1.55,1.9100000000000001,6,5,51.212121212121204,57.5
2024-05-18,2023,Ein Frankfurt,RB Leipzig,2,2,D,1,2.8,3.8,2.3,2.87,4.09,2.47,1572.8845028877242,1701.2800680816324,75,81,100,100,1.4,1.7600000000000002,4,11,58.02020202020201,56.12087912087911
2024-05-18,2023,Borussia Dortmund,SV Darmstadt 98,4,0,H,2,1.17,8.5,13.0,1.18,10.0,17.0,1688.8137573936974,1347.6863994386404,81,75,100,100,1.56,1.1900000000000002,7,3,45.30769230769231,35.66233766233766
2024-05-18,2023,TSG Hoffenheim,Bayern Munich,4,2,H,2,2.88,4.5,2.0,3.16,4.6,2.11,1523.613673027661,1729.098947518571,75,75,100,100,1.9,1.9300000000000002,7,12,43.62337662337662,55.83333333333333
2024-08-23,2024,Borussia Monchengladbach,Bayer Leverkusen,2,3,A,0,5.25,4.5,1.55,5.5,4.78,1.62,1492.2379423717546,1820.2151220491387,75,82,100,100,1.6600000000000001,2.24,3,11,32.77344877344878,62.06349206349206
2024-08-24,2024,Borussia Dortmund,Ein Frankfurt,2,0,H,2,1.7,4.1,4.5,1.75,4.52,4.52,1692.751952322682,1578.542101518646,81,75,100,100,1.89,1.61,7,5,45.97435897435897,61.45454545454545
2024-08-24,2024,FC Augsburg,Werder Bremen,2,2,D,1,2.2,3.6,3.1,2.35,3.8,3.16,1489.45023834786,1536.1326117485305,74,74,100,100,0.93,1.9300000000000004,0,11,51.97979797979798,44.62698412698413
2024-08-24,2024,SC Freiburg,VfB Stuttgart,3,1,H,2,3.5,3.6,2.05,3.65,3.87,2.11,1523.6715527021083,1698.9143756761287,76,77,100,100,1.1300000000000003,2.41,3,10,36.5,61.54761904761904
2024-08-24,2024,TSG Hoffenheim,Holstein Kiel,3,2,H,2,1.65,4.5,4.5,1.69,4.52,5.2,1548.1084936415925,1500.0,75,75,100,100,2.3400000000000003,1.0,10,0,49.53246753246753,50.0
2024-08-24,2024,FSV Mainz 05,Union Berlin,1,1,D,1,2.0,3.4,3.9,2.11,3.4,4.2,1556.0868536674523,1499.9684278358745,75,76,100,100,1.65,1.81,9,4,58.33333333333333,53.357142857142854
2024-08-24,2024,RB Leipzig,VfL Bochum,1,0,H,2,1.25,7.0,9.0,1.28,7.01,12.0,1695.6224694507107,1469.623660456982,80,73,100,100,1.6599999999999997,1.97,9,6,49.57542457542458,49.59340659340659
2024-08-25,2024,FC St. Pauli,1. FC Heidenheim,0,2,A,0,2.1,3.5,3.4,2.17,3.62,3.68,1361.6769166674374,1549.2804416593128,75,72,100,100,1.6900000000000002,1.7400000000000002,1,8,41.68181818181818,52.094474153297675
2024-08-25,2024,VfL Wolfsburg,Bayern Munich,2,3,A,0,6.25,4.75,1.45,6.6,5.1,1.51,1500.20378376401,1704.6041269046395,76,75,100,100,1.4600000000000002,1.7600000000000002,9,9,42.38927738927739,54.92424242424242
2024-08-30,2024,Union Berlin,FC St. Pauli,1,0,H,2,1.91,3.5,4.1,2.01,3.6,4.4,1502.5305343234045,1353.5643165792724,76,75,100,100,1.81,1.4100000000000001,5,0,51.4453781512605,42.28787878787878
2024-08-31,2024,VfL Bochum,Borussia Monchengladbach,0,2,A,0,2.6,3.6,2.6,2.69,3.88,2.65,1462.7755148269907,1488.0307743843634,73,75,100,100,2.1,1.67,6,3,42.28571428571429,30.349206349206348
2024-08-31,2024,Bayer Leverkusen,RB Leipzig,2,3,A,0,1.75,4.2,4.1,1.85,4.3,4.4,1824.4222900365298,1702.470615080702,82,80,100,100,2.5200000000000005,1.6300000000000001,13,9,60.3968253968254,49.57542457542458
2024-08-31,2024,Ein Frankfurt,TSG Hoffenheim,3,1,H,2,1.8,4.2,3.9,1.85,4.3,4.2,1567.6200584330227,1561.9070671581794,75,75,100,100,1.36,2.23,2,10,60.54545454545455,50.051948051948045
2024-08-31,2024,VfB Stuttgart,FSV Mainz 05,3,3,D,1,1.62,4.33,5.25,1.7,4.42,5.25,1675.465380910133,1553.5247471799223,77,75,100,100,2.2399999999999998,1.5900000000000003,10,9,50.71428571428571,54.411764705882355
2024-08-31,2024,Holstein Kiel,VfL Wolfsburg,0,2,A,0,3.2,3.7,2.15,3.4,3.86,2.21,1486.2014264834131,1492.6626656645765,75,76,100,100,1.9500000000000002,1.35,0,6,42.857142857142854,37.1969696969697
2024-08-31,2024,Werder Bremen,Borussia Dortmund,0,0,D,1,4.1,4.0,1.8,4.2,4.37,1.86,1533.9956532926547,1703.6739954083052,74,81,100,100,2.12,2.0900000000000003,9,9,48.7936507936508,50.97435897435897
2024-09-01,2024,Bayern Munich,SC Freiburg,2,0,H,2,1.2,8.0,11.0,1.24,8.4,13.0,1712.145245004073,1547.120547468104,75,76,100,100,1.6800000000000002,1.25,9,5,64.92424242424242,43.166666666666664
2024-09-01,2024,1. FC Heidenheim,FC Augsburg,4,0,H,2,2.38,3.5,2.9,2.46,3.72,3.04,1557.3930417474778,1491.5871968037359,72,74,100,100,1.6300000000000001,1.05,11,1,53.76114081996434,56.222222222222214
2024-09-13,2024,Borussia Dortmund,1. FC Heidenheim,4,2,H,2,1.4,5.5,6.5,1.43,5.5,8.0,1696.4272023232975,1570.3982964496056,81,72,100,100,2.02,1.73,10,11,49.57575757575757,48.306595365418886
2024-09-14,2024,Holstein Kiel,Bayern Munich,1,6,A,0,11.0,7.0,1.22,13.0,7.9,1.26,1470.4989432462705,1721.069826244207,75,75,100,100,1.7750000000000001,1.4,0,9,27.678571428571427,58.25757575757575
2024-09-14,2024,SC Freiburg,VfL Bochum,2,1,H,2,1.7,3.9,5.0,1.75,4.26,5.0,1538.19596622797,1447.936518352689,76,73,100,100,1.2100000000000002,1.55,5,3,49.83333333333333,36.57142857142857
2024-09-14,2024,TSG Hoffenheim,Bayer Leverkusen,1,4,A,0,5.75,4.5,1.48,6.2,5.19,1.55,1546.170136419752,1803.0260236503807,75,82,100,100,2.17,2.8099999999999996,10,12,60.33766233766234,64.11111111111111
2024-09-14,2024,Borussia Monchengladbach,VfB Stuttgart,1,3,A,0,2.75,4.0,2.3,2.93,4.11,2.37,1502.869770858665,1670.0695651585104,75,77,100,100,1.7700000000000002,2.77,5,10,33.2063492063492,61.92307692307693
2024-09-14,2024,RB Leipzig,Union Berlin,0,0,D,1,1.48,4.5,6.5,1.51,4.9,7.0,1723.866881466851,1512.061992458678,80,76,100,100,1.4,1.69,9,7,43.883116883116884,51.12791783380019
2024-09-14,2024,VfL Wolfsburg,Ein Frankfurt,1,2,A,0,2.63,3.6,2.5,2.75,3.74,2.67,1508.365148901719,1583.35698917145,76,75,100,100,1.3000000000000003,1.59,6,5,41.36363636363636,57.878787878787875
2024-09-15,2024,FSV Mainz 05,Werder Bremen,1,2,A,0,2.0,3.7,3.5,2.08,3.84,3.72,1558.920562931545,1541.2424463776624,75,74,100,100,1.64,1.73,9,7,47.48868778280543,49.884559884559884
2024-09-15,2024,FC Augsburg,FC St. Pauli,3,1,H,2,2.1,3.6,3.4,2.13,3.84,3.56,1478.581942101608,1344.0328584439987,74,75,100,100,1.06,1.4000000000000001,1,0,55.13131313131313,41.17676767676768
2024-09-20,2024,FC Augsburg,FSV Mainz 05,2,3,A,0,2.38,3.5,2.9,2.5,3.72,3.01,1488.67796405683,1542.1071574123998,74,75,100,100,1.28,1.6900000000000002,4,8,53.13131313131312,55.10773540185305
2024-09-21,2024,Union Berlin,TSG Hoffenheim,2,1,H,2,2.0,3.6,3.7,2.12,3.88,3.8,1520.763784442292,1540.2295989872596,76,75,100,100,1.56,2.0100000000000002,8,9,48.218826924709276,55.33766233766234
2024-09-21,2024,Werder Bremen,Bayern Munich,0,5,A,0,8.0,5.5,1.36,8.5,5.9,1.4,1558.0558518968076,1727.1873836338605,74,75,100,100,1.6300000000000001,1.9300000000000002,9,12,40.04329004329004,69.92424242424242
2024-09-21,2024,Ein Frankfurt,Borussia Monchengladbach,2,0,H,2,1.75,4.0,4.33,1.82,4.36,4.33,1595.95613760115,1494.02554508396,75,75,100,100,1.6600000000000001,1.75,8,4,53.43434343434344,43.76190476190476
2024-09-21,2024,VfL Bochum,Holstein Kiel,2,2,D,1,1.91,3.5,4.0,2.02,3.9,4.0,1436.0020676752144,1464.381385856617,73,75,100,100,1.3900000000000001,1.3333333333333333,0,0,39.480519480519476,24.007936507936506
2024-09-21,2024,1. FC Heidenheim,SC Freiburg,0,3,A,0,2.7,3.5,2.55,2.82,3.55,2.66,1559.9603047979513,1550.1304169054447,72,76,100,100,1.6000000000000003,1.8,10,7,37.19548425430777,56.42424242424242
2024-09-22,2024,Bayer Leverkusen,VfL Wolfsburg,4,3,H,2,1.3,5.75,8.0,1.34,6.2,10.5,1808.966561082873,1495.7660004720192,82,76,100,100,2.9899999999999998,1.2100000000000002,12,3,72.44444444444443,36.11111111111111
2024-09-22,2024,VfB Stuttgart,Borussia Dortmund,5,1,H,2,2.3,3.75,2.9,2.36,4.16,2.99,1678.9137909332155,1706.8651939749518,77,81,100,100,2.4899999999999998,1.8199999999999998,10,10,51.92307692307693,59.35353535353535
2024-09-22,2024,FC St. Pauli,RB Leipzig,0,0,D,1,5.75,3.9,1.62,5.75,4.37,1.67,1333.9368364887769,1715.1650894832371,75,80,100,100,1.25,1.4,0,9,43.676767676767675,44.79220779220779
2024-09-27,2024,Borussia Dortmund,VfL Bochum,4,2,H,2,1.25,7.0,9.0,1.26,7.32,11.4,1689.5807541936852,1437.3060847351123,81,73,100,100,1.8200000000000003,1.6300000000000001,10,1,60.686868686868685,40.19480519480519
2024-09-28,2024,RB Leipzig,FC Augsburg,4,0,H,2,1.4,5.25,6.5,1.48,5.55,7.5,1702.3728691130125,1475.1192550985902,80,74,100,100,1.37,1.81,9,4,38.36363636363636,61.79797979797979
2024-09-28,2024,VfL Wolfsburg,VfB Stuttgart,2,2,D,1,3.2,3.9,2.05,3.39,4.1,2.19,1491.2381574838992,1696.1982307144822,76,77,100,100,1.32,2.54,3,10,41.11111111111111,53.92307692307692
2024-09-28,2024,Bayern Munich,Bayer Leverkusen,1,1,D,1,1.73,4.33,4.2,1.75,4.79,4.53,1735.9606205993532,1813.4944040709931,75,82,100,100,2.29,2.79,12,12,65.92424242424242,72.44444444444444
2024-09-28,2024,FSV Mainz 05,1. FC Heidenheim,0,2,A,0,1.83,3.75,4.2,1.89,4.01,4.3,1555.6658663706396,1543.5077424801177,75,72,100,100,1.48,1.5400000000000003,8,9,43.10773540185305,28.86215092097445
2024-09-28,2024,SC Freiburg,FC St. Pauli,0,3,A,0,1.62,4.0,5.5,1.69,4.27,5.7,1566.5829792232782,1346.7290568590015,76,75,100,100,1.8300000000000005,1.24,9,1,64.75757575757575,53.222222222222214
2024-09-28,2024,Borussia Monchengladbach,Union Berlin,1,0,H,2,2.1,3.5,3.4,2.2,3.79,3.64,1482.5894271856105,1537.659281526426,75,76,100,100,2.0700000000000003,1.3800000000000001,3,11,47.45421245421245,46.790255496137846
2024-09-29,2024,Holstein Kiel,Ein Frankfurt,2,4,A,0,4.2,4.2,1.73,4.6,4.43,1.77,1463.0773687967192,1607.3922554994995,75,75,100,100,1.3625,1.7600000000000002,1,10,35.86309523809524,49.74203574203575
2024-09-29,2024,TSG Hoffenheim,Werder Bremen,3,4,A,0,2.38,3.8,2.7,2.42,4.07,2.9,1523.3341019031257,1549.2826149313148,75,74,100,100,1.7900000000000003,1.4900000000000002,6,8,53.33766233766234,35.47186147186147
2024-10-04,2024,FC Augsburg,Borussia Monchengladbach,2,1,H,2,2.38,3.7,2.7,2.5,4.02,2.85,1468.3099090315477,1501.1044607857568,74,75,100,100,1.7600000000000002,1.9400000000000002,4,6,60.60139860139859,47.45421245421245
2024-10-05,2024,FC St. Pauli,FSV Mainz 05,0,3,A,0,2.4,3.3,2.9,2.5,3.66,3.02,1371.6885875552643,1539.106192509165,75,75,100,100,1.2,1.27,4,5,53.88888888888888,38.876966171083815
2024-10-05,2024,Werder Bremen,SC Freiburg,0,1,A,0,2.6,3.5,2.6,2.7,3.81,2.66,1564.0898586419023,1541.6234485270154,74,76,100,100,1.3400000000000003,1.6600000000000001,8,9,40.47186147186147,64.09090909090908
2024-10-05,2024,Union Berlin,Borussia Dortmund,2,1,H,2,3.3,3.5,2.15,3.5,3.79,2.22,1519.1442479262796,1695.6499291980306,76,81,100,100,1.25,1.7600000000000002,8,10,54.12358882947119,66.68686868686868
2024-10-05,2024,VfL Bochum,VfL Wolfsburg,1,3,A,0,3.0,3.7,2.2,3.14,3.91,2.3,1431.236909730767,1499.7155954800078,73,76,100,100,1.3900000000000001,1.1700000000000002,1,4,30.19480519480519,41.11111111111111
2024-10-05,2024,Bayer Leverkusen,Holstein Kiel,2,2,D,1,1.09,11.0,21.0,1.1,15.0,29.0,1809.9819559010873,1453.3657549340664,82,75,100,100,2.43,1.3900000000000001,10,1,64.19047619047618,34.84432234432235
2024-10-06,2024,1. FC Heidenheim,RB Leipzig,0,1,A,0,4.5,4.33,1.67,4.9,4.5,1.75,1560.0674163415922,1709.182215180055,72,80,100,100,1.55,1.5,9,11,32.21056721056721,45.21678321678321
2024-10-06,2024,Ein Frankfurt,Bayern Munich,3,3,D,1,5.5,4.5,1.53,5.9,5.04,1.57,1617.1038693621522,1739.473068769259,75,75,100,100,1.9100000000000001,2.31,12,13,49.04273504273504,73.97619047619048
2024-10-06,2024,VfB Stuttgart,TSG Hoffenheim,1,1,D,1,1.3,6.0,8.0,1.35,6.7,8.7,1687.7207927183736,1508.5268581925382,77,75,100,100,2.26,1.56,8,3,55.58974358974359,47.42857142857143
2024-10-18,2024,Borussia Dortmund,FC St. Pauli,2,1,H,2,1.3,5.25,9.5,1.36,6.02,11.0,1672.1554601834928,1362.8523837713592,81,75,100,100,1.6800000000000002,1.3,7,4,66.68686868686868,50.55555555555556
2024-10-19,2024,Bayer Leverkusen,Ein Frankfurt,2,1,H,2,1.44,4.75,6.5,1.49,5.3,6.5,1797.622433850826,1622.5171694188607,82,75,100,100,2.3400000000000007,1.9700000000000002,8,13,66.85714285714286,39.04273504273504
2024-10-19,2024,TSG Hoffenheim,VfL Bochum,3,1,H,2,1.7,4.5,4.2,1.74,4.6,4.52,1516.117613216514,1418.3502585799858,75,73,100,100,1.31,1.5,1,1,42.666666666666664,35.964035964035965
2024-10-19,2024,FSV Mainz 05,RB Leipzig,0,2,A,0,3.9,3.8,1.85,4.3,4.1,1.91,1547.9423962930703,1718.7079502540073,75,80,100,100,1.24,1.4600000000000002,7,11,39.46520146520147,38.21678321678321
2024-10-19,2024,Borussia Monchengladbach,1. FC Heidenheim,3,2,H,2,1.85,3.7,4.1,1.9,4.0,4.5,1483.5986851296852,1550.54168126764,75,72,100,100,1.83,1.6800000000000002,6,6,49.878454878454875,37.54390054390054
2024-10-19,2024,SC Freiburg,FC Augsburg,3,1,H,2,1.73,3.75,4.75,1.77,4.11,5.0,1558.6566253167093,1485.8156846876193,76,74,100,100,1.6,1.8699999999999999,9,6,59.090909090909086,58.17715617715618
2024-10-19,2024,Bayern Munich,VfB Stuttgart,4,0,H,2,1.36,5.25,7.5,1.39,6.01,8.0,1734.0597687125505,1680.1300376943977,75,77,100,100,2.59,2.55,11,9,76.47619047619048,62.256410256410255
2024-10-20,2024,VfL Wolfsburg,Werder Bremen,2,4,A,0,2.1,3.6,3.3,2.1,3.87,3.57,1512.6022466307888,1547.0566818522084,76,74,100,100,1.33,1.2100000000000002,7,7,47.84188034188034,45.47186147186147
2024-10-20,2024,Holstein Kiel,Union Berlin,0,2,A,0,3.5,3.3,2.15,3.5,3.63,2.21,1465.7252769843278,1542.6387169408174,75,76,100,100,1.24,1.27,2,10,30.272893772893774,53.535353535353536
2024-10-25,2024,FSV Mainz 05,Borussia Monchengladbach,1,1,D,1,2.3,3.75,2.8,2.4,3.93,2.93,1539.2289299056602,1502.6439324471444,75,75,100,100,1.11,2.04,6,6,48.88827838827839,51.78321678321679
2024-10-26,2024,FC Augsburg,Borussia Dortmund,2,1,H,2,3.6,4.0,1.9,3.96,4.17,1.96,1473.1218353488255,1676.7712182015375,74,81,100,100,1.89,1.9100000000000001,6,9,56.15695415695414,73.27777777777779
2024-10-26,2024,RB Leipzig,SC Freiburg,3,1,H,2,1.73,4.1,4.5,1.77,4.3,4.9,1727.4214166414174,1571.3504746555031,80,76,100,100,1.51,1.75,11,12,43.71678321678321,56.86868686868687
2024-10-26,2024,FC St. Pauli,VfL Wolfsburg,0,0,D,1,2.55,3.5,2.63,2.74,3.59,2.76,1358.2366257533145,1498.183751096539,75,76,100,100,1.36,1.4300000000000002,4,4,44.166666666666664,40.34188034188034
2024-10-26,2024,VfB Stuttgart,Holstein Kiel,2,1,H,2,1.22,7.5,9.5,1.28,7.7,12.0,1666.5938377457069,1453.2105234050339,77,75,100,100,1.83,1.2400000000000002,8,2,51.33333333333333,41.772893772893774
2024-10-26,2024,Werder Bremen,Bayer Leverkusen,2,2,D,1,5.25,5.0,1.5,6.0,5.1,1.55,1561.4751773864582,1806.1784017471214,74,82,100,100,1.5500000000000003,2.3000000000000003,9,11,46.38095238095238,63.40259740259741
2024-10-27,2024,VfL Bochum,Bayern Munich,0,5,A,0,12.0,9.5,1.17,17.0,10.0,1.17,1406.7374202446679,1747.5959686612414,73,75,100,100,1.4700000000000002,2.9400000000000004,1,11,34.05927405927406,83.80952380952381
2024-10-27,2024,1. FC Heidenheim,TSG Hoffenheim,0,0,D,1,2.25,3.5,3.1,2.41,3.8,3.13,1531.4964339501807,1527.730451551832,72,75,100,100,1.58,1.4900000000000002,3,4,35.11965811965812,39.99999999999999
2024-10-27,2024,Union Berlin,Ein Frankfurt,1,1,D,1,2.55,3.3,2.75,2.64,3.6,2.84,1555.1534705201113,1613.9612015225653,76,75,100,100,1.27,1.6900000000000002,10,10,48.42424242424242,40.4972804972805
2024-11-01,2024,Bayer Leverkusen,VfB Stuttgart,0,0,D,1,1.55,4.75,5.25,1.61,5.0,5.5,1796.4648344473558,1673.84098353588,82,77,100,100,2.1700000000000004,1.83,9,8,60.90259740259741,59.19047619047619
2024-11-02,2024,VfL Wolfsburg,FC Augsburg,1,1,D,1,2.0,3.75,3.5,2.05,4.0,3.65,1492.0662731087464,1497.5557718241569,76,74,100,100,1.3599999999999999,1.59,5,6,38.46153846153847,53.65695415695416
2024-11-02,2024,Borussia Dortmund,RB Leipzig,2,1,H,2,2.2,3.8,3.0,2.3,3.93,3.18,1652.3372817262061,1736.6814487438612,81,80,100,100,1.7700000000000002,1.7100000000000002,6,13,68.0,42.80769230769231
2024-11-02,2024,Holstein Kiel,1. FC Heidenheim,1,0,H,2,2.7,3.5,2.45,2.88,3.62,2.6,1445.9633776148607,1531.3230108434468,75,72,100,100,1.3599999999999999,1.6,2,4,45.58241758241759,46.8974358974359
2024-11-02,2024,TSG Hoffenheim,FC St. Pauli,0,2,A,0,1.83,3.8,4.0,1.93,4.1,4.1,1527.9038746585659,1364.354103741107,75,75,100,100,1.4300000000000002,1.46,5,5,41.0,44.93589743589743
2024-11-02,2024,Ein Frankfurt,VfL Bochum,7,2,H,2,1.33,5.75,7.5,1.37,6.2,8.6,1611.278575449886,1402.7938782379156,75,73,100,100,1.6300000000000001,1.4000000000000001,8,1,42.71950271950273,28.864468864468865
2024-11-02,2024,Bayern Munich,Union Berlin,3,0,H,2,1.18,7.5,13.0,1.2,8.7,17.0,1751.5395106679937,1557.8360965927907,75,76,100,100,2.72,1.3299999999999998,11,10,81.42857142857143,48.222222222222214
2024-11-03,2024,Borussia Monchengladbach,Werder Bremen,4,1,H,2,2.1,3.8,3.2,2.18,4.0,3.3,1504.322534251077,1571.1887446862238,75,74,100,100,1.9,1.69,7,7,50.11655011655011,48.16666666666667
2024-11-03,2024,SC Freiburg,FSV Mainz 05,0,0,D,1,1.7,3.9,4.75,1.74,4.22,5.21,1562.0904425530593,1537.5503281017275,76,75,100,100,1.4700000000000002,1.27,9,7,57.77777777777777,41.26923076923076
2024-11-08,2024,Union Berlin,SC Freiburg,0,0,D,1,2.45,3.25,2.9,2.56,3.3,3.15,1549.9342960988272,1560.9622041169448,76,76,100,100,1.25,1.31,7,7,45.494949494949495,56.11111111111111
2024-11-09,2024,RB Leipzig,Borussia Monchengladbach,0,0,D,1,1.57,4.33,5.25,1.64,4.8,5.5,1716.8718023920455,1523.3643734076566,80,75,100,100,1.6,1.8800000000000001,12,10,37.80769230769231,52.42424242424242
2024-11-09,2024,Werder Bremen,Holstein Kiel,2,1,H,2,1.62,4.33,4.75,1.69,4.53,5.3,1552.1469055296443,1465.8171059231079,74,75,100,100,2.04,1.4200000000000002,7,4,54.16666666666667,40.387612387612386
2024-11-09,2024,FC St. Pauli,Bayern Munich,0,1,A,0,9.0,7.0,1.25,13.0,7.5,1.26,1387.3747797000588,1759.4413111619572,75,75,100,100,1.3400000000000003,2.6300000000000003,7,11,34.38034188034188,78.15584415584416
2024-11-09,2024,VfL Bochum,Bayer Leverkusen,1,1,D,1,9.5,6.5,1.27,11.0,7.24,1.3,1395.3874363125885,1791.0411522140485,73,82,100,100,1.57,2.0800000000000005,0,7,28.864468864468865,62.569264069264065
2024-11-09,2024,FSV Mainz 05,Borussia Dortmund,3,1,H,2,3.5,3.6,2.0,3.63,4.02,2.1,1538.678566537842,1672.1469280780218,75,81,100,100,1.2700000000000002,2.06,5,9,46.6025641025641,80.0
2024-11-10,2024,FC Augsburg,TSG Hoffenheim,0,0,D,1,2.05,3.75,3.25,2.15,4.02,3.37,1497.302992100374,1504.8831986996142,74,75,100,100,1.0,1.61,7,5,37.212509712509714,46.55555555555556
2024-11-10,2024,VfB Stuttgart,Ein Frankfurt,2,3,A,0,1.9,4.0,3.7,1.95,4.27,3.85,1679.2646657691873,1618.685017375213,77,75,100,100,1.3900000000000001,1.8700000000000003,6,8,50.523809523809526,44.69752469752469
2024-11-10,2024,1. FC Heidenheim,VfL Wolfsburg,1,3,A,0,2.75,3.4,2.45,2.94,3.6,2.61,1511.4692825351997,1492.3190528325292,72,76,100,100,1.78,1.5400000000000003,4,6,52.80652680652681,51.23931623931624
2024-11-22,2024,Bayern Munich,FC Augsburg,3,0,H,2,1.13,10.0,15.0,1.15,12.0,23.0,1762.8045490243403,1497.6520181368446,75,74,100,100,2.7,1.2100000000000002,13,8,74.34632034632034,42.02020202020202
2024-11-23,2024,Ein Frankfurt,Werder Bremen,1,0,H,2,1.7,4.1,4.5,1.77,4.46,4.7,1637.4468809439986,1564.2511196796993,75,74,100,100,1.5699999999999998,1.8200000000000003,8,7,36.305916305916305,52.5
2024-11-23,2024,VfL Wolfsburg,Union Berlin,1,0,H,2,2.3,3.3,3.2,2.4,3.48,3.31,1509.2000614900467,1550.4419795483386,76,76,100,100,1.78,1.4,8,8,56.23931623931624,48.16161616161616
2024-11-23,2024,VfB Stuttgart,VfL Bochum,2,0,H,2,1.29,6.0,9.0,1.35,6.51,9.65,1660.5028022004017,1408.4114981611183,77,73,100,100,1.6800000000000002,1.5,5,1,50.069264069264065,40.86446886446886
2024-11-23,2024,Borussia Dortmund,SC Freiburg,4,0,H,2,1.67,4.2,4.5,1.75,4.42,5.0,1650.2859918313122,1560.4545206674334,81,76,100,100,1.57,1.4700000000000002,6,8,60.0,46.77777777777778
2024-11-23,2024,TSG Hoffenheim,RB Leipzig,4,3,H,2,3.4,3.5,2.1,3.55,3.79,2.15,1504.5341726631436,1708.780318154406,75,80,100,100,1.5000000000000002,1.45,6,10,49.05555555555556,38.83333333333333
2024-11-23,2024,Bayer Leverkusen,1. FC Heidenheim,5,2,H,2,1.2,6.5,15.0,1.22,8.6,15.0,1778.0170903655187,1494.5882738776822,82,72,100,100,2.1600000000000006,1.7100000000000002,7,1,67.71212121212122,53.57575757575758
2024-11-24,2024,Borussia Monchengladbach,FC St. Pauli,2,0,H,2,1.8,3.8,4.2,1.85,4.0,4.54,1531.4558576452962,1384.0115418376756,75,75,100,100,1.98,1.11,8,4,52.424242424242415,34.38034188034188
2024-11-24,2024,Holstein Kiel,FSV Mainz 05,0,3,A,0,3.1,3.4,2.3,3.2,3.73,2.36,1453.712891773053,1560.5395027845516,75,75,100,100,1.4400000000000002,1.61,4,8,40.9004329004329,55.83333333333333
2024-11-29,2024,FC St. Pauli,Holstein Kiel,3,1,H,2,1.67,3.75,5.25,1.86,3.97,5.4,1374.4213491555975,1442.4830560366815,75,75,100,100,1.05,1.35,4,3,33.26923076923077,41.9004329004329
2024-11-30,2024,Borussia Dortmund,Bayern Munich,1,1,D,1,4.75,4.1,1.67,4.75,4.58,1.74,1662.238884808681,1768.5175001143748,81,75,100,100,1.75,2.85,9,15,70.0,74.34632034632034
2024-11-30,2024,Werder Bremen,VfB Stuttgart,2,2,D,1,3.0,3.75,2.2,3.1,4.0,2.33,1551.5729094435317,1666.5771701219228,74,77,100,100,1.7100000000000002,1.5699999999999998,7,7,51.742424242424235,49.46320346320347
2024-11-30,2024,Union Berlin,Bayer Leverkusen,1,2,A,0,4.75,3.7,1.75,4.96,4.0,1.81,1532.5515896062498,1783.2528820625782,76,82,100,100,1.3400000000000003,2.24,5,9,45.85392385392386,71.71212121212122
2024-11-30,2024,SC Freiburg,Borussia Monchengladbach,3,1,H,2,1.95,3.8,3.6,2.06,3.91,3.74,1548.5016276900647,1541.0460503273744,76,75,100,100,1.4100000000000001,1.9800000000000004,5,11,38.44444444444444,54.444444444444436
2024-11-30,2024,FC Augsburg,VfL Bochum,1,0,H,2,1.73,4.0,4.5,1.76,4.22,5.12,1491.9390670468101,1402.3371302395972,74,73,100,100,0.9400000000000001,1.3,5,1,31.111111111111107,37.36796536796537
2024-11-30,2024,RB Leipzig,VfL Wolfsburg,1,5,A,0,1.7,4.0,4.75,1.73,4.38,5.0,1684.326553752051,1527.0904514321355,80,76,100,100,1.6300000000000001,1.73,7,8,39.404761904761905,59.31623931623932
2024-12-01,2024,1. FC Heidenheim,Ein Frankfurt,0,4,A,0,3.7,3.7,1.95,3.89,3.87,2.0,1489.3524821806227,1650.1250911801662,72,75,100,100,1.5800000000000003,1.7100000000000002,1,10,41.57575757575758,45.3968253968254
2024-12-01,2024,FSV Mainz 05,TSG Hoffenheim,2,0,H,2,2.1,3.4,3.5,2.13,3.8,3.6,1571.769338520923,1528.9879370654985,75,75,100,100,1.83,1.7100000000000002,8,8,60.83333333333333,53.817460317460316
2024-12-06,2024,VfB Stuttgart,Union Berlin,3,2,H,2,1.8,3.6,4.5,1.87,3.71,4.8,1661.466338117276,1526.4377458363122,77,76,100,100,1.75,1.2000000000000002,8,2,46.54012654012654,44.85392385392386
2024-12-07,2024,Bayern Munich,1. FC Heidenheim,4,2,H,2,1.1,11.0,19.0,1.11,15.0,29.0,1763.7703396790812,1480.2695281919582,75,72,100,100,2.5700000000000003,1.2700000000000002,13,1,72.34632034632034,45.81818181818181
2024-12-07,2024,VfL Bochum,Werder Bremen,0,1,A,0,3.2,3.5,2.2,3.25,3.75,2.27,1390.3743414675484,1556.6837414481784,73,74,100,100,1.12,1.7200000000000002,1,5,33.55844155844156,58.665501165501155
2024-12-07,2024,Ein Frankfurt,FC Augsburg,2,2,D,1,1.53,4.1,6.25,1.59,4.6,6.25,1659.2080451688307,1503.9018558188588,75,74,100,100,2.0000000000000004,1.05,13,8,49.03318903318903,39.36507936507936
2024-12-07,2024,Holstein Kiel,RB Leipzig,0,2,A,0,5.75,4.2,1.57,5.75,4.5,1.62,1423.3881870122373,1661.5425122033007,75,80,100,100,1.25,1.5700000000000003,3,4,37.9004329004329,45.904761904761905
2024-12-07,2024,Bayer Leverkusen,FC St. Pauli,2,1,H,2,1.25,6.5,10.0,1.26,7.1,13.0,1789.3667258325158,1393.5162181800415,82,75,100,100,1.81,1.1,9,7,72.16666666666667,40.76923076923077
2024-12-07,2024,Borussia Monchengladbach,Borussia Dortmund,1,1,D,1,3.2,3.75,2.1,3.31,4.0,2.15,1525.38933966188,1666.9860452439746,75,81,100,100,1.6900000000000002,1.42,8,7,53.11111111111111,60.5
2024-12-08,2024,TSG Hoffenheim,SC Freiburg,1,1,D,1,2.7,3.4,2.55,2.78,3.6,2.61,1514.9481961486333,1564.158338355559,75,76,100,100,1.4900000000000002,1.4700000000000002,5,5,45.93867243867244,35.33333333333333
2024-12-08,2024,VfL Wolfsburg,FSV Mainz 05,4,3,H,2,2.15,3.3,3.5,2.2,3.55,3.64,1549.8744929808859,1585.8090794377881,76,75,100,100,1.8,2.0900000000000003,11,11,55.31623931623932,62.878787878787875
2024-12-13,2024,SC Freiburg,VfL Wolfsburg,3,2,H,2,2.2,3.3,3.3,2.27,3.54,3.42,1561.907161363216,1567.523466144077,76,76,100,100,1.39,1.8399999999999999,6,13,28.190476190476186,53.58547008547009
2024-12-14,2024,FC Augsburg,Bayer Leverkusen,0,2,A,0,5.75,4.0,1.57,5.75,4.46,1.64,1510.6128281755593,1792.3396076946638,74,82,100,100,0.97,1.56,6,11,31.86507936507936,72.3939393939394
2024-12-14,2024,FSV Mainz 05,Bayern Munich,2,1,H,2,6.5,4.5,1.48,7.21,4.94,1.5,1568.160106274597,1769.0043167621054,75,75,100,100,1.9400000000000002,2.65,10,13,68.71212121212122,78.06060606060605
2024-12-14,2024,Borussia Monchengladbach,Holstein Kiel,4,1,H,2,1.44,4.75,6.5,1.49,5.09,7.13,1531.5715604731354,1416.90914067442,75,75,100,100,1.61,1.4100000000000001,8,3,52.505050505050505,47.9004329004329
2024-12-14,2024,Union Berlin,VfL Bochum,0,2,A,0,1.6,3.8,6.0,1.63,4.17,6.5,1516.3607896370966,1381.4972756034485,76,73,100,100,1.1700000000000004,1.1800000000000002,1,1,53.10789210789211,40.7012987012987
2024-12-14,2024,FC St. Pauli,Werder Bremen,0,2,A,0,2.63,3.4,2.63,2.72,3.58,2.77,1390.5433363178936,1565.5608073122783,75,74,100,100,1.04,1.4000000000000001,6,7,37.27272727272727,58.3083583083583
2024-12-15,2024,1. FC Heidenheim,VfB Stuttgart,1,3,A,0,4.0,4.0,1.8,4.27,4.05,1.87,1475.035551108934,1671.5432943164917,72,77,100,100,1.08,1.6199999999999999,0,8,31.818181818181813,36.540126540126536
2024-12-15,2024,Borussia Dortmund,TSG Hoffenheim,1,1,D,1,1.44,5.0,6.0,1.48,5.3,7.0,1660.8038244327192,1517.1993731409764,81,75,100,100,1.4300000000000002,1.56,8,5,55.27272727272727,57.08152958152958
2024-12-15,2024,RB Leipzig,Ein Frankfurt,2,1,H,2,2.05,4.0,3.2,2.15,4.06,3.29,1668.0215585411179,1652.4970728121302,80,75,100,100,1.3800000000000003,1.95,4,13,38.76190476190476,57.92207792207792
2024-12-20,2024,Bayern Munich,RB Leipzig,5,1,H,2,1.2,7.5,11.0,1.28,7.95,13.15,1744.6640655957722,1683.3071049764699,75,80,100,100,2.38,1.7399999999999998,10,7,73.33333333333333,47.99267399267399
2024-12-21,2024,VfB Stuttgart,FC St. Pauli,0,1,A,0,1.45,4.75,6.5,1.51,4.79,6.93,1679.3494271045179,1381.9842001655072,77,75,100,100,2.0000000000000004,1.16,10,3,41.20679320679321,41.71717171717172
2024-12-21,2024,Holstein Kiel,FC Augsburg,5,1,H,2,3.0,3.4,2.35,3.19,3.4,2.46,1406.0058321344313,1505.3339895982774,75,74,100,100,1.2900000000000003,1.1400000000000001,0,5,44.52380952380952,35.7967032967033
2024-12-21,2024,Bayer Leverkusen,SC Freiburg,5,1,H,2,1.38,5.0,7.5,1.43,5.33,9.0,1797.6184462719457,1578.1657792306232,82,76,100,100,1.4300000000000002,1.75,13,8,69.57342657342657,23.948051948051948
2024-12-21,2024,Ein Frankfurt,FSV Mainz 05,1,3,A,0,1.83,4.0,3.9,1.91,4.07,4.2,1637.2115263767782,1592.5003574409302,75,75,100,100,1.6900000000000002,2.0100000000000002,10,12,54.405594405594414,74.04545454545455
2024-12-21,2024,Werder Bremen,Union Berlin,4,1,H,2,2.05,3.3,3.75,2.15,3.52,3.79,1574.1199434646646,1494.4443073214977,74,76,100,100,1.2900000000000003,1.09,10,1,59.41946941946942,55.83516483516483
2024-12-21,2024,TSG Hoffenheim,Borussia Monchengladbach,1,2,A,0,2.3,3.6,2.9,2.42,3.93,2.92,1523.4600739992115,1542.4748690131241,75,75,100,100,1.36,1.52,6,8,56.52597402597403,56.79076479076478
2024-12-22,2024,VfL Wolfsburg,Borussia Dortmund,1,3,A,0,3.1,3.6,2.2,3.15,3.9,2.3,1551.2648482766697,1654.543123574484,76,81,100,100,1.8199999999999998,1.1,12,6,46.71678321678321,40.27272727272727
2024-12-22,2024,VfL Bochum,1. FC Heidenheim,2,0,H,2,2.3,3.5,3.0,2.37,3.77,3.07,1403.4137579190474,1467.2294183209078,73,72,100,100,1.1099999999999999,0.9200000000000002,4,0,44.98701298701299,32.90909090909091
2025-01-10,2024,Borussia Dortmund,Bayer Leverkusen,2,3,A,0,2.7,3.6,2.45,2.96,3.67,2.49,1665.9222913458361,1804.6716080213198,81,82,100,100,1.32,1.8800000000000001,9,15,45.98701298701299,74.9067599067599
2025-01-11,2024,SC Freiburg,Holstein Kiel,3,2,H,2,1.4,4.75,7.5,1.43,5.25,8.0,1571.1126174812491,1426.4593851277439,76,75,100,100,1.61,1.2900000000000003,7,3,26.61471861471862,43.311688311688314
2025-01-11,2024,1. FC Heidenheim,Union Berlin,2,0,H,2,3.1,3.3,2.3,3.31,3.31,2.43,1448.3232075214928,1482.0505098651126,72,76,100,100,0.75,1.0500000000000003,0,0,28.623376623376622,53.68131868131868
2025-01-11,2024,TSG Hoffenheim,VfL Wolfsburg,0,1,A,0,2.35,3.6,2.88,2.5,3.6,3.02,1508.3348644358605,1539.8856805053176,75,76,100,100,1.6700000000000004,1.7899999999999998,5,9,62.35930735930735,51.0024975024975
2025-01-11,2024,FSV Mainz 05,VfL Bochum,2,0,H,2,1.53,4.33,5.75,1.61,4.46,6.0,1610.548091231026,1422.3199687184624,75,73,100,100,1.73,1.1400000000000001,12,6,56.15071770334929,47.27272727272727
2025-01-11,2024,FC St. Pauli,Ein Frankfurt,0,1,A,0,3.7,3.5,2.05,3.81,3.6,2.14,1409.0903108758284,1619.1637925866823,75,75,100,100,1.44,2.1100000000000003,6,7,37.050505050505045,66.8457857931542
2025-01-11,2024,Borussia Monchengladbach,Bayern Munich,0,1,A,0,7.0,5.0,1.4,7.2,5.5,1.45,1557.6000785764752,1757.8674855513095,75,75,100,100,1.3900000000000001,2.59,10,10,56.79076479076478,77.77777777777779
2025-01-12,2024,RB Leipzig,Werder Bremen,4,2,H,2,1.75,4.0,4.2,1.81,4.32,4.6,1670.1036850209325,1586.5137409210497,80,74,100,100,1.5500000000000003,1.28,6,10,36.881562881562886,52.23998223998224
2025-01-12,2024,FC Augsburg,VfB Stuttgart,0,1,A,0,3.6,3.6,2.0,3.79,3.79,2.05,1484.8804366049649,1652.2433163941967,74,77,100,100,1.1500000000000001,1.7900000000000003,4,10,37.842157842157846,44.66133866133866
2025-01-14,2024,Ein Frankfurt,SC Freiburg,4,1,H,2,1.7,4.2,4.33,1.8,4.38,4.77,1626.518302718369,1580.8110618216995,75,76,100,100,2.14,1.7600000000000002,7,10,67.75487670224513,44.11471861471862
2025-01-14,2024,Holstein Kiel,Borussia Dortmund,4,2,H,2,5.25,4.5,1.55,5.75,4.79,1.61,1416.7609407872935,1655.9926099972006,75,81,100,100,1.56,1.1700000000000004,3,6,40.811688311688314,43.12987012987013
2025-01-14,2024,VfL Wolfsburg,Borussia Monchengladbach,5,1,H,2,1.91,3.8,3.75,1.99,4.06,3.9,1554.4366925953782,1549.9209678060006,76,75,100,100,1.73,1.1300000000000001,9,7,52.02813852813851,51.39393939393939
2025-01-14,2024,Bayer Leverkusen,FSV Mainz 05,1,0,H,2,1.36,5.25,7.5,1.4,5.39,9.0,1814.6012893699553,1618.6389367870656,82,75,100,100,1.55,1.5699999999999998,15,12,57.76390276390276,50.24162679425838
2025-01-15,2024,Werder Bremen,1. FC Heidenheim,3,3,D,1,1.6,4.2,4.75,1.68,4.46,5.25,1574.2906062632703,1465.8715466284766,74,72,100,100,1.31,1.09,10,3,45.33089133089133,39.73448773448773
2025-01-15,2024,VfL Bochum,FC St. Pauli,1,0,H,2,2.6,3.25,2.75,2.66,3.5,2.87,1414.2291231624229,1401.735800744142,73,75,100,100,1.16,1.51,6,6,50.90909090909091,38.161616161616166
2025-01-15,2024,Bayern Munich,TSG Hoffenheim,5,0,H,2,1.13,9.0,17.0,1.14,11.3,21.0,1765.5465963217841,1493.7838523458,75,75,100,100,2.33,1.42,10,2,72.06349206349208,57.59740259740259
2025-01-15,2024,VfB Stuttgart,RB Leipzig,2,1,H,2,1.95,3.9,3.4,2.05,3.9,3.71,1661.0815352886689,1682.326819678712,77,80,100,100,1.7700000000000002,1.6300000000000001,10,9,46.934065934065934,44.31013431013431
2025-01-15,2024,Union Berlin,FC Augsburg,0,2,A,0,1.83,3.5,4.5,1.87,3.73,4.75,1464.5021707581288,1476.0422177104927,76,74,100,100,1.1200000000000003,1.25,0,4,54.87789987789988,42.842157842157846
2025-01-17,2024,Ein Frankfurt,Borussia Dortmund,2,0,H,2,2.55,3.6,2.63,2.65,3.75,2.72,1640.4254661438977,1630.4396698805767,75,81,100,100,2.23,1.3399999999999999,7,5,76.44174538911382,53.12987012987013
2025-01-18,2024,Bayern Munich,VfL Wolfsburg,3,2,H,2,1.17,7.5,15.0,1.19,9.4,17.0,1771.0831502814215,1570.2287474929412,75,76,100,100,2.64,1.6400000000000001,12,9,78.63492063492063,53.30086580086579
2025-01-18,2024,Bayer Leverkusen,Borussia Monchengladbach,3,1,H,2,1.27,5.75,11.0,1.3,6.59,11.0,1822.4259661626293,1534.1289129084375,82,75,100,100,1.9100000000000001,1.1099999999999999,15,7,56.09723609723609,52.12121212121211
2025-01-18,2024,Holstein Kiel,TSG Hoffenheim,1,3,A,0,3.0,3.4,2.35,3.0,3.83,2.45,1442.3138809039174,1488.2472983861626,75,75,100,100,1.7299999999999998,1.3699999999999999,6,2,32.811688311688314,53.57142857142858
2025-01-18,2024,VfL Bochum,RB Leipzig,3,3,D,1,3.7,3.6,2.0,3.75,3.92,2.04,1429.6540322510036,1665.349655803459,73,80,100,100,1.3800000000000001,1.56,9,9,57.282717282717286,30.31013431013431
2025-01-18,2024,VfB Stuttgart,SC Freiburg,4,0,H,2,1.65,4.5,4.5,1.7,4.5,5.0,1678.0586991639218,1566.9038983961707,77,76,100,100,1.8900000000000001,1.58,12,7,63.857142857142854,38.33694083694083
2025-01-18,2024,1. FC Heidenheim,FC St. Pauli,0,2,A,0,2.38,3.5,2.8,2.49,3.59,3.0,1470.708435863364,1386.3108916555611,72,75,100,100,1.31,1.4,4,3,35.492063492063494,38.930846930846926
2025-01-19,2024,Union Berlin,FSV Mainz 05,2,1,H,2,2.55,3.2,2.88,2.69,3.28,2.97,1449.0334142127351,1610.8142599943917,76,75,100,100,1.1700000000000002,1.3000000000000003,0,9,62.605172605172605,42.36283891547049
2025-01-19,2024,Werder Bremen,FC Augsburg,0,2,A,0,1.85,3.8,4.0,1.9,3.91,4.27,1569.453717028383,1491.5109742558864,74,74,100,100,1.1900000000000002,1.24,10,4,41.74114774114774,32.97202797202798
2025-01-24,2024,VfL Wolfsburg,Holstein Kiel,2,2,D,1,1.42,5.0,7.0,1.47,5.17,7.5,1562.5693404898468,1428.4169542152763,76,75,100,100,1.53,1.6,6,6,50.8008658008658,27.097402597402596
2025-01-25,2024,FSV Mainz 05,VfB Stuttgart,2,0,H,2,2.8,3.5,2.45,2.95,3.65,2.5,1587.8595081721094,1689.1076122378747,75,77,100,100,1.11,2.0200000000000005,9,12,39.86283891547049,77.0
2025-01-25,2024,FC Augsburg,1. FC Heidenheim,2,1,H,2,1.82,3.6,4.0,1.95,3.83,4.33,1511.0413434351437,1450.896470843567,74,72,100,100,1.29,1.33,6,4,37.97202797202798,45.492063492063494
2025-01-25,2024,Borussia Dortmund,Werder Bremen,2,2,D,1,1.62,4.33,4.75,1.68,4.58,5.03,1614.89940620845,1549.9233478491255,81,74,100,100,1.3000000000000003,1.3400000000000003,4,7,57.52380952380952,49.5982905982906
2025-01-25,2024,SC Freiburg,Bayern Munich,1,2,A,0,7.5,5.75,1.33,9.5,5.87,1.37,1555.8549853222178,1778.742557284516,76,75,100,100,1.35,2.68,6,12,39.47979797979798,73.63492063492063
2025-01-25,2024,RB Leipzig,Bayer Leverkusen,2,2,D,1,3.7,3.9,1.9,3.84,4.16,1.95,1655.9021442196017,1827.5401921105786,80,82,100,100,1.5000000000000002,2.0700000000000003,7,15,34.11965811965812,54.13919413919414
2025-01-25,2024,Borussia Monchengladbach,VfL Bochum,3,0,H,2,1.73,4.0,4.5,1.78,4.27,4.66,1529.0146869604882,1439.1015438348609,75,73,100,100,1.1300000000000001,1.4400000000000002,6,10,48.62470862470862,57.75890775890775
2025-01-26,2024,TSG Hoffenheim,Ein Frankfurt,2,2,D,1,3.1,3.6,2.2,3.17,3.86,2.3,1502.1442250748037,1655.9657298160243,75,75,100,100,1.3699999999999999,2.24,4,9,45.0,64.77507872244715
2025-01-26,2024,FC St. Pauli,Union Berlin,3,0,H,2,2.55,3.1,3.0,2.55,3.38,3.12,1406.1228566753582,1471.9881660350175,75,76,100,100,1.35,1.19,6,3,41.65811965811966,55.46231546231546
2025-01-31,2024,Werder Bremen,FSV Mainz 05,1,0,H,2,2.25,3.3,3.2,2.38,3.55,3.25,1552.8812023682967,1608.3945015997592,74,75,100,100,1.3900000000000001,1.1400000000000001,5,9,48.48717948717949,44.22647527910685
2025-02-01,2024,VfB Stuttgart,Borussia Monchengladbach,1,2,A,0,1.57,4.5,5.0,1.62,4.84,5.5,1668.5726188102249,1540.9640596545516,77,75,100,100,1.86,1.1400000000000001,9,6,72.63636363636364,45.005661005661004
2025-02-01,2024,Union Berlin,RB Leipzig,0,0,D,1,3.1,3.5,2.25,3.24,3.66,2.31,1452.9907783205,1663.2204880493766,76,80,100,100,1.3700000000000003,1.1900000000000002,3,5,57.12898212898212,38.88888888888889
2025-02-01,2024,FC St. Pauli,FC Augsburg,1,1,D,1,2.35,3.3,3.1,2.43,3.3,3.4,1425.1202443898756,1524.2989096294693,75,74,100,100,1.4,1.44,9,9,41.1025641025641,43.81818181818182
2025-02-01,2024,Bayern Munich,Holstein Kiel,4,3,H,2,1.05,17.0,26.0,1.07,24.0,55.0,1785.6875976904903,1434.305144476559,75,75,100,100,2.7,1.5000000000000002,15,7,78.96825396825395,25.998501498501497
2025-02-01,2024,VfL Bochum,SC Freiburg,0,1,A,0,2.8,3.4,2.5,2.96,3.46,2.57,1427.1521711407975,1548.9099449162434,73,76,100,100,1.34,0.96,7,3,57.09224109224109,37.05555555555556
2025-02-01,2024,1. FC Heidenheim,Borussia Dortmund,1,2,A,0,4.33,3.9,1.75,4.49,4.32,1.81,1437.6389046492413,1611.9415516892789,72,81,100,100,1.5100000000000002,1.4,4,4,41.492063492063494,62.52380952380952
2025-02-02,2024,Ein Frankfurt,VfL Wolfsburg,1,1,D,1,1.95,3.8,3.6,2.02,4.1,3.75,1649.3112020557035,1556.681150228564,75,76,100,100,2.3600000000000003,1.55,10,7,59.00584795321637,55.27639027639027
2025-02-02,2024,Bayer Leverkusen,TSG Hoffenheim,3,1,H,2,1.25,7.0,9.5,1.27,7.5,12.0,1820.2218482808037,1508.7987528351246,82,75,100,100,2.22,1.77,13,4,46.293040293040285,44.99999999999999
2025-02-07,2024,Bayern Munich,Werder Bremen,3,0,H,2,1.1,11.0,17.0,1.14,14.2,31.0,1789.4264146563598,1571.4161487710833,75,74,100,100,2.8900000000000006,1.36,15,5,79.65201465201466,47.78787878787879
2025-02-08,2024,Borussia Dortmund,VfB Stuttgart,1,2,A,0,1.85,3.8,3.9,1.92,4.27,4.1,1620.5265118402433,1646.9467569493336,81,77,100,100,1.48,1.6300000000000001,4,9,67.92063492063491,74.63636363636364
2025-02-08,2024,SC Freiburg,1. FC Heidenheim,1,0,H,2,1.7,3.75,4.75,1.76,4.17,4.84,1559.5215937809828,1429.053944498277,76,72,100,100,1.1300000000000001,1.6400000000000001,6,4,39.13888888888889,44.666666666666664
2025-02-08,2024,TSG Hoffenheim,Union Berlin,0,4,A,0,2.2,3.5,3.2,2.29,3.75,3.25,1504.2309905268244,1461.6413609148078,75,76,100,100,1.7100000000000002,1.5,4,4,41.666666666666664,52.17171717171717
2025-02-08,2024,FSV Mainz 05,FC Augsburg,0,0,D,1,1.75,3.5,5.0,1.8,3.89,5.0,1589.8595551969727,1519.8517083867885,75,74,100,100,1.1400000000000001,1.1700000000000002,6,10,56.66666666666667,34.27272727272727
2025-02-08,2024,VfL Wolfsburg,Bayer Leverkusen,0,0,D,1,4.33,3.6,1.8,4.5,4.1,1.88,1560.8486429668467,1824.7896105891039,76,82,100,100,1.4000000000000001,1.83,8,13,42.990675990675996,42.959706959706956
2025-02-08,2024,Borussia Monchengladbach,Ein Frankfurt,1,1,D,1,2.63,3.5,2.55,2.67,3.83,2.69,1562.589921515443,1645.1437093174209,75,75,100,100,1.33,1.98,6,11,38.33899433899434,59.11111111111111
2025-02-09,2024,Holstein Kiel,VfL Bochum,2,2,D,1,2.25,3.5,3.0,2.35,3.81,3.15,1430.5663275106895,1416.540522276058,75,73,100,100,1.5200000000000002,1.4200000000000002,4,4,22.082417582417584,54.056526806526804
2025-02-09,2024,RB Leipzig,FC St. Pauli,2,0,H,2,1.57,4.2,5.25,1.62,4.5,6.0,1654.569905455069,1429.5674456325564,80,75,100,100,1.2500000000000002,1.1800000000000002,6,7,47.77777777777777,54.1025641025641
2025-02-14,2024,FC Augsburg,RB Leipzig,0,0,D,1,2.9,3.3,2.4,3.1,3.54,2.51,1523.0327529583833,1661.4489734036802,74,80,100,100,1.1800000000000002,1.1400000000000001,11,6,44.27272727272727,42.88888888888889
2025-02-15,2024,Bayer Leverkusen,Bayern Munich,0,0,D,1,2.9,3.7,2.25,3.14,3.87,2.3,1814.5353657082026,1796.5253376689507,82,75,100,100,1.75,2.95,11,15,55.1025641025641,79.65201465201466
2025-02-15,2024,Union Berlin,Borussia Monchengladbach,1,2,A,0,2.2,3.5,3.1,2.33,3.75,3.25,1479.592920552304,1566.3216973391006,76,75,100,100,1.6600000000000001,1.48,7,7,49.94949494949494,49.76756576756577
2025-02-15,2024,VfB Stuttgart,VfL Wolfsburg,1,2,A,0,1.73,4.2,4.2,1.79,4.38,4.5,1661.7323995214892,1571.102887847748,77,76,100,100,1.42,1.61,9,6,65.79020979020979,34.65734265734266
2025-02-15,2024,VfL Bochum,Borussia Dortmund,2,0,H,2,5.0,3.9,1.67,5.1,4.43,1.71,1417.1860838251396,1605.7408692680876,73,81,100,100,1.6800000000000002,1.52,5,4,55.64743589743589,64.62393162393163
2025-02-15,2024,FC St. Pauli,SC Freiburg,0,1,A,0,2.5,3.25,2.88,2.66,3.29,3.01,1422.6883776839452,1569.780679852656,75,76,100,100,1.07,1.0,7,6,52.99145299145299,34.972222222222214
2025-02-16,2024,Werder Bremen,TSG Hoffenheim,1,3,A,0,1.85,3.8,3.9,1.93,4.22,3.9,1564.3172257584924,1486.2794308893283,74,75,100,100,1.23,1.8000000000000003,5,4,49.5021645021645,48.33333333333333
2025-02-16,2024,Ein Frankfurt,Holstein Kiel,3,1,H,2,1.33,5.75,7.5,1.35,6.09,9.0,1641.4119334937632,1429.920765961608,75,75,100,100,2.0300000000000002,1.3199999999999998,9,5,51.96825396825396,27.082417582417584
2025-02-16,2024,1. FC Heidenheim,FSV Mainz 05,0,2,A,0,3.6,3.5,2.05,3.69,3.73,2.11,1418.7948584266037,1586.6785106253778,72,75,100,100,1.4300000000000002,1.1300000000000001,1,4,40.222222222222214,52.57575757575758
2025-02-21,2024,SC Freiburg,Werder Bremen,5,0,H,2,2.0,3.5,3.75,2.1,3.76,3.94,1579.384487195632,1544.782692631763,76,74,100,100,0.95,1.09,9,4,47.75,48.168831168831176
2025-02-22,2024,Borussia Dortmund,Union Berlin,6,0,H,2,1.53,4.5,5.5,1.58,4.7,6.0,1581.82035264127,1467.505985850314,81,76,100,100,1.45,1.75,4,7,62.623931623931625,46.11111111111111
2025-02-22,2024,Borussia Monchengladbach,FC Augsburg,0,3,A,0,1.85,3.75,4.0,1.88,4.04,4.5,1578.4086320410906,1529.0899351839669,75,74,100,100,1.4800000000000002,1.06,10,9,48.15140415140415,46.411764705882355
2025-02-22,2024,FSV Mainz 05,FC St. Pauli,2,0,H,2,1.8,3.5,4.75,1.84,3.74,5.0,1595.4975649628002,1413.0845703409693,75,75,100,100,1.16,1.0000000000000002,7,7,52.57575757575758,47.22222222222223
2025-02-22,2024,VfL Wolfsburg,VfL Bochum,1,1,D,1,1.53,4.2,6.0,1.6,4.64,6.0,1591.1843745940462,1441.1066004519573,76,73,100,100,1.44,1.8900000000000001,6,5,35.717948717948715,50.416666666666664
2025-02-22,2024,Holstein Kiel,Bayer Leverkusen,0,2,A,0,11.0,6.0,1.25,12.51,7.02,1.3,1422.6123788804646,1813.706715349418,75,82,100,100,1.19,1.4600000000000002,2,9,37.082417582417584,61.76923076923076
2025-02-23,2024,TSG Hoffenheim,VfB Stuttgart,1,1,D,1,3.5,3.9,1.95,3.66,4.22,2.0,1505.8139640160578,1641.650912775191,75,77,100,100,2.1100000000000003,1.2999999999999998,7,6,54.904761904761905,57.45687645687646
2025-02-23,2024,Bayern Munich,Ein Frankfurt,4,0,H,2,1.3,6.5,7.5,1.34,6.8,9.5,1797.3539880277353,1648.7203205749065,75,75,100,100,2.32,2.04,13,9,61.08058608058608,42.19047619047619
2025-02-23,2024,RB Leipzig,1. FC Heidenheim,2,2,D,1,1.33,5.0,8.5,1.37,5.77,8.7,1655.3917911780966,1409.9758040891813,80,72,100,100,1.2600000000000002,1.33,7,0,53.47712418300654,46.888888888888886
2025-02-28,2024,VfB Stuttgart,Bayern Munich,1,3,A,0,4.75,4.2,1.65,5.0,4.46,1.7,1635.6957719933826,1806.8982625390408,77,75,100,100,1.3199999999999998,2.34,4,13,54.79020979020979,62.08058608058608
2025-03-01,2024,Werder Bremen,VfL Wolfsburg,1,2,A,0,2.63,3.4,2.6,2.75,3.79,2.7,1530.3709166622746,1584.673065746887,74,76,100,100,1.02,1.6200000000000003,4,7,47.16883116883117,38.217948717948715
2025-03-01,2024,Ein Frankfurt,Bayer Leverkusen,1,4,A,0,4.75,3.75,1.73,4.9,4.22,1.78,1639.176046063601,1816.754256711342,75,82,100,100,1.86,1.6600000000000001,6,9,37.857142857142854,64.75
2025-03-01,2024,FC St. Pauli,Borussia Dortmund,0,2,A,0,4.1,3.8,1.83,4.4,3.99,1.92,1404.789696509586,1592.7380678054567,75,81,100,100,0.8900000000000002,1.77,4,7,46.313131313131315,63.457264957264954
2025-03-01,2024,1. FC Heidenheim,Borussia Monchengladbach,0,3,A,0,3.1,3.5,2.25,3.13,3.85,2.38,1419.710071664881,1560.152555101058,72,75,100,100,1.33,1.53,1,10,44.16161616161616,45.58730158730158
2025-03-01,2024,VfL Bochum,TSG Hoffenheim,0,1,A,0,2.4,3.6,2.8,2.52,3.85,2.9,1447.6179092991165,1511.7691047978662,73,75,100,100,1.9400000000000002,1.9300000000000002,5,5,49.58333333333333,53.0
2025-03-01,2024,RB Leipzig,FSV Mainz 05,1,2,A,0,1.95,3.7,3.75,2.06,3.84,3.85,1645.6575236023969,1603.7924387941835,80,75,100,100,1.4400000000000002,1.33,7,10,59.5377302436126,53.484848484848484
2025-03-02,2024,Union Berlin,Holstein Kiel,0,1,A,0,1.57,4.33,5.25,1.64,4.43,5.61,1456.588270686127,1419.5648375185406,76,75,100,100,1.5699999999999998,1.1099999999999999,4,2,43.61111111111111,31.903846153846153
2025-03-02,2024,FC Augsburg,SC Freiburg,0,0,D,1,2.63,3.25,2.7,2.72,3.39,2.91,1547.3460121239996,1593.7962631651203,74,76,100,100,1.1400000000000001,1.36,9,12,54.74509803921569,49.75
2025-03-07,2024,Borussia Monchengladbach,FSV Mainz 05,1,3,A,0,2.6,3.3,2.7,2.71,3.5,2.79,1570.0156104551893,1621.7111199982721,75,75,100,100,1.4600000000000002,1.33,10,10,39.92063492063492,39.62121212121212
2025-03-08,2024,SC Freiburg,RB Leipzig,0,0,D,1,2.55,3.3,2.7,2.67,3.4,2.86,1591.669804590037,1627.7388423983082,76,80,100,100,1.4000000000000001,1.49,13,6,48.79761904761905,63.0377302436126
2025-03-08,2024,Borussia Dortmund,FC Augsburg,0,1,A,0,1.53,4.33,5.75,1.56,4.6,6.5,1600.8386522328976,1549.4724706990828,81,74,100,100,1.7900000000000003,1.08,9,7,55.957264957264954,57.03081232492997
2025-03-08,2024,Bayern Munich,VfL Bochum,2,3,A,0,1.11,9.5,19.0,1.13,14.0,21.0,1815.5957895603492,1434.5390596377583,75,73,100,100,2.6399999999999997,1.9200000000000004,13,5,60.747252747252745,52.55769230769231
2025-03-08,2024,VfL Wolfsburg,FC St. Pauli,1,1,D,1,1.75,3.5,5.0,1.81,3.88,5.0,1598.192524654413,1396.6891120821451,76,75,100,100,1.41,0.64,9,1,26.833333333333336,55.47979797979798
2025-03-08,2024,Holstein Kiel,VfB Stuttgart,2,2,D,1,5.75,4.33,1.53,6.2,4.8,1.54,1437.2634051469215,1626.9982449720742,75,77,100,100,1.2,1.26,4,4,31.574175824175818,59.15384615384615
2025-03-08,2024,Bayer Leverkusen,Werder Bremen,0,2,A,0,1.27,5.75,11.0,1.28,6.8,12.0,1825.2212883745049,1516.8514577547485,82,74,100,100,1.81,1.1600000000000001,11,3,73.75,53.16883116883116
2025-03-09,2024,Ein Frankfurt,Union Berlin,1,2,A,0,1.73,4.0,4.5,1.78,4.22,4.75,1630.709014400438,1438.8897030577461,75,76,100,100,1.65,1.61,5,4,37.857142857142854,47.65873015873016
2025-03-09,2024,TSG Hoffenheim,1. FC Heidenheim,1,1,D,1,1.75,4.0,4.33,1.81,4.22,4.43,1524.8479544592244,1409.8470163107497,75,72,100,100,1.55,1.3800000000000001,7,1,45.69230769230769,51.16161616161616
2025-03-14,2024,FC St. Pauli,TSG Hoffenheim,1,0,H,2,2.25,3.25,3.3,2.38,3.42,3.41,1405.0514501117723,1519.7372598511802,75,75,100,100,0.85,1.3900000000000001,1,8,50.47979797979798,47.69230769230769
2025-03-15,2024,RB Leipzig,Borussia Dortmund,2,0,H,2,2.38,3.6,2.88,2.47,3.79,2.95,1626.0837435316753,1582.4902376472364,80,81,100,100,1.65,1.61,6,6,66.92661913250149,60.84615384615385
2025-03-15,2024,Werder Bremen,Borussia Monchengladbach,2,4,A,0,2.35,3.6,2.8,2.46,3.79,2.9,1544.214439147948,1556.3788623612695,74,75,100,100,1.2300000000000002,1.3800000000000001,3,7,52.32967032967033,51.34920634920634
2025-03-15,2024,Union Berlin,Bayern Munich,1,1,D,1,8.5,5.0,1.36,9.2,5.7,1.4,1462.9231867609658,1786.8064200729343,76,75,100,100,1.3900000000000001,2.21,6,10,55.43650793650793,57.28571428571429
2025-03-15,2024,FSV Mainz 05,SC Freiburg,2,2,D,1,1.95,3.3,4.1,2.06,3.52,4.1,1635.347868092192,1593.32490345667,75,76,100,100,1.6,1.2500000000000002,13,11,33.64718614718615,45.04761904761905
2025-03-15,2024,FC Augsburg,VfL Wolfsburg,1,0,H,2,2.55,3.3,2.75,2.69,3.4,2.89,1567.820885284744,1589.830186624786,74,76,100,100,1.1199999999999999,1.5400000000000003,9,9,56.03081232492997,34.833333333333336
2025-03-16,2024,VfL Bochum,Ein Frankfurt,1,3,A,0,3.1,3.6,2.2,3.2,3.83,2.3,1463.3284291251732,1606.6755306972184,73,75,100,100,1.8199999999999998,1.5900000000000003,8,4,46.30769230769231,23.190476190476186
2025-03-16,2024,1. FC Heidenheim,Holstein Kiel,3,1,H,2,2.0,3.5,3.75,2.06,3.73,3.83,1414.957710918794,1445.2248790085023,72,75,100,100,1.5,1.23,2,5,50.272727272727266,45.035714285714285
2025-03-16,2024,VfB Stuttgart,Bayer Leverkusen,3,4,A,0,3.1,3.4,2.3,3.14,3.73,2.35,1619.0367711104934,1797.8583069813053,77,82,100,100,1.1700000000000002,1.86,5,8,44.15384615384615,79.13461538461539
2025-03-28,2024,Bayer Leverkusen,VfL Bochum,3,1,H,2,1.22,6.5,12.0,1.26,7.0,13.0,1806.2808483367812,1453.5790902594854,82,73,100,100,1.9900000000000002,1.8199999999999998,10,7,82.31643356643356,48.35314685314686
2025-03-29,2024,Bayern Munich,FC St. Pauli,3,2,H,2,1.14,8.0,15.0,1.16,9.6,22.0,1775.100451802744,1426.1491093997756,75,75,100,100,1.86,0.9199999999999999,8,4,60.5,58.513986013986006
2025-03-29,2024,TSG Hoffenheim,FC Augsburg,1,1,D,1,2.35,3.3,3.1,2.45,3.48,3.15,1498.6396005631768,1584.8330974441747,75,74,100,100,1.11,1.1199999999999999,8,11,37.43589743589744,45.03081232492997
2025-03-29,2024,Holstein Kiel,Werder Bremen,0,3,A,0,3.2,3.9,2.05,3.45,3.98,2.15,1427.8345398084562,1528.7744027488222,75,74,100,100,1.33,1.5200000000000002,4,3,50.03571428571429,62.61538461538462
2025-03-29,2024,Borussia Monchengladbach,RB Leipzig,1,0,H,2,2.88,3.7,2.3,3.05,3.7,2.46,1571.8188987603953,1640.0866576347325,75,80,100,100,1.5900000000000003,1.65,9,6,38.2063492063492,59.81550802139037
2025-03-29,2024,Ein Frankfurt,VfB Stuttgart,1,0,H,2,2.5,3.8,2.5,2.66,3.8,2.75,1616.4248695629062,1610.6142297550175,75,77,100,100,1.6200000000000003,1.4000000000000001,6,2,25.78787878787879,39.81818181818182
2025-03-29,2024,VfL Wolfsburg,1. FC Heidenheim,0,1,A,0,1.67,3.75,5.0,1.7,4.2,5.45,1572.8179744653553,1432.34805011884,76,72,100,100,1.3000000000000003,1.5300000000000002,8,5,45.833333333333336,51.10606060606061
2025-03-30,2024,SC Freiburg,Union Berlin,1,2,A,0,2.0,3.5,3.7,2.06,3.54,4.05,1595.250750351165,1474.6291550311562,76,76,100,100,1.6000000000000003,1.08,9,4,47.71428571428571,51.26984126984128
2025-03-30,2024,Borussia Dortmund,FSV Mainz 05,3,1,H,2,1.62,3.9,5.0,1.71,4.32,5.07,1568.4873235441792,1633.422021197697,81,75,100,100,1.86,1.56,6,13,63.0,32.64718614718615
2025-04-04,2024,FC Augsburg,Bayern Munich,1,3,A,0,7.5,4.75,1.42,7.8,5.15,1.45,1580.943216995596,1778.885727027437,74,75,100,100,1.2,2.39,11,10,45.61904761904761,71.61111111111111
2025-04-05,2024,Werder Bremen,Ein Frankfurt,2,0,H,2,2.63,3.5,2.5,2.8,3.95,2.58,1540.252467249646,1632.1573046567544,74,75,100,100,1.7600000000000002,1.4900000000000002,6,6,62.043956043956044,25.28787878787879
2025-04-05,2024,RB Leipzig,TSG Hoffenheim,3,1,H,2,1.55,4.2,5.5,1.58,4.79,6.0,1620.982655645761,1502.5294810117555,80,75,100,100,1.6600000000000001,0.9600000000000002,5,6,61.53496503496503,39.43589743589744
2025-04-05,2024,FSV Mainz 05,Holstein Kiel,1,1,D,1,1.45,4.5,7.0,1.47,5.01,7.4,1614.4660063549488,1416.3564753076323,75,75,100,100,1.54,1.18,10,4,33.980519480519476,46.60714285714286
2025-04-05,2024,1. FC Heidenheim,Bayer Leverkusen,0,1,A,0,6.5,4.75,1.44,7.21,4.94,1.48,1454.4860725201552,1809.9946611921112,72,82,100,100,1.56,2.06,8,12,48.88383838383838,74.31643356643357
2025-04-05,2024,SC Freiburg,Borussia Dortmund,1,4,A,0,3.1,3.5,2.2,3.22,3.61,2.35,1573.9088389206734,1587.4433383869273,76,81,100,100,1.59,2.0700000000000003,6,9,42.71428571428571,59.0
2025-04-05,2024,VfL Bochum,VfB Stuttgart,0,4,A,0,3.1,3.7,2.15,3.3,3.87,2.22,1449.8652774041554,1594.8817946611694,73,77,100,100,1.48,1.3,4,2,52.35314685314686,40.65151515151515
2025-04-06,2024,FC St. Pauli,Borussia Monchengladbach,1,1,D,1,2.5,3.3,2.75,2.55,3.67,2.9,1422.3638341750825,1590.9229007493668,75,75,100,100,1.09,1.58,4,9,62.4028749028749,34.78754578754579
2025-04-06,2024,Union Berlin,VfL Wolfsburg,1,0,H,2,2.45,3.3,2.88,2.51,3.52,3.02,1495.9710664616478,1550.6799520640402,76,76,100,100,1.12,1.3,7,5,52.38095238095239,46.38888888888889
2025-04-11,2024,VfL Wolfsburg,RB Leipzig,2,3,A,0,2.88,3.75,2.3,3.0,3.93,2.4,1532.1811335947962,1631.729656578602,76,80,100,100,1.1700000000000002,1.61,4,7,46.88888888888889,64.8076923076923
2025-04-12,2024,Borussia Monchengladbach,SC Freiburg,1,2,A,0,2.15,3.6,3.25,2.26,3.75,3.3,1583.7171380519817,1558.5318105618169,75,76,100,100,1.47,1.3800000000000001,10,3,31.1978021978022,45.285714285714285
2025-04-12,2024,Bayer Leverkusen,Union Berlin,0,0,D,1,1.33,4.75,9.5,1.37,5.61,9.55,1813.6557606365145,1514.4698849308918,82,76,100,100,1.7,1.27,12,10,60.56643356643357,56.88095238095239
2025-04-12,2024,Bayern Munich,Borussia Dortmund,2,2,D,1,1.44,5.25,6.0,1.47,5.5,6.69,1786.6432181631956,1602.8203667457838,75,81,100,100,2.1900000000000004,1.9700000000000002,10,9,68.94444444444443,57.92857142857142
2025-04-12,2024,Holstein Kiel,FC St. Pauli,1,2,A,0,3.25,3.3,2.25,3.31,3.6,2.38,1424.6046331269024,1429.5695968724676,75,75,100,100,1.32,1.5899999999999999,5,5,50.35714285714286,70.23504273504273
2025-04-12,2024,TSG Hoffenheim,FSV Mainz 05,2,0,H,2,2.7,3.5,2.55,2.76,3.56,2.69,1491.7824800789144,1606.2178485356787,75,75,100,100,1.08,1.49,5,8,36.769230769230774,33.07142857142857
2025-04-12,2024,VfL Bochum,FC Augsburg,1,2,A,0,2.5,3.4,2.8,2.51,3.55,3.0,1440.1809620608196,1573.1857258598375,73,74,100,100,1.3599999999999999,1.05,3,8,46.519813519813525,38.95238095238095
2025-04-13,2024,VfB Stuttgart,Werder Bremen,1,2,A,0,1.65,4.33,4.5,1.69,4.63,5.0,1604.5661100045052,1560.3888115414472,77,74,100,100,1.2600000000000002,1.83,4,9,40.65151515151515,57.13486513486514
2025-04-13,2024,Ein Frankfurt,1. FC Heidenheim,3,0,H,2,1.73,4.2,4.2,1.77,4.22,4.68,1612.0209603649532,1450.8249730757518,75,72,100,100,1.4300000000000002,1.6200000000000003,6,7,32.196969696969695,61.61111111111111
2025-04-19,2024,SC Freiburg,TSG Hoffenheim,3,2,H,2,1.91,3.7,3.75,1.98,3.97,3.97,1575.6896105070648,1512.8697744616122,76,75,100,100,1.6600000000000001,1.1800000000000002,5,5,51.57142857142858,36.349650349650354
2025-04-19,2024,RB Leipzig,Holstein Kiel,1,1,D,1,1.33,5.75,7.5,1.34,6.22,9.5,1643.2667432853693,1408.833262594227,80,75,100,100,1.6800000000000002,1.24,10,2,55.0,56.07142857142858
2025-04-19,2024,FSV Mainz 05,VfL Wolfsburg,2,2,D,1,2.0,3.6,3.6,2.06,3.83,3.75,1585.130554152981,1520.644046888029,75,76,100,100,1.4000000000000001,1.3700000000000003,5,1,43.298701298701296,55.1965811965812
2025-04-19,2024,Werder Bremen,VfL Bochum,1,0,H,2,1.73,4.1,4.33,1.77,4.27,4.63,1578.4123576564737,1430.0234045265233,74,73,100,100,1.7400000000000002,1.73,12,3,52.56343656343656,44.98135198135198
2025-04-19,2024,Union Berlin,VfB Stuttgart,4,4,D,1,2.8,3.4,2.45,2.97,3.54,2.55,1525.6192841306024,1586.5425638894787,76,77,100,100,1.2000000000000002,1.3000000000000003,11,4,47.16666666666667,41.222943722943725
2025-04-19,2024,1. FC Heidenheim,Bayern Munich,0,4,A,0,9.0,6.0,1.29,10.5,6.5,1.31,1441.7578640456693,1778.8883202866143,72,75,100,100,1.4800000000000004,2.4200000000000004,7,8,54.11111111111111,67.85353535353535
2025-04-20,2024,FC Augsburg,Ein Frankfurt,0,0,D,1,2.55,3.3,2.75,2.69,3.48,2.81,1583.3432833941338,1621.0880693950357,74,75,100,100,1.0400000000000003,1.7500000000000004,10,9,33.8974358974359,39.696969696969695
2025-04-20,2024,Borussia Dortmund,Borussia Monchengladbach,3,2,H,2,1.42,5.25,6.5,1.45,5.5,7.5,1610.575264622365,1566.5593381067338,81,75,100,100,1.9400000000000002,1.2800000000000002,7,7,64.51948051948051,34.1978021978022
2025-04-20,2024,FC St. Pauli,Bayer Leverkusen,1,1,D,1,5.25,3.8,1.67,5.5,4.0,1.72,1445.340967405143,1802.506361436804,75,82,100,100,1.86,1.4200000000000002,8,10,62.735042735042725,59.56643356643357
2025-04-25,2024,VfB Stuttgart,1. FC Heidenheim,0,1,A,0,1.48,5.0,5.75,1.53,5.1,6.12,1583.7653496603796,1437.7395187532431,77,72,100,100,1.5400000000000003,1.1300000000000001,4,6,48.722943722943725,56.11111111111111
2025-04-26,2024,TSG Hoffenheim,Borussia Dortmund,2,3,A,0,4.1,4.33,1.73,4.43,4.46,1.78,1499.731615889959,1624.5590315225677,75,81,100,100,1.33,2.14,4,10,39.349650349650354,63.519480519480524
2025-04-26,2024,Bayern Munich,FSV Mainz 05,3,0,H,2,1.22,7.0,11.0,1.25,7.5,13.0,1782.9066655790405,1582.194479480841,75,75,100,100,2.7,1.3800000000000001,11,3,62.85353535353535,46.39393939393939
2025-04-26,2024,Holstein Kiel,Borussia Monchengladbach,4,3,H,2,3.1,3.8,2.15,3.22,4.0,2.21,1418.2428342525675,1552.575571206531,75,75,100,100,1.12,1.1800000000000002,2,7,49.82142857142857,27.769230769230774
2025-04-26,2024,Bayer Leverkusen,FC Augsburg,2,0,H,2,1.36,5.0,8.5,1.4,5.28,9.5,1790.1366521182565,1585.0746888774613,82,74,100,100,1.3,1.1500000000000001,11,8,54.18181818181817,34.8974358974359
2025-04-26,2024,VfL Wolfsburg,SC Freiburg,0,1,A,0,2.35,3.5,2.88,2.53,3.67,2.96,1523.580121560169,1588.8277690787181,76,76,100,100,1.3699999999999999,1.8400000000000003,1,7,53.529914529914535,51.57142857142858
2025-04-26,2024,Ein Frankfurt,RB Leipzig,4,0,H,2,2.15,3.8,3.0,2.23,4.1,3.15,1619.3566639117082,1633.857171627029,75,80,100,100,1.7700000000000002,1.6400000000000001,10,10,51.36363636363636,51.25
2025-04-27,2024,Werder Bremen,FC St. Pauli,0,0,D,1,1.85,3.6,4.0,1.96,3.89,4.2,1587.9660697008994,1457.7106767236903,74,75,100,100,1.65,1.86,12,8,52.39249639249639,62.735042735042725
2025-04-27,2024,VfL Bochum,Union Berlin,1,1,D,1,2.25,3.4,3.1,2.36,3.71,3.2,1420.4696924820976,1528.3964983597016,73,76,100,100,1.61,1.2900000000000003,0,9,55.53690753690754,38.0
2025-05-02,2024,1. FC Heidenheim,VfL Bochum,0,0,D,1,2.25,3.6,3.1,2.37,3.63,3.15,1460.0943967305818,1425.2859754824403,72,73,100,100,0.93,1.42,6,1,57.70202020202019,55.27716727716728
2025-05-03,2024,RB Leipzig,Bayern Munich,3,3,D,1,4.5,4.33,1.62,4.75,4.75,1.69,1617.1897860254246,1790.5708432067395,80,75,100,100,1.48,2.7399999999999998,7,13,53.916666666666664,55.35353535353536
2025-05-03,2024,FC St. Pauli,VfB Stuttgart,0,1,A,0,2.62,3.5,2.55,2.8,3.57,2.65,1463.443072449812,1561.410471683041,75,77,100,100,1.8200000000000003,1.5000000000000004,6,4,60.811965811965806,57.81385281385282
2025-05-03,2024,Union Berlin,Werder Bremen,2,2,D,1,2.7,3.4,2.55,2.84,3.55,2.64,1523.5802153593586,1582.2336739747777,76,74,100,100,1.19,1.53,9,13,41.21428571428571,41.39249639249639
2025-05-03,2024,Borussia Monchengladbach,TSG Hoffenheim,4,4,D,1,2.1,4.0,3.0,2.16,4.16,3.3,1530.680201692366,1489.2449215663562,75,75,100,100,1.2100000000000002,1.5200000000000002,4,4,34.43589743589744,41.98701298701299
2025-05-03,2024,Borussia Dortmund,VfL Wolfsburg,4,0,H,2,1.33,5.75,7.5,1.34,6.42,8.75,1635.0457258461704,1510.550054037834,81,76,100,100,2.0100000000000002,1.28,13,1,61.80519480519481,49.52991452991453
2025-05-04,2024,FC Augsburg,Holstein Kiel,1,3,A,0,1.83,3.9,4.0,1.88,3.95,4.32,1577.5555013124867,1440.1382037667327,74,75,100,100,1.1700000000000002,1.4600000000000002,5,5,44.8974358974359,46.654761904761905
2025-05-04,2024,SC Freiburg,Bayer Leverkusen,2,2,D,1,3.2,3.4,2.25,3.2,3.75,2.35,1601.8578366010531,1797.655839683231,76,82,100,100,1.5100000000000002,1.32,9,11,43.57142857142857,42.0
2025-05-04,2024,FSV Mainz 05,Ein Frankfurt,1,1,D,1,2.35,3.5,2.9,2.45,3.89,2.9,1574.530301853142,1636.0240495133125,75,75,100,100,1.33,1.6400000000000001,2,10,52.3939393939394,59.242424242424235
2025-05-09,2024,VfL Wolfsburg,TSG Hoffenheim,2,2,D,1,2.2,3.6,2.9,2.39,3.83,3.1,1500.0498919003705,1491.1440912800379,76,75,100,100,1.2800000000000002,1.81,1,4,49.21245421245422,44.71428571428571
2025-05-10,2024,VfL Bochum,FSV Mainz 05,1,4,A,0,2.9,3.6,2.3,3.06,3.89,2.32,1426.883620706549,1577.332988308748,73,75,100,100,1.48,1.3300000000000003,2,3,55.27716727716728,62.17171717171717
2025-05-10,2024,Bayern Munich,Borussia Monchengladbach,2,0,H,2,1.17,9.5,11.0,1.2,10.5,15.0,1783.189169790334,1528.7810319786843,75,75,100,100,2.6300000000000003,1.33,11,2,59.79797979797979,34.01631701631702
2025-05-10,2024,Werder Bremen,RB Leipzig,0,0,D,1,2.35,3.7,2.8,2.45,3.75,2.95,1579.5579532050876,1624.57145944183,74,80,100,100,1.48,1.4900000000000002,11,8,39.96392496392496,46.0534188034188
2025-05-10,2024,Union Berlin,1. FC Heidenheim,0,3,A,0,2.25,3.3,3.3,2.25,3.61,3.44,1526.2559361290487,1458.4967515064732,76,72,100,100,1.3,0.89,7,4,41.21428571428571,58.590909090909086
2025-05-10,2024,Holstein Kiel,SC Freiburg,1,2,A,0,3.1,3.75,2.15,3.4,3.95,2.17,1462.1559339975868,1610.027565869015,75,76,100,100,1.6199999999999999,1.54,8,10,38.08333333333333,49.57142857142857
2025-05-11,2024,Bayer Leverkusen,Borussia Dortmund,2,4,A,0,2.7,3.9,2.35,2.74,4.08,2.5,1789.4861104152692,1645.5458879836337,82,81,100,100,1.11,1.86,9,13,34.0,61.23376623376623
2025-05-11,2024,Ein Frankfurt,FC St. Pauli,2,2,D,1,1.53,4.33,5.75,1.56,4.75,6.28,1633.2213630577064,1451.8387525351804,75,75,100,100,1.37,1.6600000000000001,8,6,53.96464646464646,61.92307692307693
2025-05-11,2024,VfB Stuttgart,FC Augsburg,4,0,H,2,1.55,4.33,5.75,1.58,4.78,5.75,1573.0147915976725,1555.5377710816326,77,74,100,100,1.8700000000000003,1.5699999999999998,7,4,55.313852813852805,54.89743589743589
2025-05-17,2024,RB Leipzig,VfB Stuttgart,2,3,A,0,2.0,4.2,3.2,2.04,4.46,3.33,1622.510032090555,1588.2106232296283,80,77,100,100,1.45,2.22,6,7,35.386752136752136,58.90359640359641
2025-05-17,2024,Borussia Monchengladbach,VfL Wolfsburg,0,1,A,0,2.2,4.2,2.8,2.28,4.37,2.88,1522.7720270260966,1499.6398544262634,75,76,100,100,1.56,1.3800000000000001,1,2,44.78554778554779,50.3033633033633
2025-05-17,2024,FSV Mainz 05,Bayer Leverkusen,2,2,D,1,2.15,3.9,3.0,2.26,4.12,3.04,1586.807407236515,1767.2123192061622,75,82,100,100,1.6200000000000003,1.56,5,6,62.17171717171717,54.0
2025-05-17,2024,TSG Hoffenheim,Bayern Munich,0,4,A,0,5.0,5.25,1.5,5.5,5.5,1.56,1491.554128754145,1789.1981747429218,75,75,100,100,1.9700000000000002,2.7600000000000002,5,11,51.62337662337662,52.618492618492624
2025-05-17,2024,SC Freiburg,Ein Frankfurt,1,3,A,0,2.35,3.7,2.8,2.48,3.87,2.88,1619.601246301598,1625.5527355006893,76,75,100,100,1.5500000000000003,1.61,13,9,55.28571428571429,58.05555555555556
2025-05-17,2024,Borussia Dortmund,Holstein Kiel,3,0,H,2,1.09,12.0,19.0,1.11,14.3,29.0,1667.8196791927408,1452.5822535650038,81,75,100,100,1.6900000000000002,1.5899999999999999,13,7,49.8051948051948,33.79761904761905
2025-05-17,2024,FC Augsburg,Union Berlin,1,2,A,0,2.1,3.5,3.4,2.14,3.63,3.67,1540.3419394496768,1507.1744797732513,74,76,100,100,1.4600000000000002,1.19,4,4,51.30769230769231,35.88095238095237
2025-05-17,2024,FC St. Pauli,VfL Bochum,0,2,A,0,1.67,4.2,4.5,1.71,4.37,5.0,1459.5073800921975,1417.409201778782,75,73,100,100,1.1700000000000002,1.64,6,2,50.0,58.610500610500615
2025-05-17,2024,1. FC Heidenheim,Werder Bremen,1,4,A,0,2.3,3.8,2.75,2.4,4.02,2.9,1477.5782078622706,1581.6193805563628,72,74,100,100,0.9500000000000002,1.65,7,9,51.92424242424242,45.539682539682545
2025-08-22,2025,Bayern Munich,RB Leipzig,6,0,H,2,1.22,7.0,9.0,1.26,7.5,12.0,1794.085414248232,1604.9355974126086,75,80,100,100,2.38,1.3699999999999999,13,3,57.70940170940171,35.386752136752136
2025-08-23,2025,FC St. Pauli,Borussia Dortmund,3,3,D,1,4.5,3.9,1.75,4.75,4.1,1.75,1441.5781197506096,1675.0071676734526,72,81,100,100,0.97,1.8900000000000001,3,15,52.72727272727273,58.21428571428571
2025-08-23,2025,Union Berlin,VfB Stuttgart,2,1,H,2,3.4,3.7,2.05,3.4,3.75,2.1,1524.6972746485883,1605.7850579075746,75,77,100,100,1.2200000000000002,2.37,6,10,29.88095238095238,62.63986013986014
2025-08-23,2025,Bayer Leverkusen,TSG Hoffenheim,1,2,A,0,1.53,4.75,5.25,1.55,5.4,6.2,1759.5784200922897,1486.6668892488349,83,75,100,100,1.5100000000000002,1.83,6,2,46.0,48.35064935064935
2025-08-23,2025,1. FC Heidenheim,VfL Wolfsburg,1,3,A,0,3.2,3.5,2.2,3.2,3.6,2.25,1466.2312220533129,1516.7035590544097,72,77,100,100,1.2200000000000002,1.3800000000000001,7,5,56.42424242424242,49.76037687802393
2025-08-23,2025,SC Freiburg,FC Augsburg,1,3,A,0,1.85,3.6,4.33,1.86,3.7,4.5,1603.8752957036809,1522.8191445743398,76,74,100,100,1.2,1.4899999999999998,10,1,50.558441558441565,62.07692307692307
2025-08-23,2025,Ein Frankfurt,Werder Bremen,4,1,H,2,1.7,4.1,4.5,1.73,4.2,4.6,1641.2786860986064,1592.9663663653205,75,75,100,100,1.45,1.7200000000000002,9,9,58.28282828282828,42.11111111111111
2025-08-24,2025,FSV Mainz 05,FC Cologne,0,1,A,0,1.9,3.7,4.0,1.91,3.7,4.1,1594.4413063503875,1471.950777417948,75,75,100,100,1.8800000000000001,2.15,6,5,63.44444444444444,61.617647058823536
2025-08-24,2025,Borussia Monchengladbach,Hamburg,0,0,D,1,1.85,3.9,3.9,1.88,4.1,4.0,1505.7083223979503,1467.6993922893944,75,75,100,100,1.7,1.7700000000000002,1,9,45.02084190319484,68.4978354978355
2025-08-29,2025,Hamburg,FC St. Pauli,0,2,A,0,2.4,3.3,3.0,2.46,3.33,3.05,1469.4428186231146,1450.957382145983,75,72,100,100,1.59,1.06,10,3,67.06193806193806,57.01298701298701
2025-08-30,2025,Werder Bremen,Bayer Leverkusen,3,3,D,1,3.7,3.8,1.91,3.75,4.0,1.95,1579.1770009483723,1733.0847612178163,75,83,100,100,1.7200000000000002,1.4400000000000002,6,5,40.166666666666664,48.0
2025-08-30,2025,VfB Stuttgart,Borussia Monchengladbach,1,0,H,2,1.6,4.5,4.75,1.62,4.6,5.0,1586.1171840099078,1503.96489606423,77,75,100,100,2.45,1.85,9,2,63.88986013986014,50.79007267242561
2025-08-30,2025,FC Augsburg,Bayern Munich,2,3,A,0,9.0,6.5,1.27,11.0,6.75,1.27,1542.485638282929,1802.1442280592773,74,75,100,100,1.6199999999999999,2.35,3,13,67.07692307692307,57.70940170940171
2025-08-30,2025,TSG Hoffenheim,Ein Frankfurt,1,3,A,0,2.88,3.75,2.25,2.9,3.9,2.3,1513.1605481233082,1655.0680515155545,75,75,100,100,1.7,1.55,5,11,41.35064935064935,60.78282828282828
2025-08-30,2025,RB Leipzig,1. FC Heidenheim,2,0,H,2,1.44,5.0,6.25,1.46,5.0,7.0,1596.8767836015631,1452.539345234303,80,72,100,100,1.27,1.2900000000000003,2,7,34.136752136752136,52.13852813852814
2025-08-31,2025,Borussia Dortmund,Union Berlin,3,0,H,2,1.4,5.25,6.5,1.41,5.3,8.0,1665.6279052780792,1544.365148546255,81,75,100,100,1.8700000000000003,1.06,13,8,48.92857142857142,28.63095238095238
2025-08-31,2025,FC Cologne,SC Freiburg,4,1,H,2,2.55,3.3,2.8,2.6,3.35,2.85,1493.369024738789,1584.2088019950918,75,76,100,100,2.0100000000000002,1.1600000000000001,8,7,55.64362108479755,55.558441558441565
2025-08-31,2025,VfL Wolfsburg,FSV Mainz 05,1,1,D,1,2.0,3.6,3.5,2.1,3.8,3.6,1530.3954358734195,1573.0230590295466,77,75,100,100,1.4100000000000001,1.6900000000000002,7,5,55.7127578304049,66.32323232323233
2025-09-12,2025,Bayer Leverkusen,Ein Frankfurt,3,1,H,2,2.1,3.8,3.2,2.15,3.9,3.2,1726.4269486942392,1664.8736589899208,83,75,100,100,1.3599999999999999,1.55,3,11,56.0,58.56060606060606
2025-09-13,2025,Bayern Munich,Hamburg,5,0,H,2,1.06,12.0,26.0,1.08,13.5,31.0,1808.007110839118,1452.5923351815068,75,75,100,100,2.5700000000000003,1.4100000000000001,13,7,56.042735042735046,58.49050949050949
2025-09-13,2025,VfL Wolfsburg,FC Cologne,3,3,D,1,1.95,3.5,3.9,2.0,3.8,3.95,1532.3487191249844,1513.4595630727558,77,75,100,100,1.5200000000000002,2.0300000000000002,8,10,48.32814244578951,53.143621084797566
2025-09-13,2025,Union Berlin,TSG Hoffenheim,2,4,A,0,2.6,3.4,2.7,2.62,3.5,2.8,1533.7332790745265,1503.354940648942,75,75,100,100,1.2100000000000002,1.8400000000000003,7,5,34.916666666666664,44.525252525252526
2025-09-13,2025,FSV Mainz 05,RB Leipzig,0,1,A,0,2.55,3.6,2.63,2.66,3.75,2.7,1571.0697757779817,1606.5875193656448,75,80,100,100,1.7800000000000005,1.47,6,5,71.70784770784772,38.8986568986569
2025-09-13,2025,1. FC Heidenheim,Borussia Dortmund,0,2,A,0,5.5,4.5,1.55,5.5,4.6,1.66,1442.8286094702214,1676.2597747498078,72,81,100,100,1.3200000000000003,1.7400000000000002,4,13,51.61904761904761,42.642857142857146
2025-09-13,2025,SC Freiburg,VfB Stuttgart,3,1,H,2,2.9,3.6,2.35,3.0,3.7,2.37,1564.118263661125,1598.4028968193581,76,77,100,100,1.1300000000000001,2.47,4,12,60.058441558441565,60.48076923076924
2025-09-14,2025,FC St. Pauli,FC Augsburg,2,1,H,2,2.2,3.4,3.3,2.25,3.4,3.33,1467.8078655875909,1536.6227555030882,72,74,100,100,1.2100000000000002,1.65,5,3,56.2987012987013,64.74358974358974
2025-09-14,2025,Borussia Monchengladbach,Werder Bremen,0,4,A,0,1.95,3.9,3.4,1.98,4.2,4.25,1491.6791832547797,1585.8348134719495,75,75,100,100,1.8,1.85,2,6,52.623406005758945,41.166666666666664
2025-09-19,2025,VfB Stuttgart,FC St. Pauli,2,0,H,2,1.75,4.1,4.2,1.8,4.1,4.6,1580.8291360017347,1486.936108176724,77,72,100,100,2.0900000000000003,1.5200000000000002,9,8,52.98076923076924,61.2987012987013
2025-09-20,2025,FC Augsburg,FSV Mainz 05,1,4,A,0,2.7,3.4,2.6,2.75,3.5,2.62,1517.494512913955,1556.6997541724477,74,75,100,100,1.28,1.75,3,5,49.743589743589745,61.43006993006993
2025-09-20,2025,Hamburg,1. FC Heidenheim,2,1,H,2,2.05,3.6,3.5,2.1,3.65,3.66,1448.9294844644548,1436.2079358661256,75,72,100,100,1.2400000000000002,1.1900000000000002,4,3,50.990509490509496,50.730158730158735
2025-09-20,2025,TSG Hoffenheim,Bayern Munich,1,4,A,0,7.0,6.0,1.33,8.0,6.0,1.35,1520.7503606329951,1811.66996155617,75,75,100,100,1.6700000000000004,2.83,7,15,35.43434343434343,52.98717948717949
2025-09-20,2025,RB Leipzig,FC Cologne,3,1,H,2,1.65,4.33,4.5,1.7,4.35,4.8,1620.9575409711788,1514.328584803295,80,75,100,100,1.4600000000000002,2.0100000000000002,7,10,46.95421245421245,42.91634835752483
2025-09-20,2025,Werder Bremen,SC Freiburg,0,3,A,0,2.38,3.6,2.8,2.43,3.75,2.8,1597.6019068813546,1581.6920244787484,75,76,100,100,1.8800000000000001,1.27,8,6,37.32051282051282,61.558441558441565
2025-09-21,2025,Ein Frankfurt,Union Berlin,3,4,A,0,1.57,4.33,5.5,1.58,4.6,5.5,1651.6790032428337,1516.3378590904733,75,75,100,100,1.6000000000000003,1.2400000000000002,10,6,69.67171717171716,41.28030303030303
2025-09-21,2025,Bayer Leverkusen,Borussia Monchengladbach,1,1,D,1,1.57,5.0,4.5,1.58,5.0,5.5,1739.6216044413263,1479.9120898453746,83,75,100,100,1.73,1.7100000000000002,5,1,58.666666666666664,59.196832579185525
2025-09-21,2025,Borussia Dortmund,VfL Wolfsburg,1,0,H,2,1.5,5.0,5.5,1.52,5.0,6.5,1682.8804483539036,1531.4796973944453,81,77,100,100,1.9200000000000004,1.7100000000000002,13,9,40.1031746031746,52.48398660163366
2025-09-26,2025,Bayern Munich,Werder Bremen,4,0,H,2,1.09,11.0,21.0,1.1,12.5,22.0,1816.7196519982251,1580.869741417032,75,75,100,100,2.81,1.75,15,7,56.833333333333336,42.65384615384615
2025-09-27,2025,1. FC Heidenheim,FC Augsburg,2,1,H,2,2.7,3.5,2.5,2.8,3.66,2.5,1420.793523153947,1503.2923566605878,72,74,100,100,1.47,1.5900000000000003,0,3,55.85836385836386,56.66666666666667
2025-09-27,2025,Borussia Monchengladbach,Ein Frankfurt,4,6,A,0,3.1,3.6,2.2,3.2,3.8,2.25,1490.050610731543,1629.7435425380781,75,75,100,100,1.7200000000000002,1.86,2,9,56.7792501616031,71.33838383838383
2025-09-27,2025,FSV Mainz 05,Borussia Dortmund,0,2,A,0,3.2,3.7,2.1,3.3,3.9,2.15,1570.901910425815,1692.3183831498302,75,81,100,100,1.49,1.9100000000000006,5,13,61.43006993006993,55.1031746031746
2025-09-27,2025,VfL Wolfsburg,RB Leipzig,0,1,A,0,2.55,3.6,2.6,2.6,3.75,2.6,1522.0417625985187,1632.1956713970715,77,80,100,100,1.5100000000000002,1.6400000000000001,8,9,48.39307751072457,54.47802197802198
2025-09-27,2025,FC St. Pauli,Bayer Leverkusen,1,2,A,0,3.1,3.6,2.2,3.2,3.6,2.25,1475.1577656449272,1729.483083555158,72,83,100,100,1.56,1.6300000000000001,7,6,62.96536796536797,47.238095238095234
2025-09-28,2025,FC Cologne,VfB Stuttgart,1,2,A,0,2.9,3.5,2.35,2.9,3.8,2.38,1503.0904543774022,1592.6074785335315,75,77,100,100,1.8400000000000003,1.85,7,9,41.48777692895341,49.39102564102564
2025-09-28,2025,Union Berlin,Hamburg,0,0,D,1,1.95,3.4,4.0,2.05,3.65,4.0,1538.2733197952289,1464.3438971766334,75,75,100,100,1.4100000000000001,1.52,9,7,37.946969696969695,38.52897102897102
2025-09-28,2025,SC Freiburg,TSG Hoffenheim,1,1,D,1,2.25,3.4,3.1,2.25,3.75,3.14,1598.424189943071,1515.70067019094,76,75,100,100,1.32,1.5000000000000004,6,6,47.27272727272727,34.525252525252526
2025-10-03,2025,TSG Hoffenheim,FC Cologne,0,1,A,0,1.91,3.7,3.75,1.95,3.95,3.75,1519.4398364100878,1491.1240039741153,75,75,100,100,1.6700000000000004,1.6700000000000004,7,7,41.95382395382396,37.37012987012987
2025-10-04,2025,Ein Frankfurt,Bayern Munich,0,3,A,0,6.25,5.25,1.42,6.33,5.5,1.46,1639.6360621338413,1823.2675136985374,75,75,100,100,2.0,3.25,9,15,70.61111111111111,51.60256410256411
2025-10-04,2025,FC Augsburg,VfL Wolfsburg,3,1,H,2,2.75,3.5,2.45,2.8,3.65,2.45,1483.5629739942929,1510.9511332844909,74,77,100,100,1.4000000000000001,1.4800000000000002,3,5,44.66666666666667,43.68719515778339
2025-10-04,2025,Borussia Dortmund,RB Leipzig,1,1,D,1,1.7,4.5,4.2,1.7,4.5,4.25,1702.943971510882,1643.286300711099,81,80,100,100,1.7400000000000002,1.8,13,12,45.93650793650794,59.726890756302524
2025-10-04,2025,Bayer Leverkusen,Union Berlin,2,0,H,2,1.7,4.0,4.75,1.73,4.1,5.0,1735.4944156907582,1534.919214175398,83,75,100,100,1.61,1.3800000000000001,8,7,42.666666666666664,50.446969696969695
2025-10-04,2025,Werder Bremen,FC St. Pauli,1,0,H,2,2.35,3.7,2.88,2.4,3.7,2.9,1574.3218797167196,1469.146433509327,75,72,100,100,1.5499999999999998,1.75,4,7,43.88461538461539,68.80952380952381
2025-10-05,2025,Hamburg,FSV Mainz 05,4,0,H,2,2.8,3.5,2.4,2.83,3.8,2.42,1467.6980027964642,1560.2763220647632,75,75,100,100,1.4300000000000002,1.2100000000000002,5,4,31.483516483516485,59.09673659673659
2025-10-05,2025,Borussia Monchengladbach,SC Freiburg,0,0,D,1,2.25,3.6,3.0,2.38,3.7,3.1,1480.1580911357798,1594.6850237239232,75,76,100,100,1.8700000000000003,1.3,2,7,56.543956043956044,48.57142857142857
2025-10-05,2025,VfB Stuttgart,1. FC Heidenheim,1,0,H,2,1.42,4.75,7.0,1.46,5.1,7.5,1604.5739289368184,1440.522905820242,77,72,100,100,1.7700000000000002,1.25,9,3,47.08333333333333,55.85836385836385
2025-10-17,2025,Union Berlin,Borussia Monchengladbach,3,1,H,2,2.2,3.4,3.2,2.2,3.5,3.3,1527.2504395086285,1485.2491755951814,75,75,100,100,1.4400000000000002,1.83,4,2,54.1969696969697,61.77472527472528
2025-10-18,2025,Bayern Munich,Borussia Dortmund,2,1,H,2,1.33,5.5,7.5,1.38,6.0,8.0,1831.5193612957062,1700.2233202440866,75,81,100,100,2.9,1.65,15,13,50.17399267399268,50.22222222222223
2025-10-18,2025,VfL Wolfsburg,VfB Stuttgart,0,3,A,0,2.63,3.6,2.5,2.75,3.7,2.54,1493.6924680093625,1613.53462573487,77,77,100,100,1.4300000000000002,1.7399999999999998,2,12,36.06814753873577,43.33333333333333
2025-10-18,2025,RB Leipzig,Hamburg,2,1,H,2,1.44,4.75,6.5,1.44,5.4,7.0,1646.0069519778945,1487.863274705292,80,75,100,100,1.89,1.7899999999999998,13,7,59.726890756302524,26.252747252747252
2025-10-18,2025,FSV Mainz 05,Bayer Leverkusen,3,4,A,0,2.8,3.4,2.45,2.95,3.55,2.5,1540.1110501559353,1743.1631903575278,75,83,100,100,1.2100000000000002,1.78,4,11,60.55128205128206,40.666666666666664
2025-10-18,2025,1. FC Heidenheim,Werder Bremen,2,2,D,1,2.88,3.5,2.35,2.9,3.6,2.38,1431.5622090221905,1585.6210934851754,72,75,100,100,1.19,1.6,3,7,60.14407814407814,57.38461538461538
2025-10-18,2025,FC Cologne,FC Augsburg,1,1,D,1,1.95,3.9,3.5,2.0,4.0,3.5,1508.4251167841403,1500.8216392694212,75,74,100,100,1.73,1.3599999999999999,7,3,38.97440794499619,48.0
2025-10-19,2025,SC Freiburg,Ein Frankfurt,2,2,D,1,2.5,3.5,2.7,2.6,3.7,2.75,1589.5939392645216,1631.3842145366725,76,75,100,100,1.1400000000000001,1.7200000000000002,8,6,42.57142857142857,64.53968253968253
2025-10-19,2025,FC St. Pauli,TSG Hoffenheim,0,3,A,0,2.5,3.4,2.8,2.5,3.6,2.9,1457.8472197408712,1502.1387236000628,72,75,100,100,1.61,1.6800000000000002,6,4,58.52380952380952,46.89500042441218
2025-10-24,2025,Werder Bremen,Union Berlin,1,0,H,2,2.25,3.6,2.9,2.3,3.6,3.3,1578.957527520829,1541.3255774982247,75,75,100,100,1.55,1.56,7,7,54.241758241758234,52.1969696969697
2025-10-25,2025,Borussia Dortmund,FC Cologne,1,0,H,2,1.44,5.25,6.5,1.44,5.25,6.66,1689.99744316947,1508.0750195939331,81,75,100,100,1.42,1.48,10,5,50.7936507936508,45.760122230710465
2025-10-25,2025,TSG Hoffenheim,1. FC Heidenheim,3,1,H,2,1.57,4.5,5.25,1.6,4.6,5.33,1516.110002471244,1438.2257749865369,75,72,100,100,1.65,1.7700000000000002,7,4,46.7561115355233,68.71550671550672
2025-10-25,2025,FC Augsburg,RB Leipzig,0,6,A,0,3.2,3.9,2.05,3.5,4.1,2.05,1501.1717364596284,1655.188666960097,74,80,100,100,1.4,1.7600000000000002,4,13,42.04761904761905,55.798319327731086
2025-10-25,2025,Ein Frankfurt,FC St. Pauli,2,0,H,2,1.67,4.2,4.5,1.73,4.3,4.6,1629.4689289852547,1443.87594086969,75,72,100,100,1.59,1.3800000000000001,4,3,58.42857142857142,55.48809523809524
2025-10-25,2025,Borussia Monchengladbach,Bayern Munich,0,3,A,0,10.0,6.5,1.22,11.5,7.0,1.25,1471.1740376055852,1841.7452383703228,75,75,100,100,1.6000000000000003,2.73,2,15,59.27472527472528,53.26923076923076
2025-10-25,2025,Hamburg,VfL Wolfsburg,0,1,A,0,2.35,3.5,2.9,2.38,3.7,2.9,1478.6815597230895,1483.0024622690873,75,77,100,100,1.9300000000000002,1.4300000000000002,7,1,33.03846153846153,36.90730837789661
2025-10-26,2025,Bayer Leverkusen,SC Freiburg,2,0,H,2,1.83,3.9,4.0,1.83,4.0,4.5,1750.749133738074,1591.5092248159394,83,76,100,100,2.04,1.2600000000000002,13,9,38.666666666666664,45.07142857142857
2025-10-26,2025,VfB Stuttgart,FSV Mainz 05,2,1,H,2,1.75,4.0,4.33,1.78,4.2,4.6,1624.224631475145,1532.525106775389,77,75,100,100,1.8400000000000003,1.2,12,3,50.378787878787875,53.16666666666667
2025-10-31,2025,FC Augsburg,Borussia Dortmund,0,1,A,0,5.0,4.5,1.57,5.2,4.5,1.61,1491.8337054059361,1698.3096812018555,74,81,100,100,1.33,1.56,4,10,45.04761904761905,59.79949874686717
2025-11-01,2025,Union Berlin,SC Freiburg,0,0,D,1,2.5,3.3,2.75,2.63,3.4,2.88,1527.051847361057,1582.3687698958397,75,76,100,100,1.28,1.1,7,6,46.742424242424235,39.57142857142857
2025-11-01,2025,Bayern Munich,Bayer Leverkusen,3,0,H,2,1.22,7.0,9.5,1.25,7.25,11.0,1845.134471874773,1759.8895886581738,75,83,100,100,2.74,1.89,15,13,58.547008547008545,40.0
2025-11-01,2025,FC St. Pauli,Borussia Monchengladbach,0,4,A,0,2.15,3.5,3.3,2.15,3.5,3.45,1435.6930525658647,1467.784804101135,72,75,100,100,1.1,1.3000000000000003,0,2,55.48809523809524,47.65079365079365
2025-11-01,2025,1. FC Heidenheim,Ein Frankfurt,1,1,D,1,3.6,4.0,1.9,3.6,4.1,1.95,1425.7535805363661,1637.65181728908,72,75,100,100,1.9100000000000001,1.7200000000000002,4,7,65.93772893772895,50.095238095238095
2025-11-01,2025,FSV Mainz 05,Werder Bremen,1,1,D,1,1.95,3.9,3.5,2.08,3.9,3.5,1520.6526266300575,1593.2312576579966,75,75,100,100,1.2,1.4300000000000002,3,7,54.0,57.17882117882118
2025-11-01,2025,RB Leipzig,VfB Stuttgart,3,1,H,2,1.95,3.9,3.5,2.02,4.0,3.5,1664.5266980137892,1636.0971116204767,80,77,100,100,1.92,2.2,13,15,55.298319327731086,59.54545454545454
2025-11-02,2025,FC Cologne,Hamburg,4,1,H,2,2.1,3.7,3.2,2.15,3.75,3.3,1499.7627815615476,1462.8805343806746,75,75,100,100,1.0699999999999998,2.2700000000000005,4,7,40.59265811587793,43.871794871794876
2025-11-02,2025,VfL Wolfsburg,TSG Hoffenheim,2,3,A,0,2.75,3.9,2.3,2.88,3.9,2.38,1498.8034876115023,1528.5821969214146,77,75,100,100,1.19,1.6600000000000001,3,7,25.84670231729055,54.78641456582633
2025-11-07,2025,Werder Bremen,VfL Wolfsburg,2,1,H,2,2.15,3.6,3.1,2.25,3.75,3.15,1589.9366728216648,1484.171499594272,75,77,100,100,1.28,1.4100000000000001,8,3,37.17882117882118,30.84670231729055
2025-11-08,2025,Bayer Leverkusen,1. FC Heidenheim,6,0,H,2,1.4,5.0,6.5,1.4,5.0,8.0,1747.7383387008817,1434.4583993691458,83,72,100,100,1.51,1.64,12,5,37.142857142857146,51.47619047619048
2025-11-08,2025,Borussia Monchengladbach,FC Cologne,3,1,H,2,2.2,3.6,3.1,2.26,3.6,3.2,1482.3111130012849,1514.0706427889106,75,75,100,100,1.48,1.4900000000000002,4,7,38.44444444444444,41.449800973020785
2025-11-08,2025,Union Berlin,Bayern Munich,2,2,D,1,13.0,7.0,1.2,13.0,7.0,1.22,1529.5779764979654,1857.285721832065,75,75,100,100,1.1600000000000001,2.5,5,15,53.4090909090909,62.83272283272284
2025-11-08,2025,Hamburg,Borussia Dortmund,1,1,D,1,4.33,4.2,1.7,4.8,4.35,1.7,1448.5726731533116,1705.7821471920158,75,81,100,100,2.0000000000000004,1.37,4,10,54.33333333333333,53.37092731829573
2025-11-08,2025,TSG Hoffenheim,RB Leipzig,3,1,H,2,2.6,3.9,2.4,2.75,3.9,2.4,1543.2141849386448,1679.220381421106,75,80,100,100,1.6400000000000001,1.94,10,13,54.78641456582634,52.44117647058823
2025-11-09,2025,Ein Frankfurt,FSV Mainz 05,1,0,H,2,1.83,4.0,3.9,1.91,4.2,4.0,1628.9469984563004,1523.9472114663893,75,75,100,100,1.4100000000000001,1.2200000000000002,8,1,49.42857142857143,64.0
2025-11-09,2025,VfB Stuttgart,FC Augsburg,3,2,H,2,1.55,4.33,5.75,1.55,4.75,6.0,1621.40342821316,1484.3612394157758,77,74,100,100,2.0100000000000002,1.08,12,4,56.212121212121225,46.476190476190474
2025-11-09,2025,SC Freiburg,FC St. Pauli,2,1,H,2,1.83,3.5,4.5,1.85,3.6,4.5,1579.8426407589313,1421.1667436657149,76,72,100,100,1.09,1.25,4,0,49.57142857142857,66.59920634920636
2025-11-21,2025,FSV Mainz 05,TSG Hoffenheim,1,1,D,1,2.6,3.6,2.7,2.6,3.7,2.75,1512.6406054554063,1565.176038924785,75,75,100,100,1.09,1.6099999999999999,1,12,60.904761904761905,53.357843137254896
2025-11-22,2025,Bayern Munich,SC Freiburg,6,2,H,2,1.17,8.0,13.0,1.19,8.0,15.5,1845.4985604263886,1589.0043101059582,75,76,100,100,2.0000000000000004,1.2300000000000002,13,6,61.15440115440115,56.0
2025-11-22,2025,FC Cologne,Ein Frankfurt,3,4,A,0,3.0,3.75,2.2,3.05,4.2,2.25,1496.6121226058171,1640.2536044672834,75,75,100,100,1.5000000000000002,1.2200000000000002,7,8,46.449800973020785,48.857142857142854
2025-11-22,2025,FC Augsburg,Hamburg,1,0,H,2,2.35,3.5,2.9,2.38,3.6,3.05,1474.3641328214476,1458.6419761722257,74,75,100,100,1.33,1.81,4,4,48.476190476190474,51.83333333333333
2025-11-22,2025,1. FC Heidenheim,Borussia Monchengladbach,0,3,A,0,3.2,3.6,2.15,3.3,3.7,2.22,1429.9323322985301,1499.7696331843783,72,75,100,100,1.34,1.3,2,7,41.14285714285715,35.44444444444444
2025-11-22,2025,Borussia Dortmund,VfB Stuttgart,3,3,D,1,1.75,4.0,4.33,1.78,4.2,4.35,1695.7128441731018,1631.4005348074882,81,77,100,100,1.32,2.0700000000000003,8,12,60.037593984962406,56.21212121212121
2025-11-22,2025,VfL Wolfsburg,Bayer Leverkusen,1,3,A,0,3.5,3.75,2.0,3.6,3.85,2.0,1472.8970871501572,1752.2644057714974,77,83,100,100,1.2600000000000002,1.95,3,12,27.53787878787879,54.04761904761904
2025-11-23,2025,FC St. Pauli,Union Berlin,0,1,A,0,2.45,3.3,2.9,2.5,3.3,3.0,1412.005074318688,1541.3651379036419,72,75,100,100,1.03,1.2500000000000002,0,5,53.027777777777786,51.81818181818181
2025-11-23,2025,RB Leipzig,Werder Bremen,2,0,H,2,1.45,5.0,6.0,1.46,5.25,6.33,1657.2585274349658,1601.2110852657797,80,75,100,100,1.8699999999999999,1.55,10,11,49.5,44.19805194805194
2025-11-28,2025,Borussia Monchengladbach,RB Leipzig,0,0,D,1,2.88,3.7,2.3,2.95,3.95,2.3,1512.5961328321378,1670.6996061479683,75,80,100,100,1.33,2.3600000000000003,9,12,30.555555555555554,52.5
2025-11-29,2025,Bayer Leverkusen,Borussia Dortmund,1,2,A,0,2.55,3.6,2.63,2.55,3.75,2.66,1757.6033875141914,1692.7845221871055,83,81,100,100,1.8199999999999996,1.4300000000000002,12,8,46.047619047619044,56.70426065162907
2025-11-29,2025,Union Berlin,1. FC Heidenheim,1,2,A,0,1.67,4.0,5.0,1.7,4.1,5.33,1551.668714251502,1417.1058326507707,75,72,100,100,1.23,1.4,8,2,45.81818181818181,40.03174603174604
2025-11-29,2025,Werder Bremen,FC Cologne,1,1,D,1,2.25,3.8,2.9,2.25,3.85,3.0,1587.7700065527772,1486.87426762148,75,75,100,100,1.59,1.55,8,4,35.19805194805195,49.390977443609025
2025-11-29,2025,Bayern Munich,FC St. Pauli,3,1,H,2,1.1,10.0,21.0,1.11,11.0,26.0,1851.449175382058,1401.7014979708279,75,72,100,100,2.3,1.02,13,0,60.08297258297258,65.02777777777779
2025-11-29,2025,TSG Hoffenheim,FC Augsburg,3,0,H,2,1.67,4.33,4.5,1.7,4.4,4.75,1562.774964522375,1489.6405945571246,75,74,100,100,1.6900000000000002,1.4,13,4,47.689393939393945,46.57142857142857
2025-11-30,2025,Hamburg,VfB Stuttgart,2,1,H,2,3.0,3.75,2.2,3.1,3.8,2.2,1443.3655144365487,1634.3288567934844,75,77,100,100,1.69,2.0500000000000003,1,10,56.404761904761905,59.54545454545455
2025-11-30,2025,Ein Frankfurt,VfL Wolfsburg,1,1,D,1,1.73,4.2,4.2,1.75,4.33,4.35,1649.9914594516206,1467.5581054074632,75,77,100,100,1.5100000000000002,1.57,11,3,47.42857142857143,38.87121212121212
2025-11-30,2025,SC Freiburg,FSV Mainz 05,4,0,H,2,1.91,3.4,4.2,1.95,3.5,4.2,1583.0536951502888,1515.0416798578162,76,75,100,100,1.23,1.11,5,2,64.5,57.63203463203464
2025-12-05,2025,FSV Mainz 05,Borussia Monchengladbach,0,1,A,0,2.55,3.4,2.63,2.63,3.5,2.75,1502.1343460587016,1519.4129025355762,75,75,100,100,0.8800000000000001,1.2899999999999998,2,10,54.63203463203463,29.646464646464644
2025-12-06,2025,FC Augsburg,Bayer Leverkusen,2,0,H,2,3.7,4.0,1.9,3.8,4.0,1.91,1476.9596789067177,1738.6525251900525,74,83,100,100,1.44,1.6,3,9,45.301587301587304,49.43223443223444
2025-12-06,2025,1. FC Heidenheim,SC Freiburg,2,1,H,2,3.9,3.6,1.91,3.9,3.65,2.0,1439.0103595876571,1595.9610289494035,72,76,100,100,0.8300000000000001,1.5400000000000003,4,7,32.88888888888889,64.5
2025-12-06,2025,FC Cologne,FC St. Pauli,1,1,D,1,1.95,3.6,3.8,2.0,3.66,3.8,1491.3943333719158,1399.4662147364338,75,72,100,100,1.56,0.9800000000000001,4,0,35.10526315789474,57.11111111111112
2025-12-06,2025,RB Leipzig,Ein Frankfurt,6,0,H,2,1.73,4.2,4.2,1.75,4.25,4.2,1663.8828364445299,1642.2856131528936,80,75,100,100,2.46,1.58,10,11,55.909090909090914,61.095238095238095
2025-12-06,2025,VfL Wolfsburg,Union Berlin,3,1,H,2,2.15,3.4,3.5,2.16,3.55,3.5,1475.2639517061903,1529.7641873146156,77,75,100,100,1.56,1.0400000000000003,4,5,34.74999999999999,45.81818181818181
2025-12-06,2025,VfB Stuttgart,Bayern Munich,0,5,A,0,5.75,5.0,1.45,6.0,5.33,1.5,1610.3248909997683,1853.684458616452,77,75,100,100,1.8800000000000003,2.22,7,13,57.0,65.32106782106783
2025-12-07,2025,Hamburg,Werder Bremen,3,2,H,2,2.25,3.5,3.0,2.3,3.7,3.1,1467.3694802302648,1583.2499408023414,75,75,100,100,1.5900000000000003,1.65,4,8,51.904761904761905,52.340909090909086
2025-12-07,2025,Borussia Dortmund,TSG Hoffenheim,2,0,H,2,1.62,4.5,4.75,1.65,4.6,5.4,1711.7353845112443,1575.455880172782,81,75,100,100,1.5400000000000003,1.6400000000000001,11,13,52.74821669558512,54.4949494949495
2025-12-12,2025,Union Berlin,RB Leipzig,3,1,H,2,3.2,3.5,2.2,3.5,3.6,2.25,1511.2747440454568,1678.8895266398877,75,80,100,100,1.29,2.4300000000000006,5,10,54.9090909090909,63.9090909090909
2025-12-13,2025,FC St. Pauli,1. FC Heidenheim,2,1,H,2,1.95,3.4,4.0,2.0,3.5,4.2,1403.6035594963425,1461.7836158342018,72,72,100,100,0.9400000000000001,0.8699999999999999,1,7,51.0,35.98412698412698
2025-12-13,2025,Bayer Leverkusen,FC Cologne,2,0,H,2,1.55,4.33,5.25,1.57,4.75,5.5,1712.4595394312514,1487.256988612007,83,75,100,100,1.53,1.9400000000000002,6,5,53.0989010989011,44.11111111111111
2025-12-13,2025,Ein Frankfurt,FC Augsburg,1,0,H,2,1.7,4.2,4.33,1.71,4.25,4.6,1627.2789229575358,1503.1526646655188,75,74,100,100,1.4000000000000001,1.58,8,6,56.095238095238095,45.63492063492064
2025-12-13,2025,TSG Hoffenheim,Hamburg,4,1,H,2,1.7,4.33,4.2,1.75,4.33,4.5,1565.4285697591406,1488.5165163829022,75,75,100,100,1.4500000000000002,1.4400000000000002,10,7,51.161616161616166,46.07142857142857
2025-12-13,2025,Borussia Monchengladbach,VfL Wolfsburg,1,3,A,0,1.95,3.8,3.6,2.0,3.9,3.66,1534.6178509473007,1493.753394975349,75,77,100,100,1.6200000000000003,1.5799999999999998,13,4,35.995670995671,33.08333333333333
2025-12-14,2025,SC Freiburg,Borussia Dortmund,1,1,D,1,3.25,3.5,2.15,3.45,3.5,2.2,1573.1877727028589,1721.7626949248856,76,81,100,100,1.56,1.1500000000000001,7,11,61.07142857142857,46.520146520146525
2025-12-14,2025,Bayern Munich,FSV Mainz 05,2,2,D,1,1.09,11.0,21.0,1.11,11.5,21.0,1860.0100546230512,1486.9293976469771,75,75,100,100,2.14,0.8300000000000001,13,2,58.97186147186147,57.72727272727273
2025-12-14,2025,Werder Bremen,VfB Stuttgart,0,4,A,0,2.9,3.8,2.25,3.0,3.8,2.26,1562.102904649704,1603.999294993169,75,77,100,100,1.5900000000000003,1.5400000000000003,5,4,50.75,53.904761904761905
2025-12-19,2025,Borussia Dortmund,Borussia Monchengladbach,2,0,H,2,1.55,4.5,5.5,1.56,4.6,5.75,1715.3092344871193,1516.744603319453,81,75,100,100,1.31,1.33,9,10,37.94871794871795,47.106782106782106
2025-12-20,2025,RB Leipzig,Bayer Leverkusen,1,3,A,0,2.1,3.8,3.2,2.15,3.9,3.35,1655.718472231733,1719.3323893040795,80,83,100,100,2.12,1.83,7,9,65.9090909090909,61.93006993006993
2025-12-20,2025,VfL Wolfsburg,SC Freiburg,3,4,A,0,2.5,3.6,2.75,2.54,3.6,2.75,1511.6266426031966,1579.6412331406252,77,76,100,100,1.57,1.7200000000000002,7,7,29.75,71.07142857142858
2025-12-20,2025,VfB Stuttgart,TSG Hoffenheim,0,0,D,1,2.0,3.8,3.4,2.05,4.0,3.4,1618.0791928628462,1577.9433841630416,77,75,100,100,1.9600000000000002,1.5300000000000002,7,10,63.904761904761905,51.161616161616166
2025-12-20,2025,FC Augsburg,Werder Bremen,0,0,D,1,2.25,3.5,3.1,2.3,3.65,3.1,1492.6374950304178,1548.023006780027,74,75,100,100,1.61,1.6300000000000003,6,4,49.2063492063492,50.75
2025-12-20,2025,FC Cologne,Union Berlin,0,1,A,0,2.3,3.3,3.1,2.38,3.35,3.2,1480.384138739179,1534.4457984536116,75,75,100,100,1.53,1.4600000000000002,2,7,41.56565656565657,52.9090909090909
2025-12-20,2025,Hamburg,Ein Frankfurt,1,1,D,1,2.6,3.6,2.55,2.7,3.6,2.6,1476.0017019790012,1637.7940925926368,75,75,100,100,1.4700000000000002,1.3900000000000001,7,10,44.07142857142857,45.095238095238095
2025-12-21,2025,FSV Mainz 05,FC St. Pauli,0,0,D,1,1.95,3.4,4.1,1.95,3.5,4.25,1499.583689612529,1422.2580841707952,75,72,100,100,0.66,0.9,2,4,37.72727272727273,38.55555555555555
2025-12-21,2025,1. FC Heidenheim,Bayern Munich,0,4,A,0,13.0,9.5,1.14,18.0,9.5,1.17,1443.1290911597491,1847.3557626574993,72,75,100,100,1.1,2.48,6,11,46.65079365079365,64.6861471861472
2026-01-09,2025,Ein Frankfurt,Borussia Dortmund,3,3,D,1,3.6,3.8,1.95,3.6,3.8,2.05,1630.838909568965,1723.0456985589597,75,81,100,100,1.3000000000000003,1.36,8,11,43.666666666666664,34.94871794871795
2026-01-10,2025,Bayer Leverkusen,VfB Stuttgart,1,4,A,0,1.95,4.1,3.4,1.95,4.1,3.6,1732.4351635547582,1616.2390488085914,83,77,100,100,1.65,1.7700000000000002,9,5,59.596736596736605,67.23809523809523
2026-01-10,2025,Union Berlin,FSV Mainz 05,2,2,D,1,2.15,3.25,3.7,2.16,3.25,3.8,1547.9760672725529,1496.0803675748627,75,75,100,100,1.4100000000000001,0.8,9,3,55.33333333333333,42.01298701298701
2026-01-10,2025,1. FC Heidenheim,FC Cologne,2,2,D,1,2.9,3.5,2.38,2.95,3.6,2.38,1440.2837085815556,1466.8538699202377,72,75,100,100,1.2100000000000002,1.35,6,2,44.98412698412697,33.23232323232323
2026-01-10,2025,SC Freiburg,Hamburg,2,1,H,2,1.8,3.6,4.5,1.8,3.75,5.0,1592.5484527763742,1482.956885002673,76,75,100,100,1.95,1.4700000000000002,7,7,71.07142857142858,49.07142857142857
2026-01-11,2025,Borussia Monchengladbach,FC Augsburg,4,0,H,2,1.85,3.8,4.0,1.93,3.8,4.0,1509.0081392476127,1495.1667039854917,75,74,100,100,1.1800000000000002,1.58,7,7,50.106782106782106,46.26517273576097
2026-01-11,2025,Bayern Munich,VfL Wolfsburg,8,1,H,2,1.11,11.0,17.0,1.13,11.0,21.0,1850.2011452356928,1498.7194229674476,75,77,100,100,2.87,1.7100000000000002,13,7,75.5952380952381,31.0
2026-01-13,2025,FSV Mainz 05,1. FC Heidenheim,2,1,H,2,1.75,3.8,4.33,1.8,3.8,4.6,1498.452636683729,1441.5049299124423,75,72,100,100,0.8400000000000001,1.4400000000000002,3,7,35.95238095238095,47.2063492063492
2026-01-13,2025,VfB Stuttgart,Ein Frankfurt,3,2,H,2,1.73,4.2,4.2,1.75,4.2,4.35,1637.3991132714298,1634.9882269832347,77,75,100,100,1.7500000000000004,1.2700000000000002,7,6,61.404761904761905,39.38095238095237
2026-01-13,2025,Borussia Dortmund,Werder Bremen,3,0,H,2,1.4,5.0,7.0,1.4,5.4,8.0,1718.89638114469,1545.493797824953,81,75,100,100,1.3800000000000001,1.2400000000000002,11,2,42.56776556776557,47.44117647058823
2026-01-14,2025,FC Cologne,Bayern Munich,1,3,A,0,10.5,7.5,1.22,11.0,7.5,1.28,1465.632648589351,1853.938075735249,75,75,100,100,1.61,2.8900000000000006,3,13,32.12121212121212,83.0952380952381
2026-01-14,2025,VfL Wolfsburg,FC St. Pauli,2,1,H,2,1.91,3.7,3.8,1.95,3.8,4.2,1494.9824924678915,1425.7614062084615,77,72,100,100,1.3,0.8400000000000001,7,5,18.0,40.698412698412696
2026-01-14,2025,RB Leipzig,SC Freiburg,2,0,H,2,1.7,4.0,4.5,1.78,4.0,4.75,1642.6156979810542,1603.6625523555547,80,76,100,100,2.2199999999999998,2.2700000000000005,7,10,59.9090909090909,58.57142857142858
2026-01-14,2025,TSG Hoffenheim,Borussia Monchengladbach,5,1,H,2,1.85,3.9,3.8,1.85,4.0,4.1,1579.7835282172964,1524.3710546082286,75,75,100,100,1.3300000000000003,1.2600000000000002,8,7,47.82828282828283,48.99567099567099
2026-01-15,2025,FC Augsburg,Union Berlin,1,1,D,1,2.6,3.2,2.8,2.63,3.2,2.9,1479.8037886248758,1545.6037981636869,74,75,100,100,1.4600000000000002,1.58,4,7,44.83660130718954,64.66666666666666
2026-01-16,2025,Werder Bremen,Ein Frankfurt,3,3,D,1,2.7,3.5,2.5,2.7,3.6,2.6,1536.8762515348253,1619.099250617838,75,75,100,100,1.03,1.3199999999999998,2,5,50.44117647058823,24.047619047619047
2026-01-17,2025,VfL Wolfsburg,1. FC Heidenheim,1,1,D,1,1.67,4.0,5.0,1.7,4.2,5.0,1507.8362630256518,1428.1042326426375,77,72,100,100,1.4100000000000001,1.57,9,4,29.393939393939394,41.2063492063492
2026-01-17,2025,RB Leipzig,Bayern Munich,1,5,A,0,5.0,4.75,1.55,5.2,5.0,1.57,1656.8293180199232,1857.030172166088,80,75,100,100,1.9700000000000002,3.0500000000000007,7,13,62.464646464646464,78.42857142857142
2026-01-17,2025,TSG Hoffenheim,Bayer Leverkusen,1,0,H,2,2.4,3.8,2.7,2.43,3.8,2.71,1593.2531086635042,1711.2750990919199,75,83,100,100,1.5200000000000002,1.78,10,6,55.55555555555556,70.0967365967366
2026-01-17,2025,Borussia Dortmund,FC St. Pauli,3,2,H,2,1.33,5.25,10.0,1.35,5.33,10.0,1727.5139274348176,1412.9076356507012,81,72,100,100,1.65,0.85,11,5,47.95238095238095,31.971139971139973
2026-01-17,2025,FC Cologne,FSV Mainz 05,2,1,H,2,2.15,3.5,3.25,2.2,3.7,3.3,1462.540552158512,1511.8533339535338,75,75,100,100,1.6300000000000001,1.1600000000000001,2,6,40.12121212121212,46.95238095238095
2026-01-17,2025,Hamburg,Borussia Monchengladbach,0,0,D,1,2.45,3.5,2.8,2.5,3.6,2.9,1471.8427854234926,1510.9014741620208,75,75,100,100,1.3800000000000001,1.4100000000000001,7,6,60.5,44.904761904761905
2026-01-18,2025,VfB Stuttgart,Union Berlin,1,1,D,1,1.65,3.9,5.25,1.67,4.0,5.3,1653.2880896368265,1542.6093121824745,77,75,100,100,2.1300000000000003,1.6900000000000002,10,8,66.07142857142858,64.66666666666666
2026-01-18,2025,FC Augsburg,SC Freiburg,2,2,D,1,2.9,3.3,2.45,3.0,3.4,2.5,1482.7982746060882,1589.4489323166856,74,76,100,100,1.4500000000000002,1.7100000000000002,5,7,50.3921568627451,48.01587301587302
2026-01-23,2025,FC St. Pauli,Hamburg,0,0,D,1,2.88,2.9,2.75,2.9,3.0,2.8,1408.4111566788467,1473.6339650741256,72,75,100,100,1.0,1.9400000000000002,5,5,38.63780663780664,58.21428571428571
2026-01-24,2025,1. FC Heidenheim,RB Leipzig,0,3,A,0,5.0,4.5,1.57,5.6,4.5,1.59,1431.7129002176407,1649.1479710739704,72,80,100,100,1.54,1.9400000000000002,2,6,37.77777777777778,58.698412698412696
2026-01-24,2025,Ein Frankfurt,TSG Hoffenheim,1,3,A,0,2.8,3.75,2.3,2.88,3.75,2.45,1615.3818826914892,1614.4883840939397,75,75,100,100,1.4000000000000001,1.7400000000000002,6,10,28.047619047619047,47.5
2026-01-24,2025,Bayern Munich,FC Augsburg,1,2,A,0,1.1,12.0,17.0,1.12,13.0,26.0,1864.7115191120408,1487.561055034216,75,74,100,100,3.0900000000000007,1.4100000000000001,13,3,79.85714285714286,54.05882352941177
2026-01-24,2025,Bayer Leverkusen,Werder Bremen,1,0,H,2,1.62,4.2,5.25,1.62,4.33,5.25,1690.0398236614844,1540.593619461174,83,75,100,100,1.6400000000000001,0.9900000000000002,6,2,67.21212121212122,46.44117647058823
2026-01-24,2025,FSV Mainz 05,VfL Wolfsburg,3,1,H,2,2.3,3.5,3.0,2.38,3.6,3.0,1493.597523996891,1504.2275954506486,75,77,100,100,1.3900000000000001,1.54,6,7,42.66666666666667,41.39393939393939
2026-01-24,2025,Union Berlin,Borussia Dortmund,0,3,A,0,3.6,3.5,2.05,3.75,3.5,2.1,1547.54056813876,1732.010406406672,75,81,100,100,1.56,1.75,9,11,59.21212121212121,46.28571428571429
2026-01-25,2025,Borussia Monchengladbach,VfB Stuttgart,0,3,A,0,3.0,3.75,2.2,3.0,3.8,2.3,1509.1102945113878,1648.356833680541,75,77,100,100,1.13,2.25,4,11,50.61904761904761,62.95454545454545
2026-01-25,2025,SC Freiburg,FC Cologne,2,1,H,2,1.9,3.75,3.8,1.95,3.75,4.0,1584.6861518885578,1480.7963621151548,76,75,100,100,1.7899999999999998,1.64,8,4,47.44444444444444,41.86724386724386
2026-01-27,2025,FC St. Pauli,RB Leipzig,1,1,D,1,4.5,3.5,1.8,4.75,3.6,1.84,1411.3799846705615,1656.265201678183,72,80,100,100,1.1099999999999999,1.9300000000000004,5,6,40.86002886002886,38.698412698412696
2026-01-27,2025,Werder Bremen,TSG Hoffenheim,0,2,A,0,3.7,3.6,2.0,3.7,3.7,2.05,1531.0806423555541,1630.529531134256,75,75,100,100,1.06,1.81,2,13,48.94117647058823,49.166666666666664
2026-01-30,2025,FC Cologne,VfL Wolfsburg,1,0,H,2,1.95,3.8,3.5,2.04,3.8,3.6,1469.442993648402,1487.7382152632497,75,77,100,100,1.7700000000000002,1.34,4,4,46.41269841269841,35.97727272727273
2026-01-31,2025,Hamburg,Bayern Munich,2,2,D,1,8.0,6.5,1.29,10.0,6.5,1.3,1470.6651370824109,1835.9876874759082,75,75,100,100,1.7100000000000002,2.8,3,12,54.6031746031746,74.85714285714286
2026-01-31,2025,RB Leipzig,FSV Mainz 05,1,2,A,0,1.55,4.5,5.5,1.55,4.75,6.0,1646.546343984192,1510.0869041842898,80,75,100,100,2.04,1.8199999999999998,7,8,35.26984126984127,61.41666666666667
2026-01-31,2025,TSG Hoffenheim,Union Berlin,3,1,H,2,1.8,3.8,4.33,1.83,3.8,4.5,1642.070849518193,1539.318240999173,75,75,100,100,1.7100000000000002,1.42,13,6,49.93589743589743,66.76767676767676
2026-01-31,2025,FC Augsburg,FC St. Pauli,2,1,H,2,2.0,3.3,4.1,2.0,3.33,4.2,1516.2848866703487,1421.0988423645526,74,72,100,100,1.65,0.9800000000000001,6,3,44.05882352941177,46.95526695526696
2026-01-31,2025,Werder Bremen,Borussia Monchengladbach,1,1,D,1,2.45,3.6,2.75,2.45,3.6,2.9,1519.5393239716173,1499.200204512818,75,75,100,100,1.23,1.07,2,4,58.17194570135746,41.28571428571429
2026-01-31,2025,Ein Frankfurt,Bayer Leverkusen,1,3,A,0,3.0,3.8,2.2,3.0,3.8,2.28,1599.340735651173,1699.5528007671044,75,83,100,100,1.3400000000000003,1.65,3,9,33.04761904761905,65.54545454545455
2026-02-01,2025,Borussia Dortmund,1. FC Heidenheim,3,2,H,2,1.22,6.5,12.0,1.25,6.5,12.5,1740.232733546259,1424.595669613428,81,72,100,100,1.85,1.2100000000000002,13,2,50.730158730158735,43.11111111111111
2026-02-01,2025,VfB Stuttgart,SC Freiburg,1,0,H,2,1.67,4.1,4.75,1.72,4.2,4.9,1658.266923679111,1596.0395203553105,77,76,100,100,2.0200000000000005,1.67,11,10,58.95454545454545,37.44444444444444
2026-02-06,2025,Union Berlin,Ein Frankfurt,1,1,D,1,2.0,3.5,3.6,2.08,3.5,3.6,1527.9168747897986,1587.8318137023718,75,75,100,100,1.47,1.4,3,2,68.81895881895882,37.5930735930736
2026-02-07,2025,VfL Wolfsburg,Borussia Dortmund,1,2,A,0,4.2,4.2,1.73,4.5,4.2,1.74,1470.8964670427235,1744.7063300637612,77,81,100,100,1.23,1.98,4,13,42.40584415584415,54.730158730158735
2026-02-07,2025,Borussia Monchengladbach,Bayer Leverkusen,1,1,D,1,3.5,3.75,2.0,3.65,3.75,2.05,1500.135787071259,1711.0617227159055,75,83,100,100,1.12,1.5100000000000002,5,9,39.28571428571429,56.45454545454545
2026-02-07,2025,FC St. Pauli,VfB Stuttgart,2,1,H,2,4.33,3.75,1.8,4.5,3.75,1.85,1409.3758453507676,1671.4314999749497,72,77,100,100,1.2600000000000002,2.2600000000000002,2,13,49.81240981240981,60.621212121212125
2026-02-07,2025,SC Freiburg,Werder Bremen,1,0,H,2,1.83,3.75,4.2,1.85,3.8,4.4,1582.8749440594718,1518.603741413176,76,75,100,100,1.3900000000000001,1.56,7,2,27.444444444444446,59.23076923076924
2026-02-07,2025,1. FC Heidenheim,Hamburg,0,2,A,0,2.88,3.5,2.45,2.9,3.6,2.5,1420.1220730959258,1483.1832519616676,72,75,100,100,1.33,1.6700000000000004,2,4,47.11111111111111,49.6031746031746
2026-02-07,2025,FSV Mainz 05,FC Augsburg,2,0,H,2,2.05,3.6,3.5,2.1,3.66,3.55,1532.0667240438318,1528.0078836841337,75,74,100,100,1.92,1.6300000000000001,10,8,57.448412698412696,47.0
2026-02-08,2025,FC Cologne,RB Leipzig,1,2,A,0,3.25,3.8,2.1,3.25,4.0,2.1,1486.2847418689282,1624.56652412465,75,80,100,100,1.83,1.8800000000000003,7,7,48.317460317460316,42.38095238095239
2026-02-08,2025,Bayern Munich,TSG Hoffenheim,5,1,H,2,1.29,7.0,7.5,1.29,7.0,9.0,1823.4695725966515,1653.4722157275673,75,75,100,100,2.54,1.8800000000000001,10,15,69.85714285714286,47.88461538461538
2026-02-13,2025,Borussia Dortmund,FSV Mainz 05,4,0,H,2,1.53,4.5,5.5,1.57,4.6,6.1,1750.1891363672974,1547.8798160404133,81,75,100,100,1.95,1.9299999999999997,15,12,53.777777777777786,62.78174603174604
2026-02-14,2025,VfB Stuttgart,FC Cologne,3,1,H,2,1.45,4.75,6.5,1.48,5.0,6.75,1645.2285937540096,1476.3366195086062,77,75,100,100,2.0700000000000003,1.48,10,6,63.121212121212125,50.857142857142854
2026-02-14,2025,Werder Bremen,Bayern Munich,0,3,A,0,8.0,6.0,1.3,8.5,6.1,1.33,1505.5302337349513,1832.2111069537752,75,75,100,100,1.75,2.81,2,10,62.56410256410256,69.40259740259741
2026-02-14,2025,Bayer Leverkusen,FC St. Pauli,4,0,H,2,1.45,3.75,6.5,1.49,4.4,8.0,1702.3884746295569,1435.5787515717077,83,72,100,100,1.2200000000000002,1.4400000000000002,7,5,50.45454545454545,52.539682539682545
2026-02-14,2025,Hamburg,Union Berlin,3,2,H,2,2.5,3.25,2.9,2.54,3.25,3.0,1496.3106531990243,1530.649029679865,75,75,100,100,1.8,1.33,6,3,48.492063492063494,69.77133977133978
2026-02-14,2025,Ein Frankfurt,Borussia Monchengladbach,3,0,H,2,1.95,3.5,4.0,1.96,3.75,4.0,1585.0996588123055,1508.8090351576077,75,75,100,100,1.11,1.0500000000000003,2,3,37.59307359307358,39.28571428571429
2026-02-14,2025,TSG Hoffenheim,SC Freiburg,3,0,H,2,1.73,3.9,4.5,1.78,4.0,4.5,1644.7306813704436,1595.9484517376966,75,76,100,100,1.5500000000000003,1.06,12,7,38.33916083916084,34.11111111111111
2026-02-15,2025,FC Augsburg,1. FC Heidenheim,1,0,H,2,1.85,3.6,4.2,1.86,3.8,4.25,1512.1947916875522,1406.994671858569,74,72,100,100,1.7600000000000002,1.31,8,1,45.0,47.11111111111111
2026-02-15,2025,RB Leipzig,VfL Wolfsburg,2,2,D,1,1.44,4.75,6.5,1.49,5.0,6.5,1634.514646484972,1465.4136607391874,80,77,100,100,1.7399999999999998,1.23,7,4,35.3968253968254,44.07251082251082
2026-02-20,2025,FSV Mainz 05,Hamburg,1,1,D,1,2.1,3.4,3.5,2.12,3.6,3.7,1540.2690969171747,1513.8868650062007,75,75,100,100,1.86,1.7900000000000003,9,9,51.22619047619048,41.82539682539682
2026-02-21,2025,Bayern Munich,Ein Frankfurt,3,2,H,2,1.14,9.5,13.0,1.17,9.5,17.0,1836.445616923006,1597.6417438651395,75,75,100,100,2.7300000000000004,1.27,10,5,70.73593073593074,38.25974025974026
2026-02-21,2025,FC Cologne,TSG Hoffenheim,2,2,D,1,3.3,3.8,2.05,3.35,3.8,2.1,1467.5545984035095,1658.498823714761,75,75,100,100,1.5,1.57,6,12,57.142857142857146,40.83916083916084
2026-02-21,2025,Union Berlin,Bayer Leverkusen,1,0,H,2,3.0,3.3,2.38,3.0,3.5,2.45,1513.0728178726886,1708.0567935662525,75,83,100,100,1.3700000000000003,1.3,2,10,66.43800643800644,52.5
2026-02-21,2025,VfL Wolfsburg,FC Augsburg,2,3,A,0,2.05,3.4,3.75,2.1,3.6,3.8,1472.6393040116657,1523.4929672952169,77,74,100,100,1.1199999999999999,1.75,2,10,36.345238095238095,43.88888888888889
2026-02-21,2025,RB Leipzig,Borussia Dortmund,2,2,D,1,2.15,3.8,3.1,2.2,4.0,3.1,1627.2890032124938,1757.799855490536,80,81,100,100,2.0100000000000002,1.9100000000000001,8,15,43.25396825396825,59.333333333333336
2026-02-22,2025,SC Freiburg,Borussia Monchengladbach,2,1,H,2,1.95,3.25,4.33,2.0,3.4,4.33,1582.180309393379,1496.2669501047737,76,75,100,100,1.24,1.1,7,3,39.666666666666664,50.28571428571429
2026-02-22,2025,FC St. Pauli,Werder Bremen,2,1,H,2,2.75,3.1,2.75,2.85,3.2,2.75,1429.910432635012,1501.2957237657206,72,75,100,100,1.3,1.7200000000000002,5,1,47.994227994228,53.230769230769226
2026-02-22,2025,1. FC Heidenheim,VfB Stuttgart,3,3,D,1,4.5,4.0,1.7,4.7,4.2,1.72,1395.6964962509044,1654.0106148591062,72,77,100,100,1.24,1.7200000000000002,1,10,54.222222222222214,52.16883116883116
