Date,HomeTeam,AwayTeam,FTHG,FTAG,FTR,HS,AS,HST,AST,HF,AF,HC,AC,B365H,B365D,B365A,MaxH,MaxD,MaxA
2010-08-20,Bayern Munich,VfL Wolfsburg,2,1,H,17.0,11.0,5.0,5.0,6.0,25.0,9.0,3.0,1.57,4.0,5.5,,,
2010-08-21,FC Cologne,Kaiserslautern,1,3,A,10.0,17.0,4.0,6.0,10.0,25.0,5.0,6.0,2.1,3.4,3.4,,,
2010-08-21,SC Freiburg,FC St. Pauli,1,3,A,9.0,17.0,3.0,7.0,12.0,13.0,3.0,6.0,2.2,3.3,3.25,,,
2010-08-21,Hamburg,FC Schalke 04,2,1,H,18.0,13.0,6.0,4.0,11.0,17.0,7.0,4.0,2.38,3.4,2.88,,,
2010-08-21,Hannover 96,Ein Frankfurt,2,1,H,13.0,17.0,7.0,3.0,9.0,14.0,2.0,6.0,2.6,3.25,2.7,,,
2010-08-21,TSG Hoffenheim,Werder Bremen,4,1,H,10.0,10.0,7.0,2.0,24.0,16.0,5.0,5.0,2.88,3.4,2.38,,,
2010-08-21,Borussia Monchengladbach,FC Nurnberg,1,1,D,12.0,10.0,5.0,5.0,15.0,18.0,6.0,5.0,1.91,3.4,4.0,,,
2010-08-22,FSV Mainz 05,VfB Stuttgart,2,0,H,17.0,14.0,6.0,5.0,16.0,13.0,5.0,4.0,3.1,3.4,2.25,,,
2010-08-22,Borussia Dortmund,Bayer Leverkusen,0,2,A,14.0,15.0,6.0,4.0,20.0,13.0,8.0,1.0,2.38,3.4,2.88,,,
2010-08-27,Kaiserslautern,Bayern Munich,2,0,H,11.0,20.0,2.0,3.0,24.0,13.0,7.0,7.0,7.0,4.33,1.44,,,
2010-08-28,FC Schalke 04,Hannover 96,1,2,A,15.0,11.0,5.0,4.0,10.0,22.0,15.0,1.0,1.33,4.75,10.0,,,
2010-08-28,FC Nurnberg,SC Freiburg,1,2,A,17.0,5.0,4.0,3.0,12.0,28.0,4.0,2.0,1.91,3.4,4.0,,,
2010-08-28,VfL Wolfsburg,FSV Mainz 05,3,4,A,8.0,13.0,4.0,4.0,11.0,19.0,5.0,5.0,1.57,4.0,5.5,,,
2010-08-28,Ein Frankfurt,Hamburg,1,3,A,12.0,14.0,7.0,4.0,12.0,12.0,4.0,6.0,3.1,3.5,2.2,,,
2010-08-28,Werder Bremen,FC Cologne,4,2,H,17.0,11.0,9.0,5.0,14.0,18.0,6.0,7.0,1.4,4.75,7.0,,,
2010-08-28,FC St. Pauli,TSG Hoffenheim,0,1,A,12.0,8.0,4.0,3.0,16.0,16.0,5.0,9.0,3.2,3.4,2.2,,,
2010-08-29,Bayer Leverkusen,Borussia Monchengladbach,3,6,A,12.0,16.0,6.0,10.0,12.0,11.0,4.0,8.0,1.36,4.75,8.0,,,
2010-08-29,VfB Stuttgart,Borussia Dortmund,1,3,A,11.0,16.0,5.0,9.0,16.0,18.0,7.0,3.0,2.2,3.3,3.25,,,
2010-09-10,TSG Hoffenheim,FC Schalke 04,2,0,H,23.0,14.0,8.0,5.0,18.0,16.0,3.0,6.0,2.4,3.3,2.88,,,
2010-09-11,Bayern Munich,Werder Bremen,0,0,D,14.0,13.0,7.0,3.0,14.0,13.0,11.0,4.0,1.57,4.0,5.5,,,
2010-09-11,Borussia Dortmund,VfL Wolfsburg,2,0,H,20.0,6.0,10.0,1.0,18.0,23.0,4.0,0.0,2.1,3.5,3.25,,,
2010-09-11,SC Freiburg,VfB Stuttgart,2,1,H,19.0,18.0,5.0,8.0,20.0,17.0,6.0,7.0,3.4,3.4,2.1,,,
2010-09-11,Hamburg,FC Nurnberg,1,1,D,7.0,10.0,2.0,3.0,12.0,18.0,4.0,2.0,1.36,4.75,8.5,,,
2010-09-11,Hannover 96,Bayer Leverkusen,2,2,D,9.0,12.0,3.0,4.0,18.0,14.0,6.0,5.0,3.75,3.4,2.0,,,
2010-09-11,Borussia Monchengladbach,Ein Frankfurt,0,4,A,16.0,11.0,5.0,6.0,18.0,12.0,9.0,6.0,2.1,3.4,3.4,,,
2010-09-12,FC Cologne,FC St. Pauli,1,0,H,15.0,11.0,6.0,1.0,19.0,15.0,6.0,10.0,2.2,3.25,3.25,,,
2010-09-12,FSV Mainz 05,Kaiserslautern,2,1,H,16.0,10.0,5.0,4.0,12.0,25.0,2.0,7.0,2.2,3.3,3.25,,,
2010-09-17,Ein Frankfurt,SC Freiburg,0,1,A,10.0,17.0,3.0,5.0,13.0,17.0,4.0,4.0,1.8,3.5,4.5,,,
2010-09-18,VfL Wolfsburg,Hannover 96,2,0,H,12.0,9.0,6.0,1.0,13.0,17.0,3.0,5.0,1.53,4.0,6.0,,,
2010-09-18,Bayern Munich,FC Cologne,0,0,D,21.0,8.0,4.0,2.0,10.0,20.0,10.0,1.0,1.22,6.0,12.0,,,
2010-09-18,VfB Stuttgart,Borussia Monchengladbach,7,0,H,24.0,7.0,12.0,2.0,10.0,15.0,8.0,4.0,1.8,3.5,4.5,,,
2010-09-18,Kaiserslautern,TSG Hoffenheim,2,2,D,16.0,6.0,5.0,4.0,17.0,16.0,9.0,3.0,2.8,3.4,2.4,,,
2010-09-18,Werder Bremen,FSV Mainz 05,0,2,A,12.0,11.0,4.0,7.0,11.0,10.0,5.0,6.0,1.44,4.33,7.0,,,
2010-09-19,Bayer Leverkusen,FC Nurnberg,0,0,D,10.0,7.0,3.0,2.0,10.0,16.0,3.0,2.0,1.44,4.33,7.0,,,
2010-09-19,FC Schalke 04,Borussia Dortmund,1,3,A,8.0,23.0,1.0,11.0,16.0,15.0,4.0,10.0,2.25,3.3,3.2,,,
2010-09-19,FC St. Pauli,Hamburg,1,1,D,7.0,10.0,3.0,2.0,19.0,15.0,6.0,5.0,3.6,3.5,2.0,,,
2010-09-21,Hannover 96,Werder Bremen,4,1,H,14.0,12.0,8.0,2.0,21.0,18.0,5.0,2.0,3.6,3.5,2.0,,,
2010-09-21,TSG Hoffenheim,Bayern Munich,1,2,A,11.0,12.0,3.0,6.0,12.0,15.0,3.0,8.0,3.6,3.5,2.0,,,
2010-09-21,FSV Mainz 05,FC Cologne,2,0,H,20.0,8.0,7.0,2.0,17.0,21.0,9.0,1.0,1.91,3.4,4.0,,,
2010-09-22,FC Nurnberg,VfB Stuttgart,2,1,H,11.0,9.0,3.0,2.0,17.0,17.0,0.0,5.0,3.1,3.3,2.3,,,
2010-09-22,Borussia Monchengladbach,FC St. Pauli,1,2,A,16.0,11.0,5.0,5.0,18.0,17.0,2.0,7.0,2.0,3.3,3.8,,,
2010-09-22,Hamburg,VfL Wolfsburg,1,3,A,19.0,8.0,7.0,4.0,10.0,15.0,15.0,1.0,1.91,3.5,3.9,,,
2010-09-22,SC Freiburg,FC Schalke 04,1,2,A,8.0,7.0,1.0,6.0,16.0,12.0,7.0,2.0,3.1,3.3,2.25,,,
2010-09-22,Borussia Dortmund,Kaiserslautern,5,0,H,21.0,9.0,11.0,3.0,8.0,16.0,1.0,4.0,1.5,4.0,7.0,,,
2010-09-22,Bayer Leverkusen,Ein Frankfurt,2,1,H,13.0,7.0,4.0,3.0,9.0,18.0,4.0,7.0,1.67,3.6,5.25,,,
2010-09-24,FC Cologne,TSG Hoffenheim,1,1,D,13.0,13.0,6.0,4.0,16.0,20.0,8.0,9.0,3.25,3.3,2.2,,,
2010-09-25,Bayern Munich,FSV Mainz 05,1,2,A,14.0,7.0,4.0,4.0,11.0,27.0,7.0,5.0,1.44,4.33,7.0,,,
2010-09-25,Ein Frankfurt,FC Nurnberg,2,0,H,12.0,15.0,4.0,1.0,17.0,14.0,7.0,5.0,2.0,3.4,3.75,,,
2010-09-25,FC Schalke 04,Borussia Monchengladbach,2,2,D,22.0,11.0,8.0,6.0,18.0,23.0,11.0,2.0,1.53,3.8,6.5,,,
2010-09-25,FC St. Pauli,Borussia Dortmund,1,3,A,11.0,11.0,2.0,6.0,12.0,20.0,9.0,3.0,3.75,3.4,2.0,,,
2010-09-25,VfB Stuttgart,Bayer Leverkusen,1,4,A,6.0,16.0,1.0,9.0,24.0,26.0,3.0,7.0,2.4,3.3,2.9,,,
2010-09-25,Werder Bremen,Hamburg,3,2,H,15.0,13.0,7.0,5.0,19.0,16.0,3.0,7.0,2.4,3.3,2.9,,,
2010-09-26,Kaiserslautern,Hannover 96,0,1,A,19.0,5.0,5.0,2.0,18.0,20.0,7.0,4.0,2.25,3.25,3.2,,,
2010-09-26,VfL Wolfsburg,SC Freiburg,2,1,H,13.0,15.0,5.0,5.0,13.0,17.0,5.0,3.0,1.44,4.33,7.0,,,
2010-10-01,Hannover 96,FC St. Pauli,0,1,A,7.0,10.0,2.0,4.0,15.0,16.0,3.0,3.0,2.0,3.4,3.6,,,
2010-10-02,Borussia Monchengladbach,VfL Wolfsburg,1,1,D,26.0,11.0,8.0,2.0,9.0,15.0,5.0,3.0,3.5,3.4,2.05,,,
2010-10-02,FC Nurnberg,FC Schalke 04,2,1,H,10.0,6.0,4.0,2.0,11.0,22.0,5.0,5.0,3.0,3.4,2.3,,,
2010-10-02,Hamburg,Kaiserslautern,2,1,H,12.0,8.0,5.0,2.0,13.0,29.0,8.0,7.0,1.5,4.0,6.75,,,
2010-10-02,SC Freiburg,FC Cologne,3,2,H,13.0,12.0,4.0,5.0,10.0,19.0,5.0,4.0,2.25,3.3,3.2,,,
2010-10-02,FSV Mainz 05,TSG Hoffenheim,4,2,H,12.0,17.0,5.0,6.0,15.0,22.0,4.0,11.0,2.2,3.3,3.3,,,
2010-10-03,Borussia Dortmund,Bayern Munich,2,0,H,13.0,9.0,3.0,2.0,17.0,17.0,1.0,8.0,2.55,3.3,2.7,,,
2010-10-03,Bayer Leverkusen,Werder Bremen,2,2,D,17.0,10.0,6.0,3.0,13.0,19.0,4.0,3.0,2.1,3.4,3.4,,,
2010-10-03,VfB Stuttgart,Ein Frankfurt,1,2,A,13.0,12.0,5.0,3.0,16.0,15.0,6.0,3.0,1.91,3.5,3.9,,,
2010-10-15,FC Cologne,Borussia Dortmund,1,2,A,16.0,20.0,5.0,5.0,24.0,17.0,4.0,2.0,4.33,3.6,1.8,,,
2010-10-16,VfL Wolfsburg,Bayer Leverkusen,2,3,A,9.0,16.0,5.0,5.0,14.0,15.0,5.0,7.0,2.3,3.4,3.0,,,
2010-10-16,Werder Bremen,SC Freiburg,2,1,H,21.0,13.0,6.0,3.0,13.0,19.0,11.0,0.0,1.53,4.33,5.5,,,
2010-10-16,FC St. Pauli,FC Nurnberg,3,2,H,14.0,14.0,7.0,6.0,14.0,18.0,6.0,6.0,2.25,3.2,3.4,,,
2010-10-16,FSV Mainz 05,Hamburg,0,1,A,13.0,12.0,5.0,4.0,14.0,14.0,7.0,4.0,2.25,3.4,3.1,,,
2010-10-16,Bayern Munich,Hannover 96,3,0,H,15.0,7.0,8.0,1.0,9.0,18.0,5.0,3.0,1.4,4.5,7.5,,,
2010-10-16,FC Schalke 04,VfB Stuttgart,2,2,D,16.0,10.0,5.0,6.0,16.0,13.0,7.0,3.0,2.0,3.4,3.75,,,
2010-10-17,TSG Hoffenheim,Borussia Monchengladbach,3,2,H,27.0,12.0,6.0,6.0,23.0,19.0,9.0,6.0,1.65,3.75,5.25,,,
2010-10-17,Kaiserslautern,Ein Frankfurt,0,3,A,10.0,9.0,3.0,6.0,18.0,16.0,4.0,2.0,2.38,3.25,3.0,,,
2010-10-22,Hamburg,Bayern Munich,0,0,D,16.0,11.0,3.0,1.0,7.0,13.0,5.0,2.0,2.63,3.3,2.63,,,
2010-10-23,FC Nurnberg,VfL Wolfsburg,2,1,H,17.0,8.0,4.0,2.0,12.0,15.0,4.0,4.0,2.9,3.3,2.38,,,
2010-10-23,Borussia Monchengladbach,Werder Bremen,1,4,A,17.0,14.0,9.0,7.0,16.0,19.0,3.0,3.0,3.3,3.5,2.1,,,
2010-10-23,SC Freiburg,Kaiserslautern,2,1,H,13.0,17.0,5.0,2.0,18.0,15.0,6.0,7.0,2.25,3.25,3.2,,,
2010-10-23,Ein Frankfurt,FC Schalke 04,0,0,D,17.0,5.0,1.0,2.0,11.0,19.0,8.0,5.0,2.8,3.25,2.5,,,
2010-10-23,Hannover 96,FC Cologne,2,1,H,8.0,9.0,4.0,2.0,15.0,18.0,3.0,11.0,2.1,3.25,3.5,,,
2010-10-24,Borussia Dortmund,TSG Hoffenheim,1,1,D,17.0,9.0,4.0,5.0,8.0,31.0,8.0,3.0,1.75,3.6,4.6,,,
2010-10-24,Bayer Leverkusen,FSV Mainz 05,0,1,A,16.0,10.0,2.0,4.0,16.0,20.0,9.0,3.0,1.8,3.75,4.2,,,
2010-10-24,VfB Stuttgart,FC St. Pauli,2,0,H,15.0,17.0,7.0,5.0,16.0,19.0,5.0,4.0,1.67,3.75,5.0,,,
2010-10-29,Bayern Munich,SC Freiburg,4,2,H,16.0,6.0,5.0,2.0,8.0,12.0,4.0,1.0,1.29,5.0,11.0,,,
2010-10-30,FC Schalke 04,Bayer Leverkusen,0,1,A,7.0,11.0,4.0,3.0,21.0,10.0,5.0,5.0,2.5,3.3,2.75,,,
2010-10-30,FC St. Pauli,Ein Frankfurt,1,3,A,14.0,8.0,3.0,4.0,22.0,18.0,6.0,4.0,2.5,3.25,2.8,,,
2010-10-30,Werder Bremen,FC Nurnberg,2,3,A,12.0,17.0,6.0,8.0,23.0,15.0,4.0,2.0,1.5,4.33,6.0,,,
2010-10-30,VfL Wolfsburg,VfB Stuttgart,2,0,H,18.0,12.0,9.0,6.0,12.0,14.0,7.0,4.0,2.1,3.4,3.4,,,
2010-10-30,FC Cologne,Hamburg,3,2,H,8.0,11.0,3.0,4.0,21.0,22.0,6.0,3.0,3.7,3.4,2.0,,,
2010-10-30,Kaiserslautern,Borussia Monchengladbach,3,0,H,14.0,13.0,5.0,3.0,22.0,15.0,9.0,4.0,2.1,3.4,3.4,,,
2010-10-31,TSG Hoffenheim,Hannover 96,4,0,H,18.0,5.0,7.0,2.0,10.0,15.0,4.0,2.0,1.62,3.7,5.5,,,
2010-10-31,FSV Mainz 05,Borussia Dortmund,0,2,A,11.0,17.0,4.0,8.0,13.0,25.0,5.0,8.0,2.75,3.3,2.5,,,
2010-11-05,FC Schalke 04,FC St. Pauli,3,0,H,13.0,6.0,6.0,0.0,15.0,11.0,5.0,3.0,1.7,3.6,5.0,,,
2010-11-06,Ein Frankfurt,VfL Wolfsburg,3,1,H,15.0,13.0,8.0,7.0,18.0,25.0,3.0,4.0,2.38,3.4,2.88,,,
2010-11-06,SC Freiburg,FSV Mainz 05,1,0,H,14.0,6.0,4.0,1.0,18.0,17.0,3.0,9.0,2.9,3.3,2.4,,,
2010-11-06,Hamburg,TSG Hoffenheim,2,1,H,18.0,13.0,2.0,6.0,15.0,27.0,8.0,6.0,2.25,3.25,3.2,,,
2010-11-06,Borussia Monchengladbach,Bayern Munich,3,3,D,9.0,16.0,4.0,6.0,14.0,8.0,2.0,9.0,5.5,4.0,1.57,,,
2010-11-06,FC Nurnberg,FC Cologne,3,1,H,20.0,7.0,6.0,4.0,8.0,15.0,13.0,7.0,2.0,3.4,3.75,,,
2010-11-07,Bayer Leverkusen,Kaiserslautern,3,1,H,25.0,12.0,7.0,4.0,14.0,20.0,6.0,2.0,1.44,4.5,6.5,,,
2010-11-07,Hannover 96,Borussia Dortmund,0,4,A,7.0,19.0,2.0,13.0,18.0,10.0,2.0,4.0,4.33,3.6,1.8,,,
2010-11-07,VfB Stuttgart,Werder Bremen,6,0,H,16.0,11.0,12.0,4.0,10.0,15.0,5.0,7.0,2.5,3.3,2.75,,,
2010-11-12,Borussia Dortmund,Hamburg,2,0,H,11.0,7.0,4.0,1.0,22.0,17.0,4.0,0.0,1.73,3.75,4.5,,,
2010-11-13,FC Cologne,Borussia Monchengladbach,0,4,A,17.0,19.0,3.0,4.0,16.0,19.0,6.0,7.0,2.1,3.5,3.3,,,
2010-11-13,Kaiserslautern,VfB Stuttgart,3,3,D,16.0,12.0,5.0,7.0,17.0,18.0,3.0,4.0,3.0,3.4,2.3,,,
2010-11-13,FSV Mainz 05,Hannover 96,0,1,A,12.0,12.0,2.0,5.0,14.0,22.0,3.0,7.0,1.73,3.5,5.0,,,
2010-11-13,FC St. Pauli,Bayer Leverkusen,0,1,A,8.0,23.0,1.0,8.0,22.0,16.0,1.0,3.0,3.4,3.4,2.1,,,
2010-11-13,Werder Bremen,Ein Frankfurt,0,0,D,18.0,13.0,7.0,1.0,14.0,9.0,10.0,3.0,1.91,3.6,3.75,,,
2010-11-13,VfL Wolfsburg,FC Schalke 04,2,2,D,17.0,13.0,4.0,5.0,12.0,20.0,7.0,7.0,2.25,3.5,3.0,,,
2010-11-14,Bayern Munich,FC Nurnberg,3,0,H,13.0,12.0,7.0,2.0,16.0,9.0,3.0,2.0,1.33,5.0,8.5,,,
2010-11-14,TSG Hoffenheim,SC Freiburg,0,1,A,12.0,10.0,7.0,3.0,16.0,20.0,3.0,6.0,1.62,3.75,5.5,,,
2010-11-20,FC Nurnberg,Kaiserslautern,1,3,A,18.0,10.0,6.0,7.0,12.0,18.0,8.0,4.0,1.95,3.5,3.75,,,
2010-11-20,Borussia Monchengladbach,FSV Mainz 05,2,3,A,8.0,16.0,4.0,8.0,20.0,13.0,3.0,4.0,2.4,3.4,2.8,,,
2010-11-20,FC Schalke 04,Werder Bremen,4,0,H,14.0,10.0,8.0,2.0,19.0,14.0,8.0,2.0,2.2,3.4,3.2,,,
2010-11-20,Hannover 96,Hamburg,3,2,H,14.0,11.0,5.0,4.0,18.0,20.0,6.0,4.0,2.88,3.4,2.38,,,
2010-11-20,SC Freiburg,Borussia Dortmund,1,2,A,9.0,18.0,2.0,8.0,8.0,10.0,3.0,6.0,5.5,3.75,1.62,,,
2010-11-20,Ein Frankfurt,TSG Hoffenheim,0,4,A,8.0,18.0,3.0,9.0,12.0,21.0,2.0,6.0,2.25,3.4,3.1,,,
2010-11-20,Bayer Leverkusen,Bayern Munich,1,1,D,17.0,8.0,8.0,1.0,23.0,14.0,4.0,5.0,3.0,3.4,2.3,,,
2010-11-21,FC St. Pauli,VfL Wolfsburg,1,1,D,18.0,3.0,5.0,2.0,14.0,27.0,2.0,4.0,3.2,3.4,2.2,,,
2010-11-21,VfB Stuttgart,FC Cologne,0,1,A,20.0,18.0,5.0,8.0,16.0,15.0,10.0,9.0,1.53,4.0,6.0,,,
2010-11-26,FSV Mainz 05,FC Nurnberg,3,0,H,10.0,13.0,4.0,3.0,17.0,15.0,1.0,4.0,1.85,3.4,4.33,,,
2010-11-27,Hamburg,VfB Stuttgart,4,2,H,15.0,14.0,8.0,3.0,9.0,16.0,6.0,7.0,2.1,3.3,3.5,,,
2010-11-27,Hannover 96,SC Freiburg,3,0,H,12.0,13.0,8.0,2.0,18.0,15.0,7.0,4.0,2.25,3.2,3.25,,,
2010-11-27,TSG Hoffenheim,Bayer Leverkusen,2,2,D,15.0,7.0,6.0,2.0,18.0,19.0,5.0,2.0,2.55,3.3,2.7,,,
2010-11-27,Kaiserslautern,FC Schalke 04,5,0,H,15.0,6.0,8.0,3.0,19.0,16.0,8.0,2.0,3.25,3.3,2.2,,,
2010-11-27,Borussia Dortmund,Borussia Monchengladbach,4,1,H,22.0,8.0,8.0,4.0,15.0,13.0,7.0,1.0,1.29,5.5,9.5,,,
2010-11-27,Bayern Munich,Ein Frankfurt,4,1,H,25.0,8.0,8.0,4.0,11.0,11.0,15.0,7.0,1.36,4.75,8.0,,,
2010-11-28,FC Cologne,VfL Wolfsburg,1,1,D,13.0,11.0,3.0,1.0,10.0,16.0,3.0,2.0,2.8,3.3,2.45,,,
2010-11-28,Werder Bremen,FC St. Pauli,3,0,H,14.0,16.0,8.0,4.0,14.0,16.0,5.0,10.0,1.75,3.75,4.5,,,
2010-12-03,FC St. Pauli,Kaiserslautern,1,0,H,16.0,12.0,6.0,4.0,11.0,15.0,2.0,3.0,2.4,3.4,2.8,,,
2010-12-04,VfB Stuttgart,TSG Hoffenheim,1,1,D,19.0,11.0,5.0,7.0,18.0,19.0,4.0,2.0,2.2,3.5,3.1,,,
2010-12-04,VfL Wolfsburg,Werder Bremen,0,0,D,11.0,15.0,4.0,7.0,19.0,16.0,2.0,7.0,2.0,3.6,3.5,,,
2010-12-04,Borussia Monchengladbach,Hannover 96,1,2,A,15.0,12.0,3.0,4.0,11.0,17.0,1.0,3.0,2.25,3.4,3.1,,,
2010-12-04,SC Freiburg,Hamburg,1,0,H,10.0,12.0,4.0,6.0,16.0,15.0,8.0,4.0,3.0,3.4,2.3,,,
2010-12-04,Ein Frankfurt,FSV Mainz 05,2,1,H,15.0,10.0,4.0,2.0,21.0,27.0,2.0,5.0,2.2,3.2,3.4,,,
2010-12-04,FC Schalke 04,Bayern Munich,2,0,H,12.0,17.0,4.0,5.0,13.0,7.0,4.0,9.0,3.4,3.4,2.1,,,
2010-12-05,Bayer Leverkusen,FC Cologne,3,2,H,11.0,14.0,5.0,5.0,9.0,19.0,5.0,0.0,1.4,4.5,8.0,,,
2010-12-05,FC Nurnberg,Borussia Dortmund,0,2,A,7.0,16.0,1.0,7.0,13.0,17.0,3.0,6.0,4.5,3.75,1.73,,,
2010-12-10,Hannover 96,VfB Stuttgart,2,1,H,16.0,22.0,8.0,3.0,15.0,18.0,5.0,3.0,2.4,3.4,2.8,,,
2010-12-11,FC Cologne,Ein Frankfurt,1,0,H,10.0,14.0,5.0,3.0,20.0,14.0,7.0,6.0,2.38,3.4,2.88,,,
2010-12-11,Hamburg,Bayer Leverkusen,2,4,A,8.0,16.0,3.0,8.0,23.0,18.0,3.0,4.0,2.5,3.3,2.75,,,
2010-12-11,TSG Hoffenheim,FC Nurnberg,1,1,D,19.0,11.0,4.0,4.0,18.0,23.0,11.0,5.0,1.62,3.8,5.5,,,
2010-12-11,Bayern Munich,FC St. Pauli,3,0,H,22.0,9.0,10.0,1.0,13.0,21.0,13.0,4.0,1.2,6.5,13.0,,,
2010-12-11,Borussia Dortmund,Werder Bremen,2,0,H,11.0,8.0,5.0,2.0,20.0,22.0,3.0,5.0,1.57,4.2,5.25,,,
2010-12-11,Kaiserslautern,VfL Wolfsburg,0,0,D,18.0,5.0,2.0,0.0,15.0,16.0,5.0,0.0,2.5,3.3,2.75,,,
2010-12-12,SC Freiburg,Borussia Monchengladbach,3,0,H,22.0,14.0,8.0,6.0,14.0,14.0,7.0,2.0,1.91,3.6,3.8,,,
2010-12-12,FSV Mainz 05,FC Schalke 04,0,1,A,7.0,10.0,4.0,2.0,11.0,20.0,1.0,10.0,2.5,3.3,2.75,,,
2010-12-17,Borussia Monchengladbach,Hamburg,1,2,A,18.0,15.0,8.0,9.0,12.0,11.0,5.0,8.0,3.25,3.5,2.1,,,
2010-12-18,Ein Frankfurt,Borussia Dortmund,1,0,H,12.0,9.0,4.0,1.0,18.0,14.0,3.0,8.0,4.5,3.75,1.75,,,
2010-12-18,FC Nurnberg,Hannover 96,3,1,H,19.0,5.0,9.0,1.0,24.0,23.0,6.0,3.0,2.1,3.4,3.4,,,
2010-12-18,FC Schalke 04,FC Cologne,3,0,H,16.0,6.0,6.0,1.0,10.0,13.0,6.0,6.0,1.44,4.2,7.5,,,
2010-12-18,FC St. Pauli,FSV Mainz 05,2,4,A,14.0,20.0,6.0,7.0,21.0,18.0,11.0,8.0,2.6,3.2,2.75,,,
2010-12-18,Werder Bremen,Kaiserslautern,1,2,A,22.0,17.0,5.0,7.0,16.0,15.0,8.0,2.0,1.62,4.0,5.0,,,
2010-12-18,VfL Wolfsburg,TSG Hoffenheim,2,2,D,13.0,15.0,5.0,7.0,22.0,15.0,4.0,3.0,2.1,3.5,3.3,,,
2010-12-19,VfB Stuttgart,Bayern Munich,3,5,A,12.0,10.0,7.0,9.0,20.0,16.0,3.0,4.0,4.0,3.6,1.85,,,
2010-12-19,Bayer Leverkusen,SC Freiburg,2,2,D,14.0,8.0,6.0,4.0,17.0,15.0,3.0,1.0,1.44,4.33,7.0,,,
2011-01-14,Bayer Leverkusen,Borussia Dortmund,1,3,A,12.0,11.0,3.0,5.0,11.0,18.0,6.0,7.0,2.38,3.4,2.88,,,
2011-01-15,FC Nurnberg,Borussia Monchengladbach,0,1,A,17.0,6.0,4.0,3.0,16.0,29.0,6.0,3.0,2.0,3.5,3.6,,,
2011-01-15,FC Schalke 04,Hamburg,0,1,A,10.0,9.0,1.0,3.0,26.0,12.0,7.0,5.0,2.1,3.4,3.4,,,
2011-01-15,VfL Wolfsburg,Bayern Munich,1,1,D,10.0,14.0,4.0,6.0,16.0,16.0,5.0,9.0,5.0,3.6,1.7,,,
2011-01-15,VfB Stuttgart,FSV Mainz 05,1,0,H,7.0,16.0,2.0,4.0,20.0,14.0,6.0,7.0,1.95,3.4,3.8,,,
2011-01-15,Werder Bremen,TSG Hoffenheim,2,1,H,12.0,8.0,4.0,2.0,24.0,19.0,8.0,4.0,2.0,3.5,3.6,,,
2011-01-15,FC St. Pauli,SC Freiburg,2,2,D,11.0,9.0,6.0,7.0,15.0,20.0,5.0,3.0,2.3,3.3,3.1,,,
2011-01-16,Ein Frankfurt,Hannover 96,0,3,A,12.0,16.0,4.0,6.0,13.0,26.0,5.0,5.0,2.0,3.4,3.75,,,
2011-01-16,Kaiserslautern,FC Cologne,1,1,D,15.0,14.0,4.0,3.0,18.0,24.0,10.0,4.0,1.91,3.5,4.2,,,
2011-01-21,Hamburg,Ein Frankfurt,1,0,H,9.0,6.0,4.0,1.0,13.0,15.0,6.0,4.0,1.53,4.0,6.0,,,
2011-01-22,Bayern Munich,Kaiserslautern,5,1,H,19.0,13.0,9.0,6.0,8.0,11.0,6.0,5.0,1.22,6.0,12.0,,,
2011-01-22,Borussia Dortmund,VfB Stuttgart,1,1,D,18.0,7.0,7.0,3.0,9.0,8.0,8.0,6.0,1.5,4.33,6.5,,,
2011-01-22,FC Cologne,Werder Bremen,3,0,H,11.0,3.0,5.0,1.0,11.0,25.0,7.0,3.0,2.9,3.3,2.38,,,
2011-01-22,SC Freiburg,FC Nurnberg,1,1,D,6.0,11.0,2.0,2.0,21.0,13.0,4.0,5.0,2.38,3.2,3.0,,,
2011-01-22,Hannover 96,FC Schalke 04,0,1,A,11.0,11.0,4.0,4.0,11.0,21.0,4.0,5.0,2.9,3.3,2.38,,,
2011-01-22,FSV Mainz 05,VfL Wolfsburg,0,1,A,14.0,8.0,3.0,2.0,16.0,23.0,3.0,5.0,2.3,3.25,3.1,,,
2011-01-23,TSG Hoffenheim,FC St. Pauli,2,2,D,10.0,14.0,4.0,5.0,25.0,16.0,4.0,4.0,1.6,3.75,5.75,,,
2011-01-23,Borussia Monchengladbach,Bayer Leverkusen,1,3,A,16.0,8.0,6.0,4.0,19.0,15.0,3.0,1.0,4.2,3.75,1.8,,,
2011-01-28,Bayer Leverkusen,Hannover 96,2,0,H,11.0,9.0,6.0,3.0,18.0,12.0,5.0,3.0,1.53,4.0,6.0,,,
2011-01-29,VfL Wolfsburg,Borussia Dortmund,0,3,A,9.0,17.0,2.0,8.0,18.0,12.0,4.0,3.0,4.0,3.75,1.83,,,
2011-01-29,Werder Bremen,Bayern Munich,1,3,A,9.0,17.0,4.0,6.0,21.0,18.0,7.0,4.0,4.75,4.0,1.67,,,
2011-01-29,FC Schalke 04,TSG Hoffenheim,0,1,A,10.0,16.0,1.0,5.0,19.0,16.0,9.0,4.0,1.73,3.5,5.0,,,
2011-01-29,FC Nurnberg,Hamburg,2,0,H,17.0,7.0,7.0,1.0,18.0,20.0,6.0,3.0,3.3,3.5,2.1,,,
2011-01-29,Kaiserslautern,FSV Mainz 05,0,1,A,17.0,12.0,6.0,5.0,15.0,16.0,6.0,3.0,2.2,3.3,3.25,,,
2011-01-29,FC St. Pauli,FC Cologne,3,0,H,30.0,3.0,10.0,2.0,16.0,16.0,11.0,2.0,2.3,3.3,3.1,,,
2011-01-30,Ein Frankfurt,Borussia Monchengladbach,0,1,A,17.0,16.0,2.0,7.0,7.0,18.0,4.0,4.0,2.0,3.5,3.6,,,
2011-01-30,VfB Stuttgart,SC Freiburg,0,1,A,15.0,9.0,4.0,3.0,10.0,20.0,9.0,3.0,1.53,3.8,6.5,,,
2011-02-04,Borussia Dortmund,FC Schalke 04,0,0,D,21.0,6.0,9.0,2.0,13.0,19.0,1.0,2.0,1.62,3.8,5.5,,,
2011-02-05,FC Cologne,Bayern Munich,3,2,H,17.0,12.0,6.0,4.0,19.0,17.0,5.0,7.0,7.0,4.33,1.44,,,
2011-02-05,Hannover 96,VfL Wolfsburg,1,0,H,10.0,12.0,4.0,3.0,18.0,16.0,4.0,4.0,2.5,3.3,2.75,,,
2011-02-05,TSG Hoffenheim,Kaiserslautern,3,2,H,17.0,24.0,8.0,7.0,17.0,24.0,4.0,7.0,1.8,3.6,4.33,,,
2011-02-05,FSV Mainz 05,Werder Bremen,1,1,D,10.0,9.0,5.0,3.0,19.0,24.0,6.0,3.0,2.4,3.4,2.8,,,
2011-02-05,Borussia Monchengladbach,VfB Stuttgart,2,3,A,12.0,9.0,5.0,3.0,19.0,14.0,5.0,3.0,2.88,3.3,2.4,,,
2011-02-05,FC Nurnberg,Bayer Leverkusen,1,0,H,9.0,11.0,3.0,0.0,25.0,19.0,3.0,2.0,3.4,3.4,2.1,,,
2011-02-06,SC Freiburg,Ein Frankfurt,0,0,D,12.0,12.0,0.0,3.0,14.0,21.0,5.0,6.0,2.1,3.4,3.4,,,
2011-02-12,FC St. Pauli,Borussia Monchengladbach,3,1,H,23.0,7.0,9.0,2.0,14.0,15.0,9.0,1.0,2.0,3.5,3.6,,,
2011-02-12,VfL Wolfsburg,Hamburg,0,1,A,8.0,9.0,1.0,4.0,25.0,15.0,5.0,5.0,2.5,3.3,2.75,,,
2011-02-12,Kaiserslautern,Borussia Dortmund,1,1,D,15.0,17.0,3.0,6.0,14.0,16.0,6.0,2.0,5.5,3.8,1.62,,,
2011-02-12,FC Schalke 04,SC Freiburg,1,0,H,20.0,3.0,7.0,1.0,7.0,22.0,12.0,0.0,1.67,3.75,5.0,,,
2011-02-12,VfB Stuttgart,FC Nurnberg,1,4,A,10.0,20.0,5.0,10.0,10.0,21.0,3.0,7.0,1.73,3.6,4.75,,,
2011-02-12,Ein Frankfurt,Bayer Leverkusen,0,3,A,12.0,12.0,3.0,6.0,25.0,15.0,1.0,6.0,3.75,3.4,2.0,,,
2011-02-12,Bayern Munich,TSG Hoffenheim,4,0,H,17.0,14.0,11.0,4.0,5.0,17.0,8.0,3.0,1.33,5.0,9.0,,,
2011-02-13,FC Cologne,FSV Mainz 05,4,2,H,15.0,9.0,9.0,4.0,20.0,17.0,5.0,1.0,2.4,3.3,2.9,,,
2011-02-13,Werder Bremen,Hannover 96,1,1,D,13.0,6.0,5.0,4.0,18.0,21.0,11.0,3.0,1.73,3.75,4.5,,,
2011-02-16,Hamburg,FC St. Pauli,0,1,A,22.0,5.0,6.0,3.0,15.0,19.0,11.0,5.0,1.62,3.75,5.5,,,
2011-02-18,FC Nurnberg,Ein Frankfurt,3,0,H,16.0,3.0,7.0,1.0,13.0,21.0,8.0,1.0,1.91,3.6,3.8,,,
2011-02-19,FSV Mainz 05,Bayern Munich,1,3,A,18.0,19.0,7.0,9.0,18.0,13.0,4.0,11.0,5.0,4.0,1.62,,,
2011-02-19,TSG Hoffenheim,FC Cologne,1,1,D,17.0,8.0,4.0,2.0,20.0,21.0,4.0,1.0,1.75,3.7,4.5,,,
2011-02-19,Hamburg,Werder Bremen,4,0,H,14.0,8.0,6.0,2.0,21.0,19.0,6.0,3.0,1.91,3.6,3.75,,,
2011-02-19,SC Freiburg,VfL Wolfsburg,2,1,H,14.0,18.0,5.0,8.0,14.0,12.0,7.0,9.0,2.5,3.3,2.75,,,
2011-02-19,Borussia Dortmund,FC St. Pauli,2,0,H,25.0,3.0,12.0,1.0,16.0,14.0,8.0,1.0,1.25,5.5,12.0,,,
2011-02-19,Hannover 96,Kaiserslautern,3,0,H,12.0,10.0,5.0,4.0,12.0,14.0,7.0,6.0,2.0,3.5,3.6,,,
2011-02-20,Bayer Leverkusen,VfB Stuttgart,4,2,H,18.0,11.0,7.0,4.0,11.0,12.0,6.0,4.0,1.62,4.0,5.0,,,
2011-02-20,Borussia Monchengladbach,FC Schalke 04,2,1,H,13.0,4.0,7.0,1.0,19.0,17.0,3.0,0.0,3.4,3.4,2.1,,,
2011-02-25,VfL Wolfsburg,Borussia Monchengladbach,2,1,H,15.0,14.0,6.0,6.0,17.0,25.0,5.0,3.0,1.8,3.75,4.2,,,
2011-02-26,FC St. Pauli,Hannover 96,0,1,A,7.0,8.0,1.0,5.0,20.0,21.0,3.0,5.0,2.3,3.5,2.88,,,
2011-02-26,FC Schalke 04,FC Nurnberg,1,1,D,16.0,16.0,8.0,4.0,13.0,17.0,10.0,3.0,1.83,3.5,4.33,,,
2011-02-26,TSG Hoffenheim,FSV Mainz 05,1,2,A,13.0,10.0,4.0,7.0,18.0,23.0,6.0,4.0,2.0,3.4,3.75,,,
2011-02-26,Bayern Munich,Borussia Dortmund,1,3,A,14.0,16.0,4.0,5.0,10.0,11.0,10.0,4.0,1.73,3.6,4.75,,,
2011-02-26,Kaiserslautern,Hamburg,1,1,D,16.0,16.0,8.0,5.0,17.0,10.0,4.0,3.0,3.1,3.4,2.25,,,
2011-02-26,FC Cologne,SC Freiburg,1,0,H,22.0,12.0,6.0,1.0,12.0,20.0,8.0,5.0,2.25,3.25,3.2,,,
2011-02-27,Ein Frankfurt,VfB Stuttgart,0,2,A,30.0,11.0,5.0,6.0,19.0,13.0,13.0,3.0,2.5,3.3,2.75,,,
2011-02-27,Werder Bremen,Bayer Leverkusen,2,2,D,9.0,17.0,6.0,6.0,19.0,11.0,2.0,6.0,3.1,3.4,2.25,,,
2011-03-04,Borussia Dortmund,FC Cologne,1,0,H,24.0,7.0,8.0,1.0,19.0,18.0,10.0,3.0,1.33,5.0,9.0,,,
2011-03-05,Ein Frankfurt,Kaiserslautern,0,0,D,6.0,9.0,0.0,2.0,10.0,22.0,2.0,5.0,2.3,3.4,3.0,,,
2011-03-05,Hannover 96,Bayern Munich,3,1,H,13.0,12.0,7.0,6.0,24.0,9.0,2.0,2.0,5.0,3.75,1.67,,,
2011-03-05,Bayer Leverkusen,VfL Wolfsburg,3,0,H,14.0,9.0,9.0,1.0,19.0,15.0,7.0,2.0,1.57,4.0,5.5,,,
2011-03-05,Borussia Monchengladbach,TSG Hoffenheim,2,0,H,13.0,9.0,6.0,0.0,17.0,30.0,8.0,4.0,2.6,3.4,2.6,,,
2011-03-05,FC Nurnberg,FC St. Pauli,5,0,H,20.0,4.0,7.0,1.0,17.0,16.0,4.0,1.0,1.83,3.5,4.33,,,
2011-03-05,VfB Stuttgart,FC Schalke 04,1,0,H,22.0,14.0,5.0,3.0,12.0,18.0,5.0,5.0,2.1,3.4,3.4,,,
2011-03-06,SC Freiburg,Werder Bremen,1,3,A,9.0,16.0,1.0,7.0,19.0,21.0,3.0,4.0,2.38,3.4,2.88,,,
2011-03-06,Hamburg,FSV Mainz 05,2,4,A,8.0,12.0,4.0,6.0,17.0,15.0,4.0,5.0,1.91,3.4,4.0,,,
2011-03-11,FC Cologne,Hannover 96,4,0,H,12.0,14.0,7.0,4.0,15.0,20.0,2.0,6.0,2.4,3.3,2.9,,,
2011-03-12,Kaiserslautern,SC Freiburg,2,1,H,19.0,9.0,6.0,2.0,14.0,15.0,3.0,3.0,2.15,3.3,3.4,,,
2011-03-12,TSG Hoffenheim,Borussia Dortmund,1,0,H,11.0,16.0,4.0,3.0,21.0,15.0,2.0,5.0,4.75,3.6,1.73,,,
2011-03-12,VfL Wolfsburg,FC Nurnberg,1,2,A,12.0,8.0,5.0,4.0,19.0,28.0,2.0,5.0,2.2,3.4,3.2,,,
2011-03-12,FC Schalke 04,Ein Frankfurt,2,1,H,9.0,7.0,5.0,5.0,17.0,19.0,6.0,3.0,1.67,3.5,5.5,,,
2011-03-12,Werder Bremen,Borussia Monchengladbach,1,1,D,18.0,12.0,5.0,3.0,12.0,9.0,9.0,7.0,1.67,3.75,5.0,,,
2011-03-12,Bayern Munich,Hamburg,6,0,H,17.0,10.0,8.0,3.0,11.0,12.0,4.0,4.0,1.53,4.0,6.0,,,
2011-03-13,FSV Mainz 05,Bayer Leverkusen,0,1,A,5.0,14.0,1.0,3.0,25.0,15.0,6.0,4.0,3.25,3.3,2.2,,,
2011-03-13,FC St. Pauli,VfB Stuttgart,1,2,A,9.0,17.0,2.0,9.0,19.0,15.0,5.0,2.0,3.2,3.4,2.2,,,
2011-03-18,Borussia Monchengladbach,Kaiserslautern,0,1,A,8.0,13.0,4.0,3.0,15.0,20.0,4.0,3.0,2.25,3.4,3.1,,,
2011-03-19,Borussia Dortmund,FSV Mainz 05,1,1,D,15.0,9.0,3.0,3.0,13.0,14.0,7.0,2.0,1.4,4.33,8.5,,,
2011-03-19,Ein Frankfurt,FC St. Pauli,2,1,H,13.0,11.0,6.0,3.0,18.0,23.0,3.0,3.0,2.0,3.4,3.7,,,
2011-03-19,SC Freiburg,Bayern Munich,1,2,A,12.0,11.0,4.0,6.0,14.0,18.0,5.0,6.0,6.5,4.1,1.5,,,
2011-03-19,Hamburg,FC Cologne,6,2,H,21.0,9.0,7.0,3.0,14.0,20.0,2.0,1.0,1.7,3.6,4.75,,,
2011-03-19,Hannover 96,TSG Hoffenheim,2,0,H,9.0,12.0,3.0,2.0,14.0,21.0,4.0,4.0,2.25,3.4,3.1,,,
2011-03-19,FC Nurnberg,Werder Bremen,1,3,A,8.0,8.0,4.0,6.0,18.0,19.0,3.0,7.0,2.2,3.4,3.2,,,
2011-03-20,Bayer Leverkusen,FC Schalke 04,2,0,H,13.0,7.0,7.0,5.0,14.0,24.0,8.0,3.0,1.75,3.6,4.5,,,
2011-03-20,VfB Stuttgart,VfL Wolfsburg,1,1,D,16.0,9.0,4.0,6.0,18.0,22.0,1.0,3.0,1.95,3.5,3.75,,,
2011-04-01,FC St. Pauli,FC Schalke 04,0,2,A,17.0,11.0,2.0,3.0,16.0,13.0,7.0,5.0,3.4,3.25,2.15,,,
2011-04-02,Werder Bremen,VfB Stuttgart,1,1,D,27.0,6.0,8.0,2.0,12.0,23.0,12.0,3.0,2.2,3.4,3.2,,,
2011-04-02,FSV Mainz 05,SC Freiburg,1,1,D,12.0,7.0,3.0,1.0,15.0,22.0,5.0,1.0,1.85,3.6,4.0,,,
2011-04-02,TSG Hoffenheim,Hamburg,0,0,D,16.0,6.0,3.0,2.0,18.0,12.0,4.0,5.0,2.5,3.3,2.75,,,
2011-04-02,Borussia Dortmund,Hannover 96,4,1,H,21.0,7.0,10.0,3.0,8.0,10.0,4.0,6.0,1.4,4.5,8.0,,,
2011-04-02,Bayern Munich,Borussia Monchengladbach,1,0,H,16.0,7.0,5.0,2.0,11.0,16.0,7.0,4.0,1.17,7.0,15.0,,,
2011-04-02,Kaiserslautern,Bayer Leverkusen,0,1,A,6.0,9.0,1.0,5.0,22.0,15.0,3.0,1.0,3.6,3.5,2.0,,,
2011-04-03,FC Cologne,FC Nurnberg,1,0,H,15.0,12.0,3.0,4.0,27.0,23.0,3.0,5.0,2.38,3.3,2.9,,,
2011-04-03,VfL Wolfsburg,Ein Frankfurt,1,1,D,27.0,6.0,9.0,4.0,12.0,14.0,14.0,1.0,1.8,3.5,4.5,,,
2011-04-08,Ein Frankfurt,Werder Bremen,1,1,D,14.0,19.0,8.0,6.0,25.0,21.0,8.0,6.0,2.8,3.4,2.4,,,
2011-04-09,VfB Stuttgart,Kaiserslautern,2,4,A,8.0,15.0,3.0,5.0,20.0,18.0,4.0,4.0,1.73,3.75,4.5,,,
2011-04-09,FC Schalke 04,VfL Wolfsburg,1,0,H,13.0,6.0,4.0,1.0,16.0,17.0,5.0,5.0,2.2,3.4,3.2,,,
2011-04-09,FC Nurnberg,Bayern Munich,1,1,D,24.0,9.0,3.0,4.0,15.0,21.0,6.0,6.0,5.25,4.0,1.6,,,
2011-04-09,Hamburg,Borussia Dortmund,1,1,D,8.0,15.0,4.0,7.0,21.0,13.0,2.0,4.0,3.1,3.5,2.2,,,
2011-04-09,SC Freiburg,TSG Hoffenheim,3,2,H,14.0,15.0,5.0,9.0,12.0,20.0,6.0,4.0,2.6,3.25,2.7,,,
2011-04-09,Hannover 96,FSV Mainz 05,2,0,H,21.0,9.0,9.0,4.0,14.0,14.0,15.0,4.0,2.2,3.3,3.25,,,
2011-04-10,Bayer Leverkusen,FC St. Pauli,2,1,H,19.0,6.0,5.0,1.0,15.0,22.0,4.0,1.0,1.2,6.0,15.0,,,
2011-04-10,Borussia Monchengladbach,FC Cologne,5,1,H,19.0,8.0,10.0,4.0,13.0,19.0,4.0,6.0,2.25,3.4,3.1,,,
2011-04-15,FSV Mainz 05,Borussia Monchengladbach,1,0,H,10.0,11.0,2.0,3.0,17.0,11.0,6.0,4.0,1.91,3.6,3.75,,,
2011-04-16,VfL Wolfsburg,FC St. Pauli,2,2,D,9.0,19.0,3.0,8.0,14.0,12.0,4.0,7.0,1.5,4.2,6.5,,,
2011-04-16,Werder Bremen,FC Schalke 04,1,1,D,15.0,14.0,5.0,6.0,12.0,24.0,8.0,3.0,2.1,3.4,3.4,,,
2011-04-16,Kaiserslautern,FC Nurnberg,0,2,A,10.0,12.0,2.0,7.0,17.0,13.0,0.0,6.0,2.25,3.4,3.1,,,
2011-04-16,FC Cologne,VfB Stuttgart,1,3,A,13.0,22.0,4.0,11.0,26.0,19.0,2.0,7.0,2.5,3.4,2.7,,,
2011-04-16,TSG Hoffenheim,Ein Frankfurt,1,0,H,16.0,13.0,4.0,5.0,20.0,9.0,3.0,8.0,2.0,3.5,3.6,,,
2011-04-16,Hamburg,Hannover 96,0,0,D,11.0,15.0,3.0,6.0,12.0,19.0,7.0,4.0,1.91,3.6,3.75,,,
2011-04-17,Bayern Munich,Bayer Leverkusen,5,1,H,5.0,7.0,4.0,3.0,15.0,12.0,3.0,2.0,1.83,3.75,4.0,,,
2011-04-17,Borussia Dortmund,SC Freiburg,3,0,H,20.0,2.0,5.0,2.0,13.0,23.0,4.0,1.0,1.29,5.5,9.5,,,
2011-04-21,SC Freiburg,Hannover 96,1,3,A,14.0,9.0,7.0,5.0,8.0,17.0,7.0,2.0,2.5,3.3,2.8,,,
2011-04-23,Ein Frankfurt,Bayern Munich,1,1,D,8.0,18.0,2.0,9.0,13.0,15.0,0.0,9.0,5.5,4.33,1.53,,,
2011-04-23,Bayer Leverkusen,TSG Hoffenheim,2,1,H,15.0,9.0,4.0,3.0,14.0,16.0,7.0,2.0,1.53,4.0,6.0,,,
2011-04-23,Borussia Monchengladbach,Borussia Dortmund,1,0,H,7.0,21.0,2.0,8.0,7.0,13.0,3.0,11.0,5.25,4.2,1.57,,,
2011-04-23,FC Schalke 04,Kaiserslautern,0,1,A,11.0,9.0,2.0,3.0,10.0,19.0,6.0,3.0,2.0,3.4,3.75,,,
2011-04-23,FC St. Pauli,Werder Bremen,1,3,A,5.0,14.0,3.0,4.0,22.0,13.0,4.0,4.0,3.25,3.5,2.1,,,
2011-04-23,VfB Stuttgart,Hamburg,3,0,H,14.0,11.0,6.0,4.0,9.0,12.0,3.0,6.0,2.1,3.4,3.4,,,
2011-04-24,FC Nurnberg,FSV Mainz 05,0,0,D,11.0,10.0,2.0,1.0,15.0,14.0,5.0,1.0,2.1,3.4,3.4,,,
2011-04-24,VfL Wolfsburg,FC Cologne,4,1,H,18.0,14.0,9.0,4.0,18.0,17.0,7.0,2.0,1.67,4.0,4.75,,,
2011-04-29,Kaiserslautern,FC St. Pauli,2,0,H,17.0,15.0,5.0,6.0,19.0,15.0,5.0,3.0,1.8,3.6,4.33,,,
2011-04-29,Werder Bremen,VfL Wolfsburg,0,1,A,14.0,10.0,4.0,2.0,11.0,22.0,9.0,5.0,2.1,3.6,3.2,,,
2011-04-30,FSV Mainz 05,Ein Frankfurt,3,0,H,23.0,7.0,11.0,2.0,19.0,16.0,5.0,1.0,2.0,3.4,3.75,,,
2011-04-30,TSG Hoffenheim,VfB Stuttgart,1,2,A,14.0,14.0,5.0,4.0,19.0,14.0,3.0,4.0,2.8,3.4,2.38,,,
2011-04-30,Hamburg,SC Freiburg,0,2,A,16.0,9.0,5.0,5.0,26.0,14.0,4.0,1.0,1.62,4.0,5.0,,,
2011-04-30,FC Cologne,Bayer Leverkusen,2,0,H,4.0,16.0,4.0,4.0,18.0,19.0,1.0,6.0,3.8,3.6,1.91,,,
2011-04-30,Bayern Munich,FC Schalke 04,4,1,H,22.0,3.0,8.0,0.0,9.0,19.0,7.0,1.0,1.29,5.5,9.5,,,
2011-04-30,Hannover 96,Borussia Monchengladbach,0,1,A,10.0,15.0,2.0,4.0,9.0,9.0,7.0,2.0,1.8,3.6,4.33,,,
2011-04-30,Borussia Dortmund,FC Nurnberg,2,0,H,11.0,8.0,5.0,2.0,20.0,13.0,4.0,4.0,1.4,4.5,7.5,,,
2011-05-07,Ein Frankfurt,FC Cologne,0,2,A,11.0,10.0,0.0,7.0,10.0,18.0,2.0,3.0,2.0,3.4,3.75,,,
2011-05-07,Bayer Leverkusen,Hamburg,1,1,D,13.0,11.0,3.0,5.0,13.0,20.0,5.0,3.0,1.44,4.33,7.0,,,
2011-05-07,Borussia Monchengladbach,SC Freiburg,2,0,H,10.0,6.0,5.0,3.0,20.0,15.0,3.0,9.0,1.57,4.0,5.5,,,
2011-05-07,FC Nurnberg,TSG Hoffenheim,1,2,A,11.0,15.0,5.0,4.0,15.0,20.0,9.0,4.0,1.8,3.6,4.33,,,
2011-05-07,FC Schalke 04,FSV Mainz 05,1,3,A,15.0,9.0,4.0,4.0,14.0,14.0,7.0,5.0,2.38,3.25,3.0,,,
2011-05-07,FC St. Pauli,Bayern Munich,1,8,A,12.0,17.0,5.0,10.0,15.0,15.0,3.0,8.0,11.0,6.5,1.22,,,
2011-05-07,VfB Stuttgart,Hannover 96,2,1,H,13.0,11.0,4.0,3.0,20.0,24.0,2.0,0.0,2.1,3.4,3.4,,,
2011-05-07,Werder Bremen,Borussia Dortmund,2,0,H,11.0,12.0,4.0,2.0,11.0,9.0,2.0,10.0,2.0,3.6,3.5,,,
2011-05-07,VfL Wolfsburg,Kaiserslautern,1,2,A,21.0,3.0,3.0,2.0,18.0,22.0,10.0,3.0,1.44,4.33,7.0,,,
2011-05-14,FSV Mainz 05,FC St. Pauli,2,1,H,19.0,14.0,7.0,4.0,11.0,13.0,7.0,3.0,1.36,5.0,7.5,,,
2011-05-14,Bayern Munich,VfB Stuttgart,2,1,H,10.0,10.0,5.0,5.0,17.0,21.0,6.0,4.0,1.29,5.5,10.0,,,
2011-05-14,Borussia Dortmund,Ein Frankfurt,3,1,H,18.0,9.0,11.0,3.0,9.0,10.0,7.0,4.0,1.57,4.33,5.0,,,
2011-05-14,FC Cologne,FC Schalke 04,2,1,H,10.0,17.0,6.0,5.0,21.0,23.0,4.0,10.0,2.25,3.4,3.1,,,
2011-05-14,SC Freiburg,Bayer Leverkusen,0,1,A,8.0,13.0,2.0,6.0,8.0,20.0,1.0,9.0,4.33,3.6,1.8,,,
2011-05-14,Hamburg,Borussia Monchengladbach,1,1,D,16.0,9.0,4.0,3.0,8.0,10.0,7.0,5.0,2.88,3.5,2.3,,,
2011-05-14,Hannover 96,FC Nurnberg,3,1,H,20.0,9.0,5.0,2.0,22.0,23.0,5.0,4.0,2.05,3.5,3.4,,,
2011-05-14,TSG Hoffenheim,VfL Wolfsburg,1,3,A,17.0,20.0,4.0,6.0,11.0,17.0,7.0,7.0,3.5,3.6,2.0,,,
2011-05-14,Kaiserslautern,Werder Bremen,3,2,H,12.0,17.0,4.0,7.0,14.0,10.0,4.0,8.0,2.3,3.5,2.88,,,
2011-08-05,Borussia Dortmund,Hamburg,3,1,H,16.0,8.0,5.0,3.0,12.0,18.0,7.0,7.0,1.57,3.8,6.0,,,
2011-08-06,FC Augsburg,SC Freiburg,2,2,D,11.0,9.0,7.0,4.0,17.0,25.0,5.0,4.0,2.25,3.4,3.1,,,
2011-08-06,Hannover 96,TSG Hoffenheim,2,1,H,7.0,12.0,4.0,5.0,14.0,20.0,4.0,5.0,2.1,3.4,3.4,,,
2011-08-06,Hertha BSC,FC Nurnberg,0,1,A,4.0,13.0,0.0,7.0,25.0,27.0,2.0,3.0,2.1,3.4,3.4,,,
2011-08-06,VfB Stuttgart,FC Schalke 04,3,0,H,12.0,15.0,6.0,9.0,13.0,19.0,2.0,6.0,2.2,3.4,3.2,,,
2011-08-06,Werder Bremen,Kaiserslautern,2,0,H,19.0,9.0,5.0,3.0,14.0,27.0,6.0,5.0,1.8,3.6,4.33,,,
2011-08-06,FC Cologne,VfL Wolfsburg,0,3,A,7.0,17.0,1.0,8.0,15.0,22.0,7.0,5.0,2.5,3.4,2.7,,,
2011-08-07,Bayern Munich,Borussia Monchengladbach,0,1,A,19.0,7.0,7.0,3.0,11.0,11.0,12.0,2.0,1.2,6.5,13.0,,,
2011-08-07,FSV Mainz 05,Bayer Leverkusen,2,0,H,22.0,9.0,8.0,2.0,20.0,19.0,7.0,3.0,3.8,3.5,1.95,,,
2011-08-13,SC Freiburg,FSV Mainz 05,1,2,A,18.0,9.0,7.0,4.0,11.0,18.0,4.0,6.0,2.3,3.4,3.0,,,
2011-08-13,Hamburg,Hertha BSC,2,2,D,9.0,24.0,4.0,6.0,13.0,10.0,5.0,6.0,1.95,3.6,3.6,,,
2011-08-13,TSG Hoffenheim,Borussia Dortmund,1,0,H,13.0,15.0,3.0,4.0,13.0,11.0,5.0,6.0,4.5,3.75,1.73,,,
2011-08-13,Borussia Monchengladbach,VfB Stuttgart,1,1,D,10.0,15.0,3.0,7.0,9.0,9.0,2.0,5.0,2.5,3.4,2.7,,,
2011-08-13,FC Nurnberg,Hannover 96,1,2,A,13.0,4.0,5.0,3.0,16.0,19.0,8.0,6.0,2.3,3.4,3.0,,,
2011-08-13,FC Schalke 04,FC Cologne,5,1,H,18.0,6.0,5.0,2.0,17.0,16.0,7.0,2.0,1.62,3.8,5.5,,,
2011-08-13,VfL Wolfsburg,Bayern Munich,0,1,A,7.0,11.0,1.0,3.0,14.0,15.0,9.0,8.0,4.0,3.75,1.83,,,
2011-08-14,Kaiserslautern,FC Augsburg,1,1,D,17.0,13.0,7.0,4.0,21.0,11.0,8.0,1.0,1.83,3.5,4.2,,,
2011-08-14,Bayer Leverkusen,Werder Bremen,1,0,H,16.0,9.0,6.0,1.0,18.0,18.0,7.0,1.0,1.83,3.6,4.2,,,
2011-08-19,Borussia Monchengladbach,VfL Wolfsburg,4,1,H,21.0,7.0,9.0,3.0,13.0,18.0,8.0,6.0,2.7,3.3,2.6,,,
2011-08-20,FC Cologne,Kaiserslautern,1,1,D,10.0,8.0,5.0,3.0,16.0,22.0,7.0,5.0,2.3,3.3,3.1,,,
2011-08-20,Werder Bremen,SC Freiburg,5,3,H,26.0,11.0,8.0,7.0,17.0,29.0,12.0,1.0,1.55,4.0,6.0,,,
2011-08-20,VfB Stuttgart,Bayer Leverkusen,0,1,A,11.0,11.0,0.0,3.0,18.0,16.0,5.0,4.0,2.3,3.4,3.0,,,
2011-08-20,Bayern Munich,Hamburg,5,0,H,24.0,4.0,13.0,1.0,12.0,16.0,5.0,3.0,1.33,5.0,9.0,,,
2011-08-20,FC Augsburg,TSG Hoffenheim,0,2,A,12.0,17.0,4.0,5.0,18.0,18.0,4.0,2.0,2.8,3.3,2.5,,,
2011-08-20,Borussia Dortmund,FC Nurnberg,2,0,H,12.0,10.0,5.0,3.0,13.0,13.0,5.0,5.0,1.29,5.0,11.0,,,
2011-08-21,Hannover 96,Hertha BSC,1,1,D,14.0,10.0,6.0,4.0,20.0,20.0,3.0,6.0,2.2,3.3,3.3,,,
2011-08-21,FSV Mainz 05,FC Schalke 04,2,4,A,15.0,12.0,5.0,6.0,15.0,15.0,6.0,5.0,2.5,3.3,2.75,,,
2011-08-26,Hertha BSC,VfB Stuttgart,1,0,H,16.0,22.0,5.0,5.0,10.0,13.0,4.0,3.0,2.5,3.4,2.7,,,
2011-08-27,SC Freiburg,VfL Wolfsburg,3,0,H,15.0,14.0,4.0,4.0,12.0,21.0,4.0,6.0,2.8,3.25,2.5,,,
2011-08-27,Hamburg,FC Cologne,3,4,A,15.0,7.0,6.0,5.0,18.0,21.0,5.0,4.0,1.85,3.6,4.0,,,
2011-08-27,TSG Hoffenheim,Werder Bremen,1,2,A,15.0,9.0,4.0,4.0,16.0,12.0,3.0,6.0,2.3,3.4,3.0,,,
2011-08-27,Kaiserslautern,Bayern Munich,0,3,A,4.0,17.0,1.0,12.0,14.0,17.0,1.0,2.0,6.5,4.2,1.5,,,
2011-08-27,Bayer Leverkusen,Borussia Dortmund,0,0,D,16.0,13.0,6.0,4.0,11.0,13.0,5.0,3.0,2.6,3.4,2.6,,,
2011-08-27,FC Nurnberg,FC Augsburg,1,0,H,15.0,12.0,6.0,2.0,12.0,17.0,4.0,3.0,1.73,3.6,4.75,,,
2011-08-28,Hannover 96,FSV Mainz 05,1,1,D,19.0,9.0,8.0,2.0,15.0,24.0,8.0,9.0,2.3,3.4,3.0,,,
2011-08-28,FC Schalke 04,Borussia Monchengladbach,1,0,H,22.0,12.0,9.0,5.0,11.0,13.0,8.0,6.0,1.8,3.6,4.33,,,
2011-09-09,FC Augsburg,Bayer Leverkusen,1,4,A,17.0,17.0,4.0,9.0,14.0,9.0,4.0,2.0,5.0,3.75,1.67,,,
2011-09-10,Werder Bremen,Hamburg,2,0,H,22.0,8.0,5.0,3.0,13.0,15.0,11.0,6.0,1.6,4.2,5.0,,,
2011-09-10,VfB Stuttgart,Hannover 96,3,0,H,17.0,9.0,7.0,5.0,8.0,13.0,9.0,4.0,1.85,3.6,4.0,,,
2011-09-10,Borussia Monchengladbach,Kaiserslautern,1,0,H,19.0,5.0,4.0,2.0,21.0,19.0,4.0,3.0,1.91,3.6,3.75,,,
2011-09-10,FSV Mainz 05,TSG Hoffenheim,0,4,A,13.0,9.0,2.0,5.0,18.0,24.0,7.0,4.0,2.2,3.3,3.25,,,
2011-09-10,Borussia Dortmund,Hertha BSC,1,2,A,25.0,11.0,6.0,6.0,13.0,7.0,4.0,1.0,1.4,4.5,8.0,,,
2011-09-10,Bayern Munich,SC Freiburg,7,0,H,25.0,3.0,12.0,1.0,8.0,8.0,12.0,0.0,1.17,7.0,15.0,,,
2011-09-11,FC Cologne,FC Nurnberg,1,2,A,10.0,13.0,2.0,5.0,24.0,18.0,2.0,5.0,2.6,3.25,2.7,,,
2011-09-11,VfL Wolfsburg,FC Schalke 04,2,1,H,12.0,6.0,6.0,2.0,17.0,19.0,9.0,3.0,2.5,3.3,2.75,,,
2011-09-16,SC Freiburg,VfB Stuttgart,1,2,A,18.0,12.0,3.0,5.0,20.0,21.0,6.0,5.0,3.3,3.5,2.1,,,
2011-09-17,FC Nurnberg,Werder Bremen,1,1,D,21.0,2.0,4.0,1.0,17.0,11.0,13.0,0.0,2.63,3.5,2.5,,,
2011-09-17,Bayer Leverkusen,FC Cologne,1,4,A,15.0,8.0,7.0,4.0,15.0,13.0,5.0,0.0,1.4,4.6,7.5,,,
2011-09-17,Kaiserslautern,FSV Mainz 05,3,1,H,15.0,11.0,7.0,1.0,13.0,20.0,6.0,3.0,2.5,3.4,2.7,,,
2011-09-17,TSG Hoffenheim,VfL Wolfsburg,3,1,H,14.0,10.0,8.0,6.0,15.0,15.0,4.0,6.0,1.95,3.6,3.6,,,
2011-09-17,Hertha BSC,FC Augsburg,2,2,D,17.0,7.0,5.0,3.0,13.0,20.0,3.0,2.0,1.57,3.8,6.0,,,
2011-09-17,Hamburg,Borussia Monchengladbach,0,1,A,5.0,12.0,2.0,4.0,22.0,15.0,2.0,8.0,2.4,3.5,2.8,,,
2011-09-18,Hannover 96,Borussia Dortmund,2,1,H,14.0,13.0,5.0,7.0,13.0,8.0,7.0,3.0,4.2,3.5,1.85,,,
2011-09-18,FC Schalke 04,Bayern Munich,0,2,A,7.0,19.0,1.0,6.0,16.0,18.0,2.0,5.0,5.0,3.8,1.67,,,
2011-09-23,VfB Stuttgart,Hamburg,1,2,A,17.0,16.0,5.0,8.0,20.0,16.0,3.0,7.0,1.57,4.0,5.5,,,
2011-09-24,VfL Wolfsburg,Kaiserslautern,1,0,H,6.0,11.0,3.0,2.0,13.0,19.0,4.0,5.0,1.83,3.75,4.0,,,
2011-09-24,FC Schalke 04,SC Freiburg,4,2,H,16.0,14.0,7.0,10.0,19.0,17.0,7.0,1.0,1.36,4.75,8.5,,,
2011-09-24,Borussia Monchengladbach,FC Nurnberg,1,0,H,21.0,7.0,9.0,1.0,13.0,18.0,9.0,4.0,2.1,3.4,3.4,,,
2011-09-24,Bayern Munich,Bayer Leverkusen,3,0,H,12.0,4.0,4.0,3.0,10.0,13.0,4.0,1.0,1.33,5.0,9.0,,,
2011-09-24,FC Augsburg,Hannover 96,0,0,D,13.0,11.0,3.0,4.0,21.0,17.0,2.0,2.0,2.88,3.4,2.38,,,
2011-09-24,FSV Mainz 05,Borussia Dortmund,1,2,A,9.0,20.0,3.0,9.0,12.0,9.0,3.0,10.0,3.75,3.6,1.91,,,
2011-09-25,FC Cologne,TSG Hoffenheim,2,0,H,9.0,16.0,4.0,2.0,12.0,18.0,4.0,6.0,3.0,3.4,2.3,,,
2011-09-25,Werder Bremen,Hertha BSC,2,1,H,23.0,8.0,6.0,3.0,22.0,17.0,8.0,3.0,1.83,3.5,4.33,,,
2011-09-30,Kaiserslautern,VfB Stuttgart,0,2,A,22.0,11.0,3.0,5.0,16.0,16.0,9.0,4.0,2.88,3.4,2.38,,,
2011-10-01,Borussia Dortmund,FC Augsburg,4,0,H,19.0,8.0,9.0,3.0,12.0,14.0,3.0,3.0,1.25,5.5,12.0,,,
2011-10-01,SC Freiburg,Borussia Monchengladbach,1,0,H,8.0,19.0,3.0,6.0,23.0,17.0,5.0,7.0,3.1,3.3,2.3,,,
2011-10-01,Hertha BSC,FC Cologne,3,0,H,10.0,4.0,3.0,2.0,15.0,19.0,3.0,5.0,1.91,3.5,4.0,,,
2011-10-01,TSG Hoffenheim,Bayern Munich,0,0,D,17.0,5.0,5.0,2.0,19.0,26.0,6.0,2.0,6.5,4.5,1.44,,,
2011-10-01,Bayer Leverkusen,VfL Wolfsburg,3,1,H,20.0,7.0,9.0,1.0,17.0,20.0,6.0,4.0,1.67,3.75,5.0,,,
2011-10-01,FC Nurnberg,FSV Mainz 05,3,3,D,9.0,16.0,5.0,7.0,14.0,19.0,2.0,4.0,2.1,3.25,3.5,,,
2011-10-02,Hamburg,FC Schalke 04,1,2,A,17.0,9.0,6.0,4.0,18.0,16.0,5.0,5.0,2.75,3.3,2.5,,,
2011-10-02,Hannover 96,Werder Bremen,3,2,H,13.0,17.0,5.0,3.0,22.0,12.0,3.0,1.0,2.75,3.3,2.5,,,
2011-10-14,Werder Bremen,Borussia Dortmund,0,2,A,24.0,9.0,5.0,5.0,16.0,19.0,11.0,3.0,2.8,3.5,2.4,,,
2011-10-15,VfB Stuttgart,TSG Hoffenheim,2,0,H,14.0,15.0,7.0,5.0,22.0,26.0,3.0,3.0,2.0,3.5,3.6,,,
2011-10-15,FC Schalke 04,Kaiserslautern,1,2,A,14.0,14.0,4.0,6.0,14.0,21.0,4.0,5.0,1.44,4.2,7.5,,,
2011-10-15,Bayern Munich,Hertha BSC,4,0,H,19.0,3.0,8.0,0.0,8.0,13.0,3.0,2.0,1.2,6.5,13.0,,,
2011-10-15,FSV Mainz 05,FC Augsburg,0,1,A,18.0,10.0,5.0,6.0,19.0,18.0,9.0,4.0,1.67,3.75,5.0,,,
2011-10-15,VfL Wolfsburg,FC Nurnberg,2,1,H,12.0,12.0,5.0,6.0,20.0,24.0,1.0,3.0,2.1,3.4,3.4,,,
2011-10-15,Borussia Monchengladbach,Bayer Leverkusen,2,2,D,23.0,7.0,8.0,4.0,6.0,20.0,4.0,3.0,2.6,3.4,2.6,,,
2011-10-16,SC Freiburg,Hamburg,1,2,A,18.0,11.0,6.0,4.0,16.0,22.0,7.0,2.0,2.5,3.4,2.7,,,
2011-10-16,FC Cologne,Hannover 96,2,0,H,10.0,12.0,3.0,6.0,22.0,17.0,1.0,5.0,2.4,3.4,2.8,,,
2011-10-21,FC Augsburg,Werder Bremen,1,1,D,10.0,22.0,3.0,7.0,16.0,11.0,4.0,7.0,3.8,3.6,1.91,,,
2011-10-22,Borussia Dortmund,FC Cologne,5,0,H,24.0,2.0,9.0,1.0,13.0,10.0,2.0,3.0,1.29,5.5,9.5,,,
2011-10-22,Hamburg,VfL Wolfsburg,1,1,D,19.0,8.0,7.0,4.0,23.0,24.0,8.0,4.0,2.15,3.4,3.3,,,
2011-10-22,Hertha BSC,FSV Mainz 05,0,0,D,8.0,13.0,1.0,3.0,10.0,21.0,3.0,3.0,1.95,3.5,3.75,,,
2011-10-22,TSG Hoffenheim,Borussia Monchengladbach,1,0,H,14.0,7.0,5.0,1.0,18.0,15.0,8.0,2.0,2.0,3.5,3.6,,,
2011-10-22,Kaiserslautern,SC Freiburg,1,0,H,12.0,9.0,5.0,3.0,18.0,15.0,6.0,4.0,2.0,3.5,3.6,,,
2011-10-22,FC Nurnberg,VfB Stuttgart,2,2,D,17.0,13.0,7.0,2.0,14.0,14.0,4.0,4.0,2.5,3.4,2.7,,,
2011-10-23,Hannover 96,Bayern Munich,2,1,H,12.0,19.0,3.0,8.0,19.0,13.0,2.0,5.0,9.0,4.5,1.36,,,
2011-10-23,Bayer Leverkusen,FC Schalke 04,0,1,A,13.0,18.0,4.0,6.0,14.0,21.0,3.0,3.0,2.0,3.5,3.6,,,
2011-10-28,SC Freiburg,Bayer Leverkusen,0,1,A,21.0,11.0,8.0,3.0,21.0,13.0,6.0,2.0,3.3,3.5,2.1,,,
2011-10-29,Bayern Munich,FC Nurnberg,4,0,H,13.0,4.0,5.0,2.0,14.0,14.0,7.0,3.0,1.17,7.0,16.0,,,
2011-10-29,FSV Mainz 05,Werder Bremen,1,3,A,16.0,13.0,6.0,5.0,23.0,20.0,10.0,0.0,2.7,3.4,2.5,,,
2011-10-29,Borussia Monchengladbach,Hannover 96,2,1,H,18.0,14.0,8.0,2.0,14.0,16.0,5.0,5.0,2.0,3.4,3.75,,,
2011-10-29,FC Schalke 04,TSG Hoffenheim,3,1,H,16.0,11.0,10.0,2.0,20.0,20.0,5.0,4.0,1.95,3.3,4.0,,,
2011-10-29,VfB Stuttgart,Borussia Dortmund,1,1,D,12.0,15.0,6.0,6.0,18.0,13.0,6.0,7.0,3.3,3.3,2.2,,,
2011-10-29,VfL Wolfsburg,Hertha BSC,2,3,A,17.0,12.0,5.0,7.0,24.0,13.0,6.0,7.0,2.2,3.4,3.2,,,
2011-10-30,Hamburg,Kaiserslautern,1,1,D,16.0,11.0,5.0,5.0,18.0,23.0,4.0,3.0,1.91,3.4,4.0,,,
2011-10-30,FC Cologne,FC Augsburg,3,0,H,5.0,15.0,3.0,5.0,17.0,13.0,1.0,2.0,1.91,3.5,4.0,,,
2011-11-04,FSV Mainz 05,VfB Stuttgart,3,1,H,15.0,18.0,9.0,7.0,18.0,16.0,4.0,6.0,2.5,3.4,2.7,,,
2011-11-05,Borussia Dortmund,VfL Wolfsburg,5,1,H,21.0,6.0,11.0,3.0,12.0,18.0,8.0,6.0,1.33,4.75,9.5,,,
2011-11-05,Hertha BSC,Borussia Monchengladbach,1,2,A,11.0,12.0,3.0,5.0,18.0,14.0,5.0,4.0,2.25,3.3,3.2,,,
2011-11-05,TSG Hoffenheim,Kaiserslautern,1,1,D,11.0,19.0,3.0,3.0,23.0,21.0,4.0,3.0,1.67,3.8,5.0,,,
2011-11-05,Bayer Leverkusen,Hamburg,2,2,D,15.0,14.0,5.0,3.0,18.0,17.0,5.0,4.0,1.62,3.75,5.5,,,
2011-11-05,FC Nurnberg,SC Freiburg,1,2,A,12.0,10.0,4.0,3.0,14.0,20.0,5.0,2.0,1.73,3.5,5.0,,,
2011-11-05,Werder Bremen,FC Cologne,3,2,H,29.0,5.0,7.0,4.0,13.0,14.0,10.0,4.0,1.44,4.2,7.5,,,
2011-11-06,FC Augsburg,Bayern Munich,1,2,A,10.0,14.0,2.0,5.0,17.0,15.0,1.0,3.0,15.0,6.0,1.2,,,
2011-11-06,Hannover 96,FC Schalke 04,2,2,D,16.0,13.0,2.0,7.0,14.0,17.0,2.0,5.0,2.7,3.4,2.5,,,
2011-11-18,Kaiserslautern,Bayer Leverkusen,0,2,A,13.0,14.0,3.0,8.0,12.0,16.0,8.0,2.0,2.88,3.4,2.38,,,
2011-11-19,Bayern Munich,Borussia Dortmund,0,1,A,16.0,8.0,3.0,2.0,15.0,25.0,3.0,3.0,1.62,3.8,5.5,,,
2011-11-19,SC Freiburg,Hertha BSC,2,2,D,13.0,14.0,6.0,7.0,19.0,19.0,6.0,4.0,2.6,3.4,2.6,,,
2011-11-19,Borussia Monchengladbach,Werder Bremen,5,0,H,16.0,10.0,9.0,2.0,11.0,10.0,6.0,4.0,2.5,3.3,2.75,,,
2011-11-19,FC Schalke 04,FC Nurnberg,4,0,H,11.0,14.0,7.0,4.0,13.0,16.0,4.0,8.0,1.75,3.5,4.75,,,
2011-11-19,VfL Wolfsburg,Hannover 96,4,1,H,14.0,7.0,8.0,2.0,18.0,12.0,9.0,8.0,2.3,3.4,3.0,,,
2011-11-20,Hamburg,TSG Hoffenheim,2,0,H,18.0,19.0,7.0,8.0,17.0,15.0,6.0,3.0,2.3,3.4,3.0,,,
2011-11-20,VfB Stuttgart,FC Augsburg,2,1,H,11.0,15.0,5.0,6.0,24.0,18.0,5.0,4.0,1.4,4.5,8.0,,,
2011-11-25,FC Cologne,Borussia Monchengladbach,0,3,A,5.0,15.0,2.0,7.0,14.0,10.0,6.0,2.0,3.2,3.4,2.2,,,
2011-11-26,FC Augsburg,VfL Wolfsburg,2,0,H,14.0,7.0,5.0,0.0,16.0,27.0,7.0,4.0,2.88,3.4,2.38,,,
2011-11-26,Borussia Dortmund,FC Schalke 04,2,0,H,16.0,3.0,8.0,1.0,24.0,24.0,3.0,2.0,1.65,3.75,5.25,,,
2011-11-26,Hannover 96,Hamburg,1,1,D,11.0,18.0,9.0,7.0,14.0,21.0,4.0,8.0,2.2,3.4,3.2,,,
2011-11-26,Hertha BSC,Bayer Leverkusen,3,3,D,10.0,18.0,6.0,8.0,18.0,14.0,1.0,5.0,2.88,3.2,2.5,,,
2011-11-26,TSG Hoffenheim,SC Freiburg,1,1,D,15.0,14.0,3.0,7.0,19.0,18.0,4.0,1.0,1.62,3.75,5.5,,,
2011-11-26,FC Nurnberg,Kaiserslautern,1,0,H,13.0,6.0,6.0,1.0,21.0,25.0,6.0,1.0,2.0,3.3,3.8,,,
2011-11-27,FSV Mainz 05,Bayern Munich,3,2,H,17.0,13.0,7.0,8.0,18.0,20.0,3.0,2.0,9.0,5.0,1.33,,,
2011-11-27,Werder Bremen,VfB Stuttgart,2,0,H,14.0,14.0,6.0,5.0,19.0,21.0,4.0,5.0,2.1,3.4,3.4,,,
2011-12-02,Bayer Leverkusen,TSG Hoffenheim,2,0,H,12.0,6.0,5.0,1.0,12.0,28.0,4.0,7.0,1.73,3.75,4.5,,,
2011-12-03,Bayern Munich,Werder Bremen,4,1,H,14.0,7.0,4.0,4.0,23.0,21.0,8.0,4.0,1.3,5.5,9.0,,,
2011-12-03,SC Freiburg,Hannover 96,1,1,D,15.0,12.0,5.0,4.0,12.0,20.0,5.0,4.0,2.38,3.4,2.88,,,
2011-12-03,Kaiserslautern,Hertha BSC,1,1,D,21.0,6.0,4.0,3.0,18.0,16.0,5.0,0.0,2.4,3.3,2.88,,,
2011-12-03,Borussia Monchengladbach,Borussia Dortmund,1,1,D,13.0,11.0,3.0,4.0,9.0,18.0,3.0,10.0,3.4,3.4,2.1,,,
2011-12-03,VfB Stuttgart,FC Cologne,2,2,D,18.0,10.0,8.0,4.0,12.0,20.0,8.0,2.0,1.44,4.33,7.0,,,
2011-12-03,VfL Wolfsburg,FSV Mainz 05,2,2,D,6.0,11.0,4.0,2.0,15.0,18.0,6.0,3.0,2.38,3.4,2.88,,,
2011-12-04,Hamburg,FC Nurnberg,2,0,H,7.0,16.0,3.0,3.0,17.0,17.0,0.0,3.0,1.91,3.4,4.0,,,
2011-12-04,FC Schalke 04,FC Augsburg,3,1,H,19.0,11.0,11.0,2.0,11.0,13.0,8.0,2.0,1.36,4.75,8.5,,,
2011-12-09,Hertha BSC,FC Schalke 04,1,2,A,15.0,11.0,4.0,4.0,13.0,16.0,11.0,3.0,2.75,3.3,2.5,,,
2011-12-10,FC Augsburg,Borussia Monchengladbach,1,0,H,11.0,13.0,5.0,5.0,22.0,22.0,5.0,4.0,4.0,3.4,1.91,,,
2011-12-10,FC Cologne,SC Freiburg,4,0,H,14.0,11.0,6.0,5.0,9.0,12.0,4.0,2.0,2.3,3.4,3.0,,,
2011-12-10,Hannover 96,Bayer Leverkusen,0,0,D,17.0,12.0,4.0,4.0,22.0,18.0,9.0,3.0,2.7,3.4,2.5,,,
2011-12-10,FSV Mainz 05,Hamburg,0,0,D,12.0,8.0,5.0,5.0,16.0,11.0,4.0,5.0,2.2,3.4,3.2,,,
2011-12-10,FC Nurnberg,TSG Hoffenheim,0,2,A,8.0,15.0,3.0,6.0,19.0,14.0,4.0,10.0,2.3,3.4,3.0,,,
2011-12-10,Werder Bremen,VfL Wolfsburg,4,1,H,20.0,17.0,11.0,6.0,17.0,19.0,2.0,7.0,1.62,4.0,5.0,,,
2011-12-11,Borussia Dortmund,Kaiserslautern,1,1,D,23.0,12.0,5.0,3.0,12.0,25.0,9.0,4.0,1.25,5.5,12.0,,,
2011-12-11,VfB Stuttgart,Bayern Munich,1,2,A,6.0,18.0,2.0,5.0,16.0,10.0,3.0,6.0,6.25,4.0,1.53,,,
2011-12-13,FC Cologne,FSV Mainz 05,1,1,D,12.0,12.0,3.0,2.0,11.0,27.0,4.0,7.0,2.5,3.4,2.7,,,
2011-12-16,Bayern Munich,FC Cologne,3,0,H,17.0,4.0,5.0,1.0,15.0,17.0,10.0,3.0,1.13,8.5,17.0,,,
2011-12-17,SC Freiburg,Borussia Dortmund,1,4,A,14.0,11.0,3.0,5.0,14.0,11.0,3.0,3.0,5.5,4.0,1.57,,,
2011-12-17,Hamburg,FC Augsburg,1,1,D,23.0,11.0,12.0,6.0,11.0,18.0,8.0,0.0,1.57,3.75,6.0,,,
2011-12-17,TSG Hoffenheim,Hertha BSC,1,1,D,16.0,9.0,5.0,1.0,19.0,9.0,5.0,4.0,1.91,3.5,4.0,,,
2011-12-17,Bayer Leverkusen,FC Nurnberg,0,3,A,13.0,11.0,6.0,4.0,17.0,16.0,6.0,3.0,1.5,4.0,7.0,,,
2011-12-17,FC Schalke 04,Werder Bremen,5,0,H,15.0,10.0,8.0,1.0,13.0,10.0,4.0,4.0,2.0,3.5,3.6,,,
2011-12-17,VfL Wolfsburg,VfB Stuttgart,1,0,H,19.0,12.0,7.0,5.0,26.0,16.0,6.0,7.0,2.6,3.4,2.6,,,
2011-12-18,Kaiserslautern,Hannover 96,1,1,D,19.0,8.0,7.0,1.0,13.0,11.0,6.0,0.0,2.3,3.3,3.1,,,
2011-12-18,Borussia Monchengladbach,FSV Mainz 05,1,0,H,6.0,12.0,3.0,5.0,16.0,20.0,5.0,4.0,1.83,3.5,4.33,,,
2012-01-20,Borussia Monchengladbach,Bayern Munich,3,1,H,9.0,17.0,5.0,7.0,11.0,13.0,4.0,8.0,5.0,3.75,1.67,,,
2012-01-21,SC Freiburg,FC Augsburg,1,0,H,15.0,4.0,6.0,1.0,13.0,25.0,5.0,2.0,2.05,3.4,3.6,,,
2012-01-21,TSG Hoffenheim,Hannover 96,0,0,D,10.0,9.0,3.0,1.0,14.0,22.0,0.0,4.0,1.85,3.6,4.0,,,
2012-01-21,Kaiserslautern,Werder Bremen,0,0,D,19.0,14.0,5.0,6.0,22.0,16.0,4.0,2.0,2.8,3.4,2.4,,,
2012-01-21,FC Nurnberg,Hertha BSC,2,0,H,10.0,12.0,5.0,2.0,16.0,18.0,4.0,5.0,2.15,3.3,3.4,,,
2012-01-21,FC Schalke 04,VfB Stuttgart,3,1,H,14.0,13.0,7.0,6.0,9.0,10.0,8.0,6.0,1.8,3.6,4.33,,,
2012-01-21,VfL Wolfsburg,FC Cologne,1,0,H,18.0,10.0,6.0,2.0,14.0,11.0,15.0,1.0,1.8,3.75,4.2,,,
2012-01-22,Bayer Leverkusen,FSV Mainz 05,3,2,H,9.0,17.0,2.0,6.0,16.0,14.0,5.0,6.0,1.8,3.5,4.5,,,
2012-01-22,Hamburg,Borussia Dortmund,1,5,A,9.0,22.0,3.0,9.0,19.0,9.0,8.0,5.0,4.33,3.5,1.83,,,
2012-01-27,Hannover 96,FC Nurnberg,1,0,H,13.0,10.0,3.0,1.0,21.0,17.0,8.0,1.0,2.2,3.4,3.2,,,
2012-01-28,Hertha BSC,Hamburg,1,2,A,18.0,13.0,3.0,5.0,19.0,30.0,6.0,7.0,2.38,3.25,3.0,,,
2012-01-28,FC Cologne,FC Schalke 04,1,4,A,8.0,14.0,3.0,5.0,12.0,22.0,4.0,1.0,4.0,3.5,1.91,,,
2012-01-28,FC Augsburg,Kaiserslautern,2,2,D,15.0,15.0,5.0,8.0,13.0,17.0,3.0,4.0,2.5,3.2,2.88,,,
2012-01-28,Bayern Munich,VfL Wolfsburg,2,0,H,9.0,8.0,7.0,0.0,15.0,20.0,4.0,4.0,1.17,7.0,15.0,,,
2012-01-28,Werder Bremen,Bayer Leverkusen,1,1,D,16.0,13.0,4.0,7.0,18.0,16.0,4.0,6.0,2.2,3.4,3.2,,,
2012-01-28,Borussia Dortmund,TSG Hoffenheim,3,1,H,18.0,8.0,9.0,5.0,13.0,23.0,6.0,2.0,1.33,5.0,9.0,,,
2012-01-29,VfB Stuttgart,Borussia Monchengladbach,0,3,A,14.0,18.0,5.0,8.0,11.0,14.0,6.0,1.0,2.5,3.25,2.8,,,
2012-01-29,FSV Mainz 05,SC Freiburg,3,1,H,18.0,5.0,10.0,1.0,18.0,19.0,4.0,3.0,1.67,3.75,5.0,,,
2012-02-03,FC Nurnberg,Borussia Dortmund,0,2,A,12.0,11.0,3.0,6.0,19.0,19.0,7.0,1.0,6.0,4.0,1.57,,,
2012-02-04,FC Schalke 04,FSV Mainz 05,1,1,D,10.0,15.0,2.0,2.0,19.0,18.0,13.0,2.0,1.73,3.75,4.5,,,
2012-02-04,VfL Wolfsburg,Borussia Monchengladbach,0,0,D,11.0,5.0,2.0,0.0,16.0,8.0,8.0,3.0,2.88,3.4,2.4,,,
2012-02-04,Bayer Leverkusen,VfB Stuttgart,2,2,D,13.0,14.0,6.0,4.0,19.0,29.0,3.0,3.0,1.75,3.75,4.5,,,
2012-02-04,Hamburg,Bayern Munich,1,1,D,13.0,22.0,1.0,8.0,18.0,16.0,5.0,10.0,6.0,4.0,1.53,,,
2012-02-04,Hertha BSC,Hannover 96,0,1,A,15.0,9.0,3.0,4.0,16.0,24.0,4.0,1.0,2.4,3.4,2.8,,,
2012-02-04,TSG Hoffenheim,FC Augsburg,2,2,D,13.0,11.0,4.0,5.0,21.0,16.0,3.0,7.0,1.62,3.8,5.5,,,
2012-02-05,SC Freiburg,Werder Bremen,2,2,D,18.0,8.0,6.0,2.0,20.0,19.0,7.0,1.0,3.2,3.4,2.2,,,
2012-02-05,Kaiserslautern,FC Cologne,0,1,A,6.0,18.0,3.0,4.0,14.0,13.0,3.0,9.0,1.75,3.5,4.75,,,
2012-02-10,VfL Wolfsburg,SC Freiburg,3,2,H,15.0,8.0,8.0,2.0,24.0,11.0,5.0,3.0,1.7,3.8,4.75,,,
2012-02-11,VfB Stuttgart,Hertha BSC,5,0,H,19.0,4.0,12.0,0.0,18.0,14.0,4.0,3.0,1.8,3.5,4.5,,,
2012-02-11,Bayern Munich,Kaiserslautern,2,0,H,18.0,5.0,10.0,1.0,12.0,25.0,6.0,1.0,1.14,8.0,15.0,,,
2012-02-11,Borussia Dortmund,Bayer Leverkusen,1,0,H,14.0,3.0,5.0,1.0,14.0,14.0,3.0,4.0,1.4,4.5,8.0,,,
2012-02-11,FSV Mainz 05,Hannover 96,1,1,D,13.0,15.0,4.0,7.0,16.0,12.0,7.0,7.0,1.91,3.4,4.0,,,
2012-02-11,Borussia Monchengladbach,FC Schalke 04,3,0,H,10.0,10.0,4.0,1.0,10.0,9.0,2.0,1.0,2.38,3.4,2.88,,,
2012-02-11,Werder Bremen,TSG Hoffenheim,1,1,D,14.0,11.0,4.0,6.0,24.0,28.0,9.0,5.0,1.83,3.5,4.33,,,
2012-02-12,FC Cologne,Hamburg,0,1,A,10.0,19.0,2.0,4.0,18.0,17.0,5.0,6.0,3.1,3.4,2.25,,,
2012-02-12,FC Augsburg,FC Nurnberg,0,0,D,9.0,12.0,1.0,4.0,23.0,23.0,6.0,3.0,2.7,3.2,2.63,,,
2012-02-17,TSG Hoffenheim,FSV Mainz 05,1,1,D,16.0,7.0,2.0,3.0,20.0,15.0,6.0,4.0,2.4,3.3,2.9,,,
2012-02-18,FC Nurnberg,FC Cologne,2,1,H,19.0,7.0,3.0,5.0,16.0,18.0,6.0,3.0,1.73,3.5,5.0,,,
2012-02-18,Bayer Leverkusen,FC Augsburg,4,1,H,12.0,6.0,9.0,3.0,9.0,21.0,5.0,6.0,1.5,4.0,7.0,,,
2012-02-18,Kaiserslautern,Borussia Monchengladbach,1,2,A,14.0,8.0,6.0,2.0,18.0,18.0,2.0,0.0,3.2,3.3,2.25,,,
2012-02-18,SC Freiburg,Bayern Munich,0,0,D,13.0,9.0,2.0,2.0,21.0,19.0,6.0,10.0,9.0,5.5,1.3,,,
2012-02-18,Hamburg,Werder Bremen,1,3,A,18.0,13.0,6.0,9.0,15.0,25.0,3.0,2.0,2.0,3.5,3.6,,,
2012-02-18,Hertha BSC,Borussia Dortmund,0,1,A,6.0,14.0,2.0,6.0,16.0,19.0,2.0,5.0,7.0,4.0,1.5,,,
2012-02-19,Hannover 96,VfB Stuttgart,4,2,H,21.0,11.0,6.0,6.0,11.0,18.0,10.0,5.0,2.5,3.3,2.8,,,
2012-02-19,FC Schalke 04,VfL Wolfsburg,4,0,H,13.0,13.0,9.0,6.0,12.0,23.0,6.0,4.0,1.67,3.75,5.0,,,
2012-02-24,Borussia Monchengladbach,Hamburg,1,1,D,9.0,11.0,5.0,5.0,15.0,18.0,3.0,6.0,1.73,3.75,4.5,,,
2012-02-25,FC Augsburg,Hertha BSC,3,0,H,11.0,7.0,5.0,1.0,21.0,23.0,4.0,8.0,2.6,3.25,2.7,,,
2012-02-25,FC Cologne,Bayer Leverkusen,0,2,A,11.0,22.0,4.0,7.0,14.0,15.0,2.0,7.0,3.75,3.6,1.91,,,
2012-02-25,FSV Mainz 05,Kaiserslautern,4,0,H,11.0,6.0,8.0,2.0,11.0,17.0,6.0,4.0,1.73,3.6,4.75,,,
2012-02-25,VfB Stuttgart,SC Freiburg,4,1,H,17.0,10.0,8.0,3.0,11.0,13.0,5.0,7.0,1.67,3.75,5.0,,,
2012-02-25,Werder Bremen,FC Nurnberg,0,1,A,20.0,11.0,5.0,5.0,15.0,20.0,3.0,6.0,1.8,3.5,4.5,,,
2012-02-25,VfL Wolfsburg,TSG Hoffenheim,1,2,A,13.0,14.0,5.0,7.0,24.0,19.0,6.0,1.0,2.2,3.3,3.25,,,
2012-02-26,Bayern Munich,FC Schalke 04,2,0,H,23.0,12.0,7.0,4.0,9.0,14.0,10.0,3.0,1.4,4.5,7.5,,,
2012-02-26,Borussia Dortmund,Hannover 96,3,1,H,21.0,7.0,6.0,2.0,13.0,14.0,4.0,2.0,1.25,5.5,12.0,,,
2012-03-03,Bayer Leverkusen,Bayern Munich,2,0,H,15.0,15.0,8.0,5.0,17.0,15.0,3.0,8.0,4.5,3.6,1.8,,,
2012-03-03,Kaiserslautern,VfL Wolfsburg,0,0,D,12.0,15.0,5.0,6.0,12.0,22.0,6.0,9.0,2.3,3.25,3.1,,,
2012-03-03,Hertha BSC,Werder Bremen,1,0,H,5.0,17.0,2.0,3.0,13.0,19.0,0.0,7.0,2.5,3.4,2.7,,,
2012-03-03,Hamburg,VfB Stuttgart,0,4,A,9.0,15.0,3.0,8.0,14.0,26.0,1.0,4.0,2.0,3.5,3.6,,,
2012-03-03,SC Freiburg,FC Schalke 04,2,1,H,11.0,15.0,2.0,4.0,16.0,20.0,6.0,4.0,3.8,3.6,1.91,,,
2012-03-03,Borussia Dortmund,FSV Mainz 05,2,1,H,18.0,5.0,5.0,3.0,11.0,15.0,5.0,2.0,1.3,5.0,11.0,,,
2012-03-03,Hannover 96,FC Augsburg,2,2,D,12.0,15.0,3.0,7.0,16.0,29.0,1.0,4.0,1.73,3.5,5.0,,,
2012-03-04,TSG Hoffenheim,FC Cologne,1,1,D,23.0,9.0,7.0,3.0,21.0,18.0,7.0,2.0,1.62,3.8,5.5,,,
2012-03-04,FC Nurnberg,Borussia Monchengladbach,1,0,H,16.0,8.0,4.0,4.0,13.0,11.0,5.0,0.0,3.0,3.25,2.38,,,
2012-03-09,VfB Stuttgart,Kaiserslautern,0,0,D,22.0,7.0,9.0,1.0,11.0,22.0,8.0,3.0,1.67,3.75,5.0,,,
2012-03-10,FC Augsburg,Borussia Dortmund,0,0,D,4.0,14.0,2.0,3.0,16.0,16.0,2.0,5.0,8.5,4.75,1.36,,,
2012-03-10,Bayern Munich,TSG Hoffenheim,7,1,H,19.0,4.0,10.0,0.0,11.0,16.0,13.0,4.0,1.25,5.5,12.0,,,
2012-03-10,FC Cologne,Hertha BSC,1,0,H,16.0,14.0,5.0,7.0,13.0,22.0,5.0,5.0,2.38,3.25,3.0,,,
2012-03-10,FSV Mainz 05,FC Nurnberg,2,1,H,13.0,15.0,3.0,2.0,18.0,19.0,4.0,5.0,1.91,3.4,4.0,,,
2012-03-10,Borussia Monchengladbach,SC Freiburg,0,0,D,13.0,6.0,3.0,3.0,8.0,9.0,3.0,4.0,1.53,4.0,6.0,,,
2012-03-10,VfL Wolfsburg,Bayer Leverkusen,3,2,H,11.0,7.0,6.0,4.0,25.0,16.0,4.0,3.0,2.88,3.4,2.38,,,
2012-03-11,FC Schalke 04,Hamburg,3,1,H,11.0,20.0,7.0,5.0,20.0,16.0,4.0,7.0,1.83,3.6,4.2,,,
2012-03-11,Werder Bremen,Hannover 96,3,0,H,10.0,14.0,7.0,4.0,16.0,29.0,2.0,3.0,2.0,3.5,3.6,,,
2012-03-16,TSG Hoffenheim,VfB Stuttgart,1,2,A,18.0,12.0,5.0,8.0,19.0,19.0,3.0,6.0,2.3,3.4,3.0,,,
2012-03-17,Bayer Leverkusen,Borussia Monchengladbach,1,2,A,22.0,11.0,5.0,7.0,16.0,16.0,4.0,1.0,2.1,3.4,3.4,,,
2012-03-17,FC Nurnberg,VfL Wolfsburg,1,3,A,5.0,10.0,1.0,4.0,16.0,16.0,2.0,5.0,2.0,3.4,3.75,,,
2012-03-17,Hertha BSC,Bayern Munich,0,6,A,7.0,15.0,2.0,7.0,15.0,9.0,2.0,4.0,9.0,5.0,1.33,,,
2012-03-17,FC Augsburg,FSV Mainz 05,2,1,H,10.0,10.0,5.0,3.0,12.0,21.0,6.0,2.0,2.9,3.3,2.4,,,
2012-03-17,Borussia Dortmund,Werder Bremen,1,0,H,18.0,4.0,5.0,2.0,11.0,17.0,9.0,4.0,1.33,5.0,9.0,,,
2012-03-17,Hamburg,SC Freiburg,1,3,A,15.0,12.0,6.0,5.0,16.0,25.0,4.0,5.0,1.83,3.75,4.0,,,
2012-03-18,Hannover 96,FC Cologne,4,1,H,18.0,14.0,10.0,7.0,12.0,17.0,8.0,7.0,1.62,3.8,5.5,,,
2012-03-18,Kaiserslautern,FC Schalke 04,1,4,A,10.0,19.0,3.0,5.0,13.0,15.0,3.0,5.0,3.5,3.3,2.1,,,
2012-03-23,VfL Wolfsburg,Hamburg,2,1,H,15.0,6.0,4.0,1.0,25.0,16.0,10.0,3.0,2.05,3.5,3.4,,,
2012-03-24,Bayern Munich,Hannover 96,2,1,H,12.0,8.0,6.0,2.0,16.0,15.0,6.0,1.0,1.17,7.0,15.0,,,
2012-03-24,SC Freiburg,Kaiserslautern,2,0,H,10.0,4.0,3.0,4.0,24.0,17.0,4.0,2.0,2.0,3.4,3.75,,,
2012-03-24,FSV Mainz 05,Hertha BSC,1,3,A,15.0,13.0,4.0,6.0,13.0,8.0,12.0,8.0,1.73,3.5,5.0,,,
2012-03-24,Borussia Monchengladbach,TSG Hoffenheim,1,2,A,12.0,13.0,3.0,3.0,15.0,19.0,3.0,3.0,1.67,3.6,5.25,,,
2012-03-24,FC Schalke 04,Bayer Leverkusen,2,0,H,17.0,8.0,6.0,2.0,14.0,11.0,6.0,3.0,1.91,3.6,3.75,,,
2012-03-24,Werder Bremen,FC Augsburg,1,1,D,17.0,15.0,5.0,6.0,19.0,15.0,4.0,6.0,1.8,3.5,4.5,,,
2012-03-25,FC Cologne,Borussia Dortmund,1,6,A,5.0,15.0,3.0,9.0,15.0,11.0,2.0,3.0,8.0,4.5,1.4,,,
2012-03-25,VfB Stuttgart,FC Nurnberg,1,0,H,8.0,17.0,2.0,3.0,15.0,15.0,4.0,14.0,1.83,3.5,4.33,,,
2012-03-30,Borussia Dortmund,VfB Stuttgart,4,4,D,27.0,11.0,10.0,4.0,8.0,10.0,11.0,5.0,1.29,5.5,10.0,,,
2012-03-31,Kaiserslautern,Hamburg,0,1,A,18.0,12.0,6.0,5.0,24.0,14.0,10.0,5.0,2.5,3.25,2.8,,,
2012-03-31,Werder Bremen,FSV Mainz 05,0,3,A,19.0,9.0,7.0,5.0,16.0,14.0,7.0,0.0,2.1,3.4,3.4,,,
2012-03-31,FC Nurnberg,Bayern Munich,0,1,A,6.0,12.0,3.0,4.0,24.0,15.0,6.0,6.0,8.5,4.75,1.36,,,
2012-03-31,Bayer Leverkusen,SC Freiburg,0,2,A,11.0,8.0,4.0,4.0,17.0,22.0,3.0,1.0,1.7,3.8,4.75,,,
2012-03-31,Hertha BSC,VfL Wolfsburg,1,4,A,13.0,13.0,6.0,6.0,9.0,10.0,7.0,1.0,2.4,3.3,2.9,,,
2012-03-31,FC Augsburg,FC Cologne,2,1,H,14.0,4.0,8.0,3.0,12.0,31.0,11.0,1.0,2.0,3.4,3.75,,,
2012-04-01,Hannover 96,Borussia Monchengladbach,2,1,H,12.0,14.0,3.0,6.0,8.0,9.0,5.0,6.0,2.7,3.25,2.6,,,
2012-04-01,TSG Hoffenheim,FC Schalke 04,1,1,D,15.0,19.0,5.0,7.0,23.0,16.0,5.0,4.0,3.0,3.4,2.3,,,
2012-04-07,Bayern Munich,FC Augsburg,2,1,H,18.0,7.0,5.0,3.0,15.0,14.0,3.0,5.0,1.13,8.0,21.0,,,
2012-04-07,FC Cologne,Werder Bremen,1,1,D,13.0,7.0,4.0,1.0,19.0,19.0,7.0,9.0,2.8,3.4,2.4,,,
2012-04-07,SC Freiburg,FC Nurnberg,2,2,D,12.0,14.0,3.0,5.0,22.0,24.0,5.0,7.0,2.1,3.4,3.4,,,
2012-04-07,Kaiserslautern,TSG Hoffenheim,1,2,A,14.0,13.0,5.0,5.0,21.0,24.0,3.0,1.0,2.75,3.3,2.5,,,
2012-04-07,Borussia Monchengladbach,Hertha BSC,0,0,D,12.0,6.0,3.0,5.0,15.0,21.0,1.0,3.0,1.57,3.75,6.0,,,
2012-04-07,VfB Stuttgart,FSV Mainz 05,4,1,H,10.0,14.0,6.0,3.0,7.0,17.0,13.0,2.0,2.05,3.4,3.6,,,
2012-04-07,VfL Wolfsburg,Borussia Dortmund,1,3,A,11.0,11.0,6.0,4.0,17.0,9.0,5.0,6.0,5.5,4.0,1.57,,,
2012-04-08,FC Schalke 04,Hannover 96,3,0,H,16.0,4.0,10.0,0.0,14.0,14.0,4.0,1.0,1.67,3.8,5.0,,,
2012-04-08,Hamburg,Bayer Leverkusen,1,1,D,18.0,15.0,4.0,9.0,20.0,12.0,5.0,4.0,2.75,3.3,2.5,,,
2012-04-10,Werder Bremen,Borussia Monchengladbach,2,2,D,14.0,23.0,6.0,7.0,6.0,13.0,3.0,5.0,2.4,3.4,2.8,,,
2012-04-10,FSV Mainz 05,FC Cologne,4,0,H,7.0,3.0,4.0,0.0,14.0,13.0,3.0,2.0,1.57,4.0,5.5,,,
2012-04-10,Hertha BSC,SC Freiburg,1,2,A,12.0,10.0,4.0,5.0,18.0,14.0,6.0,1.0,2.1,3.4,3.4,,,
2012-04-10,FC Augsburg,VfB Stuttgart,1,3,A,20.0,14.0,2.0,9.0,16.0,19.0,9.0,2.0,2.7,3.4,2.5,,,
2012-04-11,Borussia Dortmund,Bayern Munich,1,0,H,13.0,7.0,6.0,4.0,9.0,10.0,3.0,4.0,2.6,3.4,2.7,,,
2012-04-11,Hannover 96,VfL Wolfsburg,2,0,H,7.0,13.0,3.0,5.0,16.0,11.0,5.0,6.0,2.1,3.5,3.3,,,
2012-04-11,TSG Hoffenheim,Hamburg,4,0,H,11.0,11.0,6.0,6.0,18.0,21.0,3.0,9.0,2.2,3.4,3.2,,,
2012-04-11,Bayer Leverkusen,Kaiserslautern,3,1,H,15.0,16.0,8.0,4.0,9.0,9.0,2.0,4.0,1.4,4.5,8.0,,,
2012-04-11,FC Nurnberg,FC Schalke 04,4,1,H,12.0,6.0,4.0,1.0,17.0,26.0,6.0,1.0,3.0,3.4,2.3,,,
2012-04-13,VfB Stuttgart,Werder Bremen,4,1,H,18.0,9.0,8.0,3.0,18.0,24.0,6.0,3.0,1.73,4.0,4.2,,,
2012-04-14,VfL Wolfsburg,FC Augsburg,1,2,A,23.0,9.0,10.0,4.0,32.0,20.0,5.0,2.0,1.73,3.75,4.5,,,
2012-04-14,Bayern Munich,FSV Mainz 05,0,0,D,14.0,5.0,2.0,0.0,5.0,14.0,13.0,4.0,1.29,5.0,11.0,,,
2012-04-14,Hamburg,Hannover 96,1,0,H,15.0,7.0,8.0,1.0,17.0,21.0,8.0,3.0,2.3,3.4,3.0,,,
2012-04-14,Kaiserslautern,FC Nurnberg,0,2,A,15.0,11.0,4.0,3.0,11.0,17.0,6.0,1.0,2.8,3.4,2.4,,,
2012-04-14,Bayer Leverkusen,Hertha BSC,3,3,D,17.0,17.0,7.0,8.0,14.0,9.0,6.0,6.0,1.53,4.0,6.0,,,
2012-04-14,FC Schalke 04,Borussia Dortmund,1,2,A,16.0,14.0,4.0,6.0,19.0,19.0,13.0,5.0,3.3,3.5,2.1,,,
2012-04-15,Borussia Monchengladbach,FC Cologne,3,0,H,16.0,8.0,8.0,1.0,8.0,9.0,8.0,2.0,1.5,4.33,6.0,,,
2012-04-15,SC Freiburg,TSG Hoffenheim,0,0,D,10.0,7.0,2.0,0.0,21.0,13.0,4.0,4.0,2.3,3.4,3.0,,,
2012-04-20,FSV Mainz 05,VfL Wolfsburg,0,0,D,15.0,11.0,8.0,3.0,10.0,20.0,3.0,6.0,1.91,3.6,3.75,,,
2012-04-21,Borussia Dortmund,Borussia Monchengladbach,2,0,H,18.0,4.0,8.0,1.0,14.0,8.0,6.0,2.0,1.44,4.2,7.5,,,
2012-04-21,FC Cologne,VfB Stuttgart,1,1,D,19.0,11.0,4.0,4.0,12.0,17.0,9.0,4.0,4.0,3.75,1.83,,,
2012-04-21,Hertha BSC,Kaiserslautern,1,2,A,11.0,15.0,4.0,8.0,13.0,14.0,9.0,5.0,1.53,4.0,6.0,,,
2012-04-21,TSG Hoffenheim,Bayer Leverkusen,0,1,A,15.0,10.0,3.0,4.0,13.0,11.0,6.0,0.0,2.38,3.4,2.88,,,
2012-04-21,FC Nurnberg,Hamburg,1,1,D,13.0,7.0,6.0,4.0,17.0,21.0,2.0,3.0,2.2,3.3,3.25,,,
2012-04-21,Werder Bremen,Bayern Munich,1,2,A,16.0,15.0,4.0,6.0,15.0,11.0,4.0,2.0,3.2,3.4,2.2,,,
2012-04-22,FC Augsburg,FC Schalke 04,1,1,D,15.0,5.0,6.0,2.0,14.0,20.0,5.0,1.0,3.2,3.4,2.2,,,
2012-04-22,Hannover 96,SC Freiburg,0,0,D,17.0,11.0,5.0,3.0,14.0,17.0,5.0,4.0,1.83,3.5,4.2,,,
2012-04-28,Borussia Monchengladbach,FC Augsburg,0,0,D,12.0,8.0,5.0,1.0,10.0,15.0,3.0,3.0,1.73,3.75,4.5,,,
2012-04-28,Bayer Leverkusen,Hannover 96,1,0,H,13.0,10.0,4.0,2.0,13.0,12.0,5.0,7.0,1.83,3.6,4.2,,,
2012-04-28,Kaiserslautern,Borussia Dortmund,2,5,A,10.0,17.0,5.0,6.0,7.0,7.0,1.0,2.0,7.0,4.0,1.5,,,
2012-04-28,TSG Hoffenheim,FC Nurnberg,2,3,A,16.0,15.0,7.0,7.0,14.0,14.0,13.0,4.0,1.91,3.5,4.0,,,
2012-04-28,VfL Wolfsburg,Werder Bremen,3,1,H,13.0,11.0,10.0,6.0,25.0,13.0,6.0,5.0,2.1,3.5,3.3,,,
2012-04-28,SC Freiburg,FC Cologne,4,1,H,17.0,9.0,8.0,4.0,12.0,12.0,7.0,5.0,2.25,3.5,3.0,,,
2012-04-28,Bayern Munich,VfB Stuttgart,2,0,H,15.0,9.0,6.0,5.0,12.0,14.0,6.0,6.0,1.7,3.75,4.75,,,
2012-04-28,FC Schalke 04,Hertha BSC,4,0,H,23.0,7.0,6.0,3.0,10.0,12.0,6.0,4.0,1.44,4.33,7.0,,,
2012-04-28,Hamburg,FSV Mainz 05,0,0,D,15.0,12.0,5.0,5.0,13.0,19.0,4.0,6.0,2.1,3.4,3.4,,,
2012-05-05,Werder Bremen,FC Schalke 04,2,3,A,19.0,16.0,4.0,5.0,11.0,13.0,11.0,9.0,2.5,3.4,2.7,,,
2012-05-05,FC Nurnberg,Bayer Leverkusen,1,4,A,12.0,4.0,5.0,4.0,8.0,10.0,5.0,1.0,2.5,3.3,2.8,,,
2012-05-05,VfB Stuttgart,VfL Wolfsburg,3,2,H,15.0,13.0,5.0,3.0,15.0,20.0,8.0,4.0,1.91,3.75,3.6,,,
2012-05-05,FSV Mainz 05,Borussia Monchengladbach,0,3,A,5.0,11.0,1.0,5.0,11.0,10.0,4.0,5.0,2.3,3.4,3.0,,,
2012-05-05,Borussia Dortmund,SC Freiburg,4,0,H,14.0,8.0,6.0,2.0,10.0,6.0,3.0,1.0,1.3,5.25,9.5,,,
2012-05-05,Hannover 96,Kaiserslautern,2,1,H,25.0,11.0,6.0,4.0,12.0,11.0,16.0,2.0,1.33,5.0,9.0,,,
2012-05-05,Hertha BSC,TSG Hoffenheim,3,1,H,16.0,10.0,7.0,3.0,27.0,14.0,3.0,8.0,1.95,3.6,3.6,,,
2012-05-05,FC Augsburg,Hamburg,1,0,H,14.0,11.0,3.0,3.0,15.0,11.0,2.0,6.0,2.4,3.3,2.88,,,
2012-05-05,FC Cologne,Bayern Munich,1,4,A,7.0,15.0,2.0,6.0,13.0,19.0,2.0,5.0,5.0,4.0,1.62,,,
2012-08-24,Borussia Dortmund,Werder Bremen,2,1,H,19.0,10.0,6.0,3.0,18.0,14.0,7.0,2.0,1.3,5.5,9.0,,,
2012-08-25,VfB Stuttgart,VfL Wolfsburg,0,1,A,10.0,13.0,5.0,3.0,16.0,23.0,7.0,6.0,2.0,3.5,3.6,,,
2012-08-25,Borussia Monchengladbach,TSG Hoffenheim,2,1,H,7.0,14.0,3.0,8.0,9.0,6.0,6.0,4.0,1.91,3.4,4.0,,,
2012-08-25,Hamburg,FC Nurnberg,0,1,A,11.0,18.0,5.0,8.0,16.0,20.0,9.0,6.0,2.05,3.4,3.5,,,
2012-08-25,FC Augsburg,Fortuna Dusseldorf,0,2,A,16.0,9.0,4.0,4.0,16.0,14.0,3.0,0.0,2.0,3.5,3.6,,,
2012-08-25,SC Freiburg,FSV Mainz 05,1,1,D,8.0,8.0,4.0,3.0,14.0,13.0,9.0,8.0,2.5,3.3,2.75,,,
2012-08-25,Ein Frankfurt,Bayer Leverkusen,2,1,H,20.0,19.0,4.0,10.0,15.0,22.0,6.0,7.0,2.8,3.4,2.4,,,
2012-08-25,Greuther Furth,Bayern Munich,0,3,A,6.0,19.0,2.0,9.0,21.0,13.0,2.0,4.0,8.5,4.75,1.36,,,
2012-08-26,Hannover 96,FC Schalke 04,2,2,D,9.0,15.0,2.0,7.0,12.0,16.0,3.0,6.0,2.88,3.4,2.38,,,
2012-08-31,FSV Mainz 05,Greuther Furth,0,1,A,11.0,7.0,3.0,2.0,17.0,23.0,8.0,0.0,1.8,3.5,4.5,,,
2012-09-01,Fortuna Dusseldorf,Borussia Monchengladbach,0,0,D,5.0,13.0,0.0,4.0,15.0,23.0,5.0,4.0,2.9,3.3,2.4,,,
2012-09-01,TSG Hoffenheim,Ein Frankfurt,0,4,A,7.0,17.0,3.0,5.0,16.0,17.0,2.0,5.0,2.05,3.4,3.5,,,
2012-09-01,Bayer Leverkusen,SC Freiburg,2,0,H,14.0,8.0,10.0,1.0,19.0,24.0,5.0,4.0,1.57,4.0,5.5,,,
2012-09-01,FC Nurnberg,Borussia Dortmund,1,1,D,6.0,18.0,3.0,6.0,12.0,17.0,4.0,11.0,6.0,4.0,1.55,,,
2012-09-01,FC Schalke 04,FC Augsburg,3,1,H,12.0,22.0,6.0,4.0,11.0,14.0,6.0,5.0,1.36,4.75,8.5,,,
2012-09-01,Werder Bremen,Hamburg,2,0,H,16.0,11.0,9.0,4.0,7.0,20.0,7.0,5.0,1.73,3.75,4.5,,,
2012-09-02,Bayern Munich,VfB Stuttgart,6,1,H,16.0,7.0,13.0,4.0,13.0,8.0,5.0,3.0,1.25,6.0,11.0,,,
2012-09-02,VfL Wolfsburg,Hannover 96,0,4,A,5.0,16.0,1.0,7.0,24.0,20.0,0.0,3.0,1.95,3.5,3.75,,,
2012-09-14,FC Augsburg,VfL Wolfsburg,0,0,D,7.0,11.0,2.0,4.0,14.0,25.0,5.0,3.0,2.7,3.4,2.5,,,
2012-09-15,VfB Stuttgart,Fortuna Dusseldorf,0,0,D,10.0,6.0,3.0,2.0,19.0,13.0,7.0,4.0,1.62,3.8,5.5,,,
2012-09-15,Borussia Monchengladbach,FC Nurnberg,2,3,A,14.0,11.0,6.0,3.0,12.0,17.0,5.0,6.0,2.0,3.4,3.75,,,
2012-09-15,Greuther Furth,FC Schalke 04,0,2,A,9.0,10.0,0.0,4.0,18.0,14.0,5.0,4.0,3.75,3.5,1.95,,,
2012-09-15,Borussia Dortmund,Bayer Leverkusen,3,0,H,14.0,6.0,7.0,2.0,10.0,14.0,9.0,2.0,1.44,4.33,7.0,,,
2012-09-15,Bayern Munich,FSV Mainz 05,3,1,H,21.0,7.0,9.0,1.0,12.0,18.0,10.0,2.0,1.17,7.0,15.0,,,
2012-09-15,Hannover 96,Werder Bremen,3,2,H,13.0,11.0,5.0,4.0,19.0,19.0,7.0,4.0,2.3,3.4,3.0,,,
2012-09-16,Ein Frankfurt,Hamburg,3,2,H,17.0,14.0,6.0,7.0,15.0,19.0,7.0,6.0,2.0,3.4,3.75,,,
2012-09-16,SC Freiburg,TSG Hoffenheim,5,3,H,23.0,9.0,9.0,5.0,11.0,18.0,11.0,2.0,2.4,3.4,2.8,,,
2012-09-21,FC Nurnberg,Ein Frankfurt,1,2,A,14.0,12.0,5.0,5.0,9.0,17.0,8.0,5.0,2.1,3.4,3.4,,,
2012-09-22,Fortuna Dusseldorf,SC Freiburg,0,0,D,11.0,11.0,2.0,3.0,13.0,17.0,3.0,6.0,2.15,3.4,3.3,,,
2012-09-22,Hamburg,Borussia Dortmund,3,2,H,7.0,28.0,3.0,12.0,20.0,11.0,2.0,10.0,5.25,4.2,1.57,,,
2012-09-22,FSV Mainz 05,FC Augsburg,2,0,H,11.0,11.0,5.0,3.0,23.0,17.0,4.0,6.0,1.73,3.6,4.75,,,
2012-09-22,FC Schalke 04,Bayern Munich,0,2,A,14.0,13.0,5.0,5.0,14.0,18.0,2.0,3.0,4.0,3.4,1.91,,,
2012-09-22,VfL Wolfsburg,Greuther Furth,1,1,D,12.0,8.0,5.0,1.0,20.0,22.0,7.0,2.0,1.8,3.75,4.2,,,
2012-09-23,TSG Hoffenheim,Hannover 96,3,1,H,16.0,5.0,6.0,2.0,13.0,18.0,8.0,2.0,2.5,3.4,2.7,,,
2012-09-23,Bayer Leverkusen,Borussia Monchengladbach,1,1,D,31.0,5.0,9.0,1.0,13.0,12.0,10.0,3.0,1.91,3.6,3.8,,,
2012-09-23,Werder Bremen,VfB Stuttgart,2,2,D,11.0,13.0,6.0,2.0,17.0,13.0,6.0,7.0,1.91,3.6,3.75,,,
2012-09-25,FC Schalke 04,FSV Mainz 05,3,0,H,16.0,10.0,9.0,3.0,10.0,11.0,7.0,3.0,1.57,3.8,6.0,,,
2012-09-25,Ein Frankfurt,Borussia Dortmund,3,3,D,14.0,9.0,5.0,7.0,13.0,15.0,6.0,4.0,4.2,3.75,1.8,,,
2012-09-25,Bayern Munich,VfL Wolfsburg,3,0,H,25.0,4.0,13.0,1.0,15.0,18.0,10.0,2.0,1.2,6.5,13.0,,,
2012-09-25,Greuther Furth,Fortuna Dusseldorf,0,2,A,11.0,10.0,3.0,5.0,22.0,15.0,4.0,2.0,2.15,3.25,3.5,,,
2012-09-26,FC Augsburg,Bayer Leverkusen,1,3,A,11.0,12.0,6.0,6.0,9.0,17.0,3.0,2.0,3.2,3.3,2.25,,,
2012-09-26,SC Freiburg,Werder Bremen,1,2,A,18.0,5.0,7.0,3.0,15.0,24.0,7.0,2.0,2.5,3.4,2.7,,,
2012-09-26,Hannover 96,FC Nurnberg,4,1,H,7.0,6.0,4.0,2.0,15.0,19.0,5.0,6.0,2.1,3.4,3.4,,,
2012-09-26,Borussia Monchengladbach,Hamburg,2,2,D,9.0,18.0,4.0,4.0,12.0,19.0,4.0,5.0,1.91,3.5,4.0,,,
2012-09-26,VfB Stuttgart,TSG Hoffenheim,0,3,A,8.0,16.0,3.0,10.0,18.0,15.0,4.0,5.0,1.83,3.75,4.0,,,
2012-09-28,Fortuna Dusseldorf,FC Schalke 04,2,2,D,7.0,14.0,2.0,6.0,10.0,9.0,4.0,4.0,4.33,3.5,1.83,,,
2012-09-29,Werder Bremen,Bayern Munich,0,2,A,8.0,19.0,2.0,5.0,14.0,17.0,2.0,6.0,6.0,4.0,1.53,,,
2012-09-29,FC Nurnberg,VfB Stuttgart,0,2,A,13.0,9.0,3.0,5.0,19.0,28.0,9.0,3.0,2.3,3.4,3.0,,,
2012-09-29,TSG Hoffenheim,FC Augsburg,0,0,D,9.0,5.0,2.0,2.0,19.0,16.0,6.0,2.0,1.75,3.75,4.5,,,
2012-09-29,Hamburg,Hannover 96,1,0,H,10.0,14.0,4.0,5.0,25.0,12.0,2.0,8.0,2.3,3.4,3.0,,,
2012-09-29,Borussia Dortmund,Borussia Monchengladbach,5,0,H,17.0,9.0,8.0,3.0,10.0,8.0,10.0,5.0,1.36,4.5,9.0,,,
2012-09-29,Bayer Leverkusen,Greuther Furth,2,0,H,13.0,7.0,7.0,1.0,15.0,14.0,7.0,2.0,1.44,4.33,7.0,,,
2012-09-30,Ein Frankfurt,SC Freiburg,2,1,H,8.0,12.0,4.0,5.0,17.0,17.0,6.0,6.0,1.75,3.75,4.5,,,
2012-09-30,VfL Wolfsburg,FSV Mainz 05,0,2,A,19.0,7.0,5.0,3.0,18.0,18.0,11.0,2.0,2.1,3.4,3.4,,,
2012-10-05,FC Augsburg,Werder Bremen,3,1,H,12.0,15.0,4.0,5.0,17.0,14.0,3.0,3.0,2.9,3.5,2.3,,,
2012-10-06,FC Schalke 04,VfL Wolfsburg,3,0,H,13.0,5.0,5.0,4.0,14.0,19.0,10.0,1.0,1.4,4.5,8.0,,,
2012-10-06,FSV Mainz 05,Fortuna Dusseldorf,1,0,H,13.0,7.0,3.0,4.0,22.0,13.0,2.0,2.0,1.83,3.5,4.33,,,
2012-10-06,SC Freiburg,FC Nurnberg,3,0,H,18.0,11.0,7.0,4.0,17.0,17.0,3.0,9.0,2.1,3.5,3.3,,,
2012-10-06,Bayern Munich,TSG Hoffenheim,2,0,H,13.0,4.0,2.0,1.0,14.0,20.0,8.0,1.0,1.14,7.5,17.0,,,
2012-10-06,Greuther Furth,Hamburg,0,1,A,12.0,8.0,2.0,4.0,22.0,24.0,6.0,1.0,2.7,3.4,2.5,,,
2012-10-07,Hannover 96,Borussia Dortmund,1,1,D,14.0,12.0,6.0,3.0,19.0,17.0,7.0,3.0,5.0,3.75,1.67,,,
2012-10-07,Borussia Monchengladbach,Ein Frankfurt,2,0,H,6.0,12.0,3.0,3.0,18.0,19.0,1.0,7.0,2.25,3.5,3.0,,,
2012-10-07,VfB Stuttgart,Bayer Leverkusen,2,2,D,10.0,13.0,2.0,6.0,14.0,19.0,4.0,7.0,2.4,3.5,2.75,,,
2012-10-19,TSG Hoffenheim,Greuther Furth,3,3,D,19.0,16.0,11.0,8.0,15.0,21.0,4.0,4.0,1.83,3.6,4.2,,,
2012-10-20,Borussia Dortmund,FC Schalke 04,1,2,A,8.0,7.0,4.0,4.0,18.0,14.0,4.0,5.0,1.62,4.0,5.0,,,
2012-10-20,Ein Frankfurt,Hannover 96,3,1,H,15.0,14.0,7.0,4.0,18.0,17.0,6.0,8.0,2.1,3.5,3.3,,,
2012-10-20,Fortuna Dusseldorf,Bayern Munich,0,5,A,2.0,24.0,1.0,14.0,18.0,13.0,2.0,6.0,11.0,5.0,1.29,,,
2012-10-20,Bayer Leverkusen,FSV Mainz 05,2,2,D,14.0,10.0,8.0,3.0,8.0,15.0,5.0,3.0,1.67,3.8,5.0,,,
2012-10-20,Werder Bremen,Borussia Monchengladbach,4,0,H,20.0,9.0,7.0,2.0,12.0,11.0,10.0,3.0,2.1,3.4,3.4,,,
2012-10-20,VfL Wolfsburg,SC Freiburg,0,2,A,9.0,8.0,2.0,5.0,23.0,14.0,7.0,1.0,2.25,3.4,3.1,,,
2012-10-21,Hamburg,VfB Stuttgart,0,1,A,18.0,21.0,8.0,6.0,21.0,13.0,3.0,4.0,2.25,3.4,3.1,,,
2012-10-21,FC Nurnberg,FC Augsburg,0,0,D,8.0,10.0,2.0,4.0,24.0,22.0,4.0,2.0,2.0,3.5,3.6,,,
2012-10-26,FC Augsburg,Hamburg,0,2,A,19.0,10.0,2.0,4.0,10.0,19.0,13.0,3.0,2.38,3.4,2.88,,,
2012-10-27,FC Schalke 04,FC Nurnberg,1,0,H,17.0,10.0,8.0,2.0,12.0,15.0,4.0,3.0,1.3,5.5,9.0,,,
2012-10-27,FSV Mainz 05,TSG Hoffenheim,3,0,H,11.0,7.0,5.0,2.0,12.0,19.0,4.0,2.0,2.0,3.5,3.6,,,
2012-10-27,SC Freiburg,Borussia Dortmund,0,2,A,6.0,17.0,2.0,6.0,19.0,18.0,3.0,7.0,5.5,3.75,1.62,,,
2012-10-27,Fortuna Dusseldorf,VfL Wolfsburg,1,4,A,6.0,10.0,2.0,7.0,19.0,18.0,1.0,4.0,2.3,3.3,3.1,,,
2012-10-27,Greuther Furth,Werder Bremen,1,1,D,10.0,16.0,3.0,8.0,24.0,17.0,4.0,6.0,2.6,3.4,2.6,,,
2012-10-28,Bayern Munich,Bayer Leverkusen,1,2,A,23.0,5.0,6.0,5.0,15.0,17.0,14.0,2.0,1.22,6.0,13.0,,,
2012-10-28,Hannover 96,Borussia Monchengladbach,2,3,A,5.0,14.0,3.0,9.0,17.0,15.0,4.0,7.0,1.91,3.6,3.8,,,
2012-10-28,VfB Stuttgart,Ein Frankfurt,2,1,H,14.0,13.0,4.0,7.0,17.0,18.0,10.0,5.0,2.1,3.5,3.3,,,
2012-11-02,Ein Frankfurt,Greuther Furth,1,1,D,7.0,12.0,4.0,8.0,15.0,26.0,3.0,7.0,1.6,4.0,5.25,,,
2012-11-03,FC Nurnberg,VfL Wolfsburg,1,0,H,11.0,3.0,4.0,2.0,21.0,16.0,5.0,4.0,2.5,3.4,2.7,,,
2012-11-03,Borussia Monchengladbach,SC Freiburg,1,1,D,14.0,13.0,4.0,3.0,12.0,12.0,4.0,6.0,2.25,3.25,3.2,,,
2012-11-03,Hannover 96,FC Augsburg,2,0,H,14.0,10.0,4.0,5.0,16.0,17.0,2.0,9.0,1.7,3.75,4.75,,,
2012-11-03,Hamburg,Bayern Munich,0,3,A,7.0,15.0,3.0,8.0,17.0,14.0,2.0,5.0,7.5,5.0,1.36,,,
2012-11-03,Borussia Dortmund,VfB Stuttgart,0,0,D,20.0,12.0,7.0,3.0,9.0,19.0,9.0,2.0,1.33,5.0,9.0,,,
2012-11-03,TSG Hoffenheim,FC Schalke 04,3,2,H,6.0,23.0,4.0,10.0,18.0,12.0,0.0,5.0,4.33,3.6,1.8,,,
2012-11-04,Bayer Leverkusen,Fortuna Dusseldorf,3,2,H,18.0,14.0,10.0,3.0,13.0,18.0,7.0,5.0,1.44,4.33,7.0,,,
2012-11-04,Werder Bremen,FSV Mainz 05,2,1,H,17.0,13.0,4.0,4.0,11.0,14.0,5.0,4.0,2.0,3.5,3.6,,,
2012-11-09,FSV Mainz 05,FC Nurnberg,2,1,H,12.0,10.0,2.0,3.0,17.0,21.0,3.0,6.0,1.8,3.5,4.5,,,
2012-11-10,SC Freiburg,Hamburg,0,0,D,16.0,9.0,3.0,4.0,19.0,20.0,9.0,3.0,2.0,3.5,3.6,,,
2012-11-10,FC Schalke 04,Werder Bremen,2,1,H,5.0,9.0,4.0,3.0,18.0,15.0,2.0,7.0,1.44,4.5,7.0,,,
2012-11-10,Bayern Munich,Ein Frankfurt,2,0,H,19.0,13.0,12.0,2.0,11.0,12.0,8.0,4.0,1.17,7.0,16.0,,,
2012-11-10,FC Augsburg,Borussia Dortmund,1,3,A,16.0,16.0,8.0,4.0,12.0,13.0,4.0,5.0,6.5,4.1,1.5,,,
2012-11-10,Fortuna Dusseldorf,TSG Hoffenheim,1,1,D,11.0,4.0,3.0,1.0,17.0,18.0,6.0,1.0,2.75,3.3,2.5,,,
2012-11-11,Greuther Furth,Borussia Monchengladbach,2,4,A,11.0,10.0,3.0,7.0,15.0,13.0,4.0,4.0,2.6,3.25,2.7,,,
2012-11-11,VfB Stuttgart,Hannover 96,2,4,A,13.0,10.0,8.0,4.0,21.0,17.0,10.0,5.0,2.0,3.5,3.6,,,
2012-11-11,VfL Wolfsburg,Bayer Leverkusen,3,1,H,12.0,9.0,6.0,4.0,8.0,17.0,5.0,6.0,3.1,3.5,2.2,,,
2012-11-17,FC Nurnberg,Bayern Munich,1,1,D,7.0,7.0,2.0,4.0,13.0,25.0,7.0,8.0,10.0,5.5,1.29,,,
2012-11-17,Bayer Leverkusen,FC Schalke 04,2,0,H,18.0,8.0,7.0,3.0,6.0,13.0,3.0,1.0,2.63,3.5,2.5,,,
2012-11-17,Borussia Monchengladbach,VfB Stuttgart,1,2,A,12.0,13.0,5.0,6.0,17.0,16.0,9.0,2.0,2.38,3.4,2.88,,,
2012-11-17,Hamburg,FSV Mainz 05,1,0,H,10.0,14.0,4.0,3.0,20.0,11.0,8.0,7.0,2.4,3.4,2.8,,,
2012-11-17,Ein Frankfurt,FC Augsburg,4,2,H,19.0,7.0,4.0,2.0,16.0,19.0,6.0,6.0,1.73,3.75,4.5,,,
2012-11-17,Borussia Dortmund,Greuther Furth,3,1,H,15.0,5.0,6.0,2.0,7.0,10.0,3.0,1.0,1.17,7.0,15.0,,,
2012-11-17,Hannover 96,SC Freiburg,1,2,A,15.0,21.0,5.0,8.0,12.0,15.0,11.0,6.0,2.1,3.4,3.4,,,
2012-11-18,TSG Hoffenheim,VfL Wolfsburg,1,3,A,25.0,8.0,7.0,4.0,12.0,14.0,10.0,0.0,2.25,3.4,3.1,,,
2012-11-18,Werder Bremen,Fortuna Dusseldorf,2,1,H,22.0,4.0,6.0,3.0,21.0,15.0,10.0,1.0,1.53,4.1,6.0,,,
2012-11-23,Fortuna Dusseldorf,Hamburg,2,0,H,11.0,13.0,3.0,4.0,18.0,13.0,3.0,8.0,3.0,3.25,2.38,,,
2012-11-24,Bayern Munich,Hannover 96,5,0,H,19.0,8.0,14.0,5.0,14.0,16.0,5.0,2.0,1.17,7.0,15.0,,,
2012-11-24,Greuther Furth,FC Nurnberg,0,0,D,5.0,3.0,1.0,0.0,23.0,20.0,6.0,1.0,2.5,3.3,2.75,,,
2012-11-24,FSV Mainz 05,Borussia Dortmund,1,2,A,10.0,12.0,3.0,5.0,19.0,8.0,4.0,2.0,5.5,3.75,1.62,,,
2012-11-24,FC Schalke 04,Ein Frankfurt,1,1,D,18.0,11.0,4.0,2.0,12.0,13.0,9.0,1.0,1.5,4.33,6.0,,,
2012-11-24,VfL Wolfsburg,Werder Bremen,1,1,D,14.0,12.0,5.0,2.0,17.0,16.0,5.0,7.0,2.25,3.4,3.1,,,
2012-11-25,TSG Hoffenheim,Bayer Leverkusen,1,2,A,24.0,8.0,5.0,4.0,12.0,18.0,4.0,1.0,3.1,3.4,2.25,,,
2012-11-25,FC Augsburg,Borussia Monchengladbach,1,1,D,13.0,9.0,1.0,3.0,19.0,10.0,3.0,1.0,2.38,3.25,3.0,,,
2012-11-25,SC Freiburg,VfB Stuttgart,3,0,H,26.0,10.0,11.0,2.0,12.0,19.0,10.0,3.0,2.2,3.5,3.1,,,
2012-11-27,Hannover 96,Greuther Furth,2,0,H,12.0,11.0,5.0,3.0,20.0,21.0,3.0,5.0,1.62,4.0,5.0,,,
2012-11-27,Borussia Dortmund,Fortuna Dusseldorf,1,1,D,22.0,5.0,7.0,1.0,5.0,16.0,7.0,2.0,1.13,8.0,19.0,,,
2012-11-27,Ein Frankfurt,FSV Mainz 05,1,3,A,11.0,10.0,6.0,5.0,20.0,16.0,8.0,3.0,2.1,3.4,3.4,,,
2012-11-27,Hamburg,FC Schalke 04,3,1,H,19.0,20.0,6.0,8.0,12.0,9.0,3.0,7.0,4.5,3.5,1.8,,,
2012-11-28,SC Freiburg,Bayern Munich,0,2,A,10.0,12.0,4.0,6.0,9.0,18.0,1.0,6.0,8.0,4.75,1.36,,,
2012-11-28,Borussia Monchengladbach,VfL Wolfsburg,2,0,H,12.0,17.0,6.0,6.0,11.0,16.0,2.0,8.0,2.38,3.4,2.88,,,
2012-11-28,FC Nurnberg,TSG Hoffenheim,4,2,H,14.0,15.0,6.0,5.0,24.0,22.0,1.0,3.0,2.3,3.4,3.0,,,
2012-11-28,VfB Stuttgart,FC Augsburg,2,1,H,10.0,16.0,3.0,8.0,14.0,17.0,1.0,5.0,1.6,4.0,5.25,,,
2012-11-28,Werder Bremen,Bayer Leverkusen,1,4,A,17.0,9.0,5.0,5.0,20.0,15.0,9.0,3.0,2.6,3.5,2.55,,,
2012-11-30,Fortuna Dusseldorf,Ein Frankfurt,4,0,H,13.0,7.0,6.0,2.0,9.0,14.0,5.0,2.0,2.88,3.4,2.38,,,
2012-12-01,FC Schalke 04,Borussia Monchengladbach,1,1,D,22.0,5.0,6.0,1.0,17.0,12.0,8.0,1.0,1.44,4.5,6.5,,,
2012-12-01,FC Augsburg,SC Freiburg,1,1,D,14.0,10.0,4.0,3.0,20.0,16.0,2.0,2.0,2.5,3.3,2.75,,,
2012-12-01,Bayern Munich,Borussia Dortmund,1,1,D,14.0,12.0,5.0,5.0,14.0,17.0,7.0,5.0,1.75,3.8,4.33,,,
2012-12-01,Greuther Furth,VfB Stuttgart,0,1,A,17.0,10.0,5.0,7.0,19.0,14.0,10.0,2.0,3.0,3.4,2.3,,,
2012-12-01,Bayer Leverkusen,FC Nurnberg,1,0,H,22.0,8.0,8.0,2.0,17.0,17.0,7.0,3.0,1.5,4.33,6.0,,,
2012-12-01,FSV Mainz 05,Hannover 96,2,1,H,13.0,14.0,3.0,3.0,13.0,17.0,4.0,6.0,2.0,3.5,3.6,,,
2012-12-02,VfL Wolfsburg,Hamburg,1,1,D,22.0,9.0,5.0,3.0,13.0,17.0,10.0,5.0,1.91,3.6,3.75,,,
2012-12-02,TSG Hoffenheim,Werder Bremen,1,4,A,9.0,12.0,3.0,6.0,18.0,14.0,3.0,5.0,2.6,3.3,2.63,,,
2012-12-07,Hamburg,TSG Hoffenheim,2,0,H,10.0,14.0,4.0,3.0,16.0,9.0,1.0,3.0,2.0,3.5,3.75,,,
2012-12-08,FC Augsburg,Bayern Munich,0,2,A,14.0,18.0,3.0,6.0,11.0,11.0,4.0,3.0,10.0,5.5,1.29,,,
2012-12-08,Borussia Dortmund,VfL Wolfsburg,2,3,A,20.0,6.0,10.0,4.0,13.0,19.0,8.0,4.0,1.29,5.5,10.0,,,
2012-12-08,Ein Frankfurt,Werder Bremen,4,1,H,18.0,12.0,7.0,6.0,17.0,21.0,3.0,4.0,2.4,3.5,2.8,,,
2012-12-08,SC Freiburg,Greuther Furth,1,0,H,11.0,9.0,3.0,1.0,16.0,21.0,3.0,2.0,1.7,3.6,5.0,,,
2012-12-08,FC Nurnberg,Fortuna Dusseldorf,2,0,H,13.0,8.0,5.0,1.0,15.0,19.0,2.0,4.0,1.91,3.3,4.2,,,
2012-12-08,VfB Stuttgart,FC Schalke 04,3,1,H,13.0,13.0,7.0,3.0,24.0,17.0,4.0,8.0,3.1,3.4,2.25,,,
2012-12-09,Borussia Monchengladbach,FSV Mainz 05,2,0,H,10.0,14.0,2.0,4.0,11.0,12.0,2.0,6.0,2.4,3.3,2.9,,,
2012-12-09,Hannover 96,Bayer Leverkusen,3,2,H,8.0,13.0,5.0,4.0,11.0,15.0,4.0,3.0,2.8,3.5,2.4,,,
2012-12-14,Bayern Munich,Borussia Monchengladbach,1,1,D,26.0,5.0,10.0,1.0,13.0,18.0,14.0,4.0,1.14,7.5,17.0,,,
2012-12-15,Fortuna Dusseldorf,Hannover 96,2,1,H,10.0,13.0,5.0,5.0,10.0,16.0,5.0,3.0,2.75,3.3,2.5,,,
2012-12-15,Greuther Furth,FC Augsburg,1,1,D,12.0,7.0,7.0,5.0,18.0,25.0,4.0,3.0,2.38,3.2,3.0,,,
2012-12-15,Bayer Leverkusen,Hamburg,3,0,H,18.0,16.0,6.0,4.0,10.0,14.0,6.0,7.0,1.6,4.0,5.25,,,
2012-12-15,FSV Mainz 05,VfB Stuttgart,3,1,H,16.0,7.0,10.0,2.0,16.0,17.0,4.0,5.0,2.25,3.4,3.1,,,
2012-12-15,FC Schalke 04,SC Freiburg,1,3,A,16.0,15.0,4.0,5.0,17.0,12.0,11.0,6.0,1.67,3.75,5.0,,,
2012-12-15,VfL Wolfsburg,Ein Frankfurt,0,2,A,7.0,18.0,3.0,6.0,23.0,15.0,3.0,7.0,2.1,3.5,3.3,,,
2012-12-16,TSG Hoffenheim,Borussia Dortmund,1,3,A,9.0,17.0,1.0,9.0,19.0,18.0,1.0,4.0,7.0,4.33,1.44,,,
2012-12-16,Werder Bremen,FC Nurnberg,1,1,D,26.0,9.0,7.0,5.0,15.0,19.0,9.0,1.0,1.83,4.0,3.75,,,
2013-01-18,FC Schalke 04,Hannover 96,5,4,H,14.0,9.0,8.0,4.0,17.0,13.0,6.0,3.0,1.67,3.8,5.0,,,
2013-01-19,VfL Wolfsburg,VfB Stuttgart,2,0,H,7.0,21.0,2.0,5.0,17.0,11.0,3.0,8.0,2.1,3.5,3.3,,,
2013-01-19,Werder Bremen,Borussia Dortmund,0,5,A,8.0,15.0,3.0,9.0,17.0,11.0,4.0,3.0,5.0,3.75,1.67,,,
2013-01-19,Bayern Munich,Greuther Furth,2,0,H,22.0,5.0,5.0,1.0,12.0,10.0,17.0,0.0,1.1,10.0,19.0,,,
2013-01-19,Bayer Leverkusen,Ein Frankfurt,3,1,H,22.0,11.0,6.0,1.0,21.0,15.0,9.0,2.0,1.67,4.0,4.75,,,
2013-01-19,FSV Mainz 05,SC Freiburg,0,0,D,7.0,12.0,3.0,1.0,16.0,22.0,1.0,5.0,2.2,3.25,3.3,,,
2013-01-19,TSG Hoffenheim,Borussia Monchengladbach,0,0,D,17.0,12.0,3.0,1.0,11.0,18.0,8.0,4.0,2.38,3.4,2.9,,,
2013-01-20,Fortuna Dusseldorf,FC Augsburg,2,3,A,15.0,23.0,4.0,12.0,9.0,25.0,6.0,9.0,2.3,3.3,3.1,,,
2013-01-20,FC Nurnberg,Hamburg,1,1,D,8.0,10.0,3.0,3.0,10.0,20.0,2.0,5.0,2.3,3.2,3.2,,,
2013-01-25,Borussia Dortmund,FC Nurnberg,3,0,H,19.0,7.0,9.0,4.0,13.0,8.0,3.0,3.0,1.18,6.5,15.0,,,
2013-01-26,FC Augsburg,FC Schalke 04,0,0,D,14.0,11.0,4.0,4.0,14.0,22.0,4.0,4.0,3.6,3.5,2.0,,,
2013-01-26,Ein Frankfurt,TSG Hoffenheim,2,1,H,16.0,12.0,6.0,5.0,19.0,21.0,7.0,6.0,1.95,3.6,3.6,,,
2013-01-26,SC Freiburg,Bayer Leverkusen,0,0,D,13.0,15.0,4.0,2.0,12.0,17.0,3.0,2.0,2.75,3.3,2.5,,,
2013-01-26,Greuther Furth,FSV Mainz 05,0,3,A,10.0,11.0,4.0,8.0,18.0,20.0,7.0,2.0,3.1,3.3,2.3,,,
2013-01-26,Hannover 96,VfL Wolfsburg,2,1,H,5.0,25.0,3.0,10.0,15.0,13.0,3.0,5.0,2.1,3.5,3.3,,,
2013-01-26,Borussia Monchengladbach,Fortuna Dusseldorf,2,1,H,9.0,14.0,4.0,3.0,17.0,16.0,5.0,3.0,1.62,3.8,5.5,,,
2013-01-27,VfB Stuttgart,Bayern Munich,0,2,A,5.0,13.0,2.0,4.0,26.0,17.0,0.0,6.0,8.0,4.5,1.4,,,
2013-01-27,Hamburg,Werder Bremen,3,2,H,9.0,14.0,4.0,6.0,19.0,16.0,3.0,7.0,2.38,3.5,2.8,,,
2013-02-01,Werder Bremen,Hannover 96,2,0,H,30.0,6.0,14.0,3.0,10.0,9.0,10.0,0.0,1.85,3.8,3.8,,,
2013-02-02,Fortuna Dusseldorf,VfB Stuttgart,3,1,H,12.0,7.0,5.0,4.0,13.0,18.0,3.0,5.0,3.2,3.25,2.25,,,
2013-02-02,Hamburg,Ein Frankfurt,0,2,A,23.0,16.0,10.0,5.0,19.0,11.0,7.0,6.0,2.3,3.4,3.0,,,
2013-02-02,TSG Hoffenheim,SC Freiburg,2,1,H,9.0,9.0,3.0,5.0,23.0,15.0,3.0,6.0,2.5,3.3,2.75,,,
2013-02-02,FSV Mainz 05,Bayern Munich,0,3,A,10.0,10.0,0.0,6.0,15.0,10.0,6.0,4.0,8.0,4.5,1.4,,,
2013-02-02,FC Schalke 04,Greuther Furth,1,2,A,25.0,9.0,4.0,5.0,15.0,19.0,10.0,1.0,1.33,5.0,9.0,,,
2013-02-02,VfL Wolfsburg,FC Augsburg,1,1,D,10.0,10.0,6.0,4.0,15.0,17.0,11.0,2.0,1.83,3.5,4.33,,,
2013-02-03,Bayer Leverkusen,Borussia Dortmund,2,3,A,27.0,12.0,8.0,7.0,21.0,16.0,12.0,4.0,3.3,3.5,2.1,,,
2013-02-03,FC Nurnberg,Borussia Monchengladbach,2,1,H,10.0,12.0,5.0,6.0,24.0,20.0,5.0,5.0,2.4,3.2,3.0,,,
2013-02-09,VfB Stuttgart,Werder Bremen,1,4,A,9.0,18.0,3.0,7.0,21.0,19.0,4.0,4.0,2.25,3.5,3.0,,,
2013-02-09,Borussia Monchengladbach,Bayer Leverkusen,3,3,D,10.0,23.0,5.0,10.0,12.0,11.0,5.0,11.0,3.1,3.4,2.25,,,
2013-02-09,Hannover 96,TSG Hoffenheim,1,0,H,7.0,16.0,3.0,9.0,21.0,20.0,5.0,10.0,2.2,3.4,3.2,,,
2013-02-09,Greuther Furth,VfL Wolfsburg,0,1,A,16.0,10.0,3.0,2.0,22.0,23.0,10.0,5.0,2.88,3.3,2.4,,,
2013-02-09,Borussia Dortmund,Hamburg,1,4,A,21.0,13.0,7.0,5.0,14.0,19.0,8.0,5.0,1.25,6.0,10.0,,,
2013-02-09,Bayern Munich,FC Schalke 04,4,0,H,15.0,4.0,6.0,0.0,10.0,11.0,10.0,3.0,1.25,5.5,12.0,,,
2013-02-09,Ein Frankfurt,FC Nurnberg,0,0,D,9.0,11.0,2.0,6.0,17.0,20.0,5.0,6.0,1.83,3.5,4.33,,,
2013-02-10,FC Augsburg,FSV Mainz 05,1,1,D,19.0,9.0,7.0,3.0,17.0,11.0,9.0,2.0,2.6,3.2,2.75,,,
2013-02-10,SC Freiburg,Fortuna Dusseldorf,1,0,H,15.0,11.0,3.0,4.0,17.0,15.0,6.0,3.0,1.62,3.75,5.5,,,
2013-02-15,VfL Wolfsburg,Bayern Munich,0,2,A,8.0,7.0,1.0,3.0,26.0,18.0,3.0,2.0,7.0,4.75,1.4,,,
2013-02-16,Borussia Dortmund,Ein Frankfurt,3,0,H,9.0,7.0,5.0,1.0,17.0,18.0,3.0,4.0,1.4,4.75,7.5,,,
2013-02-16,Fortuna Dusseldorf,Greuther Furth,1,0,H,13.0,3.0,8.0,1.0,20.0,28.0,5.0,4.0,2.3,3.2,3.2,,,
2013-02-16,Hamburg,Borussia Monchengladbach,1,0,H,6.0,5.0,2.0,1.0,18.0,17.0,3.0,3.0,1.91,3.5,4.0,,,
2013-02-16,Bayer Leverkusen,FC Augsburg,2,1,H,13.0,12.0,5.0,4.0,11.0,14.0,4.0,3.0,1.5,4.1,6.5,,,
2013-02-16,FSV Mainz 05,FC Schalke 04,2,2,D,14.0,9.0,5.0,5.0,10.0,16.0,4.0,4.0,2.25,3.4,3.1,,,
2013-02-16,Werder Bremen,SC Freiburg,2,3,A,9.0,14.0,5.0,12.0,23.0,16.0,6.0,5.0,2.0,3.5,3.6,,,
2013-02-17,FC Nurnberg,Hannover 96,2,2,D,10.0,9.0,5.0,6.0,11.0,18.0,4.0,1.0,2.0,3.4,3.75,,,
2013-02-17,TSG Hoffenheim,VfB Stuttgart,0,1,A,8.0,7.0,3.0,3.0,13.0,17.0,1.0,1.0,2.25,3.4,3.1,,,
2013-02-22,SC Freiburg,Ein Frankfurt,0,0,D,8.0,8.0,5.0,1.0,13.0,10.0,3.0,1.0,2.05,3.4,3.5,,,
2013-02-23,FC Augsburg,TSG Hoffenheim,2,1,H,20.0,7.0,3.0,2.0,17.0,24.0,3.0,1.0,2.1,3.2,3.6,,,
2013-02-23,Bayern Munich,Werder Bremen,6,1,H,14.0,11.0,8.0,4.0,6.0,13.0,7.0,4.0,1.17,7.0,15.0,,,
2013-02-23,Hannover 96,Hamburg,5,1,H,13.0,23.0,6.0,12.0,16.0,13.0,4.0,6.0,2.5,3.4,2.7,,,
2013-02-23,FSV Mainz 05,VfL Wolfsburg,1,1,D,13.0,5.0,2.0,3.0,22.0,12.0,4.0,4.0,2.0,3.4,3.75,,,
2013-02-23,FC Schalke 04,Fortuna Dusseldorf,2,1,H,18.0,5.0,7.0,1.0,18.0,17.0,4.0,3.0,1.44,4.33,7.0,,,
2013-02-23,VfB Stuttgart,FC Nurnberg,1,1,D,15.0,10.0,8.0,2.0,13.0,17.0,8.0,4.0,2.1,3.4,3.4,,,
2013-02-24,Greuther Furth,Bayer Leverkusen,0,0,D,10.0,22.0,4.0,11.0,17.0,12.0,4.0,10.0,4.75,3.6,1.75,,,
2013-02-24,Borussia Monchengladbach,Borussia Dortmund,1,1,D,6.0,15.0,3.0,4.0,16.0,9.0,3.0,7.0,5.0,4.0,1.62,,,
2013-03-01,Ein Frankfurt,Borussia Monchengladbach,0,1,A,14.0,11.0,2.0,2.0,13.0,17.0,8.0,5.0,2.0,3.4,3.75,,,
2013-03-02,Werder Bremen,FC Augsburg,0,1,A,16.0,12.0,3.0,5.0,18.0,21.0,11.0,5.0,1.83,3.75,4.0,,,
2013-03-02,VfL Wolfsburg,FC Schalke 04,1,4,A,8.0,13.0,4.0,7.0,6.0,16.0,4.0,5.0,2.6,3.3,2.63,,,
2013-03-02,FC Nurnberg,SC Freiburg,1,1,D,11.0,14.0,4.0,4.0,29.0,14.0,4.0,7.0,2.6,3.25,2.75,,,
2013-03-02,Hamburg,Greuther Furth,1,1,D,18.0,6.0,8.0,2.0,11.0,9.0,5.0,1.0,1.62,3.75,5.5,,,
2013-03-02,Borussia Dortmund,Hannover 96,3,1,H,23.0,6.0,6.0,2.0,19.0,19.0,2.0,3.0,1.3,5.25,9.5,,,
2013-03-02,Bayer Leverkusen,VfB Stuttgart,2,1,H,30.0,5.0,8.0,4.0,13.0,16.0,6.0,0.0,1.53,4.33,5.5,,,
2013-03-03,Fortuna Dusseldorf,FSV Mainz 05,1,1,D,13.0,5.0,3.0,3.0,13.0,14.0,7.0,3.0,3.0,3.2,2.4,,,
2013-03-03,TSG Hoffenheim,Bayern Munich,0,1,A,9.0,19.0,3.0,7.0,24.0,12.0,4.0,8.0,12.0,5.5,1.25,,,
2013-03-08,FC Augsburg,FC Nurnberg,1,2,A,12.0,6.0,3.0,2.0,24.0,21.0,3.0,2.0,2.1,3.3,3.5,,,
2013-03-09,Bayern Munich,Fortuna Dusseldorf,3,2,H,22.0,4.0,11.0,2.0,12.0,18.0,12.0,1.0,1.1,9.0,21.0,,,
2013-03-09,SC Freiburg,VfL Wolfsburg,2,5,A,16.0,14.0,6.0,10.0,11.0,23.0,9.0,3.0,1.91,3.5,4.0,,,
2013-03-09,Greuther Furth,TSG Hoffenheim,0,3,A,12.0,12.0,4.0,5.0,17.0,20.0,3.0,4.0,2.5,3.3,2.75,,,
2013-03-09,FSV Mainz 05,Bayer Leverkusen,1,0,H,8.0,16.0,1.0,4.0,13.0,14.0,4.0,5.0,3.1,3.3,2.3,,,
2013-03-09,Borussia Monchengladbach,Werder Bremen,1,1,D,10.0,16.0,5.0,4.0,8.0,11.0,9.0,11.0,2.2,3.4,3.2,,,
2013-03-09,FC Schalke 04,Borussia Dortmund,2,1,H,20.0,16.0,10.0,3.0,16.0,13.0,3.0,2.0,3.5,3.6,2.0,,,
2013-03-10,Hannover 96,Ein Frankfurt,0,0,D,7.0,11.0,3.0,2.0,18.0,13.0,5.0,7.0,2.3,3.5,2.9,,,
2013-03-10,VfB Stuttgart,Hamburg,0,1,A,13.0,12.0,7.0,3.0,15.0,23.0,8.0,5.0,2.25,3.4,3.1,,,
2013-03-15,VfL Wolfsburg,Fortuna Dusseldorf,1,1,D,18.0,9.0,6.0,3.0,13.0,14.0,7.0,1.0,1.8,3.5,4.5,,,
2013-03-16,Borussia Dortmund,SC Freiburg,5,1,H,21.0,6.0,11.0,2.0,16.0,18.0,4.0,1.0,1.36,4.75,8.5,,,
2013-03-16,Hamburg,FC Augsburg,0,1,A,17.0,6.0,5.0,1.0,20.0,17.0,10.0,3.0,1.91,3.5,4.0,,,
2013-03-16,TSG Hoffenheim,FSV Mainz 05,0,0,D,12.0,7.0,3.0,2.0,14.0,19.0,5.0,7.0,2.5,3.3,2.8,,,
2013-03-16,Bayer Leverkusen,Bayern Munich,1,2,A,13.0,15.0,2.0,2.0,16.0,15.0,15.0,7.0,4.2,3.75,1.8,,,
2013-03-16,FC Nurnberg,FC Schalke 04,3,0,H,12.0,15.0,8.0,5.0,11.0,11.0,6.0,4.0,3.1,3.4,2.25,,,
2013-03-16,Werder Bremen,Greuther Furth,2,2,D,18.0,9.0,8.0,3.0,11.0,23.0,9.0,4.0,1.5,4.33,6.0,,,
2013-03-17,Ein Frankfurt,VfB Stuttgart,1,2,A,14.0,12.0,4.0,3.0,17.0,13.0,8.0,4.0,2.0,3.5,3.6,,,
2013-03-17,Borussia Monchengladbach,Hannover 96,1,0,H,11.0,14.0,4.0,5.0,7.0,7.0,6.0,3.0,2.0,3.4,3.75,,,
2013-03-30,VfB Stuttgart,Borussia Dortmund,1,2,A,11.0,15.0,5.0,6.0,17.0,15.0,3.0,8.0,3.8,3.6,1.91,,,
2013-03-30,FSV Mainz 05,Werder Bremen,1,1,D,10.0,13.0,5.0,6.0,15.0,15.0,4.0,9.0,2.05,3.5,3.5,,,
2013-03-30,FC Schalke 04,TSG Hoffenheim,3,0,H,14.0,5.0,5.0,1.0,13.0,15.0,3.0,3.0,1.57,4.1,5.5,,,
2013-03-30,Fortuna Dusseldorf,Bayer Leverkusen,1,4,A,12.0,14.0,3.0,4.0,11.0,20.0,4.0,1.0,4.33,3.6,1.8,,,
2013-03-30,Bayern Munich,Hamburg,9,2,H,25.0,10.0,15.0,8.0,6.0,14.0,7.0,3.0,1.3,5.5,9.0,,,
2013-03-30,FC Augsburg,Hannover 96,0,2,A,23.0,10.0,5.0,2.0,10.0,17.0,14.0,1.0,2.0,3.4,3.75,,,
2013-03-30,SC Freiburg,Borussia Monchengladbach,2,0,H,13.0,6.0,6.0,2.0,14.0,15.0,9.0,2.0,2.0,3.4,3.75,,,
2013-03-31,Greuther Furth,Ein Frankfurt,2,3,A,14.0,11.0,5.0,4.0,17.0,10.0,9.0,3.0,3.25,3.25,2.25,,,
2013-03-31,VfL Wolfsburg,FC Nurnberg,2,2,D,9.0,18.0,4.0,6.0,20.0,18.0,7.0,5.0,2.0,3.5,3.6,,,
2013-04-05,TSG Hoffenheim,Fortuna Dusseldorf,3,0,H,17.0,15.0,8.0,4.0,23.0,16.0,3.0,3.0,2.0,3.4,3.75,,,
2013-04-06,Werder Bremen,FC Schalke 04,0,2,A,9.0,17.0,5.0,9.0,14.0,17.0,9.0,5.0,2.6,3.4,2.6,,,
2013-04-06,Borussia Monchengladbach,Greuther Furth,1,0,H,19.0,20.0,6.0,8.0,10.0,16.0,2.0,6.0,1.62,3.75,5.5,,,
2013-04-06,Hamburg,SC Freiburg,0,1,A,13.0,8.0,5.0,3.0,15.0,12.0,6.0,1.0,2.3,3.3,3.1,,,
2013-04-06,Ein Frankfurt,Bayern Munich,0,1,A,13.0,15.0,4.0,5.0,16.0,11.0,7.0,9.0,6.0,4.0,1.53,,,
2013-04-06,Borussia Dortmund,FC Augsburg,4,2,H,13.0,12.0,7.0,8.0,12.0,21.0,4.0,7.0,1.3,5.5,9.0,,,
2013-04-06,Bayer Leverkusen,VfL Wolfsburg,1,1,D,14.0,11.0,7.0,2.0,15.0,13.0,5.0,4.0,1.5,4.33,6.0,,,
2013-04-07,Hannover 96,VfB Stuttgart,0,0,D,13.0,14.0,1.0,6.0,22.0,9.0,6.0,6.0,2.3,3.3,3.1,,,
2013-04-07,FC Nurnberg,FSV Mainz 05,2,1,H,5.0,12.0,4.0,3.0,16.0,12.0,2.0,6.0,2.4,3.2,3.0,,,
2013-04-12,SC Freiburg,Hannover 96,3,1,H,15.0,10.0,5.0,3.0,13.0,23.0,6.0,4.0,1.7,3.6,5.0,,,
2013-04-13,VfL Wolfsburg,TSG Hoffenheim,2,2,D,13.0,10.0,5.0,5.0,24.0,24.0,2.0,4.0,2.2,3.3,3.3,,,
2013-04-13,FC Schalke 04,Bayer Leverkusen,2,2,D,16.0,18.0,9.0,8.0,11.0,14.0,7.0,7.0,2.25,3.4,3.1,,,
2013-04-13,Bayern Munich,FC Nurnberg,4,0,H,21.0,9.0,10.0,4.0,11.0,14.0,12.0,4.0,1.22,6.0,13.0,,,
2013-04-13,Greuther Furth,Borussia Dortmund,1,6,A,9.0,15.0,3.0,9.0,12.0,11.0,1.0,5.0,7.5,4.75,1.4,,,
2013-04-13,Fortuna Dusseldorf,Werder Bremen,2,2,D,8.0,16.0,3.0,4.0,20.0,24.0,3.0,1.0,2.8,3.3,2.5,,,
2013-04-13,FSV Mainz 05,Hamburg,1,2,A,12.0,12.0,2.0,4.0,15.0,16.0,2.0,1.0,2.05,3.4,3.6,,,
2013-04-14,FC Augsburg,Ein Frankfurt,2,0,H,19.0,8.0,4.0,3.0,12.0,18.0,5.0,3.0,2.38,3.25,3.0,,,
2013-04-14,VfB Stuttgart,Borussia Monchengladbach,2,0,H,16.0,10.0,5.0,2.0,14.0,9.0,4.0,3.0,2.2,3.3,3.3,,,
2013-04-19,Borussia Monchengladbach,FC Augsburg,1,0,H,23.0,11.0,5.0,2.0,18.0,14.0,6.0,5.0,2.3,3.2,3.1,,,
2013-04-20,Borussia Dortmund,FSV Mainz 05,2,0,H,22.0,5.0,7.0,0.0,12.0,16.0,8.0,4.0,1.44,4.5,6.5,,,
2013-04-20,Ein Frankfurt,FC Schalke 04,1,0,H,10.0,10.0,3.0,7.0,16.0,27.0,0.0,4.0,3.0,3.4,2.3,,,
2013-04-20,Hamburg,Fortuna Dusseldorf,2,1,H,17.0,12.0,4.0,5.0,21.0,19.0,5.0,3.0,1.83,3.5,4.33,,,
2013-04-20,Hannover 96,Bayern Munich,1,6,A,7.0,14.0,4.0,5.0,7.0,9.0,2.0,9.0,5.5,4.0,1.57,,,
2013-04-20,Bayer Leverkusen,TSG Hoffenheim,5,0,H,22.0,5.0,9.0,2.0,11.0,9.0,5.0,1.0,1.44,4.5,6.5,,,
2013-04-20,Werder Bremen,VfL Wolfsburg,0,3,A,8.0,8.0,3.0,5.0,18.0,16.0,6.0,3.0,2.0,3.6,3.5,,,
2013-04-21,FC Nurnberg,Greuther Furth,0,1,A,23.0,15.0,8.0,3.0,12.0,25.0,14.0,4.0,1.75,3.5,4.75,,,
2013-04-21,VfB Stuttgart,SC Freiburg,2,1,H,15.0,11.0,7.0,3.0,14.0,15.0,3.0,6.0,2.3,3.4,3.0,,,
2013-04-26,Greuther Furth,Hannover 96,2,3,A,20.0,8.0,8.0,4.0,13.0,13.0,6.0,5.0,2.3,3.4,3.0,,,
2013-04-27,FC Augsburg,VfB Stuttgart,3,0,H,22.0,7.0,7.0,3.0,15.0,13.0,9.0,4.0,2.25,3.25,3.25,,,
2013-04-27,Bayern Munich,SC Freiburg,1,0,H,16.0,8.0,4.0,2.0,9.0,17.0,5.0,3.0,1.22,6.0,12.0,,,
2013-04-27,Fortuna Dusseldorf,Borussia Dortmund,1,2,A,8.0,9.0,3.0,6.0,15.0,11.0,6.0,3.0,4.75,4.0,1.67,,,
2013-04-27,TSG Hoffenheim,FC Nurnberg,2,1,H,23.0,8.0,11.0,2.0,13.0,21.0,4.0,3.0,2.0,3.4,3.75,,,
2013-04-27,Bayer Leverkusen,Werder Bremen,1,0,H,8.0,11.0,2.0,4.0,22.0,18.0,7.0,6.0,1.4,4.75,7.0,,,
2013-04-27,VfL Wolfsburg,Borussia Monchengladbach,3,1,H,17.0,6.0,5.0,4.0,5.0,14.0,5.0,3.0,2.1,3.4,3.4,,,
2013-04-28,FSV Mainz 05,Ein Frankfurt,0,0,D,14.0,8.0,2.0,3.0,14.0,15.0,7.0,7.0,2.05,3.4,3.5,,,
2013-04-28,FC Schalke 04,Hamburg,4,1,H,20.0,9.0,10.0,1.0,14.0,10.0,6.0,3.0,1.57,4.1,5.5,,,
2013-05-03,Borussia Monchengladbach,FC Schalke 04,0,1,A,12.0,15.0,0.0,5.0,14.0,22.0,6.0,8.0,3.5,3.4,2.05,,,
2013-05-04,VfB Stuttgart,Greuther Furth,0,2,A,14.0,10.0,4.0,4.0,17.0,23.0,5.0,2.0,1.67,3.75,5.0,,,
2013-05-04,FC Nurnberg,Bayer Leverkusen,0,2,A,16.0,20.0,3.0,2.0,12.0,16.0,14.0,8.0,3.75,3.6,1.91,,,
2013-05-04,Werder Bremen,TSG Hoffenheim,2,2,D,18.0,13.0,3.0,5.0,23.0,15.0,4.0,2.0,2.1,3.6,3.2,,,
2013-05-04,Ein Frankfurt,Fortuna Dusseldorf,3,1,H,17.0,6.0,7.0,2.0,18.0,15.0,5.0,7.0,1.8,3.5,4.5,,,
2013-05-04,Borussia Dortmund,Bayern Munich,1,1,D,11.0,6.0,3.0,2.0,18.0,15.0,6.0,1.0,3.1,3.4,2.25,,,
2013-05-04,Hannover 96,FSV Mainz 05,2,2,D,13.0,10.0,5.0,6.0,19.0,13.0,2.0,2.0,2.38,3.4,2.9,,,
2013-05-05,SC Freiburg,FC Augsburg,2,0,H,17.0,19.0,10.0,6.0,15.0,19.0,5.0,8.0,1.91,3.4,4.0,,,
2013-05-05,Hamburg,VfL Wolfsburg,1,1,D,15.0,19.0,8.0,8.0,16.0,19.0,4.0,9.0,2.2,3.4,3.2,,,
2013-05-11,VfL Wolfsburg,Borussia Dortmund,3,3,D,10.0,10.0,3.0,4.0,23.0,12.0,7.0,4.0,4.0,3.6,1.85,,,
2013-05-11,Werder Bremen,Ein Frankfurt,1,1,D,15.0,10.0,3.0,2.0,10.0,11.0,8.0,3.0,2.2,3.6,3.0,,,
2013-05-11,FC Schalke 04,VfB Stuttgart,1,2,A,19.0,8.0,4.0,4.0,12.0,20.0,3.0,1.0,1.36,4.75,8.5,,,
2013-05-11,FSV Mainz 05,Borussia Monchengladbach,2,4,A,10.0,17.0,4.0,6.0,10.0,12.0,3.0,3.0,2.2,3.3,3.3,,,
2013-05-11,Bayer Leverkusen,Hannover 96,3,1,H,22.0,11.0,12.0,3.0,14.0,10.0,3.0,6.0,1.3,5.5,9.0,,,
2013-05-11,Greuther Furth,SC Freiburg,1,2,A,18.0,15.0,6.0,5.0,20.0,16.0,5.0,8.0,4.5,3.75,1.75,,,
2013-05-11,Fortuna Dusseldorf,FC Nurnberg,1,2,A,6.0,13.0,2.0,4.0,19.0,19.0,1.0,5.0,1.85,3.5,4.2,,,
2013-05-11,Bayern Munich,FC Augsburg,3,0,H,15.0,6.0,7.0,3.0,10.0,13.0,9.0,2.0,1.2,6.5,13.0,,,
2013-05-11,TSG Hoffenheim,Hamburg,1,4,A,18.0,15.0,5.0,5.0,20.0,20.0,5.0,1.0,1.83,3.75,4.0,,,
2013-05-18,Borussia Monchengladbach,Bayern Munich,3,4,A,11.0,26.0,5.0,13.0,7.0,7.0,1.0,10.0,7.0,4.33,1.44,,,
2013-05-18,VfB Stuttgart,FSV Mainz 05,2,2,D,10.0,15.0,3.0,3.0,17.0,13.0,5.0,5.0,2.05,3.6,3.3,,,
2013-05-18,FC Nurnberg,Werder Bremen,3,2,H,16.0,18.0,5.0,4.0,16.0,12.0,3.0,2.0,2.5,3.6,2.6,,,
2013-05-18,Hannover 96,Fortuna Dusseldorf,3,0,H,15.0,13.0,6.0,2.0,15.0,14.0,7.0,4.0,2.3,3.6,2.8,,,
2013-05-18,Ein Frankfurt,VfL Wolfsburg,2,2,D,11.0,14.0,3.0,4.0,18.0,13.0,6.0,9.0,2.0,3.6,3.5,,,
2013-05-18,SC Freiburg,FC Schalke 04,1,2,A,14.0,12.0,3.0,3.0,16.0,14.0,5.0,2.0,2.75,3.5,2.4,,,
2013-05-18,FC Augsburg,Greuther Furth,3,1,H,16.0,6.0,5.0,2.0,19.0,22.0,8.0,3.0,1.5,4.33,6.0,,,
2013-05-18,Borussia Dortmund,TSG Hoffenheim,1,2,A,21.0,9.0,8.0,5.0,13.0,20.0,3.0,0.0,1.33,5.0,8.5,,,
2013-05-18,Hamburg,Bayer Leverkusen,0,1,A,13.0,15.0,1.0,7.0,17.0,13.0,2.0,6.0,3.0,4.0,2.1,,,
2013-08-09,Bayern Munich,Borussia Monchengladbach,3,1,H,26.0,11.0,9.0,4.0,12.0,11.0,6.0,4.0,1.13,8.5,19.0,,,
2013-08-10,FC Augsburg,Borussia Dortmund,0,4,A,11.0,13.0,4.0,9.0,18.0,12.0,5.0,6.0,7.0,4.33,1.44,,,
2013-08-10,Braunschweig,Werder Bremen,0,1,A,13.0,12.0,3.0,4.0,10.0,18.0,2.0,7.0,2.7,3.4,2.5,,,
2013-08-10,Hannover 96,VfL Wolfsburg,2,0,H,20.0,15.0,8.0,4.0,28.0,11.0,7.0,2.0,2.6,3.4,2.6,,,
2013-08-10,Hertha BSC,Ein Frankfurt,6,1,H,16.0,10.0,9.0,4.0,19.0,18.0,5.0,4.0,2.2,3.4,3.2,,,
2013-08-10,TSG Hoffenheim,FC Nurnberg,2,2,D,23.0,12.0,8.0,5.0,17.0,17.0,6.0,9.0,2.1,3.3,3.5,,,
2013-08-10,Bayer Leverkusen,SC Freiburg,3,1,H,18.0,8.0,6.0,3.0,11.0,16.0,5.0,2.0,1.44,4.5,6.5,,,
2013-08-11,FC Schalke 04,Hamburg,3,3,D,19.0,16.0,8.0,6.0,15.0,11.0,3.0,7.0,1.44,4.33,7.0,,,
2013-08-11,FSV Mainz 05,VfB Stuttgart,3,2,H,9.0,15.0,7.0,10.0,15.0,13.0,2.0,8.0,2.4,3.4,2.8,,,
2013-08-17,Ein Frankfurt,Bayern Munich,0,1,A,9.0,15.0,3.0,7.0,9.0,17.0,6.0,5.0,10.0,5.25,1.29,,,
2013-08-17,SC Freiburg,FSV Mainz 05,1,2,A,9.0,12.0,3.0,8.0,17.0,7.0,2.0,4.0,2.25,3.4,3.1,,,
2013-08-17,Hamburg,TSG Hoffenheim,1,5,A,8.0,18.0,4.0,7.0,15.0,22.0,2.0,4.0,2.0,3.6,3.5,,,
2013-08-17,Borussia Monchengladbach,Hannover 96,3,0,H,17.0,16.0,8.0,4.0,9.0,19.0,1.0,3.0,1.83,3.5,4.33,,,
2013-08-17,VfB Stuttgart,Bayer Leverkusen,0,1,A,17.0,13.0,3.0,3.0,13.0,15.0,10.0,3.0,3.5,3.25,2.1,,,
2013-08-17,Werder Bremen,FC Augsburg,1,0,H,5.0,20.0,2.0,4.0,16.0,14.0,3.0,7.0,1.91,3.5,4.0,,,
2013-08-17,VfL Wolfsburg,FC Schalke 04,4,0,H,20.0,6.0,8.0,2.0,18.0,16.0,11.0,3.0,2.88,3.3,2.4,,,
2013-08-18,Borussia Dortmund,Braunschweig,2,1,H,24.0,8.0,6.0,3.0,8.0,12.0,4.0,3.0,1.17,7.5,13.0,,,
2013-08-18,FC Nurnberg,Hertha BSC,2,2,D,11.0,12.0,5.0,5.0,16.0,17.0,4.0,5.0,2.3,3.4,3.0,,,
2013-08-23,Borussia Dortmund,Werder Bremen,1,0,H,32.0,7.0,8.0,1.0,14.0,13.0,7.0,2.0,1.2,6.5,13.0,,,
2013-08-24,FSV Mainz 05,VfL Wolfsburg,2,0,H,12.0,16.0,4.0,6.0,16.0,15.0,2.0,5.0,2.63,3.4,2.6,,,
2013-08-24,Bayer Leverkusen,Borussia Monchengladbach,4,2,H,19.0,10.0,11.0,3.0,10.0,14.0,7.0,3.0,1.67,3.8,5.0,,,
2013-08-24,TSG Hoffenheim,SC Freiburg,3,3,D,13.0,11.0,5.0,6.0,15.0,22.0,2.0,4.0,1.75,3.75,4.5,,,
2013-08-24,Bayern Munich,FC Nurnberg,2,0,H,26.0,5.0,9.0,1.0,13.0,8.0,10.0,1.0,1.1,9.0,26.0,,,
2013-08-24,Hannover 96,FC Schalke 04,2,1,H,14.0,8.0,6.0,2.0,19.0,23.0,7.0,1.0,2.63,3.4,2.6,,,
2013-08-24,Hertha BSC,Hamburg,1,0,H,16.0,15.0,5.0,7.0,16.0,18.0,6.0,9.0,1.91,3.6,3.8,,,
2013-08-25,FC Augsburg,VfB Stuttgart,2,1,H,17.0,9.0,5.0,2.0,19.0,18.0,9.0,7.0,2.3,3.4,3.0,,,
2013-08-25,Braunschweig,Ein Frankfurt,0,2,A,9.0,20.0,4.0,4.0,12.0,18.0,2.0,8.0,2.7,3.4,2.5,,,
2013-08-27,SC Freiburg,Bayern Munich,1,1,D,8.0,17.0,3.0,8.0,17.0,10.0,3.0,6.0,13.0,5.5,1.25,,,
2013-08-31,Hamburg,Braunschweig,4,0,H,26.0,17.0,13.0,5.0,19.0,21.0,7.0,2.0,1.75,3.75,4.5,,,
2013-08-31,Hannover 96,FSV Mainz 05,4,1,H,16.0,13.0,5.0,2.0,19.0,10.0,5.0,3.0,2.4,3.5,2.75,,,
2013-08-31,Borussia Monchengladbach,Werder Bremen,4,1,H,20.0,10.0,8.0,2.0,13.0,13.0,1.0,5.0,1.75,3.75,4.5,,,
2013-08-31,FC Nurnberg,FC Augsburg,0,1,A,7.0,24.0,1.0,7.0,10.0,18.0,2.0,12.0,2.5,3.3,2.8,,,
2013-08-31,FC Schalke 04,Bayer Leverkusen,2,0,H,12.0,11.0,3.0,1.0,14.0,18.0,2.0,6.0,3.2,3.5,2.15,,,
2013-08-31,VfL Wolfsburg,Hertha BSC,2,0,H,18.0,8.0,6.0,4.0,16.0,15.0,2.0,2.0,1.91,3.6,3.75,,,
2013-09-01,VfB Stuttgart,TSG Hoffenheim,6,2,H,13.0,12.0,7.0,3.0,20.0,20.0,3.0,5.0,2.3,3.5,2.9,,,
2013-09-01,Ein Frankfurt,Borussia Dortmund,1,2,A,17.0,16.0,4.0,8.0,6.0,19.0,8.0,6.0,6.0,4.33,1.5,,,
2013-09-13,Hertha BSC,VfB Stuttgart,0,1,A,19.0,8.0,8.0,5.0,13.0,12.0,7.0,4.0,2.15,3.4,3.3,,,
2013-09-14,FC Augsburg,SC Freiburg,2,1,H,14.0,5.0,6.0,1.0,16.0,21.0,10.0,3.0,2.0,3.4,3.75,,,
2013-09-14,Bayern Munich,Hannover 96,2,0,H,18.0,13.0,8.0,2.0,14.0,12.0,13.0,4.0,1.13,8.5,21.0,,,
2013-09-14,Borussia Dortmund,Hamburg,6,2,H,32.0,4.0,14.0,2.0,11.0,19.0,7.0,2.0,1.25,6.0,11.0,,,
2013-09-14,Bayer Leverkusen,VfL Wolfsburg,3,1,H,14.0,14.0,7.0,5.0,17.0,12.0,4.0,3.0,1.8,3.75,4.2,,,
2013-09-14,FSV Mainz 05,FC Schalke 04,0,1,A,14.0,10.0,0.0,5.0,15.0,19.0,1.0,5.0,2.6,3.4,2.6,,,
2013-09-14,Werder Bremen,Ein Frankfurt,0,3,A,12.0,14.0,4.0,6.0,14.0,13.0,5.0,10.0,2.45,3.3,2.8,,,
2013-09-15,Braunschweig,FC Nurnberg,1,1,D,23.0,9.0,7.0,2.0,17.0,18.0,6.0,3.0,2.7,3.25,2.6,,,
2013-09-15,TSG Hoffenheim,Borussia Monchengladbach,2,1,H,10.0,16.0,4.0,3.0,16.0,7.0,2.0,3.0,2.6,3.4,2.6,,,
2013-09-20,Borussia Monchengladbach,Braunschweig,4,1,H,13.0,12.0,7.0,3.0,11.0,12.0,0.0,1.0,1.36,4.75,8.0,,,
2013-09-21,FC Schalke 04,Bayern Munich,0,4,A,10.0,14.0,1.0,5.0,7.0,6.0,5.0,5.0,5.5,4.33,1.53,,,
2013-09-21,VfL Wolfsburg,TSG Hoffenheim,2,1,H,15.0,7.0,6.0,2.0,15.0,20.0,6.0,6.0,1.73,4.0,4.2,,,
2013-09-21,FC Nurnberg,Borussia Dortmund,1,1,D,10.0,18.0,3.0,6.0,7.0,12.0,3.0,9.0,8.0,5.25,1.33,,,
2013-09-21,Hannover 96,FC Augsburg,2,1,H,15.0,12.0,8.0,2.0,21.0,18.0,8.0,1.0,2.5,3.3,2.75,,,
2013-09-21,Hamburg,Werder Bremen,0,2,A,19.0,16.0,7.0,6.0,15.0,18.0,4.0,6.0,1.95,3.4,3.9,,,
2013-09-21,FSV Mainz 05,Bayer Leverkusen,1,4,A,14.0,13.0,2.0,5.0,14.0,11.0,4.0,4.0,3.5,3.5,2.05,,,
2013-09-22,SC Freiburg,Hertha BSC,1,1,D,8.0,8.0,2.0,4.0,22.0,12.0,9.0,2.0,2.38,3.4,2.9,,,
2013-09-22,VfB Stuttgart,Ein Frankfurt,1,1,D,14.0,16.0,4.0,4.0,10.0,13.0,4.0,7.0,2.15,3.4,3.3,,,
2013-09-27,FC Augsburg,Borussia Monchengladbach,2,2,D,20.0,8.0,5.0,3.0,9.0,13.0,3.0,3.0,2.5,3.25,2.8,,,
2013-09-28,Bayern Munich,VfL Wolfsburg,1,0,H,11.0,4.0,4.0,2.0,12.0,24.0,8.0,2.0,1.14,8.0,15.0,,,
2013-09-28,Borussia Dortmund,SC Freiburg,5,0,H,27.0,2.0,13.0,2.0,13.0,11.0,10.0,0.0,1.18,7.0,13.0,,,
2013-09-28,Ein Frankfurt,Hamburg,2,2,D,9.0,11.0,5.0,3.0,21.0,16.0,9.0,6.0,1.8,3.6,4.33,,,
2013-09-28,Hertha BSC,FSV Mainz 05,3,1,H,9.0,7.0,4.0,5.0,27.0,20.0,5.0,5.0,2.0,3.6,3.5,,,
2013-09-28,TSG Hoffenheim,FC Schalke 04,3,3,D,12.0,12.0,6.0,5.0,23.0,24.0,2.0,7.0,2.8,3.3,2.5,,,
2013-09-28,Bayer Leverkusen,Hannover 96,2,0,H,19.0,8.0,8.0,2.0,12.0,17.0,4.0,9.0,1.33,5.0,9.0,,,
2013-09-29,Werder Bremen,FC Nurnberg,3,3,D,15.0,17.0,7.0,8.0,16.0,9.0,4.0,4.0,2.05,3.5,3.4,,,
2013-09-29,Braunschweig,VfB Stuttgart,0,4,A,10.0,15.0,2.0,8.0,12.0,19.0,8.0,4.0,4.0,3.5,1.91,,,
2013-10-04,Hannover 96,Hertha BSC,1,1,D,14.0,10.0,5.0,2.0,18.0,21.0,8.0,9.0,2.25,3.4,3.1,,,
2013-10-05,Bayer Leverkusen,Bayern Munich,1,1,D,5.0,27.0,3.0,11.0,15.0,8.0,2.0,14.0,5.0,4.2,1.6,,,
2013-10-05,FSV Mainz 05,TSG Hoffenheim,2,2,D,17.0,14.0,8.0,5.0,23.0,16.0,7.0,1.0,2.25,3.5,3.0,,,
2013-10-05,Borussia Monchengladbach,Borussia Dortmund,2,0,H,6.0,27.0,3.0,8.0,8.0,9.0,1.0,9.0,5.0,3.75,1.67,,,
2013-10-05,FC Schalke 04,FC Augsburg,4,1,H,13.0,10.0,6.0,3.0,9.0,10.0,2.0,3.0,1.73,3.8,4.5,,,
2013-10-05,VfB Stuttgart,Werder Bremen,1,1,D,20.0,7.0,6.0,2.0,11.0,9.0,13.0,1.0,1.7,3.8,4.75,,,
2013-10-05,VfL Wolfsburg,Braunschweig,0,2,A,17.0,7.0,3.0,3.0,21.0,26.0,7.0,2.0,1.29,5.5,9.5,,,
2013-10-06,SC Freiburg,Ein Frankfurt,1,1,D,13.0,11.0,4.0,5.0,12.0,20.0,7.0,10.0,2.7,3.4,2.5,,,
2013-10-06,FC Nurnberg,Hamburg,0,5,A,7.0,16.0,2.0,13.0,16.0,15.0,5.0,4.0,2.38,3.5,2.8,,,
2013-10-18,TSG Hoffenheim,Bayer Leverkusen,1,2,A,20.0,12.0,8.0,4.0,12.0,18.0,8.0,10.0,3.25,3.6,2.1,,,
2013-10-19,Werder Bremen,SC Freiburg,0,0,D,18.0,11.0,4.0,2.0,21.0,12.0,7.0,8.0,1.95,3.4,3.8,,,
2013-10-19,Hertha BSC,Borussia Monchengladbach,1,0,H,5.0,13.0,2.0,4.0,15.0,14.0,7.0,5.0,2.38,3.4,2.9,,,
2013-10-19,Ein Frankfurt,FC Nurnberg,1,1,D,15.0,10.0,3.0,4.0,22.0,14.0,6.0,1.0,1.57,4.0,5.5,,,
2013-10-19,Bayern Munich,FSV Mainz 05,4,1,H,18.0,13.0,6.0,4.0,12.0,14.0,8.0,5.0,1.1,9.0,23.0,,,
2013-10-19,Braunschweig,FC Schalke 04,2,3,A,14.0,14.0,4.0,6.0,13.0,21.0,1.0,9.0,4.75,3.6,1.73,,,
2013-10-19,Borussia Dortmund,Hannover 96,1,0,H,18.0,10.0,8.0,5.0,11.0,15.0,10.0,2.0,1.22,6.5,11.0,,,
2013-10-20,FC Augsburg,VfL Wolfsburg,1,2,A,11.0,13.0,8.0,6.0,21.0,18.0,3.0,2.0,2.38,3.4,2.88,,,
2013-10-20,Hamburg,VfB Stuttgart,3,3,D,20.0,9.0,6.0,3.0,16.0,12.0,10.0,0.0,2.3,3.4,3.0,,,
2013-10-25,VfB Stuttgart,FC Nurnberg,1,1,D,10.0,7.0,4.0,6.0,11.0,15.0,2.0,4.0,1.62,4.0,5.0,,,
2013-10-26,Bayern Munich,Hertha BSC,3,2,H,13.0,10.0,5.0,5.0,10.0,13.0,4.0,5.0,1.1,9.0,21.0,,,
2013-10-26,Hannover 96,TSG Hoffenheim,1,4,A,11.0,10.0,3.0,5.0,21.0,11.0,8.0,1.0,2.3,3.5,2.9,,,
2013-10-26,Bayer Leverkusen,FC Augsburg,2,1,H,24.0,11.0,7.0,1.0,7.0,9.0,13.0,7.0,1.5,4.33,6.0,,,
2013-10-26,FSV Mainz 05,Braunschweig,2,0,H,9.0,6.0,3.0,1.0,25.0,17.0,0.0,8.0,1.57,4.1,5.25,,,
2013-10-26,FC Schalke 04,Borussia Dortmund,1,3,A,12.0,10.0,5.0,8.0,11.0,12.0,2.0,2.0,4.2,3.6,1.83,,,
2013-10-26,VfL Wolfsburg,Werder Bremen,3,0,H,19.0,8.0,12.0,2.0,12.0,17.0,5.0,4.0,1.62,3.75,5.5,,,
2013-10-27,Borussia Monchengladbach,Ein Frankfurt,4,1,H,13.0,11.0,4.0,4.0,8.0,13.0,1.0,3.0,2.05,3.5,3.4,,,
2013-10-27,SC Freiburg,Hamburg,0,3,A,9.0,17.0,2.0,7.0,14.0,12.0,4.0,4.0,2.6,3.4,2.6,,,
2013-11-01,Borussia Dortmund,VfB Stuttgart,6,1,H,17.0,3.0,10.0,1.0,15.0,4.0,6.0,1.0,1.22,6.0,12.0,,,
2013-11-02,Braunschweig,Bayer Leverkusen,1,0,H,17.0,16.0,7.0,8.0,12.0,21.0,4.0,4.0,7.0,4.33,1.44,,,
2013-11-02,Ein Frankfurt,VfL Wolfsburg,1,2,A,10.0,10.0,5.0,3.0,15.0,16.0,8.0,1.0,2.3,3.4,3.0,,,
2013-11-02,Hamburg,Borussia Monchengladbach,0,2,A,17.0,8.0,8.0,4.0,11.0,12.0,7.0,2.0,2.3,3.5,2.9,,,
2013-11-02,Hertha BSC,FC Schalke 04,0,2,A,18.0,11.0,9.0,5.0,21.0,18.0,6.0,4.0,2.3,3.4,3.0,,,
2013-11-02,TSG Hoffenheim,Bayern Munich,1,2,A,7.0,17.0,3.0,7.0,20.0,16.0,6.0,4.0,12.0,6.0,1.25,,,
2013-11-02,FC Nurnberg,SC Freiburg,0,3,A,20.0,14.0,12.0,8.0,10.0,15.0,9.0,5.0,2.0,3.4,3.75,,,
2013-11-03,FC Augsburg,FSV Mainz 05,2,1,H,19.0,11.0,7.0,4.0,13.0,21.0,6.0,3.0,2.0,3.5,3.6,,,
2013-11-03,Werder Bremen,Hannover 96,3,2,H,12.0,18.0,6.0,6.0,20.0,24.0,3.0,6.0,2.25,3.5,3.0,,,
2013-11-08,Hannover 96,Braunschweig,0,0,D,19.0,8.0,6.0,1.0,27.0,16.0,6.0,2.0,1.62,3.8,5.5,,,
2013-11-09,FC Schalke 04,Werder Bremen,3,1,H,17.0,9.0,6.0,3.0,16.0,19.0,6.0,2.0,1.57,4.0,5.5,,,
2013-11-09,VfL Wolfsburg,Borussia Dortmund,2,1,H,10.0,12.0,4.0,2.0,13.0,19.0,5.0,2.0,4.5,3.8,1.73,,,
2013-11-09,Borussia Monchengladbach,FC Nurnberg,3,1,H,12.0,19.0,4.0,3.0,8.0,18.0,6.0,3.0,1.53,4.1,6.0,,,
2013-11-09,Bayer Leverkusen,Hamburg,5,3,H,20.0,11.0,7.0,6.0,12.0,19.0,3.0,6.0,1.5,4.33,6.0,,,
2013-11-09,TSG Hoffenheim,Hertha BSC,2,3,A,9.0,11.0,7.0,5.0,22.0,20.0,3.0,3.0,2.2,3.4,3.2,,,
2013-11-09,Bayern Munich,FC Augsburg,3,0,H,23.0,6.0,9.0,0.0,12.0,11.0,9.0,4.0,1.13,8.0,19.0,,,
2013-11-10,SC Freiburg,VfB Stuttgart,1,3,A,19.0,10.0,5.0,7.0,7.0,13.0,7.0,2.0,3.0,3.4,2.3,,,
2013-11-10,FSV Mainz 05,Ein Frankfurt,1,0,H,20.0,14.0,9.0,4.0,20.0,17.0,6.0,6.0,2.5,3.3,2.88,,,
2013-11-22,VfB Stuttgart,Borussia Monchengladbach,0,2,A,9.0,19.0,2.0,11.0,14.0,10.0,1.0,5.0,2.3,3.5,2.9,,,
2013-11-23,FC Augsburg,TSG Hoffenheim,2,0,H,16.0,8.0,5.0,3.0,14.0,24.0,5.0,4.0,2.1,3.5,3.3,,,
2013-11-23,Braunschweig,SC Freiburg,0,1,A,21.0,8.0,7.0,2.0,14.0,17.0,6.0,1.0,2.4,3.3,2.9,,,
2013-11-23,Borussia Dortmund,Bayern Munich,0,3,A,7.0,10.0,4.0,5.0,7.0,13.0,2.0,3.0,3.6,3.6,2.0,,,
2013-11-23,Ein Frankfurt,FC Schalke 04,3,3,D,15.0,13.0,8.0,9.0,22.0,20.0,5.0,1.0,2.6,3.4,2.6,,,
2013-11-23,Hertha BSC,Bayer Leverkusen,0,1,A,12.0,4.0,2.0,2.0,15.0,14.0,9.0,1.0,3.0,3.25,2.38,,,
2013-11-23,FC Nurnberg,VfL Wolfsburg,1,1,D,11.0,23.0,6.0,6.0,19.0,17.0,3.0,5.0,3.2,3.4,2.2,,,
2013-11-24,Werder Bremen,FSV Mainz 05,2,3,A,24.0,18.0,8.0,7.0,18.0,22.0,7.0,9.0,2.38,3.4,2.88,,,
2013-11-24,Hamburg,Hannover 96,3,1,H,19.0,11.0,9.0,4.0,19.0,24.0,7.0,3.0,2.0,3.6,3.5,,,
2013-11-29,VfL Wolfsburg,Hamburg,1,1,D,20.0,17.0,4.0,8.0,16.0,12.0,2.0,3.0,1.8,3.6,4.33,,,
2013-11-30,Bayern Munich,Braunschweig,2,0,H,18.0,8.0,8.0,3.0,9.0,17.0,6.0,3.0,1.06,15.0,51.0,,,
2013-11-30,Hertha BSC,FC Augsburg,0,0,D,9.0,2.0,2.0,0.0,16.0,22.0,6.0,3.0,2.0,3.5,3.6,,,
2013-11-30,TSG Hoffenheim,Werder Bremen,4,4,D,18.0,13.0,8.0,6.0,28.0,20.0,3.0,9.0,1.8,3.75,4.2,,,
2013-11-30,Bayer Leverkusen,FC Nurnberg,3,0,H,17.0,16.0,7.0,5.0,18.0,14.0,4.0,5.0,1.44,4.5,6.5,,,
2013-11-30,FSV Mainz 05,Borussia Dortmund,1,3,A,12.0,16.0,6.0,6.0,11.0,16.0,6.0,5.0,5.0,4.33,1.57,,,
2013-11-30,FC Schalke 04,VfB Stuttgart,3,0,H,12.0,9.0,5.0,1.0,15.0,17.0,5.0,2.0,1.67,3.8,5.0,,,
2013-12-01,Hannover 96,Ein Frankfurt,2,0,H,13.0,12.0,3.0,4.0,19.0,18.0,7.0,7.0,2.4,3.4,2.8,,,
2013-12-01,Borussia Monchengladbach,SC Freiburg,1,0,H,12.0,9.0,4.0,4.0,8.0,14.0,6.0,4.0,1.4,4.33,8.5,,,
2013-12-06,FC Nurnberg,FSV Mainz 05,1,1,D,16.0,12.0,5.0,4.0,6.0,11.0,14.0,3.0,2.6,3.2,2.75,,,
2013-12-07,Werder Bremen,Bayern Munich,0,7,A,6.0,17.0,2.0,10.0,13.0,15.0,2.0,7.0,12.0,6.0,1.22,,,
2013-12-07,Borussia Monchengladbach,FC Schalke 04,2,1,H,19.0,9.0,8.0,3.0,11.0,17.0,8.0,1.0,2.25,3.4,3.1,,,
2013-12-07,VfB Stuttgart,Hannover 96,4,2,H,13.0,14.0,8.0,4.0,15.0,20.0,3.0,3.0,2.0,3.5,3.6,,,
2013-12-07,Ein Frankfurt,TSG Hoffenheim,1,2,A,13.0,11.0,7.0,4.0,21.0,27.0,4.0,4.0,2.1,3.6,3.25,,,
2013-12-07,Hamburg,FC Augsburg,0,1,A,8.0,16.0,5.0,6.0,17.0,17.0,7.0,11.0,2.05,3.5,3.5,,,
2013-12-07,Borussia Dortmund,Bayer Leverkusen,0,1,A,13.0,7.0,5.0,4.0,18.0,25.0,3.0,4.0,1.5,4.33,6.0,,,
2013-12-08,Braunschweig,Hertha BSC,0,2,A,13.0,16.0,2.0,6.0,18.0,22.0,8.0,2.0,3.5,3.3,2.1,,,
2013-12-08,SC Freiburg,VfL Wolfsburg,0,3,A,13.0,17.0,2.0,7.0,11.0,16.0,4.0,7.0,3.75,3.4,2.0,,,
2013-12-13,Hertha BSC,Werder Bremen,3,2,H,12.0,9.0,4.0,4.0,15.0,21.0,6.0,4.0,1.62,4.0,5.25,,,
2013-12-14,FC Augsburg,Braunschweig,4,1,H,20.0,9.0,8.0,1.0,16.0,14.0,5.0,0.0,1.5,4.0,7.0,,,
2013-12-14,Bayern Munich,Hamburg,3,1,H,22.0,13.0,8.0,6.0,13.0,15.0,5.0,2.0,1.1,9.0,21.0,,,
2013-12-14,Hannover 96,FC Nurnberg,3,3,D,21.0,16.0,6.0,6.0,13.0,21.0,5.0,7.0,1.95,3.5,3.75,,,
2013-12-14,TSG Hoffenheim,Borussia Dortmund,2,2,D,14.0,16.0,4.0,8.0,19.0,13.0,2.0,4.0,4.33,4.0,1.73,,,
2013-12-14,FSV Mainz 05,Borussia Monchengladbach,0,0,D,6.0,10.0,0.0,1.0,6.0,8.0,1.0,4.0,2.75,3.3,2.5,,,
2013-12-14,VfL Wolfsburg,VfB Stuttgart,3,1,H,12.0,9.0,6.0,4.0,18.0,21.0,2.0,4.0,1.75,3.75,4.5,,,
2013-12-15,FC Schalke 04,SC Freiburg,2,0,H,13.0,8.0,4.0,1.0,17.0,19.0,8.0,4.0,1.4,4.5,8.0,,,
2013-12-15,Bayer Leverkusen,Ein Frankfurt,0,1,A,15.0,16.0,7.0,5.0,15.0,23.0,8.0,4.0,1.44,4.33,7.0,,,
2013-12-20,Ein Frankfurt,FC Augsburg,1,1,D,5.0,9.0,5.0,3.0,18.0,14.0,4.0,3.0,2.3,3.4,3.0,,,
2013-12-21,Braunschweig,TSG Hoffenheim,1,0,H,14.0,16.0,8.0,3.0,17.0,19.0,7.0,8.0,4.0,3.4,1.91,,,
2013-12-21,Borussia Dortmund,Hertha BSC,1,2,A,20.0,6.0,5.0,4.0,20.0,19.0,5.0,0.0,1.36,5.0,7.5,,,
2013-12-21,SC Freiburg,Hannover 96,2,1,H,11.0,20.0,3.0,6.0,16.0,13.0,0.0,1.0,2.45,3.3,2.8,,,
2013-12-21,Hamburg,FSV Mainz 05,2,3,A,18.0,13.0,8.0,7.0,21.0,13.0,5.0,3.0,2.1,3.5,3.3,,,
2013-12-21,FC Nurnberg,FC Schalke 04,0,0,D,15.0,8.0,4.0,2.0,14.0,19.0,9.0,4.0,3.4,3.5,2.05,,,
2013-12-21,Werder Bremen,Bayer Leverkusen,1,0,H,11.0,22.0,3.0,5.0,14.0,10.0,5.0,9.0,4.5,3.75,1.73,,,
2013-12-22,Borussia Monchengladbach,VfL Wolfsburg,2,2,D,14.0,18.0,4.0,13.0,10.0,12.0,4.0,4.0,2.1,3.4,3.4,,,
2014-01-24,Borussia Monchengladbach,Bayern Munich,0,2,A,10.0,24.0,5.0,13.0,12.0,9.0,5.0,5.0,6.5,4.5,1.44,,,
2014-01-25,VfB Stuttgart,FSV Mainz 05,1,2,A,14.0,10.0,5.0,4.0,17.0,13.0,5.0,3.0,2.05,3.4,3.5,,,
2014-01-25,FC Nurnberg,TSG Hoffenheim,4,0,H,16.0,12.0,7.0,3.0,19.0,25.0,3.0,3.0,2.6,3.4,2.63,,,
2014-01-25,VfL Wolfsburg,Hannover 96,1,3,A,24.0,10.0,8.0,6.0,14.0,17.0,7.0,3.0,1.55,4.2,5.5,,,
2014-01-25,Ein Frankfurt,Hertha BSC,1,0,H,5.0,7.0,1.0,2.0,20.0,23.0,1.0,2.0,2.38,3.4,2.88,,,
2014-01-25,Borussia Dortmund,FC Augsburg,2,2,D,18.0,6.0,4.0,1.0,17.0,25.0,5.0,1.0,1.29,5.5,9.5,,,
2014-01-25,SC Freiburg,Bayer Leverkusen,3,2,H,13.0,15.0,5.0,8.0,14.0,10.0,4.0,8.0,4.5,3.75,1.73,,,
2014-01-26,Hamburg,FC Schalke 04,0,3,A,11.0,12.0,3.0,9.0,9.0,23.0,3.0,3.0,2.7,3.6,2.4,,,
2014-01-26,Werder Bremen,Braunschweig,0,0,D,12.0,7.0,3.0,2.0,20.0,17.0,6.0,3.0,1.85,3.5,4.2,,,
2014-01-29,VfB Stuttgart,Bayern Munich,1,2,A,11.0,24.0,3.0,7.0,13.0,10.0,2.0,8.0,10.0,6.0,1.25,,,
2014-01-31,Braunschweig,Borussia Dortmund,1,2,A,16.0,20.0,5.0,6.0,18.0,17.0,7.0,8.0,10.0,5.5,1.29,,,
2014-02-01,FC Augsburg,Werder Bremen,3,1,H,20.0,4.0,5.0,0.0,11.0,20.0,6.0,4.0,1.67,3.75,5.0,,,
2014-02-01,Hannover 96,Borussia Monchengladbach,3,1,H,16.0,12.0,6.0,6.0,9.0,14.0,7.0,7.0,2.7,3.4,2.5,,,
2014-02-01,TSG Hoffenheim,Hamburg,3,0,H,14.0,7.0,7.0,0.0,26.0,14.0,7.0,5.0,2.05,3.4,3.5,,,
2014-02-01,Bayer Leverkusen,VfB Stuttgart,2,1,H,11.0,10.0,5.0,3.0,17.0,16.0,4.0,8.0,1.5,4.2,6.25,,,
2014-02-01,FSV Mainz 05,SC Freiburg,2,0,H,13.0,6.0,5.0,1.0,10.0,28.0,5.0,5.0,1.75,3.75,4.5,,,
2014-02-01,FC Schalke 04,VfL Wolfsburg,2,1,H,13.0,10.0,6.0,6.0,16.0,14.0,4.0,6.0,2.0,3.5,3.6,,,
2014-02-02,Bayern Munich,Ein Frankfurt,5,0,H,25.0,9.0,14.0,3.0,16.0,12.0,12.0,2.0,1.1,10.0,17.0,,,
2014-02-02,Hertha BSC,FC Nurnberg,1,3,A,13.0,11.0,4.0,4.0,17.0,25.0,3.0,3.0,1.83,3.6,4.2,,,
2014-02-07,Borussia Monchengladbach,Bayer Leverkusen,0,1,A,14.0,12.0,3.0,3.0,11.0,15.0,4.0,3.0,2.55,3.3,2.7,,,
2014-02-08,Ein Frankfurt,Braunschweig,3,0,H,19.0,10.0,7.0,1.0,14.0,23.0,10.0,2.0,1.62,3.75,5.5,,,
2014-02-08,SC Freiburg,TSG Hoffenheim,1,1,D,11.0,18.0,4.0,4.0,21.0,15.0,3.0,2.0,2.63,3.5,2.5,,,
2014-02-08,Hamburg,Hertha BSC,0,3,A,14.0,10.0,3.0,4.0,17.0,12.0,8.0,3.0,2.6,3.4,2.6,,,
2014-02-08,FC Nurnberg,Bayern Munich,0,2,A,9.0,18.0,2.0,6.0,26.0,21.0,3.0,5.0,11.0,6.5,1.22,,,
2014-02-08,Werder Bremen,Borussia Dortmund,1,5,A,11.0,15.0,5.0,8.0,18.0,12.0,5.0,9.0,8.0,4.75,1.36,,,
2014-02-08,VfL Wolfsburg,FSV Mainz 05,3,0,H,17.0,8.0,7.0,2.0,22.0,14.0,4.0,1.0,1.8,3.6,4.33,,,
2014-02-09,FC Schalke 04,Hannover 96,2,0,H,16.0,6.0,7.0,1.0,10.0,20.0,5.0,0.0,1.57,3.8,6.0,,,
2014-02-09,VfB Stuttgart,FC Augsburg,1,4,A,16.0,10.0,1.0,5.0,9.0,8.0,5.0,2.0,2.4,3.4,2.8,,,
2014-02-14,FSV Mainz 05,Hannover 96,2,0,H,19.0,14.0,8.0,3.0,14.0,11.0,4.0,5.0,1.91,3.5,4.0,,,
2014-02-15,Bayern Munich,SC Freiburg,4,0,H,16.0,12.0,7.0,0.0,13.0,11.0,2.0,4.0,1.08,10.0,23.0,,,
2014-02-15,Braunschweig,Hamburg,4,2,H,14.0,18.0,7.0,8.0,14.0,24.0,7.0,8.0,2.75,3.3,2.5,,,
2014-02-15,Borussia Dortmund,Ein Frankfurt,4,0,H,21.0,7.0,11.0,1.0,17.0,18.0,6.0,5.0,1.25,6.0,10.0,,,
2014-02-15,TSG Hoffenheim,VfB Stuttgart,4,1,H,13.0,13.0,8.0,4.0,22.0,20.0,5.0,4.0,1.95,3.6,3.6,,,
2014-02-15,Bayer Leverkusen,FC Schalke 04,1,2,A,13.0,11.0,5.0,4.0,12.0,16.0,11.0,2.0,2.1,3.4,3.4,,,
2014-02-15,Werder Bremen,Borussia Monchengladbach,1,1,D,15.0,17.0,7.0,6.0,10.0,14.0,5.0,10.0,3.5,3.5,2.05,,,
2014-02-16,Hertha BSC,VfL Wolfsburg,1,2,A,13.0,8.0,4.0,3.0,12.0,16.0,4.0,6.0,2.38,3.4,2.88,,,
2014-02-16,FC Augsburg,FC Nurnberg,0,1,A,18.0,11.0,6.0,2.0,17.0,19.0,6.0,2.0,1.8,3.6,4.33,,,
2014-02-21,FC Schalke 04,FSV Mainz 05,0,0,D,16.0,15.0,4.0,8.0,19.0,8.0,4.0,9.0,1.75,3.6,4.6,,,
2014-02-22,SC Freiburg,FC Augsburg,2,4,A,13.0,18.0,5.0,10.0,14.0,13.0,2.0,4.0,3.1,3.25,2.3,,,
2014-02-22,Hamburg,Borussia Dortmund,3,0,H,13.0,15.0,6.0,4.0,17.0,19.0,3.0,6.0,7.5,5.0,1.36,,,
2014-02-22,Borussia Monchengladbach,TSG Hoffenheim,2,2,D,13.0,19.0,9.0,7.0,15.0,17.0,6.0,5.0,1.95,3.6,3.6,,,
2014-02-22,FC Nurnberg,Braunschweig,2,1,H,6.0,22.0,5.0,6.0,19.0,21.0,3.0,10.0,1.62,3.75,5.5,,,
2014-02-22,VfB Stuttgart,Hertha BSC,1,2,A,14.0,9.0,6.0,4.0,22.0,18.0,5.0,8.0,2.63,3.3,2.6,,,
2014-02-22,VfL Wolfsburg,Bayer Leverkusen,3,1,H,9.0,18.0,5.0,6.0,15.0,19.0,0.0,4.0,2.4,3.4,2.8,,,
2014-02-23,Ein Frankfurt,Werder Bremen,0,0,D,21.0,3.0,4.0,0.0,16.0,18.0,14.0,2.0,1.7,3.75,4.75,,,
2014-02-23,Hannover 96,Bayern Munich,0,4,A,8.0,14.0,3.0,7.0,10.0,11.0,6.0,4.0,10.0,7.0,1.22,,,
2014-02-28,Hertha BSC,SC Freiburg,0,0,D,9.0,7.0,2.0,5.0,11.0,14.0,4.0,4.0,1.62,3.75,5.5,,,
2014-03-01,Werder Bremen,Hamburg,1,0,H,15.0,11.0,7.0,4.0,25.0,17.0,4.0,5.0,2.63,3.5,2.5,,,
2014-03-01,Borussia Dortmund,FC Nurnberg,3,0,H,28.0,4.0,9.0,2.0,9.0,13.0,8.0,1.0,1.22,6.5,11.0,,,
2014-03-01,Bayer Leverkusen,FSV Mainz 05,0,1,A,19.0,9.0,8.0,3.0,19.0,13.0,7.0,0.0,1.75,3.8,4.33,,,
2014-03-01,Bayern Munich,FC Schalke 04,5,1,H,22.0,10.0,12.0,4.0,8.0,12.0,14.0,4.0,1.18,7.0,13.0,,,
2014-03-01,FC Augsburg,Hannover 96,1,1,D,16.0,10.0,5.0,2.0,14.0,17.0,7.0,2.0,1.75,3.6,4.75,,,
2014-03-01,Braunschweig,Borussia Monchengladbach,1,1,D,20.0,12.0,3.0,4.0,12.0,14.0,9.0,5.0,4.0,3.5,1.91,,,
2014-03-02,Ein Frankfurt,VfB Stuttgart,2,1,H,13.0,13.0,6.0,4.0,23.0,16.0,8.0,5.0,2.1,3.5,3.3,,,
2014-03-02,TSG Hoffenheim,VfL Wolfsburg,6,2,H,17.0,6.0,12.0,5.0,15.0,21.0,4.0,3.0,2.6,3.4,2.6,,,
2014-03-08,FC Schalke 04,TSG Hoffenheim,4,0,H,24.0,10.0,9.0,2.0,19.0,18.0,4.0,3.0,1.75,4.0,4.2,,,
2014-03-08,VfB Stuttgart,Braunschweig,2,2,D,14.0,11.0,4.0,3.0,18.0,15.0,11.0,6.0,1.67,3.8,5.0,,,
2014-03-08,FC Nurnberg,Werder Bremen,0,2,A,15.0,12.0,4.0,5.0,17.0,11.0,6.0,2.0,1.91,3.5,4.0,,,
2014-03-08,VfL Wolfsburg,Bayern Munich,1,6,A,12.0,18.0,3.0,12.0,15.0,9.0,5.0,3.0,9.0,5.75,1.29,,,
2014-03-08,Hannover 96,Bayer Leverkusen,1,1,D,19.0,9.0,7.0,1.0,5.0,14.0,9.0,2.0,3.0,3.4,2.3,,,
2014-03-08,Hamburg,Ein Frankfurt,1,1,D,15.0,7.0,9.0,2.0,15.0,12.0,3.0,3.0,2.5,3.3,2.75,,,
2014-03-08,Borussia Monchengladbach,FC Augsburg,1,2,A,15.0,19.0,8.0,4.0,9.0,11.0,3.0,6.0,2.3,3.25,3.1,,,
2014-03-09,SC Freiburg,Borussia Dortmund,0,1,A,10.0,12.0,0.0,4.0,7.0,12.0,1.0,5.0,9.0,5.0,1.33,,,
2014-03-09,FSV Mainz 05,Hertha BSC,1,1,D,16.0,12.0,6.0,9.0,13.0,14.0,5.0,4.0,2.2,3.2,3.4,,,
2014-03-14,FC Augsburg,FC Schalke 04,1,2,A,21.0,10.0,3.0,4.0,14.0,23.0,12.0,6.0,2.25,3.3,3.1,,,
2014-03-15,Werder Bremen,VfB Stuttgart,1,1,D,10.0,16.0,3.0,3.0,18.0,19.0,2.0,9.0,2.5,3.4,2.7,,,
2014-03-15,TSG Hoffenheim,FSV Mainz 05,2,4,A,22.0,11.0,12.0,7.0,16.0,15.0,11.0,1.0,2.2,3.5,3.1,,,
2014-03-15,Hertha BSC,Hannover 96,0,3,A,16.0,7.0,5.0,3.0,8.0,17.0,6.0,1.0,1.91,3.5,4.0,,,
2014-03-15,Bayern Munich,Bayer Leverkusen,2,1,H,23.0,6.0,8.0,3.0,11.0,18.0,12.0,6.0,1.14,8.0,15.0,,,
2014-03-15,Braunschweig,VfL Wolfsburg,1,1,D,8.0,11.0,2.0,2.0,15.0,22.0,3.0,4.0,3.8,3.6,1.91,,,
2014-03-15,Borussia Dortmund,Borussia Monchengladbach,1,2,A,25.0,7.0,7.0,3.0,11.0,11.0,8.0,3.0,1.36,5.0,7.5,,,
2014-03-16,Ein Frankfurt,SC Freiburg,1,4,A,26.0,7.0,10.0,5.0,19.0,17.0,12.0,1.0,1.83,3.6,4.2,,,
2014-03-16,Hamburg,FC Nurnberg,2,1,H,26.0,9.0,13.0,4.0,12.0,18.0,10.0,5.0,2.2,3.4,3.2,,,
2014-03-21,SC Freiburg,Werder Bremen,3,1,H,14.0,7.0,3.0,3.0,19.0,15.0,5.0,4.0,2.2,3.3,3.25,,,
2014-03-22,VfL Wolfsburg,FC Augsburg,1,1,D,10.0,12.0,1.0,2.0,23.0,11.0,6.0,3.0,2.1,3.5,3.3,,,
2014-03-22,FC Schalke 04,Braunschweig,3,1,H,32.0,11.0,11.0,4.0,14.0,20.0,14.0,4.0,1.4,4.75,7.0,,,
2014-03-22,VfB Stuttgart,Hamburg,1,0,H,12.0,6.0,3.0,1.0,18.0,13.0,5.0,2.0,2.0,3.5,3.6,,,
2014-03-22,FSV Mainz 05,Bayern Munich,0,2,A,4.0,23.0,1.0,8.0,13.0,11.0,2.0,9.0,11.0,6.5,1.22,,,
2014-03-22,Hannover 96,Borussia Dortmund,0,3,A,9.0,15.0,3.0,5.0,12.0,16.0,5.0,3.0,4.75,4.0,1.67,,,
2014-03-22,Borussia Monchengladbach,Hertha BSC,3,0,H,8.0,8.0,4.0,2.0,7.0,12.0,4.0,5.0,2.0,3.4,3.75,,,
2014-03-23,Bayer Leverkusen,TSG Hoffenheim,2,3,A,12.0,12.0,5.0,7.0,15.0,18.0,6.0,2.0,1.73,3.8,4.5,,,
2014-03-23,FC Nurnberg,Ein Frankfurt,2,5,A,13.0,23.0,4.0,9.0,19.0,15.0,2.0,5.0,2.4,3.3,2.88,,,
2014-03-25,Braunschweig,FSV Mainz 05,3,1,H,14.0,12.0,3.0,5.0,16.0,25.0,6.0,7.0,3.4,3.4,2.1,,,
2014-03-25,Borussia Dortmund,FC Schalke 04,0,0,D,18.0,8.0,6.0,4.0,17.0,24.0,4.0,2.0,1.44,4.75,6.5,,,
2014-03-25,Hertha BSC,Bayern Munich,1,3,A,4.0,13.0,2.0,6.0,13.0,8.0,2.0,3.0,13.0,6.5,1.2,,,
2014-03-25,Werder Bremen,VfL Wolfsburg,1,3,A,6.0,19.0,2.0,9.0,18.0,19.0,3.0,8.0,3.1,3.4,2.25,,,
2014-03-26,TSG Hoffenheim,Hannover 96,3,1,H,20.0,8.0,8.0,1.0,16.0,15.0,5.0,1.0,1.91,3.75,3.6,,,
2014-03-26,Hamburg,SC Freiburg,1,1,D,21.0,11.0,5.0,4.0,17.0,15.0,6.0,3.0,2.1,3.4,3.4,,,
2014-03-26,FC Nurnberg,VfB Stuttgart,2,0,H,11.0,13.0,5.0,5.0,17.0,11.0,6.0,4.0,2.75,3.4,2.45,,,
2014-03-26,FC Augsburg,Bayer Leverkusen,1,3,A,22.0,13.0,3.0,7.0,14.0,17.0,10.0,3.0,2.4,3.4,2.88,,,
2014-03-26,Ein Frankfurt,Borussia Monchengladbach,1,0,H,14.0,9.0,4.0,2.0,11.0,12.0,11.0,7.0,2.6,3.3,2.63,,,
2014-03-28,FC Schalke 04,Hertha BSC,2,0,H,13.0,11.0,4.0,1.0,17.0,19.0,1.0,4.0,1.8,3.6,4.25,,,
2014-03-29,VfL Wolfsburg,Ein Frankfurt,2,1,H,22.0,11.0,9.0,4.0,19.0,19.0,4.0,3.0,1.83,3.6,4.2,,,
2014-03-29,VfB Stuttgart,Borussia Dortmund,2,3,A,11.0,17.0,3.0,5.0,15.0,14.0,2.0,9.0,4.75,4.0,1.67,,,
2014-03-29,FSV Mainz 05,FC Augsburg,3,0,H,14.0,12.0,7.0,4.0,14.0,20.0,5.0,8.0,2.38,3.25,3.0,,,
2014-03-29,Bayern Munich,TSG Hoffenheim,3,3,D,11.0,20.0,6.0,9.0,13.0,18.0,3.0,1.0,1.14,8.0,15.0,,,
2014-03-29,SC Freiburg,FC Nurnberg,3,2,H,14.0,9.0,7.0,2.0,16.0,22.0,8.0,4.0,2.15,3.3,3.4,,,
2014-03-29,Bayer Leverkusen,Braunschweig,1,1,D,15.0,9.0,4.0,2.0,16.0,13.0,7.0,1.0,1.33,5.25,8.0,,,
2014-03-30,Hannover 96,Werder Bremen,1,2,A,9.0,11.0,4.0,8.0,19.0,13.0,10.0,8.0,1.91,3.6,3.8,,,
2014-03-30,Borussia Monchengladbach,Hamburg,3,1,H,17.0,17.0,9.0,7.0,11.0,15.0,6.0,10.0,1.75,3.75,4.5,,,
2014-04-04,Hamburg,Bayer Leverkusen,2,1,H,18.0,19.0,5.0,8.0,16.0,15.0,4.0,14.0,3.3,3.5,2.1,,,
2014-04-05,FC Augsburg,Bayern Munich,1,0,H,11.0,16.0,7.0,2.0,16.0,13.0,3.0,4.0,7.5,5.0,1.36,,,
2014-04-05,Borussia Dortmund,VfL Wolfsburg,2,1,H,10.0,19.0,5.0,3.0,15.0,14.0,7.0,2.0,1.44,4.5,6.5,,,
2014-04-05,Ein Frankfurt,FSV Mainz 05,2,0,H,14.0,17.0,7.0,5.0,11.0,18.0,2.0,6.0,2.5,3.3,2.8,,,
2014-04-05,FC Nurnberg,Borussia Monchengladbach,0,2,A,14.0,15.0,3.0,6.0,7.0,16.0,8.0,5.0,3.3,3.4,2.15,,,
2014-04-05,VfB Stuttgart,SC Freiburg,2,0,H,12.0,18.0,5.0,8.0,13.0,17.0,3.0,6.0,1.8,3.75,4.2,,,
2014-04-05,Werder Bremen,FC Schalke 04,1,1,D,19.0,9.0,5.0,5.0,17.0,20.0,9.0,4.0,3.6,3.6,1.95,,,
2014-04-06,Hertha BSC,TSG Hoffenheim,1,1,D,11.0,11.0,5.0,3.0,19.0,17.0,3.0,4.0,2.38,3.6,2.7,,,
2014-04-06,Braunschweig,Hannover 96,3,0,H,11.0,11.0,3.0,2.0,17.0,16.0,5.0,6.0,2.5,3.3,2.75,,,
2014-04-11,FC Schalke 04,Ein Frankfurt,2,0,H,22.0,10.0,8.0,3.0,15.0,14.0,4.0,5.0,1.67,3.75,5.0,,,
2014-04-12,Bayern Munich,Borussia Dortmund,0,3,A,14.0,9.0,3.0,6.0,17.0,13.0,12.0,2.0,1.5,4.33,6.0,,,
2014-04-12,SC Freiburg,Braunschweig,2,0,H,18.0,13.0,8.0,4.0,15.0,20.0,3.0,3.0,2.1,3.4,3.4,,,
2014-04-12,Hannover 96,Hamburg,2,1,H,31.0,5.0,15.0,3.0,20.0,16.0,5.0,2.0,2.4,3.4,2.8,,,
2014-04-12,FSV Mainz 05,Werder Bremen,3,0,H,23.0,9.0,5.0,2.0,12.0,17.0,3.0,12.0,1.8,3.6,4.33,,,
2014-04-12,Borussia Monchengladbach,VfB Stuttgart,1,1,D,14.0,17.0,4.0,4.0,12.0,14.0,6.0,5.0,1.95,3.5,3.8,,,
2014-04-12,VfL Wolfsburg,FC Nurnberg,4,1,H,24.0,5.0,8.0,1.0,13.0,13.0,11.0,2.0,1.57,4.2,5.25,,,
2014-04-13,TSG Hoffenheim,FC Augsburg,2,0,H,26.0,23.0,9.0,8.0,22.0,19.0,6.0,11.0,2.4,3.5,2.8,,,
2014-04-13,Bayer Leverkusen,Hertha BSC,2,1,H,17.0,9.0,4.0,2.0,17.0,13.0,7.0,2.0,1.67,3.8,5.0,,,
2014-04-17,Ein Frankfurt,Hannover 96,2,3,A,14.0,16.0,6.0,7.0,24.0,22.0,3.0,4.0,2.0,3.5,3.6,,,
2014-04-19,Werder Bremen,TSG Hoffenheim,3,1,H,12.0,14.0,7.0,3.0,11.0,24.0,8.0,6.0,2.8,3.6,2.3,,,
2014-04-19,Hamburg,VfL Wolfsburg,1,3,A,14.0,16.0,3.0,7.0,18.0,16.0,4.0,7.0,2.9,3.5,2.3,,,
2014-04-19,SC Freiburg,Borussia Monchengladbach,4,2,H,15.0,14.0,7.0,4.0,8.0,9.0,5.0,5.0,3.2,3.4,2.2,,,
2014-04-19,Braunschweig,Bayern Munich,0,2,A,7.0,12.0,1.0,3.0,19.0,16.0,2.0,3.0,6.5,5.0,1.4,,,
2014-04-19,FC Augsburg,Hertha BSC,0,0,D,10.0,13.0,0.0,4.0,17.0,16.0,3.0,4.0,1.91,3.5,4.0,,,
2014-04-19,Borussia Dortmund,FSV Mainz 05,4,2,H,30.0,9.0,11.0,2.0,9.0,18.0,12.0,2.0,1.36,5.0,7.5,,,
2014-04-20,FC Nurnberg,Bayer Leverkusen,1,4,A,9.0,15.0,6.0,7.0,15.0,14.0,3.0,8.0,3.75,3.6,1.91,,,
2014-04-20,VfB Stuttgart,FC Schalke 04,3,1,H,12.0,14.0,4.0,3.0,23.0,13.0,2.0,3.0,2.63,3.5,2.5,,,
2014-04-25,Hannover 96,VfB Stuttgart,0,0,D,9.0,6.0,2.0,3.0,15.0,15.0,2.0,5.0,2.7,3.4,2.5,,,
2014-04-26,Bayern Munich,Werder Bremen,5,2,H,23.0,7.0,11.0,3.0,11.0,13.0,13.0,5.0,1.2,7.0,11.0,,,
2014-04-26,Hertha BSC,Braunschweig,2,0,H,20.0,7.0,11.0,1.0,14.0,18.0,8.0,3.0,2.0,3.5,3.6,,,
2014-04-26,TSG Hoffenheim,Ein Frankfurt,0,0,D,18.0,8.0,5.0,3.0,18.0,13.0,3.0,2.0,1.91,3.75,3.6,,,
2014-04-26,Bayer Leverkusen,Borussia Dortmund,2,2,D,16.0,14.0,5.0,6.0,14.0,9.0,7.0,5.0,3.0,3.5,2.25,,,
2014-04-26,FSV Mainz 05,FC Nurnberg,2,0,H,18.0,13.0,5.0,1.0,6.0,11.0,8.0,7.0,1.62,4.0,5.25,,,
2014-04-26,VfL Wolfsburg,SC Freiburg,2,2,D,23.0,13.0,7.0,7.0,13.0,14.0,11.0,7.0,1.44,4.75,6.0,,,
2014-04-27,FC Schalke 04,Borussia Monchengladbach,0,1,A,17.0,12.0,6.0,6.0,11.0,1.0,12.0,9.0,2.0,3.6,3.5,,,
2014-04-27,FC Augsburg,Hamburg,3,1,H,15.0,19.0,5.0,5.0,16.0,19.0,4.0,5.0,1.85,3.6,4.0,,,
2014-05-03,Braunschweig,FC Augsburg,0,1,A,17.0,24.0,6.0,10.0,21.0,21.0,7.0,9.0,2.75,3.5,2.4,,,
2014-05-03,Borussia Dortmund,TSG Hoffenheim,3,2,H,16.0,12.0,10.0,4.0,16.0,23.0,5.0,5.0,1.36,5.5,7.0,,,
2014-05-03,Ein Frankfurt,Bayer Leverkusen,0,2,A,6.0,21.0,2.0,5.0,16.0,13.0,3.0,5.0,4.2,4.0,1.75,,,
2014-05-03,SC Freiburg,FC Schalke 04,0,2,A,10.0,26.0,1.0,6.0,11.0,11.0,3.0,5.0,3.6,3.6,1.95,,,
2014-05-03,Hamburg,Bayern Munich,1,4,A,10.0,18.0,5.0,8.0,14.0,7.0,2.0,5.0,7.0,5.25,1.36,,,
2014-05-03,Borussia Monchengladbach,FSV Mainz 05,3,1,H,7.0,18.0,4.0,4.0,8.0,11.0,3.0,6.0,1.85,3.8,3.8,,,
2014-05-03,FC Nurnberg,Hannover 96,0,2,A,15.0,14.0,8.0,7.0,12.0,18.0,8.0,5.0,2.1,3.6,3.25,,,
2014-05-03,VfB Stuttgart,VfL Wolfsburg,1,2,A,6.0,13.0,2.0,6.0,11.0,15.0,2.0,5.0,2.7,3.6,2.4,,,
2014-05-03,Werder Bremen,Hertha BSC,2,0,H,12.0,11.0,4.0,4.0,18.0,17.0,5.0,11.0,2.63,3.5,2.5,,,
2014-05-10,FSV Mainz 05,Hamburg,3,2,H,13.0,20.0,6.0,7.0,14.0,14.0,4.0,8.0,1.83,4.0,3.75,,,
2014-05-10,Bayer Leverkusen,Werder Bremen,2,1,H,14.0,8.0,6.0,2.0,16.0,9.0,8.0,4.0,1.25,6.5,9.0,,,
2014-05-10,VfL Wolfsburg,Borussia Monchengladbach,3,1,H,19.0,13.0,10.0,3.0,9.0,10.0,7.0,8.0,1.83,4.0,3.75,,,
2014-05-10,TSG Hoffenheim,Braunschweig,3,1,H,16.0,6.0,8.0,2.0,17.0,14.0,5.0,2.0,1.67,4.5,4.2,,,
2014-05-10,FC Schalke 04,FC Nurnberg,4,1,H,22.0,11.0,11.0,4.0,12.0,20.0,7.0,3.0,1.29,5.5,9.5,,,
2014-05-10,Hannover 96,SC Freiburg,3,2,H,19.0,12.0,9.0,7.0,19.0,9.0,8.0,4.0,2.0,3.6,3.5,,,
2014-05-10,Bayern Munich,VfB Stuttgart,1,0,H,24.0,8.0,6.0,2.0,11.0,14.0,12.0,2.0,1.2,7.0,11.0,,,
2014-05-10,Hertha BSC,Borussia Dortmund,0,4,A,10.0,13.0,5.0,7.0,18.0,12.0,9.0,0.0,5.25,4.5,1.53,,,
2014-05-10,FC Augsburg,Ein Frankfurt,2,1,H,17.0,7.0,7.0,2.0,12.0,12.0,5.0,5.0,1.53,4.33,5.5,,,
2014-08-22,Bayern Munich,VfL Wolfsburg,2,1,H,17.0,9.0,10.0,4.0,5.0,9.0,9.0,3.0,1.25,6.0,10.0,,,
2014-08-23,Borussia Dortmund,Bayer Leverkusen,0,2,A,11.0,11.0,4.0,2.0,13.0,28.0,8.0,4.0,1.57,4.33,5.0,,,
2014-08-23,Ein Frankfurt,SC Freiburg,1,0,H,10.0,13.0,3.0,7.0,17.0,22.0,6.0,5.0,2.05,3.4,3.6,,,
2014-08-23,FC Cologne,Hamburg,0,0,D,10.0,19.0,3.0,4.0,23.0,16.0,3.0,6.0,2.0,3.5,3.6,,,
2014-08-23,Hannover 96,FC Schalke 04,2,1,H,8.0,12.0,3.0,5.0,12.0,15.0,2.0,4.0,2.9,3.5,2.3,,,
2014-08-23,Hertha BSC,Werder Bremen,2,2,D,19.0,9.0,5.0,5.0,17.0,18.0,9.0,5.0,1.95,3.5,3.75,,,
2014-08-23,TSG Hoffenheim,FC Augsburg,2,0,H,10.0,12.0,3.0,2.0,19.0,15.0,7.0,3.0,1.91,3.6,3.8,,,
2014-08-24,Borussia Monchengladbach,VfB Stuttgart,1,1,D,19.0,7.0,6.0,3.0,8.0,16.0,6.0,3.0,1.95,3.5,3.75,,,
2014-08-24,SC Paderborn 07,FSV Mainz 05,2,2,D,10.0,14.0,3.0,4.0,16.0,14.0,4.0,3.0,3.1,3.4,2.25,,,
2014-08-29,FC Augsburg,Borussia Dortmund,2,3,A,12.0,22.0,3.0,9.0,9.0,12.0,3.0,6.0,4.5,3.75,1.73,,,
2014-08-30,VfL Wolfsburg,Ein Frankfurt,2,2,D,14.0,9.0,11.0,4.0,19.0,11.0,4.0,3.0,1.57,4.33,5.0,,,
2014-08-30,VfB Stuttgart,FC Cologne,0,2,A,14.0,10.0,5.0,4.0,11.0,11.0,7.0,4.0,2.0,3.5,3.6,,,
2014-08-30,Werder Bremen,TSG Hoffenheim,1,1,D,15.0,12.0,1.0,1.0,20.0,13.0,6.0,6.0,3.2,3.5,2.15,,,
2014-08-30,Bayer Leverkusen,Hertha BSC,4,2,H,21.0,3.0,7.0,1.0,11.0,20.0,5.0,6.0,1.44,4.5,6.5,,,
2014-08-30,Hamburg,SC Paderborn 07,0,3,A,13.0,15.0,4.0,7.0,16.0,16.0,8.0,3.0,1.67,3.8,5.0,,,
2014-08-30,FC Schalke 04,Bayern Munich,1,1,D,8.0,10.0,4.0,4.0,15.0,15.0,1.0,3.0,6.0,4.75,1.44,,,
2014-08-31,SC Freiburg,Borussia Monchengladbach,0,0,D,17.0,9.0,4.0,3.0,11.0,13.0,4.0,5.0,2.88,3.4,2.38,,,
2014-08-31,FSV Mainz 05,Hannover 96,0,0,D,14.0,11.0,2.0,6.0,12.0,14.0,4.0,2.0,2.2,3.3,3.3,,,
2014-09-12,Bayer Leverkusen,Werder Bremen,3,3,D,26.0,8.0,9.0,5.0,14.0,20.0,6.0,4.0,1.3,5.5,9.0,,,
2014-09-13,SC Paderborn 07,FC Cologne,0,0,D,8.0,4.0,4.0,1.0,13.0,18.0,5.0,1.0,2.9,3.2,2.45,,,
2014-09-13,TSG Hoffenheim,VfL Wolfsburg,1,1,D,15.0,22.0,6.0,5.0,17.0,17.0,4.0,7.0,2.4,3.5,2.75,,,
2014-09-13,Borussia Monchengladbach,FC Schalke 04,4,1,H,23.0,11.0,9.0,6.0,15.0,13.0,8.0,2.0,2.4,3.4,2.8,,,
2014-09-13,Borussia Dortmund,SC Freiburg,3,1,H,15.0,4.0,6.0,3.0,10.0,14.0,3.0,5.0,1.25,6.0,10.0,,,
2014-09-13,Bayern Munich,VfB Stuttgart,2,0,H,14.0,7.0,8.0,0.0,16.0,18.0,2.0,4.0,1.17,7.5,15.0,,,
2014-09-13,Hertha BSC,FSV Mainz 05,1,3,A,17.0,7.0,3.0,6.0,21.0,20.0,4.0,1.0,2.25,3.3,3.2,,,
2014-09-14,Ein Frankfurt,FC Augsburg,0,1,A,14.0,17.0,5.0,7.0,14.0,21.0,5.0,6.0,2.25,3.3,3.2,,,
2014-09-14,Hannover 96,Hamburg,2,0,H,11.0,11.0,4.0,0.0,18.0,16.0,4.0,2.0,2.2,3.4,3.2,,,
2014-09-19,SC Freiburg,Hertha BSC,2,2,D,15.0,7.0,5.0,2.0,16.0,26.0,7.0,6.0,2.5,3.3,2.8,,,
2014-09-20,FC Schalke 04,Ein Frankfurt,2,2,D,8.0,15.0,3.0,4.0,15.0,15.0,1.0,3.0,1.73,3.8,4.5,,,
2014-09-20,FC Augsburg,Werder Bremen,4,2,H,19.0,13.0,7.0,6.0,13.0,20.0,6.0,5.0,1.91,3.6,3.8,,,
2014-09-20,Hamburg,Bayern Munich,0,0,D,4.0,15.0,0.0,3.0,22.0,11.0,3.0,9.0,10.0,6.0,1.25,,,
2014-09-20,FSV Mainz 05,Borussia Dortmund,2,0,H,8.0,20.0,5.0,4.0,17.0,18.0,1.0,7.0,5.0,4.33,1.57,,,
2014-09-20,SC Paderborn 07,Hannover 96,2,0,H,17.0,14.0,4.0,2.0,11.0,13.0,7.0,5.0,2.8,3.25,2.5,,,
2014-09-20,VfB Stuttgart,TSG Hoffenheim,0,2,A,17.0,10.0,2.0,4.0,17.0,21.0,9.0,4.0,2.5,3.4,2.7,,,
2014-09-21,VfL Wolfsburg,Bayer Leverkusen,4,1,H,17.0,12.0,9.0,1.0,9.0,12.0,8.0,3.0,2.8,3.5,2.4,,,
2014-09-21,FC Cologne,Borussia Monchengladbach,0,0,D,10.0,9.0,7.0,1.0,15.0,13.0,4.0,3.0,2.75,3.3,2.5,,,
2014-09-23,Bayern Munich,SC Paderborn 07,4,0,H,25.0,6.0,9.0,2.0,8.0,7.0,9.0,3.0,1.11,9.0,21.0,,,
2014-09-23,Ein Frankfurt,FSV Mainz 05,2,2,D,16.0,5.0,8.0,5.0,16.0,24.0,9.0,3.0,2.38,3.3,2.9,,,
2014-09-23,TSG Hoffenheim,SC Freiburg,3,3,D,18.0,6.0,8.0,4.0,20.0,14.0,4.0,3.0,1.62,4.0,5.25,,,
2014-09-23,Werder Bremen,FC Schalke 04,0,3,A,12.0,11.0,4.0,4.0,17.0,15.0,6.0,5.0,2.8,3.4,2.4,,,
2014-09-24,Bayer Leverkusen,FC Augsburg,1,0,H,17.0,11.0,3.0,4.0,13.0,13.0,6.0,7.0,1.57,4.2,5.25,,,
2014-09-24,Borussia Dortmund,VfB Stuttgart,2,2,D,25.0,10.0,9.0,5.0,11.0,10.0,5.0,4.0,1.36,5.0,7.5,,,
2014-09-24,Hannover 96,FC Cologne,1,0,H,9.0,9.0,4.0,3.0,9.0,11.0,2.0,6.0,2.15,3.4,3.25,,,
2014-09-24,Hertha BSC,VfL Wolfsburg,1,0,H,3.0,13.0,3.0,3.0,15.0,10.0,6.0,5.0,3.0,3.5,2.25,,,
2014-09-24,Borussia Monchengladbach,Hamburg,1,0,H,20.0,14.0,9.0,1.0,19.0,17.0,9.0,9.0,1.65,4.0,4.75,,,
2014-09-26,FSV Mainz 05,TSG Hoffenheim,0,0,D,10.0,13.0,3.0,3.0,13.0,25.0,5.0,4.0,2.4,3.4,2.8,,,
2014-09-27,FC Schalke 04,Borussia Dortmund,2,1,H,11.0,17.0,6.0,5.0,15.0,15.0,3.0,9.0,3.4,3.6,2.05,,,
2014-09-27,SC Paderborn 07,Borussia Monchengladbach,1,2,A,24.0,11.0,8.0,4.0,9.0,18.0,9.0,0.0,3.3,3.5,2.1,,,
2014-09-27,FC Cologne,Bayern Munich,0,2,A,8.0,21.0,3.0,8.0,6.0,6.0,2.0,11.0,7.5,5.0,1.36,,,
2014-09-27,VfB Stuttgart,Hannover 96,1,0,H,12.0,12.0,6.0,4.0,16.0,16.0,8.0,1.0,1.95,3.5,3.6,,,
2014-09-27,SC Freiburg,Bayer Leverkusen,0,0,D,8.0,16.0,3.0,8.0,21.0,24.0,5.0,3.0,4.2,3.75,1.8,,,
2014-09-27,VfL Wolfsburg,Werder Bremen,2,1,H,18.0,8.0,8.0,3.0,11.0,12.0,8.0,5.0,1.5,4.33,6.0,,,
2014-09-28,Hamburg,Ein Frankfurt,1,2,A,14.0,7.0,6.0,4.0,21.0,18.0,8.0,3.0,2.05,3.5,3.4,,,
2014-09-28,FC Augsburg,Hertha BSC,1,0,H,8.0,10.0,3.0,3.0,18.0,20.0,3.0,9.0,2.05,3.5,3.4,,,
2014-10-03,Hertha BSC,VfB Stuttgart,3,2,H,12.0,9.0,9.0,2.0,18.0,15.0,3.0,7.0,2.25,3.4,3.1,,,
2014-10-04,Werder Bremen,SC Freiburg,1,1,D,18.0,7.0,7.0,3.0,13.0,14.0,10.0,5.0,2.38,3.4,2.88,,,
2014-10-04,Bayer Leverkusen,SC Paderborn 07,2,2,D,21.0,8.0,10.0,5.0,25.0,18.0,9.0,2.0,1.33,5.25,8.0,,,
2014-10-04,TSG Hoffenheim,FC Schalke 04,2,1,H,20.0,13.0,8.0,3.0,18.0,16.0,5.0,3.0,2.3,3.6,2.88,,,
2014-10-04,Bayern Munich,Hannover 96,4,0,H,23.0,6.0,9.0,3.0,4.0,11.0,11.0,1.0,1.13,8.5,17.0,,,
2014-10-04,Borussia Dortmund,Hamburg,0,1,A,17.0,10.0,3.0,5.0,10.0,19.0,8.0,4.0,1.33,5.25,8.0,,,
2014-10-04,Ein Frankfurt,FC Cologne,3,2,H,19.0,12.0,8.0,7.0,10.0,15.0,6.0,2.0,2.3,3.2,3.2,,,
2014-10-05,Borussia Monchengladbach,FSV Mainz 05,1,1,D,18.0,8.0,10.0,2.0,12.0,12.0,2.0,3.0,1.85,3.6,4.0,,,
2014-10-05,VfL Wolfsburg,FC Augsburg,1,0,H,15.0,7.0,4.0,1.0,15.0,13.0,4.0,1.0,1.7,3.8,4.75,,,
2014-10-18,Bayern Munich,Werder Bremen,6,0,H,19.0,0.0,6.0,0.0,10.0,12.0,10.0,0.0,1.1,11.0,17.0,,,
2014-10-18,FC Cologne,Borussia Dortmund,2,1,H,5.0,16.0,2.0,3.0,11.0,14.0,3.0,6.0,5.0,4.0,1.62,,,
2014-10-18,SC Freiburg,VfL Wolfsburg,1,2,A,14.0,15.0,7.0,8.0,11.0,18.0,6.0,2.0,3.5,3.5,2.0,,,
2014-10-18,Hannover 96,Borussia Monchengladbach,0,3,A,11.0,10.0,4.0,4.0,15.0,16.0,7.0,2.0,3.1,3.4,2.25,,,
2014-10-18,FSV Mainz 05,FC Augsburg,2,1,H,8.0,15.0,6.0,6.0,15.0,14.0,4.0,6.0,2.3,3.4,3.0,,,
2014-10-18,FC Schalke 04,Hertha BSC,2,0,H,7.0,15.0,3.0,4.0,21.0,21.0,0.0,5.0,1.67,3.8,5.0,,,
2014-10-18,VfB Stuttgart,Bayer Leverkusen,3,3,D,13.0,17.0,6.0,6.0,14.0,19.0,6.0,7.0,3.4,3.5,2.05,,,
2014-10-19,SC Paderborn 07,Ein Frankfurt,3,1,H,14.0,11.0,5.0,3.0,10.0,13.0,3.0,4.0,2.5,3.4,2.7,,,
2014-10-19,Hamburg,TSG Hoffenheim,1,1,D,17.0,9.0,6.0,4.0,16.0,24.0,5.0,2.0,2.4,3.4,2.8,,,
2014-10-24,Werder Bremen,FC Cologne,0,1,A,11.0,10.0,4.0,4.0,19.0,12.0,8.0,1.0,2.55,3.4,2.63,,,
2014-10-25,TSG Hoffenheim,SC Paderborn 07,1,0,H,19.0,11.0,5.0,1.0,14.0,15.0,6.0,4.0,1.62,4.33,4.75,,,
2014-10-25,Bayer Leverkusen,FC Schalke 04,1,0,H,24.0,4.0,7.0,1.0,8.0,17.0,8.0,3.0,1.67,4.1,4.5,,,
2014-10-25,Hertha BSC,Hamburg,3,0,H,15.0,10.0,6.0,3.0,15.0,21.0,4.0,1.0,2.2,3.4,3.2,,,
2014-10-25,FC Augsburg,SC Freiburg,2,0,H,15.0,10.0,4.0,3.0,17.0,13.0,2.0,5.0,1.83,3.6,4.2,,,
2014-10-25,Borussia Dortmund,Hannover 96,0,1,A,17.0,7.0,4.0,3.0,13.0,18.0,14.0,1.0,1.22,6.5,11.0,,,
2014-10-25,Ein Frankfurt,VfB Stuttgart,4,5,A,21.0,20.0,13.0,10.0,17.0,18.0,3.0,9.0,2.25,3.4,3.0,,,
2014-10-26,Borussia Monchengladbach,Bayern Munich,0,0,D,11.0,20.0,5.0,5.0,8.0,11.0,4.0,10.0,8.0,4.75,1.36,,,
2014-10-26,VfL Wolfsburg,FSV Mainz 05,3,0,H,24.0,16.0,12.0,4.0,16.0,15.0,10.0,3.0,1.67,3.8,5.0,,,
2014-10-31,FC Schalke 04,FC Augsburg,1,0,H,13.0,20.0,7.0,5.0,10.0,16.0,4.0,2.0,1.91,3.6,3.8,,,
2014-11-01,VfB Stuttgart,VfL Wolfsburg,0,4,A,13.0,15.0,4.0,6.0,13.0,11.0,4.0,6.0,3.3,3.5,2.1,,,
2014-11-01,Hannover 96,Ein Frankfurt,1,0,H,14.0,6.0,3.0,4.0,13.0,20.0,10.0,4.0,2.25,3.4,3.1,,,
2014-11-01,FSV Mainz 05,Werder Bremen,1,2,A,21.0,9.0,3.0,7.0,17.0,15.0,8.0,1.0,1.73,4.0,4.33,,,
2014-11-01,Bayern Munich,Borussia Dortmund,2,1,H,25.0,10.0,14.0,4.0,13.0,5.0,9.0,2.0,1.44,4.5,6.5,,,
2014-11-01,Hamburg,Bayer Leverkusen,1,0,H,5.0,11.0,1.0,2.0,29.0,25.0,1.0,3.0,3.4,3.5,2.05,,,
2014-11-02,FC Cologne,SC Freiburg,0,1,A,10.0,8.0,3.0,3.0,5.0,12.0,5.0,2.0,1.91,3.6,3.8,,,
2014-11-02,Borussia Monchengladbach,TSG Hoffenheim,3,1,H,13.0,15.0,7.0,3.0,15.0,12.0,6.0,3.0,1.95,3.5,3.75,,,
2014-11-02,SC Paderborn 07,Hertha BSC,3,1,H,18.0,10.0,6.0,4.0,14.0,27.0,6.0,1.0,2.5,3.5,2.63,,,
2014-11-07,Hertha BSC,Hannover 96,0,2,A,7.0,12.0,1.0,5.0,24.0,22.0,4.0,7.0,2.05,3.4,3.5,,,
2014-11-08,Bayer Leverkusen,FSV Mainz 05,0,0,D,24.0,6.0,6.0,1.0,17.0,20.0,13.0,0.0,1.5,4.33,6.0,,,
2014-11-08,Werder Bremen,VfB Stuttgart,2,0,H,12.0,8.0,4.0,1.0,13.0,13.0,4.0,4.0,2.63,3.3,2.63,,,
2014-11-08,TSG Hoffenheim,FC Cologne,3,4,A,22.0,11.0,6.0,7.0,15.0,12.0,7.0,4.0,1.8,3.8,4.0,,,
2014-11-08,SC Freiburg,FC Schalke 04,2,0,H,19.0,11.0,9.0,4.0,13.0,13.0,3.0,1.0,2.63,3.5,2.5,,,
2014-11-08,Ein Frankfurt,Bayern Munich,0,4,A,6.0,19.0,2.0,9.0,21.0,15.0,4.0,8.0,13.0,7.0,1.18,,,
2014-11-08,FC Augsburg,SC Paderborn 07,3,0,H,11.0,16.0,4.0,3.0,16.0,13.0,3.0,6.0,1.73,3.8,4.5,,,
2014-11-09,Borussia Dortmund,Borussia Monchengladbach,1,0,H,22.0,1.0,6.0,0.0,7.0,11.0,7.0,0.0,1.57,4.33,5.0,,,
2014-11-09,VfL Wolfsburg,Hamburg,2,0,H,13.0,10.0,5.0,2.0,12.0,14.0,2.0,1.0,1.57,4.2,5.25,,,
2014-11-22,Bayern Munich,TSG Hoffenheim,4,0,H,17.0,11.0,9.0,5.0,16.0,17.0,9.0,5.0,1.14,8.0,15.0,,,
2014-11-22,FC Cologne,Hertha BSC,1,2,A,12.0,10.0,2.0,6.0,11.0,14.0,3.0,5.0,2.1,3.3,3.5,,,
2014-11-22,Hannover 96,Bayer Leverkusen,1,3,A,10.0,20.0,5.0,4.0,16.0,16.0,2.0,3.0,3.8,3.6,1.91,,,
2014-11-22,FSV Mainz 05,SC Freiburg,2,2,D,11.0,10.0,2.0,3.0,15.0,13.0,9.0,3.0,2.15,3.3,3.4,,,
2014-11-22,Borussia Monchengladbach,Ein Frankfurt,1,3,A,9.0,25.0,3.0,13.0,10.0,16.0,8.0,11.0,1.36,5.0,7.5,,,
2014-11-22,SC Paderborn 07,Borussia Dortmund,2,2,D,8.0,13.0,4.0,5.0,15.0,11.0,1.0,6.0,7.0,4.75,1.4,,,
2014-11-22,FC Schalke 04,VfL Wolfsburg,3,2,H,9.0,17.0,6.0,2.0,10.0,16.0,2.0,7.0,3.0,3.4,2.3,,,
2014-11-23,Hamburg,Werder Bremen,2,0,H,14.0,12.0,5.0,7.0,24.0,20.0,6.0,5.0,1.91,3.6,3.75,,,
2014-11-23,VfB Stuttgart,FC Augsburg,0,1,A,9.0,17.0,1.0,6.0,14.0,23.0,6.0,3.0,2.38,3.5,2.8,,,
2014-11-28,SC Freiburg,VfB Stuttgart,1,4,A,16.0,18.0,6.0,9.0,12.0,13.0,9.0,7.0,2.25,3.4,3.1,,,
2014-11-29,FC Schalke 04,FSV Mainz 05,4,1,H,14.0,22.0,9.0,10.0,16.0,12.0,2.0,5.0,1.95,3.7,3.75,,,
2014-11-29,Bayer Leverkusen,FC Cologne,5,1,H,25.0,5.0,10.0,1.0,15.0,9.0,7.0,3.0,1.5,4.33,6.5,,,
2014-11-29,Werder Bremen,SC Paderborn 07,4,0,H,24.0,15.0,13.0,4.0,18.0,18.0,9.0,6.0,2.2,3.5,3.25,,,
2014-11-29,Hertha BSC,Bayern Munich,0,1,A,4.0,15.0,1.0,5.0,17.0,8.0,2.0,3.0,15.0,7.5,1.18,,,
2014-11-29,FC Augsburg,Hamburg,3,1,H,13.0,9.0,8.0,3.0,13.0,23.0,4.0,4.0,2.0,3.5,3.75,,,
2014-11-29,TSG Hoffenheim,Hannover 96,4,3,H,16.0,13.0,7.0,5.0,14.0,28.0,5.0,3.0,1.7,4.0,4.75,,,
2014-11-30,Ein Frankfurt,Borussia Dortmund,2,0,H,11.0,17.0,3.0,6.0,15.0,22.0,1.0,8.0,5.0,4.33,1.62,,,
2014-11-30,VfL Wolfsburg,Borussia Monchengladbach,1,0,H,23.0,10.0,12.0,2.0,13.0,12.0,9.0,5.0,1.91,3.75,3.8,,,
2014-12-05,Borussia Dortmund,TSG Hoffenheim,1,0,H,19.0,6.0,6.0,1.0,20.0,12.0,8.0,3.0,1.5,4.6,6.0,,,
2014-12-06,VfB Stuttgart,FC Schalke 04,0,4,A,13.0,13.0,3.0,6.0,14.0,13.0,4.0,6.0,2.25,3.4,3.25,,,
2014-12-06,SC Paderborn 07,SC Freiburg,1,1,D,24.0,4.0,8.0,2.0,15.0,26.0,6.0,1.0,2.38,3.3,3.1,,,
2014-12-06,Borussia Monchengladbach,Hertha BSC,3,2,H,13.0,11.0,10.0,3.0,17.0,17.0,4.0,3.0,1.67,3.8,5.25,,,
2014-12-06,Hannover 96,VfL Wolfsburg,1,3,A,16.0,15.0,6.0,7.0,14.0,18.0,11.0,9.0,3.8,3.6,1.95,,,
2014-12-06,Bayern Munich,Bayer Leverkusen,1,0,H,9.0,3.0,3.0,1.0,11.0,26.0,8.0,3.0,1.25,6.0,12.0,,,
2014-12-06,FC Cologne,FC Augsburg,1,2,A,12.0,14.0,4.0,4.0,10.0,13.0,5.0,9.0,2.88,3.2,2.55,,,
2014-12-07,Ein Frankfurt,Werder Bremen,5,2,H,22.0,10.0,13.0,4.0,17.0,12.0,9.0,2.0,2.05,3.6,3.5,,,
2014-12-07,Hamburg,FSV Mainz 05,2,1,H,18.0,15.0,8.0,4.0,19.0,18.0,6.0,6.0,2.1,3.4,3.6,,,
2014-12-12,TSG Hoffenheim,Ein Frankfurt,3,2,H,20.0,19.0,8.0,7.0,16.0,19.0,4.0,6.0,1.85,3.9,4.0,,,
2014-12-13,Werder Bremen,Hannover 96,3,3,D,19.0,12.0,7.0,7.0,19.0,25.0,10.0,10.0,2.45,3.4,2.88,,,
2014-12-13,FSV Mainz 05,VfB Stuttgart,1,1,D,22.0,8.0,6.0,2.0,19.0,15.0,4.0,5.0,2.38,3.4,3.0,,,
2014-12-13,FC Schalke 04,FC Cologne,1,2,A,15.0,6.0,3.0,5.0,13.0,7.0,2.0,1.0,1.8,3.7,4.5,,,
2014-12-13,SC Freiburg,Hamburg,0,0,D,10.0,10.0,4.0,1.0,19.0,9.0,4.0,2.0,2.4,3.3,3.0,,,
2014-12-13,FC Augsburg,Bayern Munich,0,4,A,6.0,26.0,3.0,9.0,17.0,13.0,1.0,7.0,9.5,5.75,1.3,,,
2014-12-13,Hertha BSC,Borussia Dortmund,1,0,H,5.0,18.0,3.0,5.0,9.0,9.0,2.0,9.0,5.5,4.0,1.62,,,
2014-12-14,Bayer Leverkusen,Borussia Monchengladbach,1,1,D,22.0,7.0,5.0,3.0,17.0,12.0,5.0,6.0,1.67,4.0,5.0,,,
2014-12-14,VfL Wolfsburg,SC Paderborn 07,1,1,D,21.0,6.0,8.0,3.0,15.0,17.0,11.0,1.0,1.36,5.25,8.0,,,
2014-12-16,Bayern Munich,SC Freiburg,2,0,H,31.0,2.0,13.0,0.0,5.0,3.0,10.0,1.0,1.08,11.0,29.0,,,
2014-12-16,FC Cologne,FSV Mainz 05,0,0,D,11.0,13.0,1.0,1.0,13.0,14.0,9.0,3.0,2.25,3.4,3.2,,,
2014-12-16,Hamburg,VfB Stuttgart,0,1,A,8.0,16.0,2.0,6.0,9.0,11.0,6.0,5.0,2.1,3.4,3.6,,,
2014-12-16,Hannover 96,FC Augsburg,2,0,H,10.0,10.0,3.0,5.0,18.0,17.0,8.0,5.0,2.3,3.3,3.1,,,
2014-12-17,SC Paderborn 07,FC Schalke 04,1,2,A,21.0,16.0,4.0,8.0,9.0,22.0,5.0,7.0,2.75,3.5,2.5,,,
2014-12-17,Borussia Monchengladbach,Werder Bremen,4,1,H,9.0,9.0,6.0,4.0,13.0,18.0,2.0,1.0,1.44,4.75,7.0,,,
2014-12-17,Ein Frankfurt,Hertha BSC,4,4,D,16.0,8.0,7.0,5.0,14.0,19.0,5.0,4.0,2.05,3.5,3.6,,,
2014-12-17,Borussia Dortmund,VfL Wolfsburg,2,2,D,17.0,10.0,6.0,4.0,12.0,10.0,4.0,5.0,1.85,3.75,4.2,,,
2014-12-17,TSG Hoffenheim,Bayer Leverkusen,0,1,A,9.0,18.0,7.0,9.0,16.0,19.0,1.0,10.0,3.25,3.75,2.1,,,
2014-12-19,FSV Mainz 05,Bayern Munich,1,2,A,5.0,12.0,3.0,5.0,16.0,17.0,4.0,10.0,15.0,7.0,1.2,,,
2014-12-20,VfL Wolfsburg,FC Cologne,2,1,H,14.0,10.0,3.0,4.0,5.0,9.0,4.0,4.0,1.5,4.2,7.0,,,
2014-12-20,FC Augsburg,Borussia Monchengladbach,2,1,H,18.0,14.0,6.0,7.0,15.0,11.0,4.0,7.0,2.5,3.4,2.8,,,
2014-12-20,Bayer Leverkusen,Ein Frankfurt,1,1,D,16.0,9.0,3.0,5.0,18.0,20.0,4.0,1.0,1.44,4.75,7.0,,,
2014-12-20,FC Schalke 04,Hamburg,0,0,D,17.0,15.0,8.0,6.0,11.0,15.0,6.0,4.0,1.8,3.6,4.5,,,
2014-12-20,VfB Stuttgart,SC Paderborn 07,0,0,D,11.0,17.0,3.0,5.0,16.0,20.0,5.0,5.0,1.85,3.8,4.0,,,
2014-12-20,Werder Bremen,Borussia Dortmund,2,1,H,12.0,14.0,3.0,5.0,12.0,9.0,2.0,6.0,6.5,4.33,1.5,,,
2014-12-21,SC Freiburg,Hannover 96,2,2,D,11.0,17.0,6.0,8.0,12.0,14.0,6.0,5.0,2.45,3.4,2.88,,,
2014-12-21,Hertha BSC,TSG Hoffenheim,0,5,A,8.0,15.0,1.0,8.0,17.0,17.0,2.0,9.0,2.5,3.4,2.8,,,
2015-01-30,VfL Wolfsburg,Bayern Munich,4,1,H,13.0,16.0,6.0,7.0,13.0,15.0,1.0,5.0,6.5,4.33,1.5,,,
2015-01-31,SC Freiburg,Ein Frankfurt,4,1,H,15.0,12.0,8.0,6.0,11.0,14.0,3.0,5.0,2.63,3.5,2.63,,,
2015-01-31,Hamburg,FC Cologne,0,2,A,10.0,15.0,3.0,6.0,17.0,11.0,3.0,3.0,2.2,3.3,3.4,,,
2015-01-31,Bayer Leverkusen,Borussia Dortmund,0,0,D,7.0,10.0,3.0,2.0,20.0,17.0,4.0,3.0,2.5,3.4,2.8,,,
2015-01-31,FSV Mainz 05,SC Paderborn 07,5,0,H,21.0,10.0,8.0,2.0,14.0,17.0,9.0,4.0,2.05,3.5,3.6,,,
2015-01-31,FC Schalke 04,Hannover 96,1,0,H,15.0,13.0,5.0,1.0,15.0,15.0,5.0,7.0,1.95,3.5,4.0,,,
2015-01-31,VfB Stuttgart,Borussia Monchengladbach,0,1,A,12.0,10.0,1.0,2.0,13.0,13.0,4.0,8.0,3.0,3.4,2.38,,,
2015-02-01,FC Augsburg,TSG Hoffenheim,3,1,H,15.0,13.0,7.0,5.0,20.0,28.0,4.0,7.0,2.4,3.4,2.9,,,
2015-02-01,Werder Bremen,Hertha BSC,2,0,H,19.0,3.0,8.0,0.0,16.0,26.0,6.0,3.0,2.38,3.4,3.0,,,
2015-02-03,Borussia Monchengladbach,SC Freiburg,1,0,H,11.0,15.0,6.0,5.0,15.0,14.0,4.0,4.0,1.53,4.33,6.0,,,
2015-02-03,Hannover 96,FSV Mainz 05,1,1,D,9.0,17.0,5.0,7.0,15.0,15.0,7.0,4.0,2.25,3.4,3.25,,,
2015-02-03,Ein Frankfurt,VfL Wolfsburg,1,1,D,12.0,9.0,4.0,2.0,20.0,16.0,1.0,6.0,3.8,4.0,1.85,,,
2015-02-03,Bayern Munich,FC Schalke 04,1,1,D,10.0,8.0,2.0,5.0,13.0,19.0,5.0,1.0,1.13,9.0,19.0,,,
2015-02-04,Borussia Dortmund,FC Augsburg,0,1,A,15.0,8.0,6.0,3.0,12.0,11.0,4.0,1.0,1.44,4.5,7.5,,,
2015-02-04,FC Cologne,VfB Stuttgart,0,0,D,5.0,7.0,0.0,4.0,10.0,10.0,2.0,4.0,2.25,3.4,3.2,,,
2015-02-04,Hertha BSC,Bayer Leverkusen,0,1,A,2.0,9.0,0.0,3.0,14.0,16.0,4.0,2.0,5.5,3.75,1.67,,,
2015-02-04,TSG Hoffenheim,Werder Bremen,1,2,A,13.0,10.0,5.0,6.0,13.0,30.0,7.0,1.0,1.67,4.2,4.75,,,
2015-02-04,SC Paderborn 07,Hamburg,0,3,A,13.0,12.0,3.0,4.0,11.0,18.0,5.0,5.0,2.5,3.3,2.88,,,
2015-02-06,FC Schalke 04,Borussia Monchengladbach,1,0,H,10.0,8.0,4.0,1.0,17.0,15.0,5.0,3.0,2.6,3.3,2.75,,,
2015-02-07,VfL Wolfsburg,TSG Hoffenheim,3,0,H,9.0,16.0,5.0,4.0,20.0,16.0,2.0,4.0,1.57,4.33,5.5,,,
2015-02-07,VfB Stuttgart,Bayern Munich,0,2,A,4.0,8.0,0.0,4.0,26.0,21.0,4.0,1.0,13.0,7.0,1.2,,,
2015-02-07,FSV Mainz 05,Hertha BSC,0,2,A,12.0,11.0,4.0,3.0,15.0,15.0,4.0,2.0,1.91,3.6,4.0,,,
2015-02-07,FC Cologne,SC Paderborn 07,0,0,D,17.0,9.0,5.0,3.0,13.0,15.0,9.0,4.0,1.95,3.5,4.0,,,
2015-02-07,SC Freiburg,Borussia Dortmund,0,3,A,7.0,22.0,1.0,12.0,11.0,12.0,3.0,5.0,5.5,4.0,1.62,,,
2015-02-07,Hamburg,Hannover 96,2,1,H,6.0,21.0,3.0,7.0,21.0,11.0,3.0,10.0,2.3,3.3,3.2,,,
2015-02-08,FC Augsburg,Ein Frankfurt,2,2,D,11.0,16.0,6.0,5.0,20.0,20.0,3.0,3.0,1.91,3.8,3.8,,,
2015-02-08,Werder Bremen,Bayer Leverkusen,2,1,H,7.0,13.0,4.0,2.0,14.0,16.0,4.0,7.0,4.2,3.75,1.85,,,
2015-02-13,Borussia Dortmund,FSV Mainz 05,4,2,H,21.0,6.0,10.0,3.0,15.0,13.0,7.0,3.0,1.33,5.25,9.5,,,
2015-02-14,Werder Bremen,FC Augsburg,3,2,H,19.0,16.0,9.0,4.0,21.0,15.0,5.0,10.0,2.6,3.4,2.7,,,
2015-02-14,Borussia Monchengladbach,FC Cologne,1,0,H,19.0,14.0,8.0,1.0,10.0,12.0,10.0,1.0,1.73,3.6,5.25,,,
2015-02-14,Bayer Leverkusen,VfL Wolfsburg,4,5,A,15.0,13.0,7.0,9.0,23.0,12.0,5.0,1.0,2.3,3.5,3.0,,,
2015-02-14,Ein Frankfurt,FC Schalke 04,1,0,H,8.0,8.0,2.0,6.0,21.0,12.0,5.0,7.0,2.3,3.6,3.0,,,
2015-02-14,Bayern Munich,Hamburg,8,0,H,25.0,7.0,14.0,2.0,3.0,16.0,3.0,0.0,1.09,11.0,26.0,,,
2015-02-14,TSG Hoffenheim,VfB Stuttgart,2,1,H,21.0,7.0,6.0,3.0,24.0,21.0,10.0,2.0,1.95,3.7,3.8,,,
2015-02-15,Hannover 96,SC Paderborn 07,1,2,A,10.0,11.0,2.0,5.0,16.0,12.0,7.0,1.0,1.85,3.6,4.33,,,
2015-02-15,Hertha BSC,SC Freiburg,0,2,A,11.0,8.0,6.0,3.0,20.0,15.0,2.0,1.0,2.15,3.4,3.5,,,
2015-02-20,VfB Stuttgart,Borussia Dortmund,2,3,A,7.0,13.0,2.0,9.0,13.0,12.0,2.0,5.0,6.0,4.0,1.57,,,
2015-02-21,SC Paderborn 07,Bayern Munich,0,6,A,13.0,17.0,3.0,9.0,10.0,13.0,4.0,4.0,17.0,7.5,1.17,,,
2015-02-21,FC Schalke 04,Werder Bremen,1,1,D,24.0,14.0,5.0,4.0,13.0,12.0,7.0,1.0,2.05,3.5,3.6,,,
2015-02-21,FSV Mainz 05,Ein Frankfurt,3,1,H,13.0,8.0,6.0,1.0,14.0,18.0,6.0,1.0,2.4,3.5,2.9,,,
2015-02-21,SC Freiburg,TSG Hoffenheim,1,1,D,10.0,14.0,5.0,5.0,20.0,22.0,4.0,1.0,3.1,3.5,2.25,,,
2015-02-21,FC Cologne,Hannover 96,1,1,D,16.0,7.0,7.0,5.0,13.0,20.0,3.0,5.0,2.3,3.2,3.3,,,
2015-02-21,FC Augsburg,Bayer Leverkusen,2,2,D,16.0,18.0,7.0,12.0,13.0,16.0,5.0,4.0,3.1,3.4,2.3,,,
2015-02-22,Hamburg,Borussia Monchengladbach,1,1,D,13.0,12.0,3.0,2.0,14.0,11.0,4.0,5.0,3.1,3.4,2.3,,,
2015-02-22,VfL Wolfsburg,Hertha BSC,2,1,H,17.0,3.0,5.0,2.0,10.0,14.0,6.0,3.0,1.33,5.25,9.0,,,
2015-02-27,Bayern Munich,FC Cologne,4,1,H,23.0,9.0,9.0,4.0,5.0,11.0,14.0,5.0,1.1,10.0,26.0,,,
2015-02-28,Borussia Dortmund,FC Schalke 04,3,0,H,31.0,3.0,13.0,0.0,13.0,13.0,9.0,5.0,1.5,4.33,6.5,,,
2015-02-28,Ein Frankfurt,Hamburg,2,1,H,19.0,9.0,6.0,5.0,18.0,27.0,4.0,3.0,2.0,3.6,3.6,,,
2015-02-28,Hannover 96,VfB Stuttgart,1,1,D,16.0,9.0,5.0,1.0,20.0,16.0,8.0,4.0,2.1,3.5,3.4,,,
2015-02-28,Hertha BSC,FC Augsburg,1,0,H,9.0,11.0,4.0,3.0,22.0,17.0,4.0,5.0,2.8,3.4,2.5,,,
2015-02-28,TSG Hoffenheim,FSV Mainz 05,2,0,H,16.0,19.0,5.0,4.0,12.0,12.0,6.0,9.0,2.0,3.6,3.6,,,
2015-02-28,Bayer Leverkusen,SC Freiburg,1,0,H,11.0,3.0,4.0,2.0,15.0,13.0,3.0,2.0,1.36,4.75,9.0,,,
2015-03-01,Borussia Monchengladbach,SC Paderborn 07,2,0,H,19.0,17.0,7.0,3.0,8.0,15.0,10.0,8.0,1.57,4.2,5.75,,,
2015-03-01,Werder Bremen,VfL Wolfsburg,3,5,A,10.0,13.0,5.0,6.0,21.0,15.0,6.0,3.0,3.6,3.75,1.91,,,
2015-03-06,VfB Stuttgart,Hertha BSC,0,0,D,14.0,7.0,3.0,2.0,16.0,14.0,8.0,2.0,2.1,3.3,3.6,,,
2015-03-07,FSV Mainz 05,Borussia Monchengladbach,2,2,D,23.0,6.0,7.0,3.0,6.0,12.0,7.0,4.0,2.6,3.3,2.75,,,
2015-03-07,Hannover 96,Bayern Munich,1,3,A,4.0,13.0,1.0,3.0,12.0,7.0,2.0,3.0,13.0,6.5,1.22,,,
2015-03-07,FC Schalke 04,TSG Hoffenheim,3,1,H,14.0,18.0,5.0,7.0,15.0,19.0,3.0,4.0,2.25,3.4,3.2,,,
2015-03-07,SC Freiburg,Werder Bremen,0,1,A,14.0,16.0,5.0,4.0,16.0,20.0,6.0,5.0,2.6,3.4,2.7,,,
2015-03-07,FC Augsburg,VfL Wolfsburg,1,0,H,12.0,10.0,6.0,2.0,10.0,14.0,4.0,5.0,3.5,3.5,2.1,,,
2015-03-07,Hamburg,Borussia Dortmund,0,0,D,4.0,12.0,2.0,2.0,23.0,12.0,1.0,7.0,6.0,4.33,1.53,,,
2015-03-08,FC Cologne,Ein Frankfurt,4,2,H,9.0,12.0,6.0,5.0,18.0,15.0,4.0,10.0,2.4,3.3,3.0,,,
2015-03-08,SC Paderborn 07,Bayer Leverkusen,0,3,A,9.0,11.0,2.0,6.0,15.0,17.0,9.0,8.0,5.0,3.8,1.7,,,
2015-03-13,Bayer Leverkusen,VfB Stuttgart,4,0,H,11.0,9.0,5.0,5.0,25.0,8.0,3.0,4.0,1.44,4.33,7.5,,,
2015-03-14,Werder Bremen,Bayern Munich,0,4,A,6.0,13.0,3.0,7.0,20.0,16.0,3.0,3.0,10.0,5.75,1.29,,,
2015-03-14,Hertha BSC,FC Schalke 04,2,2,D,13.0,12.0,6.0,6.0,18.0,16.0,3.0,5.0,2.75,3.25,2.63,,,
2015-03-14,TSG Hoffenheim,Hamburg,3,0,H,20.0,10.0,7.0,2.0,19.0,18.0,9.0,6.0,1.75,3.75,4.75,,,
2015-03-14,Borussia Dortmund,FC Cologne,0,0,D,10.0,7.0,5.0,2.0,14.0,8.0,5.0,2.0,1.33,5.0,10.0,,,
2015-03-14,FC Augsburg,FSV Mainz 05,0,2,A,13.0,12.0,2.0,7.0,23.0,13.0,4.0,2.0,1.95,3.5,4.0,,,
2015-03-14,Ein Frankfurt,SC Paderborn 07,4,0,H,11.0,8.0,6.0,3.0,13.0,24.0,9.0,3.0,1.73,3.8,4.75,,,
2015-03-15,Borussia Monchengladbach,Hannover 96,2,0,H,23.0,7.0,8.0,1.0,14.0,15.0,2.0,5.0,1.75,3.75,4.75,,,
2015-03-15,VfL Wolfsburg,SC Freiburg,3,0,H,25.0,16.0,8.0,5.0,9.0,14.0,5.0,5.0,1.33,5.25,9.0,,,
2015-03-20,Hamburg,Hertha BSC,0,1,A,13.0,9.0,4.0,3.0,21.0,21.0,4.0,6.0,2.38,3.25,3.1,,,
2015-03-21,VfB Stuttgart,Ein Frankfurt,3,1,H,9.0,11.0,5.0,5.0,17.0,11.0,2.0,9.0,2.5,3.4,2.8,,,
2015-03-21,FC Cologne,Werder Bremen,1,1,D,14.0,11.0,2.0,6.0,14.0,22.0,8.0,6.0,2.2,3.4,3.3,,,
2015-03-21,SC Freiburg,FC Augsburg,2,0,H,15.0,17.0,8.0,6.0,16.0,12.0,4.0,6.0,3.0,3.4,2.38,,,
2015-03-21,Hannover 96,Borussia Dortmund,2,3,A,15.0,13.0,5.0,6.0,13.0,21.0,8.0,4.0,5.0,4.2,1.62,,,
2015-03-21,SC Paderborn 07,TSG Hoffenheim,0,0,D,15.0,8.0,7.0,2.0,19.0,19.0,9.0,4.0,3.75,3.5,2.0,,,
2015-03-21,FC Schalke 04,Bayer Leverkusen,0,1,A,13.0,16.0,5.0,7.0,17.0,17.0,4.0,9.0,3.0,3.5,2.3,,,
2015-03-22,FSV Mainz 05,VfL Wolfsburg,1,1,D,22.0,8.0,1.0,3.0,11.0,17.0,8.0,4.0,3.25,3.6,2.15,,,
2015-03-22,Bayern Munich,Borussia Monchengladbach,0,2,A,16.0,4.0,8.0,4.0,15.0,9.0,4.0,2.0,1.17,7.5,17.0,,,
2015-04-04,Borussia Dortmund,Bayern Munich,0,1,A,15.0,7.0,2.0,2.0,16.0,19.0,2.0,1.0,3.3,3.5,2.15,,,
2015-04-04,Ein Frankfurt,Hannover 96,2,2,D,13.0,15.0,7.0,6.0,17.0,24.0,4.0,9.0,2.0,3.75,3.5,,,
2015-04-04,SC Freiburg,FC Cologne,1,0,H,11.0,19.0,4.0,6.0,8.0,16.0,5.0,7.0,2.6,3.2,2.8,,,
2015-04-04,TSG Hoffenheim,Borussia Monchengladbach,1,4,A,22.0,12.0,6.0,7.0,14.0,9.0,5.0,3.0,2.7,3.5,2.6,,,
2015-04-04,Bayer Leverkusen,Hamburg,4,0,H,25.0,4.0,9.0,1.0,10.0,17.0,7.0,2.0,1.36,5.0,8.5,,,
2015-04-04,Werder Bremen,FSV Mainz 05,0,0,D,15.0,15.0,5.0,3.0,23.0,16.0,3.0,2.0,2.5,3.4,2.8,,,
2015-04-04,VfL Wolfsburg,VfB Stuttgart,3,1,H,23.0,13.0,9.0,5.0,14.0,16.0,8.0,7.0,1.44,4.75,7.0,,,
2015-04-05,FC Augsburg,FC Schalke 04,0,0,D,21.0,18.0,3.0,3.0,22.0,23.0,4.0,4.0,2.4,3.3,3.0,,,
2015-04-05,Hertha BSC,SC Paderborn 07,2,0,H,13.0,8.0,5.0,2.0,18.0,19.0,3.0,2.0,1.95,3.5,4.0,,,
2015-04-10,Hannover 96,Hertha BSC,1,1,D,11.0,9.0,5.0,3.0,18.0,10.0,10.0,2.0,1.95,3.3,4.2,,,
2015-04-11,FC Schalke 04,SC Freiburg,0,0,D,21.0,10.0,6.0,3.0,15.0,20.0,8.0,6.0,1.67,3.75,5.5,,,
2015-04-11,SC Paderborn 07,FC Augsburg,2,1,H,14.0,16.0,4.0,5.0,14.0,21.0,6.0,7.0,3.1,3.4,2.3,,,
2015-04-11,Borussia Monchengladbach,Borussia Dortmund,3,1,H,12.0,17.0,7.0,3.0,10.0,6.0,6.0,6.0,2.8,3.4,2.5,,,
2015-04-11,Bayern Munich,Ein Frankfurt,3,0,H,19.0,4.0,10.0,1.0,14.0,18.0,3.0,0.0,1.17,7.5,17.0,,,
2015-04-11,Hamburg,VfL Wolfsburg,0,2,A,5.0,15.0,0.0,8.0,17.0,10.0,3.0,5.0,4.33,3.75,1.8,,,
2015-04-11,FSV Mainz 05,Bayer Leverkusen,2,3,A,8.0,9.0,2.0,5.0,17.0,22.0,4.0,2.0,3.3,3.4,2.2,,,
2015-04-12,FC Cologne,TSG Hoffenheim,3,2,H,18.0,24.0,6.0,8.0,15.0,21.0,3.0,3.0,2.4,3.3,3.0,,,
2015-04-12,VfB Stuttgart,Werder Bremen,3,2,H,15.0,12.0,3.0,3.0,13.0,14.0,9.0,3.0,2.15,3.5,3.3,,,
2015-04-17,Ein Frankfurt,Borussia Monchengladbach,0,0,D,17.0,11.0,5.0,4.0,17.0,13.0,8.0,5.0,4.2,3.75,1.85,,,
2015-04-18,TSG Hoffenheim,Bayern Munich,0,2,A,8.0,20.0,1.0,5.0,16.0,21.0,1.0,10.0,5.5,4.2,1.6,,,
2015-04-18,Bayer Leverkusen,Hannover 96,4,0,H,25.0,5.0,10.0,1.0,14.0,23.0,11.0,0.0,1.36,5.25,8.0,,,
2015-04-18,Hertha BSC,FC Cologne,0,0,D,10.0,7.0,4.0,2.0,9.0,14.0,8.0,11.0,2.5,3.1,3.1,,,
2015-04-18,FC Augsburg,VfB Stuttgart,2,1,H,12.0,16.0,4.0,7.0,21.0,16.0,2.0,6.0,2.2,3.4,3.3,,,
2015-04-18,Borussia Dortmund,SC Paderborn 07,3,0,H,21.0,2.0,8.0,0.0,14.0,7.0,5.0,3.0,1.22,6.5,13.0,,,
2015-04-18,SC Freiburg,FSV Mainz 05,2,3,A,25.0,12.0,10.0,5.0,15.0,9.0,10.0,5.0,2.8,3.3,2.6,,,
2015-04-19,Werder Bremen,Hamburg,1,0,H,11.0,8.0,5.0,2.0,12.0,22.0,3.0,0.0,2.0,3.5,3.8,,,
2015-04-19,VfL Wolfsburg,FC Schalke 04,1,1,D,26.0,7.0,9.0,2.0,17.0,19.0,7.0,1.0,1.7,3.8,5.0,,,
2015-04-24,FSV Mainz 05,FC Schalke 04,2,0,H,11.0,18.0,3.0,2.0,10.0,11.0,4.0,6.0,2.45,3.3,2.9,,,
2015-04-25,Bayern Munich,Hertha BSC,1,0,H,16.0,8.0,7.0,3.0,13.0,7.0,5.0,2.0,1.17,7.5,17.0,,,
2015-04-25,Borussia Dortmund,Ein Frankfurt,2,0,H,12.0,11.0,4.0,0.0,22.0,12.0,2.0,2.0,1.33,5.25,9.0,,,
2015-04-25,FC Cologne,Bayer Leverkusen,1,1,D,14.0,9.0,4.0,5.0,14.0,16.0,5.0,4.0,4.75,3.8,1.75,,,
2015-04-25,Hamburg,FC Augsburg,3,2,H,15.0,14.0,8.0,3.0,15.0,20.0,2.0,4.0,2.7,3.4,2.6,,,
2015-04-25,Hannover 96,TSG Hoffenheim,1,2,A,12.0,13.0,5.0,4.0,24.0,19.0,2.0,6.0,2.4,3.5,2.88,,,
2015-04-25,VfB Stuttgart,SC Freiburg,2,2,D,11.0,14.0,3.0,7.0,17.0,16.0,4.0,6.0,1.91,3.6,4.0,,,
2015-04-26,Borussia Monchengladbach,VfL Wolfsburg,1,0,H,19.0,9.0,5.0,0.0,9.0,14.0,4.0,5.0,2.4,3.5,2.88,,,
2015-04-26,SC Paderborn 07,Werder Bremen,2,2,D,20.0,13.0,8.0,6.0,22.0,28.0,14.0,6.0,2.7,3.4,2.6,,,
2015-05-02,Werder Bremen,Ein Frankfurt,1,0,H,16.0,14.0,8.0,5.0,22.0,15.0,10.0,5.0,2.05,3.75,3.4,,,
2015-05-02,VfL Wolfsburg,Hannover 96,2,2,D,20.0,15.0,4.0,9.0,9.0,16.0,5.0,5.0,1.4,4.75,8.0,,,
2015-05-02,FC Schalke 04,VfB Stuttgart,3,2,H,20.0,15.0,6.0,7.0,14.0,14.0,5.0,4.0,1.91,3.6,4.0,,,
2015-05-02,FC Augsburg,FC Cologne,0,0,D,16.0,6.0,3.0,1.0,11.0,16.0,8.0,5.0,2.1,3.4,3.6,,,
2015-05-02,TSG Hoffenheim,Borussia Dortmund,1,1,D,15.0,11.0,4.0,3.0,15.0,19.0,8.0,5.0,4.0,4.0,1.83,,,
2015-05-02,SC Freiburg,SC Paderborn 07,1,2,A,15.0,14.0,5.0,6.0,10.0,13.0,8.0,6.0,1.91,3.6,4.0,,,
2015-05-02,Bayer Leverkusen,Bayern Munich,2,0,H,20.0,9.0,8.0,5.0,26.0,15.0,12.0,4.0,2.38,3.3,3.1,,,
2015-05-03,Hertha BSC,Borussia Monchengladbach,1,2,A,10.0,18.0,3.0,7.0,15.0,10.0,3.0,3.0,5.0,3.6,1.75,,,
2015-05-03,FSV Mainz 05,Hamburg,1,2,A,9.0,13.0,5.0,5.0,12.0,13.0,8.0,2.0,1.73,3.8,4.75,,,
2015-05-08,Hamburg,SC Freiburg,1,1,D,16.0,15.0,8.0,7.0,16.0,16.0,5.0,6.0,2.2,3.4,3.3,,,
2015-05-09,VfB Stuttgart,FSV Mainz 05,2,0,H,18.0,7.0,7.0,2.0,16.0,19.0,7.0,2.0,2.0,3.5,3.8,,,
2015-05-09,Borussia Monchengladbach,Bayer Leverkusen,3,0,H,10.0,19.0,7.0,2.0,15.0,15.0,6.0,10.0,2.5,3.4,2.8,,,
2015-05-09,Hannover 96,Werder Bremen,1,1,D,12.0,9.0,3.0,3.0,16.0,19.0,8.0,1.0,2.0,3.6,3.6,,,
2015-05-09,Ein Frankfurt,TSG Hoffenheim,3,1,H,13.0,8.0,4.0,5.0,21.0,25.0,1.0,1.0,2.8,3.6,2.4,,,
2015-05-09,Bayern Munich,FC Augsburg,0,1,A,16.0,12.0,4.0,4.0,14.0,16.0,4.0,5.0,1.53,4.33,6.0,,,
2015-05-09,Borussia Dortmund,Hertha BSC,2,0,H,15.0,2.0,4.0,0.0,16.0,11.0,7.0,3.0,1.29,5.5,11.0,,,
2015-05-10,FC Cologne,FC Schalke 04,2,0,H,13.0,5.0,6.0,1.0,10.0,16.0,5.0,6.0,2.75,3.3,2.6,,,
2015-05-10,SC Paderborn 07,VfL Wolfsburg,1,3,A,16.0,10.0,4.0,5.0,9.0,18.0,11.0,3.0,4.75,4.2,1.67,,,
2015-05-16,VfL Wolfsburg,Borussia Dortmund,2,1,H,12.0,17.0,8.0,3.0,11.0,11.0,6.0,5.0,2.63,3.5,2.6,,,
2015-05-16,Werder Bremen,Borussia Monchengladbach,0,2,A,19.0,14.0,3.0,4.0,13.0,7.0,5.0,4.0,4.33,4.0,1.75,,,
2015-05-16,VfB Stuttgart,Hamburg,2,1,H,22.0,7.0,11.0,1.0,10.0,21.0,9.0,2.0,1.75,3.8,4.75,,,
2015-05-16,FC Schalke 04,SC Paderborn 07,1,0,H,18.0,22.0,2.0,4.0,14.0,14.0,10.0,9.0,1.62,4.2,5.25,,,
2015-05-16,Hertha BSC,Ein Frankfurt,0,0,D,9.0,1.0,2.0,0.0,20.0,26.0,4.0,4.0,2.0,3.5,3.75,,,
2015-05-16,Bayer Leverkusen,TSG Hoffenheim,2,0,H,13.0,16.0,4.0,5.0,20.0,14.0,4.0,9.0,1.4,5.0,7.5,,,
2015-05-16,SC Freiburg,Bayern Munich,2,1,H,9.0,17.0,3.0,6.0,16.0,15.0,2.0,10.0,7.0,4.2,1.5,,,
2015-05-16,FC Augsburg,Hannover 96,1,2,A,8.0,8.0,2.0,3.0,20.0,18.0,3.0,4.0,2.3,3.4,3.1,,,
2015-05-16,FSV Mainz 05,FC Cologne,2,0,H,18.0,12.0,6.0,4.0,15.0,14.0,2.0,5.0,2.1,3.4,3.6,,,
2015-05-23,Bayern Munich,FSV Mainz 05,2,0,H,20.0,7.0,7.0,5.0,11.0,11.0,5.0,3.0,1.2,7.0,13.0,,,
2015-05-23,Borussia Dortmund,Werder Bremen,3,2,H,22.0,7.0,8.0,4.0,11.0,3.0,9.0,1.0,1.29,5.75,10.0,,,
2015-05-23,Ein Frankfurt,Bayer Leverkusen,2,1,H,8.0,19.0,3.0,7.0,20.0,14.0,3.0,8.0,4.5,4.33,1.67,,,
2015-05-23,FC Cologne,VfL Wolfsburg,2,2,D,12.0,15.0,3.0,5.0,14.0,11.0,4.0,8.0,3.8,3.8,1.91,,,
2015-05-23,Hamburg,FC Schalke 04,2,0,H,11.0,11.0,4.0,4.0,16.0,18.0,3.0,6.0,2.4,3.6,2.8,,,
2015-05-23,Hannover 96,SC Freiburg,2,1,H,11.0,9.0,6.0,5.0,16.0,15.0,3.0,5.0,1.95,3.6,3.8,,,
2015-05-23,TSG Hoffenheim,Hertha BSC,2,1,H,16.0,4.0,5.0,1.0,14.0,18.0,1.0,2.0,1.91,3.75,3.9,,,
2015-05-23,Borussia Monchengladbach,FC Augsburg,1,3,A,10.0,15.0,3.0,4.0,13.0,17.0,1.0,6.0,1.55,4.5,5.5,,,
2015-05-23,SC Paderborn 07,VfB Stuttgart,1,2,A,15.0,18.0,5.0,3.0,12.0,18.0,2.0,8.0,3.4,3.8,2.05,,,
2015-08-14,Bayern Munich,Hamburg,5,0,H,23.0,5.0,9.0,1.0,10.0,12.0,7.0,0.0,1.08,11.0,29.0,,,
2015-08-15,Bayer Leverkusen,TSG Hoffenheim,2,1,H,25.0,6.0,9.0,2.0,12.0,18.0,13.0,5.0,1.5,4.33,6.5,,,
2015-08-15,FSV Mainz 05,Ingolstadt,0,1,A,9.0,14.0,3.0,5.0,20.0,15.0,6.0,2.0,2.05,3.4,3.75,,,
2015-08-15,FC Augsburg,Hertha BSC,0,1,A,20.0,11.0,3.0,4.0,20.0,22.0,7.0,4.0,2.0,3.4,3.9,,,
2015-08-15,SV Darmstadt 98,Hannover 96,2,2,D,11.0,14.0,4.0,5.0,21.0,22.0,5.0,9.0,2.5,3.3,2.9,,,
2015-08-15,Werder Bremen,FC Schalke 04,0,3,A,15.0,16.0,2.0,5.0,7.0,16.0,5.0,6.0,3.0,3.4,2.38,,,
2015-08-15,Borussia Dortmund,Borussia Monchengladbach,4,0,H,17.0,5.0,7.0,1.0,13.0,14.0,3.0,5.0,1.73,3.75,5.0,,,
2015-08-16,VfB Stuttgart,FC Cologne,1,3,A,28.0,9.0,8.0,5.0,13.0,8.0,13.0,3.0,2.05,3.3,3.8,,,
2015-08-16,VfL Wolfsburg,Ein Frankfurt,2,1,H,5.0,13.0,3.0,6.0,14.0,19.0,7.0,3.0,1.44,4.75,7.0,,,
2015-08-21,Hertha BSC,Werder Bremen,1,1,D,10.0,9.0,2.0,3.0,11.0,16.0,6.0,2.0,2.05,3.5,3.6,,,
2015-08-22,Ein Frankfurt,FC Augsburg,1,1,D,11.0,14.0,3.0,4.0,17.0,21.0,7.0,4.0,2.25,3.4,3.25,,,
2015-08-22,FC Cologne,VfL Wolfsburg,1,1,D,9.0,15.0,6.0,7.0,15.0,11.0,2.0,4.0,4.2,3.8,1.83,,,
2015-08-22,Hamburg,VfB Stuttgart,3,2,H,14.0,12.0,5.0,4.0,18.0,22.0,0.0,5.0,2.88,3.5,2.4,,,
2015-08-22,Hannover 96,Bayer Leverkusen,0,1,A,6.0,11.0,3.0,4.0,15.0,21.0,3.0,8.0,4.2,3.75,1.83,,,
2015-08-22,TSG Hoffenheim,Bayern Munich,1,2,A,2.0,5.0,1.0,2.0,7.0,2.0,1.0,2.0,9.5,6.0,1.25,,,
2015-08-22,FC Schalke 04,SV Darmstadt 98,1,1,D,21.0,9.0,5.0,3.0,16.0,18.0,6.0,6.0,1.44,4.5,7.5,,,
2015-08-23,Ingolstadt,Borussia Dortmund,0,4,A,3.0,18.0,2.0,8.0,18.0,16.0,1.0,4.0,7.0,4.5,1.45,,,
2015-08-23,Borussia Monchengladbach,FSV Mainz 05,1,2,A,15.0,13.0,6.0,4.0,12.0,12.0,3.0,0.0,1.67,4.0,5.0,,,
2015-08-28,VfL Wolfsburg,FC Schalke 04,3,0,H,9.0,12.0,5.0,1.0,12.0,16.0,2.0,3.0,2.0,3.8,3.5,,,
2015-08-29,VfB Stuttgart,Ein Frankfurt,1,4,A,15.0,6.0,4.0,4.0,19.0,17.0,6.0,1.0,1.95,3.6,3.8,,,
2015-08-29,FSV Mainz 05,Hannover 96,3,0,H,18.0,11.0,6.0,4.0,9.0,13.0,8.0,5.0,2.0,3.5,3.8,,,
2015-08-29,FC Cologne,Hamburg,2,1,H,6.0,17.0,3.0,7.0,17.0,9.0,3.0,8.0,1.83,3.5,4.5,,,
2015-08-29,SV Darmstadt 98,TSG Hoffenheim,0,0,D,5.0,15.0,1.0,2.0,13.0,16.0,4.0,6.0,3.0,3.3,2.4,,,
2015-08-29,Bayern Munich,Bayer Leverkusen,3,0,H,14.0,10.0,6.0,4.0,12.0,14.0,7.0,5.0,1.33,5.25,9.0,,,
2015-08-29,FC Augsburg,Ingolstadt,0,1,A,10.0,16.0,2.0,3.0,22.0,16.0,3.0,4.0,2.0,3.4,3.8,,,
2015-08-30,Borussia Dortmund,Hertha BSC,3,1,H,15.0,4.0,6.0,4.0,16.0,12.0,5.0,1.0,1.2,6.5,17.0,,,
2015-08-30,Werder Bremen,Borussia Monchengladbach,2,1,H,22.0,9.0,6.0,5.0,17.0,18.0,5.0,6.0,3.2,3.4,2.25,,,
2015-09-11,Borussia Monchengladbach,Hamburg,0,3,A,13.0,10.0,2.0,4.0,17.0,19.0,5.0,2.0,1.67,4.0,5.0,,,
2015-09-12,Bayern Munich,FC Augsburg,2,1,H,27.0,4.0,10.0,1.0,10.0,10.0,9.0,0.0,1.13,9.5,19.0,,,
2015-09-12,Ein Frankfurt,FC Cologne,6,2,H,18.0,13.0,11.0,7.0,14.0,14.0,5.0,2.0,2.3,3.3,3.2,,,
2015-09-12,Hannover 96,Borussia Dortmund,2,4,A,5.0,17.0,3.0,6.0,15.0,16.0,2.0,4.0,7.5,4.5,1.44,,,
2015-09-12,Hertha BSC,VfB Stuttgart,2,1,H,9.0,11.0,4.0,3.0,18.0,21.0,5.0,7.0,2.5,3.4,2.8,,,
2015-09-12,Ingolstadt,VfL Wolfsburg,0,0,D,5.0,17.0,1.0,3.0,10.0,15.0,2.0,5.0,4.0,3.6,1.91,,,
2015-09-12,Bayer Leverkusen,SV Darmstadt 98,0,1,A,16.0,5.0,4.0,3.0,13.0,17.0,10.0,4.0,1.25,6.0,13.0,,,
2015-09-13,TSG Hoffenheim,Werder Bremen,1,3,A,10.0,16.0,5.0,6.0,13.0,22.0,7.0,3.0,1.95,3.75,3.75,,,
2015-09-13,FC Schalke 04,FSV Mainz 05,2,1,H,24.0,15.0,7.0,4.0,18.0,20.0,5.0,7.0,1.85,3.75,4.2,,,
2015-09-18,FSV Mainz 05,TSG Hoffenheim,3,1,H,12.0,13.0,4.0,4.0,13.0,15.0,6.0,8.0,2.15,3.5,3.3,,,
2015-09-19,Werder Bremen,Ingolstadt,0,1,A,13.0,13.0,4.0,4.0,24.0,19.0,8.0,5.0,2.05,3.5,3.6,,,
2015-09-19,Hamburg,Ein Frankfurt,0,0,D,11.0,7.0,2.0,4.0,11.0,17.0,5.0,11.0,2.5,3.5,2.75,,,
2015-09-19,SV Darmstadt 98,Bayern Munich,0,3,A,5.0,18.0,2.0,6.0,10.0,8.0,1.0,5.0,19.0,7.0,1.17,,,
2015-09-19,VfL Wolfsburg,Hertha BSC,2,0,H,14.0,9.0,4.0,4.0,16.0,9.0,7.0,5.0,1.5,4.33,6.5,,,
2015-09-19,FC Cologne,Borussia Monchengladbach,1,0,H,11.0,9.0,5.0,2.0,10.0,16.0,2.0,2.0,2.4,3.3,3.0,,,
2015-09-20,VfB Stuttgart,FC Schalke 04,0,1,A,26.0,10.0,9.0,6.0,11.0,18.0,6.0,5.0,2.63,3.5,2.6,,,
2015-09-20,Borussia Dortmund,Bayer Leverkusen,3,0,H,22.0,8.0,10.0,3.0,10.0,17.0,3.0,1.0,1.73,4.0,4.5,,,
2015-09-20,FC Augsburg,Hannover 96,2,0,H,17.0,16.0,8.0,2.0,12.0,15.0,6.0,6.0,2.0,3.5,3.75,,,
2015-09-22,Bayern Munich,VfL Wolfsburg,5,1,H,17.0,7.0,12.0,2.0,11.0,12.0,5.0,1.0,1.25,6.0,12.0,,,
2015-09-22,SV Darmstadt 98,Werder Bremen,2,1,H,9.0,12.0,3.0,4.0,20.0,19.0,5.0,1.0,2.63,3.25,2.8,,,
2015-09-22,Hertha BSC,FC Cologne,2,0,H,17.0,13.0,8.0,7.0,12.0,14.0,6.0,1.0,2.38,3.25,3.1,,,
2015-09-22,Ingolstadt,Hamburg,0,1,A,12.0,8.0,1.0,3.0,15.0,16.0,8.0,5.0,2.3,3.3,3.25,,,
2015-09-23,Hannover 96,VfB Stuttgart,1,3,A,8.0,19.0,3.0,12.0,15.0,17.0,3.0,7.0,2.88,3.5,2.4,,,
2015-09-23,TSG Hoffenheim,Borussia Dortmund,1,1,D,10.0,14.0,5.0,4.0,15.0,13.0,5.0,4.0,7.0,4.75,1.44,,,
2015-09-23,Bayer Leverkusen,FSV Mainz 05,1,0,H,20.0,3.0,6.0,2.0,16.0,13.0,11.0,3.0,1.53,4.33,6.0,,,
2015-09-23,Borussia Monchengladbach,FC Augsburg,4,2,H,21.0,13.0,12.0,4.0,20.0,21.0,6.0,2.0,2.15,3.4,3.4,,,
2015-09-23,FC Schalke 04,Ein Frankfurt,2,0,H,13.0,18.0,7.0,6.0,9.0,17.0,5.0,7.0,1.83,3.8,4.2,,,
2015-09-25,FC Cologne,Ingolstadt,1,1,D,15.0,16.0,4.0,5.0,14.0,16.0,8.0,4.0,2.05,3.3,3.8,,,
2015-09-26,VfL Wolfsburg,Hannover 96,1,1,D,22.0,8.0,9.0,3.0,11.0,9.0,9.0,0.0,1.4,4.75,8.0,,,
2015-09-26,Werder Bremen,Bayer Leverkusen,0,3,A,9.0,17.0,0.0,7.0,12.0,15.0,2.0,6.0,3.8,3.6,1.95,,,
2015-09-26,VfB Stuttgart,Borussia Monchengladbach,1,3,A,22.0,9.0,6.0,5.0,15.0,15.0,12.0,3.0,2.1,3.5,3.4,,,
2015-09-26,Hamburg,FC Schalke 04,0,1,A,13.0,10.0,4.0,5.0,14.0,14.0,4.0,4.0,2.88,3.5,2.4,,,
2015-09-26,FC Augsburg,TSG Hoffenheim,1,3,A,26.0,11.0,9.0,5.0,8.0,9.0,7.0,3.0,2.25,3.5,3.1,,,
2015-09-26,FSV Mainz 05,Bayern Munich,0,3,A,6.0,17.0,1.0,9.0,17.0,11.0,3.0,4.0,12.0,6.0,1.25,,,
2015-09-27,Borussia Dortmund,SV Darmstadt 98,2,2,D,16.0,4.0,4.0,3.0,16.0,13.0,8.0,0.0,1.14,8.5,17.0,,,
2015-09-27,Ein Frankfurt,Hertha BSC,1,1,D,11.0,14.0,2.0,6.0,11.0,14.0,7.0,3.0,1.95,3.5,4.0,,,
2015-10-02,SV Darmstadt 98,FSV Mainz 05,2,3,A,14.0,14.0,4.0,7.0,12.0,20.0,2.0,6.0,3.1,3.25,2.4,,,
2015-10-03,TSG Hoffenheim,VfB Stuttgart,2,2,D,11.0,18.0,4.0,7.0,12.0,15.0,6.0,5.0,2.45,3.75,2.65,,,
2015-10-03,Hertha BSC,Hamburg,3,0,H,13.0,8.0,6.0,2.0,13.0,15.0,4.0,5.0,2.2,3.2,3.5,,,
2015-10-03,Ingolstadt,Ein Frankfurt,2,0,H,14.0,12.0,4.0,2.0,11.0,11.0,4.0,3.0,2.5,3.25,2.9,,,
2015-10-03,Hannover 96,Werder Bremen,1,0,H,12.0,19.0,5.0,6.0,17.0,11.0,7.0,6.0,2.6,3.4,2.7,,,
2015-10-03,Borussia Monchengladbach,VfL Wolfsburg,2,0,H,10.0,10.0,3.0,3.0,15.0,14.0,3.0,1.0,2.6,3.4,2.7,,,
2015-10-04,Bayer Leverkusen,FC Augsburg,1,1,D,22.0,3.0,8.0,0.0,13.0,22.0,9.0,1.0,1.4,4.75,8.0,,,
2015-10-04,FC Schalke 04,FC Cologne,0,3,A,17.0,12.0,7.0,4.0,15.0,12.0,3.0,2.0,1.73,3.8,4.8,,,
2015-10-04,Bayern Munich,Borussia Dortmund,5,1,H,14.0,10.0,9.0,4.0,14.0,8.0,4.0,4.0,1.5,4.33,6.5,,,
2015-10-16,FSV Mainz 05,Borussia Dortmund,0,2,A,11.0,16.0,5.0,6.0,14.0,16.0,8.0,4.0,5.75,4.75,1.5,,,
2015-10-17,VfL Wolfsburg,TSG Hoffenheim,4,2,H,16.0,7.0,9.0,3.0,14.0,12.0,5.0,4.0,1.62,4.33,5.0,,,
2015-10-17,FC Augsburg,SV Darmstadt 98,0,2,A,20.0,12.0,3.0,5.0,13.0,17.0,2.0,4.0,1.8,3.5,4.75,,,
2015-10-17,Ein Frankfurt,Borussia Monchengladbach,1,5,A,7.0,16.0,2.0,6.0,18.0,14.0,1.0,1.0,2.45,3.4,2.88,,,
2015-10-17,Hamburg,Bayer Leverkusen,0,0,D,8.0,10.0,3.0,3.0,22.0,20.0,3.0,5.0,4.75,3.5,1.8,,,
2015-10-17,FC Schalke 04,Hertha BSC,2,1,H,19.0,9.0,9.0,5.0,18.0,16.0,7.0,6.0,1.75,3.75,4.75,,,
2015-10-17,Werder Bremen,Bayern Munich,0,1,A,8.0,13.0,2.0,4.0,15.0,12.0,2.0,3.0,17.0,7.0,1.18,,,
2015-10-18,VfB Stuttgart,Ingolstadt,1,0,H,12.0,11.0,4.0,6.0,18.0,9.0,6.0,5.0,1.8,3.75,4.33,,,
2015-10-18,FC Cologne,Hannover 96,0,1,A,16.0,8.0,5.0,4.0,14.0,17.0,12.0,3.0,1.95,3.5,4.0,,,
2015-10-23,TSG Hoffenheim,Hamburg,0,1,A,12.0,20.0,3.0,5.0,24.0,23.0,1.0,5.0,2.1,3.6,3.4,,,
2015-10-24,Bayern Munich,FC Cologne,4,0,H,26.0,4.0,14.0,2.0,8.0,4.0,10.0,0.0,1.1,9.0,29.0,,,
2015-10-24,SV Darmstadt 98,VfL Wolfsburg,0,1,A,9.0,19.0,3.0,6.0,14.0,16.0,5.0,3.0,4.75,3.75,1.75,,,
2015-10-24,Hannover 96,Ein Frankfurt,1,2,A,10.0,5.0,4.0,4.0,13.0,14.0,3.0,2.0,2.5,3.4,2.8,,,
2015-10-24,Ingolstadt,Hertha BSC,0,1,A,18.0,5.0,3.0,1.0,12.0,12.0,8.0,2.0,2.4,3.2,3.1,,,
2015-10-24,Bayer Leverkusen,VfB Stuttgart,4,3,H,19.0,12.0,6.0,6.0,16.0,13.0,5.0,3.0,1.57,4.33,5.5,,,
2015-10-24,FSV Mainz 05,Werder Bremen,1,3,A,16.0,14.0,5.0,8.0,19.0,17.0,4.0,4.0,2.05,3.5,3.6,,,
2015-10-25,Borussia Monchengladbach,FC Schalke 04,3,1,H,16.0,13.0,10.0,5.0,17.0,19.0,3.0,6.0,2.15,3.5,3.3,,,
2015-10-25,Borussia Dortmund,FC Augsburg,5,1,H,19.0,4.0,9.0,3.0,8.0,13.0,6.0,4.0,1.2,7.0,13.0,,,
2015-10-30,Ein Frankfurt,Bayern Munich,0,0,D,8.0,10.0,2.0,2.0,13.0,15.0,5.0,5.0,15.0,8.0,1.17,,,
2015-10-31,VfL Wolfsburg,Bayer Leverkusen,2,1,H,13.0,15.0,5.0,6.0,17.0,16.0,5.0,5.0,2.63,3.4,2.7,,,
2015-10-31,FC Augsburg,FSV Mainz 05,3,3,D,25.0,10.0,10.0,6.0,11.0,16.0,11.0,4.0,2.3,3.4,3.1,,,
2015-10-31,FC Cologne,TSG Hoffenheim,0,0,D,13.0,10.0,4.0,4.0,12.0,15.0,5.0,5.0,2.05,3.5,3.4,,,
2015-10-31,Hertha BSC,Borussia Monchengladbach,1,4,A,14.0,11.0,6.0,7.0,10.0,13.0,5.0,4.0,3.0,3.3,2.4,,,
2015-10-31,FC Schalke 04,Ingolstadt,1,1,D,18.0,7.0,3.0,2.0,17.0,18.0,3.0,3.0,1.8,3.5,4.75,,,
2015-10-31,Werder Bremen,Borussia Dortmund,1,3,A,8.0,11.0,2.0,6.0,17.0,15.0,1.0,9.0,7.5,5.0,1.4,,,
2015-11-01,VfB Stuttgart,SV Darmstadt 98,2,0,H,18.0,17.0,3.0,5.0,21.0,18.0,7.0,5.0,1.67,4.0,5.0,,,
2015-11-01,Hamburg,Hannover 96,1,2,A,17.0,5.0,4.0,2.0,12.0,15.0,5.0,3.0,2.0,3.3,4.0,,,
2015-11-06,Hannover 96,Hertha BSC,1,3,A,7.0,12.0,2.0,4.0,19.0,9.0,2.0,2.0,2.63,3.3,2.7,,,
2015-11-07,Bayern Munich,VfB Stuttgart,4,0,H,33.0,5.0,14.0,2.0,8.0,15.0,7.0,3.0,1.1,11.0,21.0,,,
2015-11-07,SV Darmstadt 98,Hamburg,1,1,D,15.0,8.0,3.0,3.0,14.0,18.0,3.0,2.0,2.75,3.0,2.8,,,
2015-11-07,TSG Hoffenheim,Ein Frankfurt,0,0,D,8.0,17.0,2.0,9.0,11.0,13.0,1.0,3.0,2.1,3.6,3.4,,,
2015-11-07,Bayer Leverkusen,FC Cologne,1,2,A,12.0,17.0,4.0,8.0,18.0,12.0,6.0,9.0,1.5,4.33,6.5,,,
2015-11-07,FSV Mainz 05,VfL Wolfsburg,2,0,H,12.0,8.0,5.0,0.0,24.0,22.0,4.0,3.0,3.3,3.6,2.15,,,
2015-11-07,Borussia Monchengladbach,Ingolstadt,0,0,D,11.0,14.0,5.0,2.0,17.0,17.0,4.0,3.0,1.62,3.8,6.0,,,
2015-11-08,FC Augsburg,Werder Bremen,1,2,A,18.0,15.0,6.0,4.0,13.0,20.0,7.0,4.0,2.2,3.4,3.3,,,
2015-11-08,Borussia Dortmund,FC Schalke 04,3,2,H,14.0,9.0,7.0,3.0,10.0,16.0,5.0,3.0,1.3,6.0,8.5,,,
2015-11-20,Hamburg,Borussia Dortmund,3,1,H,7.0,21.0,2.0,7.0,17.0,9.0,2.0,7.0,8.5,5.0,1.36,,,
2015-11-21,Ein Frankfurt,Bayer Leverkusen,1,3,A,9.0,17.0,1.0,11.0,15.0,19.0,3.0,8.0,3.8,3.6,1.95,,,
2015-11-21,FC Cologne,FSV Mainz 05,0,0,D,14.0,7.0,3.0,1.0,14.0,11.0,6.0,1.0,2.15,3.5,3.3,,,
2015-11-21,Borussia Monchengladbach,Hannover 96,2,1,H,21.0,14.0,9.0,8.0,10.0,11.0,12.0,4.0,1.5,4.2,7.0,,,
2015-11-21,FC Schalke 04,Bayern Munich,1,3,A,5.0,24.0,1.0,8.0,12.0,10.0,4.0,6.0,13.0,6.5,1.22,,,
2015-11-21,VfB Stuttgart,FC Augsburg,0,4,A,18.0,13.0,5.0,6.0,8.0,16.0,6.0,4.0,1.95,3.8,3.6,,,
2015-11-21,VfL Wolfsburg,Werder Bremen,6,0,H,21.0,9.0,12.0,2.0,12.0,8.0,7.0,3.0,1.57,4.0,5.75,,,
2015-11-22,Ingolstadt,SV Darmstadt 98,3,1,H,16.0,8.0,6.0,2.0,19.0,25.0,5.0,5.0,2.05,3.25,4.0,,,
2015-11-22,Hertha BSC,TSG Hoffenheim,1,0,H,1.0,7.0,0.0,0.0,26.0,16.0,2.0,3.0,2.0,3.5,3.8,,,
2015-11-27,SV Darmstadt 98,FC Cologne,0,0,D,9.0,12.0,1.0,2.0,16.0,12.0,4.0,7.0,2.9,3.1,2.6,,,
2015-11-28,Bayern Munich,Hertha BSC,2,0,H,24.0,4.0,9.0,1.0,14.0,13.0,9.0,1.0,1.08,11.0,26.0,,,
2015-11-28,Hannover 96,Ingolstadt,4,0,H,8.0,11.0,4.0,5.0,21.0,14.0,3.0,4.0,2.6,3.2,2.8,,,
2015-11-28,TSG Hoffenheim,Borussia Monchengladbach,3,3,D,18.0,16.0,6.0,8.0,10.0,14.0,8.0,6.0,3.1,3.5,2.25,,,
2015-11-28,FSV Mainz 05,Ein Frankfurt,2,1,H,14.0,15.0,8.0,5.0,23.0,17.0,3.0,7.0,2.2,3.5,3.2,,,
2015-11-28,Werder Bremen,Hamburg,1,3,A,14.0,13.0,3.0,6.0,21.0,18.0,6.0,3.0,2.25,3.4,3.2,,,
2015-11-29,Bayer Leverkusen,FC Schalke 04,1,1,D,18.0,8.0,6.0,3.0,9.0,11.0,9.0,5.0,1.62,4.2,5.25,,,
2015-11-29,Borussia Dortmund,VfB Stuttgart,4,1,H,14.0,8.0,9.0,3.0,10.0,13.0,5.0,4.0,1.2,7.5,12.0,,,
2015-11-29,FC Augsburg,VfL Wolfsburg,0,0,D,13.0,17.0,4.0,3.0,20.0,11.0,4.0,7.0,3.3,3.4,2.2,,,
2015-12-04,FC Schalke 04,Hannover 96,3,1,H,26.0,7.0,8.0,1.0,8.0,13.0,6.0,4.0,1.6,4.0,5.75,,,
2015-12-05,FC Cologne,FC Augsburg,0,1,A,22.0,22.0,8.0,8.0,17.0,18.0,7.0,6.0,2.2,3.3,3.4,,,
2015-12-05,Hamburg,FSV Mainz 05,1,3,A,20.0,11.0,7.0,6.0,19.0,18.0,2.0,3.0,2.25,3.4,3.2,,,
2015-12-05,Hertha BSC,Bayer Leverkusen,2,1,H,10.0,8.0,4.0,2.0,18.0,15.0,8.0,2.0,3.75,3.4,2.05,,,
2015-12-05,Ingolstadt,TSG Hoffenheim,1,1,D,9.0,7.0,2.0,2.0,11.0,18.0,2.0,1.0,2.25,3.3,3.3,,,
2015-12-05,VfL Wolfsburg,Borussia Dortmund,1,2,A,22.0,14.0,8.0,6.0,14.0,14.0,9.0,5.0,4.0,4.33,1.75,,,
2015-12-05,Borussia Monchengladbach,Bayern Munich,3,1,H,13.0,22.0,6.0,6.0,13.0,12.0,3.0,9.0,9.0,5.25,1.33,,,
2015-12-06,VfB Stuttgart,Werder Bremen,1,1,D,12.0,7.0,4.0,2.0,18.0,16.0,4.0,5.0,1.95,3.75,3.75,,,
2015-12-06,Ein Frankfurt,SV Darmstadt 98,0,1,A,15.0,19.0,3.0,4.0,19.0,9.0,10.0,7.0,1.91,3.4,4.33,,,
2015-12-11,FSV Mainz 05,VfB Stuttgart,0,0,D,6.0,11.0,4.0,2.0,11.0,12.0,5.0,2.0,2.05,3.6,3.5,,,
2015-12-12,Bayern Munich,Ingolstadt,2,0,H,14.0,9.0,8.0,4.0,14.0,22.0,4.0,4.0,1.07,13.0,29.0,,,
2015-12-12,SV Darmstadt 98,Hertha BSC,0,4,A,10.0,9.0,3.0,5.0,18.0,12.0,4.0,3.0,3.1,3.1,2.5,,,
2015-12-12,TSG Hoffenheim,Hannover 96,1,0,H,14.0,19.0,5.0,2.0,18.0,19.0,3.0,10.0,1.8,3.5,4.5,,,
2015-12-12,Bayer Leverkusen,Borussia Monchengladbach,5,0,H,14.0,6.0,6.0,2.0,13.0,19.0,4.0,2.0,1.95,3.75,3.75,,,
2015-12-12,Werder Bremen,FC Cologne,1,1,D,10.0,12.0,6.0,3.0,17.0,9.0,6.0,4.0,2.5,3.3,2.88,,,
2015-12-12,VfL Wolfsburg,Hamburg,1,1,D,19.0,5.0,9.0,4.0,11.0,21.0,10.0,4.0,1.57,4.2,5.75,,,
2015-12-13,FC Augsburg,FC Schalke 04,2,1,H,22.0,15.0,6.0,5.0,17.0,12.0,6.0,5.0,2.63,3.5,2.63,,,
2015-12-13,Borussia Dortmund,Ein Frankfurt,4,1,H,24.0,3.0,11.0,2.0,4.0,3.0,14.0,1.0,1.17,8.0,15.0,,,
2015-12-18,FC Schalke 04,TSG Hoffenheim,1,0,H,16.0,18.0,3.0,1.0,14.0,11.0,3.0,1.0,1.67,4.0,5.0,,,
2015-12-19,Ingolstadt,Bayer Leverkusen,0,1,A,11.0,9.0,3.0,2.0,12.0,18.0,6.0,3.0,4.75,3.5,1.8,,,
2015-12-19,Hannover 96,Bayern Munich,0,1,A,6.0,20.0,1.0,11.0,10.0,10.0,5.0,5.0,15.0,6.5,1.2,,,
2015-12-19,VfB Stuttgart,VfL Wolfsburg,3,1,H,9.0,17.0,6.0,7.0,7.0,10.0,1.0,3.0,3.5,3.6,2.0,,,
2015-12-19,FC Cologne,Borussia Dortmund,2,1,H,14.0,14.0,6.0,3.0,10.0,15.0,6.0,6.0,7.0,4.75,1.44,,,
2015-12-19,Ein Frankfurt,Werder Bremen,2,1,H,16.0,11.0,6.0,4.0,14.0,20.0,6.0,3.0,2.25,3.4,3.2,,,
2015-12-19,Hamburg,FC Augsburg,0,1,A,14.0,17.0,2.0,7.0,13.0,14.0,4.0,6.0,2.4,3.3,3.0,,,
2015-12-20,Hertha BSC,FSV Mainz 05,2,0,H,7.0,5.0,5.0,0.0,14.0,12.0,6.0,2.0,2.15,3.4,3.4,,,
2015-12-20,Borussia Monchengladbach,SV Darmstadt 98,3,2,H,13.0,15.0,5.0,6.0,12.0,20.0,1.0,5.0,1.5,4.33,6.5,,,
2016-01-22,Hamburg,Bayern Munich,1,2,A,7.0,20.0,1.0,5.0,21.0,11.0,2.0,7.0,13.0,6.5,1.22,,,
2016-01-23,FC Cologne,VfB Stuttgart,1,3,A,15.0,16.0,4.0,8.0,9.0,13.0,8.0,5.0,2.15,3.5,3.3,,,
2016-01-23,Hannover 96,SV Darmstadt 98,1,2,A,13.0,13.0,5.0,5.0,13.0,21.0,6.0,4.0,2.3,3.3,3.2,,,
2016-01-23,Hertha BSC,FC Augsburg,0,0,D,12.0,11.0,2.0,5.0,15.0,19.0,6.0,2.0,2.2,3.3,3.4,,,
2016-01-23,TSG Hoffenheim,Bayer Leverkusen,1,1,D,5.0,17.0,3.0,8.0,16.0,15.0,2.0,9.0,4.33,3.8,1.8,,,
2016-01-23,Ingolstadt,FSV Mainz 05,1,0,H,9.0,7.0,4.0,4.0,21.0,16.0,3.0,1.0,2.4,3.2,3.1,,,
2016-01-23,Borussia Monchengladbach,Borussia Dortmund,1,3,A,10.0,12.0,3.0,4.0,12.0,10.0,3.0,1.0,4.5,4.2,1.7,,,
2016-01-24,FC Schalke 04,Werder Bremen,1,3,A,20.0,17.0,4.0,6.0,14.0,13.0,13.0,1.0,1.67,4.0,5.0,,,
2016-01-24,Ein Frankfurt,VfL Wolfsburg,3,2,H,12.0,18.0,6.0,11.0,13.0,20.0,3.0,3.0,3.6,3.5,2.05,,,
2016-01-29,FSV Mainz 05,Borussia Monchengladbach,1,0,H,13.0,12.0,2.0,7.0,13.0,11.0,8.0,4.0,2.6,3.4,2.7,,,
2016-01-30,VfB Stuttgart,Hamburg,2,1,H,24.0,13.0,11.0,5.0,12.0,14.0,10.0,4.0,1.95,3.6,3.8,,,
2016-01-30,Bayer Leverkusen,Hannover 96,3,0,H,14.0,7.0,6.0,2.0,10.0,21.0,6.0,6.0,1.25,6.0,12.0,,,
2016-01-30,FC Augsburg,Ein Frankfurt,0,0,D,7.0,13.0,2.0,6.0,18.0,8.0,4.0,2.0,1.95,3.6,4.0,,,
2016-01-30,SV Darmstadt 98,FC Schalke 04,0,2,A,6.0,11.0,2.0,7.0,13.0,20.0,2.0,9.0,3.4,3.4,2.15,,,
2016-01-30,Werder Bremen,Hertha BSC,3,3,D,16.0,12.0,6.0,4.0,19.0,16.0,6.0,6.0,2.5,3.3,2.8,,,
2016-01-30,Borussia Dortmund,Ingolstadt,2,0,H,11.0,5.0,6.0,3.0,15.0,18.0,4.0,1.0,1.17,7.0,19.0,,,
2016-01-31,VfL Wolfsburg,FC Cologne,1,1,D,17.0,11.0,4.0,4.0,11.0,11.0,5.0,5.0,1.57,4.0,5.75,,,
2016-01-31,Bayern Munich,TSG Hoffenheim,2,0,H,29.0,5.0,9.0,2.0,11.0,11.0,10.0,2.0,1.08,13.0,21.0,,,
2016-02-05,Borussia Monchengladbach,Werder Bremen,5,1,H,17.0,15.0,9.0,4.0,14.0,12.0,2.0,7.0,1.7,4.0,4.5,,,
2016-02-06,Bayer Leverkusen,Bayern Munich,0,0,D,6.0,9.0,2.0,1.0,17.0,11.0,6.0,8.0,5.25,4.2,1.6,,,
2016-02-06,FC Schalke 04,VfL Wolfsburg,3,0,H,15.0,14.0,3.0,2.0,15.0,14.0,6.0,6.0,2.45,3.5,2.8,,,
2016-02-06,Ingolstadt,FC Augsburg,2,1,H,24.0,7.0,4.0,2.0,17.0,22.0,8.0,3.0,2.5,3.1,3.1,,,
2016-02-06,Ein Frankfurt,VfB Stuttgart,2,4,A,17.0,16.0,7.0,9.0,9.0,15.0,2.0,7.0,2.7,3.6,2.5,,,
2016-02-06,Hannover 96,FSV Mainz 05,0,1,A,9.0,14.0,2.0,2.0,20.0,14.0,3.0,4.0,2.75,3.3,2.6,,,
2016-02-06,Hertha BSC,Borussia Dortmund,0,0,D,10.0,9.0,4.0,2.0,11.0,16.0,3.0,3.0,6.5,4.33,1.5,,,
2016-02-07,Hamburg,FC Cologne,1,1,D,5.0,20.0,4.0,6.0,17.0,5.0,4.0,10.0,2.5,3.2,3.0,,,
2016-02-07,TSG Hoffenheim,SV Darmstadt 98,0,2,A,12.0,11.0,1.0,5.0,17.0,15.0,8.0,7.0,2.0,3.3,4.0,,,
2016-02-12,FSV Mainz 05,FC Schalke 04,2,1,H,11.0,14.0,4.0,3.0,7.0,17.0,5.0,7.0,2.9,3.4,2.45,,,
2016-02-13,Werder Bremen,TSG Hoffenheim,1,1,D,17.0,11.0,10.0,4.0,13.0,19.0,6.0,2.0,2.2,3.5,3.25,,,
2016-02-13,SV Darmstadt 98,Bayer Leverkusen,1,2,A,12.0,14.0,6.0,3.0,20.0,16.0,3.0,6.0,4.75,3.75,1.75,,,
2016-02-13,Borussia Dortmund,Hannover 96,1,0,H,14.0,4.0,7.0,1.0,13.0,9.0,10.0,3.0,1.14,8.5,17.0,,,
2016-02-13,FC Cologne,Ein Frankfurt,3,1,H,11.0,14.0,7.0,4.0,16.0,18.0,4.0,8.0,1.91,3.8,3.8,,,
2016-02-13,VfB Stuttgart,Hertha BSC,2,0,H,15.0,7.0,6.0,3.0,12.0,12.0,10.0,1.0,2.1,3.5,3.5,,,
2016-02-13,VfL Wolfsburg,Ingolstadt,2,0,H,8.0,11.0,5.0,2.0,19.0,17.0,6.0,7.0,1.73,3.6,5.25,,,
2016-02-14,Hamburg,Borussia Monchengladbach,3,2,H,17.0,10.0,9.0,4.0,15.0,9.0,3.0,6.0,3.3,3.6,2.1,,,
2016-02-14,FC Augsburg,Bayern Munich,1,3,A,7.0,24.0,2.0,10.0,11.0,9.0,2.0,5.0,13.0,6.0,1.22,,,
2016-02-19,Ein Frankfurt,Hamburg,0,0,D,8.0,10.0,2.0,1.0,12.0,20.0,3.0,3.0,2.25,3.5,3.0,,,
2016-02-20,Borussia Monchengladbach,FC Cologne,1,0,H,16.0,12.0,5.0,6.0,18.0,21.0,4.0,4.0,1.91,3.6,4.0,,,
2016-02-20,Ingolstadt,Werder Bremen,2,0,H,9.0,12.0,4.0,2.0,15.0,23.0,0.0,4.0,2.1,3.3,3.6,,,
2016-02-20,Bayern Munich,SV Darmstadt 98,3,1,H,36.0,6.0,13.0,5.0,10.0,13.0,18.0,0.0,1.08,12.0,26.0,,,
2016-02-20,Hertha BSC,VfL Wolfsburg,1,1,D,9.0,13.0,5.0,6.0,17.0,16.0,3.0,5.0,2.75,3.3,2.6,,,
2016-02-20,TSG Hoffenheim,FSV Mainz 05,3,2,H,13.0,13.0,4.0,6.0,8.0,14.0,6.0,2.0,2.4,3.4,2.9,,,
2016-02-21,Hannover 96,FC Augsburg,0,1,A,16.0,11.0,6.0,6.0,12.0,15.0,5.0,2.0,2.63,3.3,2.75,,,
2016-02-21,Bayer Leverkusen,Borussia Dortmund,0,1,A,9.0,7.0,2.0,2.0,20.0,10.0,8.0,1.0,3.4,3.5,2.1,,,
2016-02-21,FC Schalke 04,VfB Stuttgart,1,1,D,15.0,19.0,5.0,8.0,16.0,16.0,4.0,13.0,2.15,3.75,3.1,,,
2016-02-26,FC Cologne,Hertha BSC,0,1,A,15.0,10.0,3.0,3.0,15.0,10.0,2.0,8.0,2.1,3.3,3.75,,,
2016-02-27,Hamburg,Ingolstadt,1,1,D,7.0,12.0,2.0,3.0,17.0,12.0,2.0,5.0,2.4,3.0,3.3,,,
2016-02-27,VfB Stuttgart,Hannover 96,1,2,A,22.0,12.0,10.0,8.0,18.0,11.0,17.0,1.0,1.53,4.0,6.5,,,
2016-02-27,Werder Bremen,SV Darmstadt 98,2,2,D,16.0,8.0,7.0,3.0,24.0,23.0,4.0,2.0,2.1,3.4,3.6,,,
2016-02-27,VfL Wolfsburg,Bayern Munich,0,2,A,12.0,14.0,8.0,4.0,7.0,10.0,1.0,7.0,9.0,4.5,1.4,,,
2016-02-28,FC Augsburg,Borussia Monchengladbach,2,2,D,24.0,10.0,4.0,7.0,17.0,8.0,2.0,5.0,2.7,3.4,2.6,,,
2016-02-28,Borussia Dortmund,TSG Hoffenheim,3,1,H,26.0,9.0,9.0,4.0,9.0,10.0,11.0,7.0,1.18,7.0,17.0,,,
2016-02-28,Ein Frankfurt,FC Schalke 04,0,0,D,11.0,7.0,5.0,2.0,13.0,12.0,5.0,3.0,3.2,3.4,2.25,,,
2016-02-28,FSV Mainz 05,Bayer Leverkusen,3,1,H,14.0,12.0,7.0,4.0,16.0,18.0,1.0,12.0,3.75,3.5,2.0,,,
2016-03-01,Ingolstadt,FC Cologne,1,1,D,14.0,8.0,3.0,3.0,13.0,19.0,7.0,2.0,2.5,3.1,3.0,,,
2016-03-01,Hannover 96,VfL Wolfsburg,0,4,A,6.0,23.0,2.0,11.0,5.0,8.0,1.0,7.0,4.2,3.75,1.85,,,
2016-03-02,Bayern Munich,FSV Mainz 05,1,2,A,16.0,5.0,6.0,3.0,11.0,11.0,11.0,0.0,1.13,9.0,21.0,,,
2016-03-02,SV Darmstadt 98,Borussia Dortmund,0,2,A,5.0,13.0,1.0,7.0,12.0,16.0,2.0,4.0,8.0,4.75,1.4,,,
2016-03-02,Hertha BSC,Ein Frankfurt,2,0,H,11.0,11.0,6.0,3.0,17.0,14.0,2.0,3.0,1.85,3.6,4.33,,,
2016-03-02,TSG Hoffenheim,FC Augsburg,2,1,H,14.0,14.0,7.0,3.0,9.0,15.0,7.0,6.0,2.25,3.4,3.3,,,
2016-03-02,Bayer Leverkusen,Werder Bremen,1,4,A,16.0,11.0,6.0,4.0,15.0,8.0,9.0,6.0,1.44,4.75,7.0,,,
2016-03-02,Borussia Monchengladbach,VfB Stuttgart,4,0,H,14.0,9.0,6.0,3.0,9.0,14.0,2.0,4.0,2.05,3.8,3.4,,,
2016-03-02,FC Schalke 04,Hamburg,3,2,H,26.0,8.0,9.0,4.0,14.0,18.0,8.0,6.0,1.85,3.6,4.33,,,
2016-03-05,FC Augsburg,Bayer Leverkusen,3,3,D,10.0,20.0,5.0,5.0,10.0,14.0,0.0,5.0,2.9,3.3,2.5,,,
2016-03-05,Borussia Dortmund,Bayern Munich,0,0,D,11.0,17.0,3.0,4.0,10.0,12.0,2.0,6.0,3.1,3.4,2.3,,,
2016-03-05,Ein Frankfurt,Ingolstadt,1,1,D,21.0,12.0,3.0,6.0,20.0,23.0,8.0,2.0,2.5,3.2,3.0,,,
2016-03-05,FC Cologne,FC Schalke 04,1,3,A,17.0,18.0,9.0,4.0,13.0,15.0,7.0,5.0,2.4,3.2,3.1,,,
2016-03-05,VfB Stuttgart,TSG Hoffenheim,5,1,H,21.0,13.0,11.0,4.0,17.0,8.0,11.0,1.0,1.91,3.6,4.0,,,
2016-03-05,Werder Bremen,Hannover 96,4,1,H,14.0,15.0,5.0,5.0,16.0,14.0,4.0,4.0,1.73,3.8,4.75,,,
2016-03-05,VfL Wolfsburg,Borussia Monchengladbach,2,1,H,11.0,14.0,3.0,5.0,15.0,13.0,1.0,3.0,1.95,3.75,3.6,,,
2016-03-06,Hamburg,Hertha BSC,2,0,H,14.0,3.0,5.0,1.0,12.0,9.0,3.0,2.0,2.88,3.1,2.63,,,
2016-03-06,FSV Mainz 05,SV Darmstadt 98,0,0,D,11.0,15.0,4.0,3.0,17.0,18.0,3.0,1.0,1.75,3.6,5.0,,,
2016-03-11,Hertha BSC,FC Schalke 04,2,0,H,16.0,15.0,5.0,4.0,15.0,14.0,5.0,5.0,2.4,3.2,3.0,,,
2016-03-12,Ingolstadt,VfB Stuttgart,3,3,D,22.0,16.0,8.0,6.0,13.0,20.0,3.0,7.0,3.0,3.2,2.5,,,
2016-03-12,Borussia Monchengladbach,Ein Frankfurt,3,0,H,16.0,4.0,8.0,0.0,8.0,20.0,1.0,1.0,1.57,4.33,5.5,,,
2016-03-12,TSG Hoffenheim,VfL Wolfsburg,1,0,H,11.0,15.0,2.0,9.0,8.0,18.0,3.0,5.0,3.4,3.6,2.1,,,
2016-03-12,Bayern Munich,Werder Bremen,5,0,H,20.0,2.0,13.0,1.0,8.0,8.0,11.0,4.0,1.13,9.0,21.0,,,
2016-03-12,SV Darmstadt 98,FC Augsburg,2,2,D,11.0,16.0,6.0,5.0,14.0,17.0,3.0,8.0,2.8,3.1,2.7,,,
2016-03-12,Hannover 96,FC Cologne,0,2,A,17.0,12.0,2.0,5.0,17.0,11.0,9.0,1.0,3.5,3.3,2.15,,,
2016-03-13,Borussia Dortmund,FSV Mainz 05,2,0,H,22.0,4.0,10.0,0.0,8.0,14.0,8.0,2.0,1.36,5.0,8.5,,,
2016-03-13,Bayer Leverkusen,Hamburg,1,0,H,14.0,10.0,4.0,5.0,18.0,17.0,5.0,7.0,1.67,3.75,5.5,,,
2016-03-18,FC Schalke 04,Borussia Monchengladbach,2,1,H,6.0,22.0,3.0,8.0,11.0,10.0,2.0,5.0,2.45,3.5,2.8,,,
2016-03-19,Ein Frankfurt,Hannover 96,1,0,H,11.0,8.0,5.0,3.0,16.0,20.0,13.0,3.0,1.85,3.6,4.33,,,
2016-03-19,FC Cologne,Bayern Munich,0,1,A,6.0,6.0,2.0,3.0,21.0,13.0,0.0,5.0,11.0,5.0,1.29,,,
2016-03-19,Hertha BSC,Ingolstadt,2,1,H,7.0,9.0,2.0,2.0,14.0,22.0,3.0,6.0,2.05,3.2,4.0,,,
2016-03-19,Werder Bremen,FSV Mainz 05,1,1,D,11.0,10.0,3.0,2.0,7.0,19.0,1.0,5.0,2.38,3.4,3.0,,,
2016-03-19,VfL Wolfsburg,SV Darmstadt 98,1,1,D,20.0,11.0,5.0,1.0,14.0,16.0,8.0,1.0,1.44,4.33,8.0,,,
2016-03-19,Hamburg,TSG Hoffenheim,1,3,A,24.0,14.0,11.0,9.0,12.0,18.0,10.0,3.0,2.25,3.4,3.2,,,
2016-03-20,FC Augsburg,Borussia Dortmund,1,3,A,7.0,13.0,4.0,5.0,16.0,6.0,2.0,3.0,6.5,4.33,1.5,,,
2016-03-20,VfB Stuttgart,Bayer Leverkusen,0,2,A,14.0,15.0,5.0,9.0,16.0,21.0,2.0,9.0,2.3,3.5,2.9,,,
2016-04-01,Bayer Leverkusen,VfL Wolfsburg,3,0,H,12.0,10.0,5.0,5.0,13.0,19.0,6.0,2.0,2.0,3.2,4.0,,,
2016-04-02,Ingolstadt,FC Schalke 04,3,0,H,12.0,9.0,4.0,2.0,12.0,23.0,5.0,6.0,2.75,3.0,2.7,,,
2016-04-02,Hannover 96,Hamburg,0,3,A,16.0,9.0,8.0,4.0,15.0,12.0,5.0,4.0,3.1,3.25,2.38,,,
2016-04-02,FSV Mainz 05,FC Augsburg,4,2,H,19.0,14.0,7.0,5.0,19.0,12.0,4.0,3.0,2.1,3.4,3.6,,,
2016-04-02,Borussia Dortmund,Werder Bremen,3,2,H,23.0,9.0,8.0,3.0,13.0,6.0,11.0,2.0,1.2,7.0,13.0,,,
2016-04-02,Bayern Munich,Ein Frankfurt,1,0,H,21.0,4.0,10.0,0.0,16.0,16.0,5.0,1.0,1.13,9.0,21.0,,,
2016-04-02,SV Darmstadt 98,VfB Stuttgart,2,2,D,15.0,9.0,6.0,3.0,14.0,18.0,6.0,3.0,3.4,3.3,2.2,,,
2016-04-03,TSG Hoffenheim,FC Cologne,1,1,D,15.0,9.0,5.0,1.0,11.0,11.0,4.0,8.0,2.38,3.3,3.1,,,
2016-04-03,Borussia Monchengladbach,Hertha BSC,5,0,H,17.0,7.0,8.0,2.0,15.0,11.0,7.0,6.0,1.83,3.6,4.33,,,
2016-04-08,Hertha BSC,Hannover 96,2,2,D,13.0,11.0,8.0,3.0,10.0,21.0,7.0,4.0,1.5,4.2,7.0,,,
2016-04-09,VfL Wolfsburg,FSV Mainz 05,1,1,D,16.0,17.0,3.0,9.0,11.0,13.0,7.0,12.0,2.2,3.4,3.25,,,
2016-04-09,Werder Bremen,FC Augsburg,1,2,A,17.0,4.0,4.0,3.0,16.0,18.0,10.0,0.0,2.05,3.4,3.5,,,
2016-04-09,VfB Stuttgart,Bayern Munich,1,3,A,9.0,13.0,2.0,6.0,8.0,15.0,7.0,4.0,6.0,4.33,1.5,,,
2016-04-09,Ingolstadt,Borussia Monchengladbach,1,0,H,15.0,7.0,4.0,3.0,7.0,11.0,5.0,3.0,3.2,3.4,2.2,,,
2016-04-09,Ein Frankfurt,TSG Hoffenheim,0,2,A,12.0,8.0,3.0,6.0,22.0,21.0,8.0,4.0,2.3,3.25,3.1,,,
2016-04-09,Hamburg,SV Darmstadt 98,1,2,A,9.0,9.0,3.0,4.0,15.0,19.0,5.0,1.0,2.05,3.4,3.6,,,
2016-04-10,FC Cologne,Bayer Leverkusen,0,2,A,18.0,12.0,9.0,6.0,10.0,12.0,8.0,8.0,3.1,3.25,2.3,,,
2016-04-10,FC Schalke 04,Borussia Dortmund,2,2,D,10.0,16.0,2.0,5.0,22.0,13.0,1.0,9.0,4.2,4.0,1.73,,,
2016-04-15,Hannover 96,Borussia Monchengladbach,2,0,H,12.0,8.0,8.0,2.0,22.0,11.0,5.0,3.0,5.5,4.0,1.62,,,
2016-04-16,Werder Bremen,VfL Wolfsburg,3,2,H,21.0,8.0,9.0,3.0,16.0,15.0,7.0,1.0,2.5,3.5,2.75,,,
2016-04-16,Bayer Leverkusen,Ein Frankfurt,3,0,H,12.0,9.0,6.0,6.0,15.0,21.0,3.0,2.0,1.36,5.25,8.0,,,
2016-04-16,TSG Hoffenheim,Hertha BSC,2,1,H,17.0,10.0,7.0,2.0,10.0,16.0,3.0,5.0,2.38,3.4,3.0,,,
2016-04-16,FC Augsburg,VfB Stuttgart,1,0,H,13.0,10.0,6.0,4.0,14.0,12.0,4.0,8.0,2.45,3.6,2.75,,,
2016-04-16,Bayern Munich,FC Schalke 04,3,0,H,14.0,7.0,7.0,4.0,10.0,7.0,6.0,2.0,1.18,7.5,15.0,,,
2016-04-16,SV Darmstadt 98,Ingolstadt,2,0,H,6.0,8.0,3.0,3.0,20.0,22.0,2.0,4.0,2.55,3.2,2.88,,,
2016-04-17,Borussia Dortmund,Hamburg,3,0,H,14.0,5.0,5.0,1.0,6.0,16.0,10.0,0.0,1.33,5.25,9.0,,,
2016-04-17,FSV Mainz 05,FC Cologne,2,3,A,18.0,12.0,7.0,4.0,12.0,11.0,6.0,7.0,2.1,3.4,3.6,,,
2016-04-22,Hamburg,Werder Bremen,2,1,H,12.0,21.0,7.0,10.0,22.0,11.0,5.0,4.0,2.6,3.5,2.63,,,
2016-04-23,VfL Wolfsburg,FC Augsburg,0,2,A,19.0,8.0,7.0,4.0,7.0,19.0,6.0,1.0,1.8,3.75,4.33,,,
2016-04-23,VfB Stuttgart,Borussia Dortmund,0,3,A,8.0,16.0,1.0,9.0,19.0,10.0,3.0,4.0,4.75,4.2,1.65,,,
2016-04-23,FC Schalke 04,Bayer Leverkusen,2,3,A,20.0,16.0,8.0,6.0,19.0,16.0,6.0,4.0,3.0,3.3,2.4,,,
2016-04-23,Ingolstadt,Hannover 96,2,2,D,8.0,14.0,3.0,4.0,10.0,13.0,2.0,7.0,1.91,3.4,4.33,,,
2016-04-23,Hertha BSC,Bayern Munich,0,2,A,9.0,6.0,0.0,6.0,9.0,17.0,1.0,3.0,9.0,4.5,1.4,,,
2016-04-23,FC Cologne,SV Darmstadt 98,4,1,H,15.0,15.0,9.0,2.0,15.0,17.0,3.0,6.0,1.95,3.3,4.33,,,
2016-04-24,Ein Frankfurt,FSV Mainz 05,2,1,H,8.0,7.0,4.0,4.0,22.0,23.0,5.0,2.0,2.88,3.3,2.5,,,
2016-04-24,Borussia Monchengladbach,TSG Hoffenheim,3,1,H,24.0,14.0,11.0,8.0,14.0,11.0,12.0,3.0,1.62,4.2,5.25,,,
2016-04-29,FC Augsburg,FC Cologne,0,0,D,13.0,8.0,1.0,1.0,9.0,14.0,5.0,5.0,2.45,3.25,3.0,,,
2016-04-30,Bayer Leverkusen,Hertha BSC,2,1,H,18.0,9.0,8.0,3.0,14.0,20.0,6.0,4.0,1.62,3.75,6.0,,,
2016-04-30,FSV Mainz 05,Hamburg,0,0,D,12.0,7.0,4.0,4.0,19.0,29.0,6.0,4.0,1.8,3.75,4.33,,,
2016-04-30,TSG Hoffenheim,Ingolstadt,2,1,H,10.0,16.0,6.0,8.0,17.0,21.0,2.0,7.0,1.8,3.6,4.6,,,
2016-04-30,Hannover 96,FC Schalke 04,1,3,A,21.0,10.0,2.0,7.0,15.0,17.0,9.0,3.0,3.8,4.0,1.85,,,
2016-04-30,Bayern Munich,Borussia Monchengladbach,1,1,D,9.0,8.0,4.0,2.0,10.0,13.0,7.0,5.0,1.4,5.0,7.5,,,
2016-04-30,SV Darmstadt 98,Ein Frankfurt,1,2,A,11.0,12.0,6.0,4.0,13.0,12.0,4.0,8.0,2.5,3.2,3.0,,,
2016-04-30,Borussia Dortmund,VfL Wolfsburg,5,1,H,20.0,6.0,10.0,4.0,8.0,13.0,7.0,6.0,1.36,5.0,8.5,,,
2016-05-02,Werder Bremen,VfB Stuttgart,6,2,H,16.0,13.0,9.0,4.0,12.0,15.0,3.0,5.0,2.05,3.6,3.5,,,
2016-05-07,FC Schalke 04,FC Augsburg,1,1,D,20.0,5.0,5.0,2.0,10.0,17.0,9.0,2.0,1.7,4.2,4.5,,,
2016-05-07,Ein Frankfurt,Borussia Dortmund,1,0,H,6.0,13.0,4.0,2.0,20.0,12.0,3.0,5.0,7.0,4.75,1.45,,,
2016-05-07,FC Cologne,Werder Bremen,0,0,D,9.0,13.0,4.0,1.0,20.0,20.0,8.0,7.0,2.8,3.75,2.38,,,
2016-05-07,Hamburg,VfL Wolfsburg,0,1,A,5.0,11.0,0.0,6.0,18.0,10.0,5.0,4.0,2.7,3.4,2.63,,,
2016-05-07,Hannover 96,TSG Hoffenheim,1,0,H,15.0,15.0,4.0,4.0,20.0,20.0,3.0,5.0,3.4,3.75,2.05,,,
2016-05-07,Hertha BSC,SV Darmstadt 98,1,2,A,17.0,7.0,4.0,3.0,18.0,22.0,10.0,1.0,1.75,3.6,5.0,,,
2016-05-07,Ingolstadt,Bayern Munich,1,2,A,16.0,12.0,4.0,6.0,17.0,15.0,4.0,3.0,15.0,7.0,1.18,,,
2016-05-07,Borussia Monchengladbach,Bayer Leverkusen,2,1,H,14.0,17.0,6.0,8.0,16.0,9.0,6.0,3.0,1.91,3.8,3.8,,,
2016-05-07,VfB Stuttgart,FSV Mainz 05,1,3,A,8.0,19.0,3.0,11.0,11.0,17.0,6.0,9.0,2.1,3.8,3.2,,,
2016-05-14,VfL Wolfsburg,VfB Stuttgart,3,1,H,17.0,13.0,7.0,6.0,8.0,12.0,7.0,9.0,2.3,4.0,2.75,,,
2016-05-14,FSV Mainz 05,Hertha BSC,0,0,D,7.0,11.0,3.0,5.0,12.0,20.0,2.0,2.0,2.05,3.6,3.5,,,
2016-05-14,Werder Bremen,Ein Frankfurt,1,0,H,14.0,4.0,3.0,2.0,17.0,12.0,6.0,4.0,2.0,3.75,3.5,,,
2016-05-14,Bayer Leverkusen,Ingolstadt,3,2,H,10.0,21.0,6.0,5.0,17.0,12.0,2.0,4.0,1.5,4.33,6.5,,,
2016-05-14,Bayern Munich,Hannover 96,3,1,H,20.0,20.0,11.0,5.0,10.0,13.0,11.0,5.0,1.08,11.0,26.0,,,
2016-05-14,Borussia Dortmund,FC Cologne,2,2,D,13.0,6.0,5.0,5.0,7.0,6.0,2.0,1.0,1.29,5.75,8.0,,,
2016-05-14,TSG Hoffenheim,FC Schalke 04,1,4,A,14.0,12.0,4.0,8.0,15.0,11.0,7.0,2.0,3.2,3.8,2.05,,,
2016-05-14,SV Darmstadt 98,Borussia Monchengladbach,0,2,A,9.0,21.0,0.0,3.0,12.0,13.0,3.0,6.0,3.5,3.75,2.0,,,
2016-05-14,FC Augsburg,Hamburg,1,3,A,12.0,13.0,7.0,6.0,12.0,24.0,2.0,4.0,2.0,3.5,3.8,,,
2016-08-26,Bayern Munich,Werder Bremen,6,0,H,27.0,4.0,14.0,2.0,7.0,8.0,8.0,1.0,1.1,10.0,23.0,,,
2016-08-27,FC Augsburg,VfL Wolfsburg,0,2,A,13.0,12.0,2.0,6.0,15.0,17.0,2.0,3.0,2.8,3.25,2.6,,,
2016-08-27,Borussia Dortmund,FSV Mainz 05,2,1,H,17.0,12.0,8.0,4.0,3.0,20.0,7.0,2.0,1.36,5.0,8.5,,,
2016-08-27,Ein Frankfurt,FC Schalke 04,1,0,H,11.0,11.0,4.0,3.0,11.0,15.0,7.0,5.0,3.4,3.3,2.2,,,
2016-08-27,FC Cologne,SV Darmstadt 98,2,0,H,21.0,12.0,8.0,3.0,11.0,15.0,6.0,5.0,1.8,3.5,4.75,,,
2016-08-27,Hamburg,Ingolstadt,1,1,D,8.0,13.0,1.0,5.0,17.0,15.0,4.0,5.0,2.2,3.2,3.5,,,
2016-08-27,Borussia Monchengladbach,Bayer Leverkusen,2,1,H,14.0,12.0,9.0,6.0,11.0,16.0,7.0,3.0,2.3,3.4,3.1,,,
2016-08-28,Hertha BSC,SC Freiburg,2,1,H,15.0,8.0,5.0,2.0,10.0,10.0,5.0,2.0,2.15,3.3,3.5,,,
2016-08-28,TSG Hoffenheim,RB Leipzig,2,2,D,11.0,23.0,5.0,9.0,12.0,14.0,2.0,9.0,2.5,3.25,2.9,,,
2016-09-09,FC Schalke 04,Bayern Munich,0,2,A,9.0,18.0,2.0,2.0,13.0,12.0,2.0,7.0,10.0,5.5,1.3,,,
2016-09-10,VfL Wolfsburg,FC Cologne,0,0,D,18.0,16.0,4.0,9.0,13.0,14.0,8.0,4.0,1.85,3.75,4.2,,,
2016-09-10,RB Leipzig,Borussia Dortmund,1,0,H,10.0,8.0,4.0,1.0,16.0,10.0,5.0,7.0,5.25,4.2,1.62,,,
2016-09-10,SV Darmstadt 98,Ein Frankfurt,1,0,H,8.0,14.0,1.0,3.0,16.0,13.0,1.0,4.0,3.0,3.3,2.4,,,
2016-09-10,Ingolstadt,Hertha BSC,0,2,A,12.0,7.0,5.0,6.0,13.0,20.0,6.0,1.0,2.4,3.1,3.2,,,
2016-09-10,SC Freiburg,Borussia Monchengladbach,3,1,H,17.0,5.0,7.0,2.0,17.0,11.0,3.0,4.0,3.6,3.6,2.0,,,
2016-09-10,Bayer Leverkusen,Hamburg,3,1,H,15.0,6.0,5.0,2.0,13.0,20.0,4.0,1.0,1.45,4.5,7.0,,,
2016-09-11,FSV Mainz 05,TSG Hoffenheim,4,4,D,12.0,20.0,6.0,5.0,19.0,16.0,8.0,5.0,2.0,3.5,3.75,,,
2016-09-11,Werder Bremen,FC Augsburg,1,2,A,10.0,18.0,1.0,5.0,14.0,28.0,0.0,4.0,2.3,3.4,3.1,,,
2016-09-16,FC Cologne,SC Freiburg,3,0,H,9.0,17.0,3.0,8.0,12.0,10.0,4.0,6.0,1.8,3.6,4.5,,,
2016-09-17,Borussia Monchengladbach,Werder Bremen,4,1,H,15.0,9.0,7.0,5.0,9.0,19.0,10.0,4.0,1.44,4.5,7.5,,,
2016-09-17,TSG Hoffenheim,VfL Wolfsburg,0,0,D,20.0,20.0,5.0,9.0,17.0,18.0,3.0,11.0,3.1,3.6,2.25,,,
2016-09-17,Bayern Munich,Ingolstadt,3,1,H,10.0,13.0,5.0,5.0,18.0,17.0,5.0,5.0,1.07,12.0,34.0,,,
2016-09-17,Ein Frankfurt,Bayer Leverkusen,2,1,H,17.0,7.0,8.0,3.0,22.0,14.0,1.0,3.0,4.0,3.5,1.95,,,
2016-09-17,Borussia Dortmund,SV Darmstadt 98,6,0,H,22.0,5.0,14.0,1.0,8.0,16.0,12.0,2.0,1.13,9.0,21.0,,,
2016-09-17,Hamburg,RB Leipzig,0,4,A,14.0,12.0,2.0,6.0,17.0,13.0,8.0,3.0,2.75,3.25,2.63,,,
2016-09-18,FC Augsburg,FSV Mainz 05,1,3,A,12.0,11.0,5.0,6.0,15.0,16.0,2.0,7.0,2.38,3.4,3.0,,,
2016-09-18,Hertha BSC,FC Schalke 04,2,0,H,8.0,11.0,2.0,4.0,12.0,17.0,4.0,6.0,2.5,3.4,2.8,,,
2016-09-20,SV Darmstadt 98,TSG Hoffenheim,1,1,D,12.0,15.0,3.0,4.0,16.0,18.0,2.0,6.0,3.5,3.5,2.1,,,
2016-09-20,SC Freiburg,Hamburg,1,0,H,19.0,7.0,4.0,0.0,17.0,17.0,7.0,0.0,2.3,3.4,3.1,,,
2016-09-20,Ingolstadt,Ein Frankfurt,0,2,A,13.0,9.0,3.0,5.0,20.0,19.0,6.0,4.0,2.25,3.25,3.4,,,
2016-09-20,VfL Wolfsburg,Borussia Dortmund,1,5,A,15.0,10.0,9.0,9.0,15.0,12.0,2.0,3.0,4.75,3.75,1.75,,,
2016-09-21,Werder Bremen,FSV Mainz 05,1,2,A,13.0,13.0,7.0,6.0,15.0,14.0,3.0,14.0,3.0,3.5,2.3,,,
2016-09-21,FC Schalke 04,FC Cologne,1,3,A,18.0,9.0,8.0,5.0,17.0,9.0,8.0,4.0,2.1,3.4,3.6,,,
2016-09-21,Bayern Munich,Hertha BSC,3,0,H,16.0,2.0,7.0,2.0,9.0,9.0,6.0,2.0,1.14,9.0,17.0,,,
2016-09-21,Bayer Leverkusen,FC Augsburg,0,0,D,14.0,5.0,6.0,2.0,14.0,16.0,6.0,3.0,1.45,4.5,7.0,,,
2016-09-21,RB Leipzig,Borussia Monchengladbach,1,1,D,9.0,3.0,5.0,1.0,15.0,16.0,5.0,2.0,2.38,3.5,3.0,,,
2016-09-23,Borussia Dortmund,SC Freiburg,3,1,H,24.0,9.0,5.0,5.0,8.0,27.0,15.0,3.0,1.18,7.5,15.0,,,
2016-09-24,Werder Bremen,VfL Wolfsburg,2,1,H,16.0,11.0,4.0,3.0,17.0,14.0,6.0,2.0,3.9,3.75,1.91,,,
2016-09-24,Borussia Monchengladbach,Ingolstadt,2,0,H,7.0,8.0,5.0,2.0,24.0,14.0,1.0,3.0,1.8,3.6,4.75,,,
2016-09-24,FC Augsburg,SV Darmstadt 98,1,0,H,19.0,4.0,6.0,0.0,7.0,14.0,3.0,5.0,1.67,3.75,5.5,,,
2016-09-24,Hamburg,Bayern Munich,0,1,A,7.0,17.0,1.0,8.0,17.0,12.0,3.0,5.0,13.0,7.0,1.2,,,
2016-09-24,FSV Mainz 05,Bayer Leverkusen,2,3,A,9.0,16.0,5.0,6.0,12.0,14.0,6.0,1.0,3.0,3.3,2.4,,,
2016-09-24,Ein Frankfurt,Hertha BSC,3,3,D,11.0,6.0,4.0,4.0,15.0,13.0,4.0,1.0,2.25,3.2,3.4,,,
2016-09-25,FC Cologne,RB Leipzig,1,1,D,10.0,12.0,2.0,2.0,10.0,16.0,1.0,6.0,2.3,3.3,3.2,,,
2016-09-25,TSG Hoffenheim,FC Schalke 04,2,1,H,14.0,12.0,2.0,5.0,11.0,14.0,2.0,6.0,2.7,3.4,2.6,,,
2016-09-30,RB Leipzig,FC Augsburg,2,1,H,17.0,6.0,10.0,2.0,15.0,12.0,6.0,3.0,1.65,3.75,5.75,,,
2016-10-01,Bayern Munich,FC Cologne,1,1,D,27.0,5.0,3.0,2.0,4.0,12.0,10.0,3.0,1.17,7.0,19.0,,,
2016-10-01,SV Darmstadt 98,Werder Bremen,2,2,D,9.0,14.0,2.0,7.0,18.0,21.0,5.0,10.0,3.1,3.4,2.3,,,
2016-10-01,SC Freiburg,Ein Frankfurt,1,0,H,11.0,14.0,3.0,3.0,12.0,13.0,9.0,4.0,2.3,3.3,3.2,,,
2016-10-01,Ingolstadt,TSG Hoffenheim,1,2,A,18.0,21.0,5.0,9.0,22.0,22.0,8.0,5.0,2.05,3.4,3.75,,,
2016-10-01,Bayer Leverkusen,Borussia Dortmund,2,0,H,11.0,10.0,6.0,4.0,21.0,7.0,1.0,9.0,3.8,3.6,1.95,,,
2016-10-01,Hertha BSC,Hamburg,2,0,H,14.0,16.0,5.0,3.0,11.0,20.0,7.0,3.0,2.0,3.25,4.2,,,
2016-10-02,FC Schalke 04,Borussia Monchengladbach,4,0,H,15.0,12.0,8.0,4.0,11.0,10.0,3.0,5.0,2.2,3.4,3.3,,,
2016-10-02,VfL Wolfsburg,FSV Mainz 05,0,0,D,19.0,8.0,3.0,2.0,10.0,7.0,11.0,3.0,1.85,3.6,4.33,,,
2016-10-14,Borussia Dortmund,Hertha BSC,1,1,D,15.0,9.0,6.0,2.0,13.0,22.0,5.0,0.0,1.33,5.25,9.0,,,
2016-10-15,Borussia Monchengladbach,Hamburg,0,0,D,22.0,5.0,4.0,0.0,10.0,16.0,10.0,3.0,1.67,3.8,5.25,,,
2016-10-15,Werder Bremen,Bayer Leverkusen,2,1,H,11.0,13.0,5.0,6.0,10.0,15.0,0.0,2.0,4.75,4.2,1.67,,,
2016-10-15,FC Cologne,Ingolstadt,2,1,H,15.0,9.0,3.0,1.0,27.0,24.0,5.0,3.0,1.8,3.5,4.75,,,
2016-10-15,Ein Frankfurt,Bayern Munich,2,2,D,13.0,14.0,4.0,5.0,18.0,11.0,2.0,6.0,13.0,6.0,1.25,,,
2016-10-15,FC Augsburg,FC Schalke 04,1,1,D,11.0,12.0,5.0,3.0,14.0,16.0,6.0,4.0,3.1,3.4,2.3,,,
2016-10-15,TSG Hoffenheim,SC Freiburg,2,1,H,14.0,13.0,4.0,6.0,18.0,15.0,8.0,5.0,2.05,3.6,3.5,,,
2016-10-16,FSV Mainz 05,SV Darmstadt 98,2,1,H,13.0,12.0,5.0,4.0,19.0,19.0,7.0,7.0,1.5,4.0,7.5,,,
2016-10-16,VfL Wolfsburg,RB Leipzig,0,1,A,10.0,13.0,2.0,6.0,21.0,18.0,7.0,4.0,2.4,3.3,3.0,,,
2016-10-21,Hamburg,Ein Frankfurt,0,3,A,3.0,13.0,0.0,4.0,16.0,9.0,0.0,2.0,2.45,3.25,3.0,,,
2016-10-22,Bayern Munich,Borussia Monchengladbach,2,0,H,17.0,3.0,5.0,0.0,4.0,11.0,8.0,1.0,1.2,7.5,12.0,,,
2016-10-22,SV Darmstadt 98,VfL Wolfsburg,3,1,H,9.0,9.0,5.0,1.0,17.0,14.0,1.0,4.0,4.5,3.6,1.8,,,
2016-10-22,SC Freiburg,FC Augsburg,2,1,H,12.0,14.0,5.0,6.0,7.0,10.0,0.0,1.0,2.1,3.3,3.7,,,
2016-10-22,Hertha BSC,FC Cologne,2,1,H,13.0,10.0,7.0,2.0,8.0,16.0,4.0,5.0,2.5,3.2,3.0,,,
2016-10-22,Ingolstadt,Borussia Dortmund,3,3,D,12.0,24.0,7.0,10.0,19.0,13.0,2.0,8.0,6.0,4.2,1.53,,,
2016-10-22,Bayer Leverkusen,TSG Hoffenheim,0,3,A,6.0,14.0,1.0,8.0,6.0,17.0,5.0,3.0,1.5,4.33,6.0,,,
2016-10-23,RB Leipzig,Werder Bremen,3,1,H,22.0,7.0,6.0,3.0,18.0,10.0,6.0,5.0,1.5,4.0,7.0,,,
2016-10-23,FC Schalke 04,FSV Mainz 05,3,0,H,11.0,10.0,5.0,4.0,16.0,16.0,3.0,3.0,1.95,3.6,3.8,,,
2016-10-28,Borussia Monchengladbach,Ein Frankfurt,0,0,D,7.0,6.0,2.0,1.0,19.0,15.0,3.0,6.0,1.85,3.5,4.5,,,
2016-10-29,Werder Bremen,SC Freiburg,1,3,A,14.0,13.0,4.0,5.0,25.0,23.0,4.0,4.0,2.3,3.5,3.0,,,
2016-10-29,VfL Wolfsburg,Bayer Leverkusen,1,2,A,6.0,18.0,2.0,6.0,15.0,17.0,1.0,4.0,2.7,3.4,2.6,,,
2016-10-29,FSV Mainz 05,Ingolstadt,2,0,H,17.0,5.0,8.0,2.0,14.0,8.0,5.0,0.0,2.1,3.3,3.75,,,
2016-10-29,FC Augsburg,Bayern Munich,1,3,A,7.0,16.0,3.0,8.0,14.0,6.0,4.0,10.0,15.0,6.5,1.2,,,
2016-10-29,Borussia Dortmund,FC Schalke 04,0,0,D,9.0,8.0,1.0,2.0,14.0,21.0,1.0,4.0,1.57,4.33,5.5,,,
2016-10-29,SV Darmstadt 98,RB Leipzig,0,2,A,4.0,11.0,0.0,4.0,13.0,16.0,2.0,6.0,6.0,3.8,1.62,,,
2016-10-30,FC Cologne,Hamburg,3,0,H,18.0,9.0,6.0,2.0,16.0,17.0,7.0,4.0,1.57,3.8,6.5,,,
2016-10-30,TSG Hoffenheim,Hertha BSC,1,0,H,24.0,5.0,7.0,2.0,10.0,20.0,7.0,3.0,2.25,3.4,3.2,,,
2016-11-04,Hertha BSC,Borussia Monchengladbach,3,0,H,12.0,11.0,6.0,2.0,14.0,16.0,4.0,1.0,2.5,3.2,3.0,,,
2016-11-05,Bayern Munich,TSG Hoffenheim,1,1,D,21.0,5.0,5.0,3.0,7.0,25.0,8.0,1.0,1.17,8.0,15.0,,,
2016-11-05,Ein Frankfurt,FC Cologne,1,0,H,8.0,6.0,1.0,1.0,20.0,10.0,4.0,5.0,2.6,3.1,2.9,,,
2016-11-05,SC Freiburg,VfL Wolfsburg,0,3,A,12.0,13.0,2.0,5.0,10.0,19.0,6.0,9.0,2.6,3.3,2.75,,,
2016-11-05,Hamburg,Borussia Dortmund,2,5,A,14.0,10.0,6.0,6.0,13.0,15.0,5.0,3.0,8.0,4.25,1.45,,,
2016-11-05,Ingolstadt,FC Augsburg,0,2,A,14.0,13.0,5.0,5.0,15.0,14.0,3.0,6.0,2.1,3.3,3.75,,,
2016-11-05,Bayer Leverkusen,SV Darmstadt 98,3,2,H,12.0,6.0,4.0,3.0,10.0,10.0,6.0,5.0,1.25,5.75,13.0,,,
2016-11-06,RB Leipzig,FSV Mainz 05,3,1,H,15.0,11.0,5.0,3.0,13.0,12.0,3.0,6.0,1.57,3.8,6.5,,,
2016-11-06,FC Schalke 04,Werder Bremen,3,1,H,24.0,8.0,6.0,5.0,13.0,14.0,3.0,6.0,1.53,4.33,6.0,,,
2016-11-18,Bayer Leverkusen,RB Leipzig,2,3,A,12.0,11.0,6.0,4.0,13.0,15.0,6.0,9.0,2.3,3.4,3.1,,,
2016-11-19,VfL Wolfsburg,FC Schalke 04,0,1,A,8.0,19.0,0.0,4.0,17.0,16.0,3.0,5.0,2.4,3.5,2.9,,,
2016-11-19,FSV Mainz 05,SC Freiburg,4,2,H,11.0,24.0,6.0,11.0,21.0,21.0,3.0,5.0,2.1,3.5,3.5,,,
2016-11-19,Borussia Monchengladbach,FC Cologne,1,2,A,20.0,11.0,8.0,4.0,7.0,22.0,7.0,3.0,2.2,3.3,3.4,,,
2016-11-19,SV Darmstadt 98,Ingolstadt,0,1,A,18.0,15.0,4.0,7.0,19.0,15.0,8.0,11.0,3.0,3.1,2.55,,,
2016-11-19,FC Augsburg,Hertha BSC,0,0,D,9.0,10.0,3.0,4.0,14.0,16.0,4.0,3.0,2.7,3.2,2.75,,,
2016-11-19,Borussia Dortmund,Bayern Munich,1,0,H,11.0,18.0,4.0,3.0,14.0,14.0,3.0,9.0,3.4,3.6,2.1,,,
2016-11-20,TSG Hoffenheim,Hamburg,2,2,D,18.0,14.0,5.0,4.0,12.0,25.0,8.0,6.0,1.62,4.0,5.5,,,
2016-11-20,Werder Bremen,Ein Frankfurt,1,2,A,14.0,19.0,4.0,9.0,23.0,18.0,3.0,6.0,2.7,3.5,2.55,,,
2016-11-25,SC Freiburg,RB Leipzig,1,4,A,9.0,16.0,3.0,7.0,10.0,16.0,4.0,5.0,3.8,3.6,1.95,,,
2016-11-26,Ingolstadt,VfL Wolfsburg,1,1,D,20.0,11.0,5.0,3.0,12.0,19.0,4.0,5.0,2.9,3.3,2.5,,,
2016-11-26,Hamburg,Werder Bremen,2,2,D,17.0,12.0,7.0,4.0,17.0,12.0,5.0,3.0,2.38,3.4,3.0,,,
2016-11-26,Borussia Monchengladbach,TSG Hoffenheim,1,1,D,16.0,15.0,8.0,4.0,8.0,17.0,2.0,6.0,2.0,3.6,3.75,,,
2016-11-26,Ein Frankfurt,Borussia Dortmund,2,1,H,12.0,12.0,4.0,5.0,18.0,13.0,4.0,5.0,4.75,4.2,1.65,,,
2016-11-26,Bayern Munich,Bayer Leverkusen,2,1,H,13.0,13.0,8.0,4.0,8.0,11.0,6.0,3.0,1.29,6.0,10.0,,,
2016-11-26,FC Cologne,FC Augsburg,0,0,D,18.0,13.0,5.0,2.0,13.0,15.0,3.0,5.0,1.75,3.5,5.25,,,
2016-11-27,Hertha BSC,FSV Mainz 05,2,1,H,16.0,9.0,5.0,4.0,12.0,23.0,5.0,3.0,2.0,3.5,3.8,,,
2016-11-27,FC Schalke 04,SV Darmstadt 98,3,1,H,20.0,9.0,7.0,2.0,8.0,13.0,5.0,6.0,1.33,5.0,10.0,,,
2016-12-02,FSV Mainz 05,Bayern Munich,1,3,A,9.0,15.0,3.0,6.0,12.0,13.0,1.0,5.0,10.0,5.75,1.29,,,
2016-12-03,Borussia Dortmund,Borussia Monchengladbach,4,1,H,15.0,3.0,7.0,1.0,10.0,10.0,9.0,3.0,1.5,4.5,6.5,,,
2016-12-03,TSG Hoffenheim,FC Cologne,4,0,H,10.0,10.0,6.0,1.0,14.0,11.0,3.0,4.0,2.1,3.4,3.6,,,
2016-12-03,Bayer Leverkusen,SC Freiburg,1,1,D,13.0,10.0,6.0,2.0,10.0,10.0,4.0,3.0,1.5,4.2,7.0,,,
2016-12-03,RB Leipzig,FC Schalke 04,2,1,H,14.0,11.0,5.0,5.0,16.0,20.0,8.0,5.0,2.0,3.3,4.0,,,
2016-12-03,Werder Bremen,Ingolstadt,2,1,H,14.0,15.0,5.0,5.0,18.0,16.0,3.0,4.0,2.5,3.3,2.9,,,
2016-12-03,VfL Wolfsburg,Hertha BSC,2,3,A,6.0,18.0,4.0,8.0,21.0,9.0,0.0,2.0,2.1,3.2,3.8,,,
2016-12-04,SV Darmstadt 98,Hamburg,0,2,A,10.0,21.0,2.0,5.0,16.0,24.0,1.0,4.0,2.7,3.1,2.8,,,
2016-12-04,FC Augsburg,Ein Frankfurt,1,1,D,14.0,7.0,5.0,4.0,11.0,13.0,5.0,2.0,2.8,3.0,2.75,,,
2016-12-09,Ein Frankfurt,TSG Hoffenheim,0,0,D,15.0,3.0,3.0,0.0,28.0,17.0,11.0,2.0,2.4,3.3,3.0,,,
2016-12-10,FC Cologne,Borussia Dortmund,1,1,D,7.0,11.0,2.0,4.0,26.0,18.0,1.0,6.0,5.5,4.33,1.57,,,
2016-12-10,SC Freiburg,SV Darmstadt 98,1,0,H,12.0,16.0,2.0,4.0,11.0,9.0,6.0,5.0,1.67,3.75,5.5,,,
2016-12-10,Hamburg,FC Augsburg,1,0,H,11.0,11.0,5.0,2.0,16.0,16.0,3.0,5.0,2.3,3.2,3.25,,,
2016-12-10,Hertha BSC,Werder Bremen,0,1,A,11.0,13.0,4.0,6.0,17.0,14.0,5.0,1.0,1.73,3.75,5.0,,,
2016-12-10,Ingolstadt,RB Leipzig,1,0,H,4.0,13.0,1.0,3.0,19.0,16.0,3.0,4.0,4.33,3.75,1.8,,,
2016-12-10,Bayern Munich,VfL Wolfsburg,5,0,H,19.0,6.0,10.0,3.0,13.0,4.0,10.0,2.0,1.17,7.5,17.0,,,
2016-12-11,Borussia Monchengladbach,FSV Mainz 05,1,0,H,9.0,12.0,3.0,4.0,13.0,15.0,4.0,1.0,1.67,4.0,5.0,,,
2016-12-11,FC Schalke 04,Bayer Leverkusen,0,1,A,11.0,13.0,0.0,2.0,10.0,15.0,4.0,3.0,2.3,3.3,3.2,,,
2016-12-16,TSG Hoffenheim,Borussia Dortmund,2,2,D,13.0,14.0,5.0,4.0,22.0,18.0,2.0,4.0,3.8,4.0,1.85,,,
2016-12-17,FSV Mainz 05,Hamburg,3,1,H,19.0,10.0,8.0,3.0,12.0,15.0,6.0,6.0,1.91,3.6,4.0,,,
2016-12-17,RB Leipzig,Hertha BSC,2,0,H,16.0,3.0,8.0,0.0,10.0,14.0,9.0,1.0,1.62,3.8,6.0,,,
2016-12-17,FC Schalke 04,SC Freiburg,1,1,D,17.0,6.0,2.0,2.0,12.0,9.0,9.0,1.0,1.67,4.0,5.0,,,
2016-12-17,Werder Bremen,FC Cologne,1,1,D,10.0,14.0,5.0,5.0,17.0,17.0,4.0,5.0,2.6,3.4,2.7,,,
2016-12-17,VfL Wolfsburg,Ein Frankfurt,1,0,H,15.0,7.0,3.0,1.0,17.0,18.0,4.0,2.0,2.5,3.2,3.0,,,
2016-12-17,FC Augsburg,Borussia Monchengladbach,1,0,H,8.0,8.0,1.0,3.0,16.0,12.0,3.0,0.0,3.2,3.1,2.4,,,
2016-12-18,SV Darmstadt 98,Bayern Munich,0,1,A,10.0,13.0,2.0,2.0,18.0,11.0,3.0,1.0,19.0,8.0,1.14,,,
2016-12-18,Bayer Leverkusen,Ingolstadt,1,2,A,5.0,17.0,3.0,7.0,17.0,16.0,1.0,4.0,1.55,4.0,6.25,,,
2016-12-20,Borussia Monchengladbach,VfL Wolfsburg,1,2,A,20.0,18.0,4.0,7.0,18.0,18.0,5.0,6.0,1.95,3.5,4.0,,,
2016-12-20,Ein Frankfurt,FSV Mainz 05,3,0,H,9.0,11.0,4.0,6.0,14.0,9.0,6.0,6.0,2.0,3.4,3.9,,,
2016-12-20,Borussia Dortmund,FC Augsburg,1,1,D,23.0,8.0,8.0,3.0,10.0,19.0,6.0,2.0,1.3,5.5,10.0,,,
2016-12-20,Hamburg,FC Schalke 04,2,1,H,11.0,6.0,7.0,3.0,13.0,11.0,4.0,5.0,3.3,3.25,2.3,,,
2016-12-21,Bayern Munich,RB Leipzig,3,0,H,24.0,5.0,11.0,2.0,13.0,13.0,9.0,4.0,1.36,5.25,8.0,,,
2016-12-21,FC Cologne,Bayer Leverkusen,1,1,D,11.0,18.0,2.0,6.0,7.0,16.0,4.0,5.0,2.75,3.3,2.6,,,
2016-12-21,Hertha BSC,SV Darmstadt 98,2,0,H,15.0,5.0,5.0,0.0,13.0,15.0,6.0,4.0,1.57,3.9,6.25,,,
2016-12-21,TSG Hoffenheim,Werder Bremen,1,1,D,12.0,10.0,3.0,3.0,11.0,19.0,5.0,9.0,1.62,4.0,5.5,,,
2016-12-21,Ingolstadt,SC Freiburg,1,2,A,17.0,11.0,6.0,5.0,17.0,12.0,6.0,3.0,2.1,3.3,3.75,,,
2017-01-20,SC Freiburg,Bayern Munich,1,2,A,11.0,13.0,3.0,5.0,8.0,7.0,1.0,11.0,13.0,6.5,1.22,,,
2017-01-21,VfL Wolfsburg,Hamburg,1,0,H,11.0,11.0,3.0,1.0,15.0,23.0,5.0,3.0,1.85,3.6,4.33,,,
2017-01-21,Werder Bremen,Borussia Dortmund,1,2,A,9.0,22.0,5.0,8.0,16.0,12.0,3.0,5.0,6.0,4.33,1.53,,,
2017-01-21,RB Leipzig,Ein Frankfurt,3,0,H,17.0,4.0,7.0,3.0,8.0,15.0,3.0,3.0,1.62,3.8,6.0,,,
2017-01-21,SV Darmstadt 98,Borussia Monchengladbach,0,0,D,8.0,14.0,2.0,4.0,12.0,16.0,4.0,6.0,4.0,3.6,1.91,,,
2017-01-21,FC Augsburg,TSG Hoffenheim,0,2,A,9.0,13.0,2.0,3.0,18.0,14.0,4.0,4.0,2.8,3.3,2.6,,,
2017-01-21,FC Schalke 04,Ingolstadt,1,0,H,15.0,14.0,5.0,3.0,11.0,16.0,7.0,3.0,1.8,3.6,4.75,,,
2017-01-22,Bayer Leverkusen,Hertha BSC,3,1,H,16.0,7.0,9.0,3.0,14.0,15.0,7.0,3.0,1.67,3.7,5.5,,,
2017-01-22,FSV Mainz 05,FC Cologne,0,0,D,12.0,9.0,5.0,3.0,12.0,10.0,5.0,5.0,2.4,3.3,3.0,,,
2017-01-27,FC Schalke 04,Ein Frankfurt,0,1,A,12.0,8.0,2.0,1.0,18.0,17.0,3.0,2.0,1.73,3.6,5.25,,,
2017-01-28,VfL Wolfsburg,FC Augsburg,1,2,A,11.0,12.0,5.0,5.0,13.0,17.0,5.0,6.0,1.95,3.5,4.0,,,
2017-01-28,Werder Bremen,Bayern Munich,1,2,A,11.0,13.0,4.0,4.0,17.0,16.0,2.0,7.0,15.0,6.5,1.2,,,
2017-01-28,Bayer Leverkusen,Borussia Monchengladbach,2,3,A,13.0,12.0,4.0,7.0,12.0,8.0,9.0,5.0,1.85,3.6,4.33,,,
2017-01-28,Ingolstadt,Hamburg,3,1,H,15.0,11.0,7.0,3.0,13.0,18.0,1.0,6.0,2.2,3.2,3.6,,,
2017-01-28,RB Leipzig,TSG Hoffenheim,2,1,H,14.0,5.0,5.0,2.0,17.0,16.0,7.0,4.0,1.73,3.75,4.8,,,
2017-01-28,SV Darmstadt 98,FC Cologne,1,6,A,10.0,14.0,4.0,7.0,24.0,20.0,3.0,4.0,3.6,3.3,2.15,,,
2017-01-29,SC Freiburg,Hertha BSC,2,1,H,11.0,11.0,4.0,2.0,11.0,8.0,6.0,4.0,2.5,3.25,2.9,,,
2017-01-29,FSV Mainz 05,Borussia Dortmund,1,1,D,9.0,13.0,1.0,4.0,13.0,13.0,2.0,4.0,5.25,4.2,1.62,,,
2017-02-03,Hamburg,Bayer Leverkusen,1,0,H,11.0,5.0,3.0,0.0,13.0,23.0,4.0,3.0,3.1,3.3,2.35,,,
2017-02-04,Borussia Dortmund,RB Leipzig,1,0,H,14.0,2.0,4.0,1.0,15.0,17.0,5.0,2.0,1.67,3.8,5.25,,,
2017-02-04,FC Cologne,VfL Wolfsburg,1,0,H,12.0,12.0,2.0,2.0,14.0,21.0,6.0,6.0,2.05,3.4,3.75,,,
2017-02-04,Hertha BSC,Ingolstadt,1,0,H,8.0,13.0,2.0,4.0,15.0,20.0,1.0,3.0,2.15,3.1,3.8,,,
2017-02-04,TSG Hoffenheim,FSV Mainz 05,4,0,H,22.0,13.0,7.0,2.0,14.0,13.0,3.0,6.0,1.8,3.8,4.33,,,
2017-02-04,Borussia Monchengladbach,SC Freiburg,3,0,H,11.0,14.0,3.0,4.0,9.0,10.0,3.0,8.0,1.73,3.8,4.75,,,
2017-02-04,Bayern Munich,FC Schalke 04,1,1,D,12.0,7.0,4.0,3.0,14.0,15.0,8.0,3.0,1.2,7.5,13.0,,,
2017-02-05,FC Augsburg,Werder Bremen,3,2,H,15.0,19.0,7.0,4.0,13.0,12.0,2.0,4.0,2.1,3.5,3.5,,,
2017-02-05,Ein Frankfurt,SV Darmstadt 98,2,0,H,15.0,4.0,6.0,0.0,7.0,16.0,8.0,2.0,1.55,3.8,7.0,,,
2017-02-10,FSV Mainz 05,FC Augsburg,2,0,H,8.0,10.0,4.0,6.0,10.0,15.0,6.0,2.0,2.1,3.25,3.8,,,
2017-02-11,SV Darmstadt 98,Borussia Dortmund,2,1,H,15.0,14.0,7.0,4.0,10.0,20.0,0.0,12.0,9.0,5.0,1.36,,,
2017-02-11,Ingolstadt,Bayern Munich,0,2,A,8.0,17.0,0.0,5.0,15.0,14.0,2.0,4.0,8.5,5.0,1.36,,,
2017-02-11,Bayer Leverkusen,Ein Frankfurt,3,0,H,17.0,9.0,7.0,3.0,10.0,10.0,7.0,6.0,1.91,3.5,4.2,,,
2017-02-11,RB Leipzig,Hamburg,0,3,A,15.0,11.0,0.0,5.0,10.0,17.0,3.0,6.0,1.5,4.2,7.0,,,
2017-02-11,FC Schalke 04,Hertha BSC,2,0,H,14.0,5.0,3.0,2.0,20.0,17.0,2.0,2.0,1.85,3.5,4.5,,,
2017-02-11,Werder Bremen,Borussia Monchengladbach,0,1,A,16.0,12.0,6.0,3.0,16.0,17.0,9.0,3.0,2.88,3.5,2.4,,,
2017-02-12,VfL Wolfsburg,TSG Hoffenheim,2,1,H,13.0,14.0,7.0,7.0,16.0,18.0,4.0,5.0,2.5,3.4,2.8,,,
2017-02-12,SC Freiburg,FC Cologne,2,1,H,12.0,12.0,6.0,5.0,17.0,15.0,7.0,1.0,2.7,3.1,2.8,,,
2017-02-17,FC Augsburg,Bayer Leverkusen,1,3,A,12.0,20.0,4.0,10.0,12.0,14.0,2.0,4.0,3.25,3.25,2.25,,,
2017-02-18,Ein Frankfurt,Ingolstadt,0,2,A,15.0,14.0,6.0,11.0,16.0,12.0,4.0,5.0,2.05,3.1,4.2,,,
2017-02-18,Hamburg,SC Freiburg,2,2,D,6.0,12.0,4.0,3.0,15.0,9.0,7.0,5.0,2.05,3.4,3.75,,,
2017-02-18,Hertha BSC,Bayern Munich,1,1,D,11.0,16.0,2.0,7.0,19.0,10.0,3.0,4.0,10.0,4.33,1.36,,,
2017-02-18,TSG Hoffenheim,SV Darmstadt 98,2,0,H,14.0,7.0,5.0,4.0,12.0,19.0,4.0,2.0,1.45,4.5,7.5,,,
2017-02-18,FSV Mainz 05,Werder Bremen,0,2,A,13.0,8.0,5.0,4.0,14.0,10.0,7.0,6.0,1.95,3.5,4.0,,,
2017-02-18,Borussia Dortmund,VfL Wolfsburg,3,0,H,24.0,6.0,10.0,3.0,17.0,15.0,9.0,2.0,1.44,4.5,7.5,,,
2017-02-19,FC Cologne,FC Schalke 04,1,1,D,9.0,12.0,4.0,4.0,12.0,14.0,5.0,0.0,2.5,3.1,3.1,,,
2017-02-19,Borussia Monchengladbach,RB Leipzig,1,2,A,12.0,9.0,3.0,5.0,18.0,17.0,8.0,3.0,2.6,3.2,2.8,,,
2017-02-24,VfL Wolfsburg,Werder Bremen,1,2,A,27.0,7.0,6.0,3.0,13.0,15.0,13.0,1.0,1.91,3.5,4.2,,,
2017-02-25,RB Leipzig,FC Cologne,3,1,H,13.0,5.0,5.0,1.0,15.0,10.0,3.0,0.0,1.67,3.75,5.5,,,
2017-02-25,Bayern Munich,Hamburg,8,0,H,18.0,5.0,12.0,1.0,16.0,11.0,4.0,4.0,1.14,8.5,19.0,,,
2017-02-25,SV Darmstadt 98,FC Augsburg,1,2,A,5.0,18.0,2.0,3.0,17.0,16.0,1.0,1.0,2.8,3.25,2.6,,,
2017-02-25,SC Freiburg,Borussia Dortmund,0,3,A,7.0,27.0,3.0,10.0,8.0,10.0,5.0,3.0,5.75,4.2,1.57,,,
2017-02-25,Hertha BSC,Ein Frankfurt,2,0,H,6.0,8.0,4.0,2.0,11.0,16.0,3.0,6.0,2.05,3.2,4.0,,,
2017-02-25,Bayer Leverkusen,FSV Mainz 05,0,2,A,12.0,11.0,3.0,5.0,20.0,17.0,9.0,8.0,1.73,3.8,4.75,,,
2017-02-26,FC Schalke 04,TSG Hoffenheim,1,1,D,7.0,14.0,2.0,4.0,20.0,13.0,6.0,3.0,2.05,3.4,3.8,,,
2017-02-26,Ingolstadt,Borussia Monchengladbach,0,2,A,14.0,10.0,3.0,4.0,11.0,14.0,6.0,4.0,2.7,3.1,2.8,,,
2017-03-03,FC Augsburg,RB Leipzig,2,2,D,7.0,12.0,2.0,5.0,15.0,15.0,1.0,6.0,4.2,3.5,1.91,,,
2017-03-04,FC Cologne,Bayern Munich,0,3,A,6.0,20.0,2.0,8.0,11.0,9.0,2.0,9.0,8.5,4.75,1.4,,,
2017-03-04,TSG Hoffenheim,Ingolstadt,5,2,H,17.0,8.0,12.0,4.0,19.0,21.0,3.0,6.0,1.75,3.75,4.75,,,
2017-03-04,FSV Mainz 05,VfL Wolfsburg,1,1,D,10.0,7.0,2.0,5.0,15.0,12.0,4.0,6.0,2.25,3.4,3.2,,,
2017-03-04,Borussia Monchengladbach,FC Schalke 04,4,2,H,19.0,7.0,7.0,2.0,6.0,16.0,3.0,2.0,2.3,3.3,3.2,,,
2017-03-04,Werder Bremen,SV Darmstadt 98,2,0,H,9.0,15.0,4.0,3.0,10.0,17.0,2.0,7.0,1.67,4.0,5.0,,,
2017-03-04,Borussia Dortmund,Bayer Leverkusen,6,2,H,20.0,12.0,12.0,3.0,8.0,20.0,7.0,3.0,1.5,4.33,6.5,,,
2017-03-05,Ein Frankfurt,SC Freiburg,1,2,A,15.0,10.0,3.0,3.0,13.0,14.0,12.0,1.0,2.1,3.5,3.5,,,
2017-03-05,Hamburg,Hertha BSC,1,0,H,9.0,8.0,3.0,1.0,14.0,11.0,5.0,2.0,2.45,3.2,3.0,,,
2017-03-10,Bayer Leverkusen,Werder Bremen,1,1,D,12.0,11.0,7.0,3.0,12.0,12.0,4.0,3.0,1.5,4.33,6.5,,,
2017-03-11,Bayern Munich,Ein Frankfurt,3,0,H,16.0,10.0,7.0,4.0,11.0,8.0,3.0,2.0,1.13,9.0,21.0,,,
2017-03-11,SV Darmstadt 98,FSV Mainz 05,2,1,H,11.0,13.0,5.0,6.0,16.0,17.0,5.0,11.0,3.5,3.25,2.2,,,
2017-03-11,SC Freiburg,TSG Hoffenheim,1,1,D,6.0,23.0,4.0,7.0,12.0,11.0,6.0,6.0,3.0,3.4,2.38,,,
2017-03-11,Hertha BSC,Borussia Dortmund,2,1,H,16.0,18.0,4.0,2.0,7.0,15.0,4.0,8.0,5.25,4.0,1.65,,,
2017-03-11,Ingolstadt,FC Cologne,2,2,D,26.0,7.0,9.0,2.0,13.0,24.0,11.0,0.0,2.5,3.1,3.1,,,
2017-03-11,RB Leipzig,VfL Wolfsburg,0,1,A,11.0,15.0,6.0,5.0,16.0,17.0,7.0,3.0,1.62,3.8,6.0,,,
2017-03-12,FC Schalke 04,FC Augsburg,3,0,H,25.0,9.0,7.0,3.0,20.0,10.0,7.0,4.0,1.75,3.5,5.25,,,
2017-03-12,Hamburg,Borussia Monchengladbach,2,1,H,17.0,7.0,6.0,3.0,8.0,18.0,8.0,4.0,2.75,3.3,2.6,,,
2017-03-17,Borussia Dortmund,Ingolstadt,1,0,H,10.0,14.0,2.0,2.0,12.0,23.0,4.0,2.0,1.3,5.5,10.5,,,
2017-03-18,Ein Frankfurt,Hamburg,0,0,D,7.0,5.0,1.0,0.0,19.0,24.0,4.0,7.0,2.2,3.2,3.5,,,
2017-03-18,FC Cologne,Hertha BSC,4,2,H,7.0,8.0,6.0,6.0,12.0,12.0,2.0,9.0,2.38,3.2,3.2,,,
2017-03-18,TSG Hoffenheim,Bayer Leverkusen,1,0,H,13.0,16.0,4.0,7.0,12.0,14.0,2.0,7.0,2.15,3.6,3.3,,,
2017-03-18,Werder Bremen,RB Leipzig,3,0,H,9.0,7.0,4.0,2.0,11.0,18.0,4.0,5.0,3.5,3.6,2.05,,,
2017-03-18,VfL Wolfsburg,SV Darmstadt 98,1,0,H,18.0,6.0,4.0,1.0,15.0,14.0,6.0,4.0,1.5,4.0,7.5,,,
2017-03-18,FC Augsburg,SC Freiburg,1,1,D,15.0,7.0,3.0,3.0,16.0,21.0,3.0,1.0,2.4,3.3,3.0,,,
2017-03-19,FSV Mainz 05,FC Schalke 04,0,1,A,18.0,9.0,5.0,5.0,10.0,15.0,10.0,4.0,2.63,3.5,2.63,,,
2017-03-19,Borussia Monchengladbach,Bayern Munich,0,1,A,14.0,18.0,1.0,6.0,5.0,11.0,5.0,4.0,8.0,4.75,1.4,,,
2017-03-31,Hertha BSC,TSG Hoffenheim,1,3,A,5.0,28.0,3.0,8.0,18.0,13.0,0.0,8.0,2.9,3.1,2.6,,,
2017-04-01,FC Schalke 04,Borussia Dortmund,1,1,D,9.0,7.0,3.0,2.0,13.0,17.0,9.0,4.0,3.75,3.6,2.0,,,
2017-04-01,Bayern Munich,FC Augsburg,6,0,H,21.0,6.0,8.0,2.0,6.0,9.0,5.0,1.0,1.1,10.0,26.0,,,
2017-04-01,Ein Frankfurt,Borussia Monchengladbach,0,0,D,15.0,6.0,4.0,1.0,13.0,12.0,10.0,1.0,2.5,3.3,2.9,,,
2017-04-01,SC Freiburg,Werder Bremen,2,5,A,13.0,11.0,4.0,7.0,9.0,14.0,5.0,5.0,2.25,3.5,3.2,,,
2017-04-01,Hamburg,FC Cologne,2,1,H,14.0,7.0,4.0,1.0,19.0,13.0,5.0,1.0,2.38,3.2,3.2,,,
2017-04-01,RB Leipzig,SV Darmstadt 98,4,0,H,25.0,11.0,10.0,1.0,12.0,15.0,10.0,4.0,1.36,5.0,9.0,,,
2017-04-02,Bayer Leverkusen,VfL Wolfsburg,3,3,D,8.0,18.0,5.0,9.0,18.0,14.0,2.0,10.0,1.8,3.75,4.5,,,
2017-04-02,Ingolstadt,FSV Mainz 05,2,1,H,12.0,10.0,5.0,1.0,25.0,26.0,4.0,4.0,2.1,3.3,3.8,,,
2017-04-04,Werder Bremen,FC Schalke 04,3,0,H,11.0,14.0,6.0,3.0,9.0,19.0,4.0,3.0,3.0,3.5,2.3,,,
2017-04-04,Borussia Dortmund,Hamburg,3,0,H,17.0,16.0,10.0,6.0,6.0,12.0,6.0,4.0,1.29,5.75,10.0,,,
2017-04-04,FC Cologne,Ein Frankfurt,1,0,H,5.0,11.0,1.0,2.0,11.0,20.0,0.0,5.0,2.35,3.2,3.2,,,
2017-04-04,TSG Hoffenheim,Bayern Munich,1,0,H,14.0,21.0,4.0,6.0,17.0,12.0,7.0,9.0,6.0,4.6,1.5,,,
2017-04-05,SV Darmstadt 98,Bayer Leverkusen,0,2,A,13.0,14.0,2.0,7.0,11.0,13.0,3.0,8.0,5.0,3.8,1.7,,,
2017-04-05,FSV Mainz 05,RB Leipzig,2,3,A,18.0,15.0,3.0,7.0,16.0,20.0,8.0,3.0,3.4,3.4,2.15,,,
2017-04-05,Borussia Monchengladbach,Hertha BSC,1,0,H,22.0,12.0,7.0,2.0,12.0,12.0,8.0,4.0,1.83,3.5,4.5,,,
2017-04-05,VfL Wolfsburg,SC Freiburg,0,1,A,17.0,16.0,4.0,5.0,12.0,16.0,6.0,3.0,1.73,3.75,5.0,,,
2017-04-05,FC Augsburg,Ingolstadt,2,3,A,13.0,13.0,5.0,6.0,16.0,13.0,3.0,5.0,2.7,3.1,2.8,,,
2017-04-07,Ein Frankfurt,Werder Bremen,2,2,D,16.0,8.0,7.0,4.0,19.0,8.0,4.0,1.0,2.0,3.5,3.8,,,
2017-04-08,FC Schalke 04,VfL Wolfsburg,4,1,H,12.0,18.0,7.0,1.0,17.0,10.0,5.0,1.0,2.0,3.5,3.75,,,
2017-04-08,RB Leipzig,Bayer Leverkusen,1,0,H,14.0,14.0,5.0,3.0,13.0,12.0,8.0,2.0,1.91,3.6,4.0,,,
2017-04-08,Hamburg,TSG Hoffenheim,2,1,H,12.0,12.0,6.0,4.0,22.0,22.0,8.0,4.0,3.5,3.5,2.1,,,
2017-04-08,FC Cologne,Borussia Monchengladbach,2,3,A,9.0,16.0,2.0,7.0,17.0,10.0,5.0,6.0,2.63,3.2,2.8,,,
2017-04-08,Bayern Munich,Borussia Dortmund,4,1,H,18.0,9.0,6.0,3.0,14.0,10.0,6.0,3.0,1.62,4.0,5.5,,,
2017-04-08,SC Freiburg,FSV Mainz 05,1,0,H,7.0,9.0,3.0,3.0,12.0,14.0,1.0,6.0,2.38,3.4,3.0,,,
2017-04-09,Hertha BSC,FC Augsburg,2,0,H,18.0,5.0,8.0,0.0,17.0,20.0,7.0,0.0,1.75,3.5,5.25,,,
2017-04-09,Ingolstadt,SV Darmstadt 98,3,2,H,23.0,10.0,10.0,5.0,12.0,11.0,5.0,2.0,1.5,4.0,7.5,,,
2017-04-15,VfL Wolfsburg,Ingolstadt,3,0,H,9.0,6.0,6.0,3.0,14.0,17.0,2.0,4.0,2.0,3.3,3.75,,,
2017-04-15,RB Leipzig,SC Freiburg,4,0,H,13.0,11.0,6.0,2.0,19.0,13.0,6.0,0.0,1.44,4.33,7.0,,,
2017-04-15,FSV Mainz 05,Hertha BSC,1,0,H,17.0,6.0,3.0,2.0,10.0,18.0,7.0,3.0,2.25,3.2,3.3,,,
2017-04-15,TSG Hoffenheim,Borussia Monchengladbach,5,3,H,16.0,10.0,9.0,4.0,6.0,20.0,5.0,1.0,2.0,3.5,3.6,,,
2017-04-15,FC Augsburg,FC Cologne,2,1,H,7.0,12.0,6.0,0.0,19.0,17.0,2.0,8.0,2.8,3.2,2.55,,,
2017-04-15,Bayer Leverkusen,Bayern Munich,0,0,D,9.0,21.0,2.0,6.0,9.0,12.0,1.0,4.0,4.75,4.2,1.62,,,
2017-04-15,Borussia Dortmund,Ein Frankfurt,3,1,H,15.0,9.0,7.0,2.0,12.0,23.0,4.0,1.0,1.44,4.33,7.0,,,
2017-04-16,SV Darmstadt 98,FC Schalke 04,2,1,H,11.0,26.0,5.0,8.0,24.0,14.0,2.0,9.0,5.75,3.8,1.6,,,
2017-04-16,Werder Bremen,Hamburg,2,1,H,13.0,6.0,5.0,4.0,13.0,15.0,4.0,3.0,2.25,3.4,3.1,,,
2017-04-21,FC Cologne,TSG Hoffenheim,1,1,D,12.0,11.0,6.0,6.0,9.0,11.0,6.0,4.0,3.0,3.4,2.38,,,
2017-04-22,Bayern Munich,FSV Mainz 05,2,2,D,19.0,10.0,6.0,5.0,5.0,6.0,14.0,2.0,1.18,7.0,17.0,,,
2017-04-22,Ein Frankfurt,FC Augsburg,3,1,H,20.0,10.0,7.0,4.0,14.0,8.0,4.0,2.0,1.75,3.6,5.0,,,
2017-04-22,Hamburg,SV Darmstadt 98,1,2,A,13.0,9.0,6.0,4.0,14.0,18.0,9.0,6.0,1.4,4.75,8.0,,,
2017-04-22,Hertha BSC,VfL Wolfsburg,1,0,H,14.0,10.0,5.0,2.0,10.0,18.0,5.0,2.0,2.5,3.3,2.9,,,
2017-04-22,Ingolstadt,Werder Bremen,2,4,A,15.0,9.0,5.0,5.0,16.0,11.0,9.0,2.0,2.2,3.5,3.2,,,
2017-04-22,Borussia Monchengladbach,Borussia Dortmund,2,3,A,7.0,12.0,3.0,6.0,8.0,13.0,2.0,4.0,3.5,3.7,2.05,,,
2017-04-23,FC Schalke 04,RB Leipzig,1,1,D,11.0,9.0,1.0,1.0,18.0,21.0,5.0,5.0,3.0,3.5,2.3,,,
2017-04-23,SC Freiburg,Bayer Leverkusen,2,1,H,11.0,11.0,5.0,4.0,7.0,13.0,5.0,5.0,3.4,3.6,2.1,,,
2017-04-28,Bayer Leverkusen,FC Schalke 04,1,4,A,13.0,12.0,4.0,8.0,15.0,10.0,2.0,3.0,2.1,3.5,3.5,,,
2017-04-29,Borussia Dortmund,FC Cologne,0,0,D,23.0,5.0,4.0,0.0,8.0,13.0,9.0,0.0,1.29,5.75,10.0,,,
2017-04-29,VfL Wolfsburg,Bayern Munich,0,6,A,7.0,17.0,3.0,9.0,12.0,10.0,4.0,4.0,8.0,4.75,1.4,,,
2017-04-29,Werder Bremen,Hertha BSC,2,0,H,9.0,10.0,4.0,2.0,9.0,17.0,2.0,2.0,2.05,3.5,3.6,,,
2017-04-29,SV Darmstadt 98,SC Freiburg,3,0,H,14.0,9.0,4.0,4.0,16.0,15.0,7.0,6.0,3.3,3.3,2.25,,,
2017-04-29,FSV Mainz 05,Borussia Monchengladbach,1,2,A,17.0,13.0,8.0,5.0,9.0,15.0,8.0,3.0,2.2,3.4,3.3,,,
2017-04-29,RB Leipzig,Ingolstadt,0,0,D,15.0,6.0,3.0,0.0,14.0,16.0,5.0,3.0,1.45,4.5,7.0,,,
2017-04-30,FC Augsburg,Hamburg,4,0,H,17.0,9.0,9.0,4.0,9.0,16.0,4.0,4.0,2.5,3.3,2.9,,,
2017-04-30,TSG Hoffenheim,Ein Frankfurt,1,0,H,8.0,4.0,1.0,2.0,22.0,18.0,3.0,4.0,1.57,4.0,6.0,,,
2017-05-05,FC Cologne,Werder Bremen,4,3,H,16.0,11.0,9.0,4.0,9.0,10.0,5.0,1.0,2.55,3.5,2.7,,,
2017-05-06,Borussia Monchengladbach,FC Augsburg,1,1,D,18.0,11.0,5.0,4.0,8.0,15.0,3.0,5.0,1.73,3.8,4.75,,,
2017-05-06,Hertha BSC,RB Leipzig,1,4,A,6.0,14.0,1.0,8.0,15.0,15.0,3.0,8.0,3.5,3.5,2.1,,,
2017-05-06,Ingolstadt,Bayer Leverkusen,1,1,D,10.0,12.0,2.0,6.0,13.0,12.0,7.0,6.0,2.38,3.5,2.9,,,
2017-05-06,Borussia Dortmund,TSG Hoffenheim,2,1,H,11.0,10.0,4.0,5.0,17.0,11.0,6.0,2.0,1.5,4.75,5.75,,,
2017-05-06,Bayern Munich,SV Darmstadt 98,1,0,H,23.0,13.0,8.0,3.0,10.0,7.0,13.0,7.0,1.07,13.0,26.0,,,
2017-05-06,Ein Frankfurt,VfL Wolfsburg,0,2,A,7.0,7.0,2.0,3.0,12.0,14.0,2.0,4.0,2.6,3.4,2.7,,,
2017-05-07,SC Freiburg,FC Schalke 04,2,0,H,13.0,14.0,5.0,3.0,14.0,13.0,2.0,4.0,3.3,3.5,2.15,,,
2017-05-07,Hamburg,FSV Mainz 05,0,0,D,6.0,13.0,2.0,6.0,16.0,17.0,5.0,3.0,2.38,3.4,3.0,,,
2017-05-13,VfL Wolfsburg,Borussia Monchengladbach,1,1,D,11.0,14.0,6.0,6.0,12.0,12.0,3.0,7.0,1.95,3.6,4.0,,,
2017-05-13,Werder Bremen,TSG Hoffenheim,3,5,A,16.0,16.0,7.0,9.0,10.0,14.0,10.0,4.0,2.63,3.6,2.55,,,
2017-05-13,FC Schalke 04,Hamburg,1,1,D,12.0,18.0,1.0,4.0,14.0,15.0,5.0,7.0,2.05,3.75,3.5,,,
2017-05-13,RB Leipzig,Bayern Munich,4,5,A,11.0,20.0,6.0,9.0,19.0,11.0,2.0,6.0,3.75,3.7,1.95,,,
2017-05-13,Bayer Leverkusen,FC Cologne,2,2,D,27.0,7.0,9.0,4.0,12.0,12.0,7.0,3.0,2.1,3.5,3.5,,,
2017-05-13,SC Freiburg,Ingolstadt,1,1,D,11.0,23.0,4.0,9.0,18.0,27.0,4.0,3.0,2.38,3.5,2.9,,,
2017-05-13,FC Augsburg,Borussia Dortmund,1,1,D,5.0,15.0,3.0,5.0,17.0,7.0,2.0,3.0,6.0,4.6,1.5,,,
2017-05-13,FSV Mainz 05,Ein Frankfurt,4,2,H,21.0,6.0,8.0,4.0,16.0,22.0,7.0,0.0,1.7,3.8,5.0,,,
2017-05-13,SV Darmstadt 98,Hertha BSC,0,2,A,11.0,16.0,2.0,5.0,17.0,14.0,4.0,6.0,3.5,3.4,2.15,,,
2017-05-20,Borussia Monchengladbach,SV Darmstadt 98,2,2,D,18.0,13.0,10.0,4.0,6.0,8.0,5.0,3.0,1.33,5.5,8.5,,,
2017-05-20,Bayern Munich,SC Freiburg,4,1,H,33.0,19.0,11.0,8.0,10.0,10.0,15.0,7.0,1.17,8.0,15.0,,,
2017-05-20,Borussia Dortmund,Werder Bremen,4,3,H,28.0,11.0,11.0,5.0,15.0,17.0,9.0,3.0,1.2,7.5,12.0,,,
2017-05-20,Ein Frankfurt,RB Leipzig,2,2,D,16.0,7.0,3.0,5.0,12.0,17.0,4.0,3.0,4.0,3.6,1.91,,,
2017-05-20,FC Cologne,FSV Mainz 05,2,0,H,16.0,5.0,4.0,0.0,14.0,17.0,7.0,5.0,1.62,4.0,5.5,,,
2017-05-20,Hamburg,VfL Wolfsburg,2,1,H,6.0,12.0,3.0,5.0,12.0,18.0,2.0,8.0,2.6,3.4,2.7,,,
2017-05-20,Hertha BSC,Bayer Leverkusen,2,6,A,14.0,16.0,5.0,11.0,17.0,13.0,3.0,6.0,2.05,3.4,3.8,,,
2017-05-20,TSG Hoffenheim,FC Augsburg,0,0,D,19.0,8.0,9.0,2.0,10.0,13.0,5.0,4.0,1.36,5.0,8.5,,,
2017-05-20,Ingolstadt,FC Schalke 04,1,1,D,18.0,9.0,8.0,3.0,9.0,11.0,6.0,6.0,2.63,3.5,2.6,,,
2017-08-18,Bayern Munich,Bayer Leverkusen,3,1,H,13.0,19.0,8.0,4.0,13.0,17.0,4.0,5.0,1.25,6.0,12.0,,,
2017-08-19,Hertha BSC,VfB Stuttgart,2,0,H,10.0,9.0,3.0,2.0,18.0,12.0,5.0,1.0,2.0,3.4,3.9,,,
2017-08-19,TSG Hoffenheim,Werder Bremen,1,0,H,14.0,11.0,3.0,2.0,17.0,15.0,6.0,4.0,1.75,4.0,4.33,,,
2017-08-19,FSV Mainz 05,Hannover 96,0,1,A,14.0,6.0,6.0,2.0,18.0,14.0,13.0,1.0,2.0,3.4,4.0,,,
2017-08-19,FC Schalke 04,RB Leipzig,2,0,H,11.0,12.0,5.0,3.0,22.0,18.0,4.0,5.0,2.8,3.4,2.5,,,
2017-08-19,VfL Wolfsburg,Borussia Dortmund,0,3,A,9.0,13.0,0.0,5.0,7.0,15.0,3.0,5.0,3.8,4.0,1.85,,,
2017-08-19,Hamburg,FC Augsburg,1,0,H,11.0,13.0,5.0,1.0,18.0,16.0,3.0,7.0,2.1,3.4,3.6,,,
2017-08-20,SC Freiburg,Ein Frankfurt,0,0,D,7.0,15.0,1.0,2.0,8.0,17.0,3.0,7.0,2.45,3.25,3.0,,,
2017-08-20,Borussia Monchengladbach,FC Cologne,1,0,H,22.0,13.0,8.0,2.0,12.0,11.0,5.0,3.0,1.91,3.5,4.1,,,
2017-08-25,FC Cologne,Hamburg,1,3,A,20.0,12.0,6.0,4.0,9.0,9.0,6.0,7.0,1.95,3.4,4.0,,,
2017-08-26,Werder Bremen,Bayern Munich,0,2,A,4.0,19.0,1.0,8.0,9.0,10.0,2.0,8.0,11.0,6.5,1.25,,,
2017-08-26,VfB Stuttgart,FSV Mainz 05,1,0,H,17.0,13.0,4.0,6.0,12.0,18.0,5.0,6.0,2.3,3.4,3.1,,,
2017-08-26,Bayer Leverkusen,TSG Hoffenheim,2,2,D,16.0,6.0,3.0,4.0,16.0,11.0,6.0,1.0,2.05,3.6,3.6,,,
2017-08-26,Borussia Dortmund,Hertha BSC,2,0,H,18.0,7.0,8.0,4.0,12.0,9.0,4.0,4.0,1.36,5.0,7.5,,,
2017-08-26,FC Augsburg,Borussia Monchengladbach,2,2,D,24.0,15.0,9.0,3.0,13.0,12.0,10.0,0.0,3.25,3.4,2.25,,,
2017-08-26,Ein Frankfurt,VfL Wolfsburg,0,1,A,12.0,7.0,6.0,3.0,18.0,19.0,7.0,2.0,2.3,3.25,3.3,,,
2017-08-27,Hannover 96,FC Schalke 04,1,0,H,11.0,8.0,3.0,1.0,17.0,17.0,2.0,6.0,3.3,3.4,2.2,,,
2017-08-27,RB Leipzig,SC Freiburg,4,1,H,29.0,7.0,11.0,2.0,11.0,13.0,8.0,2.0,1.36,5.0,8.5,,,
2017-09-08,Hamburg,RB Leipzig,0,2,A,9.0,19.0,2.0,4.0,14.0,11.0,4.0,14.0,4.0,3.6,1.91,,,
2017-09-09,Borussia Monchengladbach,Ein Frankfurt,0,1,A,15.0,12.0,3.0,6.0,17.0,17.0,13.0,5.0,1.83,3.6,4.5,,,
2017-09-09,VfL Wolfsburg,Hannover 96,1,1,D,17.0,7.0,6.0,2.0,13.0,20.0,3.0,1.0,1.83,3.6,4.5,,,
2017-09-09,FSV Mainz 05,Bayer Leverkusen,3,1,H,14.0,13.0,5.0,2.0,16.0,15.0,1.0,3.0,3.0,3.4,2.38,,,
2017-09-09,FC Augsburg,FC Cologne,3,0,H,10.0,13.0,4.0,3.0,15.0,13.0,6.0,9.0,2.38,3.3,3.1,,,
2017-09-09,SC Freiburg,Borussia Dortmund,0,0,D,5.0,27.0,2.0,3.0,10.0,11.0,0.0,7.0,7.5,5.0,1.4,,,
2017-09-09,TSG Hoffenheim,Bayern Munich,2,0,H,6.0,23.0,3.0,6.0,15.0,9.0,2.0,4.0,7.0,4.5,1.45,,,
2017-09-10,Hertha BSC,Werder Bremen,1,1,D,8.0,10.0,4.0,5.0,9.0,12.0,5.0,7.0,1.91,3.6,4.0,,,
2017-09-10,FC Schalke 04,VfB Stuttgart,3,1,H,12.0,11.0,4.0,2.0,15.0,19.0,2.0,1.0,1.7,3.75,5.0,,,
2017-09-15,Hannover 96,Hamburg,2,0,H,17.0,12.0,4.0,3.0,17.0,16.0,4.0,7.0,1.95,3.5,4.0,,,
2017-09-16,Bayern Munich,FSV Mainz 05,4,0,H,28.0,11.0,14.0,4.0,9.0,5.0,10.0,5.0,1.13,10.0,19.0,,,
2017-09-16,Ein Frankfurt,FC Augsburg,1,2,A,23.0,11.0,8.0,3.0,13.0,13.0,4.0,4.0,1.85,3.5,4.5,,,
2017-09-16,RB Leipzig,Borussia Monchengladbach,2,2,D,10.0,10.0,3.0,3.0,13.0,12.0,3.0,2.0,1.67,3.8,5.5,,,
2017-09-16,VfB Stuttgart,VfL Wolfsburg,1,0,H,8.0,8.0,4.0,1.0,14.0,19.0,2.0,3.0,2.3,3.5,3.0,,,
2017-09-16,Werder Bremen,FC Schalke 04,1,2,A,16.0,11.0,2.0,4.0,15.0,17.0,6.0,5.0,2.8,3.5,2.5,,,
2017-09-17,TSG Hoffenheim,Hertha BSC,1,1,D,8.0,9.0,2.0,4.0,15.0,20.0,5.0,2.0,1.67,3.8,5.5,,,
2017-09-17,Borussia Dortmund,FC Cologne,5,0,H,22.0,6.0,8.0,2.0,11.0,12.0,8.0,5.0,1.22,6.0,13.0,,,
2017-09-17,Bayer Leverkusen,SC Freiburg,4,0,H,22.0,4.0,9.0,1.0,4.0,13.0,5.0,4.0,1.45,4.5,7.0,,,
2017-09-19,FC Schalke 04,Bayern Munich,0,3,A,11.0,12.0,4.0,8.0,13.0,11.0,2.0,6.0,7.0,4.75,1.44,,,
2017-09-19,VfL Wolfsburg,Werder Bremen,1,1,D,13.0,11.0,4.0,4.0,10.0,18.0,3.0,4.0,2.05,3.5,3.6,,,
2017-09-19,FC Augsburg,RB Leipzig,1,0,H,11.0,14.0,4.0,3.0,15.0,17.0,3.0,2.0,3.5,3.5,2.1,,,
2017-09-19,Borussia Monchengladbach,VfB Stuttgart,2,0,H,9.0,11.0,3.0,4.0,9.0,8.0,4.0,1.0,1.7,3.8,5.0,,,
2017-09-20,FC Cologne,Ein Frankfurt,0,1,A,17.0,8.0,8.0,4.0,20.0,20.0,4.0,5.0,2.88,3.1,2.63,,,
2017-09-20,SC Freiburg,Hannover 96,1,1,D,23.0,14.0,5.0,3.0,17.0,19.0,5.0,3.0,2.8,3.25,2.6,,,
2017-09-20,Hamburg,Borussia Dortmund,0,3,A,6.0,17.0,2.0,7.0,15.0,14.0,4.0,3.0,7.0,4.75,1.44,,,
2017-09-20,Hertha BSC,Bayer Leverkusen,2,1,H,5.0,12.0,3.0,5.0,12.0,25.0,3.0,6.0,3.3,3.4,2.2,,,
2017-09-20,FSV Mainz 05,TSG Hoffenheim,2,3,A,20.0,18.0,6.0,6.0,9.0,13.0,5.0,11.0,2.7,3.4,2.6,,,
2017-09-22,Bayern Munich,VfL Wolfsburg,2,2,D,19.0,8.0,3.0,3.0,9.0,11.0,7.0,3.0,1.14,8.5,19.0,,,
2017-09-23,Borussia Dortmund,Borussia Monchengladbach,6,1,H,18.0,8.0,9.0,5.0,2.0,6.0,7.0,0.0,1.44,4.75,7.0,,,
2017-09-23,TSG Hoffenheim,FC Schalke 04,2,0,H,12.0,17.0,6.0,3.0,16.0,15.0,0.0,5.0,2.2,3.5,3.25,,,
2017-09-23,FSV Mainz 05,Hertha BSC,1,0,H,8.0,4.0,3.0,1.0,22.0,22.0,4.0,1.0,2.2,3.3,3.4,,,
2017-09-23,RB Leipzig,Ein Frankfurt,2,1,H,17.0,9.0,5.0,3.0,9.0,16.0,2.0,4.0,1.7,3.8,5.0,,,
2017-09-23,VfB Stuttgart,FC Augsburg,0,0,D,15.0,9.0,2.0,2.0,7.0,14.0,5.0,3.0,2.1,3.4,3.6,,,
2017-09-23,Werder Bremen,SC Freiburg,0,0,D,17.0,13.0,6.0,6.0,15.0,9.0,4.0,5.0,1.7,4.0,4.75,,,
2017-09-24,Bayer Leverkusen,Hamburg,3,0,H,17.0,12.0,6.0,2.0,17.0,18.0,6.0,3.0,1.36,5.0,8.5,,,
2017-09-24,Hannover 96,FC Cologne,0,0,D,14.0,6.0,1.0,1.0,17.0,17.0,6.0,7.0,1.95,3.6,3.8,,,
2017-09-29,FC Schalke 04,Bayer Leverkusen,1,1,D,14.0,10.0,5.0,6.0,19.0,16.0,7.0,4.0,2.3,3.4,3.1,,,
2017-09-30,FC Augsburg,Borussia Dortmund,1,2,A,10.0,14.0,5.0,8.0,23.0,12.0,5.0,5.0,7.5,4.5,1.44,,,
2017-09-30,Ein Frankfurt,VfB Stuttgart,2,1,H,10.0,13.0,6.0,5.0,10.0,17.0,3.0,6.0,1.95,3.5,4.0,,,
2017-09-30,Hamburg,Werder Bremen,0,0,D,17.0,8.0,6.0,3.0,13.0,27.0,6.0,7.0,2.7,3.2,2.75,,,
2017-09-30,Borussia Monchengladbach,Hannover 96,2,1,H,23.0,15.0,8.0,2.0,12.0,13.0,8.0,7.0,1.73,3.6,5.25,,,
2017-09-30,VfL Wolfsburg,FSV Mainz 05,1,1,D,6.0,10.0,2.0,3.0,7.0,13.0,5.0,6.0,2.1,3.4,3.6,,,
2017-10-01,Hertha BSC,Bayern Munich,2,2,D,10.0,15.0,5.0,5.0,14.0,11.0,1.0,9.0,8.5,5.0,1.36,,,
2017-10-01,FC Cologne,RB Leipzig,1,2,A,16.0,23.0,6.0,10.0,9.0,13.0,9.0,7.0,3.8,3.5,2.0,,,
2017-10-01,SC Freiburg,TSG Hoffenheim,3,2,H,15.0,15.0,6.0,6.0,13.0,17.0,9.0,7.0,3.6,3.5,2.05,,,
2017-10-13,VfB Stuttgart,FC Cologne,2,1,H,22.0,17.0,7.0,3.0,12.0,13.0,5.0,4.0,1.83,3.6,4.33,,,
2017-10-14,FSV Mainz 05,Hamburg,3,2,H,14.0,9.0,4.0,2.0,14.0,17.0,4.0,2.0,1.7,3.75,5.25,,,
2017-10-14,Bayern Munich,SC Freiburg,5,0,H,22.0,6.0,10.0,2.0,5.0,7.0,9.0,1.0,1.08,13.0,21.0,,,
2017-10-14,Borussia Dortmund,RB Leipzig,2,3,A,15.0,7.0,8.0,6.0,16.0,19.0,3.0,2.0,1.5,4.5,6.5,,,
2017-10-14,Hannover 96,Ein Frankfurt,1,2,A,10.0,12.0,2.0,4.0,15.0,16.0,6.0,5.0,2.38,3.2,3.1,,,
2017-10-14,Hertha BSC,FC Schalke 04,0,2,A,2.0,10.0,0.0,6.0,12.0,20.0,1.0,5.0,2.5,3.3,2.9,,,
2017-10-14,TSG Hoffenheim,FC Augsburg,2,2,D,22.0,13.0,7.0,5.0,5.0,11.0,6.0,3.0,1.8,3.75,4.5,,,
2017-10-15,Werder Bremen,Borussia Monchengladbach,0,2,A,18.0,16.0,5.0,8.0,11.0,10.0,5.0,5.0,2.63,3.5,2.6,,,
2017-10-15,Bayer Leverkusen,VfL Wolfsburg,2,2,D,17.0,11.0,10.0,4.0,16.0,13.0,11.0,2.0,1.53,4.33,6.0,,,
2017-10-20,FC Schalke 04,FSV Mainz 05,2,0,H,14.0,4.0,5.0,2.0,17.0,15.0,5.0,1.0,1.8,3.7,4.5,,,
2017-10-21,Ein Frankfurt,Borussia Dortmund,2,2,D,14.0,20.0,7.0,7.0,14.0,10.0,4.0,4.0,5.0,3.75,1.72,,,
2017-10-21,Borussia Monchengladbach,Bayer Leverkusen,1,5,A,19.0,13.0,3.0,6.0,12.0,11.0,4.0,4.0,2.45,3.39,2.87,,,
2017-10-21,Hamburg,Bayern Munich,0,1,A,7.0,21.0,3.0,4.0,9.0,9.0,7.0,7.0,19.0,7.0,1.16,,,
2017-10-21,RB Leipzig,VfB Stuttgart,1,0,H,15.0,11.0,3.0,2.0,10.0,18.0,3.0,5.0,1.53,4.0,7.0,,,
2017-10-21,FC Augsburg,Hannover 96,1,2,A,15.0,11.0,5.0,6.0,11.0,9.0,11.0,2.0,2.04,3.5,3.6,,,
2017-10-22,SC Freiburg,Hertha BSC,1,1,D,20.0,11.0,8.0,3.0,20.0,15.0,6.0,1.0,2.54,3.29,2.79,,,
2017-10-22,FC Cologne,Werder Bremen,0,0,D,18.0,13.0,8.0,2.0,16.0,20.0,3.0,6.0,2.39,3.29,3.0,,,
2017-10-22,VfL Wolfsburg,TSG Hoffenheim,1,1,D,14.0,14.0,6.0,5.0,12.0,24.0,8.0,4.0,2.5,3.39,2.79,,,
2017-10-27,FSV Mainz 05,Ein Frankfurt,1,1,D,7.0,8.0,3.0,3.0,15.0,21.0,5.0,5.0,2.79,3.2,2.54,,,
2017-10-28,Bayern Munich,RB Leipzig,2,0,H,23.0,3.0,7.0,1.0,7.0,9.0,11.0,1.0,1.33,5.5,8.5,,,
2017-10-28,Hannover 96,Borussia Dortmund,4,2,H,13.0,10.0,7.0,4.0,17.0,9.0,5.0,6.0,5.5,4.2,1.57,,,
2017-10-28,Hertha BSC,Hamburg,2,1,H,8.0,12.0,3.0,4.0,14.0,13.0,9.0,11.0,1.9,3.39,4.33,,,
2017-10-28,TSG Hoffenheim,Borussia Monchengladbach,1,3,A,16.0,16.0,5.0,6.0,14.0,13.0,5.0,5.0,2.04,3.6,3.5,,,
2017-10-28,Bayer Leverkusen,FC Cologne,2,1,H,17.0,9.0,5.0,2.0,14.0,13.0,8.0,10.0,1.33,5.25,9.0,,,
2017-10-28,FC Schalke 04,VfL Wolfsburg,1,1,D,14.0,7.0,7.0,2.0,18.0,12.0,4.0,2.0,1.75,3.6,5.0,,,
2017-10-29,VfB Stuttgart,SC Freiburg,3,0,H,18.0,6.0,6.0,0.0,13.0,10.0,6.0,0.0,1.83,3.5,4.5,,,
2017-10-29,Werder Bremen,FC Augsburg,0,3,A,16.0,18.0,3.0,6.0,15.0,11.0,7.0,3.0,2.29,3.29,3.2,,,
2017-11-03,Ein Frankfurt,Werder Bremen,2,1,H,16.0,13.0,5.0,7.0,11.0,13.0,7.0,8.0,1.75,3.75,4.75,,,
2017-11-04,Borussia Monchengladbach,FSV Mainz 05,1,1,D,10.0,20.0,3.0,7.0,5.0,14.0,9.0,9.0,1.61,4.0,5.5,,,
2017-11-04,RB Leipzig,Hannover 96,2,1,H,18.0,12.0,6.0,4.0,11.0,16.0,2.0,3.0,1.44,4.5,7.5,,,
2017-11-04,SC Freiburg,FC Schalke 04,0,1,A,13.0,8.0,2.0,3.0,14.0,12.0,6.0,1.0,3.79,3.29,2.04,,,
2017-11-04,Borussia Dortmund,Bayern Munich,1,3,A,15.0,10.0,4.0,5.0,12.0,16.0,4.0,3.0,3.29,3.79,2.04,,,
2017-11-04,FC Augsburg,Bayer Leverkusen,1,1,D,14.0,11.0,4.0,3.0,13.0,15.0,6.0,3.0,3.5,3.6,2.04,,,
2017-11-04,Hamburg,VfB Stuttgart,3,1,H,21.0,3.0,12.0,2.0,14.0,10.0,11.0,3.0,2.45,3.39,2.87,,,
2017-11-05,FC Cologne,TSG Hoffenheim,0,3,A,12.0,22.0,4.0,8.0,17.0,14.0,7.0,6.0,2.87,3.39,2.45,,,
2017-11-05,VfL Wolfsburg,Hertha BSC,3,3,D,20.0,10.0,8.0,6.0,14.0,19.0,4.0,2.0,2.0,3.39,4.0,,,
2017-11-17,VfB Stuttgart,Borussia Dortmund,2,1,H,9.0,13.0,4.0,7.0,16.0,12.0,5.0,4.0,4.2,3.89,1.8,,,
2017-11-18,VfL Wolfsburg,SC Freiburg,3,1,H,15.0,12.0,7.0,7.0,8.0,8.0,1.0,3.0,1.61,3.75,6.0,,,
2017-11-18,FSV Mainz 05,FC Cologne,1,0,H,12.0,11.0,3.0,0.0,12.0,15.0,0.0,3.0,2.04,3.39,3.79,,,
2017-11-18,Bayer Leverkusen,RB Leipzig,2,2,D,13.0,12.0,3.0,3.0,14.0,13.0,2.0,1.0,2.29,3.5,3.0,,,
2017-11-18,Hertha BSC,Borussia Monchengladbach,2,4,A,16.0,8.0,8.0,5.0,15.0,12.0,8.0,2.0,2.89,3.25,2.5,,,
2017-11-18,Bayern Munich,FC Augsburg,3,0,H,16.0,8.0,6.0,3.0,13.0,16.0,6.0,3.0,1.16,8.0,15.0,,,
2017-11-18,TSG Hoffenheim,Ein Frankfurt,1,1,D,13.0,5.0,6.0,3.0,14.0,19.0,4.0,3.0,2.2,3.39,3.39,,,
2017-11-19,FC Schalke 04,Hamburg,2,0,H,12.0,7.0,4.0,1.0,16.0,19.0,7.0,6.0,1.57,3.79,6.5,,,
2017-11-19,Werder Bremen,Hannover 96,4,0,H,16.0,13.0,7.0,7.0,14.0,16.0,3.0,2.0,2.2,3.39,3.29,,,
2017-11-24,Hannover 96,VfB Stuttgart,1,1,D,15.0,13.0,4.0,4.0,14.0,16.0,4.0,5.0,2.29,3.39,3.1,,,
2017-11-25,Borussia Monchengladbach,Bayern Munich,2,1,H,6.0,21.0,2.0,7.0,12.0,9.0,2.0,5.0,5.75,4.75,1.5,,,
2017-11-25,RB Leipzig,Werder Bremen,2,0,H,14.0,9.0,6.0,3.0,9.0,10.0,8.0,8.0,1.5,4.33,6.5,,,
2017-11-25,Ein Frankfurt,Bayer Leverkusen,0,1,A,12.0,13.0,3.0,4.0,18.0,14.0,9.0,2.0,2.62,3.5,2.62,,,
2017-11-25,Borussia Dortmund,FC Schalke 04,4,4,D,11.0,12.0,6.0,7.0,17.0,19.0,3.0,5.0,1.72,4.2,4.33,,,
2017-11-25,SC Freiburg,FSV Mainz 05,2,1,H,15.0,17.0,5.0,5.0,16.0,15.0,2.0,5.0,2.75,3.29,2.6,,,
2017-11-25,FC Augsburg,VfL Wolfsburg,2,1,H,23.0,4.0,8.0,3.0,7.0,12.0,6.0,1.0,2.37,3.29,3.1,,,
2017-11-26,FC Cologne,Hertha BSC,0,2,A,15.0,10.0,2.0,7.0,15.0,8.0,3.0,4.0,2.5,3.2,3.0,,,
2017-11-26,Hamburg,TSG Hoffenheim,3,0,H,18.0,13.0,7.0,2.0,16.0,23.0,7.0,8.0,2.79,3.39,2.5,,,
2017-12-01,SC Freiburg,Hamburg,0,0,D,20.0,10.0,2.0,3.0,13.0,19.0,7.0,5.0,2.5,3.25,2.89,,,
2017-12-02,Bayern Munich,Hannover 96,3,1,H,29.0,8.0,12.0,4.0,12.0,8.0,9.0,3.0,1.14,9.0,17.0,,,
2017-12-02,TSG Hoffenheim,RB Leipzig,4,0,H,10.0,11.0,8.0,5.0,14.0,10.0,0.0,7.0,3.29,3.6,2.1,,,
2017-12-02,Bayer Leverkusen,Borussia Dortmund,1,1,D,15.0,9.0,9.0,3.0,8.0,19.0,7.0,4.0,2.25,3.6,3.0,,,
2017-12-02,FSV Mainz 05,FC Augsburg,1,3,A,16.0,10.0,5.0,4.0,17.0,13.0,4.0,3.0,2.6,3.25,2.79,,,
2017-12-02,FC Schalke 04,FC Cologne,2,2,D,23.0,7.0,10.0,4.0,14.0,18.0,7.0,4.0,1.44,4.33,8.0,,,
2017-12-02,Werder Bremen,VfB Stuttgart,1,0,H,15.0,12.0,6.0,4.0,13.0,17.0,5.0,8.0,2.29,3.39,3.1,,,
2017-12-03,Hertha BSC,Ein Frankfurt,1,2,A,15.0,7.0,5.0,5.0,15.0,13.0,4.0,2.0,2.7,3.25,2.7,,,
2017-12-03,VfL Wolfsburg,Borussia Monchengladbach,3,0,H,13.0,16.0,6.0,9.0,7.0,15.0,6.0,5.0,2.62,3.39,2.62,,,
2017-12-08,VfB Stuttgart,Bayer Leverkusen,0,2,A,9.0,18.0,5.0,4.0,12.0,12.0,8.0,5.0,3.2,3.5,2.25,,,
2017-12-09,Borussia Monchengladbach,FC Schalke 04,1,1,D,13.0,13.0,5.0,6.0,12.0,7.0,8.0,10.0,2.25,3.39,3.2,,,
2017-12-09,RB Leipzig,FSV Mainz 05,2,2,D,12.0,13.0,7.0,9.0,16.0,17.0,6.0,4.0,1.39,4.75,8.0,,,
2017-12-09,Ein Frankfurt,Bayern Munich,0,1,A,12.0,6.0,3.0,1.0,16.0,12.0,5.0,5.0,7.0,4.75,1.44,,,
2017-12-09,Hamburg,VfL Wolfsburg,0,0,D,12.0,3.0,3.0,0.0,15.0,12.0,6.0,2.0,2.5,3.29,2.87,,,
2017-12-09,Borussia Dortmund,Werder Bremen,1,2,A,11.0,9.0,5.0,4.0,8.0,6.0,4.0,2.0,1.39,5.25,7.0,,,
2017-12-10,Hannover 96,TSG Hoffenheim,2,0,H,12.0,9.0,3.0,5.0,12.0,15.0,2.0,1.0,2.7,3.39,2.5,,,
2017-12-10,FC Cologne,SC Freiburg,3,4,A,6.0,25.0,3.0,11.0,20.0,14.0,4.0,9.0,2.25,3.25,3.2,,,
2017-12-10,FC Augsburg,Hertha BSC,1,1,D,15.0,8.0,3.0,4.0,11.0,9.0,11.0,3.0,1.95,3.29,4.0,,,
2017-12-12,SC Freiburg,Borussia Monchengladbach,1,0,H,24.0,5.0,5.0,3.0,7.0,12.0,5.0,3.0,3.39,3.39,2.14,,,
2017-12-12,Hamburg,Ein Frankfurt,1,2,A,21.0,10.0,6.0,6.0,6.0,26.0,9.0,3.0,2.6,3.2,2.79,,,
2017-12-12,FSV Mainz 05,Borussia Dortmund,0,2,A,13.0,15.0,0.0,6.0,14.0,6.0,2.0,6.0,5.0,4.0,1.61,,,
2017-12-12,VfL Wolfsburg,RB Leipzig,1,1,D,13.0,14.0,5.0,5.0,8.0,16.0,6.0,9.0,3.0,3.6,2.29,,,
2017-12-13,Bayern Munich,FC Cologne,1,0,H,26.0,7.0,8.0,1.0,7.0,12.0,13.0,1.0,1.08,12.0,26.0,,,
2017-12-13,TSG Hoffenheim,VfB Stuttgart,1,0,H,11.0,9.0,3.0,3.0,12.0,15.0,0.0,3.0,1.9,3.6,4.0,,,
2017-12-13,Bayer Leverkusen,Werder Bremen,1,0,H,15.0,6.0,7.0,2.0,10.0,24.0,5.0,1.0,1.44,4.75,7.0,,,
2017-12-13,FC Schalke 04,FC Augsburg,3,2,H,8.0,15.0,5.0,7.0,11.0,17.0,2.0,3.0,1.83,3.6,4.5,,,
2017-12-13,Hertha BSC,Hannover 96,3,1,H,15.0,20.0,9.0,6.0,10.0,12.0,5.0,8.0,2.0,3.29,4.0,,,
2017-12-15,Borussia Monchengladbach,Hamburg,3,1,H,13.0,8.0,5.0,3.0,7.0,16.0,9.0,4.0,1.8,3.6,4.5,,,
2017-12-16,VfB Stuttgart,Bayern Munich,0,1,A,10.0,17.0,4.0,7.0,18.0,14.0,9.0,7.0,10.0,5.0,1.33,,,
2017-12-16,FC Augsburg,SC Freiburg,3,3,D,17.0,9.0,8.0,6.0,6.0,14.0,11.0,4.0,1.75,3.6,5.0,,,
2017-12-16,Borussia Dortmund,TSG Hoffenheim,2,1,H,18.0,12.0,3.0,5.0,7.0,13.0,6.0,4.0,1.5,4.33,6.5,,,
2017-12-16,Ein Frankfurt,FC Schalke 04,2,2,D,6.0,15.0,2.0,5.0,21.0,20.0,4.0,6.0,2.5,3.1,3.1,,,
2017-12-16,FC Cologne,VfL Wolfsburg,1,0,H,18.0,8.0,7.0,5.0,8.0,13.0,5.0,4.0,3.6,3.5,2.04,,,
2017-12-16,Werder Bremen,FSV Mainz 05,2,2,D,14.0,9.0,7.0,3.0,13.0,22.0,8.0,5.0,1.95,3.5,4.0,,,
2017-12-17,Hannover 96,Bayer Leverkusen,4,4,D,18.0,20.0,7.0,10.0,9.0,16.0,6.0,5.0,4.33,3.79,1.8,,,
2017-12-17,RB Leipzig,Hertha BSC,2,3,A,22.0,7.0,7.0,5.0,13.0,11.0,6.0,1.0,1.57,3.79,6.0,,,
2018-01-12,Bayer Leverkusen,Bayern Munich,1,3,A,12.0,16.0,1.0,6.0,11.0,11.0,6.0,6.0,4.2,3.79,1.83,,,
2018-01-13,FC Augsburg,Hamburg,1,0,H,15.0,9.0,5.0,6.0,5.0,12.0,6.0,4.0,1.95,3.39,4.2,,,
2018-01-13,Ein Frankfurt,SC Freiburg,1,1,D,15.0,2.0,4.0,1.0,14.0,18.0,9.0,2.0,1.85,3.5,4.5,,,
2018-01-13,Hannover 96,FSV Mainz 05,3,2,H,25.0,11.0,9.0,5.0,13.0,16.0,8.0,8.0,2.2,3.39,3.29,,,
2018-01-13,RB Leipzig,FC Schalke 04,3,1,H,15.0,10.0,9.0,6.0,16.0,19.0,4.0,4.0,2.1,3.39,3.6,,,
2018-01-13,VfB Stuttgart,Hertha BSC,1,0,H,7.0,10.0,2.0,1.0,8.0,9.0,4.0,4.0,2.14,3.29,3.6,,,
2018-01-13,Werder Bremen,TSG Hoffenheim,1,1,D,16.0,11.0,3.0,2.0,14.0,18.0,6.0,8.0,2.6,3.39,2.75,,,
2018-01-14,Borussia Dortmund,VfL Wolfsburg,0,0,D,19.0,10.0,1.0,4.0,10.0,11.0,6.0,7.0,1.39,5.0,7.5,,,
2018-01-14,FC Cologne,Borussia Monchengladbach,2,1,H,11.0,16.0,3.0,6.0,17.0,14.0,3.0,3.0,3.29,3.5,2.14,,,
2018-01-19,Hertha BSC,Borussia Dortmund,1,1,D,9.0,11.0,2.0,4.0,15.0,11.0,3.0,5.0,3.29,3.39,2.2,,,
2018-01-20,SC Freiburg,RB Leipzig,2,1,H,9.0,12.0,4.0,3.0,12.0,12.0,6.0,6.0,3.5,3.5,2.1,,,
2018-01-20,Hamburg,FC Cologne,0,2,A,13.0,9.0,3.0,2.0,21.0,13.0,9.0,3.0,2.2,3.29,3.39,,,
2018-01-20,TSG Hoffenheim,Bayer Leverkusen,1,4,A,13.0,13.0,3.0,6.0,18.0,16.0,4.0,1.0,2.87,3.6,2.37,,,
2018-01-20,FSV Mainz 05,VfB Stuttgart,3,2,H,21.0,8.0,12.0,5.0,9.0,8.0,7.0,3.0,2.6,3.2,2.87,,,
2018-01-20,Borussia Monchengladbach,FC Augsburg,2,0,H,16.0,16.0,6.0,3.0,9.0,11.0,8.0,5.0,2.1,3.6,3.39,,,
2018-01-20,VfL Wolfsburg,Ein Frankfurt,1,3,A,13.0,18.0,4.0,6.0,12.0,19.0,4.0,3.0,2.2,3.2,3.6,,,
2018-01-21,FC Schalke 04,Hannover 96,1,1,D,5.0,11.0,2.0,4.0,19.0,13.0,1.0,2.0,1.57,3.79,6.5,,,
2018-01-21,Bayern Munich,Werder Bremen,4,2,H,15.0,10.0,7.0,4.0,7.0,20.0,4.0,7.0,1.12,10.0,17.0,,,
2018-01-26,Ein Frankfurt,Borussia Monchengladbach,2,0,H,9.0,14.0,2.0,2.0,14.0,14.0,4.0,4.0,2.45,3.39,2.89,,,
2018-01-27,Borussia Dortmund,SC Freiburg,2,2,D,12.0,4.0,4.0,3.0,11.0,12.0,5.0,2.0,1.39,5.0,7.5,,,
2018-01-27,FC Cologne,FC Augsburg,1,1,D,12.0,11.0,5.0,3.0,12.0,16.0,6.0,6.0,2.79,3.25,2.6,,,
2018-01-27,RB Leipzig,Hamburg,1,1,D,14.0,8.0,5.0,2.0,14.0,19.0,3.0,3.0,1.5,4.2,7.0,,,
2018-01-27,VfB Stuttgart,FC Schalke 04,0,2,A,11.0,18.0,2.0,7.0,15.0,11.0,4.0,6.0,2.89,3.25,2.5,,,
2018-01-27,Werder Bremen,Hertha BSC,0,0,D,18.0,5.0,7.0,2.0,13.0,20.0,2.0,2.0,2.2,3.39,3.29,,,
2018-01-27,Bayern Munich,TSG Hoffenheim,5,2,H,22.0,6.0,11.0,4.0,8.0,19.0,3.0,4.0,1.19,7.0,13.0,,,
2018-01-28,Hannover 96,VfL Wolfsburg,0,1,A,15.0,7.0,3.0,2.0,15.0,15.0,7.0,0.0,2.29,3.39,3.1,,,
2018-01-28,Bayer Leverkusen,FSV Mainz 05,2,0,H,12.0,4.0,3.0,1.0,10.0,14.0,13.0,0.0,1.39,5.0,7.5,,,
2018-02-02,FC Cologne,Borussia Dortmund,2,3,A,16.0,17.0,5.0,7.0,13.0,16.0,5.0,2.0,5.0,3.79,1.7,,,
2018-02-03,VfL Wolfsburg,VfB Stuttgart,1,1,D,15.0,13.0,5.0,2.0,12.0,10.0,3.0,6.0,2.25,3.29,3.29,,,
2018-02-03,SC Freiburg,Bayer Leverkusen,0,0,D,11.0,15.0,5.0,3.0,19.0,11.0,2.0,4.0,4.0,3.79,1.85,,,
2018-02-03,Hertha BSC,TSG Hoffenheim,1,1,D,6.0,17.0,3.0,4.0,13.0,13.0,0.0,5.0,2.62,3.29,2.75,,,
2018-02-03,FSV Mainz 05,Bayern Munich,0,2,A,16.0,13.0,4.0,6.0,10.0,15.0,3.0,5.0,10.0,5.25,1.3,,,
2018-02-03,Borussia Monchengladbach,RB Leipzig,0,1,A,10.0,16.0,3.0,6.0,13.0,10.0,1.0,7.0,2.5,3.39,2.79,,,
2018-02-03,FC Schalke 04,Werder Bremen,1,2,A,15.0,12.0,6.0,7.0,15.0,16.0,3.0,2.0,1.75,3.79,4.75,,,
2018-02-04,Hamburg,Hannover 96,1,1,D,16.0,14.0,3.0,7.0,14.0,18.0,8.0,3.0,2.25,3.29,3.29,,,
2018-02-04,FC Augsburg,Ein Frankfurt,3,0,H,15.0,8.0,7.0,2.0,12.0,11.0,1.0,2.0,2.35,3.29,3.1,,,
2018-02-09,RB Leipzig,FC Augsburg,2,0,H,23.0,12.0,9.0,2.0,12.0,17.0,6.0,7.0,1.7,3.79,5.0,,,
2018-02-10,Bayer Leverkusen,Hertha BSC,0,2,A,15.0,9.0,6.0,4.0,18.0,16.0,9.0,4.0,1.53,4.33,6.0,,,
2018-02-10,TSG Hoffenheim,FSV Mainz 05,4,2,H,24.0,6.0,9.0,2.0,13.0,19.0,5.0,2.0,1.61,4.0,5.25,,,
2018-02-10,Bayern Munich,FC Schalke 04,2,1,H,13.0,9.0,5.0,3.0,15.0,15.0,4.0,3.0,1.28,6.0,9.5,,,
2018-02-10,Ein Frankfurt,FC Cologne,4,2,H,13.0,8.0,8.0,4.0,19.0,18.0,4.0,1.0,1.9,3.5,4.2,,,
2018-02-10,Borussia Dortmund,Hamburg,2,0,H,10.0,8.0,3.0,2.0,13.0,12.0,2.0,4.0,1.33,5.25,9.0,,,
2018-02-10,Hannover 96,SC Freiburg,2,1,H,13.0,12.0,6.0,4.0,13.0,7.0,3.0,4.0,2.1,3.5,3.5,,,
2018-02-11,VfB Stuttgart,Borussia Monchengladbach,1,0,H,7.0,12.0,2.0,4.0,11.0,11.0,1.0,8.0,2.5,3.39,2.79,,,
2018-02-11,Werder Bremen,VfL Wolfsburg,3,1,H,12.0,13.0,5.0,5.0,16.0,11.0,6.0,8.0,2.14,3.39,3.39,,,
2018-02-16,Hertha BSC,FSV Mainz 05,0,2,A,9.0,13.0,1.0,7.0,15.0,16.0,6.0,4.0,2.0,3.39,4.0,,,
2018-02-17,FC Cologne,Hannover 96,1,1,D,5.0,15.0,1.0,7.0,15.0,18.0,5.0,4.0,2.29,3.39,3.1,,,
2018-02-17,SC Freiburg,Werder Bremen,1,0,H,7.0,9.0,3.0,3.0,13.0,16.0,0.0,5.0,2.5,3.29,2.89,,,
2018-02-17,Hamburg,Bayer Leverkusen,1,2,A,11.0,16.0,3.0,5.0,15.0,9.0,4.0,3.0,3.79,3.5,2.0,,,
2018-02-17,FC Schalke 04,TSG Hoffenheim,2,1,H,9.0,12.0,6.0,4.0,18.0,18.0,4.0,3.0,2.1,3.5,3.5,,,
2018-02-17,VfL Wolfsburg,Bayern Munich,1,2,A,3.0,18.0,1.0,5.0,14.0,15.0,4.0,8.0,8.5,5.0,1.36,,,
2018-02-18,FC Augsburg,VfB Stuttgart,0,1,A,8.0,16.0,2.0,6.0,16.0,16.0,4.0,7.0,2.04,3.39,3.75,,,
2018-02-18,Borussia Monchengladbach,Borussia Dortmund,0,1,A,28.0,8.0,11.0,2.0,15.0,16.0,6.0,5.0,3.0,3.6,2.29,,,
2018-02-19,Ein Frankfurt,RB Leipzig,2,1,H,12.0,10.0,3.0,2.0,18.0,13.0,7.0,5.0,2.5,3.39,2.79,,,
2018-02-23,FSV Mainz 05,VfL Wolfsburg,1,1,D,13.0,8.0,4.0,2.0,12.0,13.0,2.0,3.0,2.14,3.39,3.5,,,
2018-02-24,Werder Bremen,Hamburg,1,0,H,14.0,6.0,3.0,1.0,16.0,15.0,11.0,2.0,1.83,3.6,4.5,,,
2018-02-24,TSG Hoffenheim,SC Freiburg,1,1,D,12.0,7.0,4.0,3.0,12.0,19.0,4.0,2.0,1.66,4.2,4.75,,,
2018-02-24,Hannover 96,Borussia Monchengladbach,0,1,A,20.0,15.0,5.0,4.0,14.0,11.0,10.0,6.0,2.62,3.39,2.7,,,
2018-02-24,VfB Stuttgart,Ein Frankfurt,1,0,H,13.0,7.0,5.0,0.0,16.0,15.0,4.0,3.0,2.37,3.2,3.25,,,
2018-02-24,Bayern Munich,Hertha BSC,0,0,D,19.0,5.0,6.0,3.0,11.0,12.0,9.0,2.0,1.16,7.5,17.0,,,
2018-02-25,Bayer Leverkusen,FC Schalke 04,0,2,A,9.0,10.0,5.0,6.0,15.0,18.0,7.0,3.0,1.9,3.6,4.0,,,
2018-02-25,RB Leipzig,FC Cologne,1,2,A,15.0,14.0,3.0,5.0,12.0,10.0,3.0,7.0,1.55,4.0,6.5,,,
2018-02-26,Borussia Dortmund,FC Augsburg,1,1,D,9.0,13.0,2.0,6.0,8.0,15.0,3.0,3.0,1.44,4.5,7.0,,,
2018-03-02,Borussia Monchengladbach,Werder Bremen,2,2,D,10.0,17.0,5.0,6.0,13.0,20.0,5.0,6.0,1.95,3.5,4.0,,,
2018-03-03,FC Augsburg,TSG Hoffenheim,0,2,A,8.0,17.0,2.0,6.0,11.0,18.0,8.0,5.0,2.89,3.39,2.45,,,
2018-03-03,Ein Frankfurt,Hannover 96,1,0,H,13.0,7.0,7.0,2.0,21.0,16.0,5.0,1.0,1.75,3.6,5.0,,,
2018-03-03,Hamburg,FSV Mainz 05,0,0,D,18.0,5.0,6.0,2.0,15.0,14.0,11.0,1.0,2.25,3.29,3.39,,,
2018-03-03,RB Leipzig,Borussia Dortmund,1,1,D,11.0,4.0,3.0,2.0,15.0,12.0,2.0,3.0,2.39,3.5,2.87,,,
2018-03-03,FC Schalke 04,Hertha BSC,1,0,H,7.0,11.0,4.0,3.0,16.0,16.0,2.0,6.0,1.66,3.6,6.0,,,
2018-03-03,VfL Wolfsburg,Bayer Leverkusen,1,2,A,7.0,17.0,2.0,4.0,28.0,9.0,3.0,2.0,3.29,3.39,2.2,,,
2018-03-04,FC Cologne,VfB Stuttgart,2,3,A,12.0,9.0,4.0,4.0,13.0,13.0,3.0,3.0,2.45,3.25,3.0,,,
2018-03-04,SC Freiburg,Bayern Munich,0,4,A,5.0,17.0,1.0,4.0,8.0,8.0,4.0,5.0,10.0,5.5,1.3,,,
2018-03-09,FSV Mainz 05,FC Schalke 04,0,1,A,16.0,6.0,4.0,2.0,12.0,17.0,5.0,6.0,3.6,3.29,2.1,,,
2018-03-10,Bayern Munich,Hamburg,6,0,H,18.0,1.0,7.0,0.0,4.0,9.0,11.0,1.0,1.12,9.0,21.0,,,
2018-03-10,Hannover 96,FC Augsburg,1,3,A,17.0,17.0,5.0,8.0,13.0,16.0,3.0,6.0,2.14,3.39,3.39,,,
2018-03-10,Hertha BSC,SC Freiburg,0,0,D,12.0,5.0,4.0,0.0,7.0,14.0,5.0,4.0,2.1,3.25,3.79,,,
2018-03-10,TSG Hoffenheim,VfL Wolfsburg,3,0,H,17.0,6.0,6.0,1.0,7.0,7.0,11.0,4.0,1.66,4.0,5.0,,,
2018-03-10,Bayer Leverkusen,Borussia Monchengladbach,2,0,H,17.0,9.0,7.0,2.0,12.0,15.0,3.0,5.0,1.7,3.89,5.0,,,
2018-03-11,Borussia Dortmund,Ein Frankfurt,3,2,H,13.0,10.0,4.0,3.0,17.0,10.0,5.0,8.0,1.75,3.6,5.0,,,
2018-03-11,VfB Stuttgart,RB Leipzig,0,0,D,12.0,8.0,2.0,3.0,16.0,12.0,3.0,5.0,2.62,3.39,2.62,,,
2018-03-12,Werder Bremen,FC Cologne,3,1,H,13.0,8.0,6.0,2.0,14.0,12.0,7.0,3.0,1.83,3.75,4.2,,,
2018-03-16,SC Freiburg,VfB Stuttgart,1,2,A,7.0,10.0,2.0,5.0,10.0,9.0,1.0,3.0,2.62,3.2,2.79,,,
2018-03-17,FC Augsburg,Werder Bremen,1,3,A,15.0,20.0,6.0,12.0,13.0,15.0,8.0,7.0,2.5,3.1,3.1,,,
2018-03-17,Ein Frankfurt,FSV Mainz 05,3,0,H,15.0,13.0,6.0,1.0,9.0,9.0,4.0,6.0,1.61,3.79,6.0,,,
2018-03-17,Hamburg,Hertha BSC,1,2,A,9.0,16.0,3.0,9.0,12.0,14.0,1.0,6.0,2.54,3.0,3.0,,,
2018-03-17,Borussia Monchengladbach,TSG Hoffenheim,3,3,D,23.0,13.0,7.0,6.0,11.0,15.0,9.0,3.0,2.75,3.39,2.54,,,
2018-03-17,VfL Wolfsburg,FC Schalke 04,0,1,A,17.0,10.0,3.0,2.0,12.0,18.0,5.0,2.0,3.5,3.25,2.2,,,
2018-03-18,FC Cologne,Bayer Leverkusen,2,0,H,7.0,10.0,3.0,3.0,15.0,7.0,2.0,2.0,5.0,3.75,1.72,,,
2018-03-18,RB Leipzig,Bayern Munich,2,1,H,16.0,9.0,6.0,2.0,16.0,14.0,3.0,6.0,5.0,4.33,1.6,,,
2018-03-18,Borussia Dortmund,Hannover 96,1,0,H,25.0,8.0,9.0,4.0,14.0,10.0,12.0,2.0,1.44,4.75,7.0,,,
2018-03-31,Bayer Leverkusen,FC Augsburg,0,0,D,18.0,7.0,2.0,2.0,4.0,10.0,5.0,1.0,1.44,4.5,6.5,,,
2018-03-31,VfB Stuttgart,Hamburg,1,1,D,11.0,8.0,4.0,6.0,15.0,12.0,3.0,7.0,1.72,3.6,4.75,,,
2018-03-31,FC Schalke 04,SC Freiburg,2,0,H,16.0,6.0,7.0,0.0,19.0,16.0,2.0,2.0,1.55,3.79,6.5,,,
2018-03-31,TSG Hoffenheim,FC Cologne,6,0,H,18.0,4.0,11.0,1.0,13.0,10.0,4.0,8.0,1.53,4.5,5.75,,,
2018-03-31,Hannover 96,RB Leipzig,2,3,A,13.0,15.0,3.0,5.0,16.0,16.0,6.0,3.0,3.89,3.6,1.95,,,
2018-03-31,Bayern Munich,Borussia Dortmund,6,0,H,17.0,9.0,9.0,3.0,4.0,7.0,2.0,1.0,1.36,5.0,8.0,,,
2018-03-31,Hertha BSC,VfL Wolfsburg,0,0,D,9.0,9.0,2.0,1.0,15.0,12.0,4.0,5.0,2.04,3.29,3.6,,,
2018-04-01,FSV Mainz 05,Borussia Monchengladbach,0,0,D,14.0,11.0,5.0,2.0,14.0,8.0,7.0,6.0,2.45,3.39,2.75,,,
2018-04-01,Werder Bremen,Ein Frankfurt,2,1,H,11.0,11.0,6.0,6.0,16.0,9.0,6.0,3.0,2.37,3.25,3.0,,,
2018-04-06,Hannover 96,Werder Bremen,2,1,H,10.0,14.0,6.0,4.0,16.0,20.0,4.0,2.0,2.89,3.5,2.37,,,
2018-04-07,FC Augsburg,Bayern Munich,1,4,A,7.0,12.0,1.0,7.0,19.0,8.0,1.0,6.0,6.5,4.33,1.5,,,
2018-04-07,FC Cologne,FSV Mainz 05,1,1,D,15.0,12.0,8.0,4.0,13.0,19.0,8.0,3.0,2.0,3.5,3.75,,,
2018-04-07,SC Freiburg,VfL Wolfsburg,0,2,A,13.0,11.0,1.0,2.0,16.0,14.0,9.0,3.0,2.5,3.1,3.1,,,
2018-04-07,Hamburg,FC Schalke 04,3,2,H,18.0,7.0,7.0,4.0,16.0,15.0,8.0,1.0,4.33,3.39,1.9,,,
2018-04-07,Borussia Monchengladbach,Hertha BSC,2,1,H,10.0,13.0,3.0,6.0,13.0,20.0,4.0,5.0,1.7,3.5,5.75,,,
2018-04-08,Borussia Dortmund,VfB Stuttgart,3,0,H,18.0,12.0,12.0,6.0,12.0,15.0,5.0,7.0,1.61,4.0,5.5,,,
2018-04-08,Ein Frankfurt,TSG Hoffenheim,1,1,D,15.0,10.0,5.0,3.0,13.0,8.0,8.0,3.0,2.39,3.39,3.0,,,
2018-04-09,RB Leipzig,Bayer Leverkusen,1,4,A,19.0,13.0,4.0,7.0,8.0,7.0,8.0,9.0,2.29,3.5,3.0,,,
2018-04-13,VfL Wolfsburg,FC Augsburg,0,0,D,17.0,9.0,4.0,2.0,18.0,17.0,7.0,5.0,2.14,3.29,3.6,,,
2018-04-14,VfB Stuttgart,Hannover 96,1,1,D,12.0,9.0,5.0,3.0,12.0,11.0,10.0,4.0,1.9,3.6,4.0,,,
2018-04-14,Bayer Leverkusen,Ein Frankfurt,4,1,H,11.0,7.0,6.0,1.0,15.0,8.0,2.0,2.0,1.8,3.79,4.33,,,
2018-04-14,TSG Hoffenheim,Hamburg,2,0,H,21.0,13.0,6.0,5.0,8.0,10.0,7.0,8.0,1.5,4.33,6.5,,,
2018-04-14,Hertha BSC,FC Cologne,2,1,H,13.0,13.0,6.0,2.0,13.0,11.0,6.0,8.0,1.95,3.6,3.79,,,
2018-04-14,Bayern Munich,Borussia Monchengladbach,5,1,H,20.0,4.0,11.0,1.0,9.0,9.0,6.0,0.0,1.33,5.75,8.0,,,
2018-04-15,FC Schalke 04,Borussia Dortmund,2,0,H,12.0,12.0,3.0,5.0,8.0,9.0,4.0,6.0,2.54,3.39,2.7,,,
2018-04-15,Werder Bremen,RB Leipzig,1,1,D,16.0,10.0,6.0,4.0,17.0,13.0,5.0,2.0,2.79,3.5,2.45,,,
2018-04-16,FSV Mainz 05,SC Freiburg,2,0,H,14.0,11.0,3.0,0.0,16.0,10.0,4.0,4.0,2.29,3.29,3.2,,,
2018-04-20,Borussia Monchengladbach,VfL Wolfsburg,3,0,H,16.0,7.0,6.0,2.0,18.0,16.0,8.0,5.0,1.8,3.79,4.5,,,
2018-04-21,VfB Stuttgart,Werder Bremen,2,0,H,11.0,9.0,5.0,3.0,8.0,18.0,3.0,5.0,2.39,3.29,3.0,,,
2018-04-21,RB Leipzig,TSG Hoffenheim,2,5,A,14.0,12.0,8.0,7.0,7.0,20.0,8.0,4.0,2.04,3.75,3.39,,,
2018-04-21,Hannover 96,Bayern Munich,0,3,A,6.0,14.0,2.0,8.0,11.0,19.0,2.0,7.0,6.25,4.59,1.44,,,
2018-04-21,Hamburg,SC Freiburg,1,0,H,11.0,11.0,5.0,4.0,12.0,15.0,10.0,4.0,2.04,3.39,3.75,,,
2018-04-21,Ein Frankfurt,Hertha BSC,0,3,A,13.0,4.0,3.0,3.0,9.0,16.0,5.0,0.0,1.95,3.39,4.2,,,
2018-04-21,Borussia Dortmund,Bayer Leverkusen,4,0,H,17.0,10.0,9.0,2.0,11.0,14.0,7.0,6.0,2.29,3.5,3.0,,,
2018-04-22,FC Augsburg,FSV Mainz 05,2,0,H,15.0,7.0,6.0,3.0,16.0,18.0,4.0,5.0,2.2,3.29,3.39,,,
2018-04-22,FC Cologne,FC Schalke 04,2,2,D,11.0,21.0,3.0,7.0,9.0,22.0,5.0,7.0,3.75,3.5,2.0,,,
2018-04-27,TSG Hoffenheim,Hannover 96,3,1,H,16.0,13.0,6.0,4.0,21.0,11.0,7.0,4.0,1.28,6.0,9.5,,,
2018-04-28,VfL Wolfsburg,Hamburg,1,3,A,10.0,14.0,1.0,5.0,14.0,17.0,2.0,6.0,2.2,3.39,3.29,,,
2018-04-28,FC Schalke 04,Borussia Monchengladbach,1,1,D,10.0,10.0,4.0,4.0,11.0,11.0,1.0,1.0,1.85,3.6,4.2,,,
2018-04-28,Bayer Leverkusen,VfB Stuttgart,0,1,A,24.0,4.0,7.0,1.0,13.0,12.0,6.0,2.0,1.39,4.75,8.0,,,
2018-04-28,SC Freiburg,FC Cologne,3,2,H,12.0,13.0,6.0,3.0,16.0,13.0,2.0,5.0,2.1,3.39,3.6,,,
2018-04-28,Bayern Munich,Ein Frankfurt,4,1,H,12.0,12.0,6.0,3.0,6.0,9.0,1.0,2.0,1.6,4.33,5.25,,,
2018-04-28,Hertha BSC,FC Augsburg,2,2,D,8.0,12.0,5.0,3.0,9.0,14.0,6.0,3.0,2.04,3.25,3.79,,,
2018-04-29,FSV Mainz 05,RB Leipzig,3,0,H,16.0,6.0,9.0,1.0,24.0,9.0,7.0,8.0,3.75,3.39,2.04,,,
2018-04-29,Werder Bremen,Borussia Dortmund,1,1,D,19.0,17.0,6.0,6.0,8.0,9.0,7.0,5.0,3.79,3.75,1.9,,,
2018-05-05,Werder Bremen,Bayer Leverkusen,0,0,D,3.0,9.0,0.0,1.0,14.0,18.0,3.0,1.0,3.79,4.0,1.85,,,
2018-05-05,FC Augsburg,FC Schalke 04,1,2,A,12.0,15.0,5.0,7.0,13.0,9.0,4.0,4.0,3.6,3.29,2.1,,,
2018-05-05,Borussia Dortmund,FSV Mainz 05,1,2,A,12.0,7.0,4.0,5.0,16.0,17.0,4.0,2.0,1.3,5.5,10.0,,,
2018-05-05,Ein Frankfurt,Hamburg,3,0,H,14.0,14.0,10.0,4.0,14.0,5.0,3.0,7.0,1.95,3.5,4.0,,,
2018-05-05,FC Cologne,Bayern Munich,1,3,A,10.0,16.0,3.0,9.0,11.0,8.0,4.0,7.0,11.0,6.5,1.25,,,
2018-05-05,Hannover 96,Hertha BSC,3,1,H,11.0,16.0,5.0,2.0,11.0,15.0,4.0,6.0,2.7,3.39,2.62,,,
2018-05-05,Borussia Monchengladbach,SC Freiburg,3,1,H,18.0,18.0,5.0,6.0,6.0,8.0,7.0,3.0,1.8,3.6,4.75,,,
2018-05-05,RB Leipzig,VfL Wolfsburg,4,1,H,13.0,10.0,7.0,5.0,11.0,10.0,2.0,5.0,1.61,4.0,5.5,,,
2018-05-05,VfB Stuttgart,TSG Hoffenheim,2,0,H,5.0,21.0,2.0,7.0,15.0,10.0,1.0,9.0,3.1,3.75,2.14,,,
2018-05-12,Hertha BSC,RB Leipzig,2,6,A,8.0,17.0,4.0,10.0,12.0,11.0,3.0,6.0,4.2,3.75,1.85,,,
2018-05-12,Hamburg,Borussia Monchengladbach,2,1,H,17.0,8.0,8.0,3.0,10.0,7.0,8.0,3.0,2.29,3.5,3.0,,,
2018-05-12,FSV Mainz 05,Werder Bremen,1,2,A,13.0,14.0,1.0,3.0,10.0,6.0,3.0,7.0,2.29,3.6,3.0,,,
2018-05-12,Bayern Munich,VfB Stuttgart,1,4,A,18.0,7.0,8.0,7.0,10.0,8.0,10.0,0.0,1.16,8.0,15.0,,,
2018-05-12,Bayer Leverkusen,Hannover 96,3,2,H,27.0,11.0,8.0,4.0,9.0,11.0,5.0,2.0,1.19,7.0,13.0,,,
2018-05-12,SC Freiburg,FC Augsburg,2,0,H,12.0,5.0,3.0,2.0,13.0,17.0,5.0,4.0,1.95,3.39,4.0,,,
2018-05-12,TSG Hoffenheim,Borussia Dortmund,3,1,H,12.0,10.0,8.0,4.0,4.0,7.0,2.0,3.0,2.2,3.79,3.0,,,
2018-05-12,VfL Wolfsburg,FC Cologne,4,1,H,16.0,6.0,8.0,1.0,12.0,17.0,5.0,10.0,1.64,4.0,5.25,,,
2018-05-12,FC Schalke 04,Ein Frankfurt,1,0,H,11.0,6.0,5.0,2.0,10.0,12.0,4.0,3.0,2.29,3.5,3.0,,,
2018-08-24,Bayern Munich,TSG Hoffenheim,3,1,H,16.0,8.0,5.0,5.0,2.0,21.0,7.0,2.0,1.2,7.5,12.0,,,
2018-08-25,Fortuna Dusseldorf,FC Augsburg,1,2,A,9.0,14.0,5.0,7.0,11.0,10.0,7.0,5.0,2.37,3.25,3.0,,,
2018-08-25,SC Freiburg,Ein Frankfurt,0,2,A,22.0,10.0,6.0,2.0,7.0,12.0,6.0,4.0,2.3,3.3,3.25,,,
2018-08-25,Hertha BSC,FC Nurnberg,1,0,H,10.0,12.0,3.0,3.0,13.0,10.0,8.0,4.0,2.04,3.4,3.75,,,
2018-08-25,Borussia Monchengladbach,Bayer Leverkusen,2,0,H,17.0,13.0,7.0,3.0,10.0,10.0,9.0,5.0,2.8,3.5,2.45,,,
2018-08-25,Werder Bremen,Hannover 96,1,1,D,15.0,13.0,3.0,4.0,5.0,6.0,4.0,3.0,1.85,3.6,4.0,,,
2018-08-25,VfL Wolfsburg,FC Schalke 04,2,1,H,11.0,9.0,7.0,4.0,16.0,11.0,7.0,2.0,3.1,3.3,2.37,,,
2018-08-26,Borussia Dortmund,RB Leipzig,4,1,H,10.0,10.0,5.0,7.0,8.0,11.0,7.0,9.0,1.72,3.8,4.75,,,
2018-08-26,FSV Mainz 05,VfB Stuttgart,1,0,H,8.0,12.0,3.0,3.0,15.0,6.0,6.0,3.0,2.7,3.25,2.7,,,
2018-08-31,Hannover 96,Borussia Dortmund,0,0,D,7.0,8.0,0.0,3.0,11.0,5.0,4.0,1.0,5.5,4.33,1.57,,,
2018-09-01,VfB Stuttgart,Bayern Munich,0,3,A,4.0,20.0,0.0,6.0,3.0,5.0,0.0,12.0,11.0,5.5,1.28,,,
2018-09-01,FC Nurnberg,FSV Mainz 05,1,1,D,19.0,6.0,4.0,1.0,10.0,11.0,5.0,1.0,2.37,3.3,3.1,,,
2018-09-01,Bayer Leverkusen,VfL Wolfsburg,1,3,A,16.0,12.0,3.0,5.0,13.0,13.0,5.0,3.0,1.61,4.33,5.0,,,
2018-09-01,FC Augsburg,Borussia Monchengladbach,1,1,D,18.0,7.0,7.0,2.0,12.0,12.0,9.0,4.0,2.62,3.4,2.7,,,
2018-09-01,Ein Frankfurt,Werder Bremen,1,2,A,5.0,11.0,1.0,6.0,6.0,11.0,8.0,3.0,2.4,3.5,2.9,,,
2018-09-01,TSG Hoffenheim,SC Freiburg,3,1,H,20.0,9.0,7.0,4.0,13.0,14.0,6.0,4.0,1.55,4.0,6.5,,,
2018-09-02,RB Leipzig,Fortuna Dusseldorf,1,1,D,23.0,14.0,7.0,8.0,11.0,15.0,3.0,3.0,1.4,4.75,8.0,,,
2018-09-02,FC Schalke 04,Hertha BSC,0,2,A,16.0,5.0,4.0,3.0,16.0,15.0,9.0,0.0,1.75,3.6,5.0,,,
2018-09-14,Borussia Dortmund,Ein Frankfurt,3,1,H,10.0,5.0,6.0,2.0,11.0,11.0,7.0,1.0,1.4,5.0,7.5,,,
2018-09-15,RB Leipzig,Hannover 96,3,2,H,15.0,16.0,6.0,8.0,12.0,12.0,4.0,12.0,1.53,4.33,5.5,,,
2018-09-15,VfL Wolfsburg,Hertha BSC,2,2,D,15.0,9.0,6.0,5.0,10.0,13.0,7.0,2.0,2.1,3.25,3.75,,,
2018-09-15,Borussia Monchengladbach,FC Schalke 04,2,1,H,15.0,15.0,4.0,6.0,5.0,12.0,6.0,6.0,2.37,3.4,3.0,,,
2018-09-15,Fortuna Dusseldorf,TSG Hoffenheim,2,1,H,8.0,18.0,4.0,5.0,10.0,19.0,0.0,9.0,4.0,3.6,1.9,,,
2018-09-15,Bayern Munich,Bayer Leverkusen,3,1,H,18.0,3.0,5.0,1.0,4.0,12.0,9.0,1.0,1.2,7.0,13.0,,,
2018-09-15,FSV Mainz 05,FC Augsburg,2,1,H,22.0,13.0,7.0,4.0,9.0,16.0,5.0,4.0,2.54,3.25,2.87,,,
2018-09-16,SC Freiburg,VfB Stuttgart,3,3,D,12.0,11.0,5.0,6.0,13.0,11.0,5.0,8.0,2.62,3.25,2.75,,,
2018-09-16,Werder Bremen,FC Nurnberg,1,1,D,14.0,11.0,2.0,2.0,17.0,5.0,4.0,7.0,1.66,4.0,5.0,,,
2018-09-21,VfB Stuttgart,Fortuna Dusseldorf,0,0,D,10.0,19.0,1.0,7.0,8.0,19.0,2.0,9.0,1.72,3.6,5.25,,,
2018-09-22,FC Schalke 04,Bayern Munich,0,2,A,10.0,14.0,2.0,7.0,12.0,11.0,0.0,8.0,8.0,4.5,1.4,,,
2018-09-22,FC Augsburg,Werder Bremen,2,3,A,21.0,12.0,7.0,7.0,10.0,11.0,7.0,4.0,2.5,3.25,2.9,,,
2018-09-22,Hertha BSC,Borussia Monchengladbach,4,2,H,16.0,17.0,7.0,4.0,9.0,13.0,8.0,7.0,2.37,3.3,3.1,,,
2018-09-22,TSG Hoffenheim,Borussia Dortmund,1,1,D,17.0,8.0,5.0,2.0,12.0,10.0,4.0,4.0,2.62,3.75,2.4,,,
2018-09-22,FC Nurnberg,Hannover 96,2,0,H,14.0,9.0,6.0,3.0,16.0,7.0,9.0,3.0,2.5,3.25,2.9,,,
2018-09-22,VfL Wolfsburg,SC Freiburg,1,3,A,17.0,12.0,9.0,8.0,12.0,17.0,7.0,7.0,1.72,3.6,5.25,,,
2018-09-23,Bayer Leverkusen,FSV Mainz 05,1,0,H,18.0,12.0,5.0,5.0,12.0,13.0,7.0,4.0,1.57,4.33,5.5,,,
2018-09-23,Ein Frankfurt,RB Leipzig,1,1,D,8.0,9.0,5.0,2.0,14.0,8.0,4.0,2.0,2.9,3.4,2.35,,,
2018-09-25,Bayern Munich,FC Augsburg,1,1,D,16.0,12.0,8.0,4.0,6.0,15.0,8.0,4.0,1.1,10.0,23.0,,,
2018-09-25,SC Freiburg,FC Schalke 04,1,0,H,15.0,15.0,4.0,3.0,12.0,11.0,3.0,3.0,3.5,3.2,2.14,,,
2018-09-25,Hannover 96,TSG Hoffenheim,1,3,A,17.0,17.0,8.0,9.0,12.0,13.0,8.0,5.0,3.5,3.6,2.04,,,
2018-09-25,Werder Bremen,Hertha BSC,3,1,H,14.0,12.0,6.0,2.0,13.0,9.0,2.0,3.0,2.0,3.5,3.8,,,
2018-09-26,RB Leipzig,VfB Stuttgart,2,0,H,18.0,9.0,8.0,0.0,11.0,8.0,4.0,2.0,1.72,3.8,4.75,,,
2018-09-26,Borussia Monchengladbach,Ein Frankfurt,3,1,H,21.0,12.0,9.0,2.0,7.0,11.0,9.0,6.0,1.75,3.8,4.75,,,
2018-09-26,FSV Mainz 05,VfL Wolfsburg,0,0,D,11.0,12.0,2.0,4.0,13.0,15.0,5.0,11.0,2.6,3.25,2.8,,,
2018-09-26,Borussia Dortmund,FC Nurnberg,7,0,H,19.0,4.0,10.0,1.0,6.0,10.0,4.0,5.0,1.3,5.5,10.0,,,
2018-09-26,Fortuna Dusseldorf,Bayer Leverkusen,1,2,A,16.0,6.0,4.0,3.0,6.0,12.0,7.0,5.0,3.75,3.75,1.95,,,
2018-09-28,Hertha BSC,Bayern Munich,2,0,H,6.0,25.0,4.0,5.0,14.0,10.0,1.0,14.0,10.0,5.75,1.28,,,
2018-09-29,TSG Hoffenheim,RB Leipzig,1,2,A,13.0,18.0,6.0,7.0,4.0,14.0,4.0,8.0,2.04,3.75,3.4,,,
2018-09-29,Bayer Leverkusen,Borussia Dortmund,2,4,A,14.0,16.0,6.0,10.0,11.0,12.0,6.0,8.0,2.8,3.5,2.4,,,
2018-09-29,FC Nurnberg,Fortuna Dusseldorf,3,0,H,10.0,13.0,6.0,4.0,10.0,9.0,4.0,4.0,2.14,3.4,3.4,,,
2018-09-29,FC Schalke 04,FSV Mainz 05,1,0,H,15.0,15.0,2.0,5.0,22.0,21.0,4.0,5.0,1.64,3.75,5.5,,,
2018-09-29,VfB Stuttgart,Werder Bremen,2,1,H,18.0,14.0,5.0,3.0,15.0,14.0,6.0,8.0,2.7,3.25,2.7,,,
2018-09-29,VfL Wolfsburg,Borussia Monchengladbach,2,2,D,13.0,10.0,3.0,3.0,6.0,14.0,6.0,3.0,2.3,3.4,3.1,,,
2018-09-30,FC Augsburg,SC Freiburg,4,1,H,21.0,13.0,10.0,6.0,12.0,8.0,5.0,3.0,1.9,3.4,4.33,,,
2018-09-30,Ein Frankfurt,Hannover 96,4,1,H,15.0,4.0,7.0,1.0,16.0,11.0,3.0,4.0,1.9,3.6,4.0,,,
2018-10-05,Werder Bremen,VfL Wolfsburg,2,0,H,15.0,10.0,5.0,4.0,12.0,13.0,7.0,5.0,1.95,3.5,4.0,,,
2018-10-06,FSV Mainz 05,Hertha BSC,0,0,D,23.0,11.0,3.0,1.0,12.0,9.0,5.0,6.0,2.7,3.2,2.7,,,
2018-10-06,Hannover 96,VfB Stuttgart,3,1,H,15.0,11.0,6.0,5.0,16.0,11.0,5.0,7.0,2.5,3.3,2.87,,,
2018-10-06,Fortuna Dusseldorf,FC Schalke 04,0,2,A,9.0,15.0,3.0,5.0,17.0,15.0,4.0,6.0,3.6,3.4,2.1,,,
2018-10-06,Bayern Munich,Borussia Monchengladbach,0,3,A,14.0,7.0,3.0,3.0,7.0,4.0,1.0,3.0,1.2,7.0,13.0,,,
2018-10-06,Borussia Dortmund,FC Augsburg,4,3,H,20.0,12.0,8.0,6.0,5.0,29.0,9.0,6.0,1.44,4.75,7.0,,,
2018-10-07,SC Freiburg,Bayer Leverkusen,0,0,D,7.0,14.0,1.0,0.0,11.0,12.0,3.0,4.0,3.4,3.4,2.14,,,
2018-10-07,TSG Hoffenheim,Ein Frankfurt,1,2,A,20.0,6.0,4.0,4.0,15.0,16.0,6.0,0.0,1.72,3.8,4.75,,,
2018-10-07,RB Leipzig,FC Nurnberg,6,0,H,18.0,3.0,8.0,0.0,11.0,12.0,6.0,1.0,1.44,4.75,7.0,,,
2018-10-19,Ein Frankfurt,Fortuna Dusseldorf,7,1,H,21.0,10.0,13.0,5.0,13.0,12.0,5.0,1.0,1.61,3.8,5.75,,,
2018-10-20,FC Augsburg,RB Leipzig,0,0,D,6.0,15.0,0.0,3.0,20.0,24.0,2.0,2.0,3.0,3.5,2.3,,,
2018-10-20,Bayer Leverkusen,Hannover 96,2,2,D,19.0,9.0,7.0,7.0,14.0,18.0,9.0,5.0,1.5,4.33,6.5,,,
2018-10-20,FC Nurnberg,TSG Hoffenheim,1,3,A,7.0,20.0,2.0,12.0,8.0,9.0,1.0,7.0,3.75,3.8,1.9,,,
2018-10-20,FC Schalke 04,Werder Bremen,0,2,A,14.0,8.0,4.0,3.0,13.0,9.0,3.0,1.0,2.04,3.4,3.75,,,
2018-10-20,VfB Stuttgart,Borussia Dortmund,0,4,A,13.0,12.0,5.0,4.0,7.0,5.0,10.0,2.0,4.2,3.75,1.83,,,
2018-10-20,VfL Wolfsburg,Bayern Munich,1,3,A,8.0,13.0,1.0,11.0,9.0,12.0,2.0,9.0,8.5,5.0,1.36,,,
2018-10-21,Hertha BSC,SC Freiburg,1,1,D,13.0,8.0,5.0,3.0,12.0,14.0,8.0,3.0,1.85,3.6,4.33,,,
2018-10-21,Borussia Monchengladbach,FSV Mainz 05,4,0,H,16.0,13.0,8.0,4.0,4.0,10.0,4.0,6.0,1.61,4.33,5.0,,,
2018-10-26,SC Freiburg,Borussia Monchengladbach,3,1,H,13.0,11.0,7.0,2.0,9.0,12.0,3.0,10.0,3.5,3.6,2.0,,,
2018-10-27,Borussia Dortmund,Hertha BSC,2,2,D,19.0,10.0,5.0,4.0,7.0,15.0,8.0,2.0,1.4,4.75,8.0,,,
2018-10-27,Fortuna Dusseldorf,VfL Wolfsburg,0,3,A,8.0,18.0,1.0,6.0,12.0,11.0,4.0,9.0,3.0,3.4,2.37,,,
2018-10-27,Hannover 96,FC Augsburg,1,2,A,17.0,9.0,4.0,4.0,15.0,16.0,5.0,4.0,2.6,3.3,2.75,,,
2018-10-27,TSG Hoffenheim,VfB Stuttgart,4,0,H,22.0,6.0,10.0,0.0,11.0,9.0,6.0,3.0,1.57,4.33,5.5,,,
2018-10-27,FSV Mainz 05,Bayern Munich,1,2,A,6.0,21.0,1.0,5.0,13.0,6.0,2.0,7.0,11.0,6.5,1.25,,,
2018-10-28,FC Nurnberg,Ein Frankfurt,1,1,D,10.0,10.0,3.0,2.0,11.0,13.0,8.0,6.0,3.3,3.5,2.14,,,
2018-10-28,RB Leipzig,FC Schalke 04,0,0,D,15.0,6.0,2.0,0.0,11.0,13.0,7.0,4.0,1.75,3.6,4.75,,,
2018-10-28,Werder Bremen,Bayer Leverkusen,2,6,A,14.0,17.0,6.0,10.0,9.0,8.0,6.0,6.0,2.3,3.4,3.1,,,
2018-11-02,VfB Stuttgart,Ein Frankfurt,0,3,A,10.0,15.0,0.0,7.0,4.0,10.0,1.0,3.0,3.0,3.5,2.3,,,
2018-11-03,FC Augsburg,FC Nurnberg,2,2,D,17.0,13.0,4.0,5.0,16.0,11.0,6.0,6.0,1.6,3.8,6.0,,,
2018-11-03,Hertha BSC,RB Leipzig,0,3,A,12.0,25.0,5.0,11.0,6.0,11.0,3.0,7.0,3.2,3.4,2.25,,,
2018-11-03,Bayer Leverkusen,TSG Hoffenheim,1,4,A,21.0,10.0,9.0,4.0,6.0,17.0,6.0,7.0,2.1,4.0,3.1,,,
2018-11-03,FC Schalke 04,Hannover 96,3,1,H,16.0,20.0,6.0,6.0,10.0,10.0,7.0,7.0,1.61,3.8,6.0,,,
2018-11-03,VfL Wolfsburg,Borussia Dortmund,0,1,A,13.0,12.0,3.0,1.0,6.0,9.0,6.0,14.0,3.8,3.8,1.9,,,
2018-11-03,Bayern Munich,SC Freiburg,1,1,D,24.0,10.0,6.0,1.0,9.0,8.0,14.0,2.0,1.11,10.0,21.0,,,
2018-11-04,FSV Mainz 05,Werder Bremen,2,1,H,13.0,14.0,6.0,4.0,7.0,8.0,3.0,6.0,3.0,3.4,2.37,,,
2018-11-04,Borussia Monchengladbach,Fortuna Dusseldorf,3,0,H,21.0,13.0,7.0,6.0,15.0,8.0,10.0,4.0,1.36,4.75,8.0,,,
2018-11-09,Hannover 96,VfL Wolfsburg,2,1,H,10.0,19.0,4.0,9.0,14.0,8.0,3.0,5.0,2.9,3.3,2.37,,,
2018-11-10,Borussia Dortmund,Bayern Munich,3,2,H,11.0,9.0,5.0,3.0,4.0,8.0,0.0,6.0,3.1,3.8,2.1,,,
2018-11-10,Fortuna Dusseldorf,Hertha BSC,4,1,H,20.0,11.0,9.0,5.0,15.0,15.0,2.0,6.0,3.6,3.4,2.1,,,
2018-11-10,SC Freiburg,FSV Mainz 05,1,3,A,15.0,12.0,4.0,9.0,19.0,10.0,3.0,4.0,2.0,3.4,3.75,,,
2018-11-10,TSG Hoffenheim,FC Augsburg,2,1,H,18.0,22.0,7.0,7.0,14.0,6.0,6.0,6.0,1.61,4.33,5.0,,,
2018-11-10,FC Nurnberg,VfB Stuttgart,0,2,A,10.0,13.0,3.0,4.0,14.0,10.0,3.0,9.0,2.4,3.25,3.1,,,
2018-11-10,Werder Bremen,Borussia Monchengladbach,1,3,A,20.0,16.0,5.0,6.0,7.0,2.0,9.0,5.0,2.4,3.5,2.75,,,
2018-11-11,Ein Frankfurt,FC Schalke 04,3,0,H,14.0,5.0,4.0,1.0,7.0,13.0,10.0,4.0,2.2,3.3,3.4,,,
2018-11-11,RB Leipzig,Bayer Leverkusen,3,0,H,14.0,7.0,7.0,2.0,12.0,12.0,4.0,3.0,1.8,4.0,4.0,,,
2018-11-23,Bayer Leverkusen,VfB Stuttgart,2,0,H,17.0,10.0,4.0,2.0,13.0,8.0,6.0,9.0,1.5,4.5,6.0,,,
2018-11-24,VfL Wolfsburg,RB Leipzig,1,0,H,5.0,10.0,3.0,4.0,10.0,13.0,2.0,9.0,3.5,3.5,2.1,,,
2018-11-24,FSV Mainz 05,Borussia Dortmund,1,2,A,15.0,11.0,7.0,7.0,9.0,11.0,6.0,5.0,5.5,4.0,1.6,,,
2018-11-24,FC Schalke 04,FC Nurnberg,5,2,H,20.0,12.0,10.0,6.0,7.0,12.0,7.0,2.0,1.53,4.0,7.0,,,
2018-11-24,Bayern Munich,Fortuna Dusseldorf,3,3,D,17.0,9.0,5.0,5.0,4.0,7.0,9.0,2.0,1.08,11.0,26.0,,,
2018-11-24,FC Augsburg,Ein Frankfurt,1,3,A,25.0,15.0,10.0,7.0,3.0,12.0,8.0,5.0,2.62,3.5,2.62,,,
2018-11-24,Hertha BSC,TSG Hoffenheim,3,3,D,23.0,13.0,8.0,6.0,9.0,13.0,8.0,5.0,3.4,3.75,2.04,,,
2018-11-25,SC Freiburg,Werder Bremen,1,1,D,23.0,19.0,9.0,8.0,6.0,10.0,6.0,3.0,2.87,3.3,2.5,,,
2018-11-25,Borussia Monchengladbach,Hannover 96,4,1,H,20.0,5.0,6.0,3.0,8.0,10.0,5.0,5.0,1.44,4.5,7.0,,,
2018-11-30,Fortuna Dusseldorf,FSV Mainz 05,0,1,A,20.0,15.0,7.0,3.0,8.0,7.0,12.0,5.0,2.7,3.3,2.6,,,
2018-12-01,Werder Bremen,Bayern Munich,1,2,A,9.0,16.0,3.0,5.0,13.0,8.0,3.0,10.0,7.0,5.25,1.4,,,
2018-12-01,VfB Stuttgart,FC Augsburg,1,0,H,13.0,17.0,3.0,4.0,11.0,10.0,3.0,8.0,2.6,3.3,2.75,,,
2018-12-01,TSG Hoffenheim,FC Schalke 04,1,1,D,20.0,13.0,7.0,5.0,11.0,13.0,4.0,10.0,1.8,3.8,4.33,,,
2018-12-01,Borussia Dortmund,SC Freiburg,2,0,H,11.0,5.0,4.0,1.0,6.0,11.0,2.0,3.0,1.28,5.5,11.0,,,
2018-12-01,Hannover 96,Hertha BSC,0,2,A,10.0,14.0,2.0,8.0,9.0,14.0,3.0,6.0,2.7,3.4,2.6,,,
2018-12-02,Ein Frankfurt,VfL Wolfsburg,1,2,A,13.0,10.0,2.0,3.0,10.0,9.0,9.0,3.0,1.8,4.0,4.1,,,
2018-12-02,RB Leipzig,Borussia Monchengladbach,2,0,H,14.0,7.0,6.0,4.0,9.0,9.0,5.0,4.0,1.9,3.75,3.75,,,
2018-12-03,FC Nurnberg,Bayer Leverkusen,1,1,D,11.0,20.0,4.0,6.0,14.0,10.0,3.0,6.0,4.2,4.0,1.8,,,
2018-12-07,Werder Bremen,Fortuna Dusseldorf,3,1,H,22.0,12.0,9.0,3.0,13.0,18.0,6.0,4.0,1.72,4.0,4.5,,,
2018-12-08,FC Schalke 04,Borussia Dortmund,1,2,A,6.0,10.0,3.0,3.0,12.0,9.0,3.0,1.0,3.3,3.4,2.2,,,
2018-12-08,VfL Wolfsburg,TSG Hoffenheim,2,2,D,10.0,19.0,3.0,6.0,9.0,9.0,6.0,4.0,3.0,3.6,2.3,,,
2018-12-08,Bayer Leverkusen,FC Augsburg,1,0,H,21.0,13.0,7.0,1.0,11.0,17.0,4.0,2.0,1.66,4.0,5.0,,,
2018-12-08,SC Freiburg,RB Leipzig,3,0,H,12.0,15.0,9.0,4.0,9.0,16.0,3.0,12.0,4.0,4.0,1.83,,,
2018-12-08,Bayern Munich,FC Nurnberg,3,0,H,20.0,4.0,8.0,1.0,9.0,6.0,11.0,1.0,1.08,11.0,34.0,,,
2018-12-08,Hertha BSC,Ein Frankfurt,1,0,H,7.0,18.0,4.0,4.0,15.0,14.0,5.0,9.0,2.45,3.3,2.9,,,
2018-12-09,FSV Mainz 05,Hannover 96,1,1,D,28.0,11.0,5.0,3.0,12.0,9.0,9.0,1.0,1.9,3.6,4.0,,,
2018-12-09,Borussia Monchengladbach,VfB Stuttgart,3,0,H,23.0,7.0,7.0,2.0,7.0,12.0,7.0,4.0,1.44,4.33,7.0,,,
2018-12-14,FC Nurnberg,VfL Wolfsburg,0,2,A,11.0,10.0,0.0,4.0,13.0,13.0,6.0,3.0,3.6,3.5,2.04,,,
2018-12-15,Borussia Dortmund,Werder Bremen,2,1,H,16.0,9.0,9.0,5.0,11.0,14.0,4.0,10.0,1.36,5.25,8.0,,,
2018-12-15,FC Augsburg,FC Schalke 04,1,1,D,17.0,15.0,9.0,5.0,17.0,8.0,6.0,7.0,2.5,3.25,2.9,,,
2018-12-15,Fortuna Dusseldorf,SC Freiburg,2,0,H,20.0,6.0,8.0,2.0,13.0,9.0,4.0,1.0,2.75,3.3,2.6,,,
2018-12-15,Hannover 96,Bayern Munich,0,4,A,3.0,32.0,0.0,14.0,9.0,5.0,0.0,14.0,11.0,7.0,1.22,,,
2018-12-15,TSG Hoffenheim,Borussia Monchengladbach,0,0,D,27.0,5.0,6.0,1.0,9.0,10.0,6.0,2.0,1.9,4.0,3.6,,,
2018-12-15,VfB Stuttgart,Hertha BSC,2,1,H,9.0,15.0,4.0,3.0,11.0,13.0,5.0,5.0,2.7,3.4,2.62,,,
2018-12-16,Ein Frankfurt,Bayer Leverkusen,2,1,H,17.0,12.0,7.0,6.0,9.0,8.0,10.0,7.0,2.4,3.5,2.87,,,
2018-12-16,RB Leipzig,FSV Mainz 05,4,1,H,17.0,11.0,7.0,5.0,9.0,13.0,6.0,2.0,1.4,4.75,7.5,,,
2018-12-18,VfL Wolfsburg,VfB Stuttgart,2,0,H,16.0,11.0,5.0,1.0,10.0,17.0,4.0,8.0,1.66,3.75,5.5,,,
2018-12-18,Borussia Monchengladbach,FC Nurnberg,2,0,H,17.0,7.0,7.0,2.0,5.0,19.0,6.0,7.0,1.36,5.5,7.0,,,
2018-12-18,Fortuna Dusseldorf,Borussia Dortmund,2,1,H,8.0,11.0,3.0,3.0,8.0,13.0,2.0,2.0,7.0,4.5,1.44,,,
2018-12-18,Hertha BSC,FC Augsburg,2,2,D,17.0,8.0,7.0,2.0,17.0,13.0,3.0,2.0,2.3,3.4,3.1,,,
2018-12-19,Bayern Munich,RB Leipzig,1,0,H,10.0,8.0,4.0,2.0,9.0,20.0,5.0,5.0,1.36,5.25,8.0,,,
2018-12-19,SC Freiburg,Hannover 96,1,1,D,14.0,18.0,7.0,3.0,13.0,14.0,5.0,2.0,1.85,3.6,4.0,,,
2018-12-19,FSV Mainz 05,Ein Frankfurt,2,2,D,17.0,12.0,6.0,4.0,13.0,15.0,3.0,2.0,3.2,3.5,2.2,,,
2018-12-19,FC Schalke 04,Bayer Leverkusen,1,2,A,18.0,8.0,4.0,5.0,14.0,19.0,7.0,1.0,2.4,3.5,2.9,,,
2018-12-19,Werder Bremen,TSG Hoffenheim,1,1,D,26.0,14.0,5.0,4.0,7.0,13.0,6.0,3.0,3.1,4.2,2.04,,,
2018-12-21,Borussia Dortmund,Borussia Monchengladbach,2,1,H,12.0,3.0,4.0,2.0,5.0,12.0,4.0,2.0,1.5,4.5,5.75,,,
2018-12-22,Ein Frankfurt,Bayern Munich,0,3,A,10.0,9.0,3.0,7.0,9.0,4.0,3.0,4.0,5.75,4.75,1.5,,,
2018-12-22,Hannover 96,Fortuna Dusseldorf,0,1,A,17.0,13.0,3.0,6.0,14.0,19.0,4.0,6.0,2.2,3.4,3.3,,,
2018-12-22,Bayer Leverkusen,Hertha BSC,3,1,H,15.0,13.0,7.0,8.0,3.0,12.0,4.0,5.0,1.72,4.0,4.5,,,
2018-12-22,FC Nurnberg,SC Freiburg,0,1,A,16.0,7.0,3.0,3.0,16.0,16.0,12.0,3.0,2.62,3.3,2.7,,,
2018-12-22,RB Leipzig,Werder Bremen,3,2,H,11.0,15.0,5.0,6.0,15.0,9.0,4.0,4.0,1.44,4.5,7.0,,,
2018-12-22,VfB Stuttgart,FC Schalke 04,1,3,A,17.0,15.0,5.0,6.0,9.0,17.0,2.0,5.0,3.2,3.3,2.3,,,
2018-12-23,FC Augsburg,VfL Wolfsburg,2,3,A,10.0,16.0,4.0,5.0,12.0,11.0,3.0,4.0,2.6,3.3,2.75,,,
2018-12-23,TSG Hoffenheim,FSV Mainz 05,1,1,D,28.0,12.0,7.0,5.0,11.0,10.0,9.0,2.0,1.44,4.5,6.5,,,
2019-01-18,TSG Hoffenheim,Bayern Munich,1,3,A,13.0,21.0,5.0,9.0,13.0,9.0,2.0,6.0,6.0,5.0,1.44,,,
2019-01-19,FC Augsburg,Fortuna Dusseldorf,1,2,A,13.0,11.0,6.0,3.0,13.0,9.0,5.0,3.0,1.9,3.6,4.0,,,
2019-01-19,Ein Frankfurt,SC Freiburg,3,1,H,9.0,21.0,4.0,7.0,13.0,8.0,5.0,5.0,1.65,4.0,5.25,,,
2019-01-19,Hannover 96,Werder Bremen,0,1,A,10.0,23.0,1.0,13.0,17.0,19.0,7.0,8.0,3.25,3.6,2.15,,,
2019-01-19,Bayer Leverkusen,Borussia Monchengladbach,0,1,A,22.0,7.0,10.0,3.0,9.0,14.0,10.0,3.0,2.0,3.7,3.6,,,
2019-01-19,RB Leipzig,Borussia Dortmund,0,1,A,12.0,8.0,5.0,4.0,12.0,9.0,6.0,7.0,2.5,3.5,2.75,,,
2019-01-19,VfB Stuttgart,FSV Mainz 05,2,3,A,28.0,14.0,8.0,4.0,9.0,16.0,13.0,8.0,2.4,3.3,2.9,,,
2019-01-20,FC Nurnberg,Hertha BSC,1,3,A,14.0,16.0,3.0,8.0,13.0,9.0,4.0,4.0,3.5,3.4,2.1,,,
2019-01-20,FC Schalke 04,VfL Wolfsburg,2,1,H,20.0,12.0,5.0,5.0,11.0,5.0,4.0,6.0,2.2,3.3,3.4,,,
2019-01-25,Hertha BSC,FC Schalke 04,2,2,D,11.0,14.0,4.0,7.0,15.0,10.0,3.0,6.0,2.5,3.25,2.87,,,
2019-01-26,Werder Bremen,Ein Frankfurt,2,2,D,18.0,8.0,9.0,4.0,11.0,10.0,8.0,3.0,2.55,3.5,2.7,,,
2019-01-26,Borussia Monchengladbach,FC Augsburg,2,0,H,14.0,4.0,6.0,1.0,9.0,15.0,4.0,0.0,1.66,4.0,5.0,,,
2019-01-26,VfL Wolfsburg,Bayer Leverkusen,0,3,A,10.0,23.0,4.0,14.0,10.0,14.0,5.0,6.0,2.62,3.5,2.6,,,
2019-01-26,SC Freiburg,TSG Hoffenheim,2,4,A,20.0,16.0,8.0,11.0,17.0,14.0,6.0,1.0,3.5,4.0,1.95,,,
2019-01-26,Borussia Dortmund,Hannover 96,5,1,H,18.0,11.0,9.0,3.0,7.0,10.0,6.0,3.0,1.16,7.5,15.0,,,
2019-01-26,FSV Mainz 05,FC Nurnberg,2,1,H,20.0,8.0,4.0,3.0,12.0,16.0,5.0,5.0,1.66,3.8,5.25,,,
2019-01-27,Bayern Munich,VfB Stuttgart,4,1,H,19.0,7.0,6.0,2.0,9.0,9.0,8.0,1.0,1.08,13.0,21.0,,,
2019-01-27,Fortuna Dusseldorf,RB Leipzig,0,4,A,10.0,12.0,0.0,9.0,11.0,11.0,8.0,2.0,4.0,3.6,1.9,,,
2019-02-01,Hannover 96,RB Leipzig,0,3,A,5.0,19.0,1.0,8.0,14.0,17.0,0.0,7.0,5.5,4.33,1.53,,,
2019-02-02,FC Schalke 04,Borussia Monchengladbach,0,2,A,9.0,16.0,1.0,9.0,9.0,8.0,1.0,6.0,2.4,3.4,3.0,,,
2019-02-02,FC Nurnberg,Werder Bremen,1,1,D,11.0,10.0,2.0,3.0,17.0,17.0,3.0,7.0,3.75,3.6,2.0,,,
2019-02-02,Bayer Leverkusen,Bayern Munich,3,1,H,11.0,17.0,4.0,6.0,13.0,13.0,7.0,4.0,5.5,4.5,1.55,,,
2019-02-02,Hertha BSC,VfL Wolfsburg,0,1,A,11.0,8.0,4.0,4.0,19.0,12.0,3.0,7.0,2.3,3.3,3.25,,,
2019-02-02,Ein Frankfurt,Borussia Dortmund,1,1,D,12.0,13.0,7.0,4.0,15.0,6.0,6.0,4.0,3.3,3.6,2.15,,,
2019-02-02,TSG Hoffenheim,Fortuna Dusseldorf,1,1,D,12.0,8.0,4.0,6.0,22.0,12.0,5.0,5.0,1.44,4.5,6.5,,,
2019-02-03,FC Augsburg,FSV Mainz 05,3,0,H,19.0,6.0,8.0,0.0,18.0,10.0,7.0,3.0,2.1,3.5,3.4,,,
2019-02-03,VfB Stuttgart,SC Freiburg,2,2,D,17.0,16.0,4.0,4.0,8.0,9.0,7.0,8.0,2.15,3.4,3.4,,,
2019-02-08,FSV Mainz 05,Bayer Leverkusen,1,5,A,15.0,18.0,2.0,7.0,13.0,5.0,4.0,4.0,3.8,3.8,1.9,,,
2019-02-09,RB Leipzig,Ein Frankfurt,0,0,D,14.0,6.0,1.0,2.0,9.0,10.0,7.0,4.0,1.83,4.0,4.0,,,
2019-02-09,Hannover 96,FC Nurnberg,2,0,H,18.0,9.0,8.0,1.0,16.0,16.0,4.0,4.0,2.2,3.4,3.25,,,
2019-02-09,Borussia Monchengladbach,Hertha BSC,0,3,A,13.0,11.0,4.0,4.0,7.0,11.0,5.0,5.0,1.57,4.2,5.5,,,
2019-02-09,Borussia Dortmund,TSG Hoffenheim,3,3,D,16.0,14.0,7.0,6.0,7.0,14.0,7.0,8.0,1.66,4.2,4.75,,,
2019-02-09,SC Freiburg,VfL Wolfsburg,3,3,D,10.0,15.0,4.0,4.0,15.0,10.0,9.0,2.0,2.87,3.4,2.45,,,
2019-02-09,Bayern Munich,FC Schalke 04,3,1,H,17.0,7.0,4.0,5.0,8.0,9.0,7.0,2.0,1.2,7.0,13.0,,,
2019-02-10,Fortuna Dusseldorf,VfB Stuttgart,3,0,H,15.0,15.0,6.0,2.0,18.0,8.0,5.0,4.0,2.1,3.5,3.5,,,
2019-02-10,Werder Bremen,FC Augsburg,4,0,H,11.0,13.0,5.0,3.0,5.0,12.0,3.0,2.0,1.72,3.8,4.5,,,
2019-02-15,FC Augsburg,Bayern Munich,2,3,A,8.0,17.0,2.0,8.0,13.0,12.0,1.0,9.0,15.0,6.0,1.2,,,
2019-02-16,Hertha BSC,Werder Bremen,1,1,D,11.0,8.0,2.0,2.0,16.0,11.0,4.0,3.0,2.4,3.5,2.9,,,
2019-02-16,TSG Hoffenheim,Hannover 96,3,0,H,26.0,5.0,11.0,1.0,15.0,6.0,10.0,6.0,1.3,6.0,8.5,,,
2019-02-16,VfB Stuttgart,RB Leipzig,1,3,A,7.0,7.0,3.0,4.0,18.0,11.0,5.0,4.0,5.25,4.0,1.65,,,
2019-02-16,VfL Wolfsburg,FSV Mainz 05,3,0,H,16.0,12.0,6.0,4.0,6.0,11.0,4.0,7.0,1.72,4.0,4.5,,,
2019-02-16,FC Schalke 04,SC Freiburg,0,0,D,15.0,12.0,2.0,3.0,10.0,13.0,4.0,9.0,1.7,3.75,5.25,,,
2019-02-17,Ein Frankfurt,Borussia Monchengladbach,1,1,D,12.0,14.0,3.0,5.0,12.0,8.0,8.0,7.0,2.3,3.6,3.0,,,
2019-02-17,Bayer Leverkusen,Fortuna Dusseldorf,2,0,H,13.0,3.0,7.0,0.0,6.0,11.0,5.0,4.0,1.44,4.75,6.5,,,
2019-02-18,FC Nurnberg,Borussia Dortmund,0,0,D,7.0,17.0,2.0,6.0,8.0,9.0,3.0,11.0,7.5,5.0,1.4,,,
2019-02-22,Werder Bremen,VfB Stuttgart,1,1,D,15.0,8.0,4.0,3.0,7.0,9.0,4.0,2.0,1.53,4.33,5.75,,,
2019-02-23,Borussia Monchengladbach,VfL Wolfsburg,0,3,A,15.0,5.0,5.0,3.0,14.0,11.0,12.0,1.0,1.75,3.8,4.75,,,
2019-02-23,FSV Mainz 05,FC Schalke 04,3,0,H,21.0,10.0,6.0,3.0,10.0,15.0,1.0,3.0,2.8,3.4,2.5,,,
2019-02-23,SC Freiburg,FC Augsburg,5,1,H,19.0,14.0,11.0,4.0,13.0,16.0,8.0,1.0,2.15,3.5,3.3,,,
2019-02-23,Bayern Munich,Hertha BSC,1,0,H,12.0,9.0,4.0,2.0,12.0,6.0,11.0,3.0,1.18,7.0,17.0,,,
2019-02-23,Fortuna Dusseldorf,FC Nurnberg,2,1,H,19.0,5.0,7.0,2.0,14.0,7.0,7.0,3.0,1.72,3.75,5.0,,,
2019-02-24,Borussia Dortmund,Bayer Leverkusen,3,2,H,9.0,13.0,4.0,4.0,10.0,9.0,3.0,8.0,1.8,4.2,4.0,,,
2019-02-24,Hannover 96,Ein Frankfurt,0,3,A,11.0,14.0,3.0,8.0,11.0,12.0,3.0,5.0,4.75,3.75,1.75,,,
2019-02-25,RB Leipzig,TSG Hoffenheim,1,1,D,15.0,7.0,4.0,4.0,16.0,21.0,6.0,4.0,1.8,4.0,4.0,,,
2019-03-01,FC Augsburg,Borussia Dortmund,2,1,H,9.0,18.0,4.0,8.0,15.0,11.0,1.0,4.0,5.75,4.5,1.53,,,
2019-03-02,FC Schalke 04,Fortuna Dusseldorf,0,4,A,7.0,13.0,2.0,5.0,16.0,16.0,1.0,1.0,1.83,3.75,4.2,,,
2019-03-02,FC Nurnberg,RB Leipzig,0,1,A,7.0,12.0,1.0,5.0,8.0,17.0,5.0,8.0,6.5,4.33,1.5,,,
2019-03-02,Borussia Monchengladbach,Bayern Munich,1,5,A,11.0,19.0,2.0,14.0,6.0,11.0,1.0,9.0,5.5,4.5,1.57,,,
2019-03-02,Bayer Leverkusen,SC Freiburg,2,0,H,17.0,8.0,5.0,3.0,11.0,7.0,7.0,2.0,1.44,4.5,7.5,,,
2019-03-02,Ein Frankfurt,TSG Hoffenheim,3,2,H,18.0,20.0,10.0,7.0,8.0,16.0,4.0,3.0,2.37,3.75,2.8,,,
2019-03-02,Hertha BSC,FSV Mainz 05,2,1,H,11.0,13.0,4.0,1.0,13.0,10.0,4.0,1.0,1.85,3.6,4.33,,,
2019-03-03,VfB Stuttgart,Hannover 96,5,1,H,14.0,3.0,8.0,1.0,15.0,16.0,7.0,0.0,1.72,4.0,4.5,,,
2019-03-03,VfL Wolfsburg,Werder Bremen,1,1,D,13.0,12.0,5.0,3.0,8.0,22.0,6.0,4.0,2.15,3.5,3.3,,,
2019-03-08,Werder Bremen,FC Schalke 04,4,2,H,20.0,14.0,7.0,8.0,17.0,10.0,4.0,5.0,2.05,3.5,3.6,,,
2019-03-09,RB Leipzig,FC Augsburg,0,0,D,17.0,5.0,4.0,3.0,13.0,9.0,7.0,4.0,1.36,5.0,8.5,,,
2019-03-09,FSV Mainz 05,Borussia Monchengladbach,0,1,A,15.0,11.0,2.0,4.0,12.0,4.0,2.0,6.0,3.3,3.4,2.2,,,
2019-03-09,Bayern Munich,VfL Wolfsburg,6,0,H,22.0,4.0,12.0,1.0,9.0,6.0,7.0,2.0,1.25,6.5,10.0,,,
2019-03-09,Borussia Dortmund,VfB Stuttgart,3,1,H,18.0,7.0,8.0,1.0,6.0,10.0,7.0,1.0,1.28,5.5,11.0,,,
2019-03-09,SC Freiburg,Hertha BSC,2,1,H,10.0,16.0,4.0,6.0,10.0,14.0,3.0,6.0,2.55,3.25,2.87,,,
2019-03-10,Hannover 96,Bayer Leverkusen,2,3,A,11.0,15.0,5.0,5.0,14.0,15.0,6.0,6.0,8.5,5.75,1.3,,,
2019-03-10,TSG Hoffenheim,FC Nurnberg,2,1,H,18.0,11.0,6.0,5.0,10.0,7.0,8.0,3.0,1.25,5.75,12.0,,,
2019-03-11,Fortuna Dusseldorf,Ein Frankfurt,0,3,A,7.0,15.0,3.0,6.0,9.0,14.0,1.0,5.0,2.75,3.4,2.55,,,
2019-03-15,Borussia Monchengladbach,SC Freiburg,1,1,D,13.0,10.0,2.0,2.0,10.0,13.0,10.0,6.0,1.53,3.9,6.25,,,
2019-03-16,FC Augsburg,Hannover 96,3,1,H,22.0,13.0,10.0,4.0,11.0,10.0,2.0,3.0,1.61,4.33,5.0,,,
2019-03-16,Hertha BSC,Borussia Dortmund,2,3,A,7.0,25.0,4.0,8.0,10.0,5.0,4.0,10.0,4.2,3.75,1.85,,,
2019-03-16,FC Schalke 04,RB Leipzig,0,1,A,14.0,15.0,3.0,4.0,12.0,16.0,0.0,6.0,3.75,3.6,2.0,,,
2019-03-16,VfB Stuttgart,TSG Hoffenheim,1,1,D,13.0,21.0,2.0,8.0,10.0,15.0,4.0,9.0,3.7,4.0,1.85,,,
2019-03-16,VfL Wolfsburg,Fortuna Dusseldorf,5,2,H,19.0,18.0,10.0,6.0,15.0,9.0,7.0,5.0,1.75,3.75,4.75,,,
2019-03-17,Bayer Leverkusen,Werder Bremen,1,3,A,15.0,10.0,2.0,5.0,8.0,11.0,10.0,3.0,1.6,4.2,5.25,,,
2019-03-17,Bayern Munich,FSV Mainz 05,6,0,H,22.0,7.0,11.0,1.0,7.0,5.0,13.0,2.0,1.12,9.0,17.0,,,
2019-03-17,Ein Frankfurt,FC Nurnberg,1,0,H,24.0,9.0,4.0,3.0,4.0,13.0,8.0,3.0,1.4,5.0,7.5,,,
2019-03-29,TSG Hoffenheim,Bayer Leverkusen,4,1,H,13.0,18.0,5.0,6.0,8.0,6.0,4.0,7.0,2.37,3.8,2.7,,,
2019-03-30,Borussia Dortmund,VfL Wolfsburg,2,0,H,11.0,7.0,5.0,3.0,11.0,13.0,5.0,4.0,1.5,4.33,6.5,,,
2019-03-30,Fortuna Dusseldorf,Borussia Monchengladbach,3,1,H,8.0,13.0,4.0,6.0,14.0,13.0,1.0,2.0,3.0,3.5,2.3,,,
2019-03-30,SC Freiburg,Bayern Munich,1,1,D,12.0,26.0,5.0,8.0,8.0,9.0,1.0,7.0,12.0,6.5,1.22,,,
2019-03-30,FC Nurnberg,FC Augsburg,3,0,H,12.0,14.0,4.0,3.0,8.0,12.0,4.0,4.0,2.87,3.3,2.5,,,
2019-03-30,RB Leipzig,Hertha BSC,5,0,H,21.0,6.0,9.0,0.0,7.0,6.0,6.0,3.0,1.5,4.33,6.5,,,
2019-03-30,Werder Bremen,FSV Mainz 05,3,1,H,8.0,12.0,4.0,5.0,11.0,9.0,7.0,8.0,1.61,4.33,5.0,,,
2019-03-31,Ein Frankfurt,VfB Stuttgart,3,0,H,11.0,10.0,5.0,3.0,13.0,10.0,5.0,5.0,1.44,5.0,6.5,,,
2019-03-31,Hannover 96,FC Schalke 04,0,1,A,15.0,6.0,3.0,3.0,16.0,17.0,8.0,2.0,4.5,3.6,1.8,,,
2019-04-05,FSV Mainz 05,SC Freiburg,5,0,H,9.0,17.0,5.0,5.0,17.0,7.0,2.0,7.0,2.2,3.3,3.4,,,
2019-04-06,Bayern Munich,Borussia Dortmund,5,0,H,22.0,5.0,10.0,1.0,9.0,12.0,11.0,1.0,1.53,4.75,5.25,,,
2019-04-06,Hertha BSC,Fortuna Dusseldorf,1,2,A,13.0,13.0,3.0,7.0,18.0,11.0,2.0,6.0,1.9,3.6,4.0,,,
2019-04-06,Bayer Leverkusen,RB Leipzig,2,4,A,11.0,8.0,4.0,4.0,10.0,12.0,6.0,2.0,2.3,3.75,2.9,,,
2019-04-06,FC Schalke 04,Ein Frankfurt,1,2,A,6.0,16.0,4.0,5.0,16.0,8.0,3.0,6.0,3.3,3.5,2.15,,,
2019-04-06,VfB Stuttgart,FC Nurnberg,1,1,D,14.0,19.0,4.0,6.0,8.0,11.0,12.0,5.0,1.8,3.75,4.5,,,
2019-04-06,VfL Wolfsburg,Hannover 96,3,1,H,13.0,11.0,5.0,4.0,9.0,11.0,9.0,2.0,1.33,5.5,8.5,,,
2019-04-07,FC Augsburg,TSG Hoffenheim,0,4,A,8.0,18.0,0.0,9.0,9.0,10.0,4.0,3.0,3.6,4.33,1.83,,,
2019-04-07,Borussia Monchengladbach,Werder Bremen,1,1,D,15.0,12.0,3.0,6.0,7.0,6.0,7.0,1.0,2.05,3.6,3.4,,,
2019-04-12,FC Nurnberg,FC Schalke 04,1,1,D,17.0,16.0,6.0,2.0,12.0,13.0,11.0,9.0,3.4,3.25,2.25,,,
2019-04-13,Werder Bremen,SC Freiburg,2,1,H,17.0,9.0,7.0,5.0,18.0,7.0,7.0,3.0,1.6,4.0,5.75,,,
2019-04-13,VfB Stuttgart,Bayer Leverkusen,0,1,A,13.0,18.0,5.0,5.0,13.0,11.0,7.0,6.0,4.2,4.2,1.75,,,
2019-04-13,RB Leipzig,VfL Wolfsburg,2,0,H,21.0,6.0,10.0,2.0,19.0,12.0,9.0,3.0,1.57,4.2,5.75,,,
2019-04-13,Hannover 96,Borussia Monchengladbach,0,1,A,12.0,18.0,5.0,9.0,10.0,8.0,3.0,12.0,5.25,4.33,1.6,,,
2019-04-13,Borussia Dortmund,FSV Mainz 05,2,1,H,11.0,17.0,7.0,9.0,10.0,6.0,4.0,4.0,1.3,5.75,9.5,,,
2019-04-14,Ein Frankfurt,FC Augsburg,1,3,A,17.0,18.0,4.0,6.0,17.0,9.0,8.0,2.0,1.45,4.5,6.5,,,
2019-04-14,Fortuna Dusseldorf,Bayern Munich,1,4,A,7.0,21.0,2.0,10.0,11.0,8.0,2.0,6.0,12.0,7.5,1.18,,,
2019-04-14,TSG Hoffenheim,Hertha BSC,2,0,H,30.0,5.0,7.0,2.0,8.0,16.0,9.0,3.0,1.4,5.0,6.5,,,
2019-04-20,FC Augsburg,VfB Stuttgart,6,0,H,24.0,14.0,13.0,4.0,13.0,6.0,9.0,4.0,2.05,3.5,3.6,,,
2019-04-20,Bayern Munich,Werder Bremen,1,0,H,28.0,3.0,7.0,0.0,10.0,12.0,14.0,3.0,1.14,8.0,19.0,,,
2019-04-20,Bayer Leverkusen,FC Nurnberg,2,0,H,20.0,5.0,9.0,1.0,11.0,7.0,11.0,1.0,1.3,5.75,9.5,,,
2019-04-20,FSV Mainz 05,Fortuna Dusseldorf,3,1,H,21.0,17.0,5.0,7.0,10.0,14.0,3.0,7.0,2.1,3.6,3.4,,,
2019-04-20,Borussia Monchengladbach,RB Leipzig,1,2,A,14.0,14.0,4.0,4.0,13.0,14.0,2.0,4.0,3.0,3.75,2.25,,,
2019-04-20,FC Schalke 04,TSG Hoffenheim,2,5,A,15.0,11.0,5.0,6.0,13.0,15.0,6.0,1.0,3.6,4.0,1.9,,,
2019-04-21,Hertha BSC,Hannover 96,0,0,D,16.0,13.0,3.0,5.0,13.0,9.0,5.0,8.0,1.53,4.33,6.0,,,
2019-04-21,SC Freiburg,Borussia Dortmund,0,4,A,9.0,10.0,2.0,6.0,10.0,6.0,5.0,3.0,6.0,4.33,1.53,,,
2019-04-22,VfL Wolfsburg,Ein Frankfurt,1,1,D,21.0,12.0,8.0,3.0,10.0,8.0,13.0,6.0,2.55,3.6,2.55,,,
2019-04-26,FC Augsburg,Bayer Leverkusen,1,4,A,8.0,13.0,2.0,7.0,11.0,8.0,3.0,3.0,4.5,4.33,1.66,,,
2019-04-27,Borussia Dortmund,FC Schalke 04,2,4,A,8.0,8.0,2.0,4.0,9.0,18.0,2.0,4.0,1.3,5.5,9.0,,,
2019-04-27,Ein Frankfurt,Hertha BSC,0,0,D,10.0,10.0,4.0,3.0,13.0,15.0,2.0,4.0,1.4,4.75,7.0,,,
2019-04-27,Fortuna Dusseldorf,Werder Bremen,4,1,H,13.0,18.0,6.0,9.0,10.0,13.0,4.0,9.0,3.2,3.4,2.2,,,
2019-04-27,Hannover 96,FSV Mainz 05,1,0,H,7.0,23.0,3.0,4.0,10.0,14.0,4.0,7.0,3.0,3.4,2.3,,,
2019-04-27,RB Leipzig,SC Freiburg,2,1,H,15.0,14.0,4.0,8.0,15.0,15.0,5.0,4.0,1.25,5.5,12.0,,,
2019-04-27,VfB Stuttgart,Borussia Monchengladbach,1,0,H,13.0,17.0,6.0,4.0,18.0,8.0,2.0,7.0,3.5,3.5,2.05,,,
2019-04-28,TSG Hoffenheim,VfL Wolfsburg,1,4,A,19.0,22.0,7.0,10.0,13.0,9.0,9.0,3.0,1.45,4.75,6.0,,,
2019-04-28,FC Nurnberg,Bayern Munich,1,1,D,9.0,18.0,4.0,6.0,11.0,8.0,5.0,5.0,15.0,8.0,1.14,,,
2019-05-03,FSV Mainz 05,RB Leipzig,3,3,D,14.0,15.0,6.0,5.0,14.0,12.0,6.0,4.0,4.5,4.2,1.7,,,
2019-05-04,VfL Wolfsburg,FC Nurnberg,2,0,H,10.0,12.0,4.0,3.0,8.0,12.0,4.0,5.0,1.57,4.33,5.5,,,
2019-05-04,Werder Bremen,Borussia Dortmund,2,2,D,14.0,21.0,4.0,8.0,17.0,7.0,4.0,8.0,3.25,3.75,2.05,,,
2019-05-04,Bayern Munich,Hannover 96,3,1,H,27.0,2.0,14.0,1.0,9.0,5.0,11.0,0.0,1.03,21.0,34.0,,,
2019-05-04,Hertha BSC,VfB Stuttgart,3,1,H,11.0,14.0,6.0,1.0,13.0,17.0,2.0,5.0,2.2,3.6,3.1,,,
2019-05-04,Borussia Monchengladbach,TSG Hoffenheim,2,2,D,10.0,26.0,5.0,9.0,10.0,18.0,2.0,7.0,2.7,4.0,2.3,,,
2019-05-05,SC Freiburg,Fortuna Dusseldorf,1,1,D,9.0,16.0,3.0,3.0,12.0,11.0,5.0,4.0,2.1,3.75,3.2,,,
2019-05-05,Bayer Leverkusen,Ein Frankfurt,6,1,H,17.0,4.0,11.0,2.0,3.0,11.0,1.0,4.0,1.61,4.5,5.0,,,
2019-05-05,FC Schalke 04,FC Augsburg,0,0,D,14.0,7.0,3.0,3.0,4.0,7.0,7.0,4.0,1.8,3.8,4.33,,,
2019-05-11,FC Nurnberg,Borussia Monchengladbach,0,4,A,12.0,16.0,2.0,5.0,4.0,14.0,1.0,5.0,3.8,4.0,1.85,,,
2019-05-11,VfB Stuttgart,VfL Wolfsburg,3,0,H,11.0,8.0,4.0,2.0,14.0,10.0,4.0,3.0,3.2,3.5,2.2,,,
2019-05-11,RB Leipzig,Bayern Munich,0,0,D,10.0,11.0,3.0,5.0,11.0,9.0,1.0,6.0,5.0,4.0,1.66,,,
2019-05-11,Bayer Leverkusen,FC Schalke 04,1,1,D,18.0,8.0,5.0,3.0,10.0,10.0,4.0,4.0,1.33,5.75,8.0,,,
2019-05-11,FC Augsburg,Hertha BSC,3,4,A,5.0,24.0,3.0,8.0,11.0,4.0,1.0,9.0,2.4,3.6,2.8,,,
2019-05-11,Hannover 96,SC Freiburg,3,0,H,18.0,5.0,6.0,1.0,15.0,12.0,5.0,3.0,2.62,3.75,2.5,,,
2019-05-11,Borussia Dortmund,Fortuna Dusseldorf,3,2,H,15.0,8.0,5.0,3.0,11.0,12.0,2.0,4.0,1.3,6.0,8.5,,,
2019-05-11,TSG Hoffenheim,Werder Bremen,0,1,A,19.0,11.0,3.0,6.0,16.0,10.0,1.0,4.0,1.44,5.25,6.0,,,
2019-05-12,Ein Frankfurt,FSV Mainz 05,0,2,A,13.0,15.0,4.0,4.0,10.0,20.0,9.0,6.0,1.6,4.2,5.25,,,
2019-05-18,Bayern Munich,Ein Frankfurt,5,1,H,23.0,6.0,14.0,2.0,7.0,13.0,5.0,3.0,1.25,6.5,10.0,,,
2019-05-18,Fortuna Dusseldorf,Hannover 96,2,1,H,15.0,14.0,7.0,3.0,13.0,9.0,2.0,7.0,1.55,4.2,6.0,,,
2019-05-18,SC Freiburg,FC Nurnberg,5,1,H,18.0,14.0,8.0,5.0,15.0,9.0,4.0,2.0,1.75,4.0,4.33,,,
2019-05-18,Hertha BSC,Bayer Leverkusen,1,5,A,9.0,13.0,4.0,8.0,10.0,14.0,4.0,3.0,7.0,4.5,1.44,,,
2019-05-18,FSV Mainz 05,TSG Hoffenheim,4,2,H,22.0,19.0,12.0,7.0,17.0,9.0,8.0,5.0,4.2,4.75,1.65,,,
2019-05-18,Borussia Monchengladbach,Borussia Dortmund,0,2,A,7.0,12.0,0.0,3.0,8.0,6.0,2.0,2.0,2.9,4.0,2.2,,,
2019-05-18,FC Schalke 04,VfB Stuttgart,0,0,D,12.0,16.0,3.0,8.0,10.0,8.0,7.0,5.0,1.61,4.2,5.25,,,
2019-05-18,Werder Bremen,RB Leipzig,2,1,H,6.0,10.0,3.0,3.0,16.0,12.0,3.0,9.0,2.5,4.0,2.5,,,
2019-05-18,VfL Wolfsburg,FC Augsburg,8,1,H,18.0,12.0,10.0,4.0,5.0,11.0,6.0,5.0,1.4,4.75,8.0,,,
2019-08-16,Bayern Munich,Hertha BSC,2,2,D,17.0,6.0,7.0,3.0,6.0,17.0,12.0,0.0,1.14,8.0,15.0,1.25,8.3,17.5
2019-08-17,Borussia Monchengladbach,FC Schalke 04,0,0,D,16.0,8.0,4.0,1.0,8.0,10.0,8.0,3.0,2.0,3.5,3.75,2.11,3.6,3.76
2019-08-17,Werder Bremen,Fortuna Dusseldorf,1,3,A,23.0,12.0,10.0,7.0,8.0,13.0,14.0,5.0,1.75,3.75,4.75,1.8,4.05,4.95
2019-08-17,VfL Wolfsburg,FC Cologne,2,1,H,14.0,11.0,5.0,2.0,14.0,18.0,2.0,6.0,1.95,3.5,4.0,1.97,3.96,4.1
2019-08-17,SC Freiburg,FSV Mainz 05,3,0,H,19.0,19.0,8.0,5.0,6.0,15.0,5.0,5.0,2.25,3.25,3.4,2.26,3.49,3.65
2019-08-17,Borussia Dortmund,FC Augsburg,5,1,H,23.0,5.0,10.0,1.0,8.0,6.0,10.0,0.0,1.2,7.0,13.0,1.25,7.15,17.0
2019-08-17,Bayer Leverkusen,SC Paderborn 07,3,2,H,13.0,11.0,4.0,6.0,8.0,9.0,6.0,6.0,1.25,6.0,12.0,1.31,6.4,12.25
2019-08-18,Ein Frankfurt,TSG Hoffenheim,1,0,H,17.0,10.0,8.0,1.0,16.0,9.0,10.0,5.0,2.25,3.6,3.0,2.45,3.8,3.04
2019-08-18,Union Berlin,RB Leipzig,0,4,A,13.0,14.0,2.0,8.0,14.0,5.0,3.0,6.0,5.0,3.8,1.7,5.0,4.21,1.76
2019-08-23,FC Cologne,Borussia Dortmund,1,3,A,13.0,14.0,1.0,6.0,11.0,10.0,7.0,8.0,6.5,4.75,1.44,6.6,5.0,1.53
2019-08-24,FC Schalke 04,Bayern Munich,0,3,A,9.0,10.0,2.0,6.0,11.0,10.0,3.0,4.0,9.0,4.75,1.36,9.0,5.3,1.5
2019-08-24,FSV Mainz 05,Borussia Monchengladbach,1,3,A,21.0,15.0,4.0,6.0,12.0,14.0,3.0,5.0,2.9,3.4,2.4,3.25,3.55,2.59
2019-08-24,SC Paderborn 07,SC Freiburg,1,3,A,15.0,9.0,2.0,4.0,20.0,6.0,9.0,5.0,2.37,3.5,2.9,2.69,3.75,2.95
2019-08-24,Fortuna Dusseldorf,Bayer Leverkusen,1,3,A,11.0,11.0,6.0,7.0,14.0,10.0,1.0,5.0,4.75,4.0,1.7,4.75,4.4,1.78
2019-08-24,FC Augsburg,Union Berlin,1,1,D,12.0,13.0,4.0,1.0,16.0,19.0,3.0,4.0,2.2,3.4,3.3,2.31,3.45,3.45
2019-08-24,TSG Hoffenheim,Werder Bremen,3,2,H,10.0,18.0,3.0,6.0,13.0,15.0,3.0,6.0,1.85,3.6,4.2,1.92,4.1,4.2
2019-08-25,Hertha BSC,VfL Wolfsburg,0,3,A,8.0,9.0,2.0,4.0,15.0,11.0,2.0,5.0,2.4,3.4,2.9,2.5,3.72,3.05
2019-08-25,RB Leipzig,Ein Frankfurt,2,1,H,13.0,11.0,5.0,5.0,10.0,13.0,4.0,1.0,1.5,4.5,6.0,1.55,4.9,6.6
2019-08-30,Borussia Monchengladbach,RB Leipzig,1,3,A,11.0,14.0,3.0,6.0,17.0,19.0,9.0,5.0,3.2,4.0,2.05,3.45,4.0,2.17
2019-08-31,Union Berlin,Borussia Dortmund,3,1,H,15.0,13.0,7.0,2.0,13.0,2.0,7.0,4.0,10.0,5.75,1.28,10.0,6.0,1.36
2019-08-31,Bayern Munich,FSV Mainz 05,6,1,H,19.0,7.0,10.0,4.0,16.0,12.0,10.0,1.0,1.08,11.0,26.0,1.12,12.75,38.0
2019-08-31,SC Freiburg,FC Cologne,1,2,A,14.0,9.0,1.0,3.0,6.0,15.0,5.0,6.0,2.37,3.5,3.0,2.54,3.55,3.0
2019-08-31,Bayer Leverkusen,TSG Hoffenheim,0,0,D,20.0,6.0,2.0,1.0,7.0,11.0,19.0,0.0,1.53,4.75,5.25,1.58,5.1,5.45
2019-08-31,FC Schalke 04,Hertha BSC,3,0,H,9.0,9.0,2.0,3.0,13.0,9.0,5.0,3.0,2.1,3.6,3.4,2.19,3.6,3.7
2019-08-31,VfL Wolfsburg,SC Paderborn 07,1,1,D,15.0,7.0,5.0,3.0,8.0,12.0,8.0,3.0,1.44,5.0,6.0,1.49,5.05,7.0
2019-09-01,Ein Frankfurt,Fortuna Dusseldorf,2,1,H,15.0,14.0,8.0,4.0,13.0,15.0,4.0,1.0,1.66,4.0,4.75,1.73,4.25,5.05
2019-09-01,Werder Bremen,FC Augsburg,3,2,H,15.0,12.0,5.0,6.0,9.0,11.0,4.0,2.0,1.72,4.0,4.5,1.74,4.25,5.0
2019-09-13,Fortuna Dusseldorf,VfL Wolfsburg,1,1,D,12.0,15.0,3.0,6.0,7.0,14.0,3.0,8.0,3.1,3.5,2.25,3.17,3.8,2.35
2019-09-14,FC Augsburg,Ein Frankfurt,2,1,H,9.0,23.0,6.0,3.0,8.0,8.0,2.0,11.0,3.5,3.6,2.05,3.65,3.85,2.2
2019-09-14,Borussia Dortmund,Bayer Leverkusen,4,0,H,11.0,22.0,9.0,12.0,9.0,11.0,3.0,3.0,1.8,4.0,4.0,1.89,4.2,4.3
2019-09-14,FC Cologne,Borussia Monchengladbach,0,1,A,14.0,15.0,7.0,4.0,22.0,17.0,4.0,7.0,2.5,3.5,2.7,2.7,3.7,2.75
2019-09-14,FSV Mainz 05,Hertha BSC,2,1,H,14.0,16.0,5.0,8.0,16.0,11.0,6.0,3.0,2.3,3.4,3.1,2.5,3.56,3.1
2019-09-14,Union Berlin,Werder Bremen,1,2,A,12.0,16.0,5.0,7.0,23.0,10.0,7.0,4.0,2.87,3.5,2.4,2.9,3.6,2.6
2019-09-14,RB Leipzig,Bayern Munich,1,1,D,12.0,14.0,6.0,7.0,11.0,4.0,3.0,6.0,3.8,4.0,1.85,4.05,4.27,2.0
2019-09-15,TSG Hoffenheim,SC Freiburg,0,3,A,22.0,16.0,5.0,8.0,10.0,6.0,12.0,4.0,1.7,4.2,4.5,1.75,4.4,4.9
2019-09-15,SC Paderborn 07,FC Schalke 04,1,5,A,9.0,18.0,1.0,11.0,17.0,12.0,3.0,5.0,3.1,3.5,2.25,3.2,3.8,2.33
2019-09-20,FC Schalke 04,FSV Mainz 05,2,1,H,19.0,14.0,6.0,3.0,7.0,15.0,5.0,5.0,1.61,4.2,5.0,1.7,4.22,5.4
2019-09-21,Werder Bremen,RB Leipzig,0,3,A,11.0,14.0,1.0,7.0,11.0,13.0,4.0,7.0,4.2,4.2,1.72,4.55,4.5,1.8
2019-09-21,Bayer Leverkusen,Union Berlin,2,0,H,20.0,4.0,7.0,0.0,10.0,10.0,8.0,1.0,1.36,5.5,7.5,1.41,5.7,8.6
2019-09-21,Bayern Munich,FC Cologne,4,0,H,24.0,16.0,5.0,2.0,15.0,20.0,12.0,4.0,1.11,10.0,21.0,1.14,10.5,31.0
2019-09-21,SC Freiburg,FC Augsburg,1,1,D,17.0,12.0,5.0,2.0,13.0,13.0,7.0,4.0,1.9,3.75,3.8,2.05,3.9,4.2
2019-09-21,Hertha BSC,SC Paderborn 07,2,1,H,6.0,17.0,4.0,8.0,13.0,15.0,1.0,8.0,1.7,4.0,4.75,1.8,4.2,4.95
2019-09-22,Borussia Monchengladbach,Fortuna Dusseldorf,2,1,H,23.0,18.0,11.0,4.0,14.0,11.0,10.0,4.0,1.66,4.0,5.0,1.74,4.34,5.2
2019-09-22,Ein Frankfurt,Borussia Dortmund,2,2,D,17.0,15.0,3.0,7.0,18.0,10.0,5.0,8.0,4.33,4.0,1.75,4.5,4.4,1.79
2019-09-23,VfL Wolfsburg,TSG Hoffenheim,1,1,D,12.0,11.0,4.0,5.0,11.0,18.0,4.0,6.0,1.95,3.75,3.75,2.0,3.95,3.92
2019-09-27,Union Berlin,Ein Frankfurt,1,2,A,12.0,14.0,5.0,6.0,11.0,12.0,4.0,5.0,3.0,3.5,2.3,3.19,3.75,2.38
2019-09-28,RB Leipzig,FC Schalke 04,1,3,A,17.0,13.0,6.0,8.0,13.0,11.0,8.0,4.0,1.53,4.33,6.0,1.62,4.65,6.05
2019-09-28,SC Paderborn 07,Bayern Munich,2,3,A,10.0,18.0,5.0,6.0,7.0,6.0,11.0,5.0,15.0,10.0,1.14,18.5,10.5,1.18
2019-09-28,Borussia Dortmund,Werder Bremen,2,2,D,19.0,11.0,7.0,5.0,8.0,10.0,9.0,2.0,1.25,6.5,11.0,1.3,6.75,11.25
2019-09-28,TSG Hoffenheim,Borussia Monchengladbach,0,3,A,17.0,11.0,4.0,5.0,10.0,11.0,2.0,5.0,2.5,3.5,2.75,2.6,3.75,2.89
2019-09-28,FSV Mainz 05,VfL Wolfsburg,0,1,A,15.0,4.0,5.0,3.0,9.0,15.0,10.0,1.0,2.9,3.5,2.37,3.0,3.72,2.5
2019-09-28,FC Augsburg,Bayer Leverkusen,0,3,A,8.0,11.0,1.0,5.0,16.0,9.0,1.0,3.0,5.0,4.5,1.6,5.0,4.7,1.68
2019-09-29,Fortuna Dusseldorf,SC Freiburg,1,2,A,17.0,9.0,7.0,3.0,9.0,9.0,5.0,1.0,2.37,3.4,2.87,2.52,3.7,3.05
2019-09-29,FC Cologne,Hertha BSC,0,4,A,8.0,10.0,3.0,6.0,11.0,13.0,8.0,4.0,2.15,3.6,3.3,2.28,3.8,3.35
2019-10-04,Hertha BSC,Fortuna Dusseldorf,3,1,H,16.0,9.0,3.0,3.0,17.0,18.0,9.0,2.0,1.65,4.0,4.75,1.8,4.25,5.2
2019-10-05,FC Schalke 04,FC Cologne,1,1,D,15.0,9.0,3.0,5.0,15.0,15.0,6.0,4.0,1.57,4.33,5.5,1.7,4.34,5.5
2019-10-05,Bayern Munich,TSG Hoffenheim,1,2,A,20.0,8.0,4.0,5.0,8.0,12.0,9.0,3.0,1.11,9.0,26.0,1.13,11.5,30.0
2019-10-05,SC Freiburg,Borussia Dortmund,2,2,D,6.0,8.0,1.0,4.0,10.0,8.0,3.0,11.0,5.75,4.2,1.57,5.75,4.5,1.66
2019-10-05,Bayer Leverkusen,RB Leipzig,1,1,D,11.0,11.0,8.0,5.0,11.0,12.0,4.0,0.0,2.25,3.5,3.1,2.5,3.85,3.1
2019-10-05,SC Paderborn 07,FSV Mainz 05,1,2,A,16.0,18.0,7.0,7.0,8.0,18.0,7.0,10.0,2.5,3.5,2.8,2.6,3.9,2.8
2019-10-06,Ein Frankfurt,Werder Bremen,2,2,D,24.0,11.0,7.0,5.0,12.0,8.0,10.0,1.0,2.1,3.6,3.4,2.25,3.8,3.4
2019-10-06,Borussia Monchengladbach,FC Augsburg,5,1,H,13.0,13.0,9.0,3.0,9.0,9.0,2.0,7.0,1.5,4.33,6.5,1.6,4.75,6.5
2019-10-06,VfL Wolfsburg,Union Berlin,1,0,H,13.0,14.0,4.0,3.0,17.0,15.0,5.0,4.0,1.66,4.0,5.0,1.73,4.24,5.85
2019-10-18,Ein Frankfurt,Bayer Leverkusen,3,0,H,10.0,19.0,5.0,10.0,11.0,12.0,4.0,1.0,2.75,3.9,2.3,2.96,4.0,2.42
2019-10-19,Borussia Dortmund,Borussia Monchengladbach,1,0,H,20.0,13.0,7.0,3.0,13.0,15.0,10.0,8.0,1.44,5.0,6.5,1.57,5.05,6.75
2019-10-19,FC Augsburg,Bayern Munich,2,2,D,9.0,24.0,7.0,9.0,10.0,6.0,3.0,7.0,15.0,8.0,1.16,21.0,9.0,1.2
2019-10-19,Fortuna Dusseldorf,FSV Mainz 05,1,0,H,20.0,7.0,4.0,1.0,10.0,17.0,8.0,1.0,2.55,3.4,2.62,2.65,3.7,2.76
2019-10-19,RB Leipzig,VfL Wolfsburg,1,1,D,13.0,14.0,5.0,6.0,10.0,9.0,3.0,3.0,1.53,4.5,5.75,1.58,4.55,6.25
2019-10-19,Union Berlin,SC Freiburg,2,0,H,18.0,12.0,5.0,4.0,21.0,13.0,3.0,4.0,2.5,3.5,2.7,2.68,3.6,2.8
2019-10-19,Werder Bremen,Hertha BSC,1,1,D,15.0,11.0,5.0,2.0,8.0,11.0,7.0,5.0,2.1,3.75,3.2,2.2,3.8,3.4
2019-10-20,TSG Hoffenheim,FC Schalke 04,2,0,H,9.0,11.0,3.0,1.0,12.0,14.0,3.0,8.0,2.75,3.4,2.55,2.76,3.65,2.75
2019-10-20,FC Cologne,SC Paderborn 07,3,0,H,16.0,9.0,6.0,1.0,6.0,7.0,6.0,9.0,1.65,4.5,4.33,1.75,4.59,4.75
2019-10-25,FSV Mainz 05,FC Cologne,3,1,H,18.0,16.0,6.0,8.0,20.0,9.0,5.0,10.0,2.5,3.6,2.62,2.63,3.7,2.83
2019-10-26,Bayern Munich,Union Berlin,2,1,H,21.0,6.0,10.0,4.0,9.0,15.0,8.0,2.0,1.09,12.0,19.0,1.13,12.0,26.0
2019-10-26,SC Freiburg,RB Leipzig,2,1,H,14.0,25.0,3.0,6.0,10.0,9.0,5.0,4.0,4.0,3.8,1.85,4.25,3.9,1.97
2019-10-26,Hertha BSC,TSG Hoffenheim,2,3,A,13.0,17.0,4.0,8.0,17.0,12.0,4.0,4.0,2.05,3.6,3.6,2.25,3.81,3.6
2019-10-26,SC Paderborn 07,Fortuna Dusseldorf,2,0,H,14.0,18.0,6.0,4.0,21.0,17.0,4.0,7.0,2.37,3.75,2.7,2.47,4.0,2.85
2019-10-26,FC Schalke 04,Borussia Dortmund,0,0,D,13.0,8.0,3.0,3.0,8.0,7.0,8.0,2.0,3.1,3.6,2.2,3.2,3.65,2.35
2019-10-26,Bayer Leverkusen,Werder Bremen,2,2,D,21.0,10.0,4.0,3.0,12.0,13.0,10.0,1.0,1.57,4.33,5.5,1.7,4.45,5.5
2019-10-27,VfL Wolfsburg,FC Augsburg,0,0,D,14.0,10.0,3.0,5.0,12.0,13.0,5.0,3.0,1.57,4.33,5.5,1.62,4.34,6.0
2019-10-27,Borussia Monchengladbach,Ein Frankfurt,4,2,H,12.0,15.0,7.0,3.0,12.0,11.0,5.0,6.0,1.83,4.0,3.75,2.0,4.12,3.84
2019-11-01,TSG Hoffenheim,SC Paderborn 07,3,0,H,12.0,9.0,7.0,2.0,7.0,12.0,4.0,4.0,1.4,4.75,7.0,1.5,5.25,7.15
2019-11-02,Union Berlin,Hertha BSC,1,0,H,16.0,8.0,6.0,3.0,14.0,9.0,1.0,4.0,2.87,3.3,2.5,2.88,3.45,2.61
2019-11-02,Werder Bremen,SC Freiburg,2,2,D,20.0,13.0,10.0,3.0,17.0,9.0,5.0,0.0,1.85,3.8,3.8,2.1,3.9,3.98
2019-11-02,RB Leipzig,FSV Mainz 05,8,0,H,19.0,10.0,12.0,2.0,10.0,7.0,3.0,4.0,1.33,5.25,8.0,1.38,5.55,9.5
2019-11-02,Borussia Dortmund,VfL Wolfsburg,3,0,H,17.0,12.0,8.0,3.0,12.0,18.0,7.0,2.0,1.5,4.5,6.5,1.59,4.5,6.95
2019-11-02,Ein Frankfurt,Bayern Munich,5,1,H,17.0,7.0,11.0,3.0,12.0,7.0,3.0,0.0,6.5,5.25,1.4,7.5,5.5,1.5
2019-11-02,Bayer Leverkusen,Borussia Monchengladbach,1,2,A,23.0,11.0,6.0,6.0,13.0,8.0,13.0,0.0,1.95,3.9,3.5,2.1,3.95,3.7
2019-11-03,Fortuna Dusseldorf,FC Cologne,2,0,H,9.0,8.0,3.0,1.0,10.0,20.0,3.0,4.0,2.8,3.4,2.5,2.85,3.8,2.6
2019-11-03,FC Augsburg,FC Schalke 04,2,3,A,12.0,11.0,4.0,3.0,12.0,10.0,1.0,6.0,4.0,3.6,1.85,4.0,4.0,1.99
2019-11-08,FC Cologne,TSG Hoffenheim,1,2,A,11.0,15.0,3.0,5.0,21.0,14.0,5.0,7.0,2.5,3.6,2.7,2.67,3.76,2.78
2019-11-09,Bayern Munich,Borussia Dortmund,4,0,H,17.0,2.0,5.0,0.0,11.0,12.0,2.0,1.0,1.53,4.75,5.5,1.7,4.8,5.75
2019-11-09,SC Paderborn 07,FC Augsburg,0,1,A,12.0,13.0,4.0,5.0,15.0,12.0,5.0,7.0,2.62,3.75,2.5,2.65,3.9,2.7
2019-11-09,FC Schalke 04,Fortuna Dusseldorf,3,3,D,12.0,9.0,5.0,5.0,9.0,15.0,2.0,4.0,1.5,4.2,7.0,1.57,4.5,7.0
2019-11-09,Hertha BSC,RB Leipzig,2,4,A,7.0,10.0,3.0,7.0,12.0,12.0,0.0,5.0,4.2,4.0,1.8,4.3,4.05,1.91
2019-11-09,FSV Mainz 05,Union Berlin,2,3,A,18.0,14.0,5.0,4.0,15.0,15.0,3.0,2.0,2.15,3.4,3.5,2.25,3.5,3.55
2019-11-10,Borussia Monchengladbach,Werder Bremen,3,1,H,17.0,16.0,7.0,7.0,17.0,11.0,3.0,8.0,1.72,4.1,4.33,1.8,4.34,4.67
2019-11-10,VfL Wolfsburg,Bayer Leverkusen,0,2,A,9.0,9.0,1.0,4.0,8.0,9.0,9.0,0.0,2.87,3.6,2.37,3.1,3.78,2.45
2019-11-10,SC Freiburg,Ein Frankfurt,1,0,H,13.0,17.0,7.0,6.0,7.0,13.0,8.0,10.0,2.7,3.6,2.5,2.83,3.7,2.6
2019-11-22,Borussia Dortmund,SC Paderborn 07,3,3,D,18.0,10.0,7.0,4.0,8.0,7.0,10.0,2.0,1.14,9.0,15.0,1.18,9.15,19.0
2019-11-23,Werder Bremen,FC Schalke 04,1,2,A,16.0,10.0,5.0,5.0,12.0,15.0,1.0,3.0,2.45,3.5,2.8,2.55,3.75,2.84
2019-11-23,Union Berlin,Borussia Monchengladbach,2,0,H,11.0,12.0,6.0,2.0,12.0,7.0,2.0,6.0,3.6,3.6,2.05,3.7,3.8,2.16
2019-11-23,RB Leipzig,FC Cologne,4,1,H,20.0,6.0,8.0,1.0,9.0,15.0,13.0,3.0,1.33,5.75,7.5,1.38,5.8,9.0
2019-11-23,Fortuna Dusseldorf,Bayern Munich,0,4,A,12.0,18.0,1.0,5.0,8.0,6.0,8.0,6.0,13.0,8.0,1.18,16.5,8.35,1.22
2019-11-23,Ein Frankfurt,VfL Wolfsburg,0,2,A,17.0,9.0,9.0,6.0,13.0,22.0,12.0,1.0,2.0,3.6,3.6,2.06,3.89,3.74
2019-11-23,Bayer Leverkusen,SC Freiburg,1,1,D,27.0,7.0,9.0,2.0,9.0,14.0,13.0,3.0,1.45,4.75,6.5,1.55,4.84,7.0
2019-11-24,FC Augsburg,Hertha BSC,4,0,H,14.0,5.0,5.0,1.0,8.0,18.0,3.0,3.0,2.62,3.5,2.62,2.68,3.7,2.7
2019-11-24,TSG Hoffenheim,FSV Mainz 05,1,5,A,22.0,11.0,8.0,5.0,10.0,13.0,14.0,3.0,1.65,4.33,4.75,1.72,4.33,5.3
2019-11-29,FC Schalke 04,Union Berlin,2,1,H,17.0,17.0,8.0,7.0,12.0,13.0,7.0,4.0,1.66,4.0,4.75,1.76,4.03,5.25
2019-11-30,FC Cologne,FC Augsburg,1,1,D,13.0,11.0,6.0,4.0,15.0,17.0,4.0,8.0,1.95,4.0,3.5,2.0,4.0,4.08
2019-11-30,Hertha BSC,Borussia Dortmund,1,2,A,13.0,7.0,3.0,5.0,13.0,8.0,2.0,2.0,4.0,4.0,1.8,4.4,4.12,1.9
2019-11-30,TSG Hoffenheim,Fortuna Dusseldorf,1,1,D,12.0,11.0,6.0,3.0,11.0,16.0,2.0,5.0,1.7,3.8,5.0,1.74,4.3,5.1
2019-11-30,SC Paderborn 07,RB Leipzig,2,3,A,8.0,18.0,4.0,6.0,10.0,13.0,6.0,6.0,6.5,5.5,1.36,8.5,5.8,1.4
2019-11-30,Bayern Munich,Bayer Leverkusen,1,2,A,24.0,11.0,11.0,7.0,9.0,16.0,8.0,2.0,1.28,6.0,8.5,1.32,6.63,11.0
2019-12-01,VfL Wolfsburg,Werder Bremen,2,3,A,19.0,10.0,6.0,3.0,14.0,14.0,9.0,3.0,2.15,3.75,3.0,2.25,3.8,3.3
2019-12-01,Borussia Monchengladbach,SC Freiburg,4,2,H,22.0,13.0,13.0,5.0,13.0,15.0,2.0,3.0,1.53,4.2,6.0,1.63,4.65,6.0
2019-12-02,FSV Mainz 05,Ein Frankfurt,2,1,H,18.0,14.0,8.0,4.0,13.0,10.0,8.0,6.0,2.8,3.75,2.37,3.04,3.95,2.5
2019-12-06,Ein Frankfurt,Hertha BSC,2,2,D,25.0,9.0,6.0,3.0,11.0,15.0,16.0,1.0,1.8,3.9,4.2,1.9,4.09,4.3
2019-12-07,FC Augsburg,FSV Mainz 05,2,1,H,18.0,12.0,5.0,3.0,13.0,14.0,8.0,2.0,2.2,3.6,3.1,2.35,3.75,3.13
2019-12-07,Borussia Dortmund,Fortuna Dusseldorf,5,0,H,23.0,2.0,10.0,0.0,8.0,10.0,6.0,0.0,1.33,5.5,8.5,1.35,6.1,10.25
2019-12-07,SC Freiburg,VfL Wolfsburg,1,0,H,10.0,10.0,3.0,0.0,13.0,20.0,2.0,7.0,2.9,3.5,2.4,3.0,3.5,2.6
2019-12-07,Borussia Monchengladbach,Bayern Munich,2,1,H,7.0,17.0,3.0,5.0,12.0,17.0,2.0,5.0,5.25,4.5,1.57,5.6,4.8,1.65
2019-12-07,RB Leipzig,TSG Hoffenheim,3,1,H,25.0,11.0,14.0,1.0,14.0,5.0,8.0,6.0,1.44,4.75,6.5,1.52,5.25,7.2
2019-12-07,Bayer Leverkusen,FC Schalke 04,2,1,H,19.0,5.0,9.0,3.0,11.0,11.0,9.0,0.0,1.95,3.75,3.75,1.99,3.8,4.05
2019-12-08,Union Berlin,FC Cologne,2,0,H,11.0,14.0,5.0,4.0,21.0,19.0,3.0,5.0,2.15,3.5,3.3,2.34,3.6,3.5
2019-12-08,Werder Bremen,SC Paderborn 07,0,1,A,12.0,18.0,3.0,5.0,10.0,13.0,13.0,6.0,1.53,4.5,5.75,1.6,4.9,6.0
2019-12-13,TSG Hoffenheim,FC Augsburg,2,4,A,19.0,6.0,8.0,4.0,10.0,7.0,11.0,1.0,1.8,4.0,4.2,1.89,4.2,4.34
2019-12-14,Fortuna Dusseldorf,RB Leipzig,0,3,A,4.0,21.0,1.0,7.0,11.0,7.0,3.0,9.0,7.0,4.75,1.44,7.05,5.25,1.47
2019-12-14,SC Paderborn 07,Union Berlin,1,1,D,14.0,15.0,3.0,2.0,19.0,16.0,2.0,3.0,2.8,3.75,2.37,2.95,3.85,2.55
2019-12-14,FSV Mainz 05,Borussia Dortmund,0,4,A,9.0,18.0,0.0,7.0,8.0,10.0,3.0,5.0,5.0,4.33,1.6,5.3,4.54,1.69
2019-12-14,Hertha BSC,SC Freiburg,1,0,H,14.0,15.0,4.0,2.0,9.0,5.0,4.0,7.0,2.0,3.6,3.6,2.12,3.75,3.75
2019-12-14,FC Cologne,Bayer Leverkusen,2,0,H,13.0,6.0,5.0,2.0,12.0,9.0,3.0,4.0,4.2,3.9,1.8,4.4,4.05,1.9
2019-12-14,Bayern Munich,Werder Bremen,6,1,H,29.0,11.0,14.0,2.0,13.0,12.0,8.0,2.0,1.14,9.0,15.0,1.18,9.65,20.0
2019-12-15,VfL Wolfsburg,Borussia Monchengladbach,2,1,H,17.0,6.0,7.0,5.0,20.0,15.0,5.0,2.0,2.7,3.4,2.6,2.75,3.66,2.81
2019-12-15,FC Schalke 04,Ein Frankfurt,1,0,H,11.0,17.0,5.0,3.0,15.0,12.0,7.0,6.0,1.9,3.75,3.6,2.01,4.0,3.78
2019-12-17,Werder Bremen,FSV Mainz 05,0,5,A,15.0,19.0,5.0,8.0,13.0,13.0,8.0,5.0,1.75,4.2,4.2,1.87,4.32,4.32
2019-12-17,FC Augsburg,Fortuna Dusseldorf,3,0,H,12.0,6.0,7.0,2.0,10.0,15.0,4.0,2.0,1.75,4.2,4.2,1.85,4.32,4.6
2019-12-17,Borussia Dortmund,RB Leipzig,3,3,D,14.0,12.0,6.0,8.0,9.0,5.0,12.0,3.0,2.1,3.8,3.2,2.3,3.92,3.33
2019-12-17,Union Berlin,TSG Hoffenheim,0,2,A,16.0,7.0,2.0,4.0,16.0,13.0,6.0,1.0,2.37,3.5,2.9,2.52,3.61,3.0
2019-12-18,Borussia Monchengladbach,SC Paderborn 07,2,0,H,17.0,12.0,6.0,2.0,6.0,14.0,8.0,4.0,1.33,6.0,7.5,1.34,6.35,10.0
2019-12-18,SC Freiburg,Bayern Munich,1,3,A,15.0,22.0,5.0,10.0,5.0,8.0,6.0,8.0,10.0,7.5,1.22,15.0,7.6,1.27
2019-12-18,VfL Wolfsburg,FC Schalke 04,1,1,D,29.0,8.0,11.0,2.0,13.0,11.0,12.0,5.0,2.3,3.4,3.1,2.48,3.45,3.2
2019-12-18,Bayer Leverkusen,Hertha BSC,0,1,A,17.0,10.0,7.0,5.0,12.0,16.0,5.0,4.0,1.5,4.33,6.5,1.6,4.61,6.63
2019-12-18,Ein Frankfurt,FC Cologne,2,4,A,17.0,21.0,6.0,9.0,12.0,10.0,7.0,10.0,1.75,3.8,4.75,1.8,4.04,4.9
2019-12-20,TSG Hoffenheim,Borussia Dortmund,2,1,H,11.0,12.0,3.0,5.0,8.0,12.0,0.0,8.0,3.6,4.0,1.9,4.02,4.13,1.96
2019-12-21,Bayern Munich,VfL Wolfsburg,2,0,H,18.0,10.0,8.0,3.0,7.0,7.0,12.0,6.0,1.14,8.5,17.0,1.2,8.81,20.0
2019-12-21,FC Cologne,Werder Bremen,1,0,H,7.0,6.0,1.0,1.0,11.0,18.0,1.0,7.0,2.05,3.75,3.4,2.21,3.9,3.6
2019-12-21,FSV Mainz 05,Bayer Leverkusen,0,1,A,17.0,14.0,2.0,4.0,8.0,8.0,6.0,6.0,3.8,4.0,1.83,4.1,4.23,1.91
2019-12-21,RB Leipzig,FC Augsburg,3,1,H,22.0,6.0,7.0,2.0,7.0,9.0,10.0,4.0,1.25,6.5,11.0,1.3,6.67,12.25
2019-12-21,FC Schalke 04,SC Freiburg,2,2,D,19.0,19.0,6.0,7.0,9.0,12.0,7.0,5.0,1.65,3.8,5.5,1.74,4.1,5.67
2019-12-21,Hertha BSC,Borussia Monchengladbach,0,0,D,8.0,11.0,0.0,5.0,11.0,11.0,1.0,7.0,3.1,3.7,2.2,3.24,3.73,2.35
2019-12-22,Fortuna Dusseldorf,Union Berlin,2,1,H,22.0,17.0,8.0,6.0,8.0,18.0,7.0,5.0,2.75,3.25,2.62,2.87,3.41,2.7
2019-12-22,SC Paderborn 07,Ein Frankfurt,2,1,H,19.0,20.0,5.0,5.0,11.0,11.0,3.0,8.0,3.4,4.0,2.0,3.75,4.05,2.2
2020-01-17,FC Schalke 04,Borussia Monchengladbach,2,0,H,13.0,14.0,7.0,5.0,13.0,17.0,8.0,8.0,2.62,3.6,2.55,2.8,3.64,2.67
2020-01-18,FC Cologne,VfL Wolfsburg,3,1,H,12.0,17.0,7.0,8.0,11.0,18.0,8.0,5.0,2.75,3.4,2.55,2.9,3.46,2.7
2020-01-18,TSG Hoffenheim,Ein Frankfurt,1,2,A,12.0,13.0,5.0,3.0,10.0,13.0,8.0,6.0,2.4,3.6,2.8,2.43,3.8,2.95
2020-01-18,FSV Mainz 05,SC Freiburg,1,2,A,24.0,13.0,8.0,5.0,15.0,10.0,7.0,5.0,2.2,3.4,3.25,2.3,3.68,3.4
2020-01-18,RB Leipzig,Union Berlin,3,1,H,19.0,15.0,8.0,5.0,6.0,18.0,4.0,4.0,1.25,6.0,11.0,1.33,6.35,12.0
2020-01-18,FC Augsburg,Borussia Dortmund,3,5,A,13.0,17.0,5.0,8.0,4.0,5.0,2.0,6.0,4.75,4.33,1.65,5.0,4.5,1.7
2020-01-18,Fortuna Dusseldorf,Werder Bremen,0,1,A,17.0,13.0,2.0,4.0,16.0,12.0,6.0,4.0,2.75,3.5,2.5,2.81,3.65,2.62
2020-01-19,Hertha BSC,Bayern Munich,0,4,A,6.0,20.0,1.0,10.0,7.0,14.0,0.0,4.0,10.0,5.75,1.3,10.0,5.76,1.42
2020-01-19,SC Paderborn 07,Bayer Leverkusen,1,4,A,13.0,12.0,7.0,7.0,8.0,12.0,6.0,4.0,5.0,4.5,1.6,5.05,4.65,1.7
2020-01-24,Borussia Dortmund,FC Cologne,5,1,H,14.0,11.0,9.0,5.0,6.0,7.0,1.0,3.0,1.28,6.0,9.0,1.31,6.6,10.5
2020-01-25,VfL Wolfsburg,Hertha BSC,1,2,A,20.0,9.0,7.0,4.0,8.0,8.0,9.0,4.0,1.8,3.75,4.33,1.85,4.0,4.8
2020-01-25,SC Freiburg,SC Paderborn 07,0,2,A,19.0,15.0,5.0,3.0,11.0,7.0,6.0,6.0,1.75,4.2,4.2,1.85,4.24,4.55
2020-01-25,Bayern Munich,FC Schalke 04,5,0,H,24.0,7.0,14.0,1.0,3.0,4.0,9.0,2.0,1.16,8.5,13.0,1.25,8.64,17.75
2020-01-25,Ein Frankfurt,RB Leipzig,2,0,H,7.0,22.0,5.0,4.0,8.0,10.0,4.0,6.0,4.0,4.33,1.75,4.2,4.4,1.82
2020-01-25,Union Berlin,FC Augsburg,2,0,H,12.0,25.0,3.0,7.0,18.0,9.0,4.0,5.0,2.05,3.6,3.4,2.3,3.67,3.55
2020-01-25,Borussia Monchengladbach,FSV Mainz 05,3,1,H,15.0,12.0,5.0,9.0,7.0,14.0,6.0,3.0,1.5,4.5,6.5,1.57,4.75,6.53
2020-01-26,Werder Bremen,TSG Hoffenheim,0,3,A,16.0,9.0,3.0,4.0,14.0,15.0,7.0,4.0,2.37,3.6,2.8,2.5,3.75,2.89
2020-01-26,Bayer Leverkusen,Fortuna Dusseldorf,3,0,H,25.0,12.0,11.0,3.0,11.0,10.0,8.0,5.0,1.36,5.25,7.0,1.41,5.5,8.5
2020-01-31,Hertha BSC,FC Schalke 04,0,0,D,9.0,13.0,0.0,5.0,9.0,9.0,3.0,7.0,2.7,3.4,2.6,2.79,3.45,2.78
2020-02-01,FC Augsburg,Werder Bremen,2,1,H,14.0,7.0,4.0,1.0,8.0,17.0,5.0,3.0,2.05,3.7,3.4,2.2,3.85,3.55
2020-02-01,Borussia Dortmund,Union Berlin,5,0,H,13.0,5.0,7.0,0.0,7.0,8.0,5.0,3.0,1.22,6.5,11.0,1.27,6.9,13.0
2020-02-01,Fortuna Dusseldorf,Ein Frankfurt,1,1,D,8.0,6.0,1.0,4.0,6.0,12.0,4.0,4.0,3.5,3.6,2.05,3.54,3.9,2.2
2020-02-01,TSG Hoffenheim,Bayer Leverkusen,2,1,H,14.0,22.0,6.0,11.0,8.0,10.0,4.0,10.0,3.2,3.8,2.1,3.45,3.9,2.25
2020-02-01,FSV Mainz 05,Bayern Munich,1,3,A,8.0,13.0,3.0,5.0,12.0,9.0,6.0,4.0,12.0,7.5,1.2,17.0,8.05,1.22
2020-02-01,RB Leipzig,Borussia Monchengladbach,2,2,D,18.0,7.0,8.0,4.0,12.0,13.0,4.0,4.0,1.5,4.5,5.75,1.6,4.9,6.1
2020-02-02,SC Paderborn 07,VfL Wolfsburg,2,4,A,10.0,9.0,7.0,5.0,15.0,17.0,3.0,7.0,3.8,4.0,1.85,3.95,4.15,2.0
2020-02-02,FC Cologne,SC Freiburg,4,0,H,24.0,9.0,9.0,2.0,13.0,9.0,10.0,6.0,2.05,3.6,3.5,2.15,3.7,3.7
2020-02-07,Ein Frankfurt,FC Augsburg,5,0,H,13.0,8.0,9.0,5.0,7.0,5.0,1.0,4.0,1.9,3.75,3.8,1.99,3.8,4.1
2020-02-08,SC Freiburg,TSG Hoffenheim,1,0,H,12.0,21.0,6.0,6.0,10.0,13.0,5.0,10.0,2.5,3.6,2.62,2.65,3.66,2.77
2020-02-08,Hertha BSC,FSV Mainz 05,1,3,A,13.0,10.0,3.0,3.0,13.0,16.0,10.0,1.0,2.0,3.5,3.75,2.1,3.76,3.8
2020-02-08,FC Schalke 04,SC Paderborn 07,1,1,D,15.0,15.0,4.0,4.0,6.0,8.0,11.0,10.0,1.5,4.33,6.5,1.55,4.7,6.8
2020-02-08,Werder Bremen,Union Berlin,0,2,A,14.0,11.0,3.0,5.0,7.0,16.0,5.0,5.0,2.05,3.5,3.6,2.16,3.75,3.65
2020-02-08,VfL Wolfsburg,Fortuna Dusseldorf,1,1,D,9.0,10.0,5.0,2.0,10.0,14.0,3.0,5.0,1.53,4.2,5.75,1.6,4.4,6.6
2020-02-08,Bayer Leverkusen,Borussia Dortmund,4,3,H,9.0,12.0,5.0,6.0,9.0,10.0,3.0,7.0,3.1,3.9,2.1,3.22,4.0,2.25
2020-02-09,Bayern Munich,RB Leipzig,0,0,D,10.0,8.0,3.0,1.0,8.0,12.0,11.0,3.0,1.4,5.5,6.5,1.47,5.65,7.1
2020-02-14,Borussia Dortmund,Ein Frankfurt,4,0,H,17.0,1.0,7.0,0.0,7.0,3.0,5.0,0.0,1.4,5.5,6.5,1.47,5.5,7.0
2020-02-15,Fortuna Dusseldorf,Borussia Monchengladbach,1,4,A,9.0,17.0,4.0,6.0,10.0,10.0,2.0,5.0,4.2,4.0,1.8,4.3,4.1,1.93
2020-02-15,Union Berlin,Bayer Leverkusen,2,3,A,20.0,12.0,7.0,5.0,9.0,12.0,6.0,4.0,4.0,3.6,1.9,4.0,3.81,1.99
2020-02-15,RB Leipzig,Werder Bremen,3,0,H,10.0,8.0,3.0,1.0,10.0,12.0,8.0,1.0,1.2,7.0,10.0,1.3,7.0,13.0
2020-02-15,TSG Hoffenheim,VfL Wolfsburg,2,3,A,14.0,15.0,6.0,6.0,7.0,12.0,4.0,4.0,2.37,3.6,2.87,2.6,3.6,2.9
2020-02-15,FC Augsburg,SC Freiburg,1,1,D,10.0,20.0,3.0,5.0,19.0,5.0,0.0,3.0,2.0,3.6,3.6,2.11,3.7,3.75
2020-02-15,SC Paderborn 07,Hertha BSC,1,2,A,20.0,17.0,4.0,6.0,14.0,12.0,5.0,8.0,2.75,3.5,2.45,2.85,3.6,2.62
2020-02-16,FC Cologne,Bayern Munich,1,4,A,13.0,26.0,6.0,8.0,12.0,10.0,1.0,6.0,12.0,7.5,1.2,13.5,7.5,1.25
2020-02-16,FSV Mainz 05,FC Schalke 04,0,0,D,15.0,8.0,5.0,3.0,7.0,11.0,3.0,6.0,2.8,3.4,2.5,3.05,3.55,2.59
2020-02-21,Bayern Munich,SC Paderborn 07,3,2,H,18.0,5.0,9.0,4.0,3.0,9.0,11.0,1.0,1.05,13.0,34.0,1.08,16.75,56.0
2020-02-22,SC Freiburg,Fortuna Dusseldorf,0,2,A,15.0,9.0,4.0,4.0,13.0,10.0,7.0,4.0,1.9,3.8,4.0,2.05,3.9,4.05
2020-02-22,Hertha BSC,FC Cologne,0,5,A,9.0,17.0,1.0,11.0,12.0,10.0,5.0,3.0,2.4,3.4,2.87,2.5,3.5,3.05
2020-02-22,Borussia Monchengladbach,TSG Hoffenheim,1,1,D,17.0,22.0,10.0,4.0,8.0,8.0,8.0,8.0,1.61,4.0,5.25,1.7,4.5,5.35
2020-02-22,Werder Bremen,Borussia Dortmund,0,2,A,8.0,12.0,2.0,6.0,13.0,8.0,2.0,6.0,6.5,5.5,1.4,6.95,5.7,1.45
2020-02-22,FC Schalke 04,RB Leipzig,0,5,A,3.0,22.0,2.0,8.0,10.0,7.0,2.0,5.0,4.0,4.2,1.75,4.33,4.25,1.86
2020-02-23,VfL Wolfsburg,FSV Mainz 05,4,0,H,16.0,13.0,6.0,3.0,10.0,12.0,4.0,14.0,1.72,3.8,4.75,1.9,3.92,4.75
2020-02-23,Bayer Leverkusen,FC Augsburg,2,0,H,9.0,8.0,4.0,3.0,8.0,12.0,2.0,3.0,1.5,4.5,6.0,1.51,4.85,7.05
2020-02-24,Ein Frankfurt,Union Berlin,1,2,A,21.0,11.0,3.0,7.0,10.0,15.0,14.0,6.0,1.9,3.6,4.0,1.96,3.82,4.3
2020-02-28,Fortuna Dusseldorf,Hertha BSC,3,3,D,14.0,16.0,5.0,7.0,11.0,11.0,3.0,5.0,2.37,3.3,3.0,2.45,3.5,3.18
2020-02-29,FC Augsburg,Borussia Monchengladbach,2,3,A,8.0,15.0,3.0,7.0,11.0,6.0,5.0,3.0,3.4,3.8,2.05,3.62,3.95,2.09
2020-02-29,Borussia Dortmund,SC Freiburg,1,0,H,16.0,13.0,2.0,4.0,5.0,9.0,6.0,4.0,1.2,7.0,13.0,1.25,7.75,17.0
2020-02-29,TSG Hoffenheim,Bayern Munich,0,6,A,4.0,25.0,1.0,11.0,3.0,7.0,1.0,7.0,7.0,5.75,1.36,7.6,5.85,1.45
2020-02-29,FSV Mainz 05,SC Paderborn 07,2,0,H,8.0,9.0,3.0,4.0,5.0,15.0,5.0,8.0,1.83,4.0,4.0,1.91,4.1,4.31
2020-02-29,FC Cologne,FC Schalke 04,3,0,H,11.0,7.0,6.0,1.0,7.0,8.0,4.0,2.0,2.2,3.6,3.1,2.31,3.65,3.32
2020-03-01,Union Berlin,VfL Wolfsburg,2,2,D,6.0,14.0,3.0,3.0,8.0,13.0,1.0,6.0,2.62,3.2,2.7,2.78,3.35,2.81
2020-03-01,RB Leipzig,Bayer Leverkusen,1,1,D,9.0,14.0,2.0,6.0,4.0,12.0,8.0,5.0,1.44,5.0,6.5,1.53,5.1,6.53
2020-03-06,SC Paderborn 07,FC Cologne,1,2,A,16.0,15.0,2.0,3.0,8.0,12.0,5.0,9.0,3.0,4.0,2.1,3.32,4.06,2.2
2020-03-07,VfL Wolfsburg,RB Leipzig,0,0,D,16.0,15.0,4.0,4.0,11.0,14.0,4.0,4.0,3.8,3.8,1.9,4.19,3.86,1.98
2020-03-07,Borussia Monchengladbach,Borussia Dortmund,1,2,A,10.0,10.0,3.0,4.0,8.0,9.0,3.0,3.0,3.1,3.9,2.15,3.25,3.95,2.26
2020-03-07,Bayer Leverkusen,Ein Frankfurt,4,0,H,14.0,9.0,5.0,3.0,10.0,12.0,1.0,3.0,1.65,4.2,5.0,1.7,4.5,5.25
2020-03-07,SC Freiburg,Union Berlin,3,1,H,9.0,14.0,4.0,4.0,5.0,20.0,7.0,2.0,2.3,3.4,3.1,2.45,3.5,3.22
2020-03-07,Hertha BSC,Werder Bremen,2,2,D,19.0,7.0,5.0,3.0,16.0,5.0,3.0,1.0,2.1,3.5,3.4,2.26,3.6,3.55
2020-03-07,FC Schalke 04,TSG Hoffenheim,1,1,D,14.0,4.0,4.0,1.0,8.0,12.0,4.0,5.0,2.2,3.6,3.2,2.36,3.65,3.25
2020-03-08,Bayern Munich,FC Augsburg,2,0,H,17.0,8.0,6.0,2.0,4.0,7.0,9.0,4.0,1.11,10.0,21.0,1.12,13.25,35.0
2020-03-08,FSV Mainz 05,Fortuna Dusseldorf,1,1,D,3.0,20.0,1.0,5.0,17.0,10.0,1.0,8.0,1.9,3.75,3.8,2.0,4.0,4.08
2020-03-11,Borussia Monchengladbach,FC Cologne,2,1,H,12.0,16.0,5.0,3.0,14.0,14.0,6.0,3.0,1.72,4.0,4.2,1.85,4.28,4.56
2020-05-16,FC Augsburg,VfL Wolfsburg,1,2,A,8.0,17.0,3.0,5.0,8.0,11.0,3.0,1.0,3.4,3.5,2.1,3.58,3.66,2.25
2020-05-16,Borussia Dortmund,FC Schalke 04,4,0,H,11.0,10.0,4.0,3.0,9.0,8.0,4.0,2.0,1.5,4.33,6.0,1.55,4.8,6.75
2020-05-16,Fortuna Dusseldorf,SC Paderborn 07,0,0,D,10.0,7.0,1.0,1.0,15.0,16.0,2.0,0.0,2.1,3.6,3.25,2.25,3.76,3.45
2020-05-16,TSG Hoffenheim,Hertha BSC,0,3,A,21.0,12.0,5.0,5.0,9.0,16.0,7.0,5.0,2.1,3.6,3.2,2.26,3.69,3.48
2020-05-16,RB Leipzig,SC Freiburg,1,1,D,23.0,7.0,9.0,2.0,11.0,8.0,8.0,4.0,1.3,5.5,9.0,1.36,5.85,10.25
2020-05-16,Ein Frankfurt,Borussia Monchengladbach,1,3,A,12.0,15.0,4.0,8.0,19.0,10.0,5.0,1.0,2.9,3.6,2.25,3.01,3.72,2.51
2020-05-17,Union Berlin,Bayern Munich,0,2,A,10.0,14.0,2.0,3.0,13.0,10.0,4.0,9.0,15.0,7.0,1.18,17.75,7.6,1.23
2020-05-17,FC Cologne,FSV Mainz 05,2,2,D,16.0,11.0,6.0,5.0,20.0,15.0,5.0,7.0,1.85,3.9,3.9,1.95,4.05,4.25
2020-05-18,Werder Bremen,Bayer Leverkusen,1,4,A,9.0,13.0,1.0,6.0,15.0,14.0,2.0,9.0,4.75,4.0,1.66,5.15,4.15,1.76
2020-05-22,Hertha BSC,Union Berlin,4,0,H,14.0,7.0,8.0,0.0,12.0,12.0,4.0,6.0,2.3,3.4,3.0,2.45,3.54,3.28
2020-05-23,SC Freiburg,Werder Bremen,0,1,A,15.0,11.0,8.0,3.0,12.0,18.0,7.0,2.0,2.15,3.75,3.0,2.28,3.8,3.36
2020-05-23,Borussia Monchengladbach,Bayer Leverkusen,1,3,A,16.0,13.0,6.0,7.0,16.0,16.0,6.0,3.0,2.3,3.75,2.75,2.5,4.1,2.85
2020-05-23,SC Paderborn 07,TSG Hoffenheim,1,1,D,13.0,18.0,3.0,7.0,14.0,13.0,2.0,8.0,3.1,3.8,2.1,3.39,3.98,2.24
2020-05-23,VfL Wolfsburg,Borussia Dortmund,0,2,A,8.0,6.0,1.0,2.0,11.0,10.0,2.0,2.0,4.2,4.0,1.72,4.7,4.1,1.83
2020-05-23,Bayern Munich,Ein Frankfurt,5,2,H,23.0,11.0,10.0,4.0,10.0,7.0,7.0,2.0,1.16,7.5,13.0,1.2,10.21,19.5
2020-05-24,FC Schalke 04,FC Augsburg,0,3,A,12.0,9.0,2.0,7.0,14.0,11.0,3.0,2.0,2.0,3.5,3.6,2.12,3.7,3.85
2020-05-24,FSV Mainz 05,RB Leipzig,0,5,A,4.0,21.0,1.0,9.0,13.0,11.0,5.0,4.0,6.5,4.5,1.44,7.1,5.35,1.48
2020-05-24,FC Cologne,Fortuna Dusseldorf,2,2,D,16.0,10.0,6.0,5.0,19.0,17.0,6.0,2.0,1.72,4.0,4.2,1.85,4.25,4.4
2020-05-26,Bayer Leverkusen,VfL Wolfsburg,1,4,A,10.0,14.0,2.0,9.0,10.0,16.0,12.0,6.0,1.72,4.2,4.33,1.78,4.3,4.9
2020-05-26,Werder Bremen,Borussia Monchengladbach,0,0,D,12.0,8.0,7.0,4.0,14.0,11.0,8.0,5.0,4.33,4.0,1.72,4.8,4.3,1.78
2020-05-26,Ein Frankfurt,SC Freiburg,3,3,D,35.0,10.0,16.0,5.0,14.0,9.0,9.0,2.0,1.95,3.75,3.5,2.1,3.84,3.83
2020-05-26,Borussia Dortmund,Bayern Munich,0,1,A,13.0,13.0,5.0,6.0,9.0,15.0,4.0,3.0,3.6,4.33,1.85,3.86,4.38,1.95
2020-05-27,RB Leipzig,Hertha BSC,2,2,D,11.0,13.0,5.0,4.0,12.0,19.0,4.0,7.0,1.3,5.5,6.0,1.37,6.05,9.9
2020-05-27,FC Augsburg,SC Paderborn 07,0,0,D,12.0,15.0,3.0,3.0,7.0,14.0,6.0,6.0,1.9,3.75,3.8,2.03,3.88,3.98
2020-05-27,Fortuna Dusseldorf,FC Schalke 04,2,1,H,13.0,7.0,8.0,2.0,10.0,13.0,7.0,2.0,2.6,3.4,2.7,2.78,3.46,2.83
2020-05-27,TSG Hoffenheim,FC Cologne,3,1,H,8.0,15.0,6.0,5.0,12.0,8.0,0.0,10.0,2.3,3.6,2.8,2.56,3.96,2.88
2020-05-27,Union Berlin,FSV Mainz 05,1,1,D,9.0,10.0,4.0,2.0,17.0,18.0,6.0,6.0,2.2,3.5,3.1,2.38,3.65,3.3
2020-05-29,SC Freiburg,Bayer Leverkusen,0,1,A,9.0,7.0,1.0,1.0,8.0,13.0,6.0,6.0,4.75,4.2,1.66,4.92,4.4,1.77
2020-05-30,Bayern Munich,Fortuna Dusseldorf,5,0,H,23.0,7.0,8.0,2.0,9.0,10.0,7.0,2.0,1.08,13.0,19.0,1.1,14.75,42.0
2020-05-30,VfL Wolfsburg,Ein Frankfurt,1,2,A,19.0,6.0,4.0,3.0,18.0,16.0,4.0,3.0,1.95,3.75,3.75,2.05,3.9,3.9
2020-05-30,FC Schalke 04,Werder Bremen,0,1,A,12.0,6.0,1.0,2.0,19.0,16.0,4.0,8.0,2.5,3.4,2.8,2.6,3.5,3.1
2020-05-30,FSV Mainz 05,TSG Hoffenheim,0,1,A,18.0,13.0,2.0,6.0,18.0,14.0,10.0,7.0,2.75,3.75,2.37,2.94,3.85,2.49
2020-05-30,Hertha BSC,FC Augsburg,2,0,H,12.0,8.0,6.0,2.0,19.0,7.0,7.0,8.0,1.9,3.75,3.75,2.0,3.95,4.05
2020-05-31,Borussia Monchengladbach,Union Berlin,4,1,H,16.0,13.0,10.0,5.0,13.0,9.0,4.0,3.0,1.5,4.5,6.0,1.56,4.5,7.2
2020-05-31,SC Paderborn 07,Borussia Dortmund,1,6,A,10.0,16.0,1.0,11.0,4.0,6.0,2.0,8.0,8.5,5.5,1.33,9.8,5.9,1.37
2020-06-01,FC Cologne,RB Leipzig,2,4,A,7.0,19.0,5.0,8.0,16.0,7.0,4.0,7.0,5.5,4.6,1.53,6.2,4.9,1.6
2020-06-03,Werder Bremen,Ein Frankfurt,0,3,A,11.0,12.0,3.0,4.0,14.0,21.0,5.0,6.0,2.75,3.4,2.55,2.92,3.56,2.65
2020-06-05,SC Freiburg,Borussia Monchengladbach,1,0,H,16.0,18.0,6.0,4.0,14.0,14.0,3.0,10.0,4.5,4.0,1.72,4.7,4.25,1.8
2020-06-06,RB Leipzig,SC Paderborn 07,1,1,D,12.0,17.0,5.0,5.0,11.0,14.0,7.0,9.0,1.14,8.0,15.0,1.18,9.95,24.0
2020-06-06,Bayer Leverkusen,Bayern Munich,2,4,A,10.0,16.0,6.0,10.0,14.0,4.0,6.0,4.0,6.0,4.75,1.44,6.65,5.4,1.6
2020-06-06,Borussia Dortmund,Hertha BSC,1,0,H,12.0,5.0,3.0,2.0,7.0,11.0,6.0,0.0,1.33,5.5,7.5,1.41,5.7,8.5
2020-06-06,Ein Frankfurt,FSV Mainz 05,0,2,A,10.0,17.0,0.0,5.0,17.0,15.0,7.0,5.0,2.0,3.75,3.5,2.11,3.93,3.7
2020-06-06,Fortuna Dusseldorf,TSG Hoffenheim,2,2,D,23.0,8.0,4.0,5.0,12.0,15.0,7.0,1.0,2.75,3.6,2.4,2.91,3.7,2.59
2020-06-07,FC Augsburg,FC Cologne,1,1,D,18.0,9.0,5.0,2.0,13.0,21.0,9.0,2.0,2.7,3.5,2.45,2.93,3.68,2.57
2020-06-07,Werder Bremen,VfL Wolfsburg,0,1,A,14.0,18.0,4.0,3.0,17.0,13.0,5.0,4.0,3.6,3.5,2.05,3.9,3.78,2.11
2020-06-07,Union Berlin,FC Schalke 04,1,1,D,12.0,5.0,6.0,1.0,19.0,13.0,9.0,4.0,2.37,3.25,3.0,2.6,3.32,3.16
2020-06-12,TSG Hoffenheim,RB Leipzig,0,2,A,22.0,14.0,7.0,7.0,15.0,18.0,9.0,1.0,6.5,5.25,1.4,6.95,5.65,1.47
2020-06-13,FC Cologne,Union Berlin,1,2,A,10.0,7.0,6.0,5.0,18.0,17.0,4.0,6.0,2.0,3.4,3.75,2.13,3.62,3.96
2020-06-13,Fortuna Dusseldorf,Borussia Dortmund,0,1,A,6.0,5.0,4.0,3.0,6.0,15.0,6.0,1.0,7.0,5.25,1.36,8.6,5.7,1.41
2020-06-13,Hertha BSC,Ein Frankfurt,1,4,A,4.0,18.0,3.0,7.0,14.0,7.0,1.0,5.0,2.0,3.75,3.4,2.16,3.94,3.52
2020-06-13,SC Paderborn 07,Werder Bremen,1,5,A,20.0,11.0,8.0,8.0,17.0,18.0,11.0,2.0,3.0,3.75,2.15,3.5,3.96,2.28
2020-06-13,VfL Wolfsburg,SC Freiburg,2,2,D,22.0,10.0,7.0,6.0,17.0,11.0,6.0,5.0,1.7,3.8,4.75,1.77,4.25,5.1
2020-06-13,Bayern Munich,Borussia Monchengladbach,2,1,H,11.0,9.0,6.0,2.0,13.0,10.0,3.0,1.0,1.36,5.25,7.5,1.41,5.75,8.4
2020-06-14,FSV Mainz 05,FC Augsburg,0,1,A,18.0,9.0,4.0,3.0,8.0,14.0,9.0,5.0,2.25,3.4,3.1,2.4,3.62,3.28
2020-06-14,FC Schalke 04,Bayer Leverkusen,1,1,D,7.0,15.0,4.0,5.0,14.0,7.0,1.0,9.0,5.75,4.33,1.53,6.25,4.6,1.6
2020-06-16,Werder Bremen,Bayern Munich,0,1,A,6.0,13.0,1.0,4.0,9.0,13.0,0.0,10.0,13.0,7.5,1.16,16.75,8.2,1.25
2020-06-16,Union Berlin,SC Paderborn 07,1,0,H,14.0,10.0,6.0,2.0,17.0,16.0,1.0,5.0,1.65,4.2,5.0,1.72,4.33,5.44
2020-06-16,SC Freiburg,Hertha BSC,2,1,H,17.0,12.0,6.0,5.0,6.0,16.0,5.0,5.0,2.62,3.6,2.55,2.81,3.7,2.66
2020-06-16,Borussia Monchengladbach,VfL Wolfsburg,3,0,H,11.0,12.0,3.0,2.0,15.0,17.0,5.0,3.0,2.1,3.75,3.25,2.22,3.8,3.5
2020-06-17,Ein Frankfurt,FC Schalke 04,2,1,H,14.0,8.0,4.0,5.0,9.0,16.0,5.0,3.0,1.7,4.2,4.5,1.82,4.32,4.85
2020-06-17,FC Augsburg,TSG Hoffenheim,1,3,A,12.0,17.0,5.0,5.0,10.0,14.0,6.0,4.0,2.7,3.6,2.5,2.82,3.9,2.56
2020-06-17,Borussia Dortmund,FSV Mainz 05,0,2,A,15.0,10.0,5.0,6.0,14.0,13.0,7.0,1.0,1.25,6.5,10.0,1.3,6.65,12.25
2020-06-17,Bayer Leverkusen,FC Cologne,3,1,H,13.0,7.0,6.0,1.0,12.0,16.0,7.0,3.0,1.44,4.75,6.5,1.51,4.95,7.4
2020-06-17,RB Leipzig,Fortuna Dusseldorf,2,2,D,14.0,12.0,5.0,2.0,7.0,7.0,5.0,2.0,1.22,6.0,12.0,1.3,7.1,16.25
2020-06-20,FC Schalke 04,VfL Wolfsburg,1,4,A,10.0,10.0,3.0,5.0,12.0,16.0,2.0,4.0,5.25,4.0,1.61,5.6,4.25,1.75
2020-06-20,RB Leipzig,Borussia Dortmund,0,2,A,16.0,11.0,5.0,7.0,13.0,7.0,4.0,1.0,2.25,3.8,2.9,2.4,3.96,3.02
2020-06-20,SC Paderborn 07,Borussia Monchengladbach,1,3,A,11.0,22.0,1.0,10.0,11.0,13.0,3.0,5.0,9.5,6.5,1.25,12.25,6.6,1.31
2020-06-20,FSV Mainz 05,Werder Bremen,3,1,H,21.0,19.0,12.0,6.0,12.0,15.0,7.0,8.0,2.6,3.5,2.62,2.65,3.72,2.81
2020-06-20,TSG Hoffenheim,Union Berlin,4,0,H,15.0,5.0,8.0,1.0,10.0,15.0,6.0,4.0,1.57,4.2,5.5,1.72,4.4,6.2
2020-06-20,Hertha BSC,Bayer Leverkusen,2,0,H,13.0,12.0,5.0,2.0,14.0,15.0,5.0,4.0,5.25,4.33,1.57,5.6,4.45,1.75
2020-06-20,Fortuna Dusseldorf,FC Augsburg,1,1,D,8.0,11.0,4.0,3.0,14.0,12.0,5.0,3.0,1.95,3.75,3.75,2.0,4.0,4.05
2020-06-20,FC Cologne,Ein Frankfurt,1,1,D,4.0,9.0,2.0,2.0,8.0,15.0,5.0,9.0,2.7,3.8,2.37,2.9,3.95,2.56
2020-06-20,Bayern Munich,SC Freiburg,3,1,H,23.0,11.0,8.0,3.0,13.0,8.0,8.0,2.0,1.25,6.0,10.0,1.3,7.5,11.5
2020-06-27,VfL Wolfsburg,Bayern Munich,0,4,A,11.0,17.0,4.0,11.0,13.0,9.0,3.0,6.0,4.33,4.33,1.7,4.65,4.7,1.75
2020-06-27,Union Berlin,Fortuna Dusseldorf,3,0,H,11.0,25.0,7.0,4.0,15.0,6.0,6.0,10.0,4.0,3.6,1.9,4.15,3.75,2.03
2020-06-27,Borussia Monchengladbach,Hertha BSC,2,1,H,22.0,4.0,8.0,2.0,7.0,15.0,3.0,3.0,1.33,5.75,8.0,1.4,5.85,8.75
2020-06-27,Bayer Leverkusen,FSV Mainz 05,1,0,H,13.0,6.0,2.0,1.0,10.0,10.0,11.0,4.0,1.25,6.5,10.0,1.29,7.1,11.5
2020-06-27,Werder Bremen,FC Cologne,6,1,H,18.0,6.0,9.0,2.0,22.0,16.0,7.0,5.0,1.57,4.2,5.25,1.68,4.6,5.55
2020-06-27,Ein Frankfurt,SC Paderborn 07,3,2,H,12.0,16.0,4.0,5.0,13.0,3.0,6.0,2.0,1.3,5.75,9.0,1.37,6.4,9.2
2020-06-27,Borussia Dortmund,TSG Hoffenheim,0,4,A,7.0,15.0,4.0,7.0,7.0,5.0,2.0,5.0,1.7,4.5,4.1,1.8,4.6,4.45
2020-06-27,FC Augsburg,RB Leipzig,1,2,A,5.0,14.0,1.0,5.0,11.0,10.0,2.0,8.0,7.0,5.75,1.36,7.55,5.75,1.45
2020-06-27,SC Freiburg,FC Schalke 04,4,0,H,15.0,21.0,8.0,5.0,14.0,5.0,1.0,5.0,1.8,4.0,4.2,1.87,4.3,4.4
2020-09-18,Bayern Munich,FC Schalke 04,8,0,H,22.0,5.0,12.0,1.0,11.0,12.0,9.0,2.0,1.1,11.0,21.0,1.15,14.0,34.0
2020-09-19,Ein Frankfurt,Arminia Bielefeld,1,1,D,18.0,14.0,6.0,4.0,14.0,13.0,14.0,3.0,1.61,4.2,5.25,1.71,4.5,5.25
2020-09-19,FC Cologne,TSG Hoffenheim,2,3,A,13.0,13.0,6.0,7.0,12.0,13.0,1.0,6.0,2.6,3.5,2.6,2.7,3.88,2.69
2020-09-19,VfB Stuttgart,SC Freiburg,2,3,A,22.0,7.0,7.0,6.0,12.0,16.0,7.0,2.0,2.25,3.5,3.1,2.33,3.7,3.35
2020-09-19,Union Berlin,FC Augsburg,1,3,A,13.0,9.0,3.0,5.0,9.0,9.0,8.0,1.0,2.3,3.3,3.2,2.45,3.38,3.36
2020-09-19,Werder Bremen,Hertha BSC,1,4,A,17.0,13.0,7.0,6.0,13.0,17.0,7.0,4.0,2.6,3.5,2.62,2.72,3.75,2.75
2020-09-19,Borussia Dortmund,Borussia Monchengladbach,3,0,H,9.0,8.0,4.0,2.0,10.0,9.0,1.0,3.0,1.6,4.33,5.0,1.68,4.55,5.5
2020-09-20,VfL Wolfsburg,Bayer Leverkusen,0,0,D,9.0,6.0,1.0,2.0,13.0,12.0,4.0,4.0,2.87,3.5,2.37,3.05,3.62,2.52
2020-09-20,RB Leipzig,FSV Mainz 05,3,1,H,23.0,8.0,10.0,1.0,5.0,11.0,7.0,5.0,1.33,5.75,8.0,1.4,5.9,8.4
2020-09-25,Hertha BSC,Ein Frankfurt,1,3,A,12.0,10.0,6.0,3.0,13.0,16.0,4.0,3.0,2.25,3.75,2.9,2.4,3.97,3.15
2020-09-26,Borussia Monchengladbach,Union Berlin,1,1,D,14.0,15.0,5.0,2.0,11.0,15.0,7.0,5.0,1.44,4.5,7.5,1.46,4.85,8.0
2020-09-26,FC Schalke 04,Werder Bremen,1,3,A,17.0,17.0,4.0,8.0,20.0,14.0,8.0,3.0,2.5,3.4,2.8,2.65,3.6,2.82
2020-09-26,FSV Mainz 05,VfB Stuttgart,1,4,A,11.0,15.0,3.0,7.0,10.0,17.0,3.0,9.0,2.37,3.5,2.9,2.57,3.7,2.95
2020-09-26,Bayer Leverkusen,RB Leipzig,1,1,D,11.0,7.0,4.0,2.0,16.0,10.0,4.0,1.0,3.0,3.5,2.3,3.18,3.81,2.38
2020-09-26,Arminia Bielefeld,FC Cologne,1,0,H,7.0,12.0,3.0,2.0,12.0,15.0,4.0,7.0,2.62,3.5,2.6,2.85,3.65,2.61
2020-09-26,FC Augsburg,Borussia Dortmund,2,0,H,6.0,16.0,4.0,7.0,7.0,8.0,3.0,11.0,7.0,4.75,1.44,7.6,5.15,1.46
2020-09-27,TSG Hoffenheim,Bayern Munich,4,1,H,17.0,14.0,8.0,2.0,15.0,11.0,3.0,5.0,11.0,7.5,1.2,13.0,7.6,1.27
2020-09-27,SC Freiburg,VfL Wolfsburg,1,1,D,21.0,8.0,7.0,2.0,10.0,13.0,9.0,1.0,3.2,3.3,2.3,3.2,3.6,2.4
2020-10-02,Union Berlin,FSV Mainz 05,4,0,H,13.0,5.0,7.0,0.0,13.0,11.0,4.0,2.0,2.05,3.6,3.4,2.25,3.73,3.49
2020-10-03,Borussia Dortmund,SC Freiburg,4,0,H,16.0,6.0,7.0,2.0,8.0,12.0,3.0,2.0,1.28,6.0,9.0,1.33,6.65,10.5
2020-10-03,Ein Frankfurt,TSG Hoffenheim,2,1,H,16.0,11.0,6.0,4.0,12.0,8.0,5.0,7.0,2.37,3.7,2.8,2.45,3.85,2.93
2020-10-03,FC Cologne,Borussia Monchengladbach,1,3,A,8.0,17.0,3.0,11.0,16.0,12.0,4.0,10.0,3.8,4.0,1.85,4.1,4.0,1.94
2020-10-03,VfB Stuttgart,Bayer Leverkusen,1,1,D,11.0,15.0,2.0,7.0,8.0,17.0,7.0,12.0,3.8,3.8,1.85,3.95,4.18,1.96
2020-10-03,Werder Bremen,Arminia Bielefeld,1,0,H,7.0,10.0,2.0,5.0,12.0,16.0,2.0,1.0,2.15,3.5,3.3,2.25,3.75,3.46
2020-10-03,RB Leipzig,FC Schalke 04,4,0,H,21.0,4.0,7.0,1.0,13.0,10.0,8.0,1.0,1.25,6.5,10.0,1.29,6.65,13.0
2020-10-04,Bayern Munich,Hertha BSC,4,3,H,22.0,9.0,9.0,5.0,13.0,19.0,6.0,1.0,1.16,8.0,15.0,1.2,9.25,18.97
2020-10-04,VfL Wolfsburg,FC Augsburg,0,0,D,17.0,9.0,6.0,1.0,7.0,13.0,12.0,2.0,2.0,3.6,3.7,2.1,3.7,3.9
2020-10-17,FC Augsburg,RB Leipzig,0,2,A,6.0,15.0,2.0,6.0,9.0,13.0,5.0,8.0,5.75,4.5,1.53,6.16,4.84,1.57
2020-10-17,SC Freiburg,Werder Bremen,1,1,D,19.0,14.0,4.0,4.0,10.0,14.0,4.0,4.0,2.25,3.5,3.1,2.31,3.63,3.24
2020-10-17,Hertha BSC,VfB Stuttgart,0,2,A,16.0,7.0,4.0,2.0,14.0,10.0,6.0,4.0,2.05,3.8,3.3,2.15,4.12,3.46
2020-10-17,TSG Hoffenheim,Borussia Dortmund,0,1,A,8.0,15.0,3.0,5.0,13.0,11.0,4.0,6.0,4.0,4.33,1.75,4.5,4.55,1.81
2020-10-17,FSV Mainz 05,Bayer Leverkusen,0,1,A,5.0,9.0,0.0,4.0,12.0,6.0,6.0,2.0,5.5,4.33,1.57,5.64,4.68,1.65
2020-10-17,Arminia Bielefeld,Bayern Munich,1,4,A,11.0,16.0,5.0,10.0,6.0,6.0,6.0,10.0,13.0,8.5,1.16,15.5,8.6,1.22
2020-10-17,Borussia Monchengladbach,VfL Wolfsburg,1,1,D,13.0,14.0,2.0,5.0,14.0,13.0,5.0,4.0,1.85,3.8,4.0,1.92,4.05,4.2
2020-10-18,FC Cologne,Ein Frankfurt,1,1,D,9.0,16.0,5.0,4.0,19.0,18.0,2.0,8.0,3.2,3.8,2.1,3.3,4.0,2.2
2020-10-18,FC Schalke 04,Union Berlin,1,1,D,8.0,13.0,4.0,7.0,7.0,13.0,5.0,7.0,2.75,3.25,2.6,2.96,3.46,2.72
2020-10-23,VfB Stuttgart,FC Cologne,1,1,D,9.0,14.0,4.0,4.0,11.0,13.0,3.0,5.0,1.85,3.8,3.8,1.97,4.05,3.9
2020-10-24,Borussia Dortmund,FC Schalke 04,3,0,H,17.0,3.0,7.0,0.0,5.0,15.0,7.0,2.0,1.16,6.5,12.0,1.27,7.55,16.75
2020-10-24,Union Berlin,SC Freiburg,1,1,D,22.0,8.0,7.0,4.0,9.0,14.0,4.0,2.0,2.3,3.3,3.1,2.35,3.6,3.33
2020-10-24,FSV Mainz 05,Borussia Monchengladbach,2,3,A,15.0,21.0,7.0,12.0,18.0,11.0,3.0,7.0,4.75,4.33,1.61,5.25,4.4,1.71
2020-10-24,Bayern Munich,Ein Frankfurt,5,0,H,20.0,9.0,10.0,2.0,11.0,12.0,10.0,2.0,1.16,7.5,9.0,1.25,8.0,14.5
2020-10-24,RB Leipzig,Hertha BSC,2,1,H,29.0,11.0,8.0,3.0,10.0,20.0,7.0,3.0,1.4,4.5,7.0,1.51,5.0,7.0
2020-10-25,VfL Wolfsburg,Arminia Bielefeld,2,1,H,14.0,8.0,4.0,1.0,12.0,10.0,4.0,3.0,1.65,3.75,5.25,1.74,4.08,5.51
2020-10-25,Werder Bremen,TSG Hoffenheim,1,1,D,5.0,15.0,2.0,6.0,10.0,20.0,1.0,4.0,3.0,3.75,2.2,3.14,3.94,2.35
2020-10-26,Bayer Leverkusen,FC Augsburg,3,1,H,15.0,7.0,7.0,3.0,14.0,8.0,3.0,3.0,1.6,4.2,5.25,1.68,4.46,5.57
2020-10-30,FC Schalke 04,VfB Stuttgart,1,1,D,9.0,19.0,2.0,5.0,11.0,14.0,3.0,4.0,3.1,3.6,2.15,3.41,3.75,2.35
2020-10-31,Borussia Monchengladbach,RB Leipzig,1,0,H,5.0,15.0,4.0,3.0,13.0,17.0,2.0,4.0,3.0,3.6,2.25,3.13,3.8,2.41
2020-10-31,FC Augsburg,FSV Mainz 05,3,1,H,14.0,8.0,7.0,4.0,12.0,10.0,4.0,1.0,2.0,3.75,3.5,2.11,3.87,3.8
2020-10-31,Arminia Bielefeld,Borussia Dortmund,0,2,A,5.0,21.0,2.0,10.0,12.0,13.0,0.0,12.0,7.5,5.0,1.4,8.1,5.25,1.46
2020-10-31,Ein Frankfurt,Werder Bremen,1,1,D,14.0,9.0,5.0,4.0,12.0,14.0,5.0,3.0,1.72,4.0,4.5,1.82,4.34,4.55
2020-10-31,FC Cologne,Bayern Munich,1,2,A,9.0,7.0,2.0,5.0,12.0,13.0,5.0,1.0,12.0,8.0,1.18,17.0,9.2,1.21
2020-11-01,Hertha BSC,VfL Wolfsburg,1,1,D,18.0,11.0,5.0,4.0,8.0,15.0,8.0,6.0,2.62,3.5,2.55,2.8,3.62,2.75
2020-11-01,SC Freiburg,Bayer Leverkusen,2,4,A,8.0,18.0,5.0,7.0,10.0,11.0,4.0,6.0,3.8,3.5,1.95,3.97,3.7,2.07
2020-11-02,TSG Hoffenheim,Union Berlin,1,3,A,10.0,9.0,5.0,6.0,19.0,13.0,3.0,6.0,1.85,4.0,3.8,1.91,4.15,4.33
2020-11-06,Werder Bremen,FC Cologne,1,1,D,18.0,8.0,4.0,1.0,20.0,20.0,1.0,3.0,2.37,3.6,2.87,2.51,3.6,2.97
2020-11-07,FC Augsburg,Hertha BSC,0,3,A,10.0,12.0,2.0,6.0,12.0,10.0,2.0,6.0,2.9,3.5,2.3,3.01,3.76,2.45
2020-11-07,FSV Mainz 05,FC Schalke 04,2,2,D,14.0,22.0,7.0,3.0,19.0,13.0,4.0,9.0,2.1,3.4,3.4,2.35,3.63,3.4
2020-11-07,RB Leipzig,SC Freiburg,3,0,H,15.0,8.0,7.0,3.0,14.0,14.0,3.0,4.0,1.36,4.75,9.0,1.39,6.0,10.5
2020-11-07,VfB Stuttgart,Ein Frankfurt,2,2,D,16.0,15.0,5.0,8.0,14.0,16.0,10.0,8.0,2.55,3.6,2.5,2.76,3.88,2.66
2020-11-07,Union Berlin,Arminia Bielefeld,5,0,H,9.0,5.0,8.0,1.0,17.0,9.0,5.0,1.0,1.83,3.75,4.2,1.88,3.9,4.54
2020-11-07,Borussia Dortmund,Bayern Munich,2,3,A,15.0,16.0,5.0,8.0,15.0,7.0,4.0,3.0,4.0,4.33,1.75,4.2,4.4,1.87
2020-11-08,VfL Wolfsburg,TSG Hoffenheim,2,1,H,14.0,17.0,8.0,5.0,15.0,14.0,3.0,7.0,2.1,3.6,3.25,2.2,3.9,3.46
2020-11-08,Bayer Leverkusen,Borussia Monchengladbach,4,3,H,15.0,15.0,5.0,6.0,15.0,12.0,6.0,2.0,2.2,3.5,3.0,2.45,3.76,3.05
2020-11-21,Hertha BSC,Borussia Dortmund,2,5,A,9.0,15.0,3.0,8.0,12.0,17.0,4.0,3.0,4.5,4.33,1.65,5.35,4.6,1.7
2020-11-21,Ein Frankfurt,RB Leipzig,1,1,D,8.0,10.0,3.0,3.0,18.0,12.0,5.0,6.0,3.8,4.0,1.85,4.0,4.18,2.0
2020-11-21,Borussia Monchengladbach,FC Augsburg,1,1,D,15.0,10.0,6.0,5.0,7.0,12.0,2.0,1.0,1.5,4.5,6.0,1.54,4.9,6.85
2020-11-21,FC Schalke 04,VfL Wolfsburg,0,2,A,13.0,19.0,6.0,8.0,12.0,11.0,6.0,4.0,3.8,3.6,1.95,3.99,3.72,2.1
2020-11-21,Arminia Bielefeld,Bayer Leverkusen,1,2,A,1.0,10.0,1.0,4.0,6.0,10.0,0.0,10.0,5.75,4.6,1.5,6.35,4.6,1.63
2020-11-21,Bayern Munich,Werder Bremen,1,1,D,15.0,9.0,3.0,4.0,10.0,10.0,7.0,3.0,1.1,10.0,23.0,1.14,12.0,23.0
2020-11-21,TSG Hoffenheim,VfB Stuttgart,3,3,D,13.0,20.0,8.0,9.0,15.0,18.0,3.0,4.0,2.3,3.75,2.8,2.5,4.02,2.88
2020-11-22,SC Freiburg,FSV Mainz 05,1,3,A,19.0,22.0,6.0,8.0,6.0,12.0,9.0,4.0,2.05,3.6,3.4,2.17,3.74,3.62
2020-11-22,FC Cologne,Union Berlin,1,2,A,10.0,10.0,4.0,3.0,12.0,15.0,5.0,4.0,2.7,3.4,2.6,2.85,3.5,2.72
2020-11-27,VfL Wolfsburg,Werder Bremen,5,3,H,12.0,5.0,6.0,4.0,12.0,12.0,0.0,5.0,1.8,3.6,4.33,1.96,3.8,4.6
2020-11-28,FC Augsburg,SC Freiburg,1,1,D,10.0,10.0,2.0,5.0,15.0,8.0,4.0,1.0,2.37,3.5,2.9,2.5,3.71,3.05
2020-11-28,Borussia Dortmund,FC Cologne,1,2,A,14.0,7.0,4.0,5.0,11.0,10.0,6.0,2.0,1.2,7.0,13.0,1.27,7.1,13.5
2020-11-28,RB Leipzig,Arminia Bielefeld,2,1,H,15.0,13.0,7.0,3.0,13.0,15.0,6.0,7.0,1.2,7.0,13.0,1.25,7.4,15.0
2020-11-28,VfB Stuttgart,Bayern Munich,1,3,A,15.0,14.0,4.0,6.0,11.0,13.0,4.0,3.0,9.0,6.25,1.28,9.5,6.9,1.33
2020-11-28,Union Berlin,Ein Frankfurt,3,3,D,15.0,12.0,7.0,5.0,12.0,16.0,4.0,5.0,2.5,3.4,2.7,2.66,3.78,2.9
2020-11-28,Borussia Monchengladbach,FC Schalke 04,4,1,H,19.0,13.0,9.0,2.0,8.0,14.0,5.0,4.0,1.33,5.25,9.0,1.38,5.75,9.1
2020-11-29,FSV Mainz 05,TSG Hoffenheim,1,1,D,10.0,9.0,4.0,5.0,16.0,10.0,11.0,5.0,3.25,3.8,2.05,3.45,3.94,2.15
2020-11-29,Bayer Leverkusen,Hertha BSC,0,0,D,14.0,5.0,2.0,3.0,16.0,19.0,6.0,1.0,1.72,4.0,4.5,1.85,4.05,4.7
2020-12-04,Hertha BSC,Union Berlin,3,1,H,10.0,4.0,7.0,1.0,15.0,9.0,9.0,2.0,2.5,3.5,2.75,2.7,3.5,2.87
2020-12-05,Arminia Bielefeld,FSV Mainz 05,2,1,H,11.0,15.0,5.0,5.0,16.0,18.0,2.0,3.0,2.87,3.5,2.4,2.92,3.69,2.55
2020-12-05,Ein Frankfurt,Borussia Dortmund,1,1,D,9.0,16.0,1.0,5.0,14.0,6.0,6.0,5.0,3.5,4.0,1.95,3.76,4.26,2.0
2020-12-05,FC Cologne,VfL Wolfsburg,2,2,D,6.0,16.0,3.0,6.0,12.0,11.0,3.0,8.0,3.6,3.6,2.0,3.8,3.77,2.14
2020-12-05,SC Freiburg,Borussia Monchengladbach,2,2,D,22.0,11.0,7.0,4.0,12.0,19.0,5.0,5.0,3.6,3.75,1.95,3.92,3.85,2.05
2020-12-05,Bayern Munich,RB Leipzig,3,3,D,10.0,8.0,6.0,4.0,5.0,8.0,10.0,2.0,1.36,5.75,7.0,1.55,5.75,7.65
2020-12-06,Werder Bremen,VfB Stuttgart,1,2,A,14.0,11.0,4.0,7.0,10.0,15.0,2.0,4.0,2.8,3.5,2.45,2.81,3.78,2.64
2020-12-06,FC Schalke 04,Bayer Leverkusen,0,3,A,13.0,24.0,4.0,9.0,17.0,11.0,2.0,8.0,6.5,4.33,1.5,6.6,4.68,1.56
2020-12-07,TSG Hoffenheim,FC Augsburg,3,1,H,10.0,13.0,7.0,3.0,15.0,9.0,4.0,3.0,1.83,4.2,3.8,1.9,4.24,4.2
2020-12-11,VfL Wolfsburg,Ein Frankfurt,2,1,H,16.0,7.0,8.0,4.0,10.0,12.0,8.0,1.0,2.3,3.6,2.8,2.43,3.82,3.05
2020-12-12,RB Leipzig,Werder Bremen,2,0,H,15.0,7.0,7.0,2.0,17.0,12.0,1.0,6.0,1.36,5.0,8.5,1.39,5.55,9.3
2020-12-12,Union Berlin,Bayern Munich,1,1,D,13.0,15.0,6.0,5.0,17.0,8.0,4.0,7.0,8.5,6.0,1.28,9.25,7.2,1.33
2020-12-12,Borussia Monchengladbach,Hertha BSC,1,1,D,17.0,9.0,4.0,3.0,9.0,18.0,13.0,2.0,1.9,4.0,3.6,1.98,4.08,4.1
2020-12-12,FSV Mainz 05,FC Cologne,0,1,A,15.0,9.0,4.0,6.0,15.0,11.0,5.0,3.0,2.37,3.6,2.87,2.55,3.75,2.91
2020-12-12,SC Freiburg,Arminia Bielefeld,2,0,H,16.0,5.0,7.0,1.0,16.0,13.0,5.0,4.0,1.75,3.8,4.5,1.87,4.04,4.6
2020-12-12,Borussia Dortmund,VfB Stuttgart,1,5,A,12.0,18.0,4.0,10.0,11.0,13.0,8.0,2.0,1.5,4.5,6.0,1.54,4.89,6.5
2020-12-13,FC Augsburg,FC Schalke 04,2,2,D,8.0,15.0,4.0,4.0,17.0,13.0,2.0,3.0,1.9,3.75,3.8,2.0,3.84,4.2
2020-12-13,Bayer Leverkusen,TSG Hoffenheim,4,1,H,13.0,11.0,8.0,4.0,12.0,13.0,6.0,5.0,1.75,4.33,4.0,1.84,4.42,4.2
2020-12-15,Ein Frankfurt,Borussia Monchengladbach,3,3,D,11.0,8.0,4.0,4.0,18.0,15.0,4.0,5.0,2.62,3.8,2.45,2.88,3.87,2.58
2020-12-15,Hertha BSC,FSV Mainz 05,0,0,D,9.0,5.0,0.0,0.0,17.0,11.0,5.0,4.0,1.72,4.0,4.5,1.82,4.02,4.85
2020-12-15,VfB Stuttgart,Union Berlin,2,2,D,13.0,15.0,6.0,6.0,15.0,14.0,2.0,3.0,2.05,3.6,3.4,2.23,3.65,3.5
2020-12-15,Werder Bremen,Borussia Dortmund,1,2,A,7.0,15.0,3.0,9.0,10.0,13.0,4.0,4.0,5.5,5.0,1.5,6.35,5.0,1.55
2020-12-16,FC Cologne,Bayer Leverkusen,0,4,A,7.0,14.0,1.0,7.0,12.0,12.0,2.0,6.0,5.0,4.2,1.61,5.25,4.22,1.72
2020-12-16,Arminia Bielefeld,FC Augsburg,0,1,A,12.0,8.0,2.0,2.0,14.0,15.0,1.0,3.0,2.87,3.3,2.5,3.03,3.3,2.7
2020-12-16,TSG Hoffenheim,RB Leipzig,0,1,A,7.0,4.0,3.0,3.0,16.0,14.0,5.0,5.0,4.5,4.5,1.6,4.91,4.65,1.7
2020-12-16,FC Schalke 04,SC Freiburg,0,2,A,10.0,11.0,2.0,5.0,15.0,9.0,2.0,3.0,2.9,3.5,2.3,3.15,3.62,2.46
2020-12-16,Bayern Munich,VfL Wolfsburg,2,1,H,13.0,17.0,2.0,7.0,14.0,16.0,7.0,7.0,1.33,5.5,8.5,1.4,6.0,9.05
2020-12-18,Union Berlin,Borussia Dortmund,2,1,H,12.0,16.0,5.0,4.0,9.0,7.0,8.0,6.0,4.75,4.0,1.65,5.16,4.12,1.84
2020-12-19,FC Augsburg,Ein Frankfurt,0,2,A,15.0,15.0,4.0,6.0,9.0,10.0,2.0,4.0,3.8,3.75,1.95,3.89,3.83,2.05
2020-12-19,FSV Mainz 05,Werder Bremen,0,1,A,9.0,13.0,1.0,7.0,15.0,11.0,2.0,5.0,2.37,3.5,2.9,2.56,3.63,3.06
2020-12-19,Borussia Monchengladbach,TSG Hoffenheim,1,2,A,15.0,14.0,5.0,5.0,13.0,22.0,3.0,3.0,1.9,4.2,3.5,1.95,4.34,3.9
2020-12-19,RB Leipzig,FC Cologne,0,0,D,14.0,4.0,6.0,1.0,11.0,8.0,8.0,2.0,1.28,5.75,9.5,1.34,5.95,10.62
2020-12-19,FC Schalke 04,Arminia Bielefeld,0,1,A,11.0,8.0,5.0,3.0,17.0,19.0,1.0,6.0,2.15,3.4,3.4,2.35,3.5,3.5
2020-12-19,Bayer Leverkusen,Bayern Munich,1,2,A,8.0,14.0,3.0,3.0,13.0,6.0,5.0,7.0,4.0,4.2,1.83,4.15,4.37,1.89
2020-12-20,SC Freiburg,Hertha BSC,4,1,H,17.0,10.0,9.0,3.0,9.0,16.0,7.0,3.0,2.5,3.5,2.7,2.69,3.56,2.89
2020-12-20,VfL Wolfsburg,VfB Stuttgart,1,0,H,13.0,9.0,4.0,1.0,15.0,7.0,4.0,6.0,2.25,3.6,3.0,2.35,3.8,3.22
2021-01-02,Hertha BSC,FC Schalke 04,3,0,H,20.0,10.0,10.0,4.0,11.0,18.0,9.0,5.0,1.65,4.0,4.8,1.8,4.08,5.1
2021-01-02,VfB Stuttgart,RB Leipzig,0,1,A,10.0,22.0,1.0,9.0,10.0,10.0,3.0,6.0,3.8,4.0,1.8,4.49,4.32,1.91
2021-01-02,Werder Bremen,Union Berlin,0,2,A,10.0,9.0,2.0,2.0,15.0,14.0,6.0,5.0,2.9,3.3,2.37,3.01,3.47,2.61
2021-01-02,TSG Hoffenheim,SC Freiburg,1,3,A,13.0,7.0,6.0,4.0,14.0,22.0,8.0,3.0,2.0,3.8,3.3,2.13,4.1,3.62
2021-01-02,FC Cologne,FC Augsburg,0,1,A,12.0,11.0,2.0,4.0,20.0,12.0,8.0,3.0,2.35,3.4,3.0,2.43,3.5,3.3
2021-01-02,Ein Frankfurt,Bayer Leverkusen,2,1,H,10.0,10.0,4.0,2.0,9.0,6.0,2.0,7.0,3.2,3.6,2.1,3.41,4.08,2.2
2021-01-02,Arminia Bielefeld,Borussia Monchengladbach,0,1,A,7.0,22.0,0.0,7.0,8.0,7.0,3.0,14.0,5.75,4.33,1.53,6.25,4.44,1.63
2021-01-03,Borussia Dortmund,VfL Wolfsburg,2,0,H,14.0,22.0,7.0,5.0,9.0,12.0,10.0,5.0,1.55,4.2,5.75,1.63,4.65,6.0
2021-01-03,Bayern Munich,FSV Mainz 05,5,2,H,19.0,12.0,12.0,7.0,11.0,9.0,10.0,2.0,1.12,9.0,19.0,1.13,11.0,27.34
2021-01-08,Borussia Monchengladbach,Bayern Munich,3,2,H,8.0,15.0,4.0,4.0,9.0,11.0,3.0,8.0,4.75,4.75,1.57,5.45,5.14,1.63
2021-01-09,Union Berlin,VfL Wolfsburg,2,2,D,13.0,11.0,6.0,5.0,16.0,13.0,5.0,3.0,2.9,3.3,2.45,3.18,3.51,2.58
2021-01-09,FC Schalke 04,TSG Hoffenheim,4,0,H,12.0,18.0,5.0,5.0,14.0,13.0,5.0,4.0,4.5,4.0,1.72,4.65,4.35,1.81
2021-01-09,RB Leipzig,Borussia Dortmund,1,3,A,12.0,15.0,4.0,7.0,8.0,12.0,3.0,3.0,2.2,3.5,3.2,2.44,3.64,3.2
2021-01-09,Bayer Leverkusen,Werder Bremen,1,1,D,12.0,3.0,3.0,1.0,22.0,13.0,3.0,1.0,1.44,4.75,6.5,1.55,4.8,7.4
2021-01-09,SC Freiburg,FC Cologne,5,0,H,12.0,5.0,6.0,2.0,14.0,10.0,1.0,3.0,1.9,3.6,3.8,2.0,3.72,4.17
2021-01-09,FSV Mainz 05,Ein Frankfurt,0,2,A,8.0,15.0,0.0,7.0,17.0,15.0,3.0,7.0,3.5,3.8,1.95,3.78,4.14,2.03
2021-01-10,FC Augsburg,VfB Stuttgart,1,4,A,14.0,27.0,4.0,11.0,7.0,12.0,4.0,11.0,3.25,3.6,2.1,3.63,3.69,2.25
2021-01-10,Arminia Bielefeld,Hertha BSC,1,0,H,12.0,10.0,2.0,6.0,8.0,18.0,8.0,3.0,4.0,3.75,1.85,4.3,3.78,2.02
2021-01-15,Union Berlin,Bayer Leverkusen,1,0,H,10.0,12.0,2.0,4.0,9.0,10.0,2.0,3.0,3.3,3.5,2.2,3.39,3.55,2.3
2021-01-16,Borussia Dortmund,FSV Mainz 05,1,1,D,17.0,8.0,7.0,3.0,10.0,19.0,1.0,2.0,1.2,7.0,13.0,1.22,7.82,16.25
2021-01-16,FC Cologne,Hertha BSC,0,0,D,8.0,14.0,2.0,3.0,13.0,19.0,5.0,4.0,3.25,3.4,2.25,3.45,3.4,2.4
2021-01-16,TSG Hoffenheim,Arminia Bielefeld,0,0,D,11.0,8.0,5.0,2.0,9.0,21.0,5.0,3.0,1.66,4.0,5.0,1.76,4.1,5.4
2021-01-16,Werder Bremen,FC Augsburg,2,0,H,10.0,6.0,5.0,2.0,10.0,18.0,4.0,4.0,2.15,3.3,3.5,2.26,3.41,3.62
2021-01-16,VfL Wolfsburg,RB Leipzig,2,2,D,8.0,13.0,2.0,9.0,16.0,9.0,6.0,6.0,3.6,3.6,2.0,3.69,3.8,2.15
2021-01-16,VfB Stuttgart,Borussia Monchengladbach,2,2,D,19.0,8.0,7.0,5.0,11.0,20.0,5.0,2.0,3.0,3.5,2.3,3.04,4.01,2.4
2021-01-17,Ein Frankfurt,FC Schalke 04,3,1,H,20.0,5.0,11.0,1.0,8.0,10.0,8.0,2.0,1.5,4.33,6.5,1.55,4.84,6.8
2021-01-17,Bayern Munich,SC Freiburg,2,1,H,25.0,8.0,9.0,3.0,4.0,14.0,14.0,3.0,1.22,7.5,11.0,1.27,7.5,12.05
2021-01-19,Bayer Leverkusen,Borussia Dortmund,2,1,H,23.0,15.0,13.0,3.0,13.0,8.0,6.0,5.0,3.1,3.8,2.15,3.28,3.95,2.3
2021-01-19,FSV Mainz 05,VfL Wolfsburg,0,2,A,8.0,8.0,0.0,2.0,17.0,15.0,2.0,5.0,4.0,4.0,1.8,4.32,4.0,1.93
2021-01-19,Borussia Monchengladbach,Werder Bremen,1,0,H,11.0,11.0,6.0,2.0,15.0,11.0,7.0,5.0,1.57,4.2,5.75,1.65,4.34,6.0
2021-01-19,Hertha BSC,TSG Hoffenheim,0,3,A,13.0,11.0,2.0,6.0,16.0,16.0,3.0,2.0,2.25,3.5,3.1,2.4,3.7,3.21
2021-01-20,FC Schalke 04,FC Cologne,1,2,A,15.0,12.0,8.0,4.0,7.0,11.0,5.0,8.0,2.55,3.3,2.75,2.76,3.37,2.9
2021-01-20,FC Augsburg,Bayern Munich,0,1,A,9.0,17.0,0.0,4.0,15.0,11.0,5.0,7.0,13.0,7.0,1.2,15.0,7.7,1.24
2021-01-20,Arminia Bielefeld,VfB Stuttgart,3,0,H,9.0,11.0,3.0,3.0,9.0,9.0,2.0,6.0,4.33,3.9,1.75,4.52,3.96,1.86
2021-01-20,SC Freiburg,Ein Frankfurt,2,2,D,11.0,17.0,4.0,4.0,10.0,15.0,4.0,5.0,2.9,3.5,2.37,3.0,3.6,2.56
2021-01-20,RB Leipzig,Union Berlin,1,0,H,15.0,4.0,5.0,1.0,6.0,11.0,5.0,1.0,1.5,4.33,7.0,1.56,4.51,8.0
2021-01-22,Borussia Monchengladbach,Borussia Dortmund,4,2,H,10.0,16.0,7.0,7.0,9.0,9.0,3.0,7.0,3.3,3.75,2.1,3.42,3.94,2.2
2021-01-23,FC Augsburg,Union Berlin,2,1,H,8.0,9.0,4.0,5.0,13.0,21.0,2.0,3.0,3.75,3.4,2.05,3.8,3.53,2.17
2021-01-23,Arminia Bielefeld,Ein Frankfurt,1,5,A,8.0,15.0,4.0,8.0,14.0,22.0,0.0,8.0,4.75,3.8,1.75,4.89,4.1,1.84
2021-01-23,SC Freiburg,VfB Stuttgart,2,1,H,9.0,27.0,4.0,11.0,20.0,12.0,3.0,5.0,2.62,3.75,2.5,2.73,3.96,2.59
2021-01-23,Bayer Leverkusen,VfL Wolfsburg,0,1,A,10.0,8.0,4.0,4.0,13.0,7.0,6.0,2.0,2.05,3.6,3.5,2.15,3.82,3.65
2021-01-23,FSV Mainz 05,RB Leipzig,3,2,H,10.0,12.0,4.0,5.0,13.0,16.0,3.0,9.0,7.5,5.0,1.36,8.45,5.1,1.45
2021-01-23,Hertha BSC,Werder Bremen,1,4,A,18.0,7.0,10.0,5.0,16.0,12.0,7.0,1.0,2.1,3.5,3.6,2.26,3.53,3.67
2021-01-24,TSG Hoffenheim,FC Cologne,3,0,H,13.0,13.0,4.0,4.0,8.0,13.0,6.0,9.0,1.75,3.75,4.5,1.88,3.84,4.9
2021-01-24,FC Schalke 04,Bayern Munich,0,4,A,14.0,32.0,4.0,14.0,5.0,9.0,3.0,7.0,16.0,8.5,1.14,17.0,8.6,1.21
2021-01-29,VfB Stuttgart,FSV Mainz 05,2,0,H,9.0,10.0,3.0,2.0,9.0,20.0,2.0,4.0,1.61,4.0,5.0,1.77,4.3,5.31
2021-01-30,Bayern Munich,TSG Hoffenheim,4,1,H,15.0,15.0,9.0,5.0,10.0,8.0,10.0,4.0,1.2,8.0,11.0,1.27,8.0,11.5
2021-01-30,Borussia Dortmund,FC Augsburg,3,1,H,14.0,5.0,5.0,1.0,12.0,11.0,10.0,1.0,1.25,6.5,9.0,1.28,6.75,12.0
2021-01-30,Ein Frankfurt,Hertha BSC,3,1,H,17.0,11.0,8.0,4.0,17.0,14.0,4.0,7.0,1.75,3.8,4.5,1.84,4.18,4.7
2021-01-30,Union Berlin,Borussia Monchengladbach,1,1,D,13.0,12.0,3.0,4.0,12.0,13.0,2.0,9.0,3.2,3.4,2.25,3.47,3.75,2.35
2021-01-30,Werder Bremen,FC Schalke 04,1,1,D,15.0,6.0,6.0,1.0,11.0,20.0,6.0,1.0,1.9,3.5,4.0,2.03,3.75,4.22
2021-01-30,RB Leipzig,Bayer Leverkusen,1,0,H,16.0,8.0,2.0,4.0,11.0,15.0,6.0,6.0,1.9,3.6,4.0,2.03,3.81,4.25
2021-01-31,FC Cologne,Arminia Bielefeld,3,1,H,14.0,9.0,7.0,3.0,15.0,17.0,3.0,5.0,2.25,3.4,3.2,2.34,3.4,3.53
2021-01-31,VfL Wolfsburg,SC Freiburg,3,0,H,12.0,9.0,6.0,2.0,13.0,10.0,5.0,10.0,1.85,3.8,4.0,1.93,3.98,4.4
2021-02-05,Hertha BSC,Bayern Munich,0,1,A,11.0,17.0,7.0,7.0,12.0,15.0,3.0,11.0,7.0,5.75,1.36,8.0,6.02,1.42
2021-02-06,Borussia Monchengladbach,FC Cologne,1,2,A,10.0,7.0,2.0,3.0,17.0,11.0,4.0,1.0,1.45,4.5,6.5,1.51,4.78,7.4
2021-02-06,FC Schalke 04,RB Leipzig,0,3,A,3.0,24.0,1.0,10.0,14.0,16.0,1.0,7.0,9.0,5.75,1.3,10.09,5.85,1.36
2021-02-06,FSV Mainz 05,Union Berlin,1,0,H,9.0,10.0,5.0,3.0,12.0,11.0,3.0,1.0,3.3,3.4,2.2,3.37,3.58,2.38
2021-02-06,FC Augsburg,VfL Wolfsburg,0,2,A,9.0,17.0,1.0,9.0,10.0,15.0,7.0,4.0,4.75,3.6,1.75,4.96,3.86,1.9
2021-02-06,SC Freiburg,Borussia Dortmund,2,1,H,6.0,16.0,3.0,5.0,12.0,12.0,1.0,1.0,5.25,4.33,1.57,5.5,4.64,1.66
2021-02-06,Bayer Leverkusen,VfB Stuttgart,5,2,H,25.0,14.0,11.0,7.0,12.0,9.0,4.0,4.0,2.0,3.75,3.5,2.05,4.04,3.85
2021-02-07,TSG Hoffenheim,Ein Frankfurt,1,3,A,8.0,9.0,2.0,5.0,15.0,12.0,4.0,7.0,2.9,3.8,2.25,3.05,4.18,2.3
2021-02-12,RB Leipzig,FC Augsburg,2,1,H,16.0,4.0,6.0,2.0,23.0,15.0,3.0,4.0,1.22,6.5,11.0,1.3,6.5,13.0
2021-02-13,Borussia Dortmund,TSG Hoffenheim,2,2,D,6.0,12.0,3.0,6.0,21.0,16.0,1.0,7.0,1.45,4.8,6.25,1.54,5.13,6.5
2021-02-13,Bayer Leverkusen,FSV Mainz 05,2,2,D,11.0,19.0,5.0,6.0,13.0,17.0,2.0,2.0,1.4,5.0,6.5,1.5,5.0,7.32
2021-02-13,VfB Stuttgart,Hertha BSC,1,1,D,11.0,11.0,3.0,3.0,21.0,17.0,1.0,5.0,2.15,3.6,3.1,2.34,3.74,3.22
2021-02-13,Werder Bremen,SC Freiburg,0,0,D,12.0,8.0,4.0,2.0,4.0,20.0,4.0,1.0,2.8,3.3,2.45,3.0,3.56,2.67
2021-02-13,Union Berlin,FC Schalke 04,0,0,D,19.0,6.0,3.0,1.0,14.0,15.0,1.0,6.0,1.75,3.6,5.0,1.83,3.75,5.0
2021-02-14,Ein Frankfurt,FC Cologne,2,0,H,17.0,6.0,7.0,1.0,14.0,4.0,7.0,2.0,1.45,4.5,7.0,1.52,4.69,7.12
2021-02-14,VfL Wolfsburg,Borussia Monchengladbach,0,0,D,18.0,12.0,6.0,4.0,10.0,11.0,9.0,6.0,2.37,3.5,2.9,2.57,3.72,2.91
2021-02-15,Bayern Munich,Arminia Bielefeld,3,3,D,19.0,7.0,11.0,3.0,7.0,13.0,5.0,2.0,1.1,9.0,21.0,1.19,9.0,21.0
2021-02-19,Arminia Bielefeld,VfL Wolfsburg,0,3,A,7.0,11.0,2.0,6.0,10.0,14.0,3.0,8.0,5.5,3.75,1.65,5.75,4.0,1.73
2021-02-20,Ein Frankfurt,Bayern Munich,2,1,H,12.0,22.0,6.0,6.0,12.0,7.0,6.0,10.0,4.0,4.33,1.75,4.25,4.55,1.82
2021-02-20,FC Cologne,VfB Stuttgart,0,1,A,9.0,9.0,0.0,3.0,15.0,10.0,0.0,6.0,3.5,3.6,2.05,3.6,3.82,2.15
2021-02-20,SC Freiburg,Union Berlin,0,1,A,9.0,15.0,1.0,4.0,15.0,14.0,2.0,4.0,2.4,3.2,3.1,2.54,3.3,3.24
2021-02-20,Borussia Monchengladbach,FSV Mainz 05,1,2,A,12.0,8.0,3.0,6.0,10.0,16.0,4.0,4.0,1.61,4.0,5.25,1.72,4.1,5.51
2021-02-20,FC Schalke 04,Borussia Dortmund,0,4,A,13.0,9.0,2.0,6.0,9.0,13.0,4.0,2.0,9.0,5.75,1.3,10.07,5.99,1.35
2021-02-21,FC Augsburg,Bayer Leverkusen,1,1,D,6.0,10.0,3.0,3.0,16.0,13.0,1.0,4.0,5.5,4.0,1.61,5.6,4.1,1.71
2021-02-21,Hertha BSC,RB Leipzig,0,3,A,8.0,14.0,4.0,7.0,10.0,8.0,3.0,4.0,5.25,3.9,1.65,5.55,4.15,1.73
2021-02-21,TSG Hoffenheim,Werder Bremen,4,0,H,12.0,3.0,6.0,1.0,16.0,12.0,6.0,3.0,2.05,3.6,3.5,2.15,3.82,3.56
2021-02-26,Werder Bremen,Ein Frankfurt,2,1,H,9.0,13.0,5.0,4.0,9.0,15.0,2.0,8.0,4.33,3.8,1.75,4.7,4.0,1.85
2021-02-27,RB Leipzig,Borussia Monchengladbach,3,2,H,21.0,5.0,11.0,2.0,20.0,15.0,3.0,4.0,1.6,4.2,5.25,1.7,4.45,5.5
2021-02-27,VfB Stuttgart,FC Schalke 04,5,1,H,19.0,11.0,10.0,5.0,15.0,18.0,11.0,9.0,1.45,4.5,6.5,1.57,4.85,6.75
2021-02-27,VfL Wolfsburg,Hertha BSC,2,0,H,11.0,7.0,2.0,2.0,15.0,14.0,3.0,5.0,1.7,4.0,4.75,1.78,4.1,5.04
2021-02-27,Bayern Munich,FC Cologne,5,1,H,15.0,6.0,7.0,3.0,7.0,9.0,4.0,4.0,1.16,7.5,15.0,1.2,8.8,17.0
2021-02-27,Borussia Dortmund,Arminia Bielefeld,3,0,H,20.0,8.0,9.0,2.0,12.0,16.0,5.0,2.0,1.18,7.0,15.0,1.23,7.3,16.25
2021-02-28,Union Berlin,TSG Hoffenheim,1,1,D,4.0,15.0,1.0,4.0,13.0,12.0,3.0,4.0,2.37,3.5,2.9,2.45,3.52,3.12
2021-02-28,FSV Mainz 05,FC Augsburg,0,1,A,10.0,8.0,5.0,3.0,9.0,7.0,5.0,3.0,2.0,3.6,3.6,2.15,3.66,3.72
2021-02-28,Bayer Leverkusen,SC Freiburg,1,2,A,21.0,6.0,5.0,3.0,12.0,11.0,8.0,3.0,1.8,3.6,4.5,1.92,3.83,4.75
2021-03-05,FC Schalke 04,FSV Mainz 05,0,0,D,2.0,19.0,2.0,2.0,10.0,16.0,2.0,6.0,3.6,3.6,2.0,3.65,3.76,2.2
2021-03-06,Ein Frankfurt,VfB Stuttgart,1,1,D,19.0,8.0,8.0,1.0,15.0,17.0,13.0,4.0,1.95,3.75,3.75,2.0,4.0,4.2
2021-03-06,SC Freiburg,RB Leipzig,0,3,A,5.0,13.0,1.0,8.0,10.0,13.0,1.0,2.0,5.0,4.0,1.66,5.5,4.18,1.74
2021-03-06,Hertha BSC,FC Augsburg,2,1,H,17.0,7.0,7.0,4.0,15.0,13.0,6.0,1.0,1.9,3.5,4.1,2.06,3.65,4.28
2021-03-06,TSG Hoffenheim,VfL Wolfsburg,2,1,H,9.0,17.0,4.0,5.0,13.0,15.0,2.0,6.0,2.9,3.4,2.4,3.05,3.64,2.47
2021-03-06,Borussia Monchengladbach,Bayer Leverkusen,0,1,A,7.0,13.0,3.0,5.0,6.0,10.0,7.0,8.0,2.55,3.6,2.6,2.75,3.67,2.84
2021-03-06,Bayern Munich,Borussia Dortmund,4,2,H,25.0,4.0,9.0,3.0,8.0,13.0,6.0,0.0,1.65,4.5,4.5,1.69,4.86,5.05
2021-03-07,Arminia Bielefeld,Union Berlin,0,0,D,5.0,7.0,3.0,3.0,9.0,5.0,3.0,3.0,4.0,3.5,1.9,4.28,3.59,2.07
2021-03-07,FC Cologne,Werder Bremen,1,1,D,16.0,11.0,4.0,5.0,13.0,10.0,9.0,3.0,2.9,3.25,2.5,3.08,3.25,2.8
2021-03-10,Arminia Bielefeld,Werder Bremen,0,2,A,22.0,5.0,7.0,2.0,12.0,9.0,9.0,0.0,3.3,3.3,2.2,3.47,3.31,2.38
2021-03-12,FC Augsburg,Borussia Monchengladbach,3,1,H,10.0,28.0,3.0,7.0,6.0,10.0,1.0,10.0,4.0,3.8,1.85,4.4,3.9,1.92
2021-03-13,FSV Mainz 05,SC Freiburg,1,0,H,10.0,13.0,7.0,3.0,25.0,15.0,0.0,4.0,2.55,3.5,2.62,2.78,3.54,2.81
2021-03-13,Union Berlin,FC Cologne,2,1,H,13.0,9.0,8.0,5.0,20.0,13.0,6.0,6.0,1.9,3.5,4.2,2.03,3.52,4.4
2021-03-13,Werder Bremen,Bayern Munich,1,3,A,9.0,22.0,4.0,6.0,5.0,9.0,3.0,8.0,10.0,6.5,1.25,11.2,7.1,1.29
2021-03-13,VfL Wolfsburg,FC Schalke 04,5,0,H,16.0,7.0,7.0,2.0,12.0,8.0,3.0,8.0,1.33,5.25,9.0,1.39,5.6,10.21
2021-03-13,Borussia Dortmund,Hertha BSC,2,0,H,14.0,4.0,4.0,0.0,6.0,11.0,7.0,0.0,1.5,4.5,6.0,1.54,4.91,6.66
2021-03-14,Bayer Leverkusen,Arminia Bielefeld,1,2,A,20.0,10.0,8.0,5.0,16.0,9.0,9.0,5.0,1.36,4.75,9.0,1.41,5.3,9.0
2021-03-14,RB Leipzig,Ein Frankfurt,1,1,D,14.0,5.0,8.0,2.0,14.0,21.0,4.0,3.0,1.8,3.8,4.2,1.86,3.98,4.58
2021-03-14,VfB Stuttgart,TSG Hoffenheim,2,0,H,7.0,16.0,4.0,5.0,14.0,9.0,4.0,4.0,2.45,3.6,2.7,2.57,3.9,2.87
2021-03-19,Arminia Bielefeld,RB Leipzig,0,1,A,5.0,20.0,0.0,8.0,10.0,12.0,1.0,7.0,9.0,4.75,1.33,10.12,5.26,1.4
2021-03-20,FC Schalke 04,Borussia Monchengladbach,0,3,A,4.0,21.0,1.0,7.0,8.0,8.0,2.0,7.0,7.5,4.5,1.44,7.7,4.94,1.53
2021-03-20,Werder Bremen,VfL Wolfsburg,1,2,A,11.0,16.0,4.0,5.0,15.0,15.0,3.0,9.0,4.5,3.6,1.8,4.5,3.82,1.92
2021-03-20,Bayern Munich,VfB Stuttgart,4,0,H,15.0,12.0,7.0,4.0,10.0,12.0,1.0,3.0,1.2,7.0,11.0,1.26,7.8,11.42
2021-03-20,Ein Frankfurt,Union Berlin,5,2,H,9.0,24.0,5.0,8.0,9.0,10.0,2.0,4.0,1.85,4.0,3.8,1.92,4.0,4.32
2021-03-20,FC Cologne,Borussia Dortmund,2,2,D,10.0,13.0,2.0,4.0,4.0,12.0,5.0,2.0,8.0,4.75,1.4,8.0,5.05,1.47
2021-03-21,TSG Hoffenheim,FSV Mainz 05,1,2,A,8.0,16.0,2.0,7.0,14.0,12.0,2.0,9.0,1.9,3.75,3.8,2.0,3.85,4.1
2021-03-21,Hertha BSC,Bayer Leverkusen,3,0,H,13.0,9.0,10.0,1.0,10.0,20.0,4.0,8.0,3.4,3.6,2.05,3.65,3.74,2.16
2021-03-21,SC Freiburg,FC Augsburg,2,0,H,10.0,19.0,3.0,8.0,21.0,13.0,3.0,5.0,1.95,3.4,4.0,2.02,3.69,4.08
2021-04-03,FC Augsburg,TSG Hoffenheim,2,1,H,7.0,16.0,2.0,6.0,7.0,11.0,2.0,10.0,3.6,3.8,1.9,3.86,3.9,2.05
2021-04-03,Borussia Dortmund,Ein Frankfurt,1,2,A,20.0,15.0,7.0,3.0,9.0,12.0,10.0,2.0,1.72,4.2,4.2,1.86,4.25,4.58
2021-04-03,Bayer Leverkusen,FC Schalke 04,2,1,H,6.0,4.0,2.0,2.0,13.0,9.0,5.0,4.0,1.22,6.5,12.0,1.27,7.0,14.31
2021-04-03,FSV Mainz 05,Arminia Bielefeld,1,1,D,12.0,9.0,5.0,2.0,27.0,10.0,2.0,3.0,1.72,3.6,4.75,1.89,3.88,5.0
2021-04-03,VfL Wolfsburg,FC Cologne,1,0,H,13.0,10.0,6.0,1.0,18.0,11.0,5.0,4.0,1.5,4.33,6.0,1.6,4.4,6.89
2021-04-03,RB Leipzig,Bayern Munich,0,1,A,13.0,9.0,3.0,5.0,13.0,9.0,8.0,4.0,2.7,3.8,2.37,2.88,3.85,2.54
2021-04-03,Borussia Monchengladbach,SC Freiburg,2,1,H,19.0,7.0,5.0,4.0,11.0,14.0,0.0,3.0,1.75,4.0,4.1,1.88,4.15,4.6
2021-04-04,Union Berlin,Hertha BSC,1,1,D,11.0,4.0,3.0,1.0,13.0,12.0,2.0,3.0,2.4,3.3,2.87,2.61,3.34,3.04
2021-04-04,VfB Stuttgart,Werder Bremen,1,0,H,14.0,9.0,3.0,2.0,8.0,8.0,6.0,0.0,1.9,3.6,4.0,2.01,3.78,4.07
2021-04-09,Arminia Bielefeld,SC Freiburg,1,0,H,14.0,10.0,4.0,2.0,8.0,10.0,4.0,2.0,2.87,3.3,2.45,3.11,3.3,2.65
2021-04-10,Bayern Munich,Union Berlin,1,1,D,14.0,6.0,2.0,2.0,10.0,12.0,8.0,1.0,1.44,4.75,6.5,1.53,5.05,7.5
2021-04-10,Ein Frankfurt,VfL Wolfsburg,4,3,H,9.0,20.0,5.0,7.0,11.0,13.0,3.0,7.0,2.37,3.5,2.9,2.52,3.63,3.09
2021-04-10,Hertha BSC,Borussia Monchengladbach,2,2,D,24.0,7.0,8.0,4.0,12.0,17.0,11.0,3.0,3.2,3.5,2.2,3.3,3.68,2.35
2021-04-10,Werder Bremen,RB Leipzig,1,4,A,11.0,8.0,2.0,4.0,13.0,10.0,2.0,2.0,8.0,4.75,1.4,8.01,5.07,1.46
2021-04-10,VfB Stuttgart,Borussia Dortmund,2,3,A,13.0,18.0,3.0,7.0,13.0,11.0,3.0,8.0,4.0,3.8,1.83,4.15,4.2,1.92
2021-04-11,FC Schalke 04,FC Augsburg,1,0,H,7.0,13.0,2.0,4.0,10.0,14.0,4.0,6.0,3.2,3.4,2.25,3.44,3.5,2.38
2021-04-11,FC Cologne,FSV Mainz 05,2,3,A,22.0,9.0,4.0,6.0,14.0,14.0,2.0,5.0,3.0,3.3,2.4,3.17,3.42,2.54
2021-04-12,TSG Hoffenheim,Bayer Leverkusen,0,0,D,2.0,7.0,0.0,5.0,14.0,12.0,1.0,1.0,2.87,3.6,2.3,3.03,3.74,2.46
2021-04-16,RB Leipzig,TSG Hoffenheim,0,0,D,14.0,6.0,2.0,0.0,14.0,13.0,4.0,1.0,1.36,5.25,7.5,1.43,5.25,8.7
2021-04-17,VfL Wolfsburg,Bayern Munich,2,3,A,7.0,14.0,3.0,9.0,16.0,8.0,6.0,5.0,3.5,4.0,1.9,4.0,4.12,1.97
2021-04-17,Bayer Leverkusen,FC Cologne,3,0,H,8.0,14.0,5.0,2.0,12.0,12.0,2.0,3.0,1.61,3.9,5.5,1.68,4.22,6.0
2021-04-17,Union Berlin,VfB Stuttgart,2,1,H,9.0,9.0,4.0,2.0,15.0,12.0,4.0,4.0,2.2,3.5,3.1,2.4,3.64,3.32
2021-04-17,FC Augsburg,Arminia Bielefeld,0,0,D,9.0,8.0,3.0,1.0,10.0,9.0,7.0,3.0,2.45,3.3,2.9,2.63,3.43,3.19
2021-04-17,SC Freiburg,FC Schalke 04,4,0,H,13.0,4.0,8.0,2.0,15.0,12.0,3.0,4.0,1.65,4.2,4.75,1.75,4.2,5.25
2021-04-17,Borussia Monchengladbach,Ein Frankfurt,4,0,H,19.0,16.0,4.0,5.0,11.0,10.0,7.0,8.0,2.5,3.6,2.6,2.63,3.93,2.75
2021-04-18,Borussia Dortmund,Werder Bremen,4,1,H,19.0,10.0,9.0,3.0,8.0,14.0,7.0,4.0,1.36,5.25,7.0,1.42,5.3,8.26
2021-04-20,FC Cologne,RB Leipzig,2,1,H,5.0,23.0,3.0,6.0,9.0,16.0,0.0,8.0,8.0,4.75,1.4,8.12,5.0,1.46
2021-04-20,Bayern Munich,Bayer Leverkusen,2,0,H,26.0,6.0,9.0,3.0,6.0,14.0,7.0,3.0,1.4,5.0,7.0,1.49,5.3,7.08
2021-04-20,Arminia Bielefeld,FC Schalke 04,1,0,H,10.0,3.0,5.0,0.0,14.0,12.0,4.0,2.0,1.72,3.6,5.25,1.8,3.86,5.25
2021-04-20,Ein Frankfurt,FC Augsburg,2,0,H,12.0,14.0,4.0,4.0,18.0,8.0,7.0,5.0,1.44,4.75,7.0,1.47,5.25,7.8
2021-04-21,VfB Stuttgart,VfL Wolfsburg,1,3,A,11.0,13.0,4.0,4.0,12.0,11.0,4.0,1.0,3.4,3.8,2.0,3.5,3.95,2.15
2021-04-21,Werder Bremen,FSV Mainz 05,0,1,A,18.0,13.0,4.0,5.0,7.0,13.0,10.0,4.0,3.1,3.25,2.37,3.22,3.4,2.5
2021-04-21,Borussia Dortmund,Union Berlin,2,0,H,21.0,6.0,11.0,2.0,12.0,10.0,4.0,3.0,1.5,4.33,6.5,1.57,4.7,6.75
2021-04-21,TSG Hoffenheim,Borussia Monchengladbach,3,2,H,19.0,5.0,6.0,3.0,9.0,5.0,5.0,4.0,3.1,3.75,2.15,3.22,3.95,2.29
2021-04-23,FC Augsburg,FC Cologne,2,3,A,13.0,14.0,5.0,6.0,17.0,13.0,6.0,3.0,2.87,3.3,2.45,3.04,3.36,2.63
2021-04-24,SC Freiburg,TSG Hoffenheim,1,1,D,15.0,16.0,7.0,4.0,10.0,12.0,6.0,5.0,2.7,3.5,2.45,2.87,3.79,2.63
2021-04-24,FSV Mainz 05,Bayern Munich,2,1,H,8.0,17.0,4.0,4.0,12.0,15.0,2.0,3.0,9.0,5.5,1.3,9.5,6.31,1.35
2021-04-24,Union Berlin,Werder Bremen,3,1,H,17.0,9.0,6.0,5.0,10.0,8.0,11.0,2.0,1.85,3.4,4.5,1.97,3.66,4.51
2021-04-24,VfL Wolfsburg,Borussia Dortmund,0,2,A,21.0,8.0,2.0,4.0,10.0,12.0,10.0,2.0,3.0,3.75,2.15,3.3,4.1,2.19
2021-04-24,Bayer Leverkusen,Ein Frankfurt,3,1,H,18.0,12.0,10.0,4.0,9.0,8.0,5.0,6.0,2.15,3.9,2.87,2.36,3.98,3.04
2021-04-25,RB Leipzig,VfB Stuttgart,2,0,H,24.0,2.0,11.0,0.0,19.0,8.0,10.0,1.0,1.36,5.5,7.0,1.42,5.5,8.21
2021-04-25,Borussia Monchengladbach,Arminia Bielefeld,5,0,H,20.0,10.0,12.0,5.0,11.0,8.0,4.0,1.0,1.6,4.2,5.25,1.68,4.2,6.5
2021-05-03,FSV Mainz 05,Hertha BSC,1,1,D,16.0,7.0,9.0,5.0,18.0,13.0,6.0,4.0,2.45,3.25,2.9,2.49,3.66,3.07
2021-05-06,Hertha BSC,SC Freiburg,3,0,H,13.0,15.0,6.0,4.0,10.0,13.0,4.0,6.0,2.0,3.5,3.6,2.1,3.75,3.82
2021-05-07,VfB Stuttgart,FC Augsburg,2,1,H,14.0,20.0,6.0,9.0,14.0,12.0,2.0,12.0,2.2,3.5,3.1,2.33,3.6,3.45
2021-05-08,Borussia Dortmund,RB Leipzig,3,2,H,15.0,14.0,4.0,7.0,8.0,13.0,7.0,7.0,2.15,3.75,3.1,2.33,3.96,3.4
2021-05-08,TSG Hoffenheim,FC Schalke 04,4,2,H,20.0,6.0,12.0,3.0,11.0,12.0,9.0,3.0,1.2,7.0,13.0,1.26,7.0,14.0
2021-05-08,Werder Bremen,Bayer Leverkusen,0,0,D,13.0,14.0,2.0,4.0,9.0,14.0,4.0,6.0,4.33,3.75,1.8,4.5,3.96,1.88
2021-05-08,VfL Wolfsburg,Union Berlin,3,0,H,17.0,9.0,8.0,1.0,9.0,9.0,4.0,3.0,1.75,3.75,4.75,1.83,3.92,4.94
2021-05-08,Bayern Munich,Borussia Monchengladbach,6,0,H,22.0,14.0,7.0,2.0,3.0,9.0,5.0,3.0,1.33,5.75,7.5,1.4,6.1,8.8
2021-05-09,FC Cologne,SC Freiburg,1,4,A,18.0,11.0,2.0,6.0,15.0,16.0,3.0,2.0,2.0,3.6,3.6,2.11,3.85,3.72
2021-05-09,Ein Frankfurt,FSV Mainz 05,1,1,D,14.0,6.0,4.0,3.0,10.0,14.0,8.0,2.0,1.75,4.2,4.0,1.93,4.28,4.22
2021-05-09,Hertha BSC,Arminia Bielefeld,0,0,D,11.0,12.0,4.0,5.0,13.0,9.0,4.0,3.0,1.83,3.6,4.33,1.97,3.83,4.37
2021-05-12,FC Schalke 04,Hertha BSC,1,2,A,12.0,18.0,1.0,6.0,9.0,11.0,1.0,7.0,7.0,4.5,1.44,7.6,4.93,1.49
2021-05-15,FC Schalke 04,Ein Frankfurt,4,3,H,11.0,24.0,6.0,9.0,9.0,11.0,1.0,13.0,13.0,7.0,1.2,13.0,7.5,1.25
2021-05-15,Borussia Monchengladbach,VfB Stuttgart,1,2,A,9.0,11.0,4.0,7.0,14.0,14.0,2.0,1.0,1.6,4.5,4.75,1.72,4.78,4.8
2021-05-15,Bayer Leverkusen,Union Berlin,1,1,D,9.0,15.0,4.0,6.0,9.0,16.0,4.0,5.0,1.83,3.8,3.9,1.95,3.98,4.3
2021-05-15,Arminia Bielefeld,TSG Hoffenheim,1,1,D,17.0,7.0,6.0,3.0,5.0,8.0,10.0,4.0,2.62,3.75,2.4,2.78,3.81,2.59
2021-05-15,SC Freiburg,Bayern Munich,2,2,D,13.0,16.0,4.0,6.0,10.0,13.0,4.0,8.0,10.0,5.25,1.3,10.0,6.19,1.36
2021-05-15,FC Augsburg,Werder Bremen,2,0,H,15.0,16.0,7.0,5.0,12.0,17.0,5.0,5.0,2.45,3.25,3.0,2.66,3.3,3.01
2021-05-15,Hertha BSC,FC Cologne,0,0,D,1.0,11.0,1.0,3.0,11.0,12.0,1.0,5.0,2.5,3.4,2.8,2.68,3.47,2.9
2021-05-16,FSV Mainz 05,Borussia Dortmund,1,3,A,9.0,13.0,5.0,4.0,9.0,11.0,4.0,2.0,6.0,5.0,1.44,7.1,5.25,1.48
2021-05-16,RB Leipzig,VfL Wolfsburg,2,2,D,14.0,12.0,4.0,4.0,13.0,15.0,11.0,3.0,2.1,3.5,3.4,2.29,3.55,3.64
2021-05-22,VfB Stuttgart,Arminia Bielefeld,0,2,A,11.0,11.0,0.0,3.0,12.0,11.0,3.0,6.0,2.37,3.75,2.75,2.5,4.1,2.79
2021-05-22,Werder Bremen,Borussia Monchengladbach,2,4,A,16.0,15.0,8.0,8.0,19.0,12.0,3.0,5.0,2.7,4.0,2.37,2.76,4.14,2.55
2021-05-22,Union Berlin,RB Leipzig,2,1,H,11.0,17.0,5.0,7.0,15.0,10.0,7.0,3.0,3.0,3.75,2.2,3.11,4.0,2.36
2021-05-22,TSG Hoffenheim,Hertha BSC,2,1,H,21.0,9.0,5.0,5.0,8.0,5.0,4.0,3.0,1.9,3.8,3.8,1.98,4.2,3.8
2021-05-22,VfL Wolfsburg,FSV Mainz 05,2,3,A,16.0,14.0,5.0,8.0,12.0,19.0,7.0,7.0,1.6,4.2,5.25,1.7,4.5,5.25
2021-05-22,Ein Frankfurt,SC Freiburg,3,1,H,18.0,11.0,11.0,6.0,7.0,10.0,8.0,1.0,2.0,4.33,3.1,2.12,4.4,3.17
2021-05-22,Borussia Dortmund,Bayer Leverkusen,3,1,H,10.0,16.0,4.0,7.0,6.0,8.0,3.0,6.0,1.5,4.5,6.0,1.6,5.0,6.0
2021-05-22,Bayern Munich,FC Augsburg,5,2,H,24.0,9.0,13.0,5.0,6.0,9.0,10.0,2.0,1.12,9.0,17.0,1.15,11.25,26.0
2021-05-22,FC Cologne,FC Schalke 04,1,0,H,20.0,7.0,10.0,1.0,14.0,12.0,8.0,4.0,1.33,5.5,8.5,1.38,6.0,8.8
2021-08-13,Borussia Monchengladbach,Bayern Munich,1,1,D,11.0,20.0,5.0,10.0,7.0,4.0,3.0,8.0,4.33,4.5,1.66,4.82,4.5,1.77
2021-08-14,Borussia Dortmund,Ein Frankfurt,5,2,H,12.0,12.0,7.0,3.0,5.0,14.0,7.0,3.0,1.4,5.5,6.5,1.47,5.65,7.0
2021-08-14,VfL Wolfsburg,VfL Bochum,1,0,H,21.0,7.0,9.0,1.0,9.0,7.0,5.0,2.0,1.53,4.5,5.75,1.63,4.52,6.2
2021-08-14,Union Berlin,Bayer Leverkusen,1,1,D,8.0,16.0,5.0,4.0,13.0,5.0,1.0,6.0,2.75,3.4,2.55,2.89,3.59,2.7
2021-08-14,Arminia Bielefeld,SC Freiburg,0,0,D,10.0,14.0,4.0,6.0,13.0,10.0,4.0,9.0,2.8,3.4,2.5,3.07,3.49,2.65
2021-08-14,FC Augsburg,TSG Hoffenheim,0,4,A,7.0,15.0,0.0,8.0,8.0,9.0,6.0,5.0,3.2,3.75,2.1,3.34,3.89,2.25
2021-08-14,VfB Stuttgart,Greuther Furth,5,1,H,30.0,8.0,15.0,4.0,11.0,8.0,9.0,2.0,1.83,4.0,4.0,1.91,4.12,4.32
2021-08-15,FSV Mainz 05,RB Leipzig,1,0,H,7.0,15.0,2.0,2.0,10.0,8.0,5.0,11.0,8.0,5.5,1.33,9.1,5.8,1.39
2021-08-15,FC Cologne,Hertha BSC,3,1,H,15.0,11.0,5.0,5.0,18.0,14.0,4.0,5.0,2.55,3.4,2.75,2.7,3.49,2.9
2021-08-20,RB Leipzig,VfB Stuttgart,4,0,H,26.0,11.0,11.0,5.0,10.0,11.0,6.0,2.0,1.36,5.25,7.0,1.5,5.25,8.2
2021-08-21,Hertha BSC,VfL Wolfsburg,1,2,A,12.0,12.0,4.0,3.0,12.0,21.0,4.0,4.0,3.0,3.4,2.37,3.25,3.6,2.44
2021-08-21,Bayer Leverkusen,Borussia Monchengladbach,4,0,H,13.0,11.0,6.0,6.0,9.0,11.0,7.0,3.0,2.2,3.75,3.0,2.41,3.85,3.06
2021-08-21,Greuther Furth,Arminia Bielefeld,1,1,D,20.0,9.0,5.0,2.0,12.0,15.0,5.0,0.0,2.55,3.4,2.7,2.67,3.5,2.9
2021-08-21,SC Freiburg,Borussia Dortmund,2,1,H,8.0,19.0,4.0,2.0,14.0,14.0,0.0,10.0,5.5,4.75,1.5,5.75,4.84,1.59
2021-08-21,Ein Frankfurt,FC Augsburg,0,0,D,20.0,4.0,5.0,0.0,8.0,10.0,6.0,1.0,1.57,4.5,5.25,1.65,4.54,5.4
2021-08-21,VfL Bochum,FSV Mainz 05,2,0,H,9.0,16.0,5.0,3.0,15.0,19.0,2.0,7.0,2.62,3.5,2.62,2.75,3.7,2.75
2021-08-22,TSG Hoffenheim,Union Berlin,2,2,D,7.0,11.0,3.0,8.0,8.0,11.0,6.0,5.0,2.0,3.6,3.6,2.15,3.77,3.84
2021-08-22,Bayern Munich,FC Cologne,3,2,H,18.0,10.0,6.0,3.0,14.0,10.0,3.0,4.0,1.11,11.0,16.0,1.16,11.0,23.59
2021-08-27,Borussia Dortmund,TSG Hoffenheim,3,2,H,23.0,9.0,13.0,5.0,9.0,12.0,4.0,7.0,1.4,5.5,6.5,1.48,5.75,7.2
2021-08-28,FC Augsburg,Bayer Leverkusen,1,4,A,13.0,13.0,4.0,5.0,12.0,10.0,4.0,4.0,4.75,3.8,1.72,5.1,4.08,1.79
2021-08-28,Arminia Bielefeld,Ein Frankfurt,1,1,D,14.0,12.0,5.0,3.0,13.0,17.0,4.0,4.0,3.3,3.6,2.1,3.56,3.8,2.18
2021-08-28,FC Cologne,VfL Bochum,2,1,H,21.0,10.0,5.0,1.0,11.0,21.0,5.0,5.0,1.83,3.75,4.2,1.93,3.88,4.3
2021-08-28,FSV Mainz 05,Greuther Furth,3,0,H,17.0,8.0,9.0,1.0,21.0,14.0,7.0,4.0,1.66,4.0,5.0,1.76,4.2,5.5
2021-08-28,VfB Stuttgart,SC Freiburg,2,3,A,17.0,14.0,7.0,7.0,10.0,14.0,8.0,5.0,2.15,3.6,3.2,2.3,3.83,3.4
2021-08-28,Bayern Munich,Hertha BSC,5,0,H,17.0,8.0,6.0,3.0,4.0,5.0,8.0,3.0,1.14,9.0,15.0,1.21,9.0,17.0
2021-08-29,Union Berlin,Borussia Monchengladbach,2,1,H,12.0,18.0,4.0,5.0,15.0,6.0,4.0,8.0,2.45,3.25,2.9,2.81,3.46,2.95
2021-08-29,VfL Wolfsburg,RB Leipzig,1,0,H,8.0,12.0,2.0,2.0,13.0,18.0,7.0,7.0,3.6,3.5,2.05,3.7,3.73,2.2
2021-09-11,Union Berlin,FC Augsburg,0,0,D,15.0,13.0,6.0,6.0,10.0,12.0,6.0,4.0,1.7,3.75,5.0,1.8,4.2,5.05
2021-09-11,Bayer Leverkusen,Borussia Dortmund,3,4,A,11.0,15.0,5.0,7.0,10.0,11.0,4.0,3.0,3.1,3.8,2.15,3.26,4.0,2.25
2021-09-11,RB Leipzig,Bayern Munich,1,4,A,10.0,18.0,4.0,6.0,9.0,13.0,2.0,6.0,3.0,3.8,2.2,3.13,4.06,2.32
2021-09-11,Greuther Furth,VfL Wolfsburg,0,2,A,7.0,10.0,3.0,4.0,17.0,15.0,3.0,5.0,5.5,4.33,1.57,6.0,4.5,1.63
2021-09-11,TSG Hoffenheim,FSV Mainz 05,0,2,A,12.0,11.0,0.0,4.0,15.0,16.0,4.0,5.0,2.0,3.75,3.5,2.08,4.0,3.7
2021-09-11,SC Freiburg,FC Cologne,1,1,D,10.0,15.0,3.0,5.0,14.0,12.0,4.0,2.0,2.2,3.6,3.1,2.25,3.83,3.43
2021-09-12,Ein Frankfurt,VfB Stuttgart,1,1,D,18.0,9.0,5.0,3.0,13.0,12.0,6.0,6.0,2.0,3.75,3.5,2.12,3.98,3.65
2021-09-12,VfL Bochum,Hertha BSC,1,3,A,19.0,5.0,5.0,4.0,9.0,17.0,7.0,2.0,2.8,3.4,2.5,2.95,3.45,2.7
2021-09-12,Borussia Monchengladbach,Arminia Bielefeld,3,1,H,17.0,18.0,4.0,7.0,10.0,18.0,3.0,4.0,1.44,4.75,7.0,1.52,4.84,7.53
2021-09-17,Hertha BSC,Greuther Furth,2,1,H,15.0,10.0,3.0,3.0,12.0,13.0,9.0,4.0,1.75,3.75,4.2,1.88,3.9,5.0
2021-09-18,FC Augsburg,Borussia Monchengladbach,1,0,H,8.0,11.0,1.0,1.0,13.0,9.0,2.0,6.0,4.2,4.0,1.8,4.5,4.1,1.89
2021-09-18,Arminia Bielefeld,TSG Hoffenheim,0,0,D,9.0,16.0,2.0,3.0,16.0,3.0,5.0,6.0,3.5,3.6,2.05,3.8,3.75,2.2
2021-09-18,FSV Mainz 05,SC Freiburg,0,0,D,10.0,7.0,3.0,2.0,18.0,16.0,4.0,4.0,2.0,3.6,3.6,2.13,3.68,3.76
2021-09-18,FC Cologne,RB Leipzig,1,1,D,14.0,18.0,6.0,9.0,12.0,6.0,4.0,10.0,4.5,4.0,1.72,4.65,4.05,1.83
2021-09-18,Bayern Munich,VfL Bochum,7,0,H,22.0,5.0,15.0,1.0,5.0,9.0,2.0,2.0,1.06,13.0,29.0,1.09,15.0,41.0
2021-09-19,VfB Stuttgart,Bayer Leverkusen,1,3,A,18.0,7.0,8.0,4.0,11.0,11.0,2.0,6.0,3.3,3.75,2.1,3.42,3.99,2.27
2021-09-19,Borussia Dortmund,Union Berlin,4,2,H,13.0,9.0,4.0,6.0,10.0,12.0,3.0,6.0,1.36,5.25,8.0,1.42,5.65,8.9
2021-09-19,VfL Wolfsburg,Ein Frankfurt,1,1,D,15.0,6.0,6.0,2.0,14.0,18.0,7.0,4.0,1.8,3.8,4.33,1.9,3.93,4.5
2021-09-24,Greuther Furth,Bayern Munich,1,3,A,11.0,12.0,6.0,4.0,18.0,13.0,6.0,3.0,23.0,13.0,1.07,29.0,13.74,1.13
2021-09-25,Borussia Monchengladbach,Borussia Dortmund,1,0,H,14.0,8.0,3.0,0.0,17.0,15.0,5.0,1.0,4.33,4.2,1.72,4.33,4.5,1.85
2021-09-25,Union Berlin,Arminia Bielefeld,1,0,H,17.0,9.0,4.0,2.0,9.0,5.0,5.0,4.0,1.66,3.8,5.5,1.76,3.9,5.55
2021-09-25,RB Leipzig,Hertha BSC,6,0,H,18.0,5.0,11.0,3.0,8.0,19.0,2.0,1.0,1.3,5.5,10.0,1.39,5.75,10.0
2021-09-25,TSG Hoffenheim,VfL Wolfsburg,3,1,H,11.0,13.0,3.0,2.0,13.0,9.0,5.0,2.0,2.75,3.5,2.5,3.0,3.6,2.56
2021-09-25,Ein Frankfurt,FC Cologne,1,1,D,10.0,15.0,3.0,2.0,11.0,19.0,7.0,6.0,2.0,3.75,3.5,2.1,4.0,3.66
2021-09-25,Bayer Leverkusen,FSV Mainz 05,1,0,H,16.0,14.0,9.0,5.0,11.0,12.0,6.0,3.0,1.72,4.0,4.5,1.8,4.15,4.75
2021-09-26,VfL Bochum,VfB Stuttgart,0,0,D,14.0,8.0,4.0,3.0,15.0,12.0,7.0,2.0,3.0,3.5,2.3,3.21,3.68,2.4
2021-09-26,SC Freiburg,FC Augsburg,3,0,H,19.0,8.0,9.0,2.0,11.0,13.0,6.0,3.0,1.85,3.6,4.33,1.95,3.9,4.54
2021-10-01,FC Cologne,Greuther Furth,3,1,H,18.0,7.0,8.0,3.0,16.0,18.0,8.0,1.0,1.4,5.0,7.0,1.53,5.0,7.61
2021-10-02,RB Leipzig,VfL Bochum,3,0,H,15.0,9.0,9.0,2.0,10.0,16.0,2.0,3.0,1.2,7.0,12.0,1.24,7.3,14.52
2021-10-02,VfB Stuttgart,TSG Hoffenheim,3,1,H,12.0,13.0,6.0,4.0,14.0,12.0,9.0,4.0,2.62,3.75,2.45,2.75,4.08,2.57
2021-10-02,VfL Wolfsburg,Borussia Monchengladbach,1,3,A,10.0,19.0,5.0,11.0,17.0,10.0,4.0,6.0,2.1,3.6,3.4,2.27,3.65,3.48
2021-10-02,Borussia Dortmund,FC Augsburg,2,1,H,17.0,5.0,3.0,3.0,9.0,16.0,7.0,3.0,1.22,6.5,12.0,1.26,7.25,13.5
2021-10-02,Hertha BSC,SC Freiburg,1,2,A,12.0,9.0,3.0,4.0,17.0,15.0,4.0,9.0,2.9,3.4,2.4,3.0,3.48,2.6
2021-10-03,FSV Mainz 05,Union Berlin,1,2,A,11.0,15.0,4.0,3.0,15.0,6.0,2.0,5.0,2.05,3.5,3.6,2.15,3.5,3.89
2021-10-03,Bayern Munich,Ein Frankfurt,1,2,A,21.0,5.0,11.0,3.0,6.0,8.0,10.0,1.0,1.16,8.0,15.0,1.2,9.8,17.25
2021-10-03,Arminia Bielefeld,Bayer Leverkusen,0,4,A,10.0,19.0,3.0,7.0,13.0,7.0,2.0,4.0,5.0,4.0,1.61,5.45,4.21,1.73
2021-10-15,TSG Hoffenheim,FC Cologne,5,0,H,14.0,10.0,8.0,0.0,13.0,7.0,3.0,3.0,2.0,3.9,3.3,2.23,3.96,3.45
2021-10-16,Union Berlin,VfL Wolfsburg,2,0,H,6.0,13.0,3.0,4.0,7.0,16.0,3.0,3.0,2.7,3.25,2.7,2.9,3.32,2.86
2021-10-16,Ein Frankfurt,Hertha BSC,1,2,A,13.0,12.0,5.0,6.0,17.0,16.0,7.0,4.0,1.75,3.8,4.5,1.79,4.08,4.94
2021-10-16,SC Freiburg,RB Leipzig,1,1,D,15.0,13.0,2.0,4.0,10.0,17.0,8.0,5.0,4.0,4.0,1.85,4.29,4.0,1.96
2021-10-16,Greuther Furth,VfL Bochum,0,1,A,12.0,9.0,3.0,2.0,16.0,16.0,4.0,3.0,2.37,3.5,2.9,2.5,3.56,3.03
2021-10-16,Borussia Monchengladbach,VfB Stuttgart,1,1,D,31.0,5.0,8.0,2.0,14.0,21.0,9.0,1.0,1.5,4.75,6.0,1.57,5.0,6.1
2021-10-16,Borussia Dortmund,FSV Mainz 05,3,1,H,11.0,5.0,5.0,2.0,7.0,12.0,6.0,2.0,1.4,5.0,7.5,1.46,5.26,8.09
2021-10-17,Bayer Leverkusen,Bayern Munich,1,5,A,7.0,27.0,4.0,11.0,9.0,9.0,4.0,7.0,4.75,4.6,1.6,5.5,4.8,1.65
2021-10-17,FC Augsburg,Arminia Bielefeld,1,1,D,14.0,10.0,6.0,3.0,8.0,15.0,9.0,5.0,2.25,3.2,3.4,2.38,3.35,3.5
2021-10-22,FSV Mainz 05,FC Augsburg,4,1,H,19.0,6.0,8.0,2.0,9.0,11.0,6.0,2.0,1.61,3.8,5.75,1.76,4.0,6.06
2021-10-23,Hertha BSC,Borussia Monchengladbach,1,0,H,10.0,10.0,4.0,1.0,11.0,21.0,2.0,6.0,3.75,3.5,2.0,3.97,3.82,2.05
2021-10-23,VfL Wolfsburg,SC Freiburg,0,2,A,17.0,11.0,4.0,4.0,17.0,15.0,7.0,1.0,2.1,3.3,3.6,2.25,3.54,3.7
2021-10-23,Bayern Munich,TSG Hoffenheim,4,0,H,15.0,9.0,7.0,2.0,4.0,18.0,4.0,2.0,1.14,9.0,15.0,1.21,9.1,15.25
2021-10-23,Arminia Bielefeld,Borussia Dortmund,1,3,A,13.0,14.0,6.0,7.0,13.0,9.0,7.0,2.0,6.0,4.5,1.5,6.82,4.8,1.54
2021-10-23,RB Leipzig,Greuther Furth,4,1,H,13.0,8.0,5.0,4.0,15.0,12.0,3.0,4.0,1.12,8.5,21.0,1.17,9.5,23.16
2021-10-24,FC Cologne,Bayer Leverkusen,2,2,D,17.0,9.0,5.0,6.0,10.0,15.0,6.0,6.0,3.3,3.8,2.05,3.36,4.08,2.23
2021-10-24,VfB Stuttgart,Union Berlin,1,1,D,8.0,11.0,2.0,3.0,16.0,13.0,1.0,2.0,2.37,3.5,2.9,2.57,3.66,2.95
2021-10-24,VfL Bochum,Ein Frankfurt,2,0,H,19.0,14.0,7.0,6.0,9.0,11.0,4.0,7.0,3.2,3.5,2.2,3.4,3.76,2.3
2021-10-29,TSG Hoffenheim,Hertha BSC,2,0,H,14.0,5.0,3.0,2.0,15.0,9.0,9.0,4.0,1.66,4.0,4.75,1.82,4.11,5.09
2021-10-30,Union Berlin,Bayern Munich,2,5,A,9.0,14.0,6.0,6.0,9.0,7.0,6.0,1.0,9.0,5.75,1.3,10.25,6.05,1.35
2021-10-30,Bayer Leverkusen,VfL Wolfsburg,0,2,A,12.0,13.0,1.0,8.0,11.0,15.0,10.0,2.0,1.9,3.75,4.0,2.01,3.75,4.33
2021-10-30,Ein Frankfurt,RB Leipzig,1,1,D,12.0,15.0,3.0,7.0,11.0,9.0,5.0,5.0,4.2,4.0,1.75,4.22,4.22,1.88
2021-10-30,Borussia Dortmund,FC Cologne,2,0,H,7.0,19.0,4.0,6.0,10.0,11.0,4.0,3.0,1.45,5.0,6.0,1.52,5.15,6.25
2021-10-30,SC Freiburg,Greuther Furth,3,1,H,12.0,8.0,5.0,4.0,10.0,13.0,5.0,2.0,1.36,5.0,8.0,1.47,5.25,8.8
2021-10-30,Arminia Bielefeld,FSV Mainz 05,1,2,A,15.0,16.0,7.0,6.0,16.0,9.0,6.0,6.0,3.75,3.5,2.0,3.8,3.52,2.17
2021-10-31,Borussia Monchengladbach,VfL Bochum,2,1,H,14.0,11.0,5.0,4.0,7.0,15.0,9.0,1.0,1.36,5.0,8.5,1.4,5.45,9.5
2021-10-31,FC Augsburg,VfB Stuttgart,4,1,H,20.0,12.0,12.0,3.0,15.0,12.0,7.0,5.0,3.0,3.3,2.4,3.05,3.4,2.59
2021-11-05,FSV Mainz 05,Borussia Monchengladbach,1,1,D,19.0,11.0,8.0,5.0,15.0,8.0,9.0,1.0,2.62,3.6,2.55,2.76,3.7,2.66
2021-11-06,Bayern Munich,SC Freiburg,2,1,H,29.0,14.0,11.0,4.0,5.0,13.0,6.0,4.0,1.16,8.0,15.0,1.2,8.9,17.0
2021-11-06,VfL Bochum,TSG Hoffenheim,2,0,H,14.0,9.0,4.0,1.0,7.0,20.0,2.0,4.0,3.8,3.8,1.9,3.97,3.94,2.02
2021-11-06,VfB Stuttgart,Arminia Bielefeld,0,1,A,9.0,15.0,4.0,2.0,11.0,11.0,8.0,4.0,1.8,3.8,4.33,1.94,3.9,4.38
2021-11-06,RB Leipzig,Borussia Dortmund,2,1,H,15.0,9.0,7.0,3.0,12.0,18.0,5.0,6.0,1.9,3.8,3.8,2.05,4.0,3.8
2021-11-06,VfL Wolfsburg,FC Augsburg,1,0,H,9.0,13.0,4.0,3.0,14.0,13.0,0.0,8.0,1.5,4.2,6.5,1.59,4.49,7.0
2021-11-07,Hertha BSC,Bayer Leverkusen,1,1,D,15.0,8.0,5.0,3.0,13.0,13.0,5.0,6.0,3.5,3.75,2.0,3.76,3.82,2.13
2021-11-07,FC Cologne,Union Berlin,2,2,D,16.0,9.0,5.0,3.0,8.0,19.0,5.0,2.0,2.05,3.5,3.6,2.18,3.78,3.74
2021-11-07,Greuther Furth,Ein Frankfurt,1,2,A,20.0,14.0,2.0,4.0,12.0,17.0,6.0,3.0,3.75,3.75,1.95,3.94,3.95,2.01
2021-11-19,FC Augsburg,Bayern Munich,2,1,H,6.0,18.0,3.0,4.0,18.0,9.0,1.0,10.0,15.0,8.0,1.16,17.0,8.2,1.25
2021-11-20,Borussia Monchengladbach,Greuther Furth,4,0,H,19.0,4.0,11.0,2.0,11.0,13.0,7.0,7.0,1.28,6.0,10.0,1.34,6.0,11.97
2021-11-20,Union Berlin,Hertha BSC,2,0,H,16.0,6.0,5.0,3.0,17.0,13.0,7.0,6.0,2.0,3.5,3.8,2.1,3.56,4.26
2021-11-20,TSG Hoffenheim,RB Leipzig,2,0,H,24.0,4.0,8.0,0.0,17.0,18.0,7.0,2.0,4.0,4.33,1.75,4.25,4.4,1.86
2021-11-20,Borussia Dortmund,VfB Stuttgart,2,1,H,20.0,12.0,4.0,4.0,11.0,14.0,2.0,3.0,1.33,5.5,8.0,1.38,6.0,10.0
2021-11-20,Arminia Bielefeld,VfL Wolfsburg,2,2,D,10.0,13.0,3.0,5.0,15.0,9.0,6.0,5.0,4.2,3.5,1.9,4.2,3.68,2.05
2021-11-20,Bayer Leverkusen,VfL Bochum,1,0,H,11.0,19.0,5.0,7.0,10.0,13.0,7.0,7.0,1.36,5.0,9.0,1.44,5.5,9.0
2021-11-21,SC Freiburg,Ein Frankfurt,0,2,A,20.0,13.0,6.0,7.0,10.0,16.0,10.0,4.0,2.0,3.6,3.6,2.06,3.86,3.84
2021-11-21,FSV Mainz 05,FC Cologne,1,1,D,11.0,12.0,2.0,6.0,18.0,7.0,5.0,7.0,2.1,3.6,3.4,2.2,3.75,3.56
2021-11-26,VfB Stuttgart,FSV Mainz 05,2,1,H,8.0,18.0,3.0,5.0,7.0,17.0,5.0,6.0,2.9,3.3,2.45,3.05,3.4,2.65
2021-11-27,Bayern Munich,Arminia Bielefeld,1,0,H,23.0,8.0,9.0,0.0,8.0,13.0,13.0,4.0,1.07,12.0,27.0,1.12,13.25,41.0
2021-11-27,VfL Wolfsburg,Borussia Dortmund,1,3,A,15.0,16.0,7.0,8.0,9.0,11.0,7.0,7.0,2.9,3.5,2.37,3.02,3.75,2.49
2021-11-27,Hertha BSC,FC Augsburg,1,1,D,10.0,20.0,4.0,7.0,11.0,14.0,5.0,6.0,2.05,3.25,3.8,2.23,3.36,3.83
2021-11-27,Greuther Furth,TSG Hoffenheim,3,6,A,14.0,20.0,7.0,11.0,17.0,17.0,4.0,10.0,4.75,4.33,1.65,5.15,4.49,1.69
2021-11-27,FC Cologne,Borussia Monchengladbach,4,1,H,15.0,15.0,9.0,5.0,15.0,11.0,4.0,4.0,2.7,3.8,2.37,3.01,3.8,2.5
2021-11-27,VfL Bochum,SC Freiburg,2,1,H,13.0,22.0,5.0,11.0,12.0,13.0,4.0,7.0,3.2,3.4,2.25,3.45,3.45,2.38
2021-11-28,Ein Frankfurt,Union Berlin,2,1,H,17.0,7.0,4.0,4.0,4.0,7.0,7.0,2.0,2.3,3.5,3.0,2.42,3.63,3.2
2021-11-28,RB Leipzig,Bayer Leverkusen,1,3,A,14.0,11.0,3.0,4.0,10.0,9.0,7.0,2.0,1.85,4.0,3.8,1.91,4.15,4.3
2021-12-03,Union Berlin,RB Leipzig,2,1,H,14.0,11.0,5.0,2.0,12.0,8.0,5.0,7.0,3.5,3.7,2.0,3.75,3.7,2.2
2021-12-04,Borussia Dortmund,Bayern Munich,2,3,A,11.0,16.0,4.0,6.0,10.0,10.0,4.0,6.0,4.0,4.33,1.75,4.25,4.6,1.9
2021-12-04,FSV Mainz 05,VfL Wolfsburg,3,0,H,12.0,16.0,5.0,0.0,18.0,10.0,6.0,5.0,2.5,3.3,2.87,2.6,3.46,3.08
2021-12-04,FC Augsburg,VfL Bochum,2,3,A,16.0,12.0,7.0,6.0,9.0,6.0,13.0,6.0,2.3,3.4,3.1,2.41,3.45,3.31
2021-12-04,TSG Hoffenheim,Ein Frankfurt,3,2,H,8.0,17.0,4.0,2.0,9.0,12.0,4.0,6.0,1.9,3.8,3.75,1.95,4.14,3.95
2021-12-04,Arminia Bielefeld,FC Cologne,1,1,D,18.0,9.0,5.0,3.0,14.0,10.0,7.0,1.0,3.4,3.5,2.1,3.57,3.63,2.23
2021-12-04,Bayer Leverkusen,Greuther Furth,7,1,H,13.0,8.0,8.0,3.0,13.0,8.0,4.0,3.0,1.22,6.5,12.0,1.26,7.2,13.0
2021-12-05,VfB Stuttgart,Hertha BSC,2,2,D,10.0,15.0,3.0,8.0,9.0,16.0,7.0,5.0,2.2,3.4,3.3,2.34,3.57,3.4
2021-12-05,Borussia Monchengladbach,SC Freiburg,0,6,A,19.0,15.0,3.0,8.0,12.0,15.0,3.0,3.0,1.83,3.75,4.2,1.92,4.05,4.45
2021-12-10,FC Cologne,FC Augsburg,0,2,A,14.0,12.0,4.0,4.0,12.0,15.0,9.0,4.0,1.65,4.0,5.0,1.75,4.28,5.28
2021-12-11,Bayern Munich,FSV Mainz 05,2,1,H,21.0,9.0,7.0,4.0,9.0,10.0,7.0,2.0,1.2,7.5,12.0,1.27,7.5,13.0
2021-12-11,VfL Bochum,Borussia Dortmund,1,1,D,4.0,23.0,3.0,8.0,8.0,18.0,0.0,15.0,6.0,4.5,1.5,6.3,4.98,1.54
2021-12-11,SC Freiburg,TSG Hoffenheim,1,2,A,14.0,14.0,6.0,8.0,13.0,9.0,6.0,7.0,2.3,3.5,3.0,2.46,3.83,3.04
2021-12-11,Hertha BSC,Arminia Bielefeld,2,0,H,18.0,9.0,9.0,1.0,10.0,15.0,6.0,4.0,2.0,3.3,4.0,2.12,3.45,4.2
2021-12-11,RB Leipzig,Borussia Monchengladbach,4,1,H,19.0,12.0,10.0,4.0,20.0,15.0,6.0,0.0,1.75,4.2,4.2,1.81,4.4,4.65
2021-12-11,VfL Wolfsburg,VfB Stuttgart,0,2,A,19.0,12.0,3.0,3.0,17.0,9.0,5.0,3.0,1.8,3.75,4.33,1.89,3.9,4.6
2021-12-12,Greuther Furth,Union Berlin,1,0,H,5.0,14.0,3.0,4.0,12.0,6.0,3.0,7.0,4.75,4.0,1.7,5.0,4.2,1.78
2021-12-12,Ein Frankfurt,Bayer Leverkusen,5,2,H,15.0,11.0,7.0,4.0,11.0,11.0,7.0,4.0,3.2,3.8,2.1,3.42,4.0,2.2
2021-12-14,VfB Stuttgart,Bayern Munich,0,5,A,13.0,25.0,1.0,12.0,7.0,7.0,1.0,3.0,9.0,6.0,1.28,11.0,6.85,1.33
2021-12-14,Arminia Bielefeld,VfL Bochum,2,0,H,13.0,5.0,4.0,3.0,13.0,9.0,6.0,2.0,2.3,3.4,3.1,2.41,3.6,3.3
2021-12-14,FSV Mainz 05,Hertha BSC,4,0,H,21.0,7.0,11.0,1.0,10.0,14.0,4.0,1.0,1.9,3.5,4.2,2.0,3.7,4.42
2021-12-14,VfL Wolfsburg,FC Cologne,2,3,A,19.0,19.0,5.0,6.0,18.0,9.0,9.0,5.0,2.1,3.5,3.4,2.28,3.68,3.5
2021-12-15,Borussia Dortmund,Greuther Furth,3,0,H,12.0,7.0,5.0,1.0,10.0,10.0,5.0,8.0,1.1,10.0,21.0,1.14,11.0,26.0
2021-12-15,Union Berlin,SC Freiburg,0,0,D,18.0,8.0,5.0,2.0,10.0,12.0,4.0,3.0,2.4,3.4,2.9,2.6,3.4,3.12
2021-12-15,Bayer Leverkusen,TSG Hoffenheim,2,2,D,17.0,14.0,9.0,6.0,12.0,4.0,6.0,3.0,1.8,4.0,4.0,1.9,4.35,4.05
2021-12-15,FC Augsburg,RB Leipzig,1,1,D,9.0,13.0,2.0,4.0,14.0,7.0,6.0,8.0,6.5,4.75,1.45,6.85,5.0,1.55
2021-12-15,Borussia Monchengladbach,Ein Frankfurt,2,3,A,19.0,12.0,8.0,5.0,8.0,19.0,7.0,1.0,1.95,3.8,3.6,2.1,3.88,3.75
2021-12-17,Bayern Munich,VfL Wolfsburg,4,0,H,24.0,7.0,9.0,2.0,10.0,4.0,5.0,3.0,1.18,8.0,13.0,1.25,8.5,14.5
2021-12-18,TSG Hoffenheim,Borussia Monchengladbach,1,1,D,21.0,11.0,8.0,5.0,6.0,9.0,15.0,3.0,1.95,3.8,3.5,2.1,4.2,3.52
2021-12-18,VfL Bochum,Union Berlin,0,1,A,13.0,9.0,3.0,3.0,13.0,9.0,1.0,5.0,2.9,3.4,2.37,3.17,3.42,2.51
2021-12-18,Ein Frankfurt,FSV Mainz 05,1,0,H,13.0,11.0,4.0,5.0,11.0,9.0,8.0,6.0,2.25,3.5,3.0,2.46,3.6,3.2
2021-12-18,Greuther Furth,FC Augsburg,0,0,D,4.0,14.0,1.0,5.0,8.0,13.0,6.0,5.0,2.9,3.4,2.37,3.07,3.6,2.46
2021-12-18,Hertha BSC,Borussia Dortmund,3,2,H,14.0,9.0,5.0,3.0,4.0,19.0,1.0,5.0,5.25,4.33,1.57,5.6,4.5,1.66
2021-12-18,RB Leipzig,Arminia Bielefeld,0,2,A,15.0,4.0,4.0,4.0,6.0,16.0,10.0,1.0,1.2,7.0,13.0,1.25,7.0,17.0
2021-12-19,FC Cologne,VfB Stuttgart,1,0,H,8.0,6.0,2.0,2.0,17.0,13.0,2.0,1.0,1.9,3.9,3.6,2.05,4.1,3.8
2021-12-19,SC Freiburg,Bayer Leverkusen,2,1,H,14.0,6.0,6.0,4.0,6.0,8.0,4.0,8.0,2.75,3.5,2.45,2.78,3.75,2.67
2022-01-07,Bayern Munich,Borussia Monchengladbach,1,2,A,19.0,9.0,8.0,3.0,18.0,11.0,6.0,6.0,1.33,5.75,8.0,1.45,6.15,8.7
2022-01-08,SC Freiburg,Arminia Bielefeld,2,2,D,18.0,15.0,6.0,5.0,6.0,5.0,7.0,12.0,1.6,4.0,5.75,1.67,4.21,6.0
2022-01-08,Greuther Furth,VfB Stuttgart,0,0,D,10.0,18.0,3.0,3.0,8.0,12.0,1.0,5.0,3.75,3.6,1.95,3.89,3.75,2.1
2022-01-08,TSG Hoffenheim,FC Augsburg,3,1,H,12.0,9.0,5.0,4.0,17.0,8.0,2.0,4.0,1.53,4.33,5.75,1.63,4.6,5.91
2022-01-08,Bayer Leverkusen,Union Berlin,2,2,D,17.0,17.0,8.0,7.0,8.0,11.0,11.0,5.0,1.8,3.8,4.2,1.9,3.9,4.41
2022-01-08,RB Leipzig,FSV Mainz 05,4,1,H,16.0,2.0,8.0,1.0,6.0,10.0,6.0,1.0,1.8,3.75,4.33,1.86,4.1,4.7
2022-01-08,Ein Frankfurt,Borussia Dortmund,2,3,A,12.0,21.0,5.0,8.0,14.0,6.0,4.0,11.0,3.5,3.9,1.95,3.74,4.25,2.02
2022-01-09,VfL Bochum,VfL Wolfsburg,1,0,H,12.0,12.0,3.0,4.0,15.0,18.0,4.0,2.0,3.5,3.4,2.1,3.65,3.66,2.21
2022-01-09,Hertha BSC,FC Cologne,1,3,A,10.0,14.0,5.0,8.0,9.0,16.0,10.0,4.0,2.75,3.5,2.5,2.88,3.74,2.63
2022-01-14,Borussia Dortmund,SC Freiburg,5,1,H,20.0,4.0,8.0,4.0,8.0,8.0,9.0,2.0,1.44,5.0,5.75,1.55,5.2,6.75
2022-01-15,Borussia Monchengladbach,Bayer Leverkusen,1,2,A,16.0,29.0,6.0,13.0,8.0,18.0,5.0,7.0,2.55,3.8,2.45,2.73,4.05,2.6
2022-01-15,VfL Wolfsburg,Hertha BSC,0,0,D,7.0,6.0,3.0,2.0,12.0,12.0,3.0,2.0,1.95,3.6,3.8,2.05,3.65,4.12
2022-01-15,Union Berlin,TSG Hoffenheim,2,1,H,6.0,12.0,3.0,5.0,10.0,11.0,0.0,8.0,2.87,3.5,2.4,2.98,3.65,2.6
2022-01-15,FC Cologne,Bayern Munich,0,4,A,11.0,19.0,3.0,9.0,6.0,10.0,5.0,12.0,8.0,5.75,1.33,8.7,6.2,1.4
2022-01-15,FSV Mainz 05,VfL Bochum,1,0,H,20.0,12.0,5.0,3.0,19.0,14.0,7.0,3.0,1.65,3.75,5.5,1.75,3.95,6.03
2022-01-15,VfB Stuttgart,RB Leipzig,0,2,A,16.0,7.0,10.0,3.0,12.0,13.0,5.0,1.0,6.0,4.0,1.57,6.25,4.7,1.63
2022-01-16,FC Augsburg,Ein Frankfurt,1,1,D,12.0,14.0,5.0,4.0,12.0,14.0,4.0,3.0,3.3,3.5,2.15,3.72,3.68,2.2
2022-01-16,Arminia Bielefeld,Greuther Furth,2,2,D,13.0,6.0,5.0,3.0,16.0,6.0,3.0,5.0,1.95,3.6,4.0,2.05,3.85,4.22
2022-01-21,Ein Frankfurt,Arminia Bielefeld,0,2,A,17.0,8.0,7.0,5.0,7.0,10.0,10.0,1.0,1.75,3.75,4.75,1.83,3.95,5.4
2022-01-22,Greuther Furth,FSV Mainz 05,2,1,H,11.0,16.0,7.0,4.0,12.0,15.0,7.0,8.0,5.0,3.6,1.75,5.1,3.8,1.85
2022-01-22,VfL Bochum,FC Cologne,2,2,D,17.0,7.0,7.0,3.0,11.0,12.0,1.0,5.0,3.2,3.4,2.25,3.49,3.6,2.35
2022-01-22,Borussia Monchengladbach,Union Berlin,1,2,A,12.0,6.0,5.0,3.0,11.0,19.0,4.0,1.0,2.15,3.6,3.2,2.36,3.6,3.5
2022-01-22,SC Freiburg,VfB Stuttgart,2,0,H,16.0,7.0,4.0,1.0,12.0,7.0,6.0,3.0,1.9,3.6,4.0,2.05,3.6,4.31
2022-01-22,Bayer Leverkusen,FC Augsburg,5,1,H,22.0,14.0,12.0,5.0,8.0,7.0,9.0,5.0,1.44,4.5,7.0,1.5,5.0,8.3
2022-01-22,TSG Hoffenheim,Borussia Dortmund,2,3,A,14.0,3.0,2.0,2.0,14.0,7.0,7.0,3.0,3.0,4.0,2.1,3.18,4.33,2.21
2022-01-23,RB Leipzig,VfL Wolfsburg,2,0,H,12.0,9.0,4.0,3.0,17.0,16.0,4.0,3.0,1.53,4.33,6.0,1.57,4.6,7.0
2022-01-23,Hertha BSC,Bayern Munich,1,4,A,5.0,29.0,2.0,20.0,9.0,9.0,4.0,9.0,11.0,6.5,1.2,13.0,7.4,1.26
2022-02-04,Hertha BSC,VfL Bochum,1,1,D,13.0,9.0,2.0,4.0,14.0,22.0,4.0,7.0,2.15,3.6,3.25,2.25,3.6,3.57
2022-02-05,Bayern Munich,RB Leipzig,3,2,H,25.0,13.0,8.0,7.0,11.0,12.0,2.0,0.0,1.4,5.5,6.0,1.5,5.8,7.53
2022-02-05,FSV Mainz 05,TSG Hoffenheim,2,0,H,9.0,12.0,4.0,2.0,12.0,13.0,5.0,3.0,2.6,3.4,2.7,2.76,3.75,2.81
2022-02-05,VfB Stuttgart,Ein Frankfurt,2,3,A,15.0,15.0,6.0,6.0,7.0,12.0,3.0,14.0,2.7,3.4,2.62,2.81,3.68,2.68
2022-02-05,Arminia Bielefeld,Borussia Monchengladbach,1,1,D,10.0,22.0,5.0,4.0,15.0,10.0,5.0,11.0,3.4,3.6,2.1,3.53,3.6,2.25
2022-02-05,FC Augsburg,Union Berlin,2,0,H,14.0,14.0,9.0,4.0,8.0,16.0,4.0,6.0,2.75,3.3,2.6,2.91,3.52,2.74
2022-02-05,FC Cologne,SC Freiburg,1,0,H,14.0,18.0,3.0,2.0,14.0,16.0,8.0,8.0,2.3,3.5,3.0,2.49,3.7,3.05
2022-02-06,Borussia Dortmund,Bayer Leverkusen,2,5,A,14.0,10.0,6.0,7.0,8.0,10.0,7.0,6.0,1.95,4.2,3.3,2.03,4.33,4.12
2022-02-06,VfL Wolfsburg,Greuther Furth,4,1,H,11.0,8.0,6.0,4.0,11.0,13.0,2.0,3.0,1.57,3.8,6.0,1.63,4.22,6.57
2022-02-11,RB Leipzig,FC Cologne,3,1,H,6.0,9.0,4.0,2.0,6.0,11.0,5.0,6.0,1.44,4.75,7.0,1.53,5.2,7.5
2022-02-12,Bayer Leverkusen,VfB Stuttgart,4,2,H,20.0,8.0,6.0,5.0,10.0,6.0,10.0,0.0,1.4,4.75,7.0,1.46,5.4,7.7
2022-02-12,Greuther Furth,Hertha BSC,2,1,H,19.0,24.0,10.0,8.0,11.0,12.0,8.0,8.0,3.0,3.25,2.45,3.15,3.58,2.5
2022-02-12,Borussia Monchengladbach,FC Augsburg,3,2,H,14.0,14.0,5.0,8.0,8.0,12.0,3.0,2.0,1.65,4.33,4.75,1.75,4.36,5.26
2022-02-12,Ein Frankfurt,VfL Wolfsburg,0,2,A,16.0,11.0,2.0,3.0,12.0,9.0,10.0,1.0,2.2,3.6,3.2,2.29,3.66,3.47
2022-02-12,SC Freiburg,FSV Mainz 05,1,1,D,16.0,20.0,5.0,5.0,14.0,15.0,7.0,3.0,2.15,3.3,3.5,2.2,3.68,3.67
2022-02-12,VfL Bochum,Bayern Munich,4,2,H,12.0,22.0,7.0,4.0,13.0,7.0,4.0,9.0,10.0,7.5,1.22,14.5,7.96,1.25
2022-02-13,Union Berlin,Borussia Dortmund,0,3,A,12.0,10.0,2.0,6.0,20.0,9.0,2.0,5.0,4.0,3.75,1.83,4.23,4.2,1.95
2022-02-13,TSG Hoffenheim,Arminia Bielefeld,2,0,H,25.0,8.0,9.0,4.0,12.0,12.0,13.0,3.0,1.5,4.33,5.75,1.58,4.6,6.8
2022-02-18,FSV Mainz 05,Bayer Leverkusen,3,2,H,17.0,8.0,5.0,6.0,15.0,13.0,6.0,2.0,3.1,3.75,2.15,3.44,3.75,2.27
2022-02-19,FC Cologne,Ein Frankfurt,1,0,H,13.0,10.0,8.0,2.0,9.0,16.0,5.0,6.0,2.25,3.5,3.1,2.34,3.94,3.15
2022-02-19,FC Augsburg,SC Freiburg,1,2,A,18.0,15.0,4.0,5.0,11.0,8.0,11.0,4.0,3.1,3.4,2.3,3.27,3.54,2.5
2022-02-19,Arminia Bielefeld,Union Berlin,1,0,H,11.0,11.0,3.0,4.0,6.0,15.0,6.0,4.0,3.0,3.25,2.45,3.17,3.36,2.54
2022-02-19,VfB Stuttgart,VfL Bochum,1,1,D,15.0,13.0,7.0,5.0,7.0,17.0,6.0,0.0,2.2,3.4,3.3,2.26,3.62,3.51
2022-02-19,VfL Wolfsburg,TSG Hoffenheim,1,2,A,14.0,10.0,6.0,4.0,10.0,17.0,5.0,2.0,2.7,3.5,2.55,2.85,3.72,2.7
2022-02-20,Hertha BSC,RB Leipzig,1,6,A,8.0,16.0,4.0,10.0,10.0,8.0,3.0,10.0,6.5,4.2,1.53,7.1,4.5,1.58
2022-02-20,Bayern Munich,Greuther Furth,4,1,H,22.0,8.0,8.0,3.0,15.0,17.0,6.0,4.0,1.07,13.0,26.0,1.1,14.5,41.0
2022-02-20,Borussia Dortmund,Borussia Monchengladbach,6,0,H,16.0,8.0,10.0,5.0,17.0,11.0,5.0,5.0,1.6,4.2,5.25,1.68,4.75,5.4
2022-02-25,TSG Hoffenheim,VfB Stuttgart,2,1,H,19.0,13.0,7.0,4.0,14.0,13.0,9.0,3.0,1.5,4.5,5.75,1.61,4.8,6.2
2022-02-26,SC Freiburg,Hertha BSC,3,0,H,16.0,17.0,5.0,2.0,13.0,10.0,6.0,6.0,1.55,4.33,5.5,1.63,4.42,6.3
2022-02-26,Greuther Furth,FC Cologne,1,1,D,13.0,17.0,5.0,5.0,15.0,13.0,7.0,11.0,3.6,3.6,2.0,3.75,3.86,2.11
2022-02-26,Bayer Leverkusen,Arminia Bielefeld,3,0,H,21.0,8.0,9.0,3.0,8.0,10.0,6.0,3.0,1.36,5.25,8.0,1.4,5.6,9.6
2022-02-26,Borussia Monchengladbach,VfL Wolfsburg,2,2,D,23.0,6.0,11.0,3.0,12.0,14.0,7.0,4.0,2.0,3.4,3.75,2.16,3.65,3.85
2022-02-26,Union Berlin,FSV Mainz 05,3,1,H,7.0,14.0,3.0,1.0,13.0,18.0,2.0,6.0,2.6,3.3,2.75,2.75,3.31,2.93
2022-02-26,Ein Frankfurt,Bayern Munich,0,1,A,7.0,20.0,2.0,9.0,16.0,3.0,2.0,8.0,6.0,5.0,1.44,7.0,5.6,1.5
2022-02-27,VfL Bochum,RB Leipzig,0,1,A,13.0,6.0,2.0,1.0,15.0,9.0,5.0,0.0,5.0,4.0,1.65,5.71,4.34,1.69
2022-02-27,FC Augsburg,Borussia Dortmund,1,1,D,8.0,11.0,3.0,7.0,15.0,8.0,5.0,5.0,5.0,4.33,1.61,5.97,4.6,1.66
2022-03-04,Arminia Bielefeld,FC Augsburg,0,1,A,6.0,7.0,1.0,1.0,12.0,10.0,6.0,1.0,2.5,3.25,2.9,2.65,3.4,3.05
2022-03-05,VfB Stuttgart,Borussia Monchengladbach,3,2,H,18.0,9.0,7.0,3.0,7.0,10.0,5.0,2.0,3.1,3.6,2.15,3.28,3.84,2.27
2022-03-05,RB Leipzig,SC Freiburg,1,1,D,14.0,4.0,5.0,3.0,8.0,15.0,4.0,1.0,1.61,4.2,5.25,1.68,4.5,6.06
2022-03-05,VfL Wolfsburg,Union Berlin,1,0,H,9.0,17.0,3.0,5.0,12.0,15.0,6.0,10.0,2.2,3.2,3.5,2.3,3.46,3.8
2022-03-05,VfL Bochum,Greuther Furth,2,1,H,15.0,9.0,9.0,2.0,16.0,14.0,3.0,6.0,1.72,3.75,4.75,1.86,3.86,4.9
2022-03-05,Bayern Munich,Bayer Leverkusen,1,1,D,20.0,9.0,6.0,2.0,10.0,14.0,7.0,2.0,1.4,5.75,6.0,1.45,6.05,7.33
2022-03-05,Hertha BSC,Ein Frankfurt,1,4,A,10.0,12.0,4.0,6.0,10.0,16.0,3.0,8.0,3.3,3.4,2.15,3.52,3.65,2.25
2022-03-06,FC Cologne,TSG Hoffenheim,0,1,A,10.0,13.0,3.0,3.0,9.0,12.0,4.0,1.0,2.62,3.6,2.55,2.81,3.7,2.69
2022-03-12,SC Freiburg,VfL Wolfsburg,3,2,H,16.0,11.0,8.0,5.0,11.0,9.0,7.0,5.0,2.1,3.5,3.4,2.23,3.65,3.73
2022-03-12,TSG Hoffenheim,Bayern Munich,1,1,D,9.0,18.0,6.0,8.0,12.0,9.0,3.0,8.0,4.75,4.75,1.55,5.25,5.25,1.62
2022-03-12,Union Berlin,VfB Stuttgart,1,1,D,11.0,11.0,3.0,3.0,25.0,12.0,3.0,3.0,2.1,3.5,3.5,2.19,3.6,3.8
2022-03-12,Borussia Monchengladbach,Hertha BSC,2,0,H,12.0,12.0,5.0,3.0,7.0,17.0,3.0,6.0,1.57,4.33,5.25,1.62,4.7,5.6
2022-03-13,Bayer Leverkusen,FC Cologne,0,1,A,15.0,6.0,3.0,3.0,13.0,19.0,7.0,0.0,1.61,4.2,5.25,1.67,4.6,5.5
2022-03-13,Borussia Dortmund,Arminia Bielefeld,1,0,H,20.0,11.0,3.0,4.0,6.0,10.0,4.0,5.0,1.28,6.0,10.0,1.31,6.5,13.0
2022-03-13,Ein Frankfurt,VfL Bochum,2,1,H,14.0,8.0,3.0,4.0,10.0,15.0,9.0,3.0,1.9,3.5,4.2,1.95,3.8,4.64
2022-03-13,Greuther Furth,RB Leipzig,1,6,A,7.0,12.0,1.0,7.0,9.0,8.0,0.0,2.0,8.5,5.0,1.36,9.3,5.7,1.38
2022-03-16,FSV Mainz 05,Borussia Dortmund,0,1,A,10.0,11.0,1.0,4.0,18.0,10.0,5.0,5.0,4.0,3.8,1.85,4.25,4.08,1.9
2022-03-18,VfL Bochum,Borussia Monchengladbach,0,2,A,15.0,8.0,7.0,5.0,12.0,10.0,7.0,3.0,2.8,3.6,2.37,3.12,3.75,2.5
2022-03-19,FSV Mainz 05,Arminia Bielefeld,4,0,H,14.0,6.0,6.0,0.0,10.0,14.0,6.0,1.0,1.6,3.75,6.0,1.7,3.96,6.62
2022-03-19,Bayern Munich,Union Berlin,4,0,H,16.0,9.0,7.0,4.0,8.0,7.0,3.0,2.0,1.16,8.0,13.0,1.2,8.6,19.5
2022-03-19,Hertha BSC,TSG Hoffenheim,3,0,H,13.0,8.0,6.0,0.0,10.0,13.0,1.0,6.0,4.2,4.2,1.72,4.5,4.37,1.8
2022-03-19,VfB Stuttgart,FC Augsburg,3,2,H,24.0,10.0,9.0,4.0,13.0,17.0,8.0,0.0,2.0,3.6,3.6,2.11,3.7,3.88
2022-03-19,Greuther Furth,SC Freiburg,0,0,D,8.0,13.0,1.0,3.0,15.0,9.0,1.0,11.0,4.75,4.0,1.7,5.05,4.23,1.74
2022-03-20,RB Leipzig,Ein Frankfurt,0,0,D,14.0,5.0,7.0,0.0,6.0,21.0,3.0,2.0,1.44,4.5,7.5,1.47,5.2,7.6
2022-03-20,VfL Wolfsburg,Bayer Leverkusen,0,2,A,18.0,17.0,4.0,7.0,6.0,13.0,7.0,7.0,3.0,3.4,2.3,3.14,3.78,2.43
2022-03-20,FC Cologne,Borussia Dortmund,1,1,D,10.0,9.0,1.0,3.0,13.0,16.0,7.0,5.0,3.5,3.75,2.0,3.6,4.0,2.09
2022-04-01,Union Berlin,FC Cologne,1,0,H,13.0,6.0,5.0,1.0,17.0,11.0,2.0,4.0,2.25,3.3,3.3,2.4,3.4,3.47
2022-04-02,Borussia Dortmund,RB Leipzig,1,4,A,10.0,11.0,2.0,5.0,7.0,10.0,7.0,5.0,2.5,3.6,2.62,2.54,3.92,2.85
2022-04-02,Bayer Leverkusen,Hertha BSC,2,1,H,18.0,7.0,7.0,4.0,13.0,11.0,3.0,3.0,1.4,5.25,6.0,1.45,5.25,7.59
2022-04-02,TSG Hoffenheim,VfL Bochum,1,2,A,14.0,20.0,7.0,6.0,9.0,11.0,5.0,6.0,1.5,4.33,6.5,1.55,4.75,6.8
2022-04-02,SC Freiburg,Bayern Munich,1,4,A,8.0,21.0,3.0,11.0,13.0,6.0,1.0,6.0,5.5,4.75,1.5,6.2,5.18,1.57
2022-04-02,Ein Frankfurt,Greuther Furth,0,0,D,20.0,4.0,6.0,2.0,10.0,14.0,9.0,0.0,1.44,4.75,6.5,1.49,5.0,7.5
2022-04-02,Arminia Bielefeld,VfB Stuttgart,1,1,D,10.0,14.0,4.0,4.0,13.0,12.0,6.0,2.0,3.0,3.4,2.35,3.3,3.52,2.43
2022-04-03,FC Augsburg,VfL Wolfsburg,3,0,H,13.0,17.0,5.0,5.0,15.0,11.0,3.0,5.0,2.8,3.4,2.5,3.13,3.46,2.58
2022-04-03,Borussia Monchengladbach,FSV Mainz 05,1,1,D,17.0,22.0,8.0,10.0,13.0,20.0,3.0,7.0,2.25,3.4,3.2,2.36,3.71,3.2
2022-04-06,FC Augsburg,FSV Mainz 05,2,1,H,14.0,17.0,4.0,3.0,16.0,18.0,5.0,7.0,3.3,3.3,2.25,3.57,3.45,2.35
2022-04-08,VfB Stuttgart,Borussia Dortmund,0,2,A,13.0,10.0,2.0,4.0,8.0,6.0,4.0,5.0,3.9,4.1,1.8,4.2,4.2,1.95
2022-04-09,Hertha BSC,Union Berlin,1,4,A,12.0,17.0,3.0,13.0,11.0,11.0,2.0,8.0,2.87,3.2,2.6,3.03,3.4,2.68
2022-04-09,VfL Wolfsburg,Arminia Bielefeld,4,0,H,11.0,6.0,6.0,3.0,11.0,13.0,3.0,2.0,1.66,3.8,5.25,1.73,4.08,5.75
2022-04-09,FC Cologne,FSV Mainz 05,3,2,H,13.0,9.0,5.0,6.0,19.0,23.0,8.0,5.0,2.45,3.4,2.9,2.6,3.6,3.0
2022-04-09,Bayern Munich,FC Augsburg,1,0,H,13.0,6.0,4.0,1.0,10.0,22.0,3.0,3.0,1.11,10.0,19.0,1.15,11.41,23.78
2022-04-09,Greuther Furth,Borussia Monchengladbach,0,2,A,10.0,18.0,1.0,7.0,12.0,8.0,3.0,5.0,4.75,4.0,1.7,5.04,4.28,1.73
2022-04-10,VfL Bochum,Bayer Leverkusen,0,0,D,11.0,9.0,2.0,2.0,10.0,9.0,2.0,3.0,4.0,4.2,1.8,4.47,4.3,1.85
2022-04-10,Ein Frankfurt,SC Freiburg,1,2,A,17.0,12.0,5.0,4.0,13.0,9.0,2.0,4.0,2.4,3.4,2.9,2.6,3.58,3.02
2022-04-10,RB Leipzig,TSG Hoffenheim,3,0,H,11.0,4.0,4.0,0.0,11.0,15.0,2.0,1.0,1.5,4.75,6.0,1.53,5.2,6.5
2022-04-16,FSV Mainz 05,VfB Stuttgart,0,0,D,9.0,6.0,0.0,3.0,17.0,12.0,5.0,3.0,2.05,3.5,3.6,2.1,3.74,3.96
2022-04-16,FC Augsburg,Hertha BSC,0,1,A,13.0,11.0,2.0,1.0,14.0,17.0,1.0,7.0,1.9,3.5,4.2,1.98,3.8,4.21
2022-04-16,Borussia Dortmund,VfL Wolfsburg,6,1,H,12.0,9.0,8.0,4.0,14.0,9.0,4.0,6.0,1.53,4.33,5.75,1.57,4.8,6.55
2022-04-16,SC Freiburg,VfL Bochum,3,0,H,14.0,10.0,8.0,2.0,8.0,10.0,3.0,4.0,1.65,4.0,5.25,1.72,4.2,5.4
2022-04-16,Borussia Monchengladbach,FC Cologne,1,3,A,18.0,17.0,4.0,6.0,15.0,19.0,5.0,5.0,2.05,3.6,3.5,2.1,3.95,3.71
2022-04-17,Arminia Bielefeld,Bayern Munich,0,3,A,8.0,24.0,3.0,9.0,11.0,11.0,5.0,4.0,13.0,7.5,1.18,17.0,8.1,1.22
2022-04-17,TSG Hoffenheim,Greuther Furth,0,0,D,16.0,7.0,3.0,1.0,19.0,15.0,10.0,1.0,1.28,6.5,9.0,1.3,6.84,12.0
2022-04-17,Union Berlin,Ein Frankfurt,2,0,H,14.0,10.0,4.0,3.0,10.0,8.0,4.0,3.0,2.15,3.4,3.4,2.28,3.6,3.65
2022-04-17,Bayer Leverkusen,RB Leipzig,0,1,A,12.0,4.0,4.0,1.0,18.0,7.0,7.0,1.0,3.0,3.6,2.3,3.1,3.9,2.42
2022-04-22,VfL Wolfsburg,FSV Mainz 05,5,0,H,15.0,5.0,7.0,3.0,10.0,10.0,2.0,3.0,2.3,3.4,3.1,2.45,3.47,3.3
2022-04-23,Greuther Furth,Bayer Leverkusen,1,4,A,9.0,10.0,4.0,5.0,4.0,13.0,6.0,3.0,8.5,5.25,1.33,9.1,5.8,1.4
2022-04-23,SC Freiburg,Borussia Monchengladbach,3,3,D,19.0,7.0,8.0,4.0,12.0,12.0,8.0,0.0,1.83,4.0,4.0,1.91,4.12,4.4
2022-04-23,RB Leipzig,Union Berlin,1,2,A,5.0,12.0,1.0,4.0,13.0,9.0,2.0,5.0,1.55,4.0,6.5,1.59,4.5,7.1
2022-04-23,Ein Frankfurt,TSG Hoffenheim,2,2,D,17.0,11.0,7.0,4.0,10.0,9.0,9.0,7.0,2.55,3.6,2.62,2.61,3.96,2.8
2022-04-23,FC Cologne,Arminia Bielefeld,3,1,H,19.0,16.0,6.0,4.0,7.0,15.0,5.0,10.0,1.53,4.2,6.5,1.57,4.54,6.6
2022-04-23,Bayern Munich,Borussia Dortmund,3,1,H,13.0,7.0,6.0,3.0,9.0,11.0,3.0,1.0,1.36,5.75,7.0,1.45,6.2,7.9
2022-04-24,Hertha BSC,VfB Stuttgart,2,0,H,7.0,12.0,2.0,5.0,10.0,8.0,4.0,6.0,3.1,3.3,2.3,3.2,3.5,2.55
2022-04-24,VfL Bochum,FC Augsburg,0,2,A,18.0,12.0,3.0,4.0,10.0,17.0,10.0,4.0,2.25,3.2,3.5,2.35,3.35,3.51
2022-04-29,Union Berlin,Greuther Furth,1,1,D,6.0,7.0,3.0,2.0,14.0,14.0,2.0,4.0,1.28,5.25,13.0,1.36,6.1,15.2
2022-04-30,FC Augsburg,FC Cologne,1,4,A,14.0,18.0,5.0,8.0,14.0,14.0,5.0,7.0,2.8,3.25,2.6,2.91,3.65,2.6
2022-04-30,Arminia Bielefeld,Hertha BSC,1,1,D,6.0,9.0,1.0,5.0,14.0,14.0,2.0,6.0,2.62,3.2,2.8,2.75,3.45,2.97
2022-04-30,Borussia Dortmund,VfL Bochum,3,4,A,19.0,12.0,10.0,5.0,14.0,18.0,10.0,3.0,1.36,5.25,7.5,1.4,5.7,8.82
2022-04-30,FSV Mainz 05,Bayern Munich,3,1,H,24.0,4.0,7.0,1.0,11.0,11.0,7.0,8.0,5.75,4.5,1.53,6.05,5.1,1.56
2022-04-30,VfB Stuttgart,VfL Wolfsburg,1,1,D,18.0,15.0,5.0,5.0,9.0,11.0,7.0,9.0,2.05,3.5,3.6,2.12,3.82,3.81
2022-04-30,TSG Hoffenheim,SC Freiburg,3,4,A,17.0,9.0,7.0,5.0,12.0,6.0,4.0,5.0,2.5,3.5,2.75,2.55,3.7,2.9
2022-05-02,Bayer Leverkusen,Ein Frankfurt,2,0,H,11.0,9.0,3.0,4.0,5.0,8.0,4.0,4.0,1.4,5.0,7.0,1.47,5.4,7.5
2022-05-02,Borussia Monchengladbach,RB Leipzig,3,1,H,9.0,10.0,6.0,7.0,11.0,20.0,3.0,8.0,4.33,4.0,1.75,4.33,4.3,1.86
2022-05-06,VfL Bochum,Arminia Bielefeld,2,1,H,16.0,14.0,9.0,5.0,9.0,12.0,6.0,2.0,2.15,3.6,3.2,2.27,3.69,3.38
2022-05-07,Hertha BSC,FSV Mainz 05,1,2,A,10.0,13.0,1.0,6.0,19.0,18.0,3.0,8.0,2.55,3.4,2.7,2.56,3.65,2.96
2022-05-07,TSG Hoffenheim,Bayer Leverkusen,2,4,A,12.0,15.0,5.0,8.0,14.0,10.0,6.0,7.0,3.2,4.0,2.05,3.45,4.33,2.1
2022-05-07,FC Cologne,VfL Wolfsburg,0,1,A,17.0,5.0,9.0,3.0,12.0,12.0,9.0,2.0,1.6,4.5,5.0,1.66,4.6,5.3
2022-05-07,SC Freiburg,Union Berlin,1,4,A,18.0,13.0,4.0,5.0,12.0,14.0,4.0,6.0,1.9,3.6,4.0,2.0,3.94,4.12
2022-05-07,Greuther Furth,Borussia Dortmund,1,3,A,8.0,8.0,3.0,4.0,15.0,10.0,5.0,2.0,9.0,6.0,1.3,9.7,6.38,1.34
2022-05-08,Ein Frankfurt,Borussia Monchengladbach,1,1,D,18.0,11.0,4.0,7.0,6.0,7.0,9.0,1.0,2.3,3.8,2.8,2.41,4.2,2.93
2022-05-08,Bayern Munich,VfB Stuttgart,2,2,D,25.0,15.0,8.0,5.0,10.0,8.0,7.0,4.0,1.25,7.0,9.5,1.28,7.27,13.0
2022-05-08,RB Leipzig,FC Augsburg,4,0,H,14.0,6.0,8.0,1.0,8.0,16.0,5.0,1.0,1.25,6.0,12.0,1.28,6.6,13.0
2022-05-14,VfB Stuttgart,FC Cologne,2,1,H,24.0,16.0,12.0,3.0,15.0,10.0,8.0,10.0,2.2,4.0,2.87,2.27,4.26,3.0
2022-05-14,VfL Wolfsburg,Bayern Munich,2,2,D,10.0,25.0,2.0,10.0,5.0,10.0,2.0,12.0,5.0,4.75,1.55,5.35,5.4,1.6
2022-05-14,Union Berlin,VfL Bochum,3,2,H,17.0,5.0,11.0,3.0,12.0,7.0,1.0,3.0,1.4,5.0,7.0,1.44,5.5,8.1
2022-05-14,Borussia Monchengladbach,TSG Hoffenheim,5,1,H,19.0,10.0,9.0,2.0,8.0,12.0,6.0,2.0,2.0,4.33,3.1,2.1,4.66,3.2
2022-05-14,FC Augsburg,Greuther Furth,2,1,H,8.0,6.0,3.0,3.0,21.0,20.0,3.0,5.0,1.55,4.75,5.0,1.61,5.0,5.5
2022-05-14,Bayer Leverkusen,SC Freiburg,2,1,H,11.0,13.0,5.0,2.0,6.0,12.0,6.0,9.0,2.4,3.8,2.62,2.5,4.25,2.8
2022-05-14,Borussia Dortmund,Hertha BSC,2,1,H,9.0,4.0,3.0,1.0,11.0,16.0,3.0,1.0,1.5,5.0,5.25,1.6,5.37,6.0
2022-05-14,Arminia Bielefeld,RB Leipzig,1,1,D,8.0,18.0,4.0,9.0,11.0,8.0,2.0,6.0,10.0,6.0,1.25,12.0,7.0,1.28
2022-05-14,FSV Mainz 05,Ein Frankfurt,2,2,D,13.0,13.0,4.0,4.0,7.0,11.0,5.0,3.0,1.7,4.33,4.33,1.75,4.64,4.95
2022-08-05,Ein Frankfurt,Bayern Munich,1,6,A,8.0,23.0,2.0,10.0,10.0,11.0,5.0,6.0,6.0,5.0,1.5,6.15,5.25,1.6
2022-08-06,FC Augsburg,SC Freiburg,0,4,A,10.0,19.0,2.0,7.0,13.0,13.0,5.0,8.0,3.3,3.5,2.15,3.57,3.62,2.25
2022-08-06,VfL Bochum,FSV Mainz 05,1,2,A,16.0,13.0,3.0,6.0,11.0,16.0,3.0,5.0,3.2,3.4,2.2,3.38,3.5,2.32
2022-08-06,Borussia Monchengladbach,TSG Hoffenheim,3,1,H,18.0,2.0,8.0,1.0,18.0,12.0,4.0,2.0,2.05,4.2,3.0,2.23,4.22,3.26
2022-08-06,Union Berlin,Hertha BSC,3,1,H,18.0,9.0,8.0,3.0,23.0,17.0,5.0,4.0,1.72,3.75,4.5,1.82,3.9,5.0
2022-08-06,VfL Wolfsburg,Werder Bremen,2,2,D,13.0,10.0,3.0,5.0,11.0,14.0,2.0,5.0,1.85,3.8,3.8,1.94,3.85,4.3
2022-08-06,Borussia Dortmund,Bayer Leverkusen,1,0,H,13.0,8.0,4.0,3.0,14.0,13.0,3.0,3.0,2.0,4.2,3.2,2.12,4.36,3.34
2022-08-07,VfB Stuttgart,RB Leipzig,1,1,D,11.0,27.0,2.0,9.0,14.0,9.0,1.0,9.0,4.5,3.8,1.75,4.67,4.12,1.84
2022-08-07,FC Cologne,FC Schalke 04,3,1,H,30.0,6.0,10.0,2.0,8.0,10.0,9.0,1.0,1.7,4.0,4.5,1.8,4.33,4.88
2022-08-12,SC Freiburg,Borussia Dortmund,1,3,A,16.0,16.0,7.0,7.0,16.0,10.0,9.0,2.0,3.0,3.75,2.2,3.18,3.9,2.33
2022-08-13,FC Schalke 04,Borussia Monchengladbach,2,2,D,14.0,14.0,5.0,9.0,12.0,8.0,2.0,7.0,3.1,3.8,2.15,3.26,3.9,2.26
2022-08-13,Werder Bremen,VfB Stuttgart,2,2,D,5.0,14.0,3.0,7.0,6.0,10.0,2.0,5.0,2.25,3.6,3.0,2.44,3.75,3.11
2022-08-13,Hertha BSC,Ein Frankfurt,1,1,D,11.0,11.0,5.0,1.0,11.0,11.0,4.0,5.0,3.0,3.5,2.3,3.16,3.72,2.37
2022-08-13,Bayer Leverkusen,FC Augsburg,1,2,A,23.0,6.0,10.0,4.0,7.0,16.0,7.0,3.0,1.3,5.75,9.5,1.36,6.0,10.0
2022-08-13,TSG Hoffenheim,VfL Bochum,3,2,H,24.0,11.0,13.0,5.0,13.0,10.0,8.0,2.0,1.57,4.5,5.25,1.62,4.64,5.5
2022-08-13,RB Leipzig,FC Cologne,2,2,D,9.0,12.0,5.0,3.0,8.0,18.0,2.0,7.0,1.44,4.75,7.0,1.5,5.2,7.8
2022-08-14,FSV Mainz 05,Union Berlin,0,0,D,10.0,10.0,5.0,2.0,9.0,14.0,4.0,4.0,2.2,3.25,3.4,2.33,3.36,3.66
2022-08-14,Bayern Munich,VfL Wolfsburg,2,0,H,24.0,7.0,8.0,1.0,7.0,10.0,8.0,4.0,1.12,9.5,17.0,1.18,10.0,21.0
2022-08-19,Borussia Monchengladbach,Hertha BSC,1,0,H,11.0,18.0,6.0,5.0,7.0,11.0,5.0,5.0,1.5,4.5,6.0,1.6,4.9,6.5
2022-08-20,Union Berlin,RB Leipzig,2,1,H,9.0,16.0,4.0,2.0,14.0,8.0,1.0,13.0,3.6,3.5,2.05,3.76,3.7,2.18
2022-08-20,VfB Stuttgart,SC Freiburg,0,1,A,18.0,9.0,5.0,3.0,8.0,12.0,3.0,1.0,2.62,3.6,2.55,2.71,3.7,2.7
2022-08-20,VfL Wolfsburg,FC Schalke 04,0,0,D,16.0,9.0,6.0,2.0,13.0,10.0,12.0,4.0,1.83,3.8,4.2,1.9,4.0,4.4
2022-08-20,Borussia Dortmund,Werder Bremen,2,3,A,5.0,14.0,3.0,7.0,13.0,9.0,3.0,5.0,1.36,5.25,7.5,1.43,5.75,7.8
2022-08-20,FC Augsburg,FSV Mainz 05,1,2,A,6.0,14.0,2.0,7.0,13.0,19.0,3.0,3.0,3.5,3.5,2.1,3.68,3.66,2.2
2022-08-20,Bayer Leverkusen,TSG Hoffenheim,0,3,A,14.0,10.0,3.0,5.0,15.0,18.0,3.0,1.0,1.66,4.33,4.5,1.72,4.5,4.8
2022-08-21,Ein Frankfurt,FC Cologne,1,1,D,10.0,6.0,3.0,2.0,15.0,11.0,5.0,9.0,1.95,3.75,3.6,2.1,3.86,3.65
2022-08-21,VfL Bochum,Bayern Munich,0,7,A,13.0,22.0,7.0,12.0,10.0,6.0,5.0,5.0,13.0,8.0,1.18,15.0,8.6,1.21
2022-08-26,SC Freiburg,VfL Bochum,1,0,H,28.0,15.0,12.0,5.0,15.0,13.0,2.0,5.0,1.5,4.5,6.0,1.55,4.9,6.5
2022-08-27,Hertha BSC,Borussia Dortmund,0,1,A,12.0,24.0,3.0,7.0,8.0,9.0,6.0,10.0,4.5,4.33,1.66,4.7,4.7,1.74
2022-08-27,TSG Hoffenheim,FC Augsburg,1,0,H,24.0,12.0,6.0,1.0,14.0,9.0,4.0,6.0,1.45,4.5,7.0,1.5,5.02,7.0
2022-08-27,FSV Mainz 05,Bayer Leverkusen,0,3,A,17.0,7.0,3.0,5.0,10.0,12.0,3.0,4.0,2.75,3.75,2.37,2.92,3.91,2.55
2022-08-27,RB Leipzig,VfL Wolfsburg,2,0,H,16.0,9.0,7.0,4.0,20.0,15.0,8.0,4.0,1.45,4.75,6.0,1.53,4.88,6.89
2022-08-27,FC Schalke 04,Union Berlin,1,6,A,12.0,12.0,4.0,7.0,9.0,11.0,8.0,2.0,3.1,3.4,2.3,3.18,3.6,2.4
2022-08-27,Bayern Munich,Borussia Monchengladbach,1,1,D,35.0,5.0,20.0,3.0,14.0,7.0,14.0,1.0,1.18,8.0,12.0,1.25,8.9,15.0
2022-08-28,Werder Bremen,Ein Frankfurt,3,4,A,10.0,12.0,4.0,7.0,17.0,17.0,5.0,7.0,2.45,3.5,2.8,2.61,3.75,2.83
2022-08-28,FC Cologne,VfB Stuttgart,0,0,D,6.0,13.0,2.0,5.0,14.0,12.0,6.0,8.0,2.05,3.75,3.4,2.17,3.85,3.5
2022-09-02,Borussia Dortmund,TSG Hoffenheim,1,0,H,16.0,7.0,5.0,2.0,14.0,15.0,5.0,8.0,1.61,4.5,4.75,1.69,4.7,4.8
2022-09-03,VfL Bochum,Werder Bremen,0,2,A,19.0,16.0,6.0,6.0,15.0,10.0,7.0,3.0,2.9,3.6,2.3,3.0,3.78,2.45
2022-09-03,Bayer Leverkusen,SC Freiburg,2,3,A,15.0,5.0,6.0,3.0,15.0,10.0,8.0,4.0,1.9,3.75,3.8,1.98,4.05,4.04
2022-09-03,VfB Stuttgart,FC Schalke 04,1,1,D,13.0,13.0,3.0,4.0,11.0,10.0,5.0,7.0,1.75,4.0,4.33,1.83,4.2,4.5
2022-09-03,Union Berlin,Bayern Munich,1,1,D,10.0,21.0,3.0,6.0,19.0,7.0,5.0,7.0,7.0,5.25,1.36,8.1,6.0,1.43
2022-09-03,VfL Wolfsburg,FC Cologne,2,4,A,9.0,18.0,3.0,5.0,13.0,14.0,5.0,4.0,2.05,3.4,3.75,2.2,3.65,3.75
2022-09-03,Ein Frankfurt,RB Leipzig,4,0,H,14.0,5.0,9.0,0.0,14.0,10.0,4.0,3.0,3.5,3.75,2.0,3.72,4.05,2.1
2022-09-04,FC Augsburg,Hertha BSC,0,2,A,8.0,16.0,2.0,6.0,12.0,15.0,5.0,1.0,2.45,3.3,2.87,2.63,3.52,2.94
2022-09-04,Borussia Monchengladbach,FSV Mainz 05,0,1,A,13.0,12.0,3.0,5.0,8.0,15.0,4.0,8.0,2.2,3.8,3.0,2.29,3.87,3.16
2022-09-09,Werder Bremen,FC Augsburg,0,1,A,11.0,14.0,6.0,5.0,12.0,12.0,3.0,7.0,1.53,4.5,5.5,1.65,4.75,6.0
2022-09-10,FC Schalke 04,VfL Bochum,3,1,H,20.0,9.0,8.0,2.0,12.0,16.0,3.0,8.0,2.0,3.8,3.5,2.11,3.85,3.75
2022-09-10,RB Leipzig,Borussia Dortmund,3,0,H,14.0,4.0,5.0,0.0,12.0,6.0,5.0,8.0,2.3,3.9,2.75,2.46,4.05,2.88
2022-09-10,Ein Frankfurt,VfL Wolfsburg,0,1,A,11.0,6.0,0.0,3.0,16.0,13.0,10.0,5.0,2.0,3.6,3.6,2.11,3.8,3.83
2022-09-10,Hertha BSC,Bayer Leverkusen,2,2,D,17.0,11.0,6.0,5.0,15.0,16.0,3.0,5.0,3.6,4.0,1.9,3.81,4.2,2.0
2022-09-10,Bayern Munich,VfB Stuttgart,2,2,D,18.0,8.0,7.0,3.0,11.0,9.0,3.0,0.0,1.14,8.0,17.0,1.18,9.5,19.0
2022-09-10,TSG Hoffenheim,FSV Mainz 05,4,1,H,21.0,10.0,9.0,2.0,9.0,13.0,7.0,5.0,2.25,3.75,2.9,2.36,3.75,3.14
2022-09-11,FC Cologne,Union Berlin,0,1,A,7.0,12.0,2.0,3.0,15.0,12.0,7.0,8.0,2.37,3.4,2.9,2.54,3.57,3.0
2022-09-11,SC Freiburg,Borussia Monchengladbach,0,0,D,13.0,14.0,8.0,5.0,13.0,6.0,7.0,6.0,2.0,3.6,3.5,2.1,3.95,3.7
2022-09-16,FSV Mainz 05,Hertha BSC,1,1,D,12.0,4.0,2.0,2.0,12.0,10.0,4.0,3.0,1.72,4.0,4.33,1.8,4.1,4.75
2022-09-17,FC Augsburg,Bayern Munich,1,0,H,9.0,21.0,4.0,7.0,16.0,9.0,2.0,8.0,17.0,8.0,1.16,19.0,9.3,1.2
2022-09-17,Borussia Dortmund,FC Schalke 04,1,0,H,19.0,3.0,7.0,0.0,12.0,14.0,11.0,2.0,1.36,5.0,8.0,1.42,5.61,8.0
2022-09-17,Bayer Leverkusen,Werder Bremen,1,1,D,19.0,19.0,7.0,7.0,5.0,14.0,9.0,6.0,1.61,4.33,5.0,1.7,4.75,5.0
2022-09-17,VfB Stuttgart,Ein Frankfurt,1,3,A,15.0,13.0,2.0,8.0,9.0,11.0,7.0,4.0,2.25,3.5,3.1,2.4,3.74,3.1
2022-09-17,Borussia Monchengladbach,RB Leipzig,3,0,H,21.0,13.0,10.0,6.0,14.0,14.0,8.0,3.0,3.0,3.6,2.25,3.2,3.98,2.4
2022-09-18,TSG Hoffenheim,SC Freiburg,0,0,D,10.0,14.0,3.0,4.0,15.0,9.0,5.0,3.0,2.15,3.6,3.2,2.24,3.91,3.27
2022-09-18,Union Berlin,VfL Wolfsburg,2,0,H,16.0,5.0,4.0,0.0,18.0,6.0,4.0,1.0,1.95,3.5,3.8,2.07,3.7,4.05
2022-09-18,VfL Bochum,FC Cologne,1,1,D,7.0,18.0,0.0,3.0,12.0,8.0,4.0,8.0,3.1,3.6,2.2,3.35,3.8,2.32
2022-09-30,Bayern Munich,Bayer Leverkusen,4,0,H,20.0,10.0,10.0,5.0,10.0,6.0,6.0,2.0,1.36,6.0,7.0,1.41,6.25,8.1
2022-10-01,Ein Frankfurt,Union Berlin,2,0,H,14.0,14.0,4.0,5.0,4.0,11.0,4.0,7.0,2.25,3.4,3.2,2.36,3.64,3.34
2022-10-01,FC Cologne,Borussia Dortmund,3,2,H,20.0,21.0,16.0,13.0,14.0,10.0,7.0,11.0,3.1,4.0,2.05,3.41,4.09,2.13
2022-10-01,SC Freiburg,FSV Mainz 05,2,1,H,13.0,17.0,6.0,7.0,9.0,15.0,5.0,5.0,2.1,3.6,3.4,2.15,3.69,3.61
2022-10-01,RB Leipzig,VfL Bochum,4,0,H,17.0,2.0,9.0,1.0,8.0,8.0,7.0,2.0,1.22,6.5,12.0,1.26,7.3,13.0
2022-10-01,VfL Wolfsburg,VfB Stuttgart,3,2,H,20.0,15.0,7.0,7.0,16.0,14.0,8.0,5.0,2.4,3.4,2.9,2.46,3.63,3.1
2022-10-01,Werder Bremen,Borussia Monchengladbach,5,1,H,14.0,13.0,9.0,9.0,8.0,8.0,4.0,5.0,2.5,3.9,2.5,2.65,4.04,2.65
2022-10-02,Hertha BSC,TSG Hoffenheim,1,1,D,13.0,16.0,5.0,4.0,5.0,15.0,2.0,6.0,2.75,3.75,2.37,2.99,3.99,2.46
2022-10-02,FC Schalke 04,FC Augsburg,2,3,A,16.0,11.0,5.0,5.0,11.0,10.0,8.0,4.0,1.95,3.8,3.6,2.02,3.82,3.97
2022-10-07,TSG Hoffenheim,Werder Bremen,1,2,A,16.0,8.0,6.0,3.0,12.0,18.0,3.0,3.0,1.95,3.8,3.5,2.08,4.06,3.55
2022-10-08,FSV Mainz 05,RB Leipzig,1,1,D,9.0,12.0,3.0,3.0,12.0,12.0,4.0,2.0,3.0,3.6,2.3,3.23,3.8,2.38
2022-10-08,Borussia Dortmund,Bayern Munich,2,2,D,13.0,9.0,6.0,3.0,8.0,11.0,7.0,4.0,4.33,4.75,1.65,4.55,5.05,1.73
2022-10-08,VfL Bochum,Ein Frankfurt,3,0,H,11.0,11.0,6.0,2.0,12.0,10.0,9.0,4.0,3.75,3.8,1.9,4.08,4.06,1.95
2022-10-08,Bayer Leverkusen,FC Schalke 04,4,0,H,13.0,2.0,7.0,1.0,9.0,17.0,3.0,3.0,1.45,4.5,7.0,1.5,5.1,7.0
2022-10-08,FC Augsburg,VfL Wolfsburg,1,1,D,18.0,12.0,5.0,7.0,19.0,11.0,11.0,5.0,2.9,3.4,2.4,3.05,3.62,2.5
2022-10-09,Borussia Monchengladbach,FC Cologne,5,2,H,13.0,5.0,6.0,3.0,8.0,14.0,7.0,4.0,1.95,3.75,3.6,2.05,4.1,3.64
2022-10-09,Hertha BSC,SC Freiburg,2,2,D,11.0,10.0,3.0,4.0,14.0,13.0,4.0,2.0,3.0,3.5,2.3,3.25,3.7,2.41
2022-10-09,VfB Stuttgart,Union Berlin,0,1,A,9.0,7.0,3.0,4.0,12.0,10.0,2.0,5.0,2.55,3.1,2.9,2.74,3.44,2.97
2022-10-14,FC Schalke 04,TSG Hoffenheim,0,3,A,14.0,18.0,2.0,7.0,12.0,8.0,4.0,5.0,3.6,3.8,1.95,3.82,3.92,2.06
2022-10-15,Ein Frankfurt,Bayer Leverkusen,5,1,H,20.0,5.0,11.0,2.0,10.0,9.0,7.0,1.0,2.75,3.6,2.45,2.86,3.86,2.55
2022-10-15,VfB Stuttgart,VfL Bochum,4,1,H,16.0,14.0,7.0,4.0,6.0,17.0,3.0,3.0,1.65,4.0,5.25,1.7,4.22,5.6
2022-10-15,Werder Bremen,FSV Mainz 05,0,2,A,14.0,11.0,4.0,5.0,3.0,11.0,3.0,3.0,2.37,3.6,2.87,2.41,3.78,3.04
2022-10-15,VfL Wolfsburg,Borussia Monchengladbach,2,2,D,16.0,10.0,4.0,5.0,13.0,11.0,7.0,6.0,2.62,3.5,2.6,2.71,3.84,2.7
2022-10-15,RB Leipzig,Hertha BSC,3,2,H,14.0,16.0,5.0,5.0,17.0,9.0,8.0,4.0,1.4,5.0,7.0,1.45,5.25,7.9
2022-10-16,Bayern Munich,SC Freiburg,5,0,H,18.0,6.0,8.0,0.0,8.0,9.0,5.0,5.0,1.25,6.5,9.0,1.32,6.8,12.0
2022-10-16,Union Berlin,Borussia Dortmund,2,0,H,14.0,13.0,5.0,6.0,15.0,5.0,5.0,8.0,2.9,3.5,2.37,3.06,3.68,2.48
2022-10-16,FC Cologne,FC Augsburg,3,2,H,14.0,7.0,6.0,3.0,11.0,15.0,5.0,3.0,1.66,4.0,5.0,1.75,4.38,5.0
2022-10-21,FSV Mainz 05,FC Cologne,5,0,H,15.0,6.0,7.0,2.0,13.0,14.0,5.0,4.0,2.15,3.5,3.25,2.26,3.75,3.6
2022-10-22,FC Augsburg,RB Leipzig,3,3,D,11.0,19.0,3.0,8.0,15.0,11.0,3.0,6.0,5.5,4.33,1.57,5.8,4.67,1.63
2022-10-22,Borussia Dortmund,VfB Stuttgart,5,0,H,19.0,10.0,10.0,1.0,7.0,8.0,9.0,2.0,1.53,4.75,5.5,1.57,4.75,6.35
2022-10-22,SC Freiburg,Werder Bremen,2,0,H,25.0,10.0,7.0,2.0,14.0,12.0,6.0,2.0,1.9,3.75,3.8,2.0,3.98,4.13
2022-10-22,TSG Hoffenheim,Bayern Munich,0,2,A,7.0,23.0,3.0,10.0,12.0,8.0,7.0,5.0,5.5,5.0,1.5,6.45,5.3,1.55
2022-10-22,Bayer Leverkusen,VfL Wolfsburg,2,2,D,13.0,9.0,5.0,3.0,19.0,5.0,3.0,3.0,1.7,4.2,4.5,1.77,4.5,4.88
2022-10-22,Borussia Monchengladbach,Ein Frankfurt,1,3,A,8.0,16.0,3.0,5.0,9.0,20.0,3.0,2.0,2.3,3.75,2.87,2.42,3.97,3.02
2022-10-23,VfL Bochum,Union Berlin,2,1,H,8.0,6.0,5.0,3.0,14.0,10.0,3.0,7.0,4.33,3.4,1.9,4.6,3.6,1.96
2022-10-23,Hertha BSC,FC Schalke 04,2,1,H,11.0,9.0,4.0,2.0,14.0,14.0,5.0,6.0,1.75,3.75,4.75,1.81,4.05,4.82
2022-10-28,Werder Bremen,Hertha BSC,1,0,H,15.0,9.0,4.0,1.0,14.0,11.0,4.0,5.0,2.0,3.8,3.4,2.1,4.02,3.5
2022-10-29,RB Leipzig,Bayer Leverkusen,2,0,H,10.0,4.0,6.0,1.0,9.0,7.0,3.0,3.0,1.8,4.0,4.1,1.85,4.25,4.45
2022-10-29,VfB Stuttgart,FC Augsburg,2,1,H,31.0,12.0,8.0,6.0,7.0,12.0,10.0,3.0,1.8,3.8,4.33,1.9,4.12,4.51
2022-10-29,VfL Wolfsburg,VfL Bochum,4,0,H,22.0,10.0,7.0,3.0,7.0,17.0,7.0,2.0,1.65,4.2,4.75,1.74,4.25,5.0
2022-10-29,Ein Frankfurt,Borussia Dortmund,1,2,A,20.0,8.0,8.0,2.0,15.0,11.0,4.0,3.0,2.75,3.75,2.4,2.9,3.9,2.49
2022-10-29,Bayern Munich,FSV Mainz 05,6,2,H,25.0,13.0,12.0,5.0,10.0,11.0,8.0,5.0,1.25,6.5,11.0,1.28,7.15,11.29
2022-10-30,Union Berlin,Borussia Monchengladbach,2,1,H,14.0,7.0,5.0,3.0,17.0,6.0,6.0,5.0,2.05,3.4,3.8,2.17,3.62,3.98
2022-10-30,FC Schalke 04,SC Freiburg,0,2,A,12.0,19.0,3.0,9.0,20.0,7.0,4.0,8.0,4.0,3.75,1.9,4.18,3.9,1.97
2022-10-30,FC Cologne,TSG Hoffenheim,1,1,D,11.0,9.0,3.0,4.0,11.0,10.0,5.0,4.0,2.9,3.5,2.37,3.06,3.7,2.49
2022-11-04,Borussia Monchengladbach,VfB Stuttgart,3,1,H,11.0,13.0,6.0,4.0,13.0,16.0,3.0,5.0,2.15,3.75,3.1,2.28,3.96,3.3
2022-11-05,Werder Bremen,FC Schalke 04,2,1,H,11.0,19.0,5.0,3.0,11.0,12.0,3.0,3.0,1.65,4.33,4.5,1.69,4.5,5.11
2022-11-05,FSV Mainz 05,VfL Wolfsburg,0,3,A,16.0,10.0,3.0,3.0,15.0,6.0,9.0,4.0,2.0,3.75,3.5,2.08,3.8,3.76
2022-11-05,Hertha BSC,Bayern Munich,2,3,A,7.0,14.0,5.0,4.0,13.0,9.0,2.0,7.0,10.0,6.5,1.25,11.21,7.0,1.3
2022-11-05,Borussia Dortmund,VfL Bochum,3,0,H,6.0,7.0,3.0,1.0,7.0,14.0,2.0,5.0,1.22,7.0,11.0,1.27,7.0,13.0
2022-11-05,FC Augsburg,Ein Frankfurt,1,2,A,9.0,12.0,5.0,7.0,17.0,15.0,3.0,6.0,4.33,4.0,1.72,4.6,4.2,1.78
2022-11-05,TSG Hoffenheim,RB Leipzig,1,3,A,11.0,17.0,3.0,8.0,9.0,9.0,6.0,3.0,2.9,3.75,2.25,3.11,3.8,2.36
2022-11-06,Bayer Leverkusen,Union Berlin,5,0,H,11.0,6.0,8.0,1.0,11.0,17.0,1.0,5.0,2.15,3.4,3.4,2.23,3.65,3.6
2022-11-06,SC Freiburg,FC Cologne,2,0,H,13.0,6.0,5.0,2.0,9.0,10.0,5.0,3.0,1.7,4.0,4.75,1.75,4.15,5.2
2022-11-08,VfL Wolfsburg,Borussia Dortmund,2,0,H,15.0,20.0,8.0,6.0,10.0,12.0,6.0,9.0,3.1,3.6,2.2,3.2,3.8,2.32
2022-11-08,Bayern Munich,Werder Bremen,6,1,H,21.0,4.0,10.0,1.0,9.0,8.0,8.0,4.0,1.14,9.5,15.0,1.17,10.0,19.0
2022-11-08,VfL Bochum,Borussia Monchengladbach,2,1,H,13.0,8.0,4.0,2.0,11.0,14.0,6.0,3.0,3.2,3.5,2.25,3.45,3.98,2.27
2022-11-08,VfB Stuttgart,Hertha BSC,2,1,H,16.0,11.0,7.0,4.0,9.0,15.0,8.0,5.0,1.95,3.8,3.75,2.05,3.93,4.1
2022-11-09,FC Schalke 04,FSV Mainz 05,1,0,H,13.0,11.0,4.0,1.0,16.0,17.0,1.0,6.0,3.4,3.75,2.05,3.58,3.89,2.12
2022-11-09,Union Berlin,FC Augsburg,2,2,D,18.0,7.0,6.0,2.0,7.0,10.0,6.0,3.0,1.55,4.2,6.0,1.6,4.4,6.8
2022-11-09,Ein Frankfurt,TSG Hoffenheim,4,2,H,15.0,12.0,8.0,3.0,9.0,22.0,4.0,5.0,1.9,3.8,3.75,1.96,4.12,4.0
2022-11-09,FC Cologne,Bayer Leverkusen,1,2,A,17.0,10.0,7.0,3.0,9.0,7.0,6.0,1.0,3.0,3.75,2.2,3.23,3.86,2.31
2022-11-09,RB Leipzig,SC Freiburg,3,1,H,18.0,4.0,8.0,2.0,9.0,21.0,6.0,2.0,1.72,4.0,4.5,1.82,4.25,4.56
2022-11-11,Borussia Monchengladbach,Borussia Dortmund,4,2,H,11.0,20.0,6.0,10.0,12.0,12.0,2.0,9.0,3.2,4.0,2.15,3.4,4.0,2.25
2022-11-12,FC Augsburg,VfL Bochum,0,1,A,19.0,11.0,5.0,4.0,12.0,9.0,6.0,2.0,2.2,3.5,3.2,2.23,3.82,3.37
2022-11-12,Hertha BSC,FC Cologne,2,0,H,17.0,10.0,8.0,2.0,15.0,10.0,10.0,5.0,2.2,3.6,3.1,2.35,3.86,3.2
2022-11-12,TSG Hoffenheim,VfL Wolfsburg,1,2,A,22.0,6.0,8.0,3.0,15.0,11.0,7.0,1.0,2.25,3.75,3.1,2.3,3.9,3.19
2022-11-12,Bayer Leverkusen,VfB Stuttgart,2,0,H,11.0,7.0,3.0,1.0,11.0,10.0,4.0,2.0,1.72,4.2,4.33,1.76,4.38,4.8
2022-11-12,Werder Bremen,RB Leipzig,1,2,A,7.0,14.0,5.0,3.0,14.0,8.0,0.0,4.0,3.6,4.0,1.9,3.9,4.2,1.97
2022-11-12,FC Schalke 04,Bayern Munich,0,2,A,6.0,22.0,2.0,6.0,7.0,4.0,4.0,5.0,15.0,7.5,1.16,17.5,9.33,1.18
2022-11-13,FSV Mainz 05,Ein Frankfurt,1,1,D,19.0,10.0,6.0,3.0,12.0,8.0,5.0,2.0,2.75,3.5,2.45,2.86,3.76,2.55
2022-11-13,SC Freiburg,Union Berlin,4,1,H,7.0,4.0,5.0,2.0,13.0,9.0,2.0,1.0,2.0,3.3,4.0,2.1,3.44,4.3
2023-01-20,RB Leipzig,Bayern Munich,1,1,D,10.0,7.0,3.0,2.0,17.0,12.0,3.0,2.0,3.6,4.33,1.85,3.98,4.35,1.92
2023-01-21,Union Berlin,TSG Hoffenheim,3,1,H,23.0,10.0,5.0,5.0,11.0,13.0,9.0,4.0,2.25,3.4,3.2,2.29,3.6,3.38
2023-01-21,FC Cologne,Werder Bremen,7,1,H,15.0,4.0,7.0,2.0,10.0,14.0,2.0,2.0,2.25,3.8,2.9,2.28,3.9,3.12
2023-01-21,VfL Wolfsburg,SC Freiburg,6,0,H,13.0,9.0,11.0,1.0,11.0,12.0,0.0,5.0,2.55,3.4,2.75,2.6,3.6,2.88
2023-01-21,Ein Frankfurt,FC Schalke 04,3,0,H,11.0,18.0,3.0,4.0,14.0,10.0,5.0,4.0,1.36,5.0,8.5,1.41,5.5,8.5
2023-01-21,VfL Bochum,Hertha BSC,3,1,H,10.0,10.0,3.0,2.0,13.0,13.0,1.0,6.0,2.38,3.5,2.9,2.47,3.68,2.98
2023-01-21,VfB Stuttgart,FSV Mainz 05,1,1,D,16.0,12.0,4.0,2.0,15.0,17.0,3.0,5.0,2.4,3.5,2.88,2.46,3.7,3.03
2023-01-22,Borussia Dortmund,FC Augsburg,4,3,H,27.0,14.0,10.0,4.0,6.0,9.0,7.0,3.0,1.3,6.0,8.0,1.35,6.25,9.5
2023-01-22,Borussia Monchengladbach,Bayer Leverkusen,2,3,A,15.0,13.0,8.0,5.0,12.0,14.0,2.0,3.0,2.63,3.8,2.45,2.84,4.1,2.45
2023-01-24,TSG Hoffenheim,VfB Stuttgart,2,2,D,13.0,8.0,5.0,4.0,12.0,4.0,6.0,4.0,2.1,3.5,3.4,2.2,3.84,3.45
2023-01-24,FC Schalke 04,RB Leipzig,1,6,A,9.0,21.0,1.0,14.0,16.0,13.0,1.0,6.0,5.75,4.33,1.53,6.0,4.6,1.6
2023-01-24,Bayern Munich,FC Cologne,1,1,D,22.0,2.0,7.0,1.0,7.0,10.0,9.0,4.0,1.2,7.5,12.0,1.25,7.9,13.0
2023-01-24,Hertha BSC,VfL Wolfsburg,0,5,A,8.0,15.0,2.0,7.0,20.0,13.0,6.0,4.0,3.0,3.4,2.3,3.2,3.55,2.41
2023-01-25,SC Freiburg,Ein Frankfurt,1,1,D,12.0,4.0,5.0,2.0,15.0,15.0,4.0,3.0,2.5,3.5,2.7,2.64,3.68,2.84
2023-01-25,FC Augsburg,Borussia Monchengladbach,1,0,H,14.0,7.0,4.0,2.0,15.0,15.0,3.0,2.0,3.0,3.6,2.25,3.2,3.7,2.4
2023-01-25,Werder Bremen,Union Berlin,1,2,A,8.0,11.0,3.0,5.0,11.0,17.0,5.0,7.0,2.8,3.2,2.63,2.94,3.44,2.65
2023-01-25,FSV Mainz 05,Borussia Dortmund,1,2,A,12.0,12.0,4.0,6.0,15.0,7.0,2.0,3.0,2.9,3.6,2.3,3.01,3.82,2.41
2023-01-25,Bayer Leverkusen,VfL Bochum,2,0,H,11.0,9.0,4.0,2.0,15.0,14.0,3.0,4.0,1.4,5.25,6.5,1.49,5.25,7.5
2023-01-27,RB Leipzig,VfB Stuttgart,2,1,H,9.0,10.0,4.0,3.0,8.0,6.0,3.0,6.0,1.33,5.0,9.0,1.4,5.95,10.0
2023-01-28,SC Freiburg,FC Augsburg,3,1,H,15.0,16.0,9.0,4.0,14.0,9.0,3.0,7.0,1.5,4.5,6.25,1.56,4.7,6.6
2023-01-28,Hertha BSC,Union Berlin,0,2,A,10.0,7.0,3.0,3.0,12.0,13.0,3.0,2.0,3.5,3.25,2.2,3.76,3.46,2.25
2023-01-28,TSG Hoffenheim,Borussia Monchengladbach,1,4,A,15.0,10.0,5.0,5.0,23.0,10.0,4.0,3.0,2.0,3.9,3.4,2.11,4.12,3.45
2023-01-28,FSV Mainz 05,VfL Bochum,5,2,H,14.0,14.0,7.0,4.0,17.0,11.0,3.0,2.0,1.7,4.0,4.75,1.75,4.12,5.05
2023-01-28,Werder Bremen,VfL Wolfsburg,2,1,H,14.0,7.0,5.0,3.0,16.0,12.0,2.0,6.0,3.2,3.6,2.15,3.41,3.92,2.22
2023-01-28,Bayern Munich,Ein Frankfurt,1,1,D,14.0,7.0,6.0,1.0,6.0,4.0,7.0,6.0,1.33,6.0,7.5,1.37,6.55,8.8
2023-01-29,FC Schalke 04,FC Cologne,0,0,D,15.0,7.0,2.0,0.0,13.0,16.0,7.0,7.0,3.8,3.6,1.95,3.86,3.95,2.02
2023-01-29,Bayer Leverkusen,Borussia Dortmund,0,2,A,20.0,6.0,7.0,2.0,13.0,20.0,8.0,4.0,2.45,3.8,2.63,2.5,4.01,2.8
2023-02-03,FC Augsburg,Bayer Leverkusen,1,0,H,10.0,12.0,5.0,4.0,14.0,8.0,2.0,1.0,4.0,3.8,1.85,4.31,4.06,1.9
2023-02-04,FC Cologne,RB Leipzig,0,0,D,9.0,7.0,0.0,2.0,10.0,15.0,5.0,1.0,4.2,3.6,1.91,4.2,3.95,1.95
2023-02-04,Borussia Monchengladbach,FC Schalke 04,0,0,D,17.0,18.0,4.0,5.0,9.0,15.0,9.0,5.0,1.53,4.5,5.75,1.59,4.9,6.0
2023-02-04,Union Berlin,FSV Mainz 05,2,1,H,9.0,9.0,5.0,2.0,12.0,10.0,5.0,5.0,1.95,3.5,4.0,2.02,3.58,4.42
2023-02-04,Ein Frankfurt,Hertha BSC,3,0,H,10.0,13.0,4.0,3.0,12.0,10.0,7.0,1.0,1.45,4.5,6.5,1.52,4.8,7.0
2023-02-04,Borussia Dortmund,SC Freiburg,5,1,H,24.0,6.0,8.0,3.0,13.0,14.0,14.0,0.0,1.67,4.0,5.0,1.74,4.35,5.1
2023-02-04,VfL Bochum,TSG Hoffenheim,5,2,H,17.0,10.0,11.0,4.0,13.0,15.0,6.0,6.0,2.75,3.5,2.5,2.85,3.76,2.6
2023-02-05,VfB Stuttgart,Werder Bremen,0,2,A,16.0,9.0,5.0,4.0,8.0,17.0,8.0,4.0,2.0,3.6,3.6,2.11,3.9,3.6
2023-02-05,VfL Wolfsburg,Bayern Munich,2,4,A,19.0,9.0,5.0,4.0,10.0,9.0,7.0,4.0,5.25,4.5,1.57,5.3,4.8,1.65
2023-02-10,FC Schalke 04,VfL Wolfsburg,0,0,D,17.0,8.0,5.0,2.0,10.0,20.0,9.0,3.0,3.6,3.8,1.95,3.99,3.84,2.02
2023-02-11,RB Leipzig,Union Berlin,1,2,A,9.0,6.0,1.0,5.0,15.0,13.0,3.0,4.0,1.7,3.75,5.0,1.77,3.9,5.5
2023-02-11,Bayern Munich,VfL Bochum,3,0,H,25.0,7.0,12.0,1.0,10.0,12.0,6.0,3.0,1.11,10.0,17.0,1.16,11.0,23.0
2023-02-11,SC Freiburg,VfB Stuttgart,2,1,H,9.0,14.0,5.0,3.0,13.0,10.0,4.0,3.0,1.8,3.8,4.33,1.89,3.84,4.5
2023-02-11,TSG Hoffenheim,Bayer Leverkusen,1,3,A,11.0,12.0,6.0,5.0,15.0,9.0,5.0,8.0,2.88,3.6,2.38,3.01,3.83,2.41
2023-02-11,FSV Mainz 05,FC Augsburg,3,1,H,13.0,11.0,7.0,3.0,12.0,6.0,4.0,12.0,1.8,4.0,4.2,1.89,4.0,4.4
2023-02-11,Werder Bremen,Borussia Dortmund,0,2,A,8.0,17.0,3.0,9.0,7.0,7.0,3.0,7.0,4.0,4.0,1.8,4.12,4.5,1.85
2023-02-12,Hertha BSC,Borussia Monchengladbach,4,1,H,17.0,7.0,7.0,3.0,12.0,11.0,4.0,6.0,2.88,3.5,2.4,2.91,3.73,2.5
2023-02-12,FC Cologne,Ein Frankfurt,3,0,H,9.0,7.0,4.0,1.0,15.0,11.0,3.0,9.0,2.7,3.5,2.5,2.8,3.76,2.66
2023-02-17,FC Augsburg,TSG Hoffenheim,1,0,H,16.0,8.0,3.0,2.0,13.0,14.0,6.0,1.0,2.7,3.5,2.6,2.76,3.76,2.65
2023-02-18,VfL Bochum,SC Freiburg,0,2,A,15.0,15.0,6.0,5.0,15.0,10.0,5.0,5.0,3.1,3.5,2.25,3.23,3.65,2.36
2023-02-18,VfB Stuttgart,FC Cologne,3,0,H,18.0,11.0,7.0,4.0,10.0,12.0,3.0,6.0,2.45,3.4,2.88,2.5,3.59,3.0
2023-02-18,Ein Frankfurt,Werder Bremen,2,0,H,11.0,3.0,6.0,0.0,15.0,9.0,5.0,2.0,1.62,4.2,5.25,1.64,4.6,5.4
2023-02-18,Borussia Monchengladbach,Bayern Munich,3,2,H,17.0,13.0,7.0,4.0,9.0,9.0,4.0,0.0,7.0,5.75,1.36,7.5,6.0,1.43
2023-02-18,VfL Wolfsburg,RB Leipzig,0,3,A,7.0,17.0,2.0,5.0,16.0,15.0,2.0,5.0,3.3,3.6,2.15,3.38,3.74,2.23
2023-02-19,Bayer Leverkusen,FSV Mainz 05,2,3,A,17.0,12.0,7.0,7.0,14.0,19.0,4.0,5.0,1.8,3.8,4.2,1.88,4.1,4.3
2023-02-19,Union Berlin,FC Schalke 04,0,0,D,9.0,6.0,4.0,2.0,13.0,19.0,6.0,4.0,1.6,3.8,6.0,1.63,4.0,6.75
2023-02-19,Borussia Dortmund,Hertha BSC,4,1,H,12.0,15.0,5.0,8.0,8.0,15.0,3.0,4.0,1.33,5.5,8.5,1.37,6.0,9.5
2023-02-24,FSV Mainz 05,Borussia Monchengladbach,4,0,H,14.0,8.0,8.0,2.0,17.0,6.0,3.0,3.0,2.15,3.6,3.2,2.2,3.78,3.45
2023-02-25,Hertha BSC,FC Augsburg,2,0,H,11.0,9.0,3.0,2.0,16.0,19.0,1.0,6.0,2.1,3.6,3.25,2.2,3.77,3.47
2023-02-25,TSG Hoffenheim,Borussia Dortmund,0,1,A,13.0,23.0,4.0,11.0,11.0,7.0,12.0,11.0,4.0,4.2,1.75,4.33,4.5,1.81
2023-02-25,RB Leipzig,Ein Frankfurt,2,1,H,10.0,8.0,5.0,4.0,11.0,11.0,2.0,6.0,1.7,4.0,4.6,1.75,4.3,4.8
2023-02-25,Werder Bremen,VfL Bochum,3,0,H,12.0,9.0,6.0,2.0,16.0,16.0,2.0,0.0,2.0,3.8,3.6,2.07,3.82,3.74
2023-02-25,FC Schalke 04,VfB Stuttgart,2,1,H,11.0,17.0,6.0,5.0,12.0,13.0,6.0,9.0,3.0,3.4,2.45,3.05,3.5,2.52
2023-02-25,FC Cologne,VfL Wolfsburg,0,2,A,11.0,6.0,5.0,4.0,9.0,16.0,10.0,2.0,2.3,3.5,3.0,2.43,3.6,3.11
2023-02-26,SC Freiburg,Bayer Leverkusen,1,1,D,9.0,16.0,4.0,4.0,14.0,13.0,1.0,3.0,2.15,3.5,3.25,2.25,3.74,3.34
2023-02-26,Bayern Munich,Union Berlin,3,0,H,19.0,4.0,10.0,1.0,8.0,9.0,10.0,4.0,1.33,5.25,9.0,1.36,5.9,10.0
2023-03-03,Borussia Dortmund,RB Leipzig,2,1,H,8.0,14.0,3.0,6.0,8.0,20.0,4.0,6.0,2.2,3.5,3.2,2.3,3.78,3.32
2023-03-04,VfB Stuttgart,Bayern Munich,1,2,A,11.0,13.0,4.0,6.0,6.0,12.0,3.0,6.0,7.0,5.25,1.4,7.0,5.4,1.49
2023-03-04,FC Augsburg,Werder Bremen,2,1,H,9.0,17.0,5.0,8.0,10.0,9.0,3.0,7.0,2.3,3.5,3.0,2.4,3.69,3.09
2023-03-04,VfL Bochum,FC Schalke 04,0,2,A,6.0,9.0,4.0,5.0,17.0,11.0,4.0,4.0,2.3,3.4,3.1,2.47,3.56,3.1
2023-03-04,FSV Mainz 05,TSG Hoffenheim,1,0,H,16.0,15.0,6.0,4.0,12.0,15.0,11.0,3.0,1.91,3.6,4.0,1.96,3.93,4.0
2023-03-04,Borussia Monchengladbach,SC Freiburg,0,0,D,10.0,8.0,4.0,3.0,11.0,15.0,6.0,5.0,2.4,3.6,2.8,2.56,3.65,2.88
2023-03-04,Union Berlin,FC Cologne,0,0,D,8.0,12.0,2.0,4.0,9.0,10.0,5.0,4.0,1.91,3.4,4.33,1.96,3.5,4.6
2023-03-05,Bayer Leverkusen,Hertha BSC,4,1,H,18.0,7.0,9.0,2.0,11.0,14.0,9.0,2.0,1.53,4.2,6.0,1.59,4.6,6.0
2023-03-05,VfL Wolfsburg,Ein Frankfurt,2,2,D,13.0,10.0,8.0,2.0,11.0,16.0,4.0,5.0,2.45,3.5,2.8,2.51,3.7,2.94
2023-03-10,FC Cologne,VfL Bochum,0,2,A,11.0,9.0,5.0,3.0,9.0,14.0,10.0,1.0,1.73,3.75,4.75,1.82,3.95,5.0
2023-03-11,Bayern Munich,FC Augsburg,5,3,H,24.0,13.0,9.0,6.0,8.0,10.0,8.0,5.0,1.13,9.0,19.0,1.16,11.0,21.0
2023-03-11,Ein Frankfurt,VfB Stuttgart,1,1,D,10.0,9.0,1.0,5.0,16.0,11.0,3.0,2.0,1.8,4.0,4.2,1.88,4.0,4.33
2023-03-11,Hertha BSC,FSV Mainz 05,1,1,D,9.0,6.0,4.0,3.0,10.0,15.0,7.0,8.0,2.9,3.4,2.45,2.99,3.57,2.52
2023-03-11,RB Leipzig,Borussia Monchengladbach,3,0,H,14.0,7.0,9.0,3.0,9.0,9.0,11.0,0.0,1.4,5.0,7.0,1.46,5.4,7.8
2023-03-11,FC Schalke 04,Borussia Dortmund,2,2,D,10.0,20.0,5.0,8.0,16.0,8.0,3.0,6.0,4.5,4.0,1.73,4.83,4.4,1.76
2023-03-12,SC Freiburg,TSG Hoffenheim,2,1,H,9.0,12.0,3.0,1.0,11.0,25.0,2.0,2.0,1.91,3.6,4.0,2.0,3.8,4.1
2023-03-12,Werder Bremen,Bayer Leverkusen,2,3,A,12.0,13.0,6.0,5.0,12.0,12.0,2.0,3.0,3.3,3.75,2.1,3.34,3.94,2.18
2023-03-12,VfL Wolfsburg,Union Berlin,1,1,D,15.0,11.0,6.0,2.0,11.0,14.0,3.0,5.0,2.25,3.25,3.3,2.33,3.35,3.64
2023-03-17,Borussia Monchengladbach,Werder Bremen,2,2,D,21.0,6.0,9.0,3.0,9.0,12.0,6.0,5.0,1.8,4.0,4.2,1.9,4.1,4.4
2023-03-18,VfL Bochum,RB Leipzig,1,0,H,8.0,21.0,2.0,8.0,10.0,8.0,2.0,7.0,5.5,4.33,1.55,6.2,4.6,1.61
2023-03-18,TSG Hoffenheim,Hertha BSC,3,1,H,15.0,11.0,7.0,5.0,10.0,11.0,8.0,9.0,2.05,3.5,3.5,2.15,3.72,3.61
2023-03-18,VfB Stuttgart,VfL Wolfsburg,0,1,A,12.0,9.0,2.0,3.0,10.0,8.0,3.0,8.0,2.38,3.4,2.9,2.48,3.56,3.05
2023-03-18,Borussia Dortmund,FC Cologne,6,1,H,11.0,11.0,8.0,5.0,7.0,10.0,1.0,6.0,1.45,4.75,6.5,1.49,5.2,7.0
2023-03-18,FC Augsburg,FC Schalke 04,1,1,D,9.0,13.0,3.0,5.0,11.0,14.0,9.0,6.0,2.3,3.4,3.1,2.4,3.52,3.21
2023-03-19,Union Berlin,Ein Frankfurt,2,0,H,14.0,19.0,3.0,4.0,19.0,15.0,3.0,7.0,2.38,3.2,3.2,2.47,3.3,3.32
2023-03-19,Bayer Leverkusen,Bayern Munich,2,1,H,12.0,11.0,6.0,6.0,10.0,11.0,5.0,3.0,5.25,4.5,1.55,5.35,5.2,1.63
2023-03-19,FSV Mainz 05,SC Freiburg,1,1,D,10.0,11.0,6.0,5.0,18.0,10.0,3.0,5.0,2.1,3.5,3.3,2.21,3.6,3.59
2023-03-31,Ein Frankfurt,VfL Bochum,1,1,D,18.0,8.0,7.0,2.0,14.0,13.0,15.0,2.0,1.5,4.33,6.5,1.57,4.6,6.7
2023-04-01,RB Leipzig,FSV Mainz 05,0,3,A,12.0,19.0,3.0,7.0,13.0,20.0,3.0,4.0,1.53,4.5,5.5,1.57,4.7,6.5
2023-04-01,Bayern Munich,Borussia Dortmund,4,2,H,16.0,10.0,9.0,4.0,11.0,7.0,6.0,2.0,1.45,5.0,6.0,1.55,5.5,6.0
2023-04-01,VfL Wolfsburg,FC Augsburg,2,2,D,23.0,5.0,5.0,2.0,9.0,15.0,4.0,7.0,1.62,4.0,5.5,1.67,4.35,5.5
2023-04-01,SC Freiburg,Hertha BSC,1,1,D,16.0,10.0,8.0,3.0,7.0,11.0,2.0,2.0,1.62,4.0,5.5,1.72,4.1,5.6
2023-04-01,FC Schalke 04,Bayer Leverkusen,0,3,A,12.0,18.0,3.0,10.0,20.0,13.0,7.0,5.0,3.8,3.75,1.91,4.2,3.83,1.96
2023-04-01,Union Berlin,VfB Stuttgart,3,0,H,13.0,17.0,5.0,8.0,11.0,12.0,3.0,5.0,2.05,3.2,3.9,2.15,3.4,4.1
2023-04-02,FC Cologne,Borussia Monchengladbach,0,0,D,12.0,8.0,5.0,2.0,18.0,8.0,11.0,1.0,2.25,3.6,3.0,2.28,3.83,3.24
2023-04-02,Werder Bremen,TSG Hoffenheim,1,2,A,12.0,8.0,5.0,2.0,11.0,16.0,1.0,6.0,2.3,3.5,3.0,2.41,3.83,3.0
2023-04-08,FC Augsburg,FC Cologne,1,3,A,13.0,11.0,1.0,5.0,5.0,11.0,6.0,1.0,2.8,3.4,2.55,2.88,3.66,2.6
2023-04-08,Borussia Dortmund,Union Berlin,2,1,H,14.0,7.0,6.0,2.0,8.0,11.0,8.0,0.0,1.6,4.0,5.75,1.65,4.3,6.2
2023-04-08,Bayer Leverkusen,Ein Frankfurt,3,1,H,13.0,9.0,8.0,3.0,9.0,13.0,2.0,5.0,1.8,4.0,4.0,1.88,4.2,4.2
2023-04-08,FSV Mainz 05,Werder Bremen,2,2,D,16.0,9.0,10.0,4.0,11.0,22.0,1.0,2.0,1.7,4.0,4.75,1.78,4.2,4.8
2023-04-08,Hertha BSC,RB Leipzig,0,1,A,11.0,18.0,1.0,6.0,12.0,13.0,4.0,4.0,5.5,4.0,1.62,5.51,4.33,1.66
2023-04-08,SC Freiburg,Bayern Munich,0,1,A,10.0,23.0,2.0,8.0,10.0,14.0,2.0,6.0,6.5,5.0,1.45,6.9,5.3,1.5
2023-04-09,Borussia Monchengladbach,VfL Wolfsburg,2,0,H,13.0,9.0,6.0,2.0,12.0,11.0,5.0,8.0,2.38,3.6,2.88,2.47,3.8,2.95
2023-04-09,VfL Bochum,VfB Stuttgart,2,3,A,11.0,14.0,5.0,7.0,12.0,8.0,7.0,4.0,3.1,3.5,2.25,3.11,3.58,2.45
2023-04-09,TSG Hoffenheim,FC Schalke 04,2,0,H,15.0,10.0,4.0,3.0,14.0,13.0,9.0,8.0,1.91,3.8,3.8,1.98,4.0,3.91
2023-04-14,FC Schalke 04,Hertha BSC,5,2,H,14.0,11.0,7.0,5.0,12.0,19.0,7.0,8.0,2.25,3.3,3.2,2.4,3.44,3.36
2023-04-15,Ein Frankfurt,Borussia Monchengladbach,1,1,D,16.0,4.0,5.0,2.0,16.0,5.0,10.0,2.0,1.73,4.2,4.33,1.8,4.33,4.76
2023-04-15,VfB Stuttgart,Borussia Dortmund,3,3,D,12.0,15.0,5.0,6.0,7.0,14.0,5.0,7.0,3.5,3.8,1.95,3.72,4.0,2.08
2023-04-15,FC Cologne,FSV Mainz 05,1,1,D,12.0,5.0,4.0,1.0,10.0,15.0,3.0,3.0,2.55,3.4,2.7,2.72,3.51,2.84
2023-04-15,Bayern Munich,TSG Hoffenheim,1,1,D,22.0,4.0,7.0,3.0,7.0,10.0,13.0,4.0,1.22,7.5,11.0,1.24,8.4,13.0
2023-04-15,RB Leipzig,FC Augsburg,3,2,H,13.0,14.0,6.0,3.0,8.0,11.0,3.0,5.0,1.25,6.5,10.0,1.28,7.0,12.0
2023-04-16,Werder Bremen,SC Freiburg,1,2,A,13.0,6.0,5.0,3.0,13.0,12.0,5.0,2.0,2.7,3.5,2.55,2.8,3.67,2.66
2023-04-16,Union Berlin,VfL Bochum,1,1,D,10.0,14.0,2.0,8.0,10.0,7.0,5.0,7.0,1.6,3.8,6.0,1.67,4.0,6.4
2023-04-16,VfL Wolfsburg,Bayer Leverkusen,0,0,D,11.0,13.0,3.0,4.0,10.0,17.0,2.0,6.0,2.75,3.6,2.4,2.91,3.84,2.52
2023-04-21,FC Augsburg,VfB Stuttgart,1,1,D,4.0,6.0,1.0,3.0,17.0,12.0,1.0,3.0,3.2,3.6,2.15,3.45,3.83,2.26
2023-04-22,FSV Mainz 05,Bayern Munich,3,1,H,13.0,11.0,4.0,2.0,14.0,6.0,2.0,7.0,5.25,4.5,1.57,5.5,4.8,1.61
2023-04-22,Borussia Dortmund,Ein Frankfurt,4,0,H,14.0,9.0,7.0,2.0,10.0,13.0,5.0,2.0,1.62,4.5,4.75,1.68,4.8,5.3
2023-04-22,Hertha BSC,Werder Bremen,2,4,A,13.0,11.0,5.0,4.0,11.0,12.0,8.0,4.0,2.25,3.5,3.1,2.35,3.65,3.19
2023-04-22,VfL Bochum,VfL Wolfsburg,1,5,A,23.0,15.0,6.0,7.0,11.0,8.0,10.0,3.0,3.0,3.5,2.3,3.11,3.71,2.38
2023-04-22,TSG Hoffenheim,FC Cologne,1,3,A,11.0,14.0,4.0,7.0,11.0,11.0,2.0,5.0,2.2,3.5,3.2,2.27,3.74,3.34
2023-04-23,SC Freiburg,FC Schalke 04,4,0,H,25.0,10.0,12.0,4.0,9.0,10.0,6.0,5.0,1.8,3.75,4.5,1.84,3.8,4.9
2023-04-23,Bayer Leverkusen,RB Leipzig,2,0,H,8.0,26.0,6.0,8.0,10.0,9.0,0.0,9.0,2.5,3.6,2.63,2.65,3.83,2.73
2023-04-23,Borussia Monchengladbach,Union Berlin,0,1,A,8.0,14.0,4.0,4.0,10.0,12.0,2.0,2.0,2.38,3.3,3.1,2.45,3.45,3.19
2023-04-28,VfL Bochum,Borussia Dortmund,1,1,D,10.0,21.0,4.0,6.0,13.0,9.0,4.0,11.0,6.0,5.25,1.44,7.0,5.5,1.5
2023-04-29,Ein Frankfurt,FC Augsburg,1,1,D,7.0,9.0,1.0,3.0,6.0,11.0,5.0,7.0,1.53,4.5,5.5,1.63,4.75,6.0
2023-04-29,FC Cologne,SC Freiburg,0,1,A,21.0,12.0,8.0,6.0,15.0,7.0,9.0,6.0,2.4,3.25,3.0,2.53,3.45,3.1
2023-04-29,RB Leipzig,TSG Hoffenheim,1,0,H,16.0,5.0,2.0,2.0,9.0,14.0,7.0,1.0,1.44,5.0,6.5,1.46,5.5,7.5
2023-04-29,VfB Stuttgart,Borussia Monchengladbach,2,1,H,18.0,9.0,5.0,4.0,11.0,14.0,5.0,8.0,1.8,4.0,4.2,1.9,4.1,4.27
2023-04-29,Union Berlin,Bayer Leverkusen,0,0,D,7.0,8.0,1.0,2.0,9.0,8.0,6.0,4.0,2.8,3.4,2.45,3.02,3.5,2.61
2023-04-29,FC Schalke 04,Werder Bremen,2,1,H,21.0,11.0,10.0,1.0,9.0,17.0,11.0,3.0,2.25,3.5,3.1,2.35,3.68,3.23
2023-04-30,Bayern Munich,Hertha BSC,2,0,H,25.0,2.0,9.0,1.0,5.0,8.0,18.0,1.0,1.11,10.0,19.0,1.15,11.0,23.0
2023-04-30,VfL Wolfsburg,FSV Mainz 05,3,0,H,10.0,10.0,4.0,2.0,6.0,10.0,3.0,5.0,2.2,3.5,3.1,2.35,3.65,3.2
2023-05-05,Bayer Leverkusen,FC Cologne,1,2,A,14.0,7.0,4.0,5.0,8.0,13.0,9.0,2.0,1.67,4.0,5.0,1.73,4.2,5.45
2023-05-05,FSV Mainz 05,FC Schalke 04,2,3,A,9.0,15.0,4.0,10.0,12.0,10.0,7.0,6.0,1.62,4.0,5.25,1.7,4.2,5.7
2023-05-06,FC Augsburg,Union Berlin,1,0,H,11.0,12.0,3.0,4.0,10.0,14.0,3.0,7.0,3.4,3.25,2.2,3.59,3.35,2.31
2023-05-06,SC Freiburg,RB Leipzig,0,1,A,5.0,13.0,2.0,6.0,9.0,11.0,3.0,3.0,4.0,3.75,1.85,4.1,3.8,1.97
2023-05-06,Hertha BSC,VfB Stuttgart,2,1,H,7.0,16.0,3.0,4.0,9.0,19.0,3.0,5.0,3.1,3.5,2.25,3.19,3.7,2.35
2023-05-06,TSG Hoffenheim,Ein Frankfurt,3,1,H,8.0,19.0,5.0,6.0,17.0,14.0,1.0,11.0,2.3,3.6,2.9,2.4,3.8,3.05
2023-05-06,Borussia Monchengladbach,VfL Bochum,2,0,H,25.0,14.0,9.0,3.0,7.0,13.0,11.0,3.0,1.85,3.8,4.0,1.95,4.1,4.0
2023-05-06,Werder Bremen,Bayern Munich,1,2,A,12.0,12.0,2.0,4.0,14.0,11.0,1.0,11.0,8.5,6.0,1.3,9.0,6.6,1.35
2023-05-07,Borussia Dortmund,VfL Wolfsburg,6,0,H,20.0,10.0,10.0,3.0,11.0,14.0,10.0,6.0,1.44,5.25,5.75,1.56,5.3,6.05
2023-05-12,FC Cologne,Hertha BSC,5,2,H,28.0,9.0,15.0,3.0,11.0,14.0,12.0,3.0,1.85,3.75,4.0,1.95,3.94,4.3
2023-05-13,Borussia Dortmund,Borussia Monchengladbach,5,2,H,33.0,13.0,13.0,8.0,10.0,12.0,10.0,4.0,1.25,6.5,10.0,1.28,7.7,12.0
2023-05-13,VfL Wolfsburg,TSG Hoffenheim,2,1,H,8.0,10.0,3.0,2.0,17.0,12.0,3.0,7.0,1.91,3.75,3.8,1.97,4.2,3.83
2023-05-13,Bayern Munich,FC Schalke 04,6,0,H,23.0,8.0,14.0,0.0,10.0,10.0,4.0,3.0,1.13,10.0,17.0,1.15,11.0,23.0
2023-05-13,Ein Frankfurt,FSV Mainz 05,3,0,H,17.0,10.0,7.0,4.0,4.0,10.0,5.0,1.0,2.1,3.6,3.3,2.18,3.81,3.5
2023-05-13,VfL Bochum,FC Augsburg,3,2,H,15.0,12.0,8.0,2.0,13.0,16.0,7.0,7.0,2.1,3.6,3.3,2.23,3.7,3.41
2023-05-13,Union Berlin,SC Freiburg,4,2,H,10.0,13.0,4.0,8.0,18.0,13.0,1.0,7.0,2.2,3.2,3.5,2.26,3.26,3.85
2023-05-14,VfB Stuttgart,Bayer Leverkusen,1,1,D,9.0,12.0,1.0,3.0,7.0,14.0,7.0,3.0,2.5,3.4,2.75,2.56,3.75,2.85
2023-05-14,RB Leipzig,Werder Bremen,2,1,H,20.0,6.0,7.0,2.0,12.0,20.0,3.0,2.0,1.25,6.5,10.0,1.28,7.2,12.0
2023-05-19,SC Freiburg,VfL Wolfsburg,2,0,H,16.0,9.0,7.0,2.0,15.0,16.0,4.0,4.0,2.0,3.8,3.4,2.1,3.92,3.8
2023-05-20,Bayern Munich,RB Leipzig,1,3,A,17.0,16.0,4.0,8.0,8.0,11.0,7.0,2.0,1.5,5.0,5.5,1.55,5.35,6.25
2023-05-20,Werder Bremen,FC Cologne,1,1,D,13.0,13.0,6.0,4.0,10.0,9.0,4.0,9.0,2.6,3.6,2.55,2.66,3.93,2.66
2023-05-20,Hertha BSC,VfL Bochum,1,1,D,14.0,17.0,4.0,6.0,7.0,10.0,9.0,5.0,2.2,3.6,3.1,2.3,3.9,3.2
2023-05-20,TSG Hoffenheim,Union Berlin,4,2,H,10.0,20.0,5.0,4.0,15.0,15.0,1.0,5.0,2.5,3.4,2.8,2.6,3.6,2.9
2023-05-20,FC Schalke 04,Ein Frankfurt,2,2,D,11.0,6.0,4.0,3.0,11.0,16.0,8.0,3.0,3.0,3.6,2.25,3.03,3.91,2.4
2023-05-21,FSV Mainz 05,VfB Stuttgart,1,4,A,9.0,8.0,6.0,6.0,18.0,11.0,6.0,3.0,2.5,3.5,2.7,2.61,3.75,2.8
2023-05-21,FC Augsburg,Borussia Dortmund,0,3,A,4.0,28.0,1.0,10.0,12.0,9.0,3.0,8.0,7.0,5.5,1.36,7.1,6.0,1.44
2023-05-21,Bayer Leverkusen,Borussia Monchengladbach,2,2,D,13.0,9.0,6.0,5.0,12.0,15.0,2.0,3.0,1.45,5.25,5.75,1.51,5.4,6.5
2023-05-27,VfL Wolfsburg,Hertha BSC,1,2,A,19.0,9.0,9.0,5.0,9.0,18.0,7.0,3.0,1.36,5.25,8.0,1.38,6.25,8.7
2023-05-27,Union Berlin,Werder Bremen,1,0,H,16.0,7.0,4.0,4.0,9.0,10.0,15.0,1.0,1.44,4.75,7.0,1.49,5.1,7.5
2023-05-27,VfB Stuttgart,TSG Hoffenheim,1,1,D,19.0,8.0,4.0,2.0,12.0,10.0,9.0,2.0,1.57,4.75,5.0,1.65,5.0,5.5
2023-05-27,RB Leipzig,FC Schalke 04,4,2,H,19.0,16.0,12.0,4.0,13.0,11.0,4.0,5.0,1.6,4.5,4.75,1.66,4.9,5.0
2023-05-27,Borussia Monchengladbach,FC Augsburg,2,0,H,17.0,9.0,7.0,3.0,5.0,19.0,4.0,4.0,2.2,3.8,3.0,2.26,4.2,3.2
2023-05-27,Ein Frankfurt,SC Freiburg,2,1,H,14.0,13.0,8.0,7.0,13.0,10.0,3.0,6.0,2.4,3.75,2.7,2.5,4.0,2.91
2023-05-27,Borussia Dortmund,FSV Mainz 05,2,2,D,30.0,10.0,12.0,4.0,5.0,14.0,6.0,3.0,1.14,8.5,15.0,1.19,11.0,18.0
2023-05-27,VfL Bochum,Bayer Leverkusen,3,0,H,10.0,11.0,5.0,2.0,12.0,12.0,2.0,5.0,3.25,4.0,2.0,3.49,4.3,2.1
2023-05-27,FC Cologne,Bayern Munich,1,2,A,9.0,11.0,3.0,3.0,11.0,8.0,7.0,3.0,7.5,6.0,1.3,9.0,6.6,1.37
2023-08-18,Werder Bremen,Bayern Munich,0,4,A,6.0,25.0,1.0,10.0,16.0,11.0,0.0,6.0,7.5,6.5,1.3,9.5,6.5,1.4
2023-08-19,Borussia Dortmund,FC Cologne,1,0,H,12.0,11.0,2.0,4.0,13.0,11.0,6.0,3.0,1.4,5.0,7.0,1.44,5.6,8.0
2023-08-19,VfB Stuttgart,VfL Bochum,5,0,H,19.0,4.0,9.0,1.0,5.0,12.0,7.0,0.0,1.65,4.33,4.5,1.77,4.4,5.0
2023-08-19,VfL Wolfsburg,1. FC Heidenheim,2,0,H,18.0,13.0,8.0,1.0,10.0,9.0,1.0,7.0,1.6,4.2,5.25,1.66,4.6,5.5
2023-08-19,TSG Hoffenheim,SC Freiburg,1,2,A,24.0,17.0,5.0,8.0,9.0,9.0,4.0,2.0,2.3,3.6,2.9,2.5,3.85,3.1
2023-08-19,Bayer Leverkusen,RB Leipzig,3,2,H,11.0,13.0,7.0,6.0,13.0,10.0,4.0,5.0,2.45,3.6,2.75,2.56,3.75,2.91
2023-08-19,FC Augsburg,Borussia Monchengladbach,4,4,D,20.0,9.0,8.0,6.0,9.0,14.0,8.0,7.0,2.7,3.6,2.45,2.8,3.88,2.54
2023-08-20,Union Berlin,FSV Mainz 05,4,1,H,12.0,9.0,7.0,3.0,15.0,16.0,3.0,1.0,1.95,3.5,3.9,2.06,3.63,4.1
2023-08-20,Ein Frankfurt,SV Darmstadt 98,1,0,H,10.0,11.0,4.0,2.0,9.0,14.0,7.0,3.0,1.36,5.25,7.5,1.43,5.6,8.5
2023-08-25,RB Leipzig,VfB Stuttgart,5,1,H,20.0,8.0,11.0,3.0,12.0,10.0,4.0,4.0,1.5,4.75,5.75,1.56,5.0,6.71
2023-08-26,Borussia Monchengladbach,Bayer Leverkusen,0,3,A,13.0,24.0,2.0,10.0,7.0,8.0,5.0,8.0,3.8,3.8,1.85,3.9,4.35,1.95
2023-08-26,SC Freiburg,Werder Bremen,1,0,H,23.0,16.0,6.0,2.0,9.0,8.0,5.0,5.0,1.7,3.75,4.75,1.76,4.24,5.0
2023-08-26,1. FC Heidenheim,TSG Hoffenheim,2,3,A,19.0,16.0,9.0,6.0,13.0,9.0,10.0,6.0,3.0,3.6,2.25,3.1,3.92,2.36
2023-08-26,SV Darmstadt 98,Union Berlin,1,4,A,18.0,12.0,6.0,6.0,15.0,12.0,3.0,5.0,4.0,3.3,1.95,4.2,3.63,2.1
2023-08-26,VfL Bochum,Borussia Dortmund,1,1,D,17.0,13.0,6.0,3.0,21.0,7.0,5.0,4.0,7.0,5.0,1.4,7.0,5.75,1.46
2023-08-26,FC Cologne,VfL Wolfsburg,1,2,A,14.0,9.0,2.0,6.0,6.0,10.0,6.0,1.0,2.3,3.4,3.0,2.42,3.73,3.1
2023-08-27,FSV Mainz 05,Ein Frankfurt,1,1,D,13.0,8.0,7.0,2.0,23.0,12.0,5.0,4.0,2.38,3.5,2.88,2.51,3.78,2.96
2023-08-27,Bayern Munich,FC Augsburg,3,1,H,19.0,11.0,6.0,2.0,13.0,8.0,10.0,4.0,1.08,12.0,19.0,1.11,17.0,34.0
2023-09-01,Borussia Dortmund,1. FC Heidenheim,2,2,D,20.0,15.0,9.0,6.0,9.0,22.0,3.0,6.0,1.25,7.0,9.5,1.3,7.5,11.1
2023-09-02,Borussia Monchengladbach,Bayern Munich,1,2,A,8.0,25.0,3.0,9.0,5.0,20.0,1.0,15.0,8.5,5.75,1.3,9.5,7.0,1.37
2023-09-02,FC Augsburg,VfL Bochum,2,2,D,11.0,22.0,3.0,9.0,15.0,13.0,3.0,5.0,2.0,3.75,3.75,2.11,3.85,3.75
2023-09-02,TSG Hoffenheim,VfL Wolfsburg,3,1,H,11.0,14.0,5.0,7.0,12.0,15.0,3.0,3.0,2.5,3.6,2.63,2.55,3.98,2.76
2023-09-02,Bayer Leverkusen,SV Darmstadt 98,5,1,H,24.0,5.0,13.0,1.0,8.0,11.0,4.0,2.0,1.2,7.0,12.0,1.22,8.3,16.0
2023-09-02,VfB Stuttgart,SC Freiburg,5,0,H,13.0,11.0,6.0,5.0,9.0,10.0,2.0,4.0,2.2,3.5,3.2,2.26,3.87,3.35
2023-09-02,Werder Bremen,FSV Mainz 05,4,0,H,12.0,12.0,6.0,3.0,18.0,14.0,1.0,7.0,2.63,3.5,2.55,2.82,3.75,2.63
2023-09-03,Union Berlin,RB Leipzig,0,3,A,4.0,15.0,1.0,8.0,16.0,9.0,3.0,7.0,3.4,3.25,2.2,3.4,3.64,2.33
2023-09-03,Ein Frankfurt,FC Cologne,1,1,D,12.0,6.0,4.0,2.0,10.0,10.0,8.0,1.0,2.1,3.4,3.5,2.21,3.66,3.6
2023-09-15,Bayern Munich,Bayer Leverkusen,2,2,D,15.0,12.0,9.0,5.0,6.0,6.0,7.0,4.0,1.65,4.5,4.5,1.67,4.95,5.0
2023-09-16,FC Cologne,TSG Hoffenheim,1,3,A,17.0,17.0,7.0,5.0,15.0,14.0,13.0,4.0,2.25,3.6,3.1,2.29,3.95,3.16
2023-09-16,SC Freiburg,Borussia Dortmund,2,4,A,14.0,14.0,4.0,6.0,12.0,16.0,6.0,8.0,3.1,3.8,2.1,3.29,4.08,2.22
2023-09-16,FSV Mainz 05,VfB Stuttgart,1,3,A,15.0,16.0,3.0,6.0,12.0,9.0,6.0,4.0,2.63,3.4,2.7,2.65,3.78,2.75
2023-09-16,RB Leipzig,FC Augsburg,3,0,H,9.0,16.0,6.0,4.0,16.0,12.0,1.0,6.0,1.25,7.0,10.0,1.26,7.6,13.0
2023-09-16,VfL Wolfsburg,Union Berlin,2,1,H,8.0,17.0,3.0,5.0,6.0,8.0,3.0,7.0,2.25,3.4,3.2,2.3,3.62,3.33
2023-09-16,VfL Bochum,Ein Frankfurt,1,1,D,24.0,8.0,10.0,6.0,13.0,14.0,8.0,2.0,2.88,3.6,2.38,3.01,3.78,2.45
2023-09-17,1. FC Heidenheim,Werder Bremen,4,2,H,19.0,11.0,4.0,4.0,21.0,9.0,10.0,1.0,2.3,4.0,2.7,2.42,4.0,2.92
2023-09-17,SV Darmstadt 98,Borussia Monchengladbach,3,3,D,15.0,21.0,8.0,10.0,12.0,8.0,6.0,6.0,2.9,3.5,2.38,3.06,3.79,2.39
2023-09-22,VfB Stuttgart,SV Darmstadt 98,3,1,H,18.0,3.0,11.0,0.0,7.0,12.0,5.0,4.0,1.36,4.5,8.0,1.42,5.5,8.5
2023-09-23,Werder Bremen,FC Cologne,2,1,H,17.0,13.0,6.0,5.0,18.0,16.0,9.0,8.0,2.5,3.6,2.6,2.6,3.74,2.78
2023-09-23,Union Berlin,TSG Hoffenheim,0,2,A,22.0,11.0,6.0,4.0,11.0,13.0,11.0,6.0,2.05,3.6,3.4,2.18,3.8,3.45
2023-09-23,Borussia Monchengladbach,RB Leipzig,0,1,A,13.0,8.0,1.0,4.0,14.0,7.0,11.0,6.0,4.75,4.75,1.57,5.4,5.0,1.63
2023-09-23,FC Augsburg,FSV Mainz 05,2,1,H,6.0,13.0,3.0,3.0,16.0,14.0,3.0,4.0,2.55,3.5,2.63,2.68,3.76,2.69
2023-09-23,Bayern Munich,VfL Bochum,7,0,H,26.0,4.0,16.0,1.0,8.0,10.0,8.0,1.0,1.11,10.0,19.0,1.14,14.0,26.0
2023-09-23,Borussia Dortmund,VfL Wolfsburg,1,0,H,18.0,8.0,4.0,2.0,9.0,14.0,5.0,3.0,1.65,4.0,4.75,1.74,4.6,4.8
2023-09-24,Bayer Leverkusen,1. FC Heidenheim,4,1,H,20.0,1.0,10.0,1.0,9.0,10.0,7.0,2.0,1.22,6.5,12.0,1.26,7.8,12.0
2023-09-24,Ein Frankfurt,SC Freiburg,0,0,D,13.0,9.0,5.0,2.0,12.0,5.0,7.0,3.0,2.05,3.6,3.4,2.17,3.75,3.7
2023-09-29,TSG Hoffenheim,Borussia Dortmund,1,3,A,15.0,6.0,5.0,5.0,14.0,16.0,4.0,3.0,3.1,4.0,2.05,3.23,4.3,2.15
2023-09-30,FSV Mainz 05,Bayer Leverkusen,0,3,A,10.0,6.0,3.0,3.0,13.0,11.0,3.0,1.0,5.75,4.5,1.53,6.2,4.8,1.59
2023-09-30,1. FC Heidenheim,Union Berlin,1,0,H,9.0,19.0,4.0,8.0,11.0,14.0,5.0,7.0,3.0,3.6,2.25,3.25,3.78,2.34
2023-09-30,VfL Wolfsburg,Ein Frankfurt,2,0,H,19.0,7.0,7.0,3.0,11.0,18.0,7.0,4.0,2.05,3.5,3.5,2.16,3.71,3.73
2023-09-30,VfL Bochum,Borussia Monchengladbach,1,3,A,23.0,25.0,5.0,9.0,12.0,12.0,5.0,10.0,2.3,3.75,2.9,2.38,3.95,3.0
2023-09-30,RB Leipzig,Bayern Munich,2,2,D,7.0,11.0,2.0,5.0,10.0,11.0,5.0,1.0,3.4,4.2,1.91,3.81,4.35,1.97
2023-09-30,FC Cologne,VfB Stuttgart,0,2,A,14.0,18.0,5.0,4.0,16.0,8.0,8.0,4.0,2.88,3.5,2.38,2.94,3.81,2.52
2023-10-01,SV Darmstadt 98,Werder Bremen,4,2,H,14.0,10.0,5.0,7.0,19.0,19.0,2.0,4.0,2.8,3.8,2.3,2.87,3.83,2.5
2023-10-01,SC Freiburg,FC Augsburg,2,0,H,7.0,13.0,3.0,4.0,13.0,17.0,2.0,3.0,1.73,4.0,4.75,1.76,4.3,4.8
2023-10-06,Borussia Monchengladbach,FSV Mainz 05,2,2,D,20.0,13.0,9.0,7.0,9.0,9.0,10.0,3.0,2.05,3.75,3.4,2.1,4.01,3.57
2023-10-07,FC Augsburg,SV Darmstadt 98,1,2,A,17.0,17.0,3.0,5.0,13.0,12.0,4.0,4.0,1.85,3.75,4.0,1.95,4.0,4.1
2023-10-07,Borussia Dortmund,Union Berlin,4,2,H,12.0,12.0,7.0,6.0,7.0,15.0,4.0,6.0,1.57,4.33,5.25,1.66,4.6,5.85
2023-10-07,RB Leipzig,VfL Bochum,0,0,D,18.0,9.0,5.0,2.0,10.0,13.0,9.0,1.0,1.25,6.0,11.0,1.27,7.3,12.5
2023-10-07,VfB Stuttgart,VfL Wolfsburg,3,1,H,13.0,12.0,7.0,5.0,13.0,14.0,5.0,6.0,2.0,3.5,3.75,2.06,3.88,3.83
2023-10-07,Werder Bremen,TSG Hoffenheim,2,3,A,13.0,11.0,3.0,4.0,15.0,6.0,4.0,4.0,2.75,3.75,2.4,2.81,4.06,2.46
2023-10-08,Bayer Leverkusen,FC Cologne,3,0,H,21.0,7.0,10.0,3.0,9.0,7.0,11.0,4.0,1.33,5.5,8.0,1.37,5.9,9.5
2023-10-08,Bayern Munich,SC Freiburg,3,0,H,21.0,2.0,5.0,0.0,7.0,8.0,7.0,1.0,1.14,8.5,17.0,1.19,9.8,17.0
2023-10-08,Ein Frankfurt,1. FC Heidenheim,2,0,H,12.0,7.0,6.0,2.0,14.0,10.0,3.0,6.0,1.7,4.0,4.75,1.77,4.21,4.8
2023-10-20,Borussia Dortmund,Werder Bremen,1,0,H,22.0,6.0,5.0,1.0,5.0,10.0,10.0,4.0,1.29,6.5,8.0,1.33,7.0,9.6
2023-10-21,TSG Hoffenheim,Ein Frankfurt,1,3,A,14.0,13.0,5.0,5.0,7.0,7.0,6.0,3.0,2.1,3.5,3.4,2.18,3.89,3.47
2023-10-21,Union Berlin,VfB Stuttgart,0,3,A,10.0,10.0,2.0,5.0,12.0,12.0,4.0,2.0,2.5,3.5,2.7,2.6,3.7,2.84
2023-10-21,VfL Wolfsburg,Bayer Leverkusen,1,2,A,18.0,13.0,7.0,6.0,15.0,14.0,4.0,3.0,4.33,4.0,1.75,4.8,4.3,1.78
2023-10-21,FSV Mainz 05,Bayern Munich,1,3,A,14.0,12.0,3.0,5.0,12.0,10.0,2.0,7.0,9.0,6.0,1.29,11.0,7.0,1.31
2023-10-21,SV Darmstadt 98,RB Leipzig,1,3,A,16.0,10.0,3.0,7.0,16.0,12.0,6.0,0.0,6.5,4.75,1.44,7.0,5.3,1.5
2023-10-21,SC Freiburg,VfL Bochum,2,1,H,15.0,13.0,5.0,5.0,11.0,16.0,5.0,2.0,1.7,3.75,5.0,1.78,4.2,5.0
2023-10-22,FC Cologne,Borussia Monchengladbach,3,1,H,21.0,5.0,8.0,2.0,13.0,10.0,8.0,3.0,2.4,3.6,2.88,2.42,3.93,2.98
2023-10-22,1. FC Heidenheim,FC Augsburg,2,5,A,16.0,9.0,5.0,6.0,11.0,11.0,6.0,5.0,2.45,3.5,2.8,2.45,3.79,2.94
2023-10-27,VfL Bochum,FSV Mainz 05,2,2,D,10.0,10.0,4.0,4.0,14.0,21.0,5.0,4.0,2.7,3.3,2.55,2.84,3.74,2.65
2023-10-28,Werder Bremen,Union Berlin,2,0,H,9.0,7.0,3.0,2.0,12.0,14.0,3.0,3.0,2.7,3.3,2.6,2.77,3.68,2.7
2023-10-28,RB Leipzig,FC Cologne,6,0,H,24.0,6.0,13.0,1.0,8.0,13.0,11.0,1.0,1.44,4.75,7.0,1.48,5.2,7.75
2023-10-28,VfB Stuttgart,TSG Hoffenheim,2,3,A,23.0,7.0,10.0,5.0,13.0,11.0,6.0,0.0,1.85,4.0,3.8,1.9,4.3,3.98
2023-10-28,Bayern Munich,SV Darmstadt 98,8,0,H,28.0,10.0,16.0,4.0,15.0,13.0,7.0,1.0,1.06,12.0,26.0,1.09,19.0,36.0
2023-10-28,FC Augsburg,VfL Wolfsburg,3,2,H,9.0,13.0,5.0,6.0,19.0,14.0,5.0,5.0,2.9,3.5,2.38,3.0,3.78,2.51
2023-10-28,Borussia Monchengladbach,1. FC Heidenheim,2,1,H,11.0,8.0,6.0,3.0,5.0,18.0,6.0,4.0,1.8,4.0,4.0,1.84,4.33,4.3
2023-10-29,Ein Frankfurt,Borussia Dortmund,3,3,D,11.0,14.0,7.0,4.0,11.0,10.0,0.0,4.0,3.4,3.4,2.15,3.4,3.89,2.22
2023-10-29,Bayer Leverkusen,SC Freiburg,2,1,H,19.0,10.0,4.0,4.0,9.0,10.0,11.0,4.0,1.29,5.5,11.0,1.33,6.55,11.5
2023-11-03,SV Darmstadt 98,VfL Bochum,1,2,A,15.0,9.0,4.0,4.0,7.0,16.0,11.0,2.0,2.3,3.75,2.88,2.45,3.75,3.03
2023-11-04,FC Cologne,FC Augsburg,1,1,D,28.0,18.0,12.0,3.0,10.0,10.0,10.0,2.0,2.3,3.6,2.9,2.47,3.85,3.03
2023-11-04,SC Freiburg,Borussia Monchengladbach,3,3,D,15.0,10.0,8.0,5.0,7.0,10.0,8.0,2.0,2.1,3.8,3.2,2.15,4.1,3.39
2023-11-04,TSG Hoffenheim,Bayer Leverkusen,2,3,A,12.0,10.0,7.0,4.0,6.0,10.0,4.0,3.0,5.0,4.5,1.57,5.1,5.1,1.62
2023-11-04,FSV Mainz 05,RB Leipzig,2,0,H,10.0,10.0,3.0,2.0,13.0,9.0,2.0,7.0,5.75,4.2,1.6,5.75,4.75,1.73
2023-11-04,Union Berlin,Ein Frankfurt,0,3,A,10.0,4.0,3.0,3.0,13.0,8.0,9.0,1.0,2.55,3.1,2.9,2.65,3.3,3.06
2023-11-04,Borussia Dortmund,Bayern Munich,0,4,A,15.0,14.0,1.0,8.0,14.0,6.0,3.0,2.0,4.0,4.33,1.75,4.05,4.61,1.88
2023-11-05,1. FC Heidenheim,VfB Stuttgart,2,0,H,19.0,14.0,2.0,2.0,7.0,13.0,9.0,6.0,4.5,4.33,1.65,4.8,4.5,1.73
2023-11-05,VfL Wolfsburg,Werder Bremen,2,2,D,15.0,13.0,5.0,4.0,14.0,17.0,5.0,2.0,1.7,4.33,4.33,1.77,4.4,4.6
2023-11-10,Borussia Monchengladbach,VfL Wolfsburg,4,0,H,16.0,12.0,8.0,4.0,7.0,12.0,8.0,5.0,2.3,3.8,2.7,2.45,3.9,2.95
2023-11-11,FC Augsburg,TSG Hoffenheim,1,1,D,11.0,12.0,6.0,6.0,9.0,11.0,3.0,5.0,2.63,3.6,2.55,2.69,4.0,2.6
2023-11-11,Bayern Munich,1. FC Heidenheim,4,2,H,18.0,7.0,8.0,2.0,8.0,8.0,7.0,2.0,1.06,17.0,21.0,1.08,21.0,41.0
2023-11-11,SV Darmstadt 98,FSV Mainz 05,0,0,D,9.0,9.0,3.0,0.0,20.0,15.0,0.0,5.0,3.1,3.5,2.25,3.11,3.84,2.36
2023-11-11,VfB Stuttgart,Borussia Dortmund,2,1,H,22.0,5.0,10.0,1.0,13.0,16.0,6.0,1.0,2.55,3.75,2.55,2.7,3.91,2.67
2023-11-11,VfL Bochum,FC Cologne,1,1,D,25.0,10.0,9.0,6.0,14.0,19.0,3.0,3.0,2.45,3.4,2.88,2.51,3.75,2.9
2023-11-12,Bayer Leverkusen,Union Berlin,4,0,H,19.0,2.0,10.0,2.0,8.0,5.0,10.0,1.0,1.29,6.0,9.0,1.3,6.5,12.0
2023-11-12,Werder Bremen,Ein Frankfurt,2,2,D,14.0,14.0,5.0,3.0,3.0,10.0,3.0,7.0,3.1,3.4,2.3,3.1,3.69,2.41
2023-11-12,RB Leipzig,SC Freiburg,3,1,H,15.0,9.0,6.0,3.0,10.0,12.0,7.0,3.0,1.44,5.0,6.5,1.49,5.2,7.0
2023-11-24,FC Cologne,Bayern Munich,0,1,A,6.0,19.0,2.0,5.0,6.0,4.0,3.0,12.0,9.0,7.0,1.25,11.1,7.3,1.28
2023-11-25,Ein Frankfurt,VfB Stuttgart,1,2,A,14.0,11.0,1.0,5.0,14.0,8.0,4.0,2.0,2.6,3.6,2.6,2.68,3.82,2.65
2023-11-25,VfL Wolfsburg,RB Leipzig,2,1,H,10.0,26.0,4.0,10.0,18.0,11.0,1.0,12.0,3.6,4.0,1.91,4.08,4.1,1.96
2023-11-25,SC Freiburg,SV Darmstadt 98,1,1,D,16.0,7.0,3.0,1.0,15.0,15.0,11.0,2.0,1.55,4.33,5.75,1.64,4.6,5.8
2023-11-25,Union Berlin,FC Augsburg,1,1,D,16.0,11.0,6.0,2.0,10.0,15.0,3.0,4.0,1.95,3.6,3.8,2.04,3.76,3.99
2023-11-25,Werder Bremen,Bayer Leverkusen,0,3,A,2.0,13.0,1.0,4.0,15.0,4.0,1.0,6.0,6.5,5.0,1.45,6.7,5.5,1.49
2023-11-25,Borussia Dortmund,Borussia Monchengladbach,4,2,H,20.0,10.0,13.0,3.0,11.0,11.0,5.0,4.0,1.45,5.5,5.25,1.51,5.5,6.06
2023-11-26,1. FC Heidenheim,VfL Bochum,0,0,D,9.0,9.0,3.0,2.0,14.0,7.0,6.0,5.0,2.2,3.6,3.1,2.27,3.94,3.19
2023-11-26,TSG Hoffenheim,FSV Mainz 05,1,1,D,15.0,15.0,6.0,6.0,9.0,14.0,4.0,5.0,1.85,3.8,3.8,1.92,4.2,4.1
2023-12-01,SV Darmstadt 98,FC Cologne,0,1,A,11.0,11.0,1.0,6.0,12.0,12.0,1.0,6.0,2.63,3.4,2.6,2.75,3.7,2.76
2023-12-02,VfL Bochum,VfL Wolfsburg,3,1,H,19.0,15.0,9.0,6.0,14.0,13.0,6.0,6.0,2.63,3.6,2.55,2.75,3.83,2.68
2023-12-02,Borussia Monchengladbach,TSG Hoffenheim,2,1,H,9.0,17.0,3.0,5.0,12.0,14.0,6.0,3.0,2.2,4.0,2.88,2.3,4.25,2.93
2023-12-02,RB Leipzig,1. FC Heidenheim,2,1,H,23.0,7.0,8.0,1.0,13.0,16.0,5.0,3.0,1.25,7.0,9.0,1.27,7.8,12.1
2023-12-02,VfB Stuttgart,Werder Bremen,2,0,H,17.0,11.0,6.0,3.0,7.0,9.0,6.0,7.0,1.4,5.25,6.5,1.44,5.5,8.0
2023-12-03,FSV Mainz 05,SC Freiburg,0,1,A,19.0,13.0,6.0,5.0,16.0,11.0,14.0,3.0,2.3,3.4,3.1,2.35,3.63,3.23
2023-12-03,Bayer Leverkusen,Borussia Dortmund,1,1,D,22.0,6.0,6.0,2.0,12.0,12.0,16.0,1.0,1.62,4.5,4.75,1.73,4.75,4.75
2023-12-03,FC Augsburg,Ein Frankfurt,2,1,H,9.0,12.0,4.0,6.0,9.0,10.0,2.0,4.0,2.63,3.6,2.55,2.8,3.68,2.66
2023-12-08,TSG Hoffenheim,VfL Bochum,3,1,H,18.0,22.0,7.0,5.0,18.0,11.0,4.0,5.0,1.67,4.2,4.75,1.77,4.46,4.75
2023-12-09,1. FC Heidenheim,SV Darmstadt 98,3,2,H,16.0,20.0,7.0,7.0,17.0,13.0,8.0,3.0,2.05,3.5,3.5,2.12,3.8,3.6
2023-12-09,Union Berlin,Borussia Monchengladbach,3,1,H,16.0,13.0,6.0,4.0,9.0,8.0,6.0,7.0,2.1,3.5,3.4,2.23,3.81,3.4
2023-12-09,Werder Bremen,FC Augsburg,2,0,H,12.0,11.0,5.0,1.0,13.0,9.0,5.0,2.0,2.38,3.6,2.8,2.49,3.89,2.89
2023-12-09,VfL Wolfsburg,SC Freiburg,0,1,A,10.0,4.0,3.0,1.0,11.0,16.0,5.0,3.0,2.25,3.5,3.1,2.34,3.87,3.28
2023-12-09,Borussia Dortmund,RB Leipzig,2,3,A,18.0,24.0,6.0,8.0,6.0,11.0,6.0,6.0,2.6,3.6,2.55,2.65,4.11,2.8
2023-12-09,Ein Frankfurt,Bayern Munich,5,1,H,14.0,17.0,6.0,6.0,8.0,7.0,1.0,9.0,9.0,5.5,1.3,10.25,6.3,1.4
2023-12-10,VfB Stuttgart,Bayer Leverkusen,1,1,D,22.0,20.0,12.0,6.0,8.0,7.0,8.0,8.0,2.9,3.6,2.3,3.0,3.97,2.43
2023-12-10,FC Cologne,FSV Mainz 05,0,0,D,7.0,13.0,3.0,5.0,10.0,10.0,1.0,7.0,2.3,3.5,3.0,2.48,3.64,3.2
2023-12-15,Borussia Monchengladbach,Werder Bremen,2,2,D,15.0,10.0,4.0,5.0,10.0,12.0,4.0,3.0,2.0,4.0,3.3,2.07,4.16,3.65
2023-12-16,RB Leipzig,TSG Hoffenheim,3,1,H,23.0,10.0,11.0,4.0,11.0,9.0,9.0,2.0,1.45,5.0,6.0,1.48,5.6,6.8
2023-12-16,FSV Mainz 05,1. FC Heidenheim,0,1,A,16.0,5.0,4.0,2.0,9.0,20.0,8.0,1.0,1.67,4.2,4.75,1.72,4.4,5.1
2023-12-16,SV Darmstadt 98,VfL Wolfsburg,0,1,A,14.0,11.0,4.0,3.0,16.0,10.0,7.0,7.0,3.1,3.6,2.2,3.38,3.8,2.27
2023-12-16,FC Augsburg,Borussia Dortmund,1,1,D,20.0,24.0,4.0,6.0,13.0,4.0,4.0,7.0,3.5,4.2,1.91,3.76,4.33,1.98
2023-12-16,VfL Bochum,Union Berlin,3,0,H,21.0,10.0,7.0,2.0,12.0,13.0,6.0,4.0,2.7,3.4,2.6,2.75,3.6,2.71
2023-12-17,SC Freiburg,FC Cologne,2,0,H,23.0,7.0,7.0,1.0,13.0,10.0,5.0,2.0,1.8,3.8,4.2,1.87,3.93,4.7
2023-12-17,Bayer Leverkusen,Ein Frankfurt,3,0,H,14.0,4.0,6.0,2.0,4.0,13.0,5.0,5.0,1.36,5.0,8.5,1.39,6.0,8.5
2023-12-17,Bayern Munich,VfB Stuttgart,3,0,H,17.0,5.0,8.0,2.0,7.0,8.0,6.0,2.0,1.45,5.25,5.5,1.51,5.7,6.5
2023-12-19,Werder Bremen,RB Leipzig,1,1,D,11.0,18.0,3.0,9.0,15.0,9.0,1.0,4.0,5.0,4.5,1.57,5.3,4.8,1.65
2023-12-19,Borussia Dortmund,FSV Mainz 05,1,1,D,21.0,11.0,8.0,6.0,11.0,14.0,6.0,1.0,1.55,4.75,5.25,1.57,5.0,5.8
2023-12-19,TSG Hoffenheim,SV Darmstadt 98,3,3,D,13.0,14.0,4.0,3.0,9.0,15.0,8.0,3.0,1.44,5.0,6.5,1.56,5.3,7.1
2023-12-20,VfL Wolfsburg,Bayern Munich,1,2,A,5.0,20.0,4.0,7.0,14.0,12.0,0.0,6.0,6.5,5.75,1.36,8.4,6.1,1.4
2023-12-20,Bayer Leverkusen,VfL Bochum,4,0,H,15.0,6.0,8.0,1.0,7.0,12.0,4.0,3.0,1.17,8.0,15.0,1.22,9.2,16.0
2023-12-20,VfB Stuttgart,FC Augsburg,3,0,H,17.0,6.0,7.0,5.0,8.0,14.0,4.0,4.0,1.36,5.25,7.5,1.43,5.7,8.5
2023-12-20,Ein Frankfurt,Borussia Monchengladbach,2,1,H,15.0,7.0,7.0,2.0,11.0,14.0,8.0,2.0,1.83,4.0,3.8,1.98,4.1,4.13
2023-12-20,Union Berlin,FC Cologne,2,0,H,12.0,15.0,8.0,7.0,10.0,7.0,4.0,5.0,1.95,3.6,3.8,2.01,3.7,4.25
2023-12-20,1. FC Heidenheim,SC Freiburg,3,2,H,14.0,10.0,3.0,4.0,20.0,12.0,7.0,4.0,2.8,3.6,2.38,2.97,3.74,2.55
2024-01-12,Bayern Munich,TSG Hoffenheim,3,0,H,27.0,12.0,12.0,4.0,8.0,6.0,11.0,2.0,1.14,9.0,12.0,1.17,11.0,17.0
2024-01-13,FC Augsburg,Bayer Leverkusen,0,1,A,2.0,25.0,0.0,6.0,11.0,4.0,0.0,12.0,5.25,4.75,1.5,6.0,4.8,1.58
2024-01-13,FC Cologne,1. FC Heidenheim,1,1,D,13.0,10.0,6.0,2.0,12.0,11.0,9.0,6.0,2.05,3.6,3.4,2.14,3.85,3.58
2024-01-13,SC Freiburg,Union Berlin,0,0,D,14.0,8.0,4.0,4.0,7.0,9.0,4.0,3.0,2.05,3.6,3.5,2.14,3.68,3.66
2024-01-13,FSV Mainz 05,VfL Wolfsburg,1,1,D,12.0,9.0,4.0,4.0,21.0,16.0,7.0,3.0,2.2,3.4,3.25,2.27,3.62,3.41
2024-01-13,RB Leipzig,Ein Frankfurt,0,1,A,26.0,5.0,7.0,1.0,7.0,16.0,15.0,4.0,1.45,4.5,7.5,1.48,5.25,7.75
2024-01-13,SV Darmstadt 98,Borussia Dortmund,0,3,A,10.0,17.0,2.0,8.0,10.0,13.0,3.0,4.0,5.25,4.5,1.53,5.7,5.0,1.58
2024-01-14,VfL Bochum,Werder Bremen,1,1,D,13.0,15.0,4.0,4.0,14.0,14.0,3.0,4.0,2.15,3.6,3.1,2.25,3.82,3.3
2024-01-14,Borussia Monchengladbach,VfB Stuttgart,3,1,H,8.0,14.0,4.0,2.0,7.0,11.0,0.0,3.0,3.5,4.0,1.91,3.87,4.2,1.97
2024-01-20,VfL Bochum,VfB Stuttgart,1,0,H,6.0,17.0,1.0,4.0,16.0,16.0,1.0,7.0,3.6,3.8,1.95,3.84,4.0,2.02
2024-01-20,FC Cologne,Borussia Dortmund,0,4,A,16.0,11.0,5.0,7.0,16.0,7.0,13.0,4.0,4.5,4.0,1.73,4.5,4.4,1.79
2024-01-20,RB Leipzig,Bayer Leverkusen,2,3,A,11.0,18.0,6.0,5.0,11.0,11.0,1.0,9.0,2.4,3.8,2.7,2.5,3.85,2.83
2024-01-20,SV Darmstadt 98,Ein Frankfurt,2,2,D,13.0,7.0,3.0,4.0,11.0,7.0,4.0,1.0,3.8,3.75,1.91,4.03,3.84,2.0
2024-01-20,SC Freiburg,TSG Hoffenheim,3,2,H,16.0,16.0,8.0,4.0,18.0,10.0,2.0,2.0,2.0,3.8,3.4,2.1,4.0,3.6
2024-01-20,1. FC Heidenheim,VfL Wolfsburg,1,1,D,12.0,12.0,3.0,3.0,11.0,10.0,4.0,2.0,2.7,3.5,2.55,2.8,3.72,2.64
2024-01-21,Bayern Munich,Werder Bremen,0,1,A,21.0,8.0,6.0,3.0,12.0,7.0,10.0,2.0,1.09,11.0,21.0,1.1,14.0,29.7
2024-01-21,Borussia Monchengladbach,FC Augsburg,1,2,A,18.0,15.0,4.0,7.0,10.0,20.0,5.0,7.0,1.91,3.8,3.8,1.96,4.2,3.86
2024-01-24,Bayern Munich,Union Berlin,1,0,H,24.0,4.0,10.0,1.0,5.0,9.0,12.0,1.0,1.18,7.0,17.0,1.19,9.3,19.0
2024-01-26,Ein Frankfurt,FSV Mainz 05,1,0,H,13.0,7.0,4.0,0.0,10.0,12.0,2.0,1.0,2.15,3.4,3.5,2.2,3.66,3.71
2024-01-27,VfL Wolfsburg,FC Cologne,1,1,D,12.0,6.0,5.0,2.0,17.0,12.0,6.0,3.0,1.83,3.75,4.2,1.88,3.95,4.5
2024-01-27,Bayer Leverkusen,Borussia Monchengladbach,0,0,D,28.0,4.0,8.0,3.0,15.0,6.0,8.0,2.0,1.29,5.5,10.0,1.31,6.9,11.0
2024-01-27,TSG Hoffenheim,1. FC Heidenheim,1,1,D,20.0,15.0,8.0,3.0,11.0,13.0,9.0,5.0,1.67,4.5,4.33,1.74,4.5,4.8
2024-01-27,FC Augsburg,Bayern Munich,2,3,A,14.0,13.0,7.0,4.0,12.0,11.0,4.0,5.0,8.5,5.75,1.3,10.0,6.5,1.34
2024-01-27,VfB Stuttgart,RB Leipzig,5,2,H,19.0,4.0,11.0,2.0,9.0,11.0,9.0,3.0,2.63,3.8,2.4,2.79,3.98,2.5
2024-01-27,Werder Bremen,SC Freiburg,3,1,H,14.0,7.0,4.0,4.0,14.0,10.0,5.0,5.0,2.4,3.5,2.88,2.51,3.72,2.97
2024-01-28,Union Berlin,SV Darmstadt 98,1,0,H,19.0,15.0,6.0,1.0,13.0,9.0,4.0,3.0,1.62,3.8,5.75,1.69,4.2,6.0
2024-01-28,Borussia Dortmund,VfL Bochum,3,1,H,15.0,10.0,6.0,4.0,10.0,16.0,8.0,4.0,1.36,5.5,7.5,1.4,5.9,8.0
2024-02-02,1. FC Heidenheim,Borussia Dortmund,0,0,D,11.0,13.0,0.0,5.0,7.0,7.0,4.0,6.0,3.75,4.5,1.8,4.03,4.5,1.86
2024-02-03,FC Cologne,Ein Frankfurt,2,0,H,14.0,11.0,4.0,4.0,8.0,13.0,7.0,7.0,3.25,3.4,2.2,3.4,3.6,2.31
2024-02-03,Bayern Munich,Borussia Monchengladbach,3,1,H,21.0,11.0,6.0,4.0,11.0,9.0,6.0,5.0,1.14,9.5,13.0,1.18,9.8,19.0
2024-02-03,VfL Bochum,FC Augsburg,1,1,D,9.0,12.0,4.0,6.0,17.0,14.0,3.0,5.0,2.15,3.4,3.4,2.31,3.75,3.4
2024-02-03,SV Darmstadt 98,Bayer Leverkusen,0,2,A,8.0,18.0,6.0,7.0,14.0,8.0,4.0,3.0,9.5,6.5,1.25,10.5,6.7,1.33
2024-02-03,SC Freiburg,VfB Stuttgart,1,3,A,7.0,17.0,4.0,9.0,10.0,7.0,1.0,6.0,3.1,3.6,2.2,3.27,3.85,2.26
2024-02-03,FSV Mainz 05,Werder Bremen,0,1,A,20.0,6.0,5.0,1.0,22.0,16.0,11.0,1.0,2.1,3.5,3.5,2.15,3.68,3.64
2024-02-04,VfL Wolfsburg,TSG Hoffenheim,2,2,D,14.0,17.0,8.0,7.0,12.0,16.0,7.0,2.0,2.1,3.75,3.2,2.16,4.0,3.37
2024-02-04,RB Leipzig,Union Berlin,2,0,H,16.0,10.0,6.0,2.0,13.0,11.0,5.0,4.0,1.4,5.0,7.5,1.44,5.2,8.2
2024-02-07,FSV Mainz 05,Union Berlin,1,1,D,16.0,15.0,7.0,4.0,14.0,15.0,8.0,3.0,2.15,3.3,3.5,2.24,3.47,3.7
2024-02-09,Borussia Dortmund,SC Freiburg,3,0,H,17.0,6.0,8.0,3.0,13.0,7.0,5.0,3.0,1.45,4.75,6.5,1.53,5.2,6.9
2024-02-10,FC Augsburg,RB Leipzig,2,2,D,11.0,9.0,4.0,6.0,15.0,10.0,1.0,3.0,4.0,4.2,1.75,4.4,4.4,1.8
2024-02-10,Ein Frankfurt,VfL Bochum,1,1,D,8.0,14.0,2.0,5.0,6.0,12.0,8.0,3.0,1.73,3.8,4.75,1.8,4.05,5.0
2024-02-10,Borussia Monchengladbach,SV Darmstadt 98,0,0,D,22.0,10.0,8.0,1.0,11.0,15.0,7.0,2.0,1.6,4.5,5.0,1.64,4.5,5.6
2024-02-10,Union Berlin,VfL Wolfsburg,1,0,H,7.0,15.0,2.0,5.0,12.0,9.0,6.0,10.0,2.25,3.4,3.2,2.37,3.47,3.29
2024-02-10,Werder Bremen,1. FC Heidenheim,1,2,A,14.0,10.0,3.0,3.0,10.0,13.0,5.0,10.0,1.8,3.8,4.33,1.9,4.03,4.33
2024-02-10,Bayer Leverkusen,Bayern Munich,3,0,H,14.0,8.0,8.0,1.0,13.0,13.0,4.0,6.0,2.63,3.8,2.4,2.73,4.01,2.53
2024-02-11,VfB Stuttgart,FSV Mainz 05,3,1,H,10.0,16.0,7.0,6.0,7.0,9.0,4.0,5.0,1.44,4.5,7.5,1.48,4.88,7.7
2024-02-11,TSG Hoffenheim,FC Cologne,1,1,D,10.0,5.0,4.0,1.0,12.0,13.0,10.0,3.0,1.8,3.8,4.33,1.88,4.16,4.33
2024-02-16,FC Cologne,Werder Bremen,0,1,A,10.0,13.0,2.0,4.0,16.0,11.0,5.0,3.0,2.4,3.4,2.88,2.57,3.58,2.94
2024-02-17,1. FC Heidenheim,Bayer Leverkusen,1,2,A,6.0,17.0,3.0,4.0,15.0,5.0,4.0,5.0,8.0,5.75,1.33,9.0,5.9,1.39
2024-02-17,TSG Hoffenheim,Union Berlin,0,1,A,16.0,10.0,4.0,3.0,10.0,7.0,6.0,2.0,2.0,3.6,3.6,2.09,3.84,3.7
2024-02-17,FSV Mainz 05,FC Augsburg,1,0,H,19.0,10.0,4.0,4.0,8.0,16.0,7.0,7.0,2.0,3.5,3.8,2.08,3.74,3.83
2024-02-17,VfL Wolfsburg,Borussia Dortmund,1,1,D,9.0,12.0,4.0,5.0,18.0,5.0,5.0,3.0,3.2,3.8,2.1,3.39,4.0,2.19
2024-02-17,RB Leipzig,Borussia Monchengladbach,2,0,H,16.0,13.0,9.0,0.0,12.0,13.0,8.0,4.0,1.36,5.5,7.0,1.42,5.8,7.5
2024-02-17,SV Darmstadt 98,VfB Stuttgart,1,2,A,21.0,13.0,9.0,4.0,15.0,14.0,5.0,3.0,6.5,4.75,1.44,7.2,5.0,1.48
2024-02-18,SC Freiburg,Ein Frankfurt,3,3,D,13.0,10.0,8.0,6.0,8.0,10.0,6.0,1.0,2.3,3.4,3.1,2.38,3.56,3.25
2024-02-18,VfL Bochum,Bayern Munich,3,2,H,14.0,26.0,5.0,10.0,12.0,10.0,4.0,9.0,8.0,5.75,1.33,9.0,6.2,1.36
2024-02-23,Bayer Leverkusen,FSV Mainz 05,2,1,H,18.0,13.0,7.0,4.0,14.0,16.0,11.0,2.0,1.22,6.5,13.0,1.3,6.7,13.0
2024-02-24,Werder Bremen,SV Darmstadt 98,1,1,D,13.0,11.0,4.0,3.0,10.0,13.0,4.0,6.0,1.65,4.2,5.0,1.72,4.2,5.3
2024-02-24,Bayern Munich,RB Leipzig,2,1,H,16.0,11.0,4.0,5.0,11.0,10.0,6.0,4.0,1.67,4.33,4.5,1.72,4.64,4.74
2024-02-24,VfB Stuttgart,FC Cologne,1,1,D,13.0,12.0,5.0,6.0,11.0,13.0,9.0,4.0,1.3,5.25,10.0,1.35,6.0,10.0
2024-02-24,Borussia Monchengladbach,VfL Bochum,5,2,H,22.0,15.0,6.0,5.0,13.0,13.0,5.0,6.0,2.0,3.8,3.5,2.05,4.04,3.7
2024-02-24,Union Berlin,1. FC Heidenheim,2,2,D,12.0,9.0,3.0,4.0,9.0,12.0,4.0,2.0,2.0,3.5,3.75,2.06,3.68,3.97
2024-02-25,Ein Frankfurt,VfL Wolfsburg,2,2,D,12.0,14.0,5.0,8.0,9.0,7.0,5.0,3.0,2.25,3.4,3.2,2.31,3.62,3.35
2024-02-25,Borussia Dortmund,TSG Hoffenheim,2,3,A,19.0,7.0,7.0,5.0,7.0,10.0,10.0,3.0,1.5,5.0,5.5,1.56,5.2,5.7
2024-02-25,FC Augsburg,SC Freiburg,2,1,H,21.0,5.0,8.0,1.0,16.0,11.0,10.0,2.0,2.2,3.6,3.1,2.32,3.75,3.16
2024-03-01,SC Freiburg,Bayern Munich,2,2,D,17.0,21.0,5.0,9.0,11.0,7.0,3.0,6.0,5.75,4.75,1.5,6.36,5.0,1.53
2024-03-02,VfL Bochum,RB Leipzig,1,4,A,15.0,10.0,4.0,4.0,13.0,10.0,2.0,5.0,5.0,4.2,1.62,5.0,4.6,1.69
2024-03-02,SV Darmstadt 98,FC Augsburg,0,6,A,10.0,21.0,5.0,6.0,4.0,12.0,3.0,6.0,2.9,3.3,2.4,2.97,3.55,2.61
2024-03-02,1. FC Heidenheim,Ein Frankfurt,1,2,A,16.0,11.0,3.0,6.0,6.0,10.0,7.0,3.0,2.8,3.3,2.5,2.9,3.5,2.64
2024-03-02,FSV Mainz 05,Borussia Monchengladbach,1,1,D,21.0,14.0,5.0,5.0,12.0,15.0,12.0,6.0,1.91,3.75,3.75,2.02,3.92,3.9
2024-03-02,Union Berlin,Borussia Dortmund,0,2,A,13.0,12.0,5.0,7.0,11.0,8.0,8.0,7.0,3.4,3.6,2.05,3.58,3.75,2.15
2024-03-02,VfL Wolfsburg,VfB Stuttgart,2,3,A,12.0,7.0,2.0,3.0,20.0,12.0,5.0,4.0,3.3,3.5,2.15,3.37,3.8,2.23
2024-03-03,TSG Hoffenheim,Werder Bremen,2,1,H,14.0,18.0,7.0,8.0,11.0,10.0,3.0,3.0,1.91,4.0,3.6,2.0,4.09,3.78
2024-03-03,FC Cologne,Bayer Leverkusen,0,2,A,6.0,17.0,0.0,6.0,10.0,9.0,1.0,9.0,9.0,4.75,1.36,9.5,5.3,1.42
2024-03-08,VfB Stuttgart,Union Berlin,2,0,H,14.0,10.0,5.0,4.0,7.0,14.0,4.0,3.0,1.45,4.5,7.0,1.52,4.7,7.2
2024-03-09,FC Augsburg,1. FC Heidenheim,1,0,H,8.0,6.0,4.0,1.0,14.0,20.0,5.0,2.0,1.85,4.2,3.5,1.93,4.2,4.1
2024-03-09,Bayern Munich,FSV Mainz 05,8,1,H,25.0,13.0,12.0,3.0,8.0,7.0,6.0,7.0,1.25,7.0,10.0,1.27,7.4,13.0
2024-03-09,Borussia Monchengladbach,FC Cologne,3,3,D,16.0,12.0,5.0,5.0,15.0,15.0,8.0,3.0,1.83,4.0,4.0,1.89,4.01,4.33
2024-03-09,RB Leipzig,SV Darmstadt 98,2,0,H,28.0,9.0,8.0,4.0,3.0,14.0,8.0,4.0,1.14,8.5,15.0,1.17,9.55,19.0
2024-03-09,Werder Bremen,Borussia Dortmund,1,2,A,15.0,13.0,5.0,6.0,6.0,8.0,10.0,4.0,3.5,4.33,1.85,4.06,4.33,1.97
2024-03-10,VfL Bochum,SC Freiburg,1,2,A,18.0,9.0,6.0,5.0,11.0,11.0,12.0,5.0,2.2,3.75,3.0,2.38,3.75,3.17
2024-03-10,Ein Frankfurt,TSG Hoffenheim,3,1,H,17.0,6.0,7.0,2.0,11.0,10.0,5.0,1.0,2.0,4.0,3.3,2.11,4.0,3.51
2024-03-10,Bayer Leverkusen,VfL Wolfsburg,2,0,H,19.0,2.0,7.0,1.0,6.0,7.0,9.0,2.0,1.33,5.75,8.5,1.36,6.2,9.5
2024-03-15,FC Cologne,RB Leipzig,1,5,A,9.0,23.0,2.0,7.0,11.0,12.0,3.0,6.0,6.5,4.75,1.45,7.0,4.91,1.52
2024-03-16,TSG Hoffenheim,VfB Stuttgart,0,3,A,8.0,25.0,1.0,12.0,8.0,12.0,5.0,6.0,3.8,4.0,1.83,3.9,4.33,1.91
2024-03-16,VfL Wolfsburg,FC Augsburg,1,3,A,15.0,14.0,4.0,5.0,12.0,19.0,8.0,6.0,2.05,3.5,3.5,2.14,3.78,3.54
2024-03-16,1. FC Heidenheim,Borussia Monchengladbach,1,1,D,16.0,6.0,5.0,2.0,16.0,8.0,10.0,4.0,2.45,3.6,2.7,2.53,3.82,2.86
2024-03-16,FSV Mainz 05,VfL Bochum,2,0,H,13.0,11.0,4.0,4.0,15.0,15.0,7.0,6.0,1.8,3.8,4.33,1.82,4.09,4.7
2024-03-16,SV Darmstadt 98,Bayern Munich,2,5,A,7.0,26.0,3.0,6.0,9.0,6.0,2.0,9.0,17.0,8.0,1.14,19.0,10.0,1.17
2024-03-16,Union Berlin,Werder Bremen,2,1,H,11.0,10.0,5.0,2.0,16.0,16.0,4.0,3.0,2.05,3.4,3.8,2.08,3.7,3.83
2024-03-17,SC Freiburg,Bayer Leverkusen,2,3,A,9.0,18.0,3.0,7.0,13.0,6.0,2.0,8.0,6.0,4.33,1.53,6.0,4.5,1.62
2024-03-17,Borussia Dortmund,Ein Frankfurt,3,1,H,16.0,8.0,6.0,6.0,5.0,9.0,8.0,3.0,1.62,4.2,5.0,1.65,4.7,5.1
2024-03-30,Bayern Munich,Borussia Dortmund,0,2,A,16.0,11.0,3.0,5.0,7.0,7.0,7.0,4.0,1.4,5.75,6.0,1.43,6.02,7.0
2024-03-30,RB Leipzig,FSV Mainz 05,0,0,D,23.0,8.0,10.0,2.0,10.0,15.0,12.0,2.0,1.4,5.25,7.5,1.42,5.6,8.0
2024-03-30,Werder Bremen,VfL Wolfsburg,0,2,A,6.0,15.0,1.0,5.0,13.0,15.0,3.0,6.0,2.88,3.5,2.4,2.91,3.72,2.5
2024-03-30,Bayer Leverkusen,TSG Hoffenheim,2,1,H,36.0,6.0,12.0,2.0,9.0,8.0,9.0,2.0,1.2,7.5,12.0,1.25,8.0,13.0
2024-03-30,Ein Frankfurt,Union Berlin,0,0,D,18.0,10.0,4.0,2.0,8.0,14.0,6.0,2.0,2.0,3.5,3.8,2.1,3.6,4.04
2024-03-30,Borussia Monchengladbach,SC Freiburg,0,3,A,18.0,13.0,4.0,8.0,11.0,7.0,14.0,1.0,2.2,3.6,3.2,2.26,3.86,3.28
2024-03-31,FC Augsburg,FC Cologne,1,1,D,24.0,12.0,6.0,2.0,9.0,13.0,12.0,6.0,1.75,4.0,4.5,1.85,4.01,4.6
2024-03-31,VfB Stuttgart,1. FC Heidenheim,3,3,D,20.0,6.0,6.0,3.0,5.0,9.0,6.0,7.0,1.25,6.0,10.0,1.29,6.9,12.0
2024-03-31,VfL Bochum,SV Darmstadt 98,2,2,D,20.0,13.0,7.0,3.0,7.0,15.0,6.0,5.0,1.62,4.0,5.25,1.69,4.4,5.4
2024-04-05,Ein Frankfurt,Werder Bremen,1,1,D,19.0,10.0,5.0,7.0,10.0,14.0,9.0,0.0,1.75,3.8,4.5,1.83,4.11,4.6
2024-04-06,FC Cologne,VfL Bochum,2,1,H,17.0,8.0,6.0,2.0,16.0,13.0,9.0,4.0,2.25,3.5,3.1,2.36,3.7,3.11
2024-04-06,SC Freiburg,RB Leipzig,1,4,A,15.0,15.0,4.0,6.0,7.0,12.0,8.0,4.0,4.75,4.33,1.65,4.9,4.45,1.72
2024-04-06,1. FC Heidenheim,Bayern Munich,3,2,H,9.0,15.0,4.0,8.0,9.0,8.0,3.0,3.0,6.5,6.0,1.36,7.55,6.4,1.41
2024-04-06,FSV Mainz 05,SV Darmstadt 98,4,0,H,18.0,14.0,9.0,2.0,16.0,9.0,5.0,1.0,1.4,5.0,7.5,1.46,5.1,8.2
2024-04-06,Union Berlin,Bayer Leverkusen,0,1,A,8.0,19.0,1.0,8.0,10.0,14.0,7.0,10.0,5.75,4.33,1.55,6.5,4.42,1.59
2024-04-06,Borussia Dortmund,VfB Stuttgart,0,1,A,14.0,10.0,7.0,2.0,8.0,8.0,8.0,3.0,2.25,4.0,2.8,2.33,4.16,2.94
2024-04-07,TSG Hoffenheim,FC Augsburg,3,1,H,17.0,14.0,6.0,7.0,8.0,14.0,11.0,6.0,2.2,4.0,2.9,2.31,4.07,3.0
2024-04-07,VfL Wolfsburg,Borussia Monchengladbach,1,3,A,13.0,10.0,4.0,6.0,9.0,12.0,4.0,4.0,1.85,4.0,3.8,1.94,4.03,4.1
2024-04-12,FC Augsburg,Union Berlin,2,0,H,12.0,17.0,4.0,4.0,15.0,14.0,5.0,4.0,2.1,3.4,3.4,2.17,3.68,3.65
2024-04-13,FSV Mainz 05,TSG Hoffenheim,4,1,H,23.0,5.0,8.0,1.0,12.0,14.0,9.0,3.0,1.95,4.0,3.4,2.04,4.05,3.72
2024-04-13,VfL Bochum,1. FC Heidenheim,1,1,D,24.0,10.0,5.0,3.0,12.0,22.0,6.0,2.0,2.05,3.75,3.3,2.13,3.93,3.55
2024-04-13,Borussia Monchengladbach,Borussia Dortmund,1,2,A,16.0,12.0,5.0,4.0,13.0,11.0,2.0,4.0,3.25,4.0,2.0,3.39,4.3,2.1
2024-04-13,RB Leipzig,VfL Wolfsburg,3,0,H,15.0,10.0,6.0,3.0,12.0,7.0,6.0,4.0,1.36,5.0,8.0,1.4,5.8,8.19
2024-04-13,VfB Stuttgart,Ein Frankfurt,3,0,H,9.0,10.0,6.0,3.0,4.0,15.0,4.0,5.0,1.53,4.5,5.5,1.55,4.9,6.21
2024-04-13,Bayern Munich,FC Cologne,2,0,H,17.0,11.0,7.0,5.0,3.0,15.0,5.0,5.0,1.22,7.5,11.0,1.23,8.7,14.0
2024-04-14,SV Darmstadt 98,SC Freiburg,0,1,A,16.0,9.0,4.0,3.0,6.0,12.0,2.0,2.0,4.0,3.8,1.83,4.1,4.1,1.92
2024-04-14,Bayer Leverkusen,Werder Bremen,5,0,H,19.0,7.0,10.0,3.0,10.0,4.0,7.0,0.0,1.2,7.0,13.0,1.23,7.9,15.0
2024-04-19,Ein Frankfurt,FC Augsburg,3,1,H,12.0,6.0,7.0,1.0,2.0,19.0,6.0,5.0,2.0,3.75,3.5,2.1,3.87,3.61
2024-04-20,FC Cologne,SV Darmstadt 98,0,2,A,18.0,12.0,4.0,6.0,10.0,13.0,4.0,3.0,1.5,4.75,5.75,1.55,4.75,6.9
2024-04-20,1. FC Heidenheim,RB Leipzig,1,2,A,9.0,11.0,5.0,4.0,14.0,7.0,2.0,6.0,5.75,5.25,1.45,6.63,5.4,1.48
2024-04-20,TSG Hoffenheim,Borussia Monchengladbach,4,3,H,27.0,13.0,9.0,7.0,6.0,11.0,6.0,5.0,2.1,4.0,3.1,2.18,4.2,3.16
2024-04-20,VfL Wolfsburg,VfL Bochum,1,0,H,10.0,9.0,5.0,1.0,11.0,16.0,5.0,8.0,1.75,4.0,4.33,1.84,4.2,4.5
2024-04-20,Union Berlin,Bayern Munich,1,5,A,15.0,18.0,4.0,9.0,5.0,4.0,5.0,3.0,4.75,4.5,1.62,5.39,4.7,1.65
2024-04-21,SC Freiburg,FSV Mainz 05,1,1,D,7.0,17.0,3.0,4.0,17.0,15.0,2.0,4.0,2.6,3.5,2.6,2.63,3.75,2.76
2024-04-21,Borussia Dortmund,Bayer Leverkusen,1,1,D,9.0,13.0,2.0,5.0,14.0,11.0,2.0,6.0,2.55,3.8,2.55,2.66,4.03,2.6
2024-04-21,Werder Bremen,VfB Stuttgart,2,1,H,9.0,14.0,2.0,5.0,11.0,10.0,1.0,7.0,4.75,4.75,1.57,5.3,4.75,1.65
2024-04-26,VfL Bochum,TSG Hoffenheim,3,2,H,35.0,12.0,13.0,4.0,13.0,10.0,10.0,4.0,2.15,4.0,2.9,2.29,4.11,3.09
2024-04-27,FC Augsburg,Werder Bremen,0,3,A,14.0,16.0,1.0,8.0,18.0,8.0,6.0,4.0,1.8,4.0,4.0,1.86,4.3,4.22
2024-04-27,Bayern Munich,Ein Frankfurt,2,1,H,19.0,10.0,9.0,3.0,11.0,7.0,4.0,2.0,1.4,5.25,7.0,1.44,5.7,7.14
2024-04-27,SC Freiburg,VfL Wolfsburg,1,2,A,16.0,13.0,3.0,5.0,12.0,7.0,3.0,6.0,2.3,3.6,2.88,2.4,3.7,3.1
2024-04-27,RB Leipzig,Borussia Dortmund,4,1,H,21.0,12.0,7.0,5.0,11.0,7.0,5.0,8.0,1.67,4.33,4.5,1.74,4.6,4.75
2024-04-27,Bayer Leverkusen,VfB Stuttgart,2,2,D,14.0,11.0,6.0,4.0,10.0,19.0,5.0,2.0,1.75,4.2,4.33,1.81,4.4,4.75
2024-04-28,Borussia Monchengladbach,Union Berlin,0,0,D,13.0,14.0,4.0,7.0,3.0,13.0,3.0,4.0,2.3,3.5,3.0,2.42,3.61,3.12
2024-04-28,FSV Mainz 05,FC Cologne,1,1,D,16.0,16.0,4.0,6.0,17.0,13.0,6.0,6.0,1.55,4.33,6.0,1.58,4.52,6.5
2024-04-28,SV Darmstadt 98,1. FC Heidenheim,0,1,A,12.0,19.0,4.0,6.0,14.0,12.0,3.0,8.0,3.3,3.75,2.1,3.5,3.86,2.16
2024-05-03,TSG Hoffenheim,RB Leipzig,1,1,D,18.0,8.0,8.0,5.0,6.0,8.0,4.0,4.0,5.25,5.0,1.5,5.6,5.5,1.55
2024-05-04,FC Cologne,SC Freiburg,0,0,D,20.0,4.0,7.0,0.0,10.0,9.0,7.0,1.0,2.3,3.75,2.88,2.42,3.8,3.0
2024-05-04,VfL Wolfsburg,SV Darmstadt 98,3,0,H,18.0,6.0,6.0,1.0,11.0,13.0,9.0,2.0,1.4,5.0,8.0,1.43,5.5,8.5
2024-05-04,Borussia Dortmund,FC Augsburg,5,1,H,21.0,20.0,10.0,4.0,4.0,11.0,6.0,9.0,1.85,4.33,3.6,1.89,4.5,3.85
2024-05-04,VfB Stuttgart,Bayern Munich,3,1,H,24.0,10.0,11.0,3.0,10.0,8.0,3.0,1.0,2.1,4.0,3.1,2.18,4.21,3.15
2024-05-04,Werder Bremen,Borussia Monchengladbach,2,2,D,17.0,17.0,6.0,7.0,6.0,7.0,7.0,2.0,2.25,3.75,3.0,2.35,3.96,3.02
2024-05-05,Union Berlin,VfL Bochum,3,4,A,12.0,17.0,6.0,5.0,13.0,16.0,6.0,4.0,1.95,3.5,4.0,2.03,3.58,4.2
2024-05-05,Ein Frankfurt,Bayer Leverkusen,1,5,A,16.0,10.0,5.0,6.0,10.0,4.0,10.0,5.0,3.2,3.5,2.2,3.33,3.82,2.28
2024-05-05,1. FC Heidenheim,FSV Mainz 05,1,1,D,16.0,10.0,6.0,4.0,8.0,8.0,6.0,3.0,3.0,3.5,2.3,3.1,3.82,2.38
2024-05-10,FC Augsburg,VfB Stuttgart,0,1,A,9.0,19.0,1.0,7.0,15.0,9.0,5.0,5.0,4.0,4.2,1.75,4.0,4.52,1.85
2024-05-11,FC Cologne,Union Berlin,3,2,H,18.0,14.0,5.0,6.0,15.0,16.0,6.0,8.0,2.8,3.3,2.55,2.9,3.54,2.66
2024-05-11,SC Freiburg,1. FC Heidenheim,1,1,D,19.0,9.0,3.0,3.0,9.0,11.0,2.0,4.0,1.7,4.0,4.5,1.77,4.26,4.9
2024-05-11,Borussia Monchengladbach,Ein Frankfurt,1,1,D,6.0,16.0,3.0,1.0,9.0,10.0,2.0,8.0,2.45,3.75,2.63,2.57,3.91,2.73
2024-05-11,RB Leipzig,Werder Bremen,1,1,D,13.0,10.0,5.0,1.0,12.0,6.0,4.0,3.0,1.29,6.5,8.0,1.35,7.1,9.5
2024-05-11,FSV Mainz 05,Borussia Dortmund,3,0,H,14.0,10.0,6.0,2.0,14.0,11.0,4.0,2.0,2.2,3.6,3.1,2.26,4.07,3.13
2024-05-12,VfL Bochum,Bayer Leverkusen,0,5,A,2.0,28.0,0.0,10.0,5.0,10.0,2.0,6.0,4.2,4.33,1.7,4.5,4.45,1.77
2024-05-12,Bayern Munich,VfL Wolfsburg,2,0,H,5.0,5.0,3.0,2.0,7.0,8.0,4.0,0.0,1.33,6.0,7.5,1.39,6.6,8.1
2024-05-12,SV Darmstadt 98,TSG Hoffenheim,0,6,A,9.0,12.0,1.0,7.0,9.0,3.0,2.0,3.0,4.75,4.5,1.62,5.0,4.9,1.7
2024-05-18,Borussia Dortmund,SV Darmstadt 98,4,0,H,21.0,7.0,10.0,1.0,4.0,10.0,7.0,3.0,1.17,8.5,13.0,1.18,10.0,17.0
2024-05-18,Ein Frankfurt,RB Leipzig,2,2,D,19.0,9.0,6.0,5.0,10.0,11.0,8.0,3.0,2.8,3.8,2.3,2.87,4.09,2.47
2024-05-18,1. FC Heidenheim,FC Cologne,4,1,H,13.0,19.0,7.0,9.0,9.0,20.0,5.0,12.0,2.3,4.0,2.7,2.46,4.1,2.83
2024-05-18,TSG Hoffenheim,Bayern Munich,4,2,H,17.0,12.0,9.0,4.0,7.0,9.0,6.0,5.0,2.88,4.5,2.0,3.16,4.6,2.11
2024-05-18,Bayer Leverkusen,FC Augsburg,2,1,H,19.0,8.0,8.0,2.0,6.0,7.0,5.0,4.0,1.3,6.0,9.0,1.32,7.2,9.5
2024-05-18,VfB Stuttgart,Borussia Monchengladbach,4,0,H,21.0,13.0,11.0,5.0,4.0,9.0,8.0,4.0,1.29,6.25,8.5,1.31,7.0,10.0
2024-05-18,Union Berlin,SC Freiburg,2,1,H,14.0,11.0,5.0,5.0,14.0,9.0,3.0,7.0,2.1,3.4,3.5,2.2,3.7,3.65
2024-05-18,Werder Bremen,VfL Bochum,4,1,H,25.0,26.0,12.0,8.0,12.0,12.0,8.0,8.0,2.38,3.6,2.8,2.45,3.99,3.01
2024-05-18,VfL Wolfsburg,FSV Mainz 05,1,3,A,12.0,12.0,4.0,6.0,13.0,15.0,1.0,3.0,3.2,3.5,2.2,3.35,3.78,2.25
2024-08-23,Borussia Monchengladbach,Bayer Leverkusen,2,3,A,14.0,25.0,7.0,9.0,11.0,7.0,2.0,4.0,5.25,4.5,1.55,5.5,4.78,1.62
2024-08-24,FC Augsburg,Werder Bremen,2,2,D,10.0,12.0,3.0,6.0,11.0,10.0,4.0,2.0,2.2,3.6,3.1,2.35,3.8,3.16
2024-08-24,SC Freiburg,VfB Stuttgart,3,1,H,15.0,9.0,4.0,2.0,7.0,10.0,6.0,3.0,3.5,3.6,2.05,3.65,3.87,2.11
2024-08-24,TSG Hoffenheim,Holstein Kiel,3,2,H,20.0,15.0,8.0,6.0,8.0,14.0,8.0,6.0,1.65,4.5,4.5,1.69,4.52,5.2
2024-08-24,FSV Mainz 05,Union Berlin,1,1,D,15.0,15.0,3.0,4.0,9.0,15.0,8.0,9.0,2.0,3.4,3.9,2.11,3.4,4.2
2024-08-24,RB Leipzig,VfL Bochum,1,0,H,12.0,10.0,3.0,4.0,9.0,17.0,9.0,3.0,1.25,7.0,9.0,1.28,7.01,12.0
2024-08-24,Borussia Dortmund,Ein Frankfurt,2,0,H,17.0,7.0,5.0,2.0,6.0,3.0,7.0,7.0,1.7,4.1,4.5,1.75,4.52,4.52
2024-08-25,VfL Wolfsburg,Bayern Munich,2,3,A,11.0,14.0,2.0,8.0,13.0,11.0,1.0,7.0,6.25,4.75,1.45,6.6,5.1,1.51
2024-08-25,FC St. Pauli,1. FC Heidenheim,0,2,A,11.0,6.0,3.0,3.0,10.0,15.0,4.0,2.0,2.1,3.5,3.4,2.17,3.62,3.68
2024-08-30,Union Berlin,FC St. Pauli,1,0,H,10.0,8.0,5.0,2.0,10.0,11.0,5.0,4.0,1.91,3.5,4.1,2.01,3.6,4.4
2024-08-31,VfL Bochum,Borussia Monchengladbach,0,2,A,16.0,15.0,4.0,6.0,9.0,10.0,3.0,4.0,2.6,3.6,2.6,2.69,3.88,2.65
2024-08-31,Bayer Leverkusen,RB Leipzig,2,3,A,27.0,10.0,10.0,4.0,7.0,8.0,18.0,2.0,1.75,4.2,4.1,1.85,4.3,4.4
2024-08-31,Ein Frankfurt,TSG Hoffenheim,3,1,H,17.0,10.0,7.0,3.0,10.0,10.0,1.0,4.0,1.8,4.2,3.9,1.85,4.3,4.2
2024-08-31,VfB Stuttgart,FSV Mainz 05,3,3,D,28.0,9.0,13.0,7.0,6.0,12.0,11.0,2.0,1.62,4.33,5.25,1.7,4.42,5.25
2024-08-31,Holstein Kiel,VfL Wolfsburg,0,2,A,12.0,12.0,5.0,4.0,17.0,14.0,1.0,7.0,3.2,3.7,2.15,3.4,3.86,2.21
2024-08-31,Werder Bremen,Borussia Dortmund,0,0,D,5.0,9.0,1.0,4.0,11.0,16.0,5.0,6.0,4.1,4.0,1.8,4.2,4.37,1.86
2024-09-01,1. FC Heidenheim,FC Augsburg,4,0,H,17.0,15.0,9.0,1.0,15.0,11.0,5.0,6.0,2.38,3.5,2.9,2.46,3.72,3.04
2024-09-01,Bayern Munich,SC Freiburg,2,0,H,11.0,8.0,4.0,4.0,13.0,12.0,2.0,4.0,1.2,8.0,11.0,1.24,8.4,13.0
2024-09-13,Borussia Dortmund,1. FC Heidenheim,4,2,H,13.0,11.0,7.0,4.0,13.0,18.0,8.0,1.0,1.4,5.5,6.5,1.43,5.5,8.0
2024-09-14,SC Freiburg,VfL Bochum,2,1,H,27.0,13.0,9.0,2.0,5.0,16.0,5.0,6.0,1.7,3.9,5.0,1.75,4.26,5.0
2024-09-14,TSG Hoffenheim,Bayer Leverkusen,1,4,A,14.0,20.0,5.0,8.0,9.0,10.0,4.0,12.0,5.75,4.5,1.48,6.2,5.19,1.55
2024-09-14,Borussia Monchengladbach,VfB Stuttgart,1,3,A,15.0,12.0,7.0,7.0,14.0,12.0,6.0,2.0,2.75,4.0,2.3,2.93,4.11,2.37
2024-09-14,RB Leipzig,Union Berlin,0,0,D,16.0,11.0,3.0,3.0,9.0,19.0,6.0,5.0,1.48,4.5,6.5,1.51,4.9,7.0
2024-09-14,VfL Wolfsburg,Ein Frankfurt,1,2,A,17.0,15.0,4.0,7.0,7.0,18.0,5.0,4.0,2.63,3.6,2.5,2.75,3.74,2.67
2024-09-14,Holstein Kiel,Bayern Munich,1,6,A,5.0,23.0,1.0,13.0,12.0,11.0,2.0,10.0,11.0,7.0,1.22,13.0,7.9,1.26
2024-09-15,FC Augsburg,FC St. Pauli,3,1,H,18.0,12.0,10.0,3.0,12.0,10.0,7.0,7.0,2.1,3.6,3.4,2.13,3.84,3.56
2024-09-15,FSV Mainz 05,Werder Bremen,1,2,A,11.0,11.0,5.0,5.0,12.0,7.0,10.0,4.0,2.0,3.7,3.5,2.08,3.84,3.72
2024-09-20,FC Augsburg,FSV Mainz 05,2,3,A,30.0,5.0,9.0,3.0,7.0,12.0,14.0,1.0,2.38,3.5,2.9,2.5,3.72,3.01
2024-09-21,Union Berlin,TSG Hoffenheim,2,1,H,12.0,6.0,2.0,3.0,17.0,18.0,5.0,5.0,2.0,3.6,3.7,2.12,3.88,3.8
2024-09-21,Werder Bremen,Bayern Munich,0,5,A,0.0,25.0,0.0,7.0,4.0,13.0,1.0,4.0,8.0,5.5,1.36,8.5,5.9,1.4
2024-09-21,Ein Frankfurt,Borussia Monchengladbach,2,0,H,14.0,22.0,4.0,7.0,10.0,12.0,8.0,5.0,1.75,4.0,4.33,1.82,4.36,4.33
2024-09-21,VfL Bochum,Holstein Kiel,2,2,D,14.0,13.0,3.0,4.0,20.0,9.0,2.0,5.0,1.91,3.5,4.0,2.02,3.9,4.0
2024-09-21,1. FC Heidenheim,SC Freiburg,0,3,A,7.0,14.0,2.0,5.0,6.0,7.0,3.0,9.0,2.7,3.5,2.55,2.82,3.55,2.66
2024-09-22,Bayer Leverkusen,VfL Wolfsburg,4,3,H,20.0,8.0,7.0,4.0,6.0,14.0,6.0,2.0,1.3,5.75,8.0,1.34,6.2,10.5
2024-09-22,VfB Stuttgart,Borussia Dortmund,5,1,H,16.0,6.0,9.0,3.0,10.0,6.0,6.0,4.0,2.3,3.75,2.9,2.36,4.16,2.99
2024-09-22,FC St. Pauli,RB Leipzig,0,0,D,15.0,10.0,4.0,5.0,6.0,9.0,3.0,1.0,5.75,3.9,1.62,5.75,4.37,1.67
2024-09-27,Borussia Dortmund,VfL Bochum,4,2,H,23.0,10.0,8.0,6.0,12.0,9.0,11.0,0.0,1.25,7.0,9.0,1.26,7.32,11.4
2024-09-28,SC Freiburg,FC St. Pauli,0,3,A,6.0,10.0,2.0,4.0,7.0,18.0,4.0,2.0,1.62,4.0,5.5,1.69,4.27,5.7
2024-09-28,FSV Mainz 05,1. FC Heidenheim,0,2,A,7.0,14.0,2.0,7.0,10.0,10.0,7.0,6.0,1.83,3.75,4.2,1.89,4.01,4.3
2024-09-28,Borussia Monchengladbach,Union Berlin,1,0,H,8.0,9.0,3.0,3.0,10.0,12.0,2.0,4.0,2.1,3.5,3.4,2.2,3.79,3.64
2024-09-28,VfL Wolfsburg,VfB Stuttgart,2,2,D,5.0,17.0,2.0,5.0,20.0,10.0,1.0,3.0,3.2,3.9,2.05,3.39,4.1,2.19
2024-09-28,Bayern Munich,Bayer Leverkusen,1,1,D,18.0,3.0,3.0,3.0,11.0,15.0,6.0,1.0,1.73,4.33,4.2,1.75,4.79,4.53
2024-09-28,RB Leipzig,FC Augsburg,4,0,H,14.0,7.0,7.0,1.0,9.0,13.0,8.0,5.0,1.4,5.25,6.5,1.48,5.55,7.5
2024-09-29,Holstein Kiel,Ein Frankfurt,2,4,A,10.0,18.0,5.0,10.0,12.0,13.0,4.0,9.0,4.2,4.2,1.73,4.6,4.43,1.77
2024-09-29,TSG Hoffenheim,Werder Bremen,3,4,A,10.0,18.0,5.0,10.0,12.0,19.0,2.0,6.0,2.38,3.8,2.7,2.42,4.07,2.9
2024-10-04,FC Augsburg,Borussia Monchengladbach,2,1,H,13.0,11.0,5.0,5.0,13.0,15.0,6.0,5.0,2.38,3.7,2.7,2.5,4.02,2.85
2024-10-05,VfL Bochum,VfL Wolfsburg,1,3,A,17.0,15.0,5.0,5.0,11.0,12.0,7.0,6.0,3.0,3.7,2.2,3.14,3.91,2.3
2024-10-05,Bayer Leverkusen,Holstein Kiel,2,2,D,24.0,8.0,7.0,4.0,5.0,9.0,12.0,3.0,1.09,11.0,21.0,1.1,15.0,29.0
2024-10-05,Union Berlin,Borussia Dortmund,2,1,H,13.0,9.0,5.0,5.0,15.0,17.0,3.0,3.0,3.3,3.5,2.15,3.5,3.79,2.22
2024-10-05,Werder Bremen,SC Freiburg,0,1,A,11.0,13.0,3.0,3.0,7.0,9.0,7.0,5.0,2.6,3.5,2.6,2.7,3.81,2.66
2024-10-05,FC St. Pauli,FSV Mainz 05,0,3,A,17.0,8.0,4.0,4.0,12.0,16.0,2.0,2.0,2.4,3.3,2.9,2.5,3.66,3.02
2024-10-06,1. FC Heidenheim,RB Leipzig,0,1,A,15.0,12.0,4.0,2.0,12.0,13.0,3.0,2.0,4.5,4.33,1.67,4.9,4.5,1.75
2024-10-06,Ein Frankfurt,Bayern Munich,3,3,D,5.0,22.0,4.0,13.0,10.0,6.0,0.0,11.0,5.5,4.5,1.53,5.9,5.04,1.57
2024-10-06,VfB Stuttgart,TSG Hoffenheim,1,1,D,18.0,7.0,7.0,5.0,10.0,7.0,10.0,5.0,1.3,6.0,8.0,1.35,6.7,8.7
2024-10-18,Borussia Dortmund,FC St. Pauli,2,1,H,20.0,10.0,7.0,3.0,8.0,7.0,7.0,1.0,1.3,5.25,9.5,1.36,6.02,11.0
2024-10-19,Borussia Monchengladbach,1. FC Heidenheim,3,2,H,20.0,19.0,10.0,6.0,15.0,9.0,6.0,3.0,1.85,3.7,4.1,1.9,4.0,4.5
2024-10-19,SC Freiburg,FC Augsburg,3,1,H,15.0,9.0,6.0,3.0,11.0,7.0,5.0,4.0,1.73,3.75,4.75,1.77,4.11,5.0
2024-10-19,TSG Hoffenheim,VfL Bochum,3,1,H,12.0,13.0,7.0,4.0,10.0,12.0,4.0,2.0,1.7,4.5,4.2,1.74,4.6,4.52
2024-10-19,Bayer Leverkusen,Ein Frankfurt,2,1,H,27.0,9.0,9.0,2.0,9.0,5.0,8.0,3.0,1.44,4.75,6.5,1.49,5.3,6.5
2024-10-19,FSV Mainz 05,RB Leipzig,0,2,A,16.0,11.0,2.0,5.0,12.0,15.0,5.0,3.0,3.9,3.8,1.85,4.3,4.1,1.91
2024-10-19,Bayern Munich,VfB Stuttgart,4,0,H,22.0,4.0,10.0,1.0,6.0,10.0,7.0,3.0,1.36,5.25,7.5,1.39,6.01,8.0
2024-10-20,Holstein Kiel,Union Berlin,0,2,A,12.0,14.0,5.0,4.0,8.0,11.0,7.0,3.0,3.5,3.3,2.15,3.5,3.63,2.21
2024-10-20,VfL Wolfsburg,Werder Bremen,2,4,A,14.0,15.0,6.0,7.0,15.0,9.0,4.0,4.0,2.1,3.6,3.3,2.1,3.87,3.57
2024-10-25,FSV Mainz 05,Borussia Monchengladbach,1,1,D,23.0,9.0,6.0,5.0,16.0,16.0,2.0,4.0,2.3,3.75,2.8,2.4,3.93,2.93
2024-10-26,FC Augsburg,Borussia Dortmund,2,1,H,12.0,11.0,4.0,4.0,13.0,10.0,3.0,5.0,3.6,4.0,1.9,3.96,4.17,1.96
2024-10-26,RB Leipzig,SC Freiburg,3,1,H,12.0,15.0,9.0,5.0,9.0,7.0,3.0,3.0,1.73,4.1,4.5,1.77,4.3,4.9
2024-10-26,FC St. Pauli,VfL Wolfsburg,0,0,D,14.0,10.0,5.0,4.0,9.0,12.0,7.0,6.0,2.55,3.5,2.63,2.74,3.59,2.76
2024-10-26,VfB Stuttgart,Holstein Kiel,2,1,H,16.0,9.0,6.0,3.0,6.0,17.0,9.0,5.0,1.22,7.5,9.5,1.28,7.7,12.0
2024-10-26,Werder Bremen,Bayer Leverkusen,2,2,D,13.0,15.0,8.0,6.0,9.0,11.0,3.0,5.0,5.25,5.0,1.5,6.0,5.1,1.55
2024-10-27,Union Berlin,Ein Frankfurt,1,1,D,13.0,17.0,4.0,5.0,13.0,7.0,4.0,5.0,2.55,3.3,2.75,2.64,3.6,2.84
2024-10-27,1. FC Heidenheim,TSG Hoffenheim,0,0,D,17.0,12.0,3.0,4.0,12.0,16.0,7.0,3.0,2.25,3.5,3.1,2.41,3.8,3.13
2024-10-27,VfL Bochum,Bayern Munich,0,5,A,6.0,17.0,2.0,9.0,15.0,6.0,2.0,5.0,12.0,9.5,1.17,17.0,10.0,1.17
2024-11-01,Bayer Leverkusen,VfB Stuttgart,0,0,D,19.0,4.0,5.0,1.0,13.0,14.0,10.0,2.0,1.55,4.75,5.25,1.61,5.0,5.5
2024-11-02,VfL Wolfsburg,FC Augsburg,1,1,D,18.0,3.0,6.0,1.0,7.0,14.0,8.0,1.0,2.0,3.75,3.5,2.05,4.0,3.65
2024-11-02,Borussia Dortmund,RB Leipzig,2,1,H,19.0,7.0,7.0,3.0,11.0,12.0,4.0,0.0,2.2,3.8,3.0,2.3,3.93,3.18
2024-11-02,Holstein Kiel,1. FC Heidenheim,1,0,H,11.0,17.0,6.0,4.0,16.0,14.0,5.0,6.0,2.7,3.5,2.45,2.88,3.62,2.6
2024-11-02,TSG Hoffenheim,FC St. Pauli,0,2,A,12.0,7.0,6.0,3.0,10.0,10.0,7.0,2.0,1.83,3.8,4.0,1.93,4.1,4.1
2024-11-02,Ein Frankfurt,VfL Bochum,7,2,H,18.0,11.0,9.0,8.0,6.0,15.0,5.0,2.0,1.33,5.75,7.5,1.37,6.2,8.6
2024-11-02,Bayern Munich,Union Berlin,3,0,H,16.0,8.0,7.0,1.0,2.0,9.0,7.0,4.0,1.18,7.5,13.0,1.2,8.7,17.0
2024-11-03,SC Freiburg,FSV Mainz 05,0,0,D,10.0,9.0,2.0,2.0,9.0,12.0,8.0,4.0,1.7,3.9,4.75,1.74,4.22,5.21
2024-11-03,Borussia Monchengladbach,Werder Bremen,4,1,H,16.0,15.0,8.0,5.0,12.0,10.0,7.0,7.0,2.1,3.8,3.2,2.18,4.0,3.3
2024-11-08,Union Berlin,SC Freiburg,0,0,D,12.0,14.0,6.0,4.0,11.0,8.0,4.0,1.0,2.45,3.25,2.9,2.56,3.3,3.15
2024-11-09,RB Leipzig,Borussia Monchengladbach,0,0,D,11.0,14.0,4.0,4.0,14.0,7.0,8.0,4.0,1.57,4.33,5.25,1.64,4.8,5.5
2024-11-09,Werder Bremen,Holstein Kiel,2,1,H,16.0,12.0,5.0,5.0,10.0,19.0,6.0,3.0,1.62,4.33,4.75,1.69,4.53,5.3
2024-11-09,FC St. Pauli,Bayern Munich,0,1,A,3.0,13.0,0.0,6.0,10.0,7.0,5.0,10.0,9.0,7.0,1.25,13.0,7.5,1.26
2024-11-09,VfL Bochum,Bayer Leverkusen,1,1,D,15.0,11.0,3.0,3.0,10.0,9.0,6.0,4.0,9.5,6.5,1.27,11.0,7.24,1.3
2024-11-09,FSV Mainz 05,Borussia Dortmund,3,1,H,13.0,2.0,9.0,1.0,17.0,5.0,8.0,0.0,3.5,3.6,2.0,3.63,4.02,2.1
2024-11-10,FC Augsburg,TSG Hoffenheim,0,0,D,16.0,11.0,4.0,2.0,16.0,7.0,10.0,6.0,2.05,3.75,3.25,2.15,4.02,3.37
2024-11-10,VfB Stuttgart,Ein Frankfurt,2,3,A,22.0,8.0,11.0,5.0,10.0,15.0,8.0,3.0,1.9,4.0,3.7,1.95,4.27,3.85
2024-11-10,1. FC Heidenheim,VfL Wolfsburg,1,3,A,19.0,13.0,4.0,6.0,9.0,23.0,5.0,5.0,2.75,3.4,2.45,2.94,3.6,2.61
2024-11-22,Bayern Munich,FC Augsburg,3,0,H,33.0,2.0,14.0,1.0,9.0,9.0,8.0,0.0,1.13,10.0,15.0,1.15,12.0,23.0
2024-11-23,Ein Frankfurt,Werder Bremen,1,0,H,15.0,8.0,5.0,1.0,15.0,9.0,5.0,6.0,1.7,4.1,4.5,1.77,4.46,4.7
2024-11-23,VfL Wolfsburg,Union Berlin,1,0,H,10.0,11.0,5.0,4.0,7.0,15.0,8.0,5.0,2.3,3.3,3.2,2.4,3.48,3.31
2024-11-23,VfB Stuttgart,VfL Bochum,2,0,H,15.0,9.0,5.0,2.0,7.0,16.0,7.0,4.0,1.29,6.0,9.0,1.35,6.51,9.65
2024-11-23,Borussia Dortmund,SC Freiburg,4,0,H,19.0,7.0,7.0,3.0,11.0,4.0,7.0,0.0,1.67,4.2,4.5,1.75,4.42,5.0
2024-11-23,TSG Hoffenheim,RB Leipzig,4,3,H,20.0,14.0,7.0,6.0,14.0,12.0,4.0,3.0,3.4,3.5,2.1,3.55,3.79,2.15
2024-11-23,Bayer Leverkusen,1. FC Heidenheim,5,2,H,20.0,6.0,10.0,3.0,8.0,11.0,6.0,0.0,1.2,6.5,15.0,1.22,8.6,15.0
2024-11-24,Holstein Kiel,FSV Mainz 05,0,3,A,7.0,18.0,2.0,7.0,11.0,7.0,2.0,6.0,3.1,3.4,2.3,3.2,3.73,2.36
2024-11-24,Borussia Monchengladbach,FC St. Pauli,2,0,H,15.0,15.0,4.0,3.0,7.0,8.0,5.0,4.0,1.8,3.8,4.2,1.85,4.0,4.54
2024-11-29,FC St. Pauli,Holstein Kiel,3,1,H,11.0,10.0,4.0,3.0,10.0,11.0,4.0,4.0,1.67,3.75,5.25,1.86,3.97,5.4
2024-11-30,Borussia Dortmund,Bayern Munich,1,1,D,7.0,14.0,2.0,5.0,11.0,7.0,2.0,3.0,4.75,4.1,1.67,4.75,4.58,1.74
2024-11-30,Werder Bremen,VfB Stuttgart,2,2,D,20.0,10.0,6.0,4.0,8.0,13.0,11.0,2.0,3.0,3.75,2.2,3.1,4.0,2.33
2024-11-30,Union Berlin,Bayer Leverkusen,1,2,A,8.0,8.0,2.0,3.0,18.0,11.0,1.0,3.0,4.75,3.7,1.75,4.96,4.0,1.81
2024-11-30,SC Freiburg,Borussia Monchengladbach,3,1,H,17.0,15.0,7.0,4.0,5.0,14.0,4.0,6.0,1.95,3.8,3.6,2.06,3.91,3.74
2024-11-30,FC Augsburg,VfL Bochum,1,0,H,16.0,7.0,4.0,1.0,8.0,22.0,6.0,1.0,1.73,4.0,4.5,1.76,4.22,5.12
2024-11-30,RB Leipzig,VfL Wolfsburg,1,5,A,9.0,13.0,4.0,8.0,11.0,6.0,7.0,3.0,1.7,4.0,4.75,1.73,4.38,5.0
2024-12-01,FSV Mainz 05,TSG Hoffenheim,2,0,H,18.0,10.0,8.0,2.0,13.0,12.0,8.0,3.0,2.1,3.4,3.5,2.13,3.8,3.6
2024-12-01,1. FC Heidenheim,Ein Frankfurt,0,4,A,8.0,14.0,1.0,8.0,7.0,9.0,6.0,5.0,3.7,3.7,1.95,3.89,3.87,2.0
2024-12-06,VfB Stuttgart,Union Berlin,3,2,H,7.0,14.0,5.0,3.0,14.0,19.0,1.0,6.0,1.8,3.6,4.5,1.87,3.71,4.8
2024-12-07,Bayern Munich,1. FC Heidenheim,4,2,H,21.0,2.0,10.0,2.0,4.0,5.0,8.0,0.0,1.1,11.0,19.0,1.11,15.0,29.0
2024-12-07,VfL Bochum,Werder Bremen,0,1,A,12.0,9.0,2.0,1.0,12.0,10.0,9.0,5.0,3.2,3.5,2.2,3.25,3.75,2.27
2024-12-07,Ein Frankfurt,FC Augsburg,2,2,D,16.0,8.0,4.0,3.0,17.0,9.0,4.0,0.0,1.53,4.1,6.25,1.59,4.6,6.25
2024-12-07,Holstein Kiel,RB Leipzig,0,2,A,17.0,9.0,5.0,5.0,11.0,13.0,6.0,1.0,5.75,4.2,1.57,5.75,4.5,1.62
2024-12-07,Bayer Leverkusen,FC St. Pauli,2,1,H,6.0,12.0,2.0,4.0,8.0,10.0,7.0,4.0,1.25,6.5,10.0,1.26,7.1,13.0
2024-12-07,Borussia Monchengladbach,Borussia Dortmund,1,1,D,9.0,16.0,3.0,3.0,16.0,11.0,7.0,4.0,3.2,3.75,2.1,3.31,4.0,2.15
2024-12-08,VfL Wolfsburg,FSV Mainz 05,4,3,H,10.0,12.0,5.0,5.0,10.0,15.0,3.0,5.0,2.15,3.3,3.5,2.2,3.55,3.64
2024-12-08,TSG Hoffenheim,SC Freiburg,1,1,D,15.0,11.0,5.0,4.0,10.0,5.0,6.0,1.0,2.7,3.4,2.55,2.78,3.6,2.61
2024-12-13,SC Freiburg,VfL Wolfsburg,3,2,H,18.0,20.0,9.0,5.0,11.0,3.0,5.0,6.0,2.2,3.3,3.3,2.27,3.54,3.42
2024-12-14,FC Augsburg,Bayer Leverkusen,0,2,A,8.0,14.0,4.0,3.0,12.0,5.0,4.0,9.0,5.75,4.0,1.57,5.75,4.46,1.64
2024-12-14,FSV Mainz 05,Bayern Munich,2,1,H,8.0,13.0,4.0,1.0,21.0,12.0,3.0,2.0,6.5,4.5,1.48,7.21,4.94,1.5
2024-12-14,Borussia Monchengladbach,Holstein Kiel,4,1,H,15.0,11.0,6.0,3.0,10.0,14.0,5.0,2.0,1.44,4.75,6.5,1.49,5.09,7.13
2024-12-14,Union Berlin,VfL Bochum,0,2,A,,,,,,,,,1.6,3.8,6.0,1.63,4.17,6.5
2024-12-14,FC St. Pauli,Werder Bremen,0,2,A,15.0,8.0,4.0,4.0,10.0,9.0,4.0,5.0,2.63,3.4,2.63,2.72,3.58,2.77
2024-12-15,1. FC Heidenheim,VfB Stuttgart,1,3,A,9.0,18.0,2.0,7.0,25.0,13.0,9.0,6.0,4.0,4.0,1.8,4.27,4.05,1.87
2024-12-15,Borussia Dortmund,TSG Hoffenheim,1,1,D,6.0,12.0,2.0,1.0,9.0,10.0,3.0,9.0,1.44,5.0,6.0,1.48,5.3,7.0
2024-12-15,RB Leipzig,Ein Frankfurt,2,1,H,19.0,16.0,9.0,3.0,15.0,10.0,6.0,7.0,2.05,4.0,3.2,2.15,4.06,3.29
2024-12-20,Bayern Munich,RB Leipzig,5,1,H,22.0,4.0,9.0,1.0,9.0,10.0,8.0,1.0,1.2,7.5,11.0,1.28,7.95,13.15
2024-12-21,VfB Stuttgart,FC St. Pauli,0,1,A,25.0,11.0,5.0,5.0,10.0,11.0,9.0,1.0,1.45,4.75,6.5,1.51,4.79,6.93
2024-12-21,Holstein Kiel,FC Augsburg,5,1,H,8.0,17.0,6.0,4.0,11.0,13.0,3.0,8.0,3.0,3.4,2.35,3.19,3.4,2.46
2024-12-21,Bayer Leverkusen,SC Freiburg,5,1,H,20.0,8.0,12.0,2.0,8.0,9.0,4.0,2.0,1.38,5.0,7.5,1.43,5.33,9.0
2024-12-21,Ein Frankfurt,FSV Mainz 05,1,3,A,34.0,9.0,9.0,3.0,10.0,10.0,17.0,2.0,1.83,4.0,3.9,1.91,4.07,4.2
2024-12-21,Werder Bremen,Union Berlin,4,1,H,11.0,16.0,6.0,4.0,9.0,12.0,4.0,9.0,2.05,3.3,3.75,2.15,3.52,3.79
2024-12-21,TSG Hoffenheim,Borussia Monchengladbach,1,2,A,18.0,5.0,8.0,3.0,14.0,6.0,8.0,4.0,2.3,3.6,2.9,2.42,3.93,2.92
2024-12-22,VfL Wolfsburg,Borussia Dortmund,1,3,A,14.0,12.0,5.0,4.0,8.0,8.0,10.0,4.0,3.1,3.6,2.2,3.15,3.9,2.3
2024-12-22,VfL Bochum,1. FC Heidenheim,2,0,H,14.0,10.0,4.0,2.0,18.0,15.0,5.0,2.0,2.3,3.5,3.0,2.37,3.77,3.07
2025-01-10,Borussia Dortmund,Bayer Leverkusen,2,3,A,12.0,7.0,5.0,5.0,8.0,6.0,6.0,1.0,2.7,3.6,2.45,2.96,3.67,2.49
2025-01-11,SC Freiburg,Holstein Kiel,3,2,H,14.0,14.0,5.0,7.0,9.0,12.0,7.0,1.0,1.4,4.75,7.5,1.43,5.25,8.0
2025-01-11,1. FC Heidenheim,Union Berlin,2,0,H,16.0,10.0,9.0,6.0,8.0,10.0,5.0,4.0,3.1,3.3,2.3,3.31,3.31,2.43
2025-01-11,TSG Hoffenheim,VfL Wolfsburg,0,1,A,15.0,12.0,2.0,3.0,15.0,14.0,4.0,8.0,2.35,3.6,2.88,2.5,3.6,3.02
2025-01-11,FSV Mainz 05,VfL Bochum,2,0,H,10.0,11.0,5.0,2.0,6.0,16.0,5.0,6.0,1.53,4.33,5.75,1.61,4.46,6.0
2025-01-11,FC St. Pauli,Ein Frankfurt,0,1,A,18.0,14.0,4.0,6.0,8.0,7.0,3.0,3.0,3.7,3.5,2.05,3.81,3.6,2.14
2025-01-11,Borussia Monchengladbach,Bayern Munich,0,1,A,5.0,23.0,0.0,10.0,10.0,7.0,4.0,10.0,7.0,5.0,1.4,7.2,5.5,1.45
2025-01-12,RB Leipzig,Werder Bremen,4,2,H,18.0,7.0,7.0,2.0,7.0,12.0,4.0,1.0,1.75,4.0,4.2,1.81,4.32,4.6
2025-01-12,FC Augsburg,VfB Stuttgart,0,1,A,8.0,13.0,2.0,5.0,11.0,14.0,3.0,9.0,3.6,3.6,2.0,3.79,3.79,2.05
2025-01-14,VfL Wolfsburg,Borussia Monchengladbach,5,1,H,16.0,9.0,5.0,5.0,10.0,7.0,4.0,7.0,1.91,3.8,3.75,1.99,4.06,3.9
2025-01-14,Bayer Leverkusen,FSV Mainz 05,1,0,H,20.0,7.0,9.0,4.0,4.0,14.0,8.0,4.0,1.36,5.25,7.5,1.4,5.39,9.0
2025-01-14,Holstein Kiel,Borussia Dortmund,4,2,H,11.0,16.0,7.0,4.0,13.0,11.0,1.0,9.0,5.25,4.5,1.55,5.75,4.79,1.61
2025-01-14,Ein Frankfurt,SC Freiburg,4,1,H,23.0,7.0,8.0,5.0,8.0,11.0,8.0,1.0,1.7,4.2,4.33,1.8,4.38,4.77
2025-01-15,Werder Bremen,1. FC Heidenheim,3,3,D,12.0,14.0,5.0,5.0,10.0,15.0,4.0,2.0,1.6,4.2,4.75,1.68,4.46,5.25
2025-01-15,VfL Bochum,FC St. Pauli,1,0,H,13.0,12.0,5.0,1.0,7.0,15.0,6.0,7.0,2.6,3.25,2.75,2.66,3.5,2.87
2025-01-15,Bayern Munich,TSG Hoffenheim,5,0,H,25.0,5.0,10.0,2.0,8.0,10.0,13.0,1.0,1.13,9.0,17.0,1.14,11.3,21.0
2025-01-15,VfB Stuttgart,RB Leipzig,2,1,H,14.0,6.0,6.0,3.0,10.0,19.0,5.0,0.0,1.95,3.9,3.4,2.05,3.9,3.71
2025-01-15,Union Berlin,FC Augsburg,0,2,A,13.0,11.0,2.0,5.0,15.0,9.0,7.0,4.0,1.83,3.5,4.5,1.87,3.73,4.75
2025-01-17,Ein Frankfurt,Borussia Dortmund,2,0,H,13.0,12.0,5.0,3.0,8.0,6.0,5.0,7.0,2.55,3.6,2.63,2.65,3.75,2.72
2025-01-18,VfB Stuttgart,SC Freiburg,4,0,H,12.0,4.0,7.0,0.0,8.0,12.0,4.0,1.0,1.65,4.5,4.5,1.7,4.5,5.0
2025-01-18,VfL Bochum,RB Leipzig,3,3,D,14.0,11.0,3.0,3.0,14.0,7.0,6.0,3.0,3.7,3.6,2.0,3.75,3.92,2.04
2025-01-18,1. FC Heidenheim,FC St. Pauli,0,2,A,8.0,7.0,1.0,4.0,11.0,17.0,4.0,4.0,2.38,3.5,2.8,2.49,3.59,3.0
2025-01-18,Holstein Kiel,TSG Hoffenheim,1,3,A,12.0,11.0,3.0,6.0,13.0,14.0,4.0,3.0,3.0,3.4,2.35,3.0,3.83,2.45
2025-01-18,Bayern Munich,VfL Wolfsburg,3,2,H,25.0,7.0,10.0,3.0,10.0,9.0,6.0,2.0,1.17,7.5,15.0,1.19,9.4,17.0
2025-01-18,Bayer Leverkusen,Borussia Monchengladbach,3,1,H,10.0,7.0,5.0,4.0,12.0,10.0,7.0,6.0,1.27,5.75,11.0,1.3,6.59,11.0
2025-01-19,Union Berlin,FSV Mainz 05,2,1,H,12.0,9.0,4.0,1.0,12.0,10.0,2.0,2.0,2.55,3.2,2.88,2.69,3.28,2.97
2025-01-19,Werder Bremen,FC Augsburg,0,2,A,20.0,9.0,2.0,4.0,8.0,14.0,6.0,2.0,1.85,3.8,4.0,1.9,3.91,4.27
2025-01-24,VfL Wolfsburg,Holstein Kiel,2,2,D,22.0,5.0,5.0,2.0,9.0,10.0,10.0,3.0,1.42,5.0,7.0,1.47,5.17,7.5
2025-01-25,FC Augsburg,1. FC Heidenheim,2,1,H,11.0,11.0,7.0,6.0,8.0,9.0,6.0,4.0,1.82,3.6,4.0,1.95,3.83,4.33
2025-01-25,Borussia Dortmund,Werder Bremen,2,2,D,8.0,13.0,4.0,4.0,11.0,15.0,5.0,5.0,1.62,4.33,4.75,1.68,4.58,5.03
2025-01-25,SC Freiburg,Bayern Munich,1,2,A,7.0,7.0,2.0,3.0,15.0,9.0,2.0,4.0,7.5,5.75,1.33,9.5,5.87,1.37
2025-01-25,FSV Mainz 05,VfB Stuttgart,2,0,H,11.0,10.0,4.0,5.0,12.0,8.0,9.0,2.0,2.8,3.5,2.45,2.95,3.65,2.5
2025-01-25,RB Leipzig,Bayer Leverkusen,2,2,D,8.0,13.0,4.0,7.0,12.0,6.0,7.0,3.0,3.7,3.9,1.9,3.84,4.16,1.95
2025-01-25,Borussia Monchengladbach,VfL Bochum,3,0,H,16.0,10.0,6.0,4.0,6.0,15.0,8.0,7.0,1.73,4.0,4.5,1.78,4.27,4.66
2025-01-26,TSG Hoffenheim,Ein Frankfurt,2,2,D,24.0,12.0,8.0,7.0,16.0,8.0,9.0,3.0,3.1,3.6,2.2,3.17,3.86,2.3
2025-01-26,FC St. Pauli,Union Berlin,3,0,H,16.0,14.0,5.0,2.0,6.0,15.0,5.0,7.0,2.55,3.1,3.0,2.55,3.38,3.12
2025-01-31,Werder Bremen,FSV Mainz 05,1,0,H,12.0,13.0,5.0,2.0,14.0,13.0,3.0,8.0,2.25,3.3,3.2,2.38,3.55,3.25
2025-02-01,Bayern Munich,Holstein Kiel,4,3,H,29.0,10.0,12.0,6.0,7.0,10.0,12.0,1.0,1.05,17.0,26.0,1.07,24.0,55.0
2025-02-01,VfL Bochum,SC Freiburg,0,1,A,22.0,13.0,4.0,5.0,15.0,10.0,9.0,7.0,2.8,3.4,2.5,2.96,3.46,2.57
2025-02-01,1. FC Heidenheim,Borussia Dortmund,1,2,A,11.0,16.0,5.0,5.0,11.0,9.0,4.0,5.0,4.33,3.9,1.75,4.49,4.32,1.81
2025-02-01,FC St. Pauli,FC Augsburg,1,1,D,5.0,2.0,1.0,1.0,16.0,18.0,3.0,1.0,2.35,3.3,3.1,2.43,3.3,3.4
2025-02-01,VfB Stuttgart,Borussia Monchengladbach,1,2,A,10.0,12.0,3.0,6.0,11.0,11.0,2.0,0.0,1.57,4.5,5.0,1.62,4.84,5.5
2025-02-01,Union Berlin,RB Leipzig,0,0,D,21.0,6.0,6.0,2.0,5.0,12.0,4.0,5.0,3.1,3.5,2.25,3.24,3.66,2.31
2025-02-02,Ein Frankfurt,VfL Wolfsburg,1,1,D,16.0,11.0,4.0,2.0,8.0,8.0,9.0,1.0,1.95,3.8,3.6,2.02,4.1,3.75
2025-02-02,Bayer Leverkusen,TSG Hoffenheim,3,1,H,9.0,16.0,5.0,7.0,14.0,7.0,3.0,3.0,1.25,7.0,9.5,1.27,7.5,12.0
2025-02-07,Bayern Munich,Werder Bremen,3,0,H,21.0,2.0,12.0,0.0,9.0,8.0,5.0,2.0,1.1,11.0,17.0,1.14,14.2,31.0
2025-02-08,Borussia Dortmund,VfB Stuttgart,1,2,A,16.0,4.0,5.0,2.0,13.0,14.0,9.0,4.0,1.85,3.8,3.9,1.92,4.27,4.1
2025-02-08,SC Freiburg,1. FC Heidenheim,1,0,H,9.0,11.0,3.0,5.0,11.0,8.0,6.0,3.0,1.7,3.75,4.75,1.76,4.17,4.84
2025-02-08,TSG Hoffenheim,Union Berlin,0,4,A,16.0,22.0,4.0,7.0,9.0,16.0,8.0,4.0,2.2,3.5,3.2,2.29,3.75,3.25
2025-02-08,FSV Mainz 05,FC Augsburg,0,0,D,9.0,9.0,5.0,2.0,12.0,9.0,1.0,3.0,1.75,3.5,5.0,1.8,3.89,5.0
2025-02-08,VfL Wolfsburg,Bayer Leverkusen,0,0,D,13.0,15.0,8.0,1.0,7.0,8.0,3.0,9.0,4.33,3.6,1.8,4.5,4.1,1.88
2025-02-08,Borussia Monchengladbach,Ein Frankfurt,1,1,D,8.0,15.0,3.0,7.0,10.0,9.0,6.0,1.0,2.63,3.5,2.55,2.67,3.83,2.69
2025-02-09,Holstein Kiel,VfL Bochum,2,2,D,10.0,21.0,3.0,6.0,11.0,17.0,3.0,5.0,2.25,3.5,3.0,2.35,3.81,3.15
2025-02-09,RB Leipzig,FC St. Pauli,2,0,H,11.0,7.0,6.0,4.0,12.0,8.0,5.0,4.0,1.57,4.2,5.25,1.62,4.5,6.0
2025-02-14,FC Augsburg,RB Leipzig,0,0,D,11.0,14.0,2.0,4.0,12.0,12.0,8.0,9.0,2.9,3.3,2.4,3.1,3.54,2.51
2025-02-15,VfL Bochum,Borussia Dortmund,2,0,H,18.0,17.0,9.0,2.0,12.0,4.0,2.0,8.0,5.0,3.9,1.67,5.1,4.43,1.71
2025-02-15,FC St. Pauli,SC Freiburg,0,1,A,5.0,6.0,1.0,4.0,10.0,10.0,2.0,6.0,2.5,3.25,2.88,2.66,3.29,3.01
2025-02-15,VfB Stuttgart,VfL Wolfsburg,1,2,A,10.0,7.0,4.0,3.0,10.0,15.0,7.0,5.0,1.73,4.2,4.2,1.79,4.38,4.5
2025-02-15,Union Berlin,Borussia Monchengladbach,1,2,A,18.0,9.0,3.0,5.0,9.0,8.0,4.0,5.0,2.2,3.5,3.1,2.33,3.75,3.25
2025-02-15,Bayer Leverkusen,Bayern Munich,0,0,D,15.0,2.0,3.0,0.0,16.0,13.0,6.0,0.0,2.9,3.7,2.25,3.14,3.87,2.3
2025-02-16,Werder Bremen,TSG Hoffenheim,1,3,A,14.0,16.0,1.0,7.0,14.0,12.0,6.0,4.0,1.85,3.8,3.9,1.93,4.22,3.9
2025-02-16,Ein Frankfurt,Holstein Kiel,3,1,H,20.0,10.0,9.0,4.0,16.0,10.0,4.0,6.0,1.33,5.75,7.5,1.35,6.09,9.0
2025-02-16,1. FC Heidenheim,FSV Mainz 05,0,2,A,12.0,6.0,3.0,5.0,9.0,16.0,8.0,4.0,3.6,3.5,2.05,3.69,3.73,2.11
2025-02-21,SC Freiburg,Werder Bremen,5,0,H,13.0,9.0,8.0,3.0,14.0,8.0,3.0,7.0,2.0,3.5,3.75,2.1,3.76,3.94
2025-02-22,VfL Wolfsburg,VfL Bochum,1,1,D,13.0,11.0,6.0,5.0,8.0,15.0,3.0,5.0,1.53,4.2,6.0,1.6,4.64,6.0
2025-02-22,Holstein Kiel,Bayer Leverkusen,0,2,A,4.0,18.0,3.0,8.0,11.0,10.0,5.0,11.0,11.0,6.0,1.25,12.51,7.02,1.3
2025-02-22,FSV Mainz 05,FC St. Pauli,2,0,H,10.0,12.0,5.0,0.0,9.0,10.0,6.0,5.0,1.8,3.5,4.75,1.84,3.74,5.0
2025-02-22,Borussia Monchengladbach,FC Augsburg,0,3,A,8.0,17.0,5.0,4.0,10.0,9.0,2.0,4.0,1.85,3.75,4.0,1.88,4.04,4.5
2025-02-22,Borussia Dortmund,Union Berlin,6,0,H,24.0,6.0,8.0,1.0,10.0,11.0,5.0,3.0,1.53,4.5,5.5,1.58,4.7,6.0
2025-02-23,TSG Hoffenheim,VfB Stuttgart,1,1,D,9.0,14.0,2.0,7.0,8.0,10.0,4.0,8.0,3.5,3.9,1.95,3.66,4.22,2.0
2025-02-23,Bayern Munich,Ein Frankfurt,4,0,H,19.0,7.0,12.0,2.0,8.0,7.0,4.0,1.0,1.3,6.5,7.5,1.34,6.8,9.5
2025-02-23,RB Leipzig,1. FC Heidenheim,2,2,D,17.0,4.0,6.0,2.0,15.0,15.0,7.0,4.0,1.33,5.0,8.5,1.37,5.77,8.7
2025-02-28,VfB Stuttgart,Bayern Munich,1,3,A,12.0,17.0,3.0,8.0,12.0,13.0,4.0,6.0,4.75,4.2,1.65,5.0,4.46,1.7
2025-03-01,VfL Bochum,TSG Hoffenheim,0,1,A,12.0,10.0,3.0,2.0,16.0,17.0,8.0,5.0,2.4,3.6,2.8,2.52,3.85,2.9
2025-03-01,1. FC Heidenheim,Borussia Monchengladbach,0,3,A,20.0,13.0,5.0,5.0,9.0,15.0,6.0,2.0,3.1,3.5,2.25,3.13,3.85,2.38
2025-03-01,RB Leipzig,FSV Mainz 05,1,2,A,13.0,15.0,4.0,3.0,8.0,15.0,7.0,1.0,1.95,3.7,3.75,2.06,3.84,3.85
2025-03-01,FC St. Pauli,Borussia Dortmund,0,2,A,7.0,14.0,1.0,3.0,11.0,13.0,7.0,1.0,4.1,3.8,1.83,4.4,3.99,1.92
2025-03-01,Werder Bremen,VfL Wolfsburg,1,2,A,15.0,9.0,7.0,3.0,13.0,9.0,8.0,2.0,2.63,3.4,2.6,2.75,3.79,2.7
2025-03-01,Ein Frankfurt,Bayer Leverkusen,1,4,A,7.0,20.0,3.0,9.0,9.0,7.0,2.0,6.0,4.75,3.75,1.73,4.9,4.22,1.78
2025-03-02,Union Berlin,Holstein Kiel,0,1,A,14.0,10.0,3.0,3.0,16.0,12.0,11.0,3.0,1.57,4.33,5.25,1.64,4.43,5.61
2025-03-02,FC Augsburg,SC Freiburg,0,0,D,13.0,7.0,5.0,3.0,13.0,9.0,5.0,2.0,2.63,3.25,2.7,2.72,3.39,2.91
2025-03-07,Borussia Monchengladbach,FSV Mainz 05,1,3,A,12.0,16.0,4.0,8.0,6.0,6.0,4.0,3.0,2.6,3.3,2.7,2.71,3.5,2.79
2025-03-08,Bayer Leverkusen,Werder Bremen,0,2,A,18.0,11.0,4.0,7.0,12.0,10.0,10.0,3.0,1.27,5.75,11.0,1.28,6.8,12.0
2025-03-08,Holstein Kiel,VfB Stuttgart,2,2,D,17.0,5.0,5.0,2.0,8.0,9.0,3.0,1.0,5.75,4.33,1.53,6.2,4.8,1.54
2025-03-08,VfL Wolfsburg,FC St. Pauli,1,1,D,16.0,14.0,4.0,4.0,11.0,13.0,6.0,6.0,1.75,3.5,5.0,1.81,3.88,5.0
2025-03-08,Bayern Munich,VfL Bochum,2,3,A,14.0,8.0,5.0,5.0,7.0,14.0,9.0,3.0,1.11,9.5,19.0,1.13,14.0,21.0
2025-03-08,Borussia Dortmund,FC Augsburg,0,1,A,14.0,6.0,1.0,1.0,6.0,12.0,12.0,3.0,1.53,4.33,5.75,1.56,4.6,6.5
2025-03-08,SC Freiburg,RB Leipzig,0,0,D,10.0,18.0,2.0,3.0,6.0,11.0,2.0,6.0,2.55,3.3,2.7,2.67,3.4,2.86
2025-03-09,Ein Frankfurt,Union Berlin,1,2,A,14.0,11.0,3.0,3.0,10.0,8.0,1.0,5.0,1.73,4.0,4.5,1.78,4.22,4.75
2025-03-09,TSG Hoffenheim,1. FC Heidenheim,1,1,D,16.0,23.0,3.0,5.0,9.0,11.0,6.0,4.0,1.75,4.0,4.33,1.81,4.22,4.43
2025-03-14,FC St. Pauli,TSG Hoffenheim,1,0,H,10.0,4.0,5.0,0.0,6.0,8.0,11.0,2.0,2.25,3.25,3.3,2.38,3.42,3.41
2025-03-15,FC Augsburg,VfL Wolfsburg,1,0,H,9.0,13.0,2.0,2.0,7.0,9.0,1.0,4.0,2.55,3.3,2.75,2.69,3.4,2.89
2025-03-15,FSV Mainz 05,SC Freiburg,2,2,D,9.0,24.0,4.0,8.0,7.0,7.0,1.0,4.0,1.95,3.3,4.1,2.06,3.52,4.1
2025-03-15,Union Berlin,Bayern Munich,1,1,D,7.0,18.0,3.0,4.0,13.0,8.0,2.0,14.0,8.5,5.0,1.36,9.2,5.7,1.4
2025-03-15,Werder Bremen,Borussia Monchengladbach,2,4,A,23.0,13.0,2.0,7.0,10.0,7.0,4.0,1.0,2.35,3.6,2.8,2.46,3.79,2.9
2025-03-15,RB Leipzig,Borussia Dortmund,2,0,H,15.0,25.0,5.0,9.0,14.0,10.0,3.0,12.0,2.38,3.6,2.88,2.47,3.79,2.95
2025-03-16,VfL Bochum,Ein Frankfurt,1,3,A,17.0,18.0,7.0,7.0,7.0,9.0,8.0,3.0,3.1,3.6,2.2,3.2,3.83,2.3
2025-03-16,1. FC Heidenheim,Holstein Kiel,3,1,H,14.0,16.0,5.0,4.0,15.0,13.0,3.0,5.0,2.0,3.5,3.75,2.06,3.73,3.83
2025-03-16,VfB Stuttgart,Bayer Leverkusen,3,4,A,11.0,16.0,6.0,4.0,13.0,14.0,1.0,10.0,3.1,3.4,2.3,3.14,3.73,2.35
2025-03-28,Bayer Leverkusen,VfL Bochum,3,1,H,14.0,8.0,5.0,3.0,6.0,12.0,3.0,2.0,1.22,6.5,12.0,1.26,7.0,13.0
2025-03-29,VfL Wolfsburg,1. FC Heidenheim,0,1,A,11.0,11.0,2.0,4.0,8.0,10.0,4.0,5.0,1.67,3.75,5.0,1.7,4.2,5.45
2025-03-29,Ein Frankfurt,VfB Stuttgart,1,0,H,19.0,8.0,6.0,2.0,9.0,6.0,6.0,10.0,2.5,3.8,2.5,2.66,3.8,2.75
2025-03-29,Borussia Monchengladbach,RB Leipzig,1,0,H,16.0,19.0,3.0,3.0,5.0,9.0,5.0,8.0,2.88,3.7,2.3,3.05,3.7,2.46
2025-03-29,Holstein Kiel,Werder Bremen,0,3,A,11.0,14.0,0.0,7.0,13.0,8.0,3.0,4.0,3.2,3.9,2.05,3.45,3.98,2.15
2025-03-29,TSG Hoffenheim,FC Augsburg,1,1,D,13.0,11.0,4.0,4.0,14.0,12.0,2.0,2.0,2.35,3.3,3.1,2.45,3.48,3.15
2025-03-29,Bayern Munich,FC St. Pauli,3,2,H,19.0,10.0,9.0,4.0,13.0,4.0,5.0,4.0,1.14,8.0,15.0,1.16,9.6,22.0
2025-03-30,SC Freiburg,Union Berlin,1,2,A,9.0,10.0,3.0,6.0,8.0,11.0,3.0,3.0,2.0,3.5,3.7,2.06,3.54,4.05
2025-03-30,Borussia Dortmund,FSV Mainz 05,3,1,H,18.0,12.0,7.0,3.0,10.0,8.0,6.0,4.0,1.62,3.9,5.0,1.71,4.32,5.07
2025-04-04,FC Augsburg,Bayern Munich,1,3,A,6.0,19.0,3.0,7.0,8.0,8.0,2.0,4.0,7.5,4.75,1.42,7.8,5.15,1.45
2025-04-05,VfL Bochum,VfB Stuttgart,0,4,A,11.0,14.0,2.0,6.0,17.0,13.0,2.0,4.0,3.1,3.7,2.15,3.3,3.87,2.22
2025-04-05,SC Freiburg,Borussia Dortmund,1,4,A,12.0,18.0,3.0,7.0,8.0,6.0,3.0,4.0,3.1,3.5,2.2,3.22,3.61,2.35
2025-04-05,1. FC Heidenheim,Bayer Leverkusen,0,1,A,10.0,6.0,2.0,2.0,14.0,10.0,4.0,0.0,6.5,4.75,1.44,7.21,4.94,1.48
2025-04-05,FSV Mainz 05,Holstein Kiel,1,1,D,13.0,10.0,3.0,5.0,12.0,8.0,4.0,4.0,1.45,4.5,7.0,1.47,5.01,7.4
2025-04-05,RB Leipzig,TSG Hoffenheim,3,1,H,16.0,9.0,5.0,5.0,10.0,12.0,8.0,2.0,1.55,4.2,5.5,1.58,4.79,6.0
2025-04-05,Werder Bremen,Ein Frankfurt,2,0,H,12.0,9.0,4.0,0.0,8.0,15.0,5.0,6.0,2.63,3.5,2.5,2.8,3.95,2.58
2025-04-06,FC St. Pauli,Borussia Monchengladbach,1,1,D,26.0,5.0,9.0,3.0,6.0,13.0,11.0,2.0,2.5,3.3,2.75,2.55,3.67,2.9
2025-04-06,Union Berlin,VfL Wolfsburg,1,0,H,13.0,12.0,3.0,3.0,13.0,14.0,6.0,4.0,2.45,3.3,2.88,2.51,3.52,3.02
2025-04-11,VfL Wolfsburg,RB Leipzig,2,3,A,17.0,16.0,6.0,5.0,14.0,13.0,8.0,5.0,2.88,3.75,2.3,3.0,3.93,2.4
2025-04-12,Borussia Monchengladbach,SC Freiburg,1,2,A,10.0,19.0,1.0,7.0,4.0,11.0,4.0,6.0,2.15,3.6,3.25,2.26,3.75,3.3
2025-04-12,Bayer Leverkusen,Union Berlin,0,0,D,16.0,7.0,3.0,3.0,10.0,13.0,7.0,3.0,1.33,4.75,9.5,1.37,5.61,9.55
2025-04-12,Bayern Munich,Borussia Dortmund,2,2,D,28.0,11.0,11.0,3.0,8.0,5.0,6.0,5.0,1.44,5.25,6.0,1.47,5.5,6.69
2025-04-12,Holstein Kiel,FC St. Pauli,1,2,A,6.0,14.0,2.0,6.0,15.0,11.0,3.0,3.0,3.25,3.3,2.25,3.31,3.6,2.38
2025-04-12,TSG Hoffenheim,FSV Mainz 05,2,0,H,8.0,14.0,5.0,1.0,18.0,11.0,4.0,7.0,2.7,3.5,2.55,2.76,3.56,2.69
2025-04-12,VfL Bochum,FC Augsburg,1,2,A,25.0,12.0,9.0,5.0,14.0,9.0,7.0,6.0,2.5,3.4,2.8,2.51,3.55,3.0
2025-04-13,VfB Stuttgart,Werder Bremen,1,2,A,12.0,14.0,4.0,5.0,12.0,13.0,3.0,4.0,1.65,4.33,4.5,1.69,4.63,5.0
2025-04-13,Ein Frankfurt,1. FC Heidenheim,3,0,H,19.0,14.0,8.0,3.0,6.0,7.0,5.0,3.0,1.73,4.2,4.2,1.77,4.22,4.68
2025-04-19,Union Berlin,VfB Stuttgart,4,4,D,12.0,13.0,5.0,6.0,8.0,9.0,3.0,5.0,2.8,3.4,2.45,2.97,3.54,2.55
2025-04-19,Werder Bremen,VfL Bochum,1,0,H,14.0,12.0,4.0,1.0,9.0,20.0,2.0,7.0,1.73,4.1,4.33,1.77,4.27,4.63
2025-04-19,1. FC Heidenheim,Bayern Munich,0,4,A,4.0,18.0,1.0,11.0,8.0,11.0,4.0,4.0,9.0,6.0,1.29,10.5,6.5,1.31
2025-04-19,FSV Mainz 05,VfL Wolfsburg,2,2,D,18.0,16.0,7.0,4.0,15.0,8.0,7.0,5.0,2.0,3.6,3.6,2.06,3.83,3.75
2025-04-19,RB Leipzig,Holstein Kiel,1,1,D,10.0,13.0,4.0,3.0,5.0,9.0,9.0,7.0,1.33,5.75,7.5,1.34,6.22,9.5
2025-04-19,SC Freiburg,TSG Hoffenheim,3,2,H,12.0,19.0,6.0,6.0,14.0,13.0,2.0,6.0,1.91,3.7,3.75,1.98,3.97,3.97
2025-04-20,FC Augsburg,Ein Frankfurt,0,0,D,13.0,8.0,2.0,5.0,6.0,8.0,3.0,9.0,2.55,3.3,2.75,2.69,3.48,2.81
2025-04-20,Borussia Dortmund,Borussia Monchengladbach,3,2,H,14.0,6.0,6.0,3.0,13.0,10.0,6.0,2.0,1.42,5.25,6.5,1.45,5.5,7.5
2025-04-20,FC St. Pauli,Bayer Leverkusen,1,1,D,10.0,6.0,5.0,4.0,12.0,12.0,4.0,4.0,5.25,3.8,1.67,5.5,4.0,1.72
2025-04-25,VfB Stuttgart,1. FC Heidenheim,0,1,A,19.0,6.0,3.0,2.0,14.0,16.0,6.0,5.0,1.48,5.0,5.75,1.53,5.1,6.12
2025-04-26,Bayern Munich,FSV Mainz 05,3,0,H,14.0,8.0,6.0,3.0,13.0,17.0,4.0,4.0,1.22,7.0,11.0,1.25,7.5,13.0
2025-04-26,TSG Hoffenheim,Borussia Dortmund,2,3,A,11.0,16.0,3.0,8.0,17.0,9.0,2.0,5.0,4.1,4.33,1.73,4.43,4.46,1.78
2025-04-26,Holstein Kiel,Borussia Monchengladbach,4,3,H,22.0,16.0,11.0,7.0,13.0,11.0,7.0,8.0,3.1,3.8,2.15,3.22,4.0,2.21
2025-04-26,Bayer Leverkusen,FC Augsburg,2,0,H,14.0,11.0,5.0,2.0,10.0,10.0,3.0,7.0,1.36,5.0,8.5,1.4,5.28,9.5
2025-04-26,VfL Wolfsburg,SC Freiburg,0,1,A,8.0,15.0,1.0,2.0,6.0,9.0,3.0,2.0,2.35,3.5,2.88,2.53,3.67,2.96
2025-04-26,Ein Frankfurt,RB Leipzig,4,0,H,9.0,7.0,6.0,3.0,10.0,13.0,8.0,4.0,2.15,3.8,3.0,2.23,4.1,3.15
2025-04-27,Werder Bremen,FC St. Pauli,0,0,D,11.0,10.0,2.0,4.0,9.0,16.0,1.0,3.0,1.85,3.6,4.0,1.96,3.89,4.2
2025-04-27,VfL Bochum,Union Berlin,1,1,D,10.0,5.0,4.0,1.0,11.0,9.0,10.0,4.0,2.25,3.4,3.1,2.36,3.71,3.2
2025-05-02,1. FC Heidenheim,VfL Bochum,0,0,D,11.0,14.0,3.0,3.0,8.0,14.0,6.0,4.0,2.25,3.6,3.1,2.37,3.63,3.15
2025-05-03,Borussia Monchengladbach,TSG Hoffenheim,4,4,D,12.0,26.0,7.0,8.0,6.0,8.0,4.0,7.0,2.1,4.0,3.0,2.16,4.16,3.3
2025-05-03,Borussia Dortmund,VfL Wolfsburg,4,0,H,11.0,11.0,5.0,2.0,13.0,6.0,4.0,3.0,1.33,5.75,7.5,1.34,6.42,8.75
2025-05-03,FC St. Pauli,VfB Stuttgart,0,1,A,6.0,21.0,1.0,8.0,17.0,12.0,4.0,4.0,2.62,3.5,2.55,2.8,3.57,2.65
2025-05-03,RB Leipzig,Bayern Munich,3,3,D,8.0,20.0,6.0,6.0,9.0,6.0,2.0,7.0,4.5,4.33,1.62,4.75,4.75,1.69
2025-05-03,Union Berlin,Werder Bremen,2,2,D,17.0,13.0,7.0,6.0,9.0,8.0,5.0,5.0,2.7,3.4,2.55,2.84,3.55,2.64
2025-05-04,FC Augsburg,Holstein Kiel,1,3,A,27.0,7.0,10.0,5.0,4.0,20.0,12.0,0.0,1.83,3.9,4.0,1.88,3.95,4.32
2025-05-04,SC Freiburg,Bayer Leverkusen,2,2,D,8.0,5.0,4.0,2.0,10.0,16.0,4.0,1.0,3.2,3.4,2.25,3.2,3.75,2.35
2025-05-04,FSV Mainz 05,Ein Frankfurt,1,1,D,12.0,8.0,3.0,2.0,10.0,10.0,8.0,1.0,2.35,3.5,2.9,2.45,3.89,2.9
2025-05-09,VfL Wolfsburg,TSG Hoffenheim,2,2,D,14.0,17.0,5.0,7.0,11.0,10.0,5.0,6.0,2.2,3.6,2.9,2.39,3.83,3.1
2025-05-10,Holstein Kiel,SC Freiburg,1,2,A,15.0,9.0,3.0,4.0,9.0,13.0,2.0,5.0,3.1,3.75,2.15,3.4,3.95,2.17
2025-05-10,Union Berlin,1. FC Heidenheim,0,3,A,10.0,8.0,1.0,4.0,14.0,7.0,1.0,2.0,2.25,3.3,3.3,2.25,3.61,3.44
2025-05-10,Werder Bremen,RB Leipzig,0,0,D,21.0,16.0,6.0,4.0,6.0,13.0,11.0,4.0,2.35,3.7,2.8,2.45,3.75,2.95
2025-05-10,Bayern Munich,Borussia Monchengladbach,2,0,H,24.0,16.0,9.0,6.0,3.0,8.0,4.0,9.0,1.17,9.5,11.0,1.2,10.5,15.0
2025-05-10,VfL Bochum,FSV Mainz 05,1,4,A,11.0,22.0,6.0,8.0,9.0,6.0,6.0,6.0,2.9,3.6,2.3,3.06,3.89,2.32
2025-05-11,Bayer Leverkusen,Borussia Dortmund,2,4,A,19.0,9.0,10.0,5.0,7.0,8.0,12.0,0.0,2.7,3.9,2.35,2.74,4.08,2.5
2025-05-11,Ein Frankfurt,FC St. Pauli,2,2,D,13.0,5.0,5.0,2.0,11.0,12.0,3.0,1.0,1.53,4.33,5.75,1.56,4.75,6.28
2025-05-11,VfB Stuttgart,FC Augsburg,4,0,H,29.0,7.0,11.0,0.0,9.0,7.0,11.0,2.0,1.55,4.33,5.75,1.58,4.78,5.75
2025-05-17,FC St. Pauli,VfL Bochum,0,2,A,10.0,9.0,2.0,6.0,3.0,11.0,7.0,4.0,1.67,4.2,4.5,1.71,4.37,5.0
2025-05-17,FC Augsburg,Union Berlin,1,2,A,19.0,6.0,4.0,4.0,6.0,5.0,4.0,0.0,2.1,3.5,3.4,2.14,3.63,3.67
2025-05-17,Borussia Dortmund,Holstein Kiel,3,0,H,19.0,4.0,6.0,2.0,12.0,6.0,7.0,1.0,1.09,12.0,19.0,1.11,14.3,29.0
2025-05-17,SC Freiburg,Ein Frankfurt,1,3,A,8.0,11.0,1.0,6.0,13.0,16.0,4.0,7.0,2.35,3.7,2.8,2.48,3.87,2.88
2025-05-17,1. FC Heidenheim,Werder Bremen,1,4,A,21.0,13.0,8.0,7.0,11.0,11.0,6.0,4.0,2.3,3.8,2.75,2.4,4.02,2.9
2025-05-17,TSG Hoffenheim,Bayern Munich,0,4,A,6.0,14.0,2.0,5.0,9.0,7.0,1.0,4.0,5.0,5.25,1.5,5.5,5.5,1.56
2025-05-17,FSV Mainz 05,Bayer Leverkusen,2,2,D,20.0,7.0,6.0,4.0,14.0,13.0,7.0,3.0,2.15,3.9,3.0,2.26,4.12,3.04
2025-05-17,Borussia Monchengladbach,VfL Wolfsburg,0,1,A,16.0,17.0,3.0,6.0,6.0,4.0,7.0,10.0,2.2,4.2,2.8,2.28,4.37,2.88
2025-05-17,RB Leipzig,VfB Stuttgart,2,3,A,8.0,15.0,5.0,7.0,9.0,9.0,5.0,8.0,2.0,4.2,3.2,2.04,4.46,3.33
2025-08-22,Bayern Munich,RB Leipzig,6,0,H,19.0,12.0,10.0,1.0,13.0,13.0,5.0,5.0,1.22,7.0,9.0,1.26,7.5,12.0
2025-08-23,FC St. Pauli,Borussia Dortmund,3,3,D,11.0,8.0,7.0,7.0,13.0,12.0,5.0,2.0,4.5,3.9,1.75,4.75,4.1,1.75
2025-08-23,Union Berlin,VfB Stuttgart,2,1,H,8.0,21.0,2.0,6.0,21.0,13.0,5.0,11.0,3.4,3.7,2.05,3.4,3.75,2.1
2025-08-23,Bayer Leverkusen,TSG Hoffenheim,1,2,A,7.0,10.0,2.0,5.0,9.0,17.0,6.0,4.0,1.53,4.75,5.25,1.55,5.4,6.2
2025-08-23,1. FC Heidenheim,VfL Wolfsburg,1,3,A,7.0,15.0,2.0,5.0,12.0,12.0,2.0,5.0,3.2,3.5,2.2,3.2,3.6,2.25
2025-08-23,SC Freiburg,FC Augsburg,1,3,A,16.0,14.0,4.0,5.0,14.0,18.0,5.0,5.0,1.85,3.6,4.33,1.86,3.7,4.5
2025-08-23,Ein Frankfurt,Werder Bremen,4,1,H,18.0,10.0,5.0,5.0,9.0,9.0,7.0,1.0,1.7,4.1,4.5,1.73,4.2,4.6
2025-08-24,FSV Mainz 05,FC Cologne,0,1,A,19.0,12.0,2.0,2.0,7.0,9.0,8.0,3.0,1.9,3.7,4.0,1.91,3.7,4.1
2025-08-24,Borussia Monchengladbach,Hamburg,0,0,D,17.0,7.0,4.0,2.0,10.0,10.0,7.0,6.0,1.85,3.9,3.9,1.88,4.1,4.0
2025-08-29,Hamburg,FC St. Pauli,0,2,A,5.0,17.0,2.0,6.0,13.0,19.0,2.0,5.0,2.4,3.3,3.0,2.46,3.33,3.05
2025-08-30,TSG Hoffenheim,Ein Frankfurt,1,3,A,17.0,9.0,5.0,6.0,14.0,10.0,4.0,5.0,2.88,3.75,2.25,2.9,3.9,2.3
2025-08-30,RB Leipzig,1. FC Heidenheim,2,0,H,19.0,5.0,5.0,3.0,7.0,13.0,4.0,3.0,1.44,5.0,6.25,1.46,5.0,7.0
2025-08-30,VfB Stuttgart,Borussia Monchengladbach,1,0,H,13.0,15.0,5.0,6.0,5.0,13.0,6.0,10.0,1.6,4.5,4.75,1.62,4.6,5.0
2025-08-30,Werder Bremen,Bayer Leverkusen,3,3,D,12.0,10.0,5.0,4.0,11.0,10.0,3.0,7.0,3.7,3.8,1.91,3.75,4.0,1.95
2025-08-30,FC Augsburg,Bayern Munich,2,3,A,10.0,20.0,3.0,10.0,14.0,11.0,7.0,5.0,9.0,6.5,1.27,11.0,6.75,1.27
2025-08-31,Borussia Dortmund,Union Berlin,3,0,H,11.0,12.0,6.0,3.0,14.0,7.0,4.0,6.0,1.4,5.25,6.5,1.41,5.3,8.0
2025-08-31,FC Cologne,SC Freiburg,4,1,H,18.0,12.0,6.0,2.0,12.0,9.0,3.0,5.0,2.55,3.3,2.8,2.6,3.35,2.85
2025-08-31,VfL Wolfsburg,FSV Mainz 05,1,1,D,11.0,17.0,3.0,3.0,15.0,14.0,3.0,10.0,2.0,3.6,3.5,2.1,3.8,3.6
2025-09-12,Bayer Leverkusen,Ein Frankfurt,3,1,H,18.0,13.0,8.0,2.0,10.0,9.0,4.0,8.0,2.1,3.8,3.2,2.15,3.9,3.2
2025-09-13,SC Freiburg,VfB Stuttgart,3,1,H,14.0,7.0,6.0,2.0,8.0,13.0,7.0,1.0,2.9,3.6,2.35,3.0,3.7,2.37
2025-09-13,1. FC Heidenheim,Borussia Dortmund,0,2,A,6.0,17.0,1.0,8.0,5.0,9.0,5.0,4.0,5.5,4.5,1.55,5.5,4.6,1.66
2025-09-13,FSV Mainz 05,RB Leipzig,0,1,A,13.0,19.0,2.0,3.0,12.0,11.0,3.0,5.0,2.55,3.6,2.63,2.66,3.75,2.7
2025-09-13,Union Berlin,TSG Hoffenheim,2,4,A,20.0,9.0,7.0,8.0,13.0,12.0,9.0,2.0,2.6,3.4,2.7,2.62,3.5,2.8
2025-09-13,VfL Wolfsburg,FC Cologne,3,3,D,14.0,14.0,6.0,8.0,15.0,11.0,7.0,4.0,1.95,3.5,3.9,2.0,3.8,3.95
2025-09-13,Bayern Munich,Hamburg,5,0,H,22.0,9.0,12.0,2.0,11.0,14.0,5.0,3.0,1.06,12.0,26.0,1.08,13.5,31.0
2025-09-14,FC St. Pauli,FC Augsburg,2,1,H,13.0,10.0,7.0,5.0,10.0,12.0,3.0,1.0,2.2,3.4,3.3,2.25,3.4,3.33
2025-09-14,Borussia Monchengladbach,Werder Bremen,0,4,A,19.0,12.0,3.0,7.0,12.0,9.0,9.0,4.0,1.95,3.9,3.4,1.98,4.2,4.25
2025-09-19,VfB Stuttgart,FC St. Pauli,2,0,H,17.0,9.0,8.0,2.0,13.0,15.0,8.0,4.0,1.75,4.1,4.2,1.8,4.1,4.6
2025-09-20,RB Leipzig,FC Cologne,3,1,H,18.0,13.0,8.0,2.0,10.0,8.0,9.0,5.0,1.65,4.33,4.5,1.7,4.35,4.8
2025-09-20,Werder Bremen,SC Freiburg,0,3,A,12.0,10.0,5.0,5.0,13.0,7.0,2.0,0.0,2.38,3.6,2.8,2.43,3.75,2.8
2025-09-20,Hamburg,1. FC Heidenheim,2,1,H,22.0,20.0,9.0,8.0,15.0,10.0,1.0,12.0,2.05,3.6,3.5,2.1,3.65,3.66
2025-09-20,FC Augsburg,FSV Mainz 05,1,4,A,18.0,12.0,5.0,4.0,13.0,10.0,6.0,6.0,2.7,3.4,2.6,2.75,3.5,2.62
2025-09-20,TSG Hoffenheim,Bayern Munich,1,4,A,12.0,18.0,4.0,10.0,17.0,9.0,5.0,5.0,7.0,6.0,1.33,8.0,6.0,1.35
2025-09-21,Ein Frankfurt,Union Berlin,3,4,A,19.0,11.0,10.0,5.0,10.0,11.0,5.0,1.0,1.57,4.33,5.5,1.58,4.6,5.5
2025-09-21,Bayer Leverkusen,Borussia Monchengladbach,1,1,D,13.0,13.0,9.0,7.0,12.0,15.0,3.0,4.0,1.57,5.0,4.5,1.58,5.0,5.5
2025-09-21,Borussia Dortmund,VfL Wolfsburg,1,0,H,12.0,10.0,4.0,1.0,10.0,9.0,9.0,3.0,1.5,5.0,5.5,1.52,5.0,6.5
2025-09-26,Bayern Munich,Werder Bremen,4,0,H,26.0,9.0,13.0,3.0,9.0,4.0,7.0,6.0,1.09,11.0,21.0,1.1,12.5,22.0
2025-09-27,VfL Wolfsburg,RB Leipzig,0,1,A,22.0,20.0,4.0,6.0,7.0,9.0,6.0,11.0,2.55,3.6,2.6,2.6,3.75,2.6
2025-09-27,FC St. Pauli,Bayer Leverkusen,1,2,A,13.0,5.0,6.0,4.0,13.0,11.0,13.0,1.0,3.1,3.6,2.2,3.2,3.6,2.25
2025-09-27,Borussia Monchengladbach,Ein Frankfurt,4,6,A,11.0,21.0,8.0,7.0,14.0,8.0,4.0,6.0,3.1,3.6,2.2,3.2,3.8,2.25
2025-09-27,1. FC Heidenheim,FC Augsburg,2,1,H,11.0,8.0,5.0,2.0,16.0,20.0,3.0,2.0,2.7,3.5,2.5,2.8,3.66,2.5
2025-09-27,FSV Mainz 05,Borussia Dortmund,0,2,A,8.0,10.0,2.0,4.0,12.0,14.0,7.0,5.0,3.2,3.7,2.1,3.3,3.9,2.15
2025-09-28,FC Cologne,VfB Stuttgart,1,2,A,14.0,15.0,6.0,5.0,12.0,12.0,8.0,8.0,2.9,3.5,2.35,2.9,3.8,2.38
2025-09-28,Union Berlin,Hamburg,0,0,D,11.0,16.0,2.0,6.0,18.0,17.0,5.0,3.0,1.95,3.4,4.0,2.05,3.65,4.0
2025-09-28,SC Freiburg,TSG Hoffenheim,1,1,D,6.0,15.0,1.0,4.0,9.0,15.0,6.0,8.0,2.25,3.4,3.1,2.25,3.75,3.14
2025-10-03,TSG Hoffenheim,FC Cologne,0,1,A,15.0,10.0,4.0,4.0,15.0,6.0,11.0,6.0,1.91,3.7,3.75,1.95,3.95,3.75
2025-10-04,FC Augsburg,VfL Wolfsburg,3,1,H,10.0,14.0,5.0,4.0,9.0,7.0,10.0,5.0,2.75,3.5,2.45,2.8,3.65,2.45
2025-10-04,Borussia Dortmund,RB Leipzig,1,1,D,15.0,13.0,3.0,3.0,13.0,14.0,7.0,7.0,1.7,4.5,4.2,1.7,4.5,4.25
2025-10-04,Bayer Leverkusen,Union Berlin,2,0,H,20.0,10.0,3.0,3.0,11.0,13.0,4.0,4.0,1.7,4.0,4.75,1.73,4.1,5.0
2025-10-04,Werder Bremen,FC St. Pauli,1,0,H,15.0,13.0,5.0,3.0,8.0,9.0,4.0,1.0,2.35,3.7,2.88,2.4,3.7,2.9
2025-10-04,Ein Frankfurt,Bayern Munich,0,3,A,6.0,12.0,1.0,3.0,11.0,11.0,4.0,3.0,6.25,5.25,1.42,6.33,5.5,1.46
2025-10-05,VfB Stuttgart,1. FC Heidenheim,1,0,H,18.0,5.0,6.0,1.0,11.0,12.0,1.0,1.0,1.42,4.75,7.0,1.46,5.1,7.5
2025-10-05,Hamburg,FSV Mainz 05,4,0,H,15.0,11.0,9.0,4.0,14.0,13.0,1.0,4.0,2.8,3.5,2.4,2.83,3.8,2.42
2025-10-05,Borussia Monchengladbach,SC Freiburg,0,0,D,9.0,12.0,5.0,1.0,15.0,7.0,4.0,1.0,2.25,3.6,3.0,2.38,3.7,3.1
2025-10-17,Union Berlin,Borussia Monchengladbach,3,1,H,16.0,8.0,5.0,2.0,21.0,15.0,6.0,6.0,2.2,3.4,3.2,2.2,3.5,3.3
2025-10-18,Bayern Munich,Borussia Dortmund,2,1,H,15.0,8.0,7.0,1.0,12.0,17.0,4.0,3.0,1.33,5.5,7.5,1.38,6.0,8.0
2025-10-18,VfL Wolfsburg,VfB Stuttgart,0,3,A,11.0,15.0,3.0,7.0,12.0,8.0,3.0,8.0,2.63,3.6,2.5,2.75,3.7,2.54
2025-10-18,RB Leipzig,Hamburg,2,1,H,10.0,15.0,4.0,3.0,13.0,12.0,3.0,5.0,1.44,4.75,6.5,1.44,5.4,7.0
2025-10-18,FSV Mainz 05,Bayer Leverkusen,3,4,A,12.0,20.0,4.0,8.0,20.0,12.0,2.0,3.0,2.8,3.4,2.45,2.95,3.55,2.5
2025-10-18,1. FC Heidenheim,Werder Bremen,2,2,D,31.0,11.0,11.0,4.0,9.0,11.0,12.0,2.0,2.88,3.5,2.35,2.9,3.6,2.38
2025-10-18,FC Cologne,FC Augsburg,1,1,D,9.0,10.0,2.0,4.0,10.0,17.0,5.0,2.0,1.95,3.9,3.5,2.0,4.0,3.5
2025-10-19,SC Freiburg,Ein Frankfurt,2,2,D,12.0,8.0,5.0,3.0,6.0,15.0,3.0,1.0,2.5,3.5,2.7,2.6,3.7,2.75
2025-10-19,FC St. Pauli,TSG Hoffenheim,0,3,A,10.0,14.0,2.0,5.0,10.0,17.0,9.0,7.0,2.5,3.4,2.8,2.5,3.6,2.9
2025-10-24,Werder Bremen,Union Berlin,1,0,H,16.0,12.0,3.0,2.0,6.0,13.0,5.0,6.0,2.25,3.6,2.9,2.3,3.6,3.3
2025-10-25,FC Augsburg,RB Leipzig,0,6,A,15.0,15.0,2.0,8.0,9.0,10.0,2.0,3.0,3.2,3.9,2.05,3.5,4.1,2.05
2025-10-25,Ein Frankfurt,FC St. Pauli,2,0,H,10.0,9.0,6.0,1.0,11.0,6.0,1.0,3.0,1.67,4.2,4.5,1.73,4.3,4.6
2025-10-25,Hamburg,VfL Wolfsburg,0,1,A,27.0,6.0,6.0,2.0,8.0,18.0,11.0,1.0,2.35,3.5,2.9,2.38,3.7,2.9
2025-10-25,TSG Hoffenheim,1. FC Heidenheim,3,1,H,14.0,12.0,7.0,3.0,14.0,13.0,7.0,5.0,1.57,4.5,5.25,1.6,4.6,5.33
2025-10-25,Borussia Dortmund,FC Cologne,1,0,H,27.0,5.0,9.0,0.0,10.0,8.0,17.0,2.0,1.44,5.25,6.5,1.44,5.25,6.66
2025-10-25,Borussia Monchengladbach,Bayern Munich,0,3,A,1.0,27.0,0.0,11.0,6.0,9.0,1.0,8.0,10.0,6.5,1.22,11.5,7.0,1.25
2025-10-26,VfB Stuttgart,FSV Mainz 05,2,1,H,19.0,13.0,8.0,2.0,11.0,12.0,7.0,5.0,1.75,4.0,4.33,1.78,4.2,4.6
2025-10-26,Bayer Leverkusen,SC Freiburg,2,0,H,19.0,10.0,4.0,3.0,9.0,8.0,2.0,3.0,1.83,3.9,4.0,1.83,4.0,4.5
2025-10-31,FC Augsburg,Borussia Dortmund,0,1,A,9.0,5.0,1.0,1.0,14.0,16.0,4.0,3.0,5.0,4.5,1.57,5.2,4.5,1.61
2025-11-01,1. FC Heidenheim,Ein Frankfurt,1,1,D,9.0,16.0,4.0,3.0,7.0,11.0,2.0,8.0,3.6,4.0,1.9,3.6,4.1,1.95
2025-11-01,FSV Mainz 05,Werder Bremen,1,1,D,10.0,5.0,5.0,3.0,19.0,11.0,2.0,0.0,1.95,3.9,3.5,2.08,3.9,3.5
2025-11-01,RB Leipzig,VfB Stuttgart,3,1,H,16.0,14.0,9.0,4.0,8.0,10.0,5.0,5.0,1.95,3.9,3.5,2.02,4.0,3.5
2025-11-01,FC St. Pauli,Borussia Monchengladbach,0,4,A,16.0,15.0,4.0,11.0,11.0,8.0,8.0,1.0,2.15,3.5,3.3,2.15,3.5,3.45
2025-11-01,Union Berlin,SC Freiburg,0,0,D,11.0,13.0,2.0,4.0,20.0,13.0,5.0,5.0,2.5,3.3,2.75,2.63,3.4,2.88
2025-11-01,Bayern Munich,Bayer Leverkusen,3,0,H,18.0,7.0,4.0,1.0,11.0,3.0,10.0,4.0,1.22,7.0,9.5,1.25,7.25,11.0
2025-11-02,FC Cologne,Hamburg,4,1,H,23.0,11.0,10.0,5.0,8.0,18.0,2.0,3.0,2.1,3.7,3.2,2.15,3.75,3.3
2025-11-02,VfL Wolfsburg,TSG Hoffenheim,2,3,A,12.0,10.0,6.0,4.0,10.0,17.0,2.0,2.0,2.75,3.9,2.3,2.88,3.9,2.38
2025-11-07,Werder Bremen,VfL Wolfsburg,2,1,H,20.0,7.0,7.0,4.0,13.0,8.0,13.0,3.0,2.15,3.6,3.1,2.25,3.75,3.15
2025-11-08,Borussia Monchengladbach,FC Cologne,3,1,H,9.0,19.0,4.0,5.0,11.0,13.0,2.0,6.0,2.2,3.6,3.1,2.26,3.6,3.2
2025-11-08,Union Berlin,Bayern Munich,2,2,D,12.0,12.0,4.0,4.0,8.0,8.0,6.0,5.0,13.0,7.0,1.2,13.0,7.0,1.22
2025-11-08,Hamburg,Borussia Dortmund,1,1,D,9.0,17.0,3.0,1.0,14.0,8.0,2.0,6.0,4.33,4.2,1.7,4.8,4.35,1.7
2025-11-08,TSG Hoffenheim,RB Leipzig,3,1,H,12.0,17.0,4.0,5.0,13.0,5.0,5.0,5.0,2.6,3.9,2.4,2.75,3.9,2.4
2025-11-08,Bayer Leverkusen,1. FC Heidenheim,6,0,H,25.0,1.0,10.0,0.0,5.0,7.0,11.0,1.0,1.4,5.0,6.5,1.4,5.0,8.0
2025-11-09,SC Freiburg,FC St. Pauli,2,1,H,8.0,7.0,4.0,2.0,8.0,12.0,9.0,3.0,1.83,3.5,4.5,1.85,3.6,4.5
2025-11-09,VfB Stuttgart,FC Augsburg,3,2,H,17.0,17.0,6.0,6.0,13.0,10.0,4.0,4.0,1.55,4.33,5.75,1.55,4.75,6.0
2025-11-09,Ein Frankfurt,FSV Mainz 05,1,0,H,14.0,3.0,4.0,0.0,8.0,14.0,4.0,3.0,1.83,4.0,3.9,1.91,4.2,4.0
2025-11-21,FSV Mainz 05,TSG Hoffenheim,1,1,D,17.0,19.0,3.0,5.0,13.0,13.0,7.0,4.0,2.6,3.6,2.7,2.6,3.7,2.75
2025-11-22,1. FC Heidenheim,Borussia Monchengladbach,0,3,A,7.0,16.0,2.0,4.0,13.0,12.0,4.0,5.0,3.2,3.6,2.15,3.3,3.7,2.22
2025-11-22,Borussia Dortmund,VfB Stuttgart,3,3,D,14.0,16.0,6.0,6.0,12.0,10.0,2.0,4.0,1.75,4.0,4.33,1.78,4.2,4.35
2025-11-22,VfL Wolfsburg,Bayer Leverkusen,1,3,A,21.0,7.0,10.0,3.0,12.0,7.0,9.0,1.0,3.5,3.75,2.0,3.6,3.85,2.0
2025-11-22,FC Augsburg,Hamburg,1,0,H,13.0,15.0,6.0,6.0,13.0,10.0,4.0,3.0,2.35,3.5,2.9,2.38,3.6,3.05
2025-11-22,Bayern Munich,SC Freiburg,6,2,H,22.0,8.0,8.0,2.0,9.0,7.0,3.0,5.0,1.17,8.0,13.0,1.19,8.0,15.5
2025-11-22,FC Cologne,Ein Frankfurt,3,4,A,11.0,11.0,5.0,7.0,6.0,5.0,3.0,3.0,3.0,3.75,2.2,3.05,4.2,2.25
2025-11-23,FC St. Pauli,Union Berlin,0,1,A,12.0,8.0,3.0,3.0,10.0,8.0,8.0,2.0,2.45,3.3,2.9,2.5,3.3,3.0
2025-11-23,RB Leipzig,Werder Bremen,2,0,H,22.0,15.0,13.0,6.0,5.0,7.0,13.0,7.0,1.45,5.0,6.0,1.46,5.25,6.33
2025-11-28,Borussia Monchengladbach,RB Leipzig,0,0,D,8.0,20.0,1.0,4.0,9.0,9.0,5.0,6.0,2.88,3.7,2.3,2.95,3.95,2.3
2025-11-29,Bayern Munich,FC St. Pauli,3,1,H,19.0,10.0,4.0,1.0,5.0,8.0,10.0,2.0,1.1,10.0,21.0,1.11,11.0,26.0
2025-11-29,TSG Hoffenheim,FC Augsburg,3,0,H,17.0,14.0,3.0,4.0,17.0,9.0,7.0,2.0,1.67,4.33,4.5,1.7,4.4,4.75
2025-11-29,Union Berlin,1. FC Heidenheim,1,2,A,9.0,10.0,2.0,2.0,13.0,10.0,5.0,5.0,1.67,4.0,5.0,1.7,4.1,5.33
2025-11-29,Werder Bremen,FC Cologne,1,1,D,17.0,10.0,4.0,2.0,11.0,11.0,4.0,0.0,2.25,3.8,2.9,2.25,3.85,3.0
2025-11-29,Bayer Leverkusen,Borussia Dortmund,1,2,A,14.0,7.0,4.0,4.0,7.0,9.0,10.0,3.0,2.55,3.6,2.63,2.55,3.75,2.66
2025-11-30,Hamburg,VfB Stuttgart,2,1,H,9.0,14.0,2.0,3.0,16.0,12.0,4.0,6.0,3.0,3.75,2.2,3.1,3.8,2.2
2025-11-30,Ein Frankfurt,VfL Wolfsburg,1,1,D,15.0,10.0,3.0,3.0,7.0,9.0,14.0,1.0,1.73,4.2,4.2,1.75,4.33,4.35
2025-11-30,SC Freiburg,FSV Mainz 05,4,0,H,23.0,1.0,10.0,1.0,9.0,12.0,6.0,2.0,1.91,3.4,4.2,1.95,3.5,4.2
2025-12-05,FSV Mainz 05,Borussia Monchengladbach,0,1,A,8.0,14.0,2.0,5.0,12.0,4.0,8.0,6.0,2.55,3.4,2.63,2.63,3.5,2.75
2025-12-06,RB Leipzig,Ein Frankfurt,6,0,H,16.0,8.0,7.0,2.0,9.0,17.0,4.0,0.0,1.73,4.2,4.2,1.75,4.25,4.2
2025-12-06,VfL Wolfsburg,Union Berlin,3,1,H,4.0,21.0,3.0,6.0,13.0,10.0,0.0,11.0,2.15,3.4,3.5,2.16,3.55,3.5
2025-12-06,VfB Stuttgart,Bayern Munich,0,5,A,13.0,19.0,1.0,11.0,6.0,11.0,3.0,4.0,5.75,5.0,1.45,6.0,5.33,1.5
2025-12-06,FC Cologne,FC St. Pauli,1,1,D,11.0,5.0,8.0,1.0,6.0,6.0,5.0,4.0,1.95,3.6,3.8,2.0,3.66,3.8
2025-12-06,FC Augsburg,Bayer Leverkusen,2,0,H,13.0,20.0,6.0,2.0,12.0,6.0,5.0,7.0,3.7,4.0,1.9,3.8,4.0,1.91
2025-12-06,1. FC Heidenheim,SC Freiburg,2,1,H,16.0,16.0,3.0,2.0,11.0,10.0,8.0,6.0,3.9,3.6,1.91,3.9,3.65,2.0
2025-12-07,Hamburg,Werder Bremen,3,2,H,12.0,10.0,6.0,3.0,8.0,13.0,5.0,3.0,2.25,3.5,3.0,2.3,3.7,3.1
2025-12-07,Borussia Dortmund,TSG Hoffenheim,2,0,H,8.0,11.0,4.0,3.0,7.0,9.0,7.0,5.0,1.62,4.5,4.75,1.65,4.6,5.4
2025-12-12,Union Berlin,RB Leipzig,3,1,H,12.0,9.0,6.0,3.0,7.0,8.0,4.0,6.0,3.2,3.5,2.2,3.5,3.6,2.25
2025-12-13,Bayer Leverkusen,FC Cologne,2,0,H,17.0,6.0,6.0,4.0,8.0,6.0,8.0,3.0,1.55,4.33,5.25,1.57,4.75,5.5
2025-12-13,Ein Frankfurt,FC Augsburg,1,0,H,11.0,12.0,4.0,1.0,14.0,10.0,2.0,6.0,1.7,4.2,4.33,1.71,4.25,4.6
2025-12-13,TSG Hoffenheim,Hamburg,4,1,H,10.0,14.0,6.0,5.0,16.0,10.0,3.0,3.0,1.7,4.33,4.2,1.75,4.33,4.5
2025-12-13,Borussia Monchengladbach,VfL Wolfsburg,1,3,A,14.0,11.0,4.0,6.0,6.0,8.0,6.0,3.0,1.95,3.8,3.6,2.0,3.9,3.66
2025-12-13,FC St. Pauli,1. FC Heidenheim,2,1,H,8.0,20.0,5.0,7.0,6.0,15.0,4.0,11.0,1.95,3.4,4.0,2.0,3.5,4.2
2025-12-14,Werder Bremen,VfB Stuttgart,0,4,A,9.0,24.0,3.0,12.0,11.0,6.0,0.0,9.0,2.9,3.8,2.25,3.0,3.8,2.26
2025-12-14,SC Freiburg,Borussia Dortmund,1,1,D,21.0,9.0,6.0,4.0,11.0,10.0,6.0,0.0,3.25,3.5,2.15,3.45,3.5,2.2
2025-12-14,Bayern Munich,FSV Mainz 05,2,2,D,24.0,5.0,11.0,2.0,7.0,8.0,7.0,0.0,1.09,11.0,21.0,1.11,11.5,21.0
2025-12-19,Borussia Dortmund,Borussia Monchengladbach,2,0,H,10.0,6.0,4.0,1.0,15.0,13.0,6.0,4.0,1.55,4.5,5.5,1.56,4.6,5.75
2025-12-20,FC Augsburg,Werder Bremen,0,0,D,14.0,9.0,6.0,0.0,10.0,20.0,6.0,11.0,2.25,3.5,3.1,2.3,3.65,3.1
2025-12-20,FC Cologne,Union Berlin,0,1,A,13.0,11.0,2.0,3.0,9.0,18.0,3.0,6.0,2.3,3.3,3.1,2.38,3.35,3.2
2025-12-20,Hamburg,Ein Frankfurt,1,1,D,9.0,9.0,3.0,3.0,8.0,12.0,5.0,5.0,2.6,3.6,2.55,2.7,3.6,2.6
2025-12-20,VfB Stuttgart,TSG Hoffenheim,0,0,D,10.0,4.0,3.0,1.0,10.0,17.0,4.0,2.0,2.0,3.8,3.4,2.05,4.0,3.4
2025-12-20,VfL Wolfsburg,SC Freiburg,3,4,A,13.0,15.0,6.0,8.0,16.0,8.0,2.0,6.0,2.5,3.6,2.75,2.54,3.6,2.75
2025-12-20,RB Leipzig,Bayer Leverkusen,1,3,A,19.0,15.0,7.0,8.0,10.0,12.0,2.0,8.0,2.1,3.8,3.2,2.15,3.9,3.35
2025-12-21,FSV Mainz 05,FC St. Pauli,0,0,D,13.0,5.0,1.0,1.0,5.0,9.0,9.0,5.0,1.95,3.4,4.1,1.95,3.5,4.25
2025-12-21,1. FC Heidenheim,Bayern Munich,0,4,A,8.0,23.0,1.0,11.0,8.0,6.0,0.0,6.0,13.0,9.5,1.14,18.0,9.5,1.17
2026-01-09,Ein Frankfurt,Borussia Dortmund,3,3,D,12.0,16.0,6.0,6.0,14.0,6.0,2.0,5.0,3.6,3.8,1.95,3.6,3.8,2.05
2026-01-10,Bayer Leverkusen,VfB Stuttgart,1,4,A,16.0,10.0,4.0,7.0,13.0,11.0,5.0,3.0,1.95,4.1,3.4,1.95,4.1,3.6
2026-01-10,Union Berlin,FSV Mainz 05,2,2,D,17.0,9.0,5.0,6.0,9.0,8.0,2.0,1.0,2.15,3.25,3.7,2.16,3.25,3.8
2026-01-10,1. FC Heidenheim,FC Cologne,2,2,D,14.0,21.0,6.0,9.0,9.0,7.0,5.0,4.0,2.9,3.5,2.38,2.95,3.6,2.38
2026-01-10,SC Freiburg,Hamburg,2,1,H,20.0,10.0,7.0,5.0,13.0,11.0,0.0,3.0,1.8,3.6,4.5,1.8,3.75,5.0
2026-01-11,Borussia Monchengladbach,FC Augsburg,4,0,H,12.0,17.0,7.0,2.0,16.0,9.0,2.0,2.0,1.85,3.8,4.0,1.93,3.8,4.0
2026-01-11,Bayern Munich,VfL Wolfsburg,8,1,H,16.0,8.0,10.0,3.0,7.0,6.0,6.0,2.0,1.11,11.0,17.0,1.13,11.0,21.0
2026-01-13,FSV Mainz 05,1. FC Heidenheim,2,1,H,13.0,15.0,6.0,4.0,11.0,10.0,4.0,1.0,1.75,3.8,4.33,1.8,3.8,4.6
2026-01-13,VfB Stuttgart,Ein Frankfurt,3,2,H,20.0,12.0,11.0,5.0,8.0,15.0,10.0,2.0,1.73,4.2,4.2,1.75,4.2,4.35
2026-01-13,Borussia Dortmund,Werder Bremen,3,0,H,18.0,6.0,8.0,3.0,14.0,8.0,3.0,3.0,1.4,5.0,7.0,1.4,5.4,8.0
2026-01-14,TSG Hoffenheim,Borussia Monchengladbach,5,1,H,18.0,7.0,10.0,5.0,16.0,10.0,6.0,2.0,1.85,3.9,3.8,1.85,4.0,4.1
2026-01-14,RB Leipzig,SC Freiburg,2,0,H,21.0,3.0,7.0,1.0,12.0,16.0,7.0,2.0,1.7,4.0,4.5,1.78,4.0,4.75
2026-01-14,VfL Wolfsburg,FC St. Pauli,2,1,H,13.0,9.0,5.0,4.0,10.0,9.0,7.0,4.0,1.91,3.7,3.8,1.95,3.8,4.2
2026-01-14,FC Cologne,Bayern Munich,1,3,A,8.0,19.0,3.0,8.0,3.0,4.0,4.0,6.0,10.5,7.5,1.22,11.0,7.5,1.28
2026-01-15,FC Augsburg,Union Berlin,1,1,D,9.0,16.0,5.0,3.0,9.0,18.0,3.0,3.0,2.6,3.2,2.8,2.63,3.2,2.9
2026-01-16,Werder Bremen,Ein Frankfurt,3,3,D,13.0,8.0,4.0,4.0,8.0,15.0,4.0,1.0,2.7,3.5,2.5,2.7,3.6,2.6
2026-01-17,VfL Wolfsburg,1. FC Heidenheim,1,1,D,13.0,13.0,4.0,3.0,10.0,12.0,9.0,6.0,1.67,4.0,5.0,1.7,4.2,5.0
2026-01-17,RB Leipzig,Bayern Munich,1,5,A,17.0,19.0,4.0,12.0,7.0,6.0,5.0,9.0,5.0,4.75,1.55,5.2,5.0,1.57
2026-01-17,TSG Hoffenheim,Bayer Leverkusen,1,0,H,19.0,8.0,8.0,2.0,17.0,7.0,3.0,5.0,2.4,3.8,2.7,2.43,3.8,2.71
2026-01-17,Borussia Dortmund,FC St. Pauli,3,2,H,10.0,9.0,6.0,5.0,9.0,11.0,5.0,5.0,1.33,5.25,10.0,1.35,5.33,10.0
2026-01-17,FC Cologne,FSV Mainz 05,2,1,H,20.0,11.0,6.0,7.0,6.0,10.0,9.0,5.0,2.15,3.5,3.25,2.2,3.7,3.3
2026-01-17,Hamburg,Borussia Monchengladbach,0,0,D,25.0,6.0,12.0,0.0,16.0,18.0,2.0,5.0,2.45,3.5,2.8,2.5,3.6,2.9
2026-01-18,VfB Stuttgart,Union Berlin,1,1,D,13.0,20.0,4.0,3.0,6.0,11.0,3.0,8.0,1.65,3.9,5.25,1.67,4.0,5.3
2026-01-18,FC Augsburg,SC Freiburg,2,2,D,13.0,12.0,5.0,5.0,11.0,14.0,9.0,6.0,2.9,3.3,2.45,3.0,3.4,2.5
2026-01-23,FC St. Pauli,Hamburg,0,0,D,8.0,5.0,3.0,2.0,15.0,13.0,5.0,4.0,2.88,2.9,2.75,2.9,3.0,2.8
2026-01-24,FSV Mainz 05,VfL Wolfsburg,3,1,H,20.0,7.0,9.0,2.0,8.0,11.0,15.0,1.0,2.3,3.5,3.0,2.38,3.6,3.0
2026-01-24,Bayer Leverkusen,Werder Bremen,1,0,H,13.0,17.0,4.0,3.0,6.0,9.0,5.0,5.0,1.62,4.2,5.25,1.62,4.33,5.25
2026-01-24,Union Berlin,Borussia Dortmund,0,3,A,10.0,15.0,3.0,5.0,10.0,16.0,7.0,2.0,3.6,3.5,2.05,3.75,3.5,2.1
2026-01-24,Ein Frankfurt,TSG Hoffenheim,1,3,A,9.0,10.0,3.0,5.0,8.0,16.0,6.0,6.0,2.8,3.75,2.3,2.88,3.75,2.45
2026-01-24,Bayern Munich,FC Augsburg,1,2,A,15.0,16.0,6.0,6.0,10.0,5.0,9.0,3.0,1.1,12.0,17.0,1.12,13.0,26.0
2026-01-24,1. FC Heidenheim,RB Leipzig,0,3,A,7.0,11.0,2.0,8.0,10.0,9.0,4.0,0.0,5.0,4.5,1.57,5.6,4.5,1.59
2026-01-25,Borussia Monchengladbach,VfB Stuttgart,0,3,A,12.0,17.0,3.0,8.0,11.0,7.0,1.0,4.0,3.0,3.75,2.2,3.0,3.8,2.3
2026-01-25,SC Freiburg,FC Cologne,2,1,H,13.0,19.0,5.0,4.0,5.0,9.0,5.0,5.0,1.9,3.75,3.8,1.95,3.75,4.0
2026-01-27,FC St. Pauli,RB Leipzig,1,1,D,7.0,12.0,2.0,5.0,6.0,8.0,4.0,3.0,4.5,3.5,1.8,4.75,3.6,1.84
2026-01-27,Werder Bremen,TSG Hoffenheim,0,2,A,26.0,12.0,3.0,3.0,7.0,10.0,6.0,7.0,3.7,3.6,2.0,3.7,3.7,2.05
2026-01-30,FC Cologne,VfL Wolfsburg,1,0,H,15.0,14.0,3.0,3.0,8.0,16.0,3.0,4.0,1.95,3.8,3.5,2.04,3.8,3.6
2026-01-31,Werder Bremen,Borussia Monchengladbach,1,1,D,18.0,7.0,6.0,2.0,10.0,14.0,7.0,3.0,2.45,3.6,2.75,2.45,3.6,2.9
2026-01-31,FC Augsburg,FC St. Pauli,2,1,H,12.0,17.0,6.0,5.0,15.0,13.0,5.0,5.0,2.0,3.3,4.1,2.0,3.33,4.2
2026-01-31,Ein Frankfurt,Bayer Leverkusen,1,3,A,11.0,11.0,4.0,4.0,11.0,10.0,8.0,3.0,3.0,3.8,2.2,3.0,3.8,2.28
2026-01-31,TSG Hoffenheim,Union Berlin,3,1,H,9.0,16.0,4.0,3.0,11.0,18.0,3.0,10.0,1.8,3.8,4.33,1.83,3.8,4.5
2026-01-31,RB Leipzig,FSV Mainz 05,1,2,A,15.0,11.0,4.0,4.0,4.0,13.0,5.0,4.0,1.55,4.5,5.5,1.55,4.75,6.0
2026-01-31,Hamburg,Bayern Munich,2,2,D,14.0,13.0,4.0,7.0,12.0,16.0,3.0,9.0,8.0,6.5,1.29,10.0,6.5,1.3
2026-02-01,Borussia Dortmund,1. FC Heidenheim,3,2,H,19.0,12.0,5.0,3.0,11.0,11.0,12.0,3.0,1.22,6.5,12.0,1.25,6.5,12.5
2026-02-01,VfB Stuttgart,SC Freiburg,1,0,H,18.0,11.0,7.0,2.0,14.0,14.0,6.0,2.0,1.67,4.1,4.75,1.72,4.2,4.9
2026-02-06,Union Berlin,Ein Frankfurt,1,1,D,11.0,3.0,3.0,1.0,9.0,11.0,5.0,2.0,2.0,3.5,3.6,2.08,3.5,3.6
2026-02-07,SC Freiburg,Werder Bremen,1,0,H,7.0,17.0,2.0,5.0,9.0,12.0,4.0,8.0,1.83,3.75,4.2,1.85,3.8,4.4
2026-02-07,1. FC Heidenheim,Hamburg,0,2,A,20.0,14.0,4.0,5.0,6.0,11.0,10.0,8.0,2.88,3.5,2.45,2.9,3.6,2.5
2026-02-07,FSV Mainz 05,FC Augsburg,2,0,H,10.0,14.0,6.0,6.0,12.0,10.0,6.0,4.0,2.05,3.6,3.5,2.1,3.66,3.55
2026-02-07,FC St. Pauli,VfB Stuttgart,2,1,H,15.0,7.0,7.0,3.0,9.0,10.0,5.0,5.0,4.33,3.75,1.8,4.5,3.75,1.85
2026-02-07,VfL Wolfsburg,Borussia Dortmund,1,2,A,12.0,21.0,2.0,4.0,13.0,10.0,4.0,8.0,4.2,4.2,1.73,4.5,4.2,1.74
2026-02-07,Borussia Monchengladbach,Bayer Leverkusen,1,1,D,9.0,10.0,6.0,2.0,7.0,11.0,2.0,2.0,3.5,3.75,2.0,3.65,3.75,2.05
2026-02-08,FC Cologne,RB Leipzig,1,2,A,10.0,19.0,3.0,4.0,7.0,13.0,4.0,3.0,3.25,3.8,2.1,3.25,4.0,2.1
2026-02-08,Bayern Munich,TSG Hoffenheim,5,1,H,27.0,9.0,14.0,4.0,11.0,9.0,8.0,3.0,1.29,7.0,7.5,1.29,7.0,9.0
2026-02-13,Borussia Dortmund,FSV Mainz 05,4,0,H,14.0,10.0,8.0,5.0,10.0,5.0,7.0,2.0,1.53,4.5,5.5,1.57,4.6,6.1
2026-02-14,VfB Stuttgart,FC Cologne,3,1,H,13.0,10.0,4.0,3.0,10.0,10.0,2.0,5.0,1.45,4.75,6.5,1.48,5.0,6.75
2026-02-14,Werder Bremen,Bayern Munich,0,3,A,14.0,11.0,3.0,8.0,10.0,6.0,2.0,4.0,8.0,6.0,1.3,8.5,6.1,1.33
2026-02-14,Bayer Leverkusen,FC St. Pauli,4,0,H,12.0,11.0,7.0,1.0,7.0,11.0,8.0,3.0,1.45,3.75,6.5,1.49,4.4,8.0
2026-02-14,Hamburg,Union Berlin,3,2,H,13.0,12.0,4.0,5.0,12.0,7.0,6.0,3.0,2.5,3.25,2.9,2.54,3.25,3.0
2026-02-14,Ein Frankfurt,Borussia Monchengladbach,3,0,H,12.0,20.0,9.0,3.0,11.0,11.0,2.0,8.0,1.95,3.5,4.0,1.96,3.75,4.0
2026-02-14,TSG Hoffenheim,SC Freiburg,3,0,H,25.0,13.0,7.0,3.0,8.0,6.0,6.0,6.0,1.73,3.9,4.5,1.78,4.0,4.5
2026-02-15,FC Augsburg,1. FC Heidenheim,1,0,H,12.0,16.0,4.0,2.0,9.0,9.0,4.0,5.0,1.85,3.6,4.2,1.86,3.8,4.25
2026-02-15,RB Leipzig,VfL Wolfsburg,2,2,D,20.0,10.0,10.0,3.0,6.0,10.0,6.0,2.0,1.44,4.75,6.5,1.49,5.0,6.5
2026-02-20,FSV Mainz 05,Hamburg,1,1,D,17.0,14.0,3.0,5.0,16.0,13.0,7.0,2.0,2.1,3.4,3.5,2.12,3.6,3.7
2026-02-21,Union Berlin,Bayer Leverkusen,1,0,H,8.0,16.0,4.0,1.0,15.0,7.0,4.0,5.0,3.0,3.3,2.38,3.0,3.5,2.45
2026-02-21,VfL Wolfsburg,FC Augsburg,2,3,A,10.0,15.0,4.0,6.0,10.0,16.0,4.0,10.0,2.05,3.4,3.75,2.1,3.6,3.8
2026-02-21,Bayern Munich,Ein Frankfurt,3,2,H,24.0,9.0,11.0,3.0,9.0,10.0,8.0,2.0,1.14,9.5,13.0,1.17,9.5,17.0
2026-02-21,FC Cologne,TSG Hoffenheim,2,2,D,9.0,18.0,4.0,6.0,6.0,12.0,3.0,10.0,3.3,3.8,2.05,3.35,3.8,2.1
2026-02-21,RB Leipzig,Borussia Dortmund,2,2,D,13.0,11.0,3.0,5.0,11.0,17.0,6.0,2.0,2.15,3.8,3.1,2.2,4.0,3.1
2026-02-22,FC St. Pauli,Werder Bremen,2,1,H,5.0,13.0,4.0,4.0,6.0,10.0,1.0,5.0,2.75,3.1,2.75,2.85,3.2,2.75
2026-02-22,SC Freiburg,Borussia Monchengladbach,2,1,H,10.0,12.0,6.0,2.0,9.0,8.0,3.0,3.0,1.95,3.25,4.33,2.0,3.4,4.33
2026-02-22,1. FC Heidenheim,VfB Stuttgart,3,3,D,10.0,12.0,6.0,8.0,13.0,7.0,3.0,4.0,4.5,4.0,1.7,4.7,4.2,1.72
