Date,Season,HomeTeam,AwayTeam,FTR,Target,B365H,B365D,B365A,Home_Elo_Calc,Away_Elo_Calc,Elo_Diff,Home_Market_Value,Away_Market_Value,Log_Value_Diff,Diff_FIFA_Ova,Diff_FIFA_Mid,Diff_FIFA_Def,Diff_FIFA_Att,Home_Streak_L5,Away_Streak_L5,Home_H2H_L3,Away_H2H_L3
2010-08-28,2010,Levante,Sevilla,A,0,3.6,3.5,2.0,1500.0,1500.0,0.0,37.4,175.6,-1.5258298285761782,-4,-3,4,4,0,0,1.5,1.5
2010-08-28,2010,Malaga,Valencia,A,0,2.88,3.3,2.4,1500.0,1500.0,0.0,58.6,176.6,-1.0918782564867655,-5,-1,0,2,0,0,1.5,1.5
2010-08-28,2010,Hercules,Ath Bilbao,A,0,2.5,3.25,2.8,1500.0,1500.0,0.0,51.7,10.0,1.5667201827489459,0,5,5,9,0,0,1.5,1.5
2010-08-29,2010,Espanol,Getafe,H,2,2.1,3.3,3.5,1500.0,1500.0,0.0,78.4,66.4,0.16385335033482917,0,-5,-8,1,0,0,1.5,1.5
2010-08-29,2010,La Coruna,Zaragoza,D,1,2.1,3.3,3.5,1500.0,1500.0,0.0,63.7,87.25,-0.3104124943065507,1,-4,-6,-6,0,0,1.5,1.5
2010-08-29,2010,Mallorca,Real Madrid,D,1,8.0,4.75,1.36,1500.0,1500.0,0.0,65.1,519.0,-2.062660064717832,-8,-9,2,4,0,0,1.5,1.5
2010-08-29,2010,Osasuna,Almeria,D,1,2.0,3.4,3.75,1500.0,1500.0,0.0,60.0,63.7,-0.05888733733354368,0,0,0,0,0,0,1.5,1.5
2010-08-29,2010,Santander,Barcelona,A,0,15.0,6.0,1.2,1500.0,1500.0,0.0,65.5,604.7,-2.2091828663250936,-9,-7,-7,0,0,0,1.5,1.5
2010-08-29,2010,Sociedad,Villarreal,H,2,3.0,3.25,2.38,1500.0,1500.0,0.0,66.7,170.6,-0.9300800071356328,-3,0,1,-3,0,0,1.5,1.5
2010-08-30,2010,Ath Madrid,Sp Gijon,H,2,1.53,4.0,6.0,1500.0,1500.0,0.0,210.8,10.0,2.9577471603689354,0,0,0,0,0,0,1.5,1.5
2010-09-11,2010,Valencia,Santander,H,2,1.44,4.33,7.0,1519.2019499940866,1480.7980500059134,38.40389998817318,176.6,65.5,0.9823318828962613,5,6,8,0,1,-1,1.5,1.5
2010-09-11,2010,Real Madrid,Osasuna,H,2,1.17,6.5,17.0,1504.2019499940866,1495.7980500059134,8.40389998817318,519.0,60.0,2.1429549474021616,8,5,-3,-4,0,0,1.5,1.5
2010-09-11,2010,Ath Bilbao,Ath Madrid,A,0,3.0,3.25,2.38,1519.2019499940866,1510.7980500059134,8.40389998817318,10.0,210.8,-2.9577471603689354,0,-5,-5,-9,1,1,1.5,1.5
2010-09-11,2010,Barcelona,Hercules,A,0,1.06,11.0,34.0,1519.2019499940866,1480.7980500059134,38.40389998817318,604.7,51.7,2.4417693584395854,9,2,-1,-2,1,-1,1.5,1.5
2010-09-12,2010,Sp Gijon,Mallorca,H,2,2.4,3.3,2.9,1489.2019499940866,1495.7980500059134,-6.59610001182682,10.0,65.1,-1.7932734740592702,0,4,1,0,-1,0,1.5,1.5
2010-09-12,2010,Villarreal,Espanol,H,2,1.8,3.5,4.5,1489.2019499940866,1510.7980500059134,-21.59610001182682,170.6,78.4,0.7706678188007716,3,8,7,5,-1,1,1.5,1.5
2010-09-12,2010,Getafe,Levante,H,2,1.57,3.8,6.0,1489.2019499940866,1480.7980500059134,8.40389998817318,66.4,37.4,0.5625875583245801,0,-3,0,-3,-1,-1,1.5,1.5
2010-09-12,2010,Sevilla,La Coruna,D,1,1.5,4.0,7.0,1519.2019499940866,1495.7980500059134,23.40389998817318,175.6,63.7,1.0041260866630042,3,7,2,2,1,0,1.5,1.5
2010-09-12,2010,Zaragoza,Malaga,A,0,1.91,3.4,4.0,1504.2019499940866,1480.7980500059134,23.40389998817318,87.25,58.6,0.39251812174210166,0,0,0,0,0,-1,1.5,1.5
2010-09-13,2010,Almeria,Sociedad,D,1,2.2,3.25,3.3,1504.2019499940866,1510.7980500059134,-6.59610001182682,63.7,66.7,-0.04532497841137406,0,0,0,0,0,1,1.5,1.5
2010-09-18,2010,Sp Gijon,Ath Bilbao,D,1,2.4,3.25,2.9,1500.2638005891567,1499.667961025398,0.5958395637587728,10.0,10.0,0.0,0,5,5,9,0,0,1.5,1.5
2010-09-18,2010,Sociedad,Real Madrid,A,0,8.5,4.6,1.36,1514.7361994108433,1514.667961025398,0.06823838544528371,66.7,519.0,-2.038742631657244,-8,-5,3,4,1,1,1.5,1.5
2010-09-18,2010,Espanol,Almeria,H,2,2.0,3.3,3.75,1499.1267059943948,1500.2638005891567,-1.1370945947619475,78.4,63.7,0.2047371667462352,0,-8,-8,-2,0,0,1.5,1.5
2010-09-18,2010,Mallorca,Osasuna,H,2,1.91,3.4,4.0,1484.7361994108433,1485.332038974602,-0.5958395637587728,65.1,60.0,0.0802948826843295,0,-4,-1,0,-1,-1,1.5,1.5
2010-09-19,2010,Malaga,Sevilla,A,0,3.25,3.25,2.2,1500.9125370171396,1514.0874629828604,-13.174925965720831,58.6,175.6,-1.0862317140985551,-4,-3,4,4,0,1,1.5,1.5
2010-09-19,2010,Levante,Villarreal,A,0,3.75,3.3,2.0,1470.332038974602,1500.8732940056052,-30.541255031003175,37.4,170.6,-1.4971087274601809,-3,0,1,-3,-2,0,1.5,1.5
2010-09-19,2010,Santander,Zaragoza,H,2,2.25,3.2,3.25,1471.4762026527546,1484.0874629828604,-12.611260330105779,65.5,87.25,-0.2829717481515974,0,-5,-8,-2,-2,-1,1.5,1.5
2010-09-19,2010,Ath Madrid,Barcelona,A,0,5.0,3.75,1.67,1530.332038974602,1498.5237973472454,31.808241627356665,210.8,604.7,-1.050742380819596,-9,-2,1,2,2,0,1.5,1.5
2010-09-19,2010,Hercules,Valencia,A,0,3.5,3.2,2.15,1501.4762026527546,1528.5237973472454,-27.047594694490726,51.7,176.6,-1.214918375010753,-5,-1,0,2,0,2,1.5,1.5
2010-09-20,2010,La Coruna,Getafe,D,1,2.25,3.2,3.25,1500.9125370171396,1499.667961025398,1.2445759917416126,63.7,66.4,-0.04088381641140604,1,-1,-6,-3,0,0,1.5,1.5
2010-09-21,2010,Osasuna,Sociedad,H,2,2.1,3.25,3.6,1474.5102718070618,1495.5315346660518,-21.021262858989985,60.0,66.7,-0.10421231574491774,0,0,0,0,-2,0,1.5,1.5
2010-09-21,2010,Ath Bilbao,Mallorca,H,2,1.91,3.4,4.0,1503.8936054040153,1495.5579665783835,8.335638825631804,10.0,65.1,-1.7932734740592702,0,-1,-4,-9,0,0,1.5,1.5
2010-09-21,2010,Real Madrid,Espanol,H,2,1.17,7.0,15.0,1533.8726257701894,1509.9700372605048,23.90258850968462,519.0,78.4,1.8793304433223827,8,13,5,-2,2,1,1.5,1.5
2010-09-22,2010,Zaragoza,Hercules,D,1,1.95,3.3,4.0,1472.782737876671,1483.372079871752,-10.589341995080986,87.25,51.7,0.5155582402660892,0,0,0,0,-2,-1,1.5,1.5
2010-09-22,2010,Almeria,Levante,A,0,1.75,3.5,4.75,1489.4204693230467,1452.3725863943882,37.04788292865851,63.7,37.4,0.521703741913174,0,0,0,0,-1,-3,1.5,1.5
2010-09-22,2010,Barcelona,Sp Gijon,H,2,1.14,7.0,21.0,1518.956260847471,1496.0381562105395,22.918104636931503,604.7,10.0,4.008489541188531,9,2,-1,-2,1,0,1.5,1.5
2010-09-22,2010,Valencia,Ath Madrid,D,1,2.1,3.25,3.5,1546.627920128248,1509.8995754743764,36.728344653871545,176.6,210.8,-0.17610860260923644,5,1,0,-2,3,1,1.5,1.5
2010-09-23,2010,Getafe,Malaga,A,0,1.8,3.4,4.75,1503.9193772810208,1482.2401297498789,21.679247531141982,66.4,58.6,0.12298944384695698,0,-3,0,-3,0,-1,1.5,1.5
2010-09-23,2010,Sevilla,Santander,D,1,1.5,4.0,7.0,1532.7598702501211,1482.780927758944,49.97894249117712,175.6,65.5,0.9766853405080509,4,8,4,-2,2,-1,1.5,1.5
2010-09-23,2010,Villarreal,La Coruna,H,2,1.67,3.75,5.0,1518.832746585819,1496.6611207615167,22.171625824302282,170.6,63.7,0.9754049855470068,2,4,5,9,1,0,1.5,1.5
2010-09-25,2010,Levante,Real Madrid,D,1,12.0,5.5,1.25,1473.0005101923605,1543.7391210062488,-70.73861081388827,37.4,519.0,-2.605771351981792,-8,-5,3,4,-2,3,1.5,1.5
2010-09-25,2010,Sp Gijon,Valencia,A,0,3.25,3.3,2.2,1486.134099248819,1541.0118539747,-54.877754725881005,10.0,176.6,-2.781638557759699,-5,-1,0,2,-1,3,1.5,1.5
2010-09-25,2010,Ath Bilbao,Barcelona,A,0,6.0,3.8,1.57,1514.3622944073506,1528.8603178091914,-14.498023401840783,10.0,604.7,-4.008489541188531,-9,-7,-4,-7,1,2,1.5,1.5
2010-09-26,2010,Mallorca,Sociedad,H,2,2.05,3.3,3.6,1485.089277575048,1483.8837775587012,1.2055000163468321,65.1,66.7,-0.023917433060588245,0,-4,-1,0,-1,-1,1.5,1.5
2010-09-26,2010,Ath Madrid,Zaragoza,H,2,1.53,4.0,6.0,1515.5156416279244,1469.0055858104226,46.51005581750178,210.8,87.25,0.8754687373539003,0,0,0,0,1,-2,1.5,1.5
2010-09-26,2010,Espanol,Osasuna,H,2,2.2,3.3,3.25,1500.1035420244455,1486.1580289144124,13.945513110033062,78.4,60.0,0.2636245040797789,0,-8,-8,-2,0,-1,1.5,1.5
2010-09-26,2010,Hercules,Sevilla,H,2,3.5,3.3,2.1,1487.1492319380004,1526.6590788647907,-39.50984692679026,51.7,175.6,-1.2092718326225427,-4,-3,4,4,-1,2,1.5,1.5
2010-09-26,2010,La Coruna,Almeria,A,0,2.1,3.3,3.5,1486.7285345798703,1468.7925455250745,17.935989054795755,63.7,63.7,0.0,1,-4,-6,-6,-1,-2,1.5,1.5
2010-09-26,2010,Santander,Getafe,A,0,2.4,3.3,2.9,1488.8817191442745,1483.8708040645329,5.010915079741608,65.5,66.4,-0.01344307025645275,0,-2,-8,1,-1,-1,1.5,1.5
2010-09-27,2010,Malaga,Villarreal,A,0,3.0,3.25,2.38,1502.2887029663668,1528.7653327674655,-26.476629801098625,58.6,170.6,-1.0575106129825578,-3,0,1,-3,0,2,1.5,1.5
2010-10-02,2010,Valencia,Ath Bilbao,H,2,1.73,3.4,5.25,1557.9490586429363,1495.7436357464812,62.20542289645505,176.6,10.0,2.781638557759699,5,6,5,7,4,0,1.5,1.5
2010-10-02,2010,Sociedad,Espanol,H,2,2.2,3.25,3.25,1473.1336422419388,1510.3532227559817,-37.219580514042946,66.7,78.4,-0.15941218833486115,0,8,8,2,-2,1,1.5,1.5
2010-10-02,2010,Zaragoza,Sp Gijon,D,1,2.05,3.3,3.6,1459.9808819230732,1469.1968945805827,-9.21601265750951,87.25,10.0,2.082278423015035,0,0,0,0,-3,-2,1.5,1.5
2010-10-03,2010,Almeria,Malaga,D,1,2.2,3.25,3.25,1488.6973005171171,1484.1609933461427,4.536307170974396,63.7,58.6,0.08210562743555094,0,0,0,0,-1,-1,1.5,1.5
2010-10-03,2010,Barcelona,Mallorca,D,1,1.17,7.0,15.0,1547.4789764700608,1495.8394128918105,51.63956357825032,604.7,65.1,2.215216067129261,9,6,0,-2,3,0,1.5,1.5
2010-10-03,2010,Getafe,Hercules,H,2,2.05,3.3,3.6,1503.2713000232573,1499.5637337042465,3.707566319010766,66.4,51.7,0.24602956237094453,0,-3,0,-3,0,0,1.5,1.5
2010-10-03,2010,Sevilla,Ath Madrid,H,2,2.1,3.3,3.5,1514.2445770985446,1524.5403455152739,-10.295768416729288,175.6,210.8,-0.18175514499744683,4,3,-4,-4,1,2,1.5,1.5
2010-10-03,2010,Villarreal,Santander,H,2,1.73,3.5,5.0,1546.8930423876895,1469.48122318555,77.41181920213944,170.6,65.5,0.9479642393920535,3,5,7,5,3,-2,1.5,1.5
2010-10-03,2010,Osasuna,Levante,D,1,1.73,3.5,5.0,1475.9083481828761,1471.7401729964793,4.168175186396866,60.0,37.4,0.46281640457963036,0,0,0,0,-2,-2,1.5,1.5
2010-10-03,2010,Real Madrid,La Coruna,H,2,1.17,7.0,15.0,1544.99945820213,1466.8237795878276,78.17567861430234,519.0,63.7,2.084067610068618,7,9,3,2,3,-2,1.5,1.5
2010-10-16,2010,Barcelona,Valencia,H,2,1.4,4.5,7.5,1541.318466654571,1566.4141195960954,-25.09565294152435,604.7,176.6,1.2268509834288324,4,1,-1,0,2,4,1.5,1.5
2010-10-16,2010,Malaga,Real Madrid,A,0,8.0,4.5,1.4,1488.5427548268167,1552.9172396157333,-64.37448478891656,58.6,519.0,-2.166173237504169,-8,-5,3,4,0,4,1.5,1.5
2010-10-16,2010,Ath Madrid,Getafe,H,2,1.8,3.5,4.5,1513.329365968856,1513.9222877508316,-0.5929217819755195,210.8,66.4,1.144997415249045,0,3,0,3,0,2,1.5,1.5
2010-10-17,2010,Sp Gijon,Sevilla,H,2,3.4,3.4,2.1,1473.0295229642961,1525.4555566449624,-52.42603368066625,10.0,175.6,-2.7759920153714885,-4,-3,4,4,-1,1,1.5,1.5
2010-10-17,2010,Santander,Almeria,H,2,2.1,3.3,3.5,1461.5377884009783,1484.3155390364432,-22.777750635464827,65.5,63.7,0.02744074615495329,0,-5,-8,-2,-2,-1,1.5,1.5
2010-10-17,2010,Levante,Sociedad,H,2,2.4,3.2,3.0,1476.1073926828685,1485.4523132423524,-9.344920559483853,37.4,66.7,-0.5670287203245481,0,0,0,0,-1,-2,1.5,1.5
2010-10-17,2010,Mallorca,Espanol,A,0,1.91,3.4,4.0,1501.9999227073004,1498.0345517555681,3.9653709517322113,65.1,78.4,-0.1833296213954494,0,4,7,2,0,-1,1.5,1.5
2010-10-17,2010,Ath Bilbao,Zaragoza,H,2,1.8,3.5,4.5,1487.2785747933222,1456.1482535393598,31.130321253962393,10.0,87.25,-2.082278423015035,0,-5,-5,-9,-2,-3,1.5,1.5
2010-10-17,2010,La Coruna,Osasuna,D,1,2.3,3.2,3.2,1458.9059981742244,1471.5411284964869,-12.635130322262512,63.7,60.0,0.05888733733354368,1,-4,-6,-6,-3,-2,1.5,1.5
2010-10-18,2010,Hercules,Villarreal,D,1,2.8,3.25,2.5,1488.912745976672,1554.8364771722613,-65.9237311955892,51.7,170.6,-1.1805507315065453,-3,0,1,-3,0,5,1.5,1.5
2010-10-23,2010,Real Madrid,Santander,H,2,1.14,7.0,21.0,1569.4499488012434,1473.2576725771153,96.19227622412814,519.0,65.5,2.0566268639136647,8,10,5,-2,4,0,1.5,1.5
2010-10-23,2010,Valencia,Mallorca,A,0,1.57,3.75,6.0,1554.59881102271,1482.6407179437558,71.95809307895411,176.6,65.1,0.9883650837004287,5,5,1,-2,2,0,1.5,1.5
2010-10-23,2010,Zaragoza,Barcelona,A,0,11.0,5.75,1.25,1446.5552698138047,1553.1337752279564,-106.57850541415178,87.25,604.7,-1.9262111181734962,-9,-2,1,2,-3,4,1.5,1.5
2010-10-24,2010,Espanol,Levante,H,2,1.75,3.4,5.0,1517.3937565191127,1487.2799668584812,30.113789660631483,78.4,37.4,0.7264409086594092,0,-8,-8,-2,1,1,1.5,1.5
2010-10-24,2010,Villarreal,Ath Madrid,H,2,2.3,3.25,3.1,1556.3029686338045,1524.1510169399066,32.1519516938979,170.6,210.8,-0.21047624611344418,3,0,-1,3,4,0,1.5,1.5
2010-10-24,2010,Sevilla,Ath Bilbao,H,2,1.7,3.6,5.0,1512.4967486709695,1496.8715585188772,15.625190152092273,175.6,10.0,2.7759920153714885,4,8,1,5,0,0,1.5,1.5
2010-10-24,2010,Almeria,Hercules,D,1,2.2,3.25,3.25,1472.5956548603062,1487.4462545151289,-14.850599654822645,63.7,51.7,0.2051457459595385,0,0,0,0,-2,-1,1.5,1.5
2010-10-24,2010,Getafe,Sp Gijon,H,2,1.73,3.5,5.0,1503.100636779781,1485.988330938289,17.112305841492116,66.4,10.0,1.8127497451198904,0,-3,0,-3,0,-1,1.5,1.5
2010-10-24,2010,Osasuna,Malaga,H,2,2.1,3.25,3.5,1475.2354353667308,1472.0100456413065,3.225389725424293,60.0,58.6,0.023218290102007266,0,0,0,0,-1,-2,1.5,1.5
2010-10-25,2010,Sociedad,La Coruna,H,2,2.1,3.25,3.5,1474.2797390667397,1455.2116913039804,19.068047762759306,66.7,63.7,0.04532497841137406,-1,4,6,6,-3,-3,1.5,1.5
2010-10-30,2010,Hercules,Real Madrid,A,0,10.0,5.0,1.3,1491.0505736259486,1576.778250788316,-85.7276771623674,51.7,519.0,-2.2892133560281565,-8,-5,3,4,0,4,1.5,1.5
2010-10-30,2010,Barcelona,Sevilla,H,2,1.29,5.0,11.0,1567.8497922550268,1522.681285030703,45.168507224323776,604.7,175.6,1.2324975258170427,5,-1,3,2,4,0,1.5,1.5
2010-10-30,2010,Valencia,Zaragoza,D,1,1.4,4.33,7.5,1532.7269415982983,1431.8392527867343,100.88768881156398,176.6,87.25,0.6993601347446639,5,1,0,-2,0,-3,1.5,1.5
2010-10-31,2010,Santander,Osasuna,H,2,2.5,3.3,2.75,1465.9293705900427,1485.9054980596259,-19.97612746958316,65.5,60.0,0.08632808348849697,0,-5,-8,-2,-2,1,1.5,1.5
2010-10-31,2010,La Coruna,Espanol,H,2,2.63,3.3,2.63,1445.160048967358,1527.024965075912,-81.86491610855387,63.7,78.4,-0.2047371667462352,1,4,2,-4,-4,1,1.5,1.5
2010-10-31,2010,Malaga,Sociedad,A,0,2.1,3.25,3.6,1461.3399829484115,1484.331381403362,-22.991398454950513,58.6,66.7,-0.127430605846925,0,0,0,0,-2,-1,1.5,1.5
2010-10-31,2010,Ath Bilbao,Getafe,H,2,2.0,3.5,3.6,1486.6870221591437,1513.227665479301,-26.540643320157415,10.0,66.4,-1.8127497451198904,0,-2,-5,-6,-1,1,1.5,1.5
2010-10-31,2010,Sp Gijon,Villarreal,D,1,3.5,3.3,2.1,1475.861302238769,1565.8576169462199,-89.99631470745089,10.0,170.6,-2.747270914255491,-3,0,1,-3,-2,4,1.5,1.5
2010-10-31,2010,Ath Madrid,Almeria,D,1,1.5,4.33,6.0,1514.5963686274913,1468.9913357494866,45.60503287800475,210.8,63.7,1.185881231660451,0,0,0,0,0,-1,1.5,1.5
2010-11-01,2010,Mallorca,Levante,H,2,1.62,3.8,5.5,1504.5125873681675,1477.648758301682,26.86382906648555,65.1,37.4,0.5431112872639599,0,-4,-1,0,0,1,1.5,1.5
2010-11-06,2010,Espanol,Malaga,H,2,1.91,3.4,4.0,1512.807209299972,1443.0686511486456,69.73855815132652,78.4,58.6,0.28684279418178615,0,-8,-8,-2,1,-4,1.5,1.5
2010-11-06,2010,Sociedad,Santander,H,2,2.1,3.25,3.6,1502.602713203128,1477.5342881102101,25.068425092917778,66.7,65.5,0.017884232256420773,0,5,8,2,1,-1,1.5,1.5
2010-11-07,2010,Zaragoza,Mallorca,H,2,2.4,3.2,3.0,1439.6596052316577,1514.266540511394,-74.60693527973626,87.25,65.1,0.2890049489557649,0,4,1,0,-3,2,1.5,1.5
2010-11-07,2010,Real Madrid,Ath Madrid,H,2,1.29,5.5,9.5,1592.3940901289952,1508.6539792647523,83.74011086424298,519.0,210.8,0.898186378408167,8,5,-3,-4,4,0,1.5,1.5
2010-11-07,2010,Osasuna,Hercules,H,2,2.0,3.3,3.8,1474.3005805394585,1475.4347342852693,-1.1341537458108633,60.0,51.7,0.14625840862599482,0,0,0,0,-1,-1,1.5,1.5
2010-11-07,2010,Villarreal,Ath Bilbao,H,2,1.8,3.6,4.33,1566.2893914462857,1498.5619561664835,67.7274352798022,170.6,10.0,2.747270914255491,3,5,4,12,3,-1,1.5,1.5
2010-11-07,2010,Getafe,Barcelona,A,0,8.5,5.0,1.33,1501.3527314719613,1576.9232993399185,-75.57056786795715,66.4,604.7,-2.195739796068641,-9,-5,1,-1,1,4,1.5,1.5
2010-11-07,2010,Almeria,Sp Gijon,D,1,2.1,3.3,3.5,1474.9337251122256,1475.4295277387032,-0.4958026264775981,63.7,10.0,1.7718659287084844,0,0,0,0,0,-1,1.5,1.5
2010-11-07,2010,Levante,La Coruna,A,0,2.3,3.2,3.2,1467.8948051584555,1459.377804743298,8.517000415157554,37.4,63.7,-0.521703741913174,-1,4,6,6,-1,-2,1.5,1.5
2010-11-08,2010,Sevilla,Valencia,H,2,2.2,3.4,3.2,1513.6077779458114,1524.9065891533749,-11.298811207563404,175.6,176.6,-0.005646542388210385,-1,2,-4,-2,-1,0,1.5,1.5
2010-11-13,2010,Ath Bilbao,Almeria,H,2,1.67,3.75,5.0,1490.2887057391117,1470.7515087619838,19.537196977127905,10.0,63.7,-1.7718659287084844,0,-5,-5,-9,-1,-1,1.5,1.5
2010-11-13,2010,Ath Madrid,Osasuna,H,2,1.62,3.75,5.5,1500.9214626771954,1485.1437945890393,15.777668088156133,210.8,60.0,1.2447685689939947,0,0,0,0,-2,1,1.5,1.5
2010-11-13,2010,Barcelona,Villarreal,H,2,1.2,6.25,13.0,1592.976267987857,1574.5626418736574,18.413626114199587,604.7,170.6,1.26121862693304,6,2,0,-5,4,3,1.5,1.5
2010-11-14,2010,Sp Gijon,Real Madrid,A,0,12.0,5.5,1.25,1479.611744088945,1600.126606716552,-120.51486262760704,10.0,519.0,-3.8559335387771023,-8,-5,3,4,0,5,1.5,1.5
2010-11-14,2010,Santander,Espanol,D,1,2.38,3.0,3.2,1467.712179725264,1521.0112745211713,-53.29909479590742,65.5,78.4,-0.17729642059128192,0,3,0,0,-1,1,1.5,1.5
2010-11-14,2010,Zaragoza,Sevilla,A,0,3.0,3.25,2.38,1453.5652463961512,1524.8593286333942,-71.29408223724295,87.25,175.6,-0.6937135923564535,-4,-3,4,4,-1,1,1.5,1.5
2010-11-14,2010,Malaga,Levante,H,2,1.95,3.5,3.8,1434.8645859274463,1448.3563798166267,-13.491793889180371,58.6,37.4,0.4395981144776231,0,0,0,0,-4,-2,1.5,1.5
2010-11-14,2010,Mallorca,La Coruna,D,1,1.8,3.5,4.5,1500.3608993469004,1478.9162300851267,21.444669261773697,65.1,63.7,0.021407545350785817,-1,0,5,6,0,0,1.5,1.5
2010-11-14,2010,Valencia,Getafe,H,2,1.62,3.75,5.5,1513.6550384657921,1485.2997628240228,28.355275641769367,176.6,66.4,0.9688888126398085,5,4,0,1,-2,-1,1.5,1.5
2010-11-14,2010,Hercules,Sociedad,H,2,2.1,3.3,3.5,1464.5915202356884,1512.424821588074,-47.83330135238566,51.7,66.7,-0.25047072437091256,0,0,0,0,-3,3,1.5,1.5
2010-11-20,2010,Almeria,Barcelona,A,0,12.0,5.5,1.25,1460.717908892734,1603.053104822086,-142.33519592935204,63.7,604.7,-2.236623612480047,-9,-2,1,2,-2,5,1.5,1.5
2010-11-20,2010,Real Madrid,Ath Bilbao,H,2,1.17,7.0,15.0,1614.2419367927607,1500.3223056083616,113.91963118439912,519.0,10.0,3.8559335387771023,8,10,2,5,5,1,1.5,1.5
2010-11-20,2010,Villarreal,Valencia,D,1,2.0,3.5,3.6,1564.4858050394284,1523.3525617642956,41.13324327513283,170.6,176.6,-0.034367643504207734,-2,-1,-1,5,1,-2,1.5,1.5
2010-11-21,2010,Levante,Santander,H,2,2.38,3.25,3.0,1437.0159239283616,1465.7079953682767,-28.692071439915026,37.4,65.5,-0.5491444880681273,0,5,8,2,-3,0,1.5,1.5
2010-11-21,2010,Sociedad,Ath Madrid,A,0,2.75,3.3,2.5,1499.6602653163914,1511.100095317122,-11.43983000073058,66.7,210.8,-1.140556253249077,0,0,0,0,1,0,1.5,1.5
2010-11-21,2010,Osasuna,Sp Gijon,H,2,1.83,3.4,4.5,1474.9651619491128,1465.4964140127363,9.46874793637653,60.0,10.0,1.7129785913749407,0,0,0,0,0,-1,1.5,1.5
2010-11-21,2010,Sevilla,Mallorca,A,0,1.67,3.75,5.0,1541.095850326207,1495.3213084743263,45.77454185188071,175.6,65.1,0.9827185413122184,4,7,-3,-4,1,0,1.5,1.5
2010-11-21,2010,La Coruna,Malaga,H,2,2.25,3.25,3.2,1483.9558209577008,1446.2050418157114,37.75077914198937,63.7,58.6,0.08210562743555094,1,-4,-6,-6,1,-3,1.5,1.5
2010-11-21,2010,Espanol,Hercules,H,2,1.91,3.3,4.2,1523.0154588781586,1477.3560765073712,45.6593823707874,78.4,51.7,0.4098829127057737,0,-8,-8,-2,2,-1,1.5,1.5
2010-11-22,2010,Getafe,Zaragoza,D,1,1.8,3.5,4.5,1475.6022395255193,1437.3287247033384,38.273514822180914,66.4,87.25,-0.2695286778951447,0,-3,0,-3,-3,-2,1.5,1.5
2010-11-27,2010,Ath Madrid,Espanol,A,0,1.62,3.6,6.0,1529.8428359824072,1532.0710914397603,-2.2282554573530433,210.8,78.4,0.9811440649142158,0,8,8,2,0,2,1.5,1.5
2010-11-27,2010,Sevilla,Getafe,A,0,1.67,3.75,5.0,1520.147292414057,1469.9289101093257,50.21838230473122,175.6,66.4,0.9632422702515981,4,6,-4,-1,1,-2,1.5,1.5
2010-11-27,2010,Zaragoza,Villarreal,A,0,3.25,3.25,2.2,1443.002054119532,1558.7070037620447,-115.7049496425127,87.25,170.6,-0.6649924912404561,-3,0,1,-3,-1,1,1.5,1.5
2010-11-28,2010,Valencia,Almeria,H,2,1.33,5.0,9.0,1529.1313630416794,1447.536673726831,81.59468931484844,176.6,63.7,1.0097726290512146,5,1,0,-2,-1,-2,1.5,1.5
2010-11-28,2010,Sp Gijon,Sociedad,A,0,2.1,3.25,3.6,1455.0721370438134,1480.917524651106,-25.84538760729265,10.0,66.7,-1.8171909071198584,0,0,0,0,-3,1,1.5,1.5
2010-11-28,2010,Santander,La Coruna,H,2,2.2,3.2,3.4,1453.744094725253,1493.3018424130553,-39.55774768780225,65.5,63.7,0.02744074615495329,-1,-1,-2,4,-2,2,1.5,1.5
2010-11-28,2010,Mallorca,Malaga,H,2,1.73,3.75,4.5,1516.2698663864765,1436.859020360357,79.41084602611954,65.1,58.6,0.10351317278633676,0,-4,-1,0,2,-3,1.5,1.5
2010-11-28,2010,Ath Bilbao,Osasuna,H,2,1.73,3.6,4.75,1493.5443179517708,1485.3894389180357,8.154879033735142,10.0,60.0,-1.7129785913749407,0,-5,-5,-9,-1,1,1.5,1.5
2010-11-28,2010,Hercules,Levante,H,2,1.83,3.5,4.33,1468.3004439457695,1448.9798245713853,19.32061937438425,51.7,37.4,0.31655799595363554,0,0,0,0,-2,-3,1.5,1.5
2010-11-29,2010,Barcelona,Real Madrid,H,2,2.1,3.3,3.5,1616.234339987989,1621.0199244493515,-4.785584461362532,604.7,519.0,0.15255600241142897,1,-3,2,2,5,5,1.5,1.5
2010-12-04,2010,Real Madrid,Valencia,H,2,1.4,4.5,7.5,1610.0307520832416,1536.9349739334014,73.09577814984027,519.0,176.6,1.0742949810174034,3,4,-3,-2,3,1,1.5,1.5
2010-12-04,2010,Levante,Ath Madrid,H,2,4.2,3.5,1.83,1438.9378975956156,1510.729696644389,-71.79179904877333,37.4,210.8,-1.707584973573625,0,0,0,0,-3,0,1.5,1.5
2010-12-04,2010,Osasuna,Barcelona,A,0,15.0,6.0,1.2,1474.9136569435784,1627.2235123540988,-152.3098554105204,60.0,604.7,-2.2955109498135906,-9,-2,1,2,-1,5,1.5,1.5
2010-12-05,2010,Sociedad,Ath Bilbao,H,2,2.3,3.3,3.1,1499.0712923825997,1504.020099926228,-4.948807543628391,66.7,10.0,1.8171909071198584,0,5,5,9,1,1,1.5,1.5
2010-12-05,2010,Villarreal,Sevilla,H,2,1.83,3.5,4.2,1573.0294280079318,1499.0378760276685,73.99155198026324,170.6,175.6,-0.02872110111599735,-1,-3,3,7,1,-1,1.5,1.5
2010-12-05,2010,Malaga,Santander,H,2,2.0,3.4,3.75,1428.9826080672083,1466.1606031392644,-37.17799507205609,58.6,65.5,-0.10954637359050423,0,5,8,2,-3,0,1.5,1.5
2010-12-05,2010,Espanol,Sp Gijon,H,2,1.62,3.75,5.5,1551.1842307777786,1436.9183693123198,114.26586146545878,78.4,10.0,1.9766030954547196,0,-8,-8,-2,2,-3,1.5,1.5
2010-12-05,2010,Almeria,Zaragoza,D,1,2.2,3.2,3.4,1439.733062835109,1428.679629873645,11.053432961464068,63.7,87.25,-0.3104124943065507,0,0,0,0,-3,-1,1.5,1.5
2010-12-05,2010,Getafe,Mallorca,H,2,2.0,3.4,3.75,1491.038326495714,1524.146278679625,-33.10795218391104,66.4,65.1,0.01947627106062022,0,1,1,-3,-2,2,1.5,1.5
2010-12-06,2010,La Coruna,Hercules,H,2,2.2,3.2,3.4,1480.885333999044,1478.3423709215392,2.542963077504737,63.7,51.7,0.2051457459595385,1,-4,-6,-6,2,-1,1.5,1.5
2010-12-11,2010,Sevilla,Almeria,A,0,1.4,4.5,7.5,1490.9789251336877,1435.0953765372647,55.883548596423,175.6,63.7,1.0041260866630042,4,3,-4,-4,-1,-3,1.5,1.5
2010-12-11,2010,Getafe,Villarreal,H,2,2.5,3.3,2.75,1503.1855271301265,1581.0883789019126,-77.90285177178612,66.4,170.6,-0.9345211691356008,-3,-3,1,-6,0,2,1.5,1.5
2010-12-11,2010,Ath Madrid,La Coruna,H,2,1.44,4.2,7.0,1496.944873691758,1491.5824196934916,5.362453998266346,210.8,63.7,1.185881231660451,-1,4,6,6,-1,2,1.5,1.5
2010-12-12,2010,Ath Bilbao,Espanol,H,2,1.95,3.4,3.9,1493.024383661635,1557.9517673149217,-64.9273836532866,10.0,78.4,-1.9766030954547196,0,3,3,-7,-1,4,1.5,1.5
2010-12-12,2010,Barcelona,Sociedad,H,2,1.1,8.5,26.0,1639.9820256923351,1510.0670086471928,129.91501704514235,604.7,66.7,2.191298634068673,9,2,-1,-2,5,1,1.5,1.5
2010-12-12,2010,Hercules,Malaga,H,2,2.1,3.4,3.4,1467.6452852270916,1441.2995410857905,26.34574414130111,51.7,58.6,-0.12304011852398755,0,0,0,0,-1,-1,1.5,1.5
2010-12-12,2010,Mallorca,Santander,A,0,1.73,3.5,5.0,1511.9990780452126,1453.8436701206822,58.15540792453044,65.1,65.5,-0.006033200804167471,0,1,7,2,0,-2,1.5,1.5
2010-12-12,2010,Sp Gijon,Levante,D,1,1.91,3.5,3.9,1430.1508327751767,1452.7227205482466,-22.571887773069875,10.0,37.4,-1.2501621867953103,0,0,0,0,-4,-1,1.5,1.5
2010-12-12,2010,Zaragoza,Real Madrid,A,0,12.0,5.5,1.25,1433.3173161714892,1618.1201318729652,-184.802815701476,87.25,519.0,-1.7736551157620672,-8,-5,3,4,-1,3,1.5,1.5
2010-12-13,2010,Valencia,Osasuna,D,1,1.4,4.5,7.5,1528.8455941436778,1462.1551436053421,66.69045053833565,176.6,60.0,1.0686599663847582,5,1,0,-2,0,-1,1.5,1.5
2010-12-18,2010,Levante,Ath Bilbao,A,0,2.8,3.25,2.5,1456.0112980871195,1506.5152996309866,-50.50400154386716,37.4,10.0,1.2501621867953103,0,5,5,9,0,1,1.5,1.5
2010-12-18,2010,Espanol,Barcelona,A,0,12.0,5.5,1.25,1544.46085134557,1646.2891367254447,-101.82828537987461,78.4,604.7,-2.0318864457338117,-9,-10,-7,0,2,5,1.5,1.5
2010-12-18,2010,La Coruna,Sp Gijon,D,1,2.05,3.25,3.75,1480.9967824822063,1426.8622552363038,54.13452724590252,63.7,10.0,1.7718659287084844,1,-4,-6,-6,0,-4,1.5,1.5
2010-12-18,2010,Villarreal,Mallorca,H,2,1.53,3.8,6.5,1567.0411052167944,1490.6065213647269,76.43458385206759,170.6,65.1,0.953997440196221,3,4,0,3,0,0,1.5,1.5
2010-12-18,2010,Sociedad,Valencia,A,0,3.1,3.25,2.3,1503.7598976140832,1522.1546590082185,-18.39476139413523,66.7,176.6,-0.9644476506398405,-5,-1,0,2,-1,1,1.5,1.5
2010-12-19,2010,Almeria,Getafe,A,0,2.5,3.2,2.8,1456.4074401510766,1517.2328008152447,-60.8253606641681,63.7,66.4,-0.04088381641140604,0,3,0,3,-2,2,1.5,1.5
2010-12-19,2010,Malaga,Ath Madrid,A,0,3.25,3.5,2.1,1431.5259460862617,1507.5305109030433,-76.00456481678157,58.6,210.8,-1.267986859096002,0,0,0,0,-1,1,1.5,1.5
2010-12-19,2010,Osasuna,Zaragoza,D,1,2.0,3.4,3.75,1468.8460787408014,1421.9075325979138,46.93854614288762,60.0,87.25,-0.3692998316400944,0,0,0,0,-2,-3,1.5,1.5
2010-12-19,2010,Real Madrid,Sevilla,H,2,1.2,6.5,13.0,1629.5299154465406,1469.6668615198757,159.86305392666486,519.0,175.6,1.0799415234056138,4,2,1,0,3,-3,1.5,1.5
2010-12-20,2010,Santander,Hercules,D,1,1.91,3.4,4.0,1475.236226801168,1477.4188802266203,-2.182653425452372,65.5,51.7,0.23258649211449178,0,-5,-8,-2,0,1,1.5,1.5
2011-01-02,2010,Valencia,Espanol,H,2,1.62,3.75,5.5,1540.6144498620154,1529.539784041897,11.074665820118298,176.6,78.4,0.8050354623049794,5,9,8,0,1,1,1.5,1.5
2011-01-02,2010,Sp Gijon,Malaga,A,0,2.2,3.3,3.25,1433.1120473993644,1415.4916238861972,17.620423513167225,10.0,58.6,-1.6897603012729334,0,0,0,0,-3,-3,1.5,1.5
2011-01-02,2010,Sevilla,Osasuna,H,2,1.62,3.75,5.5,1464.1756909468513,1462.855226446915,1.3204644999364064,175.6,60.0,1.0630134239965479,4,3,-4,-4,-5,-1,1.5,1.5
2011-01-02,2010,Barcelona,Levante,H,2,1.06,11.0,29.0,1661.2102040291177,1438.8887239649318,222.32148006418583,604.7,37.4,2.758327354393221,9,2,-1,-2,5,0,1.5,1.5
2011-01-02,2010,Ath Bilbao,La Coruna,A,0,1.67,3.5,5.5,1523.6378737531743,1474.7469903191457,48.89088343402864,10.0,63.7,-1.7718659287084844,-1,-1,1,-3,1,0,1.5,1.5
2011-01-03,2010,Villarreal,Almeria,H,2,1.44,4.33,7.0,1575.0174368064845,1439.7232661614325,135.29417064505196,170.6,63.7,0.9754049855470068,3,0,-1,3,2,-2,1.5,1.5
2011-01-03,2010,Mallorca,Hercules,H,2,1.83,3.4,4.5,1482.6301897750368,1481.5338402617128,1.0963495133239576,65.1,51.7,0.2265532913103243,0,-4,-1,0,-1,0,1.5,1.5
2011-01-03,2010,Zaragoza,Sociedad,H,2,2.2,3.4,3.2,1427.8983848918003,1485.3001067602863,-57.40172186848599,87.25,66.7,0.26508751589517665,0,0,0,0,-2,-1,1.5,1.5
2011-01-03,2010,Ath Madrid,Santander,D,1,1.44,4.33,7.0,1523.5648331031077,1471.1212667660755,52.44356633703228,210.8,65.5,1.1584404855054977,0,5,8,2,1,0,1.5,1.5
2011-01-03,2010,Getafe,Real Madrid,A,0,10.0,5.25,1.29,1533.9169748048887,1635.021086019565,-101.10411121467632,66.4,519.0,-2.043183793657212,-8,-8,3,1,4,3,1.5,1.5
2011-01-08,2010,Sociedad,Sevilla,A,0,2.8,3.25,2.5,1472.1300617509444,1474.9212617025833,-2.7911999516388732,66.7,175.6,-0.9588011082516301,-4,-3,4,4,-1,-3,1.5,1.5
2011-01-08,2010,La Coruna,Barcelona,A,0,13.0,6.5,1.2,1495.8085272323158,1665.2672968317454,-169.45876959942962,63.7,604.7,-2.236623612480047,-8,-6,-5,-4,0,5,1.5,1.5
2011-01-08,2010,Malaga,Ath Bilbao,D,1,2.25,3.4,3.1,1435.384207868858,1502.5763368400042,-67.19212897114608,58.6,10.0,1.6897603012729334,0,5,5,9,-1,1,1.5,1.5
2011-01-09,2010,Santander,Sp Gijon,D,1,1.91,3.4,4.0,1477.3106057418206,1413.2194634167035,64.09114232511706,65.5,10.0,1.7993066748634376,0,-5,-8,-2,1,-3,1.5,1.5
2011-01-09,2010,Osasuna,Getafe,D,1,2.25,3.25,3.2,1452.109655691183,1518.9646429573709,-66.85498726618789,60.0,66.4,-0.09977115374494971,0,3,0,3,-3,3,1.5,1.5
2011-01-09,2010,Real Madrid,Villarreal,H,2,1.29,5.5,10.0,1649.9734178670828,1581.1716915996349,68.80172626744798,519.0,170.6,1.1086626245216111,5,5,-2,-7,3,3,1.5,1.5
2011-01-09,2010,Levante,Valencia,A,0,4.33,3.4,1.85,1434.8316311623041,1550.9759345121952,-116.14430334989106,37.4,176.6,-1.5314763709643886,-5,-1,0,2,-2,2,1.5,1.5
2011-01-09,2010,Espanol,Zaragoza,H,2,1.73,3.6,4.75,1519.1782993917172,1441.0684299011423,78.10986949057497,78.4,87.25,-0.1056753275603155,0,-8,-8,-2,-1,-1,1.5,1.5
2011-01-09,2010,Mallorca,Almeria,H,2,1.73,3.4,4.5,1493.3846596060962,1433.5690113682822,59.815648237814,65.1,63.7,0.021407545350785817,0,-4,-1,0,-1,-2,1.5,1.5
2011-01-10,2010,Hercules,Ath Madrid,H,2,2.9,3.25,2.4,1470.7793704306534,1517.3754941273626,-46.59612369670913,51.7,210.8,-1.3910269776199895,0,0,0,0,0,0,1.5,1.5
2011-01-15,2010,Zaragoza,Levante,H,2,1.91,3.4,4.0,1433.1484404543382,1420.5281355446336,12.6203049097046,87.25,37.4,0.8321162362197247,0,0,0,0,-1,-2,1.5,1.5
2011-01-15,2010,Villarreal,Osasuna,H,2,1.53,3.8,6.5,1572.9354430813587,1450.6829958354397,122.25244724591903,170.6,60.0,1.0342923228805505,3,0,-1,3,1,-2,1.5,1.5
2011-01-15,2010,Sp Gijon,Hercules,H,2,2.2,3.3,3.25,1419.8202069176623,1483.4917276693109,-63.671520751648586,10.0,51.7,-1.5667201827489459,0,0,0,0,-2,0,1.5,1.5
2011-01-15,2010,Ath Bilbao,Santander,H,2,1.67,3.6,5.25,1503.9885714617735,1470.7098622408619,33.27870922091165,10.0,65.5,-1.7993066748634376,0,0,3,-7,0,0,1.5,1.5
2011-01-15,2010,Getafe,Sociedad,A,0,1.8,3.25,5.0,1520.3913028131142,1453.0394091958524,67.3518936172618,66.4,66.7,-0.004441161999968024,0,-3,0,-3,2,-3,1.5,1.5
2011-01-15,2010,Sevilla,Espanol,A,0,1.73,3.5,5.0,1494.0119142576752,1527.0982888385213,-33.08637458084604,175.6,78.4,0.799388919916769,4,11,4,-2,-1,-1,1.5,1.5
2011-01-16,2010,Almeria,Real Madrid,D,1,10.0,6.0,1.25,1425.020108414219,1658.209666385359,-233.18955797113995,63.7,519.0,-2.084067610068618,-8,-5,3,4,-2,5,1.5,1.5
2011-01-16,2010,Valencia,La Coruna,H,2,1.44,4.2,7.5,1565.2794301298657,1483.7679808345174,81.51144929534826,176.6,63.7,1.0097726290512146,4,5,6,4,2,0,1.5,1.5
2011-01-16,2010,Barcelona,Malaga,H,2,1.08,10.0,23.0,1677.3078432295438,1433.9719732470887,243.33586998245505,604.7,58.6,2.318729239915598,9,2,-1,-2,5,0,1.5,1.5
2011-01-17,2010,Ath Madrid,Mallorca,H,2,1.83,3.5,4.33,1504.6631368887051,1501.9335625601593,2.729574328545823,210.8,65.1,1.1644736863096652,0,4,1,0,0,-1,1.5,1.5
2011-01-22,2010,Barcelona,Santander,H,2,1.07,11.0,23.0,1680.9589364827143,1461.1973992809933,219.761537201721,604.7,65.5,2.2091828663250936,9,7,7,0,5,0,3.0,0.0
2011-01-22,2010,Sevilla,Levante,H,2,1.4,4.5,7.5,1476.1582170188208,1410.226917019635,65.93129999918574,175.6,37.4,1.5258298285761782,4,3,-4,-4,-1,-4,3.0,0.0
2011-01-22,2010,Valencia,Malaga,H,2,1.44,4.33,7.0,1573.08580792797,1430.3208799939182,142.7649279340519,176.6,58.6,1.0918782564867655,5,1,0,-2,4,-2,3.0,0.0
2011-01-23,2010,Almeria,Osasuna,H,2,2.2,3.2,3.4,1430.5043113025445,1444.1533629509702,-13.649051648425711,63.7,60.0,0.05888733733354368,0,0,0,0,-2,-2,1.0,1.0
2011-01-23,2010,Villarreal,Sociedad,H,2,1.5,4.1,6.5,1579.4650759658282,1474.7531996967834,104.71187626904475,170.6,66.7,0.9300800071356328,3,0,-1,3,1,-3,0.0,3.0
2011-01-23,2010,Sp Gijon,Ath Madrid,H,2,2.9,3.3,2.38,1433.2574714580148,1515.3528300433131,-82.0953585852983,10.0,210.8,-2.9577471603689354,0,0,0,0,0,2,0.0,3.0
2011-01-23,2010,Zaragoza,La Coruna,H,2,2.0,3.4,3.75,1443.4496589793368,1475.961603036413,-32.51194405707611,87.25,63.7,0.3104124943065507,-1,4,6,6,0,-2,1.0,1.0
2011-01-23,2010,Getafe,Espanol,A,0,2.1,3.3,3.5,1498.6775123121831,1544.9519860773758,-46.274473765192624,66.4,78.4,-0.16385335033482917,0,5,8,-1,0,-1,0.0,3.0
2011-01-23,2010,Real Madrid,Mallorca,H,2,1.17,7.0,15.0,1652.7254634970336,1491.2438694055513,161.4815940914823,519.0,65.1,2.062660064717832,8,9,-2,-4,4,-1,1.0,1.0
2011-01-24,2010,Ath Bilbao,Hercules,H,2,1.73,3.6,4.75,1513.501034421642,1470.0544631289583,43.44657129268376,10.0,51.7,-1.5667201827489459,0,-5,-5,-9,2,0,3.0,0.0
2011-01-29,2010,Hercules,Barcelona,A,0,15.0,7.0,1.17,1460.918096568185,1685.0680086693646,-224.14991210117955,51.7,604.7,-2.4417693584395854,-9,-2,1,2,-2,5,3.0,0.0
2011-01-29,2010,La Coruna,Sevilla,D,1,3.5,3.3,2.1,1463.8391952866348,1484.4935612910576,-20.654366004422855,63.7,175.6,-1.0041260866630042,-3,-7,-2,-2,-2,1,1.0,1.0
2011-01-29,2010,Levante,Getafe,H,2,2.8,3.25,2.5,1401.8915727473982,1481.3763077195902,-79.48473497219197,37.4,66.4,-0.5625875583245801,0,3,0,3,-5,-2,0.0,3.0
2011-01-29,2010,Malaga,Zaragoza,A,0,1.83,3.5,4.33,1424.374330196346,1455.572066729115,-31.197736532769113,58.6,87.25,-0.39251812174210166,0,0,0,0,-2,2,3.0,0.0
2011-01-29,2010,Mallorca,Sp Gijon,A,0,1.8,3.25,5.0,1485.794372493081,1447.4851495200442,38.30922297303687,65.1,10.0,1.7932734740592702,0,-4,-1,0,-1,1,0.0,3.0
2011-01-29,2010,Sociedad,Almeria,H,2,2.0,3.4,3.75,1467.6930875491541,1441.8511531479428,25.841934401211347,66.7,63.7,0.04532497841137406,0,0,0,0,-3,-2,1.0,1.0
2011-01-30,2010,Osasuna,Real Madrid,H,2,9.0,5.0,1.33,1432.8065211055718,1658.174960409504,-225.36843930393206,60.0,519.0,-2.1429549474021616,-8,-5,3,4,-3,4,0.0,3.0
2011-01-30,2010,Ath Madrid,Ath Bilbao,A,0,1.83,3.5,4.33,1501.1251519812838,1522.6374009824153,-21.512249001131522,210.8,10.0,2.9577471603689354,0,5,5,9,0,2,3.0,0.0
2011-01-30,2010,Espanol,Villarreal,A,0,2.5,3.25,2.8,1562.2531906699687,1586.5251881134575,-24.27199744348877,78.4,170.6,-0.7706678188007716,-3,-8,-7,-5,1,3,0.0,3.0
2011-01-31,2010,Santander,Valencia,D,1,3.5,3.3,2.1,1457.088327094343,1579.0323577255424,-121.94403063119944,65.5,176.6,-0.9823318828962613,-5,-6,-8,0,-2,5,0.0,3.0
2011-02-05,2010,Villarreal,Levante,A,0,1.25,5.25,13.0,1604.7438195292739,1416.0068855110253,188.73693401824858,170.6,37.4,1.4971087274601809,3,0,-1,3,3,-3,3.0,0.0
2011-02-05,2010,Osasuna,Mallorca,D,1,2.1,3.3,3.5,1452.99581855956,1465.1197220185904,-12.123903459030544,60.0,65.1,-0.0802948826843295,0,4,1,0,-2,-1,0.0,3.0
2011-02-05,2010,Getafe,La Coruna,H,2,1.83,3.5,4.33,1467.260994955963,1460.4719068726083,6.789088083354727,66.4,63.7,0.04088381641140604,-1,1,6,3,-4,-2,1.0,1.0
2011-02-05,2010,Zaragoza,Santander,D,1,2.0,3.3,3.75,1473.5042698632553,1458.0344692756269,15.46980058762847,87.25,65.5,0.2829717481515974,0,5,8,2,3,-2,0.0,3.0
2011-02-05,2010,Ath Bilbao,Sp Gijon,H,2,1.67,3.5,5.5,1540.9694986546945,1468.1597999945348,72.80969866015971,10.0,10.0,0.0,0,-5,-5,-9,2,2,1.0,1.0
2011-02-05,2010,Almeria,Espanol,H,2,2.5,3.3,2.75,1432.0584379138077,1544.0345592541523,-111.97612134034466,63.7,78.4,-0.2047371667462352,0,8,8,2,-2,1,0.0,3.0
2011-02-05,2010,Barcelona,Ath Madrid,H,2,1.14,7.5,17.0,1694.9250790126948,1482.7930543090047,212.13202470369015,604.7,210.8,1.050742380819596,9,2,-1,-2,5,-2,3.0,0.0
2011-02-06,2010,Valencia,Hercules,H,2,1.44,4.2,7.5,1578.0862155442585,1451.061026224855,127.02518931940358,176.6,51.7,1.214918375010753,5,1,0,-2,4,-3,3.0,0.0
2011-02-06,2010,Real Madrid,Sociedad,H,2,1.17,6.5,19.0,1637.9856629555159,1477.4858027832893,160.4998601722266,519.0,66.7,2.038742631657244,8,5,-3,-4,2,-1,3.0,0.0
2011-02-06,2010,Sevilla,Malaga,D,1,1.53,4.0,6.0,1487.860849705084,1406.4421270622056,81.41872264287849,175.6,58.6,1.0862317140985551,4,3,-4,-4,2,-2,3.0,0.0
2011-02-12,2010,Santander,Sevilla,H,2,3.0,3.4,2.3,1462.8439147504166,1480.6703104949106,-17.826395744493993,65.5,175.6,-0.9766853405080509,-4,-8,-4,2,-2,1,1.0,1.0
2011-02-12,2010,Ath Madrid,Valencia,A,0,2.1,3.4,3.4,1478.5257364463293,1584.4765878994558,-105.95085145312646,210.8,176.6,0.17610860260923644,-5,-1,0,2,-3,4,1.0,1.0
2011-02-12,2010,Sp Gijon,Barcelona,D,1,15.0,8.0,1.14,1460.0606870026536,1699.1923968753702,-239.13170987271656,10.0,604.7,-4.008489541188531,-9,-2,1,2,2,5,0.0,3.0
2011-02-13,2010,Malaga,Getafe,D,1,2.1,3.4,3.4,1413.632666272379,1477.7904420086925,-64.1577757363134,58.6,66.4,-0.12298944384695698,0,3,0,3,-3,-2,3.0,0.0
2011-02-13,2010,Sociedad,Osasuna,H,2,2.1,3.25,3.6,1472.0110579319862,1449.2807865719221,22.73027136006408,66.7,60.0,0.10421231574491774,0,0,0,0,-1,-1,0.0,3.0
2011-02-13,2010,Levante,Almeria,H,2,2.3,3.3,3.1,1441.2224902351672,1447.5752839485697,-6.352793713402434,37.4,63.7,-0.521703741913174,0,0,0,0,-1,0,3.0,0.0
2011-02-13,2010,Espanol,Real Madrid,A,0,7.0,4.33,1.44,1528.5177132193903,1643.460407806819,-114.9426945874286,78.4,519.0,-1.8793304433223827,-8,-13,-5,2,1,2,0.0,3.0
2011-02-13,2010,Hercules,Zaragoza,H,2,2.0,3.4,3.75,1444.6706538696576,1468.6948243884656,-24.024170518807978,51.7,87.25,-0.5155582402660892,0,0,0,0,-3,2,1.0,1.0
2011-02-13,2010,La Coruna,Villarreal,H,2,3.5,3.3,2.1,1449.9424598198789,1579.528214805132,-129.58575498525306,63.7,170.6,-0.9754049855470068,-2,-4,-5,-9,-4,1,0.0,3.0
2011-02-14,2010,Mallorca,Ath Bilbao,H,2,2.1,3.4,3.4,1468.8347540062282,1549.0686116465756,-80.23385764034742,65.1,10.0,1.7932734740592702,0,1,4,9,-2,4,0.0,3.0
2011-02-19,2010,Zaragoza,Ath Madrid,A,0,2.88,3.3,2.4,1456.9236611537879,1463.7826302351523,-6.858969081364421,87.25,210.8,-0.8754687373539003,0,0,0,0,2,-3,0.0,3.0
2011-02-19,2010,Valencia,Sp Gijon,D,1,1.44,4.33,7.0,1599.2196941106329,1465.7657377265425,133.45395638409036,176.6,10.0,2.781638557759699,5,1,0,-2,4,2,3.0,0.0
2011-02-19,2010,Real Madrid,Levante,H,2,1.14,7.5,17.0,1657.8156773005537,1452.2745623084124,205.54111499214127,519.0,37.4,2.605771351981792,8,5,-3,-4,2,1,1.0,1.0
2011-02-20,2010,Sevilla,Hercules,H,2,1.57,3.8,6.0,1469.153325427484,1456.4418171043353,12.711508323148792,175.6,51.7,1.2092718326225427,4,3,-4,-4,-1,-3,0.0,3.0
2011-02-20,2010,Osasuna,Espanol,H,2,2.2,3.3,3.25,1439.369554836148,1514.1624437256555,-74.7928888895076,60.0,78.4,-0.2636245040797789,0,8,8,2,-2,-1,0.0,3.0
2011-02-20,2010,Villarreal,Malaga,D,1,1.5,4.1,6.5,1563.2539735718108,1412.0906992819234,151.16327428988734,170.6,58.6,1.0575106129825578,3,0,-1,3,1,-3,3.0,0.0
2011-02-20,2010,Barcelona,Ath Bilbao,H,2,1.13,7.5,21.0,1693.4873461514812,1534.9210651121182,158.56628103936305,604.7,10.0,4.008489541188531,9,7,4,7,4,3,3.0,0.0
2011-02-20,2010,Almeria,La Coruna,D,1,2.05,3.3,3.6,1436.5232118753245,1466.2167010532,-29.693489177875563,63.7,63.7,0.0,-1,4,6,6,0,-2,3.0,0.0
2011-02-20,2010,Getafe,Santander,A,0,1.8,3.5,4.5,1479.3324089991481,1474.3608998178431,4.971509181305009,66.4,65.5,0.01344307025645275,0,2,8,-1,-2,-1,3.0,0.0
2011-02-21,2010,Sociedad,Mallorca,H,2,2.05,3.3,3.6,1481.9222896677604,1482.9823005406856,-1.0600108729252042,66.7,65.1,0.023917433060588245,0,4,1,0,1,-2,0.0,3.0
2011-02-26,2010,Ath Madrid,Sevilla,D,1,2.1,3.4,3.4,1482.7102108456381,1479.450993057915,3.2592177877231734,210.8,175.6,0.18175514499744683,-4,-3,4,4,-3,1,0.0,3.0
2011-02-26,2010,Espanol,Sociedad,H,2,1.95,3.3,4.0,1500.2488167199335,1492.7625487081127,7.486268011820812,78.4,66.7,0.15941218833486115,0,-8,-8,-2,-3,1,0.0,3.0
2011-02-26,2010,La Coruna,Real Madrid,D,1,7.5,4.5,1.4,1469.211312899548,1662.2237626194742,-193.01244971992628,63.7,519.0,-2.084067610068618,-7,-9,-3,-2,-1,3,0.0,3.0
2011-02-26,2010,Sp Gijon,Zaragoza,D,1,1.91,3.4,4.0,1474.5595020374176,1437.996080543302,36.56342149411557,10.0,87.25,-2.082278423015035,0,0,0,0,1,0,1.0,1.0
2011-02-26,2010,Mallorca,Barcelona,A,0,8.5,5.0,1.33,1472.1420415003333,1699.0120837323677,-226.8700422320344,65.1,604.7,-2.215216067129261,-9,-6,0,2,-2,4,1.0,1.0
2011-02-27,2010,Ath Bilbao,Valencia,A,0,2.3,3.3,3.1,1529.3963275312317,1590.4259297997578,-61.029602268526105,10.0,176.6,-2.781638557759699,-5,-6,-5,-7,1,3,0.0,3.0
2011-02-27,2010,Hercules,Getafe,D,1,2.3,3.3,3.1,1446.1441494739045,1459.933467962045,-13.789318488140452,51.7,66.4,-0.24602956237094453,0,3,0,3,-3,-2,0.0,3.0
2011-02-27,2010,Levante,Osasuna,H,2,2.4,3.2,3.0,1447.866476989492,1453.28318184187,-5.416704852377961,37.4,60.0,-0.46281640457963036,0,0,0,0,1,0,1.0,1.0
2011-02-27,2010,Santander,Villarreal,D,1,2.8,3.25,2.5,1493.7598408549463,1553.9733816474993,-60.213540792552976,65.5,170.6,-0.9479642393920535,-3,-5,-7,-5,1,0,0.0,3.0
2011-02-28,2010,Malaga,Almeria,H,2,1.85,3.4,4.33,1421.371291206235,1433.5286000289766,-12.157308822741697,58.6,63.7,-0.08210562743555094,0,0,0,0,-2,0,1.0,1.0
2011-03-01,2010,Espanol,Mallorca,A,0,2.1,3.3,3.5,1510.7508541578845,1462.3883237891407,48.36253036874382,78.4,65.1,0.1833296213954494,0,-4,-7,-2,-3,-2,3.0,0.0
2011-03-01,2010,Sevilla,Sp Gijon,H,2,1.57,4.0,5.5,1483.7822691066658,1468.9495591619852,14.832709944680573,175.6,10.0,2.7759920153714885,4,3,-4,-4,0,0,0.0,3.0
2011-03-02,2010,Sociedad,Levante,D,1,1.91,3.4,4.0,1482.2605112701617,1458.880961164366,23.379550105795715,66.7,37.4,0.5670287203245481,0,0,0,0,1,3,0.0,3.0
2011-03-02,2010,Zaragoza,Ath Bilbao,H,2,2.6,3.25,2.7,1443.6060234187344,1512.7208607731384,-69.11483735440402,87.25,10.0,2.082278423015035,0,5,5,9,-1,-1,0.0,3.0
2011-03-02,2010,Villarreal,Hercules,H,2,1.5,4.0,7.0,1555.6836318510734,1442.496688493634,113.1869433574393,170.6,51.7,1.1805507315065453,3,0,-1,3,-1,-2,1.0,1.0
2011-03-02,2010,Getafe,Ath Madrid,D,1,2.7,3.25,2.6,1463.5809289423153,1478.3789347968873,-14.798005854572011,66.4,210.8,-1.144997415249045,0,-3,0,-3,-1,-2,0.0,3.0
2011-03-02,2010,Osasuna,La Coruna,D,1,1.95,3.3,4.0,1442.2686976669959,1473.1337223067433,-30.86502463974739,60.0,63.7,-0.05888733733354368,-1,4,6,6,0,0,1.0,1.0
2011-03-02,2010,Valencia,Barcelona,A,0,5.5,4.0,1.57,1607.101396557851,1708.7658014435603,-101.66440488570925,176.6,604.7,-1.2268509834288324,-4,-1,1,0,3,4,0.0,3.0
2011-03-03,2010,Real Madrid,Malaga,H,2,1.14,7.5,17.0,1658.3013532122789,1432.6576130104434,225.6437402018355,519.0,58.6,2.166173237504169,8,5,-3,-4,2,0,3.0,0.0
2011-03-03,2010,Almeria,Santander,D,1,2.38,3.25,3.0,1422.2422782247681,1492.0495906513722,-69.80731242660408,63.7,65.5,-0.02744074615495329,0,5,8,2,-2,2,0.0,3.0
2011-03-05,2010,Barcelona,Zaragoza,H,2,1.1,9.0,21.0,1723.6939438580305,1457.2761050357133,266.4178388223172,604.7,87.25,1.9262111181734962,9,2,-1,-2,4,-1,3.0,0.0
2011-03-05,2010,Ath Madrid,Villarreal,H,2,2.1,3.4,3.4,1481.9853933828965,1562.48377368888,-80.49838030598357,210.8,170.6,0.21047624611344418,-3,0,1,-3,-1,-1,0.0,3.0
2011-03-05,2010,Mallorca,Valencia,A,0,2.7,3.2,2.6,1483.430763127605,1592.173254143381,-108.74249101577607,65.1,176.6,-0.9883650837004287,-5,-5,-1,2,0,2,3.0,0.0
2011-03-06,2010,Malaga,Osasuna,A,0,2.0,3.3,3.75,1428.6671501500498,1439.3226816927145,-10.655531542664676,58.6,60.0,-0.023218290102007266,0,0,0,0,0,-1,0.0,3.0
2011-03-06,2010,Santander,Real Madrid,A,0,8.0,4.75,1.36,1493.3498422903424,1662.2918160726724,-168.94197378233002,65.5,519.0,-2.0566268639136647,-8,-10,-5,2,2,4,0.0,3.0
2011-03-06,2010,Sp Gijon,Getafe,H,2,2.3,3.25,3.1,1458.7343123830697,1459.974470356306,-1.2401579732363643,10.0,66.4,-1.8127497451198904,0,3,0,3,-2,0,0.0,3.0
2011-03-06,2010,Levante,Espanol,H,2,2.38,3.2,3.0,1463.9945191025477,1489.7084148194203,-25.713895716872685,37.4,78.4,-0.7264409086594092,0,8,8,2,2,-3,0.0,3.0
2011-03-06,2010,Ath Bilbao,Sevilla,H,2,2.4,3.3,2.9,1499.0507791561595,1493.9975158855814,5.0532632705781,10.0,175.6,-2.7759920153714885,-4,-8,-1,-5,-3,1,0.0,3.0
2011-03-06,2010,Hercules,Almeria,A,0,2.0,3.4,3.75,1435.6965466558274,1420.942026585798,14.754520070029457,51.7,63.7,-0.2051457459595385,0,0,0,0,-2,-1,1.0,1.0
2011-03-07,2010,La Coruna,Sociedad,H,2,2.2,3.25,3.25,1476.0797382810247,1477.14695333198,-1.067215050955383,63.7,66.7,-0.04532497841137406,1,-4,-6,-6,0,0,0.0,3.0
2011-03-12,2010,Almeria,Ath Madrid,D,1,3.25,3.4,2.15,1440.7237473430469,1496.144323885159,-55.42057654211226,63.7,210.8,-1.185881231660451,0,0,0,0,-1,1,1.0,1.0
2011-03-12,2010,Real Madrid,Hercules,H,2,1.14,7.5,17.0,1674.3538121050942,1415.9148258985786,258.43898620651566,519.0,51.7,2.2892133560281565,8,5,-3,-4,4,-2,3.0,0.0
2011-03-12,2010,Zaragoza,Valencia,H,2,2.9,3.25,2.4,1454.0301342958228,1606.7958901075726,-152.76575581174984,87.25,176.6,-0.6993601347446639,-5,-1,0,2,-2,2,1.0,1.0
2011-03-13,2010,Osasuna,Santander,H,2,2.0,3.3,3.8,1458.097157195863,1481.2878462579206,-23.190689062057572,60.0,65.5,-0.08632808348849697,0,5,8,2,0,1,0.0,3.0
2011-03-13,2010,Levante,Mallorca,D,1,2.25,3.2,3.25,1475.8353257950373,1468.8081271634132,7.02719863162406,37.4,65.1,-0.5431112872639599,0,4,1,0,2,-1,0.0,3.0
2011-03-13,2010,Espanol,La Coruna,H,2,2.0,3.3,3.8,1477.8676081269307,1486.920284432931,-9.052676306000421,78.4,63.7,0.2047371667462352,-1,-4,-2,4,-3,2,0.0,3.0
2011-03-13,2010,Sociedad,Malaga,A,0,2.0,3.4,3.75,1466.3064071800736,1409.8926746469012,56.41373253317238,66.7,58.6,0.127430605846925,0,0,0,0,0,-1,3.0,0.0
2011-03-13,2010,Villarreal,Sp Gijon,D,1,1.6,3.8,5.75,1548.3248431866175,1469.5817519025597,78.74309128405775,170.6,10.0,2.747270914255491,3,0,-1,3,-1,0,1.0,1.0
2011-03-13,2010,Sevilla,Barcelona,D,1,7.5,4.5,1.4,1483.399682750812,1726.939914597921,-243.540231847109,175.6,604.7,-1.2324975258170427,-5,1,-3,-2,0,4,0.0,3.0
2011-03-14,2010,Getafe,Ath Bilbao,D,1,2.3,3.25,2.8,1449.127030836816,1509.648612290929,-60.52158145411295,66.4,10.0,1.8127497451198904,0,2,5,6,-2,-3,0.0,3.0
2011-03-19,2010,Ath Madrid,Real Madrid,A,0,5.25,4.0,1.62,1498.058479299092,1677.7351512860544,-179.67667198696245,210.8,519.0,-0.898186378408167,-8,-5,3,4,2,4,0.0,3.0
2011-03-19,2010,Barcelona,Getafe,H,2,1.13,8.5,17.0,1721.0728557779473,1447.429908254485,273.6429475234622,604.7,66.4,2.195739796068641,9,5,-1,1,4,-2,3.0,0.0
2011-03-19,2010,Mallorca,Zaragoza,H,2,1.95,3.4,3.8,1473.2880451188837,1471.2908604584502,1.9971846604335042,65.1,87.25,-0.2890049489557649,0,-4,-1,0,-2,0,0.0,3.0
2011-03-20,2010,Santander,Sociedad,H,2,2.0,3.5,3.6,1469.5509821989915,1444.9755190416543,24.575463157337254,65.5,66.7,-0.017884232256420773,0,-5,-8,-2,-1,-2,0.0,3.0
2011-03-20,2010,Sp Gijon,Almeria,H,2,1.91,3.4,4.0,1476.6829919796435,1438.809591929114,37.873400050529426,10.0,63.7,-1.7718659287084844,0,0,0,0,0,0,1.0,1.0
2011-03-20,2010,Malaga,Espanol,H,2,2.0,3.4,3.75,1431.2235627853206,1489.028389112138,-57.80482632681742,58.6,78.4,-0.28684279418178615,0,8,8,2,0,-1,0.0,3.0
2011-03-20,2010,Valencia,Sevilla,A,0,1.95,3.5,3.7,1589.5351639449452,1489.2667415707856,100.26842237415963,176.6,175.6,0.005646542388210385,1,-2,4,2,0,1,0.0,3.0
2011-03-20,2010,Ath Bilbao,Villarreal,A,0,2.3,3.4,3.0,1511.3457348732597,1541.2236031095338,-29.877868236274026,10.0,170.6,-2.747270914255491,-3,-5,-4,-12,-2,0,0.0,3.0
2011-03-20,2010,La Coruna,Levante,A,0,2.1,3.4,3.4,1475.7595034477238,1471.3554078395669,4.404095608156922,63.7,37.4,0.521703741913174,1,-4,-6,-6,0,1,3.0,0.0
2011-03-20,2010,Hercules,Osasuna,A,0,2.15,3.25,3.4,1412.5334867176184,1469.834021254792,-57.30053453717369,51.7,60.0,-0.14625840862599482,0,0,0,0,-4,2,0.0,3.0
2011-04-02,2010,Getafe,Valencia,A,0,2.8,3.25,2.5,1444.3023864231268,1566.7342983104147,-122.43191188728792,66.4,176.6,-0.9688888126398085,-5,-4,0,-1,-2,-1,0.0,3.0
2011-04-02,2010,Real Madrid,Sp Gijon,A,0,1.14,7.5,17.0,1689.3542939522797,1486.024472224024,203.32982172825564,519.0,10.0,3.8559335387771023,8,5,-3,-4,4,1,3.0,0.0
2011-04-02,2010,Villarreal,Barcelona,A,0,5.5,3.8,1.62,1559.2105711315398,1724.2003776093056,-164.9898064777658,170.6,604.7,-1.26121862693304,-6,-2,0,5,1,4,0.0,3.0
2011-04-03,2010,Sociedad,Hercules,A,0,1.83,3.5,4.33,1435.1346546316154,1395.6992282908893,39.43542634072605,66.7,51.7,0.25047072437091256,0,0,0,0,-4,-4,0.0,3.0
2011-04-03,2010,Sevilla,Zaragoza,H,2,1.53,4.0,6.0,1512.067607205316,1460.5721408774714,51.495466327844724,175.6,87.25,0.6937135923564535,4,3,-4,-4,1,0,3.0,0.0
2011-04-03,2010,Osasuna,Ath Madrid,A,0,2.5,3.25,2.8,1486.6682796815212,1486.4393366328666,0.228943048654628,60.0,210.8,-1.2447685689939947,0,0,0,0,2,0,0.0,3.0
2011-04-03,2010,Espanol,Santander,A,0,1.91,3.4,4.0,1475.841197284756,1479.3918466090304,-3.5506493242744455,78.4,65.5,0.17729642059128192,0,-3,0,0,-1,-1,1.0,1.0
2011-04-03,2010,La Coruna,Mallorca,H,2,2.3,3.2,3.1,1456.3829634980566,1484.0067646998625,-27.623801201805918,63.7,65.1,-0.021407545350785817,1,0,-5,-6,-1,0,1.0,1.0
2011-04-03,2010,Levante,Malaga,H,2,2.3,3.25,3.1,1490.731947789234,1444.4107546127027,46.321193176531324,37.4,58.6,-0.4395981144776231,0,0,0,0,3,1,0.0,3.0
2011-04-04,2010,Almeria,Ath Bilbao,A,0,2.9,3.3,2.4,1429.4681116847335,1493.3587668512537,-63.89065516652022,63.7,10.0,1.7718659287084844,0,5,5,9,-1,-2,0.0,3.0
2011-04-09,2010,Mallorca,Sevilla,D,1,2.6,3.2,2.75,1472.0870678383549,1520.9122700915805,-48.8252022532256,65.1,175.6,-0.9827185413122184,-4,-7,3,4,0,2,3.0,0.0
2011-04-09,2010,Barcelona,Almeria,H,2,1.11,8.5,21.0,1736.4268157327376,1412.9147349448817,323.5120807878559,604.7,63.7,2.236623612480047,9,2,-1,-2,4,-1,3.0,0.0
2011-04-09,2010,Ath Bilbao,Real Madrid,A,0,4.5,3.75,1.73,1509.9121435911054,1663.810461421785,-153.89831783067962,10.0,519.0,-3.8559335387771023,-8,-10,-2,-5,0,3,0.0,3.0
2011-04-10,2010,Sp Gijon,Osasuna,H,2,2.0,3.4,3.75,1511.5683047545187,1467.4572227500548,44.111082004463924,10.0,60.0,-1.7129785913749407,0,0,0,0,2,2,0.0,3.0
2011-04-10,2010,Ath Madrid,Sociedad,H,2,1.53,4.0,6.0,1505.650393564333,1414.4183919454847,91.23200161884824,210.8,66.7,1.140556253249077,0,0,0,0,1,-4,3.0,0.0
2011-04-10,2010,Hercules,Espanol,D,1,2.1,3.25,3.6,1416.41549097702,1456.7809123729683,-40.36542139594826,51.7,78.4,-0.4098829127057737,0,8,8,2,-3,-3,0.0,3.0
2011-04-10,2010,Malaga,La Coruna,D,1,1.75,3.5,4.75,1435.3791892805734,1468.3026603595642,-32.923471078990815,58.6,63.7,-0.08210562743555094,-1,4,6,6,-1,0,0.0,3.0
2011-04-10,2010,Santander,Levante,D,1,1.91,3.4,4.0,1498.452131520818,1499.7635131213633,-1.3113816005452463,65.5,37.4,0.5491444880681273,0,-5,-8,-2,0,3,0.0,3.0
2011-04-10,2010,Valencia,Villarreal,H,2,1.91,3.4,4.0,1580.7671782773432,1546.9841330081078,33.783045269235345,176.6,170.6,0.034367643504207734,2,1,1,-5,-1,0,1.0,1.0
2011-04-11,2010,Zaragoza,Getafe,H,2,2.1,3.3,3.5,1451.727477991207,1430.2695064561983,21.45797153500871,87.25,66.4,0.2695286778951447,0,3,0,3,-1,-3,1.0,1.0
2011-04-16,2010,Getafe,Sevilla,H,2,2.88,3.3,2.4,1420.3096068012742,1523.1058234152492,-102.79621661397505,66.4,175.6,-0.9632422702515981,-4,-6,4,1,-4,1,3.0,0.0
2011-04-16,2010,Almeria,Valencia,A,0,3.8,3.4,2.0,1410.5049673661451,1590.2607914561422,-179.75582408999708,63.7,176.6,-1.0097726290512146,-5,-1,0,2,-2,1,0.0,3.0
2011-04-16,2010,Malaga,Mallorca,H,2,1.91,3.4,4.0,1432.5187140917153,1469.893514514686,-37.37480042297079,58.6,65.1,-0.10351317278633676,0,4,1,0,0,-1,0.0,3.0
2011-04-16,2010,Real Madrid,Barcelona,D,1,2.75,3.6,2.38,1676.5019729496298,1738.8365833114742,-62.3346103618444,519.0,604.7,-0.15255600241142897,-1,3,-2,-2,3,4,0.0,3.0
2011-04-17,2010,Espanol,Ath Madrid,D,1,2.7,3.25,2.6,1459.3305547806563,1513.1379826582183,-53.80742787756208,78.4,210.8,-0.9811440649142158,0,-8,-8,-2,-2,2,3.0,0.0
2011-04-17,2010,La Coruna,Santander,H,2,2.1,3.25,3.5,1471.1631355484224,1494.3024105100928,-23.13927496167048,63.7,65.5,-0.02744074615495329,1,1,2,-4,0,0,0.0,3.0
2011-04-17,2010,Levante,Hercules,H,2,2.1,3.25,3.5,1503.9132341320885,1413.865848569332,90.04738556275652,37.4,51.7,-0.31655799595363554,0,0,0,0,3,-2,0.0,3.0
2011-04-17,2010,Osasuna,Ath Bilbao,A,0,2.4,3.25,2.9,1458.3451432398126,1497.2206320632606,-38.875488823447995,60.0,10.0,1.7129785913749407,0,5,5,9,1,0,0.0,3.0
2011-04-17,2010,Sociedad,Sp Gijon,H,2,2.1,3.25,3.5,1406.9308028515993,1520.680384264761,-113.74958141316165,66.7,10.0,1.8171909071198584,0,0,0,0,-5,4,3.0,0.0
2011-04-18,2010,Villarreal,Zaragoza,H,2,1.57,4.0,5.5,1537.4905198293088,1461.6873776461312,75.80314218317767,170.6,87.25,0.6649924912404561,3,0,-1,3,-2,-1,3.0,0.0
2011-04-23,2010,Barcelona,Osasuna,H,2,1.2,6.0,15.0,1740.4563881916506,1440.733079642248,299.72330854940265,604.7,60.0,2.2955109498135906,9,2,-1,-2,3,-1,3.0,0.0
2011-04-23,2010,Valencia,Real Madrid,A,0,2.38,3.5,2.8,1601.876690618334,1674.8821680694534,-73.00547745111953,176.6,519.0,-1.0742949810174034,-3,-4,3,2,1,2,0.0,3.0
2011-04-23,2010,Ath Bilbao,Sociedad,H,2,1.62,3.75,5.5,1514.8326956608253,1422.5241102973605,92.30858536346477,10.0,66.7,-1.8171909071198584,0,-5,-5,-9,0,-3,0.0,3.0
2011-04-24,2010,Sp Gijon,Espanol,H,2,2.0,3.4,3.75,1505.0870768189998,1457.3479293317632,47.73914748723655,10.0,78.4,-1.9766030954547196,0,8,8,2,2,-1,0.0,3.0
2011-04-24,2010,Santander,Malaga,A,0,2.3,3.3,3.1,1482.5676610604066,1444.8438728597232,37.72378820068343,65.5,58.6,0.10954637359050423,0,-5,-8,-2,0,2,0.0,3.0
2011-04-24,2010,Mallorca,Getafe,H,2,2.0,3.4,3.75,1457.5683557466782,1435.4303265703081,22.138029176370082,65.1,66.4,-0.01947627106062022,0,-1,-1,3,-1,-2,0.0,3.0
2011-04-24,2010,Ath Madrid,Levante,H,2,1.44,4.5,6.5,1515.1206081071114,1511.439204256013,3.6814038510983664,210.8,37.4,1.707584973573625,0,0,0,0,1,3,0.0,3.0
2011-04-24,2010,Sevilla,Villarreal,H,2,1.95,3.5,3.75,1507.9851036462153,1545.4881538812886,-37.50305023507326,175.6,170.6,0.02872110111599735,1,3,-3,-7,1,0,0.0,3.0
2011-04-24,2010,Hercules,La Coruna,H,2,2.0,3.4,3.75,1406.3398784454075,1482.8978849981086,-76.55800655270104,51.7,63.7,-0.2051457459595385,-1,4,6,6,-2,0,0.0,3.0
2011-04-25,2010,Zaragoza,Almeria,H,2,1.8,3.5,4.5,1453.6897435941514,1398.8890682039535,54.800675390197966,87.25,63.7,0.3104124943065507,0,0,0,0,-1,-4,1.0,1.0
2011-04-30,2010,Real Madrid,Zaragoza,A,0,1.3,5.5,9.0,1691.0452757727285,1462.416203215301,228.62907255742743,519.0,87.25,1.7736551157620672,8,5,-3,-4,2,-1,3.0,0.0
2011-04-30,2010,La Coruna,Ath Madrid,A,0,3.3,3.4,2.15,1468.9084242158883,1525.7726304319287,-56.86420621604043,63.7,210.8,-1.185881231660451,1,-4,-6,-6,0,2,0.0,3.0
2011-04-30,2010,Sociedad,Barcelona,H,2,7.5,4.5,1.4,1415.071288540473,1743.1876124945884,-328.1163239541154,66.7,604.7,-2.191298634068673,-9,-2,1,2,-3,4,0.0,3.0
2011-05-01,2010,Osasuna,Valencia,H,2,2.9,3.3,2.4,1438.0018553393102,1585.7135829150589,-147.71172757574868,60.0,176.6,-1.0686599663847582,-5,-1,0,2,-3,1,1.0,1.0
2011-05-01,2010,Malaga,Hercules,H,2,1.73,3.75,4.5,1465.4968516445338,1420.3293392276278,45.16751241690599,58.6,51.7,0.12304011852398755,0,0,0,0,2,0,0.0,3.0
2011-05-01,2010,Almeria,Sevilla,A,0,4.0,3.8,1.8,1390.1626085828038,1520.315623685619,-130.15301510281506,63.7,175.6,-1.0041260866630042,-4,-3,4,4,-5,2,3.0,0.0
2011-05-01,2010,Santander,Mallorca,H,2,2.2,3.25,3.3,1461.914682275596,1467.5022269141166,-5.587544638520512,65.5,65.1,0.006033200804167471,0,-1,-7,-2,0,0,3.0,0.0
2011-05-01,2010,Villarreal,Getafe,H,2,1.8,3.5,4.75,1533.157633841885,1425.4964554028697,107.6611784390152,170.6,66.4,0.9345211691356008,3,3,-1,6,-1,-3,0.0,3.0
2011-05-01,2010,Levante,Sp Gijon,D,1,2.1,3.1,3.75,1500.7871819311956,1514.0672000574514,-13.280018126255754,37.4,10.0,1.2501621867953103,0,0,0,0,2,3,1.0,1.0
2011-05-02,2010,Espanol,Ath Bilbao,H,2,2.75,3.25,2.5,1448.3678060933116,1522.2855174177128,-73.91771132440113,78.4,10.0,1.9766030954547196,0,-3,-3,7,-3,1,0.0,3.0
2011-05-07,2010,Sp Gijon,La Coruna,D,1,2.05,3.3,3.6,1517.7353417765453,1452.055612528606,65.67972924793935,10.0,63.7,-1.7718659287084844,-1,4,6,6,2,0,1.0,1.0
2011-05-07,2010,Hercules,Santander,A,0,2.1,3.25,3.5,1411.2557958979467,1472.936022386162,-61.68022648821534,51.7,65.5,-0.23258649211449178,0,5,8,2,0,0,1.0,1.0
2011-05-07,2010,Getafe,Almeria,H,2,1.44,4.33,7.0,1418.527586172457,1376.4611602767159,42.06642589574108,66.4,63.7,0.04088381641140604,0,-3,0,-3,-3,-5,3.0,0.0
2011-05-07,2010,Sevilla,Real Madrid,A,0,3.0,3.5,2.25,1534.0170719917069,1664.9766584164036,-130.95958642469668,175.6,519.0,-1.0799415234056138,-4,-2,-1,0,2,0,0.0,3.0
2011-05-07,2010,Ath Bilbao,Levante,H,2,1.53,4.0,6.0,1508.409469736381,1497.1190402121017,11.290429524279261,10.0,37.4,-1.2501621867953103,0,-5,-5,-9,1,1,3.0,0.0
2011-05-07,2010,Valencia,Sociedad,H,2,1.44,4.33,7.0,1568.6665537087647,1438.7124476765007,129.954106032264,176.6,66.7,0.9644476506398405,5,1,0,-2,1,-1,3.0,0.0
2011-05-07,2010,Ath Madrid,Malaga,A,0,1.57,4.0,5.5,1542.6254421192111,1474.5703949742149,68.05504714499625,210.8,58.6,1.267986859096002,0,0,0,0,4,2,3.0,0.0
2011-05-08,2010,Zaragoza,Osasuna,A,0,2.1,3.3,3.5,1488.484820571626,1455.0488845456043,33.435936026021636,87.25,60.0,0.3692998316400944,0,0,0,0,1,-3,1.0,1.0
2011-05-08,2010,Barcelona,Espanol,H,2,1.17,7.0,15.0,1719.5464533585607,1462.2438537746434,257.3025995839173,604.7,78.4,2.0318864457338117,9,10,7,0,2,-1,3.0,0.0
2011-05-08,2010,Mallorca,Villarreal,D,1,2.6,3.25,2.7,1456.4808868035507,1540.1265030722977,-83.64561626874706,65.1,170.6,-0.953997440196221,-3,-4,0,-3,-2,-1,0.0,3.0
2011-05-10,2010,Real Madrid,Getafe,H,2,1.2,6.5,13.0,1678.6435522189793,1427.7145113715305,250.92904084744873,519.0,66.4,2.043183793657212,8,8,-3,-1,2,-1,3.0,0.0
2011-05-10,2010,La Coruna,Ath Bilbao,H,2,2.25,3.4,3.1,1458.7115483948207,1518.7625315180167,-60.05098312319592,63.7,10.0,1.7718659287084844,1,1,-1,3,-1,1,3.0,0.0
2011-05-10,2010,Malaga,Sp Gijon,H,2,1.73,3.6,4.75,1496.308439417377,1511.0794059103305,-14.770966492953448,58.6,10.0,1.6897603012729334,0,0,0,0,4,1,3.0,0.0
2011-05-10,2010,Santander,Ath Madrid,H,2,3.2,3.3,2.25,1489.5837441259557,1520.887397676049,-31.30365355009326,65.5,210.8,-1.1584404855054977,0,-5,-8,-2,0,2,1.0,1.0
2011-05-11,2010,Sociedad,Zaragoza,H,2,2.1,3.4,3.4,1432.4064573941412,1467.9914049595188,-35.58494756537766,66.7,87.25,-0.26508751589517665,0,0,0,0,-1,1,0.0,3.0
2011-05-11,2010,Osasuna,Sevilla,H,2,2.25,3.4,3.1,1475.5423001577115,1520.3501781891312,-44.807878031419705,60.0,175.6,-1.0630134239965479,-4,-3,4,4,-1,0,0.0,3.0
2011-05-11,2010,Levante,Barcelona,D,1,11.0,5.0,1.3,1486.765978430466,1722.9474684850804,-236.18149005461441,37.4,604.7,-2.758327354393221,-9,-2,1,2,-1,2,0.0,3.0
2011-05-11,2010,Hercules,Mallorca,D,1,2.2,3.3,3.25,1394.608074158153,1455.7753323327158,-61.1672581745629,51.7,65.1,-0.2265532913103243,0,4,1,0,-2,-1,0.0,3.0
2011-05-11,2010,Espanol,Valencia,D,1,2.9,3.3,2.4,1458.8428386481237,1574.9725439911242,-116.12970534300052,78.4,176.6,-0.8050354623049794,-5,-9,-8,0,-1,1,0.0,3.0
2011-05-11,2010,Almeria,Villarreal,D,1,5.5,3.75,1.62,1367.2742350776423,1540.8320575431326,-173.5578224654903,63.7,170.6,-0.9754049855470068,-3,0,1,-3,-5,0,0.0,3.0
2011-05-15,2010,Sevilla,Sociedad,H,2,1.53,4.33,5.5,1507.7131701925312,1444.6568685718944,63.05630162063676,175.6,66.7,0.9588011082516301,4,3,-4,-4,-1,1,3.0,0.0
2011-05-15,2010,Almeria,Mallorca,H,2,2.75,3.5,2.4,1370.4033674220273,1457.4449298964287,-87.04156247440142,63.7,65.1,-0.021407545350785817,0,4,1,0,-4,-1,0.0,3.0
2011-05-15,2010,Ath Madrid,Hercules,H,2,1.29,5.5,9.5,1508.8152024813692,1392.93847659444,115.87672588692908,210.8,51.7,1.3910269776199895,0,0,0,0,0,-2,0.0,3.0
2011-05-15,2010,Barcelona,La Coruna,D,1,1.53,4.33,5.5,1717.3517143319068,1471.994371617459,245.3573427144479,604.7,63.7,2.236623612480047,8,6,5,4,1,0,3.0,0.0
2011-05-15,2010,Ath Bilbao,Malaga,D,1,1.7,3.75,4.75,1505.4797082953785,1507.70088095162,-2.221172656241606,10.0,58.6,-1.6897603012729334,0,-5,-5,-9,1,5,1.0,1.0
2011-05-15,2010,Valencia,Levante,D,1,1.65,3.4,6.0,1574.276668497778,1492.3617325836397,81.91493591413837,176.6,37.4,1.5314763709643886,5,1,0,-2,0,-1,3.0,0.0
2011-05-15,2010,Villarreal,Real Madrid,A,0,4.0,3.8,1.8,1537.7029251987476,1682.15678090199,-144.45385570324243,170.6,519.0,-1.1086626245216111,-5,-5,2,7,1,2,0.0,3.0
2011-05-15,2010,Zaragoza,Espanol,H,2,1.6,3.8,5.5,1455.7409937817656,1459.5387141414699,-3.7977203597042717,87.25,78.4,0.1056753275603155,0,8,8,2,-1,-1,0.0,3.0
2011-05-15,2010,Getafe,Osasuna,H,2,1.8,3.6,4.33,1424.2012826885198,1488.1793081543115,-63.97802546579169,66.4,60.0,0.09977115374494971,0,-3,0,-3,-1,1,1.0,1.0
2011-05-15,2010,Sp Gijon,Santander,H,2,1.33,5.0,8.5,1499.6869643760874,1501.6559393206355,-1.9689749445481084,10.0,65.5,-1.7993066748634376,0,5,8,2,-1,1,1.0,1.0
2011-05-21,2010,Hercules,Sp Gijon,D,1,2.2,3.4,3.2,1386.2194144624702,1510.5634748064851,-124.3440603440149,51.7,10.0,1.5667201827489459,0,0,0,0,-2,1,0.0,3.0
2011-05-21,2010,Levante,Zaragoza,A,0,5.5,4.33,1.53,1499.568760789026,1466.6905961130374,32.87816467598873,37.4,87.25,-0.8321162362197247,0,0,0,0,-2,1,0.0,3.0
2011-05-21,2010,Espanol,Sevilla,A,0,3.0,3.5,2.25,1448.5891118101981,1516.1484999857498,-67.5593881755517,78.4,175.6,-0.799388919916769,-4,-11,-4,2,-2,1,3.0,0.0
2011-05-21,2010,La Coruna,Valencia,A,0,1.44,4.2,6.0,1483.3804297810705,1567.0696402923916,-83.68921051132111,63.7,176.6,-1.0097726290512146,-4,-5,-6,-4,-1,-1,0.0,3.0
2011-05-21,2010,Sociedad,Getafe,D,1,2.38,3.25,3.0,1436.2215387786757,1437.6516376717038,-1.4300988930281164,66.7,66.4,0.004441161999968024,0,3,0,3,-1,-1,3.0,0.0
2011-05-21,2010,Malaga,Barcelona,A,0,3.25,3.5,2.1,1511.814303084655,1705.9656561682953,-194.1513530836403,58.6,604.7,-2.318729239915598,-9,-2,1,2,4,1,0.0,3.0
2011-05-21,2010,Osasuna,Villarreal,H,2,1.8,3.0,5.75,1474.7289531711274,1524.6117474521398,-49.882794281012366,60.0,170.6,-1.0342923228805505,-3,0,1,-3,1,-1,0.0,3.0
2011-05-21,2010,Real Madrid,Almeria,H,2,1.13,8.5,17.0,1695.247958648598,1384.844165978541,310.4037926700569,519.0,63.7,2.084067610068618,8,5,-3,-4,3,-2,1.0,1.0
2011-05-21,2010,Mallorca,Ath Madrid,A,0,2.5,2.75,3.3,1443.004131339915,1515.534264613339,-72.5301332734241,65.1,210.8,-1.1644736863096652,0,-4,-1,0,-1,1,0.0,3.0
2011-05-21,2010,Santander,Ath Bilbao,A,0,3.0,3.5,2.25,1490.7794288902378,1501.3662861623436,-10.586857272105817,65.5,10.0,1.7993066748634376,0,0,-3,7,1,0,0.0,3.0
2011-08-27,2011,Sp Gijon,Sociedad,A,0,2.05,3.25,3.75,1509.514173855438,1432.0765513817357,77.43762247370228,10.0,66.7,-1.8171909071198584,0,0,0,0,0,0,0.0,3.0
2011-08-27,2011,Granada,Betis,A,0,2.3,3.4,3.0,1500.0,1500.0,0.0,60.6,52.7,0.13724886902465538,0,0,0,0,0,0,1.5,1.5
2011-08-27,2011,Valencia,Santander,H,2,1.4,4.33,8.0,1582.7733168015411,1472.0021763521304,110.77114044941072,181.0,59.3,1.1046745833436553,4,-2,-3,3,1,1,2.0,0.5
2011-08-28,2011,Ath Bilbao,Vallecano,D,1,1.57,3.75,6.0,1520.143538700451,1500.0,20.143538700451018,10.0,47.3,-1.4795362878601561,1,-2,-6,-5,0,0,1.5,1.5
2011-08-28,2011,Ath Madrid,Osasuna,D,1,1.53,3.8,6.5,1531.7177690071758,1487.5801030792434,44.1376659279324,187.0,57.9,1.1606008721724086,0,0,0,0,1,3,3.0,0.0
2011-08-28,2011,Getafe,Levante,D,1,1.8,3.5,4.5,1441.7966250686438,1479.0962085508515,-37.29958348220771,70.95,37.4,0.6279139737396955,0,-4,-6,-6,0,-2,1.5,1.5
2011-08-28,2011,Mallorca,Espanol,H,2,2.0,3.4,3.75,1426.8206269460782,1432.1925940543947,-5.3719671083165395,53.7,78.4,-0.372634658825155,0,8,8,2,-3,-2,1.5,1.5
2011-08-28,2011,Sevilla,Malaga,H,2,2.1,3.4,3.4,1532.5450177415532,1500.7824812783845,31.76253646316877,133.0,71.05,0.6204794775053797,4,-1,-1,-2,1,2,2.0,0.5
2011-08-28,2011,Zaragoza,Real Madrid,A,0,8.5,5.0,1.33,1487.163148351212,1697.83033931014,-210.66719095892813,57.0,539.2,-2.231496430812096,-8,-2,-4,1,1,3,1.5,1.5
2011-08-29,2011,Barcelona,Villarreal,H,2,1.25,5.75,11.0,1716.9974779745658,1511.7605975440238,205.236880430542,618.2,137.0,1.5011746371183126,5,3,5,2,1,-1,3.0,0.0
2011-09-10,2011,Villarreal,Sevilla,D,1,2.1,3.4,3.4,1507.3459225459396,1542.114268756231,-34.768346210291384,137.0,133.0,0.029413885206293955,-1,3,0,7,-3,1,1.5,1.5
2011-09-10,2011,Valencia,Ath Madrid,H,2,1.91,3.6,3.75,1589.6468671027071,1525.8288776650759,63.81798943763124,181.0,187.0,-0.03243527575315408,4,-2,-3,3,3,0,2.0,0.5
2011-09-10,2011,Real Madrid,Getafe,H,2,1.08,10.0,26.0,1708.2077395685226,1439.1186398450334,269.0890997234892,539.2,70.95,2.0159680080251388,8,6,10,5,5,1,3.0,0.0
2011-09-10,2011,Sociedad,Barcelona,D,1,15.0,7.0,1.17,1454.1339840387889,1721.41215297265,-267.278168933861,66.7,618.2,-2.2133421423572885,-8,-5,-4,-7,0,3,1.5,1.5
2011-09-11,2011,Betis,Mallorca,H,2,1.91,3.4,4.0,1519.2019499940866,1437.8333160557545,81.3686339383321,52.7,53.7,-0.018450707913116204,0,0,0,0,1,-1,1.5,1.5
2011-09-11,2011,Espanol,Ath Bilbao,H,2,2.4,3.3,2.9,1421.1799049447184,1515.1538438691755,-93.97393892445712,78.4,10.0,1.9766030954547196,-1,-6,-2,3,-4,1,1.5,1.5
2011-09-11,2011,Osasuna,Sp Gijon,H,2,1.91,3.4,4.0,1493.4689944213433,1487.4567411983849,6.012253222958407,57.9,10.0,1.67794581785917,0,0,0,0,2,-1,1.5,1.5
2011-09-11,2011,Santander,Levante,D,1,2.1,3.3,3.5,1465.1286260509644,1481.774193774462,-16.645567723497606,59.3,37.4,0.45127464413945884,0,0,0,0,-1,-2,0.5,2.0
2011-09-11,2011,Vallecano,Zaragoza,D,1,2.2,3.2,3.4,1504.9896948312755,1476.7857480928294,28.20394673844612,47.3,57.0,-0.1830114498878923,0,0,0,0,0,-1,1.5,1.5
2011-09-12,2011,Malaga,Granada,H,2,1.4,4.33,8.5,1491.2132302637067,1480.7980500059134,10.415180257793281,71.05,60.6,0.15669845190605702,0,0,0,0,0,-1,1.5,1.5
2011-09-17,2011,Sp Gijon,Valencia,A,0,3.3,3.3,2.2,1476.89671426555,1598.0556362178395,-121.15892195228957,10.0,181.0,-2.8061114142784245,-4,2,3,-3,-2,3,0.5,2.0
2011-09-17,2011,Sevilla,Sociedad,H,2,1.53,4.0,6.0,1544.8979137349586,1460.8452289983786,84.05268473657998,133.0,66.7,0.682753620032682,4,-1,-1,-2,2,1,3.0,0.0
2011-09-17,2011,Granada,Villarreal,H,2,3.3,3.3,2.2,1470.410800670099,1504.562277567212,-34.15147689711307,60.6,137.0,-0.8065918146177307,-3,-2,1,-5,-2,-3,1.5,1.5
2011-09-17,2011,Barcelona,Osasuna,H,2,1.08,10.0,26.0,1714.7009080130601,1504.0290213541782,210.67188665888193,618.2,57.9,2.352587231617977,8,5,4,7,2,2,3.0,0.0
2011-09-17,2011,Mallorca,Malaga,A,0,3.1,3.4,2.25,1430.0221895798416,1501.6004795995211,-71.57829001967957,53.7,71.05,-0.2754966130175962,0,0,0,0,-2,0,1.5,1.5
2011-09-18,2011,Levante,Real Madrid,H,2,13.0,6.5,1.2,1485.3054022038234,1711.4094649837557,-226.1040627799323,37.4,539.2,-2.6438819817648342,-8,-2,-4,1,-1,5,0.5,2.0
2011-09-18,2011,Getafe,Vallecano,A,0,1.95,3.5,3.8,1435.9169144298003,1499.692935983303,-63.77602155350269,70.95,47.3,0.3985398726748497,0,-4,-6,-6,-1,0,1.5,1.5
2011-09-18,2011,Zaragoza,Espanol,H,2,2.1,3.2,3.6,1482.082506940802,1435.9197650599567,46.16274188084526,57.0,78.4,-0.31405535770667115,0,8,8,2,0,-2,1.5,1.5
2011-09-18,2011,Ath Bilbao,Betis,A,0,2.0,3.4,3.75,1500.4139837539371,1527.0130764699995,-26.599092716062387,10.0,52.7,-1.5855177287164484,1,-2,-6,-5,-1,2,1.5,1.5
2011-09-18,2011,Ath Madrid,Santander,H,2,1.44,4.2,7.5,1517.4201085499435,1461.597417621603,55.822690928340535,187.0,59.3,1.1371098590968094,0,0,0,0,0,-2,0.5,2.0
2011-09-20,2011,Sociedad,Granada,H,2,2.0,3.4,3.75,1453.1230350259557,1482.60144898091,-29.47841395495425,66.7,60.6,0.09442430937875468,0,0,0,0,-1,-1,1.5,1.5
2011-09-20,2011,Osasuna,Sevilla,D,1,2.63,3.3,2.63,1499.7308450673145,1552.6201077073815,-52.889262640067045,57.9,133.0,-0.8219987092933705,-4,1,1,2,0,4,1.5,1.5
2011-09-20,2011,Villarreal,Mallorca,H,2,1.62,3.75,5.5,1492.371629256401,1413.7978555601667,78.57377369623441,137.0,53.7,0.9253899757292698,3,2,-1,5,-4,-3,2.0,0.5
2011-09-21,2011,Malaga,Ath Bilbao,H,2,1.62,3.75,5.5,1517.824813619196,1482.2913317791908,35.53348184000515,71.05,10.0,1.8794650496471608,-1,2,6,5,0,-1,1.0,1.0
2011-09-21,2011,Ath Madrid,Sp Gijon,H,2,1.4,4.5,7.5,1526.1102072756935,1462.8090906832288,63.30111659246472,187.0,10.0,2.8385466900315786,0,0,0,0,2,-2,1.5,1.5
2011-09-21,2011,Santander,Real Madrid,D,1,13.0,6.5,1.2,1452.907318895853,1691.1922296983748,-238.28491080252184,59.3,539.2,-2.1926073376253754,-8,-2,-4,1,-4,3,0.0,3.0
2011-09-21,2011,Vallecano,Levante,A,0,2.1,3.25,3.5,1516.251208610378,1505.5226374892043,10.728571121173673,47.3,37.4,0.2293741010648458,0,0,0,0,1,0,1.5,1.5
2011-09-21,2011,Valencia,Barcelona,D,1,7.5,4.5,1.4,1612.1432598001606,1718.9990842999239,-106.85582449976323,181.0,618.2,-1.2244216351987225,-4,-7,-7,-4,4,3,0.0,3.0
2011-09-22,2011,Espanol,Getafe,H,2,2.1,3.25,3.5,1426.8824408473902,1419.3586418027253,7.523799044664884,78.4,70.95,0.09852693491971376,0,-4,-2,4,-3,-1,3.0,0.0
2011-09-22,2011,Betis,Zaragoza,H,2,1.67,3.6,5.25,1545.1357284447458,1491.1198311533685,54.015897291377314,52.7,57.0,-0.07703000903160007,0,0,0,0,3,2,1.5,1.5
2011-09-24,2011,Real Madrid,Vallecano,H,2,1.1,9.0,21.0,1685.5184786654772,1496.6262106768188,188.89226798865843,539.2,47.3,2.4145078806999885,8,2,4,-1,2,0,1.5,1.5
2011-09-24,2011,Sevilla,Valencia,H,2,2.3,3.25,3.1,1554.6416673189158,1612.4392111256511,-57.79754380673535,133.0,181.0,-0.306166887125884,0,1,2,-5,3,4,3.0,0.0
2011-09-24,2011,Ath Bilbao,Villarreal,D,1,2.2,3.25,3.3,1472.862985856879,1500.2760621722916,-27.41307631541258,10.0,137.0,-2.5293584123588344,-2,-4,-5,-10,-2,-2,0.0,3.0
2011-09-24,2011,Barcelona,Ath Madrid,H,2,1.2,6.5,13.0,1718.7031329744334,1534.536994601606,184.1661383728274,618.2,187.0,1.1919863594455684,8,5,4,7,3,2,3.0,0.0
2011-09-25,2011,Levante,Espanol,H,2,2.2,3.25,3.3,1525.1476354227634,1437.3830036871936,87.76463173556976,37.4,78.4,-0.7264409086594092,0,8,8,2,1,-1,1.5,1.5
2011-09-25,2011,Granada,Osasuna,D,1,2.25,3.25,3.2,1470.6049751794658,1497.7092854557802,-27.104310276314436,60.6,57.9,0.04482077988193378,0,0,0,0,-2,1,1.5,1.5
2011-09-25,2011,Sp Gijon,Santander,D,1,2.05,3.3,3.6,1454.3823033573162,1458.5810699287506,-4.198766571434362,10.0,59.3,-1.7014368309347692,0,0,0,0,-4,-3,2.0,0.5
2011-09-25,2011,Mallorca,Sociedad,H,2,2.1,3.3,3.5,1405.8934226442761,1465.1195088273998,-59.2260861831237,53.7,66.7,-0.21322247049029386,0,0,0,0,-3,1,1.5,1.5
2011-09-25,2011,Zaragoza,Malaga,D,1,3.2,3.4,2.2,1482.3653901666632,1527.2531595415078,-44.88776937484454,57.0,71.05,-0.21691731189911234,0,0,0,0,0,1,1.5,1.5
2011-09-26,2011,Getafe,Betis,H,2,2.5,3.25,2.8,1408.8580789629218,1553.890169431451,-145.0320904685293,70.95,52.7,0.29255843181855745,0,-4,-6,-6,-3,4,1.5,1.5
2011-10-01,2011,Malaga,Getafe,H,2,1.57,4.0,5.5,1529.612787833587,1425.7914561265143,103.82133170707266,71.05,70.95,0.0013888891121549563,0,4,6,6,2,-2,2.0,0.5
2011-10-01,2011,Osasuna,Mallorca,D,1,1.83,3.5,4.33,1500.811064410278,1419.1411085478662,81.66995586241183,57.9,53.7,0.0739773812296054,0,0,0,0,0,-1,0.5,2.0
2011-10-01,2011,Santander,Vallecano,D,1,2.2,3.3,3.25,1462.6154105220282,1491.8454101210766,-29.22999959904837,59.3,47.3,0.22190054307461304,0,0,0,0,-2,-1,1.5,1.5
2011-10-01,2011,Valencia,Granada,H,2,1.33,4.5,11.0,1599.2523291169603,1467.503196224968,131.7491328919923,181.0,60.6,1.0833448165373207,4,-2,-3,3,2,-2,1.5,1.5
2011-10-01,2011,Villarreal,Zaragoza,D,1,1.62,3.8,5.5,1503.3650782974244,1480.005761874584,23.359316422840266,137.0,57.0,0.866810674610786,3,2,-1,5,-1,-1,3.0,0.0
2011-10-02,2011,Espanol,Real Madrid,A,0,10.0,6.0,1.25,1429.7827051589445,1690.2992792212194,-260.5165740622749,78.4,539.2,-1.917441073105425,-8,-10,-12,-1,-1,2,0.0,3.0
2011-10-02,2011,Ath Madrid,Sevilla,D,1,1.91,3.6,3.75,1529.645839940533,1567.8285493276067,-38.1827093870736,187.0,133.0,0.3386021628790381,-4,1,1,2,0,3,0.5,2.0
2011-10-02,2011,Sp Gijon,Barcelona,A,0,13.0,7.5,1.17,1450.3479627640386,1723.5942876355064,-273.2463248714678,10.0,618.2,-4.030533049477147,-8,-5,-4,-7,-4,3,0.5,2.0
2011-10-02,2011,Sociedad,Ath Bilbao,A,0,2.4,3.2,3.0,1451.8718229238098,1469.7739697317463,-17.90214680793656,66.7,10.0,1.8171909071198584,-1,2,6,5,0,-3,1.5,1.5
2011-10-02,2011,Betis,Levante,A,0,1.73,3.6,4.75,1536.9567922678586,1532.7479339510126,4.20885831684609,52.7,37.4,0.33535554192113803,0,0,0,0,3,3,1.5,1.5
2011-10-15,2011,Mallorca,Valencia,D,1,3.0,3.4,2.3,1426.3399989760096,1605.5070102462803,-179.16701127027068,53.7,181.0,-1.20214297764886,-4,2,3,-3,-2,2,1.5,1.5
2011-10-15,2011,Barcelona,Santander,H,2,1.06,12.0,26.0,1731.6785483804838,1459.6015908945112,272.07695748597257,618.2,59.3,2.329096218542378,8,5,4,7,3,-1,3.0,0.0
2011-10-15,2011,Getafe,Villarreal,D,1,2.25,3.5,3.0,1418.703631098208,1498.2522924119166,-79.54866131370864,70.95,137.0,-0.6512822518238286,-3,-6,-5,-11,-3,0,1.5,1.5
2011-10-15,2011,Granada,Ath Madrid,D,1,3.5,3.3,2.1,1461.248515095648,1527.0047837342056,-65.75626863855769,60.6,187.0,-1.1157800922904748,0,0,0,0,-2,0,1.5,1.5
2011-10-15,2011,Real Madrid,Betis,H,2,1.14,8.0,16.0,1698.8235394258306,1517.587965092069,181.23557433376163,539.2,52.7,2.308526439843696,8,2,4,-1,2,1,1.5,1.5
2011-10-16,2011,Sevilla,Sp Gijon,H,2,1.36,4.75,8.5,1570.469605533934,1442.2637020190612,128.20590351487294,133.0,10.0,2.4999445271525405,4,-1,-1,-2,2,-4,1.5,1.5
2011-10-16,2011,Levante,Malaga,H,2,2.9,3.25,2.4,1552.1167611268022,1536.7006128618932,15.416148264908998,37.4,71.05,-0.6293028628518504,0,0,0,0,4,4,1.5,1.5
2011-10-16,2011,Zaragoza,Sociedad,H,2,2.0,3.3,3.8,1485.1185477600918,1433.3919022510386,51.72664550905324,57.0,66.7,-0.15464316937181,0,0,0,0,0,-2,1.5,1.5
2011-10-16,2011,Vallecano,Espanol,A,0,2.2,3.2,3.4,1494.8592297485936,1421.2584449543333,73.60078479426033,47.3,78.4,-0.49706680759456345,0,8,8,2,-1,-1,1.5,1.5
2011-10-17,2011,Ath Bilbao,Osasuna,H,2,1.83,3.5,4.33,1488.2538904045175,1493.6121739821347,-5.358283577617158,10.0,57.9,-1.67794581785917,1,-2,-6,-5,-2,0,3.0,0.0
2011-10-22,2011,Barcelona,Sevilla,D,1,1.17,7.5,13.0,1734.8314145335958,1576.8258627960774,158.00555173751832,618.2,133.0,1.5305885223246065,4,6,5,9,4,3,2.0,0.5
2011-10-22,2011,Malaga,Real Madrid,A,0,7.5,4.5,1.4,1526.507980006204,1703.7841467973913,-177.27616679118728,71.05,539.2,-2.014579118912984,-8,-2,-4,1,2,2,0.0,3.0
2011-10-22,2011,Santander,Espanol,A,0,2.5,3.2,2.88,1456.4487247413992,1443.186228844157,13.262495897242161,59.3,78.4,-0.2751662645199504,0,8,8,2,-2,-1,2.0,0.5
2011-10-22,2011,Sp Gijon,Granada,H,2,2.0,3.3,3.75,1435.9074447569178,1459.7748631375987,-23.867418380680874,10.0,60.6,-1.7227665977411037,0,0,0,0,-4,-1,1.5,1.5
2011-10-23,2011,Villarreal,Levante,A,0,1.91,3.3,4.2,1499.1342292969541,1562.3093939824914,-63.17516468553731,137.0,37.4,1.279196225563524,3,2,-1,5,0,5,1.5,1.5
2011-10-23,2011,Valencia,Ath Bilbao,D,1,1.67,3.75,5.0,1602.147045813905,1499.2660304983126,102.88101531559232,181.0,10.0,2.8061114142784245,3,0,3,8,1,0,3.0,0.0
2011-10-23,2011,Sociedad,Getafe,D,1,2.3,3.2,3.2,1424.55553721838,1417.8216942131705,6.733843005209565,66.7,70.95,-0.06088525341514739,0,4,6,6,-3,-2,2.0,0.5
2011-10-23,2011,Ath Madrid,Mallorca,D,1,1.44,4.2,7.5,1528.4784356922548,1429.699963408385,98.77847228386986,187.0,53.7,1.234578253402014,0,0,0,0,1,-1,3.0,0.0
2011-10-23,2011,Osasuna,Zaragoza,H,2,1.91,3.4,4.0,1482.6000338883396,1493.9549127927503,-11.354878904410725,57.9,57.0,0.015398080111121537,0,0,0,0,-2,1,2.0,0.5
2011-10-23,2011,Betis,Vallecano,A,0,1.73,3.6,4.75,1512.6273577205084,1472.9314458587698,39.69591186173852,52.7,47.3,0.10598144085629224,0,0,0,0,-1,-2,1.5,1.5
2011-10-25,2011,Granada,Barcelona,A,0,23.0,9.0,1.1,1448.010153235531,1725.3707157334736,-277.3605624979425,60.6,618.2,-2.3077664517360432,-8,-5,-4,-7,-3,3,1.5,1.5
2011-10-25,2011,Sevilla,Santander,D,1,1.4,4.5,7.5,1586.2865615961996,1436.7249527787599,149.56160881743972,133.0,59.3,0.7985076962177713,4,-1,-1,-2,2,-2,0.5,2.0
2011-10-26,2011,Levante,Sociedad,H,2,1.73,3.5,5.0,1578.89332309317,1420.0871576350814,158.80616545808857,37.4,66.7,-0.5670287203245481,0,0,0,0,5,-2,2.0,0.5
2011-10-26,2011,Vallecano,Malaga,H,2,2.9,3.3,2.4,1493.6573186499797,1514.7903122452703,-21.1329935952906,47.3,71.05,-0.39992876178700465,0,0,0,0,-2,0,1.5,1.5
2011-10-26,2011,Zaragoza,Valencia,A,0,3.3,3.3,2.2,1482.7010925413265,1594.2642140190692,-111.5631214777427,57.0,181.0,-1.143563676530376,-4,2,3,-3,-1,0,2.0,0.5
2011-10-26,2011,Real Madrid,Villarreal,H,2,1.13,8.0,21.0,1715.501814558325,1482.5503001862755,232.95151437204936,539.2,137.0,1.3646857562013102,5,0,5,-6,4,0,3.0,0.0
2011-10-26,2011,Mallorca,Sp Gijon,A,0,2.0,3.3,3.8,1437.4537958170579,1447.6721546589854,-10.218358841927511,53.7,10.0,1.6039684366295646,0,0,0,0,0,-2,0.0,3.0
2011-10-26,2011,Getafe,Osasuna,D,1,1.95,3.3,4.0,1422.2900737964692,1493.8538541397634,-71.56378034329418,70.95,57.9,0.20013034267583585,0,-4,-6,-6,-1,0,2.0,0.5
2011-10-27,2011,Espanol,Betis,H,2,2.2,3.3,3.3,1462.9100008067967,1491.9014849292985,-28.991484122501788,78.4,52.7,0.3910853667382712,0,-8,-8,-2,1,-3,1.5,1.5
2011-10-27,2011,Ath Bilbao,Ath Madrid,H,2,2.38,3.4,2.88,1507.1488622931483,1520.724603283582,-13.575740990433587,10.0,187.0,-2.8385466900315786,1,-2,-6,-5,1,0,1.5,1.5
2011-10-29,2011,Barcelona,Mallorca,H,2,1.06,11.0,34.0,1733.3158738203797,1418.661646746659,314.6542270737207,618.2,53.7,2.4265646128475824,8,5,4,7,4,0,2.0,0.5
2011-10-29,2011,Sociedad,Real Madrid,A,0,15.0,7.0,1.17,1414.5686414245044,1719.3489731861423,-304.78033176163785,66.7,539.2,-2.076853261440286,-8,-2,-4,1,-4,5,0.0,3.0
2011-10-29,2011,Valencia,Getafe,H,2,1.44,4.33,7.0,1608.7651781734703,1421.0651175192495,187.7000606542208,181.0,70.95,0.9280352537434187,4,2,3,9,1,0,3.0,0.0
2011-10-29,2011,Villarreal,Vallecano,H,2,2.0,3.4,3.75,1478.7031415584581,1505.3096589673225,-26.60651740886442,137.0,47.3,1.0498221244986783,3,2,-1,5,-2,0,1.5,1.5
2011-10-30,2011,Santander,Betis,H,2,2.6,3.2,2.75,1445.9627436952571,1479.925185028048,-33.96244133279083,59.3,52.7,0.1159191022183208,0,0,0,0,-2,-5,1.5,1.5
2011-10-30,2011,Ath Madrid,Zaragoza,H,2,1.4,4.5,8.0,1509.380738628587,1468.2001283869254,41.180610241661725,187.0,57.0,1.1759989522835301,0,0,0,0,-2,-1,3.0,0.0
2011-10-30,2011,Malaga,Espanol,H,2,1.73,3.5,5.0,1503.1379719279275,1474.8863007080472,28.251671219880336,71.05,78.4,-0.0971380458075588,0,8,8,2,-2,1,1.5,1.5
2011-10-30,2011,Osasuna,Levante,H,2,2.3,3.2,3.2,1495.078810416983,1584.411839303747,-89.33302888676394,57.9,37.4,0.42778363106385964,0,0,0,0,0,5,0.5,2.0
2011-10-30,2011,Sp Gijon,Ath Bilbao,D,1,2.6,3.2,2.75,1466.4643037293843,1518.4927269481432,-52.02842321875892,10.0,10.0,0.0,-1,2,6,5,0,3,0.5,2.0
2011-10-31,2011,Sevilla,Granada,A,0,1.4,4.5,8.0,1577.0487706797023,1440.064995148625,136.9837755310773,133.0,60.6,0.7771779294114367,4,-1,-1,-2,2,-3,1.5,1.5
2011-11-05,2011,Levante,Valencia,A,0,3.0,3.25,2.38,1569.872224820254,1613.5736247683315,-43.70139994807755,37.4,181.0,-1.5559492274831142,-4,2,3,-3,3,3,0.5,2.0
2011-11-05,2011,Mallorca,Sevilla,D,1,3.0,3.2,2.38,1416.1364297523867,1553.1555839244281,-137.01915417204145,53.7,133.0,-0.8959760905229759,-4,1,1,2,-2,0,2.0,0.5
2011-11-05,2011,Betis,Malaga,D,1,2.63,3.25,2.63,1467.742410955961,1512.8394096548552,-45.09699869889414,52.7,71.05,-0.2939473209307124,0,0,0,0,-5,-1,1.5,1.5
2011-11-06,2011,Vallecano,Sociedad,H,2,1.91,3.4,4.0,1493.4320042827994,1407.5106564377452,85.92134784505424,47.3,66.7,-0.3376546192597023,0,0,0,0,0,-4,1.5,1.5
2011-11-06,2011,Real Madrid,Osasuna,H,2,1.06,11.0,29.0,1726.4069581729016,1509.6184249004762,216.7885332724254,539.2,57.9,2.2160983507009746,8,2,4,-1,5,1,1.5,1.5
2011-11-06,2011,Granada,Santander,D,1,2.1,3.25,3.5,1463.9581819038992,1458.145517767344,5.812664136555213,60.6,59.3,0.021329766806334582,0,0,0,0,-2,-1,1.5,1.5
2011-11-06,2011,Zaragoza,Sp Gijon,D,1,2.1,3.3,3.5,1458.9806710504104,1464.4062659882266,-5.425594937816186,57.0,10.0,1.6625477377480484,0,0,0,0,-2,0,1.0,1.0
2011-11-06,2011,Espanol,Villarreal,D,1,1.85,3.4,4.33,1465.1848629811195,1490.5807962429813,-25.395933261861728,78.4,137.0,-0.5527553169041148,-3,-10,-7,-7,1,-1,0.0,3.0
2011-11-06,2011,Ath Bilbao,Barcelona,D,1,11.0,6.5,1.22,1520.5507646893009,1735.841090814652,-215.29032612535116,10.0,618.2,-4.030533049477147,-7,-7,-10,-12,3,4,0.0,3.0
2011-11-06,2011,Getafe,Ath Madrid,H,2,3.0,3.25,2.38,1416.2566709243883,1518.600195965102,-102.34352504071376,70.95,187.0,-0.9604705294965727,0,-4,-6,-6,-2,0,0.5,2.0
2011-11-19,2011,Villarreal,Betis,H,2,2.0,3.3,3.8,1493.7531056379887,1465.3915931191987,28.36151251879005,137.0,52.7,0.943840683642386,3,2,-1,5,-1,-4,1.5,1.5
2011-11-19,2011,Valencia,Real Madrid,A,0,6.0,4.0,1.53,1630.983178252995,1730.5770988651045,-99.59392061210951,181.0,539.2,-1.08793275428172,-4,-4,-7,4,3,5,0.0,3.0
2011-11-19,2011,Barcelona,Zaragoza,H,2,1.06,12.0,26.0,1731.0385984504596,1454.9955119472845,276.0430865031751,618.2,57.0,2.3679853117290985,8,5,4,7,3,-2,3.0,0.0
2011-11-20,2011,Ath Madrid,Levante,H,2,1.57,4.0,5.5,1503.499019390339,1552.4626713355904,-48.963651945251286,187.0,37.4,1.5883845032362682,0,0,0,0,-1,1,1.5,1.5
2011-11-20,2011,Osasuna,Vallecano,D,1,1.91,3.4,4.0,1505.4482842082732,1501.0926745384172,4.355609669855994,57.9,47.3,0.19840952999901385,0,0,0,0,0,1,1.5,1.5
2011-11-20,2011,Sevilla,Ath Bilbao,A,0,1.91,3.5,4.0,1551.5633594301296,1525.3532570534933,26.210102376636314,133.0,10.0,2.4999445271525405,3,1,5,3,0,2,1.5,1.5
2011-11-20,2011,Sociedad,Espanol,D,1,2.25,3.25,3.2,1399.8499861821274,1462.012553586112,-62.16256740398467,66.7,78.4,-0.15941218833486115,0,8,8,2,-4,2,1.5,1.5
2011-11-20,2011,Sp Gijon,Getafe,H,2,2.2,3.2,3.4,1468.3914250913524,1431.3578474991514,37.03357759220103,10.0,70.95,-1.8780761605350058,0,4,6,6,1,0,1.5,1.5
2011-11-21,2011,Santander,Malaga,A,0,3.2,3.2,2.25,1462.577627518603,1515.1902274916176,-52.61259997301454,59.3,71.05,-0.1780282187123916,0,0,0,0,-1,-2,0.0,3.0
2011-11-26,2011,Vallecano,Valencia,A,0,3.4,3.4,2.1,1505.4672993056702,1615.9656464045072,-110.49834709883703,47.3,181.0,-1.3265751264182684,-4,2,3,-3,2,2,1.5,1.5
2011-11-26,2011,Getafe,Barcelona,H,2,13.0,6.5,1.2,1421.9852406197663,1734.1276253224196,-312.1423847026533,70.95,618.2,-2.152456888942141,-8,-9,-10,-13,-1,3,0.0,3.0
2011-11-26,2011,Real Madrid,Ath Madrid,H,2,1.17,6.5,17.0,1745.5946307135923,1516.3113159338807,229.28331477971165,539.2,187.0,1.055497478528566,8,2,4,-1,5,0,3.0,0.0
2011-11-27,2011,Ath Bilbao,Granada,A,0,1.44,4.2,7.5,1545.5745161702243,1459.5260721526402,86.04844401758419,10.0,60.6,-1.7227665977411037,1,-2,-6,-5,2,-1,1.5,1.5
2011-11-27,2011,Betis,Sociedad,A,0,2.0,3.4,3.75,1455.6943054388335,1398.22284061924,57.47146481959339,52.7,66.7,-0.23167317840341006,0,0,0,0,-4,-3,1.5,1.5
2011-11-27,2011,Espanol,Osasuna,A,0,1.83,3.5,4.33,1463.6396991489994,1501.0736594410203,-37.433960292020856,78.4,57.9,0.2986572775955496,0,-8,-8,-2,1,1,1.5,1.5
2011-11-27,2011,Levante,Sp Gijon,H,2,1.83,3.5,4.33,1539.6503747920488,1477.7640319707375,61.886342821311246,37.4,10.0,1.2501621867953103,0,0,0,0,-1,3,1.0,1.0
2011-11-27,2011,Mallorca,Santander,H,2,1.83,3.4,4.5,1417.7286542466852,1445.544341629719,-27.81568738303372,53.7,59.3,-0.0974683943052046,0,0,0,0,-2,-1,0.0,3.0
2011-11-27,2011,Zaragoza,Sevilla,A,0,2.9,3.25,2.4,1451.9064850753246,1531.3421003133985,-79.43561523807398,57.0,133.0,-0.837396789404492,-4,1,1,2,-4,-2,0.0,3.0
2011-11-28,2011,Malaga,Villarreal,H,2,1.73,3.5,5.0,1532.2235133805018,1503.450393318354,28.773120062147882,71.05,137.0,-0.6498933627116736,-3,-2,1,-5,0,0,0.5,2.0
2011-11-29,2011,Barcelona,Vallecano,H,2,1.06,11.0,29.0,1710.9594397533301,1490.920411488488,220.03902826484205,618.2,47.3,2.550996761616991,8,5,4,7,2,0,1.5,1.5
2011-12-03,2011,Sp Gijon,Real Madrid,A,0,13.0,6.0,1.22,1469.2878054310504,1749.5131654389265,-280.22536000787613,10.0,539.2,-3.8940441685601446,-8,-2,-4,1,1,5,1.5,1.5
2011-12-03,2011,Valencia,Espanol,H,2,1.5,4.0,7.0,1630.5125342216893,1445.9673309099292,184.54520331176013,181.0,78.4,0.8295083188237049,4,6,5,5,3,-1,2.0,0.5
2011-12-03,2011,Santander,Villarreal,H,2,2.75,3.2,2.6,1433.6167088300463,1493.7686488244535,-60.15193999440726,59.3,137.0,-0.8279215814240652,-3,-2,1,-5,-1,0,0.5,2.0
2011-12-03,2011,Barcelona,Levante,H,2,1.1,8.5,26.0,1715.062850551404,1548.1266013317359,166.93624921966807,618.2,37.4,2.7803708626818366,8,5,4,7,2,-1,2.0,0.5
2011-12-04,2011,Sociedad,Malaga,H,2,3.0,3.2,2.4,1419.5912117914936,1541.9052578744022,-122.31404608290859,66.7,71.05,-0.062274142527302345,0,0,0,0,-2,2,1.5,1.5
2011-12-04,2011,Osasuna,Betis,H,2,2.1,3.25,3.6,1518.7460276800905,1434.32593426658,84.42009341351059,57.9,52.7,0.0924280891427216,0,0,0,0,1,-4,1.5,1.5
2011-12-04,2011,Mallorca,Ath Bilbao,D,1,2.75,3.3,2.5,1429.6562870463579,1523.2310136401877,-93.57472659382984,53.7,10.0,1.6039684366295646,-1,2,6,5,-1,1,1.5,1.5
2011-12-04,2011,Granada,Zaragoza,H,2,2.1,3.25,3.5,1481.8695746826768,1436.0196845640287,45.84989011864809,60.6,57.0,0.06021885999305532,0,0,0,0,0,-4,1.5,1.5
2011-12-04,2011,Ath Madrid,Vallecano,H,2,1.57,4.0,5.5,1512.3927812085465,1486.8170006904143,25.575780518132206,187.0,47.3,1.3590104021714224,0,0,0,0,-1,-2,1.5,1.5
2011-12-05,2011,Sevilla,Getafe,H,2,1.62,3.8,5.5,1547.2289008246944,1445.1534261888557,102.07547463583865,133.0,70.95,0.6218683666175346,4,3,5,4,-1,0,0.0,3.0
2011-12-07,2011,Granada,Mallorca,D,1,2.25,3.1,3.4,1490.9182755608147,1429.378917314592,61.53935824622272,60.6,53.7,0.11879816111153918,0,0,0,0,2,-1,1.5,1.5
2011-12-10,2011,Betis,Valencia,H,2,3.2,3.25,2.25,1426.6158622875741,1635.3947626785944,-208.77890039102022,52.7,181.0,-1.2205936855619761,-4,2,3,-3,-4,3,1.5,1.5
2011-12-10,2011,Levante,Sevilla,H,2,2.8,3.3,2.5,1542.815736438561,1554.3712729226309,-11.555536484069762,37.4,133.0,-1.2497823403572301,-4,1,1,2,-3,0,0.0,3.0
2011-12-10,2011,Real Madrid,Barcelona,A,0,2.4,3.5,2.8,1757.3623737214061,1720.3737154445787,36.98865827682744,539.2,618.2,-0.1364888809170024,0,-3,0,-8,5,2,0.5,2.0
2011-12-11,2011,Vallecano,Sp Gijon,A,0,2.0,3.2,4.0,1477.0141767922626,1461.4385971485708,15.575579643691754,47.3,10.0,1.4795362878601561,0,0,0,0,-2,-1,1.5,1.5
2011-12-11,2011,Villarreal,Sociedad,D,1,1.8,3.5,4.5,1480.4815239219379,1435.5532641916277,44.928259730310174,137.0,66.7,0.712167505238976,3,2,-1,5,0,0,1.5,1.5
2011-12-11,2011,Malaga,Osasuna,D,1,1.62,3.75,5.5,1525.943205474268,1526.4560996590963,-0.5128941848281556,71.05,57.9,0.2015192317879908,0,0,0,0,2,2,0.0,3.0
2011-12-11,2011,Zaragoza,Mallorca,A,0,2.1,3.25,3.6,1426.9709836858908,1435.890538597154,-8.919554911263276,57.0,53.7,0.05857930111848386,0,0,0,0,-4,0,1.5,1.5
2011-12-11,2011,Espanol,Ath Madrid,H,2,2.8,3.25,2.5,1441.085102453024,1522.1956051066982,-81.11050265367408,78.4,187.0,-0.861943594576859,0,-8,-8,-2,-3,1,2.0,0.5
2011-12-11,2011,Ath Bilbao,Santander,D,1,1.4,4.5,8.0,1523.5083833719536,1446.903833732562,76.60454963939173,10.0,59.3,-1.7014368309347692,1,-2,-6,-5,0,0,3.0,0.0
2011-12-11,2011,Getafe,Granada,H,2,1.73,3.5,5.0,1438.0110540909193,1484.4066542782525,-46.39560018733323,70.95,60.6,0.15530956279390207,0,-4,-6,-6,-1,3,1.5,1.5
2011-12-17,2011,Sevilla,Real Madrid,A,0,8.0,4.5,1.4,1543.1093287563872,1736.736647054987,-193.6273182985999,133.0,539.2,-1.3940996414076041,-4,-3,-5,-1,0,3,0.0,3.0
2011-12-17,2011,Ath Bilbao,Zaragoza,H,2,1.4,4.33,8.5,1516.4789871423561,1408.1263943880883,108.35259275426779,10.0,57.0,-1.6625477377480484,1,-2,-6,-5,0,-4,1.5,1.5
2011-12-17,2011,Sp Gijon,Espanol,A,0,2.2,3.25,3.25,1481.2521395846377,1455.2703798892617,25.981759695376013,10.0,78.4,-1.9766030954547196,0,8,8,2,0,-1,1.5,1.5
2011-12-17,2011,Mallorca,Getafe,A,0,2.1,3.4,3.4,1454.7351278949566,1450.7149561403044,4.02017175465221,53.7,70.95,-0.27410772390544125,0,4,6,6,2,1,1.5,1.5
2011-12-18,2011,Santander,Sociedad,D,1,2.1,3.3,3.5,1453.9332299621594,1441.4710015545397,12.462228407619705,59.3,66.7,-0.11575407618508926,0,0,0,0,-1,1,1.5,1.5
2011-12-18,2011,Granada,Levante,H,2,2.5,3.25,2.8,1471.7027522288674,1554.0776806048048,-82.37492837593732,60.6,37.4,0.4726044109457934,0,0,0,0,1,-1,1.5,1.5
2011-12-18,2011,Ath Madrid,Betis,A,0,1.5,4.0,6.5,1508.0103276704606,1446.1645573208978,61.84577034956283,187.0,52.7,1.2530289613151302,0,0,0,0,-1,-2,1.5,1.5
2011-12-18,2011,Valencia,Malaga,H,2,1.73,3.6,4.75,1615.8460676452708,1521.7616696726147,94.084397972656,181.0,71.05,0.9266463646312637,4,-2,-3,3,1,1,3.0,0.0
2011-12-18,2011,Osasuna,Villarreal,H,2,2.1,3.4,3.4,1530.6376354607496,1474.5637865590259,56.07384890172375,57.9,137.0,-0.8514125944996644,-3,-2,1,-5,1,-1,1.5,1.5
2012-01-07,2011,Levante,Mallorca,D,1,1.91,3.4,4.0,1539.8379640463986,1435.373757108465,104.46420693793357,37.4,53.7,-0.35380624983425424,0,0,0,0,-1,1,0.5,2.0
2012-01-07,2011,Malaga,Ath Madrid,D,1,2.2,3.25,3.25,1514.3659596446719,1486.4879746044862,27.87798504018565,71.05,187.0,-0.9590816403844178,0,0,0,0,0,-1,1.5,1.5
2012-01-07,2011,Real Madrid,Granada,H,2,1.06,11.0,29.0,1747.7895182947257,1485.9424687872736,261.8470495074521,539.2,60.6,2.171277570819041,8,2,4,-1,3,2,1.5,1.5
2012-01-07,2011,Santander,Zaragoza,H,2,2.0,3.3,3.8,1449.2406043876963,1401.1787961290515,48.06180825864476,59.3,57.0,0.038889093186720736,0,0,0,0,-1,-5,2.0,0.5
2012-01-07,2011,Sociedad,Osasuna,D,1,2.2,3.25,3.3,1446.1636271290029,1539.3188123257612,-93.15518519675834,66.7,57.9,0.13924508926068846,0,0,0,0,2,3,1.5,1.5
2012-01-08,2011,Betis,Sp Gijon,H,2,1.91,3.5,4.0,1467.6869103868721,1461.0395463339912,6.647364052880903,52.7,10.0,1.5855177287164484,0,0,0,0,-1,-1,1.5,1.5
2012-01-08,2011,Espanol,Barcelona,D,1,13.0,6.0,1.22,1475.4829731399082,1740.9994421109977,-265.5164689710896,78.4,618.2,-2.0539299540224274,-8,-13,-12,-9,0,3,0.0,3.0
2012-01-08,2011,Getafe,Ath Bilbao,D,1,2.5,3.3,2.75,1470.076326926796,1523.426585401393,-53.35025847459701,70.95,10.0,1.8780761605350058,-1,-2,0,-1,1,1,0.5,2.0
2012-01-08,2011,Vallecano,Sevilla,H,2,3.0,3.25,2.38,1457.2006343561957,1532.0564575166486,-74.85582316045293,47.3,133.0,-1.0204082392923843,-4,1,1,2,-4,-1,1.5,1.5
2012-01-08,2011,Villarreal,Valencia,D,1,3.0,3.4,2.3,1465.8826096940143,1623.2417776732136,-157.35916797919936,137.0,181.0,-0.27675300191959007,-1,4,2,2,-2,1,0.5,2.0
2012-01-14,2011,Mallorca,Real Madrid,A,0,11.0,5.0,1.29,1443.3059452681168,1751.112443613418,-307.8064983453012,53.7,539.2,-2.29007573193058,-8,-2,-4,1,0,3,0.5,2.0
2012-01-14,2011,Granada,Vallecano,A,0,2.25,3.2,3.25,1482.6195434685812,1471.1169642361135,11.502579232467724,60.6,47.3,0.24323030988094763,0,0,0,0,0,-3,1.5,1.5
2012-01-14,2011,Valencia,Sociedad,A,0,1.4,4.5,8.0,1620.7876393248648,1445.8681509455837,174.91948837928112,181.0,66.7,0.988920507158566,4,-2,-3,3,2,2,3.0,0.0
2012-01-14,2011,Sevilla,Espanol,D,1,1.8,3.5,4.5,1518.1401276367308,1482.1332471335218,36.006880503209004,133.0,78.4,0.5233414316978209,4,7,7,0,-1,0,1.5,1.5
2012-01-14,2011,Zaragoza,Getafe,D,1,2.6,3.2,2.75,1392.210355264801,1468.074312091988,-75.86395682718717,57.0,70.95,-0.21552842278695739,0,4,6,6,-5,2,2.0,0.5
2012-01-15,2011,Ath Bilbao,Levante,H,2,1.62,3.75,5.5,1525.4286002362007,1531.9057758867468,-6.477175650546087,10.0,37.4,-1.2501621867953103,1,-2,-6,-5,0,0,3.0,0.0
2012-01-15,2011,Ath Madrid,Villarreal,H,2,1.67,3.75,5.0,1491.7724112509718,1468.336748042363,23.43566320860873,187.0,137.0,0.30918827767274415,-3,-2,1,-5,-2,-3,1.5,1.5
2012-01-15,2011,Barcelona,Betis,H,2,1.07,11.0,26.0,1734.3491681173841,1478.221933334327,256.127234783057,618.2,52.7,2.4450153207606986,8,5,4,7,2,1,1.5,1.5
2012-01-15,2011,Osasuna,Santander,A,0,1.73,3.5,5.0,1539.6142885091804,1458.209045251947,81.40524325723345,57.9,59.3,-0.0234910130755992,0,0,0,0,3,1,1.5,1.5
2012-01-15,2011,Sp Gijon,Malaga,H,2,3.1,3.25,2.3,1450.5045233865362,1509.0815229981863,-58.57699961165008,10.0,71.05,-1.8794650496471608,0,0,0,0,-3,-1,0.0,3.0
2012-01-21,2011,Betis,Sevilla,D,1,2.5,3.3,2.75,1474.8004623986517,1512.5508640934304,-37.7504016947787,52.7,133.0,-0.9144267984360921,-4,1,1,2,1,-2,1.5,1.5
2012-01-21,2011,Espanol,Granada,H,2,1.73,3.5,5.0,1487.7225106768221,1462.964326622247,24.758184054575167,78.4,60.6,0.2538364977136158,0,-8,-8,-2,1,-2,1.5,1.5
2012-01-21,2011,Sociedad,Ath Madrid,A,0,2.9,3.3,2.4,1470.7551701454886,1501.656712376526,-30.90154223103741,66.7,187.0,-1.0213557829117201,0,0,0,0,2,0,0.0,3.0
2012-01-21,2011,Santander,Getafe,A,0,2.5,3.2,2.8,1480.3991362314994,1469.1146757940428,11.284460437456573,59.3,70.95,-0.17663932960023665,0,4,6,6,3,1,1.5,1.5
2012-01-22,2011,Levante,Zaragoza,D,1,1.83,3.4,4.5,1520.848705331925,1391.1699915627462,129.67871376917878,37.4,57.0,-0.4123855509527381,0,0,0,0,-2,-4,0.0,3.0
2012-01-22,2011,Malaga,Barcelona,A,0,9.5,5.5,1.29,1495.861471913215,1737.7706390530595,-241.9091671398446,71.05,618.2,-2.151067999829986,-8,-5,-4,-7,-3,4,0.0,3.0
2012-01-22,2011,Osasuna,Valencia,D,1,3.25,3.25,2.25,1517.424197529628,1595.90062012496,-78.476422595332,57.9,181.0,-1.1281655964192545,-4,2,3,-3,1,0,2.0,0.5
2012-01-22,2011,Real Madrid,Ath Bilbao,H,2,1.2,6.5,15.0,1758.076838391797,1536.4856707910226,221.5911676007745,539.2,10.0,3.8940441685601446,7,4,10,4,3,2,3.0,0.0
2012-01-22,2011,Vallecano,Mallorca,A,0,2.0,3.4,3.75,1490.7721810824478,1436.3415504897378,54.43063059271003,47.3,53.7,-0.12443214876940845,0,0,0,0,-1,-1,1.5,1.5
2012-01-23,2011,Villarreal,Sp Gijon,H,2,1.83,3.5,4.33,1458.4524469168089,1463.7245744715076,-5.272127554698727,137.0,10.0,2.5293584123588344,3,2,-1,5,-3,-1,1.0,1.0
2012-01-28,2011,Espanol,Mallorca,H,2,1.91,3.4,4.0,1497.5564208540457,1457.6019034455765,39.9545174084692,78.4,53.7,0.372634658825155,0,-8,-8,-2,3,0,1.0,2.0
2012-01-28,2011,Real Madrid,Zaragoza,H,2,1.07,11.0,26.0,1762.1487033062974,1399.8561021821713,362.2926011241261,539.2,57.0,2.231496430812096,8,2,4,-1,3,-3,2.0,1.0
2012-01-28,2011,Villarreal,Barcelona,D,1,12.0,6.0,1.22,1469.4611304896591,1746.9633349968194,-277.5022045071603,137.0,618.2,-1.5011746371183126,-5,-3,-5,-2,-1,4,0.0,3.0
2012-01-28,2011,Vallecano,Ath Bilbao,A,0,3.0,3.2,2.38,1469.511828126609,1532.4138058765222,-62.90197774991316,47.3,10.0,1.4795362878601561,-1,2,6,5,-1,1,1.0,1.0
2012-01-29,2011,Betis,Granada,A,0,1.62,3.75,5.5,1472.141324545288,1453.1304164450235,19.010908100264487,52.7,60.6,-0.13724886902465538,0,0,0,0,2,-3,3.0,0.0
2012-01-29,2011,Levante,Getafe,A,0,2.4,3.3,2.88,1512.1625947124999,1488.7613810379357,23.401213674564133,37.4,70.95,-0.6279139737396955,0,4,6,6,-1,3,1.3333333333333333,1.3333333333333333
2012-01-29,2011,Malaga,Sevilla,H,2,2.2,3.3,3.3,1486.668775969455,1515.2100019467941,-28.54122597733908,71.05,133.0,-0.6204794775053797,-4,1,1,2,-3,-3,0.3333333333333333,2.3333333333333335
2012-01-29,2011,Santander,Valencia,D,1,3.25,3.3,2.2,1460.7524309876064,1596.8286807311324,-136.07624974352598,59.3,181.0,-1.1046745833436553,-4,2,3,-3,1,-1,0.3333333333333333,2.3333333333333335
2012-01-29,2011,Sociedad,Sp Gijon,H,2,2.0,3.4,3.75,1452.8106699791954,1452.7158908986573,0.0947790805380464,66.7,10.0,1.8171909071198584,0,0,0,0,0,-1,3.0,0.0
2012-01-30,2011,Osasuna,Ath Madrid,A,0,3.1,3.3,2.3,1516.4961369234554,1519.6012125428192,-3.105075619363788,57.9,187.0,-1.1606008721724086,0,0,0,0,0,0,0.3333333333333333,2.3333333333333335
2012-02-04,2011,Barcelona,Sociedad,H,2,1.07,11.0,26.0,1739.9037315186351,1463.6049494377062,276.29878208092896,618.2,66.7,2.2133421423572885,8,5,4,7,3,1,1.3333333333333333,1.3333333333333333
2012-02-04,2011,Ath Bilbao,Espanol,D,1,1.73,3.5,5.0,1549.0093969324798,1506.8210127554598,42.18838417702,10.0,78.4,-1.9766030954547196,1,6,2,-3,2,3,1.0,2.0
2012-02-04,2011,Getafe,Real Madrid,A,0,9.0,5.0,1.33,1508.875765554683,1764.1078195024015,-255.23205394771844,70.95,539.2,-2.0159680080251388,-8,-6,-10,-5,3,5,0.0,3.0
2012-02-04,2011,Levante,Santander,D,1,2.3,3.2,3.2,1492.0482101957525,1462.3043942069044,29.743815988848155,37.4,59.3,-0.45127464413945884,0,0,0,0,-3,1,1.6666666666666667,0.6666666666666666
2012-02-04,2011,Mallorca,Betis,H,2,2.2,3.2,3.4,1448.3373115441623,1452.1951654496222,-3.8578539054599332,53.7,52.7,0.018450707913116204,0,0,0,0,-2,0,0.0,3.0
2012-02-05,2011,Ath Madrid,Valencia,D,1,2.0,3.4,3.75,1538.6793187152045,1595.2767175118345,-56.59739879662993,187.0,181.0,0.03243527575315408,-4,2,3,-3,2,0,0.3333333333333333,2.3333333333333335
2012-02-05,2011,Sevilla,Villarreal,A,0,1.83,3.5,4.33,1503.252346468809,1476.5207339678434,26.73161250096564,133.0,137.0,-0.029413885206293955,1,-3,0,-7,-3,-1,1.3333333333333333,1.3333333333333333
2012-02-05,2011,Sp Gijon,Osasuna,D,1,2.25,3.25,3.25,1441.9216114401465,1497.41803075107,-55.49641931092356,10.0,57.9,-1.67794581785917,0,0,0,0,-3,-1,1.0,2.0
2012-02-05,2011,Zaragoza,Vallecano,A,0,2.38,3.2,3.0,1397.8969859860672,1452.9162370706515,-55.01925108458431,57.0,47.3,0.1830114498878923,0,0,0,0,-3,-1,1.0,1.0
2012-02-06,2011,Granada,Malaga,H,2,3.0,3.2,2.4,1473.0765755406892,1498.6264314474402,-25.549855906750963,60.6,71.05,-0.15669845190605702,0,0,0,0,-1,-2,0.0,3.0
2012-02-11,2011,Santander,Ath Madrid,D,1,3.75,3.4,2.0,1467.6592535462112,1536.8151648536004,-69.15591130738926,59.3,187.0,-1.1371098590968094,0,0,0,0,1,3,1.3333333333333333,1.3333333333333333
2012-02-11,2011,Betis,Ath Bilbao,H,2,2.8,3.2,2.5,1441.2431561302622,1543.191848161527,-101.94869203126495,52.7,10.0,1.5855177287164484,-1,2,6,5,-2,1,3.0,0.0
2012-02-11,2011,Osasuna,Barcelona,H,2,9.5,5.0,1.33,1499.328965001363,1742.9886821956536,-243.65971719429058,57.9,618.2,-2.352587231617977,-8,-5,-4,-7,-2,3,0.0,3.0
2012-02-12,2011,Villarreal,Granada,H,2,1.57,3.75,6.0,1496.7617701177003,1484.9106148880267,11.851155229673623,137.0,60.6,0.8065918146177307,3,2,-1,5,1,-1,0.0,3.0
2012-02-12,2011,Vallecano,Getafe,H,2,2.5,3.2,2.8,1469.8474344241924,1500.1646643049075,-30.317229880715104,47.3,70.95,-0.3985398726748497,0,4,6,6,1,1,3.0,0.0
2012-02-12,2011,Valencia,Sp Gijon,H,2,1.36,4.5,9.0,1597.1408713734386,1440.0106771898536,157.130194183585,181.0,10.0,2.8061114142784245,4,-2,-3,3,-1,-2,2.3333333333333335,0.3333333333333333
2012-02-12,2011,Malaga,Mallorca,H,2,1.73,3.5,5.0,1486.7923921001027,1459.2893208635223,27.503071236580354,71.05,53.7,0.2754966130175962,0,0,0,0,-2,0,2.0,1.0
2012-02-12,2011,Espanol,Zaragoza,A,0,1.62,3.75,5.5,1512.6385615264126,1380.9657886325263,131.6727728938863,78.4,57.0,0.31405535770667115,0,-8,-8,-2,2,-3,1.0,2.0
2012-02-12,2011,Real Madrid,Levante,H,2,1.08,10.0,26.0,1772.8189207521768,1486.6933508564457,286.12556989573113,539.2,37.4,2.6438819817648342,8,2,4,-1,5,-2,1.3333333333333333,1.3333333333333333
2012-02-13,2011,Sociedad,Sevilla,H,2,2.8,3.25,2.5,1460.5199987606877,1483.0113103189522,-22.491311558264442,66.7,133.0,-0.682753620032682,-4,1,1,2,0,-3,0.0,3.0
2012-02-18,2011,Getafe,Espanol,D,1,2.0,3.3,3.75,1488.1334111541937,1488.8954190580384,-0.7620079038447329,70.95,78.4,-0.09852693491971376,0,4,2,-4,0,1,0.0,3.0
2012-02-18,2011,Real Madrid,Santander,H,2,1.08,9.5,26.0,1775.750788432762,1466.3310945471007,309.4196938856612,539.2,59.3,2.1926073376253754,8,2,4,-1,5,0,2.3333333333333335,0.3333333333333333
2012-02-18,2011,Sevilla,Osasuna,H,2,1.62,3.75,5.5,1471.303199236067,1520.2003926253367,-48.89719338926966,133.0,57.9,0.8219987092933705,4,-1,-1,-2,-3,-1,1.3333333333333333,1.3333333333333333
2012-02-19,2011,Barcelona,Valencia,H,2,1.25,5.75,11.0,1722.11725457168,1602.7029672543788,119.41428731730116,618.2,181.0,1.2244216351987225,4,7,7,4,2,0,2.3333333333333335,0.3333333333333333
2012-02-19,2011,Sp Gijon,Ath Madrid,D,1,4.0,3.4,1.91,1434.4485813089134,1538.1433238527109,-103.69474254379747,10.0,187.0,-2.8385466900315786,0,0,0,0,-2,3,1.0,2.0
2012-02-19,2011,Ath Bilbao,Malaga,H,2,1.83,3.6,4.2,1528.1077172458226,1496.5221382469797,31.585578998842948,10.0,71.05,-1.8794650496471608,1,-2,-6,-5,0,-1,0.6666666666666666,1.6666666666666667
2012-02-19,2011,Granada,Sociedad,H,2,2.3,3.2,3.2,1474.5794272537244,1472.2281098435728,2.3513174101515233,60.6,66.7,-0.09442430937875468,0,0,0,0,-1,1,0.0,3.0
2012-02-19,2011,Levante,Vallecano,A,0,2.3,3.2,3.2,1483.7614831758606,1481.8786875749063,1.8827956009542959,37.4,47.3,-0.2293741010648458,0,0,0,0,-3,1,3.0,0.0
2012-02-19,2011,Mallorca,Villarreal,H,2,2.25,3.25,3.2,1449.5595747166453,1507.0929577520026,-57.53338303535725,53.7,137.0,-0.9253899757292698,-3,-2,1,-5,-1,2,0.3333333333333333,2.3333333333333335
2012-02-20,2011,Zaragoza,Betis,A,0,2.6,3.2,2.75,1404.7089311009004,1456.3272870459666,-51.61835594506624,57.0,52.7,0.07703000903160007,0,0,0,0,-1,-2,0.0,3.0
2012-02-25,2011,Betis,Getafe,D,1,2.0,3.4,3.75,1473.4026927239088,1483.9617966350795,-10.559103911170723,52.7,70.95,-0.29255843181855745,0,4,6,6,0,0,0.0,3.0
2012-02-25,2011,Espanol,Levante,A,0,1.73,3.5,5.0,1493.0670335771526,1464.4847394406236,28.58229413652907,78.4,37.4,0.7264409086594092,0,-8,-8,-2,1,-3,1.0,2.0
2012-02-25,2011,Malaga,Zaragoza,H,2,1.44,4.2,7.5,1486.9462475757052,1387.6335254229582,99.31272215274703,71.05,57.0,0.21691731189911234,0,0,0,0,-1,-2,1.3333333333333333,1.3333333333333333
2012-02-25,2011,Santander,Sp Gijon,D,1,2.05,3.25,3.75,1463.735312752481,1434.6080901542646,29.12722259821635,59.3,10.0,1.7014368309347692,0,0,0,0,-2,-3,0.6666666666666666,1.6666666666666667
2012-02-26,2011,Sociedad,Mallorca,H,2,2.1,3.25,3.5,1461.5234298012583,1462.7352196536065,-1.2117898523481472,66.7,53.7,0.21322247049029386,0,0,0,0,-1,1,1.0,2.0
2012-02-26,2011,Ath Madrid,Barcelona,A,0,7.0,4.33,1.44,1537.9838150073597,1728.7307326626733,-190.7469176553136,187.0,618.2,-1.1919863594455684,-8,-5,-4,-7,2,2,0.0,3.0
2012-02-26,2011,Osasuna,Granada,H,2,1.91,3.3,4.2,1507.3909042172718,1485.2841072960389,22.1067969212329,57.9,60.6,-0.04482077988193378,0,0,0,0,-1,1,1.0,1.0
2012-02-26,2011,Valencia,Sevilla,A,0,1.75,3.5,4.75,1596.0894891633855,1484.112687644132,111.97680151925351,181.0,133.0,0.306166887125884,0,-1,-2,5,0,-2,0.0,3.0
2012-02-26,2011,Vallecano,Real Madrid,A,0,8.0,4.75,1.36,1501.1554313101433,1778.3465702273818,-277.1911389172385,47.3,539.2,-2.4145078806999885,-8,-2,-4,1,1,5,0.0,3.0
2012-02-26,2011,Villarreal,Ath Bilbao,D,1,2.25,3.25,3.2,1493.9173128150414,1537.683607917097,-43.766295102055665,137.0,10.0,2.5293584123588344,2,4,5,10,2,0,2.3333333333333335,0.3333333333333333
2012-03-03,2011,Sevilla,Ath Madrid,D,1,2.38,3.25,3.0,1507.275842941488,1526.8149474065278,-19.539104465039827,133.0,187.0,-0.3386021628790381,4,-1,-1,-2,-1,0,1.6666666666666667,0.6666666666666666
2012-03-03,2011,Mallorca,Osasuna,D,1,1.91,3.3,4.2,1451.888910995239,1517.325970013813,-65.43705901857402,53.7,57.9,-0.0739773812296054,0,0,0,0,-1,0,1.6666666666666667,0.6666666666666666
2012-03-03,2011,Vallecano,Santander,H,2,1.83,3.4,4.5,1493.2045753291466,1458.4036960158141,34.800879313332416,47.3,59.3,-0.22190054307461304,0,0,0,0,1,-1,1.0,1.0
2012-03-03,2011,Barcelona,Sp Gijon,H,2,1.08,11.0,26.0,1739.8996002635051,1439.9397068909313,299.9598933725738,618.2,10.0,4.030533049477147,8,5,4,7,2,-2,2.3333333333333335,0.3333333333333333
2012-03-03,2011,Getafe,Malaga,A,0,2.4,3.2,3.0,1487.740171379034,1494.1755264606911,-6.435355081657008,70.95,71.05,-0.0013888891121549563,0,-4,-6,-6,-1,1,0.3333333333333333,2.3333333333333335
2012-03-04,2011,Granada,Valencia,A,0,3.5,3.3,2.1,1475.3490414994976,1572.9263338660294,-97.57729236653176,60.6,181.0,-1.0833448165373207,-4,2,3,-3,1,-1,0.0,3.0
2012-03-04,2011,Ath Bilbao,Sociedad,H,2,1.62,3.6,6.0,1540.0904318678085,1472.3697384596258,67.7206934081828,10.0,66.7,-1.8171909071198584,1,-2,-6,-5,1,1,2.0,1.0
2012-03-04,2011,Zaragoza,Villarreal,H,2,3.1,3.25,2.3,1380.4042465379723,1491.51048886433,-111.10624232635769,57.0,137.0,-0.866810674610786,-3,-2,1,-5,-3,1,0.3333333333333333,2.3333333333333335
2012-03-04,2011,Real Madrid,Espanol,H,2,1.13,8.0,21.0,1786.2974262083785,1472.7559824473913,313.54144376098725,539.2,78.4,1.917441073105425,8,10,12,1,5,-1,3.0,0.0
2012-03-05,2011,Levante,Betis,H,2,2.5,3.2,2.88,1484.795790570385,1469.6243179799542,15.171472590430767,37.4,52.7,-0.33535554192113803,0,0,0,0,-2,0,3.0,0.0
2012-03-10,2011,Betis,Real Madrid,A,0,7.0,4.33,1.44,1459.4222045132256,1788.8374969108093,-329.4152923975837,52.7,539.2,-2.308526439843696,-8,-2,-4,1,0,5,0.0,3.0
2012-03-10,2011,Malaga,Levante,H,2,1.53,3.8,6.5,1513.1201366355065,1494.9979040371136,18.122232598392884,71.05,37.4,0.6293028628518504,0,0,0,0,1,0,1.0,2.0
2012-03-10,2011,Sociedad,Zaragoza,H,2,1.73,3.6,4.75,1464.0962554965583,1395.8835783066238,68.21267718993454,66.7,57.0,0.15464316937181,0,0,0,0,-1,-1,1.0,2.0
2012-03-10,2011,Sp Gijon,Sevilla,H,2,3.25,3.3,2.2,1437.211861698917,1503.8628643498946,-66.65100265097772,10.0,133.0,-2.4999445271525405,-4,1,1,2,-2,0,1.0,2.0
2012-03-11,2011,Espanol,Vallecano,H,2,2.1,3.4,3.4,1470.2159117449605,1502.6602077126774,-32.444295967716926,78.4,47.3,0.49706680759456345,0,-8,-8,-2,-3,3,3.0,0.0
2012-03-11,2011,Ath Madrid,Granada,H,2,1.33,4.75,10.0,1530.2279259981212,1460.2444464982502,69.98347949987101,187.0,60.6,1.1157800922904748,0,0,0,0,-1,-1,1.0,1.0
2012-03-11,2011,Osasuna,Ath Bilbao,H,2,2.8,3.25,2.5,1518.8132691084213,1548.363914830876,-29.550645722454647,57.9,10.0,1.67794581785917,-1,2,6,5,1,1,0.0,3.0
2012-03-11,2011,Santander,Barcelona,A,0,13.0,6.0,1.22,1448.9480636322833,1742.6274454555196,-293.6793818232363,59.3,618.2,-2.329096218542378,-8,-5,-4,-7,-2,3,0.0,3.0
2012-03-11,2011,Valencia,Mallorca,D,1,1.5,4.0,7.0,1588.0309288672768,1450.4016119006308,137.629316966646,181.0,53.7,1.20214297764886,4,-2,-3,3,0,0,1.3333333333333333,1.3333333333333333
2012-03-12,2011,Villarreal,Getafe,A,0,1.91,3.4,4.0,1476.0311570956785,1468.7955612042188,7.235595891459752,137.0,70.95,0.6512822518238286,3,6,5,11,0,-3,1.3333333333333333,1.3333333333333333
2012-03-17,2011,Getafe,Sociedad,H,2,1.95,3.3,4.0,1488.283672384129,1472.3527799479077,15.930892436221257,70.95,66.7,0.06088525341514739,0,-4,-6,-6,-1,1,0.6666666666666666,1.6666666666666667
2012-03-17,2011,Granada,Sp Gijon,H,2,2.0,3.3,3.8,1452.048782198676,1450.7764752736596,1.2723069250164372,60.6,10.0,1.7227665977411037,0,0,0,0,-3,-1,0.0,3.0
2012-03-17,2011,Sevilla,Barcelona,A,0,8.5,4.75,1.36,1490.298250775152,1750.0361552053707,-259.7379044302188,133.0,618.2,-1.5305885223246065,-4,-6,-5,-9,0,3,0.6666666666666666,1.6666666666666667
2012-03-17,2011,Vallecano,Betis,H,2,2.2,3.3,3.3,1490.5406129754253,1453.1007526079602,37.439860367465144,47.3,52.7,-0.10598144085629224,0,0,0,0,1,0,3.0,0.0
2012-03-17,2011,Zaragoza,Osasuna,D,1,2.5,3.2,2.88,1387.6270538552744,1530.8127364972706,-143.1856826419962,57.0,57.9,-0.015398080111121537,0,0,0,0,-1,2,0.3333333333333333,2.3333333333333335
2012-03-18,2011,Ath Bilbao,Valencia,A,0,2.25,3.4,3.1,1536.3644474420266,1579.1196883115924,-42.755240869565796,10.0,181.0,-2.8061114142784245,-3,0,-3,-8,0,0,0.3333333333333333,2.3333333333333335
2012-03-18,2011,Levante,Villarreal,H,2,2.4,3.2,3.0,1484.9098388434363,1456.5430459157683,28.36679292766803,37.4,137.0,-1.279196225563524,-3,-2,1,-5,-1,-2,2.0,1.0
2012-03-18,2011,Real Madrid,Malaga,D,1,1.17,7.5,14.0,1795.1589488160746,1523.2082018291837,271.95074698689086,539.2,71.05,2.014579118912984,8,2,4,-1,5,3,3.0,0.0
2012-03-18,2011,Mallorca,Ath Madrid,H,2,3.0,3.25,2.38,1459.312852456315,1538.4235902976955,-79.11073784138034,53.7,187.0,-1.234578253402014,0,0,0,0,-1,0,0.3333333333333333,2.3333333333333335
2012-03-19,2011,Espanol,Santander,H,2,1.67,3.75,5.0,1482.3355064822126,1441.5393538824321,40.7961525997805,78.4,59.3,0.2751662645199504,0,-8,-8,-2,-2,-3,1.3333333333333333,1.3333333333333333
2012-03-20,2011,Barcelona,Granada,H,2,1.05,13.0,34.0,1758.5877940702314,1462.7962649032177,295.7915291670138,618.2,60.6,2.3077664517360432,8,5,4,7,5,-1,3.0,0.0
2012-03-20,2011,Osasuna,Getafe,D,1,2.2,3.2,3.4,1528.957803834979,1498.4563740818846,30.50142975309427,57.9,70.95,-0.20013034267583585,0,4,6,6,1,1,0.6666666666666666,1.6666666666666667
2012-03-21,2011,Villarreal,Real Madrid,D,1,8.5,4.75,1.36,1446.8459577175356,1783.3138654607678,-336.4679077432322,137.0,539.2,-1.3646857562013102,-5,0,-5,6,-4,4,0.0,3.0
2012-03-21,2011,Ath Madrid,Ath Bilbao,H,2,1.8,3.5,4.5,1524.3243670933193,1518.915116561092,5.409250532227361,187.0,10.0,2.8385466900315786,-1,2,6,5,-1,0,1.0,2.0
2012-03-21,2011,Sociedad,Levante,A,0,2.0,3.4,3.75,1462.180078250152,1494.606927041669,-32.42684879151693,66.7,37.4,0.5670287203245481,0,0,0,0,-1,1,0.3333333333333333,2.3333333333333335
2012-03-21,2011,Sp Gijon,Mallorca,A,0,2.38,3.25,3.0,1440.028992569118,1473.4120756606912,-33.383083091573326,10.0,53.7,-1.6039684366295646,0,0,0,0,-1,1,3.0,0.0
2012-03-21,2011,Valencia,Zaragoza,A,0,1.29,5.0,11.0,1596.569019192527,1389.4819865175662,207.08703267496094,181.0,57.0,1.143563676530376,4,-2,-3,3,0,-2,1.3333333333333333,1.3333333333333333
2012-03-22,2011,Santander,Sevilla,A,0,3.2,3.25,2.25,1432.3057571699053,1481.7466119102912,-49.44085474038593,59.3,133.0,-0.7985076962177713,-4,1,1,2,-4,0,1.6666666666666667,0.6666666666666666
2012-03-22,2011,Betis,Espanol,D,1,1.91,3.4,4.0,1443.7432109985214,1491.5691031947395,-47.82589219621809,52.7,78.4,-0.3910853667382712,0,8,8,2,-2,0,0.0,3.0
2012-03-22,2011,Malaga,Vallecano,H,2,1.67,3.75,5.0,1535.0532851844905,1499.8981545848642,35.15513059962632,71.05,47.3,0.39992876178700465,0,0,0,0,2,1,0.0,3.0
2012-03-24,2011,Getafe,Valencia,H,2,2.8,3.25,2.5,1503.839751504774,1570.9437458710697,-67.10399436629564,70.95,181.0,-0.9280352537434187,-4,-2,-3,-9,1,0,0.0,3.0
2012-03-24,2011,Mallorca,Barcelona,A,0,13.0,6.0,1.22,1491.2534245994848,1761.3757292604669,-270.1223046609821,53.7,618.2,-2.4265646128475824,-8,-5,-4,-7,1,5,0.3333333333333333,2.3333333333333335
2012-03-24,2011,Real Madrid,Sociedad,H,2,1.13,8.0,21.0,1774.4351345586297,1444.2989475150666,330.13618704356304,539.2,66.7,2.076853261440286,8,2,4,-1,3,-1,3.0,0.0
2012-03-25,2011,Espanol,Malaga,A,0,2.38,3.25,3.0,1493.8048596965943,1544.4957178260734,-50.69085812947901,78.4,71.05,0.0971380458075588,0,-8,-8,-2,0,4,1.0,2.0
2012-03-25,2011,Betis,Santander,D,1,1.67,3.75,5.0,1441.5074544966665,1415.1382219993518,26.36923249731467,52.7,59.3,-0.1159191022183208,0,0,0,0,-3,-4,0.0,3.0
2012-03-25,2011,Zaragoza,Ath Madrid,H,2,4.5,3.5,1.8,1415.1072598390235,1534.9081589872758,-119.80089914825226,57.0,187.0,-1.1759989522835301,0,0,0,0,0,0,0.0,3.0
2012-03-25,2011,Vallecano,Villarreal,A,0,2.1,3.4,3.4,1490.4557219432813,1455.7246886196738,34.73103332360756,47.3,137.0,-1.0498221244986783,-3,-2,1,-5,-1,-3,0.0,3.0
2012-03-25,2011,Ath Bilbao,Sp Gijon,D,1,1.36,4.5,9.0,1508.3313246671355,1422.1876436303244,86.14368103681113,10.0,10.0,0.0,1,-2,-6,-5,-2,-2,1.6666666666666667,0.6666666666666666
2012-03-25,2011,Levante,Osasuna,A,0,2.1,3.3,3.5,1512.4880577767544,1523.5744264120895,-11.08636863533502,37.4,57.9,-0.42778363106385964,0,0,0,0,3,2,1.3333333333333333,1.3333333333333333
2012-03-26,2011,Granada,Sevilla,A,0,3.0,3.25,2.38,1460.0083297129822,1498.9141470808447,-38.90581736786248,60.6,133.0,-0.7771779294114367,-4,1,1,2,-3,0,3.0,0.0
2012-03-31,2011,Barcelona,Ath Bilbao,H,2,1.11,9.0,21.0,1769.5666341741812,1500.984696321562,268.58193785261915,618.2,10.0,4.030533049477147,7,7,10,12,5,-2,2.3333333333333335,0.3333333333333333
2012-03-31,2011,Malaga,Betis,A,0,1.67,3.8,5.0,1561.610385635762,1436.2801585532961,125.33022708246585,71.05,52.7,0.2939473209307124,0,0,0,0,4,-3,1.0,1.0
2012-03-31,2011,Osasuna,Real Madrid,A,0,8.0,4.5,1.4,1542.3314735240997,1776.7617361854268,-234.4302626613271,57.9,539.2,-2.2160983507009746,-8,-2,-4,1,2,3,1.0,2.0
2012-03-31,2011,Santander,Granada,A,0,2.1,3.3,3.5,1420.3655179427221,1442.3975358174732,-22.03201787475109,59.3,60.6,-0.021329766806334582,0,0,0,0,-4,-3,1.0,1.0
2012-03-31,2011,Sp Gijon,Zaragoza,A,0,2.1,3.3,3.5,1429.5342719758978,1430.9612090208873,-1.4269370449894723,10.0,57.0,-1.6625477377480484,0,0,0,0,-2,2,1.0,1.0
2012-04-01,2011,Villarreal,Espanol,D,1,2.0,3.4,3.75,1476.2664525325542,1476.6901918869057,-0.4237393543514827,137.0,78.4,0.5527553169041148,3,10,7,7,-2,0,2.3333333333333335,0.3333333333333333
2012-04-01,2011,Ath Madrid,Getafe,H,2,1.62,3.8,5.5,1519.054209805412,1517.423745624705,1.630464180707122,187.0,70.95,0.9604705294965727,0,4,6,6,0,2,1.3333333333333333,1.3333333333333333
2012-04-01,2011,Sociedad,Vallecano,H,2,2.1,3.3,3.5,1441.9723458882695,1469.9139580304009,-27.941612142131362,66.7,47.3,0.3376546192597023,0,0,0,0,-3,-1,0.0,3.0
2012-04-01,2011,Valencia,Levante,D,1,1.62,3.8,5.5,1557.359751751139,1493.7310106647442,63.62874108639471,181.0,37.4,1.5559492274831142,4,-2,-3,3,0,1,2.3333333333333335,0.3333333333333333
2012-04-02,2011,Sevilla,Mallorca,H,2,1.73,3.6,4.75,1516.5249409763537,1483.0625196857704,33.46242129058328,133.0,53.7,0.8959760905229759,4,-1,-1,-2,0,1,0.6666666666666666,1.6666666666666667
2012-04-07,2011,Vallecano,Osasuna,H,2,2.05,3.4,3.6,1457.9811163178122,1532.8620209563098,-74.88090463849767,47.3,57.9,-0.19840952999901385,0,0,0,0,-3,1,1.0,1.0
2012-04-07,2011,Zaragoza,Barcelona,A,0,19.0,7.5,1.14,1450.106322501764,1772.7767189020492,-322.6703964002852,57.0,618.2,-2.3679853117290985,-8,-5,-4,-7,2,5,0.0,3.0
2012-04-07,2011,Getafe,Sp Gijon,H,2,1.73,3.5,5.0,1506.6904788547263,1410.389158495021,96.30132035970519,70.95,10.0,1.8780761605350058,0,-4,-6,-6,2,-2,1.0,2.0
2012-04-07,2011,Betis,Villarreal,H,2,2.1,3.3,3.5,1459.840579513432,1472.0813669852587,-12.240787471826707,52.7,137.0,-0.943840683642386,-3,-2,1,-5,-1,-1,0.0,3.0
2012-04-07,2011,Espanol,Sociedad,D,1,1.91,3.4,4.0,1480.8752774342013,1453.9051876008582,26.97008983334308,78.4,66.7,0.15941218833486115,0,-8,-8,-2,1,-1,1.3333333333333333,1.3333333333333333
2012-04-08,2011,Ath Bilbao,Sevilla,H,2,2.25,3.25,3.2,1497.774611593694,1526.0305352951877,-28.255923701493657,10.0,133.0,-2.4999445271525405,-3,-1,-5,-3,-4,1,2.0,1.0
2012-04-08,2011,Levante,Ath Madrid,H,2,3.0,3.4,2.3,1500.3156470735748,1529.7874765753907,-29.47182950181582,37.4,187.0,-1.5883845032362682,0,0,0,0,0,1,1.0,2.0
2012-04-08,2011,Mallorca,Granada,D,1,1.83,3.5,4.33,1473.5569253669364,1460.7082935256312,12.848631841305178,53.7,60.6,-0.11879816111153918,0,0,0,0,0,-1,1.0,1.0
2012-04-08,2011,Real Madrid,Valencia,D,1,1.2,6.5,13.0,1786.2311887532167,1550.7751153423083,235.4560734109084,539.2,181.0,1.08793275428172,4,4,7,-4,3,-1,3.0,0.0
2012-04-09,2011,Malaga,Santander,H,2,1.4,4.5,8.0,1538.0499646756261,1402.0547602345641,135.99520444106201,71.05,59.3,0.1780282187123916,0,0,0,0,2,-4,3.0,0.0
2012-04-10,2011,Barcelona,Getafe,H,2,1.06,13.0,26.0,1779.2940697208116,1514.0153050445033,265.27876467630836,618.2,70.95,2.152456888942141,8,9,10,13,5,2,2.0,1.0
2012-04-10,2011,Osasuna,Espanol,H,2,2.5,3.25,2.8,1518.944613868058,1475.6252045027522,43.31940936530577,57.9,78.4,-0.2986572775955496,0,8,8,2,-1,0,2.0,1.0
2012-04-10,2011,Sociedad,Betis,D,1,2.25,3.4,3.1,1459.1552605323072,1471.1302846702965,-11.975024137989294,66.7,52.7,0.23167317840341006,0,0,0,0,-2,1,3.0,0.0
2012-04-11,2011,Valencia,Vallecano,H,2,1.5,4.2,6.5,1561.9760512436255,1471.898523406064,90.07752783756155,181.0,47.3,1.3265751264182684,4,-2,-3,3,-1,-1,3.0,0.0
2012-04-11,2011,Sp Gijon,Levante,H,2,2.6,3.2,2.75,1403.064332305244,1512.3118480000555,-109.24751569481145,10.0,37.4,-1.2501621867953103,0,0,0,0,-4,2,0.6666666666666666,1.6666666666666667
2012-04-11,2011,Granada,Ath Bilbao,D,1,2.63,3.4,2.6,1465.4159635335989,1509.7204582582065,-44.30449472460759,60.6,10.0,1.7227665977411037,-1,2,6,5,0,-2,3.0,0.0
2012-04-11,2011,Ath Madrid,Real Madrid,A,0,5.5,4.0,1.57,1517.79127564891,1775.0302528518994,-257.2389772029894,187.0,539.2,-1.055497478528566,-8,-2,-4,1,-1,2,0.0,3.0
2012-04-12,2011,Sevilla,Zaragoza,H,2,1.44,4.33,7.0,1514.0846886306754,1443.5889716830015,70.49571694767383,133.0,57.0,0.837396789404492,4,-1,-1,-2,1,2,3.0,0.0
2012-04-12,2011,Villarreal,Malaga,H,2,2.5,3.3,2.8,1460.7916618283941,1544.1845023830645,-83.39284055467033,137.0,71.05,0.6498933627116736,3,2,-1,5,-1,2,1.3333333333333333,1.3333333333333333
2012-04-12,2011,Santander,Mallorca,A,0,2.7,3.2,2.63,1395.9202225271258,1468.8492553589688,-72.92903283184296,59.3,53.7,0.0974683943052046,0,0,0,0,-4,0,2.0,1.0
2012-04-14,2011,Levante,Barcelona,A,0,15.0,6.0,1.2,1496.9126949079578,1782.559070331389,-285.6463754234312,37.4,618.2,-2.7803708626818366,-8,-5,-4,-7,0,5,0.3333333333333333,2.3333333333333335
2012-04-14,2011,Real Madrid,Sp Gijon,H,2,1.06,11.0,29.0,1783.6701120954565,1418.4634853973419,365.20662669811463,539.2,10.0,3.8940441685601446,8,2,4,-1,3,-2,2.0,1.0
2012-04-15,2011,Ath Bilbao,Mallorca,H,2,1.67,3.8,5.0,1512.1046388810457,1485.015643542103,27.088995338942823,10.0,53.7,-1.6039684366295646,1,-2,-6,-5,-1,0,1.3333333333333333,1.3333333333333333
2012-04-15,2011,Zaragoza,Granada,H,2,2.1,3.4,3.4,1435.4108600101918,1463.0317829107596,-27.620922900567848,57.0,60.6,-0.06021885999305532,0,0,0,0,1,-1,0.0,3.0
2012-04-15,2011,Villarreal,Santander,D,1,1.5,4.0,7.0,1475.0752186724799,1379.7538343439917,95.3213843284882,137.0,59.3,0.8279215814240652,3,2,-1,5,1,-4,1.3333333333333333,1.3333333333333333
2012-04-15,2011,Vallecano,Ath Madrid,A,0,2.8,3.4,2.4,1464.3735314989842,1509.1514164053528,-44.77788490636863,47.3,187.0,-1.3590104021714224,0,0,0,0,-3,-1,0.0,3.0
2012-04-15,2011,Betis,Osasuna,H,2,1.91,3.5,4.0,1474.8513493841103,1528.0856321869567,-53.23428280284634,52.7,57.9,-0.0924280891427216,0,0,0,0,2,0,0.0,3.0
2012-04-15,2011,Espanol,Valencia,H,2,2.88,3.4,2.38,1466.4841861838536,1569.5010431507053,-103.01685696685172,78.4,181.0,-0.8295083188237049,-4,-6,-5,-5,-2,-1,0.3333333333333333,2.3333333333333335
2012-04-15,2011,Malaga,Sociedad,D,1,1.5,4.2,6.5,1529.9009455389787,1455.4341958184934,74.46674972048527,71.05,66.7,0.062274142527302345,0,0,0,0,1,-1,1.0,2.0
2012-04-16,2011,Getafe,Sevilla,H,2,2.6,3.3,2.63,1510.750304433926,1522.2628003034852,-11.512495869559189,70.95,133.0,-0.6218683666175346,-4,-3,-5,-4,0,3,2.0,1.0
2012-04-21,2011,Mallorca,Zaragoza,H,2,1.8,3.6,4.33,1475.2702206182046,1447.330437845966,27.939782772238686,53.7,57.0,-0.05857930111848386,0,0,0,0,-2,1,2.0,1.0
2012-04-21,2011,Sevilla,Levante,D,1,1.57,3.8,6.0,1511.002598896486,1489.2429917231293,21.7596071733567,133.0,37.4,1.2497823403572301,4,-1,-1,-2,1,-2,2.0,1.0
2012-04-21,2011,Barcelona,Real Madrid,A,0,1.62,4.0,5.0,1790.2287735162174,1785.5987342993178,4.630039216899604,618.2,539.2,0.1364888809170024,0,3,0,8,5,4,2.3333333333333335,0.3333333333333333
2012-04-21,2011,Sp Gijon,Vallecano,H,2,2.3,3.4,3.0,1416.5348631934805,1447.0092767406352,-30.474413547154654,10.0,47.3,-1.4795362878601561,0,0,0,0,-2,-3,3.0,0.0
2012-04-22,2011,Valencia,Betis,H,2,1.62,3.75,5.5,1554.3707982388567,1487.8444168903927,66.52638134846393,181.0,52.7,1.2205936855619761,4,-2,-3,3,-1,3,0.0,3.0
2012-04-22,2011,Sociedad,Villarreal,D,1,2.25,3.25,3.2,1462.3913576741988,1467.4313205005667,-5.039962826367855,66.7,137.0,-0.712167505238976,-3,-2,1,-5,0,1,1.3333333333333333,1.3333333333333333
2012-04-22,2011,Santander,Ath Bilbao,A,0,3.6,3.5,2.0,1387.3977325159049,1521.850061804944,-134.4523292890392,59.3,10.0,1.7014368309347692,-1,2,6,5,-3,1,0.3333333333333333,2.3333333333333335
2012-04-22,2011,Granada,Getafe,H,2,2.25,3.25,3.2,1451.1122050749855,1522.0105058409251,-70.89830076593967,60.6,70.95,-0.15530956279390207,0,4,6,6,-1,1,0.0,3.0
2012-04-22,2011,Ath Madrid,Espanol,H,2,1.57,3.75,6.0,1526.5156711637019,1481.6144310957022,44.90124006799965,187.0,78.4,0.861943594576859,0,8,8,2,-1,-1,0.3333333333333333,2.3333333333333335
2012-04-23,2011,Osasuna,Malaga,D,1,3.1,3.3,2.3,1515.0925646806743,1522.9437836832733,-7.851219002599009,57.9,71.05,-0.2015192317879908,0,0,0,0,-1,0,2.3333333333333335,0.3333333333333333
2012-04-28,2011,Villarreal,Osasuna,D,1,1.8,3.5,4.5,1471.4319489469322,1511.2049156827834,-39.77296673585124,137.0,57.9,0.8514125944996644,3,2,-1,5,0,-2,1.0,2.0
2012-04-28,2011,Sociedad,Santander,H,2,1.5,4.0,6.5,1458.3907292278334,1373.8803029203875,84.51042630744587,66.7,59.3,0.11575407618508926,0,0,0,0,1,-4,1.3333333333333333,1.3333333333333333
2012-04-28,2011,Espanol,Sp Gijon,A,0,1.67,3.75,5.0,1472.531183458126,1428.5726372716877,43.9585461864383,78.4,10.0,1.9766030954547196,0,-8,-8,-2,-1,-1,2.0,1.0
2012-04-28,2011,Getafe,Mallorca,A,0,1.91,3.4,4.0,1508.263997076184,1484.9834472300618,23.280549846122312,70.95,53.7,0.27410772390544125,0,-4,-6,-6,-1,0,2.0,1.0
2012-04-28,2011,Levante,Granada,H,2,1.83,3.5,4.33,1494.2946410891668,1464.8587138397265,29.435927249440283,37.4,60.6,-0.4726044109457934,0,0,0,0,-1,1,0.0,3.0
2012-04-29,2011,Zaragoza,Ath Bilbao,H,2,3.2,3.4,2.2,1437.6172112341087,1535.3674914004614,-97.7502801663527,57.0,10.0,1.6625477377480484,-1,2,6,5,-1,2,1.0,2.0
2012-04-29,2011,Vallecano,Barcelona,A,0,9.0,5.0,1.33,1434.971502662428,1770.8433109082207,-335.87180824579264,47.3,618.2,-2.550996761616991,-8,-5,-4,-7,-3,3,0.0,3.0
2012-04-29,2011,Malaga,Valencia,H,2,2.2,3.4,3.2,1526.8314326811642,1562.6855383320003,-35.85410565083612,71.05,181.0,-0.9266463646312637,-4,2,3,-3,-1,1,0.0,3.0
2012-04-29,2011,Betis,Ath Madrid,D,1,3.2,3.3,2.25,1479.529676797249,1535.5989188012782,-56.06924200402909,52.7,187.0,-1.2530289613151302,0,0,0,0,2,1,3.0,0.0
2012-04-29,2011,Real Madrid,Sevilla,H,2,1.22,6.0,13.0,1804.9841969073145,1505.9509495304485,299.03324737686603,539.2,133.0,1.3940996414076041,4,3,5,1,4,0,3.0,0.0
2012-05-01,2011,Getafe,Santander,D,1,1.4,4.5,8.0,1488.1542169633835,1366.173209406936,121.9810075564476,70.95,59.3,0.17663932960023665,0,-4,-6,-6,-1,-4,2.0,1.0
2012-05-01,2011,Granada,Espanol,H,2,1.83,3.5,3.75,1455.2019709290373,1451.6488347463937,3.553136182643584,60.6,78.4,-0.2538364977136158,0,8,8,2,-1,-2,0.0,3.0
2012-05-01,2011,Sp Gijon,Villarreal,A,0,2.4,3.4,2.8,1449.4549859834199,1468.8574744432842,-19.402488459864344,10.0,137.0,-2.5293584123588344,-3,-2,1,-5,1,0,0.6666666666666666,1.6666666666666667
2012-05-02,2011,Ath Madrid,Sociedad,D,1,1.4,4.5,7.5,1537.485518589934,1466.097822741285,71.38769584864895,187.0,66.7,1.0213557829117201,0,0,0,0,0,1,3.0,0.0
2012-05-02,2011,Barcelona,Malaga,H,2,1.2,6.0,15.0,1776.981315816972,1539.0930754795527,237.88824033741935,618.2,71.05,2.151067999829986,8,5,4,7,3,1,3.0,0.0
2012-05-02,2011,Zaragoza,Levante,H,2,2.25,3.4,3.1,1452.5200843787059,1503.951383999856,-51.431299621150174,57.0,37.4,0.4123855509527381,0,0,0,0,-1,0,2.3333333333333335,0.3333333333333333
2012-05-02,2011,Ath Bilbao,Real Madrid,A,0,6.0,4.0,1.53,1520.4646182558643,1807.7252987903726,-287.2606805345083,10.0,539.2,-3.8940441685601446,-7,-4,-10,-4,2,4,0.0,3.0
2012-05-02,2011,Sevilla,Betis,A,0,1.73,3.6,4.75,1503.2098476473905,1477.6430770085933,25.566770638797152,133.0,52.7,0.9144267984360921,4,-1,-1,-2,-2,1,1.0,1.0
2012-05-02,2011,Valencia,Osasuna,H,2,1.44,4.0,8.0,1550.4238955336118,1513.7793901864313,36.644505347180484,181.0,57.9,1.1281655964192545,4,-2,-3,3,0,-1,0.6666666666666666,1.6666666666666667
2012-05-02,2011,Mallorca,Vallecano,H,2,1.85,3.5,4.2,1505.0932273428623,1428.8334977536767,76.25972958918555,53.7,47.3,0.12443214876940845,0,0,0,0,2,-3,3.0,0.0
2012-05-05,2011,Mallorca,Levante,H,2,1.91,3.4,4.0,1513.0754542316738,1491.0347103564943,22.040743875179487,53.7,37.4,0.35380624983425424,0,0,0,0,3,-2,1.6666666666666667,0.6666666666666666
2012-05-05,2011,Ath Madrid,Malaga,H,2,2.0,3.5,3.6,1530.6331213556168,1535.3402228622363,-4.707101506619438,187.0,71.05,0.9590816403844178,0,0,0,0,1,-1,1.3333333333333333,1.3333333333333333
2012-05-05,2011,Barcelona,Espanol,H,2,1.13,8.0,19.0,1780.7341684342884,1440.9917394112429,339.7424290230456,618.2,78.4,2.0539299540224274,8,13,12,9,3,-3,2.3333333333333335,0.3333333333333333
2012-05-05,2011,Granada,Real Madrid,A,0,7.5,5.0,1.36,1465.8590662641882,1815.3420715959444,-349.4830053317562,60.6,539.2,-2.171277570819041,-8,-2,-4,1,0,5,0.0,3.0
2012-05-05,2011,Ath Bilbao,Getafe,D,1,1.8,3.5,4.5,1512.8478454502924,1479.6918354559555,33.156009994336955,10.0,70.95,-1.8780761605350058,1,2,0,1,0,-2,1.6666666666666667,0.6666666666666666
2012-05-05,2011,Osasuna,Sociedad,H,2,1.8,3.5,4.5,1504.392343820428,1472.950219975602,31.44212384482603,57.9,66.7,-0.13924508926068846,0,0,0,0,-1,1,1.3333333333333333,1.3333333333333333
2012-05-05,2011,Sp Gijon,Betis,H,2,2.3,3.25,3.1,1431.0364150590594,1497.8399108165315,-66.80349575747209,10.0,52.7,-1.5855177287164484,0,0,0,0,1,1,0.0,3.0
2012-05-05,2011,Valencia,Villarreal,H,2,1.57,4.2,4.5,1559.810941899615,1487.2760453676447,72.53489653197039,181.0,137.0,0.27675300191959007,1,-4,-2,-2,1,2,1.6666666666666667,0.6666666666666666
2012-05-05,2011,Zaragoza,Santander,H,2,1.33,5.0,9.0,1465.4367580220676,1374.635590914364,90.80116710770358,57.0,59.3,-0.038889093186720736,0,0,0,0,1,-3,0.3333333333333333,2.3333333333333335
2012-05-05,2011,Sevilla,Vallecano,H,2,1.7,3.6,5.0,1483.0130138394522,1420.8512708648652,62.161742974587014,133.0,47.3,1.0204082392923843,4,-1,-1,-2,-2,-5,0.0,3.0
2012-05-12,2011,Betis,Barcelona,D,1,7.5,5.5,1.33,1484.2687735983911,1782.9448294087758,-298.6760558103847,52.7,618.2,-2.4450153207606986,-8,-5,-4,-7,0,3,0.0,3.0
2012-05-12,2011,Sociedad,Valencia,H,2,2.7,3.4,2.5,1463.3689448992204,1567.9194113536792,-104.55046645445873,66.7,181.0,-0.988920507158566,-4,2,3,-3,0,1,1.0,2.0
2012-05-13,2011,Espanol,Sevilla,D,1,2.8,3.5,2.38,1438.7810784367555,1491.479602759058,-52.698524322302546,78.4,133.0,-0.5233414316978209,-4,-7,-7,0,-3,-2,1.3333333333333333,1.3333333333333333
2012-05-13,2011,Santander,Osasuna,A,0,6.0,4.0,1.53,1367.1340581049071,1513.9736188968097,-146.8395607919026,59.3,57.9,0.0234910130755992,0,0,0,0,-3,-1,2.0,1.0
2012-05-13,2011,Villarreal,Ath Madrid,A,0,2.3,3.4,3.0,1479.1675759135805,1541.6191477880757,-62.45157187449513,137.0,187.0,-0.30918827767274415,3,2,-1,5,0,3,1.0,2.0
2012-05-13,2011,Vallecano,Granada,H,2,1.83,3.5,4.33,1412.3846819452594,1460.09475040255,-47.71006845729062,47.3,60.6,-0.24323030988094763,0,0,0,0,-5,-1,3.0,0.0
2012-05-13,2011,Real Madrid,Mallorca,H,2,1.2,7.0,11.0,1821.1063874575825,1523.0130467862502,298.09334067133227,539.2,53.7,2.29007573193058,8,2,4,-1,5,3,2.3333333333333335,0.3333333333333333
2012-05-13,2011,Malaga,Sp Gijon,H,2,1.3,5.5,9.0,1524.3541964297774,1444.6075522771998,79.74664415257757,71.05,10.0,1.8794650496471608,0,0,0,0,-1,1,2.0,1.0
2012-05-13,2011,Levante,Ath Bilbao,H,2,1.57,4.0,5.5,1481.0971178019179,1507.3648973788406,-26.26777957692275,37.4,10.0,1.2501621867953103,-1,2,6,5,-2,0,0.0,3.0
2012-05-13,2011,Getafe,Zaragoza,A,0,5.5,4.0,1.57,1485.1747835274073,1472.9382908315245,12.236492695882816,70.95,57.0,0.21552842278695739,0,-4,-6,-6,-1,3,0.6666666666666666,1.6666666666666667
2012-08-18,2012,Sevilla,Getafe,H,2,1.62,3.75,5.5,1493.509247036404,1465.4909517130027,28.01829532340139,144.8,70.95,0.7062643862411813,3,1,2,6,-1,-3,1.0,2.0
2012-08-18,2012,Celta,Malaga,A,0,2.25,3.25,3.2,1500.0,1532.2193860248553,-32.21938602485534,49.1,122.9,-0.9054537805442773,-3,1,2,8,0,0,1.5,1.5
2012-08-18,2012,Mallorca,Espanol,H,2,2.0,3.3,3.8,1520.258439335274,1436.7514341594094,83.5070051758646,62.2,81.2,-0.2628510009093228,0,0,0,0,3,-4,2.0,1.0
2012-08-19,2012,Ath Bilbao,Betis,A,0,1.83,3.5,4.2,1495.5012306734586,1492.0193653478836,3.4818653255749723,10.0,52.7,-1.5855177287164484,2,-4,-5,-5,-2,-1,0.0,3.0
2012-08-19,2012,Barcelona,Sociedad,H,2,1.1,9.0,26.0,1775.1942376592833,1478.565393095701,296.62884456358233,586.6,74.7,2.0492682838563185,11,9,5,6,2,1,1.3333333333333333,1.3333333333333333
2012-08-19,2012,Levante,Ath Madrid,D,1,3.2,3.4,2.2,1492.9607845072999,1558.2339617373386,-65.27317723003875,40.25,210.0,-1.6322070206953767,0,0,0,0,0,3,1.0,2.0
2012-08-19,2012,Real Madrid,Valencia,D,1,1.25,6.0,10.0,1823.8609949085587,1552.7229631571986,271.13803175136013,582.4,172.9,1.2103926360733839,6,7,2,4,5,1,2.3333333333333335,0.3333333333333333
2012-08-20,2012,La Coruna,Osasuna,H,2,2.0,3.4,3.75,1467.676753271921,1526.9635554785614,-59.28680220664046,45.6,44.4,0.026088436084297673,0,0,0,0,-1,1,1.0,1.0
2012-08-20,2012,Vallecano,Granada,H,2,2.2,3.3,3.3,1425.1440362652972,1447.3353960825123,-22.191359817215016,47.3,60.6,-0.24323030988094763,0,0,0,0,-3,-1,3.0,0.0
2012-08-20,2012,Zaragoza,Valladolid,A,0,2.15,3.3,3.4,1492.622122645929,1500.0,-7.377877354070961,61.0,38.8,0.4432674727546999,0,0,0,0,3,0,1.5,1.5
2012-08-25,2012,Espanol,Zaragoza,A,0,1.67,3.6,5.25,1429.011213497881,1473.7154173109934,-44.70420381311237,81.2,61.0,0.2820209170170429,0,0,0,0,-4,3,0.0,3.0
2012-08-25,2012,Betis,Vallecano,A,0,1.7,3.6,5.0,1511.3594507681507,1436.839823429181,74.51962733896971,52.7,47.3,0.10598144085629224,0,0,0,0,1,-1,0.0,3.0
2012-08-25,2012,Sociedad,Celta,H,2,2.0,3.4,3.75,1475.789623002385,1482.1102438136152,-6.320620811230128,74.7,49.1,0.41275715235258437,0,0,0,0,0,-1,1.5,1.5
2012-08-25,2012,Malaga,Mallorca,D,1,1.91,3.5,4.0,1550.1091422112402,1527.9986599968024,22.110482214437752,122.9,62.2,0.6731704874822846,3,-1,-2,-8,1,3,3.0,0.0
2012-08-26,2012,Getafe,Real Madrid,H,2,9.5,5.5,1.29,1455.7806934533853,1812.0291436193509,-356.24845016596555,70.95,582.4,-2.0929016241002447,-10,-8,-7,-9,-3,4,0.0,3.0
2012-08-26,2012,Granada,Sevilla,D,1,3.0,3.25,2.38,1435.6396089186285,1503.2195052960215,-67.57989637739297,60.6,144.8,-0.8615739490350833,-3,3,4,0,-3,0,1.5,1.5
2012-08-26,2012,Osasuna,Barcelona,A,0,12.0,6.0,1.22,1513.7132839742826,1777.9700077525993,-264.25672377831665,44.4,586.6,-2.5605343392524196,-11,-9,-5,-6,0,4,1.0,2.0
2012-08-26,2012,Valencia,La Coruna,D,1,1.44,4.2,7.5,1564.5548144464065,1480.9270247761997,83.62778967020677,172.9,45.6,1.3168798802286372,4,-3,-1,-1,0,1,3.0,0.0
2012-08-27,2012,Ath Madrid,Ath Bilbao,H,2,1.6,4.0,5.5,1559.7282662889959,1476.1611452531915,83.56712103580435,210.0,10.0,2.953962860677696,-2,4,5,5,2,-4,1.0,2.0
2012-08-27,2012,Valladolid,Levante,H,2,2.05,3.4,3.5,1518.9067053349356,1491.4664799556426,27.440225379292997,38.8,40.25,-0.03578420049029818,0,0,0,0,1,0,1.5,1.5
2012-09-01,2012,La Coruna,Getafe,D,1,2.2,3.2,3.4,1488.1907966313693,1480.195563406194,7.995233225175298,45.6,70.95,-0.4343708922017764,0,4,6,6,1,-1,0.5,2.0
2012-09-01,2012,Celta,Osasuna,H,2,2.0,3.3,3.75,1471.0594645051979,1505.3197906869443,-34.26032618174645,49.1,44.4,0.09850890304351667,0,0,0,0,-2,-1,1.5,1.5
2012-09-01,2012,Zaragoza,Malaga,A,0,2.7,3.25,2.6,1491.0827740064697,1545.0440670420915,-53.96129303562179,61.0,122.9,-0.6923404035900047,-3,1,2,8,3,0,1.3333333333333333,1.3333333333333333
2012-09-01,2012,Mallorca,Sociedad,H,2,2.1,3.2,3.6,1533.0637351659511,1486.8404023108023,46.22333285514878,62.2,74.7,-0.18047385929059168,0,0,0,0,2,0,1.0,2.0
2012-09-02,2012,Vallecano,Sevilla,D,1,2.8,3.25,2.5,1458.7987769680108,1504.615145311341,-45.81636834333017,47.3,144.8,-1.104804258916031,-3,3,4,0,1,1,1.5,1.5
2012-09-02,2012,Ath Bilbao,Valladolid,H,2,2.0,3.4,3.75,1468.4229118820494,1528.6388299611992,-60.21591807914979,10.0,38.8,-1.285971639492021,2,-4,-5,-5,-4,2,1.5,1.5
2012-09-02,2012,Barcelona,Valencia,H,2,1.22,6.0,13.0,1786.3635010399375,1557.2910425912369,229.07245844870067,586.6,172.9,1.2175660229394847,7,12,6,7,4,1,2.3333333333333335,0.3333333333333333
2012-09-02,2012,Levante,Espanol,H,2,2.2,3.2,3.4,1481.734355329379,1411.6438568024048,70.09049852697422,40.25,81.2,-0.6895041892814446,0,0,0,0,-2,-4,3.0,0.0
2012-09-02,2012,Real Madrid,Granada,H,2,1.08,10.0,23.0,1787.6142736665422,1434.243968903309,353.3703047632332,582.4,60.6,2.248211186894147,10,4,1,3,2,-2,3.0,0.0
2012-09-15,2012,Malaga,Levante,H,2,1.7,3.6,5.0,1562.0201652694018,1489.9263505101862,72.09381475921555,122.9,40.25,1.0998236758544064,3,-1,-2,-8,2,0,1.0,2.0
2012-09-15,2012,Valencia,Celta,H,2,1.44,4.33,7.0,1553.3683709996396,1483.2546476396703,70.1137233599693,172.9,49.1,1.2444594132694182,4,-3,-1,-1,-1,-1,1.5,1.5
2012-09-15,2012,Sevilla,Real Madrid,H,2,5.0,4.0,1.62,1506.9356584979146,1789.6695669107166,-282.73390841280207,144.8,582.4,-1.3866372378590635,-7,-7,-5,-3,2,2,0.0,3.0
2012-09-15,2012,Getafe,Barcelona,A,0,11.0,6.0,1.25,1484.7135151166822,1790.2861726315348,-305.5726575148526,70.95,586.6,-2.1000750109663455,-11,-13,-11,-12,-1,4,1.0,2.0
2012-09-16,2012,Ath Madrid,Vallecano,H,2,1.33,5.0,9.0,1567.466499660138,1456.4782637814371,110.98823587870083,210.0,47.3,1.4744265728175399,0,0,0,0,3,2,3.0,0.0
2012-09-16,2012,Espanol,Ath Bilbao,D,1,2.2,3.4,3.2,1403.4518616215976,1481.712762980023,-78.26090135842537,81.2,10.0,2.011260029263764,-2,4,5,5,-4,-2,2.3333333333333335,0.3333333333333333
2012-09-16,2012,Granada,La Coruna,D,1,2.3,3.2,3.2,1432.1886756591346,1483.672844920881,-51.4841692617465,60.6,45.6,0.2790613294078743,0,0,0,0,-4,0,1.5,1.5
2012-09-16,2012,Osasuna,Mallorca,D,1,2.2,3.25,3.25,1493.1246075524718,1542.0988569650779,-48.974249412606014,44.4,62.2,-0.33079219610550936,0,0,0,0,-1,2,1.0,1.0
2012-09-16,2012,Sociedad,Zaragoza,H,2,1.8,3.5,4.5,1477.8052805116756,1474.1066757791593,3.698604732516287,74.7,61.0,0.1996437753983118,0,0,0,0,-1,1,2.0,1.0
2012-09-17,2012,Valladolid,Betis,A,0,2.1,3.3,3.5,1515.3489788632257,1489.400497229321,25.94848163390475,38.8,52.7,-0.29954608922442727,0,0,0,0,1,0,1.5,1.5
2012-09-22,2012,Barcelona,Granada,H,2,1.05,12.0,34.0,1797.3195694781123,1430.1075878849767,367.21198159313553,586.6,60.6,2.2553845737602476,11,9,5,6,4,-3,3.0,0.0
2012-09-22,2012,Betis,Espanol,H,2,1.95,3.5,3.75,1509.6118272087813,1402.5145321912141,107.09729501756715,52.7,81.2,-0.42574230054731554,0,0,0,0,0,-3,0.5,2.0
2012-09-22,2012,Zaragoza,Osasuna,H,2,2.25,3.25,3.2,1463.4553336698943,1490.9373518951957,-27.482018225301317,61.0,44.4,0.31162227999778924,0,0,0,0,-1,-2,0.3333333333333333,2.3333333333333335
2012-09-22,2012,Celta,Getafe,H,2,2.0,3.4,3.75,1475.063448580612,1477.6801182701047,-2.61666968949271,49.1,70.95,-0.3619504252425574,0,4,6,6,-2,-2,1.5,1.5
2012-09-23,2012,Ath Madrid,Valladolid,H,2,1.3,5.25,10.0,1574.333430416064,1495.1376488837655,79.1957815322985,210.0,38.8,1.6679912211856749,0,0,0,0,4,0,1.5,1.5
2012-09-23,2012,Levante,Sociedad,H,2,2.1,3.4,3.4,1481.80284888481,1488.4566226209406,-6.653773736130688,40.25,74.7,-0.6071270476627135,0,0,0,0,0,1,2.3333333333333335,0.3333333333333333
2012-09-23,2012,Mallorca,Valencia,H,2,2.8,3.25,2.5,1544.286112622354,1561.559570058698,-17.27345743634396,62.2,172.9,-1.0121761202074255,-4,3,1,1,1,-1,0.6666666666666666,1.6666666666666667
2012-09-23,2012,Ath Bilbao,Malaga,D,1,2.2,3.4,3.2,1482.6500924104064,1570.143666894778,-87.49357448437172,10.0,122.9,-2.4215795158367257,-1,-3,-3,3,-2,4,1.3333333333333333,1.3333333333333333
2012-09-24,2012,Vallecano,Real Madrid,A,0,9.0,5.5,1.3,1449.6113330255112,1767.4353740048282,-317.82404097931703,47.3,582.4,-2.4914414967750944,-10,-4,-1,-3,2,0,0.0,3.0
2012-09-24,2012,La Coruna,Sevilla,A,0,2.6,3.3,2.63,1485.7539326950389,1529.169851403803,-43.41591870876414,45.6,144.8,-1.1406352784429576,-3,3,4,0,0,2,1.0,1.0
2012-09-26,2012,Betis,Ath Madrid,A,0,3.1,3.3,2.3,1516.598077589403,1582.2170357875345,-65.61895819813162,52.7,210.0,-1.3684451319612476,0,0,0,0,2,4,2.0,0.5
2012-09-29,2012,Malaga,Betis,H,2,1.7,3.75,4.75,1570.6833795988116,1500.1185549087184,70.56482469009325,122.9,52.7,0.8360617871202773,3,-1,-2,-8,3,1,0.5,2.0
2012-09-29,2012,Sevilla,Barcelona,A,0,6.0,4.33,1.5,1546.5914104744827,1799.2274638987883,-252.6360534243056,144.8,586.6,-1.3938106247251643,-8,-12,-9,-6,3,5,0.6666666666666666,1.6666666666666667
2012-09-29,2012,Sociedad,Ath Bilbao,H,2,2.3,3.4,3.0,1477.3924535814435,1482.110379706373,-4.717926124929363,74.7,10.0,1.9288828876450328,-2,4,5,5,-1,-1,0.0,3.0
2012-09-29,2012,Valencia,Zaragoza,H,2,1.36,4.75,8.5,1550.065161766656,1475.369167894014,74.69599387264202,172.9,61.0,1.0313460363151457,4,-3,-1,-1,-1,-1,1.0,2.0
2012-09-30,2012,Valladolid,Vallecano,H,2,1.83,3.5,4.33,1487.2540435122949,1442.9505393539114,44.303504158383475,38.8,47.3,-0.19356464836813503,0,0,0,0,-1,0,1.5,1.5
2012-09-30,2012,Real Madrid,La Coruna,H,2,1.13,8.0,21.0,1774.096167676428,1468.3323736243592,305.76379405206876,582.4,45.6,2.527272516302021,10,4,1,3,0,0,2.0,0.5
2012-09-30,2012,Granada,Celta,H,2,2.3,3.25,3.1,1428.1996934643007,1485.9658222943272,-57.766128830026446,60.6,49.1,0.20664086244865532,0,0,0,0,-3,-1,1.5,1.5
2012-09-30,2012,Espanol,Ath Madrid,A,0,3.6,3.5,2.0,1395.5282818105925,1598.696558468219,-203.16827665762662,81.2,210.0,-0.9427028314139321,0,0,0,0,-4,4,1.3333333333333333,1.3333333333333333
2012-09-30,2012,Osasuna,Levante,H,2,1.95,3.3,4.0,1479.0235176710758,1492.867017924307,-13.843500253231241,44.4,40.25,0.09586099226661249,0,0,0,0,-4,0,2.0,1.0
2012-10-01,2012,Getafe,Mallorca,H,2,2.1,3.25,3.6,1466.7777445563895,1555.780520914396,-89.00277635800649,70.95,62.2,0.1296671321805647,0,-4,-6,-6,-2,3,1.0,2.0
2012-10-05,2012,Celta,Sevilla,H,2,2.63,3.3,2.63,1472.7802767482615,1537.7876433129518,-65.0073665646903,49.1,144.8,-1.0682148114837386,-3,3,4,0,-1,1,1.5,1.5
2012-10-06,2012,Betis,Sociedad,H,2,1.95,3.3,4.0,1491.9428095218473,1488.3789138884563,3.5638956333909846,52.7,74.7,-0.34336515892858444,0,0,0,0,-1,1,0.5,2.0
2012-10-06,2012,Valladolid,Espanol,D,1,1.91,3.5,4.0,1496.3590970285677,1384.8559587038842,111.5031383246835,38.8,81.2,-0.7252883897717428,0,0,0,0,-1,-4,1.5,1.5
2012-10-06,2012,Vallecano,La Coruna,H,2,2.3,3.3,3.1,1433.8454858376385,1465.6862540858358,-31.840768248197264,47.3,45.6,0.03583101952692669,0,0,0,0,-2,-2,1.5,1.5
2012-10-06,2012,Zaragoza,Getafe,A,0,2.3,3.3,3.1,1467.3340955334334,1481.303114743417,-13.969019209983571,61.0,70.95,-0.1488370482882848,0,4,6,6,-1,0,2.3333333333333335,0.3333333333333333
2012-10-07,2012,Ath Madrid,Malaga,H,2,1.73,3.75,4.5,1609.3688815749274,1578.8591249856827,30.509756589244716,210.0,122.9,0.5323833448409703,-3,1,2,8,5,3,1.3333333333333333,1.3333333333333333
2012-10-07,2012,Mallorca,Granada,A,0,1.83,3.5,4.33,1541.2551507273686,1441.3852390103664,99.8699117170022,62.2,60.6,0.025642430613337375,0,0,0,0,1,-1,1.0,1.0
2012-10-07,2012,Ath Bilbao,Osasuna,H,2,1.83,3.5,4.33,1471.1239193993601,1490.3782576742083,-19.254338274848124,10.0,44.4,-1.4176168322489318,2,-4,-5,-5,-1,-2,2.0,1.0
2012-10-07,2012,Levante,Valencia,H,2,3.5,3.3,2.1,1481.5122779211745,1558.1002341272367,-76.58795620606224,40.25,172.9,-1.4388293085795474,-4,3,1,1,-1,0,0.6666666666666666,1.6666666666666667
2012-10-07,2012,Barcelona,Real Madrid,D,1,1.83,4.0,3.75,1808.0312310603192,1776.7422872149514,31.28894384536784,586.6,582.4,0.007173386866100806,1,5,4,3,5,1,1.3333333333333333,1.3333333333333333
2012-10-20,2012,Valencia,Ath Bilbao,H,2,1.62,3.8,5.5,1544.1094861756428,1482.6992851270106,61.41020104863219,172.9,10.0,2.7605851485618667,2,1,4,4,-1,1,2.3333333333333335,0.3333333333333333
2012-10-20,2012,Real Madrid,Celta,H,2,1.1,9.0,23.0,1782.1552609503503,1486.2746109856757,295.8806499646746,582.4,49.1,2.454852049342802,10,4,1,3,2,1,1.5,1.5
2012-10-20,2012,La Coruna,Barcelona,A,0,10.0,5.0,1.3,1453.5917465282764,1802.6182573249203,-349.02651079664383,45.6,586.6,-2.534445903168122,-11,-9,-5,-6,-3,4,0.5,2.0
2012-10-20,2012,Malaga,Valladolid,H,2,1.53,3.8,6.5,1569.242815599695,1488.210345614119,81.03246998557597,122.9,38.8,1.1356078763447046,3,-1,-2,-8,2,-2,1.5,1.5
2012-10-21,2012,Espanol,Vallecano,H,2,1.91,3.4,4.0,1393.004710118333,1445.939993395198,-52.93528327686499,81.2,47.3,0.5317237414036078,0,0,0,0,-3,-2,3.0,0.0
2012-10-21,2012,Getafe,Levante,A,0,1.83,3.5,4.2,1499.9432752412538,1495.5030258727684,4.440249368485411,70.95,40.25,0.5563203205526865,0,-4,-6,-6,0,1,1.3333333333333333,1.3333333333333333
2012-10-21,2012,Granada,Zaragoza,A,0,1.91,3.4,4.0,1464.1735453590588,1448.6939350355965,15.479610323462339,60.6,61.0,-0.006472514505617255,0,0,0,0,0,-3,1.5,1.5
2012-10-21,2012,Osasuna,Betis,D,1,2.0,3.4,3.75,1478.8028919465578,1502.5994792770155,-23.79658733045767,44.4,52.7,-0.1679008964675166,0,0,0,0,-2,1,1.5,1.5
2012-10-21,2012,Sociedad,Ath Madrid,A,0,3.4,3.4,2.1,1477.722244133288,1618.9851909609151,-141.26294682762705,74.7,210.0,-1.0250799730326632,0,0,0,0,-1,5,0.3333333333333333,2.3333333333333335
2012-10-22,2012,Sevilla,Mallorca,H,2,1.62,3.8,5.5,1524.2933090755375,1518.4668443786761,5.8264646968614215,144.8,62.2,0.835931518421746,3,-3,-4,0,0,0,1.6666666666666667,0.6666666666666666
2012-10-27,2012,Vallecano,Barcelona,A,0,11.0,6.0,1.25,1432.959602189094,1808.3948200340105,-375.43521784491645,47.3,586.6,-2.498614883641195,-11,-9,-5,-6,-3,4,0.0,3.0
2012-10-27,2012,Espanol,Malaga,D,1,2.8,3.3,2.5,1405.9851013244368,1577.065127070928,-171.08002574649117,81.2,122.9,-0.4103194865729618,-3,1,2,8,-1,2,0.0,3.0
2012-10-27,2012,Betis,Valencia,H,2,2.9,3.3,2.4,1505.8376850083778,1552.6023909604917,-46.7647059521139,52.7,172.9,-1.1750674198454183,-4,3,1,1,0,1,1.5,1.5
2012-10-27,2012,Celta,La Coruna,D,1,1.91,3.5,4.0,1483.4879728760952,1447.8151838191861,35.672789056909096,49.1,45.6,0.072420466959219,0,0,0,0,-1,-4,1.5,1.5
2012-10-28,2012,Ath Bilbao,Getafe,A,0,1.85,3.5,4.2,1474.2063803421618,1480.5653073286103,-6.358926986448523,10.0,70.95,-1.8780761605350058,2,0,1,1,-1,-1,1.0,1.0
2012-10-28,2012,Ath Madrid,Osasuna,H,2,1.3,5.0,11.0,1632.212055185072,1475.5646862151955,156.64736896987642,210.0,44.4,1.5363460284287642,0,0,0,0,5,-1,2.3333333333333335,0.3333333333333333
2012-10-28,2012,Levante,Granada,H,2,2.0,3.4,3.75,1514.8809937854119,1444.363719906701,70.51727387871097,40.25,60.6,-0.4010107577587845,0,0,0,0,1,0,1.5,1.5
2012-10-28,2012,Mallorca,Real Madrid,A,0,8.0,4.5,1.4,1507.8994979238128,1784.9418990599308,-277.0424011361181,62.2,582.4,-2.2225687562808094,-10,-4,-1,-3,-2,2,0.0,3.0
2012-10-28,2012,Zaragoza,Sevilla,H,2,3.0,3.25,2.38,1468.5037604879544,1534.860655530401,-66.35689504244647,61.0,144.8,-0.8551014345294661,-3,3,4,0,-1,1,0.0,3.0
2012-10-29,2012,Valladolid,Sociedad,D,1,2.1,3.3,3.5,1480.388034142886,1464.4953799091313,15.892654233754683,38.8,74.7,-0.6429112481530117,0,0,0,0,-2,-1,1.5,1.5
2012-11-03,2012,Malaga,Vallecano,A,0,1.4,4.5,8.0,1574.0384652179594,1427.859201324157,146.17926389380227,122.9,47.3,0.9420432279765696,3,-1,-2,-8,1,-3,1.5,1.5
2012-11-03,2012,Barcelona,Celta,H,2,1.08,10.0,26.0,1813.4952208989475,1477.9111350002825,335.5840858986651,586.6,49.1,2.462025436208903,11,9,5,6,4,0,1.5,1.5
2012-11-03,2012,Valencia,Ath Madrid,H,2,2.4,3.4,2.8,1539.8829242019062,1637.786755009177,-97.90383080727088,172.9,210.0,-0.19337771211582933,4,-3,-1,-1,-1,5,2.3333333333333335,0.3333333333333333
2012-11-03,2012,Real Madrid,Zaragoza,H,2,1.08,10.0,26.0,1792.8977594029216,1482.0557937114736,310.84196569144797,582.4,61.0,2.2417386723885295,10,4,1,3,4,1,2.0,1.0
2012-11-04,2012,Granada,Ath Bilbao,A,0,2.38,3.4,2.88,1436.186346400652,1455.258698868454,-19.072352467802148,60.6,10.0,1.7227665977411037,-2,4,5,5,-1,-2,2.0,0.5
2012-11-04,2012,La Coruna,Mallorca,H,2,1.95,3.3,4.0,1453.392021694999,1499.943637580822,-46.55161588582314,45.6,62.2,-0.3047037600212117,0,0,0,0,-4,-3,2.0,0.5
2012-11-04,2012,Osasuna,Valladolid,A,0,2.05,3.2,3.8,1469.9899863910903,1475.5622157909788,-5.572229399888556,44.4,38.8,0.13164519275691067,0,0,0,0,-2,-1,1.5,1.5
2012-11-04,2012,Sevilla,Levante,D,1,1.5,4.0,7.0,1521.3086223068817,1523.0583672914609,-1.749744984579138,144.8,40.25,1.2625847067938678,3,-3,-4,0,-1,3,1.3333333333333333,1.3333333333333333
2012-11-04,2012,Sociedad,Espanol,A,0,1.83,3.5,4.33,1469.3211982610385,1409.0117631774053,60.30943508363316,74.7,81.2,-0.08237714161873111,0,0,0,0,-2,-1,0.6666666666666666,1.6666666666666667
2012-11-05,2012,Getafe,Betis,A,0,1.91,3.4,4.0,1499.512988802318,1518.5571517669632,-19.04416296464524,70.95,52.7,0.29255843181855745,0,-4,-6,-6,1,0,2.0,0.5
2012-11-09,2012,Betis,Granada,A,0,1.7,3.8,4.75,1536.9903858661642,1417.7542656044277,119.23612026173646,52.7,60.6,-0.13724886902465538,0,0,0,0,2,-1,1.5,1.5
2012-11-10,2012,Zaragoza,La Coruna,H,2,2.05,3.25,3.75,1479.479359758624,1466.1025021074545,13.37685765116953,61.0,45.6,0.28553384391349157,0,0,0,0,-1,-2,2.0,0.5
2012-11-10,2012,Vallecano,Celta,H,2,2.38,3.4,2.9,1452.0058053932,1475.6509530930994,-23.645147699899326,47.3,49.1,-0.03658944743229231,0,0,0,0,-1,-2,1.5,1.5
2012-11-10,2012,Espanol,Osasuna,A,0,1.8,3.5,4.5,1430.480224959424,1451.010711815998,-20.530486856574043,81.2,44.4,0.5936431970148321,0,0,0,0,1,-2,0.0,3.0
2012-11-10,2012,Malaga,Sociedad,A,0,1.53,4.0,6.0,1549.8918611489164,1447.8527364790198,102.03912466989664,122.9,74.7,0.4926966281916929,3,-1,-2,-8,0,-2,1.3333333333333333,1.3333333333333333
2012-11-11,2012,Ath Bilbao,Sevilla,H,2,2.38,3.5,2.8,1473.6907796646783,1517.1763845980295,-43.48560493335117,10.0,144.8,-2.584340546776187,-1,-1,-1,-5,-1,-2,3.0,0.0
2012-11-11,2012,Mallorca,Barcelona,A,0,13.0,6.0,1.22,1487.2331571683665,1815.7554028061306,-328.5222456377642,62.2,586.6,-2.22974214314691,-11,-9,-5,-6,-5,4,0.0,3.0
2012-11-11,2012,Valladolid,Valencia,D,1,2.8,3.4,2.4,1494.541490366071,1554.7924264011583,-60.25093603508731,38.8,172.9,-1.4746135090698456,-4,3,1,1,1,1,1.5,1.5
2012-11-11,2012,Levante,Real Madrid,A,0,9.0,5.5,1.3,1527.190605000313,1795.4741933557711,-268.28358835545805,40.25,582.4,-2.6492219446529313,-10,-4,-1,-3,2,4,1.0,2.0
2012-11-11,2012,Ath Madrid,Getafe,H,2,1.36,4.75,8.5,1622.877252809925,1481.079754703117,141.797498106808,210.0,70.95,1.0758867001426902,0,4,6,6,3,1,1.3333333333333333,1.3333333333333333
2012-11-17,2012,Real Madrid,Ath Bilbao,H,2,1.17,8.0,12.0,1803.7282753021912,1486.272150874992,317.45612442719926,582.4,10.0,3.9709777846352505,8,8,6,8,4,1,3.0,0.0
2012-11-17,2012,Valencia,Espanol,H,2,1.5,4.0,7.0,1556.5010830907368,1412.1078581807747,144.3932249099621,172.9,81.2,0.7493251192981027,4,-3,-1,-1,0,1,1.3333333333333333,1.3333333333333333
2012-11-17,2012,Barcelona,Zaragoza,H,2,1.08,10.0,26.0,1822.1025424536067,1489.7511405216082,332.35140193199845,586.6,61.0,2.2489120592546303,11,9,5,6,4,1,3.0,0.0
2012-11-17,2012,Osasuna,Malaga,D,1,3.0,3.2,2.4,1469.3830785946475,1527.0353720164992,-57.65229342185171,44.4,122.9,-1.003962683587794,-3,1,2,8,-2,-2,1.6666666666666667,0.6666666666666666
2012-11-18,2012,Sevilla,Betis,H,2,1.67,3.5,5.5,1504.5950133877159,1513.6091530586243,-9.014139670908435,144.8,52.7,0.9988228180597387,3,-3,-4,0,-2,2,0.5,2.0
2012-11-18,2012,La Coruna,Levante,A,0,2.05,3.4,3.5,1455.8307213444702,1518.936523053893,-63.10580170942285,45.6,40.25,0.12194942835091016,0,0,0,0,-2,2,1.5,1.5
2012-11-18,2012,Celta,Mallorca,D,1,1.91,3.4,4.0,1463.89539170469,1480.8860175208904,-16.990625816200463,49.1,62.2,-0.2322832930619927,0,0,0,0,-2,-5,1.5,1.5
2012-11-18,2012,Getafe,Valladolid,H,2,2.0,3.3,3.8,1475.1066083297164,1492.8328336764926,-17.72622534677612,70.95,38.8,0.5921045210429847,0,-4,-6,-6,-1,0,1.5,1.5
2012-11-18,2012,Granada,Ath Madrid,A,0,4.5,3.75,1.73,1441.1354984119675,1628.8503991833256,-187.7149007713581,60.6,210.0,-1.2311962629365922,0,0,0,0,-1,3,0.5,2.0
2012-11-19,2012,Sociedad,Vallecano,H,2,1.75,3.5,4.75,1470.709225611437,1463.7613667816095,6.94785882982751,74.7,47.3,0.4493465997848767,0,0,0,0,-2,1,1.5,1.5
2012-11-23,2012,Sociedad,Osasuna,D,1,1.85,3.5,4.2,1481.232427704985,1467.5637815756045,13.668646129380477,74.7,44.4,0.511266055396101,0,0,0,0,0,-1,1.3333333333333333,1.3333333333333333
2012-11-24,2012,Valladolid,Granada,H,2,1.85,3.4,4.33,1481.3199398624095,1429.8439971558123,51.47594270659715,38.8,60.6,-0.43679495824908265,0,0,0,0,-1,-3,1.5,1.5
2012-11-24,2012,Vallecano,Mallorca,H,2,2.1,3.4,3.4,1453.2381646880615,1484.4031509157082,-31.16498622764675,47.3,62.2,-0.268872740494285,0,0,0,0,-1,-4,0.0,3.0
2012-11-24,2012,Betis,Real Madrid,H,2,10.0,5.5,1.29,1502.4499267977053,1806.216440671866,-303.76651387416064,52.7,582.4,-2.385460055918802,-10,-4,-1,-3,0,5,0.0,3.0
2012-11-24,2012,Malaga,Valencia,H,2,2.1,3.4,3.4,1528.8546690355422,1562.403069255507,-33.54840021996483,122.9,172.9,-0.33900563272514095,-1,2,-1,-7,-1,2,1.0,2.0
2012-11-25,2012,Levante,Barcelona,A,0,13.0,6.5,1.2,1535.5234133511851,1824.4019236036631,-288.878510252478,40.25,586.6,-2.656395331519032,-11,-9,-5,-6,2,5,0.3333333333333333,2.3333333333333335
2012-11-25,2012,Espanol,Getafe,A,0,2.1,3.4,3.4,1406.2058720160044,1486.6195021437995,-80.41363012779516,81.2,70.95,0.1331838687287581,0,4,6,6,0,-1,2.3333333333333335,0.3333333333333333
2012-11-25,2012,Ath Bilbao,La Coruna,D,1,1.67,3.8,5.0,1483.783985505317,1439.2438310471782,44.540154458138886,10.0,45.6,-1.4437052683332294,2,-4,-5,-5,-1,-2,0.0,3.0
2012-11-25,2012,Ath Madrid,Sevilla,H,2,1.62,3.8,5.5,1640.1419004394809,1515.754239648635,124.38766079084598,210.0,144.8,0.3696223139015089,-3,3,4,0,3,0,1.0,1.0
2012-11-26,2012,Zaragoza,Celta,A,0,2.1,3.3,3.5,1487.4517593715518,1460.378258309872,27.073501061679735,61.0,49.1,0.21311337695427257,0,0,0,0,1,-3,1.5,1.5
2012-11-30,2012,Osasuna,Vallecano,H,2,1.91,3.5,4.0,1472.303343635531,1465.3046016650162,6.998741970514857,44.4,47.3,-0.06191945561122436,0,0,0,0,-1,1,0.5,2.0
2012-12-01,2012,Barcelona,Ath Bilbao,H,2,1.09,10.0,21.0,1831.9658928055574,1477.8804022991562,354.08549050640113,586.6,10.0,3.9781511715013513,9,13,10,11,5,0,2.3333333333333335,0.3333333333333333
2012-12-01,2012,Valencia,Sociedad,A,0,1.6,3.8,5.75,1550.2375363555846,1476.4928656450584,73.74467071052618,172.9,74.7,0.8317022609168339,4,-3,-1,-1,0,1,1.0,2.0
2012-12-01,2012,Real Madrid,Ath Madrid,H,2,1.44,4.5,6.5,1783.3059740301126,1646.6089621366143,136.69701189349826,582.4,210.0,1.0170149239575546,10,4,1,3,3,3,3.0,0.0
2012-12-01,2012,Getafe,Malaga,H,2,2.6,3.25,2.7,1502.4642190471607,1541.0202019354647,-38.555982888304015,70.95,122.9,-0.5435033553017199,-3,-3,-4,2,1,-1,0.3333333333333333,2.3333333333333335
2012-12-02,2012,Mallorca,Zaragoza,D,1,2.0,3.5,3.6,1472.3367139387535,1467.197769158033,5.1389447807205215,62.2,61.0,0.01916991610772012,0,0,0,0,-4,-1,3.0,0.0
2012-12-02,2012,La Coruna,Betis,A,0,2.1,3.4,3.4,1445.147414253339,1525.3603934394587,-80.21297918611958,45.6,52.7,-0.14181246038321893,0,0,0,0,-1,1,1.5,1.5
2012-12-02,2012,Granada,Espanol,D,1,2.05,3.4,3.5,1420.9986332888402,1390.3611551126432,30.637478176196964,60.6,81.2,-0.28849343152266016,0,0,0,0,-3,-2,1.5,1.5
2012-12-02,2012,Celta,Levante,D,1,2.0,3.5,3.6,1480.632248523391,1527.959444149291,-47.3271956259,49.1,40.25,0.19436989531012916,0,0,0,0,-1,0,1.5,1.5
2012-12-03,2012,Sevilla,Valladolid,A,0,1.7,3.75,4.75,1509.2871779515015,1490.1653037293815,19.121874222119914,144.8,38.8,1.298368907284166,3,-3,-4,0,-2,1,1.5,1.5
2012-12-07,2012,Espanol,Sevilla,D,1,2.8,3.3,2.5,1395.7496489488594,1489.3367494210154,-93.58710047215595,81.2,144.8,-0.5730805175124232,-3,3,4,0,-2,-2,0.6666666666666666,1.6666666666666667
2012-12-08,2012,Valladolid,Real Madrid,A,0,10.0,6.0,1.25,1510.1157322598676,1789.4208199409159,-279.30508768104824,38.8,582.4,-2.6850061451432294,-10,-4,-1,-3,2,3,1.5,1.5
2012-12-08,2012,Sociedad,Getafe,D,1,1.91,3.3,4.2,1498.4255355765656,1514.8387817082196,-16.413246131653977,74.7,70.95,0.050806727110026983,0,4,6,6,2,1,0.6666666666666666,1.6666666666666667
2012-12-08,2012,Osasuna,Valencia,A,0,2.63,3.3,2.63,1482.8245446933843,1528.3048664240773,-45.48032173069305,44.4,172.9,-1.342968316312935,-4,3,1,1,1,0,1.3333333333333333,1.3333333333333333
2012-12-08,2012,Malaga,Granada,H,2,1.44,4.33,7.0,1528.6456392744058,1415.610139452624,113.03549982178174,122.9,60.6,0.698812918095622,3,-1,-2,-8,-2,-2,1.5,1.5
2012-12-09,2012,Ath Bilbao,Celta,H,2,1.83,3.75,4.0,1475.8329768896526,1478.3754443987089,-2.542467509056223,10.0,49.1,-1.5161257352924484,2,-4,-5,-5,0,-1,1.5,1.5
2012-12-09,2012,Ath Madrid,La Coruna,H,2,1.29,5.5,10.0,1640.494116225811,1429.2940623067525,211.20005391905852,210.0,45.6,1.5102575923444665,0,0,0,0,1,-2,3.0,0.0
2012-12-09,2012,Betis,Barcelona,A,0,9.0,5.5,1.3,1541.2137453860453,1834.013318215061,-292.7995728290157,52.7,586.6,-2.392633442784903,-11,-9,-5,-6,1,5,0.5,2.0
2012-12-09,2012,Levante,Mallorca,H,2,2.0,3.2,4.0,1530.216248273973,1467.9311667565362,62.285081517436765,40.25,62.2,-0.42665318837212185,0,0,0,0,-1,-3,0.6666666666666666,1.6666666666666667
2012-12-10,2012,Vallecano,Zaragoza,A,0,2.25,3.3,3.2,1454.783400607163,1471.6033163402503,-16.819915733087328,47.3,61.0,-0.24970282438656488,0,0,0,0,1,-2,2.0,0.5
2012-12-15,2012,Sevilla,Malaga,A,0,2.1,3.3,3.5,1489.6135851118254,1535.4503666677047,-45.83678155587927,144.8,122.9,0.16276103093946137,0,-2,-2,8,-2,0,1.3333333333333333,1.3333333333333333
2012-12-15,2012,Mallorca,Ath Bilbao,A,0,2.4,3.4,2.8,1459.4688919090024,1486.7323862756039,-27.263494366601435,62.2,10.0,1.7484090283544411,-2,4,5,5,-3,0,1.3333333333333333,1.3333333333333333
2012-12-15,2012,Getafe,Osasuna,D,1,1.95,3.3,4.0,1518.3794629076165,1465.4898725491644,52.8895903584521,70.95,44.4,0.46045932828607405,0,-4,-6,-6,2,1,1.6666666666666667,0.6666666666666666
2012-12-15,2012,Granada,Sociedad,D,1,2.4,3.3,2.88,1408.8054120593251,1494.8848543771687,-86.07944231784359,60.6,74.7,-0.20611628990392905,0,0,0,0,-2,3,1.5,1.5
2012-12-16,2012,Barcelona,Ath Madrid,H,2,1.25,6.0,10.0,1841.450319887265,1644.7811088779101,196.66921100935497,586.6,210.0,1.0241883108236554,11,9,5,6,5,3,3.0,0.0
2012-12-16,2012,Real Madrid,Espanol,D,1,1.1,10.0,17.0,1797.3007689148208,1395.4728132580494,401.82795565677134,582.4,81.2,1.9597177553714866,10,4,1,3,3,-3,3.0,0.0
2012-12-16,2012,Valencia,Vallecano,A,0,1.44,4.33,7.0,1545.6395385682972,1436.2593030702294,109.3802354980678,172.9,47.3,1.2810488607017105,4,-3,-1,-1,0,-1,3.0,0.0
2012-12-16,2012,Zaragoza,Levante,A,0,2.0,3.4,3.75,1490.127413877184,1538.6785231215067,-48.55110924432279,61.0,40.25,0.40748327226440173,0,0,0,0,0,0,2.3333333333333335,0.3333333333333333
2012-12-17,2012,La Coruna,Valladolid,D,1,2.2,3.3,3.25,1425.0070696546534,1502.2357832859627,-77.22871363130935,45.6,38.8,0.15773362884120834,0,0,0,0,-4,0,1.5,1.5
2012-12-17,2012,Celta,Betis,A,0,2.05,3.4,3.5,1467.4760350127576,1533.7767437138411,-66.30070870108352,49.1,52.7,-0.06939199342399993,0,0,0,0,-1,-1,1.5,1.5
2012-12-20,2012,Espanol,La Coruna,H,2,1.8,3.6,4.33,1408.8914441100912,1424.0253594789383,-15.133915368847056,81.2,45.6,0.5675547609305345,0,0,0,0,-2,-3,1.5,1.5
2012-12-20,2012,Vallecano,Levante,H,2,2.25,3.25,3.25,1459.3432357701788,1555.883655590275,-96.5404198200963,47.3,40.25,0.15778044787783685,0,0,0,0,-1,2,1.5,1.5
2012-12-20,2012,Sociedad,Sevilla,H,2,2.38,3.4,2.88,1495.4855317691706,1472.2939321504878,23.191599618682858,74.7,144.8,-0.6554576591311543,-3,3,4,0,2,-2,1.0,2.0
2012-12-21,2012,Ath Madrid,Celta,H,2,1.29,5.5,10.0,1640.177494970742,1451.02566511831,189.151829852432,210.0,49.1,1.4378371253852475,0,0,0,0,1,-1,1.5,1.5
2012-12-21,2012,Valencia,Getafe,H,2,1.67,3.75,5.0,1522.5556058683478,1512.1741545404425,10.381451327905324,172.9,70.95,0.8825089880268608,4,1,5,5,-1,3,2.0,1.0
2012-12-22,2012,Ath Bilbao,Zaragoza,A,0,1.83,3.5,4.2,1504.8275859479643,1472.9222814084155,31.90530453954875,10.0,61.0,-1.729239112246721,2,-4,-5,-5,0,-2,1.0,2.0
2012-12-22,2012,Betis,Mallorca,A,0,1.7,3.6,5.0,1550.2271136082888,1441.373692236642,108.85342137164685,52.7,62.2,-0.16289129963799276,0,0,0,0,1,-3,1.5,1.5
2012-12-22,2012,Malaga,Real Madrid,H,2,5.5,4.1,1.57,1552.7700196290423,1783.882138062779,-231.11211843373667,122.9,582.4,-1.5493982687985248,-7,-5,-3,-11,2,2,0.3333333333333333,2.3333333333333335
2012-12-22,2012,Osasuna,Granada,A,0,1.95,3.3,4.0,1471.6951809163384,1408.2047346673232,63.49044624901512,44.4,60.6,-0.305149765492172,0,0,0,0,0,-3,2.0,0.5
2012-12-22,2012,Valladolid,Barcelona,A,0,13.0,6.0,1.22,1503.2174934616778,1846.0539337944333,-342.8364403327555,38.8,586.6,-2.6921795320093302,-11,-9,-5,-6,0,5,1.5,1.5
2013-01-04,2012,Zaragoza,Betis,A,0,2.2,3.4,3.2,1493.3583854391047,1527.1593325090962,-33.80094706999148,61.0,52.7,0.14372138353027264,0,0,0,0,0,1,0.0,3.0
2013-01-05,2012,La Coruna,Malaga,H,2,3.0,3.4,2.3,1412.618150849723,1573.176352126402,-160.55820127667903,45.6,122.9,-0.9778742475034963,-3,1,2,8,-3,3,2.0,0.5
2013-01-05,2012,Sevilla,Osasuna,H,2,1.53,4.1,6.0,1462.4003173190672,1450.1153654716527,12.284951847414504,144.8,44.4,1.1667237145272553,3,-3,-4,0,-4,-1,1.3333333333333333,1.3333333333333333
2013-01-05,2012,Granada,Valencia,A,0,3.25,3.2,2.25,1429.784550112009,1532.9441737311797,-103.15962361917082,60.6,172.9,-1.037818550820763,-4,3,1,1,-1,-1,0.0,3.0
2013-01-05,2012,Levante,Ath Bilbao,H,2,2.25,3.3,3.2,1541.033012736809,1484.391481917275,56.641530819533955,40.25,10.0,1.3217558399823193,-2,4,5,5,0,0,1.0,2.0
2013-01-06,2012,Barcelona,Espanol,H,2,1.1,10.0,21.0,1851.9985211163744,1420.2986527393066,431.6998683770678,586.6,81.2,1.9668911422375874,11,9,5,6,5,0,2.3333333333333335,0.3333333333333333
2013-01-06,2012,Celta,Valladolid,H,2,1.95,3.3,4.0,1446.2508664270028,1497.2729061397367,-51.022039712733886,49.1,38.8,0.23015409580042734,0,0,0,0,-2,0,1.5,1.5
2013-01-06,2012,Mallorca,Ath Madrid,D,1,3.4,3.4,2.1,1464.4414733358346,1644.952293662049,-180.51082032621434,62.2,210.0,-1.2055538323232549,0,0,0,0,-2,1,1.3333333333333333,1.3333333333333333
2013-01-06,2012,Real Madrid,Sociedad,H,2,1.18,7.0,13.0,1763.4758055654193,1505.3791466005912,258.09665896482807,582.4,74.7,2.0420948969902177,10,4,1,3,0,2,3.0,0.0
2013-01-07,2012,Vallecano,Getafe,H,2,2.2,3.3,3.3,1474.1938786236449,1501.7855866776106,-27.591708053965704,47.3,70.95,-0.3985398726748497,0,4,6,6,1,1,3.0,0.0
2013-01-11,2012,Ath Bilbao,Vallecano,A,0,1.91,3.5,4.0,1475.730450741382,1486.1122483674615,-10.38179762607956,10.0,47.3,-1.4795362878601561,2,-4,-5,-5,-1,1,2.0,0.5
2013-01-12,2012,Valladolid,Mallorca,H,2,2.0,3.4,3.75,1484.3735579862428,1467.8564956990085,16.51706228723424,38.8,62.2,-0.46243738886242003,0,0,0,0,-2,-1,1.5,1.5
2013-01-12,2012,Valencia,Sevilla,H,2,2.1,3.4,3.4,1547.8077655745276,1472.7145974290138,75.0931681455138,172.9,144.8,0.17624460178567958,1,0,3,-1,1,-2,0.0,3.0
2013-01-12,2012,Espanol,Celta,H,2,2.25,3.2,3.3,1418.9559332169829,1459.1502145804968,-40.19428136351394,81.2,49.1,0.4951342939713155,0,0,0,0,0,-2,1.5,1.5
2013-01-12,2012,Osasuna,Real Madrid,D,1,7.0,4.33,1.44,1439.801085361706,1766.863061483543,-327.061976121837,44.4,582.4,-2.5533609523863188,-10,-4,-1,-3,-2,2,1.0,2.0
2013-01-13,2012,Ath Madrid,Zaragoza,H,2,1.29,5.5,10.0,1641.537271298875,1475.534433774284,166.0028375245911,210.0,61.0,1.224723748430975,0,0,0,0,0,0,2.0,1.0
2013-01-13,2012,Betis,Levante,H,2,1.91,3.5,4.0,1544.983284173917,1549.6940439127022,-4.7107597387853275,52.7,40.25,0.2637618887341291,0,0,0,0,1,2,0.0,3.0
2013-01-13,2012,Malaga,Barcelona,A,0,7.0,4.75,1.4,1555.5880033968074,1853.341240638698,-297.7532372418907,122.9,586.6,-1.5565716556646256,-8,-10,-7,-14,1,5,0.0,3.0
2013-01-13,2012,Sociedad,La Coruna,D,1,1.75,3.5,4.75,1501.9918906824673,1430.2064995793176,71.78539110314978,74.7,45.6,0.48517761931180337,0,0,0,0,1,-2,1.5,1.5
2013-01-14,2012,Getafe,Granada,D,1,1.83,3.5,4.33,1489.867216933794,1414.920958268661,74.94625866513297,70.95,60.6,0.15530956279390207,0,-4,-6,-6,-1,-1,1.5,1.5
2013-01-18,2012,Espanol,Mallorca,H,2,2.0,3.4,3.75,1431.3991161752547,1457.7064676607743,-26.307351485519575,81.2,62.2,0.2628510009093228,0,0,0,0,1,-2,1.0,2.0
2013-01-19,2012,Sociedad,Barcelona,H,2,10.0,5.5,1.29,1495.1259138612838,1860.6198932034147,-365.49397934213084,74.7,586.6,-2.0492682838563185,-11,-9,-5,-6,0,5,0.3333333333333333,2.3333333333333335
2013-01-19,2012,Malaga,Celta,D,1,1.62,3.75,5.5,1548.3093508320908,1446.707031622225,101.60231920986575,122.9,49.1,0.9054537805442773,3,-1,-2,-8,1,-3,3.0,0.0
2013-01-19,2012,Granada,Vallecano,H,2,2.15,3.3,3.4,1421.8943583472912,1504.8977914164022,-83.003433069111,60.6,47.3,0.24323030988094763,0,0,0,0,-1,3,0.0,3.0
2013-01-19,2012,Getafe,Sevilla,D,1,2.7,3.25,2.6,1482.8938168551638,1464.6929683244264,18.200848530737403,70.95,144.8,-0.7062643862411813,-3,-1,-2,-6,-2,-2,1.0,2.0
2013-01-20,2012,Valencia,Real Madrid,A,0,4.5,3.75,1.75,1555.829394679115,1758.2523689226464,-202.42297424353137,172.9,582.4,-1.2103926360733839,-6,-7,-2,-4,3,1,0.6666666666666666,1.6666666666666667
2013-01-20,2012,Valladolid,Zaragoza,H,2,2.0,3.4,3.75,1494.523586024477,1470.2000437484621,24.323542276014905,38.8,61.0,-0.4432674727546999,0,0,0,0,-2,-1,3.0,0.0
2013-01-20,2012,Ath Madrid,Levante,H,2,1.3,5.5,9.0,1646.871661324697,1538.7078708510467,108.16379047365035,210.0,40.25,1.6322070206953767,0,0,0,0,2,1,1.3333333333333333,1.3333333333333333
2013-01-20,2012,Osasuna,La Coruna,H,2,2.0,3.4,3.75,1448.4117779226028,1437.072476400501,11.339301522101778,44.4,45.6,-0.026088436084297673,0,0,0,0,-3,-1,0.6666666666666666,1.6666666666666667
2013-01-21,2012,Betis,Ath Bilbao,D,1,1.91,3.5,4.0,1555.9694572355725,1456.9449076924411,99.02454954313134,52.7,10.0,1.5855177287164484,-2,4,5,5,1,-1,3.0,0.0
2013-01-26,2012,Zaragoza,Espanol,D,1,2.05,3.4,3.5,1460.3495872757267,1443.2644166855819,17.0851705901448,61.0,81.2,-0.2820209170170429,0,0,0,0,-3,2,3.0,0.0
2013-01-26,2012,Levante,Valladolid,H,2,2.0,3.4,3.75,1531.7544687013215,1504.3740424972125,27.38042620410897,40.25,38.8,0.03578420049029818,0,0,0,0,-1,0,0.0,3.0
2013-01-26,2012,Celta,Sociedad,D,1,2.2,3.4,3.2,1454.5498267781736,1519.7786645279346,-65.22883774976094,49.1,74.7,-0.41275715235258437,0,0,0,0,-2,1,0.0,3.0
2013-01-26,2012,La Coruna,Valencia,A,0,2.88,3.2,2.5,1426.7213220079486,1545.1275544650548,-118.40623245710617,45.6,172.9,-1.3168798802286372,-4,3,1,1,-1,1,0.3333333333333333,2.3333333333333335
2013-01-27,2012,Barcelona,Osasuna,H,2,1.07,11.0,29.0,1835.967142536764,1458.7629323151552,377.2042102216087,586.6,44.4,2.5605343392524196,11,9,5,6,3,-1,2.0,1.0
2013-01-27,2012,Ath Bilbao,Ath Madrid,H,2,3.0,3.25,2.38,1464.7065224340438,1653.8250634744222,-189.11854104037843,10.0,210.0,-2.953962860677696,2,-4,-5,-5,-2,2,1.0,2.0
2013-01-27,2012,Vallecano,Betis,H,2,2.25,3.3,3.2,1490.6310073867303,1548.2078424939698,-57.5768351072395,47.3,52.7,-0.10598144085629224,0,0,0,0,3,2,3.0,0.0
2013-01-27,2012,Real Madrid,Getafe,H,2,1.14,7.5,17.0,1768.9542091367066,1477.9788521078688,290.97535702883783,582.4,70.95,2.0929016241002447,10,8,7,9,1,-2,2.0,1.0
2013-01-27,2012,Mallorca,Malaga,A,0,3.0,3.2,2.4,1445.841167150447,1540.4665556761422,-94.62538852569514,62.2,122.9,-0.6731704874822846,-3,1,2,8,-2,0,0.3333333333333333,2.3333333333333335
2013-01-28,2012,Sevilla,Granada,H,2,1.4,4.4,8.0,1469.6079330717214,1436.1611423769632,33.44679069475819,144.8,60.6,0.8615739490350833,3,-3,-4,0,-2,1,1.3333333333333333,1.3333333333333333
2013-02-01,2012,Valladolid,Ath Bilbao,D,1,2.5,3.25,2.8,1494.639654416437,1483.4718599858238,11.167794430613185,38.8,10.0,1.285971639492021,-2,4,5,5,-1,-2,0.0,3.0
2013-02-02,2012,Espanol,Levante,H,2,2.1,3.2,3.6,1448.136340075649,1541.488856782097,-93.35251670644789,81.2,40.25,0.6895041892814446,0,0,0,0,2,-1,0.0,3.0
2013-02-02,2012,Getafe,La Coruna,H,2,2.05,3.25,3.75,1475.1200111389292,1412.515240342527,62.604770796402136,70.95,45.6,0.4343708922017764,0,-4,-6,-6,-3,-2,1.6666666666666667,0.6666666666666666
2013-02-02,2012,Granada,Real Madrid,H,2,9.0,5.0,1.33,1426.6549637637122,1771.8130501056462,-345.158086341934,60.6,582.4,-2.248211186894147,-10,-4,-1,-3,0,2,0.0,3.0
2013-02-02,2012,Osasuna,Celta,H,2,2.0,3.3,3.75,1456.9552572528448,1453.053626959177,3.901630293667722,44.4,49.1,-0.09850890304351667,0,0,0,0,-2,-1,0.0,3.0
2013-02-03,2012,Sociedad,Mallorca,H,2,1.7,3.75,4.75,1521.274864346931,1430.6091450280041,90.6657193189269,74.7,62.2,0.18047385929059168,0,0,0,0,1,-2,1.0,2.0
2013-02-03,2012,Valencia,Barcelona,D,1,7.0,4.33,1.44,1559.3336361304764,1837.7748175990744,-278.44118146859796,172.9,586.6,-1.2175660229394847,-7,-12,-6,-7,3,3,0.3333333333333333,2.3333333333333335
2013-02-03,2012,Malaga,Zaragoza,D,1,1.53,4.0,6.0,1555.6985777985851,1455.4776638856595,100.22091391292565,122.9,61.0,0.6923404035900047,3,-1,-2,-8,0,-2,2.3333333333333335,0.3333333333333333
2013-02-03,2012,Ath Madrid,Betis,H,2,1.44,4.33,7.0,1635.0597259226422,1535.0303493022047,100.02937662043746,210.0,52.7,1.3684451319612476,0,0,0,0,2,0,1.3333333333333333,1.3333333333333333
2013-02-03,2012,Sevilla,Vallecano,H,2,1.5,4.33,6.0,1479.1141116849724,1503.8085005784953,-24.694388893522955,144.8,47.3,1.104804258916031,3,-3,-4,0,0,3,1.3333333333333333,1.3333333333333333
2013-02-09,2012,Mallorca,Osasuna,D,1,2.1,3.3,3.5,1423.1032249529176,1467.5985721132952,-44.495347160377605,62.2,44.4,0.33079219610550936,0,0,0,0,-4,0,1.0,1.0
2013-02-09,2012,Levante,Malaga,A,0,2.5,3.25,2.8,1526.775816690835,1547.8992086336718,-21.12339194283686,40.25,122.9,-1.0998236758544064,-3,1,2,8,-1,-1,1.0,2.0
2013-02-09,2012,Real Madrid,Sevilla,H,2,1.36,5.0,7.5,1747.6941905727747,1490.9128812668134,256.78130930596126,582.4,144.8,1.3866372378590635,7,7,5,3,2,2,2.0,1.0
2013-02-09,2012,Celta,Valencia,A,0,2.63,3.3,2.63,1442.4103120987268,1566.4247588797891,-124.01444678106236,49.1,172.9,-1.2444594132694182,-4,3,1,1,-1,2,0.0,3.0
2013-02-09,2012,La Coruna,Granada,A,0,2.0,3.3,3.8,1404.064141207327,1450.7738232965837,-46.7096820892566,45.6,60.6,-0.2790613294078743,0,0,0,0,-2,0,1.0,1.0
2013-02-10,2012,Vallecano,Ath Madrid,H,2,3.5,3.3,2.1,1492.0097309966543,1642.2663921517224,-150.25666115506806,47.3,210.0,-1.4744265728175399,0,0,0,0,1,2,0.0,3.0
2013-02-10,2012,Ath Bilbao,Espanol,A,0,1.73,3.6,4.75,1488.114011237897,1462.849380166911,25.26463107098607,10.0,81.2,-2.011260029263764,2,-4,-5,-5,-1,2,0.6666666666666666,1.6666666666666667
2013-02-10,2012,Zaragoza,Sociedad,A,0,2.4,3.3,2.88,1463.2770330505728,1528.7807844220176,-65.50375137144488,61.0,74.7,-0.1996437753983118,0,0,0,0,-3,1,1.0,2.0
2013-02-10,2012,Barcelona,Getafe,H,2,1.09,10.0,21.0,1830.6836948497617,1483.571110274129,347.1125845756326,586.6,70.95,2.1000750109663455,11,13,11,12,2,-1,2.0,1.0
2013-02-11,2012,Betis,Valladolid,D,1,1.83,3.5,4.33,1527.8236830731246,1489.9975031643637,37.82617990876088,52.7,38.8,0.29954608922442727,0,0,0,0,0,0,3.0,0.0
2013-02-15,2012,Sevilla,La Coruna,H,2,1.36,4.75,8.0,1487.5028069051973,1386.7812873615592,100.72151954363812,144.8,45.6,1.1406352784429576,3,-3,-4,0,0,-4,1.6666666666666667,0.6666666666666666
2013-02-16,2012,Getafe,Celta,H,2,2.1,3.3,3.5,1481.4457716318152,1428.4454511896704,53.00032044214481,70.95,49.1,0.3619504252425574,0,-4,-6,-6,-1,-3,0.0,3.0
2013-02-16,2012,Granada,Barcelona,A,0,10.0,6.0,1.25,1468.0566771423516,1832.8090334920755,-364.75235634972387,60.6,586.6,-2.2553845737602476,-11,-9,-5,-6,2,2,0.0,3.0
2013-02-16,2012,Malaga,Ath Bilbao,H,2,1.8,3.75,4.2,1566.2472622032699,1467.9286595599963,98.3186026432736,122.9,10.0,2.4215795158367257,1,3,3,-3,1,-1,1.3333333333333333,1.3333333333333333
2013-02-16,2012,Osasuna,Zaragoza,H,2,1.91,3.3,4.2,1469.974720439943,1446.7925850426586,23.182135397284355,44.4,61.0,-0.31162227999778924,0,0,0,0,1,-3,1.3333333333333333,1.3333333333333333
2013-02-17,2012,Real Madrid,Vallecano,H,2,1.18,7.5,12.0,1751.1042649343908,1509.1644779630963,241.93978697129455,582.4,47.3,2.4914414967750944,10,4,1,3,2,1,3.0,0.0
2013-02-17,2012,Espanol,Betis,H,2,2.0,3.3,3.8,1483.0347318448119,1522.1669119514027,-39.132180106590795,81.2,52.7,0.42574230054731554,0,0,0,0,4,-1,1.3333333333333333,1.3333333333333333
2013-02-17,2012,Sociedad,Levante,D,1,1.67,3.8,5.0,1545.2652324299318,1508.427763121237,36.837469308694835,74.7,40.25,0.6071270476627135,0,0,0,0,3,-3,0.0,3.0
2013-02-17,2012,Valladolid,Ath Madrid,A,0,3.75,3.4,2.0,1495.6542742860856,1625.1116451852804,-129.45737089919476,38.8,210.0,-1.6679912211856749,0,0,0,0,1,1,0.0,3.0
2013-02-17,2012,Valencia,Mallorca,H,2,1.4,4.75,7.5,1580.3896197888455,1420.7270766262698,159.66254316257573,172.9,62.2,1.0121761202074255,4,-3,-1,-1,2,-4,0.6666666666666666,1.6666666666666667
2013-02-22,2012,Ath Bilbao,Sociedad,A,0,2.25,3.4,3.1,1460.6679330504876,1539.6451158850978,-78.97718283461018,10.0,74.7,-1.9288828876450328,2,-4,-5,-5,-1,3,2.0,1.0
2013-02-23,2012,Barcelona,Sevilla,H,2,1.18,7.0,13.0,1838.1750677629398,1494.6876798524954,343.48738791044434,586.6,144.8,1.3938106247251643,8,12,9,6,2,2,2.3333333333333335,0.3333333333333333
2013-02-23,2012,La Coruna,Real Madrid,A,0,8.5,5.0,1.33,1379.596414414261,1754.7812076319062,-375.18479321764516,45.6,582.4,-2.527272516302021,-10,-4,-1,-3,-5,3,0.3333333333333333,2.3333333333333335
2013-02-23,2012,Mallorca,Getafe,A,0,2.2,3.2,3.4,1415.2307261874903,1490.2365013235928,-75.00577513610256,62.2,70.95,-0.1296671321805647,0,4,6,6,-4,0,1.0,2.0
2013-02-23,2012,Zaragoza,Valencia,D,1,3.2,3.2,2.3,1436.8986089574933,1585.885970227625,-148.98736127013171,61.0,172.9,-1.0313460363151457,-4,3,1,1,-3,2,1.0,2.0
2013-02-24,2012,Vallecano,Valladolid,A,0,1.75,3.5,4.75,1505.4875352655808,1481.9230125593483,23.564522706232538,47.3,38.8,0.19356464836813503,0,0,0,0,-1,-1,0.0,3.0
2013-02-24,2012,Celta,Granada,H,2,1.83,3.4,4.5,1419.6547214978928,1462.6906428714874,-43.03592137359465,49.1,60.6,-0.20664086244865532,0,0,0,0,-3,1,0.0,3.0
2013-02-24,2012,Ath Madrid,Espanol,H,2,1.36,4.75,8.0,1638.8429069120177,1495.4334158244824,143.40949108753534,210.0,81.2,0.9427028314139321,0,0,0,0,1,4,2.0,1.0
2013-02-24,2012,Betis,Malaga,H,2,2.5,3.25,2.8,1509.7682279717321,1573.5079887127786,-63.73976074104644,52.7,122.9,-0.8360617871202773,-3,1,2,8,-3,3,1.3333333333333333,1.3333333333333333
2013-02-25,2012,Levante,Osasuna,A,0,1.91,3.4,4.0,1514.047879666071,1479.8686965251084,34.17918314096255,40.25,44.4,-0.09586099226661249,0,0,0,0,-2,2,0.0,3.0
2013-03-01,2012,Getafe,Zaragoza,H,2,1.91,3.4,4.0,1506.3137310854922,1438.9996587154965,67.31407236999576,70.95,61.0,0.1488370482882848,0,-4,-6,-6,1,-2,1.3333333333333333,1.3333333333333333
2013-03-02,2012,La Coruna,Vallecano,D,1,2.3,3.3,3.1,1374.489908141054,1485.3669207856556,-110.87701264460156,45.6,47.3,-0.03583101952692669,0,0,0,0,-5,-1,0.0,3.0
2013-03-02,2012,Osasuna,Ath Bilbao,A,0,2.3,3.25,3.1,1500.3898750963806,1444.7614111481898,55.628463948190756,44.4,10.0,1.4176168322489318,-2,4,5,5,2,-2,1.0,2.0
2013-03-02,2012,Real Madrid,Barcelona,H,2,2.88,3.6,2.3,1759.8877139051133,1840.3419873931098,-80.45427348799649,582.4,586.6,-0.007173386866100806,-1,-5,-4,-3,3,4,1.3333333333333333,1.3333333333333333
2013-03-02,2012,Valencia,Levante,D,1,1.5,4.2,6.5,1583.7849204696217,1493.5267010947987,90.25821937482306,172.9,40.25,1.4388293085795474,4,-3,-1,-1,3,-2,1.3333333333333333,1.3333333333333333
2013-03-03,2012,Sociedad,Betis,D,1,1.75,3.6,4.75,1555.5516377873955,1523.208406751362,32.34323103603356,74.7,52.7,0.34336515892858444,0,0,0,0,3,-2,1.3333333333333333,1.3333333333333333
2013-03-03,2012,Malaga,Ath Madrid,D,1,2.8,3.3,2.5,1560.0678099331487,1644.7717859247437,-84.70397599159492,122.9,210.0,-0.5323833448409703,3,-1,-2,-8,2,1,0.3333333333333333,2.3333333333333335
2013-03-03,2012,Espanol,Valladolid,D,1,1.83,3.4,4.5,1489.5045368117565,1502.0436270392736,-12.539090227517136,81.2,38.8,0.7252883897717428,0,0,0,0,2,-1,1.0,1.0
2013-03-03,2012,Granada,Mallorca,A,0,2.05,3.25,3.75,1450.1281773508658,1399.153496425591,50.974680925274924,60.6,62.2,-0.025642430613337375,0,0,0,0,-1,-4,1.6666666666666667,0.6666666666666666
2013-03-04,2012,Sevilla,Celta,H,2,1.44,4.2,7.5,1492.5207602223254,1432.2171870185143,60.303573203811084,144.8,49.1,1.0682148114837386,3,-3,-4,0,1,-2,0.0,3.0
2013-03-08,2012,Betis,Osasuna,H,2,1.91,3.4,4.0,1528.6609268841516,1479.0868770505624,49.57404983358924,52.7,44.4,0.1679008964675166,0,0,0,0,-1,2,1.3333333333333333,1.3333333333333333
2013-03-09,2012,Barcelona,La Coruna,H,2,1.11,9.0,19.0,1826.1849551348032,1374.9593531677554,451.22560196704785,586.6,45.6,2.534445903168122,11,9,5,6,2,-4,2.3333333333333335,0.3333333333333333
2013-03-09,2012,Mallorca,Sevilla,H,2,3.1,3.3,2.3,1420.2901240742444,1501.0525044571752,-80.76238038293081,62.2,144.8,-0.835931518421746,-3,3,4,0,-2,1,0.3333333333333333,2.3333333333333335
2013-03-09,2012,Valladolid,Malaga,D,1,2.38,3.25,3.0,1505.7418285198014,1559.4078538222573,-53.666025302455864,38.8,122.9,-1.1356078763447046,-3,1,2,8,0,1,0.0,3.0
2013-03-09,2012,Vallecano,Espanol,H,2,1.91,3.4,4.0,1484.8974757589542,1485.8063353312286,-0.908859572274423,47.3,81.2,-0.5317237414036078,0,0,0,0,-2,2,0.0,3.0
2013-03-10,2012,Celta,Real Madrid,A,0,6.5,4.5,1.45,1423.6854427836645,1774.0447461634199,-350.3593033797554,49.1,582.4,-2.454852049342802,-10,-4,-1,-3,-3,3,0.0,3.0
2013-03-10,2012,Ath Bilbao,Valencia,H,2,2.5,3.4,2.7,1466.064409194008,1576.3040501100497,-110.23964091604171,10.0,172.9,-2.7605851485618667,-2,-1,-4,-4,-2,2,0.3333333333333333,2.3333333333333335
2013-03-10,2012,Ath Madrid,Sociedad,A,0,1.5,4.33,6.0,1645.4317420356351,1550.0991176546058,95.33262438102929,210.0,74.7,1.0250799730326632,0,0,0,0,2,3,2.3333333333333335,0.3333333333333333
2013-03-10,2012,Levante,Getafe,D,1,2.1,3.4,3.5,1501.0075714543707,1514.601246403615,-13.59367494924436,40.25,70.95,-0.5563203205526865,0,4,6,6,-3,3,1.3333333333333333,1.3333333333333333
2013-03-11,2012,Zaragoza,Granada,D,1,2.1,3.25,3.6,1430.7121433973737,1428.9915497022123,1.7205936951613694,61.0,60.6,0.006472514505617255,0,0,0,0,-3,-1,2.0,1.0
2013-03-15,2012,La Coruna,Celta,H,2,2.25,3.4,3.1,1373.753644482813,1417.9445807918528,-44.1909363090399,45.6,49.1,-0.072420466959219,0,0,0,0,-4,-3,1.0,1.0
2013-03-16,2012,Real Madrid,Mallorca,H,2,1.13,9.0,17.0,1779.7856081552316,1434.4604170233852,345.3251911318464,582.4,62.2,2.2225687562808094,10,4,1,3,5,0,3.0,0.0
2013-03-16,2012,Getafe,Ath Bilbao,H,2,2.3,3.4,3.0,1518.2566534679313,1481.506362075976,36.750291391955216,70.95,10.0,1.8780761605350058,-2,0,-1,-1,2,-1,1.6666666666666667,0.6666666666666666
2013-03-16,2012,Sociedad,Valladolid,H,2,1.62,3.8,5.5,1572.7433750746766,1503.753205206993,68.99016986768356,74.7,38.8,0.6429112481530117,0,0,0,0,3,0,1.0,1.0
2013-03-16,2012,Valencia,Betis,H,2,1.62,3.8,5.5,1560.8620972280817,1537.5747313751376,23.28736585294405,172.9,52.7,1.1750674198454183,4,-3,-1,-1,1,1,1.0,2.0
2013-03-17,2012,Sevilla,Zaragoza,H,2,1.4,4.5,8.0,1486.8822115080345,1426.441834069229,60.440377438805626,144.8,61.0,0.8551014345294661,3,-3,-4,0,-1,-3,2.0,1.0
2013-03-17,2012,Osasuna,Ath Madrid,A,0,3.4,3.3,2.15,1470.1730725595764,1622.7874846155644,-152.61441205598794,44.4,210.0,-1.5363460284287642,0,0,0,0,0,0,0.3333333333333333,2.3333333333333335
2013-03-17,2012,Barcelona,Vallecano,H,2,1.11,9.0,21.0,1827.3906638197457,1495.7317116558854,331.65895216386025,586.6,47.3,2.498614883641195,11,9,5,6,3,0,3.0,0.0
2013-03-17,2012,Granada,Levante,D,1,1.91,3.3,4.2,1433.261859030357,1497.3521643900544,-64.09030535969737,60.6,40.25,0.4010107577587845,0,0,0,0,-2,-2,1.0,2.0
2013-03-17,2012,Malaga,Espanol,A,0,1.91,3.3,4.2,1561.3964771350657,1474.9720994342974,86.42437770076822,122.9,81.2,0.4103194865729618,3,-1,-2,-8,1,0,2.3333333333333335,0.3333333333333333
2013-03-30,2012,Zaragoza,Real Madrid,D,1,7.5,4.75,1.4,1417.9148970634383,1781.9313552659535,-364.0164582025152,61.0,582.4,-2.2417386723885295,-10,-4,-1,-3,-3,5,0.0,3.0
2013-03-30,2012,Vallecano,Malaga,A,0,1.85,3.4,4.33,1493.4238532346376,1539.0406408046606,-45.61678757002301,47.3,122.9,-0.9420432279765696,-3,1,2,8,-2,-1,2.0,1.0
2013-03-30,2012,Celta,Barcelona,D,1,8.0,5.0,1.36,1405.333540016888,1829.6985222409935,-424.36498222410546,49.1,586.6,-2.462025436208903,-11,-9,-5,-6,-3,3,0.0,3.0
2013-03-30,2012,Levante,Sevilla,H,2,3.4,3.2,2.2,1498.8970134711894,1495.4091485138251,3.487864957364309,40.25,144.8,-1.2625847067938678,-3,3,4,0,-1,1,1.6666666666666667,0.6666666666666666
2013-03-31,2012,Ath Madrid,Valencia,D,1,1.73,3.6,4.75,1635.5331444861267,1570.752056994634,64.78108749149283,210.0,172.9,0.19337771211582933,-4,3,1,1,2,1,0.3333333333333333,2.3333333333333335
2013-03-31,2012,Espanol,Sociedad,D,1,2.7,3.3,2.6,1497.3279357647025,1580.9731436260001,-83.64520786129765,81.2,74.7,0.08237714161873111,0,0,0,0,0,3,1.6666666666666667,0.6666666666666666
2013-03-31,2012,Mallorca,La Coruna,A,0,1.91,3.5,4.0,1432.3146699126632,1386.3646852577776,45.94998465488561,62.2,45.6,0.3047037600212117,0,0,0,0,-1,-2,0.3333333333333333,2.3333333333333335
2013-03-31,2012,Valladolid,Osasuna,A,0,2.1,3.2,3.6,1495.5234366556695,1457.427412689014,38.096023966655366,38.8,44.4,-0.13164519275691067,0,0,0,0,-1,-1,3.0,0.0
2013-04-01,2012,Ath Bilbao,Granada,H,2,1.73,3.6,4.75,1472.1232429054603,1431.717009949222,40.40623295623823,10.0,60.6,-1.7227665977411037,2,-4,-5,-5,-1,-3,1.3333333333333333,1.3333333333333333
2013-04-01,2012,Betis,Getafe,D,1,1.83,3.6,4.2,1527.6847716085854,1527.639772638447,0.04499897013829468,52.7,70.95,-0.29255843181855745,0,4,6,6,0,4,1.3333333333333333,1.3333333333333333
2013-04-05,2012,Granada,Betis,A,0,2.3,3.3,3.1,1422.4690606899119,1523.481031371736,-101.0119706818241,60.6,52.7,0.13724886902465538,0,0,0,0,-3,1,2.0,1.0
2013-04-06,2012,La Coruna,Zaragoza,H,2,1.95,3.5,3.75,1407.3196251421753,1427.5301718811058,-20.21054673893059,45.6,61.0,-0.28553384391349157,0,0,0,0,0,-2,0.3333333333333333,2.3333333333333335
2013-04-06,2012,Barcelona,Mallorca,H,2,1.17,7.0,15.0,1818.7145210224908,1411.3597300282656,407.35479099422514,586.6,62.2,2.22974214314691,11,9,5,6,2,-1,3.0,0.0
2013-04-06,2012,Real Madrid,Levante,H,2,1.14,8.0,15.0,1772.316080448286,1509.556690711991,262.7593897362949,582.4,40.25,2.6492219446529313,10,4,1,3,4,0,2.0,1.0
2013-04-06,2012,Sociedad,Malaga,H,2,1.67,3.75,5.0,1581.6787156901898,1556.3695636221419,25.30915206804798,74.7,122.9,-0.4926966281916929,-3,1,2,8,3,-1,2.3333333333333335,0.3333333333333333
2013-04-07,2012,Celta,Vallecano,A,0,2.0,3.5,3.6,1416.3175412353908,1476.0949304171563,-59.77738918176556,49.1,47.3,0.03658944743229231,0,0,0,0,-2,-2,0.0,3.0
2013-04-07,2012,Getafe,Ath Madrid,D,1,3.6,3.5,2.0,1531.8435128752965,1628.9084027864178,-97.06488991112133,70.95,210.0,-1.0758867001426902,0,-4,-6,-6,3,1,1.0,2.0
2013-04-07,2012,Osasuna,Espanol,A,0,2.0,3.3,3.8,1478.094174132006,1496.6223637005128,-18.528189568506832,44.4,81.2,-0.5936431970148321,0,0,0,0,-1,-1,3.0,0.0
2013-04-07,2012,Valencia,Valladolid,H,2,1.4,4.33,8.5,1577.3767986943428,1474.8566752126776,102.52012348166522,172.9,38.8,1.4746135090698456,4,-3,-1,-1,0,-1,1.0,1.0
2013-04-08,2012,Sevilla,Ath Bilbao,H,2,1.57,3.8,6.0,1484.7494712730236,1481.3711921647705,3.378279108253082,144.8,10.0,2.584340546776187,1,1,1,5,-1,1,0.0,3.0
2013-04-12,2012,Betis,Sevilla,D,1,2.5,3.4,2.7,1538.4373412089158,1495.4134839851308,43.023857223784944,52.7,144.8,-0.9988228180597387,-3,3,4,0,1,1,1.3333333333333333,1.3333333333333333
2013-04-13,2012,Valladolid,Getafe,H,2,2.3,3.2,3.2,1467.7282229452135,1531.7167970009275,-63.988574055714025,38.8,70.95,-0.5921045210429847,0,4,6,6,-3,2,0.0,3.0
2013-04-13,2012,Levante,La Coruna,A,0,2.2,3.3,3.3,1506.249252210579,1418.9341463452045,87.31510586537456,40.25,45.6,-0.12194942835091016,0,0,0,0,0,2,2.0,1.0
2013-04-13,2012,Espanol,Valencia,D,1,3.1,3.3,2.3,1515.0766999796285,1584.505250961807,-69.42855098217842,81.2,172.9,-0.7493251192981027,-4,3,1,1,1,1,1.0,2.0
2013-04-13,2012,Malaga,Osasuna,H,2,2.0,3.4,3.75,1546.5566076537903,1459.6398378528902,86.91676980090006,122.9,44.4,1.003962683587794,3,-1,-2,-8,-1,-3,1.0,1.0
2013-04-14,2012,Ath Bilbao,Real Madrid,A,0,7.0,4.5,1.44,1470.7071794526632,1775.6235189496979,-304.91633949703464,10.0,582.4,-3.9709777846352505,-8,-8,-6,-8,1,4,0.0,3.0
2013-04-14,2012,Ath Madrid,Granada,H,2,1.36,4.75,8.5,1629.0351186607868,1407.512750852732,221.5223678080547,210.0,60.6,1.2311962629365922,0,0,0,0,0,-3,2.3333333333333335,0.3333333333333333
2013-04-14,2012,Vallecano,Sociedad,A,0,2.5,3.4,2.7,1492.823763341297,1591.4916716585415,-98.66790831724438,47.3,74.7,-0.4493465997848767,0,0,0,0,0,3,1.0,2.0
2013-04-14,2012,Zaragoza,Barcelona,A,0,7.5,4.75,1.4,1415.9156506780766,1820.2489035064712,-404.3332528283945,61.0,586.6,-2.2489120592546303,-11,-9,-5,-6,-3,2,0.0,3.0
2013-04-15,2012,Mallorca,Celta,H,2,2.05,3.4,3.5,1409.8253475442853,1399.58870831125,10.236639233035248,62.2,49.1,0.2322832930619927,0,0,0,0,-1,-4,1.0,1.0
2013-04-19,2012,Mallorca,Vallecano,D,1,2.2,3.5,3.1,1420.2195772771638,1477.7662526021406,-57.54667532497683,62.2,47.3,0.268872740494285,0,0,0,0,-1,-1,2.0,1.0
2013-04-20,2012,Real Madrid,Betis,H,2,1.25,6.0,10.0,1782.6772789987072,1532.5891763690956,250.0881026296115,582.4,52.7,2.385460055918802,10,4,1,3,4,1,2.0,1.0
2013-04-20,2012,Barcelona,Levante,H,2,1.2,6.5,13.0,1824.6831990220007,1483.8642447057193,340.8189543162814,586.6,40.25,2.656395331519032,11,9,5,6,4,-1,3.0,0.0
2013-04-20,2012,Valencia,Malaga,H,2,1.57,3.8,6.0,1585.8217306342651,1554.1846364930689,31.637094141196258,172.9,122.9,0.33900563272514095,1,-2,1,7,1,0,1.0,2.0
2013-04-20,2012,Granada,Valladolid,D,1,2.1,3.25,3.6,1403.4394919828653,1481.1790284884082,-77.7395365055429,60.6,38.8,0.43679495824908265,0,0,0,0,-3,-2,0.0,3.0
2013-04-21,2012,Sevilla,Ath Madrid,A,0,2.4,3.3,2.88,1501.261648824951,1633.1083775306536,-131.84672870570262,144.8,210.0,-0.3696223139015089,3,-3,-4,0,0,1,0.6666666666666666,1.6666666666666667
2013-04-21,2012,Osasuna,Sociedad,D,1,2.88,3.3,2.4,1452.0118090136116,1606.549182397698,-154.53737338408632,44.4,74.7,-0.511266055396101,0,0,0,0,-3,4,1.6666666666666667,0.6666666666666666
2013-04-21,2012,Getafe,Espanol,A,0,2.2,3.2,3.4,1518.2659914577328,1513.7602203071704,4.505771150562396,70.95,81.2,-0.1331838687287581,0,-4,-6,-6,0,1,1.3333333333333333,1.3333333333333333
2013-04-21,2012,La Coruna,Ath Bilbao,D,1,2.1,3.4,3.4,1441.3191538500641,1463.653419403654,-22.33426555358983,45.6,10.0,1.4437052683332294,-2,4,5,5,3,-1,2.3333333333333335,0.3333333333333333
2013-04-22,2012,Celta,Zaragoza,H,2,2.0,3.3,3.8,1389.1944785783714,1411.481355162547,-22.286876584175616,49.1,61.0,-0.21311337695427257,0,0,0,0,-4,-3,3.0,0.0
2013-04-26,2012,Vallecano,Osasuna,D,1,1.75,3.5,4.75,1479.5900422772056,1454.3472266042838,25.24281567292178,47.3,44.4,0.06191945561122436,0,0,0,0,-2,-2,1.3333333333333333,1.3333333333333333
2013-04-27,2012,Zaragoza,Mallorca,H,2,2.1,3.3,3.5,1399.7816440721915,1418.3957876020988,-18.614143529907324,61.0,62.2,-0.01916991610772012,0,0,0,0,-4,-2,0.3333333333333333,2.3333333333333335
2013-04-27,2012,Ath Bilbao,Barcelona,D,1,4.75,4.0,1.67,1466.951761349749,1826.8812035486976,-359.92944219894866,10.0,586.6,-3.9781511715013513,-9,-13,-10,-11,-2,4,0.3333333333333333,2.3333333333333335
2013-04-27,2012,Ath Madrid,Real Madrid,A,0,2.63,3.5,2.5,1646.7372815479082,1786.2055508337228,-139.46826928581459,210.0,582.4,-1.0170149239575546,-10,-4,-1,-3,3,4,0.0,3.0
2013-04-27,2012,Levante,Celta,A,0,2.05,3.3,3.6,1481.6662401790225,1400.894189668727,80.77205051029546,40.25,49.1,-0.19436989531012916,0,0,0,0,-2,-2,1.0,1.0
2013-04-28,2012,Espanol,Granada,A,0,1.95,3.5,3.8,1533.1407759087933,1402.4797434357774,130.6610324730159,81.2,60.6,0.28849343152266016,0,0,0,0,3,-3,1.3333333333333333,1.3333333333333333
2013-04-28,2012,Valladolid,Sevilla,D,1,3.0,3.4,2.3,1482.138777035496,1487.6327448076963,-5.493967772200222,38.8,144.8,-1.298368907284166,-3,3,4,0,-2,0,3.0,0.0
2013-04-28,2012,Malaga,Getafe,H,2,1.67,3.75,5.0,1544.6106789843063,1498.8854358561098,45.72524312819655,122.9,70.95,0.5435033553017199,3,3,4,-2,-1,-1,2.0,1.0
2013-04-28,2012,Sociedad,Valencia,H,2,2.25,3.4,3.1,1604.2137648070257,1595.3956881430277,8.818076663998,74.7,172.9,-0.8317022609168339,-4,3,1,1,3,3,3.0,0.0
2013-04-29,2012,Betis,La Coruna,D,1,1.91,3.6,3.8,1529.06090453408,1438.0208119039692,91.04009263011085,52.7,45.6,0.14181246038321893,0,0,0,0,-1,4,3.0,0.0
2013-05-03,2012,Celta,Ath Bilbao,D,1,2.4,3.4,2.8,1423.0632062827237,1476.4623049736217,-53.39909869089797,49.1,10.0,1.5161257352924484,-2,4,5,5,0,-1,0.0,3.0
2013-05-04,2012,Granada,Malaga,H,2,2.5,3.3,2.8,1426.1939967680864,1553.663914840945,-127.46991807285849,60.6,122.9,-0.698812918095622,-3,1,2,8,-2,1,1.0,2.0
2013-05-04,2012,La Coruna,Ath Madrid,D,1,3.4,3.4,2.1,1445.5270139212555,1633.433971559156,-187.9069576379004,45.6,210.0,-1.5102575923444665,0,0,0,0,3,1,0.0,3.0
2013-05-04,2012,Real Madrid,Valladolid,H,2,1.18,7.0,13.0,1799.508860822475,1478.1563616107267,321.3524992117484,582.4,38.8,2.6850061451432294,10,4,1,3,4,-1,3.0,0.0
2013-05-04,2012,Valencia,Osasuna,H,2,1.4,4.5,7.5,1584.9459189633976,1459.5317489699476,125.41416999345006,172.9,44.4,1.342968316312935,4,-3,-1,-1,1,-1,2.3333333333333335,0.3333333333333333
2013-05-05,2012,Zaragoza,Vallecano,H,2,2.0,3.5,3.6,1411.3308221220134,1474.405519911542,-63.0746977895285,61.0,47.3,0.24970282438656488,0,0,0,0,-2,-1,1.3333333333333333,1.3333333333333333
2013-05-05,2012,Barcelona,Betis,H,2,1.2,7.0,12.0,1817.3706599248248,1521.5547025167937,295.8159574080312,586.6,52.7,2.392633442784903,11,9,5,6,3,0,2.3333333333333335,0.3333333333333333
2013-05-05,2012,Mallorca,Levante,D,1,1.75,3.5,4.75,1406.846609552277,1459.4972235650257,-52.65061401274875,62.2,40.25,0.42665318837212185,0,0,0,0,-2,-3,1.3333333333333333,1.3333333333333333
2013-05-05,2012,Sevilla,Espanol,H,2,1.57,3.8,6.0,1491.6151602324658,1509.4265225764843,-17.811362344018562,144.8,81.2,0.5730805175124232,3,-3,-4,0,-1,1,1.0,1.0
2013-05-06,2012,Getafe,Sociedad,H,2,3.4,3.5,2.05,1489.8321999994712,1614.6635339866557,-124.83133398718451,70.95,74.7,-0.050806727110026983,0,-4,-6,-6,-3,3,1.6666666666666667,0.6666666666666666
2013-05-08,2012,Real Madrid,Malaga,H,2,1.2,6.5,12.0,1801.9463233575048,1537.4804082441112,264.4659151133935,582.4,122.9,1.5493982687985248,7,5,3,11,5,-1,1.3333333333333333,1.3333333333333333
2013-05-08,2012,Celta,Ath Madrid,A,0,3.4,3.2,2.2,1421.0632625265791,1629.717688946385,-208.65442641980576,49.1,210.0,-1.4378371253852475,0,0,0,0,0,1,0.0,3.0
2013-05-10,2012,Levante,Zaragoza,D,1,2.75,3.3,2.55,1461.528898388112,1424.742604002593,36.78629438551911,40.25,61.0,-0.40748327226440173,0,0,0,0,-4,-1,1.3333333333333333,1.3333333333333333
2013-05-11,2012,Valladolid,La Coruna,H,2,2.5,3.3,2.8,1475.718899075697,1449.2432965340265,26.47560254167047,38.8,45.6,-0.15773362884120834,0,0,0,0,-1,2,1.0,1.0
2013-05-11,2012,Osasuna,Getafe,H,2,1.85,3.4,4.33,1453.0946133556047,1505.9024332318804,-52.807819876275744,44.4,70.95,-0.46045932828607405,0,4,6,6,-3,-2,1.0,1.0
2013-05-11,2012,Ath Bilbao,Mallorca,H,2,1.8,3.6,4.33,1478.4622487297663,1404.8149347291906,73.64731400057576,10.0,62.2,-1.7484090283544411,2,-4,-5,-5,-2,-1,2.3333333333333335,0.3333333333333333
2013-05-11,2012,Espanol,Real Madrid,D,1,6.0,4.33,1.5,1497.9101515522543,1805.2249636077772,-307.3148120555229,81.2,582.4,-1.9597177553714866,-10,-4,-1,-3,0,5,0.3333333333333333,2.3333333333333335
2013-05-12,2012,Vallecano,Valencia,A,0,3.6,3.3,2.05,1460.9937380309623,1591.3830545777405,-130.38931654677822,47.3,172.9,-1.2810488607017105,-4,3,1,1,-1,2,1.0,2.0
2013-05-12,2012,Ath Madrid,Barcelona,A,0,4.0,3.5,1.91,1640.1738742347202,1820.1582395279995,-179.98436529327932,210.0,586.6,-1.0241883108236554,-11,-9,-5,-6,2,4,0.0,3.0
2013-05-12,2012,Betis,Celta,H,2,1.91,3.5,4.0,1518.767122913619,1410.6070772382438,108.16004567537516,52.7,49.1,0.06939199342399993,0,0,0,0,-1,0,3.0,0.0
2013-05-12,2012,Malaga,Sevilla,D,1,2.63,3.3,2.63,1534.2017679938388,1503.1315312566958,31.070236737142977,122.9,144.8,-0.16276103093946137,0,2,2,-8,-1,1,2.0,1.0
2013-05-13,2012,Sociedad,Granada,D,1,1.44,4.33,7.0,1598.5933007542465,1442.3775033649201,156.21579738932633,74.7,60.6,0.20611628990392905,0,0,0,0,2,0,1.3333333333333333,1.3333333333333333
2013-05-18,2012,Sevilla,Sociedad,A,0,1.91,3.6,3.75,1508.5362903973426,1589.1792852145084,-80.6429948171658,144.8,74.7,0.6554576591311543,3,-3,-4,0,0,1,1.0,2.0
2013-05-18,2012,Getafe,Valencia,A,0,4.5,3.75,1.75,1492.9274450364717,1605.0743779854754,-112.14693294900371,70.95,172.9,-0.8825089880268608,-4,-1,-5,-5,-3,2,1.0,2.0
2013-05-18,2012,Granada,Osasuna,H,2,2.1,3.2,3.6,1451.7915189046582,1466.0696015510134,-14.278082646355188,60.6,44.4,0.305149765492172,0,0,0,0,1,-1,1.3333333333333333,1.3333333333333333
2013-05-19,2012,Barcelona,Valladolid,H,2,1.29,5.5,10.0,1831.7647753744043,1485.4875689082937,346.27720646611056,586.6,38.8,2.6921795320093302,11,9,5,6,4,1,3.0,0.0
2013-05-19,2012,La Coruna,Espanol,H,2,1.57,4.0,5.5,1439.4746267014298,1505.9306094945555,-66.45598279312571,45.6,81.2,-0.5675547609305345,0,0,0,0,0,-1,1.0,2.0
2013-05-19,2012,Levante,Vallecano,A,0,2.5,3.3,2.75,1455.9106811896208,1447.3024146232274,8.608266566393468,40.25,47.3,-0.15778044787783685,0,0,0,0,-3,-3,1.0,2.0
2013-05-19,2012,Zaragoza,Ath Bilbao,A,0,1.85,3.5,4.2,1430.3608212010843,1486.5328846083282,-56.17206340724397,61.0,10.0,1.729239112246721,-2,4,5,5,0,0,2.0,1.0
2013-05-20,2012,Mallorca,Betis,H,2,2.5,3.4,2.7,1396.7442988506286,1525.7206402148317,-128.9763413642031,62.2,52.7,0.16289129963799276,0,0,0,0,-1,-1,2.0,1.0
2013-05-26,2012,Ath Bilbao,Levante,A,0,1.45,4.33,7.0,1503.4151153003693,1436.368676562863,67.04643873750638,10.0,40.25,-1.3217558399823193,2,-4,-5,-5,2,-3,1.0,2.0
2013-05-26,2012,Betis,Zaragoza,H,2,2.0,3.5,3.6,1509.47252348118,1413.4785905090432,95.99393297213669,52.7,61.0,-0.14372138353027264,0,0,0,0,-2,0,3.0,0.0
2013-05-26,2012,Ath Madrid,Mallorca,D,1,1.62,4.1,5.0,1628.5673383883154,1412.9924155842805,215.57492280403494,210.0,62.2,1.2055538323232549,0,0,0,0,0,-1,0.6666666666666666,1.6666666666666667
2013-05-26,2012,Getafe,Vallecano,A,0,2.1,3.5,3.3,1478.4516567204487,1466.8444192499853,11.60723747046336,70.95,47.3,0.3985398726748497,0,-4,-6,-6,-3,-1,0.0,3.0
2013-05-26,2012,Espanol,Barcelona,A,0,5.5,4.1,1.57,1492.3743380555404,1833.8996299552225,-341.5252918996821,81.2,586.6,-1.9668911422375874,-11,-9,-5,-6,-2,4,0.3333333333333333,2.3333333333333335
2013-05-26,2012,Valencia,Granada,H,2,1.25,6.0,11.0,1619.5501663014984,1463.1639186359937,156.3862476655047,172.9,60.6,1.037818550820763,4,-3,-1,-1,3,3,3.0,0.0
2013-05-26,2012,Sociedad,Real Madrid,D,1,2.5,3.6,2.6,1605.0141306865507,1797.204505665476,-192.19037497892532,74.7,582.4,-2.0420948969902177,-10,-4,-1,-3,1,4,0.0,3.0
2013-05-26,2012,Malaga,La Coruna,H,2,2.38,3.4,2.88,1528.797008853192,1453.0308981404448,75.76611071274715,122.9,45.6,0.9778742475034963,3,-1,-2,-8,-2,0,0.3333333333333333,2.3333333333333335
2013-05-26,2012,Valladolid,Celta,A,0,3.0,3.4,2.3,1483.3527143274755,1403.653559937031,79.69915439044439,38.8,49.1,-0.23015409580042734,0,0,0,0,-1,0,0.0,3.0
2013-05-26,2012,Osasuna,Sevilla,H,2,2.38,3.4,2.88,1454.697201819678,1492.7014449253002,-38.00424310562221,44.4,144.8,-1.1667237145272553,-3,3,4,0,-1,-1,0.3333333333333333,2.3333333333333335
2013-06-01,2012,Zaragoza,Ath Madrid,A,0,2.2,3.5,3.1,1406.1439634415508,1617.7626258028592,-211.61866236130845,61.0,210.0,-1.224723748430975,0,0,0,0,0,-1,1.0,2.0
2013-06-01,2012,Vallecano,Ath Bilbao,D,1,2.05,3.6,3.4,1486.5037189750492,1481.7118745910511,4.791844383998068,47.3,10.0,1.4795362878601561,-2,4,5,5,0,1,1.3333333333333333,1.3333333333333333
2013-06-01,2012,Sevilla,Valencia,H,2,3.3,3.5,2.1,1480.3499666031557,1625.1316917629235,-144.7817251597678,144.8,172.9,-0.17624460178567958,-1,0,-3,1,-1,3,2.0,1.0
2013-06-01,2012,Real Madrid,Osasuna,H,2,1.25,6.0,10.0,1793.3151815885067,1467.0486801418224,326.2665014466843,582.4,44.4,2.5533609523863188,10,4,1,3,3,0,2.3333333333333335,0.3333333333333333
2013-06-01,2012,Mallorca,Valladolid,H,2,1.5,4.33,6.0,1423.7971281697367,1461.2194904503058,-37.42236228056913,62.2,38.8,0.46243738886242003,0,0,0,0,-1,-2,0.0,3.0
2013-06-01,2012,Levante,Betis,D,1,3.2,3.4,2.2,1458.071917272181,1516.8071505486723,-58.73523327649127,40.25,52.7,-0.2637618887341291,0,0,0,0,-1,0,2.0,1.0
2013-06-01,2012,La Coruna,Sociedad,A,0,2.6,3.5,2.6,1445.0320136626833,1608.9034547635201,-163.87144110083682,45.6,74.7,-0.48517761931180337,0,0,0,0,-1,1,1.3333333333333333,1.3333333333333333
2013-06-01,2012,Granada,Getafe,H,2,1.95,3.6,3.6,1457.5823931745686,1458.7923569953848,-1.209963820816256,60.6,70.95,-0.15530956279390207,0,4,6,6,2,-3,1.3333333333333333,1.3333333333333333
2013-06-01,2012,Celta,Espanol,H,2,1.44,4.5,6.5,1425.7867838142008,1486.393692096824,-60.60690828262318,49.1,81.2,-0.4951342939713155,0,0,0,0,0,-4,0.0,3.0
2013-06-01,2012,Barcelona,Malaga,H,2,1.25,6.0,10.0,1839.880275913939,1536.7958933309535,303.0843825829854,586.6,122.9,1.5565716556646256,8,10,7,14,4,0,3.0,0.0
2013-08-17,2013,Sociedad,Getafe,H,2,1.73,3.6,4.75,1621.1765534145288,1447.946121127823,173.23043228670576,136.7,55.9,0.8837820646023244,1,-1,1,3,1,-3,0.3333333333333333,2.3333333333333335
2013-08-17,2013,Valencia,Malaga,H,2,1.53,4.0,6.0,1608.2089451508339,1534.1123230165992,74.09662213423462,178.8,62.5,1.0408052161388746,1,0,1,4,3,-2,1.0,2.0
2013-08-17,2013,Valladolid,Ath Bilbao,A,0,2.5,3.3,2.8,1448.8923435197257,1486.1037249049082,-37.21138138518245,38.8,10.0,1.285971639492021,-1,0,-1,-4,-3,1,0.5,2.0
2013-08-18,2013,Barcelona,Levante,H,2,1.08,10.0,26.0,1842.5638462282932,1456.2987040230703,386.2651422052229,592.2,41.1,2.645483869575441,10,9,9,11,5,0,3.0,0.0
2013-08-18,2013,Osasuna,Granada,A,0,2.0,3.3,3.75,1464.6738190273254,1468.4286290421303,-3.754810014804889,46.4,72.8,-0.44273650290539557,0,0,0,0,-1,2,1.0,2.0
2013-08-18,2013,Sevilla,Ath Madrid,A,0,2.8,3.3,2.5,1497.2727132152454,1628.1028804214852,-130.83016720623982,141.15,267.0,-0.6341041424138476,1,-1,-1,3,0,1,0.3333333333333333,2.3333333333333335
2013-08-18,2013,Real Madrid,Betis,H,2,1.17,7.0,17.0,1795.6900427030037,1518.580363797783,277.10967890522056,636.8,58.6,2.370369180504653,9,9,8,9,3,0,2.0,1.0
2013-08-19,2013,Almeria,Villarreal,A,0,2.6,3.2,2.75,1382.2617853169988,1462.5527619643176,-80.29097664731876,36.45,77.3,-0.7375408930335294,-2,-1,1,-2,-2,-1,0.5,2.0
2013-08-19,2013,Celta,Espanol,D,1,2.2,3.2,3.4,1439.0932980311309,1473.087177879894,-33.99387984876307,49.1,64.1,-0.26190354112370473,0,0,0,0,0,-4,1.5,1.5
2013-08-19,2013,Vallecano,Elche,H,2,2.25,3.25,3.25,1482.1118686611921,1500.0,-17.888131338807852,49.75,44.6,0.10700390140155625,0,0,0,0,0,0,1.5,1.5
2013-08-23,2013,Ath Bilbao,Osasuna,H,2,1.62,3.75,5.5,1503.7853965768613,1445.6217039075987,58.16369266926267,10.0,46.4,-1.4607269559026603,1,0,1,4,2,-1,2.0,1.0
2013-08-23,2013,Getafe,Almeria,D,1,1.85,3.5,4.2,1442.7917674236655,1366.4117899357,76.37997748796556,55.9,36.45,0.41828863116905657,0,0,-1,-1,-5,-2,3.0,0.0
2013-08-24,2013,Espanol,Valencia,H,2,3.0,3.25,2.38,1475.9030943541377,1616.2643316243662,-140.36123727022846,64.1,178.8,-1.0159205728229965,-4,-4,-3,-5,-3,3,1.3333333333333333,1.3333333333333333
2013-08-24,2013,Elche,Sociedad,D,1,3.2,3.4,2.2,1488.4804931966296,1626.3309071186864,-137.85041392205676,44.6,136.7,-1.1051696892142688,-1,1,0,-2,-1,3,1.5,1.5
2013-08-24,2013,Villarreal,Valladolid,H,2,1.85,3.6,4.0,1478.4027573456165,1431.2106718477726,47.19208549784389,77.3,38.8,0.676680690706366,2,1,-1,2,0,-3,1.5,1.5
2013-08-25,2013,Malaga,Barcelona,A,0,13.0,6.0,1.22,1526.056936543067,1844.2849221412982,-318.22798559823127,62.5,592.2,-2.234491704365131,-7,-5,-7,-10,-2,5,0.0,3.0
2013-08-25,2013,Levante,Sevilla,D,1,3.5,3.3,2.1,1454.5776281100652,1483.6002758855211,-29.02264777545588,41.1,141.15,-1.2168350974086732,-1,1,1,-3,-1,-2,1.6666666666666667,0.6666666666666666
2013-08-25,2013,Ath Madrid,Vallecano,H,2,1.29,5.25,10.0,1641.7753177512095,1493.6313754645626,148.14394228664696,267.0,49.75,1.6640753625889597,0,0,0,0,2,2,2.0,1.0
2013-08-25,2013,Betis,Celta,A,0,1.8,3.5,4.5,1515.508308622644,1436.2773815568871,79.23092706575699,58.6,49.1,0.173634565980485,0,1,-1,0,0,0,3.0,0.0
2013-08-26,2013,Granada,Real Madrid,A,0,7.5,5.5,1.33,1487.4807441618568,1798.7620978781426,-311.2813537162858,72.8,636.8,-2.1566660229695307,-9,-10,-7,-9,2,3,1.0,2.0
2013-08-30,2013,Vallecano,Levante,A,0,1.73,3.6,4.75,1487.8310790206103,1451.555218806298,36.27586021431239,49.75,41.1,0.18686387723356113,0,0,0,0,2,-1,3.0,0.0
2013-08-30,2013,Almeria,Elche,D,1,2.0,3.3,3.8,1373.4336175633193,1490.1081926112977,-116.67457504797835,36.45,44.6,-0.19690100655711218,0,0,0,0,-1,-1,1.5,1.5
2013-08-31,2013,Valladolid,Getafe,H,2,2.1,3.3,3.5,1422.2107215817707,1435.7699397960462,-13.559218214275461,38.8,55.9,-0.3574284288418932,0,0,1,1,-5,-4,1.5,1.5
2013-08-31,2013,Osasuna,Villarreal,A,0,2.5,3.2,2.88,1437.0145533037892,1487.4027076116183,-50.388154307829154,46.4,77.3,-0.5019253742957268,-2,-1,1,-2,-3,1,2.3333333333333335,0.3333333333333333
2013-08-31,2013,Celta,Granada,D,1,2.2,3.3,3.3,1458.3949519569633,1480.622743867313,-22.22779191034965,49.1,72.8,-0.38733772351560747,0,0,0,0,2,1,1.5,1.5
2013-09-01,2013,Sociedad,Ath Madrid,A,0,2.9,3.3,2.38,1624.7032077040183,1647.5756141951617,-22.872406491143465,136.7,267.0,-0.6659095747762471,1,-1,0,2,3,2,1.3333333333333333,1.3333333333333333
2013-09-01,2013,Valencia,Barcelona,A,0,5.5,4.33,1.53,1599.5295934906303,1850.933674120907,-251.40408063027667,178.8,592.2,-1.1936864882262563,-6,-5,-6,-6,1,5,0.3333333333333333,2.3333333333333335
2013-09-01,2013,Sevilla,Malaga,D,1,1.62,3.8,5.5,1486.6226851892884,1519.4081845634582,-32.78549937416983,141.15,62.5,0.8058429321983631,-2,-5,-3,2,-2,-2,0.3333333333333333,2.3333333333333335
2013-09-01,2013,Espanol,Betis,D,1,2.05,3.4,3.6,1492.6378324878735,1493.390738222568,-0.7529057346944228,64.1,58.6,0.08826897514321974,0,-1,1,0,-2,-2,1.3333333333333333,1.3333333333333333
2013-09-01,2013,Real Madrid,Ath Bilbao,H,2,1.17,7.0,16.0,1805.6200981726865,1512.3925471806708,293.2275509920157,636.8,10.0,4.060129481777587,8,10,6,5,3,2,3.0,0.0
2013-09-14,2013,Ath Madrid,Almeria,H,2,1.25,6.0,11.0,1665.8518385815682,1374.1529646179652,291.6988739636031,267.0,36.45,1.9679802705476281,0,0,0,0,4,-1,1.0,1.0
2013-09-14,2013,Barcelona,Sevilla,H,2,1.18,7.0,15.0,1859.7816184192848,1483.7564703392075,376.0251480800773,592.2,141.15,1.4286487721667678,9,10,10,8,5,-1,3.0,0.0
2013-09-14,2013,Levante,Sociedad,D,1,3.1,3.25,2.3,1472.1544798870007,1606.4269833176118,-134.2725034306111,41.1,136.7,-1.1850296650462737,-1,1,0,-2,1,1,2.3333333333333335,0.3333333333333333
2013-09-14,2013,Villarreal,Real Madrid,D,1,5.5,4.2,1.57,1504.5301828807787,1808.4455826905294,-303.9153998097506,77.3,636.8,-2.0974771515791995,-7,-9,-8,-7,1,4,0.3333333333333333,2.3333333333333335
2013-09-15,2013,Malaga,Vallecano,H,2,1.91,3.5,4.0,1522.2743994135392,1467.2318179399076,55.04258147363157,62.5,49.75,0.224128287976749,3,4,2,1,-2,0,2.0,1.0
2013-09-15,2013,Granada,Espanol,A,0,2.4,3.2,3.0,1483.9254600918196,1488.4658553931577,-4.540395301338094,72.8,64.1,0.12543418239190274,0,0,0,0,0,-1,2.3333333333333335,0.3333333333333333
2013-09-15,2013,Betis,Valencia,H,2,2.63,3.3,2.63,1497.5627153172838,1590.6816491922525,-93.11893387496866,58.6,178.8,-1.1041895479662163,-4,-3,-4,-5,-1,-1,1.0,2.0
2013-09-15,2013,Getafe,Osasuna,H,2,1.95,3.3,4.0,1424.426746098761,1419.8870780346288,4.539668064132229,55.9,46.4,0.18267311243125395,0,0,-1,-1,-4,-3,0.6666666666666666,1.6666666666666667
2013-09-16,2013,Elche,Valladolid,D,1,2.25,3.25,3.25,1489.3888455566519,1433.553915279056,55.83493027759596,44.6,38.8,0.1360408042299488,0,0,0,0,-1,-3,1.5,1.5
2013-09-16,2013,Ath Bilbao,Celta,H,2,1.67,3.75,5.0,1509.567062662828,1455.0922357324566,54.474826930371364,10.0,49.1,-1.5161257352924484,1,0,1,4,0,3,2.0,0.5
2013-09-20,2013,Osasuna,Elche,H,2,2.0,3.4,3.75,1409.2689722344685,1483.0785093793227,-73.80953714485418,46.4,44.6,0.03871451218069044,0,0,0,0,-5,-1,1.5,1.5
2013-09-21,2013,Vallecano,Barcelona,A,0,13.0,6.5,1.2,1458.513972868224,1861.6008577690084,-403.0868849007843,49.75,592.2,-2.45861999234188,-10,-9,-9,-11,-2,5,0.0,3.0
2013-09-21,2013,Almeria,Levante,D,1,1.8,3.5,4.5,1371.3048776356507,1473.6293620357746,-102.32448440012399,36.45,41.1,-0.1170410307251073,0,0,0,0,-3,0,0.0,3.0
2013-09-21,2013,Sociedad,Malaga,D,1,1.91,3.5,4.0,1604.9521011688378,1530.9922444852227,73.95985668361504,136.7,62.5,0.7740374998359636,-2,-5,-2,1,1,-2,2.3333333333333335,0.3333333333333333
2013-09-21,2013,Valladolid,Ath Madrid,A,0,5.0,3.6,1.7,1439.864251456385,1668.6999255638827,-228.83567410749765,38.8,267.0,-1.9071200682204648,0,0,0,0,-2,5,0.0,3.0
2013-09-22,2013,Real Madrid,Getafe,H,2,1.13,8.5,19.0,1800.5304768653903,1435.0448518989213,365.485624966469,636.8,55.9,2.4167294134436723,9,10,8,10,4,-2,2.0,1.0
2013-09-22,2013,Valencia,Sevilla,H,2,1.91,3.4,4.0,1575.9786898605223,1481.9372309894839,94.04145887103846,178.8,141.15,0.23496228394051144,3,5,4,2,-3,-1,1.0,2.0
2013-09-22,2013,Betis,Granada,D,1,1.67,3.6,5.5,1512.265674649014,1464.9048054862878,47.3608691627262,58.6,72.8,-0.21370315753512248,0,1,-1,0,-1,0,1.0,2.0
2013-09-22,2013,Celta,Villarreal,D,1,2.75,3.3,2.5,1446.3541643465564,1512.4452887059178,-66.0911243593614,49.1,77.3,-0.4465265949059387,-2,-1,1,-2,1,2,1.5,1.5
2013-09-23,2013,Espanol,Ath Bilbao,H,2,2.3,3.4,3.0,1507.4865099986894,1518.3051340487282,-10.818624050038807,64.1,10.0,1.7780292764161532,-1,0,-1,-4,1,2,1.6666666666666667,0.6666666666666666
2013-09-24,2013,Ath Madrid,Osasuna,H,2,1.2,6.0,15.0,1678.3793090242743,1423.1403759908185,255.23893303345585,267.0,46.4,1.7323647518098255,0,0,0,0,5,-3,3.0,0.0
2013-09-24,2013,Barcelona,Sociedad,H,2,1.13,8.0,19.0,1866.0623339460394,1598.0121274961555,268.05020644988394,592.2,136.7,1.4604542045291673,9,10,9,9,5,0,2.0,1.0
2013-09-24,2013,Levante,Valladolid,D,1,2.1,3.3,3.5,1473.529007474449,1430.1848679959935,43.34413947845542,41.1,38.8,0.056180828397943916,0,0,0,0,0,-2,1.5,1.5
2013-09-24,2013,Malaga,Almeria,H,2,1.67,3.75,5.0,1537.932218157905,1371.4052321969764,166.52698596092864,62.5,36.45,0.5280331959354174,3,4,2,1,-1,-2,2.0,0.5
2013-09-25,2013,Granada,Valencia,A,0,3.1,3.25,2.3,1470.910975071584,1583.3757773686177,-112.46480229703366,72.8,178.8,-0.8904863904310938,-4,-4,-3,-5,-1,-1,0.0,3.0
2013-09-25,2013,Sevilla,Vallecano,H,2,1.44,4.2,7.5,1474.5401434813884,1454.052496691193,20.487646790195413,141.15,49.75,1.0299712201751121,1,-1,-1,3,-3,-3,2.3333333333333335,0.3333333333333333
2013-09-25,2013,Elche,Real Madrid,A,0,10.0,5.5,1.29,1469.2071056229727,1802.4562027732327,-333.24909715026,44.6,636.8,-2.6381170380556167,-9,-10,-7,-9,-2,4,1.5,1.5
2013-09-26,2013,Getafe,Celta,H,2,2.1,3.3,3.5,1433.1191259910788,1444.8948310888063,-11.775705097727496,55.9,49.1,0.12727433304146585,0,0,-1,-1,-2,0,1.5,1.5
2013-09-26,2013,Villarreal,Espanol,H,2,1.73,3.5,5.0,1513.904621963668,1518.7186307010431,-4.814008737375161,77.3,64.1,0.18462305378223398,2,1,-1,2,3,3,1.6666666666666667,0.6666666666666666
2013-09-26,2013,Ath Bilbao,Betis,H,2,1.95,3.5,3.75,1507.0730133463744,1506.2595050637178,0.8135082826565849,10.0,58.6,-1.6897603012729334,1,-1,2,4,1,-1,0.3333333333333333,2.3333333333333335
2013-09-27,2013,Valladolid,Malaga,D,1,2.9,3.2,2.45,1436.044754442847,1543.253387830633,-107.208633387786,38.8,62.5,-0.46717299360825404,-3,-4,-2,-1,-1,1,0.5,2.0
2013-09-28,2013,Almeria,Barcelona,A,0,13.0,7.0,1.18,1366.0840625242483,1869.281203577199,-503.19714105295066,36.45,592.2,-2.7625249003005483,-10,-9,-9,-11,-2,5,0.0,3.0
2013-09-28,2013,Real Madrid,Ath Madrid,A,0,1.62,3.75,5.5,1808.66824519066,1681.816310829017,126.85193436164286,636.8,267.0,0.8670377740651007,9,10,7,9,4,5,3.0,0.0
2013-09-28,2013,Sociedad,Sevilla,D,1,2.2,3.4,3.2,1594.793257864996,1484.537240572704,110.25601729229197,136.7,141.15,-0.03180543236239952,0,0,1,-1,-2,-1,3.0,0.0
2013-09-28,2013,Valencia,Vallecano,H,2,1.29,5.25,10.0,1597.8378593646528,1444.0553995998775,153.78245976477524,178.8,49.75,1.2649335041156236,4,4,3,5,-1,-5,2.0,1.0
2013-09-29,2013,Espanol,Getafe,A,0,1.7,3.6,5.0,1507.7283188742003,1444.3899866956322,63.33833217856818,64.1,55.9,0.13462920808223888,0,0,1,1,2,0,1.3333333333333333,1.3333333333333333
2013-09-29,2013,Betis,Villarreal,H,2,2.5,3.3,2.75,1495.4937996388783,1524.8949337905108,-29.401134151632505,58.6,77.3,-0.2728920289254537,-2,0,0,-2,-1,3,1.5,1.5
2013-09-29,2013,Celta,Elche,A,0,1.91,3.4,4.0,1433.623970384253,1462.9950632055454,-29.37109282129245,49.1,44.6,0.09411329157047854,0,0,0,0,-1,-2,1.5,1.5
2013-09-29,2013,Osasuna,Levante,A,0,2.05,3.3,3.6,1419.7033741860757,1467.6691210275953,-47.9657468415196,46.4,41.1,0.11857448801269532,0,0,0,0,-3,1,3.0,0.0
2013-09-30,2013,Granada,Ath Bilbao,H,2,2.75,3.3,2.5,1456.448893075549,1517.838718771214,-61.38982569566497,72.8,10.0,1.903463458808056,-1,0,-1,-4,-3,1,0.3333333333333333,2.3333333333333335
2013-10-04,2013,Malaga,Osasuna,A,0,1.53,4.0,6.0,1542.942210760762,1402.4735219079146,140.46868885284744,62.5,46.4,0.2924176771976148,3,4,2,1,2,-3,1.6666666666666667,0.6666666666666666
2013-10-04,2013,Villarreal,Granada,H,2,1.44,4.33,7.0,1512.9016625122795,1469.788786152176,43.11287636010343,77.3,72.8,0.059188871390331244,2,1,-1,2,1,-1,1.5,1.5
2013-10-05,2013,Vallecano,Sociedad,H,2,2.9,3.4,2.38,1438.4054590671635,1586.6825329347625,-148.27707386759903,49.75,136.7,-0.9981657878127126,-1,1,0,-2,-5,-2,0.0,3.0
2013-10-05,2013,Levante,Real Madrid,A,0,9.0,5.0,1.33,1484.8989733057565,1785.0636347260913,-300.1646614203348,41.1,636.8,-2.7179770138876216,-9,-10,-7,-9,2,2,0.0,3.0
2013-10-05,2013,Barcelona,Valladolid,H,2,1.09,10.0,21.0,1871.963188250798,1436.3559315127181,435.60725673807997,592.2,38.8,2.701664697973385,10,9,9,11,5,0,3.0,0.0
2013-10-05,2013,Elche,Espanol,H,2,2.5,3.3,2.75,1481.0030367817017,1486.1538080773146,-5.150771295612913,44.6,64.1,-0.35601683269418327,0,0,0,0,-1,0,1.5,1.5
2013-10-06,2013,Getafe,Betis,H,2,2.4,3.3,2.88,1465.964497492518,1507.4870709171096,-41.522573424591656,55.9,58.6,-0.04636023293901914,0,-1,0,-1,1,1,0.6666666666666666,1.6666666666666667
2013-10-06,2013,Sevilla,Almeria,H,2,1.44,4.33,7.0,1492.6479655029373,1363.4020778506492,129.24588765228805,141.15,36.45,1.3338761281337805,1,-1,-1,3,-1,-3,1.5,1.5
2013-10-06,2013,Ath Bilbao,Valencia,D,1,2.1,3.5,3.3,1504.498825694587,1603.4877998973668,-98.9889742027799,10.0,178.8,-2.7939498492391497,-3,-4,-2,-1,-1,1,1.0,2.0
2013-10-06,2013,Ath Madrid,Celta,H,2,1.22,6.0,13.0,1705.4209212935857,1415.6159968080967,289.804924485489,267.0,49.1,1.6769659724200374,0,0,0,0,5,-3,3.0,0.0
2013-10-19,2013,Real Madrid,Malaga,H,2,1.2,7.0,11.0,1792.2660377343154,1518.9520342989704,273.31400343534506,636.8,62.5,2.3069848486773115,6,6,5,8,2,1,1.3333333333333333,1.3333333333333333
2013-10-19,2013,Espanol,Ath Madrid,H,2,5.25,3.6,1.67,1475.1499924611105,1708.2972359027262,-233.14724344161573,64.1,267.0,-1.4150624312963327,0,0,0,0,-1,5,0.0,3.0
2013-10-19,2013,Osasuna,Barcelona,D,1,12.0,6.0,1.22,1426.4636983697062,1873.277351681691,-446.8136533119848,46.4,592.2,-2.5269093815627457,-10,-9,-9,-11,-1,5,1.0,2.0
2013-10-19,2013,Valencia,Sociedad,A,0,1.73,3.5,5.0,1603.5314492665852,1569.6115556722186,33.91989359436661,178.8,136.7,0.26676771630291096,3,5,3,3,2,-2,0.0,3.0
2013-10-20,2013,Almeria,Vallecano,A,0,1.91,3.6,3.75,1357.0757590230064,1455.4764363297074,-98.40067730670103,36.45,49.75,-0.3039049079586684,0,0,0,0,-4,-3,1.5,1.5
2013-10-20,2013,Betis,Elche,A,0,1.73,3.5,5.0,1494.988171143963,1492.0068523979057,2.981318746057241,58.6,44.6,0.26774785755096353,0,1,-1,0,0,0,1.5,1.5
2013-10-20,2013,Granada,Getafe,A,0,2.1,3.4,3.4,1460.6402097375365,1478.4633972656645,-17.823187528128074,72.8,55.9,0.2600633904741416,0,0,1,1,-2,3,2.3333333333333335,0.3333333333333333
2013-10-20,2013,Valladolid,Sevilla,D,1,2.8,3.4,2.4,1435.0417680818252,1498.97428433058,-63.93251624875484,38.8,141.15,-1.2730159258066172,-1,1,1,-3,-2,0,2.0,0.5
2013-10-21,2013,Celta,Levante,A,0,2.05,3.4,3.5,1412.7396821989562,1477.6965702975324,-64.9568880985762,49.1,41.1,0.17397326740248342,0,0,0,0,-4,0,2.0,0.5
2013-10-21,2013,Ath Bilbao,Villarreal,H,2,2.2,3.4,3.2,1504.4551763253685,1522.050238926919,-17.59506260155058,10.0,77.3,-1.9626523301983871,-1,-1,2,2,0,1,0.6666666666666666,1.6666666666666667
2013-10-25,2013,Vallecano,Valladolid,A,0,1.91,3.6,3.8,1470.5454841531175,1433.4901792704766,37.05530488264094,49.75,38.8,0.24304470563150504,0,0,0,0,-1,-2,0.0,3.0
2013-10-26,2013,Malaga,Celta,A,0,1.7,3.6,5.0,1515.8192037449512,1396.2318590955313,119.58734464941995,62.5,49.1,0.2370188978078267,3,4,2,1,-1,-4,2.0,0.5
2013-10-26,2013,Levante,Espanol,H,2,2.4,3.3,2.9,1494.2043934009573,1495.6326126168701,-1.4282192159128044,41.1,64.1,-0.43587680852618815,0,0,0,0,1,-1,2.0,1.0
2013-10-26,2013,Elche,Granada,A,0,1.91,3.4,4.0,1511.3271283952147,1442.1570637634861,69.17006463172856,44.6,72.8,-0.481451015086086,0,0,0,0,1,-2,1.5,1.5
2013-10-26,2013,Barcelona,Real Madrid,H,2,1.75,4.0,4.33,1861.8647314441123,1795.3988682883346,66.4658631557777,592.2,636.8,-0.07249314431218057,1,-1,2,2,4,3,0.3333333333333333,2.3333333333333335
2013-10-27,2013,Ath Madrid,Betis,H,2,1.25,5.5,12.0,1687.8146157469666,1475.667895146654,212.14672060031262,267.0,58.6,1.5033314064395524,0,-1,1,0,3,-2,2.3333333333333335,0.3333333333333333
2013-10-27,2013,Sevilla,Osasuna,H,2,1.5,4.2,6.5,1500.5258731419287,1437.876318607285,62.64955453464381,141.15,46.4,1.098260609395978,1,-1,-1,3,1,0,2.0,1.0
2013-10-27,2013,Sociedad,Almeria,H,2,1.57,4.0,5.5,1590.1230537983854,1342.0067111995963,248.11634259878906,136.7,36.45,1.302070695771381,1,-1,0,2,-1,-4,2.0,0.5
2013-10-27,2013,Villarreal,Valencia,H,2,1.95,3.5,3.8,1510.5427013554634,1583.0199511404185,-72.47724978495512,77.3,178.8,-0.8312975190407625,-2,-3,-4,-3,0,2,0.3333333333333333,2.3333333333333335
2013-10-28,2013,Getafe,Ath Bilbao,A,0,2.63,3.2,2.7,1496.9465432397149,1515.9627138968242,-19.016170657109342,55.9,10.0,1.6434000683339143,-1,0,-2,-5,3,0,2.3333333333333335,0.3333333333333333
2013-10-29,2013,Espanol,Malaga,D,1,1.91,3.3,4.2,1484.7776749691304,1492.4275473255345,-7.649872356404103,64.1,62.5,0.02488464331587803,-3,-4,-2,-1,-3,-2,1.3333333333333333,1.3333333333333333
2013-10-29,2013,Celta,Barcelona,A,0,10.0,5.5,1.29,1419.623515514948,1870.181565492594,-450.5580499776461,49.1,592.2,-2.4715106021729576,-10,-9,-9,-11,-3,4,0.5,2.0
2013-10-30,2013,Osasuna,Vallecano,H,2,2.1,3.3,3.5,1429.4267843074865,1449.917285033378,-20.49050072589148,46.4,49.75,-0.0682893892208658,0,0,0,0,-2,-1,1.3333333333333333,1.3333333333333333
2013-10-30,2013,Real Madrid,Sevilla,H,2,1.18,7.0,13.0,1787.0820342398529,1508.9754074417272,278.1066267981257,636.8,141.15,1.5011419164789483,8,11,8,6,1,3,2.0,1.0
2013-10-30,2013,Valencia,Almeria,A,0,1.4,4.5,8.0,1569.205724457439,1338.4429484483305,230.7627760091084,178.8,36.45,1.568838412074292,4,4,3,5,0,-5,3.0,0.0
2013-10-30,2013,Valladolid,Sociedad,D,1,2.8,3.3,2.5,1454.118378390216,1593.6868165496512,-139.56843815943512,38.8,136.7,-1.2412104934442176,-1,1,0,-2,0,0,0.5,2.0
2013-10-31,2013,Ath Bilbao,Elche,D,1,1.62,3.75,5.5,1534.3970931888507,1489.550713905735,44.846379283115766,10.0,44.6,-1.4220124437219699,1,0,1,4,2,1,1.5,1.5
2013-10-31,2013,Betis,Levante,D,1,1.8,3.5,4.5,1471.4008869242477,1505.059331048697,-33.65844412444926,58.6,41.1,0.3476078333829684,0,1,-1,0,-3,2,1.3333333333333333,1.3333333333333333
2013-10-31,2013,Granada,Ath Madrid,A,0,6.0,4.0,1.53,1463.9334782529659,1692.081623969373,-228.14814571640704,72.8,267.0,-1.28962824890443,0,0,0,0,-1,3,0.0,3.0
2013-10-31,2013,Villarreal,Getafe,A,0,1.44,4.2,7.5,1524.356928038443,1478.5121639476884,45.84476409075455,77.3,55.9,0.31925226186447286,2,1,0,3,1,3,1.3333333333333333,1.3333333333333333
2013-11-01,2013,Barcelona,Espanol,H,2,1.09,10.0,26.0,1873.7014237891021,1480.8819182758668,392.8195055132353,592.2,64.1,2.209607061049253,10,9,9,11,4,-2,3.0,0.0
2013-11-02,2013,Sociedad,Osasuna,H,2,1.57,4.0,5.75,1591.9858573713097,1441.0527784908636,150.93307888044615,136.7,46.4,1.0664551770335784,1,-1,0,2,1,0,0.6666666666666666,1.6666666666666667
2013-11-02,2013,Vallecano,Real Madrid,A,0,11.0,6.0,1.25,1438.291290850001,1790.1383006521742,-351.84700980217326,49.75,636.8,-2.5311131366540605,-9,-10,-7,-9,-1,1,0.0,3.0
2013-11-02,2013,Almeria,Valladolid,H,2,2.15,3.3,3.4,1364.553335636897,1455.8193375685576,-91.26600193166064,36.45,38.8,-0.06086020232716338,0,0,0,0,-3,0,1.5,1.5
2013-11-02,2013,Sevilla,Celta,A,0,1.5,4.33,6.0,1505.9191410294059,1416.1036572184398,89.81548381096604,141.15,49.1,1.0428618300061898,1,-1,-1,3,1,-3,1.5,1.5
2013-11-03,2013,Malaga,Betis,H,2,2.05,3.4,3.6,1496.3233040187981,1468.5710014296308,27.752302589167357,62.5,58.6,0.06338433182734171,3,3,3,1,-3,-2,1.0,2.0
2013-11-03,2013,Levante,Granada,A,0,2.05,3.3,3.6,1507.889216543314,1454.2281282555507,53.66108828776328,41.1,72.8,-0.5613109909180909,0,0,0,0,2,-1,2.3333333333333335,0.3333333333333333
2013-11-03,2013,Ath Madrid,Ath Bilbao,H,2,1.3,5.0,11.0,1701.786973966788,1528.482340959613,173.30463300717497,267.0,10.0,3.193091707712486,-1,0,-1,-4,3,1,2.0,1.0
2013-11-03,2013,Getafe,Valencia,A,0,2.6,3.2,2.75,1499.463276596902,1543.0953372688725,-43.63206067197052,55.9,178.8,-1.1505497809052354,-4,-4,-4,-6,3,-2,1.0,2.0
2013-11-04,2013,Elche,Villarreal,A,0,3.3,3.3,2.2,1495.4654661349725,1503.4058153892292,-7.9403492542567164,44.6,77.3,-0.5406398864764173,-2,-1,1,-2,2,-1,1.5,1.5
2013-11-08,2013,Granada,Malaga,H,2,2.3,3.2,3.2,1475.4610192059738,1506.0436206737252,-30.582601467751374,72.8,62.5,0.15031882570778077,-3,-4,-2,-1,-1,-2,2.0,1.0
2013-11-08,2013,Osasuna,Almeria,A,0,2.05,3.4,3.5,1435.3272339332743,1379.1763380392622,56.15089589401214,46.4,36.45,0.23561551873780262,0,0,0,0,0,-1,0.5,2.0
2013-11-09,2013,Ath Bilbao,Levante,H,2,1.5,4.1,6.5,1523.3298103374377,1486.6563255928909,36.67348474454684,10.0,41.1,-1.342152467889965,1,0,1,4,1,0,0.0,3.0
2013-11-09,2013,Celta,Vallecano,A,0,1.91,3.5,4.0,1438.5701582849529,1432.5900799465837,5.98007833836914,49.1,49.75,-0.012890609831077704,0,0,0,0,-1,-1,0.0,3.0
2013-11-09,2013,Getafe,Elche,D,1,2.05,3.25,3.75,1482.0508068365154,1476.5814069539722,5.469399882543257,55.9,44.6,0.2213876246119444,0,0,-1,-1,1,0,1.5,1.5
2013-11-09,2013,Real Madrid,Sociedad,H,2,1.14,8.0,17.0,1795.8395115555913,1597.711401928899,198.12810962669232,636.8,136.7,1.5329473488413479,8,11,7,7,3,2,2.3333333333333335,0.3333333333333333
2013-11-10,2013,Villarreal,Ath Madrid,D,1,3.4,3.4,2.1,1522.2898745702296,1706.9395045889635,-184.6496300187339,77.3,267.0,-1.2304393775140987,2,1,-1,2,1,3,0.0,3.0
2013-11-10,2013,Betis,Barcelona,A,0,11.0,6.0,1.25,1458.8506847747037,1875.3623014083294,-416.51161663362564,58.6,592.2,-2.2978760361924726,-10,-8,-10,-11,-4,4,0.3333333333333333,2.3333333333333335
2013-11-10,2013,Espanol,Sevilla,A,0,2.38,3.25,3.0,1479.2210406566396,1483.4526399628928,-4.231599306253202,64.1,141.15,-0.7809582888824851,-1,1,1,-3,-2,0,0.6666666666666666,1.6666666666666667
2013-11-10,2013,Valencia,Valladolid,D,1,1.53,4.0,6.0,1560.507807029259,1441.1963351661923,119.3114718630668,178.8,38.8,1.5079782097471286,4,4,3,5,-2,-1,2.0,0.5
2013-11-22,2013,Valladolid,Osasuna,A,0,2.0,3.4,3.75,1449.5798052458417,1414.005674953923,35.574130291918664,38.8,46.4,-0.17475531641063924,0,0,0,0,0,-2,1.5,1.5
2013-11-23,2013,Ath Madrid,Getafe,H,2,1.22,5.75,13.0,1703.355523504507,1477.6322270894495,225.72329641505735,267.0,55.9,1.5496916393785716,0,0,1,1,2,0,2.3333333333333335,0.3333333333333333
2013-11-23,2013,Barcelona,Granada,H,2,1.13,8.5,17.0,1879.5381688229954,1487.503282249522,392.0348865734734,592.2,72.8,2.08417287865735,10,9,9,11,4,1,3.0,0.0
2013-11-23,2013,Sociedad,Celta,H,2,1.67,3.6,5.25,1593.140421676945,1419.1314526479223,174.00896902902264,136.7,49.1,1.0110563976437903,1,-1,0,2,2,-1,2.0,0.5
2013-11-23,2013,Almeria,Real Madrid,A,0,9.5,5.5,1.29,1400.4978970186135,1800.4104918075454,-399.912594788932,36.45,636.8,-2.835018044612729,-9,-10,-7,-9,1,3,0.5,2.0
2013-11-24,2013,Sevilla,Betis,H,2,1.67,3.75,5.0,1502.485665558064,1454.6748173600377,47.810848198026406,141.15,58.6,0.8692272640257048,1,-2,0,3,0,-4,1.3333333333333333,1.3333333333333333
2013-11-24,2013,Vallecano,Espanol,A,0,2.4,3.3,2.88,1452.0287855836143,1460.1880150614684,-8.159229477854069,49.75,64.1,-0.24901293129262703,0,0,0,0,-1,-2,1.0,2.0
2013-11-24,2013,Elche,Valencia,H,2,2.75,3.3,2.5,1480.999986701038,1552.1243369496096,-71.12435024857155,44.6,178.8,-1.3719374055171798,-4,-4,-3,-5,-1,-2,1.5,1.5
2013-11-24,2013,Levante,Villarreal,A,0,3.5,3.3,2.1,1477.2703551455143,1525.8738556546862,-48.60350050917191,41.1,77.3,-0.6204998623084221,-2,-1,1,-2,0,0,3.0,0.0
2013-11-25,2013,Malaga,Ath Bilbao,A,0,2.6,3.25,2.7,1494.001357630177,1532.7157807848143,-38.714423154637416,62.5,10.0,1.7531446331002751,2,4,1,-3,-2,2,1.3333333333333333,1.3333333333333333
2013-11-29,2013,Getafe,Levante,H,2,1.83,3.4,4.5,1473.6433483613637,1460.0674357549708,13.575912606392876,55.9,41.1,0.30124760044394927,0,0,-1,-1,-2,-2,1.3333333333333333,1.3333333333333333
2013-11-29,2013,Villarreal,Malaga,D,1,1.44,4.33,7.0,1543.0767750452296,1476.3825516786903,66.69422336653929,77.3,62.5,0.209507697098112,-1,-3,-3,1,2,-2,1.3333333333333333,1.3333333333333333
2013-11-30,2013,Celta,Almeria,H,2,1.91,3.4,4.0,1413.9962018326273,1395.9665750979052,18.029626734722115,49.1,36.45,0.2910142981275907,0,0,0,0,-1,1,1.5,1.5
2013-11-30,2013,Elche,Ath Madrid,A,0,7.0,4.0,1.5,1494.7561871797113,1707.3444022325928,-212.58821505288142,44.6,267.0,-1.771079263990516,0,0,0,0,-1,4,1.5,1.5
2013-11-30,2013,Espanol,Sociedad,A,0,2.2,3.4,3.2,1479.0632565826747,1598.27567249224,-119.21241590956515,64.1,136.7,-0.7491528565200856,-1,1,0,-2,-2,2,1.6666666666666667,0.6666666666666666
2013-11-30,2013,Real Madrid,Valladolid,H,2,1.13,8.5,17.0,1804.9418137282537,1429.006638428124,375.9351753001297,636.8,38.8,2.7741578422855655,9,10,7,9,3,-1,3.0,0.0
2013-12-01,2013,Betis,Vallecano,D,1,1.91,3.4,4.0,1445.6972908970083,1433.153544062408,12.54374683460037,58.6,49.75,0.16074395614940729,0,1,-1,0,-4,-3,0.0,3.0
2013-12-01,2013,Ath Bilbao,Barcelona,H,2,5.0,4.2,1.6,1550.334586736301,1881.2061469527232,-330.87156021642227,10.0,592.2,-3.987636337465406,-9,-9,-8,-7,2,5,0.3333333333333333,2.3333333333333335
2013-12-01,2013,Valencia,Osasuna,H,2,1.4,4.5,8.0,1538.3681364709364,1434.5788417716408,103.78929469929562,178.8,46.4,1.3332228933364894,4,4,3,5,-2,-1,3.0,0.0
2013-12-01,2013,Granada,Sevilla,A,0,2.8,3.25,2.5,1485.8353041197943,1511.4631920210934,-25.62788790129912,72.8,141.15,-0.6555241064905823,-1,1,1,-3,1,1,0.3333333333333333,2.3333333333333335
2013-12-13,2013,Levante,Elche,H,2,2.3,3.1,3.25,1449.80339359541,1484.4537191360448,-34.65032554063487,41.1,44.6,-0.07985997583200488,0,0,0,0,-4,-1,1.5,1.5
2013-12-14,2013,Barcelona,Villarreal,H,2,1.29,5.5,11.0,1857.4858741650562,1536.3857094340228,321.1001647310334,592.2,77.3,2.024984007267019,8,8,10,9,3,1,2.3333333333333335,0.3333333333333333
2013-12-14,2013,Malaga,Getafe,H,2,2.0,3.4,3.75,1483.0736172898971,1483.9073905209245,-0.8337732310274077,62.5,55.9,0.10974456476636085,3,4,3,2,-1,0,2.0,1.0
2013-12-14,2013,Osasuna,Real Madrid,D,1,11.0,6.5,1.22,1427.490018384151,1806.761938370838,-379.27191998668695,46.4,636.8,-2.5994025258749263,-9,-10,-7,-9,-1,5,0.3333333333333333,2.3333333333333335
2013-12-14,2013,Vallecano,Granada,A,0,2.05,3.3,3.6,1437.8493443904733,1467.6725624532887,-29.823218062815386,49.75,72.8,-0.37444711368452976,0,0,0,0,-2,-1,2.0,1.0
2013-12-15,2013,Almeria,Espanol,D,1,2.7,3.2,2.63,1385.8749402005353,1464.8918788269264,-79.01693862639104,36.45,64.1,-0.5529178392512955,0,0,0,0,1,-2,1.5,1.5
2013-12-15,2013,Sociedad,Betis,H,2,1.73,3.6,4.75,1612.4470502479883,1441.001490568943,171.44555967904535,136.7,58.6,0.8374218316633053,1,-2,1,2,2,-3,0.6666666666666666,1.6666666666666667
2013-12-15,2013,Sevilla,Ath Bilbao,D,1,1.95,3.5,3.75,1529.625933687599,1574.054859523968,-44.42892583636899,141.15,10.0,2.5589875652986382,0,-1,-2,-1,1,2,1.0,2.0
2013-12-15,2013,Ath Madrid,Valencia,H,2,1.33,4.75,10.0,1717.6468702762593,1545.4569598584262,172.18991041783306,267.0,178.8,0.39914185847333616,-4,-4,-3,-5,4,0,0.6666666666666666,1.6666666666666667
2013-12-16,2013,Valladolid,Celta,H,2,2.38,3.25,3.0,1427.1865137855398,1424.0878367299972,3.0986770555425664,38.8,49.1,-0.23015409580042734,0,0,0,0,-3,-1,0.0,3.0
2013-12-20,2013,Elche,Malaga,A,0,2.3,3.2,3.2,1472.2422836893563,1493.9048616542323,-21.662577964875936,44.6,62.5,-0.33113218937830524,-3,-4,-2,-1,-2,0,1.5,1.5
2013-12-21,2013,Ath Madrid,Levante,H,2,1.14,7.5,17.0,1722.8268430543824,1462.0148290420984,260.81201401228395,267.0,41.1,1.8509392398225208,0,0,0,0,4,-3,1.3333333333333333,1.3333333333333333
2013-12-21,2013,Betis,Almeria,A,0,1.73,3.75,4.5,1435.8031291051907,1384.9701284366581,50.83300066853258,58.6,36.45,0.4646488641080757,0,1,-1,0,-4,0,1.5,1.5
2013-12-21,2013,Granada,Sociedad,A,0,2.4,3.3,2.88,1485.6617962826201,1617.6454117117405,-131.9836154291204,72.8,136.7,-0.6237186741281828,-1,1,0,-2,1,3,1.6666666666666667,0.6666666666666666
2013-12-21,2013,Villarreal,Sevilla,A,0,1.85,3.6,4.0,1533.944992038673,1527.246989766229,6.6980022724440005,77.3,141.15,-0.5963352351002511,1,2,0,-1,1,2,1.3333333333333333,1.3333333333333333
2013-12-22,2013,Celta,Osasuna,D,1,1.8,3.5,4.5,1413.412758729141,1437.4824324820236,-24.069673752882636,49.1,46.4,0.0553987793897881,0,0,0,0,-1,-2,1.5,1.5
2013-12-22,2013,Espanol,Valladolid,H,2,1.8,3.4,4.75,1465.7966905908036,1437.861591786396,27.935098804407517,64.1,38.8,0.49205763692413207,0,0,0,0,-2,-2,1.0,1.0
2013-12-22,2013,Ath Bilbao,Vallecano,H,2,1.44,4.33,7.0,1576.4338034453378,1419.860110561142,156.5736928841959,10.0,49.75,-1.5290163451235261,1,0,1,4,2,-2,1.3333333333333333,1.3333333333333333
2013-12-22,2013,Valencia,Real Madrid,A,0,5.5,4.0,1.57,1540.2769870803031,1796.7695242729653,-256.4925371926622,178.8,636.8,-1.266179632538437,-5,-6,-4,-4,0,4,0.6666666666666666,1.6666666666666667
2013-12-22,2013,Getafe,Barcelona,A,0,7.0,4.75,1.4,1473.0761461565894,1859.926591560406,-386.8504454038166,55.9,592.2,-2.3442362691314917,-10,-9,-10,-12,-2,3,0.0,3.0
2014-01-04,2013,Almeria,Granada,H,2,2.4,3.2,3.0,1406.1016621795723,1472.0387525511564,-65.93709037158419,36.45,72.8,-0.6783520216431982,0,0,0,0,0,-1,1.5,1.5
2014-01-04,2013,Malaga,Ath Madrid,A,0,6.0,4.1,1.53,1512.230788777995,1726.1674147493632,-213.93662597136813,62.5,267.0,-1.4399470746122107,3,4,2,1,0,4,0.3333333333333333,2.3333333333333335
2014-01-04,2013,Valencia,Levante,H,2,1.44,4.2,7.5,1531.6106711616612,1458.6742573471176,72.93641381454358,178.8,41.1,1.4517973813491847,4,4,3,5,-2,-3,0.6666666666666666,1.6666666666666667
2014-01-04,2013,Valladolid,Betis,D,1,2.38,3.25,3.0,1428.1481880711347,1414.6715953622765,13.476592708858107,38.8,58.6,-0.40378866178091233,0,-1,1,0,-2,-4,0.5,2.0
2014-01-05,2013,Barcelona,Elche,H,2,1.07,11.0,26.0,1864.75481867941,1453.9163565655936,410.8384621138164,592.2,44.6,2.565623893743436,10,9,9,11,3,-2,1.5,1.5
2014-01-05,2013,Osasuna,Espanol,H,2,2.4,3.2,3.0,1440.7093956887225,1475.510094306065,-34.800698617342505,46.4,64.1,-0.31730232051349283,0,0,0,0,-1,0,2.0,1.0
2014-01-05,2013,Sevilla,Getafe,H,2,1.53,4.2,5.75,1546.713959250314,1468.2479190375855,78.46604021272856,141.15,55.9,0.915587496964724,1,-1,0,4,4,-2,1.3333333333333333,1.3333333333333333
2014-01-05,2013,Sociedad,Ath Bilbao,H,2,2.15,3.4,3.3,1631.2684554432042,1582.0104284889326,49.2580269542716,136.7,10.0,2.5271821329362387,0,-1,-1,-2,3,4,2.0,1.0
2014-01-06,2013,Real Madrid,Celta,H,2,1.1,9.0,21.0,1805.4358401916072,1410.185795522442,395.25004466916516,636.8,49.1,2.544003746485138,9,10,7,9,4,-2,3.0,0.0
2014-01-06,2013,Vallecano,Villarreal,A,0,3.3,3.4,2.15,1414.2834855175472,1514.478022554588,-100.19453703704085,49.75,77.3,-0.433635985074861,-2,-1,1,-2,-2,-1,0.0,3.0
2014-01-10,2013,Granada,Valladolid,H,2,2.0,3.3,3.8,1458.504672761374,1423.4160911127028,35.08858164867115,72.8,38.8,0.6174918193160348,0,0,0,0,-3,-2,0.5,2.0
2014-01-11,2013,Celta,Valencia,H,2,3.1,3.3,2.3,1408.5467331761565,1539.7054720490285,-131.15873887287194,49.1,178.8,-1.2778241139467013,-4,-4,-3,-5,-2,-1,0.0,3.0
2014-01-11,2013,Elche,Sevilla,D,1,3.3,3.4,2.15,1452.4109088325486,1554.622003143094,-102.21109431054538,44.6,141.15,-1.1369751215766684,-1,1,1,-3,-3,4,1.5,1.5
2014-01-11,2013,Ath Bilbao,Almeria,H,2,1.4,4.5,7.5,1573.085222169749,1419.6357419693547,153.4494802003942,10.0,36.45,-1.2251114371648577,1,0,1,4,2,0,3.0,0.0
2014-01-11,2013,Ath Madrid,Barcelona,D,1,3.1,3.5,2.2,1736.4174406917002,1866.260266412455,-129.84282572075472,267.0,592.2,-0.7945446297529202,-10,-9,-9,-11,5,3,0.0,3.0
2014-01-12,2013,Betis,Osasuna,A,0,1.8,3.5,4.5,1419.4036923207084,1452.9270993963682,-33.52340707565986,58.6,46.4,0.2290333453702731,0,1,-1,0,-3,1,2.3333333333333335,0.3333333333333333
2014-01-12,2013,Espanol,Real Madrid,A,0,7.5,5.5,1.33,1463.2923905984192,1807.0749025378927,-343.7825119394736,64.1,636.8,-2.2821002053614334,-9,-10,-7,-9,0,4,0.6666666666666666,1.6666666666666667
2014-01-12,2013,Getafe,Vallecano,A,0,2.0,3.4,3.75,1460.3398751448055,1399.2918843556981,61.047990789107416,55.9,49.75,0.11438372321038814,0,0,-1,-1,-3,-4,0.0,3.0
2014-01-12,2013,Levante,Malaga,H,2,2.5,3.2,2.88,1450.5794564597504,1501.980762835658,-51.40130637590755,41.1,62.5,-0.4109921652103101,-3,-4,-2,-1,-3,0,0.0,3.0
2014-01-13,2013,Villarreal,Sociedad,H,2,1.91,3.5,4.0,1529.4696237164371,1640.1936617623878,-110.72403804595069,77.3,136.7,-0.5645298027378516,1,2,-1,0,0,5,1.6666666666666667,0.6666666666666666
2014-01-17,2013,Malaga,Valencia,D,1,2.7,3.2,2.63,1489.065359110701,1523.3638360972045,-34.2984769865036,62.5,178.8,-1.0408052161388746,-1,0,-1,-4,0,-1,1.0,2.0
2014-01-18,2013,Betis,Real Madrid,A,0,8.5,6.0,1.29,1401.5681847239248,1812.9935732275874,-411.4253885036626,58.6,636.8,-2.370369180504653,-9,-9,-8,-9,-3,4,1.0,2.0
2014-01-18,2013,Elche,Vallecano,H,2,2.38,3.2,3.0,1452.5063681587937,1420.7862788169316,31.72008934186215,44.6,49.75,-0.10700390140155625,0,0,0,0,-4,-2,0.0,3.0
2014-01-18,2013,Granada,Osasuna,D,1,2.0,3.2,4.0,1467.9495843205545,1470.7626069931518,-2.813022672597299,72.8,46.4,0.44273650290539557,0,0,0,0,-1,1,3.0,0.0
2014-01-18,2013,Espanol,Celta,H,2,2.0,3.25,3.9,1457.3737199087245,1424.8883691279805,32.48535078074406,64.1,49.1,0.26190354112370473,0,0,0,0,-2,0,1.3333333333333333,1.3333333333333333
2014-01-19,2013,Ath Madrid,Sevilla,D,1,1.36,4.75,8.5,1737.7026997740686,1554.5265438168487,183.17615595721986,267.0,141.15,0.6341041424138476,-1,1,1,-3,4,3,3.0,0.0
2014-01-19,2013,Getafe,Sociedad,D,1,3.0,3.4,2.3,1438.845480683572,1624.7308148017075,-185.88533411813546,55.9,136.7,-0.8837820646023244,-1,1,-1,-3,-3,3,1.3333333333333333,1.3333333333333333
2014-01-19,2013,Levante,Barcelona,D,1,15.0,7.0,1.17,1463.4948601847075,1864.9750073300866,-401.4801471453791,41.1,592.2,-2.645483869575441,-10,-9,-9,-11,-1,2,0.0,3.0
2014-01-19,2013,Villarreal,Almeria,H,2,1.33,5.0,9.0,1544.9324706771174,1413.9770060422325,130.95546463488495,77.3,36.45,0.7375408930335294,2,1,-1,2,0,0,2.3333333333333335,0.3333333333333333
2014-01-20,2013,Ath Bilbao,Valladolid,H,2,1.36,4.75,8.5,1578.7439580968712,1413.9711795535222,164.77277854334898,10.0,38.8,-1.285971639492021,1,0,1,4,2,-2,2.3333333333333335,0.3333333333333333
2014-01-24,2013,Celta,Betis,H,2,2.1,3.4,3.4,1415.3462135280138,1397.2859560166917,18.060257511322106,49.1,58.6,-0.173634565980485,0,-1,1,0,-2,-4,1.0,2.0
2014-01-25,2013,Sevilla,Levante,A,0,1.36,4.75,8.5,1564.6120151229518,1473.9981417229696,90.61387339998214,141.15,41.1,1.2168350974086732,1,-1,-1,3,2,0,0.6666666666666666,1.6666666666666667
2014-01-25,2013,Real Madrid,Granada,H,2,1.05,15.0,26.0,1817.2758019348205,1463.8598038735781,353.41599806124236,636.8,72.8,2.1566660229695307,9,10,7,9,4,0,2.0,1.0
2014-01-25,2013,Valladolid,Villarreal,H,2,4.0,3.3,1.95,1408.6056632569569,1551.2098000574294,-142.6041368004726,38.8,77.3,-0.676680690706366,-2,-1,1,-2,-2,1,0.0,3.0
2014-01-25,2013,Valencia,Espanol,D,1,1.53,4.0,6.0,1526.1670634174693,1466.9158755086912,59.25118790877809,178.8,64.1,1.0159205728229965,4,4,3,5,-2,0,1.3333333333333333,1.3333333333333333
2014-01-26,2013,Almeria,Getafe,H,2,2.4,3.2,3.0,1407.6996766619204,1442.4797228264479,-34.78004616452745,36.45,55.9,-0.41828863116905657,0,0,1,1,0,-4,0.3333333333333333,2.3333333333333335
2014-01-26,2013,Barcelona,Malaga,H,2,1.08,10.0,23.0,1854.4717257918244,1486.2621317904361,368.20959400138827,592.2,62.5,2.234491704365131,7,5,7,10,3,0,3.0,0.0
2014-01-26,2013,Osasuna,Ath Bilbao,A,0,3.5,3.2,2.15,1474.8523874401283,1584.1094743934366,-109.25708695330832,46.4,10.0,1.4607269559026603,-1,0,-1,-4,2,2,0.0,3.0
2014-01-26,2013,Vallecano,Ath Madrid,A,0,8.0,4.5,1.4,1411.2154353584028,1727.6172284679656,-316.40179310956273,49.75,267.0,-1.6640753625889597,0,0,0,0,-3,3,1.0,2.0
2014-01-27,2013,Sociedad,Elche,H,2,1.5,4.0,7.0,1621.0965726588317,1462.0772116173225,159.01936104150923,136.7,44.6,1.1051696892142688,1,-1,0,2,2,-2,1.0,1.0
2014-01-31,2013,Granada,Celta,A,0,2.1,3.5,3.25,1461.805014142776,1425.4366676234729,36.36834651930303,72.8,49.1,0.38733772351560747,0,0,0,0,-2,0,1.3333333333333333,1.3333333333333333
2014-02-01,2013,Getafe,Valladolid,D,1,2.0,3.4,3.75,1430.2628800703742,1425.4358674216137,4.827012648760501,55.9,38.8,0.3574284288418932,0,0,-1,-1,-4,-2,1.0,2.0
2014-02-01,2013,Barcelona,Valencia,A,0,1.13,8.0,19.0,1856.3693861825896,1519.735842460621,336.63354372196864,592.2,178.8,1.1936864882262563,6,5,6,6,3,-1,2.3333333333333335,0.3333333333333333
2014-02-01,2013,Levante,Vallecano,D,1,2.15,3.3,3.4,1496.4905418634012,1404.5121201588322,91.97842170456897,41.1,49.75,-0.18686387723356113,0,0,0,0,0,-3,1.0,2.0
2014-02-01,2013,Malaga,Sevilla,H,2,2.8,3.4,2.4,1484.364471399671,1542.1196149825203,-57.755143582849314,62.5,141.15,-0.8058429321983631,2,5,3,-2,-2,1,1.6666666666666667,0.6666666666666666
2014-02-02,2013,Elche,Almeria,H,2,2.0,3.4,3.75,1456.5642200499117,1419.916519417994,36.64770063191759,44.6,36.45,0.19690100655711218,0,0,0,0,-2,1,1.0,1.0
2014-02-02,2013,Ath Bilbao,Real Madrid,D,1,5.25,4.0,1.62,1598.7099083698008,1819.3305916656227,-220.6206832958219,10.0,636.8,-4.060129481777587,-8,-10,-6,-5,3,5,0.0,3.0
2014-02-02,2013,Ath Madrid,Sociedad,H,2,1.3,5.0,10.0,1734.3205436675362,1626.6095642262426,107.7109794412936,267.0,136.7,0.6659095747762471,-1,1,0,-2,3,2,2.0,1.0
2014-02-02,2013,Betis,Espanol,H,2,2.3,3.2,3.2,1387.1955019212326,1473.3470964655396,-86.15159454430704,58.6,64.1,-0.08826897514321974,0,1,-1,0,-4,0,1.3333333333333333,1.3333333333333333
2014-02-03,2013,Villarreal,Osasuna,H,2,1.33,5.0,9.0,1534.3795958927726,1460.251953463764,74.12764242900857,77.3,46.4,0.5019253742957268,2,1,-1,2,1,1,1.3333333333333333,1.3333333333333333
2014-02-07,2013,Espanol,Granada,H,2,1.8,3.5,4.5,1458.9446637650613,1441.202316831146,17.742346933915314,64.1,72.8,-0.12543418239190274,0,0,0,0,-2,-2,1.3333333333333333,1.3333333333333333
2014-02-08,2013,Valencia,Betis,H,2,1.44,4.33,7.0,1547.488253645715,1401.597934621711,145.89031902400416,178.8,58.6,1.1041895479662163,4,3,4,5,1,-2,1.0,2.0
2014-02-08,2013,Vallecano,Malaga,H,2,2.4,3.2,3.0,1412.0486475532932,1497.5495496159108,-85.50090206261757,49.75,62.5,-0.224128287976749,-3,-4,-2,-1,-2,-2,1.0,2.0
2014-02-08,2013,Almeria,Ath Madrid,H,2,10.0,5.25,1.29,1410.5295916866817,1741.2878792814547,-330.75828759477304,36.45,267.0,-1.9679802705476281,0,0,0,0,-1,3,0.6666666666666666,1.6666666666666667
2014-02-08,2013,Real Madrid,Villarreal,H,2,1.33,5.0,8.5,1814.3225846857042,1542.4339302185606,271.8886544671436,636.8,77.3,2.0974771515791995,7,9,8,7,4,3,1.6666666666666667,0.6666666666666666
2014-02-09,2013,Osasuna,Getafe,H,2,2.1,3.2,3.6,1452.197619137976,1425.8696416224907,26.327977515485372,46.4,55.9,-0.18267311243125395,0,0,1,1,0,-3,1.3333333333333333,1.3333333333333333
2014-02-09,2013,Sevilla,Barcelona,A,0,6.0,4.0,1.53,1528.9345367662804,1828.6169749974954,-299.682438231215,141.15,592.2,-1.4286487721667678,-9,-10,-10,-8,-1,1,0.0,3.0
2014-02-09,2013,Sociedad,Levante,D,1,1.44,4.33,7.0,1619.642228612324,1488.9540144689402,130.6882141433839,136.7,41.1,1.1850296650462737,1,-1,0,2,0,1,0.6666666666666666,1.6666666666666667
2014-02-09,2013,Valladolid,Elche,D,1,2.05,3.2,3.8,1429.8291058694972,1465.951147781224,-36.12204191172691,38.8,44.6,-0.1360408042299488,0,0,0,0,-1,0,1.0,1.0
2014-02-10,2013,Celta,Ath Bilbao,D,1,3.1,3.3,2.3,1446.0393649351029,1603.7179153497193,-157.67855041461644,49.1,10.0,1.5161257352924484,-1,0,-1,-4,1,2,0.3333333333333333,2.3333333333333335
2014-02-14,2013,Elche,Osasuna,D,1,2.1,3.2,3.6,1468.6783211915965,1461.97188807586,6.706433115736445,44.6,46.4,-0.03871451218069044,0,0,0,0,1,0,0.0,3.0
2014-02-15,2013,Levante,Almeria,H,2,2.05,3.1,4.0,1497.6690452238704,1434.2466262856026,63.42241893826781,41.1,36.45,0.1170410307251073,0,0,0,0,2,-1,2.3333333333333335,0.3333333333333333
2014-02-15,2013,Villarreal,Celta,A,0,1.53,4.0,6.0,1539.2780043496496,1448.5069210102301,90.77108333941942,77.3,49.1,0.4465265949059387,2,1,-1,2,1,2,1.0,1.0
2014-02-15,2013,Ath Madrid,Valladolid,H,2,1.18,7.0,13.0,1717.5708446825338,1427.1019324591248,290.468912223409,267.0,38.8,1.9071200682204648,0,0,0,0,1,-1,3.0,0.0
2014-02-15,2013,Barcelona,Vallecano,H,2,1.07,11.0,29.0,1835.8345821578578,1426.4230343109093,409.41154784694845,592.2,49.75,2.45861999234188,10,9,9,11,1,0,3.0,0.0
2014-02-16,2013,Ath Bilbao,Espanol,A,0,1.57,3.8,6.0,1601.250359274592,1469.0473764767994,132.20298279779263,10.0,64.1,-1.7780292764161532,1,0,1,4,3,0,0.3333333333333333,2.3333333333333335
2014-02-16,2013,Getafe,Real Madrid,A,0,10.0,5.25,1.29,1416.0953726846067,1817.4785105546152,-401.38313787000857,55.9,636.8,-2.4167294134436723,-9,-10,-8,-10,-3,4,1.0,2.0
2014-02-16,2013,Granada,Betis,H,2,2.1,3.2,3.6,1431.0996041194078,1395.7366983743864,35.36290574502141,72.8,58.6,0.21370315753512248,0,-1,1,0,-2,-3,1.3333333333333333,1.3333333333333333
2014-02-16,2013,Sevilla,Valencia,D,1,2.0,3.6,3.5,1521.716929605918,1553.3494898930396,-31.632560287121578,141.15,178.8,-0.23496228394051144,-3,-5,-4,-2,-3,1,1.0,2.0
2014-02-17,2013,Malaga,Sociedad,A,0,2.7,3.25,2.6,1483.1751628582947,1610.9271978573938,-127.75203499909912,62.5,136.7,-0.7740374998359636,2,5,2,-1,-2,-1,0.3333333333333333,2.3333333333333335
2014-02-21,2013,Valladolid,Levante,D,1,2.1,3.1,3.8,1424.2355423524825,1506.091601832132,-81.8560594796495,38.8,41.1,-0.056180828397943916,0,0,0,0,-1,2,1.3333333333333333,1.3333333333333333
2014-02-22,2013,Almeria,Malaga,D,1,2.5,3.2,2.88,1425.824069677341,1469.3707728201368,-43.54670314279588,36.45,62.5,-0.5280331959354174,-3,-4,-2,-1,-1,-2,0.3333333333333333,2.3333333333333335
2014-02-22,2013,Celta,Getafe,D,1,1.75,3.6,4.75,1471.0044139103823,1411.5965190926242,59.407894817758006,49.1,55.9,-0.12727433304146585,0,0,1,1,2,-3,1.0,2.0
2014-02-22,2013,Real Madrid,Elche,H,2,1.07,11.0,29.0,1821.9773641465977,1464.2110200009888,357.76634414560885,636.8,44.6,2.6381170380556167,9,10,7,9,4,1,3.0,0.0
2014-02-22,2013,Sociedad,Barcelona,H,2,7.5,5.0,1.36,1624.7315878955517,1837.3518185658759,-212.6202306703242,136.7,592.2,-1.4604542045291673,-9,-10,-9,-9,1,2,1.0,2.0
2014-02-23,2013,Betis,Ath Bilbao,A,0,2.88,3.4,2.38,1386.3020029962918,1577.4921163430083,-191.19011334671654,58.6,10.0,1.6897603012729334,-1,1,-2,-4,-3,1,1.3333333333333333,1.3333333333333333
2014-02-23,2013,Osasuna,Ath Madrid,H,2,7.0,4.0,1.5,1466.4391892664678,1720.437234789176,-253.99804552270825,46.4,267.0,-1.7323647518098255,0,0,0,0,-1,2,0.0,3.0
2014-02-23,2013,Vallecano,Sevilla,A,0,3.1,3.4,2.25,1424.9057979028912,1518.8027863734192,-93.89698847052796,49.75,141.15,-1.0299712201751121,-1,1,1,-3,-2,-3,0.3333333333333333,2.3333333333333335
2014-02-23,2013,Valencia,Granada,H,2,1.5,4.1,6.5,1556.2636331255385,1440.5342994975024,115.7293336280361,178.8,72.8,0.8904863904310938,4,4,3,5,2,-2,3.0,0.0
2014-02-24,2013,Espanol,Villarreal,A,0,2.5,3.25,2.8,1492.805619408383,1516.7805114494975,-23.974892041114344,64.1,77.3,-0.18462305378223398,-2,-1,1,-2,2,-1,0.6666666666666666,1.6666666666666667
2014-02-28,2013,Ath Bilbao,Granada,H,2,1.4,4.5,7.5,1588.643103683236,1433.8108122975789,154.83229138565707,10.0,72.8,-1.903463458808056,1,0,1,4,1,-3,2.0,1.0
2014-03-01,2013,Elche,Celta,H,2,2.5,3.1,2.9,1462.203648215218,1464.5676721227126,-2.364023907494584,44.6,49.1,-0.09411329157047854,0,0,0,0,-1,3,3.0,0.0
2014-03-01,2013,Getafe,Espanol,D,1,2.6,3.2,2.75,1418.033260880294,1474.574753761001,-56.54149288070698,55.9,64.1,-0.13462920808223888,0,0,-1,-1,-3,0,2.0,1.0
2014-03-01,2013,Levante,Osasuna,H,2,2.3,3.2,3.2,1506.8742273872012,1487.6841111592814,19.190116227919816,41.1,46.4,-0.11857448801269532,0,0,0,0,2,0,1.0,2.0
2014-03-01,2013,Malaga,Valladolid,D,1,1.85,3.4,4.33,1471.7868322958666,1423.4529167974133,48.33391549845328,62.5,38.8,0.46717299360825404,3,4,2,1,-2,0,1.6666666666666667,0.6666666666666666
2014-03-02,2013,Ath Madrid,Real Madrid,D,1,3.5,3.4,2.05,1699.1923128963624,1823.9847359323685,-124.79242303600608,267.0,636.8,-0.8670377740651007,-9,-10,-7,-9,1,4,1.0,2.0
2014-03-02,2013,Barcelona,Almeria,H,2,1.05,13.0,34.0,1817.653039981533,1423.4080102016112,394.2450297799219,592.2,36.45,2.7625249003005483,10,9,9,11,1,0,3.0,0.0
2014-03-02,2013,Vallecano,Valencia,H,2,3.3,3.3,2.2,1409.6423368120052,1562.987120325462,-153.34478351345683,49.75,178.8,-1.2649335041156236,-4,-4,-3,-5,-2,3,1.0,2.0
2014-03-02,2013,Villarreal,Betis,D,1,1.36,4.75,8.5,1535.0113770968796,1375.1510156560641,159.8603614408155,77.3,58.6,0.2728920289254537,2,0,0,2,-1,-3,1.0,2.0
2014-03-02,2013,Sevilla,Sociedad,H,2,1.91,3.75,3.6,1534.0662474643052,1644.4303664798945,-110.36411901558927,141.15,136.7,0.03180543236239952,0,0,-1,1,-2,2,0.3333333333333333,2.3333333333333335
2014-03-08,2013,Betis,Getafe,H,2,1.91,3.4,4.0,1384.6597755521946,1416.1667306920867,-31.50695513989217,58.6,55.9,0.04636023293901914,0,1,0,1,-2,-2,1.3333333333333333,1.3333333333333333
2014-03-08,2013,Celta,Ath Madrid,A,0,4.0,3.4,1.91,1453.6753900225494,1700.2608747465313,-246.58548472398184,49.1,267.0,-1.6769659724200374,0,0,0,0,1,0,0.0,3.0
2014-03-08,2013,Granada,Villarreal,H,2,3.4,3.2,2.2,1428.1885335017632,1525.5026172007492,-97.314083698986,72.8,77.3,-0.059188871390331244,-2,-1,1,-2,-3,0,1.0,2.0
2014-03-08,2013,Valladolid,Barcelona,H,2,12.0,7.0,1.2,1429.4943211689456,1819.301089896493,-389.8067687275475,38.8,592.2,-2.701664697973385,-10,-9,-9,-11,-1,1,0.0,3.0
2014-03-09,2013,Espanol,Elche,H,2,1.75,3.5,4.75,1476.4412839492081,1473.095930315381,3.345353633827017,64.1,44.6,0.35601683269418327,0,0,0,0,0,1,0.0,3.0
2014-03-09,2013,Almeria,Sevilla,A,0,3.4,3.4,2.1,1421.7599602866512,1549.5135697756239,-127.75360948897264,36.45,141.15,-1.3338761281337805,-1,1,1,-3,-2,0,1.0,2.0
2014-03-09,2013,Valencia,Ath Bilbao,D,1,2.25,3.3,3.2,1545.7019695298532,1594.2653824790516,-48.56341294919844,178.8,10.0,2.7939498492391497,3,4,2,1,2,1,1.3333333333333333,1.3333333333333333
2014-03-09,2013,Real Madrid,Levante,H,2,1.05,15.0,29.0,1822.9161740821996,1516.9211736842476,305.995000397952,636.8,41.1,2.7179770138876216,9,10,7,9,3,2,3.0,0.0
2014-03-10,2013,Osasuna,Malaga,A,0,2.3,3.1,3.25,1477.637164862235,1465.7454279243343,11.89173693790076,46.4,62.5,-0.2924176771976148,-3,-4,-2,-1,0,-1,1.3333333333333333,1.3333333333333333
2014-03-10,2013,Sociedad,Vallecano,A,0,1.44,4.5,6.5,1628.9830441685758,1426.927487607614,202.0555565609618,136.7,49.75,0.9981657878127126,1,-1,0,2,0,0,2.0,1.0
2014-03-14,2013,Getafe,Granada,D,1,2.1,3.25,3.5,1404.0860916935403,1443.0725754836046,-38.98648379006431,55.9,72.8,-0.2600633904741416,0,0,-1,-1,-3,-1,1.3333333333333333,1.3333333333333333
2014-03-15,2013,Vallecano,Almeria,H,2,1.83,3.5,4.2,1452.4434164925751,1407.9556377927906,44.487778699784485,49.75,36.45,0.3039049079586684,0,0,0,0,1,-2,3.0,0.0
2014-03-15,2013,Ath Madrid,Espanol,H,2,1.29,5.0,12.0,1709.2828391058308,1487.1065994242265,222.17623968160433,267.0,64.1,1.4150624312963327,0,0,0,0,0,2,2.0,1.0
2014-03-15,2013,Levante,Celta,A,0,2.5,3.1,2.9,1514.278263551082,1444.65342566325,69.6248378878322,41.1,49.1,-0.17397326740248342,0,0,0,0,1,-1,1.3333333333333333,1.3333333333333333
2014-03-15,2013,Malaga,Real Madrid,A,0,12.0,6.0,1.25,1485.4158225482593,1825.5590842153651,-340.1432616671059,62.5,636.8,-2.3069848486773115,-6,-6,-5,-8,-1,4,1.0,2.0
2014-03-16,2013,Sevilla,Valladolid,H,2,1.44,4.33,7.0,1563.3178922694844,1454.73463951513,108.58325275435436,141.15,38.8,1.2730159258066172,1,-1,-1,3,2,0,0.6666666666666666,1.6666666666666667
2014-03-16,2013,Sociedad,Valencia,H,2,2.05,3.5,3.4,1603.4671152836147,1543.497356777487,59.96975850612762,136.7,178.8,-0.26676771630291096,-3,-5,-3,-3,0,1,3.0,0.0
2014-03-16,2013,Barcelona,Osasuna,H,2,1.05,15.0,29.0,1794.0607715503086,1457.9667702383101,336.09400131199845,592.2,46.4,2.5269093815627457,10,9,9,11,1,0,2.3333333333333335,0.3333333333333333
2014-03-16,2013,Elche,Betis,D,1,2.38,3.2,3.0,1462.4306148403628,1396.740414550741,65.69020028962177,44.6,58.6,-0.26774785755096353,0,-1,1,0,-1,-2,3.0,0.0
2014-03-17,2013,Villarreal,Ath Bilbao,D,1,2.25,3.4,3.1,1510.6185752189078,1596.4699952314177,-85.85142001250983,77.3,10.0,1.9626523301983871,1,1,-2,-2,-2,1,0.6666666666666666,1.6666666666666667
2014-03-21,2013,Celta,Malaga,A,0,1.91,3.4,4.0,1466.4454579565681,1479.396991034862,-12.951533078293778,49.1,62.5,-0.2370188978078267,-3,-4,-2,-1,0,-1,1.3333333333333333,1.3333333333333333
2014-03-22,2013,Granada,Elche,H,2,2.05,3.2,3.8,1445.6799920981439,1455.7743159185704,-10.094323820426553,72.8,44.6,0.481451015086086,0,0,0,0,0,-1,3.0,0.0
2014-03-22,2013,Valladolid,Vallecano,D,1,2.4,3.3,2.9,1447.7941272828998,1461.5417443785273,-13.747617095627447,38.8,49.75,-0.24304470563150504,0,0,0,0,-1,1,3.0,0.0
2014-03-22,2013,Ath Bilbao,Getafe,H,2,1.36,5.0,7.5,1597.0805010911622,1401.478675079001,195.60182601216115,10.0,55.9,-1.6434000683339143,1,0,2,5,1,-2,1.0,2.0
2014-03-22,2013,Espanol,Levante,D,1,1.67,3.6,5.5,1483.0465724341718,1492.4862312577638,-9.439658823592026,64.1,41.1,0.43587680852618815,0,0,0,0,0,0,1.0,2.0
2014-03-23,2013,Real Madrid,Barcelona,A,0,2.25,3.5,3.0,1831.5779157287625,1796.3148265932352,35.26308913552725,636.8,592.2,0.07249314431218057,-1,1,-2,-2,4,1,1.3333333333333333,1.3333333333333333
2014-03-23,2013,Valencia,Villarreal,H,2,2.05,3.4,3.5,1534.9538756178283,1510.0080693591633,24.945806258665016,178.8,77.3,0.8312975190407625,2,3,4,3,-1,-1,1.3333333333333333,1.3333333333333333
2014-03-23,2013,Betis,Ath Madrid,A,0,6.0,3.8,1.57,1403.3967134725333,1713.3428660958855,-309.9461526233522,58.6,267.0,-1.5033314064395524,0,1,-1,0,-1,2,0.0,3.0
2014-03-23,2013,Osasuna,Sevilla,A,0,2.9,3.3,2.38,1455.7127151953835,1570.2584045017147,-114.54568930633127,46.4,141.15,-1.098260609395978,-1,1,1,-3,-2,4,1.0,2.0
2014-03-24,2013,Almeria,Sociedad,H,2,3.4,3.4,2.1,1398.8573099068385,1612.0105964432735,-213.15328653643496,36.45,136.7,-1.302070695771381,-1,1,0,-2,-4,1,0.3333333333333333,2.3333333333333335
2014-03-25,2013,Elche,Ath Bilbao,D,1,4.0,3.3,1.95,1444.5714773038994,1601.7081116536426,-157.1366343497432,44.6,10.0,1.4220124437219699,-1,0,-1,-4,-2,3,1.0,1.0
2014-03-25,2013,Malaga,Espanol,A,0,2.45,3.1,3.0,1498.0784634167783,1479.2229707540243,18.85549266275393,62.5,64.1,-0.02488464331587803,3,4,2,1,1,-1,0.6666666666666666,1.6666666666666667
2014-03-26,2013,Barcelona,Celta,H,2,1.05,15.0,34.0,1816.8764146087535,1447.7639855746518,369.11242903410175,592.2,49.1,2.4715106021729576,10,9,9,11,1,-2,2.3333333333333335,0.3333333333333333
2014-03-26,2013,Ath Madrid,Granada,H,2,1.18,6.5,15.0,1720.2416123211674,1456.882830712815,263.3587816083525,267.0,72.8,1.28962824890443,0,0,0,0,2,0,3.0,0.0
2014-03-26,2013,Vallecano,Osasuna,H,2,1.83,3.4,4.5,1465.1908992481308,1441.340336438554,23.850562809576786,49.75,46.4,0.0682893892208658,0,0,0,0,2,-3,0.3333333333333333,2.3333333333333335
2014-03-26,2013,Sevilla,Real Madrid,H,2,5.5,4.5,1.53,1584.6307832585442,1811.0163277132442,-226.38554445470004,141.15,636.8,-1.5011419164789483,-8,-11,-8,-6,5,2,1.0,2.0
2014-03-27,2013,Almeria,Valencia,D,1,3.8,3.5,1.95,1418.5768340994962,1544.7806476428625,-126.20381354336632,36.45,178.8,-1.568838412074292,-4,-4,-3,-5,-2,0,1.0,2.0
2014-03-27,2013,Getafe,Villarreal,A,0,3.3,3.3,2.2,1396.8510645165206,1500.181297334129,-103.33023281760848,55.9,77.3,-0.31925226186447286,-2,-1,0,-3,-2,-1,2.3333333333333335,0.3333333333333333
2014-03-27,2013,Levante,Betis,A,0,2.3,3.2,3.1,1496.3098329379113,1396.4979672472514,99.81186569065994,41.1,58.6,-0.3476078333829684,0,-1,1,0,-1,-1,0.6666666666666666,1.6666666666666667
2014-03-27,2013,Sociedad,Valladolid,H,2,1.44,4.2,7.5,1592.2910722506158,1444.1449724132963,148.14609983731953,136.7,38.8,1.2412104934442176,1,-1,0,2,-1,0,1.6666666666666667,0.6666666666666666
2014-03-29,2013,Celta,Sevilla,H,2,3.0,3.25,2.38,1445.8755427908666,1604.858697910284,-158.98315511941746,49.1,141.15,-1.0428618300061898,-1,1,1,-3,-3,5,2.0,1.0
2014-03-29,2013,Real Madrid,Vallecano,H,2,1.04,13.0,34.0,1790.7884130615043,1475.0593776403884,315.7290354211159,636.8,49.75,2.5311131366540605,9,10,7,9,0,4,3.0,0.0
2014-03-29,2013,Espanol,Barcelona,A,0,9.0,5.0,1.33,1499.1631487103496,1818.7648573925387,-319.60170868218916,64.1,592.2,-2.209607061049253,-10,-9,-9,-11,1,3,0.0,3.0
2014-03-29,2013,Ath Bilbao,Ath Madrid,A,0,2.9,3.3,2.4,1599.2633246583878,1723.538910698989,-124.27558604060118,10.0,267.0,-3.193091707712486,1,0,1,4,2,4,1.0,2.0
2014-03-30,2013,Osasuna,Sociedad,D,1,3.0,3.25,2.38,1431.4718580462963,1598.091310584146,-166.6194525378496,46.4,136.7,-1.0664551770335784,-1,1,0,-2,-5,-1,0.6666666666666666,1.6666666666666667
2014-03-30,2013,Valencia,Getafe,A,0,1.4,4.33,8.5,1543.6514782683125,1381.9948378217453,161.65664044656728,178.8,55.9,1.1505497809052354,4,4,4,6,-1,-3,3.0,0.0
2014-03-30,2013,Valladolid,Almeria,H,2,1.91,3.4,4.0,1438.344734079766,1419.7060034740462,18.638730605719957,38.8,36.45,0.06086020232716338,0,0,0,0,-1,-2,0.0,3.0
2014-03-30,2013,Villarreal,Elche,D,1,1.44,4.33,7.0,1515.0375240289045,1447.0162642991543,68.02125972975023,77.3,44.6,0.5406398864764173,2,1,-1,2,-1,-1,3.0,0.0
2014-03-31,2013,Betis,Malaga,A,0,2.2,3.3,3.3,1419.2844429939662,1478.138285460453,-58.85384246648687,58.6,62.5,-0.06338433182734171,-3,-3,-3,-1,1,0,1.0,2.0
2014-03-31,2013,Granada,Levante,A,0,1.85,3.5,4.2,1453.5855323349933,1473.5233571911965,-19.93782485620318,72.8,41.1,0.5613109909180909,0,0,0,0,0,-2,1.3333333333333333,1.3333333333333333
2014-04-04,2013,Almeria,Osasuna,A,0,2.2,3.2,3.4,1409.637836432616,1434.313312528885,-24.675476096268994,36.45,46.4,-0.23561551873780262,0,0,0,0,-2,-4,2.3333333333333335,0.3333333333333333
2014-04-05,2013,Ath Madrid,Villarreal,H,2,1.5,4.0,7.0,1737.4925515953228,1508.3006440112476,229.19190758407512,267.0,77.3,1.2304393775140987,-2,-1,1,-2,5,-1,2.3333333333333335,0.3333333333333333
2014-04-05,2013,Barcelona,Betis,H,2,1.05,15.0,29.0,1825.372774929198,1402.5162791580779,422.8564957711201,592.2,58.6,2.2978760361924726,10,8,10,11,3,0,3.0,0.0
2014-04-05,2013,Sociedad,Real Madrid,A,0,5.25,4.2,1.57,1595.2498561015573,1793.2993581763694,-198.04950207481215,136.7,636.8,-1.5329473488413479,-8,-11,-7,-7,0,1,0.3333333333333333,2.3333333333333335
2014-04-05,2013,Vallecano,Celta,H,2,2.2,3.3,3.3,1472.5484325255234,1463.3978648728885,9.15056765263489,49.75,49.1,0.012890609831077704,0,0,0,0,2,-1,3.0,0.0
2014-04-06,2013,Elche,Getafe,H,2,2.15,3.2,3.5,1453.7531443168111,1406.549833170393,47.20331114641817,44.6,55.9,-0.2213876246119444,0,0,1,1,-2,-2,1.0,1.0
2014-04-06,2013,Malaga,Granada,H,2,2.05,3.3,3.6,1494.9064492963414,1435.1888809531893,59.71756834315215,62.5,72.8,-0.15031882570778077,3,4,2,1,1,0,1.0,2.0
2014-04-06,2013,Sevilla,Espanol,H,2,1.67,3.75,5.0,1587.3363758282621,1492.5552311736903,94.78114465457179,141.15,64.1,0.7809582888824851,1,-1,-1,3,3,0,2.3333333333333335,0.3333333333333333
2014-04-06,2013,Valladolid,Valencia,D,1,2.8,3.25,2.5,1448.4129011211962,1519.0964829196648,-70.6835817984686,38.8,178.8,-1.5079782097471286,-4,-4,-3,-5,0,-1,0.6666666666666666,1.6666666666666667
2014-04-07,2013,Levante,Ath Bilbao,A,0,3.9,3.4,1.95,1491.9200085730006,1585.309683762054,-93.38967518905338,41.1,10.0,1.342152467889965,-1,0,-1,-4,-2,0,2.0,1.0
2014-04-11,2013,Osasuna,Valladolid,D,1,2.0,3.4,3.75,1452.5153222792633,1447.1502049357277,5.36511734353553,46.4,38.8,0.17475531641063924,0,0,0,0,-2,-1,2.0,1.0
2014-04-12,2013,Granada,Barcelona,H,2,9.5,6.5,1.25,1426.63652634678,1826.7823226578032,-400.1457963110231,72.8,592.2,-2.08417287865735,-10,-9,-9,-11,-2,5,0.0,3.0
2014-04-12,2013,Celta,Sociedad,D,1,2.3,3.3,3.1,1452.9611257623542,1584.3740830942477,-131.4129573318935,49.1,136.7,-1.0110563976437903,-1,1,0,-2,-1,0,0.3333333333333333,2.3333333333333335
2014-04-12,2013,Villarreal,Levante,H,2,1.4,4.2,9.0,1504.380316390638,1476.634652341059,27.745664049578863,77.3,41.1,0.6204998623084221,2,1,-1,2,-1,-2,1.0,2.0
2014-04-12,2013,Real Madrid,Almeria,H,2,1.05,15.0,29.0,1804.175131183679,1391.4358266822378,412.7393045014412,636.8,36.45,2.835018044612729,9,10,7,9,1,-2,2.3333333333333335,0.3333333333333333
2014-04-13,2013,Betis,Sevilla,A,0,3.2,3.4,2.2,1401.1067314294726,1594.7097584528935,-193.60302702342096,58.6,141.15,-0.8692272640257048,-1,2,0,-3,-2,3,0.3333333333333333,2.3333333333333335
2014-04-13,2013,Espanol,Vallecano,D,1,1.83,3.5,4.33,1485.181848549059,1482.9851716360577,2.1966769130012835,64.1,49.75,0.24901293129262703,0,0,0,0,-2,2,2.0,1.0
2014-04-13,2013,Getafe,Ath Madrid,A,0,8.5,4.0,1.44,1397.5502900040185,1741.4128792159324,-343.8625892119139,55.9,267.0,-1.5496916393785716,0,0,-1,-1,-2,5,0.3333333333333333,2.3333333333333335
2014-04-13,2013,Valencia,Elche,H,2,1.62,4.0,5.25,1520.3591791051333,1462.7526874831856,57.606491621947725,178.8,44.6,1.3719374055171798,4,4,3,5,-1,0,0.0,3.0
2014-04-14,2013,Ath Bilbao,Malaga,H,2,1.4,4.5,8.0,1600.5950399939954,1503.4588039027506,97.13623609124488,10.0,62.5,-1.7531446331002751,-2,-4,-1,3,1,1,1.3333333333333333,1.3333333333333333
2014-04-18,2013,Ath Madrid,Elche,H,2,1.2,6.0,15.0,1747.3293601898679,1454.1258366640375,293.2035235258304,267.0,44.6,1.771079263990516,0,0,0,0,5,-1,3.0,0.0
2014-04-19,2013,Levante,Getafe,D,1,2.4,3.1,3.1,1466.9140845833667,1391.633809030083,75.28027555328367,41.1,55.9,-0.30124760044394927,0,0,1,1,-2,-3,1.3333333333333333,1.3333333333333333
2014-04-19,2013,Sociedad,Espanol,H,2,1.75,3.6,4.75,1583.021560167037,1480.8926582837935,102.12890188324354,136.7,64.1,0.7491528565200856,1,-1,0,2,-1,-1,1.3333333333333333,1.3333333333333333
2014-04-19,2013,Osasuna,Valencia,D,1,2.7,3.1,2.7,1448.1008544635195,1528.9860299242814,-80.88517546076196,46.4,178.8,-1.3332228933364894,-4,-4,-3,-5,-1,1,0.0,3.0
2014-04-20,2013,Sevilla,Granada,H,2,1.4,4.5,8.0,1605.7636058307296,1452.1103661370616,153.65323969366796,141.15,72.8,0.6555241064905823,1,-1,-1,3,3,-1,2.3333333333333335,0.3333333333333333
2014-04-20,2013,Vallecano,Betis,H,2,2.0,3.4,3.75,1487.2743619013231,1390.0528840516365,97.22147784968661,49.75,58.6,-0.16074395614940729,0,-1,1,0,1,-3,2.3333333333333335,0.3333333333333333
2014-04-20,2013,Almeria,Celta,A,0,2.5,3.25,2.8,1389.9459483327087,1454.3136486895648,-64.36770035685618,36.45,49.1,-0.2910142981275907,0,0,0,0,-2,-2,0.0,3.0
2014-04-20,2013,Barcelona,Ath Bilbao,H,2,1.2,7.0,12.0,1801.3084828675217,1607.8932901285145,193.41519273900713,592.2,10.0,3.987636337465406,9,9,8,7,3,2,1.3333333333333333,1.3333333333333333
2014-04-21,2013,Malaga,Villarreal,H,2,2.8,3.25,2.5,1496.1605537682315,1514.1008841483304,-17.940330380098885,62.5,77.3,-0.209507697098112,1,3,3,-1,1,0,1.3333333333333333,1.3333333333333333
2014-04-25,2013,Elche,Levante,D,1,1.65,3.6,5.5,1451.2999981312992,1459.929385568578,-8.629387437278865,44.6,41.1,0.07985997583200488,0,0,0,0,-1,-2,0.0,3.0
2014-04-26,2013,Granada,Vallecano,A,0,2.2,3.3,3.3,1446.4570136045436,1494.5699024045043,-48.11288879996073,72.8,49.75,0.37444711368452976,0,0,0,0,-3,2,2.0,1.0
2014-04-26,2013,Real Madrid,Osasuna,H,2,1.05,13.0,34.0,1805.6650095332081,1447.27643278491,358.3885767482982,636.8,46.4,2.5994025258749263,9,10,7,9,1,0,1.6666666666666667,0.6666666666666666
2014-04-26,2013,Getafe,Malaga,H,2,2.1,3.3,3.5,1398.6185080448718,1507.682192926799,-109.0636848819272,55.9,62.5,-0.10974456476636085,-3,-4,-3,-2,-2,1,1.0,2.0
2014-04-26,2013,Betis,Sociedad,A,0,3.1,3.5,2.2,1382.7573435484553,1590.1622587257843,-207.40491517732903,58.6,136.7,-0.8374218316633053,-1,2,-1,-2,-3,1,1.3333333333333333,1.3333333333333333
2014-04-27,2013,Villarreal,Barcelona,A,0,6.5,4.5,1.44,1502.5792449897629,1805.9855719822876,-303.4063269925248,77.3,592.2,-2.024984007267019,-8,-8,-10,-9,0,3,0.3333333333333333,2.3333333333333335
2014-04-27,2013,Valencia,Ath Madrid,A,0,4.33,3.75,1.75,1529.810451602891,1750.1551987226062,-220.3447471197153,178.8,267.0,-0.39914185847333616,4,4,3,5,0,5,1.3333333333333333,1.3333333333333333
2014-04-27,2013,Ath Bilbao,Sevilla,H,2,1.95,3.5,3.75,1603.2162010137486,1611.4169583632477,-8.2007573494991,10.0,141.15,-2.5589875652986382,0,1,2,1,0,3,1.3333333333333333,1.3333333333333333
2014-04-27,2013,Espanol,Almeria,A,0,1.62,3.75,5.5,1473.7519597250462,1373.4129492985105,100.33901042653565,64.1,36.45,0.5529178392512955,0,0,0,0,-2,-4,1.3333333333333333,1.3333333333333333
2014-04-28,2013,Celta,Valladolid,H,2,1.8,3.75,4.2,1470.846647723763,1451.5646727514716,19.281974972291437,49.1,38.8,0.23015409580042734,0,0,0,0,0,0,2.0,1.0
2014-05-02,2013,Vallecano,Ath Bilbao,A,0,3.75,3.6,1.91,1511.7935420486976,1614.3426327803004,-102.54909073160275,49.75,10.0,1.5290163451235261,-1,0,-1,-4,2,1,1.3333333333333333,1.3333333333333333
2014-05-03,2013,Valladolid,Espanol,H,2,2.0,3.4,3.75,1441.521259591411,1450.9488710295875,-9.427611438176427,38.8,64.1,-0.49205763692413207,0,0,0,0,-1,-4,0.6666666666666666,1.6666666666666667
2014-05-03,2013,Osasuna,Celta,A,0,1.91,3.5,4.0,1445.2757596146782,1480.8900608838235,-35.614301269145244,46.4,49.1,-0.0553987793897881,0,0,0,0,0,2,1.3333333333333333,1.3333333333333333
2014-05-03,2013,Barcelona,Getafe,D,1,1.07,11.0,26.0,1813.086337189782,1414.0097300318075,399.0766071579744,592.2,55.9,2.3442362691314917,10,9,10,12,3,0,3.0,0.0
2014-05-03,2013,Malaga,Elche,A,0,2.25,3.25,3.25,1492.2909709398632,1447.443706772514,44.847264167349294,62.5,44.6,0.33113218937830524,3,4,2,1,1,-1,3.0,0.0
2014-05-04,2013,Real Madrid,Valencia,D,1,1.14,7.5,17.0,1807.6656827034399,1519.807870578292,287.8578121251478,636.8,178.8,1.266179632538437,5,6,4,4,3,-1,2.3333333333333335,0.3333333333333333
2014-05-04,2013,Almeria,Betis,H,2,1.57,4.0,5.5,1396.2160379939692,1372.2521094213116,23.96392857265755,36.45,58.6,-0.4646488641080757,0,-1,1,0,-3,-5,3.0,0.0
2014-05-04,2013,Levante,Ath Madrid,H,2,15.0,5.5,1.22,1463.7856769273633,1760.157779747205,-296.37210281984176,41.1,267.0,-1.8509392398225208,0,0,0,0,-1,5,0.3333333333333333,2.3333333333333335
2014-05-04,2013,Sevilla,Villarreal,D,1,1.75,3.6,4.75,1600.2905265966958,1495.4784797822686,104.81204681442728,141.15,77.3,0.5963352351002511,-1,-2,0,1,1,-2,1.3333333333333333,1.3333333333333333
2014-05-05,2013,Sociedad,Granada,D,1,1.44,4.5,6.5,1600.667492852928,1429.2333739603503,171.43411889257777,136.7,72.8,0.6237186741281828,1,-1,0,2,1,-3,1.6666666666666667,0.6666666666666666
2014-05-07,2013,Valladolid,Real Madrid,D,1,11.0,7.0,1.2,1452.6971715846864,1795.5712777543379,-342.87410616965144,38.8,636.8,-2.7741578422855655,-9,-10,-7,-9,1,4,0.0,3.0
2014-05-10,2013,Villarreal,Vallecano,H,2,1.57,4.33,5.0,1503.4214801470052,1496.9035931675182,6.5178869794870025,77.3,49.75,0.433635985074861,2,1,-1,2,-2,2,3.0,0.0
2014-05-10,2013,Levante,Valencia,H,2,3.3,3.4,2.15,1486.4631063411302,1531.902275527394,-45.439169186263825,41.1,178.8,-1.4517973813491847,-4,-4,-3,-5,-1,0,1.3333333333333333,1.3333333333333333
2014-05-11,2013,Espanol,Osasuna,D,1,2.3,3.25,3.1,1439.7729590363122,1427.5273955299924,12.24556350631974,64.1,46.4,0.31730232051349283,0,0,0,0,-4,-1,1.0,2.0
2014-05-11,2013,Elche,Barcelona,D,1,11.0,7.0,1.2,1468.358491265139,1799.6916006687568,-331.33310940361775,44.6,592.2,-2.565623893743436,-10,-9,-9,-11,0,2,0.0,3.0
2014-05-11,2013,Celta,Real Madrid,H,2,6.5,5.0,1.4,1498.6384249685093,1786.5148316293887,-287.8764066608794,49.1,636.8,-2.544003746485138,-9,-10,-7,-9,2,3,0.0,3.0
2014-05-11,2013,Granada,Almeria,A,0,1.91,3.5,4.0,1439.034729457445,1406.0801952827794,32.954534174665696,72.8,36.45,0.6783520216431982,0,0,0,0,-2,-1,0.0,3.0
2014-05-11,2013,Ath Madrid,Malaga,D,1,1.2,6.5,13.0,1737.480350333438,1471.376186447238,266.1041638862,267.0,62.5,1.4399470746122107,-3,-4,-2,-1,3,-1,2.3333333333333335,0.3333333333333333
2014-05-11,2013,Ath Bilbao,Sociedad,D,1,1.75,3.75,4.5,1629.2325816614798,1590.8661373558332,38.36644430564661,10.0,136.7,-2.5271821329362387,0,1,1,2,3,1,0.0,3.0
2014-05-11,2013,Getafe,Sevilla,H,2,1.85,3.6,4.0,1427.4044665528327,1592.3475262319591,-164.94305967912646,55.9,141.15,-0.915587496964724,-1,1,0,-4,-1,2,0.3333333333333333,2.3333333333333335
2014-05-11,2013,Betis,Valladolid,H,2,3.6,3.5,2.0,1362.3879521325014,1461.7536177096356,-99.36566557713422,58.6,38.8,0.40378866178091233,0,1,-1,0,-5,0,1.6666666666666667,0.6666666666666666
2014-05-16,2013,Malaga,Levante,H,2,1.91,3.4,4.0,1483.1249850617519,1499.1267005717743,-16.00171551002245,62.5,41.1,0.4109921652103101,3,4,2,1,-2,1,2.0,1.0
2014-05-17,2013,Barcelona,Ath Madrid,D,1,1.85,3.8,4.5,1790.9581460008321,1725.7315517189243,65.22659428190786,592.2,267.0,0.7945446297529202,10,9,9,11,1,2,2.3333333333333335,0.3333333333333333
2014-05-17,2013,Real Madrid,Espanol,H,2,1.33,5.0,8.5,1764.1114794018883,1435.0887737905714,329.02270561131695,636.8,64.1,2.2821002053614334,9,10,7,9,1,-3,1.6666666666666667,0.6666666666666666
2014-05-17,2013,Valencia,Celta,H,2,1.75,3.75,4.5,1519.23868129675,1521.0417771960097,-1.803095899259688,178.8,49.1,1.2778241139467013,4,4,3,5,-1,4,2.0,1.0
2014-05-18,2013,Sevilla,Elche,H,2,1.8,3.75,4.2,1574.5759136233494,1477.0919459330637,97.48396769028568,141.15,44.6,1.1369751215766684,1,-1,-1,3,0,-1,1.0,1.0
2014-05-18,2013,Valladolid,Granada,A,0,2.1,3.3,3.5,1446.7810040976942,1418.5593191805194,28.221684917174798,38.8,72.8,-0.6174918193160348,0,0,0,0,-1,-2,1.3333333333333333,1.3333333333333333
2014-05-18,2013,Sociedad,Villarreal,A,0,2.0,3.6,3.5,1596.5429045758124,1513.9615983369508,82.58130623886154,136.7,77.3,0.5645298027378516,-1,-2,1,0,2,0,0.6666666666666666,1.6666666666666667
2014-05-18,2013,Vallecano,Getafe,A,0,4.0,3.1,2.05,1486.3634749775727,1445.1760791614424,41.18739581613022,49.75,55.9,-0.11438372321038814,0,0,1,1,0,1,3.0,0.0
2014-05-18,2013,Osasuna,Betis,H,2,1.36,5.0,7.5,1432.2115807757332,1377.3605657444427,54.851015031290444,46.4,58.6,-0.2290333453702731,0,-1,1,0,-2,-3,1.3333333333333333,1.3333333333333333
2014-05-18,2013,Almeria,Ath Bilbao,D,1,2.25,3.4,3.1,1426.555605559705,1623.5558144415006,-197.00020888179552,36.45,10.0,1.2251114371648577,-1,0,-1,-4,1,2,0.0,3.0
2014-08-23,2014,Malaga,Ath Bilbao,H,2,2.8,3.3,2.45,1494.5675312976455,1619.4734991006671,-124.90596780302167,82.8,10.0,2.0305377346896663,0,-5,1,-2,0,1,1.0,2.0
2014-08-23,2014,Sevilla,Valencia,D,1,2.05,3.5,3.5,1581.8631144922897,1530.108572219863,51.75454227242676,166.75,230.0,-0.319942934670002,-1,-2,-1,2,0,-1,1.3333333333333333,1.3333333333333333
2014-08-23,2014,Almeria,Espanol,D,1,2.55,3.3,2.7,1430.6379209005386,1432.7483785514837,-2.1104576509451363,36.45,51.3,-0.33398966110764894,0,0,0,0,2,-4,2.3333333333333335,0.3333333333333333
2014-08-23,2014,Granada,La Coruna,H,2,1.95,3.2,4.2,1438.8567483438285,1432.7589150116746,6.0978333321538685,57.48,53.4,0.07232066157962658,0,0,0,0,-2,-2,2.0,0.5
2014-08-24,2014,Barcelona,Elche,H,2,1.1,9.0,21.0,1784.317930685885,1469.8047450641234,314.5131856217615,603.8,44.6,2.584990108344982,9,11,9,9,2,-1,2.0,0.5
2014-08-24,2014,Celta,Getafe,H,2,1.91,3.4,4.0,1510.1718862728967,1465.9568712729344,44.21501499996225,49.9,55.9,-0.11143241757580791,0,0,1,1,3,3,0.3333333333333333,2.3333333333333335
2014-08-24,2014,Eibar,Sociedad,H,2,3.25,3.4,2.2,1500.0,1574.3137686950183,-74.31376869501833,29.4,96.8,-1.1684819686285959,-2,-1,-1,-5,0,1,1.5,1.5
2014-08-24,2014,Levante,Villarreal,A,0,3.4,3.4,2.1,1487.6841543358807,1536.1907342177449,-48.50657988186413,42.4,77.3,-0.5900881618903986,0,0,0,0,1,0,1.0,2.0
2014-08-25,2014,Vallecano,Ath Madrid,D,1,7.0,4.0,1.5,1465.5826828660806,1732.3717670338715,-266.78908416779086,46.1,308.8,-1.8836539269603958,0,0,0,0,-1,1,1.0,2.0
2014-08-25,2014,Real Madrid,Cordoba,H,2,1.06,11.0,29.0,1766.451874640976,1500.0,266.45187464097603,787.8,50.9,2.7211940131165826,9,8,7,13,1,0,1.5,1.5
2014-08-29,2014,Getafe,Almeria,H,2,2.0,3.4,3.75,1456.84858709308,1426.5200786603464,30.328508432733543,55.9,36.45,0.41828863116905657,0,0,-1,-1,2,3,1.3333333333333333,1.3333333333333333
2014-08-29,2014,Valencia,Malaga,H,2,1.55,4.2,5.5,1536.273208195882,1510.6409702785793,25.632237917302746,230.0,82.8,1.0139847030337563,1,4,0,1,-1,0,2.3333333333333335,0.3333333333333333
2014-08-30,2014,Espanol,Sevilla,A,0,2.5,3.2,2.88,1436.866220791676,1575.6984785162706,-138.83225772459468,51.3,166.75,-1.165478404780914,-1,0,0,-3,-3,-1,0.0,3.0
2014-08-30,2014,Cordoba,Celta,D,1,3.3,3.3,2.2,1496.7545963750697,1519.2801704527512,-22.52557407768154,50.9,49.9,0.019455866615365913,0,0,0,0,-1,3,1.5,1.5
2014-08-30,2014,Ath Madrid,Eibar,H,2,1.22,5.75,13.0,1725.6774212662922,1513.8930522938638,211.7843689724284,308.8,29.4,2.321484319570592,0,0,0,0,0,1,1.5,1.5
2014-08-30,2014,Ath Bilbao,Levante,H,2,1.33,5.0,9.0,1603.4000601197333,1470.4771409634614,132.92291915627197,10.0,42.4,-1.3725641683079886,1,3,0,2,1,0,2.0,1.0
2014-08-31,2014,Villarreal,Barcelona,A,0,5.0,4.2,1.57,1553.3977475901643,1786.8450259622152,-233.44727837205096,77.3,603.8,-2.044350221868565,-9,-11,-9,-9,2,2,0.3333333333333333,2.3333333333333335
2014-08-31,2014,Sociedad,Real Madrid,H,2,7.5,5.0,1.36,1560.4207164011546,1769.6972782659063,-209.27656186475178,96.8,787.8,-2.0875882262476537,-7,-7,-6,-8,-1,1,0.3333333333333333,2.3333333333333335
2014-08-31,2014,Elche,Granada,D,1,2.2,3.2,3.4,1467.277649787793,1449.4134044510008,17.864245336792237,44.6,57.48,-0.24877709892118283,0,0,0,0,-1,0,0.0,3.0
2014-08-31,2014,La Coruna,Vallecano,D,1,2.25,3.3,3.2,1422.2022589045023,1472.27702863366,-50.07476972915765,53.4,46.1,0.14409115283952456,0,0,0,0,-3,-2,0.5,2.0
2014-09-12,2014,Almeria,Cordoba,D,1,2.05,3.3,3.6,1416.8969509042643,1493.4641154769852,-76.56716457272091,36.45,50.9,-0.3263120802086146,0,0,0,0,1,-1,1.5,1.5
2014-09-13,2014,Malaga,Levante,D,1,1.62,3.6,6.0,1500.840291110832,1464.2558447595213,36.58444635131059,82.8,42.4,0.6579735663816777,1,-2,1,0,0,-1,2.0,1.0
2014-09-13,2014,Real Madrid,Ath Madrid,A,0,1.67,3.75,5.0,1750.1290817397578,1729.952069649107,20.177012090650805,787.8,308.8,0.9345858753056575,9,8,7,13,0,0,1.3333333333333333,1.3333333333333333
2014-09-13,2014,Celta,Sociedad,D,1,2.2,3.3,3.3,1522.5706513508358,1579.988912927303,-57.41826157646733,49.9,96.8,-0.6530616534842948,-2,-1,-1,-5,2,-1,0.6666666666666666,1.6666666666666667
2014-09-13,2014,Barcelona,Ath Bilbao,H,2,1.3,5.5,8.5,1796.3511863450883,1609.6213563236734,186.72983002141495,603.8,10.0,4.007002552066952,8,8,9,7,2,1,1.3333333333333333,1.3333333333333333
2014-09-14,2014,Vallecano,Elche,A,0,1.73,3.5,5.0,1474.417759932692,1462.3756612362927,12.042098696399307,46.1,44.6,0.03236528450203169,0,0,0,0,-3,-1,1.5,1.5
2014-09-14,2014,Valencia,Espanol,H,2,1.62,3.75,5.5,1546.0738873636294,1423.535797714009,122.53808964962036,230.0,51.3,1.485421339450916,2,2,1,1,1,-3,0.6666666666666666,1.6666666666666667
2014-09-14,2014,Granada,Villarreal,D,1,3.5,3.2,2.15,1454.3153930025012,1543.8915872072912,-89.57619420479,57.48,77.3,-0.2918627875552344,0,0,0,0,1,2,1.0,2.0
2014-09-14,2014,Sevilla,Getafe,H,2,1.44,4.33,7.0,1589.0289015939375,1466.471714849162,122.55718674477544,166.75,55.9,1.0811794347195063,1,0,1,4,1,2,1.3333333333333333,1.3333333333333333
2014-09-15,2014,Eibar,La Coruna,A,0,2.1,3.2,3.6,1509.618403911049,1420.0615276054702,89.55687630557873,29.4,53.4,-0.5819215454497209,0,0,0,0,0,-2,1.5,1.5
2014-09-19,2014,Elche,Eibar,A,0,2.15,3.0,3.8,1482.0519173781518,1487.1603045721351,-5.10838719398339,44.6,29.4,0.4054651081081646,0,0,0,0,-1,-1,1.5,1.5
2014-09-20,2014,Espanol,Malaga,D,1,2.0,3.3,3.75,1417.014560668375,1495.2295675021232,-78.21500683374825,51.3,82.8,-0.4714366364171596,-1,2,-1,0,-3,1,2.3333333333333335,0.3333333333333333
2014-09-20,2014,La Coruna,Real Madrid,A,0,9.5,6.0,1.25,1442.519626944384,1730.1381016996409,-287.6184747552568,53.4,787.8,-2.6741486494265287,-9,-8,-7,-13,-2,-1,0.3333333333333333,2.3333333333333335
2014-09-20,2014,Ath Madrid,Celta,D,1,1.44,4.2,7.5,1749.943049689224,1520.741399813064,229.20164987616,308.8,49.9,1.806064004426291,0,0,0,0,2,1,3.0,0.0
2014-09-20,2014,Ath Bilbao,Granada,A,0,1.44,4.2,7.5,1604.790315743858,1453.8654961106574,150.9248196332005,10.0,57.48,-1.6707895426431527,1,3,0,2,-1,1,2.0,1.0
2014-09-21,2014,Cordoba,Sevilla,A,0,3.8,3.3,2.0,1494.4742611050544,1595.549577600045,-101.0753164949906,50.9,166.75,-1.1731559856799483,-1,0,0,-3,-1,2,1.5,1.5
2014-09-21,2014,Levante,Barcelona,A,0,15.0,7.5,1.18,1469.86656836823,1801.1822269249037,-331.3156585566737,42.4,603.8,-2.6344383837589636,-9,-11,-9,-9,-2,3,0.3333333333333333,2.3333333333333335
2014-09-21,2014,Sociedad,Almeria,A,0,1.44,4.5,6.5,1581.818164465075,1415.886805276195,165.93135918887992,96.8,36.45,0.9599178670775435,2,1,1,5,-1,0,2.0,1.0
2014-09-21,2014,Villarreal,Vallecano,H,2,1.53,3.8,6.5,1544.341484099135,1454.741503790833,89.59998030830207,77.3,46.1,0.5082746019743856,0,0,0,0,2,-3,3.0,0.0
2014-09-22,2014,Getafe,Valencia,A,0,3.6,3.3,2.05,1459.9510388430544,1552.5951244092635,-92.64408556620901,55.9,230.0,-1.4011223693895083,-2,-2,-2,-2,1,2,1.0,2.0
2014-09-23,2014,Celta,La Coruna,H,2,1.57,3.75,6.0,1531.821263314633,1434.9145529365153,96.90671037811762,49.9,53.4,-0.06650123030541977,0,0,0,0,0,-2,0.5,2.0
2014-09-23,2014,Real Madrid,Elche,H,2,1.08,12.0,23.0,1737.7431757075096,1463.0540330567185,274.68914265079115,787.8,44.6,2.850605086768085,9,8,7,13,1,-2,3.0,0.0
2014-09-24,2014,Almeria,Ath Madrid,A,0,6.0,3.8,1.57,1440.550610392236,1738.863186187655,-298.312575795419,36.45,308.8,-2.1129202180195397,0,0,0,0,0,2,1.3333333333333333,1.3333333333333333
2014-09-24,2014,Granada,Levante,A,0,1.5,3.9,7.0,1478.1397312870058,1463.5995250092587,14.540206277747075,57.48,42.4,0.29822537433516416,0,0,0,0,3,-4,1.3333333333333333,1.3333333333333333
2014-09-24,2014,Eibar,Villarreal,D,1,3.4,3.0,2.3,1506.1581888935684,1551.881983950782,-45.723795057213465,29.4,77.3,-0.9461049945845819,0,0,0,0,0,2,1.5,1.5
2014-09-24,2014,Sevilla,Sociedad,H,2,1.8,3.6,4.33,1610.5031526033135,1557.154359349034,53.3487932542796,166.75,96.8,0.5395501988110194,-1,-1,-1,-2,4,-2,1.3333333333333333,1.3333333333333333
2014-09-24,2014,Malaga,Barcelona,D,1,9.0,5.0,1.33,1496.168870604982,1807.449270283875,-311.280399678893,82.8,603.8,-1.9764648173772859,-8,-13,-8,-9,1,4,0.0,3.0
2014-09-24,2014,Vallecano,Ath Bilbao,H,2,3.1,3.4,2.25,1447.201003939186,1580.5160805675096,-133.3150766283236,46.1,10.0,1.4543777282240016,-1,-3,0,-2,-3,-2,0.3333333333333333,2.3333333333333335
2014-09-25,2014,Espanol,Getafe,H,2,1.67,3.6,5.5,1416.0752575655163,1444.6335059320702,-28.558248366553926,51.3,55.9,-0.08429897006140763,0,0,1,1,-3,-1,1.3333333333333333,1.3333333333333333
2014-09-25,2014,Valencia,Cordoba,H,2,1.33,5.0,8.5,1567.9126573202477,1479.520686101786,88.39197121846178,230.0,50.9,1.4930989203499503,2,2,1,1,4,-2,1.5,1.5
2014-09-26,2014,Elche,Celta,A,0,2.8,3.4,2.4,1459.9433426179085,1539.1268129159996,-79.18347029809115,44.6,49.9,-0.10995520703613648,0,0,0,0,-2,2,3.0,0.0
2014-09-27,2014,Ath Bilbao,Eibar,D,1,1.53,3.75,7.0,1564.082145220779,1503.8337748085555,60.248370412223494,10.0,29.4,-1.0165473356138053,1,3,0,2,-3,0,1.5,1.5
2014-09-27,2014,Villarreal,Real Madrid,A,0,5.25,4.0,1.62,1554.2063980357948,1740.8538661463197,-186.64746811052487,77.3,787.8,-2.3099652002916677,-9,-8,-7,-13,1,1,0.6666666666666666,1.6666666666666667
2014-09-27,2014,Levante,Vallecano,A,0,3.0,3.2,2.4,1483.372931733392,1463.6349392859165,19.737992447475563,42.4,46.1,-0.08181355991601302,0,0,0,0,-2,-1,1.3333333333333333,1.3333333333333333
2014-09-27,2014,Barcelona,Granada,H,2,1.13,8.5,17.0,1799.3072996319463,1458.3663245628725,340.94097506907383,603.8,57.48,2.3362130094237994,9,11,9,9,4,1,2.0,1.0
2014-09-27,2014,Ath Madrid,Sevilla,H,2,1.67,4.0,4.75,1746.1241036320212,1619.2814207017661,126.84268293025502,308.8,166.75,0.6134521521309768,-1,0,0,-3,3,4,2.3333333333333335,0.3333333333333333
2014-09-28,2014,Sociedad,Valencia,D,1,2.63,3.3,2.63,1548.3760912505813,1575.4924809007268,-27.116389650145493,96.8,230.0,-0.8594931334810214,0,-1,0,4,-2,4,3.0,0.0
2014-09-28,2014,La Coruna,Almeria,A,0,2.05,3.4,3.6,1427.6090033351486,1433.2896929478698,-5.680689612721153,53.4,36.45,0.37335744389866843,0,0,0,0,-2,-1,0.5,2.0
2014-09-28,2014,Cordoba,Espanol,D,1,2.7,3.25,2.6,1471.9408625213068,1428.0336177337833,43.907244787523496,50.9,51.3,-0.007677580899034364,0,0,0,0,-3,-1,1.5,1.5
2014-09-28,2014,Getafe,Malaga,H,2,3.0,3.2,2.38,1432.6751457638031,1504.3108412569106,-71.6356954931075,55.9,82.8,-0.387137666355752,-1,2,-2,-1,-3,0,1.0,2.0
2014-10-03,2014,Getafe,Cordoba,D,1,1.95,3.2,4.2,1446.4532736592807,1466.0603881614184,-19.60711450213762,55.9,50.9,0.091976550960442,0,0,-1,-1,-1,-2,1.5,1.5
2014-10-04,2014,Malaga,Granada,H,2,1.8,3.5,4.5,1490.532713361433,1456.169750386831,34.36296297460194,82.8,57.48,0.35974819204651354,1,-2,1,0,-2,-1,1.0,2.0
2014-10-04,2014,Vallecano,Barcelona,A,0,9.0,6.5,1.25,1483.6090566522696,1801.5038738079877,-317.8948171557181,46.1,603.8,-2.5526248238429505,-9,-11,-9,-9,0,4,0.0,3.0
2014-10-04,2014,Valencia,Ath Madrid,H,2,2.75,3.2,2.6,1578.593760642925,1752.5197611545275,-173.92600051160252,230.0,308.8,-0.2935092174609748,2,2,1,1,4,4,0.3333333333333333,2.3333333333333335
2014-10-04,2014,Eibar,Levante,D,1,1.8,3.4,4.75,1510.3000903141801,1463.398814367039,46.90127594714113,29.4,42.4,-0.35601683269418327,0,0,0,0,-1,-2,1.5,1.5
2014-10-04,2014,Almeria,Elche,D,1,2.15,3.1,3.6,1452.2646141022456,1444.0456946502186,8.218919452026967,36.45,44.6,-0.19690100655711218,0,0,0,0,0,-2,0.5,2.0
2014-10-05,2014,Sevilla,La Coruna,H,2,1.4,4.4,8.0,1612.8857631792598,1408.6340821807728,204.25168099848702,166.75,53.4,1.1261106219898944,1,0,0,3,3,-2,2.3333333333333335,0.3333333333333333
2014-10-05,2014,Real Madrid,Ath Bilbao,H,2,1.2,6.5,15.0,1752.1886680304542,1557.6158297151544,194.5728383152998,787.8,10.0,4.272617530490055,8,5,7,11,1,-2,2.3333333333333335,0.3333333333333333
2014-10-05,2014,Celta,Villarreal,A,0,2.38,3.2,3.0,1555.0244608836895,1542.8715961516602,12.15286473202923,49.9,77.3,-0.43068467944028077,0,0,0,0,2,-1,2.0,0.5
2014-10-05,2014,Espanol,Sociedad,H,2,2.5,3.25,2.8,1433.9140920936718,1545.2748115083832,-111.36071941471141,51.3,96.8,-0.6259282059698945,-2,-1,-1,-5,-1,-1,0.3333333333333333,2.3333333333333335
2014-10-17,2014,Granada,Vallecano,A,0,2.2,3.3,3.3,1446.6977870665594,1476.9503739621132,-30.252586895553804,57.48,46.1,0.21641181441915114,0,0,0,0,-2,-1,2.0,1.0
2014-10-18,2014,Ath Bilbao,Celta,D,1,1.91,3.6,3.75,1552.9649890109959,1535.343887786384,17.621101224611948,10.0,49.9,-1.5319676507581064,1,3,0,2,-4,1,1.6666666666666667,0.6666666666666666
2014-10-18,2014,Barcelona,Eibar,H,2,1.1,9.0,21.0,1808.162556498144,1504.3105904929755,303.8519660051686,603.8,29.4,2.990455216453147,9,11,9,9,4,0,1.5,1.5
2014-10-18,2014,Cordoba,Malaga,A,0,3.25,3.0,2.38,1469.4705824105538,1500.0046766817047,-30.534094271150934,50.9,82.8,-0.47911421731619397,-1,2,-1,0,-2,0,1.5,1.5
2014-10-18,2014,Levante,Real Madrid,A,0,13.0,7.5,1.17,1469.3883141882436,1756.8395087346128,-287.45119454636915,42.4,787.8,-2.9000533621820663,-9,-8,-7,-13,-1,3,0.0,3.0
2014-10-19,2014,Villarreal,Almeria,H,2,1.33,5.0,9.0,1562.5521692489658,1447.7378828911537,114.81428635781208,77.3,36.45,0.7375408930335294,0,0,0,0,1,1,2.3333333333333335,0.3333333333333333
2014-10-19,2014,Ath Madrid,Espanol,H,2,1.33,4.75,9.5,1734.3754283877822,1449.404399043509,284.9710293442731,308.8,51.3,1.7789305569118907,0,0,0,0,2,1,2.0,1.0
2014-10-19,2014,Elche,Sevilla,A,0,3.6,3.4,2.05,1448.5724258613104,1617.3218334107892,-168.74940754947875,44.6,166.75,-1.3025670593314507,-1,0,0,-3,-2,3,0.5,2.0
2014-10-19,2014,La Coruna,Valencia,H,2,4.5,3.4,1.83,1404.1980119492434,1596.7380934096702,-192.5400814604268,53.4,230.0,-1.4460535566598964,-2,-2,-1,-1,-3,4,0.3333333333333333,2.3333333333333335
2014-10-20,2014,Sociedad,Getafe,A,0,1.53,4.0,6.0,1529.784504558546,1443.0430794101453,86.7414251484006,96.8,55.9,0.5416292359084869,2,1,2,6,-3,-2,1.3333333333333333,1.3333333333333333
2014-10-24,2014,Celta,Levante,H,2,1.44,4.5,6.0,1540.2364979153501,1461.7777720967827,78.45872581856747,49.9,42.4,0.15940348245011782,0,0,0,0,1,-2,2.0,1.0
2014-10-25,2014,Almeria,Ath Bilbao,A,0,3.3,3.25,2.2,1440.9868774266845,1548.0723788820296,-107.08550145534514,36.45,10.0,1.2251114371648577,-1,-3,0,-2,0,-3,0.3333333333333333,2.3333333333333335
2014-10-25,2014,Cordoba,Sociedad,D,1,3.4,3.2,2.2,1451.5108327108692,1507.418276562136,-55.90744385126686,50.9,96.8,-0.6336057868689289,-2,-1,-1,-5,-3,-4,1.5,1.5
2014-10-25,2014,Eibar,Granada,D,1,2.1,3.1,3.75,1501.6377974576783,1428.7263587746759,72.91143868300242,29.4,57.48,-0.6542422070293474,0,0,0,0,0,-3,1.5,1.5
2014-10-25,2014,Real Madrid,Barcelona,H,2,2.38,3.75,3.0,1764.4500508260737,1810.8353495334413,-46.38529870736761,787.8,603.8,0.2656149784231028,0,-3,-2,4,5,4,1.0,2.0
2014-10-25,2014,Valencia,Elche,H,2,1.36,4.75,8.5,1577.8346900170104,1436.5024341567268,141.33225586028357,230.0,44.6,1.6225099940014527,2,2,1,1,2,-4,1.5,1.5
2014-10-26,2014,Espanol,La Coruna,D,1,1.91,3.4,4.0,1446.4549031885142,1423.1014153419032,23.35348784661096,51.3,53.4,-0.03936778279101949,0,0,0,0,1,-3,2.0,1.0
2014-10-26,2014,Getafe,Ath Madrid,A,0,7.0,3.75,1.53,1465.4093074065552,1737.3249242427771,-271.91561683622194,55.9,308.8,-1.694631586850483,0,0,-1,-1,0,2,0.3333333333333333,2.3333333333333335
2014-10-26,2014,Malaga,Vallecano,H,2,1.83,3.5,4.33,1517.9644263813893,1494.9218022539967,23.042624127392628,82.8,46.1,0.5761600064656647,1,-2,1,0,1,1,2.0,1.0
2014-10-26,2014,Sevilla,Villarreal,H,2,2.0,3.4,3.75,1629.3918251153727,1569.303174713435,60.088650401937684,166.75,77.3,0.7619271728550334,1,0,0,3,3,2,1.3333333333333333,1.3333333333333333
2014-10-31,2014,La Coruna,Getafe,A,0,2.2,3.1,3.5,1428.2139788218835,1457.279727787425,-29.06574896554139,53.4,55.9,-0.04493118727038814,0,0,1,1,-2,0,0.3333333333333333,2.3333333333333335
2014-11-01,2014,Sociedad,Malaga,A,0,2.2,3.4,3.2,1509.311750834074,1527.8637284538806,-18.55197761980662,96.8,82.8,0.1544915695527349,1,3,0,5,-3,2,2.3333333333333335,0.3333333333333333
2014-11-01,2014,Granada,Real Madrid,A,0,12.0,7.0,1.2,1435.6307081005225,1777.1535185479206,-341.5228104473981,57.48,787.8,-2.601827987846902,-9,-8,-7,-13,-4,5,1.0,2.0
2014-11-01,2014,Barcelona,Celta,A,0,1.13,8.5,17.0,1798.1318818115944,1548.144787008075,249.98709480351954,603.8,49.9,2.4750349013088457,9,11,9,9,2,2,2.3333333333333335,0.3333333333333333
2014-11-01,2014,Ath Madrid,Cordoba,H,2,1.18,6.5,15.0,1745.4545038619074,1449.6173584389312,295.83714542297616,308.8,50.9,1.786608137810925,0,0,0,0,3,-2,1.5,1.5
2014-11-02,2014,Levante,Almeria,H,2,2.4,3.1,3.1,1453.8694830040579,1426.2927407126704,27.576742291387518,42.4,36.45,0.14745273114313084,0,0,0,0,-2,-2,2.3333333333333335,0.3333333333333333
2014-11-02,2014,Villarreal,Valencia,A,0,2.1,3.4,3.4,1560.76387490686,1583.8206586185831,-23.05678371172303,77.3,230.0,-1.0818701075250354,-2,-2,-1,-1,0,2,1.0,2.0
2014-11-02,2014,Ath Bilbao,Sevilla,H,2,2.4,3.3,2.9,1562.7665155960437,1637.9311249219477,-75.16460932590394,10.0,166.75,-2.7245795030534206,0,3,0,-1,-1,3,1.3333333333333333,1.3333333333333333
2014-11-02,2014,Elche,Espanol,H,2,2.63,3.1,2.75,1430.5164655551541,1441.342339708534,-10.8258741533798,44.6,51.3,-0.13708865455053676,0,0,0,0,-4,1,1.5,1.5
2014-11-03,2014,Vallecano,Eibar,A,0,2.05,3.2,3.8,1485.0225001815054,1494.7334481318317,-9.710947950326272,46.1,29.4,0.4378303926101963,0,0,0,0,1,-1,1.5,1.5
2014-11-07,2014,Cordoba,La Coruna,D,1,2.25,3.1,3.4,1446.8300872238485,1410.1933548414243,36.63673238242427,50.9,53.4,-0.047045363690053854,0,0,0,0,-2,-2,1.5,1.5
2014-11-08,2014,Real Madrid,Vallecano,H,2,1.05,15.0,26.0,1783.1342329059364,1466.209852124324,316.9243807816124,787.8,46.1,2.8182398022660533,9,8,7,13,5,-1,3.0,0.0
2014-11-08,2014,Malaga,Eibar,H,2,1.57,3.75,6.0,1546.317092170563,1513.546096189013,32.77099598154996,82.8,29.4,1.013990399075861,1,-2,1,0,3,0,1.5,1.5
2014-11-08,2014,Celta,Granada,D,1,1.57,3.8,6.0,1574.6147045403616,1429.6499937425067,144.96471079785488,49.9,57.48,-0.13882189188504634,0,0,0,0,2,-4,2.3333333333333335,0.3333333333333333
2014-11-08,2014,Almeria,Barcelona,A,0,17.0,7.5,1.14,1416.565782353297,1771.6619642793078,-355.0961819260108,36.45,603.8,-2.7818911149020944,-9,-11,-9,-9,-2,1,0.0,3.0
2014-11-08,2014,Getafe,Elche,D,1,2.0,3.2,4.0,1475.3003517678842,1441.7488795209176,33.55147224696657,55.9,44.6,0.2213876246119444,0,0,-1,-1,2,-2,0.5,2.0
2014-11-09,2014,Valencia,Ath Bilbao,D,1,1.62,4.0,5.25,1602.0893016647735,1576.6961081141121,25.393193550661408,230.0,10.0,3.0445224377234226,1,-1,1,-1,2,1,0.6666666666666666,1.6666666666666667
2014-11-09,2014,Sociedad,Ath Madrid,H,2,4.33,3.6,1.8,1490.8583871173917,1748.24177507699,-257.3833879595984,96.8,308.8,-1.1530023509419962,2,1,1,5,-3,3,1.0,2.0
2014-11-09,2014,Espanol,Villarreal,D,1,3.1,3.2,2.3,1430.1099257427704,1542.4952318606697,-112.38530611789929,51.3,77.3,-0.4035512319258805,0,0,0,0,-1,-1,0.3333333333333333,2.3333333333333335
2014-11-09,2014,Sevilla,Levante,D,1,1.25,5.5,12.0,1624.0015324038793,1463.5964413634313,160.40509104044804,166.75,42.4,1.352015334745432,1,0,0,3,1,-2,0.3333333333333333,2.3333333333333335
2014-11-21,2014,Ath Bilbao,Espanol,H,2,1.8,3.5,4.5,1581.8863463625953,1430.6444160065273,151.241930356068,10.0,51.3,-1.5591010982725066,1,3,0,2,1,-1,0.0,3.0
2014-11-22,2014,Eibar,Real Madrid,A,0,15.0,6.5,1.18,1504.014636991723,1785.6293917016096,-281.6147547098867,29.4,787.8,-3.2560701948762496,-9,-8,-7,-13,-1,5,1.5,1.5
2014-11-22,2014,Barcelona,Sevilla,H,2,1.2,7.0,11.0,1777.277306302015,1614.4787193019865,162.79858700002842,603.8,166.75,1.2824230490135315,8,11,9,6,1,2,3.0,0.0
2014-11-22,2014,La Coruna,Sociedad,D,1,3.4,3.25,2.15,1415.8060198769897,1512.2236407845137,-96.417620907524,53.4,96.8,-0.586560423178875,-2,-1,-1,-5,-1,-2,1.3333333333333333,1.3333333333333333
2014-11-22,2014,Ath Madrid,Malaga,H,2,1.44,4.2,7.5,1726.876521409868,1555.8485513678531,171.02797004201489,308.8,82.8,1.3074939204947311,-1,2,-1,0,1,5,1.6666666666666667,0.6666666666666666
2014-11-23,2014,Vallecano,Celta,H,2,2.7,3.3,2.55,1463.7146933286508,1565.5011100422032,-101.7864167135524,46.1,49.9,-0.0775899225341048,0,0,0,0,-3,1,3.0,0.0
2014-11-23,2014,Villarreal,Getafe,H,2,1.44,4.5,6.5,1541.9607415969128,1469.802617599805,72.15812399710785,77.3,55.9,0.31925226186447286,0,0,1,1,0,1,1.0,2.0
2014-11-23,2014,Elche,Cordoba,D,1,2.0,3.2,4.0,1447.2466136889968,1441.217422188283,6.02919150071375,44.6,50.9,-0.1294110736515024,0,0,0,0,-1,-2,1.5,1.5
2014-11-23,2014,Levante,Valencia,H,2,5.0,3.75,1.67,1473.119254465324,1596.8990634162903,-123.7798089509663,42.4,230.0,-1.671958269415434,-2,-2,-1,-1,-1,2,1.3333333333333333,1.3333333333333333
2014-11-24,2014,Granada,Almeria,D,1,2.0,3.3,3.8,1438.763588240665,1410.9504403305898,27.81314791007526,57.48,36.45,0.445678105478295,0,0,0,0,-3,-4,0.0,3.0
2014-11-28,2014,Sociedad,Elche,H,2,1.7,3.75,5.0,1512.3782990417685,1442.8059734186477,69.57232562312083,96.8,44.6,0.7630168605204313,2,1,1,5,-1,-1,2.0,0.5
2014-11-29,2014,Getafe,Ath Bilbao,A,0,2.88,3.1,2.63,1461.681308739126,1587.6036588006705,-125.92235006154442,55.9,10.0,1.6434000683339143,-1,-3,-1,-3,0,3,1.0,2.0
2014-11-29,2014,Malaga,Real Madrid,A,0,10.0,6.0,1.29,1550.639851059283,1793.4323357127691,-242.7924846534861,82.8,787.8,-2.2420797958003886,-8,-10,-6,-13,3,5,0.0,3.0
2014-11-29,2014,Celta,Eibar,A,0,1.62,4.0,5.5,1550.42398491259,1496.2116929805634,54.212291932026574,49.9,29.4,0.5154203151443011,0,0,0,0,1,-2,1.5,1.5
2014-11-29,2014,Espanol,Levante,H,2,1.67,3.7,5.5,1424.9271035684521,1489.1443112009895,-64.21720763253734,51.3,42.4,0.1865369299645181,0,0,0,0,-3,0,1.3333333333333333,1.3333333333333333
2014-11-30,2014,Valencia,Barcelona,A,0,6.0,4.33,1.53,1580.874006680625,1782.6930755932724,-201.81906891264748,230.0,603.8,-0.9624801143435295,-7,-9,-8,-8,0,1,1.3333333333333333,1.3333333333333333
2014-11-30,2014,Sevilla,Granada,H,2,1.44,4.5,7.5,1609.062950010729,1433.481603578637,175.581346432092,166.75,57.48,1.0537899604102678,1,0,0,3,0,-2,3.0,0.0
2014-11-30,2014,Cordoba,Villarreal,A,0,4.33,3.6,1.85,1445.6580624586322,1550.0820504575918,-104.42398799895955,50.9,77.3,-0.41122881282491486,0,0,0,0,-2,0,1.5,1.5
2014-11-30,2014,Ath Madrid,La Coruna,H,2,1.18,7.0,17.0,1732.085221718438,1415.6513616197349,316.43386009870324,308.8,53.4,1.7395627741208712,0,0,0,0,3,0,2.3333333333333335,0.3333333333333333
2014-12-01,2014,Almeria,Vallecano,A,0,2.38,3.4,3.0,1416.2324249926178,1478.791818458264,-62.55939346564628,36.45,46.1,-0.22926629105914387,0,0,0,0,-4,-1,0.0,3.0
2014-12-06,2014,La Coruna,Malaga,A,0,3.6,3.25,2.1,1413.149735713765,1541.4795429412848,-128.32980722751972,53.4,82.8,-0.4320688536261401,-1,2,-1,0,-2,1,1.3333333333333333,1.3333333333333333
2014-12-06,2014,Real Madrid,Celta,H,2,1.09,12.0,21.0,1802.5926438307674,1529.1714184751256,273.4212253556418,787.8,49.9,2.7406498797319485,9,8,7,13,5,0,2.0,1.0
2014-12-06,2014,Ath Bilbao,Cordoba,A,0,1.4,4.5,9.0,1601.4865730544973,1430.849051052043,170.63752200245426,10.0,50.9,-1.5514235173734723,1,3,0,2,4,-2,1.5,1.5
2014-12-06,2014,Elche,Ath Madrid,A,0,7.0,3.75,1.57,1434.5962032824775,1734.586847624408,-299.9906443419304,44.6,308.8,-1.9160192114624275,0,0,0,0,-1,3,0.0,3.0
2014-12-07,2014,Barcelona,Espanol,H,2,1.09,12.0,21.0,1793.4188596356241,1438.3876753891723,355.03118424645186,603.8,51.3,2.4479014537944455,9,11,9,9,1,-1,3.0,0.0
2014-12-07,2014,Granada,Valencia,D,1,3.9,3.4,2.0,1428.3847626787478,1570.1482226382732,-141.76345995952533,57.48,230.0,-1.3737328950802699,-2,-2,-1,-1,-2,0,0.0,3.0
2014-12-07,2014,Villarreal,Sociedad,H,2,1.67,3.75,5.5,1564.891061864181,1520.5880691779387,44.302992686242305,77.3,96.8,-0.22237697404401402,-2,-1,-1,-5,0,1,2.3333333333333335,0.3333333333333333
2014-12-07,2014,Vallecano,Sevilla,A,0,3.3,3.4,2.2,1495.4020311708873,1614.1597909106183,-118.757759739731,46.1,166.75,-1.270201774829419,-1,0,0,-3,-1,0,0.0,3.0
2014-12-08,2014,Eibar,Almeria,H,2,2.05,3.2,4.0,1517.4642594180277,1399.6222122799945,117.8420471380332,29.4,36.45,-0.20856410155105243,0,0,0,0,0,-4,1.5,1.5
2014-12-08,2014,Levante,Getafe,D,1,2.6,3.1,2.9,1475.6837393802693,1447.7983944852992,27.885344894970103,42.4,55.9,-0.2708359000259257,0,0,1,1,0,-2,0.6666666666666666,1.6666666666666667
2014-12-12,2014,Almeria,Real Madrid,A,0,17.0,7.5,1.17,1392.96195570829,1805.7237430908508,-412.7617873825609,36.45,787.8,-3.047506093325197,-9,-8,-7,-13,-4,5,0.0,3.0
2014-12-13,2014,Cordoba,Levante,D,1,2.2,3.2,3.5,1455.630669193942,1470.3990244221338,-14.768355228191922,50.9,42.4,0.17885934906548373,0,0,0,0,-1,1,1.5,1.5
2014-12-13,2014,Getafe,Barcelona,D,1,13.0,6.5,1.22,1453.0831094434348,1795.4559242228454,-342.37281477941065,55.9,603.8,-2.363602483733038,-9,-11,-10,-10,-1,3,0.3333333333333333,2.3333333333333335
2014-12-13,2014,Malaga,Celta,H,2,2.1,3.3,3.5,1555.2591503334068,1526.0403192150422,29.218831118364506,82.8,49.9,0.4985700839315599,1,-2,1,0,1,-2,1.3333333333333333,1.3333333333333333
2014-12-13,2014,Valencia,Vallecano,H,2,1.5,4.5,6.0,1568.3537835652114,1481.2110828273683,87.14270073784314,230.0,46.1,1.590144709499421,2,2,1,1,-1,-1,2.0,1.0
2014-12-14,2014,Sociedad,Ath Bilbao,D,1,2.5,3.2,3.0,1511.4829969901127,1576.7049549125984,-65.22195792248567,96.8,10.0,2.185029304242401,1,-2,1,3,0,2,2.3333333333333335,0.3333333333333333
2014-12-14,2014,Sevilla,Eibar,D,1,1.4,4.5,9.0,1628.3507392541374,1524.1245159897323,104.22622326440501,166.75,29.4,1.7080321674396153,1,0,0,3,0,1,1.5,1.5
2014-12-14,2014,Ath Madrid,Villarreal,A,0,1.62,4.0,5.5,1741.7947347388892,1573.996134052007,167.7986006868823,308.8,77.3,1.3753793249860102,0,0,0,0,3,2,2.3333333333333335,0.3333333333333333
2014-12-14,2014,Espanol,Granada,H,2,1.7,3.6,5.5,1436.350610801951,1430.1792017518096,6.171409050141392,51.3,57.48,-0.11168844437064607,0,0,0,0,-2,-2,2.0,1.0
2014-12-15,2014,La Coruna,Elche,H,2,2.25,3.2,3.4,1399.370128321643,1427.3883161679962,-28.018187846353158,53.4,44.6,0.17645643734155625,0,0,0,0,-3,-1,1.5,1.5
2014-12-19,2014,Celta,Almeria,A,0,1.44,4.5,6.5,1516.3753910099501,1388.7078900476392,127.6675009623109,49.9,36.45,0.30685621359324866,0,0,0,0,-4,-4,3.0,0.0
2014-12-20,2014,Eibar,Valencia,A,0,3.8,3.3,2.05,1532.0493000991971,1575.9744165580084,-43.92511645881132,29.4,230.0,-2.0279751021096173,-2,-2,-1,-1,0,-1,1.5,1.5
2014-12-20,2014,Levante,Sociedad,D,1,3.0,3.2,2.5,1474.0066891040924,1509.9865031009065,-35.97981399681407,42.4,96.8,-0.8124651359344126,-2,-1,-1,-5,0,1,1.0,1.0
2014-12-20,2014,Vallecano,Espanol,A,0,2.3,3.4,3.1,1473.5904498345712,1446.9043693051121,26.686080529459105,46.1,51.3,-0.10472337004850507,0,0,0,0,-1,0,1.3333333333333333,1.3333333333333333
2014-12-20,2014,Barcelona,Cordoba,H,2,1.06,15.0,26.0,1786.4132432352997,1452.0230045119833,334.3902387233163,603.8,50.9,2.45557903469348,9,11,9,9,4,0,1.5,1.5
2014-12-21,2014,Granada,Getafe,D,1,2.38,3.1,3.3,1419.6254432486485,1462.1257904309805,-42.50034718233201,57.48,55.9,0.027389474309238437,0,0,1,1,-2,-2,1.3333333333333333,1.3333333333333333
2014-12-21,2014,Villarreal,La Coruna,H,2,1.33,5.0,10.0,1598.7069308948662,1411.3061379872865,187.40079290757967,77.3,53.4,0.364183449134861,0,0,0,0,4,-1,1.5,1.5
2014-12-21,2014,Ath Bilbao,Ath Madrid,A,0,3.6,3.1,2.25,1578.2014488018046,1717.08393789603,-138.88248909422532,10.0,308.8,-3.3380316551843974,1,3,0,2,1,1,1.0,2.0
2014-12-21,2014,Elche,Malaga,A,0,3.1,3.1,2.5,1415.4523065023527,1564.9240785384989,-149.47177203614615,44.6,82.8,-0.6085252909676964,-1,2,-1,0,-3,1,1.5,1.5
2015-01-03,2014,Ath Madrid,Levante,H,2,1.2,6.5,17.0,1730.412219212818,1471.273578639291,259.138640573527,308.8,42.4,1.9654674868764088,0,0,0,0,3,0,2.0,1.0
2015-01-03,2014,Elche,Villarreal,D,1,5.0,3.6,1.75,1402.5738556193073,1603.5223374736365,-200.9484818543292,44.6,77.3,-0.5406398864764173,0,0,0,0,-4,5,0.5,2.0
2015-01-03,2014,Malaga,Almeria,A,0,1.53,4.1,6.5,1577.8025294215442,1412.3360929331623,165.466436488382,82.8,36.45,0.8054262975248085,1,-2,1,0,1,-2,2.3333333333333335,0.3333333333333333
2015-01-03,2014,Sevilla,Celta,H,2,1.67,3.8,5.5,1620.4259551446726,1492.747188124427,127.67876702024546,166.75,49.9,1.1926118522953142,1,0,0,3,1,-5,1.0,2.0
2015-01-03,2014,La Coruna,Ath Bilbao,H,2,3.2,3.1,2.4,1406.4907314085162,1564.8731674850167,-158.38243607650043,53.4,10.0,1.5984688810635261,-1,-3,0,-2,-2,0,1.6666666666666667,0.6666666666666666
2015-01-04,2014,Espanol,Eibar,A,0,1.85,3.4,4.75,1467.1436795883376,1514.649156971728,-47.50547738339037,51.3,29.4,0.5425537626587014,0,0,0,0,1,0,1.5,1.5
2015-01-04,2014,Getafe,Vallecano,A,0,2.25,3.4,3.2,1464.5858312529353,1453.3511395513458,11.234691701589554,55.9,46.1,0.1890223401099127,0,0,-1,-1,-2,-1,1.0,2.0
2015-01-04,2014,Sociedad,Barcelona,H,2,9.0,5.25,1.33,1512.719613565708,1788.6878296286277,-275.96821606291974,96.8,603.8,-1.821973247824551,-7,-10,-8,-4,0,4,2.0,1.0
2015-01-04,2014,Valencia,Real Madrid,H,2,5.5,4.33,1.57,1593.3745596854776,1809.9778087515015,-216.60324906602386,230.0,787.8,-1.2280950927666323,-7,-6,-6,-12,0,5,0.3333333333333333,2.3333333333333335
2015-01-05,2014,Cordoba,Granada,H,2,2.6,3.0,3.0,1449.7484181186553,1417.1654024266936,32.58301569196169,50.9,57.48,-0.11936602526968043,0,0,0,0,-1,-2,1.5,1.5
2015-01-09,2014,Levante,La Coruna,D,1,2.1,3.1,3.75,1467.904304128466,1423.9878444030876,43.916459725378445,42.4,53.4,-0.22590471275553758,0,0,0,0,-2,-1,2.0,1.0
2015-01-10,2014,Real Madrid,Espanol,H,2,1.08,11.0,29.0,1790.1245050782159,1449.8943988535557,340.2301062246602,787.8,51.3,2.7135164322175482,9,8,7,13,3,1,2.3333333333333335,0.3333333333333333
2015-01-10,2014,Malaga,Villarreal,D,1,3.0,3.2,2.5,1553.150475479826,1599.2826805591478,-46.13220507932192,82.8,77.3,0.06788540449127911,1,-2,1,0,1,4,1.3333333333333333,1.3333333333333333
2015-01-10,2014,Celta,Valencia,D,1,2.7,3.2,2.7,1486.3757164649535,1613.2278633587632,-126.85214689380973,49.9,230.0,-1.5125547869653162,-2,-2,-1,-1,-5,2,1.0,2.0
2015-01-10,2014,Eibar,Getafe,H,2,2.3,3.1,3.4,1531.8984377065099,1444.9410685877742,86.95736911873564,29.4,55.9,-0.626852732720109,0,0,1,1,2,-2,1.5,1.5
2015-01-11,2014,Almeria,Sevilla,A,0,4.75,3.4,1.85,1436.9881468748806,1626.7974268041462,-189.80927992926559,36.45,166.75,-1.4994680658885629,-1,0,0,-3,-1,2,0.0,3.0
2015-01-11,2014,Ath Bilbao,Elche,A,0,1.53,3.8,7.5,1547.3760544904453,1406.813512533796,140.56254195664928,10.0,44.6,-1.4220124437219699,1,3,0,2,-2,-4,1.0,1.0
2015-01-11,2014,Barcelona,Ath Madrid,H,2,1.57,4.33,5.5,1766.6798912154,1733.7814937236428,32.89839749175712,603.8,308.8,0.6689708968825547,9,11,9,9,2,3,1.6666666666666667,0.6666666666666666
2015-01-11,2014,Granada,Sociedad,D,1,2.8,3.1,2.7,1407.62690475292,1534.7275519789357,-127.10064722601578,57.48,96.8,-0.5142397615992484,-2,-1,-1,-5,-3,1,0.6666666666666666,1.6666666666666667
2015-01-12,2014,Vallecano,Cordoba,A,0,1.67,3.75,5.5,1472.995902216507,1459.286915792429,13.70898642407792,46.1,50.9,-0.09704578914947071,0,0,0,0,-1,0,1.5,1.5
2015-01-16,2014,Cordoba,Eibar,D,1,2.6,3.0,3.0,1479.0280455452348,1539.5251371790337,-60.497091633798846,50.9,29.4,0.534876181759667,0,0,0,0,2,2,1.5,1.5
2015-01-17,2014,Espanol,Celta,H,2,2.7,3.25,2.7,1447.6894796720187,1487.5327140814118,-39.84323440939306,51.3,49.9,0.027133447514400277,0,0,0,0,-1,-4,1.3333333333333333,1.3333333333333333
2015-01-17,2014,Sociedad,Vallecano,A,0,1.91,3.5,4.2,1533.5598901610879,1453.254772463701,80.30511769738678,96.8,46.1,0.7306515760183996,2,1,1,5,0,-3,1.0,2.0
2015-01-17,2014,Valencia,Almeria,H,2,1.33,5.0,10.0,1612.070865742305,1425.781412919714,186.28945282259087,230.0,36.45,1.8194110005585649,2,2,1,1,3,-1,1.3333333333333333,1.3333333333333333
2015-01-17,2014,Villarreal,Ath Bilbao,H,2,1.67,3.8,5.5,1601.58988244554,1523.3832820092916,78.20660043624844,77.3,10.0,1.9626523301983871,-1,-3,0,-2,3,-4,0.6666666666666666,1.6666666666666667
2015-01-18,2014,Ath Madrid,Granada,H,2,1.18,7.0,17.0,1724.2548031958186,1408.7945665707678,315.4602366250508,308.8,57.48,1.6672421125412447,0,0,0,0,1,-2,3.0,0.0
2015-01-18,2014,Elche,Levante,H,2,2.2,3.2,3.6,1430.8062850149497,1462.0234930749111,-31.217208059961422,44.6,42.4,0.049448275413981335,0,0,0,0,-2,-1,0.5,2.0
2015-01-18,2014,Getafe,Real Madrid,A,0,13.0,6.5,1.22,1437.3143691152504,1792.3294242597528,-355.0150551445024,55.9,787.8,-2.6292174621561406,-9,-8,-8,-14,-2,3,0.0,3.0
2015-01-18,2014,La Coruna,Barcelona,A,0,15.0,7.5,1.18,1429.8686554566425,1776.2065817432242,-346.3379262865817,53.4,603.8,-2.408533671003426,-9,-11,-9,-9,0,2,0.3333333333333333,2.3333333333333335
2015-01-18,2014,Sevilla,Malaga,H,2,1.73,3.6,5.25,1638.0041607593128,1550.8432735934337,87.1608871658791,166.75,82.8,0.6940417683637543,0,2,-1,3,4,2,0.6666666666666666,1.6666666666666667
2015-01-24,2014,Sociedad,Eibar,H,2,1.75,3.6,4.75,1511.406437874231,1541.223303528941,-29.81686565471,96.8,29.4,1.1684819686285959,2,1,1,5,0,1,0.0,3.0
2015-01-24,2014,Villarreal,Levante,H,2,1.29,5.0,11.0,1609.5066265039632,1449.9548876702681,159.55173883369503,77.3,42.4,0.5900881618903986,0,0,0,0,3,-2,3.0,0.0
2015-01-24,2014,Elche,Barcelona,A,0,19.0,7.0,1.17,1442.8748904195927,1782.0556758618902,-339.1807854422975,44.6,603.8,-2.584990108344982,-9,-11,-9,-9,0,2,0.3333333333333333,2.3333333333333335
2015-01-24,2014,Ath Madrid,Vallecano,H,2,1.25,6.0,12.0,1726.7693106767656,1475.408224750558,251.36108592620758,308.8,46.1,1.8836539269603958,0,0,0,0,1,-1,2.3333333333333335,0.3333333333333333
2015-01-24,2014,Cordoba,Real Madrid,A,0,21.0,8.0,1.14,1477.3298791953275,1797.9468981244595,-320.617018929132,50.9,787.8,-2.7211940131165826,-9,-8,-7,-13,1,3,0.0,3.0
2015-01-25,2014,Valencia,Sevilla,H,2,2.2,3.3,3.4,1616.9121897598475,1645.624198625304,-28.712008865456482,230.0,166.75,0.319942934670002,1,2,1,-2,4,4,1.6666666666666667,0.6666666666666666
2015-01-25,2014,La Coruna,Granada,D,1,2.2,3.2,3.4,1424.0195613379765,1406.2800590898207,17.73950224815576,53.4,57.48,-0.07232066157962658,0,0,0,0,0,-3,0.3333333333333333,2.3333333333333335
2015-01-25,2014,Ath Bilbao,Malaga,D,1,2.05,3.2,3.75,1515.4665379508685,1543.2232357274424,-27.7566977765739,10.0,82.8,-2.0305377346896663,0,5,-1,2,-4,0,2.0,1.0
2015-01-25,2014,Espanol,Almeria,H,2,1.7,3.5,5.25,1460.1179496049197,1420.9400889021715,39.17786070274815,51.3,36.45,0.33398966110764894,0,0,0,0,1,-1,0.6666666666666666,1.6666666666666667
2015-01-26,2014,Getafe,Celta,H,2,2.88,3.2,2.5,1431.6968952505438,1475.1042441485108,-43.40734889796704,55.9,49.9,0.11143241757580791,0,0,-1,-1,-3,-4,1.3333333333333333,1.3333333333333333
2015-01-30,2014,Vallecano,La Coruna,A,0,1.75,3.5,5.25,1471.9027030674451,1419.1223837737512,52.78031929369399,46.1,53.4,-0.14409115283952456,0,0,0,0,-1,-1,1.6666666666666667,0.6666666666666666
2015-01-31,2014,Celta,Cordoba,H,2,1.44,4.2,8.5,1462.5261635635923,1470.7520262988905,-8.225862735298278,49.9,50.9,-0.019455866615365913,0,0,0,0,-4,0,1.0,1.0
2015-01-31,2014,Eibar,Ath Madrid,A,0,6.5,3.8,1.57,1529.2128007211934,1730.2748323598785,-201.06203163868508,29.4,308.8,-2.321484319570592,0,0,0,0,0,3,0.0,3.0
2015-01-31,2014,Granada,Elche,H,2,1.95,3.25,4.33,1411.177236654046,1436.8293579501683,-25.652121296122232,57.48,44.6,0.24877709892118283,0,0,0,0,-2,0,2.3333333333333335,0.3333333333333333
2015-01-31,2014,Real Madrid,Sociedad,H,2,1.18,7.0,17.0,1804.5247510208965,1523.4169406819785,281.10781033891794,787.8,96.8,2.0875882262476537,7,7,6,8,3,1,2.0,1.0
2015-02-01,2014,Sevilla,Espanol,H,2,1.62,3.8,6.0,1633.6594724691568,1469.4111947015228,164.2482777676339,166.75,51.3,1.165478404780914,1,0,0,3,2,1,3.0,0.0
2015-02-01,2014,Levante,Ath Bilbao,A,0,3.3,3.1,2.38,1444.4556731583386,1512.3917308948664,-67.9360577365278,42.4,10.0,1.3725641683079886,-1,-3,0,-2,-3,-4,0.0,3.0
2015-02-01,2014,Almeria,Getafe,H,2,2.38,3.1,3.3,1411.6468438055683,1444.2749758354623,-32.628132029894005,36.45,55.9,-0.41828863116905657,0,0,1,1,-1,-2,1.3333333333333333,1.3333333333333333
2015-02-01,2014,Barcelona,Villarreal,H,2,1.2,7.0,13.0,1788.1012083313146,1615.0058410158927,173.09536731542198,603.8,77.3,2.044350221868565,9,11,9,9,3,3,3.0,0.0
2015-02-02,2014,Malaga,Valencia,H,2,2.63,3.2,2.8,1546.2980427834445,1628.8769159159947,-82.57887313255014,82.8,230.0,-1.0139847030337563,-1,-4,0,-1,-1,4,0.3333333333333333,2.3333333333333335
2015-02-04,2014,Real Madrid,Sevilla,H,2,1.29,6.0,10.0,1807.5339209618369,1639.038304237005,168.49561672483196,787.8,166.75,1.5480380274366343,8,8,7,10,3,3,2.0,1.0
2015-02-06,2014,La Coruna,Eibar,H,2,2.15,3.25,3.6,1440.3237813795176,1518.4569679215322,-78.13318654201453,53.4,29.4,0.5819215454497209,0,0,0,0,1,0,3.0,0.0
2015-02-07,2014,Ath Madrid,Real Madrid,H,2,2.88,3.4,2.45,1741.0306651595397,1812.8056663015202,-71.77500114198051,308.8,787.8,-0.9345858753056575,-9,-8,-7,-13,3,5,2.3333333333333335,0.3333333333333333
2015-02-07,2014,Levante,Malaga,H,2,3.4,3.1,2.3,1428.0752781983444,1560.546541984795,-132.47126378645066,42.4,82.8,-0.6579735663816777,-1,2,-1,0,-4,-1,1.3333333333333333,1.3333333333333333
2015-02-07,2014,Sociedad,Celta,D,1,2.5,3.25,2.9,1520.4077707410381,1473.653606954717,46.754163786321215,96.8,49.9,0.6530616534842948,2,1,1,5,0,-2,1.6666666666666667,0.6666666666666666
2015-02-07,2014,Villarreal,Granada,H,2,1.3,5.25,11.0,1609.84816750732,1423.0154947288065,186.8326727785136,77.3,57.48,0.2918627875552344,0,0,0,0,1,-1,1.3333333333333333,1.3333333333333333
2015-02-08,2014,Cordoba,Almeria,A,0,2.25,3.1,3.5,1459.624582907766,1423.774083493637,35.85049941412899,50.9,36.45,0.3263120802086146,0,0,0,0,0,-1,1.0,1.0
2015-02-08,2014,Getafe,Sevilla,H,2,3.8,3.3,2.05,1432.1477361473937,1633.7665588973216,-201.61882274992786,55.9,166.75,-1.0811794347195063,-1,0,-1,-4,-3,1,1.0,2.0
2015-02-08,2014,Ath Bilbao,Barcelona,A,0,9.0,5.25,1.33,1528.7721258548606,1793.2588818398872,-264.48675598502655,10.0,603.8,-4.007002552066952,-8,-8,-9,-7,-2,3,1.0,2.0
2015-02-08,2014,Espanol,Valencia,A,0,2.8,3.2,2.63,1464.0323629336747,1614.6284167146441,-150.59605378096944,51.3,230.0,-1.485421339450916,-2,-2,-1,-1,-1,2,1.3333333333333333,1.3333333333333333
2015-02-09,2014,Elche,Vallecano,H,2,2.6,3.2,2.8,1424.9910998754078,1450.7013054616787,-25.71020558627083,44.6,46.1,-0.03236528450203169,0,0,0,0,0,-1,2.0,1.0
2015-02-13,2014,Almeria,Sociedad,D,1,2.45,3.2,3.0,1444.35753195398,1514.4236105037214,-70.0660785497414,36.45,96.8,-0.9599178670775435,-2,-1,-1,-5,-1,-1,2.0,1.0
2015-02-14,2014,Real Madrid,La Coruna,H,2,1.08,13.0,21.0,1799.0215638104191,1454.3809597144855,344.64060409593367,787.8,53.4,2.6741486494265287,9,8,7,13,3,1,3.0,0.0
2015-02-14,2014,Granada,Ath Bilbao,D,1,2.9,3.1,2.63,1418.1868531307487,1520.3866350310823,-102.19978190033362,57.48,10.0,1.6707895426431527,-1,-3,0,-2,-1,-2,2.0,1.0
2015-02-14,2014,Malaga,Espanol,A,0,2.1,3.3,3.75,1544.1487123587804,1451.2014582761203,92.94725408266004,82.8,51.3,0.4714366364171596,1,-2,1,0,-1,-1,0.6666666666666666,1.6666666666666667
2015-02-14,2014,Sevilla,Cordoba,H,2,1.36,5.0,9.0,1614.5002876066405,1439.0411344474228,175.45915315921775,166.75,50.9,1.1731559856799483,1,0,0,3,-1,-2,3.0,0.0
2015-02-15,2014,Celta,Ath Madrid,H,2,3.8,3.25,2.1,1479.6377671920336,1754.8147676506408,-275.17700045860715,49.9,308.8,-1.806064004426291,0,0,0,0,-1,3,0.3333333333333333,2.3333333333333335
2015-02-15,2014,Barcelona,Levante,H,2,1.05,15.0,34.0,1801.6443726636655,1444.4731078243592,357.17126483930633,603.8,42.4,2.6344383837589636,9,11,9,9,5,-2,2.3333333333333335,0.3333333333333333
2015-02-15,2014,Valencia,Getafe,H,2,1.44,4.5,7.5,1627.4593213721985,1451.4140074380748,176.04531393412367,230.0,55.9,1.4011223693895083,2,2,2,2,2,-1,2.0,1.0
2015-02-15,2014,Vallecano,Villarreal,H,2,3.3,3.4,2.2,1438.860651017699,1614.676809105378,-175.816158087679,46.1,77.3,-0.5082746019743856,0,0,0,0,-3,2,0.0,3.0
2015-02-16,2014,Eibar,Elche,A,0,2.15,3.1,3.8,1504.3997895865643,1436.8317543193875,67.56803526717681,29.4,44.6,-0.4054651081081646,0,0,0,0,-2,1,3.0,0.0
2015-02-20,2014,Getafe,Espanol,H,2,2.4,3.1,3.25,1446.3284565537444,1473.7692106283673,-27.440754074622873,55.9,51.3,0.08429897006140763,0,0,-1,-1,-1,1,1.3333333333333333,1.3333333333333333
2015-02-21,2014,Ath Madrid,Almeria,H,2,1.2,6.5,15.0,1732.833561088347,1443.068368915074,289.76519217327314,308.8,36.45,2.1129202180195397,0,0,0,0,3,0,2.0,1.0
2015-02-21,2014,Barcelona,Malaga,A,0,1.11,10.0,21.0,1803.658170218884,1521.5809600065334,282.07721021235056,603.8,82.8,1.9764648173772859,8,13,8,9,5,-2,2.3333333333333335,0.3333333333333333
2015-02-21,2014,Cordoba,Valencia,A,0,4.33,3.25,1.95,1433.941316826778,1632.5448722565288,-198.60355542975094,50.9,230.0,-1.4930989203499503,-2,-2,-1,-1,-4,3,0.0,3.0
2015-02-21,2014,La Coruna,Celta,A,0,3.3,3.2,2.3,1452.2273481866064,1501.6189737543273,-49.391625567720894,53.4,49.9,0.06650123030541977,0,0,0,0,0,0,1.3333333333333333,1.3333333333333333
2015-02-22,2014,Sociedad,Sevilla,H,2,2.9,3.3,2.5,1515.7127735426275,1619.6001052272854,-103.88733168465797,96.8,166.75,-0.5395501988110194,1,1,1,2,-1,-1,0.3333333333333333,2.3333333333333335
2015-02-22,2014,Villarreal,Eibar,H,2,1.36,4.75,9.0,1596.4545471443585,1482.6785390055265,113.77600813883191,77.3,29.4,0.9461049945845819,0,0,0,0,1,-4,1.0,1.0
2015-02-22,2014,Ath Bilbao,Vallecano,H,2,1.91,3.5,4.2,1520.2916640811666,1457.0829129787185,63.208751102448105,10.0,46.1,-1.4543777282240016,1,3,0,2,-1,-1,2.0,1.0
2015-02-22,2014,Elche,Real Madrid,A,0,17.0,7.0,1.18,1458.5530049004253,1801.1751753382982,-342.6221704378729,44.6,787.8,-2.850605086768085,-9,-8,-7,-13,1,3,0.0,3.0
2015-02-23,2014,Levante,Granada,H,2,2.3,3.1,3.4,1442.4593102691408,1418.2818240806644,24.17748618847645,42.4,57.48,-0.29822537433516416,0,0,0,0,-3,-1,2.0,1.0
2015-02-27,2014,Espanol,Cordoba,H,2,1.57,3.8,6.5,1461.8570824662052,1423.0876462131296,38.76943625307558,51.3,50.9,0.007677580899034364,0,0,0,0,-1,-5,1.0,1.0
2015-02-28,2014,Vallecano,Levante,H,2,1.67,3.75,5.5,1448.652903310842,1452.3153301168113,-3.6624268059692895,46.1,42.4,0.08181355991601302,0,0,0,0,-3,-1,1.3333333333333333,1.3333333333333333
2015-02-28,2014,Malaga,Getafe,H,2,1.75,3.6,5.0,1548.5868641746215,1458.2405847159066,90.34627945871489,82.8,55.9,0.387137666355752,1,-2,2,1,0,1,1.0,2.0
2015-02-28,2014,Almeria,La Coruna,D,1,2.25,3.2,3.4,1440.1914594613527,1435.0577320446444,5.133727416708325,36.45,53.4,-0.37335744389866843,0,0,0,0,0,0,2.3333333333333335,0.3333333333333333
2015-02-28,2014,Granada,Barcelona,A,0,17.0,7.5,1.17,1408.4258042329939,1776.6522660507958,-368.2264618178019,57.48,603.8,-2.3362130094237994,-9,-11,-9,-9,-1,3,1.0,2.0
2015-03-01,2014,Sevilla,Ath Madrid,D,1,3.0,3.2,2.45,1604.4322826304349,1735.7104705420684,-131.2781879116335,166.75,308.8,-0.6134521521309768,1,0,0,3,-1,3,0.3333333333333333,2.3333333333333335
2015-03-01,2014,Eibar,Ath Bilbao,A,0,3.25,3.1,2.38,1475.8962126692147,1528.721673749043,-52.8254610798283,29.4,10.0,1.0165473356138053,-1,-3,0,-2,-5,1,1.0,1.0
2015-03-01,2014,Real Madrid,Villarreal,D,1,1.2,7.0,13.0,1807.125644210177,1603.2368734806703,203.88877072950663,787.8,77.3,2.3099652002916677,9,8,7,13,3,1,2.3333333333333335,0.3333333333333333
2015-03-01,2014,Valencia,Sociedad,H,2,1.57,4.0,6.0,1643.3985428701772,1530.880596139478,112.51794673069912,230.0,96.8,0.8594931334810214,0,1,0,-4,3,1,0.3333333333333333,2.3333333333333335
2015-03-02,2014,Celta,Elche,D,1,1.5,4.2,7.0,1518.7885898962893,1452.6025360285466,66.18605386774266,49.9,44.6,0.10995520703613648,0,0,0,0,2,-1,1.0,2.0
2015-03-06,2014,Levante,Eibar,H,2,2.05,3.3,4.0,1441.3711424089176,1458.871948620825,-17.500806211907275,42.4,29.4,0.35601683269418327,0,0,0,0,-1,-5,1.0,1.0
2015-03-07,2014,Ath Bilbao,Real Madrid,H,2,7.0,4.75,1.44,1545.7459377974328,1796.5696172085354,-250.8236794111026,10.0,787.8,-4.272617530490055,-8,-5,-7,-11,2,2,0.3333333333333333,2.3333333333333335
2015-03-07,2014,Elche,Almeria,H,2,2.05,3.4,3.8,1459.2760162342645,1435.7861181011954,23.48989813306912,44.6,36.45,0.19690100655711218,0,0,0,0,0,1,1.6666666666666667,0.6666666666666666
2015-03-07,2014,Granada,Malaga,H,2,2.9,3.2,2.6,1403.1473228821117,1556.1031379391702,-152.95581505705854,57.48,82.8,-0.35974819204651354,-1,2,-1,0,-2,1,1.0,2.0
2015-03-07,2014,La Coruna,Sevilla,A,0,3.8,3.4,2.05,1439.4630734048017,1605.7790341983612,-166.3159607935595,53.4,166.75,-1.1261106219898944,-1,0,0,-3,0,-2,0.0,3.0
2015-03-08,2014,Ath Madrid,Valencia,D,1,1.62,3.75,6.0,1734.363718974142,1650.2189577310694,84.14476124307271,308.8,230.0,0.2935092174609748,-2,-2,-1,-1,2,3,2.0,1.0
2015-03-08,2014,Barcelona,Vallecano,H,2,1.05,15.0,34.0,1781.930747401678,1459.5970910187357,322.3336563829423,603.8,46.1,2.5526248238429505,9,11,9,9,3,-1,3.0,0.0
2015-03-08,2014,Sociedad,Espanol,H,2,2.2,3.3,3.4,1524.0601812785858,1471.1654151462237,52.894766132362065,96.8,51.3,0.6259282059698945,2,1,1,5,-1,-1,2.0,1.0
2015-03-08,2014,Villarreal,Celta,H,2,1.95,3.5,4.0,1613.7929004823118,1512.1151096905714,101.67779079174034,77.3,49.9,0.43068467944028077,0,0,0,0,0,3,1.3333333333333333,1.3333333333333333
2015-03-09,2014,Cordoba,Getafe,A,0,2.4,3.1,3.2,1413.779313533111,1450.724310951358,-36.944997418246885,50.9,55.9,-0.091976550960442,0,0,1,1,-5,-1,1.0,1.0
2015-03-13,2014,Valencia,La Coruna,H,2,1.44,4.5,8.0,1657.4998028275797,1427.2918931865217,230.207909641058,230.0,53.4,1.4460535566598964,2,2,1,1,4,-2,1.3333333333333333,1.3333333333333333
2015-03-14,2014,Vallecano,Granada,H,2,2.0,3.3,4.0,1457.1722468485498,1420.4160675114579,36.75617933709191,46.1,57.48,-0.21641181441915114,0,0,0,0,-1,-2,2.0,1.0
2015-03-14,2014,Espanol,Ath Madrid,D,1,3.8,3.1,2.15,1462.3709087267414,1727.0828738776318,-264.71196515089036,51.3,308.8,-1.7789305569118907,0,0,0,0,-1,1,1.0,2.0
2015-03-14,2014,Eibar,Barcelona,A,0,19.0,8.5,1.14,1447.3682595800033,1784.355591571864,-336.98733199186063,29.4,603.8,-2.990455216453147,-9,-11,-9,-9,-5,3,0.0,3.0
2015-03-14,2014,Celta,Ath Bilbao,A,0,2.1,3.4,3.6,1504.9602721899103,1566.8771363486553,-61.91686415874506,49.9,10.0,1.5319676507581064,-1,-3,0,-2,1,2,0.6666666666666666,1.6666666666666667
2015-03-15,2014,Almeria,Villarreal,D,1,4.0,3.3,2.0,1425.9038860278622,1620.947737982973,-195.04385195511077,36.45,77.3,-0.7375408930335294,0,0,0,0,-1,2,0.0,3.0
2015-03-15,2014,Malaga,Cordoba,H,2,1.57,3.75,7.0,1538.834393309824,1396.0865102504067,142.7478830594173,82.8,50.9,0.47911421731619397,1,-2,1,0,-1,-5,3.0,0.0
2015-03-15,2014,Real Madrid,Levante,H,2,1.06,13.0,34.0,1775.438418657313,1452.8748314497393,322.5635872075736,787.8,42.4,2.9000533621820663,9,8,7,13,0,1,3.0,0.0
2015-03-15,2014,Sevilla,Elche,H,2,1.4,4.75,8.0,1617.950214416641,1469.1582483075977,148.79196610904341,166.75,44.6,1.3025670593314507,1,0,0,3,0,2,2.3333333333333335,0.3333333333333333
2015-03-16,2014,Getafe,Sociedad,A,0,2.3,3.2,3.3,1468.4171142340622,1532.8546876980681,-64.43757346400594,55.9,96.8,-0.5416292359084869,-2,-1,-2,-6,1,1,1.3333333333333333,1.3333333333333333
2015-03-20,2014,Elche,Valencia,A,0,3.8,3.4,2.0,1463.3753855259376,1661.4002413441665,-198.02485581822884,44.6,230.0,-1.6225099940014527,-2,-2,-1,-1,0,4,1.0,2.0
2015-03-21,2014,Vallecano,Malaga,H,2,2.5,3.4,2.8,1466.555147461606,1544.7814109325334,-78.22626347092728,46.1,82.8,-0.5761600064656647,-1,2,-1,0,1,1,1.0,2.0
2015-03-21,2014,Levante,Celta,A,0,3.3,3.3,2.25,1450.4529357209587,1488.3226443951055,-37.86970867414675,42.4,49.9,-0.15940348245011782,0,0,0,0,-1,0,1.0,2.0
2015-03-21,2014,Ath Madrid,Getafe,H,2,1.33,5.0,10.0,1720.460534549454,1451.8871004171717,268.5734341322823,308.8,55.9,1.694631586850483,0,0,1,1,0,-1,3.0,0.0
2015-03-21,2014,Granada,Eibar,D,1,1.95,3.25,4.33,1411.0331668984015,1441.2615459075794,-30.228379009177843,57.48,29.4,0.6542422070293474,0,0,0,0,-2,-5,1.0,1.0
2015-03-21,2014,Ath Bilbao,Almeria,H,2,1.5,4.0,7.5,1583.51476414346,1429.9078754311615,153.60688871229854,10.0,36.45,-1.2251114371648577,1,3,0,2,4,-2,2.3333333333333335,0.3333333333333333
2015-03-22,2014,Barcelona,Real Madrid,H,2,1.67,4.5,4.5,1790.4623052442878,1777.8603143860935,12.601990858194313,603.8,787.8,-0.2656149784231028,0,3,2,-4,3,2,2.0,1.0
2015-03-22,2014,La Coruna,Espanol,D,1,2.6,3.25,2.8,1423.391454669935,1468.9932480549191,-45.60179338498415,53.4,51.3,0.03936778279101949,0,0,0,0,-4,0,1.3333333333333333,1.3333333333333333
2015-03-22,2014,Sociedad,Cordoba,H,2,1.62,3.75,6.0,1549.3847015149586,1390.1394926276973,159.24520888726124,96.8,50.9,0.6336057868689289,2,1,1,5,2,-5,1.0,1.0
2015-03-22,2014,Villarreal,Sevilla,A,0,2.05,3.4,3.75,1616.9437485796736,1623.733077198301,-6.789328618627451,77.3,166.75,-0.7619271728550334,-1,0,0,-3,1,2,0.3333333333333333,2.3333333333333335
2015-04-03,2014,Eibar,Vallecano,A,0,2.5,3.3,2.9,1444.2339783110433,1480.616328442122,-36.38235013107874,29.4,46.1,-0.4378303926101963,0,0,0,0,-4,1,3.0,0.0
2015-04-04,2014,Sevilla,Ath Bilbao,H,2,1.75,3.75,4.75,1642.6634581498197,1589.1693409389459,53.49411721087381,166.75,10.0,2.7245795030534206,0,-3,0,1,2,5,0.3333333333333333,2.3333333333333335
2015-04-04,2014,Malaga,Sociedad,D,1,1.95,3.4,4.2,1530.7202299520175,1554.8918452504984,-24.1716152984809,82.8,96.8,-0.1544915695527349,-1,-3,0,-5,1,3,1.3333333333333333,1.3333333333333333
2015-04-04,2014,Almeria,Levante,A,0,2.1,3.25,3.75,1424.2532986356757,1432.7987871916528,-8.545488555977045,36.45,42.4,-0.14745273114313084,0,0,0,0,-3,-1,0.3333333333333333,2.3333333333333335
2015-04-04,2014,Cordoba,Ath Madrid,A,0,9.5,4.5,1.4,1384.6323488921576,1723.6707596037925,-339.0384107116349,50.9,308.8,-1.786608137810925,0,0,0,0,-5,2,0.0,3.0
2015-04-05,2014,Celta,Barcelona,A,0,7.5,5.0,1.4,1505.9767929244115,1800.76423687515,-294.7874439507384,49.9,603.8,-2.4750349013088457,-9,-11,-9,-9,0,3,1.0,2.0
2015-04-05,2014,Getafe,La Coruna,H,2,2.25,3.1,3.6,1448.6768753628332,1421.0619001108157,27.61497525201753,55.9,53.4,0.04493118727038814,0,0,-1,-1,-1,-3,2.3333333333333335,0.3333333333333333
2015-04-05,2014,Real Madrid,Granada,H,2,1.08,11.0,29.0,1767.5583827552314,1408.0607344949376,359.4976482602938,787.8,57.48,2.601827987846902,9,8,7,13,0,-2,3.0,0.0
2015-04-05,2014,Valencia,Villarreal,D,1,2.05,3.5,3.6,1672.2769979953748,1598.013367628155,74.26363036721978,230.0,77.3,1.0818701075250354,2,2,1,1,4,1,2.0,1.0
2015-04-06,2014,Espanol,Elche,D,1,1.67,3.6,5.75,1471.3228026140384,1452.4986288747293,18.824173739309117,51.3,44.6,0.13708865455053676,0,0,0,0,-1,-2,1.0,2.0
2015-04-07,2014,Levante,Sevilla,A,0,4.5,3.6,1.83,1451.6584611428657,1651.4365324395142,-199.77807129664848,42.4,166.75,-1.352015334745432,-1,0,0,-3,-1,4,1.6666666666666667,0.6666666666666666
2015-04-07,2014,Ath Madrid,Sociedad,H,2,1.3,5.25,11.0,1729.720249333965,1558.114610713902,171.60563862006302,308.8,96.8,1.1530023509419962,-2,-1,-1,-5,2,2,2.0,1.0
2015-04-07,2014,Eibar,Malaga,H,2,3.25,3.1,2.38,1426.5176732977354,1527.4974644886138,-100.97979119087836,29.4,82.8,-1.013990399075861,-1,2,-1,0,-4,0,0.0,3.0
2015-04-08,2014,La Coruna,Cordoba,D,1,1.75,3.4,5.5,1411.3363883616978,1378.582859161985,32.75352919971283,53.4,50.9,0.047045363690053854,0,0,0,0,-3,-5,1.0,1.0
2015-04-08,2014,Vallecano,Real Madrid,A,0,13.0,7.0,1.2,1498.33263345543,1769.5471677149583,-271.21453425952836,46.1,787.8,-2.8182398022660533,-9,-8,-7,-13,3,0,0.0,3.0
2015-04-08,2014,Barcelona,Almeria,H,2,1.05,13.0,41.0,1808.1374178448389,1405.3936246844628,402.7437931603761,603.8,36.45,2.7818911149020944,9,11,9,9,5,-3,3.0,0.0
2015-04-08,2014,Granada,Celta,D,1,3.5,3.0,2.3,1406.0719495352107,1498.6036119547225,-92.5316624195118,57.48,49.9,0.13882189188504634,0,0,0,0,-2,-2,0.6666666666666666,1.6666666666666667
2015-04-09,2014,Villarreal,Espanol,A,0,1.55,3.6,7.0,1604.963644720657,1466.3838301751277,138.5798145455292,77.3,51.3,0.4035512319258805,0,0,0,0,0,0,2.3333333333333335,0.3333333333333333
2015-04-09,2014,Elche,Getafe,A,0,2.3,3.1,3.25,1457.43760131364,1458.4023871119512,-0.9647857983111408,44.6,55.9,-0.2213876246119444,0,0,1,1,-1,-1,1.6666666666666667,0.6666666666666666
2015-04-09,2014,Ath Bilbao,Valencia,D,1,2.4,3.4,2.8,1580.3962666492514,1665.326720902873,-84.93045425362152,10.0,230.0,-3.0445224377234226,-1,1,-1,1,3,3,1.0,1.0
2015-04-11,2014,Almeria,Granada,H,2,2.4,3.1,3.2,1403.8201344326123,1405.7495651352629,-1.9294307026505066,36.45,57.48,-0.445678105478295,0,0,0,0,-4,-1,2.3333333333333335,0.3333333333333333
2015-04-11,2014,Celta,Vallecano,H,2,1.73,3.6,4.75,1498.9259963546704,1490.1791135231747,8.746882831495668,49.9,46.1,0.0775899225341048,0,0,0,0,-2,1,0.0,3.0
2015-04-11,2014,Malaga,Ath Madrid,D,1,3.8,3.4,2.0,1512.4551636146807,1734.9146518047573,-222.45948819007663,82.8,308.8,-1.3074939204947311,1,-2,1,0,-2,3,0.3333333333333333,2.3333333333333335
2015-04-11,2014,Real Madrid,Eibar,H,2,1.06,13.0,34.0,1777.7006876472135,1441.5599741716685,336.140713475545,787.8,29.4,3.2560701948762496,9,8,7,13,1,-2,3.0,0.0
2015-04-11,2014,Sevilla,Barcelona,D,1,5.0,4.5,1.55,1662.2434135747808,1809.7109080966893,-147.46749452190852,166.75,603.8,-1.2824230490135315,-8,-11,-9,-6,5,5,0.0,3.0
2015-04-12,2014,Espanol,Ath Bilbao,H,2,2.5,3.2,2.88,1490.3215807493248,1579.7460697420277,-89.42448899270289,51.3,10.0,1.5591010982725066,-1,-3,0,-2,0,2,2.0,1.0
2015-04-12,2014,Cordoba,Elche,A,0,2.3,3.1,3.3,1384.050746079395,1438.2740656138737,-54.22331953447883,50.9,44.6,0.1294110736515024,0,0,0,0,-4,-2,1.0,1.0
2015-04-12,2014,Getafe,Villarreal,D,1,3.6,3.3,2.05,1477.5659228117174,1581.02589414646,-103.45997133474248,55.9,77.3,-0.31925226186447286,0,0,-1,-1,1,-1,1.0,2.0
2015-04-12,2014,Sociedad,La Coruna,D,1,1.8,3.6,4.5,1552.9202082431098,1405.8685014442879,147.0517067988219,96.8,53.4,0.586560423178875,2,1,1,5,2,-3,1.6666666666666667,0.6666666666666666
2015-04-13,2014,Valencia,Levante,H,2,1.33,5.0,8.5,1665.9769178100967,1440.851580007599,225.1253378024976,230.0,42.4,1.671958269415434,2,2,1,1,2,-1,1.0,2.0
2015-04-17,2014,Levante,Espanol,D,1,2.88,3.1,2.6,1436.8507816138106,1504.8651401950724,-68.01435858126183,42.4,51.3,-0.1865369299645181,0,0,0,0,-3,2,1.3333333333333333,1.3333333333333333
2015-04-18,2014,Ath Bilbao,Getafe,H,2,1.67,3.75,5.5,1565.20251029628,1477.715296844089,87.4872134521911,10.0,55.9,-1.6434000683339143,1,3,1,3,0,0,3.0,0.0
2015-04-18,2014,Barcelona,Valencia,H,2,1.22,7.0,12.0,1807.6742278946886,1669.9777162038852,137.6965116908034,603.8,230.0,0.9624801143435295,7,9,8,8,4,3,2.0,1.0
2015-04-18,2014,La Coruna,Ath Madrid,A,0,4.5,3.5,1.85,1415.0387304159237,1729.8362314306137,-314.79750101468994,53.4,308.8,-1.7395627741208712,0,0,0,0,-2,3,0.3333333333333333,2.3333333333333335
2015-04-18,2014,Real Madrid,Malaga,H,2,1.14,8.5,17.0,1779.9541821859711,1517.5335839888244,262.4205981971468,787.8,82.8,2.2420797958003886,8,10,6,13,3,-1,3.0,0.0
2015-04-19,2014,Eibar,Celta,A,0,3.4,3.3,2.2,1439.3064796329109,1509.3785565507267,-70.07207691781582,29.4,49.9,-0.5154203151443011,0,0,0,0,-2,0,3.0,0.0
2015-04-19,2014,Villarreal,Cordoba,D,1,1.3,5.25,11.0,1580.8765201140884,1367.0857652133134,213.79075490077503,77.3,50.9,0.41122881282491486,0,0,0,0,-2,-4,3.0,0.0
2015-04-19,2014,Vallecano,Almeria,H,2,1.8,3.8,4.33,1479.7265533271184,1414.695066667401,65.0314866597173,46.1,36.45,0.22926629105914387,0,0,0,0,1,-2,3.0,0.0
2015-04-19,2014,Granada,Sevilla,D,1,4.33,3.6,1.85,1394.8746329004741,1664.2800937767815,-269.4054608763074,57.48,166.75,-1.0537899604102678,-1,0,0,-3,-3,4,0.0,3.0
2015-04-20,2014,Elche,Sociedad,H,2,2.6,3.1,2.9,1455.2390464799553,1543.7499792714739,-88.5109327915186,44.6,96.8,-0.7630168605204313,-2,-1,-1,-5,-2,1,0.3333333333333333,2.3333333333333335
2015-04-24,2014,Cordoba,Ath Bilbao,A,0,4.2,3.5,1.91,1377.853278349618,1572.8118747764847,-194.95859642686673,50.9,10.0,1.5514235173734723,-1,-3,0,-2,-3,0,3.0,0.0
2015-04-25,2014,Ath Madrid,Elche,H,2,1.18,7.0,17.0,1736.5877424273015,1469.7432042980288,266.8445381292727,308.8,44.6,1.9160192114624275,0,0,0,0,4,0,3.0,0.0
2015-04-25,2014,Espanol,Barcelona,A,0,12.0,6.0,1.25,1506.2421831954898,1813.7611103979168,-307.518927202427,51.3,603.8,-2.4479014537944455,-9,-11,-9,-9,2,4,0.0,3.0
2015-04-25,2014,Getafe,Levante,A,0,2.2,3.2,3.5,1470.1059323638842,1435.4737386133932,34.63219375049107,55.9,42.4,0.2708359000259257,0,0,-1,-1,0,-2,1.6666666666666667,0.6666666666666666
2015-04-25,2014,Sociedad,Villarreal,D,1,2.9,3.3,2.5,1529.2458214534004,1570.1090069777838,-40.863185524383425,96.8,77.3,0.22237697404401402,2,1,1,5,-1,-2,0.0,3.0
2015-04-26,2014,Almeria,Eibar,H,2,2.2,3.2,3.6,1406.3285075442452,1423.017573651893,-16.689066107647704,36.45,29.4,0.20856410155105243,0,0,0,0,-3,-2,0.0,3.0
2015-04-26,2014,Celta,Real Madrid,A,0,5.5,4.33,1.57,1525.6674625317446,1783.2673642204759,-257.5999016887313,49.9,787.8,-2.7406498797319485,-9,-8,-7,-13,2,3,1.0,2.0
2015-04-26,2014,Malaga,La Coruna,D,1,1.73,3.6,5.25,1514.2204019543196,1408.287219419236,105.93318253508369,82.8,53.4,0.4320688536261401,1,-2,1,0,-3,-2,2.0,1.0
2015-04-26,2014,Sevilla,Vallecano,H,2,1.36,5.25,8.0,1657.495593010848,1488.0931124502742,169.40248056057385,166.75,46.1,1.270201774829419,1,0,0,3,3,1,3.0,0.0
2015-04-27,2014,Valencia,Granada,H,2,1.33,5.25,9.5,1663.890833700657,1401.6591336664076,262.23170003424934,230.0,57.48,1.3737328950802699,2,2,1,1,1,-2,2.3333333333333335,0.3333333333333333
2015-04-28,2014,Levante,Cordoba,H,2,1.85,3.5,4.5,1456.0118173452713,1366.8538490185276,89.15796832674368,42.4,50.9,-0.17885934906548373,0,0,0,0,0,-3,1.0,1.0
2015-04-28,2014,Ath Bilbao,Sociedad,D,1,1.67,3.8,5.5,1583.811304107575,1526.7170534269558,57.094250680619325,10.0,96.8,-2.185029304242401,-1,2,-1,-3,0,-2,0.6666666666666666,1.6666666666666667
2015-04-28,2014,Barcelona,Getafe,H,2,1.04,17.0,41.0,1820.7343615363664,1449.567853632006,371.1665079043603,603.8,55.9,2.363602483733038,9,11,10,10,4,0,1.6666666666666667,0.6666666666666666
2015-04-29,2014,Real Madrid,Almeria,H,2,1.06,13.0,29.0,1791.8944481919546,1417.799073066482,374.09537512547263,787.8,36.45,3.047506093325197,9,8,7,13,5,-1,3.0,0.0
2015-04-29,2014,Elche,La Coruna,H,2,2.25,3.2,3.4,1466.5043370552519,1416.2649910072369,50.23934604801502,44.6,53.4,-0.17645643734155625,0,0,0,0,0,-2,0.0,3.0
2015-04-29,2014,Villarreal,Ath Madrid,A,0,3.4,3.3,2.2,1572.6377750042284,1739.8266096700784,-167.18883466584998,77.3,308.8,-1.3753793249860102,0,0,0,0,-1,4,1.3333333333333333,1.3333333333333333
2015-04-29,2014,Celta,Malaga,H,2,1.73,3.75,5.0,1517.040378560266,1506.2426303663187,10.7977481939472,49.9,82.8,-0.4985700839315599,-1,2,-1,0,0,-2,1.0,2.0
2015-04-29,2014,Eibar,Sevilla,A,0,6.0,4.0,1.57,1411.5470081296562,1662.7446924879955,-251.1976843583393,29.4,166.75,-1.7080321674396153,-1,0,0,-3,-3,3,1.0,1.0
2015-04-30,2014,Vallecano,Valencia,D,1,4.0,3.6,1.91,1482.8440129731268,1667.2072219176098,-184.36320894448295,46.1,230.0,-1.590144709499421,-2,-2,-1,-1,-1,1,1.0,2.0
2015-04-30,2014,Granada,Espanol,A,0,2.5,3.1,3.0,1398.3427454494547,1499.2689320570403,-100.92618660758558,57.48,51.3,0.11168844437064607,0,0,0,0,-3,1,0.0,3.0
2015-05-01,2014,Sociedad,Levante,H,2,1.85,3.7,4.33,1533.0720682845115,1463.5666900612093,69.50537822330216,96.8,42.4,0.8124651359344126,2,1,1,5,-2,0,1.0,1.0
2015-05-02,2014,Sevilla,Real Madrid,A,0,3.5,3.6,2.05,1671.6000505208515,1793.7327642556704,-122.13271373481894,166.75,787.8,-1.5480380274366343,-8,-8,-7,-10,3,5,1.0,2.0
2015-05-02,2014,La Coruna,Villarreal,D,1,3.6,3.4,2.1,1407.3751623104408,1560.5029222091434,-153.1277598987026,53.4,77.3,-0.364183449134861,0,0,0,0,-2,-2,1.0,2.0
2015-05-02,2014,Cordoba,Barcelona,A,0,26.0,11.0,1.08,1359.2989763025896,1822.6019883483862,-463.30301204579655,50.9,603.8,-2.45557903469348,-9,-11,-9,-9,-3,4,0.0,3.0
2015-05-02,2014,Ath Madrid,Ath Bilbao,D,1,1.4,4.5,8.5,1751.9614624651633,1577.4562892500194,174.50517321514394,308.8,10.0,3.3380316551843974,-1,-3,0,-2,4,1,3.0,0.0
2015-05-03,2014,Malaga,Elche,A,0,1.62,3.8,6.0,1495.8703308127317,1475.394165752048,20.476165060683797,82.8,44.6,0.6085252909676964,1,-2,1,0,-3,1,2.0,1.0
2015-05-03,2014,Valencia,Eibar,H,2,1.22,6.5,13.0,1663.6349029744879,1402.6916500968002,260.94325287768766,230.0,29.4,2.0279751021096173,2,2,1,1,1,-3,3.0,0.0
2015-05-03,2014,Espanol,Vallecano,D,1,1.73,3.8,4.5,1514.228945461586,1486.4163319162487,27.81261354533717,51.3,46.1,0.10472337004850507,0,0,0,0,2,-2,2.3333333333333335,0.3333333333333333
2015-05-03,2014,Getafe,Granada,A,0,2.05,3.25,4.0,1447.7002268199863,1383.382732044909,64.3174947750772,55.9,57.48,-0.027389474309238437,0,0,-1,-1,-2,-3,1.6666666666666667,0.6666666666666666
2015-05-04,2014,Almeria,Celta,D,1,3.75,3.4,2.05,1415.960757002766,1527.412678113853,-111.4519211110869,36.45,49.9,-0.30685621359324866,0,0,0,0,-1,2,1.0,2.0
2015-05-08,2014,Eibar,Espanol,A,0,2.8,3.1,2.7,1399.3533204297707,1508.9469810092874,-109.59366057951661,29.4,51.3,-0.5425537626587014,0,0,0,0,-5,1,3.0,0.0
2015-05-09,2014,Granada,Cordoba,H,2,1.44,4.5,7.5,1404.991353340133,1356.0007356023566,48.99061773777635,57.48,50.9,0.11936602526968043,0,0,0,0,-2,-4,0.0,3.0
2015-05-09,2014,Real Madrid,Valencia,D,1,1.4,4.75,8.0,1807.7785086587942,1666.9732326415174,140.8052760172768,787.8,230.0,1.2280950927666323,7,6,6,12,5,2,1.3333333333333333,1.3333333333333333
2015-05-09,2014,Ath Bilbao,La Coruna,D,1,1.57,3.8,6.5,1587.3331844156583,1409.6511600294857,177.68202438617254,10.0,53.4,-1.5984688810635261,1,3,0,2,1,-2,0.6666666666666666,1.6666666666666667
2015-05-09,2014,Barcelona,Sociedad,H,2,1.05,15.0,34.0,1825.9002290486192,1541.28413667902,284.6160923695991,603.8,96.8,1.821973247824551,7,10,8,4,4,0,1.0,2.0
2015-05-10,2014,Villarreal,Elche,H,2,1.36,5.0,8.5,1558.2269244900986,1495.3966280921966,62.830296397901975,77.3,44.6,0.5406398864764173,0,0,0,0,-1,3,1.6666666666666667,0.6666666666666666
2015-05-10,2014,Levante,Ath Madrid,D,1,7.5,3.8,1.53,1455.3546216667007,1742.0845672995245,-286.7299456328237,42.4,308.8,-1.9654674868764088,0,0,0,0,0,3,1.0,2.0
2015-05-10,2014,Celta,Sevilla,D,1,2.75,3.5,2.5,1526.9184379111164,1657.5543061177277,-130.63586820661135,49.9,166.75,-1.1926118522953142,-1,0,0,-3,2,1,2.0,1.0
2015-05-10,2014,Almeria,Malaga,A,0,2.63,3.2,2.8,1416.4549972055027,1475.867868472583,-59.41287126708039,36.45,82.8,-0.8054262975248085,-1,2,-1,0,0,-3,1.3333333333333333,1.3333333333333333
2015-05-11,2014,Vallecano,Getafe,H,2,1.95,3.5,4.0,1491.6982963685473,1426.0916055247624,65.60669084378492,46.1,55.9,-0.1890223401099127,0,0,1,1,-1,-4,2.0,1.0
2015-05-17,2014,Sevilla,Almeria,H,2,1.25,6.0,12.0,1656.2350667131511,1399.7106377155599,256.52442899759126,166.75,36.45,1.4994680658885629,1,0,0,3,1,-2,3.0,0.0
2015-05-17,2014,Villarreal,Malaga,H,2,1.85,3.6,4.33,1566.6701450899195,1492.6122279625258,74.0579171273937,77.3,82.8,-0.06788540449127911,-1,2,-1,0,0,-2,0.6666666666666666,1.6666666666666667
2015-05-17,2014,Valencia,Celta,D,1,1.62,4.2,5.25,1675.9727153578795,1528.237677315693,147.7350380421865,230.0,49.9,1.5125547869653162,2,2,1,1,1,1,1.3333333333333333,1.3333333333333333
2015-05-17,2014,Sociedad,Granada,A,0,2.15,3.3,3.5,1538.3292024976774,1413.926214113296,124.40298838438139,96.8,57.48,0.5142397615992484,2,1,1,5,-1,0,1.6666666666666667,0.6666666666666666
2015-05-17,2014,La Coruna,Levante,H,2,1.75,3.6,4.75,1419.605277321285,1462.7204735686096,-43.11519624732455,53.4,42.4,0.22590471275553758,0,0,0,0,-2,1,1.3333333333333333,1.3333333333333333
2015-05-17,2014,Elche,Ath Bilbao,A,0,3.5,3.3,2.1,1486.9534074923756,1577.379067123859,-90.42565963148331,44.6,10.0,1.4220124437219699,-1,-3,0,-2,1,2,1.6666666666666667,0.6666666666666666
2015-05-17,2014,Espanol,Real Madrid,A,0,6.5,4.33,1.5,1523.5328946241534,1798.779025942432,-275.2461313182787,51.3,787.8,-2.7135164322175482,-9,-8,-7,-13,1,4,0.0,3.0
2015-05-17,2014,Getafe,Eibar,D,1,2.2,3.2,3.5,1417.7450087080933,1384.7674068149047,32.97760189318865,55.9,29.4,0.626852732720109,0,0,-1,-1,-5,-5,0.0,3.0
2015-05-17,2014,Cordoba,Vallecano,A,0,4.33,3.75,1.75,1347.0658748291935,1500.0448931852163,-152.97901835602283,50.9,46.1,0.09704578914947071,0,0,0,0,-4,1,3.0,0.0
2015-05-17,2014,Ath Madrid,Barcelona,A,0,4.75,3.6,1.75,1734.7187153976156,1828.8551632299618,-94.13644783234622,308.8,603.8,-0.6689708968825547,-9,-11,-9,-9,3,5,0.6666666666666666,1.6666666666666667
2015-05-23,2014,Almeria,Valencia,A,0,4.75,4.2,1.67,1396.2960914308871,1666.7840330223764,-270.4879415914893,36.45,230.0,-1.8194110005585649,-2,-2,-1,-1,-2,2,1.3333333333333333,1.3333333333333333
2015-05-23,2014,Ath Bilbao,Villarreal,H,2,1.67,4.0,5.0,1592.7923200228195,1574.726844483583,18.06547553923656,10.0,77.3,-1.9626523301983871,1,3,0,2,2,1,1.3333333333333333,1.3333333333333333
2015-05-23,2014,Barcelona,La Coruna,D,1,1.25,6.0,11.0,1844.1082890950079,1432.171075156994,411.9372139380139,603.8,53.4,2.408533671003426,9,11,9,9,5,0,3.0,0.0
2015-05-23,2014,Eibar,Cordoba,H,2,1.33,5.0,9.5,1390.2436802839168,1334.3355982987184,55.90808198519835,29.4,50.9,-0.534876181759667,0,0,0,0,-4,-5,1.0,1.0
2015-05-23,2014,Celta,Espanol,H,2,1.7,4.0,4.75,1537.426359651196,1515.5164390907591,21.90992056043683,49.9,51.3,-0.027133447514400277,0,0,0,0,0,0,0.3333333333333333,2.3333333333333335
2015-05-23,2014,Levante,Elche,D,1,1.95,3.5,4.0,1450.1546757329006,1471.540154593415,-21.385478860514468,42.4,44.6,-0.049448275413981335,0,0,0,0,0,-1,1.3333333333333333,1.3333333333333333
2015-05-23,2014,Malaga,Sevilla,A,0,3.3,3.75,2.1,1484.5555285688624,1659.6496129978239,-175.09408442896142,82.8,166.75,-0.6940417683637543,0,-2,1,-3,-2,2,1.3333333333333333,1.3333333333333333
2015-05-23,2014,Real Madrid,Getafe,H,2,1.13,9.0,21.0,1806.7954814758264,1412.2687352390813,394.5267462367451,787.8,55.9,2.6292174621561406,9,8,8,14,4,-4,3.0,0.0
2015-05-23,2014,Vallecano,Sociedad,A,0,1.85,3.8,4.0,1512.7751697156914,1514.7958166044978,-2.0206468888063682,46.1,96.8,-0.7306515760183996,-2,-1,-1,-5,1,-1,3.0,0.0
2015-05-23,2014,Granada,Ath Madrid,D,1,4.33,2.5,2.3,1437.4596000064757,1719.4655895325695,-282.0059895260938,57.48,308.8,-1.6672421125412447,0,0,0,0,1,1,0.0,3.0
2015-08-21,2015,Malaga,Sevilla,D,1,3.4,3.4,2.15,1472.7480414572967,1671.4571001093896,-198.70905865209284,82.8,230.3,-1.0152825617493564,-2,-3,-1,-4,-3,2,1.0,2.0
2015-08-22,2015,Vallecano,Valencia,D,1,3.6,3.5,2.05,1493.6537425025072,1674.9624109543238,-181.30866845181663,51.7,254.0,-1.5766480896111092,-4,-4,-2,-6,1,2,1.3333333333333333,1.3333333333333333
2015-08-22,2015,La Coruna,Sociedad,D,1,2.5,3.2,3.0,1445.6746457573079,1533.917243817682,-88.24259806037412,53.4,119.4,-0.7944553790128235,-1,-1,-1,-3,0,0,0.6666666666666666,1.6666666666666667
2015-08-22,2015,Ath Madrid,Las Palmas,H,2,1.2,6.5,15.0,1712.2555381021327,1500.0,212.25553810213273,356.0,32.2,2.3751859058571956,0,0,0,0,0,0,1.5,1.5
2015-08-22,2015,Espanol,Getafe,H,2,1.91,3.4,4.33,1505.573841133785,1410.6232093076687,94.95063182611625,75.7,50.2,0.40416217632774787,0,0,0,0,0,-4,1.3333333333333333,1.3333333333333333
2015-08-23,2015,Sp Gijon,Real Madrid,D,1,13.0,6.5,1.22,1436.742362682122,1808.4410074072389,-371.698644725117,10.0,714.3,-4.174806762315967,-9,-8,-6,-11,1,4,1.0,2.0
2015-08-23,2015,Levante,Celta,A,0,3.6,3.3,2.15,1446.817375452154,1547.3689576081701,-100.55158215601614,43.45,60.4,-0.32304487319318254,0,0,0,0,-1,2,0.0,3.0
2015-08-23,2015,Ath Bilbao,Barcelona,A,0,6.5,4.33,1.5,1602.88257297257,1830.604718494694,-227.72214552212404,10.0,726.0,-4.191031204735149,-7,-8,-4,-11,2,4,0.0,3.0
2015-08-23,2015,Betis,Villarreal,D,1,2.8,3.25,2.6,1368.6358991885409,1564.6365915338324,-196.00069234529155,56.4,140.6,-0.9029618779340982,-1,-1,1,-3,-3,0,2.3333333333333335,0.3333333333333333
2015-08-24,2015,Granada,Eibar,A,0,1.91,3.3,4.5,1444.6696514369125,1398.9307450620909,45.73890637482168,67.55,29.4,0.813120797596147,0,0,0,0,2,-2,1.0,1.0
2015-08-28,2015,Villarreal,Espanol,H,2,1.57,3.8,6.5,1560.594263762101,1512.9417993804916,47.652464381609434,140.6,75.7,0.613104472886409,1,1,-1,3,1,0,1.3333333333333333,1.3333333333333333
2015-08-29,2015,Sociedad,Sp Gijon,D,1,1.85,3.5,4.5,1534.4246579845026,1446.5502592971725,87.87439868733009,119.4,10.0,2.3929242600763496,1,1,1,3,0,0,3.0,0.0
2015-08-29,2015,Real Madrid,Betis,H,2,1.1,10.0,26.0,1798.6331107921883,1372.6782269602722,425.95488383191605,714.3,56.4,2.522657731788817,9,8,6,11,3,-2,3.0,0.0
2015-08-29,2015,Celta,Vallecano,H,2,1.53,4.33,6.0,1562.3451439122393,1497.1014081887085,65.24373572353079,60.4,51.7,0.1527943796057798,0,0,0,0,2,1,1.0,2.0
2015-08-29,2015,Barcelona,Malaga,H,2,1.1,10.0,26.0,1840.3261758678823,1476.898577391799,363.4275984760832,726.0,82.8,2.1604934700454823,8,12,5,13,4,-2,1.3333333333333333,1.3333333333333333
2015-08-30,2015,Getafe,Granada,A,0,2.05,3.2,4.0,1403.255251060962,1423.7223901264797,-20.467139065517586,50.2,67.55,-0.2918238739628607,0,0,0,0,-4,2,0.6666666666666666,1.6666666666666667
2015-08-30,2015,Eibar,Ath Bilbao,H,2,4.0,3.1,2.1,1419.8780063725237,1593.1611155993817,-173.28310922685796,29.4,10.0,1.0165473356138053,-2,-2,-2,-2,0,1,0.5,2.0
2015-08-30,2015,Las Palmas,Levante,D,1,1.91,3.3,4.5,1495.7352839623686,1431.8411891480848,63.89409481428379,32.2,43.45,-0.29181508603747064,0,0,0,0,-1,-3,1.5,1.5
2015-08-30,2015,Sevilla,Ath Madrid,A,0,2.8,3.2,2.63,1667.3065641748872,1716.5202541397641,-49.21368996487695,230.3,356.0,-0.43402021254224543,3,1,2,4,1,0,0.6666666666666666,1.6666666666666667
2015-08-30,2015,Valencia,La Coruna,D,1,1.44,4.33,8.0,1671.5147452681224,1445.1672315904873,226.3475136776351,254.0,53.4,1.544899391296529,4,4,2,6,2,1,2.0,1.0
2015-09-11,2015,Levante,Sevilla,D,1,4.75,3.75,1.75,1438.4350710822548,1650.1294272106754,-211.69435612842062,43.45,230.3,-1.6493506072774795,-3,-1,-2,-4,-2,1,1.3333333333333333,1.3333333333333333
2015-09-12,2015,Espanol,Real Madrid,A,0,10.0,5.0,1.33,1503.9585361767615,1800.0188920495882,-296.0603558728267,75.7,714.3,-2.2328003267411276,-9,-8,-6,-11,-1,3,0.0,3.0
2015-09-12,2015,Sp Gijon,Valencia,A,0,3.4,3.2,2.25,1453.9535459511271,1660.4912129824438,-206.5376670313167,10.0,254.0,-3.143368272360055,-4,-4,-2,-6,-1,1,0.3333333333333333,2.3333333333333335
2015-09-12,2015,Ath Madrid,Barcelona,A,0,3.3,3.2,2.3,1733.6973911039759,1842.273361857951,-108.57597075397507,356.0,726.0,-0.7111906957538805,-9,-10,-6,-13,1,4,0.3333333333333333,2.3333333333333335
2015-09-12,2015,Betis,Sociedad,H,2,2.3,3.3,3.2,1371.2924457028723,1527.021371330548,-155.7289256276756,56.4,119.4,-0.7407752295491994,-1,-1,-1,-3,-2,-1,0.3333333333333333,2.3333333333333335
2015-09-13,2015,Granada,Villarreal,A,0,3.5,3.1,2.25,1442.0973535020757,1569.577526965831,-127.48017346375536,67.55,140.6,-0.7254427752512962,-1,-1,1,-3,2,2,1.3333333333333333,1.3333333333333333
2015-09-13,2015,Malaga,Eibar,D,1,1.75,3.5,5.25,1474.9513914017305,1437.995792657218,36.95559874451237,82.8,29.4,1.013990399075861,1,-2,1,0,-2,2,1.5,1.5
2015-09-13,2015,Ath Bilbao,Getafe,H,2,1.57,3.75,7.0,1575.0433293146873,1384.880287685366,190.16304162932124,10.0,50.2,-1.5378442592470916,2,2,2,2,0,-4,3.0,0.0
2015-09-13,2015,Celta,Las Palmas,D,1,1.5,4.2,7.0,1570.7043335808446,1489.1414020281986,81.56293155264598,60.4,32.2,0.6148599592306532,0,0,0,0,3,-1,1.5,1.5
2015-09-14,2015,Vallecano,La Coruna,A,0,2.1,3.5,3.5,1488.7422185201033,1456.1907638761659,32.551454643937404,51.7,53.4,-0.03174869831458027,0,0,0,0,0,1,0.6666666666666666,1.6666666666666667
2015-09-18,2015,Getafe,Malaga,H,2,2.6,3.1,2.9,1380.1288130591424,1469.3268913086383,-89.1980782494959,50.2,82.8,-0.4926934754425747,-1,2,-1,0,-4,-3,2.0,1.0
2015-09-19,2015,Valencia,Betis,D,1,1.5,4.33,6.5,1671.0305527054109,1388.6780327245951,282.3525199808157,254.0,56.4,1.4912192418329049,4,4,2,6,2,0,2.0,1.0
2015-09-19,2015,Sociedad,Espanol,A,0,2.0,3.4,4.0,1509.6357843088251,1496.6260277179779,13.009756590847246,119.4,75.7,0.4509178245015102,1,1,1,3,-1,-3,2.0,1.0
2015-09-19,2015,Real Madrid,Granada,H,2,1.06,15.0,26.0,1807.3514005083719,1428.2813001023912,379.0701004059806,714.3,67.55,2.345138629106015,9,8,6,11,4,0,3.0,0.0
2015-09-19,2015,Eibar,Ath Madrid,A,0,7.0,3.75,1.57,1443.6202927503102,1719.0675703462102,-275.4472775959,29.4,356.0,-2.463293173367463,0,0,0,0,3,0,0.0,3.0
2015-09-20,2015,Villarreal,Ath Bilbao,H,2,2.0,3.5,3.75,1583.3935803655156,1579.794803940911,3.5987764246046936,140.6,10.0,2.5551109084612484,-1,-1,-3,1,2,1,1.3333333333333333,1.3333333333333333
2015-09-20,2015,Sevilla,Celta,A,0,1.8,3.75,4.33,1645.4667294354958,1563.509000028655,81.95772940684083,230.3,60.4,1.326305734084297,3,1,2,4,1,3,1.3333333333333333,1.3333333333333333
2015-09-20,2015,Las Palmas,Vallecano,A,0,1.91,3.5,4.0,1496.3367355803882,1468.281898194533,28.054837385855308,32.2,51.7,-0.4620655796248734,0,0,0,0,-1,-2,1.5,1.5
2015-09-20,2015,La Coruna,Sp Gijon,A,0,2.05,3.1,4.2,1476.6510842017365,1443.41420622816,33.236877973576384,53.4,10.0,1.5984688810635261,0,0,0,0,2,-1,1.0,1.0
2015-09-20,2015,Barcelona,Levante,H,2,1.06,12.0,29.0,1856.9031826157166,1443.0977688574344,413.80541375828216,726.0,43.45,2.7945615155736054,9,10,6,13,4,-2,2.3333333333333335,0.3333333333333333
2015-09-22,2015,Espanol,Valencia,H,2,3.25,3.25,2.3,1516.3399679411236,1659.0203797449299,-142.68041180380624,75.7,254.0,-1.2013618367852157,-4,-4,-2,-6,-1,2,0.3333333333333333,2.3333333333333335
2015-09-22,2015,Granada,Sociedad,A,0,2.4,3.1,3.2,1426.4917852627632,1489.9218440856794,-63.43005882291618,67.55,119.4,-0.5632561268663974,-1,-1,-1,-3,-2,-1,1.6666666666666667,0.6666666666666666
2015-09-22,2015,Ath Madrid,Getafe,H,2,1.25,5.5,15.0,1727.0772258711204,1394.6626068134515,332.4146190576689,356.0,50.2,1.9419962497341765,0,0,0,0,2,-3,3.0,0.0
2015-09-23,2015,Ath Bilbao,Real Madrid,A,0,5.25,4.2,1.62,1569.1395138102423,1809.140915348,-240.0014015377576,10.0,714.3,-4.174806762315967,-7,-6,-4,-9,-1,4,1.3333333333333333,1.3333333333333333
2015-09-23,2015,Celta,Barcelona,H,2,6.5,4.5,1.5,1585.7174491880537,1858.384395616209,-272.66694642815537,60.4,726.0,-2.471516642380423,-9,-10,-6,-13,4,4,1.0,2.0
2015-09-23,2015,Las Palmas,Sevilla,H,2,3.3,3.4,2.2,1476.0456124424327,1623.2582802760971,-147.21266783366445,32.2,230.3,-1.9411656933149501,-3,-1,-2,-4,-2,-1,1.5,1.5
2015-09-23,2015,Levante,Eibar,D,1,2.38,3.1,3.25,1441.6165558569419,1435.6106372254,6.005918631541817,43.45,29.4,0.37992235354773785,0,0,0,0,-2,2,2.0,0.5
2015-09-23,2015,Malaga,Villarreal,A,0,2.63,3.3,2.75,1454.7930975543293,1594.0488704961842,-139.25577294185496,82.8,140.6,-0.5245731737715822,0,-3,2,-3,-3,2,1.3333333333333333,1.3333333333333333
2015-09-23,2015,Vallecano,Sp Gijon,H,2,2.25,3.4,3.2,1488.5730213324885,1463.9001789068052,24.672842425683257,51.7,10.0,1.5667201827489459,0,0,0,0,-2,-1,0.0,3.0
2015-09-24,2015,Betis,La Coruna,A,0,2.25,3.3,3.3,1400.6882056850761,1456.1651115230914,-55.47690583801523,56.4,53.4,0.053680149463624094,0,0,0,0,-1,0,2.0,0.5
2015-09-25,2015,Valencia,Granada,H,2,1.45,4.5,7.5,1642.1869316354048,1409.9187389517429,232.26819268366194,254.0,67.55,1.3137001391501029,4,4,2,6,0,-3,2.3333333333333335,0.3333333333333333
2015-09-26,2015,Sevilla,Vallecano,H,2,1.44,4.75,7.0,1606.2324000735455,1498.4101792406163,107.82222083292913,230.3,51.7,1.4791001136900768,3,1,2,4,-3,0,3.0,0.0
2015-09-26,2015,Villarreal,Ath Madrid,H,2,2.9,3.1,2.6,1607.3612379359122,1729.3758345136512,-122.01459657773898,140.6,356.0,-0.9247296005200196,1,1,-1,3,4,3,1.0,2.0
2015-09-26,2015,Eibar,Celta,D,1,3.75,3.4,2.05,1440.0503607664075,1607.6134766178186,-167.5631158514111,29.4,60.4,-0.7029672267409204,0,0,0,0,1,4,1.5,1.5
2015-09-26,2015,Barcelona,Las Palmas,H,2,1.08,11.0,26.0,1836.4883681864442,1493.0714926449843,343.41687554145983,726.0,32.2,3.086376601611076,9,10,6,13,3,-1,1.5,1.5
2015-09-26,2015,Real Madrid,Malaga,D,1,1.11,10.0,21.0,1818.4037791179871,1441.4807301146013,376.9230490033858,714.3,82.8,2.144269027626301,8,10,5,11,4,-3,3.0,0.0
2015-09-27,2015,Getafe,Levante,H,2,1.95,3.3,4.2,1392.3639981709207,1437.1768323159345,-44.81283414501377,50.2,43.45,0.14137457008554843,0,0,0,0,-3,-2,0.6666666666666666,1.6666666666666667
2015-09-27,2015,La Coruna,Espanol,H,2,2.1,3.3,3.75,1473.0768745589044,1533.1734160506487,-60.09654149174435,53.4,75.7,-0.3435375545113133,0,0,0,0,1,1,1.6666666666666667,0.6666666666666666
2015-09-27,2015,Sociedad,Ath Bilbao,D,1,2.4,3.2,3.0,1506.4948903966997,1559.876650040255,-53.38175964355537,119.4,10.0,2.3929242600763496,-1,-1,-1,1,-1,-3,1.0,1.0
2015-09-27,2015,Sp Gijon,Betis,A,0,2.3,3.2,3.3,1454.0630209986773,1383.7764426492631,70.28657834941419,10.0,56.4,-1.6521490305271502,0,0,0,0,-1,-1,1.5,1.5
2015-10-02,2015,Celta,Getafe,D,1,1.44,4.5,7.5,1604.732763161956,1405.001214830544,199.7315483314119,60.4,50.2,0.1816703031076341,0,0,0,0,3,-1,1.3333333333333333,1.3333333333333333
2015-10-03,2015,Sevilla,Barcelona,H,2,4.0,3.6,1.91,1613.1963108710677,1838.656103983996,-225.4597931129283,230.3,726.0,-1.145210908296126,-6,-9,-4,-9,-2,3,0.3333333333333333,2.3333333333333335
2015-10-03,2015,Espanol,Sp Gijon,A,0,2.0,3.3,4.0,1519.8886516630166,1432.248296296731,87.64035536628558,75.7,10.0,1.9420064355748394,0,0,0,0,-1,-2,1.0,2.0
2015-10-03,2015,Granada,La Coruna,D,1,2.6,3.2,2.8,1406.058368778972,1486.3616389465365,-80.3032701675645,67.55,53.4,0.23119925214642612,0,0,0,0,-3,2,2.3333333333333335,0.3333333333333333
2015-10-03,2015,Las Palmas,Eibar,A,0,2.1,3.3,3.75,1490.9037568474325,1442.9310742222701,47.972682625162406,32.2,29.4,0.0881072675102672,0,0,0,0,-1,0,1.5,1.5
2015-10-03,2015,Malaga,Sociedad,H,2,2.38,3.1,3.3,1454.670303674478,1504.4942113660616,-49.8239076915836,82.8,119.4,-0.36238652538668337,0,-3,0,-3,-3,-1,1.3333333333333333,1.3333333333333333
2015-10-04,2015,Levante,Villarreal,H,2,4.33,3.4,1.91,1424.539615656311,1623.31041453398,-198.770798877669,43.45,140.6,-1.1586412192997053,-1,-1,1,-3,-2,5,0.0,3.0
2015-10-04,2015,Vallecano,Betis,A,0,2.2,3.5,3.2,1491.4462684430941,1405.5911673512094,85.85510109188476,51.7,56.4,-0.08542884777820436,0,0,0,0,-1,0,2.3333333333333335,0.3333333333333333
2015-10-04,2015,Ath Bilbao,Valencia,H,2,2.3,3.3,3.2,1561.8773290708932,1646.0473018081757,-84.16997273728248,10.0,254.0,-3.143368272360055,-2,-2,0,-4,-2,1,1.0,1.0
2015-10-04,2015,Ath Madrid,Real Madrid,D,1,3.2,3.3,2.3,1713.4266579155833,1805.2142055581105,-91.78754764252722,356.0,714.3,-0.694966253334699,-9,-8,-6,-11,1,4,2.3333333333333335,0.3333333333333333
2015-10-17,2015,Eibar,Sevilla,D,1,3.6,3.4,2.1,1463.959407314062,1633.38908003077,-169.42967271670796,29.4,230.3,-2.0292729608252174,-3,-1,-2,-4,0,0,0.5,2.0
2015-10-17,2015,Betis,Espanol,A,0,2.0,3.3,4.0,1427.9283215085566,1497.4930106257104,-69.56468911715388,56.4,75.7,-0.2898574050476892,0,0,0,0,2,-1,1.3333333333333333,1.3333333333333333
2015-10-17,2015,Real Madrid,Levante,H,2,1.08,12.0,23.0,1805.5686996086906,1443.6926129246042,361.87608668408643,714.3,43.45,2.778337073154424,9,8,6,11,3,-1,3.0,0.0
2015-10-17,2015,Valencia,Malaga,H,2,1.62,3.75,6.0,1631.730266490682,1467.5189634797227,164.21130301095923,254.0,82.8,1.1128305376703889,3,6,1,6,0,-1,1.3333333333333333,1.3333333333333333
2015-10-17,2015,Barcelona,Vallecano,H,2,1.14,9.0,15.0,1818.4633348242937,1469.109114285747,349.35422053854677,726.0,51.7,2.6243110219862027,9,10,6,13,1,-1,3.0,0.0
2015-10-18,2015,Getafe,Las Palmas,H,2,2.15,3.2,3.6,1415.4658822694034,1469.8754237556407,-54.40954148623723,50.2,32.2,0.4331896561230191,0,0,0,0,0,-2,1.5,1.5
2015-10-18,2015,La Coruna,Ath Bilbao,D,1,2.7,3.1,2.8,1487.2111052771327,1576.194364388387,-88.98325911125426,53.4,10.0,1.5984688810635261,-2,-2,-2,-2,2,0,1.6666666666666667,0.6666666666666666
2015-10-18,2015,Sociedad,Ath Madrid,A,0,4.0,3.2,2.05,1491.6455515608168,1713.0721638650032,-221.4266123041864,119.4,356.0,-1.0869162489049184,1,1,1,3,-2,0,1.0,2.0
2015-10-18,2015,Villarreal,Celta,A,0,2.0,3.5,3.75,1604.157417265687,1594.2680957230966,9.889321542590324,140.6,60.4,0.8355963461065228,1,1,-1,3,3,2,2.0,1.0
2015-10-19,2015,Sp Gijon,Granada,D,1,2.0,3.2,4.2,1454.6439373340372,1405.2089024483757,49.43503488566148,10.0,67.55,-1.8296681332099523,0,0,0,0,-1,-4,1.5,1.5
2015-10-23,2015,Vallecano,Espanol,H,2,2.2,3.4,3.2,1467.0091171764138,1513.8036578154783,-46.79454063906451,51.7,75.7,-0.37528625282589356,0,0,0,0,-1,1,0.6666666666666666,1.6666666666666667
2015-10-24,2015,Sevilla,Getafe,H,2,1.44,4.33,8.0,1630.4308337624716,1428.5088038362223,201.92202992624925,230.3,50.2,1.507976037191931,3,1,2,4,0,2,1.0,2.0
2015-10-24,2015,Malaga,La Coruna,H,2,2.25,3.25,3.4,1462.1391920620683,1486.735633682032,-24.59644161996357,82.8,53.4,0.4320688536261401,1,-2,1,0,-2,1,2.3333333333333335,0.3333333333333333
2015-10-24,2015,Granada,Betis,D,1,2.3,3.25,3.25,1411.2900834558864,1411.6176743187887,-0.3275908629022979,67.55,56.4,0.17751910268280202,0,0,0,0,-3,0,1.3333333333333333,1.3333333333333333
2015-10-24,2015,Celta,Real Madrid,A,0,3.8,3.8,1.91,1613.8602806428007,1807.5322109079098,-193.67193026510904,60.4,714.3,-2.4552921999612414,-9,-8,-6,-11,3,3,1.0,2.0
2015-10-25,2015,Ath Madrid,Valencia,H,2,1.57,3.8,6.5,1723.0332645886826,1637.1100379083364,85.92322668034626,356.0,254.0,0.33647223662121295,-4,-4,-2,-6,2,0,1.3333333333333333,1.3333333333333333
2015-10-25,2015,Barcelona,Eibar,H,2,1.11,10.0,19.0,1820.5633319336268,1466.9176535823603,353.6456783512665,726.0,29.4,3.1744838691213433,9,10,6,13,1,0,3.0,0.0
2015-10-25,2015,Las Palmas,Villarreal,D,1,3.5,3.25,2.2,1456.8325021888218,1584.5652323459828,-127.73273015716109,32.2,140.6,-1.450456305337176,-1,-1,1,-3,-3,1,1.5,1.5
2015-10-25,2015,Levante,Sociedad,A,0,2.63,3.2,2.8,1441.729101625385,1481.6844508371373,-39.955349211752264,43.45,119.4,-0.9964545709148065,-1,-1,-1,-3,-2,-2,0.6666666666666666,1.6666666666666667
2015-10-26,2015,Ath Bilbao,Sp Gijon,H,2,1.53,4.0,7.0,1576.6698359834877,1448.5627563265266,128.1070796569611,10.0,10.0,0.0,2,2,2,2,-1,0,1.6666666666666667,0.6666666666666666
2015-10-30,2015,La Coruna,Ath Madrid,D,1,5.5,3.4,1.7,1474.9408999790473,1730.69387314803,-255.75297316898263,53.4,356.0,-1.881371627917742,0,0,0,0,1,2,0.3333333333333333,2.3333333333333335
2015-10-31,2015,Villarreal,Sevilla,H,2,2.25,3.4,3.25,1583.3704505496635,1634.91783714259,-51.547386592926614,140.6,230.3,-0.4907093879777742,-2,0,-3,-1,0,2,0.3333333333333333,2.3333333333333335
2015-10-31,2015,Sociedad,Celta,A,0,2.7,3.2,2.75,1499.2512825186507,1602.8092020288973,-103.55791951024662,119.4,60.4,0.673409697721624,1,1,1,3,0,1,1.0,1.0
2015-10-31,2015,Valencia,Levante,H,2,1.44,4.5,7.5,1629.449429348989,1424.1622699438717,205.28715940511734,254.0,43.45,1.746898583198512,4,4,2,6,-1,-2,1.0,2.0
2015-10-31,2015,Getafe,Barcelona,A,0,10.0,5.75,1.29,1424.0218004561038,1822.6155924527727,-398.59379199666887,50.2,726.0,-2.653186945488057,-9,-10,-6,-13,0,1,0.6666666666666666,1.6666666666666667
2015-10-31,2015,Real Madrid,Las Palmas,H,2,1.09,11.0,23.0,1818.5832895218132,1458.0272839851411,360.55600553667205,714.3,32.2,3.0701521591918945,9,8,6,11,3,-2,1.5,1.5
2015-11-01,2015,Betis,Ath Bilbao,A,0,3.25,3.25,2.3,1415.8065874983208,1583.028943509821,-167.2223560115001,56.4,10.0,1.6521490305271502,-2,-2,-2,-2,0,1,0.3333333333333333,2.3333333333333335
2015-11-01,2015,Eibar,Vallecano,H,2,2.2,3.4,3.3,1464.8653930632145,1479.7298422449796,-14.864449181765167,29.4,51.7,-0.5501728471351406,0,0,0,0,0,-1,1.5,1.5
2015-11-01,2015,Espanol,Granada,D,1,2.0,3.3,4.0,1501.0829327469125,1407.1011702763542,93.98176247055835,75.7,67.55,0.11233830236488718,0,0,0,0,-1,-2,3.0,0.0
2015-11-01,2015,Sp Gijon,Malaga,H,2,2.38,3.2,3.2,1442.2036488001934,1473.933925765053,-31.730276964859513,10.0,82.8,-2.0305377346896663,-1,2,-1,0,-2,0,1.0,2.0
2015-11-06,2015,Las Palmas,Sociedad,H,2,2.75,3.1,2.75,1456.0497824036859,1484.4048848823502,-28.35510247866432,32.2,119.4,-1.2882696569522771,-1,-1,-1,-3,-4,-2,1.5,1.5
2015-11-07,2015,Malaga,Betis,A,0,1.95,3.5,4.0,1461.8440092377393,1403.673129108435,58.17088012930435,82.8,56.4,0.378388704162516,1,-2,1,0,0,0,2.0,1.0
2015-11-07,2015,Vallecano,Granada,H,2,1.95,3.5,4.0,1468.3335979418423,1414.7021674296304,53.631430512211864,51.7,67.55,-0.2629479504610064,0,0,0,0,-3,-1,3.0,0.0
2015-11-07,2015,Eibar,Getafe,H,2,2.1,3.25,3.75,1476.2616373663518,1419.4611968839185,56.80044048243326,29.4,50.2,-0.5212969236332863,0,0,0,0,1,0,2.0,0.5
2015-11-07,2015,Celta,Valencia,A,0,1.85,3.75,4.2,1617.6555996651978,1633.863014749375,-16.207415084177228,60.4,254.0,-1.4238537100053295,-4,-4,-2,-6,1,1,0.6666666666666666,1.6666666666666667
2015-11-07,2015,Levante,La Coruna,D,1,2.6,3.1,2.9,1419.7486845434858,1481.248323713344,-61.499639169858256,43.45,53.4,-0.201999191901983,0,0,0,0,-3,0,0.3333333333333333,2.3333333333333335
2015-11-08,2015,Sevilla,Real Madrid,H,2,3.6,4.0,1.91,1621.996248072942,1820.5607911032685,-198.56454303032638,230.3,714.3,-1.1289864658769444,-6,-7,-4,-7,2,3,1.0,2.0
2015-11-08,2015,Barcelona,Villarreal,H,2,1.3,5.5,10.0,1827.176196024958,1596.2920396193115,230.88415640564654,726.0,140.6,1.6359202962739001,8,9,7,10,3,0,3.0,0.0
2015-11-08,2015,Ath Bilbao,Espanol,H,2,1.44,4.5,7.5,1595.1624018997068,1493.4819355936363,101.68046630607046,10.0,75.7,-1.9420064355748394,2,2,2,2,3,-2,1.0,2.0
2015-11-08,2015,Ath Madrid,Sp Gijon,H,2,1.2,6.5,17.0,1724.3864494137333,1454.293565327507,270.0928840862264,356.0,10.0,3.479840508981268,0,0,0,0,1,0,1.3333333333333333,1.3333333333333333
2015-11-21,2015,Sociedad,Sevilla,H,2,2.63,3.3,2.7,1472.4549336022915,1641.1410218062376,-168.68608820394616,119.4,230.3,-0.652896036362673,-2,0,-1,-1,-3,2,1.0,2.0
2015-11-21,2015,Real Madrid,Barcelona,A,0,2.5,3.75,2.8,1801.416017369973,1831.063444058843,-29.647426688870155,714.3,726.0,-0.01622444241918153,0,-2,0,-2,2,3,1.0,2.0
2015-11-21,2015,Valencia,Las Palmas,D,1,1.44,4.2,7.5,1652.412086085468,1467.9997336837446,184.4123524017234,254.0,32.2,2.0387136692359826,4,4,2,6,1,-2,1.5,1.5
2015-11-21,2015,Espanol,Malaga,H,2,2.4,3.2,3.1,1486.3271820068935,1440.4509058998078,45.87627610708569,75.7,82.8,-0.08853129911482682,-1,2,-1,0,-2,-1,2.3333333333333335,0.3333333333333333
2015-11-21,2015,La Coruna,Celta,H,2,3.3,3.4,2.2,1482.9037475156535,1599.1065283291048,-116.20278081345123,53.4,60.4,-0.12104568129119953,0,0,0,0,-1,0,1.0,2.0
2015-11-22,2015,Villarreal,Eibar,D,1,1.53,4.0,7.0,1592.4047915854264,1484.9170341923407,107.48775739308576,140.6,29.4,1.5385635728474432,1,1,-1,3,-2,2,2.0,0.5
2015-11-22,2015,Sp Gijon,Levante,A,0,2.2,3.2,3.5,1451.1083283226667,1418.0932607411762,33.015067581490484,10.0,43.45,-1.3964696891615431,0,0,0,0,0,-2,1.3333333333333333,1.3333333333333333
2015-11-22,2015,Granada,Ath Bilbao,H,2,3.75,3.3,2.1,1405.9339989947146,1602.3171554864496,-196.383156491735,67.55,10.0,1.8296681332099523,-2,-2,-2,-2,-1,4,1.3333333333333333,1.3333333333333333
2015-11-22,2015,Betis,Ath Madrid,A,0,5.5,3.8,1.67,1425.0662324463665,1727.5716864185736,-302.5054539722071,56.4,356.0,-1.8276914784541178,0,0,0,0,0,3,0.0,3.0
2015-11-23,2015,Getafe,Vallecano,D,1,2.4,3.3,3.0,1410.8058000579297,1477.1017663767582,-66.2959663188285,50.2,51.7,-0.028875923501854306,0,0,0,0,-2,-1,1.0,2.0
2015-11-27,2015,Levante,Betis,A,0,2.05,3.4,3.75,1438.5709360839157,1417.937321244666,20.63361483924973,43.45,56.4,-0.2556793413656071,0,0,0,0,-2,-2,0.6666666666666666,1.6666666666666667
2015-11-28,2015,Malaga,Granada,D,1,1.83,3.4,4.75,1431.403164846351,1424.9916353327694,6.411529513581627,82.8,67.55,0.200869601479714,1,-2,1,0,-3,0,2.0,1.0
2015-11-28,2015,Celta,Sp Gijon,H,2,1.4,5.0,7.5,1583.4075047348454,1430.6306529799272,152.7768517549182,60.4,10.0,1.7195145623547257,0,0,0,0,-1,-2,1.5,1.5
2015-11-28,2015,Las Palmas,La Coruna,A,0,2.3,3.3,3.2,1478.1143783542436,1498.602771109913,-20.488392755669338,32.2,53.4,-0.49381427793945365,0,0,0,0,-1,0,1.5,1.5
2015-11-28,2015,Ath Madrid,Espanol,H,2,1.22,6.0,15.0,1734.700597620274,1495.3749230603503,239.32567455992375,356.0,75.7,1.5378340734064286,0,0,0,0,4,0,2.3333333333333335,0.3333333333333333
2015-11-28,2015,Barcelona,Sociedad,H,2,1.07,13.0,23.0,1849.0599652705368,1490.3823123940572,358.67765287647967,726.0,119.4,1.798106944658799,8,9,5,10,5,-1,1.0,2.0
2015-11-29,2015,Vallecano,Ath Bilbao,A,0,3.1,3.4,2.3,1478.5523391018332,1583.2595191483947,-104.70718004656146,51.7,10.0,1.5667201827489459,-2,-2,-2,-2,0,2,1.0,2.0
2015-11-29,2015,Sevilla,Valencia,H,2,1.75,4.0,4.33,1623.213643014472,1642.297441414969,-19.083798400497017,230.3,254.0,-0.09754797592103248,-1,-3,0,-2,0,2,0.6666666666666666,1.6666666666666667
2015-11-29,2015,Getafe,Villarreal,H,2,3.0,3.3,2.4,1409.3552273328546,1584.379003135412,-175.02377580255734,50.2,140.6,-1.0172666492141569,-1,-1,1,-3,-2,-1,0.3333333333333333,2.3333333333333335
2015-11-29,2015,Eibar,Real Madrid,A,0,7.5,5.0,1.4,1492.9428226423552,1783.4194961582791,-290.47667351592395,29.4,714.3,-3.1582594267021618,-9,-8,-6,-11,1,1,0.0,3.0
2015-12-05,2015,La Coruna,Sevilla,D,1,3.0,3.3,2.4,1516.9768633302224,1634.782030512164,-117.80516718194167,53.4,230.3,-1.4473514153754965,-3,-1,-2,-4,1,1,0.0,3.0
2015-12-05,2015,Betis,Celta,D,1,3.3,3.5,2.15,1437.9458242858998,1589.084039661858,-151.13821537595823,56.4,60.4,-0.06736553182757543,0,0,0,0,0,-1,1.0,2.0
2015-12-05,2015,Granada,Ath Madrid,A,0,7.0,3.75,1.57,1429.4473308691206,1738.4263658884115,-308.9790350192909,67.55,356.0,-1.6501723757713158,0,0,0,0,0,4,0.3333333333333333,2.3333333333333335
2015-12-05,2015,Real Madrid,Getafe,H,2,1.1,11.0,21.0,1790.931542440628,1427.5448421308972,363.3867003097307,714.3,50.2,2.6369625030688755,9,8,6,11,1,-2,3.0,0.0
2015-12-05,2015,Valencia,Barcelona,D,1,9.0,6.0,1.3,1630.7290539172768,1851.0575334717357,-220.3284795544589,254.0,726.0,-1.0476629323750934,-5,-6,-4,-7,0,5,1.0,2.0
2015-12-06,2015,Ath Bilbao,Malaga,D,1,1.45,4.33,7.5,1598.056306283168,1426.9474693099999,171.10883697316808,10.0,82.8,-2.0305377346896663,1,4,1,2,3,-2,1.3333333333333333,1.3333333333333333
2015-12-06,2015,Sociedad,Eibar,H,2,1.85,3.5,4.5,1488.3847441928583,1485.4307763600063,2.9539678328519585,119.4,29.4,1.3763769244625443,1,1,1,3,-1,0,1.5,1.5
2015-12-06,2015,Sp Gijon,Las Palmas,H,2,2.3,3.3,3.25,1424.9541180529145,1459.7402861339342,-34.786168081019696,10.0,32.2,-1.1046546031240725,0,0,0,0,-3,-1,1.5,1.5
2015-12-06,2015,Villarreal,Vallecano,H,2,1.57,3.8,6.5,1566.1893883373693,1463.75555196706,102.43383637030934,140.6,51.7,0.9883907257123026,1,1,-1,3,-1,0,2.0,1.0
2015-12-07,2015,Espanol,Levante,D,1,2.0,3.5,3.8,1491.6491547922128,1418.562433042682,73.08672174953085,75.7,43.45,0.5455367464132963,0,0,0,0,-2,-2,1.6666666666666667,0.6666666666666666
2015-12-11,2015,Getafe,Sociedad,D,1,2.88,3.2,2.6,1425.5972274278465,1499.065551098347,-73.46832367050047,50.2,119.4,-0.8550800008292581,-1,-1,-1,-3,-2,-1,1.3333333333333333,1.3333333333333333
2015-12-12,2015,Sevilla,Sp Gijon,H,2,1.36,5.0,8.5,1634.013991899843,1437.1712160151267,196.84277588471627,230.3,10.0,3.0458202964390226,3,1,2,4,0,-1,2.0,1.0
2015-12-12,2015,Levante,Granada,A,0,2.1,3.1,4.0,1425.472745242711,1422.518965552904,2.953779689806879,43.45,67.55,-0.4331984440484091,0,0,0,0,-1,-1,3.0,0.0
2015-12-12,2015,Las Palmas,Betis,H,2,2.15,3.3,3.5,1447.523188171722,1440.1378319734376,7.3853561982843985,32.2,56.4,-0.5474944274030777,0,0,0,0,-2,0,1.5,1.5
2015-12-12,2015,Celta,Espanol,H,2,1.53,4.33,6.0,1586.8920319743202,1484.7388425921838,102.15318938213636,60.4,75.7,-0.22249187322011377,0,0,0,0,0,-1,1.0,2.0
2015-12-12,2015,Barcelona,La Coruna,D,1,1.07,13.0,26.0,1846.0607388775065,1517.7449019425435,328.31583693496304,726.0,53.4,2.5925623236716224,9,10,6,13,4,2,2.3333333333333335,0.3333333333333333
2015-12-13,2015,Vallecano,Malaga,A,0,2.3,3.25,3.25,1456.624399923366,1436.740772403347,19.88362752001899,51.7,82.8,-0.4638175519407204,-1,2,-1,0,-2,-3,2.0,1.0
2015-12-13,2015,Villarreal,Real Madrid,H,2,5.0,4.2,1.65,1573.3205403810634,1792.8791571436786,-219.5586167626152,140.6,714.3,-1.6196958538547186,-8,-7,-7,-8,0,1,0.3333333333333333,2.3333333333333335
2015-12-13,2015,Ath Madrid,Ath Bilbao,H,2,1.57,3.75,7.0,1745.354731204628,1588.263003189821,157.09172801480713,356.0,10.0,3.479840508981268,-2,-2,-2,-2,4,2,2.3333333333333335,0.3333333333333333
2015-12-13,2015,Eibar,Valencia,D,1,2.45,3.2,3.0,1474.7499694545177,1635.725848511506,-160.97587905698833,29.4,254.0,-2.12682093674625,-4,-4,-2,-6,0,1,0.0,3.0
2015-12-19,2015,La Coruna,Eibar,H,2,2.0,3.3,4.0,1530.39571133334,1477.3558102118106,53.03990112152928,53.4,29.4,0.5819215454497209,0,0,0,0,2,-1,3.0,0.0
2015-12-19,2015,Valencia,Getafe,D,1,1.67,3.75,5.5,1633.120007754213,1424.453984295909,208.66602345830393,254.0,50.2,1.6055240131129636,4,4,2,6,0,-1,2.0,1.0
2015-12-19,2015,Betis,Sevilla,D,1,3.75,3.5,2.0,1429.6318292262436,1638.6137134137055,-208.9818841874619,56.4,230.3,-1.3936712659118724,-3,-1,-2,-4,0,2,0.3333333333333333,2.3333333333333335
2015-12-19,2015,Espanol,Las Palmas,H,2,2.05,3.4,3.75,1477.5989047186663,1458.0291909189161,19.56971379975016,75.7,32.2,0.8373518324507669,0,0,0,0,-2,0,1.5,1.5
2015-12-20,2015,Sociedad,Villarreal,A,0,2.4,3.2,3.1,1500.2087942302844,1593.2877638859907,-93.07896965570626,119.4,140.6,-0.16218664838489882,0,0,2,0,0,0,0.3333333333333333,2.3333333333333335
2015-12-20,2015,Ath Bilbao,Levante,H,2,1.4,4.5,9.0,1582.6999039736647,1406.1535595975042,176.5463443761605,10.0,43.45,-1.3964696891615431,2,2,2,2,0,-1,3.0,0.0
2015-12-20,2015,Granada,Celta,A,0,3.2,3.3,2.3,1441.8381511981108,1594.0319698478377,-152.19381864972684,67.55,60.4,0.11015357085522659,0,0,0,0,0,0,0.6666666666666666,1.6666666666666667
2015-12-20,2015,Malaga,Ath Madrid,H,2,5.25,3.5,1.75,1456.7204851581812,1750.9178304207842,-294.197345262603,82.8,356.0,-1.4493027742916018,1,-2,1,0,-1,5,0.6666666666666666,1.6666666666666667
2015-12-20,2015,Real Madrid,Vallecano,H,2,1.1,11.0,21.0,1772.9119336387514,1436.6446871685316,336.2672464702198,714.3,51.7,2.608086579567021,9,8,6,11,-1,-2,3.0,0.0
2015-12-30,2015,Barcelona,Betis,H,2,1.06,13.0,26.0,1833.40992948671,1434.188480485741,399.2214490009692,726.0,56.4,2.5388821742079983,9,10,6,13,3,-1,3.0,0.0
2015-12-30,2015,Celta,Ath Bilbao,A,0,2.38,3.3,2.9,1606.7953812729174,1587.7732853283626,19.02209594455485,60.4,10.0,1.7195145623547257,-2,-2,-2,-2,2,0,0.6666666666666666,1.6666666666666667
2015-12-30,2015,Las Palmas,Granada,H,2,2.0,3.3,3.75,1447.9968409794994,1429.074739773031,18.92210120646837,32.2,67.55,-0.7250135300858798,0,0,0,0,-2,0,1.5,1.5
2015-12-30,2015,Getafe,La Coruna,D,1,2.5,3.2,2.88,1435.113113538401,1539.1850250753118,-104.07191153691087,50.2,53.4,-0.060624621816434576,0,0,0,0,0,3,3.0,0.0
2015-12-30,2015,Real Madrid,Sociedad,H,2,1.1,10.0,19.0,1775.1639105379795,1484.9100288485186,290.25388168946097,714.3,119.4,1.7818825022396174,8,7,5,8,1,0,2.0,1.0
2015-12-30,2015,Levante,Malaga,A,0,2.75,3.0,2.75,1401.0801782428064,1479.3283976387895,-78.24821939598314,43.45,82.8,-0.6340680455281231,-1,2,-1,0,-2,1,1.3333333333333333,1.3333333333333333
2015-12-30,2015,Sevilla,Espanol,H,2,1.4,4.75,7.0,1634.057062154208,1487.631254658083,146.42580749612512,230.3,75.7,1.1038138608641832,3,1,2,4,1,0,3.0,0.0
2015-12-30,2015,Vallecano,Ath Madrid,A,0,6.5,3.8,1.53,1434.3927102693035,1728.3099179401759,-293.91720767087236,51.7,356.0,-1.9131203262323222,0,0,0,0,-4,3,0.3333333333333333,2.3333333333333335
2015-12-30,2015,Eibar,Sp Gijon,H,2,1.85,3.5,4.2,1468.5664964698387,1432.5714945012642,35.99500196857457,29.4,10.0,1.0165473356138053,0,0,0,0,-3,-3,1.5,1.5
2015-12-31,2015,Villarreal,Valencia,H,2,1.8,3.5,4.5,1608.5865292677565,1622.4608785117211,-13.874349243964616,140.6,254.0,-0.5882573638988067,-3,-3,-3,-3,2,-1,0.3333333333333333,2.3333333333333335
2016-01-02,2015,Ath Madrid,Levante,H,2,1.2,6.5,17.0,1735.7109923809855,1385.1423034273246,350.56868895366097,356.0,43.45,2.083370819819725,0,0,0,0,3,-4,1.3333333333333333,1.3333333333333333
2016-01-02,2015,Espanol,Barcelona,D,1,14.0,7.0,1.2,1481.7845422307887,1835.0139266237707,-353.22938439298196,75.7,726.0,-2.249024769160309,-9,-10,-6,-13,-2,3,0.0,3.0
2016-01-02,2015,Malaga,Celta,H,2,2.4,3.3,3.0,1495.2662724542713,1586.8487916828265,-91.58251922855516,82.8,60.4,0.3110231723349406,1,-2,1,0,3,2,2.0,1.0
2016-01-03,2015,Valencia,Real Madrid,D,1,6.0,4.33,1.53,1611.1048852796614,1778.0335113087262,-166.92862602906484,254.0,714.3,-1.031438489955912,-5,-4,-4,-5,-2,3,1.6666666666666667,0.6666666666666666
2016-01-03,2015,La Coruna,Villarreal,A,0,2.7,3.2,2.7,1539.0092345712815,1619.9425224998163,-80.93328792853481,53.4,140.6,-0.9566420273977223,-1,-1,1,-3,2,3,1.3333333333333333,1.3333333333333333
2016-01-03,2015,Granada,Sevilla,H,2,4.33,3.6,1.85,1419.0174813648948,1639.9037745815024,-220.88629321660756,67.55,230.3,-1.2161521632290704,-3,-1,-2,-4,-2,3,0.3333333333333333,2.3333333333333335
2016-01-03,2015,Betis,Eibar,A,0,2.4,3.25,3.1,1432.5844833486804,1477.9776745653855,-45.39319121670519,56.4,29.4,0.635601694913345,0,0,0,0,-1,-2,1.5,1.5
2016-01-03,2015,Vallecano,Sociedad,D,1,2.63,3.3,2.75,1426.9916358284938,1482.0404280777718,-55.048792249277994,51.7,119.4,-0.8262040773274038,-1,-1,-1,-3,-5,-2,2.0,1.0
2016-01-03,2015,Ath Bilbao,Las Palmas,D,1,1.36,5.0,8.5,1607.7198749184536,1458.0540993876357,149.66577553081788,10.0,32.2,-1.1046546031240725,2,2,2,2,2,-1,1.5,1.5
2016-01-04,2015,Sp Gijon,Getafe,A,0,2.25,3.3,3.3,1423.1603164057174,1435.2889040424313,-12.128587636713974,10.0,50.2,-1.5378442592470916,0,0,0,0,-3,0,2.0,1.0
2016-01-09,2015,Getafe,Betis,H,2,1.95,3.5,4.0,1454.0037462021182,1415.2461407501137,38.757605452004555,50.2,56.4,-0.11430477128005867,0,0,0,0,0,-3,1.3333333333333333,1.3333333333333333
2016-01-09,2015,Sevilla,Ath Bilbao,H,2,2.1,3.5,3.5,1619.8855811302183,1598.4792929671205,21.40628816309777,230.3,10.0,3.0458202964390226,1,-1,0,2,1,1,1.0,2.0
2016-01-09,2015,Real Madrid,La Coruna,H,2,1.11,9.0,21.0,1775.179189886693,1523.1868838159585,251.99230607073446,714.3,53.4,2.576337881252441,9,8,6,11,2,0,3.0,0.0
2016-01-09,2015,Barcelona,Granada,H,2,1.05,15.0,34.0,1825.6784819758818,1439.035674816179,386.6428071597029,726.0,67.55,2.3613630715251963,9,10,6,13,2,-1,2.0,1.0
2016-01-09,2015,Levante,Vallecano,H,2,2.15,3.4,3.4,1383.0559188292957,1425.0616927427768,-42.00577391348111,43.45,51.7,-0.17025049358740274,0,0,0,0,-4,-4,0.3333333333333333,2.3333333333333335
2016-01-10,2015,Villarreal,Sp Gijon,H,2,1.5,4.33,6.5,1635.7648732551393,1404.4454742460305,231.3193990091088,140.6,10.0,2.5551109084612484,1,1,-1,3,5,-3,2.3333333333333335,0.3333333333333333
2016-01-10,2015,Sociedad,Valencia,H,2,2.25,3.3,3.3,1483.9703711634888,1613.9592067016947,-129.98883553820588,119.4,254.0,-0.7504440122837055,-3,-3,-1,-3,-1,-1,1.3333333333333333,1.3333333333333333
2016-01-10,2015,Celta,Ath Madrid,A,0,4.5,3.5,1.8,1572.2121324533196,1737.7973769790144,-165.58524452569486,60.4,356.0,-1.7603259466265424,0,0,0,0,0,3,1.3333333333333333,1.3333333333333333
2016-01-10,2015,Eibar,Espanol,H,2,2.0,3.3,4.0,1495.3160171639522,1491.1199868786775,4.196030285274674,29.4,75.7,-0.9254590999610341,0,0,0,0,0,-1,1.5,1.5
2016-01-10,2015,Las Palmas,Malaga,D,1,2.7,3.1,2.8,1467.2946813389688,1509.9029316837782,-42.60825034480945,32.2,82.8,-0.9258831315655938,-1,2,-1,0,0,4,1.5,1.5
2016-01-16,2015,Celta,Levante,H,2,1.62,3.8,6.0,1560.0105146525316,1395.575104741018,164.4354099115135,60.4,43.45,0.32304487319318254,0,0,0,0,-1,-3,3.0,0.0
2016-01-16,2015,Sevilla,Malaga,H,2,1.67,3.8,5.25,1629.8474603140226,1512.358439021594,117.48902129242856,230.3,82.8,1.0152825617493564,2,3,1,4,2,4,2.3333333333333335,0.3333333333333333
2016-01-16,2015,Sociedad,La Coruna,D,1,1.95,3.3,4.2,1500.2618874902382,1519.6925957246222,-19.43070823438393,119.4,53.4,0.7944553790128235,1,1,1,3,-1,-1,1.0,1.0
2016-01-16,2015,Villarreal,Betis,D,1,1.45,4.33,8.0,1639.6436517916784,1405.9373708283795,233.70628096329892,140.6,56.4,0.9029618779340982,1,1,-1,3,5,-4,0.6666666666666666,1.6666666666666667
2016-01-17,2015,Valencia,Vallecano,D,1,1.62,4.0,5.5,1597.6676903749453,1412.5425068310544,185.1251835438909,254.0,51.7,1.5766480896111092,4,4,2,6,-2,-4,1.6666666666666667,0.6666666666666666
2016-01-17,2015,Las Palmas,Ath Madrid,A,0,6.5,3.6,1.62,1464.839174001153,1749.9989947798024,-285.1598207786494,32.2,356.0,-2.3751859058571956,0,0,0,0,1,3,0.0,3.0
2016-01-17,2015,Real Madrid,Sp Gijon,H,2,1.05,17.0,26.0,1778.6734779780293,1400.5666957094913,378.1067822685379,714.3,10.0,4.174806762315967,9,8,6,11,2,-3,2.3333333333333335,0.3333333333333333
2016-01-17,2015,Barcelona,Ath Bilbao,H,2,1.14,8.0,19.0,1827.3960342925307,1588.5174137833162,238.87862050921444,726.0,10.0,4.191031204735149,7,8,4,11,2,0,3.0,0.0
2016-01-17,2015,Getafe,Espanol,H,2,2.2,3.2,3.5,1463.3125161238524,1480.488307199584,-17.175791075731468,50.2,75.7,-0.40416217632774787,0,0,0,0,2,-2,1.0,2.0
2016-01-18,2015,Eibar,Granada,H,2,1.83,3.5,4.5,1505.9476968430458,1437.31812249953,68.62957434351574,29.4,67.55,-0.813120797596147,0,0,0,0,2,-1,1.6666666666666667,0.6666666666666666
2016-01-22,2015,Sp Gijon,Sociedad,H,2,3.1,3.2,2.45,1398.7678265823938,1496.8444716513004,-98.0766450689066,10.0,119.4,-2.3929242600763496,-1,-1,-1,-3,-5,-1,0.3333333333333333,2.3333333333333335
2016-01-23,2015,Espanol,Villarreal,D,1,2.9,3.2,2.55,1468.9978849369725,1628.4762623795255,-159.47837744255298,75.7,140.6,-0.613104472886409,-1,-1,1,-3,-2,4,1.3333333333333333,1.3333333333333333
2016-01-23,2015,Granada,Getafe,H,2,2.63,3.1,2.88,1429.0759514613103,1474.802938386464,-45.7269869251536,67.55,50.2,0.2918238739628607,0,0,0,0,-3,3,2.3333333333333335,0.3333333333333333
2016-01-23,2015,Malaga,Barcelona,A,0,8.5,5.5,1.33,1505.6876465108992,1831.130207998139,-325.4425614872398,82.8,726.0,-2.1604934700454823,-8,-12,-5,-13,2,3,1.3333333333333333,1.3333333333333333
2016-01-23,2015,Vallecano,Celta,H,2,2.7,3.4,2.63,1422.6739103152531,1565.3845927463192,-142.71068243106606,51.7,60.4,-0.1527943796057798,0,0,0,0,-3,-1,1.0,2.0
2016-01-24,2015,La Coruna,Valencia,D,1,2.25,3.3,3.3,1523.11001156356,1587.5362868907466,-64.42627532718666,53.4,254.0,-1.544899391296529,-4,-4,-2,-6,-1,-2,1.3333333333333333,1.3333333333333333
2016-01-24,2015,Betis,Real Madrid,D,1,9.5,5.75,1.3,1417.1047602405324,1780.4723471051268,-363.3675868645944,56.4,714.3,-2.522657731788817,-9,-8,-6,-11,-3,4,0.0,3.0
2016-01-24,2015,Ath Bilbao,Eibar,H,2,1.67,3.75,5.5,1584.783240077708,1514.1898678812656,70.59337219644226,10.0,29.4,-1.0165473356138053,2,2,2,2,0,3,1.3333333333333333,1.3333333333333333
2016-01-24,2015,Ath Madrid,Sevilla,D,1,1.67,3.5,6.0,1757.6846985603393,1636.5182528247174,121.16644573562189,356.0,230.3,0.43402021254224543,-3,-1,-2,-4,3,2,2.3333333333333335,0.3333333333333333
2016-01-25,2015,Levante,Las Palmas,H,2,2.38,3.1,3.25,1390.2010266472305,1457.153470220616,-66.95244357338561,43.45,32.2,0.29181508603747064,0,0,0,0,-3,-1,1.0,1.0
2016-01-30,2015,Barcelona,Ath Madrid,H,2,1.5,4.2,7.0,1837.5665173402301,1749.2463232943737,88.3201940458564,726.0,356.0,0.7111906957538805,9,10,6,13,4,4,3.0,0.0
2016-01-30,2015,Eibar,Malaga,A,0,2.38,3.25,3.0,1506.0150998512495,1499.251337168808,6.763762682441438,29.4,82.8,-1.013990399075861,-1,2,-1,0,3,0,1.3333333333333333,1.3333333333333333
2016-01-30,2015,Getafe,Ath Bilbao,A,0,3.4,3.3,2.2,1462.127217976342,1592.958008107724,-130.83079013138195,50.2,10.0,1.5378442592470916,-2,-2,-2,-2,2,0,0.0,3.0
2016-01-30,2015,Sociedad,Betis,H,2,1.67,3.75,5.5,1481.927508710424,1426.7035123590726,55.22399635135139,119.4,56.4,0.7407752295491994,1,1,1,3,-1,-3,2.0,1.0
2016-01-30,2015,Villarreal,Granada,H,2,1.44,4.5,7.5,1625.9331693785193,1441.751671871432,184.18149750708722,140.6,67.55,0.7254427752512962,1,1,-1,3,3,-1,2.3333333333333335,0.3333333333333333
2016-01-31,2015,Real Madrid,Espanol,H,2,1.1,11.0,21.0,1770.8735949865866,1471.5409779379786,299.332617048608,714.3,75.7,2.2328003267411276,9,8,6,11,3,-3,3.0,0.0
2016-01-31,2015,Las Palmas,Celta,H,2,2.38,3.3,3.1,1443.575960499672,1548.549857287567,-104.973896787895,32.2,60.4,-0.6148599592306532,0,0,0,0,-1,-3,1.0,1.0
2016-01-31,2015,Valencia,Sp Gijon,A,0,1.75,3.75,4.75,1589.06678341086,1413.6847895232702,175.38199388758972,254.0,10.0,3.143368272360055,4,4,2,6,-2,-3,3.0,0.0
2016-01-31,2015,Sevilla,Levante,H,2,1.33,5.0,10.0,1644.956628090683,1403.7785363681746,241.17809172250827,230.3,43.45,1.6493506072774795,3,1,2,4,2,-1,1.6666666666666667,0.6666666666666666
2016-02-01,2015,La Coruna,Vallecano,D,1,1.91,3.6,4.0,1521.5795150434467,1439.5086457740053,82.07086926944135,53.4,51.7,0.03174869831458027,0,0,0,0,-2,-1,2.3333333333333335,0.3333333333333333
2016-02-05,2015,Malaga,Getafe,H,2,1.57,3.75,6.5,1518.7208938300123,1448.4548073297947,70.26608650021763,82.8,50.2,0.4926934754425747,1,-2,1,0,0,1,1.0,2.0
2016-02-06,2015,Ath Bilbao,Villarreal,D,1,1.83,3.6,4.5,1606.6304187542714,1630.8239621080963,-24.193543353824907,10.0,140.6,-2.5551109084612484,1,1,3,-1,0,3,1.0,2.0
2016-02-06,2015,Ath Madrid,Eibar,H,2,1.36,4.5,9.5,1741.6641589193741,1486.5455431900452,255.1186157293289,356.0,29.4,2.463293173367463,0,0,0,0,2,1,3.0,0.0
2016-02-06,2015,Sp Gijon,La Coruna,D,1,2.5,3.25,2.9,1438.5830915322938,1514.3673098955194,-75.78421836322559,10.0,53.4,-1.5984688810635261,0,0,0,0,-1,-2,1.6666666666666667,0.6666666666666666
2016-02-06,2015,Vallecano,Las Palmas,H,2,1.91,3.6,4.0,1446.7208509219327,1458.7906862168384,-12.069835294905715,51.7,32.2,0.4620655796248734,0,0,0,0,0,-1,3.0,0.0
2016-02-07,2015,Levante,Barcelona,A,0,15.0,7.5,1.18,1400.0874240734424,1845.1486817152297,-445.0612576417873,43.45,726.0,-2.7945615155736054,-9,-10,-6,-13,-1,4,0.0,3.0
2016-02-07,2015,Granada,Real Madrid,A,0,12.0,6.0,1.25,1436.860879141855,1773.6104077329253,-336.7495285910702,67.55,714.3,-2.345138629106015,-9,-8,-6,-11,-1,3,0.0,3.0
2016-02-07,2015,Betis,Valencia,H,2,2.63,3.1,2.88,1417.9921243810818,1564.1684814018363,-146.1763570207545,56.4,254.0,-1.4912192418329049,-4,-4,-2,-6,-3,-2,1.3333333333333333,1.3333333333333333
2016-02-07,2015,Celta,Sevilla,D,1,3.2,3.3,2.3,1533.3351315704006,1648.647740385415,-115.31260881501453,60.4,230.3,-1.326305734084297,-3,-1,-2,-4,-3,2,1.3333333333333333,1.3333333333333333
2016-02-08,2015,Espanol,Sociedad,A,0,2.7,3.1,2.8,1468.8041651916399,1490.638896688415,-21.83473149677502,75.7,119.4,-0.4509178245015102,-1,-1,-1,-3,-3,1,2.0,1.0
2016-02-12,2015,Sp Gijon,Vallecano,D,1,2.38,3.4,3.0,1437.5393018590837,1458.0036278946777,-20.464326035594013,10.0,51.7,-1.5667201827489459,0,0,0,0,0,1,2.0,1.0
2016-02-13,2015,Real Madrid,Ath Bilbao,H,2,1.29,6.0,9.5,1779.723781986969,1603.4085563123028,176.31522567466618,714.3,10.0,4.174806762315967,7,6,4,9,4,0,2.0,1.0
2016-02-13,2015,Villarreal,Malaga,H,2,2.05,3.3,3.8,1634.045824550065,1526.9068712463102,107.13895330375476,140.6,82.8,0.5245731737715822,0,3,-2,3,2,0,2.3333333333333335,0.3333333333333333
2016-02-13,2015,La Coruna,Betis,D,1,1.8,3.5,4.75,1515.4110995687295,1434.974061993772,80.43703757495746,53.4,56.4,-0.053680149463624094,0,0,0,0,-1,-1,1.3333333333333333,1.3333333333333333
2016-02-13,2015,Valencia,Espanol,H,2,1.75,3.6,5.0,1547.186543789146,1450.4853059031054,96.70123788604064,254.0,75.7,1.2013618367852157,4,4,2,6,-3,-4,2.0,1.0
2016-02-14,2015,Barcelona,Celta,H,2,1.08,11.0,26.0,1848.7680446532831,1533.995802317412,314.77224233587117,726.0,60.4,2.471516642380423,9,10,6,13,5,-2,1.0,2.0
2016-02-14,2015,Eibar,Levante,H,2,1.8,3.5,4.75,1483.1064330711606,1396.468061135389,86.6383719357716,29.4,43.45,-0.37992235354773785,0,0,0,0,-1,-1,0.6666666666666666,1.6666666666666667
2016-02-14,2015,Getafe,Ath Madrid,A,0,6.5,3.8,1.57,1440.2688299134968,1745.1032690382588,-304.83443912476196,50.2,356.0,-1.9419962497341765,0,0,0,0,-1,2,0.0,3.0
2016-02-14,2015,Sevilla,Las Palmas,H,2,1.33,5.0,10.0,1647.9870696384037,1447.5079092440933,200.47916039431038,230.3,32.2,1.9411656933149501,3,1,2,4,3,-2,0.0,3.0
2016-02-14,2015,Sociedad,Granada,H,2,1.53,4.0,6.5,1508.9577559769493,1430.7475048878114,78.21025108913796,119.4,67.55,0.5632561268663974,1,1,1,3,2,-3,1.3333333333333333,1.3333333333333333
2016-02-17,2015,Sp Gijon,Barcelona,A,0,19.0,8.0,1.14,1434.164223183618,1851.2916909849337,-417.12746780131556,10.0,726.0,-4.191031204735149,-9,-10,-6,-13,1,5,0.3333333333333333,2.3333333333333335
2016-02-19,2015,Levante,Getafe,H,2,2.2,3.3,3.4,1388.8309124420318,1433.212525925098,-44.381613483066076,43.45,50.2,-0.14137457008554843,0,0,0,0,-3,-3,1.3333333333333333,1.3333333333333333
2016-02-20,2015,Celta,Eibar,H,2,2.0,3.5,3.8,1531.4721559857614,1490.7435817645178,40.72857422124366,60.4,29.4,0.7029672267409204,0,0,0,0,-2,-1,1.3333333333333333,1.3333333333333333
2016-02-20,2015,Las Palmas,Barcelona,A,0,15.0,7.5,1.18,1442.9891193584203,1855.4548313700636,-412.4657120116433,32.2,726.0,-3.086376601611076,-9,-10,-6,-13,-3,5,0.0,3.0
2016-02-20,2015,Espanol,La Coruna,H,2,2.38,3.3,3.0,1443.1732175866603,1508.253247956713,-65.08003037005278,75.7,53.4,0.3435375545113133,0,0,0,0,-4,0,0.6666666666666666,1.6666666666666667
2016-02-20,2015,Betis,Sp Gijon,D,1,2.05,3.3,3.8,1442.1319136057884,1430.0010827984881,12.130830807300299,56.4,10.0,1.6521490305271502,0,0,0,0,0,1,2.0,1.0
2016-02-21,2015,Vallecano,Sevilla,D,1,3.1,3.6,2.2,1461.3787065701433,1652.5058595240766,-191.12715295393332,51.7,230.3,-1.4791001136900768,-3,-1,-2,-4,2,3,0.0,3.0
2016-02-21,2015,Ath Bilbao,Sociedad,A,0,1.8,3.5,4.75,1598.3295641991447,1516.8743775702167,81.455186628928,10.0,119.4,-2.3929242600763496,1,1,1,-1,0,2,1.0,1.0
2016-02-21,2015,Malaga,Real Madrid,D,1,4.75,3.8,1.73,1519.9219059734628,1784.8027741001272,-264.8808681266644,82.8,714.3,-2.144269027626301,-8,-10,-5,-11,-1,4,0.3333333333333333,2.3333333333333335
2016-02-21,2015,Granada,Valencia,A,0,2.88,3.2,2.55,1422.830883294544,1554.4986321055912,-131.6677488110472,67.55,254.0,-1.3137001391501029,-4,-4,-2,-6,-3,-1,0.3333333333333333,2.3333333333333335
2016-02-21,2015,Ath Madrid,Villarreal,D,1,1.53,3.8,7.5,1752.1595730266577,1641.0307898229123,111.12878320374534,356.0,140.6,0.9247296005200196,-1,-1,1,-3,2,2,1.0,2.0
2016-02-26,2015,Eibar,Las Palmas,A,0,1.75,3.6,5.0,1481.5074984466312,1438.7288276180018,42.7786708286294,29.4,32.2,-0.0881072675102672,0,0,0,0,-3,-3,3.0,0.0
2016-02-27,2015,Sp Gijon,Espanol,A,0,2.3,3.2,3.3,1434.6807972219817,1456.6706574289576,-21.98986020697589,10.0,75.7,-1.9420064355748394,0,0,0,0,0,-2,2.0,1.0
2016-02-27,2015,Sociedad,Malaga,D,1,2.2,3.25,3.5,1539.0661292354148,1526.5501148401038,12.516014395311004,119.4,82.8,0.36238652538668337,0,3,0,3,3,0,0.3333333333333333,2.3333333333333335
2016-02-27,2015,Getafe,Celta,A,0,3.2,3.3,2.3,1420.5934610639158,1540.708239303648,-120.11477823973223,50.2,60.4,-0.1816703031076341,0,0,0,0,-5,-2,1.3333333333333333,1.3333333333333333
2016-02-27,2015,Real Madrid,Ath Madrid,A,0,1.73,3.6,5.25,1778.1745652334862,1744.0222206878234,34.1523445456628,714.3,356.0,0.694966253334699,9,8,6,11,3,1,0.3333333333333333,2.3333333333333335
2016-02-27,2015,Betis,Vallecano,D,1,2.2,3.3,3.4,1437.4521991822949,1465.2251798715745,-27.77298068927962,56.4,51.7,0.08542884777820436,0,0,0,0,0,2,1.3333333333333333,1.3333333333333333
2016-02-28,2015,Barcelona,Sevilla,H,2,1.14,8.0,15.0,1859.7151231104822,1648.6593862226455,211.0557368878367,726.0,230.3,1.145210908296126,6,9,4,9,5,2,1.3333333333333333,1.3333333333333333
2016-02-28,2015,La Coruna,Granada,A,0,1.8,3.5,4.75,1494.7558081144157,1409.194316295553,85.56149181886258,53.4,67.55,-0.23119925214642612,0,0,0,0,-1,-3,0.6666666666666666,1.6666666666666667
2016-02-28,2015,Valencia,Ath Bilbao,A,0,2.3,3.2,3.3,1568.1351991045822,1576.1378125339465,-8.002613429364374,254.0,10.0,3.143368272360055,2,2,0,4,0,0,0.6666666666666666,1.6666666666666667
2016-02-28,2015,Villarreal,Levante,H,2,1.67,3.6,5.75,1649.1681421617466,1401.449977303214,247.71816485853265,140.6,43.45,1.1586412192997053,1,1,-1,3,2,-1,2.0,1.0
2016-03-01,2015,Las Palmas,Getafe,H,2,2.05,3.4,3.75,1459.568013493049,1406.4609168772804,53.10709661576857,32.2,50.2,-0.4331896561230191,0,0,0,0,-1,-5,0.0,3.0
2016-03-01,2015,Ath Madrid,Sociedad,H,2,1.4,4.33,9.0,1764.5423975001872,1534.3714089011523,230.1709885990349,356.0,119.4,1.0869162489049184,-1,-1,-1,-3,2,4,2.0,1.0
2016-03-02,2015,Sevilla,Eibar,H,2,1.4,4.75,8.0,1644.369340151043,1460.668312571584,183.70102757945892,230.3,29.4,2.0292729608252174,3,1,2,4,1,-3,1.6666666666666667,0.6666666666666666
2016-03-02,2015,Malaga,Valencia,A,0,2.05,3.3,3.8,1531.2448351743662,1549.253647963296,-18.008812788929845,82.8,254.0,-1.1128305376703889,-3,-6,-1,-6,1,-1,1.0,2.0
2016-03-02,2015,Ath Bilbao,La Coruna,H,2,1.53,4.0,7.0,1595.0193636752326,1472.4283011640316,122.59106251120102,10.0,53.4,-1.5984688810635261,2,2,2,2,0,-2,0.6666666666666666,1.6666666666666667
2016-03-02,2015,Celta,Villarreal,D,1,2.2,3.3,3.4,1554.8407834902835,1652.739109337472,-97.89832584718852,60.4,140.6,-0.8355963461065228,-1,-1,1,-3,0,3,1.0,2.0
2016-03-02,2015,Levante,Real Madrid,A,0,7.0,4.75,1.44,1397.8790101274885,1757.6543884211223,-359.7753782936338,43.45,714.3,-2.778337073154424,-9,-8,-6,-11,-3,2,0.0,3.0
2016-03-03,2015,Espanol,Betis,A,0,1.95,3.5,4.0,1474.9831465157872,1434.3780655831722,40.60508093261501,75.7,56.4,0.2898574050476892,0,0,0,0,-1,0,1.3333333333333333,1.3333333333333333
2016-03-03,2015,Granada,Sp Gijon,H,2,2.1,3.3,3.75,1431.5218232459372,1416.3683081351521,15.153515110785065,67.55,10.0,1.8296681332099523,0,0,0,0,-3,-2,1.3333333333333333,1.3333333333333333
2016-03-03,2015,Vallecano,Barcelona,A,0,13.0,7.0,1.2,1468.2993134706971,1864.0051691820847,-395.7058557113876,51.7,726.0,-2.6243110219862027,-9,-10,-6,-13,1,5,0.0,3.0
2016-03-05,2015,Getafe,Sevilla,D,1,3.8,3.5,2.0,1397.674006665053,1649.2714651682409,-251.5974585031879,50.2,230.3,-1.507976037191931,-3,-1,-2,-4,-5,1,1.0,2.0
2016-03-05,2015,La Coruna,Malaga,D,1,2.5,3.1,3.0,1465.9086202834014,1512.7692720966224,-46.86065181322101,53.4,82.8,-0.4320688536261401,-1,2,-1,0,-3,-1,0.3333333333333333,2.3333333333333335
2016-03-05,2015,Villarreal,Las Palmas,A,0,1.62,3.75,6.0,1652.8298447977777,1468.3549237052764,184.4749210925013,140.6,32.2,1.450456305337176,1,1,-1,3,2,-1,1.0,1.0
2016-03-05,2015,Real Madrid,Celta,H,2,1.3,6.0,8.0,1763.1478234837305,1554.7500480299777,208.39777545375273,714.3,60.4,2.4552921999612414,9,8,6,11,2,1,3.0,0.0
2016-03-06,2015,Betis,Granada,H,2,2.1,3.4,3.6,1455.1374372617952,1441.7246326914246,13.412804570370554,56.4,67.55,-0.17751910268280202,0,0,0,0,2,-1,0.6666666666666666,1.6666666666666667
2016-03-06,2015,Eibar,Barcelona,A,0,10.0,6.5,1.25,1455.766187554386,1868.6304364869638,-412.86424893257777,29.4,726.0,-3.1744838691213433,-9,-10,-6,-13,-3,5,0.0,3.0
2016-03-06,2015,Sociedad,Levante,D,1,1.57,3.75,7.0,1530.4702491289797,1392.3855750648804,138.08467406409932,119.4,43.45,0.9964545709148065,1,1,1,3,2,-3,2.3333333333333335,0.3333333333333333
2016-03-06,2015,Sp Gijon,Ath Bilbao,A,0,4.0,3.3,2.0,1406.1654986896647,1601.5390445558628,-195.37354586619813,10.0,10.0,0.0,-2,-2,-2,-2,-3,0,0.6666666666666666,1.6666666666666667
2016-03-06,2015,Valencia,Ath Madrid,A,0,4.0,3.3,2.0,1567.72921104104,1768.4435572723598,-200.71434623131995,254.0,356.0,-0.33647223662121295,4,4,2,6,1,4,1.3333333333333333,1.3333333333333333
2016-03-07,2015,Espanol,Vallecano,H,2,1.95,3.5,4.0,1454.2237748371642,1463.674046165818,-9.450271328653798,75.7,51.7,0.37528625282589356,0,0,0,0,-1,0,1.3333333333333333,1.3333333333333333
2016-03-11,2015,Malaga,Sp Gijon,H,2,1.62,3.8,6.0,1515.0457586012685,1395.1827045538332,119.8630540474353,82.8,10.0,2.0305377346896663,1,-2,1,0,-2,-4,1.0,2.0
2016-03-12,2015,Celta,Sociedad,H,2,2.1,3.4,3.5,1550.403441023856,1521.546297588155,28.85714343570089,60.4,119.4,-0.673409697721624,-1,-1,-1,-3,0,1,1.6666666666666667,0.6666666666666666
2016-03-12,2015,Barcelona,Getafe,H,2,1.06,15.0,26.0,1872.8823492843178,1403.8330052043273,469.04934407999053,726.0,50.2,2.653186945488057,9,10,6,13,5,-4,2.3333333333333335,0.3333333333333333
2016-03-12,2015,Ath Madrid,La Coruna,H,2,1.25,5.5,15.0,1779.213203037042,1463.6321337787554,315.58106925828656,356.0,53.4,1.881371627917742,0,0,0,0,4,-3,2.3333333333333335,0.3333333333333333
2016-03-12,2015,Vallecano,Eibar,D,1,2.2,3.6,3.1,1452.4972194352451,1451.5142747570321,0.9829446782130162,51.7,29.4,0.5501728471351406,0,0,0,0,-2,-3,1.0,2.0
2016-03-13,2015,Las Palmas,Real Madrid,A,0,9.5,5.25,1.33,1493.4710412374634,1767.4944304898522,-274.0233892523888,32.2,714.3,-3.0701521591918945,-9,-8,-6,-11,1,2,0.0,3.0
2016-03-13,2015,Levante,Valencia,H,2,2.63,3.25,2.8,1401.309526605705,1556.9595652763578,-155.65003867065275,43.45,254.0,-1.746898583198512,-4,-4,-2,-6,-2,1,1.0,2.0
2016-03-13,2015,Sevilla,Villarreal,H,2,1.73,3.75,5.0,1643.1124666289666,1627.7137272655907,15.398739363375853,230.3,140.6,0.4907093879777742,2,0,3,1,1,1,2.0,1.0
2016-03-13,2015,Ath Bilbao,Betis,H,2,1.44,4.33,8.0,1612.5218386916943,1465.4078203195825,147.1140183721118,10.0,56.4,-1.6521490305271502,2,2,2,2,1,2,3.0,0.0
2016-03-14,2015,Granada,Espanol,D,1,2.15,3.3,3.5,1431.4542496336373,1465.400601567737,-33.946351934099766,67.55,75.7,-0.11233830236488718,0,0,0,0,-1,1,0.3333333333333333,2.3333333333333335
2016-03-18,2015,Getafe,Eibar,D,1,2.1,3.25,3.75,1402.7405882742846,1455.7553006498338,-53.01471237554915,50.2,29.4,0.5212969236332863,0,0,0,0,-4,-4,0.3333333333333333,2.3333333333333335
2016-03-19,2015,Sp Gijon,Ath Madrid,H,2,8.5,3.6,1.53,1388.5825352013135,1781.726108566289,-393.1435733649755,10.0,356.0,-3.479840508981268,0,0,0,0,-4,4,0.3333333333333333,2.3333333333333335
2016-03-19,2015,La Coruna,Levante,H,2,1.91,3.4,4.33,1461.1192282495083,1418.691793828913,42.42743442059532,53.4,43.45,0.201999191901983,0,0,0,0,-4,0,1.6666666666666667,0.6666666666666666
2016-03-19,2015,Sociedad,Las Palmas,A,0,1.67,3.5,6.0,1511.8677243943948,1485.4131705026973,26.454553891697515,119.4,32.2,1.2882696569522771,1,1,1,3,-1,1,0.0,3.0
2016-03-19,2015,Betis,Malaga,A,0,2.6,3.1,2.9,1459.5797338563304,1521.6459279537883,-62.06619409745781,56.4,82.8,-0.378388704162516,-1,2,-1,0,1,0,1.0,2.0
2016-03-19,2015,Granada,Vallecano,D,1,2.15,3.4,3.4,1428.6363535792802,1448.2561935424435,-19.61983996316326,67.55,51.7,0.2629479504610064,0,0,0,0,0,-2,0.0,3.0
2016-03-20,2015,Espanol,Ath Bilbao,H,2,3.1,3.4,2.3,1468.2184976220942,1618.3499251549463,-150.13142753285206,75.7,10.0,1.9420064355748394,-2,-2,-2,-2,2,3,1.0,2.0
2016-03-20,2015,Real Madrid,Sevilla,H,2,1.33,5.5,8.5,1775.5523012246183,1653.3057738976324,122.24652732698587,714.3,230.3,1.1289864658769444,6,7,4,7,2,1,2.0,1.0
2016-03-20,2015,Valencia,Celta,A,0,2.3,3.5,3.0,1539.57729805315,1560.0820142176162,-20.504716164466345,254.0,60.4,1.4238537100053295,4,4,2,6,-1,2,1.6666666666666667,0.6666666666666666
2016-03-20,2015,Villarreal,Barcelona,D,1,8.5,5.25,1.33,1617.5204199969248,1873.9747662143604,-256.4543462174356,140.6,726.0,-1.6359202962739001,-8,-9,-7,-10,-1,5,0.0,3.0
2016-04-01,2015,Vallecano,Getafe,H,2,1.91,3.6,4.0,1451.6658667815152,1400.724346648444,50.94152013307121,51.7,50.2,0.028875923501854306,0,0,0,0,-2,-3,2.3333333333333335,0.3333333333333333
2016-04-02,2015,Barcelona,Real Madrid,A,0,1.57,4.5,5.5,1867.6424370594605,1782.0821081947597,85.56032886470075,726.0,714.3,0.01622444241918153,0,2,0,2,4,3,2.0,1.0
2016-04-02,2015,Ath Madrid,Betis,H,2,1.4,4.33,10.0,1756.4093738346937,1442.9484766074559,313.46089722723787,356.0,56.4,1.8276914784541178,0,0,0,0,3,0,3.0,0.0
2016-04-02,2015,Celta,La Coruna,D,1,1.75,3.8,4.75,1578.455437350829,1470.2929135906911,108.1625237601379,60.4,53.4,0.12104568129119953,0,0,0,0,2,-2,2.0,1.0
2016-04-02,2015,Las Palmas,Valencia,H,2,2.38,3.25,3.1,1505.643702440675,1521.203874919937,-15.560172479262064,32.2,254.0,-2.0387136692359826,-4,-4,-2,-6,3,-3,1.0,1.0
2016-04-03,2015,Ath Bilbao,Granada,D,1,1.44,4.33,8.0,1601.2004736624312,1425.2266803402085,175.97379332222272,10.0,67.55,-1.8296681332099523,2,2,2,2,3,1,0.3333333333333333,2.3333333333333335
2016-04-03,2015,Eibar,Villarreal,A,0,3.1,3.0,2.55,1457.7715422756744,1623.8527491518248,-166.08120687615042,29.4,140.6,-1.5385635728474432,-1,-1,1,-3,-3,-1,0.6666666666666666,1.6666666666666667
2016-04-03,2015,Sevilla,Sociedad,A,0,1.62,4.0,5.5,1646.775966927491,1491.637192456417,155.13877447107393,230.3,119.4,0.652896036362673,2,0,1,1,0,-3,1.0,2.0
2016-04-03,2015,Malaga,Espanol,D,1,1.85,3.4,4.75,1538.2771852026628,1485.3679491146092,52.9092360880536,82.8,75.7,0.08853129911482682,1,-2,1,0,1,2,0.3333333333333333,2.3333333333333335
2016-04-04,2015,Levante,Sp Gijon,D,1,2.1,3.25,3.75,1409.5181084877302,1413.8992699329087,-4.381161445178577,43.45,10.0,1.3964696891615431,0,0,0,0,-2,-3,2.0,1.0
2016-04-08,2015,Granada,Malaga,D,1,2.3,3.2,3.3,1435.1393903979622,1532.0711738317182,-96.93178343375598,67.55,82.8,-0.200869601479714,-1,2,-1,0,0,1,1.3333333333333333,1.3333333333333333
2016-04-09,2015,Sociedad,Barcelona,H,2,6.0,4.33,1.5,1516.022969427318,1845.3149683364522,-329.29199890913424,119.4,726.0,-1.798106944658799,-8,-9,-5,-10,-2,2,1.0,2.0
2016-04-09,2015,Real Madrid,Eibar,H,2,1.17,7.5,13.0,1804.409576917768,1445.5905861325061,358.8189907852618,714.3,29.4,3.1582594267021618,9,8,6,11,5,-3,3.0,0.0
2016-04-09,2015,Betis,Levante,H,2,2.05,3.25,3.75,1440.4073276781505,1405.4910739159247,34.91625376222578,56.4,43.45,0.2556793413656071,0,0,0,0,-1,-1,2.3333333333333335,0.3333333333333333
2016-04-09,2015,Espanol,Ath Madrid,A,0,4.0,3.1,2.05,1491.573960485554,1758.950522763999,-267.37656227844514,75.7,356.0,-1.5378340734064286,0,0,0,0,1,3,0.3333333333333333,2.3333333333333335
2016-04-10,2015,Villarreal,Getafe,H,2,1.5,3.8,7.5,1636.033705294993,1391.8597822017637,244.1739230932294,140.6,50.2,1.0172666492141569,1,1,-1,3,-1,-3,1.3333333333333333,1.3333333333333333
2016-04-10,2015,Valencia,Sevilla,H,2,2.2,3.4,3.2,1509.7793139733722,1622.3901899565901,-112.61087598321797,254.0,230.3,0.09754797592103248,1,3,0,2,-3,0,1.3333333333333333,1.3333333333333333
2016-04-10,2015,Ath Bilbao,Vallecano,H,2,1.53,4.0,6.0,1591.2877636046776,1460.5304312281955,130.75733237648205,10.0,51.7,-1.5667201827489459,2,2,2,2,2,-1,2.0,1.0
2016-04-10,2015,Sp Gijon,Celta,A,0,3.1,3.25,2.3,1417.9263045047142,1570.4088784514872,-152.48257394677307,10.0,60.4,-1.7195145623547257,0,0,0,0,-2,1,0.0,3.0
2016-04-11,2015,La Coruna,Las Palmas,A,0,2.05,3.3,3.6,1478.339472490033,1517.06826338724,-38.72879089720709,53.4,32.2,0.49381427793945365,0,0,0,0,-1,3,3.0,0.0
2016-04-15,2015,Levante,Espanol,H,2,2.45,3.3,3.0,1396.0397415884781,1483.2886026298615,-87.2488610413834,43.45,75.7,-0.5455367464132963,0,0,0,0,-1,1,0.6666666666666666,1.6666666666666667
2016-04-16,2015,Getafe,Real Madrid,A,0,9.5,6.0,1.29,1388.2241307801382,1806.4056286367343,-418.181497856596,50.2,714.3,-2.6369625030688755,-9,-8,-6,-11,-3,5,0.0,3.0
2016-04-16,2015,Las Palmas,Sp Gijon,D,1,1.95,3.5,4.0,1534.6864679363796,1405.1750809709063,129.51138696547332,32.2,10.0,1.1046546031240725,0,0,0,0,3,-2,0.0,3.0
2016-04-16,2015,Celta,Betis,D,1,1.6,4.2,5.5,1583.1601019852951,1449.8586600055971,133.30144197969798,60.4,56.4,0.06736553182757543,0,0,0,0,2,-1,2.3333333333333335,0.3333333333333333
2016-04-16,2015,Eibar,Sociedad,H,2,2.7,3.25,2.7,1443.5945344135398,1539.6979756273263,-96.10344121378648,29.4,119.4,-1.3763769244625443,-1,-1,-1,-3,-3,0,1.0,2.0
2016-04-17,2015,Vallecano,Villarreal,H,2,2.6,3.3,2.75,1454.2474385145304,1639.6693567166185,-185.42191820208814,51.7,140.6,-0.9883907257123026,-1,-1,1,-3,-1,0,1.0,2.0
2016-04-17,2015,Sevilla,La Coruna,D,1,1.53,4.2,6.0,1606.8459736503085,1460.7212679408933,146.12470570941514,230.3,53.4,1.4473514153754965,3,1,2,4,-2,-1,2.3333333333333335,0.3333333333333333
2016-04-17,2015,Ath Madrid,Granada,H,2,1.22,6.0,15.0,1767.2358806196914,1435.006928284004,332.2289523356874,356.0,67.55,1.6501723757713158,0,0,0,0,3,-1,2.3333333333333335,0.3333333333333333
2016-04-17,2015,Barcelona,Valencia,A,0,1.14,9.0,17.0,1821.639962136444,1525.3235302796538,296.31643185679013,726.0,254.0,1.0476629323750934,5,6,4,7,0,-3,2.3333333333333335,0.3333333333333333
2016-04-17,2015,Malaga,Ath Bilbao,A,0,2.3,3.25,3.25,1532.2036359456763,1597.5707563183428,-65.36712037266648,82.8,10.0,2.0305377346896663,-1,-4,-1,-2,2,2,1.6666666666666667,0.6666666666666666
2016-04-19,2015,Betis,Las Palmas,H,2,2.1,3.5,3.5,1458.6481016823582,1526.005160308049,-67.3570586256908,56.4,32.2,0.5474944274030777,0,0,0,0,-2,2,0.0,3.0
2016-04-19,2015,Espanol,Celta,D,1,2.38,3.3,3.0,1468.8388665155228,1574.370660308534,-105.53179379301127,75.7,60.4,0.22249187322011377,0,0,0,0,-1,3,1.0,2.0
2016-04-20,2015,La Coruna,Barcelona,A,0,13.0,7.0,1.2,1469.8663922205847,1794.4202655925774,-324.5538733719927,53.4,726.0,-2.5925623236716224,-9,-10,-6,-13,-1,-2,0.6666666666666666,1.6666666666666667
2016-04-20,2015,Valencia,Eibar,H,2,1.62,4.2,5.25,1552.5432268235204,1458.4263135006765,94.11691332284386,254.0,29.4,2.12682093674625,4,4,2,6,-1,-1,2.3333333333333335,0.3333333333333333
2016-04-20,2015,Ath Bilbao,Ath Madrid,A,0,4.0,3.3,2.0,1614.0610451615341,1769.5367587698806,-155.4757136083465,10.0,356.0,-3.479840508981268,2,2,2,2,2,3,0.3333333333333333,2.3333333333333335
2016-04-20,2015,Sp Gijon,Sevilla,H,2,3.1,3.4,2.3,1413.8563885992369,1597.700849370617,-183.84446077138023,10.0,230.3,-3.0458202964390226,-3,-1,-2,-4,-1,-2,1.0,2.0
2016-04-20,2015,Real Madrid,Villarreal,H,2,1.22,7.0,11.0,1810.5470622087892,1621.0539534778018,189.4931087309874,714.3,140.6,1.6196958538547186,8,7,7,8,5,0,1.3333333333333333,1.3333333333333333
2016-04-20,2015,Malaga,Vallecano,D,1,1.85,3.75,4.2,1515.713347102485,1472.862841753347,42.85050534913785,82.8,51.7,0.4638175519407204,1,-2,1,0,1,1,2.0,1.0
2016-04-21,2015,Sociedad,Getafe,A,0,1.53,4.2,6.0,1524.8661965401895,1384.0826972080833,140.7834993321062,119.4,50.2,0.8550800008292581,1,1,1,3,-1,-4,1.3333333333333333,1.3333333333333333
2016-04-21,2015,Granada,Levante,H,2,1.95,3.5,3.8,1432.7060501338149,1410.4894777028169,22.216572430997985,67.55,43.45,0.4331984440484091,0,0,0,0,-1,0,1.0,2.0
2016-04-22,2015,Las Palmas,Espanol,H,2,2.25,3.3,3.3,1512.410337146421,1469.0776730725581,43.332664073862816,32.2,75.7,-0.8373518324507669,0,0,0,0,2,-1,0.0,3.0
2016-04-23,2015,Ath Madrid,Malaga,H,2,1.33,5.0,11.0,1782.161828514113,1509.871530065972,272.29029844814113,356.0,82.8,1.4493027742916018,-1,2,-1,0,3,0,1.3333333333333333,1.3333333333333333
2016-04-23,2015,Barcelona,Sp Gijon,H,2,1.04,17.0,34.0,1800.8824748148995,1432.4075741410816,368.47490067381796,726.0,10.0,4.191031204735149,9,10,6,13,-2,1,3.0,0.0
2016-04-23,2015,Eibar,La Coruna,D,1,2.25,3.2,3.4,1451.0316464456182,1463.4041829982625,-12.372536552644306,29.4,53.4,-0.5819215454497209,0,0,0,0,-2,-1,0.0,3.0
2016-04-23,2015,Vallecano,Real Madrid,A,0,8.5,5.5,1.33,1478.70465878986,1815.3139787860464,-336.6093199961863,51.7,714.3,-2.608086579567021,-9,-8,-6,-11,1,5,0.0,3.0
2016-04-24,2015,Villarreal,Sociedad,D,1,1.73,3.75,5.0,1616.2870369005445,1500.86731559741,115.41972130313457,140.6,119.4,0.16218664838489882,0,0,-2,0,0,-1,2.3333333333333335,0.3333333333333333
2016-04-24,2015,Sevilla,Betis,H,2,1.5,4.33,6.5,1579.1496638287724,1472.2429248439862,106.90673898478622,230.3,56.4,1.3936712659118724,3,1,2,4,-4,0,2.3333333333333335,0.3333333333333333
2016-04-24,2015,Levante,Ath Bilbao,D,1,3.4,3.2,2.25,1400.5586104825468,1601.4359754173017,-200.87736493475495,43.45,10.0,1.3964696891615431,-2,-2,-2,-2,-2,0,0.0,3.0
2016-04-24,2015,Getafe,Valencia,D,1,3.2,3.3,2.3,1408.081578150863,1559.9378938785787,-151.8563157277158,50.2,254.0,-1.6055240131129636,-4,-4,-2,-6,-2,1,0.3333333333333333,2.3333333333333335
2016-04-25,2015,Celta,Granada,H,2,1.53,4.33,6.0,1574.1318537514987,1442.636917354085,131.49493639741377,60.4,67.55,-0.11015357085522659,0,0,0,0,2,0,1.6666666666666667,0.6666666666666666
2016-04-29,2015,Sp Gijon,Eibar,H,2,1.6,3.8,5.75,1430.5126267760918,1447.326692152473,-16.814065376381222,10.0,29.4,-1.0165473356138053,0,0,0,0,-1,-2,0.0,3.0
2016-04-30,2015,Sociedad,Real Madrid,A,0,5.0,4.0,1.67,1509.1345263476464,1821.4312826432017,-312.29675629555527,119.4,714.3,-1.7818825022396174,-8,-7,-5,-8,0,5,1.0,2.0
2016-04-30,2015,Granada,Las Palmas,H,2,1.6,3.8,6.0,1436.3749889889293,1521.5508705277452,-85.17588153881593,67.55,32.2,0.7250135300858798,0,0,0,0,-1,2,0.0,3.0
2016-04-30,2015,Ath Madrid,Vallecano,H,2,1.33,5.0,10.0,1785.3112312761968,1472.5873549327048,312.72387634349207,356.0,51.7,1.9131203262323222,0,0,0,0,5,0,2.3333333333333335,0.3333333333333333
2016-04-30,2015,Betis,Barcelona,A,0,21.0,9.0,1.13,1465.2507939409984,1802.7774221798893,-337.5266282388909,56.4,726.0,-2.5388821742079983,-9,-10,-6,-13,0,-1,0.0,3.0
2016-05-01,2015,Valencia,Villarreal,A,0,2.2,3.3,3.4,1557.7155545809078,1608.019826150308,-50.30427156940027,254.0,140.6,0.5882573638988067,3,3,3,3,2,0,1.3333333333333333,1.3333333333333333
2016-05-01,2015,La Coruna,Getafe,A,0,2.3,3.3,3.2,1467.1091372914077,1410.3039174485339,56.80521984287384,53.4,50.2,0.060624621816434576,0,0,0,0,-2,-2,0.3333333333333333,2.3333333333333335
2016-05-01,2015,Espanol,Sevilla,H,2,2.3,3.3,3.1,1459.9371396912338,1586.1417947317602,-126.2046550405264,75.7,230.3,-1.1038138608641832,-3,-1,-2,-4,-3,-2,0.0,3.0
2016-05-01,2015,Ath Bilbao,Celta,H,2,1.85,3.6,4.33,1597.1991437466893,1580.3937821166544,16.805361630034895,10.0,60.4,-1.7195145623547257,2,2,2,2,1,2,2.3333333333333335,0.3333333333333333
2016-05-02,2015,Malaga,Levante,H,2,2.2,3.2,3.5,1506.722127303888,1404.7954421531592,101.92668515072887,82.8,43.45,0.6340680455281231,1,-2,1,0,-2,-1,1.3333333333333333,1.3333333333333333
2016-05-08,2015,Getafe,Sp Gijon,D,1,2.1,3.6,3.4,1431.648690047262,1441.9882906015,-10.339600554237904,50.2,10.0,1.5378442592470916,0,0,0,0,0,0,2.0,1.0
2016-05-08,2015,Las Palmas,Ath Bilbao,D,1,4.0,3.6,1.91,1507.1904910741182,1607.3380291313028,-100.14753805718465,32.2,10.0,1.1046546031240725,-2,-2,-2,-2,0,2,1.0,1.0
2016-05-08,2015,Barcelona,Espanol,H,2,1.04,17.0,41.0,1808.8690508477882,1476.0663451902542,332.80270565753403,726.0,75.7,2.249024769160309,9,10,6,13,1,-2,2.3333333333333335,0.3333333333333333
2016-05-08,2015,Eibar,Betis,D,1,2.1,3.6,3.4,1435.8510283270648,1459.1591652730995,-23.308136946034665,29.4,56.4,-0.635601694913345,0,0,0,0,-2,0,3.0,0.0
2016-05-08,2015,Celta,Malaga,H,2,1.5,4.2,7.0,1570.2548967320408,1513.869161460404,56.385735271636804,60.4,82.8,-0.3110231723349406,-1,2,-1,0,1,-1,1.0,2.0
2016-05-08,2015,Sociedad,Vallecano,H,2,3.5,3.6,2.05,1502.3073992390584,1470.036320655874,32.27107858318436,119.4,51.7,0.8262040773274038,1,1,1,3,-2,-2,1.3333333333333333,1.3333333333333333
2016-05-08,2015,Real Madrid,Valencia,H,2,1.2,7.5,11.0,1828.2584097517897,1540.5845307754912,287.6738789762985,714.3,254.0,1.031438489955912,5,4,4,5,5,2,0.6666666666666666,1.6666666666666667
2016-05-08,2015,Sevilla,Granada,A,0,2.88,3.75,2.3,1570.0125892327399,1450.7353684425564,119.27722079018349,230.3,67.55,1.2161521632290704,3,1,2,4,-2,0,1.3333333333333333,1.3333333333333333
2016-05-08,2015,Villarreal,La Coruna,A,0,2.45,3.1,3.1,1625.1508499557247,1445.7643646926795,179.3864852630452,140.6,53.4,0.9566420273977223,1,1,-1,3,0,-3,2.3333333333333335,0.3333333333333333
2016-05-08,2015,Levante,Ath Madrid,H,2,17.0,6.5,1.2,1397.6484079966433,1787.8622655530276,-390.21385755638426,43.45,356.0,-2.083370819819725,0,0,0,0,-2,5,0.3333333333333333,2.3333333333333335
2016-05-13,2015,Valencia,Sociedad,A,0,1.95,3.75,3.75,1537.6761560463224,1511.8575827776365,25.818573268685896,254.0,119.4,0.7504440122837055,3,3,1,3,0,-2,1.3333333333333333,1.3333333333333333
2016-05-14,2015,Granada,Barcelona,A,0,26.0,11.0,1.08,1474.1178216373219,1811.1629223205193,-337.04510068319746,67.55,726.0,-2.3613630715251963,-9,-10,-6,-13,1,3,0.0,3.0
2016-05-14,2015,La Coruna,Real Madrid,A,0,13.0,8.0,1.18,1470.7595293983,1831.1667844809585,-360.4072550826586,53.4,714.3,-2.576337881252441,-9,-8,-6,-11,-1,5,0.0,3.0
2016-05-14,2015,Ath Bilbao,Sevilla,H,2,1.33,5.75,8.0,1607.3316594017272,1546.6301360379744,60.70152336375281,10.0,230.3,-3.0458202964390226,-1,1,0,-2,1,-2,1.0,2.0
2016-05-14,2015,Ath Madrid,Celta,H,2,1.75,3.75,4.5,1762.6125705308577,1578.925002048878,183.68756848197972,356.0,60.4,1.7603259466265424,0,0,0,0,3,1,1.3333333333333333,1.3333333333333333
2016-05-15,2015,Betis,Getafe,H,2,5.0,3.8,1.7,1462.4174701924787,1427.8614412873353,34.55602890514342,56.4,50.2,0.11430477128005867,0,0,0,0,-1,1,1.0,2.0
2016-05-15,2015,Espanol,Eibar,H,2,2.0,3.6,3.7,1473.772473717523,1432.5927234076855,41.17975030983757,75.7,29.4,0.9254590999610341,0,0,0,0,-2,-1,1.0,2.0
2016-05-15,2015,Malaga,Las Palmas,H,2,1.8,3.75,4.5,1505.1990561435668,1507.1968608036939,-1.9978046601270307,82.8,32.2,0.9258831315655938,1,-2,1,0,-2,-1,1.0,1.0
2016-05-15,2015,Sp Gijon,Villarreal,H,2,1.44,4.5,7.5,1445.7755393614268,1600.1556852501042,-154.38014588867736,10.0,140.6,-2.5551109084612484,-1,-1,1,-3,1,-2,0.0,3.0
2016-05-15,2015,Vallecano,Levante,H,2,1.33,5.25,9.0,1460.486137117296,1422.8981030188131,37.58803409848292,51.7,43.45,0.17025049358740274,0,0,0,0,-2,0,2.0,1.0
2016-08-19,2016,Malaga,Osasuna,D,1,1.62,3.75,6.0,1516.0767172191647,1440.936247331635,75.14046988752966,84.3,42.9,0.6642601344165078,1,1,0,0,0,-1,2.0,1.0
2016-08-19,2016,La Coruna,Eibar,H,2,1.95,3.4,4.2,1465.2823982734876,1423.3732344585046,41.909163814983,61.75,56.6,0.08563601031004797,0,0,0,0,-2,-3,2.3333333333333335,0.3333333333333333
2016-08-20,2016,Sevilla,Espanol,H,2,1.67,4.0,5.0,1538.11237102745,1482.991962666704,55.12040836074607,270.1,62.2,1.456183455351808,4,5,5,4,-3,0,2.0,1.0
2016-08-20,2016,Granada,Villarreal,D,1,2.5,3.2,3.0,1468.012725179308,1582.8268916345405,-114.81416645523245,71.5,190.7,-0.9723450881909699,-4,-4,-4,-4,1,-2,0.0,3.0
2016-08-20,2016,Barcelona,Betis,H,2,1.08,11.0,29.0,1817.2680187785331,1471.8822317546023,345.3857870239308,765.3,84.2,2.196572304141088,8,10,7,14,5,0,3.0,0.0
2016-08-21,2016,Ath Madrid,Alaves,D,1,1.2,6.5,17.0,1767.5150132962133,1500.0,267.5150132962133,418.5,85.4,1.5800758500972503,0,0,0,0,3,0,1.5,1.5
2016-08-21,2016,Sociedad,Real Madrid,A,0,4.75,3.8,1.75,1532.06398049052,1836.6439156057709,-304.5799351152509,156.45,802.9,-1.6303669357868813,-7,-9,-7,-9,0,5,0.0,3.0
2016-08-21,2016,Sp Gijon,Ath Bilbao,H,2,4.0,3.5,1.95,1463.1043329769905,1615.8494244122514,-152.74509143526097,10.0,10.0,0.0,-4,-3,-3,-3,2,1,0.3333333333333333,2.3333333333333335
2016-08-22,2016,Celta,Leganes,A,0,1.65,3.75,5.75,1574.0225592835225,1500.0,74.02255928352247,122.4,53.15,0.8236731380242879,1,1,1,2,0,0,1.5,1.5
2016-08-22,2016,Valencia,Las Palmas,A,0,1.73,3.75,5.0,1517.469758333439,1496.319199728096,21.150558605342894,257.5,32.2,2.0523458180260405,5,5,4,4,-2,-2,0.5,2.0
2016-08-26,2016,Betis,La Coruna,D,1,2.2,3.2,3.5,1469.7371794806102,1474.4750943392773,-4.737914858667182,84.2,61.75,0.3058428558233768,1,0,0,2,-2,0,0.6666666666666666,1.6666666666666667
2016-08-26,2016,Espanol,Malaga,D,1,2.3,3.1,3.4,1474.2768880308877,1509.0967462421038,-34.819858211216115,62.2,84.3,-0.2998701533448216,-1,-1,0,0,-1,0,2.3333333333333335,0.3333333333333333
2016-08-27,2016,Real Madrid,Celta,H,2,1.18,7.0,17.0,1843.7081288962622,1552.0804581758987,291.62767072036354,802.9,122.4,1.8740437718626275,8,10,7,9,5,-1,3.0,0.0
2016-08-27,2016,Osasuna,Sociedad,A,0,3.1,3.1,2.5,1447.916218308696,1524.9997672000286,-77.08354889133261,42.9,156.45,-1.2771936274659081,-2,-2,-1,-2,-1,0,0.6666666666666666,1.6666666666666667
2016-08-27,2016,Leganes,Ath Madrid,D,1,8.5,3.6,1.53,1521.9421011076238,1755.7427463751217,-233.80064526749788,53.15,418.5,-2.047305552460261,0,0,0,0,1,2,1.5,1.5
2016-08-27,2016,Eibar,Valencia,H,2,2.7,3.2,2.75,1414.1805383927149,1497.441435144941,-83.26089675222602,56.6,257.5,-1.501373126246638,-5,-5,-4,-4,-3,-4,0.3333333333333333,2.3333333333333335
2016-08-28,2016,Villarreal,Sevilla,D,1,2.5,3.4,2.8,1582.1876999700767,1546.8274456632664,35.36025430681025,190.7,270.1,-0.34655610645302115,0,-1,-1,0,-1,-1,1.0,2.0
2016-08-28,2016,Las Palmas,Granada,H,2,1.91,3.4,4.33,1516.347522916594,1468.651916843772,47.6956060728221,32.2,71.5,-0.7810366859381856,0,0,0,0,0,0,1.5,1.5
2016-08-28,2016,Ath Bilbao,Barcelona,A,0,6.5,4.33,1.5,1598.5895701450045,1819.4130710525253,-220.82350090752084,10.0,765.3,-4.243678465177988,-5,-7,-4,-13,1,5,0.0,3.0
2016-08-28,2016,Alaves,Sp Gijon,D,1,2.15,3.2,3.75,1511.7722669210916,1480.3641872442372,31.408079676854413,85.4,10.0,2.0610924030116395,0,0,0,0,0,2,1.5,1.5
2016-09-09,2016,Sociedad,Espanol,D,1,2.05,3.4,3.75,1540.9877176254354,1471.4953904733484,69.492327152087,156.45,62.2,0.912803646394222,2,2,1,2,1,0,2.0,1.0
2016-09-10,2016,Sevilla,Las Palmas,H,2,1.5,4.33,6.0,1552.3926515708397,1525.3292232987935,27.063428272046167,270.1,32.2,2.0999378805821767,4,5,5,4,-2,0,1.5,1.5
2016-09-10,2016,Real Madrid,Osasuna,H,2,1.04,15.0,34.0,1846.5572725987672,1431.9282678832892,414.629004715478,802.9,42.9,2.9075605632527894,9,11,8,11,5,-1,2.3333333333333335,0.3333333333333333
2016-09-10,2016,Malaga,Villarreal,A,0,2.3,3.1,3.3,1511.878243799643,1576.6224940625034,-64.7442502628603,84.3,190.7,-0.8097571955539653,-3,-3,-4,-4,1,-1,0.0,3.0
2016-09-10,2016,Celta,Ath Madrid,A,0,6.0,3.3,1.73,1549.2313144733937,1750.2357021085543,-201.00438763516058,122.4,418.5,-1.223632414435973,1,1,1,2,-3,1,1.0,2.0
2016-09-10,2016,Barcelona,Alaves,A,0,1.07,12.0,34.0,1829.397285294639,1506.354820037532,323.0424652571071,765.3,85.4,2.182586062166348,9,10,7,16,5,0,1.5,1.5
2016-09-11,2016,Valencia,Betis,A,0,1.65,4.2,5.0,1483.1635616740366,1465.7244409991288,17.439120674907826,257.5,84.2,1.1098942601132133,4,5,4,2,-5,-1,1.3333333333333333,1.3333333333333333
2016-09-11,2016,Sp Gijon,Leganes,H,2,2.25,3.2,3.4,1485.781634127797,1527.4491453741912,-41.66751124639427,10.0,53.15,-1.593862700648629,0,0,0,0,3,1,1.5,1.5
2016-09-11,2016,La Coruna,Ath Bilbao,A,0,3.6,3.25,2.15,1478.4878328207587,1588.6053559028908,-110.11752308213204,61.75,10.0,1.741263305213523,-4,-3,-3,-3,0,0,0.6666666666666666,1.6666666666666667
2016-09-11,2016,Granada,Eibar,A,0,2.15,3.25,3.5,1459.6702164615724,1428.4584118636192,31.211804597953233,71.5,56.6,0.2300639941587832,0,0,0,0,0,-2,0.3333333333333333,2.3333333333333335
2016-09-16,2016,Betis,Granada,D,1,1.73,3.75,5.0,1485.610029070818,1439.2601396349826,46.349889435835394,84.2,71.5,0.16141487197464155,1,0,0,2,1,-2,1.3333333333333333,1.3333333333333333
2016-09-17,2016,Leganes,Barcelona,A,0,17.0,7.0,1.18,1514.9441616810416,1801.813050786055,-286.8688891050135,53.15,765.3,-2.6498157645293587,-9,-10,-7,-16,0,3,1.5,1.5
2016-09-17,2016,Las Palmas,Malaga,H,2,2.3,3.25,3.3,1515.582831984629,1495.3613337062807,20.221498278348236,32.2,84.3,-0.9436245785751902,-1,-1,0,0,0,-1,0.5,2.0
2016-09-17,2016,Ath Madrid,Sp Gijon,H,2,1.18,6.5,21.0,1760.9938244687305,1498.2866178209465,262.707206647784,418.5,10.0,3.64116825310889,0,0,0,0,1,3,1.3333333333333333,1.3333333333333333
2016-09-17,2016,Eibar,Sevilla,D,1,3.1,3.3,2.35,1448.868488690209,1562.1390428850043,-113.2705541947953,56.6,270.1,-1.5489651888027742,-4,-5,-5,-4,0,0,0.3333333333333333,2.3333333333333335
2016-09-18,2016,Villarreal,Sociedad,H,2,1.85,3.5,4.5,1593.1394041558658,1534.2002341009613,58.93917005490448,190.7,156.45,0.19682370250456493,2,2,3,2,-1,2,1.6666666666666667,0.6666666666666666
2016-09-18,2016,Osasuna,Celta,D,1,2.9,3.1,2.6,1430.453716304469,1538.4731921132175,-108.01947580874844,42.9,122.4,-1.033516791390162,-1,-1,-1,-2,-1,-3,1.3333333333333333,1.3333333333333333
2016-09-18,2016,Ath Bilbao,Valencia,H,2,1.85,3.6,4.33,1603.1686707491199,1463.2779736023474,139.89069714677248,10.0,257.5,-3.157000421150113,-1,-2,-1,-1,0,-5,2.3333333333333335,0.3333333333333333
2016-09-18,2016,Espanol,Real Madrid,A,0,7.5,5.5,1.36,1478.2828739978224,1848.0318241775874,-369.74895017976496,62.2,802.9,-2.5431705821811033,-9,-11,-8,-11,-1,5,0.0,3.0
2016-09-19,2016,Alaves,La Coruna,D,1,2.3,3.0,3.5,1533.9390545461158,1463.9245179745296,70.01453657158618,85.4,61.75,0.31982909779811663,0,0,0,0,1,0,1.5,1.5
2016-09-20,2016,Malaga,Eibar,H,2,1.85,3.4,4.75,1485.3540216634276,1449.4411461113862,35.91287555204144,84.3,56.6,0.3926518867957878,1,1,0,0,-1,0,1.3333333333333333,1.3333333333333333
2016-09-20,2016,Sevilla,Betis,H,2,1.45,4.5,7.0,1561.5663854638271,1479.6405516666393,81.9258337971878,270.1,84.2,1.1574863226693495,3,5,5,2,1,1,2.3333333333333335,0.3333333333333333
2016-09-21,2016,Real Madrid,Villarreal,D,1,1.2,7.0,15.0,1853.272292004694,1601.719182038976,251.55310996571802,802.9,190.7,1.4335432332823164,5,7,4,7,5,1,1.3333333333333333,1.3333333333333333
2016-09-21,2016,Granada,Ath Bilbao,A,0,4.5,3.5,1.85,1445.2296170391612,1609.1945003328456,-163.96488329368435,71.5,10.0,1.8856912890622581,-4,-3,-3,-3,-3,1,1.6666666666666667,0.6666666666666666
2016-09-21,2016,Sociedad,Las Palmas,H,2,2.0,3.5,3.75,1525.6204562178511,1525.590144027482,0.030312190369158998,156.45,32.2,1.5565580716245906,2,2,1,2,0,1,0.0,3.0
2016-09-21,2016,Barcelona,Ath Madrid,D,1,1.6,4.0,5.5,1809.4426476066603,1764.302147061404,45.14050054525637,765.3,418.5,0.6025102120690979,9,10,7,16,3,3,3.0,0.0
2016-09-21,2016,Celta,Sp Gijon,H,2,1.57,4.0,6.0,1538.1270249851611,1494.978295228273,43.14872975688809,122.4,10.0,2.417535838672917,1,1,1,2,-4,2,3.0,0.0
2016-09-22,2016,Valencia,Alaves,H,2,1.57,3.75,6.0,1457.2521440186217,1527.1336539566496,-69.88150993802788,257.5,85.4,1.0959080181384735,5,5,4,4,-5,1,1.5,1.5
2016-09-22,2016,Osasuna,Espanol,A,0,2.88,3.2,2.6,1430.7998834325253,1473.0424061707158,-42.24252273819047,42.9,62.2,-0.3643899810716862,0,0,0,0,-1,-1,1.3333333333333333,1.3333333333333333
2016-09-22,2016,La Coruna,Leganes,A,0,2.15,3.25,3.6,1470.7299185639959,1507.3145648604363,-36.584646296440496,61.75,53.15,0.1474006045648939,0,0,0,0,-1,-1,1.5,1.5
2016-09-23,2016,Betis,Malaga,H,2,2.6,3.1,2.9,1471.8479417511987,1494.7682534918722,-22.92031174067347,84.2,84.3,-0.0011730206623630224,0,-1,0,2,-1,-1,1.0,2.0
2016-09-24,2016,Sp Gijon,Barcelona,A,0,13.0,6.5,1.22,1485.8310311238106,1803.5171751175665,-317.6861439937559,10.0,765.3,-4.243678465177988,-9,-10,-7,-16,0,2,0.0,3.0
2016-09-24,2016,Las Palmas,Real Madrid,D,1,8.5,5.0,1.36,1514.7932999785498,1841.7743929945266,-326.98109301597674,32.2,802.9,-3.186925007411472,-9,-11,-8,-11,1,4,0.0,3.0
2016-09-24,2016,Eibar,Sociedad,H,2,2.45,3.2,3.0,1440.0269142829416,1536.4173002667833,-96.39038598384172,56.6,156.45,-1.0055853798451881,-2,-2,-1,-2,0,0,1.0,2.0
2016-09-24,2016,Ath Bilbao,Sevilla,H,2,2.05,3.4,3.75,1621.4636982773604,1569.3589953792678,52.10470289809268,10.0,270.1,-3.204592483706249,0,-2,-2,-1,1,3,1.0,2.0
2016-09-25,2016,Ath Madrid,La Coruna,H,2,1.22,5.5,19.0,1770.2276195504978,1453.0220618639844,317.20555768651343,418.5,61.75,1.899904947895367,0,0,0,0,2,-1,2.3333333333333335,0.3333333333333333
2016-09-25,2016,Espanol,Celta,A,0,2.25,3.3,3.3,1490.513277454569,1547.2742890896236,-56.7610116350545,62.2,122.4,-0.6691268103184758,-1,-1,-1,-2,-1,-2,0.3333333333333333,2.3333333333333335
2016-09-25,2016,Leganes,Valencia,A,0,2.8,3.2,2.6,1525.0224215604478,1470.9550717323903,54.06734982805756,53.15,257.5,-1.563137720501484,-5,-5,-4,-4,0,-3,1.5,1.5
2016-09-25,2016,Villarreal,Osasuna,H,2,1.4,4.33,9.5,1613.2170810491434,1413.329012148672,199.88806890047135,190.7,42.9,1.474017329970473,4,4,4,4,2,-3,2.3333333333333335,0.3333333333333333
2016-09-26,2016,Alaves,Granada,H,2,2.1,3.3,3.75,1513.430726242881,1432.9604190946463,80.47030714823472,85.4,71.5,0.1754011139493814,0,0,0,0,0,-3,1.5,1.5
2016-09-30,2016,Sociedad,Betis,H,2,1.8,3.5,4.75,1521.5731342242602,1483.5736869945856,37.999447229674615,156.45,84.2,0.6141065137117634,1,2,1,0,0,1,2.0,1.0
2016-10-01,2016,Granada,Leganes,A,0,2.45,3.3,3.0,1425.1193799441357,1503.775026384988,-78.65564644085225,71.5,53.15,0.29182858841362913,0,0,0,0,-4,-2,1.5,1.5
2016-10-01,2016,La Coruna,Sp Gijon,H,2,1.95,3.4,4.2,1450.5306032957446,1479.166123141403,-28.635519845658337,61.75,10.0,1.741263305213523,0,0,0,0,-3,-2,0.6666666666666666,1.6666666666666667
2016-10-01,2016,Osasuna,Las Palmas,D,1,2.6,3.2,2.8,1408.797147087813,1523.4016509389116,-114.60450385109857,42.9,32.2,0.27936444415868245,0,0,0,0,-4,0,1.5,1.5
2016-10-01,2016,Sevilla,Alaves,H,2,1.44,4.33,8.0,1560.5361904116291,1521.2717653933917,39.26442501823749,270.1,85.4,1.1435000806946096,4,5,5,4,1,1,1.5,1.5
2016-10-02,2016,Celta,Barcelona,H,2,8.0,4.75,1.4,1564.131487908287,1810.182083099974,-246.05059519168708,122.4,765.3,-1.8261426265050709,-8,-9,-6,-14,0,2,1.0,2.0
2016-10-02,2016,Espanol,Villarreal,D,1,2.88,3.1,2.63,1473.6560786359057,1617.7489461100024,-144.0928674740967,62.2,190.7,-1.109627348898787,-4,-4,-4,-4,-1,3,1.3333333333333333,1.3333333333333333
2016-10-02,2016,Malaga,Ath Bilbao,H,2,2.45,3.0,3.3,1483.0425082484853,1630.286503244999,-147.24399499651372,84.3,10.0,2.0482791816992627,-3,-2,-3,-3,-2,3,0.6666666666666666,1.6666666666666667
2016-10-02,2016,Real Madrid,Eibar,D,1,1.08,11.0,26.0,1833.1660420341648,1454.8710803254646,378.29496170870016,802.9,56.6,2.6359523156320694,9,11,8,11,3,2,3.0,0.0
2016-10-02,2016,Valencia,Ath Madrid,A,0,4.5,3.5,1.85,1492.20246690785,1772.7190781187376,-280.5166112108875,257.5,418.5,-0.4841678319587768,5,5,4,4,-1,3,0.3333333333333333,2.3333333333333335
2016-10-14,2016,Las Palmas,Espanol,D,1,1.95,3.4,4.2,1522.7714949311428,1475.549566134664,47.22192879647878,32.2,62.2,-0.6437544252303686,0,0,0,0,-1,-1,1.5,1.5
2016-10-15,2016,Ath Madrid,Granada,H,2,1.13,10.0,17.0,1780.5585736189312,1409.1990276788504,371.3595459400808,418.5,71.5,1.7554769640466317,0,0,0,0,4,-4,2.3333333333333335,0.3333333333333333
2016-10-15,2016,Barcelona,La Coruna,H,2,1.1,10.0,26.0,1789.2234845235917,1462.492162512963,326.7313220106287,765.3,61.75,2.502415159964465,9,10,7,16,0,-2,1.6666666666666667,0.6666666666666666
2016-10-15,2016,Betis,Real Madrid,A,0,8.0,5.25,1.36,1474.2368735913842,1819.9630802567335,-345.7262066653493,84.2,802.9,-2.2444734494986447,-8,-11,-8,-9,0,2,0.3333333333333333,2.3333333333333335
2016-10-15,2016,Leganes,Sevilla,A,0,3.4,3.2,2.25,1519.6953786502734,1569.8262394726762,-50.13086082240284,53.15,270.1,-1.6107297830576202,-4,-5,-5,-4,-1,2,1.5,1.5
2016-10-16,2016,Alaves,Malaga,D,1,2.6,3.0,3.0,1511.9817163323446,1500.0697162664162,11.912000065928396,85.4,84.3,0.012813221312376832,-1,-1,0,0,0,-1,1.5,1.5
2016-10-16,2016,Ath Bilbao,Sociedad,H,2,1.83,3.6,4.4,1613.2592952270682,1530.9099476274616,82.34934759960652,10.0,156.45,-2.661212674748663,2,1,2,1,3,0,0.6666666666666666,1.6666666666666667
2016-10-16,2016,Sp Gijon,Valencia,A,0,3.6,3.4,2.1,1467.2045639241846,1484.3629714076565,-17.15840748347182,10.0,257.5,-3.157000421150113,-5,-5,-4,-4,-3,-1,1.0,2.0
2016-10-16,2016,Villarreal,Celta,H,2,1.85,3.4,4.75,1615.855458611244,1585.0900864846694,30.765372126574675,190.7,122.4,0.44050053858031113,3,3,3,2,3,2,1.3333333333333333,1.3333333333333333
2016-10-17,2016,Eibar,Osasuna,A,0,1.7,3.6,5.0,1468.0740421028959,1409.427303095582,58.646739007313954,56.6,42.9,0.27160824762072,0,0,0,0,1,-3,1.5,1.5
2016-10-21,2016,Osasuna,Betis,A,0,2.4,3.2,3.1,1430.8372091415536,1468.3711807307943,-37.533971589240764,42.9,84.2,-0.6630871137541448,-1,0,0,-2,-1,-2,2.0,1.0
2016-10-22,2016,Valencia,Barcelona,A,0,7.0,5.25,1.4,1502.8732585617083,1791.5925007871006,-288.71924222539224,257.5,765.3,-1.0866780440278747,-4,-5,-3,-12,1,2,1.3333333333333333,1.3333333333333333
2016-10-22,2016,Sociedad,Alaves,H,2,1.67,3.75,5.5,1523.1313926184848,1507.310531703406,15.82086091507881,156.45,85.4,0.6001202717370235,2,2,1,2,-1,-1,1.5,1.5
2016-10-22,2016,Espanol,Eibar,D,1,2.05,3.4,3.8,1481.5506981166268,1446.6641360569242,34.886562059702555,62.2,56.6,0.09278173345096619,0,0,0,0,-1,-1,2.0,1.0
2016-10-22,2016,Granada,Sp Gijon,D,1,2.1,3.4,3.6,1407.3333460591903,1448.6942767701328,-41.36093071094251,71.5,10.0,1.8856912890622581,0,0,0,0,-4,-5,2.3333333333333335,0.3333333333333333
2016-10-23,2016,Sevilla,Ath Madrid,H,2,4.0,3.5,1.95,1586.9645983932703,1782.4242552385913,-195.45965684532098,270.1,418.5,-0.43657576940264065,4,5,5,4,2,4,0.6666666666666666,1.6666666666666667
2016-10-23,2016,Real Madrid,Ath Bilbao,H,2,1.2,7.0,13.0,1825.8287731173234,1621.037850236045,204.79092288127845,802.9,10.0,4.291579610535544,5,8,5,8,2,3,2.0,1.0
2016-10-23,2016,Villarreal,Las Palmas,H,2,1.67,3.8,5.25,1625.462156341771,1516.77036294918,108.69179339259108,190.7,32.2,1.7533817741291555,4,4,4,4,3,0,0.5,2.0
2016-10-23,2016,Celta,La Coruna,H,2,1.7,3.6,5.5,1575.4833887541424,1460.123146249454,115.36024250468836,122.4,61.75,0.676272533459394,1,1,1,2,2,-2,1.3333333333333333,1.3333333333333333
2016-10-23,2016,Malaga,Leganes,H,2,1.85,3.3,4.75,1504.7409008953548,1502.5570197296793,2.1838811656755297,84.3,53.15,0.4544164810506337,1,1,0,0,0,-1,1.5,1.5
2016-10-28,2016,Leganes,Sociedad,A,0,2.63,3.1,2.88,1491.845702722849,1533.3083531987606,-41.46265047591169,53.15,156.45,-1.067349974100034,-2,-2,-1,-2,-1,1,1.5,1.5
2016-10-29,2016,Sp Gijon,Sevilla,D,1,3.8,3.6,1.95,1451.202161124347,1605.9852550884004,-154.78309396405348,10.0,270.1,-3.204592483706249,-4,-5,-5,-4,-4,3,2.0,1.0
2016-10-29,2016,Barcelona,Granada,H,2,1.05,17.0,34.0,1799.1616574816717,1404.825461704976,394.3361957766956,765.3,71.5,2.3579871761157296,9,10,7,16,2,-4,3.0,0.0
2016-10-29,2016,Ath Madrid,Malaga,H,2,1.22,6.0,15.0,1763.4035985434612,1515.452217902185,247.95138064127605,418.5,84.3,1.592889071409627,-1,-1,0,0,2,2,1.3333333333333333,1.3333333333333333
2016-10-29,2016,Alaves,Real Madrid,A,0,13.0,6.5,1.22,1497.1335711231302,1830.2531222240689,-333.1195511009387,85.4,802.9,-2.230487207523905,-9,-11,-8,-11,-2,2,1.5,1.5
2016-10-30,2016,Ath Bilbao,Osasuna,D,1,1.36,5.0,8.5,1616.6135011292995,1413.1690219025006,203.44447922679888,10.0,42.9,-1.384019047282755,4,3,3,3,1,-2,3.0,0.0
2016-10-30,2016,Betis,Espanol,A,0,2.25,3.25,3.4,1486.0393679698473,1476.0031369658727,10.036231003974535,84.2,62.2,0.29869713268245857,1,0,0,2,-1,0,2.0,1.0
2016-10-30,2016,Eibar,Villarreal,H,2,3.0,3.2,2.5,1452.2116972076783,1632.3993358827076,-180.18763867502935,56.6,190.7,-1.202409082349753,-4,-4,-4,-4,-1,3,0.3333333333333333,2.3333333333333335
2016-10-30,2016,Las Palmas,Celta,D,1,2.3,3.3,3.2,1509.8331834082435,1582.2179660427441,-72.38478263450065,32.2,122.4,-1.3128812355488444,-1,-1,-1,-2,-2,3,2.0,0.5
2016-10-31,2016,La Coruna,Valencia,D,1,2.88,3.2,2.55,1453.3885689608524,1495.3041018671372,-41.91553290628485,61.75,257.5,-1.4157371159365901,-5,-5,-4,-4,-3,1,0.6666666666666666,1.6666666666666667
2016-11-04,2016,Malaga,Sp Gijon,H,2,1.73,3.6,5.25,1511.8854719405704,1453.547929022816,58.33754291775426,84.3,10.0,2.0482791816992627,1,1,0,0,0,-3,2.0,1.0
2016-11-05,2016,Las Palmas,Eibar,H,2,1.91,3.5,4.0,1508.643442994387,1470.6134871152442,38.02995587914279,32.2,56.6,-0.5509726917794024,0,0,0,0,-1,1,1.5,1.5
2016-11-05,2016,Granada,La Coruna,D,1,2.6,3.2,2.8,1403.1782289727635,1450.9039655859744,-47.725736613210984,71.5,61.75,0.14442798384873523,0,0,0,0,-4,-2,1.6666666666666667,0.6666666666666666
2016-11-05,2016,Sociedad,Ath Madrid,H,2,5.75,3.6,1.67,1550.8119685082709,1766.970344505076,-216.15837599680503,156.45,418.5,-0.9799555783602267,2,2,1,2,1,3,0.0,3.0
2016-11-05,2016,Osasuna,Alaves,A,0,2.25,3.2,3.4,1423.7153581412385,1490.9178546558544,-67.20249651461586,42.9,85.4,-0.6770733557288846,0,0,0,0,-1,-2,1.5,1.5
2016-11-06,2016,Celta,Valencia,H,2,2.25,3.4,3.2,1583.4077064566006,1497.788705242015,85.61900121458552,122.4,257.5,-0.7394645824771962,-4,-4,-3,-2,2,0,1.3333333333333333,1.3333333333333333
2016-11-06,2016,Espanol,Ath Bilbao,D,1,3.0,3.2,2.5,1495.601069272107,1606.0671648905616,-110.46609561845457,62.2,10.0,1.7484090283544411,-4,-3,-3,-3,0,0,2.0,1.0
2016-11-06,2016,Real Madrid,Leganes,H,2,1.07,13.0,23.0,1836.4688386913447,1474.3420874133387,362.12675127800594,802.9,53.15,2.6977169098869154,9,11,8,11,3,-3,1.5,1.5
2016-11-06,2016,Sevilla,Barcelona,A,0,5.25,4.2,1.62,1603.6394871899313,1800.8088902138843,-197.169403023953,270.1,765.3,-1.0390859814717386,-5,-5,-2,-12,2,3,1.3333333333333333,1.3333333333333333
2016-11-06,2016,Villarreal,Betis,H,2,1.5,4.2,7.0,1613.9975459751417,1466.441435663613,147.55611031152876,190.7,84.2,0.8109302162163283,3,4,4,2,2,-1,1.0,1.0
2016-11-18,2016,Betis,Las Palmas,H,2,2.35,3.4,3.1,1460.6252903475684,1517.9791270204196,-57.35383667285123,84.2,32.2,0.9424515579128272,1,0,0,2,-3,0,1.5,1.5
2016-11-19,2016,Barcelona,Malaga,D,1,1.13,9.0,21.0,1811.7198121159213,1520.486481458774,291.23333065714723,765.3,84.3,2.195399283478725,8,9,7,16,3,2,2.0,1.0
2016-11-19,2016,Ath Madrid,Real Madrid,A,0,2.5,3.3,2.9,1747.1342439721361,1838.4297038545826,-91.2954598824465,418.5,802.9,-0.6504113574266546,-9,-11,-8,-11,1,4,2.3333333333333335,0.3333333333333333
2016-11-19,2016,La Coruna,Sevilla,A,0,3.3,3.4,2.2,1453.1439499066182,1592.7285652878943,-139.58461538127608,61.75,270.1,-1.4633291784927263,-4,-5,-5,-4,-1,2,0.6666666666666666,1.6666666666666667
2016-11-19,2016,Eibar,Celta,H,2,2.38,3.25,3.1,1461.2778030892116,1591.0783092752895,-129.80050618607788,56.6,122.4,-0.761908543769442,-1,-1,-1,-2,-1,2,0.3333333333333333,2.3333333333333335
2016-11-20,2016,Alaves,Espanol,A,0,2.5,3.1,3.1,1507.3296456411101,1496.0527903132524,11.276855327857675,85.4,62.2,0.3126833746571984,0,0,0,0,-2,1,1.5,1.5
2016-11-20,2016,Ath Bilbao,Villarreal,H,2,2.15,3.3,3.5,1605.6154438494161,1619.8136912911864,-14.198247441770263,10.0,190.7,-2.858036377253228,0,-1,-1,-1,-1,2,1.3333333333333333,1.3333333333333333
2016-11-20,2016,Sp Gijon,Sociedad,A,0,3.4,3.3,2.2,1444.9469195046124,1570.6480690412106,-125.70114953659822,10.0,156.45,-2.661212674748663,-2,-2,-1,-2,-3,3,1.3333333333333333,1.3333333333333333
2016-11-20,2016,Valencia,Granada,D,1,1.33,5.5,8.5,1490.1181024233263,1400.9382446521197,89.17985777120657,257.5,71.5,1.271309132087855,5,5,4,4,-2,-3,3.0,0.0
2016-11-21,2016,Leganes,Osasuna,H,2,1.85,3.5,4.5,1472.3812222501008,1407.3035671559828,65.07765509411797,53.15,42.9,0.20984365336587407,0,0,0,0,-3,-1,1.5,1.5
2016-11-25,2016,Eibar,Betis,H,2,1.95,3.4,4.2,1477.5612484854285,1473.7932987903082,3.767949695120251,56.6,84.2,-0.39147886613342475,-1,0,0,-2,0,-1,2.0,0.5
2016-11-26,2016,Espanol,Leganes,H,2,1.85,3.4,4.75,1515.6991987248348,1480.7461780298413,34.953020694993484,62.2,53.15,0.15454632770581211,0,0,0,0,2,-3,1.5,1.5
2016-11-26,2016,Malaga,La Coruna,H,2,2.0,3.25,4.2,1532.631479039215,1439.8455985270984,92.78588051211659,84.3,61.75,0.3070158764857398,1,1,0,0,1,-3,1.6666666666666667,0.6666666666666666
2016-11-26,2016,Real Madrid,Sp Gijon,H,2,1.06,13.0,34.0,1853.8054304509103,1431.054507772984,422.7509226779264,802.9,10.0,4.291579610535544,9,11,8,11,5,-3,2.3333333333333335,0.3333333333333333
2016-11-26,2016,Sevilla,Valencia,H,2,1.73,3.75,5.0,1606.026916667414,1482.6722629345804,123.35465373283364,270.1,257.5,0.04759206255613613,-1,0,1,0,2,-1,1.0,2.0
2016-11-27,2016,Celta,Granada,H,2,1.53,4.0,7.0,1574.7948638790726,1408.3840841408655,166.4107797382071,122.4,71.5,0.5318445496106587,1,1,1,2,0,-2,2.3333333333333335,0.3333333333333333
2016-11-27,2016,Osasuna,Ath Madrid,A,0,11.0,5.25,1.3,1398.9386113762423,1731.7585173758084,-332.8199059995661,42.9,418.5,-2.257149205826135,0,0,0,0,-2,-1,1.0,2.0
2016-11-27,2016,Sociedad,Barcelona,D,1,7.0,4.75,1.44,1584.5404807728391,1799.5748145354803,-215.03433376264115,156.45,765.3,-1.5824657904293247,-7,-8,-6,-14,3,4,1.0,2.0
2016-11-27,2016,Villarreal,Alaves,A,0,1.5,4.0,7.5,1608.4445365528954,1487.6832372295278,120.76129932336767,190.7,85.4,0.7969439742415885,4,4,4,4,1,-2,1.5,1.5
2016-11-28,2016,Las Palmas,Ath Bilbao,H,2,2.5,3.4,2.8,1504.8111185776797,1616.984598587707,-112.17348001002733,32.2,10.0,1.1046546031240725,-4,-3,-3,-3,-1,1,1.0,1.0
2016-12-03,2016,Leganes,Villarreal,D,1,3.8,2.9,2.25,1471.2962158001167,1585.0181251140032,-113.7219093138865,53.15,190.7,-1.264173676604599,-4,-4,-4,-4,-3,-1,1.5,1.5
2016-12-03,2016,Granada,Sevilla,H,2,4.75,3.5,1.8,1403.0599856714211,1612.524195603625,-209.46420993220386,71.5,270.1,-1.318901194643991,-4,-5,-5,-4,-2,2,2.3333333333333335,0.3333333333333333
2016-12-03,2016,Ath Madrid,Espanol,D,1,1.22,6.0,15.0,1737.9827382139106,1525.1491609545594,212.83357725935116,418.5,62.2,1.8927592247544487,0,0,0,0,-1,3,2.3333333333333335,0.3333333333333333
2016-12-03,2016,Barcelona,Real Madrid,D,1,1.85,4.2,4.2,1794.7822436802421,1855.2157947770588,-60.4335510968167,765.3,802.9,-0.04790114535755663,0,-1,-1,5,3,5,2.0,1.0
2016-12-04,2016,Valencia,Malaga,D,1,1.75,3.6,5.0,1476.1749839983695,1540.0689215856394,-63.893937587269875,257.5,84.3,1.1087212394508503,4,4,4,4,-3,2,2.0,1.0
2016-12-04,2016,Betis,Celta,D,1,2.38,3.25,3.1,1463.144698756527,1580.118962348517,-116.97426359198994,84.2,122.4,-0.3704296776360172,0,-1,-1,0,-1,2,0.6666666666666666,1.6666666666666667
2016-12-04,2016,Sp Gijon,Osasuna,H,2,2.0,3.3,4.0,1429.6441434468354,1392.7143905381402,36.929752908695264,10.0,42.9,-1.384019047282755,0,0,0,0,-3,-4,1.3333333333333333,1.3333333333333333
2016-12-04,2016,Ath Bilbao,Eibar,H,2,1.85,3.4,4.75,1601.4592421778277,1488.2098485192096,113.24939365861815,10.0,56.6,-1.655627294903475,4,3,3,3,-1,2,2.0,1.0
2016-12-04,2016,Alaves,Las Palmas,D,1,2.5,3.2,3.0,1511.10964866842,1520.336474987559,-9.226826319139036,85.4,32.2,0.956437799887567,0,0,0,0,-1,0,1.5,1.5
2016-12-05,2016,La Coruna,Sociedad,H,2,3.1,3.1,2.5,1432.408155980674,1589.3330516280773,-156.92489564740322,61.75,156.45,-0.9199493695351402,-2,-2,-1,-2,-3,4,1.0,1.0
2016-12-09,2016,Malaga,Granada,D,1,1.6,4.0,5.75,1541.622158131644,1422.6355310117494,118.98662711989459,84.3,71.5,0.16258789263700457,1,1,0,0,1,-1,0.6666666666666666,1.6666666666666667
2016-12-10,2016,Sociedad,Valencia,H,2,1.91,3.75,3.8,1571.8971641722665,1474.6217474523648,97.27541671990161,156.45,257.5,-0.49578774640144996,-3,-3,-3,-2,2,-2,2.0,1.0
2016-12-10,2016,Real Madrid,La Coruna,H,2,1.17,8.0,15.0,1856.916669176615,1449.844043436485,407.07262574013,802.9,61.75,2.5503163053220215,9,11,8,11,4,-1,3.0,0.0
2016-12-10,2016,Las Palmas,Leganes,D,1,1.8,3.5,4.75,1524.168666983496,1471.8883304106764,52.28033657281958,32.2,53.15,-0.4892080975245565,0,0,0,0,1,-2,1.5,1.5
2016-12-10,2016,Osasuna,Barcelona,A,0,15.0,7.5,1.18,1383.3379316391934,1793.081369280686,-409.7434376414926,42.9,765.3,-2.859659417895233,-9,-10,-7,-16,-4,2,0.3333333333333333,2.3333333333333335
2016-12-11,2016,Espanol,Sp Gijon,H,2,1.73,3.75,5.0,1535.8966037970122,1439.0206023457822,96.87600145122997,62.2,10.0,1.7484090283544411,0,0,0,0,3,-2,1.0,2.0
2016-12-11,2016,Eibar,Alaves,D,1,1.83,3.6,4.5,1481.4115969764862,1507.2774566724831,-25.86585969599696,56.6,85.4,-0.4054651081081646,0,0,0,0,1,0,1.5,1.5
2016-12-11,2016,Betis,Ath Bilbao,H,2,3.1,3.25,2.38,1463.8769541120416,1608.257493720551,-144.38053960850948,84.2,10.0,2.0471061610368997,-3,-3,-3,-1,-2,1,0.0,3.0
2016-12-11,2016,Celta,Sevilla,A,0,2.75,3.3,2.63,1579.3867069930025,1592.9486502632967,-13.56194327029425,122.4,270.1,-0.7870566450333323,-3,-4,-4,-2,1,0,1.6666666666666667,0.6666666666666666
2016-12-12,2016,Villarreal,Ath Madrid,H,2,4.5,3.5,1.85,1584.4260105034434,1727.2352953714578,-142.8092848680144,190.7,418.5,-0.7831318758556618,4,4,4,4,-2,0,1.3333333333333333,1.3333333333333333
2016-12-16,2016,Alaves,Betis,H,2,2.3,3.1,3.4,1510.4303796135275,1480.7826622299667,29.647717383560803,85.4,84.2,0.013986241974739855,-1,0,0,-2,1,0,1.5,1.5
2016-12-17,2016,Granada,Sociedad,A,0,3.75,3.4,2.0,1431.0093522225466,1579.1909904406932,-148.18163821814665,71.5,156.45,-0.7755213856864049,-2,-2,-1,-2,0,2,1.0,2.0
2016-12-17,2016,Ath Madrid,Las Palmas,H,2,1.29,5.5,9.5,1710.396366738645,1517.9851764992625,192.41119023938245,418.5,32.2,2.5365136499848173,0,0,0,0,-2,1,3.0,0.0
2016-12-17,2016,Sevilla,Malaga,H,2,1.5,4.1,6.5,1611.6053459078735,1533.248336920847,78.35700898702657,270.1,84.3,1.1563133020069865,3,4,5,4,1,2,2.3333333333333335,0.3333333333333333
2016-12-17,2016,Sp Gijon,Villarreal,A,0,3.25,3.3,2.2,1431.7140757516754,1601.2649391362563,-169.5508633845809,10.0,190.7,-2.858036377253228,-4,-4,-4,-4,-3,0,1.0,2.0
2016-12-18,2016,Leganes,Eibar,D,1,2.55,3.1,2.88,1478.07182089491,1478.2586740354418,-0.1868531405318663,53.15,56.6,-0.06176459425484593,0,0,0,0,-1,0,1.5,1.5
2016-12-18,2016,Barcelona,Espanol,H,2,1.1,10.0,26.0,1797.3992638203656,1543.203130391119,254.19613342924663,765.3,62.2,2.4952694368235466,9,10,7,16,2,3,2.3333333333333335,0.3333333333333333
2016-12-18,2016,La Coruna,Osasuna,H,2,1.57,3.75,6.0,1448.307294439664,1379.0200370995135,69.28725734015052,61.75,42.9,0.35724425793076797,0,0,0,0,-2,-5,1.3333333333333333,1.3333333333333333
2016-12-19,2016,Ath Bilbao,Celta,H,2,1.83,3.5,4.33,1591.351785602626,1560.7300113484257,30.621774254200318,10.0,122.4,-2.417535838672917,3,2,2,1,0,0,3.0,0.0
2017-01-06,2016,Espanol,La Coruna,D,1,2.05,3.3,3.8,1539.7478182284226,1456.526853554698,83.22096467372467,62.2,61.75,0.007145723140918214,0,0,0,0,2,-1,1.3333333333333333,1.3333333333333333
2017-01-07,2016,Real Madrid,Granada,H,2,1.07,13.0,26.0,1858.453418173436,1418.0762875845846,440.3771305888513,802.9,71.5,2.4058883214732862,9,11,8,11,4,-1,3.0,0.0
2017-01-07,2016,Sociedad,Sevilla,A,0,2.25,3.4,3.2,1592.1240550786551,1619.517045353001,-27.392990274345948,156.45,270.1,-0.5433798089575861,-2,-3,-4,-2,2,3,3.0,0.0
2017-01-07,2016,Eibar,Ath Madrid,A,0,5.5,3.5,1.73,1482.4531888594902,1715.096318254655,-232.6431293951648,56.6,418.5,-1.9855409582054149,0,0,0,0,1,0,0.0,3.0
2017-01-07,2016,Las Palmas,Sp Gijon,H,2,1.67,3.75,5.5,1513.2852249832524,1419.6773503918992,93.60787459135327,32.2,10.0,1.1046546031240725,0,0,0,0,-1,-3,0.5,2.0
2017-01-08,2016,Celta,Malaga,H,2,1.85,3.6,4.33,1551.117914676056,1525.3366374757193,25.781277200336717,122.4,84.3,0.3692566569736542,0,0,1,2,-2,0,2.0,1.0
2017-01-08,2016,Villarreal,Barcelona,D,1,6.0,4.33,1.53,1613.3016644960326,1800.854575983062,-187.5529114870294,190.7,765.3,-1.3856420879247597,-5,-6,-3,-12,0,2,0.3333333333333333,2.3333333333333335
2017-01-08,2016,Ath Bilbao,Alaves,D,1,1.53,3.8,7.5,1600.9638822749957,1520.0791407952336,80.88474147976217,10.0,85.4,-2.0610924030116395,4,3,3,3,1,1,1.5,1.5
2017-01-08,2016,Betis,Leganes,H,2,2.1,3.25,3.75,1471.1339010482607,1473.8773060708616,-2.743405022600882,84.2,53.15,0.4532434603882707,1,0,0,2,0,0,1.5,1.5
2017-01-09,2016,Osasuna,Valencia,D,1,4.0,3.5,1.95,1370.8004779844796,1467.327921183938,-96.5274431994585,42.9,257.5,-1.772981373867358,-5,-5,-4,-4,-5,-3,0.3333333333333333,2.3333333333333335
2017-01-14,2016,Leganes,Ath Bilbao,D,1,3.25,3.1,2.38,1462.9698685650371,1593.7911123119386,-130.82124374690147,53.15,10.0,1.593862700648629,-4,-3,-3,-3,-2,0,1.5,1.5
2017-01-14,2016,La Coruna,Villarreal,D,1,2.7,3.1,2.8,1463.7771725006342,1617.0035963249754,-153.22642382434128,61.75,190.7,-1.116773072039705,-4,-4,-4,-4,0,1,1.3333333333333333,1.3333333333333333
2017-01-14,2016,Barcelona,Las Palmas,H,2,1.1,11.0,26.0,1797.1526441541191,1520.6962314806308,276.45641267348833,765.3,32.2,3.1390238620539153,9,10,7,16,2,1,3.0,0.0
2017-01-14,2016,Ath Madrid,Betis,H,2,1.2,6.5,17.0,1724.6325648114782,1482.041338554085,242.59122625739315,418.5,84.2,1.5940620920719901,-1,0,0,-2,2,0,3.0,0.0
2017-01-15,2016,Celta,Alaves,H,2,1.7,3.75,5.25,1560.9129332298442,1527.2519107582907,33.66102247155345,122.4,85.4,0.35644343566127734,1,1,1,2,0,2,1.5,1.5
2017-01-15,2016,Granada,Osasuna,D,1,2.05,3.4,3.8,1416.7961983090956,1370.6505606479514,46.14563766114429,71.5,42.9,0.5016722417795032,0,0,0,0,-2,-4,2.3333333333333335,0.3333333333333333
2017-01-15,2016,Sevilla,Real Madrid,H,2,3.6,3.8,1.95,1637.6068918759543,1859.733507448925,-222.12661557297065,270.1,802.9,-1.0869871268292952,-5,-6,-3,-7,3,4,1.0,2.0
2017-01-15,2016,Sp Gijon,Eibar,A,0,2.9,3.1,2.6,1412.2663438945208,1472.916942302667,-60.65059840814615,10.0,56.6,-1.655627294903475,0,0,0,0,-3,-1,1.5,1.5
2017-01-15,2016,Valencia,Espanol,H,2,1.91,3.6,4.0,1467.4778385204663,1532.4974992824864,-65.01966076202007,257.5,62.2,1.408591392795672,5,5,4,4,-2,1,2.0,1.0
2017-01-16,2016,Malaga,Sociedad,A,0,2.4,3.3,3.0,1515.541618921931,1574.034208555702,-58.492589633770876,84.3,156.45,-0.6129334930494004,-1,-1,-1,-2,-1,0,1.6666666666666667,0.6666666666666666
2017-01-20,2016,Las Palmas,La Coruna,D,1,2.25,3.3,3.3,1517.61379131294,1466.0573316342707,51.5564596786694,32.2,61.75,-0.6366087020894504,0,0,0,0,-1,1,1.5,1.5
2017-01-21,2016,Espanol,Granada,H,2,1.57,4.0,6.0,1519.002639608045,1410.834144295992,108.16849531205298,62.2,71.5,-0.13728226070781702,0,0,0,0,-1,-1,1.6666666666666667,0.6666666666666666
2017-01-21,2016,Alaves,Leganes,D,1,2.2,3.1,3.6,1517.7537387633622,1464.2970489954475,53.45668976791467,85.4,53.15,0.46722970236301054,0,0,0,0,0,-1,1.5,1.5
2017-01-21,2016,Real Madrid,Malaga,H,2,1.13,10.0,17.0,1839.6678151765818,1498.7580771537423,340.9097380228395,802.9,84.3,2.2433004288362817,8,10,8,11,2,-3,1.6666666666666667,0.6666666666666666
2017-01-21,2016,Villarreal,Valencia,A,0,1.85,3.6,4.33,1614.723437191339,1480.9726981949077,133.7507389964312,190.7,257.5,-0.298964043896885,-1,-1,0,0,2,-1,2.3333333333333335,0.3333333333333333
2017-01-22,2016,Ath Bilbao,Ath Madrid,D,1,4.0,3.2,2.05,1592.4639318815282,1728.2974261214576,-135.83349423992945,10.0,418.5,-3.64116825310889,4,3,3,3,1,2,0.3333333333333333,2.3333333333333335
2017-01-22,2016,Betis,Sp Gijon,D,1,1.73,3.6,5.25,1478.3764772441057,1395.574720349657,82.80175689444877,84.2,10.0,2.0471061610368997,1,0,0,2,0,-3,1.3333333333333333,1.3333333333333333
2017-01-22,2016,Eibar,Barcelona,A,0,9.5,6.0,1.29,1489.6085658475308,1800.2350843218098,-310.626518474279,56.6,765.3,-2.588051170274513,-9,-10,-7,-16,-1,3,0.0,3.0
2017-01-22,2016,Osasuna,Sevilla,A,0,6.0,4.33,1.53,1376.612614661055,1657.6725841482973,-281.05996948724237,42.9,270.1,-1.8205734364234942,-4,-5,-5,-4,-3,3,1.0,2.0
2017-01-22,2016,Sociedad,Celta,H,2,1.95,3.6,3.8,1590.8177503238908,1570.4111052247727,20.406645099118123,156.45,122.4,0.2436768360757462,1,1,0,0,1,0,0.3333333333333333,2.3333333333333335
2017-01-27,2016,Osasuna,Malaga,D,1,2.88,3.3,2.5,1368.7912185546097,1496.5611368927161,-127.76991833810644,42.9,84.3,-0.6642601344165078,-1,-1,0,0,-3,-4,1.3333333333333333,1.3333333333333333
2017-01-28,2016,Eibar,La Coruna,H,2,2.1,3.25,3.75,1482.7306033306486,1472.214858459414,10.515744871234574,56.6,61.75,-0.08563601031004797,0,0,0,0,-1,0,0.3333333333333333,2.3333333333333335
2017-01-28,2016,Alaves,Ath Madrid,D,1,6.0,3.6,1.62,1511.5281505196,1726.7558320544827,-215.22768153488255,85.4,418.5,-1.5800758500972503,0,0,0,0,0,2,1.0,1.0
2017-01-28,2016,Leganes,Celta,A,0,2.3,3.1,3.4,1470.5226372392096,1560.4108997883623,-89.88826254915261,53.15,122.4,-0.8236731380242879,-1,-1,-1,-2,-1,-1,3.0,0.0
2017-01-28,2016,Villarreal,Granada,H,2,1.36,4.75,9.5,1590.9212677051137,1403.8808868168294,187.0403808882843,190.7,71.5,0.9723450881909699,4,4,4,4,1,-3,2.3333333333333335,0.3333333333333333
2017-01-29,2016,Ath Bilbao,Sp Gijon,H,2,1.36,4.75,9.5,1594.0055259485032,1402.8111609725825,191.19436497592073,10.0,10.0,0.0,4,3,3,3,0,-4,2.0,1.0
2017-01-29,2016,Betis,Barcelona,D,1,12.0,6.0,1.25,1471.1400366211801,1807.113046838692,-335.97301021751196,84.2,765.3,-2.196572304141088,-8,-10,-7,-14,0,4,0.0,3.0
2017-01-29,2016,Espanol,Sevilla,H,2,3.3,3.4,2.2,1525.9558970872076,1665.4939802547426,-139.53808316753498,62.2,270.1,-1.456183455351808,-4,-5,-5,-4,0,5,1.0,2.0
2017-01-29,2016,Real Madrid,Sociedad,H,2,1.25,6.5,10.0,1841.864755437608,1600.8179557603012,241.0467996773068,802.9,156.45,1.6303669357868813,7,9,7,9,2,3,3.0,0.0
2017-01-30,2016,Las Palmas,Valencia,H,2,2.5,3.4,2.8,1511.4562644877967,1504.774867681133,6.68139680666377,32.2,257.5,-2.0523458180260405,-5,-5,-4,-4,-1,1,2.3333333333333335,0.3333333333333333
2017-02-04,2016,Barcelona,Ath Bilbao,H,2,1.22,6.5,13.0,1798.2482080547863,1598.7333079842153,199.514900070571,765.3,10.0,4.243678465177988,5,7,4,13,3,2,3.0,0.0
2017-02-04,2016,Ath Madrid,Leganes,H,2,1.29,5.0,15.0,1721.9557671776527,1455.0862016596407,266.869565518012,418.5,53.15,2.047305552460261,0,0,0,0,3,-2,1.0,1.0
2017-02-04,2016,Valencia,Eibar,A,0,1.91,3.6,4.0,1494.2411838190078,1493.1139218747849,1.127261944222937,257.5,56.6,1.501373126246638,5,5,4,4,0,0,1.3333333333333333,1.3333333333333333
2017-02-04,2016,Malaga,Espanol,A,0,2.1,3.4,3.6,1495.3647597534741,1542.655562574423,-47.290802820948784,84.3,62.2,0.2998701533448216,1,1,0,0,-4,0,0.6666666666666666,1.6666666666666667
2017-02-05,2016,Sevilla,Villarreal,D,1,1.6,3.8,6.0,1648.7943147675273,1595.7450670950832,53.04924767244415,270.1,190.7,0.34655610645302115,0,1,1,0,3,1,1.3333333333333333,1.3333333333333333
2017-02-05,2016,Sociedad,Osasuna,H,2,1.3,5.25,11.0,1597.124396339582,1369.9875956938517,227.13680064573032,156.45,42.9,1.2771936274659081,2,2,1,2,1,-2,2.3333333333333335,0.3333333333333333
2017-02-05,2016,Sp Gijon,Alaves,A,0,2.2,3.3,3.4,1398.0833789368703,1516.32821539643,-118.24483645955979,10.0,85.4,-2.0610924030116395,0,0,0,0,-4,0,1.0,1.0
2017-02-06,2016,Granada,Las Palmas,H,2,3.0,3.4,2.38,1399.0570874268599,1521.9899483499219,-122.93286092306198,71.5,32.2,0.7810366859381856,0,0,0,0,-4,0,1.0,2.0
2017-02-10,2016,Espanol,Sociedad,A,0,2.8,3.2,2.63,1559.9139023123698,1601.085217889897,-41.17131557752714,62.2,156.45,-0.912803646394222,-2,-2,-1,-2,2,1,1.3333333333333333,1.3333333333333333
2017-02-11,2016,Betis,Valencia,D,1,2.5,3.25,2.9,1480.0048754050858,1474.9944259972958,5.01044940779002,84.2,257.5,-1.1098942601132133,-4,-5,-4,-2,-1,0,2.3333333333333335,0.3333333333333333
2017-02-11,2016,Alaves,Barcelona,A,0,10.0,5.5,1.3,1530.5412457375785,1802.788343761071,-272.2470980234925,85.4,765.3,-2.182586062166348,-9,-10,-7,-16,0,3,3.0,0.0
2017-02-11,2016,Ath Bilbao,La Coruna,H,2,1.67,3.6,5.75,1594.1931722779307,1461.8315399152777,132.36163236265293,10.0,61.75,-1.741263305213523,4,3,3,3,0,0,2.3333333333333335,0.3333333333333333
2017-02-11,2016,Osasuna,Real Madrid,A,0,13.0,6.5,1.22,1366.0267741435368,1845.558314858327,-479.53154071479025,42.9,802.9,-2.9075605632527894,-9,-11,-8,-11,-2,3,0.3333333333333333,2.3333333333333335
2017-02-12,2016,Ath Madrid,Celta,H,2,1.4,4.5,8.5,1725.194218200288,1575.8473353679312,149.34688283235687,418.5,122.4,1.223632414435973,-1,-1,-1,-2,3,1,3.0,0.0
2017-02-12,2016,Las Palmas,Sevilla,A,0,3.3,3.6,2.1,1506.001292531397,1642.5832941677052,-136.58200163630818,32.2,270.1,-2.0999378805821767,-4,-5,-5,-4,0,2,1.0,2.0
2017-02-12,2016,Leganes,Sp Gijon,A,0,1.83,3.4,4.75,1451.8477506370052,1383.870348595722,67.97740204128331,53.15,10.0,1.593862700648629,0,0,0,0,-3,-4,0.0,3.0
2017-02-12,2016,Villarreal,Malaga,D,1,1.8,3.5,4.75,1601.9560876949054,1478.1064200155272,123.84966767937817,190.7,84.3,0.8097571955539653,3,3,4,4,0,-4,3.0,0.0
2017-02-13,2016,Eibar,Granada,H,2,1.55,4.2,6.0,1512.3606796964968,1415.0457432453848,97.31493645111209,56.6,71.5,-0.2300639941587832,0,0,0,0,1,-2,3.0,0.0
2017-02-17,2016,Granada,Betis,H,2,3.0,3.2,2.5,1407.7531727825597,1475.6043978207574,-67.85122503819775,71.5,84.2,-0.16141487197464155,-1,0,0,-2,-2,0,0.6666666666666666,1.6666666666666667
2017-02-18,2016,Real Madrid,Espanol,H,2,1.14,8.0,21.0,1848.5921396763943,1542.3980611766049,306.1940784997894,802.9,62.2,2.5431705821811033,9,11,8,11,3,1,3.0,0.0
2017-02-18,2016,La Coruna,Alaves,A,0,2.0,3.1,4.2,1455.5942959857905,1522.4229700279823,-66.82867404219178,61.75,85.4,-0.31982909779811663,0,0,0,0,-2,-1,1.0,1.0
2017-02-18,2016,Sevilla,Eibar,H,2,1.45,4.5,7.0,1656.0097328930742,1519.653250159322,136.35648273375227,270.1,56.6,1.5489651888027742,4,5,5,4,2,3,1.6666666666666667,0.6666666666666666
2017-02-18,2016,Sp Gijon,Ath Madrid,A,0,7.5,4.0,1.5,1405.6057169814087,1730.9621838879827,-325.35646690657404,10.0,418.5,-3.64116825310889,0,0,0,0,-2,3,1.0,2.0
2017-02-19,2016,Sociedad,Villarreal,A,0,1.95,3.3,4.2,1618.601059025662,1593.4388738865903,25.162185139071653,156.45,190.7,-0.19682370250456493,-2,-2,-3,-2,3,0,0.3333333333333333,2.3333333333333335
2017-02-19,2016,Valencia,Ath Bilbao,H,2,2.3,3.25,3.25,1479.3949035816242,1600.430416207418,-121.03551262579367,257.5,10.0,3.157000421150113,1,2,1,1,0,1,0.0,3.0
2017-02-19,2016,Barcelona,Leganes,H,2,1.07,11.0,41.0,1810.9066194706672,1430.1123822513184,380.7942372193488,765.3,53.15,2.6498157645293587,9,10,7,16,4,-3,3.0,0.0
2017-02-19,2016,Celta,Osasuna,H,2,1.57,4.2,5.5,1570.0793696802366,1362.9929493254697,207.08642035476691,122.4,42.9,1.033516791390162,1,1,1,2,1,-3,1.6666666666666667,0.6666666666666666
2017-02-20,2016,Malaga,Las Palmas,H,2,1.95,3.5,4.0,1486.6236338238423,1492.574853806028,-5.951219982185648,84.3,32.2,0.9436245785751902,1,1,0,0,-3,-2,1.3333333333333333,1.3333333333333333
2017-02-22,2016,Valencia,Real Madrid,H,2,6.0,4.33,1.53,1495.301971587914,1851.2322891984863,-355.9303176105723,257.5,802.9,-1.1345791893854313,-4,-6,-4,-7,0,3,0.6666666666666666,1.6666666666666667
2017-02-24,2016,Las Palmas,Sociedad,A,0,2.6,3.4,2.7,1481.538913163322,1598.419602141658,-116.88068897833614,32.2,156.45,-1.5565580716245906,-2,-2,-1,-2,-2,1,2.0,1.0
2017-02-25,2016,Alaves,Valencia,H,2,2.63,3.1,2.88,1538.8507556322156,1519.708512791031,19.142242841184725,85.4,257.5,-1.0959080181384735,-5,-5,-4,-4,1,0,0.0,3.0
2017-02-25,2016,Betis,Sevilla,A,0,3.8,3.4,2.05,1461.988424203747,1662.1341277267682,-200.1457035230212,84.2,270.1,-1.1574863226693495,-3,-5,-5,-2,-2,2,0.3333333333333333,2.3333333333333335
2017-02-25,2016,Eibar,Malaga,H,2,2.05,3.4,3.8,1513.528855325628,1497.6595744665483,15.869280859079709,56.6,84.3,-0.3926518867957878,-1,-1,0,0,1,-1,0.3333333333333333,2.3333333333333335
2017-02-25,2016,Leganes,La Coruna,H,2,2.4,3.1,3.2,1428.3394959684067,1439.1665103815571,-10.827014413150437,53.15,61.75,-0.1474006045648939,0,0,0,0,-4,-3,3.0,0.0
2017-02-26,2016,Sp Gijon,Celta,D,1,2.63,3.4,2.63,1399.1669018075222,1574.4541095302113,-175.28720772268912,10.0,122.4,-2.417535838672917,-1,-1,-1,-2,-2,1,0.0,3.0
2017-02-26,2016,Espanol,Osasuna,H,2,1.67,3.8,5.5,1539.7579116545128,1358.618209475495,181.13970217901783,62.2,42.9,0.3643899810716862,0,0,0,0,1,-4,1.3333333333333333,1.3333333333333333
2017-02-26,2016,Villarreal,Real Madrid,A,0,5.5,3.75,1.67,1613.6203307705941,1826.8257479953695,-213.20541722477537,190.7,802.9,-1.4335432332823164,-5,-7,-4,-7,1,3,1.3333333333333333,1.3333333333333333
2017-02-26,2016,Ath Bilbao,Granada,H,2,1.44,4.5,7.5,1584.523348201128,1421.3691463995701,163.15420180155797,10.0,71.5,-1.8856912890622581,4,3,3,3,0,-1,1.3333333333333333,1.3333333333333333
2017-02-26,2016,Ath Madrid,Barcelona,A,0,3.0,3.4,2.38,1737.4009990618692,1812.679505753579,-75.27850669170971,418.5,765.3,-0.6025102120690979,-9,-10,-7,-16,3,4,0.3333333333333333,2.3333333333333335
2017-02-28,2016,Sociedad,Eibar,D,1,1.85,3.5,4.5,1612.6913771522682,1523.7039416555606,88.98743549670758,156.45,56.6,1.0055853798451881,2,2,1,2,1,3,1.0,2.0
2017-02-28,2016,Malaga,Betis,A,0,1.95,3.5,4.0,1487.4844881366157,1451.1961704079677,36.28831772864805,84.3,84.2,0.0011730206623630224,0,1,0,-2,-1,-2,1.0,2.0
2017-02-28,2016,Valencia,Leganes,H,2,1.75,3.6,5.0,1509.6597249088327,1439.5719560574432,70.08776885138946,257.5,53.15,1.563137720501484,5,5,4,4,0,-3,3.0,0.0
2017-03-01,2016,Barcelona,Sp Gijon,H,2,1.05,15.0,41.0,1828.7450208173686,1402.3673738672799,426.3776469500888,765.3,10.0,4.243678465177988,9,10,7,16,4,-2,3.0,0.0
2017-03-01,2016,Celta,Espanol,D,1,1.91,3.4,4.33,1571.2536374704537,1544.7208044447912,26.532833025662512,122.4,62.2,0.6691268103184758,1,1,1,2,0,1,2.3333333333333335,0.3333333333333333
2017-03-01,2016,Granada,Alaves,H,2,2.63,3.2,2.8,1415.962456295428,1548.8995435144138,-132.93708721898588,71.5,85.4,-0.1754011139493814,0,0,0,0,-1,2,0.0,3.0
2017-03-01,2016,Osasuna,Villarreal,A,0,3.8,3.4,2.05,1353.6553166852166,1603.341882725549,-249.68656604033254,42.9,190.7,-1.474017329970473,-4,-4,-4,-4,-4,1,0.0,3.0
2017-03-01,2016,Real Madrid,Las Palmas,D,1,1.13,9.0,21.0,1837.1041960404145,1467.2671381527118,369.8370578877027,802.9,32.2,3.186925007411472,9,11,8,11,3,-3,2.3333333333333335,0.3333333333333333
2017-03-02,2016,La Coruna,Ath Madrid,D,1,5.5,3.75,1.65,1427.9340502925206,1721.3354839980796,-293.40143370555893,61.75,418.5,-1.899904947895367,0,0,0,0,-4,2,0.3333333333333333,2.3333333333333335
2017-03-02,2016,Sevilla,Ath Bilbao,H,2,1.67,3.8,5.25,1672.9263815225474,1589.9300383052703,82.99634321727717,270.1,10.0,3.204592483706249,0,2,2,1,2,1,1.0,2.0
2017-03-03,2016,Betis,Sociedad,A,0,2.6,3.2,2.88,1471.795894374258,1605.2517999252593,-133.45590555100125,84.2,156.45,-0.6141065137117634,-1,-2,-1,0,-1,2,1.0,2.0
2017-03-04,2016,Villarreal,Espanol,H,2,1.73,3.6,5.25,1612.2516297608934,1549.9543047972963,62.29732496359702,190.7,62.2,1.109627348898787,4,4,4,4,1,0,1.6666666666666667,0.6666666666666666
2017-03-04,2016,Leganes,Granada,H,2,1.8,3.4,5.0,1431.3798673031845,1432.3802199848503,-1.000352681665845,53.15,71.5,-0.29182858841362913,0,0,0,0,-3,1,3.0,0.0
2017-03-04,2016,Barcelona,Celta,H,2,1.13,8.5,23.0,1830.1275889430503,1566.0201371179485,264.10745182510186,765.3,122.4,1.8261426265050709,8,9,6,14,5,1,1.0,2.0
2017-03-04,2016,Eibar,Real Madrid,A,0,5.0,4.0,1.67,1531.1435188825694,1823.9852708662,-292.8417519836305,56.6,802.9,-2.6359523156320694,-9,-11,-8,-11,2,2,0.3333333333333333,2.3333333333333335
2017-03-05,2016,Las Palmas,Osasuna,H,2,1.57,4.0,6.0,1480.3860633269264,1344.7455696498723,135.6404936770541,32.2,42.9,-0.27936444415868245,0,0,0,0,-4,-5,1.0,1.0
2017-03-05,2016,Sp Gijon,La Coruna,A,0,2.6,3.2,2.88,1400.9848057415982,1435.5164104169894,-34.531604675391236,10.0,61.75,-1.741263305213523,0,0,0,0,-2,-4,1.3333333333333333,1.3333333333333333
2017-03-05,2016,Ath Bilbao,Malaga,H,2,1.75,3.6,5.0,1582.1729229281937,1466.8847641703253,115.28815875786836,10.0,84.3,-2.0482791816992627,3,2,3,3,-1,-2,1.3333333333333333,1.3333333333333333
2017-03-05,2016,Ath Madrid,Valencia,H,2,1.44,4.5,7.5,1713.7531238736108,1517.8518136630914,195.90131021051934,418.5,257.5,0.4841678319587768,-5,-5,-4,-4,2,2,3.0,0.0
2017-03-06,2016,Alaves,Sevilla,D,1,4.1,3.4,1.95,1532.4817798249915,1680.683496899624,-148.2017170746326,85.4,270.1,-1.1435000806946096,-4,-5,-5,-4,1,4,0.0,3.0
2017-03-08,2016,La Coruna,Betis,D,1,2.15,3.2,3.7,1453.309923104999,1458.2358539975958,-4.925930892596853,61.75,84.2,-0.3058428558233768,-1,0,0,-2,-2,-2,1.6666666666666667,0.6666666666666666
2017-03-10,2016,Espanol,Las Palmas,H,2,2.2,3.4,3.3,1541.4924581219022,1486.53057166175,54.9618864601523,62.2,32.2,0.6437544252303686,0,0,0,0,-2,-2,1.3333333333333333,1.3333333333333333
2017-03-11,2016,Malaga,Alaves,A,0,2.0,3.3,4.0,1460.148019463447,1534.5495655942739,-74.40154613082677,84.3,85.4,-0.012813221312376832,1,1,0,0,-2,0,1.0,1.0
2017-03-11,2016,Valencia,Sp Gijon,D,1,1.5,4.33,6.5,1513.2309463253398,1383.1912930535887,130.03965327175115,257.5,10.0,3.157000421150113,5,5,4,4,1,-2,2.0,1.0
2017-03-11,2016,Granada,Ath Madrid,A,0,7.5,4.0,1.5,1421.5423384040346,1718.3739912113624,-296.8316528073278,71.5,418.5,-1.7554769640466317,0,0,0,0,-1,2,0.0,3.0
2017-03-11,2016,Sevilla,Leganes,D,1,1.36,4.75,8.0,1678.6157111303417,1442.2177488840002,236.39796224634142,270.1,53.15,1.6107297830576202,4,5,5,4,4,-1,3.0,0.0
2017-03-12,2016,Celta,Villarreal,A,0,2.75,3.2,2.75,1562.7354659753607,1620.7134764362875,-57.978010460926726,122.4,190.7,-0.44050053858031113,-3,-3,-3,-2,-1,2,1.3333333333333333,1.3333333333333333
2017-03-12,2016,La Coruna,Barcelona,H,2,13.0,6.5,1.22,1449.3047221057245,1833.412260085638,-384.10753797991356,61.75,765.3,-2.502415159964465,-9,-10,-7,-16,-1,5,0.3333333333333333,2.3333333333333335
2017-03-12,2016,Real Madrid,Betis,H,2,1.13,9.0,21.0,1831.4209145363736,1462.2410549968702,369.17985953950347,802.9,84.2,2.2444734494986447,8,11,8,9,2,-2,2.3333333333333335,0.3333333333333333
2017-03-12,2016,Sociedad,Ath Bilbao,A,0,2.1,3.3,3.5,1618.8118403019216,1588.9096676350719,29.902172666849765,156.45,10.0,2.661212674748663,-2,-1,-2,-1,2,1,1.3333333333333333,1.3333333333333333
2017-03-13,2016,Osasuna,Eibar,D,1,3.6,3.4,2.1,1338.6010613150488,1523.7078752123957,-185.1068138973469,42.9,56.6,-0.27160824762072,0,0,0,0,-5,0,3.0,0.0
2017-03-17,2016,Las Palmas,Villarreal,H,2,2.55,3.4,2.75,1477.8098535073643,1637.518916411478,-159.70906290411358,32.2,190.7,-1.7533817741291555,-4,-4,-4,-4,-2,3,1.3333333333333333,1.3333333333333333
2017-03-18,2016,Eibar,Espanol,D,1,1.91,3.5,4.2,1520.105288599441,1550.2131762762879,-30.107887676846758,56.6,62.2,-0.09278173345096619,0,0,0,0,-1,0,1.3333333333333333,1.3333333333333333
2017-03-18,2016,Betis,Osasuna,H,2,1.44,4.33,8.0,1460.3532989745468,1342.2036479280034,118.14965104654334,84.2,42.9,0.6630871137541448,1,0,0,2,-2,-4,1.0,2.0
2017-03-18,2016,Ath Bilbao,Real Madrid,A,0,5.0,4.0,1.67,1609.2704915123434,1833.308670558697,-224.03817904635366,10.0,802.9,-4.291579610535544,-5,-8,-5,-8,1,2,0.0,3.0
2017-03-18,2016,Alaves,Sociedad,H,2,2.55,3.2,2.9,1550.6527442118706,1598.45101642465,-47.798272212779466,85.4,156.45,-0.6001202717370235,-2,-2,-1,-2,2,0,0.0,3.0
2017-03-19,2016,Barcelona,Valencia,H,2,1.13,9.5,19.0,1808.3047958382726,1504.5344843262178,303.77031151205483,765.3,257.5,1.0866780440278747,4,5,3,12,3,0,1.3333333333333333,1.3333333333333333
2017-03-19,2016,Sp Gijon,Granada,H,2,2.0,3.5,3.8,1391.8877550527106,1414.234400718476,-22.346645665765436,10.0,71.5,-1.8856912890622581,0,0,0,0,-3,-1,0.6666666666666666,1.6666666666666667
2017-03-19,2016,Leganes,Malaga,D,1,2.4,3.0,3.3,1453.4366382459903,1444.0448408458503,9.391797400139922,53.15,84.3,-0.4544164810506337,-1,-1,0,0,0,-3,0.0,3.0
2017-03-19,2016,Ath Madrid,Sevilla,H,2,1.67,3.8,5.25,1725.681928896921,1667.3968217683516,58.28510712856928,418.5,270.1,0.43657576940264065,-4,-5,-5,-4,2,3,1.3333333333333333,1.3333333333333333
2017-03-19,2016,La Coruna,Celta,A,0,2.2,3.3,3.4,1474.41218635309,1545.9300260001703,-71.51783964708034,61.75,122.4,-0.676272533459394,-1,-1,-1,-2,1,-1,1.3333333333333333,1.3333333333333333
2017-03-31,2016,Espanol,Betis,H,2,2.3,3.2,3.3,1553.1906060905637,1467.0043849095202,86.18622118104349,62.2,84.2,-0.29869713268245857,-1,0,0,-2,1,0,2.0,1.0
2017-04-01,2016,Sociedad,Leganes,D,1,1.75,3.4,5.5,1585.6879388717082,1448.863928492788,136.8240103789201,156.45,53.15,1.067349974100034,2,2,1,2,0,1,3.0,0.0
2017-04-01,2016,Villarreal,Eibar,A,0,1.85,3.6,4.33,1619.9661512808873,1517.1278587851652,102.83829249572204,190.7,56.6,1.202409082349753,4,4,4,4,1,0,1.3333333333333333,1.3333333333333333
2017-04-01,2016,Malaga,Ath Madrid,A,0,5.25,3.5,1.75,1448.6175505990525,1734.284790380762,-285.66723978170944,84.3,418.5,-1.592889071409627,1,1,0,0,-4,2,1.0,2.0
2017-04-01,2016,Osasuna,Ath Bilbao,A,0,6.0,4.0,1.57,1335.55256199303,1599.4091638667933,-263.85660187376334,42.9,10.0,1.384019047282755,-4,-3,-3,-3,-4,1,0.3333333333333333,2.3333333333333335
2017-04-02,2016,Sevilla,Sp Gijon,D,1,1.33,5.5,8.5,1658.7939602845106,1403.5899217595652,255.20403852494542,270.1,10.0,3.204592483706249,4,5,5,4,1,-1,1.3333333333333333,1.3333333333333333
2017-04-02,2016,Granada,Barcelona,A,0,13.0,7.5,1.2,1402.5322340116215,1810.9787334873968,-408.4464994757752,71.5,765.3,-2.3579871761157296,-9,-10,-7,-16,-3,3,0.0,3.0
2017-04-02,2016,Real Madrid,Alaves,H,2,1.11,10.0,19.0,1843.1699982042471,1563.4158217648126,279.75417643943456,802.9,85.4,2.230487207523905,9,11,8,11,4,2,3.0,0.0
2017-04-02,2016,Valencia,La Coruna,H,2,1.85,3.4,4.75,1501.8605466770937,1458.1852599052243,43.67528677186942,257.5,61.75,1.4157371159365901,5,5,4,4,-2,1,1.0,1.0
2017-04-03,2016,Celta,Las Palmas,H,2,1.95,3.5,3.8,1562.156952448036,1495.362618637955,66.79433381008107,122.4,32.2,1.3128812355488444,1,1,1,2,-1,0,0.6666666666666666,1.6666666666666667
2017-04-04,2016,Ath Bilbao,Espanol,H,2,1.5,4.2,7.0,1607.8165878952668,1560.8425817875907,46.97400610767613,10.0,62.2,-1.7484090283544411,4,3,3,3,1,1,1.3333333333333333,1.3333333333333333
2017-04-04,2016,Ath Madrid,Sociedad,H,2,1.36,4.75,9.5,1741.9538079198505,1576.7992264010195,165.15458151883104,418.5,156.45,0.9799555783602267,-2,-2,-1,-2,4,-1,2.0,1.0
2017-04-04,2016,Betis,Villarreal,A,0,2.75,3.2,2.7,1459.3524092124933,1597.0846546648095,-137.7322454523162,84.2,190.7,-0.8109302162163283,-3,-4,-4,-2,-2,1,0.6666666666666666,1.6666666666666667
2017-04-05,2016,La Coruna,Granada,D,1,1.55,4.0,6.5,1449.0572567210488,1398.1866693937477,50.87058732730111,61.75,71.5,-0.14442798384873523,0,0,0,0,0,-3,0.6666666666666666,1.6666666666666667
2017-04-05,2016,Alaves,Osasuna,A,0,1.44,4.5,7.0,1560.3854900959523,1327.1451379645564,233.24035213139587,85.4,42.9,0.6770733557288846,0,0,0,0,0,-4,3.0,0.0
2017-04-05,2016,Sp Gijon,Malaga,A,0,2.8,3.25,2.6,1415.1523086159593,1440.948533059964,-25.796224444004565,10.0,84.3,-2.0482791816992627,-1,-1,0,0,-1,-4,1.0,2.0
2017-04-05,2016,Barcelona,Sevilla,H,2,1.22,7.0,11.0,1815.3242981052706,1647.2315734281165,168.09272467715414,765.3,270.1,1.0390859814717386,5,5,2,12,3,0,2.0,1.0
2017-04-05,2016,Leganes,Real Madrid,A,0,8.0,5.25,1.33,1457.7526409634768,1846.2003298731074,-388.44768890963064,53.15,802.9,-2.6977169098869154,-9,-11,-8,-11,0,4,0.0,3.0
2017-04-06,2016,Eibar,Las Palmas,H,2,1.85,3.75,4.2,1540.009355401243,1487.0571459076245,52.95220949361851,56.6,32.2,0.5509726917794024,0,0,0,0,0,0,1.0,2.0
2017-04-06,2016,Valencia,Celta,H,2,2.0,3.5,3.75,1510.9885498612691,1570.4624251783664,-59.47387531709728,257.5,122.4,0.7394645824771962,4,4,3,2,0,0,1.0,2.0
2017-04-07,2016,Villarreal,Ath Bilbao,H,2,2.15,3.2,3.6,1610.461997105257,1616.8244489265112,-6.362451821254126,190.7,10.0,2.858036377253228,0,1,1,1,1,3,1.3333333333333333,1.3333333333333333
2017-04-08,2016,Espanol,Alaves,H,2,2.1,3.1,3.8,1551.8347207563463,1534.2270758536777,17.607644902668653,62.2,85.4,-0.3126833746571984,0,0,0,0,0,0,3.0,0.0
2017-04-08,2016,Malaga,Barcelona,H,2,8.0,5.25,1.36,1459.1043294472067,1820.6061289481916,-361.5017995009848,84.3,765.3,-2.195399283478725,-8,-9,-7,-16,-2,3,0.3333333333333333,2.3333333333333335
2017-04-08,2016,Real Madrid,Ath Madrid,D,1,1.8,3.8,4.33,1850.991424660062,1747.3096476311432,103.68177702891876,802.9,418.5,0.6504113574266546,9,11,8,11,5,5,1.3333333333333333,1.3333333333333333
2017-04-08,2016,Sevilla,La Coruna,H,2,1.5,4.33,6.5,1641.9497425851955,1442.9243714394065,199.025371145789,270.1,61.75,1.4633291784927263,4,5,5,4,-2,-1,1.6666666666666667,0.6666666666666666
2017-04-09,2016,Las Palmas,Betis,H,2,2.1,3.5,3.5,1478.2646949263944,1445.9750667720457,32.28962815434875,32.2,84.2,-0.9424515579128272,-1,0,0,-2,-1,-2,1.0,2.0
2017-04-09,2016,Celta,Eibar,A,0,2.25,3.4,3.25,1557.204186476367,1548.8018063824732,8.402380093893953,122.4,56.6,0.761908543769442,1,1,1,2,-1,1,1.3333333333333333,1.3333333333333333
2017-04-09,2016,Granada,Valencia,A,0,3.5,3.4,2.1,1404.31955467539,1524.2467885632684,-119.9272338878784,71.5,257.5,-1.271309132087855,-5,-5,-4,-4,-4,0,0.3333333333333333,2.3333333333333335
2017-04-09,2016,Osasuna,Leganes,H,2,3.8,3.3,2.05,1353.303552206831,1452.9615461765222,-99.65799396969123,42.9,53.15,-0.20984365336587407,0,0,0,0,-2,0,0.0,3.0
2017-04-10,2016,Sociedad,Sp Gijon,H,2,1.44,4.75,7.0,1571.4433866897268,1396.9965122287165,174.44687446101034,156.45,10.0,2.661212674748663,2,2,1,2,-2,-1,1.3333333333333333,1.3333333333333333
2017-04-14,2016,Ath Bilbao,Las Palmas,H,2,1.44,4.5,7.5,1605.771988760897,1487.8141833429872,117.95780541790987,10.0,32.2,-1.1046546031240725,4,3,3,3,1,-1,0.6666666666666666,1.6666666666666667
2017-04-15,2016,Ath Madrid,Osasuna,H,2,1.14,8.0,15.0,1755.2174729945368,1368.288786624342,386.9286863701948,418.5,42.9,2.257149205826135,0,0,0,0,4,0,2.0,1.0
2017-04-15,2016,Barcelona,Sociedad,H,2,1.17,6.5,17.0,1796.0551071766931,1576.5679173651522,219.48718981154093,765.3,156.45,1.5824657904293247,7,8,6,14,1,-2,1.3333333333333333,1.3333333333333333
2017-04-15,2016,Sp Gijon,Real Madrid,A,0,6.5,5.0,1.4,1391.871981553291,1843.0835992966684,-451.21161774337725,10.0,802.9,-4.291579610535544,-9,-11,-8,-11,-1,4,0.3333333333333333,2.3333333333333335
2017-04-15,2016,La Coruna,Malaga,H,2,2.25,3.2,3.25,1438.3733673649488,1483.6553512187052,-45.2819838537564,61.75,84.3,-0.3070158764857398,-1,-1,0,0,-2,0,0.3333333333333333,2.3333333333333335
2017-04-16,2016,Leganes,Espanol,A,0,2.0,3.2,4.0,1437.9763117590112,1561.942629782435,-123.96631802342381,53.15,62.2,-0.15454632770581211,0,0,0,0,-2,2,0.0,3.0
2017-04-16,2016,Valencia,Sevilla,D,1,2.55,3.2,2.75,1538.3874028625494,1646.5007466596533,-108.11334379710388,257.5,270.1,-0.04759206255613613,1,0,-1,0,2,-1,1.0,2.0
2017-04-16,2016,Betis,Eibar,H,2,2.7,3.2,2.63,1436.425578355453,1568.335735727242,-131.91015737178918,84.2,56.6,0.39147886613342475,1,0,0,2,-3,3,0.3333333333333333,2.3333333333333335
2017-04-16,2016,Granada,Celta,A,0,2.8,3.3,2.45,1390.178940376109,1537.6702571315982,-147.49131675548915,71.5,122.4,-0.5318445496106587,-1,-1,-1,-2,-4,-1,0.0,3.0
2017-04-17,2016,Alaves,Villarreal,H,2,3.0,3.0,2.55,1524.119166827589,1621.5144572708712,-97.39529044328219,85.4,190.7,-0.7969439742415885,-4,-4,-4,-4,-1,1,3.0,0.0
2017-04-21,2016,Sevilla,Granada,H,2,1.17,8.0,15.0,1646.150529108483,1377.2166300961487,268.9338990123342,270.1,71.5,1.318901194643991,4,5,5,4,-1,-4,0.0,3.0
2017-04-22,2016,Espanol,Ath Madrid,A,0,5.0,3.6,1.75,1575.9095587012732,1756.9323625784982,-181.022803877225,62.2,418.5,-1.8927592247544487,0,0,0,0,2,4,0.3333333333333333,2.3333333333333335
2017-04-22,2016,Malaga,Valencia,H,2,2.2,3.4,3.3,1470.9983781144463,1538.7376204137197,-67.73924229927343,84.3,257.5,-1.1087212394508503,-4,-4,-4,-4,0,2,0.3333333333333333,2.3333333333333335
2017-04-22,2016,Osasuna,Sp Gijon,D,1,2.5,3.4,2.8,1366.5738970403806,1388.3637952556226,-21.78989821524192,42.9,10.0,1.384019047282755,0,0,0,0,-1,-2,1.3333333333333333,1.3333333333333333
2017-04-22,2016,Villarreal,Leganes,H,2,1.67,3.6,5.75,1606.6269095153016,1424.009382840173,182.6175266751286,190.7,53.15,1.264173676604599,4,4,4,4,-1,-3,1.0,1.0
2017-04-23,2016,Celta,Betis,A,0,2.05,3.4,3.75,1550.6325674115585,1452.799389848512,97.83317756304655,122.4,84.2,0.3704296776360172,0,1,1,0,1,-1,1.0,1.0
2017-04-23,2016,Las Palmas,Alaves,D,1,2.0,3.5,3.8,1481.157378948535,1539.0067145831586,-57.84933563462346,32.2,85.4,-0.956437799887567,0,0,0,0,-1,-1,1.0,1.0
2017-04-23,2016,Real Madrid,Barcelona,A,0,2.05,4.0,3.2,1846.591785594337,1800.1697830731018,46.42200252123507,802.9,765.3,0.04790114535755663,0,1,1,-5,4,3,1.3333333333333333,1.3333333333333333
2017-04-23,2016,Sociedad,La Coruna,H,2,1.57,4.0,6.0,1572.4532414687435,1451.0303404692077,121.42290099953584,156.45,61.75,0.9199493695351402,2,2,1,2,-2,-2,0.6666666666666666,1.6666666666666667
2017-04-24,2016,Eibar,Ath Bilbao,A,0,2.6,3.3,2.75,1551.961924234183,1612.4287931553492,-60.466868921166224,56.6,10.0,1.655627294903475,-4,-3,-3,-3,2,1,1.0,2.0
2017-04-25,2016,Ath Madrid,Villarreal,A,0,1.4,4.1,9.0,1768.4963888703169,1611.554667350707,156.94172151960993,418.5,190.7,0.7831318758556618,-4,-4,-4,-4,4,1,0.3333333333333333,2.3333333333333335
2017-04-25,2016,Granada,Malaga,A,0,3.9,3.5,1.95,1374.0123486173177,1484.6095583505953,-110.59720973327762,71.5,84.3,-0.16258789263700457,-1,-1,0,0,-4,1,1.0,1.0
2017-04-25,2016,Sp Gijon,Espanol,D,1,2.05,3.4,3.6,1391.6844953426532,1564.3455324094546,-172.66103706680133,10.0,62.2,-1.7484090283544411,0,0,0,0,-3,1,1.0,2.0
2017-04-26,2016,Barcelona,Osasuna,H,2,1.02,17.0,34.0,1821.1418805487206,1363.25319695335,457.8886835953706,765.3,42.9,2.859659417895233,9,10,7,16,3,0,2.3333333333333335,0.3333333333333333
2017-04-26,2016,La Coruna,Real Madrid,A,0,8.0,4.75,1.4,1444.4762806592287,1825.6196881187182,-381.1434074594895,61.75,802.9,-2.5503163053220215,-9,-11,-8,-11,-2,2,0.0,3.0
2017-04-26,2016,Leganes,Las Palmas,H,2,1.73,3.6,4.75,1419.0816250047676,1479.3464643599643,-60.26483935519673,53.15,32.2,0.4892080975245565,0,0,0,0,-4,-2,1.0,1.0
2017-04-26,2016,Valencia,Sociedad,A,0,2.6,3.4,2.7,1525.1264401775707,1579.0073012787225,-53.88086110115182,257.5,156.45,0.49578774640144996,3,3,3,2,2,0,0.0,3.0
2017-04-27,2016,Alaves,Eibar,D,1,2.75,3.2,2.7,1540.8176291717293,1535.262469801117,5.555159370612273,85.4,56.6,0.4054651081081646,0,0,0,0,-2,1,1.0,1.0
2017-04-27,2016,Ath Bilbao,Betis,H,2,1.4,4.5,9.0,1629.1282475884152,1475.5232737785093,153.6049738099059,10.0,84.2,-2.0471061610368997,3,3,3,1,3,-1,2.0,1.0
2017-04-27,2016,Sevilla,Celta,H,2,1.33,5.5,8.0,1649.354810587314,1527.9086834815612,121.4461271057528,270.1,122.4,0.7870566450333323,3,4,4,2,1,-1,1.3333333333333333,1.3333333333333333
2017-04-28,2016,Villarreal,Sp Gijon,H,2,1.4,4.75,8.0,1635.9876540933465,1394.7765753676968,241.2110787256497,190.7,10.0,2.858036377253228,4,4,4,4,3,-3,2.0,1.0
2017-04-29,2016,Sociedad,Granada,H,2,1.17,7.5,17.0,1595.9868116605965,1359.4697251116606,236.51708654893582,156.45,71.5,0.7755213856864049,2,2,1,2,1,-4,3.0,0.0
2017-04-29,2016,Real Madrid,Valencia,H,2,1.17,9.0,13.0,1830.582492566133,1508.1469297956967,322.43556277043626,802.9,257.5,1.1345791893854313,4,6,4,7,2,0,1.3333333333333333,1.3333333333333333
2017-04-29,2016,Espanol,Barcelona,A,0,15.0,7.5,1.18,1561.253452384411,1822.3039764881187,-261.05052410370763,62.2,765.3,-2.4952694368235466,-9,-10,-7,-16,0,3,0.3333333333333333,2.3333333333333335
2017-04-29,2016,Las Palmas,Ath Madrid,A,0,5.25,3.6,1.73,1466.054528580919,1744.0634021276774,-278.0088735467584,32.2,418.5,-2.5365136499848173,0,0,0,0,-2,2,0.0,3.0
2017-04-30,2016,Eibar,Leganes,H,2,2.1,3.3,3.75,1539.6844305582438,1432.373560783813,107.31086977443078,56.6,53.15,0.06176459425484593,0,0,0,0,0,-3,1.0,1.0
2017-04-30,2016,Osasuna,La Coruna,D,1,3.9,3.6,1.95,1362.0911010139519,1439.513476211814,-77.42237519786204,42.9,61.75,-0.35724425793076797,0,0,0,0,0,-2,1.0,2.0
2017-04-30,2016,Betis,Alaves,A,0,2.1,3.2,3.8,1469.868646400556,1536.3956684146026,-66.52702201404668,84.2,85.4,-0.013986241974739855,1,0,0,2,-1,-1,0.0,3.0
2017-04-30,2016,Celta,Ath Bilbao,A,0,4.5,3.7,1.8,1521.355308485465,1634.7828749663686,-113.42756648090358,122.4,10.0,2.417535838672917,-3,-2,-2,-1,-3,3,0.0,3.0
2017-05-01,2016,Malaga,Sevilla,H,2,4.0,3.6,1.91,1499.1521818562524,1655.9081855834102,-156.7560037271578,84.3,270.1,-1.1563133020069865,-3,-4,-5,-4,3,2,0.3333333333333333,2.3333333333333335
2017-05-05,2016,Sevilla,Sociedad,D,1,1.62,4.0,5.5,1638.4793980473805,1599.765656834858,38.713741212522564,270.1,156.45,0.5433798089575861,2,3,4,2,2,3,1.0,2.0
2017-05-06,2016,Sp Gijon,Las Palmas,H,2,1.5,4.75,5.5,1391.0860776919371,1458.1311497418515,-67.04507204991432,10.0,32.2,-1.1046546031240725,0,0,0,0,-3,-2,1.3333333333333333,1.3333333333333333
2017-05-06,2016,Granada,Real Madrid,A,0,21.0,9.0,1.13,1355.6908799373991,1833.0060295699407,-477.31514963254153,71.5,802.9,-2.4058883214732862,-9,-11,-8,-11,-5,2,0.0,3.0
2017-05-06,2016,Ath Madrid,Eibar,H,2,1.3,5.25,11.0,1751.9867809667448,1546.6640941577114,205.32268680903348,418.5,56.6,1.9855409582054149,0,0,0,0,2,0,3.0,0.0
2017-05-06,2016,Barcelona,Villarreal,H,2,1.14,8.5,17.0,1830.809493157403,1639.678151769106,191.13134138829696,765.3,190.7,1.3856420879247597,5,6,3,12,3,3,1.6666666666666667,0.6666666666666666
2017-05-07,2016,Valencia,Osasuna,H,2,1.22,6.5,13.0,1505.723392791889,1361.1177163697132,144.60567642217575,257.5,42.9,1.772981373867358,5,5,4,4,-2,-1,1.6666666666666667,0.6666666666666666
2017-05-07,2016,Malaga,Celta,H,2,1.4,4.5,7.5,1516.580969392282,1506.9347346746806,9.646234717601374,84.3,122.4,-0.3692566569736542,0,0,-1,-2,3,-3,1.0,2.0
2017-05-07,2016,Alaves,Ath Bilbao,H,2,4.75,3.5,1.8,1552.8363583182477,1649.203448777153,-96.3670904589053,85.4,10.0,2.0610924030116395,-4,-3,-3,-3,1,3,1.0,1.0
2017-05-07,2016,La Coruna,Espanol,A,0,2.0,3.4,4.0,1440.4868608560525,1552.7479357151267,-112.26107485907414,61.75,62.2,-0.007145723140918214,0,0,0,0,-2,0,1.3333333333333333,1.3333333333333333
2017-05-08,2016,Leganes,Betis,H,2,1.65,3.8,5.75,1425.3938971843454,1453.4279564969108,-28.034059312565432,53.15,84.2,-0.4532434603882707,-1,0,0,-2,-3,-1,0.0,3.0
2017-05-13,2016,Osasuna,Granada,H,2,1.8,3.8,4.33,1355.2215259944958,1352.6220847230884,2.599441271407386,42.9,71.5,-0.5016722417795032,0,0,0,0,-3,-5,0.6666666666666666,1.6666666666666667
2017-05-13,2016,Espanol,Valencia,A,0,2.4,3.3,3.0,1567.2188022040139,1511.6195831671064,55.59921903690747,62.2,257.5,-1.408591392795672,-5,-5,-4,-4,0,-2,1.0,2.0
2017-05-14,2016,Alaves,Celta,H,2,1.8,3.4,5.0,1567.6795187213645,1496.5174062927606,71.1621124286039,85.4,122.4,-0.35644343566127734,-1,-1,-1,-2,3,-3,0.0,3.0
2017-05-14,2016,Ath Bilbao,Leganes,D,1,1.44,4.2,8.5,1634.3602883740361,1437.3305634915962,197.02972488243995,10.0,53.15,-1.593862700648629,4,3,3,3,3,-1,1.0,1.0
2017-05-14,2016,Betis,Ath Madrid,D,1,7.0,3.75,1.57,1441.49129018966,1756.3995965855047,-314.90830639584465,84.2,418.5,-1.5940620920719901,1,0,0,2,-1,3,0.0,3.0
2017-05-14,2016,Eibar,Sp Gijon,A,0,2.0,3.75,3.5,1542.2512785389515,1404.6675506409938,137.58372789795771,56.6,10.0,1.655627294903475,0,0,0,0,-2,-1,2.0,1.0
2017-05-14,2016,Villarreal,La Coruna,D,1,1.5,4.33,6.5,1634.9489246519743,1426.0159943671654,208.9329302848089,190.7,61.75,1.116773072039705,4,4,4,4,1,-2,1.3333333333333333,1.3333333333333333
2017-05-14,2016,Real Madrid,Sevilla,H,2,1.17,8.0,15.0,1836.0748247842514,1632.7897891984537,203.2850355857977,802.9,270.1,1.0869871268292952,5,6,3,7,3,1,1.0,2.0
2017-05-14,2016,Las Palmas,Barcelona,A,0,26.0,11.0,1.08,1444.5496767927948,1835.5387202745349,-390.98904348174005,32.2,765.3,-3.1390238620539153,-9,-10,-7,-16,-4,5,0.0,3.0
2017-05-14,2016,Sociedad,Malaga,D,1,1.53,4.1,6.5,1605.4552656837848,1526.998297774202,78.45696790958277,156.45,84.3,0.6129334930494004,1,1,1,2,2,3,1.3333333333333333,1.3333333333333333
2017-05-17,2016,Celta,Real Madrid,A,0,13.0,7.0,1.2,1488.362094504343,1840.531970537897,-352.1698760335539,122.4,802.9,-1.8740437718626275,-8,-10,-7,-9,-5,3,0.0,3.0
2017-05-19,2016,Granada,Espanol,A,0,4.5,4.0,1.73,1341.9272366332361,1545.916843863851,-203.98960723061487,71.5,62.2,0.13728226070781702,0,0,0,0,-5,-2,0.6666666666666666,1.6666666666666667
2017-05-20,2016,Sevilla,Osasuna,H,2,1.14,9.0,17.0,1628.3326434448081,1365.916374084348,262.4162693604601,270.1,42.9,1.8205734364234942,4,5,5,4,0,-1,3.0,0.0
2017-05-20,2016,Sp Gijon,Betis,D,1,2.5,3.4,2.8,1428.5775175178162,1449.7431158750844,-21.16559835726821,10.0,84.2,-2.0471061610368997,-1,0,0,-2,1,-2,0.6666666666666666,1.6666666666666667
2017-05-20,2016,La Coruna,Las Palmas,H,2,1.73,4.0,4.5,1436.6808249345547,1439.81718557582,-3.1363606412653553,61.75,32.2,0.6366087020894504,0,0,0,0,-3,-4,1.3333333333333333,1.3333333333333333
2017-05-20,2016,Leganes,Alaves,D,1,2.1,3.25,3.75,1447.7350315102167,1575.834830509782,-128.09979899956534,53.15,85.4,-0.46722970236301054,0,0,0,0,0,3,1.0,1.0
2017-05-21,2016,Barcelona,Eibar,H,2,1.05,15.0,34.0,1840.2712114915096,1518.341311662129,321.9298998293805,765.3,56.6,2.588051170274513,9,10,7,16,5,-2,3.0,0.0
2017-05-21,2016,Valencia,Villarreal,A,0,3.1,3.4,2.3,1532.9215415072692,1624.284094084585,-91.36255257731568,257.5,190.7,0.298964043896885,1,1,0,0,-1,2,1.0,2.0
2017-05-21,2016,Malaga,Real Madrid,A,0,11.0,7.0,1.22,1534.0899497504847,1846.2246039840277,-312.13465423354296,84.3,802.9,-2.2433004288362817,-8,-10,-8,-11,4,5,0.6666666666666666,1.6666666666666667
2017-05-21,2016,Ath Madrid,Ath Bilbao,H,2,2.0,3.5,3.8,1748.1477709000803,1623.9558203554157,124.19195054466468,418.5,10.0,3.64116825310889,-4,-3,-3,-3,2,2,2.3333333333333335,0.3333333333333333
2017-05-21,2016,Celta,Sociedad,D,1,4.75,3.75,1.75,1482.6694610582124,1598.363613707502,-115.69415264928966,122.4,156.45,-0.2436768360757462,-1,-1,0,0,-5,3,2.0,1.0
2017-08-18,2017,Valencia,Las Palmas,H,2,1.75,3.8,4.5,1517.5487097319776,1428.8940408707977,88.65466886117997,398.05,91.25,1.4645844394013814,1,0,3,1,-1,-5,0.0,3.0
2017-08-18,2017,Leganes,Alaves,H,2,2.05,3.2,4.1,1448.9455590667637,1574.624302953235,-125.67874388647124,53.15,85.4,-0.46722970236301054,0,0,0,0,1,3,1.0,1.0
2017-08-19,2017,Girona,Ath Madrid,D,1,8.0,4.33,1.45,1500.0,1754.6205496250652,-254.62054962506522,81.75,515.8,-1.83183193821122,0,0,0,0,0,2,1.5,1.5
2017-08-19,2017,Sevilla,Espanol,D,1,1.62,4.0,5.5,1631.6458989225737,1556.556681127506,75.08921779506773,253.2,97.8,0.9450237540015314,4,4,4,2,0,0,1.0,2.0
2017-08-19,2017,Celta,Sociedad,A,0,2.38,3.25,3.2,1483.346571619163,1597.6865031465516,-114.33993152738867,173.05,232.95,-0.2957648030547775,0,1,2,0,-4,2,1.3333333333333333,1.3333333333333333
2017-08-20,2017,La Coruna,Real Madrid,A,0,9.5,5.75,1.3,1447.6039696395771,1853.0566532017174,-405.45268356214024,94.0,955.35,-2.3092470632360023,-11,-11,-11,-13,-1,5,0.0,3.0
2017-08-20,2017,Barcelona,Betis,H,2,1.17,8.0,15.0,1842.7012410222071,1453.0894379819265,389.6118030402806,1090.0,84.2,2.5498485519978003,9,10,8,15,5,-3,2.3333333333333335,0.3333333333333333
2017-08-20,2017,Ath Bilbao,Getafe,D,1,1.5,4.0,7.5,1617.4830416304308,1418.3966797252117,199.08636190521906,10.0,65.6,-1.8008093047479727,4,6,4,5,0,1,3.0,0.0
2017-08-21,2017,Levante,Villarreal,H,2,3.25,3.25,2.3,1413.5460525068254,1639.6569258598765,-226.11087335305115,61.85,220.0,-1.2574117664814963,-5,-6,-4,-4,-2,2,1.0,2.0
2017-08-21,2017,Malaga,Eibar,A,0,2.1,3.3,3.7,1527.257900532795,1515.9112821314316,11.346618401363457,55.2,67.95,-0.20446484733966486,2,2,1,2,2,-2,2.0,1.0
2017-08-25,2017,Betis,Celta,H,2,2.2,3.4,3.4,1451.399351107102,1468.9653249182213,-17.56597381111942,84.2,173.05,-0.7143411804221778,-2,-4,-3,-2,-3,-4,1.6666666666666667,0.6666666666666666
2017-08-25,2017,Sociedad,Villarreal,H,2,2.05,3.4,3.75,1612.0677498474931,1619.4394321114157,-7.371682263922594,232.95,220.0,0.05694471579447313,-2,-3,-3,0,2,0,0.3333333333333333,2.3333333333333335
2017-08-26,2017,Levante,La Coruna,D,1,2.2,3.1,3.6,1433.7635462552862,1443.1939697477271,-9.430423492440923,61.85,94.0,-0.41312595656428464,0,0,0,0,0,-1,0.3333333333333333,2.3333333333333335
2017-08-26,2017,Alaves,Barcelona,A,0,10.0,5.75,1.29,1558.517676745014,1844.3913278970317,-285.8736511520178,85.4,1090.0,-2.5358623100230604,-10,-10,-8,-17,2,5,1.5,1.5
2017-08-26,2017,Girona,Malaga,H,2,2.15,3.25,3.6,1506.2671226365135,1507.6087693745856,-1.341646738072086,81.75,55.2,0.3869072573575263,-2,-2,-1,-2,0,0,1.5,1.5
2017-08-26,2017,Las Palmas,Ath Madrid,A,0,4.75,3.75,1.75,1421.322780296365,1748.3534269885517,-327.0306466921868,91.25,515.8,-1.7231536695477558,2,4,1,2,-5,3,0.0,3.0
2017-08-27,2017,Real Madrid,Valencia,D,1,1.17,8.0,15.0,1857.4666530935674,1525.1199703064103,332.3466827871571,955.35,398.05,0.8740372325145254,8,7,7,10,5,1,2.0,1.0
2017-08-27,2017,Getafe,Sevilla,A,0,3.6,3.3,2.15,1428.8470309127224,1624.6676616653067,-195.8206307525843,65.6,253.2,-1.3394167812090103,-6,-6,-5,-5,0,-1,1.3333333333333333,1.3333333333333333
2017-08-27,2017,Eibar,Ath Bilbao,A,0,2.5,3.1,3.1,1535.560413289641,1607.03269044292,-71.47227715327904,67.95,10.0,1.83548633144094,-4,-6,-4,-5,-1,-1,0.0,3.0
2017-08-27,2017,Espanol,Leganes,A,0,1.95,3.25,4.33,1563.534918384773,1465.0521852749848,98.48273310978811,97.8,53.15,0.6013396313068227,2,2,1,3,0,1,3.0,0.0
2017-09-08,2017,Leganes,Getafe,A,0,2.05,3.25,4.0,1487.7966572222424,1417.8821483652303,69.91450885701215,53.15,65.6,-0.20694660409934373,0,0,0,0,3,-1,1.5,1.5
2017-09-09,2017,Sevilla,Eibar,H,2,1.57,4.0,6.0,1635.6325442127988,1519.3315329324635,116.30101128033539,253.2,67.95,1.304739754516043,6,6,5,5,1,-3,2.3333333333333335,0.3333333333333333
2017-09-09,2017,Barcelona,Espanol,H,2,1.17,8.0,17.0,1852.0535645025705,1540.7904464375154,311.2631180650551,1090.0,97.8,2.4017523810792483,8,8,7,14,5,0,3.0,0.0
2017-09-09,2017,Real Madrid,Levante,D,1,1.05,15.0,34.0,1844.7660919206928,1429.9395717642674,414.82652015642543,955.35,61.85,2.722373019800287,11,11,11,13,4,0,3.0,0.0
2017-09-09,2017,Valencia,Ath Madrid,D,1,3.6,3.2,2.2,1537.820531479285,1754.7436413538032,-216.92310987451833,398.05,515.8,-0.25856923014637445,3,4,4,3,2,3,0.0,3.0
2017-09-10,2017,Villarreal,Betis,H,2,1.85,3.6,4.33,1608.346386765974,1462.9057009183125,145.4406858476616,220.0,84.2,0.9531612676824821,4,6,4,2,-2,-1,2.3333333333333335,0.3333333333333333
2017-09-10,2017,La Coruna,Sociedad,A,0,2.75,3.3,2.6,1447.017944238746,1623.1607951929348,-176.14285095418882,94.0,232.95,-0.9012305257116848,-3,-3,-1,-4,-1,2,1.3333333333333333,1.3333333333333333
2017-09-10,2017,Ath Bilbao,Girona,H,2,1.67,3.75,5.5,1623.2615708000976,1517.1186083024572,106.14296249764038,10.0,81.75,-2.0179287414588014,4,6,4,5,-1,1,1.5,1.5
2017-09-10,2017,Celta,Alaves,H,2,1.67,3.75,5.25,1457.4589751070107,1550.8554401394751,-93.39646503246445,173.05,85.4,0.7003549384474379,3,4,3,4,-4,0,1.5,1.5
2017-09-11,2017,Malaga,Las Palmas,A,0,2.0,3.5,3.8,1496.7572837086418,1414.9325659311135,81.82471777752835,55.2,91.25,-0.4955855260209905,0,-2,0,0,-2,-5,2.0,1.0
2017-09-15,2017,Eibar,Leganes,H,2,2.05,3.25,4.0,1512.6251972935595,1465.9946867053234,46.63051058823612,67.95,53.15,0.24162363079231097,0,0,0,0,-3,1,2.0,0.5
2017-09-16,2017,Ath Madrid,Malaga,H,2,1.22,6.0,15.0,1749.8779775387168,1474.55325173928,275.3247257994367,515.8,55.2,2.2187391955687463,-2,-2,-1,-2,2,-4,3.0,0.0
2017-09-16,2017,Betis,La Coruna,H,2,1.83,3.6,4.5,1457.032248380288,1435.2536570713696,21.778591308918294,84.2,94.0,-0.10887545776527041,1,0,0,2,-1,-1,1.0,1.0
2017-09-16,2017,Getafe,Barcelona,A,0,11.0,6.5,1.25,1439.6841188821493,1854.6242944408593,-414.94017555871005,65.6,1090.0,-2.796145408286727,-10,-10,-8,-17,-1,5,0.0,3.0
2017-09-16,2017,Levante,Valencia,D,1,3.25,3.25,2.3,1443.4666135139698,1542.6861952943714,-99.21958178040154,61.85,398.05,-1.8483357872857615,-3,-4,-4,-3,1,1,1.0,2.0
2017-09-17,2017,Sociedad,Real Madrid,A,0,5.0,4.0,1.67,1634.925082360311,1831.2390501709904,-196.3139678106793,232.95,955.35,-1.4080165375243174,-8,-8,-10,-9,3,3,0.0,3.0
2017-09-17,2017,Las Palmas,Ath Bilbao,H,2,2.75,3.4,2.55,1437.1365979004752,1630.277306265801,-193.14070836532574,91.25,10.0,2.1266070101222656,-2,-2,-3,-3,-3,1,1.3333333333333333,1.3333333333333333
2017-09-17,2017,Girona,Sevilla,A,0,3.3,3.25,2.3,1510.102872836754,1642.3388798517028,-132.23600701494888,81.75,253.2,-1.1222973444981816,-6,-6,-5,-5,0,2,1.5,1.5
2017-09-17,2017,Alaves,Villarreal,A,0,3.1,3.1,2.4,1536.140503336292,1614.2198393039987,-78.07933596770658,85.4,220.0,-0.9391750257077423,-5,-6,-4,-4,-2,0,3.0,0.0
2017-09-18,2017,Espanol,Celta,H,2,2.3,3.3,3.2,1538.2197164992265,1472.1739119101937,66.04580458903274,97.8,173.05,-0.5662450095036258,-1,-2,-2,-1,-2,-2,0.6666666666666666,1.6666666666666667
2017-09-19,2017,Barcelona,Eibar,H,2,1.11,10.0,15.0,1858.8327846974398,1521.6455265691407,337.18725812829916,1090.0,67.95,2.76146838159376,10,10,8,17,5,-1,3.0,0.0
2017-09-19,2017,Valencia,Malaga,H,2,1.5,4.0,7.0,1542.719888600681,1471.4527475313125,71.26714106936856,398.05,55.2,1.9601699654223719,1,2,3,1,0,-5,1.3333333333333333,1.3333333333333333
2017-09-20,2017,Ath Bilbao,Ath Madrid,A,0,3.4,3.2,2.25,1611.3497386263216,1752.9784817466843,-141.62874312036274,10.0,515.8,-3.8497606796700214,4,6,4,5,0,3,0.3333333333333333,2.3333333333333335
2017-09-20,2017,La Coruna,Alaves,H,2,1.91,3.3,4.5,1425.3060330760036,1520.1953659627575,-94.88933288675389,94.0,85.4,0.09488921579053056,0,0,0,0,-2,-4,0.5,2.0
2017-09-20,2017,Leganes,Girona,D,1,2.15,3.2,3.7,1456.9743574297422,1496.4906331809962,-39.51627575125394,53.15,81.75,-0.4240660408101724,0,0,0,0,0,-1,1.5,1.5
2017-09-20,2017,Real Madrid,Betis,A,0,1.13,10.0,17.0,1842.1841825148513,1466.979872375654,375.20431013919733,955.35,84.2,2.4181225210012727,10,11,11,11,3,0,2.3333333333333335,0.3333333333333333
2017-09-20,2017,Sevilla,Las Palmas,H,2,1.4,4.75,7.5,1655.9511195074606,1456.0641655399545,199.8869539675061,253.2,91.25,1.0136190758347174,4,2,4,3,4,-1,3.0,0.0
2017-09-21,2017,Celta,Getafe,D,1,1.8,3.6,4.5,1463.8425347006762,1435.4756286255688,28.36690607510741,173.05,65.6,0.9606380367111047,3,4,3,4,-2,-2,1.3333333333333333,1.3333333333333333
2017-09-21,2017,Levante,Sociedad,H,2,3.25,3.25,2.3,1443.4329202076601,1623.9799500164502,-180.54702980879006,61.85,232.95,-1.3143564822759695,-3,-3,-1,-4,0,2,0.3333333333333333,2.3333333333333335
2017-09-21,2017,Villarreal,Espanol,D,1,1.73,3.5,5.5,1630.1649766775333,1546.551093708744,83.61388296878931,220.0,97.8,0.8050650967639301,3,4,3,1,1,0,1.6666666666666667,0.6666666666666666
2017-09-23,2017,Ath Madrid,Sevilla,H,2,1.57,4.0,6.5,1766.1897758962652,1660.483009260434,105.70676663583117,515.8,253.2,0.7095345937130384,-6,-6,-5,-5,3,4,1.3333333333333333,1.3333333333333333
2017-09-23,2017,Alaves,Real Madrid,A,0,17.0,7.5,1.17,1505.4159952859316,1814.0115134970836,-308.595518211152,85.4,955.35,-2.404136279026533,-11,-11,-11,-13,-5,1,0.0,3.0
2017-09-23,2017,Girona,Barcelona,A,0,12.0,6.0,1.25,1499.07586210544,1861.0737551666555,-361.99789306121556,81.75,1090.0,-2.5790259715758985,-10,-10,-8,-17,-1,5,1.5,1.5
2017-09-23,2017,Malaga,Ath Bilbao,D,1,2.9,3.3,2.4,1463.301025529982,1598.1384444767407,-134.8374189467586,55.2,10.0,1.6310214841012751,-2,-4,-3,-3,-5,0,1.0,2.0
2017-09-24,2017,Eibar,Celta,A,0,2.2,3.3,3.4,1519.404556099925,1458.5396186244732,60.864937475451825,67.95,173.05,-0.9259610100181375,-3,-4,-3,-4,-1,-2,2.0,1.0
2017-09-24,2017,Espanol,La Coruna,H,2,1.95,3.5,4.0,1553.814405948058,1440.0854037528295,113.72900219522853,97.8,94.0,0.03922071315328157,2,2,1,3,-1,-2,2.3333333333333335,0.3333333333333333
2017-09-24,2017,Getafe,Villarreal,H,2,2.88,3.1,2.63,1440.7785447017718,1622.9016644382193,-182.1231197364475,65.6,220.0,-1.199458123971409,-5,-6,-4,-4,-1,0,1.3333333333333333,1.3333333333333333
2017-09-24,2017,Las Palmas,Leganes,A,0,2.05,3.25,3.8,1451.532275786981,1454.3891285052985,-2.856852718317441,91.25,53.15,0.5327443094736366,2,4,1,2,-1,0,0.5,2.0
2017-09-24,2017,Sociedad,Valencia,A,0,2.3,3.4,3.1,1605.5634454290553,1550.8716106020115,54.69183482704375,232.95,398.05,-0.5339793050097921,0,-1,-3,1,1,2,3.0,0.0
2017-09-25,2017,Betis,Levante,H,2,1.85,3.5,4.5,1495.1525413934216,1461.849424795055,33.303116598366614,84.2,61.85,0.3042504987990142,1,0,0,2,1,2,3.0,0.0
2017-09-29,2017,Celta,Girona,D,1,1.67,3.6,5.75,1480.0275900323531,1493.6396068237243,-13.612016791371161,173.05,81.75,0.743518600000276,3,4,3,4,0,-2,1.5,1.5
2017-09-30,2017,Leganes,Ath Madrid,D,1,7.5,3.75,1.55,1473.4771572684244,1773.2190168379345,-299.7418595695101,53.15,515.8,-2.2558979790213924,0,0,0,0,0,4,0.5,2.0
2017-09-30,2017,La Coruna,Getafe,H,2,2.25,3.25,3.4,1433.3016569964764,1459.2594974906037,-25.957840494127367,94.0,65.6,0.35517231405419736,0,0,0,0,-2,0,0.3333333333333333,2.3333333333333335
2017-09-30,2017,Levante,Alaves,A,0,1.83,3.5,4.5,1452.337874533249,1498.4758597150972,-46.13798518184808,61.85,85.4,-0.3182367407737541,0,0,0,0,0,-5,1.5,1.5
2017-09-30,2017,Sevilla,Malaga,H,2,1.36,5.5,7.5,1653.4537683187648,1464.8000573660477,188.65371095271712,253.2,55.2,1.509204601855708,4,4,4,3,3,-4,2.0,1.0
2017-10-01,2017,Valencia,Ath Bilbao,H,2,1.91,3.5,4.2,1572.1412734079834,1596.6394126406751,-24.498139232691756,398.05,10.0,3.591191449523647,-1,-2,0,-2,2,0,1.0,2.0
2017-10-01,2017,Sociedad,Betis,D,1,1.95,3.6,3.8,1584.2937826230834,1504.6640916552276,79.62969096785582,232.95,84.2,1.0101059834769552,2,3,1,2,-1,3,3.0,0.0
2017-10-01,2017,Villarreal,Eibar,H,2,1.83,3.6,4.33,1604.4207116493874,1497.916584692045,106.50412695734235,220.0,67.95,1.1647810972784418,5,6,4,4,0,-3,1.0,2.0
2017-10-01,2017,Barcelona,Las Palmas,H,2,1.08,11.0,26.0,1866.510010448371,1432.444247023855,434.06576342451604,1090.0,91.25,2.4703477029124343,8,6,7,15,5,-1,3.0,0.0
2017-10-01,2017,Real Madrid,Espanol,H,2,1.1,10.0,23.0,1820.951649067918,1560.5981527044112,260.3534963635068,955.35,97.8,2.2700263500827207,9,9,10,10,1,0,3.0,0.0
2017-10-13,2017,Espanol,Levante,D,1,1.75,3.6,5.0,1557.2497375508208,1435.0309162906362,122.21882126018454,97.8,61.85,0.4523466697175662,2,2,1,3,0,-1,0.6666666666666666,1.6666666666666667
2017-10-14,2017,Ath Bilbao,Sevilla,H,2,2.5,3.25,2.9,1584.8487289599996,1658.2400904336662,-73.39136147366662,10.0,253.2,-3.140226085956983,-2,0,-1,0,-2,3,2.0,1.0
2017-10-14,2017,Alaves,Sociedad,A,0,3.5,3.4,2.15,1515.78281795771,1577.162879736485,-61.380061778774916,85.4,232.95,-0.9961197415022154,-3,-3,-1,-4,-3,-2,1.5,1.5
2017-10-14,2017,Getafe,Real Madrid,A,0,10.0,5.75,1.29,1447.4086245422338,1824.3000642215084,-376.8914396792745,65.6,955.35,-2.6644193772901996,-11,-11,-11,-13,0,2,0.0,3.0
2017-10-14,2017,Ath Madrid,Barcelona,D,1,3.0,3.4,2.38,1765.434749302054,1867.835369591945,-102.4006202898911,515.8,1090.0,-0.7471940333646785,-10,-10,-8,-17,3,5,0.3333333333333333,2.3333333333333335
2017-10-15,2017,Girona,Villarreal,A,0,2.8,3.2,2.6,1497.2942690246532,1611.4252784087066,-114.13100938405341,81.75,220.0,-0.9823386872605804,-5,-6,-4,-4,-3,2,1.5,1.5
2017-10-15,2017,Malaga,Leganes,A,0,2.38,3.0,3.4,1460.0137352511463,1481.261424804305,-21.247689553158807,55.2,53.15,0.037158783452646116,2,2,1,2,-4,-1,2.0,0.5
2017-10-15,2017,Betis,Valencia,A,0,2.55,3.5,2.7,1511.794994541826,1583.931957088659,-72.13696254683282,84.2,398.05,-1.5440852884867473,-2,-4,-4,-1,2,3,2.3333333333333335,0.3333333333333333
2017-10-15,2017,Eibar,La Coruna,D,1,2.0,3.5,3.75,1490.9120179327258,1445.1525299448463,45.75948798787954,67.95,94.0,-0.3204952873612301,0,0,0,0,-3,-1,1.3333333333333333,1.3333333333333333
2017-10-16,2017,Las Palmas,Celta,A,0,2.38,3.3,3.1,1431.1188878802811,1476.3729278314242,-45.25403995114311,91.25,173.05,-0.6348403313368118,-1,0,-2,-2,-1,1,1.3333333333333333,1.3333333333333333
2017-10-21,2017,Valencia,Sevilla,H,2,1.85,3.89,4.0,1600.132328843142,1644.3866369335,-44.25430809035811,398.05,253.2,0.45096536356666395,-3,-2,-1,-2,4,1,1.3333333333333333,1.3333333333333333
2017-10-21,2017,Levante,Getafe,D,1,2.37,3.2,3.2,1443.5002945301387,1442.3436117112456,1.1566828188931595,61.85,65.6,-0.05795364251008728,0,0,0,0,-1,-2,2.0,1.0
2017-10-21,2017,Barcelona,Malaga,H,2,1.07,13.0,26.0,1867.7317281320293,1441.670781096618,426.06094703541135,1090.0,55.2,2.965933228933425,8,8,7,15,4,-4,1.3333333333333333,1.3333333333333333
2017-10-21,2017,Betis,Alaves,H,2,1.57,4.0,6.0,1495.594622787343,1499.1222946567934,-3.527671869450387,84.2,85.4,-0.013986241974739855,1,0,0,2,2,-3,0.0,3.0
2017-10-22,2017,Real Madrid,Eibar,H,2,1.09,11.0,23.0,1829.3650770524966,1484.9640077446145,344.40106930788215,955.35,67.95,2.6297423505972324,11,11,11,13,3,-2,2.3333333333333335,0.3333333333333333
2017-10-22,2017,Villarreal,Las Palmas,H,2,1.5,4.2,7.0,1625.8155298778383,1413.774683999888,212.04084587795023,220.0,91.25,0.8736604185971162,3,2,3,2,2,-3,1.0,2.0
2017-10-22,2017,Celta,Ath Madrid,A,0,4.2,3.39,1.95,1493.7171317118173,1765.5383907619696,-271.8212590501523,173.05,515.8,-1.088313338210944,3,4,3,4,1,3,0.0,3.0
2017-10-22,2017,Leganes,Ath Bilbao,H,2,2.37,3.1,3.29,1499.6043789588334,1598.7021824601657,-99.09780350133224,53.15,10.0,1.593862700648629,-4,-6,-4,-5,1,-2,1.0,1.0
2017-10-23,2017,La Coruna,Girona,A,0,2.04,3.29,3.79,1451.1005401329576,1482.9040175555215,-31.8034774225639,94.0,81.75,0.13805287734336869,0,0,0,0,0,-3,1.5,1.5
2017-10-23,2017,Sociedad,Espanol,D,1,1.85,3.79,4.0,1593.8234030374015,1548.7803593113183,45.04304372608317,232.95,97.8,0.8620098125584033,1,1,0,1,-2,1,2.3333333333333335,0.3333333333333333
2017-10-28,2017,Sevilla,Leganes,H,2,1.61,3.75,6.0,1631.772929499509,1514.5654280924673,117.20750140704172,253.2,53.15,1.546363385308354,6,6,5,5,-1,3,2.0,0.5
2017-10-28,2017,Ath Madrid,Villarreal,D,1,1.5,4.0,7.5,1773.6711899032737,1630.084769283187,143.58642062008676,515.8,220.0,0.8494932509506397,-5,-6,-4,-4,3,2,0.3333333333333333,2.3333333333333335
2017-10-28,2017,Ath Bilbao,Barcelona,A,0,7.0,4.5,1.44,1583.7411333265318,1869.116702608857,-285.37556928232516,10.0,1090.0,-4.5969547130347,-6,-4,-4,-12,-2,4,0.0,3.0
2017-10-28,2017,Alaves,Valencia,A,0,6.0,3.75,1.6,1488.1834988828227,1612.746036277133,-124.56253739431031,85.4,398.05,-1.5300990465120075,-3,-4,-4,-3,-3,5,1.5,1.5
2017-10-29,2017,Malaga,Celta,H,2,3.1,3.39,2.29,1440.2858066197903,1485.5843325705132,-45.29852595072293,55.2,173.05,-1.1304258573578023,-1,-2,-2,-2,-4,1,1.0,2.0
2017-10-29,2017,Girona,Real Madrid,H,2,10.0,6.5,1.25,1500.8110595346766,1831.5214465896338,-330.7103870549572,81.75,955.35,-2.447299940579371,-11,-11,-11,-13,-1,3,1.5,1.5
2017-10-29,2017,Getafe,Sociedad,H,2,2.45,3.39,2.87,1446.5915378927914,1587.9014819032827,-141.30994401049134,65.6,232.95,-1.2564028397658822,-3,-3,-1,-4,-1,-1,1.3333333333333333,1.3333333333333333
2017-10-29,2017,Eibar,Levante,D,1,1.95,3.39,4.2,1482.8076382074773,1439.2523683485929,43.55526985888446,67.95,61.85,0.09263066920305452,0,0,0,0,-4,-1,1.3333333333333333,1.3333333333333333
2017-10-30,2017,Espanol,Betis,H,2,2.14,3.39,3.39,1554.702280445437,1506.5334185613137,48.16886188412332,97.8,84.2,0.14809617091855198,1,2,1,1,0,2,2.0,1.0
2017-10-30,2017,Las Palmas,La Coruna,A,0,2.04,3.5,3.6,1409.5054445945395,1433.1934981538025,-23.688053559262926,91.25,94.0,-0.02937460867990449,2,4,1,2,-5,0,1.3333333333333333,1.3333333333333333
2017-11-03,2017,Betis,Getafe,D,1,2.0,3.5,3.79,1497.568851793452,1463.3666743156919,34.20217747776019,84.2,65.6,0.24629685628892695,1,0,0,2,0,0,2.0,1.0
2017-11-04,2017,Valencia,Leganes,H,2,1.5,4.33,6.5,1626.6873494850092,1507.8862251887729,118.80112429623637,398.05,53.15,1.997328748875018,3,4,4,3,5,2,3.0,0.0
2017-11-04,2017,La Coruna,Ath Madrid,A,0,4.75,3.6,1.8,1451.4361709856746,1764.595225297672,-313.15905431199735,94.0,515.8,-1.6937790608678513,0,0,0,0,0,2,0.3333333333333333,2.3333333333333335
2017-11-04,2017,Alaves,Espanol,H,2,2.87,3.1,2.7,1474.2421856749465,1563.6668472132988,-89.42466153835221,85.4,97.8,-0.13410992894381213,-2,-2,-1,-3,-3,1,0.0,3.0
2017-11-04,2017,Barcelona,Sevilla,H,2,1.19,7.5,12.0,1876.795308691157,1638.4521324032034,238.3431762879536,1090.0,253.2,1.4567286270777169,4,4,3,12,4,-1,3.0,0.0
2017-11-05,2017,Sociedad,Eibar,H,2,1.61,4.0,5.5,1571.1263454803823,1476.940029480297,94.1863160000853,232.95,67.95,1.221725813072915,3,3,1,4,-1,-3,0.3333333333333333,2.3333333333333335
2017-11-05,2017,Celta,Ath Bilbao,H,2,2.1,3.5,3.5,1472.9266627066092,1576.0625272442317,-103.13586453762241,173.05,10.0,2.7614473414590774,-1,-2,-1,-1,0,-2,0.0,3.0
2017-11-05,2017,Levante,Girona,A,0,2.39,3.29,3.0,1445.1199770757732,1524.5267244044414,-79.40674732866819,61.85,81.75,-0.27507307922091595,0,0,0,0,-2,0,1.5,1.5
2017-11-05,2017,Real Madrid,Las Palmas,H,2,1.08,13.0,19.0,1807.805781719869,1391.2627717626674,416.54300995720155,955.35,91.25,2.3386216719159068,9,7,10,11,3,-5,1.6666666666666667,0.6666666666666666
2017-11-05,2017,Villarreal,Malaga,H,2,1.53,4.33,6.0,1639.1607338887886,1452.9434764836942,186.21725740509441,220.0,55.2,1.3692459446181067,3,4,3,2,2,-2,2.3333333333333335,0.3333333333333333
2017-11-17,2017,Girona,Sociedad,D,1,2.89,3.5,2.37,1540.4147668813305,1578.5187866838216,-38.104019802491166,81.75,232.95,-1.0392834030550535,-3,-3,-1,-4,2,1,1.5,1.5
2017-11-18,2017,Ath Madrid,Real Madrid,D,1,3.2,3.39,2.25,1771.3962114231554,1809.264961890053,-37.86875046689761,515.8,955.35,-0.6154680023681509,-11,-11,-11,-13,2,3,1.3333333333333333,1.3333333333333333
2017-11-18,2017,Getafe,Alaves,H,2,1.8,3.5,4.75,1468.8887111124197,1488.785752563191,-19.897041450771212,65.6,85.4,-0.2602830982636668,0,0,0,0,-1,-1,1.5,1.5
2017-11-18,2017,Leganes,Barcelona,A,0,9.5,5.25,1.33,1501.2545318853581,1880.5395711359524,-379.2850392505943,53.15,1090.0,-3.003092012386071,-10,-10,-8,-17,0,4,0.0,3.0
2017-11-18,2017,Sevilla,Celta,H,2,1.72,3.79,4.75,1634.707869958408,1488.062045185448,146.64582477296017,253.2,173.05,0.3787787444979056,3,2,2,1,-1,0,2.3333333333333335,0.3333333333333333
2017-11-19,2017,Espanol,Valencia,A,0,3.2,3.29,2.29,1549.1232803250543,1633.319042788424,-84.19576246336965,97.8,398.05,-1.3959891175681953,-1,-2,-3,0,-1,5,0.0,3.0
2017-11-19,2017,Ath Bilbao,Villarreal,D,1,2.25,3.29,3.29,1560.927144765393,1644.0037454581686,-83.07660069277563,10.0,220.0,-3.000267428719382,-1,0,0,1,-3,4,1.3333333333333333,1.3333333333333333
2017-11-19,2017,Malaga,La Coruna,H,2,2.37,3.29,3.1,1448.1004649143142,1444.6351848601912,3.4652800541230135,55.2,94.0,-0.524960134700895,2,2,1,2,-3,0,1.3333333333333333,1.3333333333333333
2017-11-19,2017,Las Palmas,Levante,A,0,1.95,3.5,4.0,1389.8035915924834,1429.2319345988842,-39.42834300640084,91.25,61.85,0.38375134788438015,2,4,1,2,-5,-2,0.5,2.0
2017-11-20,2017,Eibar,Betis,H,2,2.39,3.29,3.0,1469.5475882768576,1492.0468149967242,-22.499226719866556,67.95,84.2,-0.2116198295959597,-1,0,0,-2,-3,-1,1.3333333333333333,1.3333333333333333
2017-11-24,2017,Celta,Leganes,H,2,1.95,3.25,4.33,1482.2212922792883,1496.2472610260627,-14.025968746774424,173.05,53.15,1.1675846408104484,3,4,3,4,-1,-1,1.5,1.5
2017-11-25,2017,Alaves,Eibar,A,0,2.5,3.1,3.1,1477.1840743758478,1481.25602462808,-4.071950252232227,85.4,67.95,0.22560607157069956,0,0,0,0,-3,-1,1.0,1.0
2017-11-25,2017,Betis,Girona,D,1,2.0,3.6,3.75,1480.3383786455017,1537.7704188229345,-57.43204017743278,84.2,81.75,0.029177419578098274,1,0,0,2,-2,2,1.5,1.5
2017-11-25,2017,Levante,Ath Madrid,A,0,7.5,3.75,1.53,1446.820846957069,1768.742022819959,-321.92117586288987,61.85,515.8,-2.106905017432136,0,0,0,0,0,2,1.3333333333333333,1.3333333333333333
2017-11-25,2017,Real Madrid,Malaga,H,2,1.08,13.0,21.0,1811.9191504932494,1458.7610356017512,353.15811489149814,955.35,55.2,2.8342071979368972,9,9,10,11,2,-1,2.3333333333333335,0.3333333333333333
2017-11-26,2017,Villarreal,Sevilla,A,0,2.37,3.39,3.0,1644.7338100436066,1640.5486228645677,4.185187179038849,220.0,253.2,-0.13995865723760126,-1,0,-1,-1,3,-1,0.6666666666666666,1.6666666666666667
2017-11-26,2017,Valencia,Barcelona,D,1,4.0,3.89,1.85,1649.0008963434211,1885.5468419952479,-236.54594565182674,398.05,1090.0,-1.005763263511053,-7,-6,-4,-14,5,4,1.0,2.0
2017-11-26,2017,Sociedad,Las Palmas,D,1,1.44,4.75,7.0,1581.1631347422176,1372.2146792342985,208.9484555079191,232.95,91.25,0.9306051343915893,1,-1,0,2,1,-5,2.0,1.0
2017-11-26,2017,La Coruna,Ath Bilbao,D,1,2.75,3.29,2.6,1433.9746141727542,1560.197080179955,-126.22246600720086,94.0,10.0,2.15598161880217,-4,-6,-4,-5,-2,-2,0.0,3.0
2017-11-27,2017,Espanol,Getafe,H,2,2.0,3.39,3.79,1533.4414267700572,1480.490389299763,52.951037470294295,97.8,65.6,0.39439302720747893,2,2,1,3,-1,1,1.0,2.0
2017-12-01,2017,Malaga,Levante,D,1,1.72,3.79,4.75,1456.7034026512729,1440.2814673013252,16.421935349947717,55.2,61.85,-0.11183417813661034,2,2,1,2,-1,-1,2.0,1.0
2017-12-02,2017,Sevilla,La Coruna,H,2,1.44,4.5,7.5,1659.916514749485,1435.1045842722613,224.81193047722377,253.2,94.0,0.984244467154813,6,6,5,5,1,-2,2.3333333333333335,0.3333333333333333
2017-12-02,2017,Barcelona,Celta,D,1,1.12,10.0,17.0,1879.9375480915046,1493.5834457835767,386.35410230792786,1090.0,173.05,1.8355073715756225,7,6,5,13,4,-1,2.0,1.0
2017-12-02,2017,Ath Madrid,Sociedad,H,2,1.5,3.89,7.5,1775.2814024757029,1570.497972736315,204.78342973938788,515.8,232.95,0.7925485351561665,-3,-3,-1,-4,3,0,2.0,1.0
2017-12-02,2017,Ath Bilbao,Real Madrid,D,1,7.5,4.5,1.44,1559.067110080448,1813.9767834437278,-254.9096733632798,10.0,955.35,-4.465228682038172,-7,-5,-7,-8,-3,2,0.0,3.0
2017-12-03,2017,Las Palmas,Betis,H,2,2.2,3.5,3.1,1382.8798412402011,1478.5097131337816,-95.62987189358046,91.25,84.2,0.07950084908536592,1,4,1,0,-4,-1,1.0,2.0
2017-12-03,2017,Leganes,Villarreal,H,2,2.79,3.25,2.62,1484.8851075217742,1625.3659181586893,-140.48081063691507,53.15,220.0,-1.4064047280707528,-5,-6,-4,-4,-3,1,0.5,2.0
2017-12-03,2017,Eibar,Espanol,H,2,2.37,3.1,3.29,1500.2954437689064,1542.2339196858134,-41.93847591690701,67.95,97.8,-0.3597160005145117,-2,-2,-1,-3,0,0,0.6666666666666666,1.6666666666666667
2017-12-03,2017,Getafe,Valencia,H,2,3.0,3.39,2.29,1471.6978963840068,1654.6101902471644,-182.91229386315763,65.6,398.05,-1.7903821447756743,-3,-4,-4,-3,1,4,0.6666666666666666,1.6666666666666667
2017-12-04,2017,Girona,Alaves,A,0,1.6,3.79,6.0,1539.5990843346547,1458.1446552350214,81.45442909963322,81.75,85.4,-0.04316366155283813,0,0,0,0,3,-3,1.5,1.5
2017-12-08,2017,Alaves,Las Palmas,H,2,2.29,3.25,3.25,1480.3363817130405,1397.6911775928652,82.64520412017532,85.4,91.25,-0.06551460711062607,-2,-4,-1,-2,-1,-2,1.0,1.0
2017-12-09,2017,Valencia,Celta,H,2,1.66,4.0,5.0,1636.097017973839,1506.8632004748952,129.23381749894384,398.05,173.05,0.8297441080645696,0,0,1,-1,2,0,1.0,2.0
2017-12-09,2017,Real Madrid,Sevilla,H,2,1.33,5.5,8.5,1807.699360902237,1663.9235726125328,143.77578828970422,955.35,253.2,1.3250025960811893,5,5,6,8,1,3,2.0,1.0
2017-12-09,2017,La Coruna,Leganes,H,2,2.37,3.2,3.2,1431.0975264092135,1501.6249388040928,-70.52741239487932,94.0,53.15,0.5621189181535411,0,0,0,0,-2,-3,0.0,3.0
2017-12-09,2017,Getafe,Eibar,D,1,2.04,3.39,3.75,1490.2110686573321,1512.8118037571144,-22.60073509978224,65.6,67.95,-0.03467702669296724,0,0,0,0,2,2,0.6666666666666666,1.6666666666666667
2017-12-10,2017,Villarreal,Barcelona,A,0,6.0,4.33,1.53,1608.6260868763707,1866.6577934001862,-258.0317065238155,220.0,1090.0,-1.5966872843153181,-5,-4,-4,-13,-1,3,0.6666666666666666,1.6666666666666667
2017-12-10,2017,Sociedad,Malaga,A,0,1.53,4.33,6.0,1566.073460931992,1451.8571086201432,114.21635231184882,232.95,55.2,1.4261906604125798,1,1,0,2,-1,0,1.6666666666666667,0.6666666666666666
2017-12-10,2017,Betis,Ath Madrid,A,0,4.75,3.79,1.72,1463.6983767811175,1779.7059142800258,-316.0075374989083,84.2,515.8,-1.8026545186331218,1,0,0,2,-3,3,0.3333333333333333,2.3333333333333335
2017-12-10,2017,Levante,Ath Bilbao,A,0,3.25,3.39,2.25,1445.1277613324548,1565.3445326219387,-120.21677128948386,61.85,10.0,1.7428556622378855,-4,-6,-4,-5,-1,-2,0.3333333333333333,2.3333333333333335
2017-12-11,2017,Espanol,Girona,A,0,2.04,3.5,3.6,1529.7175596976053,1517.4073578566356,12.31020184096974,97.8,81.75,0.17727359049665026,2,2,1,3,-1,1,1.5,1.5
2017-12-15,2017,Sevilla,Levante,D,1,1.28,5.75,9.5,1658.0047180365916,1430.9996057386068,227.00511229798485,253.2,61.85,1.3973704237190976,6,6,5,5,1,-2,2.3333333333333335,0.3333333333333333
2017-12-16,2017,Eibar,Valencia,H,2,2.75,3.29,2.6,1516.099195697884,1642.4236836763412,-126.32448797845723,67.95,398.05,-1.755705118082707,-3,-4,-4,-3,2,2,2.0,1.0
2017-12-16,2017,Ath Bilbao,Sociedad,D,1,2.14,3.39,3.39,1579.4726882157868,1542.8424912255387,36.63019699024812,10.0,232.95,-3.057212144513855,1,3,3,1,0,-1,2.0,1.0
2017-12-16,2017,Ath Madrid,Alaves,H,2,1.19,6.5,15.0,1786.4210508703634,1488.105128084153,298.3159227862104,515.8,85.4,1.788668276658382,0,0,0,0,4,1,1.0,1.0
2017-12-17,2017,Las Palmas,Espanol,D,1,2.5,3.29,2.87,1389.9224312217527,1510.0308560771873,-120.10842485543458,91.25,97.8,-0.06859532183318606,0,2,0,-1,-2,-3,1.3333333333333333,1.3333333333333333
2017-12-17,2017,Barcelona,La Coruna,H,2,1.08,13.0,23.0,1875.2696080317178,1444.8281358803774,430.44147215134035,1090.0,94.0,2.44097309423253,10,10,8,17,3,-2,2.0,1.0
2017-12-17,2017,Celta,Villarreal,A,0,2.29,3.39,3.1,1500.536534772393,1600.014272244839,-99.47773747244605,173.05,220.0,-0.23882008726030435,-2,-2,-1,0,0,-2,0.3333333333333333,2.3333333333333335
2017-12-17,2017,Girona,Getafe,H,2,2.2,3.25,3.5,1537.0940614770536,1486.9236767165626,50.17038476049106,81.75,65.6,0.21711943671082867,0,0,0,0,1,1,1.5,1.5
2017-12-18,2017,Malaga,Betis,A,0,2.0,3.39,3.79,1475.0880783265966,1456.98324019078,18.104838135816635,55.2,84.2,-0.41608467693562456,1,2,1,0,0,-3,1.0,2.0
2017-12-19,2017,Levante,Leganes,D,1,2.7,3.0,2.89,1442.0361773416314,1487.894329332929,-45.85815199129752,61.85,53.15,0.14899296158925646,0,0,0,0,-1,-3,1.5,1.5
2017-12-20,2017,Sociedad,Sevilla,H,2,2.25,3.5,3.0,1548.4549136081325,1646.968146433567,-98.51323282543444,232.95,253.2,-0.08301394144312813,-3,-3,-4,-1,-2,2,1.3333333333333333,1.3333333333333333
2017-12-20,2017,Getafe,Las Palmas,H,2,1.75,3.6,5.0,1478.0313645432182,1390.789613654527,87.24175088869106,65.6,91.25,-0.32579770537429287,-2,-4,-1,-2,0,-1,1.5,1.5
2017-12-21,2017,Alaves,Malaga,H,2,2.14,3.2,3.5,1485.3537243222565,1455.1768139818898,30.176910340366703,85.4,55.2,0.4300709189103644,-2,-2,-1,-2,-1,0,2.0,0.5
2017-12-21,2017,Eibar,Girona,H,2,2.0,3.39,3.75,1532.23354534744,1545.986373650398,-13.75282830295805,67.95,81.75,-0.18244241001786143,0,0,0,0,4,1,1.5,1.5
2017-12-22,2017,Betis,Ath Bilbao,A,0,2.7,3.25,2.62,1476.8945045354867,1573.860265833193,-96.9657612977062,84.2,10.0,2.0471061610368997,-3,-6,-4,-3,-2,1,1.0,2.0
2017-12-22,2017,Espanol,Ath Madrid,H,2,5.0,3.5,1.72,1509.163673644413,1789.1724546322598,-280.0087809878469,97.8,515.8,-1.6545583477145698,2,2,1,3,-2,4,0.3333333333333333,2.3333333333333335
2017-12-23,2017,La Coruna,Celta,A,0,2.54,3.29,2.7,1443.4760944507975,1485.5139869035527,-42.03789245275516,94.0,173.05,-0.6054657226569073,-3,-4,-3,-4,-2,-2,0.3333333333333333,2.3333333333333335
2017-12-23,2017,Real Madrid,Barcelona,A,0,2.1,3.75,3.1,1813.6182154781782,1876.6216494612977,-63.00343398311952,955.35,1090.0,-0.13172603099652758,1,1,3,-4,3,3,1.3333333333333333,1.3333333333333333
2017-12-23,2017,Valencia,Villarreal,A,0,2.04,3.6,3.29,1626.2893340267851,1615.0368201136794,11.252513913105759,398.05,220.0,0.5909240208042652,-2,-2,0,-1,0,-2,1.0,2.0
2018-01-06,2017,Ath Madrid,Getafe,H,2,1.39,4.2,10.0,1767.0288905288328,1485.6487566219846,281.3801339068482,515.8,65.6,2.0489513749220487,0,0,0,0,3,0,3.0,0.0
2018-01-06,2017,Las Palmas,Eibar,A,0,2.54,3.39,2.75,1383.1722215757607,1543.5846021490177,-160.412380573257,91.25,67.95,0.29112067868132563,2,4,1,2,-1,4,2.0,1.0
2018-01-06,2017,Valencia,Girona,H,2,1.61,4.0,5.5,1606.6438757033084,1534.6353168488204,72.008558854488,398.05,81.75,1.5732627080648456,3,4,4,3,-2,0,1.5,1.5
2018-01-06,2017,Sevilla,Betis,A,0,1.5,4.33,6.5,1632.0323349405014,1461.7635092507005,170.2688256898009,253.2,84.2,1.0931199249200834,5,6,5,3,0,-2,3.0,0.0
2018-01-07,2017,Villarreal,La Coruna,D,1,1.57,4.0,6.0,1634.6822784371561,1425.9966291223097,208.6856493148464,220.0,94.0,0.8442858099172117,5,6,4,4,-1,-2,0.6666666666666666,1.6666666666666667
2018-01-07,2017,Ath Bilbao,Alaves,H,2,1.66,3.5,6.0,1588.991261117979,1494.9825570022683,94.00870411571077,10.0,85.4,-2.0610924030116395,4,6,4,5,2,1,0.5,2.0
2018-01-07,2017,Barcelona,Levante,H,2,1.05,15.0,34.0,1893.2129097280235,1439.7174249602344,453.4954847677891,1090.0,61.85,2.8540990507968145,10,10,8,17,3,-2,3.0,0.0
2018-01-07,2017,Celta,Real Madrid,D,1,6.5,4.33,1.5,1502.9934522320405,1797.0269552114523,-294.0335029794119,173.05,955.35,-1.703781340579095,-8,-7,-8,-9,0,1,0.0,3.0
2018-01-07,2017,Leganes,Sociedad,H,2,2.89,3.25,2.5,1490.2130817143259,1563.390725101198,-73.1776433868722,53.15,232.95,-1.463349443865226,-3,-3,-1,-4,-2,-1,0.5,2.0
2018-01-08,2017,Malaga,Espanol,A,0,2.54,3.0,3.1,1445.547981301878,1531.30723774784,-85.75925644596191,55.2,97.8,-0.5641808478541765,0,0,0,-1,-2,0,0.6666666666666666,1.6666666666666667
2018-01-12,2017,Getafe,Malaga,H,2,1.8,3.39,5.0,1482.6438280935026,1429.9335030554287,52.71032503807396,65.6,55.2,0.16978782064669762,-2,-2,-1,-2,0,-2,1.0,2.0
2018-01-13,2017,Real Madrid,Villarreal,A,0,1.25,6.5,10.0,1789.4242979623489,1624.022729759923,165.40156820242578,955.35,220.0,1.4649612533187906,6,5,7,9,1,0,2.3333333333333335,0.3333333333333333
2018-01-13,2017,La Coruna,Valencia,A,0,3.0,3.39,2.37,1436.6561777995428,1614.770284889716,-178.11410709017332,94.0,398.05,-1.435209830721477,-3,-4,-4,-3,-2,-1,0.6666666666666666,1.6666666666666667
2018-01-13,2017,Eibar,Ath Madrid,A,0,4.0,3.2,2.04,1556.0023619913609,1770.0338190573148,-214.03145706595387,67.95,515.8,-2.0142743482290815,0,0,0,0,4,3,0.0,3.0
2018-01-13,2017,Girona,Las Palmas,H,2,1.72,3.79,4.75,1526.5089076624126,1370.7544617334174,155.7544459289952,81.75,91.25,-0.1086782686634642,-2,-4,-1,-2,-1,-2,1.5,1.5
2018-01-14,2017,Sociedad,Barcelona,A,0,6.5,5.0,1.44,1549.5464442113825,1894.403587718741,-344.8571435073584,232.95,1090.0,-1.539742568520845,-7,-7,-7,-13,-2,4,1.3333333333333333,1.3333333333333333
2018-01-14,2017,Alaves,Sevilla,H,2,3.25,3.25,2.29,1487.5844186103316,1607.2598720280148,-119.67545341768323,85.4,253.2,-1.0791336829453435,-6,-6,-5,-5,1,-2,0.5,2.0
2018-01-14,2017,Espanol,Ath Bilbao,D,1,2.54,3.0,3.0,1546.9217159942893,1596.3893995099158,-49.467683515626504,97.8,10.0,2.1952023319554517,-2,-4,-3,-2,0,3,1.3333333333333333,1.3333333333333333
2018-01-14,2017,Levante,Celta,A,0,3.0,3.25,2.45,1438.526746969517,1510.596109481144,-72.06936251162688,61.85,173.05,-1.018591679221192,-3,-4,-3,-4,-2,-1,0.0,3.0
2018-01-15,2017,Betis,Leganes,H,2,2.25,3.1,3.5,1486.5359721631871,1504.0573626041414,-17.521390440954292,84.2,53.15,0.4532434603882707,1,0,0,2,-1,0,1.5,1.5
2018-01-19,2017,Getafe,Ath Bilbao,D,1,2.7,3.1,2.79,1491.444936084576,1598.555800562678,-107.11086447810203,65.6,10.0,1.8008093047479727,-4,-6,-4,-5,0,3,0.3333333333333333,2.3333333333333335
2018-01-20,2017,Ath Madrid,Girona,D,1,1.36,4.75,9.5,1780.2801616821735,1532.1069749093615,248.17318677281196,515.8,81.75,1.83183193821122,0,0,0,0,3,1,1.0,1.0
2018-01-20,2017,Espanol,Sevilla,A,0,2.75,3.2,2.7,1544.755314941527,1591.4113213313085,-46.656006389781396,97.8,253.2,-0.9450237540015314,-4,-4,-4,-2,1,-4,1.3333333333333333,1.3333333333333333
2018-01-20,2017,Las Palmas,Valencia,H,2,4.5,4.0,1.72,1365.1563944864686,1626.4535263532644,-261.2971318667958,91.25,398.05,-1.4645844394013814,-1,0,-3,-1,-4,1,2.0,1.0
2018-01-20,2017,Villarreal,Levante,H,2,1.44,4.5,7.5,1648.67314251049,1422.3234754222508,226.34966708823913,220.0,61.85,1.2574117664814963,5,6,4,4,2,-3,1.0,2.0
2018-01-21,2017,Alaves,Leganes,D,1,2.14,3.1,3.75,1503.4329693070379,1492.552833141543,10.880136165494832,85.4,53.15,0.46722970236301054,0,0,0,0,1,0,0.6666666666666666,1.6666666666666667
2018-01-21,2017,Betis,Barcelona,A,0,10.0,6.0,1.28,1498.0405016257855,1900.2929234963212,-402.2524218705357,84.2,1090.0,-2.5498485519978003,-9,-10,-8,-15,1,5,0.3333333333333333,2.3333333333333335
2018-01-21,2017,Real Madrid,La Coruna,H,2,1.14,9.0,15.0,1764.7738852117818,1424.9729363359945,339.8009488757873,955.35,94.0,2.3092470632360023,11,11,11,13,-1,-2,3.0,0.0
2018-01-21,2017,Sociedad,Celta,A,0,1.85,3.89,4.0,1543.6571084338023,1526.7993810284102,16.857727405392097,232.95,173.05,0.2957648030547775,0,-1,-2,0,-2,0,2.3333333333333335,0.3333333333333333
2018-01-22,2017,Eibar,Malaga,D,1,1.66,3.5,6.0,1545.7560193665022,1421.1323950643553,124.62362430214694,67.95,55.2,0.20446484733966486,-2,-2,-1,-2,2,-3,2.0,1.0
2018-01-26,2017,Ath Bilbao,Eibar,D,1,1.9,3.39,4.33,1598.2488427239011,1537.2161930399732,61.03264968392796,10.0,67.95,-1.83548633144094,4,6,4,5,2,2,3.0,0.0
2018-01-27,2017,Malaga,Girona,D,1,2.29,3.0,3.39,1429.6722213908843,1543.5442396411165,-113.87201825023226,55.2,81.75,-0.3869072573575263,2,2,1,2,-4,0,0.0,3.0
2018-01-27,2017,Valencia,Real Madrid,A,0,5.0,4.33,1.61,1604.9503946303048,1766.983856461758,-162.03346183145322,398.05,955.35,-0.8740372325145254,-8,-7,-7,-10,-1,0,1.3333333333333333,1.3333333333333333
2018-01-27,2017,La Coruna,Levante,D,1,2.0,3.5,3.79,1422.7629650860183,1418.347050466484,4.4159146195343055,94.0,61.85,0.41312595656428464,0,0,0,0,-4,-3,1.6666666666666667,0.6666666666666666
2018-01-27,2017,Villarreal,Sociedad,H,2,2.04,3.5,3.5,1652.6495674662567,1523.7939705449014,128.8555969213553,220.0,232.95,-0.05694471579447313,2,3,3,0,4,-2,2.0,1.0
2018-01-28,2017,Barcelona,Alaves,H,2,1.08,11.0,26.0,1904.7726743006592,1498.802050676073,405.9706236245863,1090.0,85.4,2.5358623100230604,10,10,8,17,5,0,2.0,1.0
2018-01-28,2017,Ath Madrid,Las Palmas,H,2,1.16,7.5,17.0,1768.8428969504184,1386.6595262094281,382.1833707409903,515.8,91.25,1.7231536695477558,-2,-4,-1,-2,2,-2,3.0,0.0
2018-01-28,2017,Leganes,Espanol,H,2,2.37,2.79,3.5,1497.183751772508,1527.4701974573172,-30.286445684809223,53.15,97.8,-0.6013396313068227,-2,-2,-1,-3,-1,1,1.0,2.0
2018-01-28,2017,Sevilla,Getafe,D,1,1.5,4.33,6.5,1608.6964388155184,1491.751893923353,116.94454489216537,253.2,65.6,1.3394167812090103,6,6,5,5,-2,0,2.3333333333333335,0.3333333333333333
2018-01-29,2017,Celta,Betis,H,2,1.75,3.75,4.75,1546.662518917311,1493.5607508214475,53.10176809586346,173.05,84.2,0.7143411804221778,2,4,3,2,2,1,0.3333333333333333,2.3333333333333335
2018-02-02,2017,Sociedad,La Coruna,H,2,1.44,4.75,6.5,1517.4564283916366,1418.3859583120027,99.07047007963388,232.95,94.0,0.9012305257116848,3,3,1,4,-3,-3,2.0,1.0
2018-02-03,2017,Alaves,Celta,H,2,2.62,3.2,2.79,1497.2560261010326,1555.4496197124304,-58.19359361139777,85.4,173.05,-0.7003549384474379,-3,-4,-3,-4,0,4,1.0,2.0
2018-02-03,2017,Betis,Villarreal,H,2,2.79,3.39,2.5,1484.7736500263281,1658.9871096195216,-174.21345959319342,84.2,220.0,-0.9531612676824821,-4,-6,-4,-2,-1,4,0.0,3.0
2018-02-03,2017,Eibar,Sevilla,H,2,2.6,3.29,2.75,1543.710049318368,1600.3835043646961,-56.67345504632817,67.95,253.2,-1.304739754516043,-6,-6,-5,-5,1,-2,0.3333333333333333,2.3333333333333335
2018-02-03,2017,Levante,Real Madrid,D,1,13.0,7.0,1.19,1422.7240572404996,1779.33375771157,-356.60970047107025,61.85,955.35,-2.722373019800287,-11,-11,-11,-13,-3,0,0.3333333333333333,2.3333333333333335
2018-02-04,2017,Getafe,Leganes,D,1,1.9,3.2,4.5,1500.0648283741752,1509.2137279455753,-9.14889957140008,65.6,53.15,0.20694660409934373,0,0,0,0,1,1,3.0,0.0
2018-02-04,2017,Girona,Ath Bilbao,H,2,2.39,3.29,3.0,1542.945654515978,1591.7549864455063,-48.8093319295283,81.75,10.0,2.0179287414588014,-4,-6,-4,-5,-1,2,0.0,3.0
2018-02-04,2017,Ath Madrid,Valencia,H,2,1.44,4.33,7.5,1770.602491090842,1592.600493380493,178.0019977103491,515.8,398.05,0.25856923014637445,-3,-4,-4,-3,2,-1,2.3333333333333335,0.3333333333333333
2018-02-04,2017,Espanol,Barcelona,D,1,9.5,5.25,1.33,1515.44022128425,1906.3186988756995,-390.8784775914496,97.8,1090.0,-2.4017523810792483,-8,-8,-7,-14,0,5,0.0,3.0
2018-02-05,2017,Las Palmas,Malaga,H,2,2.25,3.39,3.2,1384.8999320690045,1430.2708065160227,-45.370874447018195,91.25,55.2,0.4955855260209905,0,2,0,0,-3,-3,2.0,1.0
2018-02-09,2017,Ath Bilbao,Las Palmas,D,1,1.44,4.5,7.5,1578.9492102889824,1397.560649401802,181.38856088718035,10.0,91.25,-2.1266070101222656,2,2,3,3,0,-1,1.0,2.0
2018-02-10,2017,Malaga,Ath Madrid,A,0,7.5,3.6,1.57,1417.6100891832252,1775.6406476671739,-358.03055848394865,55.2,515.8,-2.2187391955687463,2,2,1,2,-3,4,0.0,3.0
2018-02-10,2017,Real Madrid,Sociedad,H,2,1.19,7.0,13.0,1769.9094417818553,1524.6933620182929,245.21607976356245,955.35,232.95,1.4080165375243174,8,8,10,9,1,-3,3.0,0.0
2018-02-10,2017,Leganes,Eibar,A,0,2.87,3.1,2.62,1513.0490645379189,1556.8491284423353,-43.80006390441645,53.15,67.95,-0.24162363079231097,0,0,0,0,1,1,0.3333333333333333,2.3333333333333335
2018-02-10,2017,Villarreal,Alaves,A,0,1.66,4.0,5.0,1640.8309136469695,1510.459759443607,130.3711542033625,220.0,85.4,0.9391750257077423,5,6,4,4,2,0,1.0,2.0
2018-02-11,2017,Barcelona,Getafe,D,1,1.12,9.0,19.0,1896.053727571638,1496.2294917818317,399.8242357898064,1090.0,65.6,2.796145408286727,10,10,8,17,4,0,3.0,0.0
2018-02-11,2017,Valencia,Levante,H,2,1.5,4.33,6.5,1587.562336804161,1432.1483731702142,155.41396363394688,398.05,61.85,1.8483357872857615,3,4,4,3,-1,-3,1.3333333333333333,1.3333333333333333
2018-02-11,2017,Sevilla,Girona,H,2,1.72,3.79,4.75,1587.2444252407288,1555.751430672502,31.492994568226777,253.2,81.75,1.1222973444981816,6,6,5,5,-2,1,3.0,0.0
2018-02-11,2017,Celta,Espanol,D,1,1.9,3.6,4.0,1542.245886369856,1525.7051925883113,16.540693781544633,173.05,97.8,0.5662450095036258,1,2,2,1,2,-1,1.3333333333333333,1.3333333333333333
2018-02-12,2017,La Coruna,Betis,A,0,2.2,3.6,3.1,1411.1490246853464,1502.9298459988802,-91.7808213135338,94.0,84.2,0.10887545776527041,-1,0,0,-2,-3,1,0.6666666666666666,1.6666666666666667
2018-02-16,2017,Girona,Leganes,H,2,1.85,3.25,5.0,1546.1720651473306,1495.6436609905456,50.52840415678497,81.75,53.15,0.4240660408101724,0,0,0,0,1,-1,1.0,1.0
2018-02-17,2017,Alaves,La Coruna,H,2,1.9,3.39,4.33,1534.1657175754096,1395.794240398125,138.37147717728453,85.4,94.0,-0.09488921579053056,0,0,0,0,2,-4,1.3333333333333333,1.3333333333333333
2018-02-17,2017,Eibar,Barcelona,A,0,6.5,4.75,1.44,1574.2545319897085,1882.6524647038716,-308.39793271416306,67.95,1090.0,-2.76146838159376,-10,-10,-8,-17,1,3,0.0,3.0
2018-02-17,2017,Las Palmas,Sevilla,A,0,3.5,3.6,2.04,1407.6036872049435,1596.8237907659002,-189.22010356095666,91.25,253.2,-1.0136190758347174,-4,-2,-4,-3,0,0,0.0,3.0
2018-02-17,2017,Malaga,Valencia,A,0,3.6,3.5,2.04,1412.0714381066878,1593.1693341860675,-181.09789607937978,55.2,398.05,-1.9601699654223719,-1,-2,-3,-1,-3,-1,1.3333333333333333,1.3333333333333333
2018-02-18,2017,Ath Madrid,Ath Bilbao,H,2,1.44,4.2,8.5,1781.1792987437113,1568.906172485841,212.27312625787044,515.8,10.0,3.8497606796700214,-4,-6,-4,-5,4,-1,2.3333333333333335,0.3333333333333333
2018-02-18,2017,Betis,Real Madrid,A,0,9.0,6.0,1.3,1518.2846302861014,1773.5259691651634,-255.2413388790619,84.2,955.35,-2.4181225210012727,-10,-11,-11,-11,1,2,1.0,2.0
2018-02-18,2017,Espanol,Villarreal,D,1,2.5,3.25,2.89,1530.5560781229917,1617.124955515167,-86.56887739217518,97.8,220.0,-0.8050650967639301,-3,-4,-3,-1,-2,1,0.6666666666666666,1.6666666666666667
2018-02-18,2017,Sociedad,Levante,H,2,1.57,4.2,5.75,1521.0768346349848,1426.5413757883077,94.5354588466771,232.95,61.85,1.3143564822759695,3,3,1,4,-3,-3,1.3333333333333333,1.3333333333333333
2018-02-19,2017,Getafe,Celta,H,2,2.5,3.29,2.87,1509.6307546495982,1537.3950008351756,-27.76424618557735,65.6,173.05,-0.9606380367111047,-3,-4,-3,-4,1,2,0.6666666666666666,1.6666666666666667
2018-02-21,2017,Leganes,Real Madrid,A,0,11.0,6.0,1.25,1486.7642376628773,1782.2367400191285,-295.4725023562512,53.15,955.35,-2.8713659813895434,-11,-11,-11,-13,-1,4,0.0,3.0
2018-02-23,2017,La Coruna,Espanol,D,1,2.54,3.2,2.87,1389.7261876872753,1529.976498632587,-140.25031094531164,94.0,97.8,-0.03922071315328157,-2,-2,-1,-3,-4,-2,0.3333333333333333,2.3333333333333335
2018-02-24,2017,Leganes,Las Palmas,D,1,1.8,3.5,4.75,1479.412964792118,1396.3731329649063,83.03983182721163,53.15,91.25,-0.5327443094736366,-2,-4,-1,-2,-2,0,2.3333333333333335,0.3333333333333333
2018-02-24,2017,Real Madrid,Alaves,H,2,1.14,8.5,17.0,1789.588012889888,1540.2337702862594,249.35424260362856,955.35,85.4,2.404136279026533,11,11,11,13,4,2,3.0,0.0
2018-02-24,2017,Barcelona,Girona,H,2,1.14,8.0,19.0,1889.5986696905359,1555.051488474999,334.54718121553697,1090.0,81.75,2.5790259715758985,10,10,8,17,3,1,3.0,0.0
2018-02-24,2017,Celta,Eibar,H,2,2.0,3.5,3.7,1525.469495692625,1567.3083270030443,-41.83883131041921,173.05,67.95,0.9259610100181375,3,4,3,4,0,1,1.0,2.0
2018-02-25,2017,Ath Bilbao,Malaga,H,2,1.75,3.5,5.25,1564.6418268372217,1400.5104835440702,164.13134329315153,10.0,55.2,-1.6310214841012751,2,4,3,3,-2,-3,1.3333333333333333,1.3333333333333333
2018-02-25,2017,Sevilla,Ath Madrid,A,0,3.39,3.2,2.25,1608.0543450059374,1785.4436443923305,-177.38929938639308,253.2,515.8,-0.7095345937130384,6,6,5,5,2,4,1.0,2.0
2018-02-25,2017,Valencia,Sociedad,H,2,1.7,4.0,4.75,1604.730288748685,1528.4580851267697,76.27220362191542,398.05,232.95,0.5339793050097921,0,1,3,-1,-1,-1,1.0,2.0
2018-02-25,2017,Villarreal,Getafe,H,2,1.75,3.75,4.75,1617.7045350055716,1521.5562597921485,96.14827521342318,220.0,65.6,1.199458123971409,5,6,4,4,0,1,1.0,2.0
2018-02-26,2017,Levante,Betis,A,0,2.5,3.29,2.87,1419.160125296523,1509.5738594321363,-90.41373413561337,61.85,84.2,-0.3042504987990142,-1,0,0,-2,-3,-1,0.0,3.0
2018-02-27,2017,Girona,Celta,H,2,2.29,3.5,3.0,1552.7788004873767,1537.981671817348,14.79712867002877,81.75,173.05,-0.743518600000276,-3,-4,-3,-4,0,0,1.0,1.0
2018-02-27,2017,Espanol,Real Madrid,H,2,6.0,4.33,1.53,1528.2464856949543,1793.1294579914938,-264.8829722965395,97.8,955.35,-2.2700263500827207,-9,-9,-10,-10,-1,4,0.0,3.0
2018-02-28,2017,Malaga,Sevilla,A,0,3.5,3.2,2.14,1395.1286796491383,1596.3413273633964,-201.21264771425808,55.2,253.2,-1.509204601855708,-4,-4,-4,-3,-4,0,1.0,2.0
2018-02-28,2017,Getafe,La Coruna,H,2,1.9,3.39,4.33,1514.2265549505762,1391.456200624908,122.77035432566822,65.6,94.0,-0.35517231405419736,0,0,0,0,0,-3,1.3333333333333333,1.3333333333333333
2018-02-28,2017,Ath Bilbao,Valencia,D,1,2.62,3.2,2.79,1570.0236307321536,1612.7120949772357,-42.68846424508206,10.0,398.05,-3.591191449523647,1,2,0,2,-1,1,1.0,2.0
2018-02-28,2017,Ath Madrid,Leganes,H,2,1.25,5.25,15.0,1797.1566620348715,1472.1686404590034,324.98802157586806,515.8,53.15,2.2558979790213924,0,0,0,0,5,-3,1.6666666666666667,0.6666666666666666
2018-02-28,2017,Eibar,Villarreal,H,2,2.2,3.2,3.6,1554.7961508783214,1625.034239847144,-70.23808896882247,67.95,220.0,-1.1647810972784418,-5,-6,-4,-4,0,0,2.0,1.0
2018-03-01,2017,Alaves,Levante,H,2,1.8,3.39,5.0,1536.6923251846536,1403.7463579237942,132.94596726085933,85.4,61.85,0.3182367407737541,0,0,0,0,1,-3,3.0,0.0
2018-03-01,2017,Betis,Sociedad,D,1,2.79,3.39,2.39,1524.987626804865,1520.476278898219,4.511347906645824,84.2,232.95,-1.0101059834769552,-2,-3,-1,-2,1,-1,0.3333333333333333,2.3333333333333335
2018-03-01,2017,Las Palmas,Barcelona,D,1,15.0,7.5,1.18,1403.6174572980208,1891.8713576781581,-488.25390038013734,91.25,1090.0,-2.4703477029124343,-8,-6,-7,-15,-1,3,0.0,3.0
2018-03-03,2017,La Coruna,Eibar,D,1,2.79,3.1,2.7,1384.9417847459633,1568.514359585663,-183.57257483969966,94.0,67.95,0.3204952873612301,0,0,0,0,-4,1,1.3333333333333333,1.3333333333333333
2018-03-03,2017,Leganes,Malaga,H,2,2.14,2.89,4.0,1469.777635155736,1384.3788281502302,85.39880700550589,53.15,55.2,-0.037158783452646116,-2,-2,-1,-2,-4,-5,1.3333333333333333,1.3333333333333333
2018-03-03,2017,Sevilla,Ath Bilbao,H,2,1.7,3.75,5.25,1607.0911788623046,1567.5714938301487,39.51968503215585,253.2,10.0,3.140226085956983,2,0,1,0,1,-1,1.0,2.0
2018-03-03,2017,Villarreal,Girona,A,0,1.8,3.39,4.75,1611.3160311398024,1562.995427172699,48.32060396710335,220.0,81.75,0.9823386872605804,5,6,4,4,-2,1,3.0,0.0
2018-03-03,2017,Real Madrid,Getafe,H,2,1.19,7.5,13.0,1771.5011760188536,1520.7409708295208,250.76020518933274,955.35,65.6,2.6644193772901996,11,11,11,13,3,1,3.0,0.0
2018-03-04,2017,Barcelona,Ath Madrid,H,2,1.72,3.79,4.75,1879.770974921868,1799.5476673381388,80.22330758372914,1090.0,515.8,0.7471940333646785,10,10,8,17,2,5,1.6666666666666667,0.6666666666666666
2018-03-04,2017,Levante,Espanol,D,1,3.1,3.1,2.45,1397.5257159368969,1549.8747676675946,-152.34905173069774,61.85,97.8,-0.4523466697175662,-2,-2,-1,-3,-4,1,1.6666666666666667,0.6666666666666666
2018-03-04,2017,Sociedad,Alaves,H,2,1.64,4.0,5.25,1524.85705473268,1542.912967171551,-18.05591243887102,232.95,85.4,0.9961197415022154,3,3,1,4,0,3,2.0,1.0
2018-03-04,2017,Valencia,Betis,H,2,1.44,4.75,6.5,1615.1642318792406,1520.6068509704041,94.55738090883642,398.05,84.2,1.5440852884867473,2,4,4,1,2,2,1.3333333333333333,1.3333333333333333
2018-03-05,2017,Celta,Las Palmas,H,2,1.44,4.33,7.0,1527.7650451320255,1415.717840054311,112.04720507771458,173.05,91.25,0.6348403313368118,1,0,2,2,-2,0,2.3333333333333335,0.3333333333333333
2018-03-09,2017,Girona,La Coruna,H,2,1.55,4.2,5.5,1584.0363500580581,1388.481887889785,195.55446216827318,81.75,94.0,-0.13805287734336869,0,0,0,0,1,-3,3.0,0.0
2018-03-10,2017,Getafe,Levante,A,0,1.75,3.5,5.25,1517.224726394194,1399.7688570240962,117.45586937009784,65.6,61.85,0.05795364251008728,0,0,0,0,0,-4,1.3333333333333333,1.3333333333333333
2018-03-10,2017,Eibar,Real Madrid,A,0,5.75,4.75,1.5,1564.9742564418414,1775.0174204541804,-210.04316401233905,67.95,955.35,-2.6297423505972324,-11,-11,-11,-13,0,3,0.3333333333333333,2.3333333333333335
2018-03-10,2017,Malaga,Barcelona,A,0,13.0,6.0,1.25,1376.7009862864159,1887.6202516771161,-510.9192653907003,55.2,1090.0,-2.965933228933425,-8,-8,-7,-15,-5,3,1.3333333333333333,1.3333333333333333
2018-03-10,2017,Sevilla,Valencia,A,0,2.0,3.5,3.79,1616.3718070148136,1622.5447801069317,-6.172973092118127,253.2,398.05,-0.45096536356666395,3,2,1,2,3,4,1.3333333333333333,1.3333333333333333
2018-03-11,2017,Las Palmas,Villarreal,A,0,3.5,3.5,2.1,1408.8831344689224,1590.2751082544432,-181.3919737855208,91.25,220.0,-0.8736604185971162,-3,-2,-3,-2,-2,-2,1.0,2.0
2018-03-11,2017,Ath Bilbao,Leganes,H,2,1.9,3.29,4.5,1558.2908656776397,1477.4554770195505,80.83538865808919,10.0,53.15,-1.593862700648629,4,6,4,5,-1,-2,0.6666666666666666,1.6666666666666667
2018-03-11,2017,Ath Madrid,Celta,H,2,1.39,4.75,8.0,1791.6983905828906,1534.599750717414,257.09863986547657,515.8,173.05,1.088313338210944,-3,-4,-3,-4,3,0,3.0,0.0
2018-03-11,2017,Espanol,Sociedad,H,2,2.87,3.1,2.62,1547.6316265803953,1536.3834160009271,11.24821057946815,97.8,232.95,-0.8620098125584033,-1,-1,0,-1,1,0,0.6666666666666666,1.6666666666666667
2018-03-12,2017,Alaves,Betis,A,0,2.14,3.29,3.6,1531.3866059033037,1513.226302742713,18.16030316059073,85.4,84.2,0.013986241974739855,-1,0,0,-2,1,0,2.0,1.0
2018-03-16,2017,Levante,Eibar,H,2,3.2,3.2,2.37,1423.0970744942697,1554.5724599441753,-131.47538544990562,61.85,67.95,-0.09263066920305452,0,0,0,0,-2,-2,0.6666666666666666,1.6666666666666667
2018-03-17,2017,Valencia,Alaves,H,2,1.44,4.5,7.5,1641.4999327396133,1511.473203761261,130.02672897835237,398.05,85.4,1.5300990465120075,3,4,4,3,4,-1,2.0,1.0
2018-03-17,2017,Sociedad,Getafe,A,0,1.72,3.6,5.25,1526.0287063534563,1493.8965089240205,32.13219742943579,232.95,65.6,1.2564028397658822,3,3,1,4,0,-1,0.3333333333333333,2.3333333333333335
2018-03-17,2017,Betis,Espanol,H,2,2.2,3.39,3.29,1533.1397048847557,1557.986336227866,-24.846631343110403,84.2,97.8,-0.14809617091855198,-1,-2,-1,-1,0,2,0.0,3.0
2018-03-17,2017,La Coruna,Las Palmas,D,1,1.72,3.75,5.0,1383.8532101403814,1397.334206545973,-13.480996405591668,94.0,91.25,0.02937460867990449,-2,-4,-1,-2,-3,-3,2.3333333333333335,0.3333333333333333
2018-03-18,2017,Real Madrid,Girona,H,2,1.16,7.5,17.0,1785.4192169518465,1588.6650278074617,196.75418914438478,955.35,81.75,2.447299940579371,11,11,11,13,3,3,0.0,3.0
2018-03-18,2017,Leganes,Sevilla,H,2,3.7,3.29,2.1,1469.6266033529191,1597.416654382132,-127.79005102921292,53.15,253.2,-1.546363385308354,-6,-6,-5,-5,-2,1,0.3333333333333333,2.3333333333333335
2018-03-18,2017,Villarreal,Ath Madrid,H,2,4.2,3.1,2.04,1601.8240361773926,1795.1029477180086,-193.27891154061604,220.0,515.8,-0.8494932509506397,5,6,4,4,0,3,2.3333333333333335,0.3333333333333333
2018-03-18,2017,Barcelona,Ath Bilbao,H,2,1.16,8.0,15.0,1890.195637837767,1566.119739344271,324.07589849349597,1090.0,10.0,4.5969547130347,6,4,4,12,4,0,3.0,0.0
2018-03-18,2017,Celta,Malaga,D,1,1.44,4.5,7.0,1531.195193582296,1374.125600125765,157.06959345653104,173.05,55.2,1.1304258573578023,1,2,2,2,-1,-5,1.0,2.0
2018-03-31,2017,Las Palmas,Real Madrid,A,0,10.0,6.0,1.25,1400.9941890725465,1790.0209247890937,-389.02673571654714,91.25,955.35,-2.3386216719159068,-9,-7,-10,-11,-2,3,0.6666666666666666,1.6666666666666667
2018-03-31,2017,Ath Bilbao,Celta,D,1,2.04,3.29,3.6,1563.7171548693095,1521.758870210232,41.958284659077435,10.0,173.05,-2.7614473414590774,1,2,1,1,0,0,2.0,1.0
2018-03-31,2017,Girona,Levante,D,1,1.57,3.79,6.0,1584.0633199702145,1439.452270703544,144.61104926667053,81.75,61.85,0.27507307922091595,0,0,0,0,1,0,3.0,0.0
2018-03-31,2017,Sevilla,Barcelona,D,1,4.75,4.0,1.66,1581.219413578067,1892.5982223127285,-311.37880873466156,253.2,1090.0,-1.4567286270777169,-4,-4,-3,-12,-1,4,0.0,3.0
2018-04-01,2017,Malaga,Villarreal,H,2,3.5,3.2,2.14,1383.561923497829,1620.7571608764463,-237.19523737861732,55.2,220.0,-1.3692459446181067,-3,-4,-3,-2,-4,1,0.3333333333333333,2.3333333333333335
2018-04-01,2017,Espanol,Alaves,D,1,2.04,3.2,3.75,1546.1812925918991,1505.1692953198494,41.01199727204971,97.8,85.4,0.13410992894381213,2,2,1,3,1,-3,2.0,1.0
2018-04-01,2017,Leganes,Valencia,A,0,3.75,3.39,2.0,1485.8238441569843,1647.8038411810248,-161.97999702404059,53.15,398.05,-1.997328748875018,-3,-4,-4,-3,0,4,0.0,3.0
2018-04-01,2017,Ath Madrid,La Coruna,H,2,1.22,5.75,13.0,1776.169823018955,1380.193227613808,395.976595405147,515.8,94.0,1.6937790608678513,0,0,0,0,1,-2,2.3333333333333335,0.3333333333333333
2018-04-01,2017,Eibar,Sociedad,D,1,2.37,3.39,2.87,1538.217263734901,1505.5840951462615,32.63316858863959,67.95,232.95,-1.221725813072915,-3,-3,-1,-4,-2,-2,1.3333333333333333,1.3333333333333333
2018-04-02,2017,Getafe,Betis,A,0,1.95,3.5,3.75,1514.3411201312153,1544.9447485207227,-30.60362838950732,65.6,84.2,-0.24629685628892695,-1,0,0,-2,-1,2,1.3333333333333333,1.3333333333333333
2018-04-06,2017,La Coruna,Malaga,H,2,2.04,3.29,3.79,1378.5606338276436,1404.1953126699589,-25.634678842315225,94.0,55.2,0.524960134700895,-2,-2,-1,-2,-3,-2,1.0,2.0
2018-04-07,2017,Alaves,Getafe,H,2,2.45,3.0,3.2,1510.943638309244,1496.3842556940565,14.559382615187587,85.4,65.6,0.2602830982636668,0,0,0,0,-2,-1,0.0,3.0
2018-04-07,2017,Barcelona,Leganes,H,2,1.12,9.0,21.0,1884.453255242723,1473.4717066338756,410.98154860884733,1090.0,53.15,3.003092012386071,10,10,8,17,3,-1,3.0,0.0
2018-04-07,2017,Betis,Eibar,H,2,2.25,3.39,3.25,1562.9016129578815,1532.7538832809166,30.1477296769649,84.2,67.95,0.2116198295959597,1,0,0,2,2,-1,1.0,2.0
2018-04-07,2017,Celta,Sevilla,H,2,2.2,3.39,3.29,1527.567976893189,1589.3643806480725,-61.796403754883386,173.05,253.2,-0.3787787444979056,-3,-2,-2,-1,-1,0,0.0,3.0
2018-04-08,2017,Real Madrid,Ath Madrid,D,1,1.75,3.75,4.75,1794.798615276637,1777.8024168051193,16.9961984715178,955.35,515.8,0.6154680023681509,11,11,11,13,3,1,1.6666666666666667,0.6666666666666666
2018-04-08,2017,Levante,Las Palmas,H,2,1.9,3.6,4.0,1448.5562268466106,1396.2164985850031,52.33972826160743,61.85,91.25,-0.38375134788438015,-2,-4,-1,-2,1,-3,2.3333333333333335,0.3333333333333333
2018-04-08,2017,Sociedad,Girona,H,2,1.9,3.6,4.0,1511.047475600246,1574.9593638271479,-63.911888226901965,232.95,81.75,1.0392834030550535,3,3,1,4,-1,2,1.0,1.0
2018-04-08,2017,Valencia,Espanol,H,2,1.5,4.33,6.5,1660.1559787041335,1540.4069496025045,119.74902910162905,398.05,97.8,1.3959891175681953,1,2,3,0,4,1,3.0,0.0
2018-04-09,2017,Villarreal,Ath Bilbao,A,0,1.85,3.5,4.5,1600.1237717043164,1557.9080481863525,42.21572351796385,220.0,10.0,3.000267428719382,1,0,0,-1,-1,-1,1.3333333333333333,1.3333333333333333
2018-04-13,2017,Girona,Betis,A,0,2.29,3.39,3.1,1561.5118336874218,1572.5315439663098,-11.019710278887942,81.75,84.2,-0.029177419578098274,-1,0,0,-2,0,3,1.0,1.0
2018-04-14,2017,Ath Bilbao,La Coruna,A,0,1.66,3.75,5.5,1578.7265997183408,1390.3981723163604,188.32842740198043,10.0,94.0,-2.15598161880217,4,6,4,5,0,-1,2.3333333333333335,0.3333333333333333
2018-04-14,2017,Barcelona,Valencia,H,2,1.28,6.0,9.5,1885.9575256417154,1666.7595277859643,219.19799785575105,1090.0,398.05,1.005763263511053,7,6,4,14,4,5,2.3333333333333335,0.3333333333333333
2018-04-14,2017,Las Palmas,Sociedad,A,0,3.79,3.6,1.95,1387.4021173244828,1524.495005739972,-137.09288841548914,91.25,232.95,-0.9306051343915893,-1,1,0,-2,-4,0,0.3333333333333333,2.3333333333333335
2018-04-14,2017,Leganes,Celta,H,2,3.1,3.2,2.39,1471.967436234883,1540.9252105876228,-68.95777435273976,53.15,173.05,-1.1675846408104484,-3,-4,-3,-4,-1,1,1.0,2.0
2018-04-14,2017,Sevilla,Villarreal,D,1,1.8,3.75,4.5,1576.0071469536388,1579.305220172328,-3.2980732186892965,253.2,220.0,0.13995865723760126,1,0,1,1,-2,-1,1.6666666666666667,0.6666666666666666
2018-04-15,2017,Ath Madrid,Levante,H,2,1.22,6.0,15.0,1782.670903892822,1457.370608107131,325.3002957856911,515.8,61.85,2.106905017432136,0,0,0,0,0,3,2.0,1.0
2018-04-15,2017,Eibar,Alaves,A,0,1.83,3.39,4.75,1523.1239522724884,1521.1694875302453,1.9544647422430899,67.95,85.4,-0.22560607157069956,0,0,0,0,-3,-2,1.6666666666666667,0.6666666666666666
2018-04-15,2017,Malaga,Real Madrid,A,0,10.0,5.5,1.28,1392.3577741812421,1789.9301281889343,-397.5723540076922,55.2,955.35,-2.8342071979368972,-9,-9,-10,-11,-2,4,0.0,3.0
2018-04-15,2017,Getafe,Espanol,H,2,2.14,3.1,3.75,1486.1584064730553,1533.8034005206737,-47.64499404761841,65.6,97.8,-0.39439302720747893,-2,-2,-1,-3,-3,-1,1.0,2.0
2018-04-17,2017,Celta,Barcelona,D,1,4.75,4.33,1.64,1527.2618563515991,1890.078115413911,-362.81625906231193,173.05,1090.0,-1.8355073715756225,-7,-6,-5,-13,-1,4,1.3333333333333333,1.3333333333333333
2018-04-17,2017,La Coruna,Sevilla,D,1,2.5,3.5,2.75,1415.6043129762697,1571.9367584318074,-156.3324454555377,94.0,253.2,-0.984244467154813,-6,-6,-5,-5,0,-3,0.0,3.0
2018-04-17,2017,Villarreal,Leganes,H,2,1.6,3.79,6.5,1583.3756086941594,1485.6307904709067,97.74481822325265,220.0,53.15,1.4064047280707528,5,6,4,4,0,-1,1.3333333333333333,1.3333333333333333
2018-04-18,2017,Espanol,Eibar,A,0,2.29,3.1,3.39,1521.0467929229035,1503.8443660308299,17.202426892073618,97.8,67.95,0.3597160005145117,2,2,1,3,-2,-4,0.6666666666666666,1.6666666666666667
2018-04-18,2017,Real Madrid,Ath Bilbao,D,1,1.19,7.0,12.0,1794.513517537503,1553.5204590584315,240.99305847907158,955.35,10.0,4.465228682038172,7,5,7,8,4,0,2.3333333333333335,0.3333333333333333
2018-04-18,2017,Valencia,Getafe,A,0,1.44,4.0,8.0,1662.6389380137687,1498.9150140708255,163.7239239429432,398.05,65.6,1.7903821447756743,3,4,4,3,3,-1,0.6666666666666666,1.6666666666666667
2018-04-19,2017,Levante,Malaga,H,2,1.85,3.5,4.5,1454.9835553193343,1387.7743848326734,67.20917048666092,61.85,55.2,0.11183417813661034,-2,-2,-1,-2,2,-2,0.3333333333333333,2.3333333333333335
2018-04-19,2017,Sociedad,Ath Madrid,H,2,3.29,3.29,2.25,1537.8996338218617,1785.0579566806186,-247.15832285875695,232.95,515.8,-0.7925485351561665,3,3,1,4,0,2,1.0,2.0
2018-04-19,2017,Alaves,Girona,A,0,2.37,3.1,3.29,1540.4490737719038,1542.7520893761673,-2.3030156042634644,85.4,81.75,0.04316366155283813,0,0,0,0,0,-2,3.0,0.0
2018-04-19,2017,Betis,Las Palmas,H,2,1.36,5.25,7.5,1591.2912882775643,1373.997489242593,217.29379903497124,84.2,91.25,-0.07950084908536592,-1,-4,-1,0,5,-4,1.0,2.0
2018-04-20,2017,Leganes,La Coruna,D,1,2.29,3.25,3.2,1478.3518707369824,1418.015289956464,60.33658078051849,53.15,94.0,-0.5621189181535411,0,0,0,0,-1,1,2.0,1.0
2018-04-21,2017,Celta,Valencia,D,1,2.7,3.39,2.6,1536.8465385256043,1638.0311073230382,-101.18456879743394,173.05,398.05,-0.8297441080645696,0,0,-1,1,0,1,1.0,2.0
2018-04-21,2017,Eibar,Getafe,A,0,2.04,3.2,4.0,1523.720817248665,1523.522844761556,0.19797248710915483,67.95,65.6,0.03467702669296724,0,0,0,0,-2,1,1.6666666666666667,0.6666666666666666
2018-04-22,2017,Malaga,Sociedad,H,2,5.25,3.6,1.72,1379.4832469989267,1558.8984590858797,-179.41521208695303,55.2,232.95,-1.4261906604125798,-1,-1,0,-2,-2,2,1.3333333333333333,1.3333333333333333
2018-04-22,2017,Las Palmas,Alaves,A,0,3.1,3.2,2.39,1369.837780632545,1521.3389195752209,-151.50113894267588,91.25,85.4,0.06551460711062607,2,4,1,2,-4,0,0.6666666666666666,1.6666666666666667
2018-04-22,2017,Girona,Espanol,A,0,2.14,3.25,3.6,1561.8622435728503,1501.1703417050683,60.69190186778201,81.75,97.8,-0.17727359049665026,-2,-2,-1,-3,-2,-4,3.0,0.0
2018-04-22,2017,Ath Madrid,Betis,D,1,1.61,3.75,6.0,1764.0591314166006,1595.4509968876123,168.60813452898833,515.8,84.2,1.8026545186331218,-1,0,0,-2,0,5,2.3333333333333335,0.3333333333333333
2018-04-23,2017,Ath Bilbao,Levante,A,0,1.66,3.75,5.5,1564.8258975641547,1463.274693153081,101.55120441107374,10.0,61.85,-1.7428556622378855,4,6,4,5,-1,2,2.3333333333333335,0.3333333333333333
2018-04-27,2017,Levante,Sevilla,H,2,4.5,3.6,1.75,1486.1158846678654,1569.5257814516133,-83.40989678374785,61.85,253.2,-1.3973704237190976,-6,-6,-5,-5,2,-2,0.6666666666666666,1.6666666666666667
2018-04-28,2017,Villarreal,Celta,H,2,1.72,3.75,5.0,1590.6545284280837,1536.8976802734635,53.75684815462023,220.0,173.05,0.23882008726030435,2,2,1,0,0,0,3.0,0.0
2018-04-28,2017,Sociedad,Ath Bilbao,H,2,1.85,3.6,4.33,1540.5283182521307,1541.9847060493703,-1.4563877972395858,232.95,10.0,3.057212144513855,-1,-3,-3,-1,2,-1,0.3333333333333333,2.3333333333333335
2018-04-28,2017,Espanol,Las Palmas,D,1,1.36,4.75,9.5,1522.6522388729866,1357.0451200380198,165.60711883496674,97.8,91.25,0.06859532183318606,0,-2,0,1,-2,-5,1.6666666666666667,0.6666666666666666
2018-04-28,2017,Real Madrid,Leganes,H,2,1.3,5.5,10.0,1783.2080790317798,1471.8824549534281,311.32562407835167,955.35,53.15,2.8713659813895434,11,11,11,13,3,-2,3.0,0.0
2018-04-29,2017,Alaves,Ath Madrid,A,0,3.29,3.1,2.37,1534.131580169746,1754.328062832335,-220.196482662589,85.4,515.8,-1.788668276658382,0,0,0,0,2,1,0.6666666666666666,1.6666666666666667
2018-04-29,2017,Getafe,Girona,D,1,2.1,3.1,4.0,1542.732669937409,1540.380346404932,2.3523235324769303,65.6,81.75,-0.21711943671082867,0,0,0,0,1,-2,0.0,3.0
2018-04-29,2017,La Coruna,Barcelona,A,0,12.0,6.0,1.25,1424.4847057400182,1880.493433239906,-456.00872749988775,94.0,1090.0,-2.44097309423253,-10,-10,-8,-17,1,3,1.0,2.0
2018-04-29,2017,Valencia,Eibar,D,1,1.5,4.0,7.5,1637.979965575179,1504.510992072812,133.4689735023669,398.05,67.95,1.755705118082707,3,4,4,3,0,-2,0.0,3.0
2018-04-30,2017,Betis,Malaga,H,2,1.44,4.5,7.5,1605.1820654718779,1397.8533878326757,207.32867763920217,84.2,55.2,0.41608467693562456,-1,-2,-1,0,4,-1,3.0,0.0
2018-05-04,2017,Sevilla,Sociedad,H,2,2.1,3.79,3.1,1555.241489909093,1551.38437919342,3.8571107156728885,253.2,232.95,0.08301394144312813,3,3,4,1,-2,3,1.3333333333333333,1.3333333333333333
2018-05-05,2017,Celta,La Coruna,D,1,1.61,4.0,5.5,1528.1339912842197,1421.0611663895982,107.07282489462159,173.05,94.0,0.6054657226569073,3,4,3,4,-1,1,3.0,0.0
2018-05-05,2017,Ath Bilbao,Betis,H,2,2.25,3.29,3.29,1531.128645108081,1609.55159676653,-78.42295165844916,10.0,84.2,-2.0471061610368997,3,6,4,3,-2,4,2.0,1.0
2018-05-05,2017,Girona,Eibar,A,0,2.1,3.29,3.75,1544.6757062385216,1513.3051818855433,31.370524352978236,81.75,67.95,0.18244241001786143,0,0,0,0,-2,-2,0.0,3.0
2018-05-05,2017,Villarreal,Valencia,H,2,2.25,3.39,3.2,1599.4182174173275,1629.1857757624477,-29.76755834512028,220.0,398.05,-0.5909240208042652,2,2,0,1,0,-1,2.0,1.0
2018-05-06,2017,Ath Madrid,Espanol,A,0,1.39,4.2,10.0,1764.3363352586596,1512.9966269716986,251.339708286961,515.8,97.8,1.6545583477145698,-2,-2,-1,-3,1,-2,1.3333333333333333,1.3333333333333333
2018-05-06,2017,Barcelona,Real Madrid,D,1,1.66,4.33,4.5,1883.916972590326,1785.7779633754578,98.13900921486811,1090.0,955.35,0.13172603099652758,-1,-1,-3,4,3,3,2.3333333333333335,0.3333333333333333
2018-05-06,2017,Las Palmas,Getafe,A,0,4.0,3.29,2.0,1366.7007319393078,1538.4373101038193,-171.73657816451146,91.25,65.6,0.32579770537429287,2,4,1,2,-4,2,1.0,2.0
2018-05-06,2017,Malaga,Alaves,A,0,2.39,3.2,3.1,1393.4838565380235,1524.1233077434215,-130.63945120539802,55.2,85.4,-0.4300709189103644,2,2,1,2,-3,1,0.3333333333333333,2.3333333333333335
2018-05-07,2017,Leganes,Levante,A,0,2.1,3.2,3.89,1469.31257060975,1500.4001762103858,-31.087605600635698,53.15,61.85,-0.14899296158925646,0,0,0,0,-2,3,1.0,1.0
2018-05-09,2017,Sevilla,Real Madrid,H,2,2.45,3.7,2.62,1565.8865647568616,1793.511545751087,-227.62498099422533,253.2,955.35,-1.3250025960811893,-5,-5,-6,-8,-1,2,1.0,2.0
2018-05-09,2017,Barcelona,Villarreal,H,2,1.28,5.75,10.0,1876.1833902146968,1611.4266760707667,264.75671414393014,1090.0,220.0,1.5966872843153181,5,4,4,13,3,2,2.3333333333333335,0.3333333333333333
2018-05-12,2017,Betis,Sevilla,D,1,2.62,3.39,2.7,1595.4819570397017,1586.161431573841,9.320525465860783,84.2,253.2,-1.0931199249200834,-5,-6,-5,-3,2,1,1.0,2.0
2018-05-12,2017,La Coruna,Villarreal,A,0,3.5,3.6,2.04,1429.074161058497,1608.1529211702555,-179.07876011175836,94.0,220.0,-0.8442858099172117,-5,-6,-4,-4,0,2,1.0,1.0
2018-05-12,2017,Getafe,Ath Madrid,A,0,2.79,3.1,2.79,1550.3834670696428,1737.8422379397707,-187.45877087012786,65.6,515.8,-2.0489513749220487,0,0,0,0,4,0,0.0,3.0
2018-05-12,2017,Eibar,Las Palmas,H,2,1.39,4.5,9.0,1533.7212188130475,1354.7545749734843,178.96664383956318,67.95,91.25,-0.29112067868132563,-2,-4,-1,-2,0,-4,2.0,1.0
2018-05-12,2017,Sociedad,Leganes,H,2,1.44,4.2,8.5,1540.7393043456514,1451.3757947149109,89.36350963074051,232.95,53.15,1.463349443865226,3,3,1,4,1,-2,1.3333333333333333,1.3333333333333333
2018-05-12,2017,Girona,Valencia,A,0,2.5,3.39,2.75,1524.2596693110174,1617.1773171090085,-92.9176477979911,81.75,398.05,-1.5732627080648456,-3,-4,-4,-3,-2,-3,0.0,3.0
2018-05-12,2017,Real Madrid,Celta,H,2,1.36,5.0,9.0,1773.2366789341077,1520.1209966153208,253.11568231878687,955.35,173.05,1.703781340579095,8,7,8,9,1,-2,2.3333333333333335,0.3333333333333333
2018-05-12,2017,Alaves,Ath Bilbao,H,2,2.5,3.29,2.89,1537.8039148450348,1545.1982848349094,-7.394369989874576,85.4,10.0,2.0610924030116395,-4,-6,-4,-5,1,-2,1.3333333333333333,1.3333333333333333
2018-05-13,2017,Espanol,Malaga,H,2,1.61,3.7,6.25,1539.4907242905874,1379.8032494364102,159.68747485417725,97.8,55.2,0.5641808478541765,0,0,0,1,0,-3,2.3333333333333335,0.3333333333333333
2018-05-13,2017,Levante,Barcelona,H,2,10.0,5.25,1.3,1518.336952105225,1879.457145115208,-361.12019300998304,61.85,1090.0,-2.8540990507968145,-10,-10,-8,-17,3,3,0.0,3.0
2018-05-19,2017,Villarreal,Real Madrid,D,1,3.1,4.1,2.1,1619.7965758805376,1776.7110520130318,-156.9144761324942,220.0,955.35,-1.4649612533187906,-6,-5,-7,-9,3,1,1.3333333333333333,1.3333333333333333
2018-05-19,2017,Malaga,Getafe,A,0,3.3,3.3,2.25,1374.3075432731519,1539.0815818193498,-164.77403854619797,55.2,65.6,-0.16978782064669762,2,2,1,2,-3,2,1.0,2.0
2018-05-19,2017,Sevilla,Alaves,H,2,1.4,4.75,8.0,1590.7313500524658,1548.8978732627754,41.833476789690394,253.2,85.4,1.0791336829453435,6,6,5,5,1,1,1.3333333333333333,1.3333333333333333
2018-05-19,2017,Las Palmas,Girona,A,0,3.1,3.5,2.25,1349.7396537676973,1508.9539419327205,-159.21428816502316,91.25,81.75,0.1086782686634642,2,4,1,2,-4,-2,0.0,3.0
2018-05-19,2017,Leganes,Betis,H,2,2.7,3.6,2.5,1443.827607827271,1590.9120385610768,-147.08443073380568,53.15,84.2,-0.4532434603882707,-1,0,0,-2,-4,1,1.0,2.0
2018-05-19,2017,Celta,Levante,H,2,1.8,4.0,4.1,1516.6466235363966,1542.8781713395208,-26.23154780312416,173.05,61.85,1.018591679221192,3,4,3,4,-2,5,3.0,0.0
2018-05-20,2017,Barcelona,Sociedad,H,2,1.22,7.0,11.0,1854.9159258809123,1548.287491233291,306.62843464762136,1090.0,232.95,1.539742568520845,7,7,7,13,1,1,2.3333333333333335,0.3333333333333333
2018-05-20,2017,Ath Bilbao,Espanol,A,0,2.04,3.5,3.6,1534.1043264171687,1544.9864304538457,-10.882104036676992,10.0,97.8,-2.1952023319554517,2,4,3,2,-2,2,1.6666666666666667,0.6666666666666666
2018-05-20,2017,Ath Madrid,Eibar,D,1,1.61,3.8,6.0,1749.1441231900637,1538.7361400188345,210.40798317122926,515.8,67.95,2.0142743482290815,0,0,0,0,0,2,3.0,0.0
2018-05-20,2017,Valencia,La Coruna,H,2,1.4,4.75,8.0,1632.4830444873055,1417.430506348215,215.05253813909053,398.05,94.0,1.435209830721477,3,4,4,3,-1,-2,2.3333333333333335,0.3333333333333333
2018-08-17,2018,Girona,Valladolid,D,1,1.75,3.6,5.0,1521.4219242823847,1426.4835749343852,94.93834934799952,81.75,83.0,-0.014992784586141283,0,0,0,0,-2,-2,1.5,1.5
2018-08-17,2018,Betis,Levante,A,0,1.66,4.0,5.0,1573.8915940805266,1531.016000466737,42.87559361378953,290.75,61.85,1.535146336130409,3,4,1,4,-1,3,3.0,0.0
2018-08-18,2018,Celta,Espanol,D,1,1.85,3.5,4.5,1528.5087944091804,1563.7517419103044,-35.242947501124036,234.1,174.7,0.2912329603529731,0,0,2,-1,-1,4,0.6666666666666666,1.6666666666666667
2018-08-18,2018,Villarreal,Sociedad,A,0,2.04,3.4,3.8,1622.2320253506466,1545.6533558754018,76.57866947524485,230.65,300.95,-0.2650338288912524,1,1,4,-1,2,-1,2.0,1.0
2018-08-18,2018,Barcelona,Alaves,H,2,1.11,10.0,21.0,1857.5500612388014,1539.7023990756197,317.84766216318167,1160.0,74.8,2.7289386890495653,10,9,9,18,2,1,3.0,0.0
2018-08-19,2018,Eibar,Huesca,A,0,1.66,3.75,5.5,1549.43236663191,1500.0,49.4323666319101,93.9,61.4,0.41925843024050025,2,3,0,2,1,0,1.5,1.5
2018-08-19,2018,Real Madrid,Getafe,H,2,1.2,7.0,13.0,1774.2756025429228,1551.3170179343776,222.95858460854515,896.1,65.6,2.6004627610188944,11,11,11,11,1,2,3.0,0.0
2018-08-19,2018,Vallecano,Sevilla,A,0,3.25,3.6,2.14,1469.8381876292838,1599.9268242396215,-130.08863661033774,86.7,306.3,-1.253902569758302,-4,-5,-4,-5,-2,2,0.3333333333333333,2.3333333333333335
2018-08-20,2018,Ath Bilbao,Leganes,H,2,1.75,3.3,5.5,1515.33901496071,1460.8480523078213,54.49096265288881,10.0,58.55,-1.6889210230029388,4,4,3,6,-3,-2,1.3333333333333333,1.3333333333333333
2018-08-20,2018,Valencia,Ath Madrid,D,1,3.0,3.2,2.5,1636.6891950545935,1738.4478965769881,-101.75870152239463,499.65,711.15,-0.352381309226784,5,5,5,5,1,1,0.3333333333333333,2.3333333333333335
2018-08-24,2018,Leganes,Sociedad,D,1,3.5,3.3,2.1,1452.1105561402064,1567.6818801171296,-115.57132397692317,58.55,300.95,-1.6234451449526004,-3,-3,-1,-5,-3,1,1.3333333333333333,1.3333333333333333
2018-08-24,2018,Getafe,Eibar,H,2,1.95,3.2,4.33,1547.272774969687,1528.351281888689,18.921493080997834,65.6,93.9,-0.3541191280695388,-2,-3,0,-2,0,1,1.6666666666666667,0.6666666666666666
2018-08-25,2018,Valladolid,Barcelona,A,0,17.0,7.5,1.16,1434.1152236817109,1860.0330885548628,-425.917864873152,83.0,1160.0,-2.6262201828545777,-10,-9,-9,-18,-1,2,1.0,2.0
2018-08-25,2018,Ath Madrid,Vallecano,H,2,1.16,7.0,21.0,1738.3719679772175,1456.133980666244,282.2379873109735,711.15,86.7,2.0943666640024583,0,0,0,0,1,-3,3.0,0.0
2018-08-25,2018,Alaves,Betis,D,1,2.8,3.25,2.6,1537.2193717595583,1553.0488582085568,-15.829486448998523,74.8,290.75,-1.3477989785183393,-3,-4,-1,-4,-1,-2,1.0,2.0
2018-08-26,2018,Espanol,Valencia,H,2,3.25,3.2,2.37,1566.5155973526425,1636.765123654364,-70.24952630172152,174.7,499.65,-1.0471292589607604,-2,-2,-4,-1,3,1,0.0,3.0
2018-08-26,2018,Girona,Real Madrid,A,0,8.0,5.5,1.36,1513.790275535059,1778.3198455076135,-264.52956997255455,81.75,896.1,-2.3833433243080657,-11,-11,-11,-11,-1,1,1.5,1.5
2018-08-26,2018,Sevilla,Villarreal,D,1,1.72,4.2,4.33,1613.6310312026612,1600.2035011089188,13.427530093742462,306.3,230.65,0.2825968572737816,0,1,-1,1,4,0,1.6666666666666667,0.6666666666666666
2018-08-27,2018,Levante,Celta,A,0,2.4,3.25,3.0,1551.8587363387069,1525.7449389668423,26.11379737186462,61.85,234.1,-1.319260020509768,-3,-3,-3,-3,3,-1,0.0,3.0
2018-08-27,2018,Ath Bilbao,Huesca,D,1,1.61,3.6,6.5,1524.076511128325,1521.081084743221,2.995426385103883,10.0,61.4,-1.7356700025770113,4,4,3,6,-1,1,1.5,1.5
2018-08-31,2018,Eibar,Sociedad,H,2,2.75,3.25,2.62,1518.2940000764304,1567.0100617747653,-48.7160616983349,93.9,300.95,-1.1574377351380276,-1,0,-1,-3,0,0,0.6666666666666666,1.6666666666666667
2018-08-31,2018,Getafe,Valladolid,D,1,1.9,3.2,4.75,1557.3300567819456,1430.1302169794321,127.19983980251345,65.6,83.0,-0.23211222129696996,0,0,0,0,1,-3,0.3333333333333333,2.3333333333333335
2018-08-31,2018,Villarreal,Girona,A,0,1.57,4.0,6.0,1604.9336905896016,1505.4062736279284,99.52741696167323,230.65,81.75,1.0294035976054854,4,4,5,4,-1,-2,1.5,1.5
2018-09-01,2018,Real Madrid,Leganes,H,2,1.12,9.0,21.0,1786.7038474147441,1452.7823744825707,333.9214729321734,896.1,58.55,2.7123510427639284,11,11,11,11,2,-2,3.0,0.0
2018-09-01,2018,Celta,Ath Madrid,H,2,5.5,3.4,1.75,1545.9625436815213,1741.3635702355298,-195.40102655400847,234.1,711.15,-1.1082776078345713,3,3,3,3,1,1,0.0,3.0
2018-09-02,2018,Barcelona,Huesca,H,2,1.08,11.0,29.0,1864.0180952571416,1525.4019192841022,338.6161759730394,1160.0,61.4,2.923471706322509,10,9,9,18,3,1,1.5,1.5
2018-09-02,2018,Betis,Sevilla,H,2,2.8,3.5,2.45,1556.6133286393874,1608.9008417219784,-52.287513082590976,290.75,306.3,-0.051927197969773964,-1,-1,-3,-1,-3,3,1.3333333333333333,1.3333333333333333
2018-09-02,2018,Alaves,Espanol,H,2,2.9,3.1,2.54,1533.6549013287276,1580.234296244982,-46.57939491625439,74.8,174.7,-0.8406797025447252,-3,-3,-1,-4,0,4,1.3333333333333333,1.3333333333333333
2018-09-02,2018,Levante,Valencia,D,1,3.75,3.4,2.0,1531.6411316240278,1623.0464247620246,-91.40529313799675,61.85,499.65,-2.0751563191175553,-5,-5,-5,-5,1,0,1.3333333333333333,1.3333333333333333
2018-09-14,2018,Huesca,Vallecano,A,0,2.14,3.5,3.4,1523.1779454529262,1453.1423784079318,70.03556704499442,61.4,86.7,-0.3403566240027551,0,0,0,0,0,-3,1.5,1.5
2018-09-15,2018,Sociedad,Barcelona,A,0,7.0,5.25,1.4,1554.2082260963002,1866.2420690883175,-312.0338429920173,300.95,1160.0,-1.3467755409439812,-7,-6,-8,-13,0,3,0.0,3.0
2018-09-15,2018,Ath Bilbao,Real Madrid,D,1,6.0,4.33,1.53,1519.7556765874438,1788.984112756806,-269.22843616936234,10.0,896.1,-4.401272065766867,-7,-7,-8,-5,0,4,0.6666666666666666,1.6666666666666667
2018-09-15,2018,Ath Madrid,Eibar,D,1,1.36,4.33,12.0,1722.345263054238,1531.0958357548955,191.24942729934264,711.15,93.9,2.015464857764713,-2,-3,0,-2,1,0,2.3333333333333335,0.3333333333333333
2018-09-15,2018,Valencia,Betis,D,1,1.75,3.75,4.75,1623.41741241334,1569.566267260236,53.85114515310397,499.65,290.75,0.5400099829871463,2,1,4,1,1,-1,2.3333333333333335,0.3333333333333333
2018-09-16,2018,Valladolid,Alaves,A,0,2.2,3.1,3.6,1438.7448993105745,1546.3665531317356,-107.62165382116109,83.0,74.8,0.10271850619498757,0,0,0,0,-3,0,1.5,1.5
2018-09-16,2018,Sevilla,Getafe,A,0,1.55,4.0,7.0,1595.94790310113,1548.7153744508032,47.232528650326685,306.3,65.6,1.5291198915900956,4,5,4,5,1,0,1.6666666666666667,0.6666666666666666
2018-09-16,2018,Espanol,Levante,H,2,1.72,3.6,5.25,1567.522644441974,1531.2701439727125,36.25250046926158,174.7,61.85,1.028027060156795,3,3,1,4,2,0,0.6666666666666666,1.6666666666666667
2018-09-16,2018,Leganes,Villarreal,A,0,3.0,3.1,2.54,1450.5021091405088,1582.1561901147077,-131.6540809741989,58.55,230.65,-1.358411316061348,-4,-4,-5,-4,-2,-1,1.0,2.0
2018-09-17,2018,Girona,Celta,H,2,2.4,3.3,3.0,1528.1837741028223,1564.980850862813,-36.79707675999066,81.75,234.1,-1.044186941288852,-3,-3,-3,-3,0,2,2.0,0.5
2018-09-21,2018,Huesca,Sociedad,A,0,3.6,3.4,2.1,1501.371823816812,1547.3731145582221,-46.00129074141023,61.4,300.95,-1.5766961653785279,-3,-3,-1,-5,-1,-2,1.5,1.5
2018-09-22,2018,Real Madrid,Espanol,H,2,1.18,7.0,15.0,1782.2056926401858,1576.924251375959,205.28144126422671,896.1,174.7,1.6303893433721868,8,8,10,7,3,2,2.0,1.0
2018-09-22,2018,Getafe,Ath Madrid,A,0,5.0,3.3,1.8,1569.7168908117242,1712.0717828478978,-142.35489203617362,65.6,711.15,-2.369583985834252,0,0,0,0,2,0,0.0,3.0
2018-09-22,2018,Vallecano,Alaves,A,0,2.04,3.4,3.6,1474.948500044046,1561.0375526583014,-86.08905261425525,86.7,74.8,0.14582360672981132,0,0,0,0,-1,0,1.5,1.5
2018-09-22,2018,Celta,Valladolid,D,1,1.75,3.5,5.25,1552.6798341081092,1424.0738997840087,128.60593432410042,234.1,83.0,1.0291941567027107,3,3,3,3,2,-3,2.0,1.0
2018-09-22,2018,Eibar,Leganes,H,2,2.04,3.2,4.0,1541.3693159612358,1436.8649569267802,104.50435903445555,93.9,58.55,0.4660074098145728,2,3,0,2,-1,-2,3.0,0.0
2018-09-23,2018,Betis,Ath Bilbao,D,1,2.14,3.3,3.6,1575.8059453191825,1526.534096704064,49.271848615118415,290.75,10.0,3.2780019983682944,-1,0,-2,-2,-1,-1,0.0,3.0
2018-09-23,2018,Barcelona,Girona,D,1,1.08,11.0,21.0,1873.0771806263956,1540.4847908575261,332.59238976886945,1160.0,81.75,2.641212967440719,10,9,9,18,5,2,3.0,0.0
2018-09-23,2018,Levante,Sevilla,A,0,3.5,3.6,2.04,1521.8685370387275,1574.946386740209,-53.077849701481455,61.85,306.3,-1.587073534100183,-4,-5,-4,-5,-2,0,1.3333333333333333,1.3333333333333333
2018-09-23,2018,Villarreal,Valencia,D,1,2.25,3.25,3.3,1595.7933423284362,1617.1777343543934,-21.38439202595714,230.65,499.65,-0.7706796422911539,-1,-1,0,-1,-1,0,3.0,0.0
2018-09-25,2018,Ath Madrid,Huesca,H,2,1.22,6.0,15.0,1725.252180171941,1484.0591039431004,241.1930762288407,711.15,61.4,2.4347232880052134,0,0,0,0,1,-2,1.5,1.5
2018-09-25,2018,Espanol,Eibar,H,2,1.9,3.3,4.5,1572.510542068726,1548.4358791346745,24.074662934051503,174.7,93.9,0.6159542895771688,1,0,1,2,0,0,0.3333333333333333,2.3333333333333335
2018-09-25,2018,Sociedad,Vallecano,D,1,1.61,4.0,5.5,1564.6858344319337,1459.348236896996,105.33759753493769,300.95,86.7,1.2363395413757727,3,3,1,5,0,-1,2.3333333333333335,0.3333333333333333
2018-09-26,2018,Valencia,Celta,D,1,1.66,4.0,4.75,1620.5150792348536,1544.024563280955,76.4905159538987,499.65,234.1,0.7558962986077873,2,2,2,2,-1,1,2.3333333333333335,0.3333333333333333
2018-09-26,2018,Ath Bilbao,Villarreal,A,0,2.25,3.3,3.3,1532.609389234073,1592.455997447976,-59.84660821390298,10.0,230.65,-3.047332339064287,0,0,-2,2,0,-1,1.3333333333333333,1.3333333333333333
2018-09-26,2018,Leganes,Barcelona,H,2,12.0,6.0,1.25,1429.7983937533415,1860.3736182024954,-430.5752244491539,58.55,1160.0,-2.9702206858965816,-10,-9,-9,-18,-4,4,0.0,3.0
2018-09-26,2018,Sevilla,Real Madrid,H,2,4.33,4.2,1.72,1591.9599516931673,1786.619401947419,-194.65945025425162,306.3,896.1,-1.0713428694287987,-7,-6,-7,-6,0,4,1.0,2.0
2018-09-27,2018,Valladolid,Levante,H,2,2.04,3.5,3.6,1432.729170611163,1504.854972085769,-72.12580147460608,83.0,61.85,0.29006586380705723,0,0,0,0,-2,-2,0.6666666666666666,1.6666666666666667
2018-09-27,2018,Girona,Betis,A,0,2.5,3.3,2.87,1553.1883532814263,1569.7306527891735,-16.542299507747202,81.75,290.75,-1.260073256909493,-3,-4,-1,-4,1,0,0.5,2.0
2018-09-27,2018,Alaves,Getafe,D,1,2.8,3.0,2.75,1576.6378158053515,1556.536493487681,20.101322317670565,74.8,65.6,0.1293937151019824,0,0,0,0,2,0,1.5,1.5
2018-09-28,2018,Vallecano,Espanol,D,1,2.8,3.3,2.6,1467.3075516698746,1582.3704794858857,-115.0629278160111,86.7,174.7,-0.6948560958149139,-3,-3,-1,-4,-2,1,1.3333333333333333,1.3333333333333333
2018-09-29,2018,Real Madrid,Ath Madrid,D,1,2.0,3.5,3.75,1767.6308305346975,1728.943013262114,38.687817272583516,896.1,711.15,0.2308787751846424,11,11,11,11,2,2,1.0,1.0
2018-09-29,2018,Sociedad,Valencia,A,0,2.2,3.4,3.2,1556.7265196590552,1613.4895256320488,-56.7630059729936,300.95,499.65,-0.5056458133999016,-2,-2,-4,0,-1,-1,1.0,2.0
2018-09-29,2018,Barcelona,Ath Bilbao,D,1,1.16,7.5,17.0,1834.2668873697044,1515.8835051056842,318.38338226402016,1160.0,10.0,4.65914170889952,6,5,6,12,2,0,3.0,0.0
2018-09-29,2018,Eibar,Sevilla,A,0,3.3,3.4,2.2,1538.5759417175148,1610.9485231058889,-72.3725813883741,93.9,306.3,-1.1750007635205568,-2,-2,-4,-3,0,0,1.0,2.0
2018-09-30,2018,Levante,Alaves,H,2,2.14,3.5,3.3,1491.0558226154144,1571.6497419870664,-80.59391937165196,61.85,74.8,-0.18734735761206966,0,0,0,0,-4,3,0.0,3.0
2018-09-30,2018,Villarreal,Valladolid,A,0,1.53,4.0,6.5,1609.1818815763647,1446.5283200815177,162.65356149484705,230.65,83.0,1.014410813019344,4,4,5,4,1,-1,1.5,1.5
2018-09-30,2018,Betis,Leganes,H,2,1.64,3.8,5.5,1588.2660722852004,1455.9051245861326,132.36094769906776,290.75,58.55,1.5890809753653556,3,4,1,4,2,-2,1.0,2.0
2018-09-30,2018,Huesca,Girona,D,1,2.5,3.3,2.9,1480.3682708529275,1534.6529337853995,-54.284662932471974,61.4,81.75,-0.2822587388817901,0,0,0,0,-4,0,1.5,1.5
2018-10-01,2018,Celta,Getafe,D,1,2.0,3.5,3.8,1551.0501168837598,1561.524567305966,-10.474450422206246,234.1,65.6,1.2613063779996807,3,3,3,3,1,1,1.3333333333333333,1.3333333333333333
2018-10-05,2018,Ath Bilbao,Sociedad,A,0,2.04,3.4,3.8,1528.4074922739717,1539.869405623015,-11.461913349043243,10.0,300.95,-3.312366167955539,1,1,2,1,-1,-2,1.3333333333333333,1.3333333333333333
2018-10-06,2018,Alaves,Real Madrid,H,2,9.0,4.75,1.36,1557.4866996366607,1761.942179911763,-204.45548027510245,74.8,896.1,-2.471069045916912,-11,-11,-11,-11,2,1,0.0,3.0
2018-10-06,2018,Getafe,Levante,A,0,1.72,3.6,5.25,1565.3063647307763,1505.21886496582,60.08749976495619,65.6,61.85,0.05795364251008728,0,0,0,0,0,-2,0.3333333333333333,2.3333333333333335
2018-10-06,2018,Girona,Eibar,A,0,2.1,3.2,3.8,1536.615311632353,1522.3856778489046,14.229633783448435,81.75,93.9,-0.13699969135871015,-2,-3,0,-2,1,0,0.0,3.0
2018-10-06,2018,Leganes,Vallecano,H,2,2.0,3.3,4.0,1449.6678611850423,1467.9574633946834,-18.28960220964109,58.55,86.7,-0.38710560357682766,0,0,0,0,-3,-1,1.5,1.5
2018-10-07,2018,Valencia,Barcelona,D,1,4.75,4.2,1.64,1630.346639668089,1821.742900201417,-191.3962605333279,499.65,1160.0,-0.8411297275440797,-5,-4,-4,-13,1,1,0.3333333333333333,2.3333333333333335
2018-10-07,2018,Sevilla,Celta,H,2,1.53,4.33,6.0,1627.138786974499,1547.2683194589495,79.87046751554954,306.3,234.1,0.26781351359041494,1,2,1,2,1,0,2.0,1.0
2018-10-07,2018,Valladolid,Huesca,H,2,1.9,3.5,4.2,1471.1088447389493,1478.405893005974,-7.297048267024593,83.0,61.4,0.2972515234679314,0,0,0,0,1,-4,1.5,1.5
2018-10-07,2018,Ath Madrid,Betis,H,2,1.44,4.0,9.0,1734.6316638850483,1594.5033356862907,140.12832819875757,711.15,290.75,0.8923912922139303,-3,-4,-1,-4,1,3,1.6666666666666667,0.6666666666666666
2018-10-07,2018,Espanol,Villarreal,H,2,2.25,3.2,3.4,1581.7205677610768,1584.601356918933,-2.8807891578562703,174.7,230.65,-0.27644961666960643,-1,-1,-4,0,0,0,0.6666666666666666,1.6666666666666667
2018-10-19,2018,Celta,Alaves,A,0,1.66,4.0,5.0,1539.407265557955,1576.8652690975748,-37.45800353961977,234.1,74.8,1.1319126628976983,3,3,3,3,-2,2,1.0,2.0
2018-10-20,2018,Valencia,Leganes,D,1,1.5,4.0,7.5,1634.2039651332977,1461.2037720802061,173.0001930530916,499.65,58.55,2.129090958352502,5,5,5,5,1,-1,3.0,0.0
2018-10-20,2018,Villarreal,Ath Madrid,D,1,3.8,3.1,2.14,1573.6884290026187,1740.6509090063516,-166.96248000373294,230.65,711.15,-1.123060951517938,4,4,5,4,0,3,2.3333333333333335,0.3333333333333333
2018-10-20,2018,Barcelona,Sevilla,H,2,1.33,6.0,7.5,1817.8855747362081,1634.9998408754934,182.8857338607147,1160.0,306.3,1.329212512561452,6,4,5,13,0,3,2.3333333333333335,0.3333333333333333
2018-10-20,2018,Real Madrid,Levante,A,0,1.14,8.5,19.0,1742.563610450849,1526.6795246979725,215.88408575287644,896.1,61.85,2.6584164035289817,11,11,11,11,-1,-1,1.6666666666666667,0.6666666666666666
2018-10-21,2018,Eibar,Ath Bilbao,D,1,2.7,3.2,2.75,1542.147030512765,1509.6656456797093,32.4813848330557,93.9,10.0,2.1549284328175116,-2,-1,-3,-4,0,-2,0.3333333333333333,2.3333333333333335
2018-10-21,2018,Vallecano,Getafe,A,0,2.9,3.3,2.5,1456.4215524995195,1543.845704998624,-87.42415249910437,86.7,65.6,0.2752173218317937,0,0,0,0,-1,-1,2.3333333333333335,0.3333333333333333
2018-10-21,2018,Huesca,Espanol,A,0,3.5,3.3,2.14,1467.315851102247,1592.6334956773912,-125.31764457514419,61.4,174.7,-1.035212719817669,-3,-3,-1,-4,-4,2,1.5,1.5
2018-10-21,2018,Betis,Valladolid,A,0,1.61,3.8,6.0,1588.4840905649874,1482.1988866426761,106.28520392231121,290.75,83.0,1.2450804723233517,3,4,1,4,1,2,1.6666666666666667,0.6666666666666666
2018-10-22,2018,Sociedad,Girona,D,1,1.72,3.75,5.0,1558.6112522172773,1516.8539589684926,41.75729324878466,300.95,81.75,1.2944374264967378,3,3,1,5,0,-1,2.0,0.5
2018-10-24,2018,Vallecano,Ath Bilbao,D,1,3.3,3.3,2.25,1440.878846509237,1515.1233415239492,-74.24449501471213,86.7,10.0,2.0760266265797664,-4,-4,-3,-6,-3,-2,0.0,3.0
2018-10-26,2018,Valladolid,Espanol,D,1,3.4,3.1,2.25,1505.1875513494253,1606.5423757108333,-101.35482436140796,83.0,174.7,-0.7379611963497377,-3,-3,-1,-4,4,2,1.3333333333333333,1.3333333333333333
2018-10-27,2018,Celta,Eibar,H,2,2.14,3.3,3.6,1521.7359024143896,1536.6893346685251,-14.953432254135578,234.1,93.9,0.9071872499301419,1,0,3,1,-2,0,2.0,1.0
2018-10-27,2018,Ath Bilbao,Valencia,D,1,2.5,3.3,2.87,1516.2332636838796,1624.3639789774313,-108.1307152935517,10.0,499.65,-3.8180119813554407,-1,-1,-2,1,-2,1,0.3333333333333333,2.3333333333333335
2018-10-27,2018,Levante,Leganes,H,2,2.1,3.25,3.75,1552.4906553502685,1471.0437582360726,81.44689711419596,61.85,58.55,0.05393463923494668,0,0,0,0,1,0,2.0,0.5
2018-10-27,2018,Ath Madrid,Sociedad,H,2,1.53,3.8,7.5,1737.7951789405238,1552.8095232236396,184.98565571688414,711.15,300.95,0.8580271226266856,-3,-3,-1,-5,3,1,2.0,1.0
2018-10-27,2018,Girona,Vallecano,H,2,1.85,3.5,4.5,1522.6556879621303,1439.7689243493066,82.88676361282364,81.75,86.7,-0.05809788512096503,0,0,0,0,-2,-2,1.5,1.5
2018-10-28,2018,Sevilla,Huesca,H,2,1.22,6.5,13.0,1630.0784381378246,1453.406971068805,176.67146706901963,306.3,61.4,1.594259193761057,4,5,4,5,3,-4,1.5,1.5
2018-10-28,2018,Alaves,Villarreal,H,2,3.0,3.2,2.5,1594.5366322411403,1576.5441590684466,17.992473172693735,74.8,230.65,-1.1171293192143317,-4,-4,-5,-4,2,-1,2.0,1.0
2018-10-28,2018,Barcelona,Real Madrid,H,2,1.95,3.8,3.6,1822.806977473877,1716.752479798553,106.054497675324,1160.0,896.1,0.25786964313265326,-1,-2,-2,7,0,-2,2.3333333333333335,0.3333333333333333
2018-10-28,2018,Getafe,Betis,H,2,2.4,3.1,3.25,1559.3884109889063,1565.4954258582381,-6.107014869331806,65.6,290.75,-1.4771926936203217,-3,-4,-1,-4,-1,0,0.3333333333333333,2.3333333333333335
2018-11-03,2018,Vallecano,Barcelona,A,0,9.5,6.0,1.28,1432.008180517899,1829.8254505252828,-397.81727000738374,86.7,1160.0,-2.583115082319754,-10,-9,-9,-18,-3,1,0.0,3.0
2018-11-03,2018,Valencia,Girona,A,0,1.5,4.0,7.5,1624.0130118481818,1530.4164317935379,93.59658005464394,499.65,81.75,1.8000832398966393,5,5,5,5,1,-1,3.0,0.0
2018-11-03,2018,Leganes,Ath Madrid,D,1,5.75,3.4,1.72,1463.2352342793724,1742.667052133031,-279.43181785365846,58.55,711.15,-2.481472267579286,0,0,0,0,0,3,0.3333333333333333,2.3333333333333335
2018-11-03,2018,Real Madrid,Valladolid,H,2,1.16,8.0,15.0,1709.734006747147,1505.246043522538,204.48796322460908,896.1,83.0,2.3683505397219244,11,11,11,11,-4,4,2.3333333333333335,0.3333333333333333
2018-11-04,2018,Villarreal,Levante,D,1,1.55,4.0,6.0,1566.451091827443,1560.2991793069687,6.151912520474298,230.65,61.85,1.3044766768264013,4,4,5,4,-2,3,2.0,1.0
2018-11-04,2018,Sociedad,Sevilla,D,1,2.75,3.5,2.45,1547.9376500311325,1635.1487840089076,-87.21113397777503,300.95,306.3,-0.01756302838252921,-1,-2,-3,0,-1,3,1.3333333333333333,1.3333333333333333
2018-11-04,2018,Eibar,Alaves,H,2,2.04,3.3,3.9,1525.289470178992,1604.629699482144,-79.340229303152,93.9,74.8,0.22472541296755644,2,3,0,2,-2,2,1.3333333333333333,1.3333333333333333
2018-11-04,2018,Betis,Celta,D,1,1.8,3.8,4.5,1554.4532280197411,1533.1357669039228,21.317461115818332,290.75,234.1,0.21588631562064098,0,1,-2,1,-1,-1,2.0,1.0
2018-11-04,2018,Huesca,Getafe,D,1,3.6,3.3,2.1,1448.336625197722,1570.4306088274034,-122.09398362968136,61.4,65.6,-0.06513930217096142,0,0,0,0,-4,1,1.5,1.5
2018-11-05,2018,Espanol,Ath Bilbao,H,2,2.0,3.3,4.0,1606.4838835377207,1516.5842308131291,89.89965272459153,174.7,10.0,2.7708827223946804,-1,-1,-2,-2,3,-1,1.3333333333333333,1.3333333333333333
2018-11-09,2018,Levante,Sociedad,A,0,2.62,3.4,2.62,1564.7446530149448,1547.3857595356337,17.358893479311064,61.85,300.95,-1.5695105057176537,-3,-3,-1,-5,4,-1,1.3333333333333333,1.3333333333333333
2018-11-10,2018,Ath Madrid,Ath Bilbao,H,2,1.44,4.0,9.0,1735.5427632255971,1509.0534650453317,226.48929818026545,711.15,10.0,4.170393290582225,-4,-4,-3,-6,2,-2,3.0,0.0
2018-11-10,2018,Getafe,Valencia,A,0,2.75,3.1,2.75,1569.4780185881268,1601.424381159597,-31.946362571470218,65.6,499.65,-2.017202676607468,-5,-5,-5,-5,1,0,2.3333333333333335,0.3333333333333333
2018-11-10,2018,Girona,Leganes,D,1,2.04,3.2,3.75,1553.0050624821226,1470.3595231868062,82.64553929531644,81.75,58.55,0.32900771845586263,0,0,0,0,1,-1,2.0,0.5
2018-11-10,2018,Valladolid,Eibar,D,1,2.3,3.3,3.25,1500.815112348813,1539.3985659861996,-38.58345363738658,83.0,93.9,-0.12200690677256887,-2,-3,0,-2,2,0,1.5,1.5
2018-11-11,2018,Vallecano,Villarreal,D,1,3.1,3.4,2.25,1427.430263135048,1562.0056181194668,-134.5753549844187,86.7,230.65,-0.9713057124845204,-4,-4,-5,-4,-4,-3,2.0,1.0
2018-11-11,2018,Sevilla,Espanol,H,2,1.75,3.6,4.5,1635.7006745044064,1614.014649305518,21.686025198888274,306.3,174.7,0.559046473943388,1,2,3,1,2,3,1.3333333333333333,1.3333333333333333
2018-11-11,2018,Alaves,Huesca,H,2,1.8,3.6,4.33,1590.5206036749362,1449.2892154369986,141.2313882379376,74.8,61.4,0.1945330172729438,0,0,0,0,1,-3,1.5,1.5
2018-11-11,2018,Barcelona,Betis,A,0,1.18,7.0,13.0,1834.4033679081338,1549.4185098373728,284.984858070761,1160.0,290.75,1.381139710531226,7,5,8,14,3,-2,2.3333333333333335,0.3333333333333333
2018-11-11,2018,Celta,Real Madrid,A,0,5.0,4.5,1.55,1538.1704850862911,1714.164937920872,-175.9944528345809,234.1,896.1,-1.3391563830192137,-8,-8,-8,-8,-1,-2,0.3333333333333333,2.3333333333333335
2018-11-23,2018,Leganes,Alaves,H,2,2.2,3.1,3.6,1477.5907879233118,1596.5093549451774,-118.91856702186556,58.55,74.8,-0.24128199684701634,0,0,0,0,0,3,1.6666666666666667,0.6666666666666666
2018-11-24,2018,Ath Madrid,Barcelona,D,1,3.0,3.3,2.37,1739.5164164696805,1807.3526520606727,-67.83623559099215,711.15,1160.0,-0.48874841831729565,-10,-9,-9,-18,3,2,0.3333333333333333,2.3333333333333335
2018-11-24,2018,Eibar,Real Madrid,H,2,6.0,4.33,1.53,1542.0228536352433,1725.9353343845944,-183.91248074935106,93.9,896.1,-2.2463436329493556,-9,-8,-11,-9,1,-1,0.0,3.0
2018-11-24,2018,Huesca,Levante,D,1,2.25,3.4,3.25,1443.3004641667574,1544.8621614197423,-101.56169725298491,61.4,61.85,-0.007185659660874144,0,0,0,0,-4,2,1.5,1.5
2018-11-24,2018,Valencia,Vallecano,H,2,1.44,4.5,7.5,1619.3254855170726,1428.9180929141894,190.4073926028832,499.65,86.7,1.7419853547756743,5,5,5,5,0,-3,1.0,1.0
2018-11-25,2018,Villarreal,Betis,H,2,2.14,3.4,3.4,1560.5177883403255,1576.4692256848339,-15.95143734450835,230.65,290.75,-0.23066965930400762,1,0,4,0,-2,-2,2.0,1.0
2018-11-25,2018,Sevilla,Valladolid,H,2,1.4,4.75,8.0,1645.6518418217795,1498.1908246997693,147.46101712201016,306.3,83.0,1.2970076702931257,4,5,4,5,2,1,1.6666666666666667,0.6666666666666666
2018-11-25,2018,Ath Bilbao,Getafe,D,1,2.04,3.3,3.9,1505.0798118012483,1551.5769142306513,-46.49710242940296,10.0,65.6,-1.8008093047479727,4,4,3,6,-2,0,1.6666666666666667,0.6666666666666666
2018-11-25,2018,Espanol,Girona,A,0,1.66,3.6,5.75,1604.063481988145,1545.773797745617,58.28968424252798,174.7,81.75,0.752953980935879,3,3,1,4,2,1,1.5,1.5
2018-11-26,2018,Sociedad,Celta,H,2,1.85,3.75,4.2,1567.2682511308362,1526.4000886225688,40.86816250826746,300.95,234.1,0.25025048520788573,0,0,-2,2,1,-2,1.3333333333333333,1.3333333333333333
2018-11-30,2018,Vallecano,Eibar,H,2,3.1,3.3,2.3,1424.1722404614343,1560.5768111117009,-136.40457065026658,86.7,93.9,-0.07890180623774512,-2,-3,0,-2,-3,1,1.3333333333333333,1.3333333333333333
2018-12-01,2018,Celta,Huesca,H,2,1.64,4.0,5.0,1517.1691411681968,1443.3678876029473,73.80125356524945,234.1,61.4,1.3264456801706421,3,3,3,3,-2,-3,1.5,1.5
2018-12-01,2018,Getafe,Espanol,H,2,2.4,2.87,3.4,1553.8687324671382,1582.6661818046223,-28.797449337484068,65.6,174.7,-0.9700734176467076,-3,-3,-1,-4,1,0,2.0,1.0
2018-12-01,2018,Real Madrid,Valencia,H,2,1.44,4.75,7.0,1707.3813769081369,1624.0713379698277,83.31003893830916,896.1,499.65,0.5832600844114264,6,6,6,6,-1,1,2.3333333333333335,0.3333333333333333
2018-12-01,2018,Valladolid,Leganes,A,0,2.37,3.1,3.3,1492.3721124337658,1493.406761817672,-1.0346493839062987,83.0,58.55,0.3440005030420039,0,0,0,0,-1,0,1.5,1.5
2018-12-02,2018,Girona,Ath Madrid,D,1,5.5,3.4,1.75,1567.1710979291397,1738.1317484522458,-170.9606505231061,81.75,711.15,-2.1524645491234233,0,0,0,0,3,2,1.0,1.0
2018-12-02,2018,Betis,Sociedad,H,2,2.2,3.3,3.4,1565.028727968057,1576.4991985852082,-11.47047061715125,290.75,300.95,-0.03436416958724475,0,1,0,-1,-2,1,0.6666666666666666,1.6666666666666667
2018-12-02,2018,Alaves,Sevilla,D,1,3.6,3.6,2.0,1580.6933810508172,1651.470554087783,-70.7771730369659,74.8,306.3,-1.3997261764881133,-4,-5,-4,-5,1,2,1.3333333333333333,1.3333333333333333
2018-12-02,2018,Barcelona,Villarreal,H,2,1.25,6.5,11.0,1808.7373200781074,1571.9582860571024,236.77903402100492,1160.0,230.65,1.6118093698352336,6,5,4,14,2,0,3.0,0.0
2018-12-03,2018,Levante,Ath Bilbao,H,2,2.75,3.4,2.54,1544.7947379835523,1502.7879935647613,42.00674441879096,61.85,10.0,1.7428556622378855,-4,-4,-3,-6,1,-2,1.3333333333333333,1.3333333333333333
2018-12-07,2018,Leganes,Getafe,D,1,2.62,2.9,3.0,1512.5675134946027,1565.836996520316,-53.26948302571327,58.55,65.6,-0.11188828174503396,0,0,0,0,1,1,0.5,2.0
2018-12-08,2018,Ath Madrid,Alaves,H,2,1.36,4.5,10.0,1735.1100309502688,1579.4346969817702,155.67533396849853,711.15,74.8,2.2401902707322696,0,0,0,0,2,0,2.3333333333333335,0.3333333333333333
2018-12-08,2018,Espanol,Barcelona,A,0,6.5,4.33,1.5,1570.6979177514445,1812.5111877140926,-241.81326996264806,174.7,1160.0,-1.88825898650484,-7,-6,-8,-14,-2,2,0.3333333333333333,2.3333333333333335
2018-12-08,2018,Valencia,Sevilla,D,1,2.2,3.5,3.2,1616.3246037311828,1652.72923815683,-36.404634425647146,499.65,306.3,0.48808278501737234,1,0,1,0,0,3,2.3333333333333335,0.3333333333333333
2018-12-08,2018,Villarreal,Celta,A,0,1.72,3.8,4.75,1568.1844184211172,1525.234550322633,42.94986809848433,230.65,234.1,-0.014783343683366645,1,1,2,1,-1,0,3.0,0.0
2018-12-09,2018,Sociedad,Valladolid,A,0,1.61,3.6,6.5,1565.2406987205156,1473.2113607568351,92.02933796368052,300.95,83.0,1.2794446419105965,3,3,1,5,0,-3,2.3333333333333335,0.3333333333333333
2018-12-09,2018,Huesca,Real Madrid,A,0,10.0,5.5,1.3,1435.3024784485112,1715.1281111467817,-279.8256326982705,61.4,896.1,-2.665602063189856,-11,-11,-11,-11,-3,1,1.5,1.5
2018-12-09,2018,Betis,Vallecano,H,2,1.53,4.33,6.0,1576.2872278327495,1440.7382253200994,135.54900251265008,290.75,86.7,1.201975371788528,3,4,1,4,0,-2,1.3333333333333333,1.3333333333333333
2018-12-09,2018,Eibar,Levante,D,1,1.75,3.8,4.5,1544.0108262530357,1553.9838530072648,-9.973026754229068,93.9,61.85,0.4120727705796261,2,3,0,2,0,1,1.3333333333333333,1.3333333333333333
2018-12-10,2018,Ath Bilbao,Girona,H,2,1.95,3.4,4.0,1493.5988785410489,1570.1928154311167,-76.59393689006788,10.0,81.75,-2.0179287414588014,4,4,3,6,-3,3,1.5,1.5
2018-12-14,2018,Celta,Leganes,D,1,1.85,3.5,4.33,1546.0800061287355,1510.5620735321047,35.51793259663077,234.1,58.55,1.3731946597447147,3,3,3,3,0,2,2.0,1.0
2018-12-15,2018,Eibar,Valencia,D,1,2.7,3.2,2.7,1540.2087640709594,1613.609229269667,-73.40046519870748,93.9,499.65,-1.6630835485379292,-3,-2,-5,-3,1,0,2.3333333333333335,0.3333333333333333
2018-12-15,2018,Getafe,Sociedad,H,2,2.25,3.1,3.5,1567.842436482814,1542.7025281394288,25.139908343385287,65.6,300.95,-1.5115568632075664,-3,-3,-1,-5,0,0,3.0,0.0
2018-12-15,2018,Real Madrid,Vallecano,H,2,1.14,9.0,15.0,1722.9906623664297,1434.5911432930018,288.3995190734279,896.1,86.7,2.3252454391871007,11,11,11,11,3,-2,3.0,0.0
2018-12-15,2018,Valladolid,Ath Madrid,A,0,5.75,3.4,1.72,1495.749531337922,1740.7101721597558,-244.96064082183375,83.0,711.15,-2.137471764537282,0,0,0,0,-2,2,0.0,3.0
2018-12-16,2018,Huesca,Villarreal,D,1,3.5,3.2,2.14,1427.4399272288633,1547.3389626150147,-119.89903538615135,61.4,230.65,-1.3116623364872755,-4,-4,-5,-4,-3,-1,1.5,1.5
2018-12-16,2018,Sevilla,Girona,H,2,1.44,4.5,7.0,1655.444612618346,1556.2018104412602,99.24280217708565,306.3,81.75,1.312000454879267,4,5,4,5,2,1,3.0,0.0
2018-12-16,2018,Levante,Barcelona,A,0,9.0,6.5,1.25,1557.785915189341,1821.7074036798344,-263.9214884904934,61.85,1160.0,-2.916286046661635,-10,-9,-9,-18,0,2,1.0,2.0
2018-12-16,2018,Espanol,Betis,A,0,2.4,3.3,3.0,1561.5017017857026,1582.4343098598472,-20.932608074144582,174.7,290.75,-0.5071192759736141,0,-1,0,0,-3,2,2.0,1.0
2018-12-17,2018,Alaves,Ath Bilbao,D,1,3.0,3.2,2.5,1573.8345557722832,1507.5898835309054,66.24467224137788,74.8,10.0,1.9302030198499551,-4,-4,-3,-6,-2,-2,2.0,1.0
2018-12-21,2018,Girona,Getafe,D,1,2.62,3.0,2.9,1548.9703227748148,1577.6618266240441,-28.69150384922932,81.75,65.6,0.21711943671082867,0,0,0,0,-1,1,2.0,0.5
2018-12-21,2018,Sociedad,Alaves,A,0,1.75,3.5,5.0,1532.8831379981987,1567.159045885605,-34.27590788740645,300.95,74.8,1.382163148105584,3,3,1,5,-1,-1,2.0,1.0
2018-12-22,2018,Ath Bilbao,Valladolid,D,1,1.75,3.4,5.0,1514.2653934175835,1486.6684490723467,27.596944345236807,10.0,83.0,-2.0329215260449427,4,4,3,6,-1,-2,2.3333333333333335,0.3333333333333333
2018-12-22,2018,Ath Madrid,Espanol,H,2,1.4,4.0,10.0,1749.791254425331,1543.1458227303972,206.6454316949339,711.15,174.7,1.3995105681875444,-3,-3,-1,-4,3,-5,1.0,2.0
2018-12-22,2018,Barcelona,Celta,H,2,1.12,9.0,21.0,1830.1125676412273,1540.5089307539279,289.60363688729944,1160.0,234.1,1.597026026151867,7,6,6,15,2,0,1.6666666666666667,0.6666666666666666
2018-12-22,2018,Betis,Eibar,D,1,1.8,3.75,4.5,1600.7901889151526,1539.0626083149687,61.727580600183956,290.75,93.9,1.1230735655507829,1,1,1,2,3,0,2.0,1.0
2018-12-23,2018,Vallecano,Levante,H,2,2.1,3.6,3.4,1431.6937209800951,1549.3807512279482,-117.68703024785304,86.7,61.85,0.333170964341881,0,0,0,0,-2,-1,2.0,1.0
2018-12-23,2018,Leganes,Sevilla,D,1,3.4,3.2,2.25,1516.1331489069123,1662.6761002847913,-146.54295137787904,58.55,306.3,-1.6410081733351296,-4,-5,-4,-5,2,3,1.3333333333333333,1.3333333333333333
2018-12-23,2018,Valencia,Huesca,H,2,1.4,4.75,8.0,1614.7553850256577,1428.2980994928637,186.457285532794,499.65,61.4,2.0823419787784294,5,5,5,5,1,-3,1.5,1.5
2019-01-03,2018,Villarreal,Real Madrid,D,1,3.8,3.8,1.85,1546.4807903510143,1725.8880846793363,-179.407294328322,230.65,896.1,-1.3539397267025803,-7,-7,-6,-7,-1,3,1.3333333333333333,1.3333333333333333
2019-01-04,2018,Levante,Girona,D,1,2.15,3.5,3.3,1533.617799713748,1545.9341999169126,-12.316400203164676,61.85,81.75,-0.27507307922091595,0,0,0,0,-1,-1,0.5,2.0
2019-01-04,2018,Espanol,Leganes,H,2,2.0,3.3,4.2,1538.7615883653123,1518.1306351844976,20.630953180814686,174.7,58.55,1.0819616993917416,3,3,1,4,-5,2,1.0,2.0
2019-01-05,2018,Huesca,Betis,H,2,3.2,3.5,2.2,1423.460696692456,1594.2719743548928,-170.81127766243685,61.4,290.75,-1.542331995791283,-3,-4,-1,-4,-3,2,1.5,1.5
2019-01-05,2018,Valladolid,Vallecano,A,0,2.1,3.4,3.6,1491.942255106602,1447.4566724942954,44.485582612306644,83.0,86.7,-0.04310510053482375,0,0,0,0,-2,-1,2.3333333333333335,0.3333333333333333
2019-01-05,2018,Alaves,Valencia,H,2,3.1,3.1,2.4,1584.9632135505244,1619.5927878260654,-34.62957427554102,74.8,499.65,-1.8878089615054856,-5,-5,-5,-5,-1,1,1.0,2.0
2019-01-06,2018,Getafe,Barcelona,A,0,8.0,5.25,1.36,1580.6979494819464,1832.9918969212565,-252.29394743931016,65.6,1160.0,-2.8583324041515477,-10,-9,-9,-18,2,4,0.3333333333333333,2.3333333333333335
2019-01-06,2018,Eibar,Villarreal,D,1,2.1,3.25,3.5,1545.5808228752285,1549.8506066016917,-4.269783726463174,93.9,230.65,-0.8924039062467752,-2,-1,-5,-2,0,-1,2.0,1.0
2019-01-06,2018,Sevilla,Ath Madrid,D,1,2.8,3.1,2.7,1660.678614007206,1754.175488790416,-93.49687478320993,306.3,711.15,-0.8404640942441564,4,5,4,5,2,3,0.0,3.0
2019-01-06,2018,Real Madrid,Sociedad,A,0,1.33,6.0,7.5,1722.518268428659,1515.0789703332794,207.43929809537963,896.1,300.95,1.088905897811328,8,8,10,6,2,-3,3.0,0.0
2019-01-07,2018,Celta,Ath Bilbao,A,0,2.4,3.3,3.0,1537.6296014738987,1508.9915873833281,28.63801409057055,234.1,10.0,3.0621156827476534,-1,-1,0,-3,0,0,1.3333333333333333,1.3333333333333333
2019-01-11,2018,Vallecano,Celta,H,2,2.5,3.4,2.8,1468.3582644723224,1517.3164464223464,-48.95818195002403,86.7,234.1,-0.986089056167887,-3,-3,-3,-3,1,0,1.0,2.0
2019-01-12,2018,Villarreal,Getafe,A,0,2.15,3.1,3.8,1553.8821027720332,1571.8819277275538,-17.99982495552058,230.65,65.6,1.246523034316314,4,4,5,4,-2,1,2.0,1.0
2019-01-12,2018,Valencia,Valladolid,D,1,1.53,4.0,7.0,1607.3822173110893,1471.040663128575,136.3415541825143,499.65,83.0,1.785090455310498,5,5,5,5,-1,-2,1.6666666666666667,0.6666666666666666
2019-01-12,2018,Leganes,Huesca,H,2,1.95,3.25,4.33,1508.1390361240171,1441.4762264202177,66.66280970379944,58.55,61.4,-0.046748979574072536,0,0,0,0,0,-2,1.5,1.5
2019-01-12,2018,Girona,Alaves,D,1,2.1,3.1,4.0,1549.6414298624218,1597.1737840655005,-47.53235420307874,81.75,74.8,0.08772572160884629,0,0,0,0,-2,1,1.5,1.5
2019-01-13,2018,Betis,Real Madrid,A,0,3.25,3.75,2.1,1576.256444627131,1696.8854230839206,-120.62897845678958,290.75,896.1,-1.1232700673985727,-8,-7,-10,-7,2,2,1.0,2.0
2019-01-13,2018,Barcelona,Eibar,H,2,1.12,9.0,21.0,1841.807918675649,1541.5493267048869,300.25859197076215,1160.0,93.9,2.504213276082009,8,6,9,16,5,-1,3.0,0.0
2019-01-13,2018,Ath Madrid,Levante,H,2,1.25,6.0,12.0,1754.4562184917845,1529.9105697682387,224.5456487235458,711.15,61.85,2.4275376283443393,0,0,0,0,3,-1,2.0,1.0
2019-01-13,2018,Ath Bilbao,Sevilla,H,2,2.75,3.2,2.7,1529.3047424348804,1660.3978843058376,-131.0931418709572,10.0,306.3,-3.3299291963380684,0,-1,-1,1,1,1,1.0,2.0
2019-01-14,2018,Sociedad,Espanol,H,2,2.0,3.3,4.0,1540.7118156780177,1548.7531874257927,-8.041371747774974,300.95,174.7,0.5414834455608588,0,0,0,1,-3,-3,1.3333333333333333,1.3333333333333333
2019-01-18,2018,Getafe,Alaves,H,2,2.0,3.1,4.5,1590.357858006633,1599.4219305130814,-9.064072506448383,65.6,74.8,-0.1293937151019824,0,0,0,0,1,1,1.3333333333333333,1.3333333333333333
2019-01-19,2018,Celta,Valencia,A,0,3.1,3.2,2.4,1504.5043810135453,1598.5070310161918,-94.00265000264653,234.1,499.65,-0.7558962986077873,-2,-2,-2,-2,-2,0,0.6666666666666666,1.6666666666666667
2019-01-19,2018,Huesca,Ath Madrid,A,0,5.75,3.6,1.66,1433.1662056139257,1758.4686011244635,-325.30239551053774,61.4,711.15,-2.4347232880052134,0,0,0,0,-2,4,0.0,3.0
2019-01-19,2018,Real Madrid,Sevilla,H,2,1.7,4.2,4.5,1710.9958436163447,1644.0590577954115,66.93678582093321,896.1,306.3,1.0713428694287987,7,6,7,6,2,0,1.0,2.0
2019-01-20,2018,Levante,Valladolid,H,2,2.1,3.5,3.5,1525.8981871355597,1479.9158494234725,45.9823377120872,61.85,83.0,-0.29006586380705723,0,0,0,0,-3,-1,0.6666666666666666,1.6666666666666667
2019-01-20,2018,Betis,Girona,H,2,1.61,3.75,6.0,1562.146024094707,1547.3932834148409,14.752740679866065,290.75,81.75,1.260073256909493,3,4,1,4,0,-2,2.3333333333333335,0.3333333333333333
2019-01-20,2018,Villarreal,Ath Bilbao,D,1,2.2,3.3,3.4,1535.406172492954,1545.6435689453065,-10.237396452352414,230.65,10.0,3.047332339064287,0,0,2,-2,-2,3,1.3333333333333333,1.3333333333333333
2019-01-20,2018,Vallecano,Sociedad,D,1,2.87,3.3,2.5,1481.1703298811235,1551.8318258633942,-70.66149598227071,86.7,300.95,-1.2363395413757727,-3,-3,-1,-5,1,-1,0.6666666666666666,1.6666666666666667
2019-01-20,2018,Barcelona,Leganes,H,2,1.12,9.0,21.0,1844.5315029677977,1516.449056930309,328.0824460374886,1160.0,58.55,2.9702206858965816,10,9,9,18,5,0,2.0,1.0
2019-01-21,2018,Eibar,Espanol,H,2,2.1,3.1,4.0,1538.8257424127382,1537.6331772404162,1.1925651723220199,93.9,174.7,-0.6159542895771688,-1,0,-1,-2,-1,-3,2.0,1.0
2019-01-26,2018,Ath Madrid,Getafe,H,2,1.53,3.6,8.0,1764.9089904395455,1601.5190987777403,163.38989166180522,711.15,65.6,2.369583985834252,0,0,0,0,4,2,3.0,0.0
2019-01-26,2018,Leganes,Eibar,D,1,2.62,3.0,3.0,1514.096955667562,1549.5763913493884,-35.47943568182632,58.55,93.9,-0.4660074098145728,-2,-3,0,-2,-1,0,0.0,3.0
2019-01-26,2018,Sevilla,Levante,H,2,1.53,4.33,6.0,1635.7585092923268,1534.942070643725,100.81643864860189,306.3,61.85,1.587073534100183,4,5,4,5,-1,-2,1.3333333333333333,1.3333333333333333
2019-01-26,2018,Valencia,Villarreal,H,2,1.83,3.6,4.5,1613.765931715112,1531.6147928216812,82.1511388934307,499.65,230.65,0.7706796422911539,1,1,0,1,1,-1,0.3333333333333333,2.3333333333333335
2019-01-27,2018,Valladolid,Celta,H,2,2.4,3.2,3.1,1470.8719659153073,1489.2454803146252,-18.373514399317855,83.0,234.1,-1.0291941567027107,-3,-3,-3,-3,-3,-4,1.3333333333333333,1.3333333333333333
2019-01-27,2018,Sociedad,Huesca,D,1,1.61,3.75,6.0,1553.095468808258,1426.7258162988437,126.36965250941421,300.95,61.4,1.5766961653785279,3,3,1,5,0,-2,3.0,0.0
2019-01-27,2018,Ath Bilbao,Betis,H,2,2.1,3.3,3.5,1549.4349486165793,1572.3643723532016,-22.92942373662231,10.0,290.75,-3.2780019983682944,1,0,2,2,2,0,2.3333333333333335,0.3333333333333333
2019-01-27,2018,Espanol,Real Madrid,A,0,4.2,4.0,1.8,1526.882528303766,1719.2963921194294,-192.41386381566326,174.7,896.1,-1.6303893433721868,-8,-8,-10,-7,-3,2,1.0,2.0
2019-01-27,2018,Girona,Barcelona,A,0,10.0,5.25,1.33,1537.1749351563462,1846.8836042305447,-309.7086690741985,81.75,1160.0,-2.641212967440719,-10,-9,-9,-18,-2,5,0.3333333333333333,2.3333333333333335
2019-01-28,2018,Alaves,Vallecano,A,0,2.15,3.3,3.5,1588.2606897419741,1479.9066869362598,108.35400280571434,74.8,86.7,-0.14582360672981132,0,0,0,0,1,2,3.0,0.0
2019-02-01,2018,Huesca,Valladolid,H,2,2.25,3.25,3.4,1435.316445549454,1482.4113065685867,-47.09486101913262,61.4,83.0,-0.2972515234679314,0,0,0,0,-2,-1,0.0,3.0
2019-02-02,2018,Sociedad,Ath Bilbao,H,2,2.35,3.3,3.2,1544.5048395576475,1561.1610685141409,-16.65622895649335,300.95,10.0,3.312366167955539,-1,-1,-2,-1,1,3,2.3333333333333335,0.3333333333333333
2019-02-02,2018,Levante,Getafe,D,1,2.37,3.25,3.1,1527.7601828607183,1596.118419516194,-68.35823665547582,61.85,65.6,-0.05795364251008728,0,0,0,0,-2,0,2.3333333333333335,0.3333333333333333
2019-02-02,2018,Celta,Sevilla,H,2,3.75,3.6,2.0,1477.7061396613458,1642.9403970753335,-165.23425741398773,234.1,306.3,-0.26781351359041494,-1,-2,-1,-2,-5,-1,1.0,2.0
2019-02-02,2018,Barcelona,Valencia,D,1,1.28,5.75,11.0,1853.789615428449,1621.5510625096408,232.23855291880818,1160.0,499.65,0.8411297275440797,5,4,4,13,5,2,1.6666666666666667,0.6666666666666666
2019-02-03,2018,Villarreal,Espanol,D,1,1.8,3.75,4.5,1523.8296620271524,1515.7808509753368,8.048811051815619,230.65,174.7,0.27644961666960643,1,1,4,0,-2,-3,0.6666666666666666,1.6666666666666667
2019-02-03,2018,Real Madrid,Alaves,H,2,1.2,6.5,15.0,1730.3980694478587,1565.2082446679535,165.18982477990517,896.1,74.8,2.471069045916912,11,11,11,11,2,0,2.0,1.0
2019-02-03,2018,Eibar,Girona,H,2,1.66,4.0,5.0,1552.330382177252,1530.268923958442,22.061458218810003,93.9,81.75,0.13699969135871015,2,3,0,2,0,-2,3.0,0.0
2019-02-03,2018,Betis,Ath Madrid,H,2,4.0,3.2,2.05,1560.63825245564,1770.3096697010917,-209.67141724545172,290.75,711.15,-0.8923912922139303,3,4,1,4,-2,4,0.3333333333333333,2.3333333333333335
2019-02-04,2018,Vallecano,Leganes,A,0,2.37,3.25,3.1,1502.9591320102804,1511.3429648396984,-8.383832829417997,86.7,58.55,0.38710560357682766,0,0,0,0,4,-1,0.0,3.0
2019-02-08,2018,Valladolid,Villarreal,D,1,2.9,3.3,2.4,1469.6779133392315,1519.309607120622,-49.631693781390595,83.0,230.65,-1.014410813019344,-4,-4,-5,-4,-2,-2,2.0,1.0
2019-02-09,2018,Espanol,Vallecano,H,2,1.8,3.6,4.5,1520.300905881867,1484.0929416911708,36.2079641906962,174.7,86.7,0.6948560958149139,3,3,1,4,-2,2,1.3333333333333333,1.3333333333333333
2019-02-09,2018,Girona,Huesca,A,0,2.0,3.3,4.0,1520.3321238342378,1448.0498387788093,72.28228505542847,81.75,61.4,0.2822587388817901,0,0,0,0,-3,0,1.0,1.0
2019-02-09,2018,Getafe,Celta,H,2,1.9,3.4,4.33,1597.4807398958624,1495.4898931762643,101.99084671959804,65.6,234.1,-1.2613063779996807,-3,-3,-3,-3,0,-3,1.6666666666666667,0.6666666666666666
2019-02-09,2018,Ath Madrid,Real Madrid,A,0,2.37,3.25,3.1,1750.7260123655642,1735.7530166271413,14.972995738422924,711.15,896.1,-0.2308787751846424,-11,-11,-11,-11,2,3,1.0,1.0
2019-02-10,2018,Sevilla,Eibar,D,1,1.66,4.0,5.0,1625.156643560415,1562.2671823014562,62.88946125895882,306.3,93.9,1.1750007635205568,2,2,4,3,-2,1,2.0,1.0
2019-02-10,2018,Leganes,Betis,H,2,2.25,3.0,3.6,1530.209155158808,1580.2219097911675,-50.012754632359474,58.55,290.75,-1.5890809753653556,-3,-4,-1,-4,0,-1,1.0,2.0
2019-02-10,2018,Ath Bilbao,Barcelona,D,1,4.75,4.0,1.7,1549.6918421666485,1842.6505595393726,-292.9587173727241,10.0,1160.0,-4.65914170889952,-6,-5,-6,-12,2,4,0.3333333333333333,2.3333333333333335
2019-02-10,2018,Valencia,Sociedad,D,1,1.83,3.5,4.5,1632.6901183987172,1555.97406590514,76.71605249357731,499.65,300.95,0.5056458133999016,2,2,4,0,1,3,3.0,0.0
2019-02-11,2018,Alaves,Levante,H,2,2.0,3.4,3.8,1559.853297488671,1526.39786248105,33.45543500762096,74.8,61.85,0.18734735761206966,0,0,0,0,-2,-1,2.0,1.0
2019-02-15,2018,Eibar,Getafe,D,1,2.05,3.3,4.0,1568.826027833211,1604.625763405266,-35.79973557205517,93.9,65.6,0.3541191280695388,2,3,0,2,1,2,0.3333333333333333,2.3333333333333335
2019-02-16,2018,Barcelona,Valladolid,H,2,1.14,9.0,15.0,1835.0824382562735,1467.5184459501304,367.56399230614306,1160.0,83.0,2.6262201828545777,10,9,9,18,3,-1,2.0,1.0
2019-02-16,2018,Celta,Levante,A,0,1.8,3.8,4.5,1488.3448696668606,1516.8920070071727,-28.54713734031202,234.1,61.85,1.319260020509768,3,3,3,3,-3,-2,3.0,0.0
2019-02-16,2018,Sociedad,Leganes,H,2,2.05,3.1,4.2,1563.0072183365266,1543.0658010522627,19.941417284263935,300.95,58.55,1.6234451449526004,3,3,1,5,2,2,1.3333333333333333,1.3333333333333333
2019-02-16,2018,Vallecano,Ath Madrid,A,0,6.0,3.5,1.65,1474.6896797321247,1730.9358194854162,-256.2461397532916,86.7,711.15,-2.0943666640024583,0,0,0,0,0,1,0.0,3.0
2019-02-17,2018,Villarreal,Sevilla,H,2,2.5,3.4,2.8,1521.4690745097232,1618.5977980286602,-97.12872351893702,230.65,306.3,-0.2825968572737816,0,-1,1,-1,-2,-2,0.6666666666666666,1.6666666666666667
2019-02-17,2018,Valencia,Espanol,D,1,1.72,3.7,4.8,1625.6569659673305,1529.7041678409132,95.95279812641729,499.65,174.7,1.0471292589607604,2,2,4,1,2,-2,2.0,1.0
2019-02-17,2018,Betis,Alaves,D,1,1.72,3.5,5.25,1567.3652638977128,1569.3591529625483,-1.9938890648354572,290.75,74.8,1.3477989785183393,3,4,1,4,-1,-2,2.3333333333333335,0.3333333333333333
2019-02-17,2018,Real Madrid,Girona,A,0,1.16,8.0,15.0,1755.5432095072892,1498.4492002040613,257.09400930322795,896.1,81.75,2.3833433243080657,11,11,11,11,5,-4,2.0,1.0
2019-02-18,2018,Huesca,Ath Bilbao,A,0,3.1,3.1,2.5,1469.9327624089858,1557.2599634497476,-87.32720104076179,61.4,10.0,1.7356700025770113,-4,-4,-3,-6,0,1,1.0,1.0
2019-02-22,2018,Espanol,Huesca,D,1,1.72,3.6,5.0,1537.3682285387852,1454.3858762093005,82.98235232948468,174.7,61.4,1.035212719817669,3,3,1,4,-1,0,3.0,0.0
2019-02-23,2018,Alaves,Celta,D,1,2.3,3.3,3.2,1573.4816481683995,1470.3027698609646,103.17887830743484,74.8,234.1,-1.1319126628976983,-3,-3,-3,-3,-2,-3,2.0,1.0
2019-02-23,2018,Ath Bilbao,Eibar,H,2,2.1,3.25,3.8,1572.806849649433,1566.085401581678,6.721448067754864,10.0,93.9,-2.1549284328175116,2,1,3,4,1,2,1.6666666666666667,0.6666666666666666
2019-02-23,2018,Getafe,Vallecano,H,2,1.7,3.6,5.5,1607.366389656799,1466.0146199975636,141.3517696592353,65.6,86.7,-0.2752173218317937,0,0,0,0,1,-2,1.3333333333333333,1.3333333333333333
2019-02-23,2018,Sevilla,Barcelona,A,0,3.5,4.0,1.95,1603.7217581770733,1836.986715706772,-233.26495752969868,306.3,1160.0,-1.329212512561452,-6,-4,-5,-13,-2,3,0.3333333333333333,2.3333333333333335
2019-02-24,2018,Levante,Real Madrid,A,0,5.25,4.75,1.53,1534.9341068130686,1728.9478470950837,-194.01374028201508,61.85,896.1,-2.6584164035289817,-11,-11,-11,-11,0,3,1.6666666666666667,0.6666666666666666
2019-02-24,2018,Ath Madrid,Villarreal,H,2,1.57,3.75,7.0,1739.6108792199773,1536.3451143613102,203.26576485866713,711.15,230.65,1.123060951517938,-4,-4,-5,-4,1,0,0.6666666666666666,1.6666666666666667
2019-02-24,2018,Leganes,Valencia,D,1,2.8,3.1,2.7,1533.0477336937101,1617.9929052694586,-84.94517157574842,58.55,499.65,-2.129090958352502,-5,-5,-5,-5,0,2,0.3333333333333333,2.3333333333333335
2019-02-24,2018,Valladolid,Betis,A,0,2.7,3.2,2.75,1465.614168499632,1563.2427686918616,-97.62860019222967,83.0,290.75,-1.2450804723233517,-3,-4,-1,-4,-2,0,1.3333333333333333,1.3333333333333333
2019-02-25,2018,Girona,Sociedad,D,1,2.37,3.2,3.0,1525.0445626162668,1573.0252856950792,-47.98072307881239,81.75,300.95,-1.2944374264967378,-3,-3,-1,-5,-3,2,0.6666666666666666,1.6666666666666667
2019-03-01,2018,Vallecano,Girona,A,0,2.25,3.4,3.2,1460.029189617586,1522.815342629707,-62.78615301212085,86.7,81.75,0.05809788512096503,0,0,0,0,-3,-2,0.0,3.0
2019-03-02,2018,Espanol,Valladolid,H,2,1.8,3.6,4.75,1530.1258071275622,1450.5117885298423,79.6140185977199,174.7,83.0,0.7379611963497377,3,3,1,4,0,-2,1.3333333333333333,1.3333333333333333
2019-03-02,2018,Huesca,Sevilla,H,2,3.8,3.6,1.95,1461.6282976205234,1594.208780960961,-132.58048334043747,61.4,306.3,-1.594259193761057,-4,-5,-4,-5,1,-2,0.0,3.0
2019-03-02,2018,Real Madrid,Barcelona,A,0,2.75,3.7,2.45,1739.9851949108145,1846.4996929228844,-106.51449801206991,896.1,1160.0,-0.25786964313265326,1,2,2,-7,3,3,0.3333333333333333,2.3333333333333335
2019-03-02,2018,Villarreal,Alaves,A,0,1.66,3.75,5.5,1531.8875476138292,1565.5895123187793,-33.701964704950115,230.65,74.8,1.1171293192143317,4,4,5,4,-1,-1,1.0,2.0
2019-03-03,2018,Sociedad,Ath Madrid,A,0,4.0,3.25,2.05,1575.254505681639,1744.0684459674583,-168.81394028581917,300.95,711.15,-0.8580271226266856,3,3,1,5,2,1,1.0,2.0
2019-03-03,2018,Valencia,Ath Bilbao,H,2,2.0,3.3,4.0,1618.6424679715046,1583.3389577163275,35.303510255177116,499.65,10.0,3.8180119813554407,1,1,2,-1,1,2,1.6666666666666667,0.6666666666666666
2019-03-03,2018,Betis,Getafe,A,0,2.3,3.0,3.4,1578.3451486616511,1613.3518200367764,-35.00667137512528,290.75,65.6,1.4771926936203217,3,4,1,4,0,1,1.3333333333333333,1.3333333333333333
2019-03-03,2018,Eibar,Celta,H,2,1.72,3.8,4.75,1555.5532935147835,1478.1949057105849,77.35838780419863,93.9,234.1,-0.9071872499301419,-1,0,-3,-1,0,-2,0.0,3.0
2019-03-04,2018,Leganes,Levante,H,2,1.95,3.4,4.2,1532.398170991664,1523.8967589973379,8.50141199432619,58.55,61.85,-0.05393463923494668,0,0,0,0,1,-2,0.3333333333333333,2.3333333333333335
2019-03-08,2018,Ath Bilbao,Espanol,D,1,1.66,3.6,6.0,1573.902050881315,1537.9954279649598,35.90662291635522,10.0,174.7,-2.7708827223946804,1,1,2,2,0,2,0.3333333333333333,2.3333333333333335
2019-03-09,2018,Alaves,Eibar,D,1,2.9,3.2,2.55,1583.4175857115545,1563.4985247223858,19.919060989168656,74.8,93.9,-0.22472541296755644,-2,-3,0,-2,1,1,1.0,2.0
2019-03-09,2018,Ath Madrid,Leganes,H,2,1.45,4.2,10.0,1756.135757971748,1542.860357054965,213.27540091678293,711.15,58.55,2.481472267579286,0,0,0,0,1,2,1.6666666666666667,0.6666666666666666
2019-03-09,2018,Barcelona,Vallecano,H,2,1.16,8.0,15.0,1861.2184723907556,1443.4286547633128,417.78981762744274,1160.0,86.7,2.583115082319754,10,9,9,18,3,-5,3.0,0.0
2019-03-09,2018,Getafe,Huesca,H,2,1.61,3.6,6.5,1631.1255287774093,1478.0308015476412,153.09472722976807,65.6,61.4,0.06513930217096142,0,0,0,0,3,2,1.0,1.0
2019-03-10,2018,Valladolid,Real Madrid,A,0,5.0,4.33,1.61,1442.6421676924447,1725.2664154429433,-282.6242477504986,83.0,896.1,-2.3683505397219244,-11,-11,-11,-11,-4,1,0.3333333333333333,2.3333333333333335
2019-03-10,2018,Sevilla,Sociedad,H,2,1.66,4.2,4.75,1577.8062770338431,1563.1871936773493,14.619083356493775,306.3,300.95,0.01756302838252921,1,2,3,0,-4,1,1.3333333333333333,1.3333333333333333
2019-03-10,2018,Levante,Villarreal,A,0,2.9,3.3,2.5,1513.4345729340369,1514.059474221054,-0.62490128701711,61.85,230.65,-1.3044766768264013,-4,-4,-5,-4,-2,-1,1.3333333333333333,1.3333333333333333
2019-03-10,2018,Girona,Valencia,A,0,3.3,3.2,2.35,1539.4158774839802,1628.079374806517,-88.66349732253684,81.75,499.65,-1.8000832398966393,-5,-5,-5,-5,0,1,1.0,2.0
2019-03-10,2018,Celta,Betis,A,0,2.5,3.3,2.9,1470.2496745029825,1560.5714399210183,-90.32176541803574,234.1,290.75,-0.21588631562064098,0,-1,2,-1,-2,0,1.3333333333333333,1.3333333333333333
2019-03-15,2018,Sociedad,Levante,D,1,1.8,3.75,4.5,1552.9636607181083,1494.2574974728436,58.706163245264634,300.95,61.85,1.5695105057176537,3,3,1,5,-1,-3,2.0,1.0
2019-03-16,2018,Real Madrid,Celta,H,2,1.18,7.5,13.0,1733.0358563232799,1454.831939571855,278.2039167514249,896.1,234.1,1.3391563830192137,8,8,8,8,1,-4,2.3333333333333335,0.3333333333333333
2019-03-16,2018,Leganes,Girona,A,0,2.15,3.2,3.7,1538.6170740003429,1523.9266149400269,14.690459060316016,58.55,81.75,-0.32900771845586263,0,0,0,0,0,0,0.6666666666666666,1.6666666666666667
2019-03-16,2018,Ath Bilbao,Ath Madrid,H,2,3.9,3.0,2.2,1568.3165152255463,1760.3790410263703,-192.062525800824,10.0,711.15,-4.170393290582225,4,4,3,6,1,3,0.0,3.0
2019-03-16,2018,Huesca,Alaves,A,0,2.45,3.2,3.0,1472.362683540577,1578.4365118166372,-106.07382827606011,61.4,74.8,-0.1945330172729438,0,0,0,0,0,2,0.0,3.0
2019-03-17,2018,Villarreal,Vallecano,H,2,1.6,4.2,5.5,1533.2365496822472,1441.9794058173422,91.25714386490495,230.65,86.7,0.9713057124845204,4,4,5,4,0,-5,1.3333333333333333,1.3333333333333333
2019-03-17,2018,Valencia,Getafe,D,1,2.0,3.3,4.0,1643.5686373504705,1636.7936467844734,6.774990565997086,499.65,65.6,2.017202676607468,5,5,5,5,2,4,1.0,2.0
2019-03-17,2018,Eibar,Valladolid,A,0,1.66,3.8,5.5,1568.479598617303,1434.872726812108,133.60687180519494,93.9,83.0,0.12200690677256887,2,3,0,2,0,-4,1.0,1.0
2019-03-17,2018,Betis,Barcelona,A,0,7.0,5.0,1.4,1575.9891748521459,1862.6677213367261,-286.67854648458024,290.75,1160.0,-1.381139710531226,-7,-5,-8,-14,0,4,1.0,2.0
2019-03-17,2018,Espanol,Sevilla,A,0,2.4,3.5,2.9,1543.5809636207287,1588.0298099930842,-44.44884637235555,174.7,306.3,-0.559046473943388,-1,-2,-3,-1,2,-2,0.3333333333333333,2.3333333333333335
2019-03-29,2018,Girona,Ath Bilbao,A,0,2.87,2.9,2.7,1543.705850873587,1587.2006902099333,-43.49483933634633,81.75,10.0,2.0179287414588014,-4,-4,-3,-6,2,2,1.0,2.0
2019-03-30,2018,Barcelona,Espanol,H,2,1.14,9.0,15.0,1870.3035535350593,1526.2028581132959,344.1006954217635,1160.0,174.7,1.88825898650484,7,6,8,14,5,0,2.3333333333333335,0.3333333333333333
2019-03-30,2018,Getafe,Leganes,A,0,1.95,3.2,4.5,1641.2636451492162,1518.8378380667828,122.4258070824335,65.6,58.55,0.11188828174503396,0,0,0,0,3,-2,1.6666666666666667,0.6666666666666666
2019-03-30,2018,Celta,Villarreal,H,2,2.5,3.3,2.75,1451.777210091302,1540.723325595953,-88.94611550465083,234.1,230.65,0.014783343683366645,-1,-1,-2,-1,-4,1,1.0,2.0
2019-03-30,2018,Alaves,Ath Madrid,A,0,5.5,3.4,1.75,1593.1743102812484,1741.4948660419832,-148.3205557607348,74.8,711.15,-2.2401902707322696,0,0,0,0,2,3,0.0,3.0
2019-03-31,2018,Valladolid,Sociedad,D,1,2.6,3.0,3.0,1458.6708228898528,1546.5516577659835,-87.88083487613062,83.0,300.95,-1.2794446419105965,-3,-3,-1,-5,-3,-1,1.3333333333333333,1.3333333333333333
2019-03-31,2018,Vallecano,Betis,D,1,2.75,3.5,2.45,1434.4926299036365,1568.3533426538127,-133.86071275017616,86.7,290.75,-1.201975371788528,-3,-4,-1,-4,-5,0,0.3333333333333333,2.3333333333333335
2019-03-31,2018,Sevilla,Valencia,A,0,2.05,3.5,3.6,1605.407915500517,1639.0986389857276,-33.69072348521058,306.3,499.65,-0.48808278501737234,-1,0,-1,0,-1,2,0.3333333333333333,2.3333333333333335
2019-03-31,2018,Levante,Eibar,D,1,2.8,3.5,2.45,1500.6695004249684,1544.6815025395583,-44.012002114589905,61.85,93.9,-0.4120727705796261,-2,-3,0,-2,-2,-1,1.6666666666666667,0.6666666666666666
2019-03-31,2018,Real Madrid,Huesca,H,2,1.11,10.0,19.0,1736.0905858038327,1457.624885075966,278.46570072786676,896.1,61.4,2.665602063189856,11,11,11,11,1,-2,3.0,0.0
2019-04-02,2018,Villarreal,Barcelona,D,1,5.25,4.2,1.61,1526.200399192755,1872.463386189217,-346.26298699646213,230.65,1160.0,-1.6118093698352336,-6,-5,-4,-14,-1,5,0.0,3.0
2019-04-02,2018,Ath Madrid,Girona,H,2,1.36,4.5,10.0,1754.4220473314213,1526.287610401494,228.13443692992723,711.15,81.75,2.1524645491234233,0,0,0,0,3,0,1.0,1.0
2019-04-02,2018,Espanol,Getafe,D,1,2.4,3.1,3.2,1524.043025459138,1617.7881815669784,-93.74515610784033,174.7,65.6,0.9700734176467076,3,3,1,4,-1,2,1.0,2.0
2019-04-03,2018,Valencia,Real Madrid,H,2,3.3,3.6,2.15,1656.927180446522,1739.1411831711607,-82.2140027246387,499.65,896.1,-0.5832600844114264,-6,-6,-6,-6,3,3,0.3333333333333333,2.3333333333333335
2019-04-03,2018,Huesca,Celta,D,1,2.62,3.5,2.62,1454.574287708638,1466.3001364945,-11.725848785862127,61.4,234.1,-1.3264456801706421,-3,-3,-3,-3,-2,-2,0.0,3.0
2019-04-03,2018,Eibar,Vallecano,H,2,1.61,4.0,5.5,1547.077990406573,1435.9499034558892,111.12808695068384,93.9,86.7,0.07890180623774512,2,3,0,2,-1,-4,1.3333333333333333,1.3333333333333333
2019-04-03,2018,Ath Bilbao,Levante,H,2,1.61,4.0,5.5,1604.6189306820263,1498.2730125579537,106.34591812407257,10.0,61.85,-1.7428556622378855,4,4,3,6,2,-3,1.0,2.0
2019-04-04,2018,Leganes,Valladolid,H,2,1.9,3.3,4.5,1542.3133016490206,1458.1478085784327,84.1654930705879,58.55,83.0,-0.3440005030420039,0,0,0,0,0,-2,3.0,0.0
2019-04-04,2018,Sevilla,Alaves,H,2,1.5,4.33,6.5,1587.5793740397226,1580.2471289918103,7.332245047912238,306.3,74.8,1.3997261764881133,4,5,4,5,-1,1,1.3333333333333333,1.3333333333333333
2019-04-04,2018,Sociedad,Betis,H,2,2.25,3.3,3.3,1547.0746720774036,1566.89606910156,-19.82139702415634,300.95,290.75,0.03436416958724475,0,-1,0,1,-2,0,0.6666666666666666,1.6666666666666667
2019-04-06,2018,Barcelona,Ath Madrid,H,2,1.75,3.6,5.0,1863.3145118376797,1758.3631672928175,104.9513445448622,1160.0,711.15,0.48874841831729565,10,9,9,18,4,3,1.6666666666666667,0.6666666666666666
2019-04-06,2018,Girona,Espanol,A,0,2.5,3.2,3.0,1522.3464904400978,1523.7730113111734,-1.4265208710755815,81.75,174.7,-0.752953980935879,-3,-3,-1,-4,-1,-1,2.0,1.0
2019-04-06,2018,Real Madrid,Eibar,H,2,1.3,5.5,9.5,1724.9083963195587,1553.9406592809978,170.96773703856093,896.1,93.9,2.2463436329493556,9,8,11,9,1,1,2.0,1.0
2019-04-06,2018,Vallecano,Valencia,H,2,4.2,3.5,1.9,1429.0872345814644,1671.159967298124,-242.07273271665963,86.7,499.65,-1.7419853547756743,-5,-5,-5,-5,-4,4,0.6666666666666666,1.6666666666666667
2019-04-07,2018,Celta,Sociedad,H,2,2.4,3.3,3.0,1470.0312951510975,1558.673252210805,-88.64195705970747,234.1,300.95,-0.25025048520788573,0,0,2,-2,-2,-1,1.0,2.0
2019-04-07,2018,Alaves,Leganes,D,1,2.5,3.0,3.1,1569.7390389754935,1550.03177238749,19.70726658800345,74.8,58.55,0.24128199684701634,0,0,0,0,0,1,0.3333333333333333,2.3333333333333335
2019-04-07,2018,Betis,Villarreal,H,2,2.2,3.4,3.3,1555.2974889681586,1535.3492735442924,19.94821542386626,290.75,230.65,0.23066965930400762,-1,0,-4,0,-2,0,1.0,2.0
2019-04-07,2018,Getafe,Ath Bilbao,H,2,2.3,3.0,3.5,1618.0581957149432,1611.6283883937956,6.429807321147564,65.6,10.0,1.8008093047479727,-4,-4,-3,-6,1,2,1.0,1.0
2019-04-07,2018,Valladolid,Sevilla,A,0,3.5,3.4,2.05,1450.4293378399632,1598.0874640560394,-147.6581262160762,83.0,306.3,-1.2970076702931257,-4,-5,-4,-5,-2,1,0.3333333333333333,2.3333333333333335
2019-04-07,2018,Levante,Huesca,D,1,1.95,3.6,3.8,1491.2635548461844,1450.8431290520405,40.420425794143966,61.85,61.4,0.007185659660874144,0,0,0,0,-3,-2,1.0,1.0
2019-04-13,2018,Ath Madrid,Celta,H,2,1.36,4.75,9.0,1751.3104943554586,1484.5411036305165,266.769390724942,711.15,234.1,1.1082776078345713,-3,-3,-3,-3,1,0,2.0,1.0
2019-04-13,2018,Espanol,Alaves,H,2,1.8,3.5,4.75,1542.9181413876283,1564.7661023142198,-21.84796092659144,174.7,74.8,0.8406797025447252,3,3,1,4,-1,-1,0.3333333333333333,2.3333333333333335
2019-04-13,2018,Huesca,Barcelona,D,1,4.75,4.2,1.65,1456.5957024335678,1870.3671847750386,-413.7714823414708,61.4,1160.0,-2.923471706322509,-10,-9,-9,-18,-3,4,0.0,3.0
2019-04-13,2018,Sevilla,Betis,H,2,1.66,4.0,5.0,1611.0427059561432,1565.3152952049074,45.727410751235766,306.3,290.75,0.051927197969773964,1,1,3,1,3,0,0.3333333333333333,2.3333333333333335
2019-04-14,2018,Ath Bilbao,Vallecano,H,2,1.6,4.0,5.5,1601.0848034063847,1449.9005407743762,151.18426263200854,10.0,86.7,-2.0760266265797664,4,4,3,6,2,-2,2.3333333333333335,0.3333333333333333
2019-04-14,2018,Girona,Villarreal,A,0,2.5,3.25,2.8,1503.2013603636428,1525.3314673075436,-22.130106943900728,81.75,230.65,-1.0294035976054854,-4,-4,-5,-4,-3,0,2.0,1.0
2019-04-14,2018,Sociedad,Eibar,D,1,2.2,3.5,3.25,1544.163443731386,1548.7304663609643,-4.567022629578332,300.95,93.9,1.1574377351380276,1,0,1,3,-1,-1,1.3333333333333333,1.3333333333333333
2019-04-14,2018,Valladolid,Getafe,D,1,3.2,2.9,2.55,1437.4740959398594,1628.601780702354,-191.1276847624947,83.0,65.6,0.23211222129696996,0,0,0,0,-2,1,1.6666666666666667,0.6666666666666666
2019-04-14,2018,Valencia,Levante,H,2,1.5,4.75,5.5,1650.3466611052122,1485.510981464657,164.8356796405551,499.65,61.85,2.0751563191175553,5,5,5,5,2,-2,1.6666666666666667,0.6666666666666666
2019-04-15,2018,Leganes,Real Madrid,D,1,5.25,4.2,1.6,1555.0047090487637,1730.1185892395922,-175.11388019082847,58.55,896.1,-2.7123510427639284,-11,-11,-11,-11,0,3,0.0,3.0
2019-04-19,2018,Alaves,Valladolid,D,1,2.1,3.2,3.75,1553.0844183988156,1441.320590691518,111.76382770729765,74.8,83.0,-0.10271850619498757,0,0,0,0,-2,-1,3.0,0.0
2019-04-20,2018,Barcelona,Sociedad,H,2,1.22,6.5,13.0,1859.60007496755,1540.1438561465975,319.4562188209525,1160.0,300.95,1.3467755409439812,7,6,8,13,3,0,3.0,0.0
2019-04-20,2018,Celta,Girona,H,2,2.0,3.75,3.5,1481.3009863598074,1484.8946314469113,-3.5936450871038232,234.1,81.75,1.044186941288852,3,3,3,3,0,-3,0.3333333333333333,2.3333333333333335
2019-04-20,2018,Eibar,Ath Madrid,A,0,3.2,3.1,2.4,1552.7500539457528,1754.5506116261677,-201.80055768041484,93.9,711.15,-2.015464857764713,2,3,0,2,-1,1,0.6666666666666666,1.6666666666666667
2019-04-20,2018,Vallecano,Huesca,D,1,2.05,3.75,3.4,1444.1816919495975,1467.3628122410564,-23.18112029145891,86.7,61.4,0.3403566240027551,0,0,0,0,-2,-2,3.0,0.0
2019-04-21,2018,Betis,Valencia,A,0,3.0,3.3,2.4,1556.2621382230022,1655.7105822678836,-99.4484440448814,290.75,499.65,-0.5400099829871463,-2,-1,-4,-1,-2,2,0.3333333333333333,2.3333333333333335
2019-04-21,2018,Getafe,Sevilla,H,2,3.1,3.4,2.3,1624.7552859506955,1620.0958629380484,4.659423012647039,65.6,306.3,-1.5291198915900956,-4,-5,-4,-5,0,3,1.3333333333333333,1.3333333333333333
2019-04-21,2018,Villarreal,Leganes,H,2,1.72,3.5,5.0,1543.6381962242751,1558.1980378646927,-14.559841640417517,230.65,58.55,1.358411316061348,4,4,5,4,0,1,2.0,1.0
2019-04-21,2018,Real Madrid,Ath Bilbao,H,2,1.45,4.33,7.0,1726.9252604236633,1606.8036522311634,120.12160819249993,896.1,10.0,4.401272065766867,7,7,8,5,2,3,1.0,1.0
2019-04-21,2018,Levante,Espanol,D,1,2.3,3.5,3.0,1480.1470603019857,1554.5998253030325,-74.45276500104683,61.85,174.7,-1.028027060156795,-3,-3,-1,-4,-2,0,0.6666666666666666,1.6666666666666667
2019-04-23,2018,Alaves,Barcelona,A,0,7.0,5.25,1.4,1544.9277368962514,1862.0620947415412,-317.13435784528974,74.8,1160.0,-2.7289386890495653,-10,-9,-9,-18,-3,3,0.0,3.0
2019-04-23,2018,Huesca,Eibar,H,2,2.25,3.5,3.0,1470.626341746167,1542.02353558885,-71.39719384268301,61.4,93.9,-0.41925843024050025,-2,-3,0,-2,-1,-1,3.0,0.0
2019-04-23,2018,Valladolid,Girona,H,2,2.3,3.3,3.25,1449.4772721940822,1473.9531960354966,-24.475923841414442,83.0,81.75,0.014992784586141283,0,0,0,0,-2,-5,1.0,1.0
2019-04-24,2018,Espanol,Celta,D,1,2.3,3.2,3.3,1555.7008045611042,1492.242421771222,63.45838278988208,174.7,234.1,-0.2912329603529731,0,0,-2,1,1,2,1.6666666666666667,0.6666666666666666
2019-04-24,2018,Leganes,Ath Bilbao,A,0,2.6,3.0,3.0,1546.8141828365608,1600.2111418900104,-53.396959053449564,58.55,10.0,1.6889210230029388,-4,-4,-3,-6,1,1,1.0,2.0
2019-04-24,2018,Levante,Betis,H,2,2.5,3.3,2.9,1479.046081043914,1541.2383256582523,-62.19224461433828,61.85,290.75,-1.535146336130409,-3,-4,-1,-4,-2,-2,1.0,2.0
2019-04-24,2018,Ath Madrid,Valencia,H,2,1.8,3.4,5.0,1765.2771299830704,1670.7343948326336,94.54273515043678,711.15,499.65,0.352381309226784,-5,-5,-5,-5,3,3,1.6666666666666667,0.6666666666666666
2019-04-25,2018,Sociedad,Villarreal,A,0,2.5,3.3,2.9,1537.6818363726063,1555.022051252407,-17.34021487980067,300.95,230.65,0.2650338288912524,-1,-1,-4,1,-1,0,2.0,1.0
2019-04-25,2018,Sevilla,Vallecano,H,2,1.33,5.25,9.0,1609.4824856818766,1440.9181624444868,168.56432323738977,306.3,86.7,1.253902569758302,4,5,4,5,1,-1,2.3333333333333335,0.3333333333333333
2019-04-25,2018,Getafe,Real Madrid,D,1,4.0,3.6,1.9,1635.3686632068673,1733.5177707648163,-98.14910755794904,65.6,896.1,-2.6004627610188944,-11,-11,-11,-11,1,2,0.0,3.0
2019-04-27,2018,Ath Bilbao,Alaves,D,1,1.45,4.2,7.5,1617.2111763795147,1538.2463475942177,78.96482878529696,10.0,74.8,-1.9302030198499551,4,4,3,6,1,-3,1.3333333333333333,1.3333333333333333
2019-04-27,2018,Ath Madrid,Valladolid,H,2,1.33,4.5,11.0,1772.6581473765164,1461.2670406766865,311.39110669982983,711.15,83.0,2.137471764537282,0,0,0,0,3,-1,3.0,0.0
2019-04-27,2018,Barcelona,Levante,H,2,1.2,6.5,11.0,1868.7434840435749,1492.4202016840813,376.32328235949353,1160.0,61.85,2.916286046661635,10,9,9,18,3,-1,2.0,1.0
2019-04-27,2018,Leganes,Celta,D,1,2.37,3.25,3.0,1529.8141483470565,1498.821119241831,30.99302910522556,58.55,234.1,-1.3731946597447147,-3,-3,-3,-3,-1,1,1.3333333333333333,1.3333333333333333
2019-04-28,2018,Sociedad,Getafe,H,2,2.6,3.2,2.75,1519.1789695186144,1635.2887545125707,-116.10978499395628,300.95,65.6,1.5115568632075664,3,3,1,5,-2,2,0.0,3.0
2019-04-28,2018,Villarreal,Huesca,D,1,1.55,4.0,6.5,1573.5249181063987,1484.3942415958527,89.13067651054598,230.65,61.4,1.3116623364872755,4,4,5,4,2,1,1.0,1.0
2019-04-28,2018,Vallecano,Real Madrid,H,2,7.5,4.5,1.4,1435.648135505869,1733.597679459113,-297.94954395324385,86.7,896.1,-2.3252454391871007,-11,-11,-11,-11,-2,1,0.0,3.0
2019-04-28,2018,Valencia,Eibar,A,0,1.45,4.5,6.5,1663.3533774391876,1528.2556357391645,135.0977417000231,499.65,93.9,1.6630835485379292,3,2,5,3,1,-2,0.6666666666666666,1.6666666666666667
2019-04-28,2018,Girona,Sevilla,H,2,4.75,3.4,1.75,1462.1634275528922,1614.7525126204944,-152.58908506760213,81.75,306.3,-1.312000454879267,-4,-5,-4,-5,-5,3,0.0,3.0
2019-04-29,2018,Betis,Espanol,D,1,2.3,3.3,3.1,1527.864205018085,1549.1221070904953,-21.25790207241039,290.75,174.7,0.5071192759736141,0,1,0,0,-3,2,2.0,1.0
2019-05-03,2018,Sevilla,Leganes,A,0,1.36,5.0,8.5,1597.4992412590288,1524.4122899997965,73.08695125923236,306.3,58.55,1.6410081733351296,4,5,4,5,1,-2,1.3333333333333333,1.3333333333333333
2019-05-04,2018,Alaves,Sociedad,A,0,2.5,3.25,2.9,1545.3550130377478,1534.8739868300263,10.48102620772147,74.8,300.95,-1.382163148105584,-3,-3,-1,-5,-2,-2,1.0,2.0
2019-05-04,2018,Celta,Barcelona,H,2,2.15,3.6,3.25,1504.222977589091,1870.559792760159,-366.3368151710681,234.1,1160.0,-1.597026026151867,-7,-6,-6,-15,1,4,0.6666666666666666,1.6666666666666667
2019-05-04,2018,Espanol,Ath Madrid,H,2,3.8,3.3,2.05,1552.4646422315764,1775.2271461277803,-222.76250389620395,174.7,711.15,-1.3995105681875444,3,3,1,4,2,3,2.0,1.0
2019-05-04,2018,Levante,Vallecano,H,2,1.95,3.8,3.6,1490.6038929674971,1458.3757106503035,32.228182317193614,61.85,86.7,-0.333170964341881,0,0,0,0,-1,0,1.0,2.0
2019-05-05,2018,Getafe,Girona,H,2,1.8,3.6,4.75,1619.5937372011588,1479.4166989143578,140.177038286801,65.6,81.75,-0.21711943671082867,0,0,0,0,1,-3,0.6666666666666666,1.6666666666666667
2019-05-05,2018,Eibar,Betis,H,2,2.05,3.6,3.5,1552.0958478134773,1524.521669877004,27.57417793647346,93.9,290.75,-1.1230735655507829,-1,-1,-1,-2,-2,-2,1.3333333333333333,1.3333333333333333
2019-05-05,2018,Huesca,Valencia,A,0,3.5,3.4,2.1,1491.8384808388746,1639.5131653648748,-147.6746845260002,61.4,499.65,-2.0823419787784294,-5,-5,-5,-5,1,-1,0.0,3.0
2019-05-05,2018,Valladolid,Ath Bilbao,H,2,2.9,3.1,2.6,1458.6980419254226,1610.1025109359846,-151.40446901056202,83.0,10.0,2.0329215260449427,-4,-4,-3,-6,-1,0,0.3333333333333333,2.3333333333333335
2019-05-05,2018,Real Madrid,Villarreal,H,2,1.7,4.0,4.75,1710.8701043146784,1566.0806788633768,144.78942545130167,896.1,230.65,1.3539397267025803,7,7,6,7,1,2,0.6666666666666666,1.6666666666666667
2019-05-12,2018,Ath Bilbao,Celta,H,2,2.0,3.5,3.8,1592.8992548957735,1528.8970142996936,64.0022405960799,10.0,234.1,-3.0621156827476534,1,1,0,3,0,1,1.3333333333333333,1.3333333333333333
2019-05-12,2018,Villarreal,Eibar,H,2,1.6,4.33,5.0,1560.1894977907036,1561.8229032036638,-1.633405412960201,230.65,93.9,0.8924039062467752,2,1,5,2,2,0,1.3333333333333333,1.3333333333333333
2019-05-12,2018,Girona,Levante,A,0,2.15,3.6,3.2,1473.3988028235922,1500.1556840932935,-26.756881269701353,81.75,61.85,0.27507307922091595,0,0,0,0,-3,0,1.6666666666666667,0.6666666666666666
2019-05-12,2018,Barcelona,Getafe,H,2,1.53,4.33,6.0,1845.8857560495564,1625.6116332919244,220.27412275763209,1160.0,65.6,2.8583324041515477,10,9,9,18,2,1,2.3333333333333335,0.3333333333333333
2019-05-12,2018,Betis,Huesca,H,2,1.55,4.33,5.75,1514.7946144868174,1478.8839405297504,35.91067395706705,290.75,61.4,1.542331995791283,3,4,1,4,-4,0,0.0,3.0
2019-05-12,2018,Sociedad,Real Madrid,H,2,3.0,3.6,2.3,1554.4893113088021,1716.7612853873516,-162.27197407854942,300.95,896.1,-1.088905897811328,-8,-8,-10,-6,0,1,1.0,2.0
2019-05-12,2018,Leganes,Espanol,A,0,2.4,3.5,2.87,1546.3226100055942,1572.5546418874135,-26.23203188181924,58.55,174.7,-1.0819616993917416,-3,-3,-1,-4,-1,2,2.0,1.0
2019-05-12,2018,Vallecano,Valladolid,A,0,4.2,3.8,1.8,1448.8239195245071,1475.9012979656336,-27.077378441126484,86.7,83.0,0.04310510053482375,0,0,0,0,-2,1,1.3333333333333333,1.3333333333333333
2019-05-12,2018,Ath Madrid,Sevilla,D,1,2.1,3.6,3.4,1755.1371464719432,1575.588921253231,179.5482252187121,711.15,306.3,0.8404640942441564,-4,-5,-4,-5,3,-1,2.3333333333333335,0.3333333333333333
2019-05-12,2018,Valencia,Alaves,H,2,1.4,5.0,7.5,1652.467705673999,1525.739688558972,126.72801711502711,499.65,74.8,1.8878089615054856,5,5,5,5,1,-3,2.0,1.0
2019-05-18,2018,Sevilla,Ath Bilbao,H,2,1.85,3.4,4.33,1585.5879671302869,1601.3016066972468,-15.713639566959955,306.3,10.0,3.3299291963380684,0,1,1,-1,-2,0,1.0,2.0
2019-05-18,2018,Levante,Ath Madrid,D,1,3.75,3.75,1.95,1518.2718184005194,1745.1381005948874,-226.86628219436807,61.85,711.15,-2.4275376283443393,0,0,0,0,2,2,0.0,3.0
2019-05-18,2018,Huesca,Leganes,H,2,2.5,3.75,2.62,1469.4696268312928,1528.1848008631878,-58.715174031895,61.4,58.55,0.046748979574072536,0,0,0,0,-1,-2,0.0,3.0
2019-05-18,2018,Valladolid,Valencia,A,0,8.0,5.25,1.36,1494.0041899241153,1658.8666854114192,-164.86249548730393,83.0,499.65,-1.785090455310498,-5,-5,-5,-5,2,1,1.0,1.0
2019-05-18,2018,Espanol,Sociedad,H,2,2.3,3.6,3.0,1590.69245102982,1572.1493848318005,18.54306619801946,174.7,300.95,-0.5414834455608588,0,0,0,-1,2,1,1.3333333333333333,1.3333333333333333
2019-05-18,2018,Celta,Vallecano,D,1,1.45,4.75,7.0,1520.4946624982204,1430.7210275660254,89.77363493219491,234.1,86.7,0.986089056167887,3,3,3,3,1,-2,1.0,2.0
2019-05-18,2018,Alaves,Girona,H,2,2.25,3.5,3.1,1519.3407088215517,1455.2826685163664,64.05804030518539,74.8,81.75,-0.08772572160884629,0,0,0,0,-3,-3,1.3333333333333333,1.3333333333333333
2019-05-18,2018,Getafe,Villarreal,D,1,1.61,4.2,5.25,1621.5130137674541,1571.0526189091897,50.46039485826441,65.6,230.65,-1.246523034316314,-4,-4,-5,-4,0,2,2.0,1.0
2019-05-19,2018,Eibar,Barcelona,D,1,3.6,4.0,1.9,1550.9597820851777,1849.9843755740267,-299.02459348884895,93.9,1160.0,-2.504213276082009,-8,-6,-9,-16,-1,3,0.0,3.0
2019-05-19,2018,Real Madrid,Betis,A,0,1.57,4.75,4.75,1699.1012118643532,1524.208928185275,174.89228367907822,896.1,290.75,1.1232700673985727,8,7,10,7,0,-2,2.0,1.0
2019-08-16,2019,Ath Bilbao,Barcelona,H,2,5.25,3.8,1.65,1589.8707958372631,1842.222759443125,-252.35196360586178,10.0,930.28,-4.438664711141615,-7,-6,-7,-7,0,2,0.6666666666666666,1.6666666666666667
2019-08-17,2019,Valencia,Sociedad,D,1,1.66,3.75,5.5,1671.098432430284,1562.07753377199,109.02089865829407,427.8,347.55,0.20720891782418427,2,4,3,0,1,1,2.3333333333333335,0.3333333333333333
2019-08-17,2019,Villarreal,Granada,D,1,1.6,3.8,6.5,1577.1707480519071,1331.2873993695812,245.88334868232596,208.68,56.58,1.2924072738311212,4,4,3,3,1,-5,2.3333333333333335,0.3333333333333333
2019-08-17,2019,Mallorca,Eibar,H,2,2.8,3.2,2.6,1436.1242751003167,1558.7213982160795,-122.59712311576277,64.68,53.75,0.18201709644756292,-2,-2,-1,-4,1,0,1.5,1.5
2019-08-17,2019,Leganes,Osasuna,A,0,2.0,3.2,4.2,1514.9588680312895,1362.6031186065825,152.35574942470703,112.45,62.78,0.5759225496439395,0,0,0,0,-2,-2,1.5,1.5
2019-08-17,2019,Celta,Real Madrid,A,0,4.75,4.2,1.65,1513.0295206101525,1674.2148569393532,-161.1853363292007,167.0,913.75,-1.6946868244960571,-9,-11,-11,-3,0,-2,0.0,3.0
2019-08-18,2019,Betis,Valladolid,A,0,1.66,3.75,5.5,1549.095283110275,1481.7724429052505,67.32284020502448,244.35,83.0,1.0718689636925989,5,5,5,4,0,1,2.0,1.0
2019-08-18,2019,Ath Madrid,Getafe,H,2,1.44,4.33,8.0,1739.8919607827486,1615.3948846247367,124.49707615801185,969.7,175.45,1.7049799105969017,-2,0,-3,-4,1,-1,3.0,0.0
2019-08-18,2019,Alaves,Levante,H,2,2.15,3.2,3.6,1527.741117756257,1523.5179582126582,4.22315954359874,110.8,107.85,0.026740773040442534,0,0,0,0,-2,2,2.0,1.0
2019-08-18,2019,Espanol,Sevilla,A,0,3.2,3.3,2.3,1600.7643020896305,1597.0187779902706,3.7455240993599546,156.05,294.75,-0.6329502768738404,-3,-3,-4,-4,3,0,0.0,3.0
2019-08-23,2019,Granada,Sevilla,A,0,3.6,3.6,1.95,1342.6830710358095,1616.3692912263548,-273.6862201905453,56.58,294.75,-1.6363392176744664,-5,-5,-4,-6,-4,0,2.0,1.0
2019-08-23,2019,Levante,Villarreal,H,2,2.55,3.4,2.62,1512.887350438645,1565.7750763856789,-52.887725947033914,107.85,208.68,-0.6556117713345948,-4,-4,-3,-3,0,0,0.3333333333333333,2.3333333333333335
2019-08-24,2019,Osasuna,Eibar,D,1,2.5,3.2,2.9,1386.915418699977,1542.7471753098978,-155.83175660992083,62.78,53.75,0.1526622928853012,-2,-2,-1,-4,0,0,2.0,0.5
2019-08-24,2019,Real Madrid,Valladolid,D,1,1.2,6.5,13.0,1686.6002470180542,1503.485230317348,183.1150167007063,913.75,83.0,2.3878340050560025,11,13,11,8,-1,1,2.3333333333333335,0.3333333333333333
2019-08-24,2019,Celta,Valencia,H,2,3.1,3.4,2.25,1500.6441305314515,1663.0255137838085,-162.38138325235695,167.0,427.8,-0.9370266303533334,-3,-4,-4,1,-1,2,0.6666666666666666,1.6666666666666667
2019-08-24,2019,Getafe,Ath Bilbao,D,1,2.6,3.0,2.9,1608.9310175395754,1611.0568529835741,-2.125835443998767,175.45,10.0,2.7751422773229084,-2,-5,0,-1,-2,0,1.6666666666666667,0.6666666666666666
2019-08-25,2019,Barcelona,Betis,H,2,1.25,6.0,10.0,1821.036702296814,1527.3824956981775,293.6542065986364,930.28,244.35,1.3338742214040735,6,6,5,8,0,0,2.0,1.0
2019-08-25,2019,Mallorca,Sociedad,A,0,3.1,3.1,2.4,1452.0984980064984,1570.1504524184654,-118.05195441196702,64.68,347.55,-1.6689872267882349,-3,-2,-1,-4,2,2,1.0,2.0
2019-08-25,2019,Leganes,Ath Madrid,A,0,4.75,3.4,1.8,1490.646567937895,1746.35582786791,-255.70925993001492,112.45,969.7,-2.14665524949233,0,0,0,0,-2,1,0.3333333333333333,2.3333333333333335
2019-08-25,2019,Alaves,Espanol,D,1,2.45,3.2,3.0,1538.3717255302702,1581.4137888535463,-43.042063323276125,110.8,156.05,-0.3398526652636571,-2,-2,0,-2,0,2,1.3333333333333333,1.3333333333333333
2019-08-30,2019,Ath Bilbao,Sociedad,H,2,2.3,3.1,3.4,1615.1740813379172,1584.3717874665786,30.802293871338634,10.0,347.55,-3.4558864191340373,1,3,2,1,0,2,0.0,3.0
2019-08-30,2019,Sevilla,Celta,D,1,1.53,4.2,6.0,1624.4386059173723,1518.3087788215996,106.12982709577273,294.75,167.0,0.5655505234552374,3,3,4,1,2,0,1.0,2.0
2019-08-31,2019,Osasuna,Barcelona,D,1,10.0,5.0,1.33,1389.3053327962361,1823.8559071886696,-434.5505743924334,62.78,930.28,-2.6811203223580744,-11,-11,-10,-12,0,0,0.0,3.0
2019-08-31,2019,Getafe,Alaves,D,1,1.72,3.4,5.75,1604.8137891852323,1535.9344492185924,68.87933996663992,175.45,110.8,0.45632598940028046,2,0,3,4,-1,0,1.3333333333333333,1.3333333333333333
2019-08-31,2019,Levante,Valladolid,H,2,2.0,3.5,3.75,1525.8657256877993,1513.569255151158,12.296470536641436,107.85,83.0,0.2591539888372427,0,0,0,0,2,2,1.3333333333333333,1.3333333333333333
2019-08-31,2019,Betis,Leganes,H,2,1.95,3.3,4.33,1524.563290806322,1481.9524380341131,42.61085277220877,244.35,112.45,0.7713235513100614,5,5,5,4,-1,-3,1.0,2.0
2019-09-01,2019,Valencia,Mallorca,H,2,1.4,4.75,8.0,1645.3608654936604,1437.8771629583853,207.48370253527514,427.8,64.68,1.8761961446124191,5,6,4,4,2,2,1.3333333333333333,1.3333333333333333
2019-09-01,2019,Espanol,Granada,A,0,2.05,3.3,4.0,1583.851065165224,1334.613756344792,249.2373088204322,156.05,56.58,1.003388940800626,2,2,0,2,2,-4,2.3333333333333335,0.3333333333333333
2019-09-01,2019,Villarreal,Real Madrid,D,1,3.6,4.0,1.9,1552.7967011365245,1676.5162221842443,-123.71952104771981,208.68,913.75,-1.473068244884165,-7,-9,-8,-5,-1,0,0.6666666666666666,1.6666666666666667
2019-09-01,2019,Ath Madrid,Eibar,H,2,1.4,4.0,10.0,1755.0499577716919,1540.3572612136386,214.69269655805329,969.7,53.75,2.8752400920215706,-2,-2,-1,-4,1,-1,1.6666666666666667,0.6666666666666666
2019-09-13,2019,Mallorca,Ath Bilbao,D,1,3.4,3.1,2.3,1433.510962014322,1624.7793911570363,-191.26842914271424,64.68,10.0,1.7868991923458024,-4,-5,-3,-5,0,2,0.0,3.0
2019-09-14,2019,Real Madrid,Levante,H,2,1.22,6.5,12.0,1675.4937561621325,1536.1795570283537,139.31419913377886,913.75,107.85,2.12868001621876,11,13,11,8,-1,2,1.3333333333333333,1.3333333333333333
2019-09-14,2019,Leganes,Villarreal,A,0,2.45,3.1,3.2,1472.7854754034136,1553.8191671586362,-81.03369175522266,112.45,208.68,-0.6142203477893,-4,-4,-3,-3,-5,0,0.0,3.0
2019-09-14,2019,Sociedad,Ath Madrid,H,2,3.8,3.2,2.1,1574.7664776474594,1759.2636050436547,-184.4971273961953,347.55,969.7,-1.0242357687857728,3,2,1,4,0,3,1.0,2.0
2019-09-14,2019,Barcelona,Valencia,H,2,1.44,4.75,7.0,1812.6722997842794,1649.7270664377236,162.94523334655582,930.28,427.8,0.7755693741833936,6,5,6,8,1,2,1.6666666666666667,0.6666666666666666
2019-09-15,2019,Valladolid,Osasuna,D,1,2.15,3.1,3.75,1503.2554238106036,1400.4889402006263,102.76648360997729,83.0,62.78,0.275377137261402,0,0,0,0,0,1,0.3333333333333333,2.3333333333333335
2019-09-15,2019,Betis,Getafe,D,1,2.2,3.1,3.6,1533.7302534370215,1598.0473684349272,-64.31711499790572,244.35,175.45,0.32964821241463316,3,5,2,0,1,-2,1.0,2.0
2019-09-15,2019,Celta,Granada,A,0,1.83,3.6,4.33,1526.2926369215859,1361.0702082748514,165.22242864673444,167.0,56.58,1.070788694219229,2,2,0,5,-1,-2,3.0,0.0
2019-09-15,2019,Eibar,Espanol,A,0,2.0,3.3,4.0,1536.1436139416758,1557.3946132351646,-21.250999293488803,53.75,156.05,-1.0537868572880456,0,0,1,2,-3,0,2.0,1.0
2019-09-15,2019,Alaves,Sevilla,A,0,4.2,3.2,2.0,1542.7008699688975,1616.454747817386,-73.75387784848863,110.8,294.75,-0.9728029421374975,-5,-5,-4,-6,1,3,0.3333333333333333,2.3333333333333335
2019-09-20,2019,Osasuna,Betis,D,1,2.25,3.3,3.25,1408.3681922479486,1532.1950933004262,-123.82690105247752,62.78,244.35,-1.3472461009540009,-5,-5,-5,-4,0,0,1.0,2.0
2019-09-21,2019,Villarreal,Valladolid,H,2,1.61,4.0,5.5,1569.6371960925937,1495.3761717632813,74.26102432931248,208.68,83.0,0.9147657601718375,4,4,3,3,0,-1,0.3333333333333333,2.3333333333333335
2019-09-21,2019,Levante,Eibar,D,1,2.3,3.4,3.1,1530.1377309936822,1517.800795583177,12.336935410505248,107.85,53.75,0.6871934189839459,-2,-2,-1,-4,0,-3,1.6666666666666667,0.6666666666666666
2019-09-21,2019,Ath Madrid,Celta,D,1,1.4,4.33,9.5,1740.685832802667,1501.6467585149214,239.0390742877455,969.7,167.0,1.754053481314922,-2,-2,0,-5,2,-1,2.0,1.0
2019-09-21,2019,Granada,Barcelona,H,2,10.0,5.5,1.3,1385.716086681516,1818.0843236140636,-432.3682369325477,56.58,930.28,-2.783384698755956,-11,-11,-10,-12,0,1,0.0,3.0
2019-09-22,2019,Sevilla,Real Madrid,A,0,2.62,3.8,2.45,1632.5857334337456,1681.535582196804,-48.9498487630583,294.75,913.75,-1.1291363010408197,-6,-8,-7,-2,4,1,2.0,1.0
2019-09-22,2019,Getafe,Mallorca,H,2,1.85,3.25,5.0,1599.5825285715225,1437.3631330266817,162.21939554484084,175.45,64.68,0.988243084977106,2,0,3,4,-1,0,2.0,1.0
2019-09-22,2019,Espanol,Sociedad,A,0,3.0,3.25,2.45,1575.7374315936634,1593.3442498884474,-17.606818294784034,156.05,347.55,-0.7972174659477522,-1,0,-1,-2,0,0,2.0,1.0
2019-09-22,2019,Valencia,Leganes,D,1,1.61,4.0,5.5,1644.3150426079394,1456.967446469456,187.34759613848337,427.8,112.45,1.3296283985307413,5,6,4,4,0,-5,1.6666666666666667,0.6666666666666666
2019-09-22,2019,Ath Bilbao,Alaves,H,2,1.61,3.75,6.0,1620.9272201446768,1526.5698843525379,94.35733579213888,10.0,110.8,-2.318816287922628,4,5,3,5,1,1,0.6666666666666666,1.6666666666666667
2019-09-24,2019,Valladolid,Granada,D,1,2.25,3.3,3.3,1487.3263604994634,1411.857653207537,75.46870729192642,83.0,56.58,0.37764151365928367,0,0,0,0,-1,2,0.3333333333333333,2.3333333333333335
2019-09-24,2019,Barcelona,Villarreal,H,2,1.3,5.75,9.0,1791.9427570880425,1577.6870073564116,214.25574973163089,930.28,208.68,1.4909774249248349,7,7,7,9,0,1,2.3333333333333335,0.3333333333333333
2019-09-24,2019,Betis,Levante,H,2,1.95,3.6,3.8,1531.1680129486979,1525.44998589202,5.7180270566777835,244.35,107.85,0.8127149748553562,5,5,5,4,-1,0,1.0,2.0
2019-09-25,2019,Real Madrid,Osasuna,H,2,1.2,7.0,13.0,1698.7238689049182,1409.395272599677,289.32859630524126,913.75,62.78,2.6632111423174045,11,13,11,8,3,1,3.0,0.0
2019-09-25,2019,Valencia,Getafe,D,1,1.9,3.3,4.5,1634.131687221225,1605.0131106165206,29.118576604704458,427.8,175.45,0.8879530596353131,3,6,1,0,-1,0,1.3333333333333333,1.3333333333333333
2019-09-25,2019,Leganes,Ath Bilbao,D,1,2.87,3.0,2.7,1467.1508018561703,1628.3141784026939,-161.16337654652352,112.45,10.0,2.33346693842748,-4,-5,-3,-5,-4,3,0.0,3.0
2019-09-25,2019,Mallorca,Ath Madrid,A,0,6.5,3.6,1.61,1431.9325509816836,1729.4169878125904,-297.4844368309068,64.68,969.7,-2.6932229955740077,0,0,0,0,-2,2,1.6666666666666667,0.6666666666666666
2019-09-26,2019,Eibar,Sevilla,H,2,3.5,3.3,2.15,1522.488540684839,1615.3974467256314,-92.90890604079232,53.75,294.75,-1.686737134161886,-3,-3,-3,-2,-3,2,1.3333333333333333,1.3333333333333333
2019-09-26,2019,Celta,Espanol,D,1,1.85,3.5,4.2,1512.915603504998,1557.2454491894543,-44.32984568445636,167.0,156.05,0.06739975341860305,0,0,0,3,-1,-2,1.0,1.0
2019-09-26,2019,Sociedad,Alaves,H,2,1.6,4.0,5.5,1611.8362322926564,1519.1829260945208,92.65330619813562,347.55,110.8,1.1370701312114093,3,2,1,4,2,-1,2.0,1.0
2019-09-27,2019,Villarreal,Betis,H,2,1.83,3.8,4.1,1573.4642419953339,1541.7396325974435,31.72460939789039,208.68,244.35,-0.15710320352076135,-1,-1,-2,-1,0,1,1.0,2.0
2019-09-28,2019,Getafe,Barcelona,A,0,4.33,3.4,1.85,1610.3444012320401,1796.1655224491203,-185.8211212170802,175.45,930.28,-1.6635224338187067,-9,-11,-7,-8,1,2,0.3333333333333333,2.3333333333333335
2019-09-28,2019,Ath Bilbao,Valencia,A,0,2.2,3.2,3.5,1625.700487765993,1628.8003966057056,-3.099908839712498,10.0,427.8,-3.6630953369582215,-1,-1,-1,1,2,-1,0.6666666666666666,1.6666666666666667
2019-09-28,2019,Granada,Leganes,H,2,2.4,3.1,3.2,1418.8487219248502,1469.764492492871,-50.91577056802089,56.58,112.45,-0.6781869260418212,0,0,0,0,2,-3,0.0,3.0
2019-09-28,2019,Ath Madrid,Real Madrid,D,1,2.4,3.3,3.0,1736.7041737821376,1701.6073220152448,35.09685176689277,969.7,913.75,0.05936665681886488,-11,-13,-11,-8,2,3,0.6666666666666666,1.6666666666666667
2019-09-29,2019,Espanol,Valladolid,A,0,1.95,3.3,4.2,1559.628562961771,1480.33529178215,79.29327117962089,156.05,83.0,0.6257474271413423,2,2,0,2,-1,-2,1.3333333333333333,1.3333333333333333
2019-09-29,2019,Eibar,Celta,H,2,2.25,3.3,3.25,1537.1824360515232,1510.5324897326814,26.649946318841785,53.75,167.0,-1.1211866107066486,0,0,1,-1,-1,0,1.0,2.0
2019-09-29,2019,Alaves,Mallorca,H,2,2.2,3.2,3.5,1511.741213927182,1424.6453650121364,87.09584891504551,110.8,64.68,0.5319170955768255,0,0,0,0,-3,-4,1.5,1.5
2019-09-29,2019,Levante,Osasuna,D,1,2.15,3.5,3.4,1514.8783662432745,1406.5118194893503,108.36654675392424,107.85,62.78,0.5345311260986447,0,0,0,0,0,-1,2.0,1.0
2019-09-29,2019,Sevilla,Sociedad,H,2,1.85,3.5,4.5,1600.7035513589474,1619.2779444599953,-18.574393101047917,294.75,347.55,-0.1642671890739118,2,3,3,2,0,3,2.3333333333333335,0.3333333333333333
2019-10-04,2019,Betis,Eibar,D,1,2.0,3.6,3.7,1532.168958719787,1546.944495529955,-14.775536810167978,244.35,53.75,1.499908393839302,3,3,4,0,1,0,1.3333333333333333,1.3333333333333333
2019-10-05,2019,Real Madrid,Granada,H,2,1.28,5.75,10.0,1707.1627185332777,1431.7435722441514,275.4191462891263,913.75,56.58,2.765475518715286,11,13,11,8,3,4,3.0,0.0
2019-10-05,2019,Leganes,Levante,A,0,2.0,3.5,3.8,1456.86964217357,1506.825535682675,-49.95589350910518,112.45,107.85,0.04139142354529479,0,0,0,0,-3,-1,1.0,2.0
2019-10-05,2019,Valencia,Alaves,H,2,1.5,4.33,6.5,1647.878709356933,1519.363380225112,128.5153291318211,427.8,110.8,1.3442790490355936,5,6,4,4,1,-2,2.0,1.0
2019-10-05,2019,Osasuna,Villarreal,H,2,3.0,3.3,2.4,1414.5646500499497,1583.0349158729903,-168.47026582304056,62.78,208.68,-1.1901428974332395,-4,-4,-3,-3,-1,2,0.0,3.0
2019-10-06,2019,Mallorca,Espanol,H,2,2.45,3.25,3.0,1417.0231987142063,1537.508907156569,-120.4857084423627,64.68,156.05,-0.8717697608404826,-2,-2,0,-2,-4,-2,1.0,2.0
2019-10-06,2019,Celta,Ath Bilbao,H,2,2.7,3.0,2.87,1500.7704302542495,1606.6221750147656,-105.85174476051611,167.0,10.0,2.726068706604888,-2,-3,-3,0,-2,1,0.3333333333333333,2.3333333333333335
2019-10-06,2019,Valladolid,Ath Madrid,D,1,5.5,3.5,1.72,1502.454947587352,1731.1487772641046,-228.69382967675256,83.0,969.7,-2.4472006618748674,0,0,0,0,-1,1,0.0,3.0
2019-10-06,2019,Sociedad,Getafe,A,0,1.9,3.4,4.33,1607.7303917030174,1598.9760337006053,8.754358002412118,347.55,175.45,0.6807441418111289,1,2,-2,0,1,0,1.0,2.0
2019-10-06,2019,Barcelona,Sevilla,H,2,1.5,4.2,7.0,1807.5338899805552,1612.2511041159253,195.2827858646299,930.28,294.75,1.1470454810814896,6,6,6,6,2,0,2.3333333333333335,0.3333333333333333
2019-10-18,2019,Granada,Osasuna,H,2,2.4,3.0,3.3,1428.6445787546074,1432.483064840887,-3.838486086279545,56.58,62.78,-0.10226437639788166,0,0,0,0,2,0,0.6666666666666666,1.6666666666666667
2019-10-19,2019,Getafe,Leganes,H,2,1.85,3.1,5.25,1618.5237665704558,1439.723883354332,178.79988321612382,175.45,112.45,0.4416753388954282,2,0,3,4,1,-3,0.6666666666666666,1.6666666666666667
2019-10-19,2019,Mallorca,Real Madrid,H,2,6.5,4.0,1.53,1432.9066143226594,1710.2617120228217,-277.35509770016233,64.68,913.75,-2.633856338755143,-11,-13,-11,-8,-2,4,0.0,3.0
2019-10-19,2019,Eibar,Barcelona,A,0,6.0,4.5,1.5,1550.5518680918715,1812.1686929406003,-261.6168248487288,53.75,930.28,-2.8337826152433756,-9,-9,-9,-8,1,3,0.3333333333333333,2.3333333333333335
2019-10-19,2019,Ath Madrid,Valencia,D,1,1.57,3.75,6.0,1725.833514919436,1654.2260482496265,71.60746666980958,969.7,427.8,0.8170268509615886,-5,-6,-4,-4,0,1,2.3333333333333335,0.3333333333333333
2019-10-20,2019,Alaves,Celta,H,2,2.9,3.0,2.62,1513.0160413324186,1516.0230464974247,-3.0070051650061487,110.8,167.0,-0.40725241868226014,-2,-2,0,-5,-3,-1,2.3333333333333335,0.3333333333333333
2019-10-20,2019,Sociedad,Betis,H,2,1.75,3.9,4.33,1588.182658833167,1528.5615861578706,59.62107267529632,347.55,244.35,0.3510959293964957,-2,-3,-4,0,1,0,1.3333333333333333,1.3333333333333333
2019-10-20,2019,Espanol,Villarreal,A,0,3.0,3.3,2.37,1521.6254915481159,1565.116501082053,-43.49100953393713,156.05,208.68,-0.2890183330304952,-2,-2,-3,-1,-2,1,1.6666666666666667,0.6666666666666666
2019-10-20,2019,Ath Bilbao,Valladolid,D,1,1.66,3.4,6.5,1591.3695587715904,1507.7702099320206,83.59934883956976,10.0,83.0,-2.0329215260449427,4,5,3,5,-1,0,1.3333333333333333,1.3333333333333333
2019-10-20,2019,Sevilla,Levante,H,2,1.33,5.5,9.0,1607.6163011558801,1523.971294501913,83.64500665396713,294.75,107.85,0.99954371517794,5,5,4,6,-1,-1,2.0,1.0
2019-10-25,2019,Villarreal,Alaves,H,2,1.5,4.2,6.5,1582.5349026022814,1523.9340143797722,58.600888222509184,208.68,110.8,0.6288709982941523,4,4,3,3,1,-1,0.0,3.0
2019-10-26,2019,Leganes,Mallorca,H,2,1.8,3.4,4.75,1434.7049515283293,1454.9612724896053,-20.25632096127606,112.45,64.68,0.5465677460816778,0,0,0,0,-3,-1,1.5,1.5
2019-10-26,2019,Valladolid,Eibar,H,2,2.4,3.1,3.2,1515.0330417999776,1542.066203342929,-27.033161542951348,83.0,53.75,0.4280394301467032,-2,-2,-1,-4,0,1,2.0,0.5
2019-10-26,2019,Ath Madrid,Ath Bilbao,H,2,1.7,3.5,5.75,1718.9736116970314,1584.1067269036334,134.86688479339796,969.7,10.0,4.48012218791981,-4,-5,-3,-5,1,-1,2.0,1.0
2019-10-27,2019,Osasuna,Valencia,H,2,2.87,3.1,2.62,1421.5318307890752,1661.0859514720312,-239.55412068295595,62.78,427.8,-1.9055509481746808,-5,-6,-4,-4,-1,2,0.6666666666666666,1.6666666666666667
2019-10-27,2019,Sevilla,Getafe,H,2,1.72,3.3,6.0,1615.351960304856,1623.5426983964585,-8.190738091602498,294.75,175.45,0.516476952737217,3,5,1,2,-1,2,0.3333333333333333,2.3333333333333335
2019-10-27,2019,Celta,Sociedad,A,0,3.0,3.25,2.45,1505.1050734500711,1596.7384101569971,-91.633336706926,167.0,347.55,-0.7298177125291492,-1,0,-1,1,-1,1,2.0,1.0
2019-10-27,2019,Granada,Betis,H,2,2.45,3.2,3.0,1439.5958128064192,1520.0058348340403,-80.41002202762115,56.58,244.35,-1.4495104773518825,-5,-5,-5,-4,2,-1,1.3333333333333333,1.3333333333333333
2019-10-27,2019,Levante,Espanol,A,0,2.1,3.5,3.5,1516.2356353529372,1504.2070900278875,12.028545325049663,107.85,156.05,-0.36659343830409963,-2,-2,0,-2,-1,-4,0.6666666666666666,1.6666666666666667
2019-10-29,2019,Alaves,Ath Madrid,D,1,6.0,3.5,1.65,1515.3423022772195,1725.1399072583336,-209.7976049811141,110.8,969.7,-2.161305899997182,0,0,0,0,-1,2,0.0,3.0
2019-10-29,2019,Barcelona,Valladolid,H,2,1.12,9.5,17.0,1820.6543576895428,1526.9283225802408,293.7260351093021,930.28,83.0,2.4057431850966724,11,11,10,12,3,2,2.0,1.0
2019-10-30,2019,Sociedad,Levante,A,0,1.5,4.5,6.5,1612.0995582401226,1496.5599074942174,115.53965074590519,347.55,107.85,1.1638109042518519,3,2,1,4,1,-2,2.3333333333333335,0.3333333333333333
2019-10-30,2019,Valencia,Sevilla,D,1,2.8,3.4,2.5,1640.365309108124,1626.4779883547321,13.887320753391805,427.8,294.75,0.37147610689809607,0,1,0,-2,1,1,2.3333333333333335,0.3333333333333333
2019-10-30,2019,Ath Bilbao,Espanol,H,2,1.9,3.25,4.5,1577.9404313423313,1523.8828178866072,54.057613455724095,10.0,156.05,-2.658668953186285,2,3,3,3,-3,-2,0.3333333333333333,2.3333333333333335
2019-10-30,2019,Betis,Celta,H,2,2.0,3.5,3.75,1505.8507070175074,1489.7439253669456,16.106781650561743,244.35,167.0,0.3787217831326535,3,3,5,-1,-2,-2,1.3333333333333333,1.3333333333333333
2019-10-30,2019,Real Madrid,Leganes,H,2,1.25,6.0,12.0,1688.2070538558758,1446.3213483501904,241.88570550568534,913.75,112.45,2.087288592673465,11,13,11,8,2,-2,2.3333333333333335,0.3333333333333333
2019-10-31,2019,Eibar,Villarreal,H,2,2.62,3.5,2.5,1530.1709225626657,1591.126614704834,-60.955692142168346,53.75,208.68,-1.3428051903185407,-2,-2,-2,1,0,1,1.3333333333333333,1.3333333333333333
2019-10-31,2019,Mallorca,Osasuna,D,1,2.45,3.0,3.1,1443.3448756677442,1442.2524731529825,1.0924025147617158,64.68,62.78,0.029354803562261722,0,0,0,0,-1,0,1.0,1.0
2019-10-31,2019,Getafe,Granada,H,2,1.9,3.3,4.33,1612.4166703465824,1453.7509406229522,158.6657297236302,175.45,56.58,1.1198622649372494,2,0,3,4,0,2,0.0,3.0
2019-11-02,2019,Espanol,Valencia,A,0,2.7,3.3,2.62,1515.129865622159,1635.6172503571877,-120.48738473502863,156.05,427.8,-1.0044263837719365,-3,-4,-4,-2,-3,1,1.3333333333333333,1.3333333333333333
2019-11-02,2019,Levante,Barcelona,H,2,9.0,5.75,1.3,1519.8307225115705,1823.4725066220713,-303.6417841105008,107.85,930.28,-2.1465891962594297,-11,-11,-10,-12,0,5,1.0,2.0
2019-11-02,2019,Sevilla,Ath Madrid,D,1,2.3,3.2,3.3,1631.2260471056684,1720.5513112252231,-89.32526411955473,294.75,969.7,-1.1885029578596846,5,5,4,6,2,1,0.6666666666666666,1.6666666666666667
2019-11-02,2019,Real Madrid,Betis,D,1,1.25,6.5,9.0,1691.885001069987,1516.0166025464816,175.86839852350545,913.75,244.35,1.3159650413634036,6,8,6,4,2,-2,2.0,1.0
2019-11-03,2019,Leganes,Eibar,A,0,2.25,3.1,3.5,1442.643401136079,1543.4923047344703,-100.84890359839119,112.45,53.75,0.7285848425292407,-2,-2,-1,-4,-3,0,0.3333333333333333,2.3333333333333335
2019-11-03,2019,Granada,Sociedad,A,0,3.1,3.2,2.45,1448.2287828891551,1588.8287432227696,-140.5999603336145,56.58,347.55,-1.8006064067483782,-3,-2,-1,-4,1,-1,0.0,3.0
2019-11-03,2019,Osasuna,Alaves,H,2,2.1,2.87,4.5,1446.4978465668185,1519.93089831033,-73.43305174351144,62.78,110.8,-0.5612718991390873,0,0,0,0,1,0,1.5,1.5
2019-11-03,2019,Valladolid,Mallorca,H,2,2.0,3.3,4.0,1524.1101736477124,1439.0995022539082,85.01067139380416,83.0,64.68,0.24602233369914028,0,0,0,0,1,0,1.5,1.5
2019-11-03,2019,Villarreal,Ath Bilbao,D,1,1.83,3.6,4.5,1577.8052325330295,1586.6933836067794,-8.888151073749896,208.68,10.0,2.9476872862167802,0,-1,0,-2,1,-2,1.3333333333333333,1.3333333333333333
2019-11-03,2019,Celta,Getafe,A,0,2.5,3.1,3.0,1479.5780298379714,1617.9388280803794,-138.360798242408,167.0,175.45,-0.04907357071802032,0,2,-3,1,-3,1,0.3333333333333333,2.3333333333333335
2019-11-08,2019,Sociedad,Leganes,D,1,1.8,3.4,5.0,1602.0838372422588,1427.6800511776037,174.40378606465515,347.55,112.45,1.122419480706557,3,2,1,4,1,-3,2.3333333333333335,0.3333333333333333
2019-11-09,2019,Alaves,Valladolid,H,2,2.4,3.0,3.4,1506.0756553961712,1531.8007866611738,-25.725131265002574,110.8,83.0,0.28589476187768526,0,0,0,0,-2,1,2.0,0.5
2019-11-09,2019,Valencia,Granada,H,2,1.61,3.7,6.0,1649.7337626284066,1434.973688869666,214.76007375874065,427.8,56.58,2.0078153245725625,5,6,4,4,1,-1,2.3333333333333335,0.3333333333333333
2019-11-09,2019,Eibar,Real Madrid,A,0,5.25,4.33,1.6,1558.4556546929457,1681.97485459972,-123.51919990677425,53.75,913.75,-2.8158734352027057,-9,-11,-10,-4,0,1,1.0,2.0
2019-11-09,2019,Barcelona,Celta,H,2,1.2,7.5,13.0,1800.5659280884906,1466.2275013629223,334.3384267255683,930.28,167.0,1.712596004536727,9,9,10,7,3,-3,1.3333333333333333,1.3333333333333333
2019-11-10,2019,Ath Bilbao,Levante,H,2,1.66,3.75,5.5,1590.5392396208347,1542.737301045151,47.80193857568361,10.0,107.85,-2.2920755148821854,4,5,3,5,-1,1,1.0,2.0
2019-11-10,2019,Mallorca,Villarreal,H,2,3.6,3.25,2.15,1431.4088892404468,1573.9593765189743,-142.5504872785275,64.68,208.68,-1.1607880938709778,-4,-4,-3,-3,0,0,1.3333333333333333,1.3333333333333333
2019-11-10,2019,Betis,Sevilla,A,0,3.6,3.4,2.1,1525.9267490167488,1630.765326673239,-104.83857765649032,244.35,294.75,-0.1868287403225839,0,0,1,-2,-1,1,1.3333333333333333,1.3333333333333333
2019-11-10,2019,Ath Madrid,Espanol,H,2,1.45,4.0,8.5,1721.0120316576524,1501.0133533509402,219.99867830671224,969.7,156.05,1.821453234733525,-2,-2,0,-2,1,-3,1.0,2.0
2019-11-10,2019,Getafe,Osasuna,D,1,1.95,3.3,4.33,1631.2893565554284,1460.3530894809771,170.93626707445128,175.45,62.78,1.0175978885393677,2,0,3,4,3,2,1.0,2.0
2019-11-22,2019,Levante,Mallorca,H,2,1.75,3.75,4.5,1533.7594519268848,1448.2368116086284,85.52264031825644,107.85,64.68,0.505176322536383,0,0,0,0,-1,0,1.3333333333333333,1.3333333333333333
2019-11-23,2019,Leganes,Barcelona,A,0,7.0,4.75,1.44,1437.5544664657682,1802.8411415289647,-365.2866750631965,112.45,930.28,-2.105197772714135,-11,-11,-10,-12,-2,3,1.0,2.0
2019-11-23,2019,Betis,Valencia,H,2,2.4,3.4,2.9,1511.1356337023037,1653.946005357696,-142.81037165539237,244.35,427.8,-0.55830484722068,0,-1,1,0,-2,1,0.3333333333333333,2.3333333333333335
2019-11-23,2019,Granada,Ath Madrid,D,1,5.0,3.1,1.9,1430.7614461403764,1725.1162652698445,-294.35481912946807,56.58,969.7,-2.824842175534151,0,0,0,0,-1,2,0.0,3.0
2019-11-23,2019,Real Madrid,Sociedad,H,2,1.36,5.5,7.5,1695.9609972893186,1592.2094219540943,103.75157533522429,913.75,347.55,0.9648691119669079,8,11,10,4,2,2,1.0,2.0
2019-11-24,2019,Eibar,Alaves,A,0,1.85,3.5,4.5,1544.469512003347,1517.916925652454,26.55258635089308,53.75,110.8,-0.7139341920243885,2,2,1,4,-1,0,1.3333333333333333,1.3333333333333333
2019-11-24,2019,Osasuna,Ath Bilbao,A,0,2.6,3.0,3.0,1470.1421165812162,1599.517088739101,-129.3749721578847,62.78,10.0,1.7575443887835407,-4,-5,-3,-5,1,1,0.3333333333333333,2.3333333333333335
2019-11-24,2019,Villarreal,Celta,A,0,1.8,3.8,4.33,1557.1314541507927,1463.9522879224482,93.17916622834446,208.68,167.0,0.22161857961189213,2,2,3,-2,0,-5,1.0,2.0
2019-11-24,2019,Valladolid,Sevilla,A,0,4.0,3.5,1.9,1519.959516404891,1645.5564419876841,-125.59692558279312,83.0,294.75,-1.2586977040151828,-5,-5,-4,-6,0,3,0.0,3.0
2019-11-24,2019,Espanol,Getafe,D,1,2.87,2.9,2.8,1496.9091197387481,1621.5003294551893,-124.5912097164412,156.05,175.45,-0.11647332413662337,0,2,-3,-2,-3,2,0.3333333333333333,2.3333333333333335
2019-11-29,2019,Celta,Valladolid,D,1,1.75,3.6,5.0,1486.5275016712462,1506.0626293979267,-19.535127726680457,167.0,83.0,0.6931471805599454,2,2,0,5,-3,-1,1.3333333333333333,1.3333333333333333
2019-11-30,2019,Alaves,Real Madrid,A,0,6.5,4.33,1.5,1538.1511749949289,1703.0509962379458,-164.89982124301696,110.8,913.75,-2.1019392431783173,-11,-13,-11,-8,0,2,1.0,2.0
2019-11-30,2019,Sociedad,Eibar,H,2,1.72,3.75,5.0,1585.119423005467,1524.2352626608722,60.884160344594875,347.55,53.75,1.8510043232357978,1,0,0,0,0,-1,0.6666666666666666,1.6666666666666667
2019-11-30,2019,Mallorca,Betis,A,0,2.62,3.3,2.7,1440.563041406683,1527.9746085502873,-87.41156714360432,64.68,244.35,-1.3178912973917392,-5,-5,-5,-4,-2,0,3.0,0.0
2019-11-30,2019,Valencia,Villarreal,H,2,2.4,3.4,2.9,1637.1070305097126,1534.5562404019947,102.55079010771783,427.8,208.68,0.7154080507414413,1,2,1,1,0,-2,1.3333333333333333,1.3333333333333333
2019-12-01,2019,Getafe,Levante,H,2,1.66,3.8,5.5,1620.4404109529976,1541.4332221288303,79.00718882416732,175.45,107.85,0.483066762440723,2,0,3,4,1,1,0.3333333333333333,2.3333333333333335
2019-12-01,2019,Ath Madrid,Barcelona,A,0,2.75,3.3,2.6,1717.5033041929617,1808.19363658421,-90.69033239124838,969.7,930.28,0.041457476778195,-11,-11,-10,-12,2,3,0.3333333333333333,2.3333333333333335
2019-12-01,2019,Espanol,Osasuna,A,0,2.15,3.1,3.6,1497.9690382409399,1456.4073227947292,41.561715446210656,156.05,62.78,0.9011245644027444,2,2,0,2,-2,1,2.3333333333333335,0.3333333333333333
2019-12-01,2019,Sevilla,Leganes,H,2,1.57,4.0,6.0,1659.4533289946485,1432.201971410523,227.25135758412557,294.75,112.45,0.9581522916326453,5,5,4,6,3,-2,0.3333333333333333,2.3333333333333335
2019-12-01,2019,Ath Bilbao,Granada,H,2,1.7,3.4,6.0,1613.251882525588,1438.3744072172592,174.8774753083287,10.0,56.58,-1.655280012385659,4,5,3,5,2,-2,2.3333333333333335,0.3333333333333333
2019-12-06,2019,Villarreal,Ath Madrid,D,1,3.6,3.3,2.15,1527.4287474713738,1702.1014696998966,-174.67272222852284,208.68,969.7,-1.5324349017030299,4,4,3,3,-4,0,1.3333333333333333,1.3333333333333333
2019-12-07,2019,Levante,Valencia,A,0,3.2,3.75,2.15,1533.543305580361,1644.2345234403335,-110.69121785997254,107.85,427.8,-1.3710198220760361,-5,-6,-4,-4,1,2,0.3333333333333333,2.3333333333333335
2019-12-07,2019,Barcelona,Mallorca,H,2,1.14,8.5,17.0,1823.595471077275,1425.0197927748989,398.5756783023762,930.28,64.68,2.6517655187958127,11,11,10,12,3,-2,3.0,0.0
2019-12-07,2019,Real Madrid,Espanol,H,2,1.2,7.0,13.0,1715.2811866903833,1477.174491392186,238.10669529819734,913.75,156.05,1.7620865779146602,9,11,11,6,4,-4,2.0,1.0
2019-12-07,2019,Granada,Alaves,H,2,2.2,3.1,3.5,1433.2604005277947,1525.9209845424914,-92.66058401469672,56.58,110.8,-0.6635362755369689,0,0,0,0,-4,0,1.5,1.5
2019-12-08,2019,Valladolid,Sociedad,D,1,3.2,3.2,2.37,1509.47577079019,1593.6307769596644,-84.15500616947452,83.0,347.55,-1.4229648930890946,-3,-2,-1,-4,-2,0,1.3333333333333333,1.3333333333333333
2019-12-08,2019,Eibar,Getafe,A,0,2.8,2.9,2.87,1515.7239087066748,1628.3303275014669,-112.60641879479203,53.75,175.45,-1.170260181424669,0,2,-2,0,-1,3,0.3333333333333333,2.3333333333333335
2019-12-08,2019,Osasuna,Sevilla,D,1,3.4,3.3,2.2,1477.2018696434832,1663.411884006948,-186.21001436346478,62.78,294.75,-1.5340748412765848,-5,-5,-4,-6,1,3,0.0,3.0
2019-12-08,2019,Leganes,Celta,H,2,2.37,3.1,3.3,1428.2434163982234,1483.114360278983,-54.87094388075957,112.45,167.0,-0.3926017681774079,-2,-2,0,-5,-4,-2,1.6666666666666667,0.6666666666666666
2019-12-08,2019,Betis,Ath Bilbao,H,2,2.3,3.2,3.3,1543.5178571820713,1618.3658892150524,-74.84803203298111,244.35,10.0,3.1047904897375416,1,0,2,-1,2,4,0.3333333333333333,2.3333333333333335
2019-12-13,2019,Alaves,Leganes,D,1,2.4,3.0,3.2,1511.2378054766757,1441.3059225873048,69.93188288937085,110.8,112.45,-0.014650650504852258,0,0,0,0,-1,-2,0.6666666666666666,1.6666666666666667
2019-12-14,2019,Ath Madrid,Osasuna,H,2,1.4,4.33,10.0,1698.9263289022076,1480.8493035237218,218.0770253784858,969.7,62.78,2.7225777991362694,0,0,0,0,0,1,2.0,1.0
2019-12-14,2019,Ath Bilbao,Eibar,D,1,1.66,3.75,5.5,1604.4498939489906,1501.267932833876,103.18196111511452,10.0,53.75,-1.6048820958982395,2,3,2,1,2,-3,1.6666666666666667,0.6666666666666666
2019-12-14,2019,Sociedad,Barcelona,D,1,5.25,4.2,1.61,1594.314386460047,1825.205121417216,-230.89073495716912,347.55,930.28,-0.9827782920075778,-8,-9,-9,-8,1,3,0.0,3.0
2019-12-14,2019,Granada,Levante,A,0,2.0,3.6,3.8,1447.9435795936104,1519.0047369247075,-71.06115733109709,56.58,107.85,-0.6367955024965264,0,0,0,0,-2,-1,2.0,1.0
2019-12-15,2019,Valencia,Real Madrid,D,1,3.8,3.8,1.9,1658.773092095987,1719.0299123006153,-60.256820204628184,427.8,913.75,-0.7576601941427237,-6,-7,-7,-4,3,4,1.0,2.0
2019-12-15,2019,Sevilla,Villarreal,A,0,1.66,4.0,5.0,1659.7644501267093,1530.6038882690627,129.1605618576466,294.75,208.68,0.34393194384334524,1,1,1,3,3,-3,0.6666666666666666,1.6666666666666667
2019-12-15,2019,Getafe,Valladolid,H,2,1.66,3.6,6.0,1642.7863033742656,1508.7921612898074,133.9941420844582,175.45,83.0,0.7422207512779657,2,0,3,4,3,-1,1.0,1.0
2019-12-15,2019,Celta,Mallorca,D,1,1.7,3.8,5.0,1470.0518540899016,1423.4101424349578,46.64171165494372,167.0,64.68,0.9391695142590857,2,2,0,5,-2,-3,0.5,2.0
2019-12-15,2019,Espanol,Betis,D,1,2.6,3.25,2.8,1473.425765781954,1557.4338524481332,-84.00808666617922,156.05,244.35,-0.4461215365512565,-3,-3,-5,-2,-4,2,0.3333333333333333,2.3333333333333335
2019-12-18,2019,Barcelona,Real Madrid,D,1,1.72,4.2,4.33,1819.8071071122158,1720.738318246009,99.06878886620689,930.28,913.75,0.01790918004066988,0,-2,-1,4,4,4,2.3333333333333335,0.3333333333333333
2019-12-20,2019,Eibar,Granada,H,2,2.1,3.25,3.8,1509.1601649342813,1431.697070614357,77.46309431992427,53.75,56.58,-0.050397916487419536,2,2,1,4,-4,-2,3.0,0.0
2019-12-21,2019,Valladolid,Valencia,D,1,3.5,3.4,2.15,1502.6012179046197,1657.0646861505934,-154.46346824597367,83.0,427.8,-1.6301738109132788,-5,-6,-4,-4,-3,2,0.6666666666666666,1.6666666666666667
2019-12-21,2019,Villarreal,Getafe,H,2,2.2,3.25,3.5,1554.2751170300348,1648.9772467594532,-94.7021297294184,208.68,175.45,0.1725450088938718,2,4,0,-1,-2,3,1.3333333333333333,1.3333333333333333
2019-12-21,2019,Barcelona,Alaves,H,2,1.12,9.0,21.0,1812.0440938815866,1504.4352391186737,307.60885476291287,930.28,110.8,2.119848423218987,11,11,10,12,3,0,3.0,0.0
2019-12-21,2019,Mallorca,Sevilla,A,0,5.0,4.0,1.66,1429.390219892277,1636.0932213657372,-206.7030014734603,64.68,294.75,-1.504720037714323,-5,-5,-4,-6,-2,2,1.0,2.0
2019-12-22,2019,Leganes,Espanol,H,2,2.1,3.1,3.9,1448.1084889453068,1472.73582655347,-24.62733760816309,112.45,156.05,-0.32520201475880484,-2,-2,0,-2,-1,-3,1.0,2.0
2019-12-22,2019,Osasuna,Sociedad,A,0,2.8,3.4,2.5,1476.7057226848365,1599.7124007650473,-123.0066780802108,62.78,347.55,-1.6983420303504966,-3,-2,-1,-4,-1,0,0.3333333333333333,2.3333333333333335
2019-12-22,2019,Betis,Ath Madrid,A,0,3.8,3.3,2.1,1558.1237916766172,1703.069909741093,-144.94611806447574,244.35,969.7,-1.3753316981822685,5,5,5,4,2,1,1.3333333333333333,1.3333333333333333
2019-12-22,2019,Levante,Celta,H,2,2.62,3.4,2.62,1535.2512459039608,1464.0717766325824,71.17946927137837,107.85,167.0,-0.4339931917227027,-2,-2,0,-5,-1,-1,1.0,2.0
2019-12-22,2019,Real Madrid,Ath Bilbao,D,1,1.33,5.25,8.0,1728.5013314766381,1596.5576618485854,131.9436696280527,913.75,10.0,4.420755531100945,7,8,8,3,3,2,1.6666666666666667,0.6666666666666666
2020-01-03,2019,Valladolid,Leganes,D,1,2.7,2.87,3.0,1504.9335219969796,1459.904495652855,45.02902634412453,83.0,112.45,-0.3005454123825375,0,0,0,0,-2,0,0.0,3.0
2020-01-03,2019,Sevilla,Ath Bilbao,D,1,1.61,3.75,6.0,1646.6260551904786,1605.3085228587431,41.31753233173549,294.75,10.0,3.2916192300601255,1,0,1,1,2,1,2.0,1.0
2020-01-04,2019,Getafe,Real Madrid,A,0,4.2,3.6,1.85,1634.205956479262,1719.7504704664805,-85.54451398721835,175.45,913.75,-1.6456132537780368,-9,-13,-8,-4,2,2,0.3333333333333333,2.3333333333333335
2020-01-04,2019,Valencia,Eibar,H,2,1.61,3.9,5.5,1654.7323820582335,1517.1018760367526,137.63050602148087,427.8,53.75,2.058213241059982,3,4,3,0,1,-2,0.6666666666666666,1.6666666666666667
2020-01-04,2019,Espanol,Barcelona,D,1,6.5,4.75,1.45,1460.9398198459216,1814.664699680829,-353.72487983490737,156.05,930.28,-1.77999575795533,-9,-9,-10,-10,-3,3,0.3333333333333333,2.3333333333333335
2020-01-04,2019,Ath Madrid,Levante,H,2,1.25,5.75,12.0,1716.1401827576062,1543.4059643823468,172.7342183752594,969.7,107.85,2.1880466730376247,0,0,0,0,1,1,2.3333333333333335,0.3333333333333333
2020-01-05,2019,Granada,Mallorca,H,2,1.95,3.4,4.2,1423.7553595118857,1418.8573860675356,4.8979734443501,56.58,64.68,-0.13161917996014338,0,0,0,0,-2,-4,1.3333333333333333,1.3333333333333333
2020-01-05,2019,Sociedad,Villarreal,A,0,1.85,3.9,3.9,1613.720571892799,1569.046407310226,44.674164582572985,347.55,208.68,0.508199132917257,-1,-2,-2,1,1,0,1.0,2.0
2020-01-05,2019,Alaves,Betis,D,1,2.6,3.25,2.8,1501.8146333194313,1545.053518660104,-43.238885340672596,110.8,244.35,-0.7859742018149136,-5,-5,-5,-4,-2,2,0.6666666666666666,1.6666666666666667
2020-01-05,2019,Celta,Osasuna,D,1,2.05,3.4,3.75,1455.9170581541964,1462.6975515570848,-6.780493402888396,167.0,62.78,0.9685243178213474,2,2,0,5,-1,-2,2.3333333333333335,0.3333333333333333
2020-01-17,2019,Leganes,Getafe,A,0,3.0,2.87,2.7,1465.8259059247619,1618.5822228495451,-152.75631692478328,112.45,175.45,-0.4416753388954282,-2,0,-3,-4,1,1,1.3333333333333333,1.3333333333333333
2020-01-18,2019,Real Madrid,Sevilla,H,2,1.6,4.33,5.25,1735.3742040961974,1640.8404797900416,94.53372430615582,913.75,294.75,1.1291363010408197,6,8,7,2,2,1,2.0,1.0
2020-01-18,2019,Eibar,Ath Madrid,H,2,5.25,3.3,1.8,1511.0131498098929,1721.3067413812391,-210.29359157134627,53.75,969.7,-2.8752400920215706,2,2,1,4,-2,2,0.3333333333333333,2.3333333333333335
2020-01-18,2019,Osasuna,Valladolid,D,1,1.8,3.4,5.0,1466.628287764043,1499.0121117250728,-32.38382396102975,62.78,83.0,-0.275377137261402,0,0,0,0,-1,-1,1.6666666666666667,0.6666666666666666
2020-01-18,2019,Levante,Alaves,A,0,2.05,3.4,3.75,1538.239405758714,1499.385630912371,38.85377484634296,107.85,110.8,-0.026740773040442534,0,0,0,0,-1,-3,1.0,2.0
2020-01-19,2019,Barcelona,Granada,H,2,1.16,7.5,17.0,1805.3161603911826,1434.3593204060091,370.9568399851735,930.28,56.58,2.783384698755956,11,11,10,12,2,-1,2.0,1.0
2020-01-19,2019,Ath Bilbao,Celta,D,1,1.95,3.25,4.5,1611.09409825918,1451.9863219472381,159.10777631194196,10.0,167.0,-2.726068706604888,2,3,3,0,0,-2,2.0,1.0
2020-01-19,2019,Mallorca,Valencia,H,2,3.75,3.4,2.05,1408.253425173412,1660.8211082850933,-252.56768311168116,64.68,427.8,-1.8761961446124191,-5,-6,-4,-4,-4,3,1.0,2.0
2020-01-19,2019,Betis,Sociedad,H,2,2.5,3.4,2.8,1547.4825210671643,1592.8120999437517,-45.32957887658745,244.35,347.55,-0.3510959293964957,2,3,4,0,1,1,1.0,2.0
2020-01-19,2019,Villarreal,Espanol,A,0,1.65,3.8,5.75,1589.9548792592732,1470.288359135568,119.66652012370514,208.68,156.05,0.2890183330304952,2,2,3,1,2,-3,1.3333333333333333,1.3333333333333333
2020-01-24,2019,Osasuna,Levante,H,2,1.66,4.0,4.75,1463.7453680700812,1517.5446217877516,-53.799253717670354,62.78,107.85,-0.5345311260986447,0,0,0,0,-2,-1,0.3333333333333333,2.3333333333333335
2020-01-25,2019,Espanol,Ath Bilbao,D,1,2.5,2.9,3.25,1493.6823636914642,1601.6047999352343,-107.92243624377011,156.05,10.0,2.658668953186285,-2,-3,-3,-3,-1,-1,1.3333333333333333,1.3333333333333333
2020-01-25,2019,Sevilla,Granada,H,2,1.36,4.75,9.5,1633.4591737310548,1432.4895786817099,200.9695950493449,294.75,56.58,1.6363392176744664,5,5,4,6,-1,-1,2.0,1.0
2020-01-25,2019,Alaves,Villarreal,A,0,2.8,3.25,2.55,1520.0804148833333,1566.560874703377,-46.480459820043734,110.8,208.68,-0.6288709982941523,-4,-4,-3,-3,-1,2,2.0,1.0
2020-01-25,2019,Valencia,Barcelona,H,2,5.0,4.33,1.61,1639.627323746085,1807.185902115482,-167.55857836939686,427.8,930.28,-0.7755693741833936,-6,-5,-6,-8,1,2,0.6666666666666666,1.6666666666666667
2020-01-26,2019,Valladolid,Real Madrid,A,0,7.5,4.5,1.44,1501.8950314190347,1742.7555101551843,-240.86047873614962,83.0,913.75,-2.3878340050560025,-11,-13,-11,-8,-1,2,0.3333333333333333,2.3333333333333335
2020-01-26,2019,Sociedad,Mallorca,H,2,1.45,4.33,7.5,1580.153122090392,1429.4472097124203,150.70591237797157,347.55,64.68,1.6689872267882349,3,2,1,4,-1,-2,2.0,1.0
2020-01-26,2019,Ath Madrid,Leganes,D,1,1.44,4.0,9.0,1701.6987442159354,1453.0862338328432,248.61251038309229,969.7,112.45,2.14665524949233,0,0,0,0,2,1,2.3333333333333335,0.3333333333333333
2020-01-26,2019,Celta,Eibar,D,1,2.0,3.4,3.8,1461.475620271184,1530.6211469751966,-69.14552670401258,167.0,53.75,1.1211866107066486,0,0,-1,1,-2,0,1.0,2.0
2020-01-26,2019,Getafe,Betis,H,2,2.05,3.3,3.8,1631.3218949414638,1560.141498920524,71.18039602093972,175.45,244.35,-0.32964821241463316,-3,-5,-2,0,1,1,2.3333333333333335,0.3333333333333333
2020-02-01,2019,Granada,Espanol,H,2,2.7,3.1,2.8,1427.9816138320755,1494.0243434891283,-66.04272965705286,56.58,156.05,-1.003388940800626,-2,-2,0,-2,-3,0,1.0,2.0
2020-02-01,2019,Real Madrid,Ath Madrid,H,2,1.8,3.5,4.75,1751.9867402768605,1690.253547162677,61.73319311418345,913.75,969.7,-0.05936665681886488,11,13,11,8,3,2,1.6666666666666667,0.6666666666666666
2020-02-01,2019,Mallorca,Valladolid,A,0,2.25,3.25,3.4,1423.7156044857313,1492.6638012973585,-68.94819681162721,64.68,83.0,-0.24602233369914028,0,0,0,0,-2,-2,1.0,2.0
2020-02-01,2019,Valencia,Celta,H,2,1.8,3.6,4.5,1657.507848527822,1460.1470164488767,197.36083207894535,427.8,167.0,0.9370266303533334,3,4,4,-1,1,-1,1.3333333333333333,1.3333333333333333
2020-02-02,2019,Ath Bilbao,Getafe,A,0,2.55,2.8,3.3,1601.26282013757,1639.4765817414727,-38.21376160390264,10.0,175.45,-2.7751422773229084,2,5,0,1,0,1,0.6666666666666666,1.6666666666666667
2020-02-02,2019,Leganes,Sociedad,H,2,2.9,3.1,2.6,1464.5314308861016,1585.884727317081,-121.3532964309793,112.45,347.55,-1.122419480706557,-3,-2,-1,-4,0,0,0.6666666666666666,1.6666666666666667
2020-02-02,2019,Eibar,Betis,D,1,2.5,3.4,2.8,1531.9497507975038,1551.9868121205152,-20.037061323011358,53.75,244.35,-1.499908393839302,-3,-3,-4,0,1,-1,1.6666666666666667,0.6666666666666666
2020-02-02,2019,Sevilla,Alaves,D,1,1.36,5.0,8.5,1637.9671385806892,1502.7878949059893,135.17924367469982,294.75,110.8,0.9728029421374975,5,5,4,6,0,-1,2.3333333333333335,0.3333333333333333
2020-02-02,2019,Villarreal,Osasuna,H,2,1.75,4.0,4.33,1583.853394680721,1476.7623958807826,107.09099879993846,208.68,62.78,1.1901428974332395,4,4,3,3,3,-1,2.0,1.0
2020-02-02,2019,Barcelona,Levante,H,2,1.14,9.0,15.0,1789.305377333745,1504.5275939770502,284.7777833566947,930.28,107.85,2.1465891962594297,11,11,10,12,1,-1,2.0,1.0
2020-02-07,2019,Alaves,Eibar,H,2,2.25,3.2,3.4,1511.6304032262526,1528.557164372491,-16.926761146238277,110.8,53.75,0.7139341920243885,-2,-2,-1,-4,-1,1,1.3333333333333333,1.3333333333333333
2020-02-08,2019,Levante,Leganes,H,2,2.5,3.25,2.87,1501.5751383235975,1480.4521677920773,21.122970531520195,107.85,112.45,-0.04139142354529479,0,0,0,0,-3,1,2.0,1.0
2020-02-08,2019,Getafe,Valencia,H,2,2.0,3.3,4.0,1657.1163388560446,1662.0959680581045,-4.9796292020598685,175.45,427.8,-0.8879530596353131,-3,-6,-1,0,1,2,0.6666666666666666,1.6666666666666667
2020-02-08,2019,Valladolid,Villarreal,D,1,3.0,3.2,2.45,1509.0008572726358,1590.8398393063694,-81.8389820337336,83.0,208.68,-0.9147657601718375,-4,-4,-3,-3,0,3,1.3333333333333333,1.3333333333333333
2020-02-08,2019,Ath Madrid,Granada,H,2,1.4,4.2,10.0,1681.7719582771451,1441.5202110112584,240.2517472658867,969.7,56.58,2.824842175534151,0,0,0,0,0,-1,2.3333333333333335,0.3333333333333333
2020-02-09,2019,Osasuna,Real Madrid,A,0,5.75,4.5,1.53,1469.7759512551343,1760.4683291623924,-290.6923779072581,62.78,913.75,-2.6632111423174045,-11,-13,-11,-8,-1,4,0.0,3.0
2020-02-09,2019,Sociedad,Ath Bilbao,H,2,2.05,3.3,3.8,1569.9639904111052,1583.6230630229982,-13.659072611892952,347.55,10.0,3.4558864191340373,-1,-3,-2,-1,-1,-1,2.0,1.0
2020-02-09,2019,Espanol,Mallorca,H,2,1.61,4.0,5.5,1480.4857463099454,1407.378548510454,73.10719779949136,156.05,64.68,0.8717697608404826,2,2,0,2,-1,-3,1.0,2.0
2020-02-09,2019,Betis,Barcelona,A,0,4.0,3.8,1.85,1555.3793985455281,1792.2578329871976,-236.87843444166947,244.35,930.28,-1.3338742214040735,-6,-6,-5,-8,-1,2,1.0,2.0
2020-02-09,2019,Celta,Sevilla,H,2,3.4,3.4,2.2,1455.5588969185942,1629.1246302604259,-173.56573334183167,167.0,294.75,-0.5655505234552374,-3,-3,-4,-1,-2,1,1.3333333333333333,1.3333333333333333
2020-02-14,2019,Valencia,Ath Madrid,D,1,3.4,3.1,2.3,1651.099015915059,1685.4803663273271,-34.38135041226815,427.8,969.7,-0.8170268509615886,5,6,4,4,1,0,0.6666666666666666,1.6666666666666667
2020-02-15,2019,Granada,Valladolid,H,2,2.4,3.0,3.3,1437.8118029610764,1508.2174964339288,-70.40569347285236,56.58,83.0,-0.37764151365928367,0,0,0,0,-1,0,2.3333333333333335,0.3333333333333333
2020-02-15,2019,Mallorca,Alaves,H,2,2.4,3.2,3.1,1399.2895570950836,1523.1106642751038,-123.82110718002014,64.68,110.8,-0.5319170955768255,0,0,0,0,-3,1,0.0,3.0
2020-02-15,2019,Barcelona,Getafe,H,2,1.4,4.75,8.0,1801.6361961812668,1668.1132909990902,133.5229051821766,930.28,175.45,1.6635224338187067,9,11,7,8,2,3,3.0,0.0
2020-02-15,2019,Villarreal,Levante,H,2,1.5,4.5,6.0,1591.6232001450765,1511.5478723911192,80.07532775395725,208.68,107.85,0.6556117713345948,4,4,3,3,2,-3,1.3333333333333333,1.3333333333333333
2020-02-16,2019,Sevilla,Espanol,D,1,1.57,3.8,6.5,1610.995171240621,1488.5747377253158,122.42043351530515,294.75,156.05,0.6329502768738404,3,3,4,4,-1,1,3.0,0.0
2020-02-16,2019,Leganes,Betis,D,1,2.4,3.2,3.1,1470.4794337245555,1546.001035351459,-75.52160162690348,112.45,244.35,-0.7713235513100614,-5,-5,-5,-4,-1,-1,1.0,2.0
2020-02-16,2019,Ath Bilbao,Osasuna,A,0,2.0,3.25,4.1,1572.2758141964016,1462.2708948088373,110.00491938756431,10.0,62.78,-1.7575443887835407,4,5,3,5,-2,-1,2.3333333333333335,0.3333333333333333
2020-02-16,2019,Real Madrid,Celta,D,1,1.28,6.0,9.0,1767.9733856086893,1473.6883559383991,294.2850296702902,913.75,167.0,1.6946868244960571,9,11,11,3,5,0,3.0,0.0
2020-02-21,2019,Betis,Mallorca,D,1,1.45,4.6,7.0,1547.056107603669,1415.3163884777143,131.7397191259547,244.35,64.68,1.3178912973917392,5,5,5,4,-1,-1,1.0,2.0
2020-02-22,2019,Celta,Leganes,H,2,1.8,3.4,4.75,1485.8784127415738,1469.4243614723455,16.45405126922833,167.0,112.45,0.3926017681774079,2,2,0,5,0,-1,0.6666666666666666,1.6666666666666667
2020-02-22,2019,Barcelona,Eibar,H,2,1.2,6.5,13.0,1807.840478421591,1517.0769033236397,290.76357509795116,930.28,53.75,2.8337826152433756,9,9,9,8,3,-1,2.3333333333333335,0.3333333333333333
2020-02-22,2019,Sociedad,Valencia,H,2,1.65,4.0,4.75,1581.3112392377018,1648.2992417233972,-66.98800248569546,347.55,427.8,-0.20720891782418427,-2,-4,-3,0,-1,0,0.6666666666666666,1.6666666666666667
2020-02-22,2019,Levante,Real Madrid,H,2,6.0,5.0,1.44,1503.693657731421,1755.7833288055147,-252.08967107409376,107.85,913.75,-2.12868001621876,-11,-13,-11,-8,-3,4,1.0,2.0
2020-02-23,2019,Alaves,Ath Bilbao,H,2,2.9,3.0,2.7,1507.083832892473,1549.1727634871067,-42.088930594633666,110.8,10.0,2.318816287922628,-4,-5,-3,-5,0,-3,0.6666666666666666,1.6666666666666667
2020-02-23,2019,Ath Madrid,Villarreal,H,2,1.65,3.75,5.5,1688.280140518989,1599.4774148047748,88.80272571421415,969.7,208.68,1.5324349017030299,-4,-4,-3,-3,-1,2,1.6666666666666667,0.6666666666666666
2020-02-23,2019,Getafe,Sevilla,A,0,2.3,3.1,3.4,1661.909008758766,1602.519865588426,59.38914317034005,175.45,294.75,-0.516476952737217,-3,-5,-1,-2,3,-1,2.0,1.0
2020-02-23,2019,Osasuna,Granada,A,0,1.85,3.4,4.33,1485.3739455181321,1451.5371951930742,33.83675032505789,62.78,56.58,0.10226437639788166,0,0,0,0,0,-1,1.3333333333333333,1.3333333333333333
2020-02-23,2019,Valladolid,Espanol,H,2,2.62,3.0,3.0,1494.492104201931,1497.0500433775107,-2.557939175579804,83.0,156.05,-0.6257474271413423,-2,-2,0,-2,-1,1,1.3333333333333333,1.3333333333333333
2020-02-28,2019,Sociedad,Valladolid,H,2,1.53,4.0,7.0,1594.8902703686244,1505.3921316421176,89.4981387265068,347.55,83.0,1.4229648930890946,3,2,1,4,1,0,0.6666666666666666,1.6666666666666667
2020-02-29,2019,Eibar,Levante,H,2,2.0,3.5,3.8,1514.2149076696667,1524.870313837979,-10.655406168312311,53.75,107.85,-0.6871934189839459,2,2,1,4,-1,-1,1.0,1.0
2020-02-29,2019,Valencia,Betis,H,2,2.15,3.4,3.4,1634.7202105924746,1538.3110570127333,96.40915357974131,427.8,244.35,0.55830484722068,0,1,-1,0,0,-2,1.3333333333333333,1.3333333333333333
2020-02-29,2019,Leganes,Alaves,D,1,2.0,3.1,4.33,1459.2718972868277,1519.6065109029505,-60.33461361612285,112.45,110.8,0.014650650504852258,0,0,0,0,-1,0,1.6666666666666667,0.6666666666666666
2020-02-29,2019,Granada,Celta,D,1,2.8,3.0,2.75,1472.0455880822576,1496.0308769270916,-23.98528884483403,56.58,167.0,-1.070788694219229,-2,-2,0,-5,1,1,1.0,2.0
2020-03-01,2019,Mallorca,Getafe,A,0,3.7,3.0,2.25,1424.06143906865,1640.4729274846682,-216.41148841601807,64.68,175.45,-0.988243084977106,-2,0,-3,-4,-2,1,0.0,3.0
2020-03-01,2019,Real Madrid,Barcelona,H,2,2.2,3.6,3.1,1734.6066726989566,1810.702474075564,-76.09580137660737,913.75,930.28,-0.01790918004066988,0,2,1,-4,2,3,0.3333333333333333,2.3333333333333335
2020-03-01,2019,Ath Bilbao,Villarreal,H,2,2.3,3.3,3.2,1536.6500854766293,1591.9109775310912,-55.26089205446192,10.0,208.68,-2.9476872862167802,0,1,0,2,-4,2,0.6666666666666666,1.6666666666666667
2020-03-01,2019,Sevilla,Osasuna,H,2,1.45,4.33,8.0,1623.955946862524,1464.8655526289488,159.09039423357513,294.75,62.78,1.5340748412765848,5,5,4,6,1,-1,2.3333333333333335,0.3333333333333333
2020-03-01,2019,Espanol,Ath Madrid,D,1,4.2,3.1,2.05,1486.150015937324,1695.8465777926724,-209.69656185534836,156.05,969.7,-1.821453234733525,2,2,0,2,-1,1,1.0,2.0
2020-03-06,2019,Alaves,Valencia,D,1,2.6,3.25,2.75,1521.3116017194784,1642.0416006807302,-120.7299989612518,110.8,427.8,-1.3442790490355936,-5,-6,-4,-4,1,0,1.0,2.0
2020-03-07,2019,Getafe,Celta,D,1,1.85,3.3,4.75,1650.6270374071673,1499.2613145299968,151.36572287717058,175.45,167.0,0.04907357071802032,0,-2,3,-1,1,1,2.3333333333333335,0.3333333333333333
2020-03-07,2019,Barcelona,Sociedad,H,2,1.33,5.5,8.5,1796.7328759348266,1602.4340801829771,194.2987957518494,930.28,347.55,0.9827782920075778,8,9,9,8,3,3,2.3333333333333335,0.3333333333333333
2020-03-07,2019,Eibar,Mallorca,A,0,1.7,3.6,5.25,1525.440427096406,1413.907329146151,111.53309795025507,53.75,64.68,-0.18201709644756292,2,2,1,4,-1,-2,0.0,3.0
2020-03-07,2019,Ath Madrid,Sevilla,D,1,1.9,3.4,4.33,1691.2619362674814,1629.4670986635779,61.79483760390349,969.7,294.75,1.1885029578596846,-5,-5,-4,-6,1,1,1.0,1.0
2020-03-08,2019,Betis,Real Madrid,H,2,4.5,4.0,1.72,1530.9896669244777,1748.576270839694,-217.5866039152163,244.35,913.75,-1.3159650413634036,-6,-8,-6,-4,-2,2,1.3333333333333333,1.3333333333333333
2020-03-08,2019,Villarreal,Leganes,A,0,1.75,3.6,5.0,1578.8319144134666,1457.5668064702998,121.26510794316687,208.68,112.45,0.6142203477893,4,4,3,3,0,-1,3.0,0.0
2020-03-08,2019,Valladolid,Ath Bilbao,A,0,3.0,2.8,2.75,1497.848321827765,1549.729148594254,-51.88082676648901,83.0,10.0,2.0329215260449427,-4,-5,-3,-5,0,-3,1.6666666666666667,0.6666666666666666
2020-03-08,2019,Osasuna,Espanol,H,2,2.4,3.25,3.0,1459.3544008278948,1490.734657462515,-31.38025663462031,62.78,156.05,-0.9011245644027444,-2,-2,0,-2,-3,-1,1.0,2.0
2020-03-08,2019,Levante,Granada,D,1,2.05,3.4,3.75,1513.6447944112397,1468.8151504793525,44.829643931887176,107.85,56.58,0.6367955024965264,0,0,0,0,-1,2,1.0,2.0
2020-03-10,2019,Eibar,Sociedad,A,0,3.4,3.3,2.2,1502.2907639907305,1597.777036735551,-95.48627274482055,53.75,347.55,-1.8510043232357978,-1,0,0,0,-2,1,1.3333333333333333,1.3333333333333333
2020-06-11,2019,Sevilla,Betis,H,2,1.8,3.75,4.33,1635.9876684300446,1550.8809460949276,85.10672233511696,294.75,244.35,0.1868287403225839,0,0,-1,2,1,-1,2.0,1.0
2020-06-12,2019,Granada,Getafe,H,2,3.1,3.0,2.45,1474.7292925158695,1641.3410528238887,-166.61176030801926,56.58,175.45,-1.1198622649372494,-2,0,-3,-4,1,0,2.0,1.0
2020-06-12,2019,Valencia,Levante,D,1,1.7,3.8,4.75,1641.1476752220292,1507.7306523747227,133.4170228473065,427.8,107.85,1.3710198220760361,5,6,4,4,-1,0,2.3333333333333335,0.3333333333333333
2020-06-13,2019,Mallorca,Barcelona,A,0,10.0,5.75,1.28,1437.0569922518264,1801.3899193822526,-364.33292713042624,64.68,930.28,-2.6517655187958127,-11,-11,-10,-12,0,3,0.0,3.0
2020-06-13,2019,Leganes,Valladolid,A,0,2.25,3.0,3.5,1481.0080928205402,1480.7840321549402,0.22406066560006366,112.45,83.0,0.3005454123825375,0,0,0,0,-1,-2,2.3333333333333335,0.3333333333333333
2020-06-13,2019,Espanol,Alaves,H,2,2.05,3.2,3.75,1478.6592809083404,1522.2055271781794,-43.546246269839,156.05,110.8,0.3398526652636571,2,2,0,2,-1,1,1.3333333333333333,1.3333333333333333
2020-06-13,2019,Celta,Villarreal,A,0,2.5,3.4,2.7,1508.5472991132754,1555.3906280632261,-46.843328949950774,167.0,208.68,-0.22161857961189213,-2,-2,-3,2,2,-2,3.0,0.0
2020-06-14,2019,Ath Bilbao,Ath Madrid,D,1,3.75,2.9,2.2,1566.7934382670787,1684.7413665010147,-117.94792823393595,10.0,969.7,-4.48012218791981,4,5,3,5,-1,2,1.0,2.0
2020-06-14,2019,Real Madrid,Eibar,H,2,1.22,7.0,11.0,1728.684991669244,1487.095901683119,241.58908998612492,913.75,53.75,2.8158734352027057,9,11,10,4,0,-3,2.0,1.0
2020-06-14,2019,Sociedad,Osasuna,D,1,1.66,3.9,5.0,1612.9718990431625,1471.4297773820695,141.542121661093,347.55,62.78,1.6983420303504966,3,2,1,4,3,-1,3.0,0.0
2020-06-15,2019,Levante,Sevilla,D,1,5.0,4.0,1.65,1516.523370102239,1643.6751197035308,-127.15174960129184,107.85,294.75,-0.99954371517794,-5,-5,-4,-6,-1,3,0.0,3.0
2020-06-15,2019,Betis,Granada,D,1,1.9,3.5,4.0,1543.1934948214414,1492.5704268138898,50.62306800755164,244.35,56.58,1.4495104773518825,5,5,5,4,-1,3,0.3333333333333333,2.3333333333333335
2020-06-16,2019,Getafe,Espanol,D,1,1.95,3.1,4.33,1623.4999185258685,1491.2432022195587,132.25671630630973,175.45,156.05,0.11647332413662337,0,-2,3,2,-2,-1,1.6666666666666667,0.6666666666666666
2020-06-16,2019,Villarreal,Mallorca,H,2,1.53,4.5,5.75,1572.6678452244755,1431.6803112188688,140.98753400560668,208.68,64.68,1.1607880938709778,4,4,3,3,-1,0,1.0,2.0
2020-06-16,2019,Barcelona,Leganes,H,2,1.16,7.5,13.0,1806.7666004152102,1461.7972300662432,344.969370348967,930.28,112.45,2.105197772714135,11,11,10,12,3,-1,2.0,1.0
2020-06-17,2019,Eibar,Ath Bilbao,D,1,3.2,3.0,2.4,1483.4124408925231,1567.5676240809441,-84.155183188421,53.75,10.0,1.6048820958982395,-2,-3,-2,-1,-3,0,0.6666666666666666,1.6666666666666667
2020-06-17,2019,Valladolid,Celta,D,1,3.0,3.0,2.6,1499.9948949092372,1491.270081952026,8.72481295721127,83.0,167.0,-0.6931471805599454,-2,-2,0,-5,-1,0,1.6666666666666667,0.6666666666666666
2020-06-17,2019,Osasuna,Ath Madrid,A,0,5.0,3.25,1.8,1480.4495953071144,1683.9671806871493,-203.51758538003492,62.78,969.7,-2.7225777991362694,0,0,0,0,0,1,0.0,3.0
2020-06-18,2019,Alaves,Sociedad,H,2,3.8,3.5,1.95,1509.621605866961,1603.9520811181176,-94.33047525115649,110.8,347.55,-1.1370701312114093,-3,-2,-1,-4,-1,2,1.0,2.0
2020-06-18,2019,Real Madrid,Valencia,H,2,1.36,4.75,8.0,1732.36845245984,1632.354957494513,100.01349496532703,913.75,427.8,0.7576601941427237,6,7,7,4,0,0,1.3333333333333333,1.3333333333333333
2020-06-19,2019,Sevilla,Barcelona,D,1,3.4,3.6,2.05,1642.5052650132466,1808.9164318196881,-166.41116680644154,294.75,930.28,-1.1470454810814896,-6,-6,-6,-6,3,3,0.0,3.0
2020-06-19,2019,Mallorca,Leganes,D,1,2.8,2.9,2.87,1425.684828650135,1459.6473986617652,-33.962570011630305,64.68,112.45,-0.5465677460816778,0,0,0,0,-2,-2,0.0,3.0
2020-06-19,2019,Granada,Villarreal,A,0,3.1,3.2,2.4,1498.694409613338,1578.6633277932094,-79.96891817987148,56.58,208.68,-1.2924072738311212,-4,-4,-3,-3,2,-1,0.6666666666666666,1.6666666666666667
2020-06-20,2019,Ath Bilbao,Betis,H,2,2.1,3.25,3.75,1568.2512259546777,1537.0695120219932,31.181713932684488,10.0,244.35,-3.1047904897375416,-1,0,-2,1,1,-1,1.3333333333333333,1.3333333333333333
2020-06-20,2019,Espanol,Levante,A,0,1.95,3.5,3.8,1500.0029739896133,1517.693224792523,-17.69025080290976,156.05,107.85,0.36659343830409963,2,2,0,2,-1,0,2.3333333333333335,0.3333333333333333
2020-06-20,2019,Ath Madrid,Valladolid,H,2,1.36,4.5,11.0,1694.625682255217,1495.4483203824266,199.17736187279047,969.7,83.0,2.4472006618748674,0,0,0,0,2,0,2.3333333333333335,0.3333333333333333
2020-06-20,2019,Getafe,Eibar,D,1,1.8,3.4,5.0,1614.7401467558138,1482.7288390187896,132.01130773702425,175.45,53.75,1.170260181424669,0,-2,2,0,-1,-2,2.3333333333333335,0.3333333333333333
2020-06-21,2019,Celta,Alaves,H,2,1.9,3.25,4.5,1495.8166564788366,1524.3768545315552,-28.560198052718533,167.0,110.8,0.40725241868226014,2,2,0,5,0,1,0.3333333333333333,2.3333333333333335
2020-06-21,2019,Valencia,Osasuna,H,2,1.9,3.5,4.0,1625.147790674734,1469.7910937390466,155.35669693568752,427.8,62.78,1.9055509481746808,5,6,4,4,-1,-2,1.3333333333333333,1.3333333333333333
2020-06-21,2019,Sociedad,Real Madrid,A,0,4.1,4.2,1.75,1589.1968324535235,1739.5756192796189,-150.3787868260954,347.55,913.75,-0.9648691119669079,-8,-11,-10,-4,0,1,2.0,1.0
2020-06-22,2019,Villarreal,Sevilla,D,1,2.6,3.3,2.7,1594.527182176274,1645.3380487767945,-50.81086660052051,208.68,294.75,-0.34393194384334524,-1,-1,-1,-3,1,2,2.3333333333333335,0.3333333333333333
2020-06-22,2019,Leganes,Granada,D,1,2.37,2.9,3.3,1462.4646192301338,1482.8305552302734,-20.365936000139527,112.45,56.58,0.6781869260418212,0,0,0,0,-1,0,2.0,1.0
2020-06-23,2019,Levante,Ath Madrid,A,0,5.75,3.6,1.65,1536.1818001506952,1699.1733095940626,-162.99150944336748,107.85,969.7,-2.1880466730376247,0,0,0,0,0,2,0.3333333333333333,2.3333333333333335
2020-06-23,2019,Valladolid,Getafe,D,1,3.4,2.87,2.45,1490.900693043581,1605.9873596577024,-115.08666661412144,83.0,175.45,-0.7422207512779657,-2,0,-3,-4,-2,0,0.6666666666666666,1.6666666666666667
2020-06-23,2019,Barcelona,Ath Bilbao,H,2,1.3,5.25,10.0,1806.0836480561402,1577.842279287132,228.2413687690082,930.28,10.0,4.438664711141615,7,6,7,7,2,3,0.6666666666666666,1.6666666666666667
2020-06-24,2019,Real Madrid,Mallorca,H,2,1.12,9.0,17.0,1752.41570878633,1422.8676080817663,329.5481007045637,913.75,64.68,2.633856338755143,11,13,11,8,3,-2,2.0,1.0
2020-06-24,2019,Alaves,Osasuna,A,0,2.55,3.1,2.9,1512.4184136495828,1464.1825932946854,48.23582035489744,110.8,62.78,0.5612718991390873,0,0,0,0,-1,-2,1.0,2.0
2020-06-24,2019,Sociedad,Celta,A,0,2.0,3.25,4.0,1576.3567429468123,1507.775097360809,68.58164558600333,347.55,167.0,0.7298177125291492,1,0,1,-1,-2,0,2.0,1.0
2020-06-25,2019,Betis,Espanol,H,2,2.15,3.3,3.4,1527.478458689539,1481.5143986314413,45.96406005809763,244.35,156.05,0.4461215365512565,3,3,5,2,-2,-1,1.6666666666666667,0.6666666666666666
2020-06-25,2019,Eibar,Valencia,H,2,2.7,3.4,2.55,1491.481626116901,1630.7562911190953,-139.2746650021943,53.75,427.8,-2.058213241059982,-3,-4,-3,0,-3,1,1.3333333333333333,1.3333333333333333
2020-06-26,2019,Sevilla,Valladolid,D,1,1.4,4.4,9.0,1647.447638131932,1491.5516277276736,155.8960104042585,294.75,83.0,1.2586977040151828,5,5,4,6,1,-1,3.0,0.0
2020-06-27,2019,Ath Madrid,Alaves,H,2,1.33,4.75,11.0,1711.4831592748367,1491.3805577876435,220.10260148719317,969.7,110.8,2.161305899997182,0,0,0,0,3,-2,2.3333333333333335,0.3333333333333333
2020-06-27,2019,Osasuna,Leganes,H,2,2.25,3.0,3.6,1485.2204491566247,1459.0855080293227,26.134941127302,62.78,112.45,-0.5759225496439395,0,0,0,0,0,-1,2.0,1.0
2020-06-27,2019,Ath Bilbao,Mallorca,H,2,1.5,4.0,7.5,1573.9032661015872,1420.533730647924,153.36953545366327,10.0,64.68,-1.7868991923458024,4,5,3,5,1,-2,2.3333333333333335,0.3333333333333333
2020-06-27,2019,Celta,Barcelona,D,1,5.25,4.2,1.61,1529.5312769651503,1810.022661241685,-280.49138427653475,167.0,930.28,-1.712596004536727,-9,-9,-10,-7,1,4,1.0,2.0
2020-06-28,2019,Espanol,Real Madrid,A,0,6.5,4.75,1.44,1472.4698504170763,1754.7495862201724,-282.2797358030962,156.05,913.75,-1.7620865779146602,-9,-11,-11,-6,-2,3,0.0,3.0
2020-06-28,2019,Villarreal,Valencia,H,2,2.25,3.25,3.2,1592.4175928211364,1614.0678532524537,-21.650260431317292,208.68,427.8,-0.7154080507414413,-1,-2,-1,-1,2,-1,0.3333333333333333,2.3333333333333335
2020-06-28,2019,Levante,Betis,H,2,2.62,3.3,2.62,1523.871950469921,1536.523006903904,-12.65105643398283,107.85,244.35,-0.8127149748553562,-5,-5,-5,-4,0,0,2.0,1.0
2020-06-28,2019,Granada,Eibar,A,0,2.37,3.0,3.25,1486.2096664310845,1508.1700639835426,-21.960397552458062,56.58,53.75,0.050397916487419536,-2,-2,-1,-4,0,-1,0.0,3.0
2020-06-29,2019,Getafe,Sociedad,H,2,2.5,3.0,3.1,1605.3364249736098,1554.600563342471,50.73586163113873,175.45,347.55,-0.6807441418111289,-1,-2,2,0,-1,-2,2.0,1.0
2020-06-30,2019,Mallorca,Celta,H,2,3.2,3.2,2.37,1414.8728814791698,1536.6909404925802,-121.81805901341045,64.68,167.0,-0.9391695142590857,-2,-2,0,-5,-4,1,1.6666666666666667,0.6666666666666666
2020-06-30,2019,Leganes,Sevilla,A,0,4.5,3.2,1.95,1449.3039151280473,1638.0419956673636,-188.73808053931634,112.45,294.75,-0.9581522916326453,-5,-5,-4,-6,-3,1,1.3333333333333333,1.3333333333333333
2020-06-30,2019,Barcelona,Ath Madrid,D,1,1.8,3.6,4.75,1802.862997714255,1715.585273972931,87.27772374132405,930.28,969.7,-0.041457476778195,11,11,10,12,3,4,2.3333333333333335,0.3333333333333333
2020-07-01,2019,Valladolid,Levante,D,1,2.3,3.3,3.2,1500.957270192242,1535.1782894853693,-34.221019293127256,83.0,107.85,-0.2591539888372427,0,0,0,0,0,1,1.0,2.0
2020-07-01,2019,Alaves,Granada,A,0,2.3,2.9,3.6,1487.2784430895492,1467.8959673937914,19.382475695757876,110.8,56.58,0.6635362755369689,0,0,0,0,-3,-1,1.0,2.0
2020-07-01,2019,Valencia,Ath Bilbao,A,0,2.5,3.0,3.2,1602.3942860182135,1579.5641152703413,22.830170747872216,427.8,10.0,3.6630953369582215,1,1,1,-1,-2,1,2.3333333333333335,0.3333333333333333
2020-07-01,2019,Betis,Villarreal,A,0,2.87,3.5,2.4,1525.2166678884557,1604.0911600553766,-78.87449216692085,244.35,208.68,0.15710320352076135,1,1,2,1,-2,4,1.0,2.0
2020-07-02,2019,Real Madrid,Getafe,H,2,1.36,4.75,8.5,1762.5304502635115,1614.2083847037798,148.32206555973175,913.75,175.45,1.6456132537780368,9,13,8,4,5,0,2.3333333333333335,0.3333333333333333
2020-07-02,2019,Eibar,Osasuna,A,0,2.3,3.1,3.3,1526.4837630208358,1495.0020420579,31.481720962935697,53.75,62.78,-0.1526622928853012,2,2,1,4,1,0,0.6666666666666666,1.6666666666666667
2020-07-02,2019,Sociedad,Espanol,H,2,1.85,3.5,4.2,1545.7286036123012,1464.6889863737372,81.039617238564,347.55,156.05,0.7972174659477522,1,0,1,2,-4,-2,2.0,1.0
2020-07-03,2019,Ath Madrid,Mallorca,H,2,1.28,5.25,11.0,1722.9690586983008,1430.8136065430203,292.1554521552805,969.7,64.68,2.6932229955740077,0,0,0,0,4,-2,1.6666666666666667,0.6666666666666666
2020-07-04,2019,Valladolid,Alaves,H,2,2.62,2.8,3.2,1498.1508156817313,1467.3179914257648,30.832824255966443,83.0,110.8,-0.28589476187768526,0,0,0,0,-1,-3,0.3333333333333333,2.3333333333333335
2020-07-04,2019,Granada,Valencia,D,1,2.9,3.2,2.55,1487.8564190575757,1582.3017015126163,-94.44528245504057,56.58,427.8,-2.0078153245725625,-5,-6,-4,-4,-1,-3,0.3333333333333333,2.3333333333333335
2020-07-04,2019,Celta,Betis,D,1,2.15,3.4,3.4,1520.7502154287297,1509.3057287454812,11.444486683248442,167.0,244.35,-0.3787217831326535,-3,-3,-5,1,1,-2,0.3333333333333333,2.3333333333333335
2020-07-05,2019,Espanol,Leganes,A,0,2.7,2.9,2.9,1456.8669128168922,1438.053857681346,18.813055135546165,156.05,112.45,0.32520201475880484,2,2,0,2,-4,-3,2.0,1.0
2020-07-05,2019,Osasuna,Getafe,D,1,3.1,2.9,2.55,1515.4222533690956,1608.4128842553873,-92.99063088629168,62.78,175.45,-1.0175978885393677,-2,0,-3,-4,1,0,1.3333333333333333,1.3333333333333333
2020-07-05,2019,Ath Bilbao,Real Madrid,A,0,5.0,3.9,1.7,1599.6566997759385,1768.325950711904,-168.66925093596547,10.0,913.75,-4.420755531100945,-7,-8,-8,-3,2,5,0.6666666666666666,1.6666666666666667
2020-07-05,2019,Villarreal,Barcelona,A,0,4.33,4.0,1.72,1620.002099198351,1795.4792129888851,-175.47711379053408,208.68,930.28,-1.4909774249248349,-7,-7,-7,-9,4,2,0.3333333333333333,2.3333333333333335
2020-07-06,2019,Sevilla,Eibar,H,2,1.44,4.33,8.0,1649.2920531140649,1506.0635517096403,143.2285014044246,294.75,53.75,1.686737134161886,3,3,3,2,1,1,1.3333333333333333,1.3333333333333333
2020-07-06,2019,Levante,Sociedad,D,1,2.9,3.4,2.45,1537.98474399588,1553.5506771691462,-15.565933173266103,107.85,347.55,-1.1638109042518519,-3,-2,-1,-4,1,-3,1.3333333333333333,1.3333333333333333
2020-07-07,2019,Valencia,Valladolid,H,2,2.0,3.2,4.2,1582.54149751569,1507.7549779247843,74.78651959090575,427.8,83.0,1.6301738109132788,5,6,4,4,-2,0,1.6666666666666667,0.6666666666666666
2020-07-07,2019,Celta,Ath Madrid,D,1,4.2,3.2,2.0,1516.0972651915627,1725.8103779832977,-209.71311279173506,167.0,969.7,-1.754053481314922,2,2,0,5,1,4,1.3333333333333333,1.3333333333333333
2020-07-08,2019,Getafe,Villarreal,A,0,2.6,3.0,2.87,1608.7154619959933,1608.2103959974647,0.5050659985286075,175.45,208.68,-0.1725450088938718,-2,-4,0,1,0,2,1.3333333333333333,1.3333333333333333
2020-07-08,2019,Betis,Osasuna,H,2,2.05,3.4,3.5,1513.9586789826483,1515.1196756284896,-1.160996645841351,244.35,62.78,1.3472461009540009,5,5,5,4,-2,2,2.3333333333333335,0.3333333333333333
2020-07-08,2019,Barcelona,Espanol,H,2,1.14,8.0,19.0,1807.2709161897715,1436.9283683687324,370.34254782103903,930.28,156.05,1.77999575795533,9,9,10,10,2,-5,2.3333333333333335,0.3333333333333333
2020-07-09,2019,Mallorca,Levante,H,2,2.05,3.6,3.3,1427.9722872580235,1534.4095395216837,-106.43725226366018,64.68,107.85,-0.505176322536383,0,0,0,0,-2,1,0.3333333333333333,2.3333333333333335
2020-07-09,2019,Eibar,Leganes,D,1,2.45,3.0,3.1,1500.1297148402903,1457.9924021295058,42.1373127107845,53.75,112.45,-0.7285848425292407,2,2,1,4,0,-1,2.3333333333333335,0.3333333333333333
2020-07-09,2019,Ath Bilbao,Sevilla,A,0,3.1,3.0,2.45,1587.583379324035,1655.2258899834148,-67.64251065937992,10.0,294.75,-3.2916192300601255,-1,0,-1,-1,1,2,1.3333333333333333,1.3333333333333333
2020-07-10,2019,Real Madrid,Alaves,H,2,1.2,6.5,13.0,1780.3992711638075,1457.7138291827118,322.68544198109566,913.75,110.8,2.1019392431783173,11,13,11,8,5,-5,2.0,1.0
2020-07-10,2019,Sociedad,Granada,A,0,1.72,3.6,5.25,1557.1258816433426,1487.616623054502,69.50925858884057,347.55,56.58,1.8006064067483782,3,2,1,4,-2,-1,3.0,0.0
2020-07-11,2019,Ath Madrid,Betis,H,2,1.5,3.8,8.0,1721.225088658713,1524.8029629585014,196.4221257002116,969.7,244.35,1.3753316981822685,-5,-5,-5,-4,3,0,2.0,1.0
2020-07-11,2019,Valladolid,Barcelona,A,0,9.5,5.25,1.3,1499.7229708674301,1809.1468671330476,-309.4238962656175,83.0,930.28,-2.4057431850966724,-11,-11,-10,-12,0,3,0.0,3.0
2020-07-11,2019,Osasuna,Celta,H,2,3.2,3.0,2.45,1504.2753916526365,1520.6825545161473,-16.407162863510848,62.78,167.0,-0.9685243178213474,-2,-2,0,-5,2,0,0.6666666666666666,1.6666666666666667
2020-07-12,2019,Espanol,Eibar,A,0,3.4,3.2,2.25,1435.0524174254563,1494.3140394487662,-59.26162202330988,156.05,53.75,1.0537868572880456,0,0,-1,-2,-5,0,2.0,1.0
2020-07-12,2019,Levante,Ath Bilbao,A,0,3.8,3.2,2.1,1519.1316527982322,1571.1904192273876,-52.05876642915541,107.85,10.0,2.2920755148821854,-4,-5,-3,-5,-1,-1,1.0,2.0
2020-07-12,2019,Leganes,Valencia,H,2,3.4,3.1,2.3,1463.8080775210299,1590.5735045730441,-126.76542705201427,112.45,427.8,-1.3296283985307413,-5,-6,-4,-4,-1,-2,1.0,1.0
2020-07-12,2019,Sevilla,Mallorca,H,2,1.4,4.75,8.5,1671.6188500800622,1443.250173981475,228.36867609858723,294.75,64.68,1.504720037714323,5,5,4,6,3,-1,2.0,1.0
2020-07-13,2019,Alaves,Getafe,D,1,3.5,3.0,2.25,1455.2934946919406,1589.49342587886,-134.19993118691946,110.8,175.45,-0.45632598940028046,-2,0,-3,-4,-5,-1,0.6666666666666666,1.6666666666666667
2020-07-13,2019,Villarreal,Sociedad,A,0,2.3,3.25,3.1,1627.432432114598,1535.3378168166187,92.09461529797932,208.68,347.55,-0.508199132917257,1,2,2,-1,2,-2,2.0,1.0
2020-07-13,2019,Granada,Real Madrid,A,0,6.5,4.5,1.45,1509.404687881226,1782.8196056545787,-273.4149177733527,56.58,913.75,-2.765475518715286,-11,-13,-11,-8,1,5,0.0,3.0
2020-07-16,2019,Celta,Levante,A,0,1.61,4.0,5.25,1509.2234837169233,1502.0749004336287,7.148583283294556,167.0,107.85,0.4339931917227027,2,2,0,5,-2,-1,1.0,2.0
2020-07-16,2019,Eibar,Valladolid,H,2,2.1,3.1,3.8,1511.0648402590577,1492.8082409799636,18.25659927909419,53.75,83.0,-0.4280394301467032,2,2,1,4,0,-1,0.3333333333333333,2.3333333333333335
2020-07-16,2019,Ath Bilbao,Leganes,A,0,1.8,3.4,4.75,1588.247171591991,1479.961353344388,108.28581824760295,10.0,112.45,-2.33346693842748,4,5,3,5,1,0,2.3333333333333335,0.3333333333333333
2020-07-16,2019,Barcelona,Osasuna,A,0,1.14,8.0,17.0,1816.0615970205142,1515.7344624518605,300.3271345686537,930.28,62.78,2.6811203223580744,11,11,10,12,3,2,2.3333333333333335,0.3333333333333333
2020-07-16,2019,Betis,Alaves,A,0,2.3,3.3,3.1,1520.1938032254914,1456.7652738728286,63.428529352662736,244.35,110.8,0.7859742018149136,5,5,5,4,-2,-4,1.0,1.0
2020-07-16,2019,Sociedad,Sevilla,D,1,2.37,3.3,2.9,1557.878093695741,1675.5553562975915,-117.67726260185054,347.55,294.75,0.1642671890739118,-2,-3,-3,-2,0,4,0.3333333333333333,2.3333333333333335
2020-07-16,2019,Getafe,Ath Madrid,A,0,3.6,2.9,2.25,1588.021646697972,1725.8342483917231,-137.81260169375105,175.45,969.7,-1.7049799105969017,2,0,3,4,-1,3,0.0,3.0
2020-07-16,2019,Real Madrid,Villarreal,H,2,1.45,4.75,6.0,1790.89813615733,1604.8921552354757,186.00598092185442,913.75,208.68,1.473068244884165,7,9,8,5,5,1,1.6666666666666667,0.6666666666666666
2020-07-16,2019,Valencia,Espanol,H,2,1.53,4.0,6.0,1574.420228749686,1418.3016166151647,156.1186121345213,427.8,156.05,1.0044263837719365,3,4,4,2,-2,-5,1.3333333333333333,1.3333333333333333
2020-07-16,2019,Mallorca,Granada,A,0,2.05,3.4,3.5,1439.3136677639457,1501.3261573784746,-62.01248961452893,64.68,56.58,0.13161917996014338,0,0,0,0,-1,0,1.0,2.0
2020-07-19,2019,Ath Madrid,Sociedad,D,1,1.95,3.0,4.5,1739.2081622584915,1558.640624597147,180.56753766134443,969.7,347.55,1.0242357687857728,-3,-2,-1,-4,3,1,2.0,1.0
2020-07-19,2019,Alaves,Barcelona,A,0,5.5,4.33,1.53,1478.342930346036,1788.7842044061529,-310.44127406011694,110.8,930.28,-2.119848423218987,-11,-11,-10,-12,-2,2,0.0,3.0
2020-07-19,2019,Valladolid,Betis,H,2,2.62,3.3,2.62,1482.7253541476668,1498.616146752284,-15.890792604617218,83.0,244.35,-1.0718689636925989,-5,-5,-5,-4,-2,-2,2.0,1.0
2020-07-19,2019,Villarreal,Eibar,H,2,1.53,4.0,6.0,1600.044202396274,1521.1477270913545,78.89647530491948,208.68,53.75,1.3428051903185407,2,2,2,-1,-1,0,1.3333333333333333,1.3333333333333333
2020-07-19,2019,Espanol,Celta,D,1,5.0,3.8,1.66,1412.7130885479849,1489.7387931163858,-77.0257045684009,156.05,167.0,-0.06739975341860305,0,0,0,-3,-5,-3,1.0,1.0
2020-07-19,2019,Leganes,Real Madrid,D,1,2.62,3.8,2.35,1503.0117027855038,1795.7460889965319,-292.7343862110281,112.45,913.75,-2.087288592673465,-11,-13,-11,-8,2,5,0.3333333333333333,2.3333333333333335
2020-07-19,2019,Levante,Getafe,H,2,5.0,3.8,1.66,1521.5595910341663,1574.6477328312037,-53.08814179703745,107.85,175.45,-0.483066762440723,-2,0,-3,-4,-1,-3,1.3333333333333333,1.3333333333333333
2020-07-19,2019,Osasuna,Mallorca,D,1,1.75,3.75,4.2,1543.0118550662219,1422.6801193661113,120.33173570011058,62.78,64.68,-0.029354803562261722,0,0,0,0,2,-1,1.0,1.0
2020-07-19,2019,Sevilla,Valencia,H,2,1.9,3.4,4.0,1674.7928253961854,1580.0087568168658,94.78406857931964,294.75,427.8,-0.37147610689809607,0,-1,0,2,4,0,0.6666666666666666,1.6666666666666667
2020-07-19,2019,Granada,Ath Bilbao,H,2,2.0,3.5,3.4,1517.959705776309,1565.1968221508753,-47.23711637456631,56.58,10.0,1.655280012385659,-4,-5,-3,-5,2,-1,0.0,3.0
2020-09-12,2020,Eibar,Celta,D,1,2.5,3.25,2.9,1513.2541040473714,1490.7292300212555,22.524874026115867,83.4,155.85,-0.6197225330347758,0,1,-1,-3,0,-2,2.3333333333333335,0.3333333333333333
2020-09-12,2020,Cadiz,Osasuna,A,0,2.8,3.0,2.75,1500.0,1534.5981456167785,-34.59814561677854,47.65,62.78,-0.27078785294989727,0,0,0,0,0,1,1.5,1.5
2020-09-12,2020,Granada,Ath Bilbao,H,2,2.75,3.1,2.75,1530.6991007993684,1552.457427127816,-21.758326328447538,56.58,10.0,1.655280012385659,-4,-4,-4,-4,2,-3,1.0,2.0
2020-09-13,2020,Valladolid,Sociedad,D,1,2.8,3.2,2.6,1494.1633811597987,1568.6640748841771,-74.50069372437838,87.78,406.6,-1.524124901942681,-4,-5,-2,-6,-1,0,0.6666666666666666,1.6666666666666667
2020-09-13,2020,Alaves,Betis,A,0,2.8,3.2,2.6,1471.4593133731853,1487.1781197401522,-15.718806366966874,106.75,207.7,-0.6610840850992972,-5,-6,-3,-6,-2,-2,1.6666666666666667,0.6666666666666666
2020-09-13,2020,Villarreal,Huesca,D,1,1.57,4.0,6.0,1607.937825440257,1482.695559663191,125.242265777066,292.6,64.1,1.5062937475258371,4,4,3,5,-1,0,1.0,1.0
2020-09-13,2020,Valencia,Levante,H,2,2.1,3.5,3.5,1572.6354677942454,1534.546462421432,38.08900537281352,278.85,113.0,0.8980552969428732,4,4,5,4,0,0,2.3333333333333335,0.3333333333333333
2020-09-19,2020,Villarreal,Eibar,H,2,1.57,4.0,6.0,1599.379965596872,1508.1731844743745,91.20678112249743,292.6,83.4,1.2466508951384494,2,1,3,3,0,1,2.0,1.0
2020-09-19,2020,Getafe,Osasuna,H,2,1.95,3.25,4.33,1561.660861443938,1552.3888850404628,9.271976403475264,170.1,62.78,0.9868085193162361,3,2,3,5,-3,2,0.6666666666666666,1.6666666666666667
2020-09-19,2020,Celta,Valencia,H,2,2.2,3.6,3.1,1495.8101495942524,1581.9689661234468,-86.15881652919438,155.85,278.85,-0.5789638107006816,-4,-4,-5,-1,-2,1,1.0,2.0
2020-09-20,2020,Huesca,Cadiz,A,0,2.1,3.1,4.0,1491.2534195065762,1482.2092605763157,9.044158930260437,64.1,47.65,0.29127274058250974,0,0,0,0,-1,-1,1.5,1.5
2020-09-20,2020,Betis,Valladolid,H,2,1.85,3.6,4.33,1505.7470984405,1493.064460024091,12.682638416408963,207.7,87.78,0.8547364146772658,5,6,3,6,-1,-2,1.0,2.0
2020-09-20,2020,Granada,Alaves,H,2,2.05,3.1,4.2,1542.3771044732366,1452.8903346728375,89.48676980039909,56.58,106.75,-0.6266384437998278,0,0,0,0,3,-2,3.0,0.0
2020-09-20,2020,Sociedad,Real Madrid,D,1,4.75,3.8,1.72,1569.762996019885,1788.1851897471533,-218.42219372726845,406.6,787.3,-0.6595924267172926,-7,-7,-8,-4,0,4,1.0,2.0
2020-09-26,2020,Betis,Real Madrid,A,0,4.0,4.0,1.8,1516.0458900226274,1783.2616965362815,-267.2158065136541,207.7,787.3,-1.3289809139827078,-6,-6,-7,-4,-1,3,2.3333333333333335,0.3333333333333333
2020-09-26,2020,Elche,Sociedad,A,0,4.2,3.3,1.95,1474.8774548741617,1574.6864892307567,-99.80903435659502,45.65,406.6,-2.1676133740552173,-4,-5,-2,-6,0,1,1.0,2.0
2020-09-26,2020,Valencia,Huesca,D,1,2.0,3.4,4.0,1567.566222119399,1471.6943278696115,95.8718942497876,278.85,64.1,1.458329196122845,6,6,6,6,-1,-2,3.0,0.0
2020-09-26,2020,Alaves,Getafe,D,1,3.5,2.9,2.37,1445.3461552961016,1572.0928445273362,-126.74668923123454,106.75,170.1,-0.46243445191429,-3,-2,-3,-5,-2,-2,0.6666666666666666,1.6666666666666667
2020-09-27,2020,Barcelona,Villarreal,H,2,1.53,4.33,6.0,1795.6678213790035,1606.8683704610214,188.79945091798209,813.5,292.6,1.0203561313017389,7,6,7,8,3,0,2.3333333333333335,0.3333333333333333
2020-09-27,2020,Cadiz,Sevilla,A,0,5.0,3.6,1.7,1501.7683522132804,1682.1661144188058,-180.3977622055254,47.65,418.25,-2.1538155920713042,-5,-6,-5,-4,0,4,1.5,1.5
2020-09-27,2020,Valladolid,Celta,D,1,2.8,3.0,2.7,1482.7656684419635,1510.2128935983,-27.44722515633657,87.78,155.85,-0.5691285352307984,-2,-2,-1,-5,-2,-1,1.6666666666666667,0.6666666666666666
2020-09-27,2020,Eibar,Ath Bilbao,A,0,3.0,3.0,2.55,1500.684779610225,1540.7794234539476,-40.09464384372268,83.4,10.0,2.037672128803541,-2,-1,-4,-2,0,-3,0.6666666666666666,1.6666666666666667
2020-09-27,2020,Ath Madrid,Granada,H,2,1.5,4.0,7.5,1729.1847119714614,1549.9212838499725,179.26342812148891,720.15,56.58,2.527671874845489,0,0,0,0,3,3,2.3333333333333335,0.3333333333333333
2020-09-27,2020,Osasuna,Levante,A,0,2.3,3.2,3.25,1541.9569019570647,1525.2129640922305,16.74393786483415,62.78,113.0,-0.5807587868125843,-2,-2,-1,-2,2,-1,1.3333333333333333,1.3333333333333333
2020-09-29,2020,Getafe,Betis,H,2,2.45,3.1,3.0,1570.9403729019507,1507.7549813759297,63.18539152602102,170.1,207.7,-0.19864963318500717,-2,-4,0,-1,-1,-1,2.3333333333333335,0.3333333333333333
2020-09-29,2020,Sociedad,Valencia,A,0,1.53,4.2,5.75,1589.6947338794973,1559.9047427834214,29.789991096075937,406.6,278.85,0.376032556011201,-2,-1,-4,0,1,0,1.6666666666666667,0.6666666666666666
2020-09-30,2020,Huesca,Ath Madrid,D,1,7.5,4.2,1.45,1479.3558072055891,1734.1925018036368,-254.83669459804764,64.1,720.15,-2.404922610814995,0,0,0,0,-1,3,0.0,3.0
2020-09-30,2020,Villarreal,Alaves,H,2,1.57,3.8,5.75,1602.0854222070307,1446.4986269214871,155.58679528554353,292.6,106.75,1.0024045677565034,4,4,3,5,0,-2,2.0,1.0
2020-09-30,2020,Eibar,Elche,A,0,1.8,3.5,4.5,1483.1237860598937,1459.869210225421,23.25457583447269,83.4,45.65,0.5928944743085589,2,3,0,2,-2,-2,1.5,1.5
2020-09-30,2020,Real Madrid,Valladolid,H,2,1.22,6.0,11.0,1791.5526051829793,1479.6780641448022,311.8745410381771,787.3,87.78,2.1837173286599736,11,12,10,10,3,-1,2.3333333333333335,0.3333333333333333
2020-10-01,2020,Celta,Barcelona,A,0,5.75,4.2,1.53,1513.3004978954614,1800.4507696329943,-287.1502717375329,155.85,813.5,-1.6472844934054125,-9,-8,-9,-8,0,3,1.3333333333333333,1.3333333333333333
2020-10-01,2020,Ath Bilbao,Cadiz,A,0,1.53,3.8,6.5,1558.3404170042788,1490.1787461239055,68.16167088037332,10.0,47.65,-1.4867565358336434,4,4,4,4,-1,-1,1.5,1.5
2020-10-01,2020,Sevilla,Levante,H,2,1.4,4.5,7.5,1693.7557205081807,1545.0717052056987,148.68401530248207,418.25,113.0,1.3022689523088227,3,4,4,2,4,1,2.3333333333333335,0.3333333333333333
2020-10-03,2020,Valladolid,Eibar,A,0,2.35,3.0,3.4,1477.1155948450582,1463.0149972304218,14.1005976146364,87.78,83.4,0.05059399780397733,-2,-3,0,-2,-1,-4,2.0,1.0
2020-10-03,2020,Ath Madrid,Villarreal,D,1,1.61,3.9,5.5,1727.9176784219287,1607.687885207614,120.22979321431467,720.15,292.6,0.8986288632891579,-4,-4,-3,-5,3,2,2.3333333333333335,0.3333333333333333
2020-10-03,2020,Elche,Huesca,D,1,3.1,3.1,2.45,1479.977999054893,1485.6306305872972,-5.652631532404257,45.65,64.1,-0.3332516219211712,0,0,0,0,-2,0,1.5,1.5
2020-10-03,2020,Sociedad,Getafe,H,2,2.25,3.1,3.5,1569.3381351443818,1579.3711976310246,-10.033062486642848,406.6,170.1,0.8680381204504224,1,3,-1,1,0,0,1.0,2.0
2020-10-03,2020,Valencia,Betis,A,0,2.8,3.2,2.6,1580.261341518537,1499.3241566468557,80.93718487168121,278.85,207.7,0.2933559312542142,1,0,3,0,0,-1,2.0,1.0
2020-10-04,2020,Alaves,Ath Bilbao,H,2,3.3,2.9,2.37,1440.8961639209037,1536.598698623451,-95.70253470254715,106.75,10.0,2.281918456185487,-4,-4,-4,-4,-4,-3,1.3333333333333333,1.3333333333333333
2020-10-04,2020,Levante,Real Madrid,A,0,6.0,4.5,1.5,1539.2859410151684,1794.1150744827232,-254.8291334675548,113.0,787.3,-1.9336802796713668,-9,-10,-9,-8,1,3,1.0,2.0
2020-10-04,2020,Osasuna,Celta,H,2,2.7,3.1,2.75,1522.0981608435966,1505.6801126573405,16.4180481862561,62.78,155.85,-0.8998502730547759,-2,-2,-1,-5,0,0,1.3333333333333333,1.3333333333333333
2020-10-04,2020,Barcelona,Sevilla,D,1,1.57,4.33,5.25,1808.0711548711151,1699.541484698711,108.52967017240417,813.5,418.25,0.6641070273387815,6,4,5,9,3,4,2.3333333333333335,0.3333333333333333
2020-10-04,2020,Cadiz,Granada,D,1,3.0,3.0,2.6,1511.9204645047334,1544.9134940177971,-32.993029513063675,47.65,56.58,-0.1685234765520156,0,0,0,0,0,3,1.5,1.5
2020-10-17,2020,Real Madrid,Cadiz,A,0,1.18,7.0,15.0,1802.8405204189776,1509.0628832957784,293.77763712319916,787.3,47.65,2.7852269194338484,11,12,10,10,3,0,1.5,1.5
2020-10-17,2020,Getafe,Barcelona,H,2,4.75,3.8,1.72,1568.1708342822114,1800.0133127448978,-231.84247846268636,170.1,813.5,-1.5603262471439523,-8,-8,-7,-8,0,2,0.0,3.0
2020-10-17,2020,Granada,Sevilla,H,2,4.2,3.4,1.9,1547.7710752267521,1707.5993268249283,-159.82825159817617,56.58,418.25,-1.9852921155192886,-5,-6,-5,-4,2,3,0.0,3.0
2020-10-17,2020,Celta,Ath Madrid,A,0,5.5,3.3,1.75,1495.5262563836716,1719.5069859511698,-223.9807295674982,155.85,720.15,-1.5255572253928316,2,2,1,5,-1,2,0.6666666666666666,1.6666666666666667
2020-10-18,2020,Betis,Sociedad,A,0,2.5,3.25,2.9,1521.4986729222232,1580.538498493195,-59.03982557097174,207.7,406.6,-0.6693884872654152,1,1,1,0,1,1,1.0,2.0
2020-10-18,2020,Huesca,Valladolid,D,1,2.25,2.9,3.8,1489.606678017559,1457.359252395906,32.247425621653065,64.1,87.78,-0.31023685019136504,0,0,0,0,-1,-3,1.5,1.5
2020-10-18,2020,Alaves,Elche,A,0,1.75,3.3,5.5,1455.7106368911361,1476.0019516246311,-20.291314733495028,106.75,45.65,0.8371408016905049,0,0,0,0,-2,-1,1.5,1.5
2020-10-18,2020,Eibar,Osasuna,D,1,2.6,3.0,3.0,1482.771339679574,1532.2520171172655,-49.480677437691384,83.4,62.78,0.2801277400200002,2,3,0,2,-2,0,0.6666666666666666,1.6666666666666667
2020-10-18,2020,Ath Bilbao,Levante,H,2,2.05,3.2,4.0,1521.7842256532185,1530.560495078914,-8.776269425695546,10.0,113.0,-2.338303175596125,2,2,3,2,-3,-1,3.0,0.0
2020-10-18,2020,Villarreal,Valencia,H,2,1.6,4.0,5.25,1616.098577678373,1558.0868252431694,58.01175243520356,292.6,278.85,0.04796455140299205,-2,-2,-3,-1,1,0,1.0,2.0
2020-10-23,2020,Elche,Valencia,H,2,3.2,3.1,2.4,1494.3841208424124,1549.4743053576121,-55.09018451519978,45.65,278.85,-1.7915808180440163,-6,-6,-6,-6,1,-2,0.0,3.0
2020-10-24,2020,Sevilla,Eibar,A,0,1.45,4.33,7.5,1690.0415652326842,1480.6054879206963,209.4360773119879,418.25,83.4,1.6028999991014068,3,3,5,2,2,-2,1.3333333333333333,1.3333333333333333
2020-10-24,2020,Ath Madrid,Betis,H,2,1.55,3.8,6.5,1729.3705029273783,1504.7384275498932,224.63207537748508,720.15,207.7,1.2399493459463642,-5,-6,-3,-6,2,-1,2.0,1.0
2020-10-24,2020,Barcelona,Real Madrid,A,0,2.0,3.6,3.6,1779.5795650424539,1775.6579109631098,3.92165407934408,813.5,787.3,0.032695699976237336,0,-2,0,3,2,2,1.3333333333333333,1.3333333333333333
2020-10-24,2020,Osasuna,Ath Bilbao,H,2,3.25,2.9,2.4,1534.4178688761433,1532.933857218882,1.4840116572613624,62.78,10.0,1.7575443887835407,-4,-4,-4,-4,0,-1,1.0,2.0
2020-10-25,2020,Sociedad,Huesca,H,2,1.57,3.75,6.0,1597.298743865525,1484.1577479604127,113.14099590511228,406.6,64.1,1.834361752134046,4,5,2,6,2,-1,2.0,0.5
2020-10-25,2020,Getafe,Granada,A,0,1.85,3.1,5.0,1588.6045819846554,1565.3288368189963,23.275745165659146,170.1,56.58,1.0890728957141178,3,2,3,5,2,2,1.0,2.0
2020-10-25,2020,Cadiz,Villarreal,D,1,3.6,3.3,2.1,1536.2454927516462,1624.7110975639303,-88.46560481228403,47.65,292.6,-1.7975664881083468,-4,-4,-3,-5,2,2,1.5,1.5
2020-10-25,2020,Valladolid,Alaves,A,0,2.3,2.9,3.5,1462.8081824530523,1437.328467673355,25.47971477969736,87.78,106.75,-0.19365232957796863,0,0,0,0,-3,-2,1.3333333333333333,1.3333333333333333
2020-10-26,2020,Levante,Celta,D,1,2.37,3.25,3.0,1519.4108635132507,1485.662739407463,33.74812410578761,113.0,155.85,-0.31909148624219164,0,0,0,-3,-3,-2,3.0,0.0
2020-10-30,2020,Eibar,Cadiz,A,0,2.55,2.75,3.3,1506.281049152,1535.7476957503814,-29.46664659838143,83.4,47.65,0.5509155929698974,2,3,0,2,0,1,1.5,1.5
2020-10-31,2020,Alaves,Barcelona,D,1,6.5,4.75,1.44,1457.5219938293824,1760.2220883476127,-302.70009451823034,106.75,813.5,-2.0227606990582423,-11,-10,-10,-13,0,0,0.0,3.0
2020-10-31,2020,Osasuna,Ath Madrid,A,0,5.5,3.3,1.75,1545.1569476160676,1733.3811566523489,-188.2242090362813,62.78,720.15,-2.4254074984476075,0,0,0,0,0,3,0.0,3.0
2020-10-31,2020,Ath Bilbao,Sevilla,H,2,3.0,3.0,2.6,1522.1947784789577,1664.3660040013806,-142.1712255224229,10.0,418.25,-3.6405721279049477,-1,-2,-1,0,-1,0,0.3333333333333333,2.3333333333333335
2020-10-31,2020,Real Madrid,Huesca,H,2,1.33,5.25,9.0,1795.015387657951,1477.3562151115718,317.65917254637907,787.3,64.1,2.4939541788513386,11,12,10,10,3,-1,3.0,0.0
2020-11-01,2020,Granada,Levante,D,1,2.25,3.2,3.4,1585.438433567715,1513.905781239402,71.53265232831313,56.58,113.0,-0.683023163210466,-2,-2,-1,-2,2,-2,1.3333333333333333,1.3333333333333333
2020-11-01,2020,Valencia,Getafe,D,1,3.1,3.1,2.45,1536.402490951656,1568.4949852359364,-32.09249428428029,278.85,170.1,0.4920055644392214,3,4,3,1,-2,0,0.6666666666666666,1.6666666666666667
2020-11-01,2020,Betis,Elche,H,2,1.45,4.33,7.5,1500.7277738249227,1507.4559352483684,-6.7281614234457265,207.7,45.65,1.498224886789802,5,6,3,6,-3,2,0.5,2.0
2020-11-01,2020,Celta,Sociedad,A,0,3.0,3.2,2.45,1491.1678216813118,1604.100276714366,-112.93245503305411,155.85,406.6,-0.9549963667118826,-2,-3,-1,-1,-3,3,2.0,1.0
2020-11-02,2020,Villarreal,Valladolid,H,2,1.61,4.0,5.5,1625.2088945651951,1442.6146562970248,182.59423826817033,292.6,87.78,1.196056897334472,4,4,3,5,1,-3,1.6666666666666667,0.6666666666666666
2020-11-06,2020,Elche,Celta,D,1,4.0,3.3,1.95,1496.388775576279,1476.7259029263223,19.662872649956626,45.65,155.85,-1.2126170073433347,-2,-2,-1,-5,2,-4,1.3333333333333333,1.3333333333333333
2020-11-07,2020,Ath Madrid,Cadiz,H,2,1.4,4.2,10.0,1744.65202083491,1553.7517096139468,190.9003112209632,720.15,47.65,2.6961953513975048,0,0,0,0,3,3,1.5,1.5
2020-11-07,2020,Sevilla,Osasuna,H,2,1.5,4.0,7.0,1647.5542146608748,1533.8860834335064,113.66813122736835,418.25,62.78,1.883027739121407,5,6,5,4,-2,0,2.3333333333333335,0.3333333333333333
2020-11-07,2020,Huesca,Eibar,D,1,2.05,3.3,3.6,1474.8707154985436,1488.2770352884345,-13.406319789890858,64.1,83.4,-0.2596428523873877,-2,-3,0,-2,-2,0,3.0,0.0
2020-11-07,2020,Barcelona,Betis,H,2,1.4,5.0,7.5,1752.3449118932767,1511.7949334970122,240.54997839626458,813.5,207.7,1.3616766139589451,6,4,7,7,-1,-1,3.0,0.0
2020-11-08,2020,Valencia,Real Madrid,H,2,6.0,4.75,1.45,1533.5074601045449,1797.500887270979,-263.99342716643423,278.85,787.3,-1.0356249827284936,-5,-6,-4,-4,-2,3,1.3333333333333333,1.3333333333333333
2020-11-08,2020,Valladolid,Ath Bilbao,H,2,3.3,2.9,2.37,1437.6863463380305,1539.0065678194635,-101.32022148143301,87.78,10.0,2.088266126607518,-4,-4,-4,-4,-4,-1,1.3333333333333333,1.3333333333333333
2020-11-08,2020,Levante,Alaves,D,1,2.15,3.4,3.4,1520.7631297620467,1465.3991702837184,55.3639594783283,113.0,106.75,0.05638471941063816,2,2,1,2,-3,0,0.0,3.0
2020-11-08,2020,Getafe,Villarreal,A,0,2.5,3.1,3.0,1571.3900160830476,1630.1372045241894,-58.747188441141816,170.1,292.6,-0.5399701158422134,-1,-2,0,0,0,3,0.3333333333333333,2.3333333333333335
2020-11-08,2020,Sociedad,Granada,H,2,1.65,3.8,5.25,1618.5421954693554,1578.5810850450703,39.96111042428515,406.6,56.58,1.9571110161645402,4,5,2,6,3,1,2.0,1.0
2020-11-20,2020,Osasuna,Huesca,D,1,2.4,3.0,3.25,1527.1004969725952,1471.2077010274888,55.8927959451064,62.78,64.1,-0.02048488763261247,0,0,0,0,0,-2,1.5,1.5
2020-11-21,2020,Villarreal,Real Madrid,D,1,2.87,3.8,2.25,1646.9099088382156,1775.903545968683,-128.99363713046728,292.6,787.3,-0.9876604313255015,-7,-8,-7,-5,3,1,0.3333333333333333,2.3333333333333335
2020-11-21,2020,Levante,Elche,D,1,1.57,4.0,5.75,1514.4695379685108,1491.4175449667243,23.051993001786514,113.0,45.65,0.893525521101143,2,2,1,2,-2,1,0.6666666666666666,1.6666666666666667
2020-11-21,2020,Sevilla,Celta,H,2,1.72,3.6,5.25,1654.339801121786,1481.697133535877,172.64266758590907,418.25,155.85,0.983177466066631,3,4,4,-1,-2,-3,0.3333333333333333,2.3333333333333335
2020-11-21,2020,Ath Madrid,Barcelona,H,2,2.9,3.5,2.37,1749.3865483630864,1756.0477440922716,-6.661195729185238,720.15,813.5,-0.12172726801258094,-11,-10,-10,-13,4,-1,0.3333333333333333,2.3333333333333335
2020-11-22,2020,Granada,Valladolid,A,0,2.1,3.2,3.8,1569.316736170524,1452.743344606867,116.5733915636572,56.58,87.78,-0.4329861142218592,0,0,0,0,1,-2,2.3333333333333335,0.3333333333333333
2020-11-22,2020,Eibar,Getafe,D,1,3.4,3.0,2.35,1491.9400497594893,1554.6173117690214,-62.677262009532114,83.4,170.1,-0.706680779296236,-1,1,-3,-3,1,-2,0.6666666666666666,1.6666666666666667
2020-11-22,2020,Cadiz,Sociedad,A,0,4.0,3.8,1.85,1549.0171820857704,1627.8065443439016,-78.78936225813118,47.65,406.6,-2.125634492716556,-4,-5,-2,-6,1,5,1.5,1.5
2020-11-22,2020,Alaves,Valencia,D,1,2.7,3.2,2.8,1471.6927620772544,1555.104801406841,-83.4120393295866,106.75,278.85,-0.9544400163535114,-6,-6,-6,-6,1,-2,0.3333333333333333,2.3333333333333335
2020-11-23,2020,Ath Bilbao,Betis,H,2,2.2,3.3,3.4,1523.949569550627,1508.0921012980173,15.857468252609806,10.0,207.7,-2.943002541284784,-1,-2,1,-2,-1,-1,2.0,1.0
2020-11-27,2020,Valladolid,Levante,D,1,2.55,3.3,2.8,1476.0451699967143,1509.3684823289354,-33.32331233222112,87.78,113.0,-0.2500370489886068,-2,-2,-1,-2,0,-1,0.3333333333333333,2.3333333333333335
2020-11-28,2020,Real Madrid,Alaves,A,0,1.33,5.25,9.0,1774.6546876897787,1470.977145910352,303.67754177942675,787.3,106.75,1.990064999082005,11,12,10,10,0,0,3.0,0.0
2020-11-28,2020,Huesca,Sevilla,A,0,4.0,3.3,2.0,1477.520093181827,1659.5086140356182,-181.98852085379121,64.1,418.25,-1.8625428514887945,-5,-6,-5,-4,-2,-1,1.5,1.5
2020-11-28,2020,Elche,Cadiz,D,1,3.2,3.0,2.45,1496.5186006062997,1533.1025811986203,-36.583980592320586,45.65,47.65,-0.041978881338661456,0,0,0,0,1,0,1.5,1.5
2020-11-28,2020,Valencia,Ath Madrid,A,0,4.75,3.8,1.72,1555.8204175737435,1760.4510157763184,-204.6305982025749,278.85,720.15,-0.94659341469215,6,6,6,6,-1,5,0.6666666666666666,1.6666666666666667
2020-11-29,2020,Barcelona,Osasuna,H,2,1.25,6.0,11.0,1744.9832766790396,1520.7881048182571,224.19517186078247,813.5,62.78,2.5471347664601884,11,10,10,13,-2,-1,1.3333333333333333,1.3333333333333333
2020-11-29,2020,Getafe,Ath Bilbao,D,1,2.8,2.9,2.8,1556.2224941452032,1534.1251131101571,22.097381035046055,170.1,10.0,2.744352908099777,-1,-2,-1,1,-1,1,2.3333333333333335,0.3333333333333333
2020-11-29,2020,Celta,Granada,H,2,2.0,3.5,3.75,1476.5283206220447,1546.0149107806767,-69.486590158632,155.85,56.58,1.0021146494526576,2,2,1,5,-3,0,1.3333333333333333,1.3333333333333333
2020-11-29,2020,Sociedad,Villarreal,D,1,2.1,3.6,3.4,1643.7211452310517,1648.1587671171199,-4.4376218860682,406.6,292.6,0.32806800460820895,0,1,-1,1,5,3,1.0,2.0
2020-11-30,2020,Betis,Eibar,A,0,1.75,3.75,4.5,1497.9165577384872,1490.3348673833075,7.581690355179717,207.7,83.4,0.9053304124812431,3,3,3,4,-3,0,0.6666666666666666,1.6666666666666667
2020-12-04,2020,Ath Bilbao,Celta,A,0,2.05,3.25,3.8,1539.189687143144,1490.2143274375044,48.975359705639676,10.0,155.85,-2.6573946618383166,2,2,3,-1,0,-1,1.3333333333333333,1.3333333333333333
2020-12-05,2020,Cadiz,Barcelona,H,2,8.5,5.0,1.36,1535.8104657027516,1749.0026768288417,-213.19221112609011,47.65,813.5,-2.8179226194100857,-11,-10,-10,-13,-1,0,1.5,1.5
2020-12-05,2020,Levante,Getafe,H,2,2.9,3.1,2.55,1512.2123191059836,1551.1579201122163,-38.945601006232664,113.0,170.1,-0.40604973250365184,-1,0,-2,-3,0,-2,1.3333333333333333,1.3333333333333333
2020-12-05,2020,Sevilla,Real Madrid,A,0,2.5,3.5,2.7,1671.0331598937569,1747.3299263001775,-76.2967664064206,418.25,787.3,-0.6314113273625441,-6,-6,-5,-6,1,0,0.0,3.0
2020-12-05,2020,Ath Madrid,Valladolid,H,2,1.4,4.33,9.5,1771.0655310978223,1473.2013332196661,297.8641978781561,720.15,87.78,2.09468576062363,0,0,0,0,5,0,2.3333333333333335,0.3333333333333333
2020-12-06,2020,Villarreal,Elche,D,1,1.3,5.5,9.5,1652.1835396880433,1493.8107161021685,158.3728235858748,292.6,45.65,1.8395453694470083,4,4,3,5,2,0,1.6666666666666667,0.6666666666666666
2020-12-06,2020,Alaves,Sociedad,D,1,4.75,3.5,1.8,1498.3019072999532,1639.6963726601282,-141.394465360175,106.75,406.6,-1.3304725723647124,-4,-5,-2,-6,2,4,1.0,2.0
2020-12-06,2020,Granada,Huesca,D,1,2.3,3.1,3.4,1532.328903965217,1465.9955473236882,66.33335664152878,56.58,64.1,-0.12274926403049413,0,0,0,0,-2,-3,1.5,1.5
2020-12-06,2020,Osasuna,Betis,A,0,2.62,3.3,2.7,1516.768704668455,1478.4148462101252,38.353858458329796,62.78,207.7,-1.1854581525012433,-5,-6,-3,-6,-2,-3,0.3333333333333333,2.3333333333333335
2020-12-07,2020,Eibar,Valencia,D,1,2.45,3.1,3.1,1509.8365789116694,1545.2059022522396,-35.36932334057019,83.4,278.85,-1.1986863437354573,-4,-3,-6,-4,1,-1,2.0,1.0
2020-12-11,2020,Valladolid,Osasuna,H,2,2.5,3.1,3.0,1470.4434241473618,1496.0924030045758,-25.648978857213933,87.78,62.78,0.3307217378239775,0,0,0,0,0,-4,1.0,1.0
2020-12-12,2020,Huesca,Alaves,H,2,2.2,3.2,3.5,1472.674127358275,1500.0806415940876,-27.406514235812665,64.1,106.75,-0.5038891797693337,0,0,0,0,-2,1,0.0,3.0
2020-12-12,2020,Real Madrid,Ath Madrid,H,2,2.3,3.3,3.1,1763.3516924014054,1773.8234401701266,-10.471747768721116,787.3,720.15,0.0890315680363436,11,12,10,10,0,5,2.3333333333333335,0.3333333333333333
2020-12-12,2020,Valencia,Ath Bilbao,D,1,3.25,3.1,2.35,1547.964486495551,1518.1250989685864,29.83938752696463,278.85,10.0,3.236358472538998,2,2,2,2,0,0,2.0,1.0
2020-12-12,2020,Getafe,Sevilla,A,0,3.75,3.2,2.1,1538.7670484104287,1655.011393792529,-116.24434538210016,170.1,418.25,-0.8962192198051708,-2,-4,-2,1,-2,1,1.0,2.0
2020-12-13,2020,Sociedad,Eibar,D,1,1.6,3.75,6.0,1637.9176383659938,1507.077994668358,130.83964369763567,406.6,83.4,1.5747188997466584,2,2,2,4,3,0,2.3333333333333335,0.3333333333333333
2020-12-13,2020,Betis,Villarreal,D,1,3.1,3.5,2.25,1499.0911478740045,1642.713298516767,-143.62215064276256,207.7,292.6,-0.34132048265720627,1,2,0,1,-1,2,1.0,2.0
2020-12-13,2020,Elche,Granada,A,0,3.4,3.1,2.3,1503.2809572734448,1525.6503239306303,-22.369366657185537,45.65,56.58,-0.21050235789067706,0,0,0,0,-1,-3,0.3333333333333333,2.3333333333333335
2020-12-13,2020,Barcelona,Levante,H,2,1.22,7.0,11.0,1729.28163854224,1524.6031908077712,204.67844773446882,813.5,113.0,1.9663759796476041,9,8,9,11,0,1,2.0,1.0
2020-12-14,2020,Celta,Cadiz,H,2,1.72,3.6,5.25,1511.278915612062,1555.5315039893533,-44.252588377291204,155.85,47.65,1.1706381260046732,2,2,1,5,0,0,1.5,1.5
2020-12-15,2020,Real Madrid,Ath Bilbao,H,2,1.53,4.33,5.75,1774.5697857107602,1523.483558262568,251.08622744819218,787.3,10.0,4.271983455267492,7,8,6,6,0,-1,2.3333333333333335,0.3333333333333333
2020-12-16,2020,Barcelona,Sociedad,H,2,1.6,4.5,5.0,1733.7084303269548,1629.198277869786,104.51015245716894,813.5,406.6,0.6922881266935299,7,5,8,7,1,2,2.3333333333333335,0.3333333333333333
2020-12-18,2020,Ath Bilbao,Huesca,H,2,1.9,3.3,4.33,1519.9731352389022,1484.5848399412405,35.38829529766167,10.0,64.1,-1.7780292764161532,4,4,4,4,-1,0,2.0,0.5
2020-12-19,2020,Ath Madrid,Elche,H,2,1.2,6.0,19.0,1762.6053468607715,1484.984057522406,277.6212893383656,720.15,45.65,2.7381742327361662,0,0,0,0,3,-1,3.0,0.0
2020-12-19,2020,Barcelona,Valencia,D,1,1.3,6.0,8.5,1740.7748133466798,1542.6060272015693,198.16878614511052,813.5,278.85,1.068320682704731,5,4,4,7,1,0,1.3333333333333333,1.3333333333333333
2020-12-19,2020,Levante,Sociedad,H,2,3.4,3.4,2.15,1520.1763990230563,1622.131894850061,-101.9554958270046,113.0,406.6,-1.2740878529540742,-2,-3,-1,-4,0,0,1.6666666666666667,0.6666666666666666
2020-12-19,2020,Osasuna,Villarreal,A,0,3.6,3.4,2.1,1484.254274571827,1640.8398130743547,-156.5855385025277,62.78,292.6,-1.5267786351584496,-4,-4,-3,-5,-4,1,1.0,2.0
2020-12-19,2020,Sevilla,Valladolid,D,1,1.53,3.75,7.5,1669.310579618681,1482.2815525801107,187.02902703857035,418.25,87.78,1.5523060012974295,5,6,5,4,3,2,2.3333333333333335,0.3333333333333333
2020-12-20,2020,Eibar,Real Madrid,A,0,6.5,4.2,1.5,1515.797355164566,1778.0802087344262,-262.2828535698602,83.4,787.3,-2.234311326463951,-9,-9,-10,-8,1,2,0.0,3.0
2020-12-20,2020,Cadiz,Getafe,A,0,3.3,2.9,2.45,1542.917868922239,1524.4678625842766,18.45000633796235,47.65,170.1,-1.2575963722661334,-3,-2,-3,-5,-2,-3,1.5,1.5
2020-12-20,2020,Granada,Betis,H,2,2.45,3.4,2.87,1543.9472236816691,1500.964633316417,42.982590365252236,56.58,207.7,-1.287722528899125,-5,-6,-3,-6,-2,-2,2.3333333333333335,0.3333333333333333
2020-12-20,2020,Celta,Alaves,H,2,1.7,4.0,4.75,1523.8925506791763,1488.1699290111221,35.72262166805422,155.85,106.75,0.3754762056528298,2,2,1,5,2,0,1.3333333333333333,1.3333333333333333
2020-12-22,2020,Villarreal,Ath Bilbao,D,1,2.0,3.4,3.8,1653.4181927304826,1529.4068853799272,124.0113073505554,292.6,10.0,3.2843230239419903,0,0,-1,1,1,-1,0.6666666666666666,1.6666666666666667
2020-12-22,2020,Valladolid,Barcelona,A,0,7.0,5.4,1.36,1492.4574886042749,1730.3448864429447,-237.8873978386698,87.78,813.5,-2.216413028636211,-11,-10,-10,-13,1,2,0.0,3.0
2020-12-22,2020,Sociedad,Ath Madrid,A,0,3.3,3.2,2.25,1607.0474702001547,1765.669290604488,-158.62182040433322,406.6,720.15,-0.570560858680949,4,5,2,6,-2,3,1.3333333333333333,1.3333333333333333
2020-12-22,2020,Huesca,Levante,D,1,2.62,3.4,2.6,1475.1510898002155,1535.2608236729625,-60.10973387274703,64.1,113.0,-0.5602738991799718,-2,-2,-1,-2,-1,1,1.0,1.0
2020-12-22,2020,Valencia,Sevilla,A,0,3.75,3.4,2.0,1553.0359541053044,1659.1346435945168,-106.09868948921235,278.85,418.25,-0.40421365536594944,1,0,1,2,-1,2,1.3333333333333333,1.3333333333333333
2020-12-22,2020,Elche,Osasuna,D,1,3.3,3.0,2.37,1481.9201137786895,1471.675894915699,10.244218862990465,45.65,62.78,-0.3127667342885587,0,0,0,0,-2,-4,0.5,2.0
2020-12-23,2020,Getafe,Celta,D,1,2.75,3.0,2.8,1544.3924271671076,1533.313858843942,11.078568323165655,170.1,155.85,0.0869582462614602,1,0,2,0,-1,3,2.3333333333333335,0.3333333333333333
2020-12-23,2020,Real Madrid,Granada,H,2,1.33,5.25,9.0,1786.5425614981273,1553.1005697288435,233.44199176928373,787.3,56.58,2.6167034428818328,11,12,10,10,3,0,3.0,0.0
2020-12-23,2020,Alaves,Eibar,H,2,2.75,2.87,2.9,1478.7486208463565,1507.3350024008648,-28.586381554508307,106.75,83.4,0.24424632738194596,-2,-3,0,-2,-1,0,2.3333333333333335,0.3333333333333333
2020-12-23,2020,Betis,Cadiz,H,2,1.9,3.5,4.1,1491.8112872692425,1522.993304339408,-31.182017070165557,207.7,47.65,1.4562460054511406,5,6,3,6,-2,-2,1.5,1.5
2020-12-29,2020,Sevilla,Villarreal,H,2,2.25,3.3,3.25,1673.8713690435843,1644.896251599743,28.975117443841327,418.25,292.6,0.3562491039629574,1,2,2,-1,2,1,0.3333333333333333,2.3333333333333335
2020-12-29,2020,Barcelona,Eibar,D,1,1.28,5.75,9.5,1739.685848362324,1495.3754775484656,244.3103708138583,813.5,83.4,2.2670070264401883,9,7,10,11,2,-1,2.3333333333333335,0.3333333333333333
2020-12-29,2020,Cadiz,Valladolid,D,1,2.87,2.9,2.75,1510.926160198083,1483.1165266848957,27.809633513187237,47.65,87.78,-0.6015095907738748,0,0,0,0,-2,-1,1.5,1.5
2020-12-29,2020,Levante,Betis,H,2,2.4,3.4,2.9,1536.975497169427,1503.8784314105676,33.097065758859344,113.0,207.7,-0.604699365688659,-3,-4,-2,-4,1,0,2.0,1.0
2020-12-30,2020,Granada,Valencia,H,2,2.2,3.3,3.4,1549.262870346895,1538.299228656237,10.96364169065805,56.58,278.85,-1.5810784601533392,-6,-6,-6,-6,0,-2,0.3333333333333333,2.3333333333333335
2020-12-30,2020,Ath Madrid,Getafe,H,2,1.44,4.2,8.5,1778.162130133865,1539.7537594447058,238.40837068915926,720.15,170.1,1.4385989791313714,-3,-2,-3,-5,3,-1,3.0,0.0
2020-12-30,2020,Elche,Real Madrid,D,1,10.0,6.5,1.25,1477.3140471268837,1790.3802608800759,-313.0662137531922,45.65,787.3,-2.82720580077251,-11,-12,-10,-10,-2,5,0.0,3.0
2020-12-30,2020,Celta,Huesca,H,2,1.75,3.75,4.6,1537.9525265663437,1473.436416303751,64.51611026259275,155.85,64.1,0.8793653854221635,2,2,1,5,4,-1,2.0,0.5
2020-12-31,2020,Ath Bilbao,Sociedad,A,0,3.0,3.2,2.5,1537.9288265106668,1594.5546306707777,-56.625804160110874,10.0,406.6,-3.6123910285501992,0,-1,2,-2,-1,-3,1.0,2.0
2020-12-31,2020,Osasuna,Alaves,D,1,2.35,3.25,3.1,1476.2819615675048,1490.7081456987557,-14.42618413125092,62.78,106.75,-0.5243740674019461,0,0,0,0,-4,0,3.0,0.0
2021-01-02,2020,Villarreal,Levante,H,2,1.65,3.8,5.5,1635.2221301889558,1546.4947540422281,88.72737614672769,292.6,113.0,0.9460198483458653,2,2,2,3,0,2,2.0,1.0
2021-01-02,2020,Betis,Sevilla,D,1,3.9,3.5,1.95,1494.3591745377664,1683.5454904543715,-189.18631591660505,207.7,418.25,-0.6975695866201637,0,0,-2,2,0,2,0.0,3.0
2021-01-02,2020,Getafe,Valladolid,A,0,1.95,3.1,4.5,1536.010726628908,1488.3983784316697,47.61234819723836,170.1,87.78,0.6560867814922586,3,2,3,5,-2,-1,1.6666666666666667,0.6666666666666666
2021-01-02,2020,Real Madrid,Celta,H,2,1.44,4.75,6.5,1782.1840581103136,1546.3369965363825,235.84706157393111,787.3,155.85,1.6145887934291752,9,10,9,5,4,4,2.3333333333333335,0.3333333333333333
2021-01-03,2020,Eibar,Granada,H,2,2.37,3.0,3.3,1506.7423349542573,1559.6286903590344,-52.88635540477708,83.4,56.58,0.38239211641788184,2,3,0,2,-2,2,3.0,0.0
2021-01-03,2020,Alaves,Ath Madrid,A,0,7.0,3.75,1.53,1494.329725258532,1781.9051629496628,-287.5754376911307,106.75,720.15,-1.9010334310456614,0,0,0,0,-1,3,0.3333333333333333,2.3333333333333335
2021-01-03,2020,Huesca,Barcelona,A,0,6.5,4.75,1.44,1465.0519463337123,1728.3189909565322,-263.26704462281987,64.1,813.5,-2.526649878827576,-11,-10,-10,-13,-1,3,0.5,2.0
2021-01-03,2020,Sociedad,Osasuna,D,1,1.53,4.0,6.5,1611.4175771027935,1472.6603820077285,138.75719509506507,406.6,62.78,1.8548466397666585,4,5,2,6,-2,-3,2.3333333333333335,0.3333333333333333
2021-01-03,2020,Ath Bilbao,Elche,H,2,1.5,3.8,8.0,1521.065880078651,1485.510249896646,35.55563018200496,10.0,45.65,-1.444777654494982,4,4,4,4,-1,-2,1.3333333333333333,1.3333333333333333
2021-01-04,2020,Valencia,Cadiz,D,1,2.0,3.4,3.75,1527.9334086440974,1505.644308451309,22.28910019278851,278.85,47.65,1.7496019367053548,6,6,6,6,-2,-2,1.5,1.5
2021-01-06,2020,Ath Bilbao,Barcelona,A,0,4.2,3.6,1.83,1530.4934017298106,1736.7469668591204,-206.2535651293099,10.0,813.5,-4.304679155243729,-7,-6,-6,-9,0,3,1.3333333333333333,1.3333333333333333
2021-01-08,2020,Celta,Villarreal,A,0,3.4,3.3,2.2,1542.5453939437466,1642.7910218978066,-100.24562795405996,155.85,292.6,-0.6269283621036736,-2,-2,-2,0,2,1,2.0,1.0
2021-01-09,2020,Osasuna,Real Madrid,D,1,6.5,4.75,1.45,1481.603070290388,1785.9756607029494,-304.3725904125615,62.78,787.3,-2.514439066483951,-11,-12,-10,-10,-2,4,0.0,3.0
2021-01-09,2020,Granada,Barcelona,A,0,6.5,5.25,1.4,1546.6503732061142,1747.297490271092,-200.64711706497792,56.58,813.5,-2.64939914285807,-11,-10,-10,-13,1,3,1.0,2.0
2021-01-09,2020,Sevilla,Sociedad,H,2,2.2,3.1,3.6,1679.7774113390642,1602.474888820134,77.30252251893012,418.25,406.6,0.02818109935474844,1,1,3,-2,3,-2,2.3333333333333335,0.3333333333333333
2021-01-10,2020,Valladolid,Valencia,A,0,2.37,3.25,3.1,1509.4136618666664,1522.8615023919153,-13.447840525248921,87.78,278.85,-1.14809234593148,-6,-6,-6,-6,1,-2,0.3333333333333333,2.3333333333333335
2021-01-10,2020,Cadiz,Alaves,H,2,2.7,2.9,3.0,1510.716214703491,1486.723244695802,23.99297000768911,47.65,106.75,-0.7951619203518434,0,0,0,0,-3,-2,1.5,1.5
2021-01-10,2020,Levante,Eibar,H,2,2.25,3.4,3.2,1538.9258623333774,1519.7206521071776,19.205210226199824,113.0,83.4,0.3006310467925841,0,-1,1,0,0,-1,0.6666666666666666,1.6666666666666667
2021-01-11,2020,Elche,Getafe,A,0,4.33,2.9,2.1,1476.0827282454864,1514.9954431939113,-38.91271494842499,45.65,170.1,-1.2995752536047949,-3,-2,-3,-5,-3,-2,1.3333333333333333,1.3333333333333333
2021-01-11,2020,Huesca,Betis,A,0,2.8,3.3,2.55,1456.623970431124,1498.1272536530737,-41.50328322194969,64.1,207.7,-1.1649732648686308,-5,-6,-3,-6,-2,-1,1.5,1.5
2021-01-12,2020,Granada,Osasuna,H,2,2.3,3.1,3.4,1535.8780556376082,1489.532408749076,46.3456468885322,56.58,62.78,-0.10226437639788166,0,0,0,0,-1,-1,2.0,1.0
2021-01-12,2020,Ath Madrid,Sevilla,H,2,1.9,3.2,4.5,1789.511643512393,1687.724521077609,101.7871224347839,720.15,418.25,0.5423797593262005,-5,-6,-5,-4,3,3,1.0,1.0
2021-01-19,2020,Alaves,Sevilla,A,0,5.5,3.6,1.66,1476.8601942088603,1680.573112066719,-203.71291785785866,106.75,418.25,-1.3586536717194608,-5,-6,-5,-4,-2,2,0.3333333333333333,2.3333333333333335
2021-01-19,2020,Cadiz,Levante,D,1,2.9,3.1,2.55,1520.5792651904326,1548.9722280318551,-28.39296284142256,47.65,113.0,-0.8515466397624816,-2,-2,-1,-2,-1,2,1.5,1.5
2021-01-19,2020,Valladolid,Elche,D,1,1.83,3.4,4.6,1490.752333139278,1458.4722231220148,32.28011001726327,87.78,45.65,0.6434884721125362,0,0,0,0,-1,-3,1.0,1.0
2021-01-20,2020,Villarreal,Granada,D,1,1.5,4.0,7.0,1657.7804172883464,1544.9087323906024,112.87168489774399,292.6,56.58,1.6290430115563312,4,4,3,5,2,-1,2.3333333333333335,0.3333333333333333
2021-01-20,2020,Betis,Celta,H,2,2.1,3.5,3.4,1515.629163543031,1527.5559985532068,-11.926835010175864,207.7,155.85,0.28560787944646737,3,4,2,1,0,0,2.3333333333333335,0.3333333333333333
2021-01-20,2020,Getafe,Huesca,H,2,1.9,3.25,4.5,1532.6059483173829,1439.1220605411668,93.48388777621608,170.1,64.1,0.9663236316836237,3,2,3,5,0,-4,2.0,0.5
2021-01-21,2020,Valencia,Osasuna,D,1,2.05,3.5,3.5,1541.5228311193036,1480.5017319960818,61.0210991232218,278.85,62.78,1.4788140837554575,6,6,6,6,-1,-1,2.0,1.0
2021-01-21,2020,Eibar,Ath Madrid,A,0,6.5,3.4,1.66,1509.6742864086998,1796.663052523283,-286.9887661145833,83.4,720.15,-2.1452797584276073,2,3,0,2,-2,5,1.0,2.0
2021-01-22,2020,Levante,Valladolid,D,1,1.95,3.4,4.0,1552.0207097360953,1485.302178232788,66.7185315033073,113.0,87.78,0.2500370489886068,2,2,1,2,1,-1,1.6666666666666667,0.6666666666666666
2021-01-23,2020,Alaves,Real Madrid,A,0,5.5,4.33,1.55,1466.2094181028256,1778.0463222442613,-311.83690414143575,106.75,787.3,-1.990064999082005,-11,-12,-10,-10,-2,3,1.0,2.0
2021-01-23,2020,Sociedad,Betis,D,1,1.8,3.75,4.33,1594.5277790815892,1526.9061464363488,67.62163264524042,406.6,207.7,0.6693884872654152,-1,-1,-1,0,-2,2,2.0,1.0
2021-01-23,2020,Sevilla,Cadiz,H,2,1.45,4.2,8.0,1691.2238881727537,1517.5307834861924,173.69310468656136,418.25,47.65,2.1538155920713042,5,6,5,4,2,0,3.0,0.0
2021-01-23,2020,Huesca,Villarreal,D,1,4.33,3.75,1.8,1431.7070705658025,1649.5901072897193,-217.8830367239168,64.1,292.6,-1.5062937475258371,-4,-4,-3,-5,-4,1,1.0,1.0
2021-01-24,2020,Ath Madrid,Valencia,H,2,1.4,4.75,8.0,1804.2887240506716,1535.0293800608574,269.25934398981417,720.15,278.85,0.94659341469215,-6,-6,-6,-6,5,-1,1.6666666666666667,0.6666666666666666
2021-01-24,2020,Celta,Eibar,D,1,2.05,3.4,3.75,1516.279015659889,1502.0486148813113,14.230400778577632,155.85,83.4,0.6197225330347758,0,-1,1,3,-2,-2,0.6666666666666666,1.6666666666666667
2021-01-24,2020,Elche,Barcelona,A,0,8.0,5.25,1.36,1463.922378028505,1758.069807839598,-294.14742981109316,45.65,813.5,-2.859901500748747,-11,-10,-10,-13,-2,4,0.3333333333333333,2.3333333333333335
2021-01-24,2020,Osasuna,Granada,H,2,2.5,3.1,3.0,1486.995183054528,1553.0990423892295,-66.10385933470138,62.78,56.58,0.10226437639788166,0,0,0,0,-1,0,0.0,3.0
2021-01-25,2020,Ath Bilbao,Getafe,H,2,2.3,3.0,3.6,1519.942878317839,1540.0209382927471,-20.07805997490823,10.0,170.1,-2.744352908099777,1,2,1,-1,0,0,0.6666666666666666,1.6666666666666667
2021-01-29,2020,Valladolid,Huesca,A,0,2.2,3.1,3.6,1491.9940844621726,1436.6097837500165,55.38430071215612,87.78,64.1,0.31023685019136504,0,0,0,0,0,-4,1.3333333333333333,1.3333333333333333
2021-01-30,2020,Eibar,Sevilla,A,0,4.0,3.25,2.0,1506.8099973225185,1696.366882543372,-189.55688522085347,83.4,418.25,-1.6028999991014068,-3,-3,-5,-2,-1,2,2.0,1.0
2021-01-30,2020,Real Madrid,Levante,A,0,1.33,5.5,8.0,1784.8874189405326,1545.3288035067108,239.55861543382184,787.3,113.0,1.9336802796713668,9,10,9,8,3,1,2.0,1.0
2021-01-30,2020,Valencia,Elche,H,2,1.66,3.75,5.5,1531.8304564026403,1456.5286897401545,75.30176666248576,278.85,45.65,1.7915808180440163,6,6,6,6,-1,-3,2.0,1.0
2021-01-30,2020,Villarreal,Sociedad,D,1,2.4,3.2,3.1,1644.6873941055053,1587.804679242457,56.88271486304825,292.6,406.6,-0.32806800460820895,0,-1,1,-1,1,-1,1.3333333333333333,1.3333333333333333
2021-01-31,2020,Granada,Celta,D,1,2.7,3.3,2.62,1539.557831036006,1511.5176332186818,28.04019781732427,56.58,155.85,-1.0021146494526576,-2,-2,-1,-5,-2,-2,1.3333333333333333,1.3333333333333333
2021-01-31,2020,Barcelona,Ath Bilbao,H,2,1.36,5.25,7.5,1765.4634961279485,1531.551971446443,233.9115246815054,813.5,10.0,4.304679155243729,7,6,6,9,4,0,2.0,1.0
2021-01-31,2020,Getafe,Alaves,D,1,1.9,3.2,4.5,1528.411845164143,1459.3683214065543,69.04352375758867,170.1,106.75,0.46243445191429,3,2,3,5,-1,-4,1.0,1.0
2021-01-31,2020,Cadiz,Ath Madrid,A,0,9.0,4.0,1.44,1512.3877891155742,1807.4876477088887,-295.0998585933146,47.65,720.15,-2.6961953513975048,0,0,0,0,0,5,0.0,3.0
2021-02-01,2020,Betis,Osasuna,H,2,1.8,3.6,4.33,1533.629246275481,1500.5363944077515,33.09285186772945,207.7,62.78,1.1854581525012433,5,6,3,6,1,0,2.3333333333333335,0.3333333333333333
2021-02-05,2020,Alaves,Valladolid,H,2,2.6,3.0,3.0,1466.140386947139,1470.6997690845353,-4.559382137396369,106.75,87.78,0.19365232957796863,0,0,0,0,-4,-1,2.0,1.0
2021-02-06,2020,Levante,Granada,D,1,2.2,3.3,3.4,1571.6074085171858,1534.2672613045481,37.3401472126377,113.0,56.58,0.683023163210466,2,2,1,2,1,-1,1.6666666666666667,0.6666666666666666
2021-02-06,2020,Huesca,Real Madrid,A,0,7.0,4.5,1.44,1457.9040991276538,1758.6088139300575,-300.7047148024037,64.1,787.3,-2.4939541788513386,-11,-12,-10,-10,-2,1,0.0,3.0
2021-02-06,2020,Elche,Villarreal,D,1,6.5,3.8,1.53,1448.5141153979923,1638.3398746420405,-189.8257592440482,45.65,292.6,-1.8395453694470083,-4,-4,-3,-5,-4,2,0.6666666666666666,1.6666666666666667
2021-02-06,2020,Sevilla,Getafe,H,2,1.72,3.6,4.75,1707.5838182731934,1521.6397796235583,185.9440386496351,418.25,170.1,0.8962192198051708,2,4,2,-1,3,0,3.0,0.0
2021-02-07,2020,Sociedad,Cadiz,H,2,1.45,4.2,8.0,1594.1521987059218,1505.024604591043,89.12759411487878,406.6,47.65,2.125634492716556,4,5,2,6,0,-1,3.0,0.0
2021-02-07,2020,Ath Bilbao,Valencia,D,1,2.15,3.2,3.6,1527.7233087790844,1539.8450307448024,-12.121721965718052,10.0,278.85,-3.236358472538998,-2,-2,-2,-2,-1,1,1.3333333333333333,1.3333333333333333
2021-02-07,2020,Osasuna,Eibar,H,2,2.55,3.0,3.0,1491.016979894221,1495.593061592697,-4.576081698475946,62.78,83.4,-0.2801277400200002,-2,-3,0,-2,-1,-2,1.6666666666666667,0.6666666666666666
2021-02-07,2020,Betis,Barcelona,A,0,5.75,4.6,1.5,1543.1486607890113,1769.2921587953072,-226.14349800629589,207.7,813.5,-1.3616766139589451,-6,-4,-7,-7,3,5,0.0,3.0
2021-02-08,2020,Ath Madrid,Celta,D,1,1.6,3.6,6.5,1814.8508322334199,1516.8082029501397,298.0426292832801,720.15,155.85,1.5255572253928316,-2,-2,-1,-5,5,-3,1.6666666666666667,0.6666666666666666
2021-02-09,2020,Real Madrid,Getafe,H,2,1.53,4.0,6.5,1765.7942154676693,1516.7903773261346,249.00383814153474,787.3,170.1,1.527630547167715,8,10,7,5,2,0,2.3333333333333335,0.3333333333333333
2021-02-12,2020,Celta,Elche,H,2,1.45,4.2,8.0,1529.0528651265563,1452.3080474052208,76.7448177213355,155.85,45.65,1.2126170073433347,2,2,1,5,-2,-3,1.6666666666666667,0.6666666666666666
2021-02-13,2020,Barcelona,Alaves,H,2,1.28,6.0,9.0,1779.073426981372,1477.1204931850662,301.95293379630584,813.5,106.75,2.0227606990582423,11,10,10,13,5,-2,2.3333333333333335,0.3333333333333333
2021-02-13,2020,Granada,Ath Madrid,A,0,5.0,3.3,1.8,1539.9060234823592,1802.6061700570033,-262.7001465746441,56.58,720.15,-2.527671874845489,0,0,0,0,0,4,0.3333333333333333,2.3333333333333335
2021-02-13,2020,Sevilla,Huesca,H,2,1.5,3.9,7.5,1712.433220570617,1450.718697590042,261.7145229805751,418.25,64.1,1.8625428514887945,5,6,5,4,3,-2,2.0,1.0
2021-02-13,2020,Eibar,Valladolid,D,1,1.95,3.3,4.2,1484.6122861489303,1459.7196628466081,24.892623302322136,83.4,87.78,-0.05059399780397733,2,3,0,2,-4,-3,2.0,1.0
2021-02-14,2020,Getafe,Sociedad,A,0,3.75,3.25,2.1,1513.2426272217765,1601.7080597644922,-88.46543254271569,170.1,406.6,-0.8680381204504224,-1,-3,1,-1,-2,0,2.0,1.0
2021-02-14,2020,Villarreal,Betis,A,0,1.9,3.4,4.2,1634.545942634812,1533.3673926029464,101.1785500318656,292.6,207.7,0.34132048265720627,-1,-2,0,-1,1,2,2.3333333333333335,0.3333333333333333
2021-02-14,2020,Levante,Osasuna,A,0,2.25,3.2,3.4,1565.9686463393748,1501.9977553379879,63.97089100138692,113.0,62.78,0.5807587868125843,2,2,1,2,2,0,1.3333333333333333,1.3333333333333333
2021-02-14,2020,Real Madrid,Valencia,H,2,1.4,4.75,8.0,1769.3419655720274,1543.5601511377927,225.78181443423478,787.3,278.85,1.0356249827284936,5,6,4,4,2,1,1.3333333333333333,1.3333333333333333
2021-02-15,2020,Cadiz,Ath Bilbao,A,0,4.0,3.1,2.05,1497.4687435324727,1524.0081883860942,-26.53944485362149,47.65,10.0,1.4867565358336434,-4,-4,-4,-4,-2,0,3.0,0.0
2021-02-17,2020,Levante,Ath Madrid,D,1,4.75,3.4,1.8,1544.3720898097336,1811.053936779369,-266.68184696963544,113.0,720.15,-1.8446487116350232,2,2,1,2,0,4,0.3333333333333333,2.3333333333333335
2021-02-19,2020,Betis,Getafe,H,2,2.05,3.1,4.1,1556.1968852568264,1497.7448227912278,58.4520624655986,207.7,170.1,0.19864963318500717,2,4,0,1,2,-4,0.3333333333333333,2.3333333333333335
2021-02-20,2020,Valencia,Celta,H,2,2.45,3.2,3.0,1539.5724372872417,1537.0187438630096,2.5536934242320513,278.85,155.85,0.5789638107006816,4,4,5,1,-1,0,1.0,2.0
2021-02-20,2020,Valladolid,Real Madrid,A,0,5.5,4.2,1.57,1464.8908677273055,1773.3296794225785,-308.438811695273,87.78,787.3,-2.1837173286599736,-11,-12,-10,-10,-2,3,0.3333333333333333,2.3333333333333335
2021-02-20,2020,Elche,Eibar,H,2,3.6,3.25,2.15,1444.3421686687675,1479.441081268233,-35.09891259946539,45.65,83.4,-0.5928944743085589,-2,-3,0,-2,-3,-3,2.0,1.0
2021-02-20,2020,Ath Madrid,Levante,A,0,1.53,4.0,7.0,1804.3632991859217,1551.0627274031808,253.30057178274092,720.15,113.0,1.8446487116350232,-2,-2,-1,-2,3,0,2.3333333333333335,0.3333333333333333
2021-02-21,2020,Barcelona,Cadiz,D,1,1.16,8.0,13.0,1781.7729548951293,1479.3436280437281,302.42932685140113,813.5,47.65,2.8179226194100857,11,10,10,13,5,-4,0.0,3.0
2021-02-21,2020,Sociedad,Alaves,H,2,1.66,3.75,5.5,1617.205864195041,1474.420965271309,142.78489892373204,406.6,106.75,1.3304725723647124,4,5,2,6,1,-2,1.3333333333333333,1.3333333333333333
2021-02-21,2020,Huesca,Granada,H,2,2.15,3.3,3.5,1447.3935173832072,1531.4582567599934,-84.06473937678629,64.1,56.58,0.12274926403049413,0,0,0,0,-2,-2,1.0,1.0
2021-02-21,2020,Ath Bilbao,Villarreal,D,1,2.45,3.2,3.0,1542.1333038748387,1611.716449980932,-69.58314610609341,10.0,292.6,-3.2843230239419903,0,0,1,-1,0,-1,1.6666666666666667,0.6666666666666666
2021-02-22,2020,Osasuna,Sevilla,A,0,4.0,3.3,2.0,1523.5943118676291,1715.758400777452,-192.1640889098228,62.78,418.25,-1.883027739121407,-5,-6,-5,-4,2,5,0.3333333333333333,2.3333333333333335
2021-02-24,2020,Barcelona,Elche,H,2,1.12,9.0,19.0,1769.4657535145477,1456.5723063207238,312.89344719382393,813.5,45.65,2.859901500748747,11,10,10,13,4,-2,3.0,0.0
2021-02-26,2020,Levante,Ath Bilbao,D,1,3.3,3.25,2.25,1577.5916225430951,1540.8234474573205,36.7681750857746,113.0,10.0,2.338303175596125,-2,-2,-3,-2,1,1,0.0,3.0
2021-02-27,2020,Getafe,Valencia,H,2,2.5,3.0,3.1,1489.147857129211,1550.269097840965,-61.121240711754126,170.1,278.85,-0.4920055644392214,-3,-4,-3,-1,-4,0,1.6666666666666667,0.6666666666666666
2021-02-27,2020,Sevilla,Barcelona,A,0,3.2,3.5,2.2,1726.8701352849193,1772.0145103248362,-45.144375039916895,418.25,813.5,-0.6641070273387815,-6,-4,-5,-9,5,4,0.6666666666666666,1.6666666666666667
2021-02-27,2020,Eibar,Huesca,D,1,2.15,3.3,3.5,1467.2109436162766,1461.7060188925366,5.504924723740032,83.4,64.1,0.2596428523873877,2,3,0,2,-3,0,0.3333333333333333,2.3333333333333335
2021-02-27,2020,Alaves,Osasuna,A,0,2.62,2.9,3.0,1468.4749635757564,1512.4825773601617,-44.007613784405294,106.75,62.78,0.5243740674019461,0,0,0,0,-2,1,0.3333333333333333,2.3333333333333335
2021-02-28,2020,Celta,Valladolid,D,1,1.75,3.75,4.5,1526.3220833092862,1457.9459187621917,68.3761645470945,155.85,87.78,0.5691285352307984,2,2,1,5,0,-3,1.0,1.0
2021-02-28,2020,Cadiz,Betis,A,0,3.8,3.3,2.05,1491.6508294243097,1564.7938509188432,-73.14302149453351,47.65,207.7,-1.4562460054511406,-5,-6,-3,-6,-4,2,0.0,3.0
2021-02-28,2020,Granada,Elche,H,2,2.1,3.1,4.0,1517.145755250664,1454.0235495104353,63.122205740228765,56.58,45.65,0.21050235789067706,0,0,0,0,-3,-2,2.3333333333333335,0.3333333333333333
2021-02-28,2020,Villarreal,Ath Madrid,A,0,3.2,3.1,2.45,1613.0263063984503,1777.8344040460074,-164.80809764755713,292.6,720.15,-0.8986288632891579,4,4,3,5,-1,1,0.6666666666666666,1.6666666666666667
2021-03-01,2020,Real Madrid,Sociedad,D,1,1.83,4.0,4.0,1780.2746283876922,1623.1518658905934,157.12276249709885,787.3,406.6,0.6595924267172926,7,7,8,4,3,3,2.3333333333333335,0.3333333333333333
2021-03-05,2020,Valencia,Villarreal,H,2,4.0,3.4,1.95,1536.940657495397,1600.792290759041,-63.85163326364386,278.85,292.6,-0.04796455140299205,2,2,3,1,0,-2,1.0,2.0
2021-03-06,2020,Osasuna,Barcelona,A,0,5.75,4.5,1.5,1529.8792498502708,1789.363332956093,-259.48408310582226,62.78,813.5,-2.5471347664601884,-11,-10,-10,-13,1,4,1.3333333333333333,1.3333333333333333
2021-03-06,2020,Cadiz,Eibar,H,2,3.25,3.2,2.3,1475.4936244516864,1462.7909632665987,12.702661185087663,47.65,83.4,-0.5509155929698974,-2,-3,0,-2,-4,-3,3.0,0.0
2021-03-06,2020,Valladolid,Getafe,H,2,3.0,2.8,2.7,1464.6950248885512,1502.476297474779,-37.781272586227715,87.78,170.1,-0.6560867814922586,-3,-2,-3,-5,-3,-3,1.3333333333333333,1.3333333333333333
2021-03-06,2020,Elche,Sevilla,H,2,6.5,3.6,1.6,1445.5905198655073,1709.5213126536626,-263.93079278815526,45.65,418.25,-2.1957944734099657,-5,-6,-5,-4,-2,3,0.0,3.0
2021-03-07,2020,Sociedad,Levante,H,2,1.44,4.33,7.5,1632.589576175592,1571.9740778887854,60.61549828680654,406.6,113.0,1.2740878529540742,2,3,1,4,3,0,0.3333333333333333,2.3333333333333335
2021-03-07,2020,Huesca,Celta,A,0,3.0,3.3,2.4,1466.1259992422144,1519.5729771829267,-53.44697794071226,64.1,155.85,-0.8793653854221635,-2,-2,-1,-5,0,0,0.3333333333333333,2.3333333333333335
2021-03-07,2020,Ath Madrid,Real Madrid,D,1,2.55,3.25,2.8,1790.0684196854168,1770.8369181026937,19.231501582723013,720.15,787.3,-0.0890315680363436,-11,-12,-10,-10,1,4,0.3333333333333333,2.3333333333333335
2021-03-07,2020,Ath Bilbao,Granada,H,2,1.57,4.0,5.75,1546.4409921116303,1525.578784895592,20.862207216038314,10.0,56.58,-1.655280012385659,4,4,4,4,0,-1,1.0,2.0
2021-03-08,2020,Betis,Alaves,H,2,1.72,3.8,4.75,1580.9510558914665,1451.0782910856474,129.8727648058191,207.7,106.75,0.6610840850992972,5,6,3,6,3,-2,1.3333333333333333,1.3333333333333333
2021-03-10,2020,Ath Madrid,Ath Bilbao,H,2,1.8,3.3,5.25,1785.1137741128446,1556.4237221738229,228.6900519390217,720.15,10.0,4.182951887231148,-4,-4,-4,-4,1,2,1.3333333333333333,1.3333333333333333
2021-03-12,2020,Levante,Valencia,H,2,2.25,3.4,3.2,1563.4532921539346,1550.3856141313988,13.067678022535802,113.0,278.85,-0.8980552969428732,-4,-4,-5,-4,-1,0,0.3333333333333333,2.3333333333333335
2021-03-13,2020,Alaves,Cadiz,D,1,2.15,3.1,3.8,1444.7699684413462,1485.7916365091462,-41.021668067799965,106.75,47.65,0.7951619203518434,0,0,0,0,-3,-2,0.0,3.0
2021-03-13,2020,Real Madrid,Elche,H,2,1.18,7.0,15.0,1775.791563675266,1467.185679951876,308.60588372339,787.3,45.65,2.82720580077251,11,12,10,10,3,-1,2.3333333333333335,0.3333333333333333
2021-03-13,2020,Getafe,Ath Madrid,D,1,4.75,3.1,1.9,1490.1341443899464,1789.0439577417728,-298.9098133518264,170.1,720.15,-1.4385989791313714,3,2,3,5,-3,1,0.0,3.0
2021-03-13,2020,Osasuna,Valladolid,D,1,2.2,3.1,3.6,1521.3186750020225,1477.0371779733837,44.281497028638796,62.78,87.78,-0.3307217378239775,0,0,0,0,1,-1,0.6666666666666666,1.6666666666666667
2021-03-14,2020,Celta,Ath Bilbao,D,1,2.7,3.2,2.7,1536.570890535014,1552.4935385448946,-15.922648009880504,155.85,10.0,2.6573946618383166,-2,-2,-3,1,1,1,2.3333333333333335,0.3333333333333333
2021-03-14,2020,Granada,Sociedad,H,2,5.5,4.2,1.57,1515.5960548333994,1641.1103619104426,-125.51430707704321,56.58,406.6,-1.9571110161645402,-4,-5,-2,-6,-2,4,1.0,2.0
2021-03-14,2020,Eibar,Villarreal,A,0,2.9,3.4,2.4,1452.492951209139,1587.3473341230392,-134.85438291390028,83.4,292.6,-1.2466508951384494,-2,-1,-3,-3,-3,-3,1.0,2.0
2021-03-14,2020,Sevilla,Betis,H,2,2.0,3.4,3.75,1687.926152567294,1587.2593785357676,100.6667740315263,418.25,207.7,0.6975695866201637,0,0,2,-2,1,3,2.3333333333333335,0.3333333333333333
2021-03-15,2020,Barcelona,Huesca,H,2,1.18,7.5,13.0,1797.9239078043413,1449.128085890127,348.79582191421423,813.5,64.1,2.526649878827576,11,10,10,13,4,-2,2.3333333333333335,0.3333333333333333
2021-03-17,2020,Sevilla,Elche,H,2,1.4,4.5,8.0,1695.1127476234522,1464.5787684332802,230.53397919017198,418.25,45.65,2.1957944734099657,5,6,5,4,1,-1,2.0,1.0
2021-03-19,2020,Betis,Levante,H,2,1.72,3.8,4.5,1580.0727834796094,1573.737098348331,6.3356851312782965,207.7,113.0,0.604699365688659,3,4,2,4,3,1,1.0,2.0
2021-03-20,2020,Ath Bilbao,Eibar,D,1,1.75,3.6,4.75,1556.0542137491502,1438.9927081205187,117.0615056286315,10.0,83.4,-2.037672128803541,2,1,4,2,0,-3,1.6666666666666667,0.6666666666666666
2021-03-20,2020,Celta,Real Madrid,A,0,4.33,4.0,1.72,1533.0102153307585,1778.3984751938617,-245.38825986310326,155.85,787.3,-1.6145887934291752,-9,-10,-9,-5,1,3,0.3333333333333333,2.3333333333333335
2021-03-20,2020,Valladolid,Sevilla,D,1,4.33,3.5,1.83,1482.9313210560092,1699.0068212675535,-216.0755002115443,87.78,418.25,-1.5523060012974295,-5,-6,-5,-4,0,1,0.6666666666666666,1.6666666666666667
2021-03-20,2020,Huesca,Osasuna,D,1,2.45,3.2,3.0,1447.0218023802802,1515.424531919397,-68.40272953911676,64.1,62.78,0.02048488763261247,0,0,0,0,-2,0,1.0,1.0
2021-03-21,2020,Getafe,Elche,D,1,1.83,3.25,4.75,1497.8921312438363,1460.6846947891788,37.207436454657454,170.1,45.65,1.2995752536047949,3,2,3,5,-2,-3,2.3333333333333335,0.3333333333333333
2021-03-21,2020,Valencia,Granada,H,2,2.0,3.5,3.75,1540.1018079370024,1531.6956201277092,8.406187809293215,278.85,56.58,1.5810784601533392,6,6,6,6,-1,-1,1.3333333333333333,1.3333333333333333
2021-03-21,2020,Villarreal,Cadiz,H,2,1.44,4.2,7.5,1600.8475772116594,1488.3137562449897,112.53382096666974,292.6,47.65,1.7975664881083468,4,4,3,5,-2,-1,1.0,1.0
2021-03-21,2020,Ath Madrid,Alaves,H,2,1.36,4.5,10.0,1781.285970887883,1442.2478487055027,339.0381221823802,720.15,106.75,1.9010334310456614,0,0,0,0,1,-4,2.3333333333333335,0.3333333333333333
2021-03-21,2020,Sociedad,Barcelona,A,0,3.6,3.8,1.95,1625.010796616133,1800.0301913141882,-175.0193946980553,406.6,813.5,-0.6922881266935299,-7,-5,-8,-7,2,4,0.3333333333333333,2.3333333333333335
2021-04-02,2020,Levante,Huesca,A,0,2.37,3.3,3.0,1563.1898081534173,1445.6613870902768,117.52842106314051,113.0,64.1,0.5602738991799718,2,2,1,2,0,-1,1.0,1.0
2021-04-03,2020,Real Madrid,Eibar,H,2,1.33,5.5,8.0,1787.4639778268338,1447.3091406214553,340.1548372053785,787.3,83.4,2.234311326463951,9,9,10,8,3,-3,3.0,0.0
2021-04-03,2020,Granada,Villarreal,A,0,3.8,3.3,2.05,1521.2296988450157,1607.667510531957,-86.43781168694136,56.58,292.6,-1.6290430115563312,-4,-4,-3,-5,-1,0,0.6666666666666666,1.6666666666666667
2021-04-03,2020,Osasuna,Getafe,D,1,2.55,2.8,3.2,1516.7849472094003,1492.258289686182,24.52665752321832,62.78,170.1,-0.9868085193162361,-3,-2,-3,-5,-1,-1,0.6666666666666666,1.6666666666666667
2021-04-04,2020,Alaves,Celta,A,0,3.0,3.2,2.5,1440.0288711006547,1523.9447126977864,-83.9158415971317,106.75,155.85,-0.3754762056528298,-2,-2,-1,-5,-4,-1,1.0,2.0
2021-04-04,2020,Elche,Betis,D,1,4.33,3.75,1.8,1466.318536346833,1590.6200736745232,-124.30153732769008,45.65,207.7,-1.498224886789802,-5,-6,-3,-6,-2,3,1.3333333333333333,1.3333333333333333
2021-04-04,2020,Cadiz,Valencia,H,2,3.1,3.1,2.45,1481.493822924692,1550.5677292196958,-69.07390629500378,47.65,278.85,-1.7496019367053548,-6,-6,-6,-6,-1,1,1.0,1.0
2021-04-04,2020,Sevilla,Ath Madrid,H,2,2.9,3.0,2.7,1694.1739270936628,1783.504948492731,-89.33102139906828,418.25,720.15,-0.5423797593262005,5,6,5,4,0,3,0.6666666666666666,1.6666666666666667
2021-04-05,2020,Barcelona,Valladolid,H,2,1.12,9.0,19.0,1811.8407571115874,1487.7642152299,324.0765418816875,813.5,87.78,2.216413028636211,11,10,10,13,5,0,3.0,0.0
2021-04-07,2020,Sociedad,Ath Bilbao,D,1,2.1,3.3,3.6,1613.2002308187339,1547.7377812482137,65.46244957052022,406.6,10.0,3.6123910285501992,0,1,-2,2,0,0,2.0,1.0
2021-04-09,2020,Huesca,Elche,H,2,2.0,3.2,4.1,1468.9917710424027,1467.3660103998277,1.62576064257496,64.1,45.65,0.3332516219211712,0,0,0,0,-1,-1,1.0,1.0
2021-04-10,2020,Real Madrid,Barcelona,H,2,2.8,3.8,2.3,1789.6697823106322,1814.2433334008847,-24.573551090252522,787.3,813.5,-0.032695699976237336,0,2,0,-3,3,5,2.3333333333333335,0.3333333333333333
2021-04-10,2020,Eibar,Levante,A,0,2.2,3.5,3.1,1445.103336137657,1539.8594242012914,-94.75608806363448,83.4,113.0,-0.3006310467925841,0,1,-1,0,-3,-2,1.3333333333333333,1.3333333333333333
2021-04-10,2020,Getafe,Cadiz,A,0,1.9,3.1,4.5,1497.415567341054,1495.162151315231,2.253416025822844,170.1,47.65,1.2575963722661334,3,2,3,5,0,0,3.0,0.0
2021-04-10,2020,Ath Bilbao,Alaves,D,1,1.9,3.3,4.4,1554.3861813273809,1424.3349578065986,130.0512235207823,10.0,106.75,-2.281918456185487,4,4,4,4,0,-4,1.0,2.0
2021-04-11,2020,Valladolid,Granada,A,0,2.05,3.4,3.6,1485.3616389406027,1505.6444693237906,-20.282830383187957,87.78,56.58,0.4329861142218592,0,0,0,0,0,-1,1.3333333333333333,1.3333333333333333
2021-04-11,2020,Villarreal,Osasuna,A,0,1.61,3.6,6.0,1623.2527400531822,1511.6276695545284,111.62507049865371,292.6,62.78,1.5267786351584496,4,4,3,5,1,0,2.0,1.0
2021-04-11,2020,Valencia,Sociedad,D,1,3.5,3.3,2.1,1536.8994008291568,1606.5518307395666,-69.65242991040986,278.85,406.6,-0.376032556011201,2,1,4,0,-1,-1,1.3333333333333333,1.3333333333333333
2021-04-11,2020,Betis,Ath Madrid,D,1,3.25,3.2,2.3,1589.5725996215285,1768.9654205977881,-179.3928209762596,207.7,720.15,-1.2399493459463642,5,6,3,6,2,1,0.0,3.0
2021-04-12,2020,Celta,Sevilla,A,0,3.5,3.3,2.15,1539.6386259918424,1708.7134549886057,-169.07482899676324,155.85,418.25,-0.983177466066631,-3,-4,-4,1,1,2,1.3333333333333333,1.3333333333333333
2021-04-18,2020,Ath Madrid,Eibar,H,2,1.4,4.33,9.0,1765.5961976808187,1429.876955450315,335.7192422305036,720.15,83.4,2.1452797584276073,-2,-3,0,-2,1,-4,2.0,1.0
2021-04-18,2020,Levante,Villarreal,A,0,3.75,3.4,2.05,1555.0858048886332,1600.1002786956503,-45.01447380701711,113.0,292.6,-0.9460198483458653,-2,-2,-2,-3,-1,1,1.0,2.0
2021-04-18,2020,Getafe,Real Madrid,D,1,6.0,3.75,1.61,1478.1241278502744,1801.4635728884223,-323.3394450381479,170.1,787.3,-1.527630547167715,-8,-10,-7,-5,-2,4,0.0,3.0
2021-04-18,2020,Cadiz,Celta,D,1,3.6,3.5,2.05,1514.4535908060107,1527.582145318556,-13.128554512545406,47.65,155.85,-1.1706381260046732,-2,-2,-1,-5,2,0,0.0,3.0
2021-04-18,2020,Sociedad,Sevilla,A,0,2.9,3.25,2.45,1607.8587186925347,1720.769935661892,-112.91121696935738,406.6,418.25,-0.02818109935474844,-1,-1,-3,2,-1,4,0.3333333333333333,2.3333333333333335
2021-04-18,2020,Alaves,Huesca,H,2,2.37,3.1,3.25,1433.0317514226151,1479.7252244506908,-46.69347302807569,106.75,64.1,0.5038891797693337,0,0,0,0,-3,0,2.0,1.0
2021-04-18,2020,Osasuna,Elche,H,2,1.9,3.3,4.33,1534.7801309120603,1456.6325569915396,78.1475739205207,62.78,45.65,0.3127667342885587,0,0,0,0,0,-3,1.6666666666666667,0.6666666666666666
2021-04-18,2020,Betis,Valencia,D,1,1.85,3.6,4.2,1592.941822538498,1535.5925128761887,57.349309662309224,207.7,278.85,-0.2933559312542142,-1,0,-3,0,1,0,2.0,1.0
2021-04-21,2020,Osasuna,Valencia,H,2,2.3,3.25,3.2,1542.6988552483813,1541.9565601524391,0.7422950959421541,62.78,278.85,-1.4788140837554575,-6,-6,-6,-6,2,-1,1.3333333333333333,1.3333333333333333
2021-04-21,2020,Alaves,Villarreal,H,2,4.33,3.6,1.83,1445.7482139889892,1617.4545717790297,-171.70635779004056,106.75,292.6,-1.0024045677565034,-4,-4,-3,-5,-1,3,0.0,3.0
2021-04-21,2020,Levante,Sevilla,A,0,5.0,4.2,1.61,1537.7315118052538,1735.2127700706378,-197.48125826538399,113.0,418.25,-1.3022689523088227,-3,-4,-4,-2,-1,4,0.3333333333333333,2.3333333333333335
2021-04-21,2020,Cadiz,Real Madrid,A,0,9.0,4.75,1.36,1510.7793015852328,1792.9612974673555,-282.1819958821227,47.65,787.3,-2.7852269194338484,-11,-12,-10,-10,1,4,3.0,0.0
2021-04-21,2020,Elche,Valladolid,D,1,2.8,3.0,2.7,1448.7138326552185,1466.9791220486334,-18.265289393414832,45.65,87.78,-0.6434884721125362,0,0,0,0,-3,-1,1.0,1.0
2021-04-21,2020,Betis,Ath Bilbao,D,1,2.37,3.3,3.0,1586.5777752622475,1545.6893877113644,40.88838755088318,207.7,10.0,2.943002541284784,1,2,-1,2,0,-1,1.0,2.0
2021-04-22,2020,Barcelona,Getafe,H,2,1.25,5.75,13.0,1802.4495428230946,1486.6264032713411,315.82313955175346,813.5,170.1,1.5603262471439523,8,8,7,8,3,-1,2.0,1.0
2021-04-22,2020,Sociedad,Celta,H,2,1.9,3.5,4.1,1593.415884283789,1531.256434539334,62.15944974445506,406.6,155.85,0.9549963667118826,2,3,1,1,-3,-1,2.0,1.0
2021-04-22,2020,Granada,Eibar,H,2,2.37,3.1,3.2,1524.02698621576,1427.6183989959018,96.40858721985819,56.58,83.4,-0.38239211641788184,-2,-3,0,-2,-1,-4,0.0,3.0
2021-04-22,2020,Ath Madrid,Huesca,H,2,1.36,4.75,9.0,1767.854754135232,1467.0087618843168,300.8459922509153,720.15,64.1,2.404922610814995,0,0,0,0,1,0,2.3333333333333335,0.3333333333333333
2021-04-24,2020,Real Madrid,Betis,D,1,1.45,4.75,6.5,1800.7454043110488,1580.8079787094368,219.93742560161195,787.3,207.7,1.3289809139827078,6,6,7,4,4,1,1.3333333333333333,1.3333333333333333
2021-04-24,2020,Valencia,Alaves,D,1,2.1,3.25,3.6,1531.1880250383738,1463.8008063614582,67.38721867691561,278.85,106.75,0.9544400163535114,6,6,6,6,-1,0,1.6666666666666667,0.6666666666666666
2021-04-24,2020,Elche,Levante,H,2,2.7,3.2,2.6,1445.2487498797122,1526.8330501751955,-81.58430029548322,45.65,113.0,-0.893525521101143,-2,-2,-1,-2,-2,-3,1.6666666666666667,0.6666666666666666
2021-04-24,2020,Valladolid,Cadiz,D,1,1.9,3.25,4.33,1470.4442048241397,1502.9951947415395,-32.550989917399875,87.78,47.65,0.6015095907738748,0,0,0,0,-2,0,1.0,1.0
2021-04-25,2020,Sevilla,Granada,H,2,1.4,4.75,7.5,1746.1112317006962,1531.3483943482004,214.7628373524958,418.25,56.58,1.9852921155192886,5,6,5,4,4,1,2.0,1.0
2021-04-25,2020,Celta,Osasuna,H,2,2.2,3.3,3.25,1522.7897653956682,1553.4673903624466,-30.677624966778467,155.85,62.78,0.8998502730547759,2,2,1,5,-2,3,0.3333333333333333,2.3333333333333335
2021-04-25,2020,Ath Bilbao,Ath Madrid,H,2,4.0,3.5,1.85,1551.459184264175,1770.5699767042215,-219.11079244004645,10.0,720.15,-4.182951887231148,4,4,4,4,0,2,0.3333333333333333,2.3333333333333335
2021-04-25,2020,Huesca,Getafe,A,0,2.75,2.9,2.8,1464.2935393153273,1484.1167042258412,-19.823164910513924,64.1,170.1,-0.9663236316836237,-3,-2,-3,-5,0,-2,0.3333333333333333,2.3333333333333335
2021-04-25,2020,Villarreal,Barcelona,A,0,4.5,4.2,1.66,1599.4019794065607,1804.9592418685945,-205.5572624620338,292.6,813.5,-1.0203561313017389,-7,-6,-7,-8,1,3,0.0,3.0
2021-04-26,2020,Eibar,Sociedad,A,0,4.0,3.6,1.85,1420.2969908634614,1601.8825534274547,-181.58556256399334,83.4,406.6,-1.5747188997466584,-2,-2,-2,-4,-4,-1,0.3333333333333333,2.3333333333333335
2021-04-28,2020,Ath Bilbao,Valladolid,D,1,1.85,3.2,5.0,1571.4091864622096,1467.5682363147653,103.84095014744435,10.0,87.78,-2.088266126607518,4,4,4,4,1,-2,1.3333333333333333,1.3333333333333333
2021-04-29,2020,Barcelona,Granada,A,0,1.14,8.0,17.0,1815.5371982046845,1527.1362092203221,288.40098898436236,813.5,56.58,2.64939914285807,11,10,10,13,3,-1,2.0,1.0
2021-04-30,2020,Celta,Levante,H,2,1.8,3.75,4.33,1534.8359716372372,1512.6273760981012,22.208595539136013,155.85,113.0,0.31909148624219164,0,0,0,3,0,-3,0.3333333333333333,2.3333333333333335
2021-05-01,2020,Real Madrid,Osasuna,H,2,1.36,5.0,8.5,1789.8508872503749,1541.4211841208776,248.42970312949728,787.3,62.78,2.514439066483951,11,12,10,10,3,2,2.3333333333333335,0.3333333333333333
2021-05-01,2020,Eibar,Alaves,H,2,2.5,3.1,3.0,1408.755977416813,1470.5158163829713,-61.75983896615821,83.4,106.75,-0.24424632738194596,2,3,0,2,-5,1,0.0,3.0
2021-05-01,2020,Elche,Ath Madrid,A,0,9.0,4.33,1.4,1459.4544239568065,1750.619974506187,-291.16555054938044,45.65,720.15,-2.7381742327361662,0,0,0,0,-1,0,0.0,3.0
2021-05-01,2020,Huesca,Sociedad,H,2,3.75,3.5,2.0,1445.8921918498763,1613.423566874103,-167.5313750242267,64.1,406.6,-1.834361752134046,-4,-5,-2,-6,-1,1,0.3333333333333333,2.3333333333333335
2021-05-02,2020,Valladolid,Betis,D,1,3.0,3.5,2.3,1475.4810226017948,1591.7024957701108,-116.22147316831592,87.78,207.7,-0.8547364146772658,-5,-6,-3,-6,-2,0,2.0,1.0
2021-05-02,2020,Villarreal,Getafe,H,2,2.1,2.9,4.1,1588.8240230704707,1502.5180516912922,86.30597137917857,292.6,170.1,0.5399701158422134,1,2,0,0,-1,-1,3.0,0.0
2021-05-02,2020,Granada,Cadiz,A,0,1.85,3.3,4.75,1554.2388090560205,1505.871163250914,48.36764580510658,56.58,47.65,0.1685234765520156,0,0,0,0,1,1,1.0,1.0
2021-05-02,2020,Valencia,Barcelona,A,0,7.0,5.5,1.36,1524.4730150168607,1788.4345983689861,-263.96158335212544,278.85,813.5,-1.068320682704731,-5,-4,-4,-7,-2,1,1.3333333333333333,1.3333333333333333
2021-05-03,2020,Sevilla,Ath Bilbao,A,0,1.57,4.0,5.75,1750.3234168285744,1563.49640017518,186.82701665339437,418.25,10.0,3.6405721279049477,1,2,1,0,5,1,1.3333333333333333,1.3333333333333333
2021-05-07,2020,Sociedad,Elche,H,2,1.45,4.1,8.0,1595.5441732610147,1451.9646853402746,143.57948792074012,406.6,45.65,2.1676133740552173,4,5,2,6,0,-2,2.0,1.0
2021-05-08,2020,Alaves,Levante,D,1,2.1,3.4,3.5,1457.1601423650898,1502.6962038164033,-45.53606145131357,106.75,113.0,-0.05638471941063816,-2,-2,-1,-2,1,-3,2.3333333333333335,0.3333333333333333
2021-05-08,2020,Barcelona,Ath Madrid,D,1,1.75,3.8,4.5,1796.8383659709366,1758.1097131227189,38.728652848217735,813.5,720.15,0.12172726801258094,11,10,10,13,1,2,1.3333333333333333,1.3333333333333333
2021-05-08,2020,Cadiz,Huesca,H,2,3.6,3.2,2.15,1526.91378760159,1463.7715854629646,63.14220213862541,47.65,64.1,-0.29127274058250974,0,0,0,0,1,-1,3.0,0.0
2021-05-08,2020,Ath Bilbao,Osasuna,D,1,1.8,3.5,4.75,1588.667626663432,1537.8630823090384,50.804544354393556,10.0,62.78,-1.7575443887835407,4,4,4,4,2,1,1.0,2.0
2021-05-09,2020,Villarreal,Celta,A,0,1.95,3.6,3.8,1596.4720700566859,1544.767143918935,51.70492613775082,292.6,155.85,0.6269283621036736,2,2,2,0,-1,0,2.0,1.0
2021-05-09,2020,Real Madrid,Sevilla,D,1,1.9,3.75,3.75,1793.408989062214,1725.1521903403225,68.25679872189153,787.3,418.25,0.6314113273625441,6,6,5,6,3,3,3.0,0.0
2021-05-09,2020,Getafe,Eibar,A,0,2.15,3.1,3.75,1494.870004705077,1422.1116514346945,72.75835327038249,170.1,83.4,0.706680779296236,1,-1,3,3,-2,-3,1.6666666666666667,0.6666666666666666
2021-05-09,2020,Valencia,Valladolid,H,2,2.05,3.3,3.8,1516.0692474149103,1476.1808514552686,39.888395959641684,278.85,87.78,1.14809234593148,6,6,6,6,-2,-1,2.3333333333333335,0.3333333333333333
2021-05-10,2020,Betis,Granada,H,2,1.75,3.8,4.75,1591.002666916637,1533.1961847053444,57.80648221129263,207.7,56.58,1.287722528899125,5,6,3,6,0,1,0.3333333333333333,2.3333333333333335
2021-05-11,2020,Levante,Barcelona,D,1,12.0,8.0,1.18,1505.0285277224714,1791.1482059681357,-286.1196782456643,113.0,813.5,-1.9663759796476041,-9,-8,-9,-11,-4,2,1.0,2.0
2021-05-11,2020,Osasuna,Cadiz,H,2,1.95,3.4,4.0,1543.9935927420752,1535.3461194190688,8.647473323006352,62.78,47.65,0.27078785294989727,0,0,0,0,0,1,3.0,0.0
2021-05-11,2020,Elche,Alaves,A,0,2.9,3.0,2.6,1446.0404602126494,1454.8278184590217,-8.787358246372378,45.65,106.75,-0.8371408016905049,0,0,0,0,-2,1,3.0,0.0
2021-05-12,2020,Sevilla,Valencia,H,2,1.44,4.5,7.0,1731.8971856890623,1525.3362768312484,206.56090885781396,418.25,278.85,0.40421365536594944,-1,0,-1,-2,2,-1,2.3333333333333335,0.3333333333333333
2021-05-12,2020,Celta,Getafe,H,2,2.35,3.25,3.0,1565.9299994928142,1472.9708653876992,92.95913410511503,155.85,170.1,-0.0869582462614602,-1,0,-2,0,2,-2,0.6666666666666666,1.6666666666666667
2021-05-12,2020,Huesca,Ath Bilbao,H,2,2.5,3.2,2.9,1455.3392536454858,1582.5371162303952,-127.19786258490944,64.1,10.0,1.7780292764161532,-4,-4,-4,-4,-3,2,0.3333333333333333,2.3333333333333335
2021-05-12,2020,Ath Madrid,Sociedad,H,2,1.6,4.0,5.5,1763.7998731255198,1601.46839838864,162.33147473687973,720.15,406.6,0.570560858680949,-4,-5,-2,-6,2,1,1.3333333333333333,1.3333333333333333
2021-05-13,2020,Eibar,Betis,D,1,2.8,3.25,2.55,1444.0107907520724,1599.622443841605,-155.61165308953264,83.4,207.7,-0.9053304124812431,-3,-3,-3,-4,-1,1,1.6666666666666667,0.6666666666666666
2021-05-13,2020,Granada,Real Madrid,A,0,8.0,4.5,1.4,1524.5764077803765,1786.6639937134742,-262.08758593309767,56.58,787.3,-2.6167034428818328,-11,-12,-10,-10,-1,2,0.0,3.0
2021-05-13,2020,Valladolid,Villarreal,A,0,3.8,3.5,1.95,1466.9138220389304,1575.3092144828067,-108.39539244387629,87.78,292.6,-1.196056897334472,-4,-4,-3,-5,-1,-1,0.3333333333333333,2.3333333333333335
2021-05-16,2020,Alaves,Granada,H,2,1.83,3.75,4.0,1473.6777396913756,1516.1072243916074,-42.4294847002318,106.75,56.58,0.6266384437998278,0,0,0,0,1,-3,0.0,3.0
2021-05-16,2020,Ath Bilbao,Real Madrid,A,0,5.0,4.2,1.6,1566.3652828124361,1795.1331771022433,-228.76789428980715,10.0,787.3,-4.271983455267492,-7,-8,-6,-6,1,3,0.3333333333333333,2.3333333333333335
2021-05-16,2020,Ath Madrid,Osasuna,H,2,1.22,5.75,15.0,1769.227586297683,1554.4500506756744,214.7775356220086,720.15,62.78,2.4254074984476075,0,0,0,0,2,0,3.0,0.0
2021-05-16,2020,Betis,Huesca,H,2,1.75,3.8,4.33,1597.2417920847943,1471.5110870634448,125.73070502134942,207.7,64.1,1.1649732648686308,5,6,3,6,1,-1,2.0,1.0
2021-05-16,2020,Barcelona,Celta,A,0,1.2,7.5,11.0,1783.8023653494927,1573.361864797965,210.44050055152775,813.5,155.85,1.6472844934054125,9,8,9,8,1,3,2.3333333333333335,0.3333333333333333
2021-05-16,2020,Getafe,Levante,H,2,1.61,3.8,5.75,1465.5390000825485,1512.3743683411144,-46.83536825856595,170.1,113.0,0.40604973250365184,1,0,2,3,-3,-3,1.0,2.0
2021-05-16,2020,Sociedad,Valladolid,H,2,1.61,3.75,6.0,1596.0406852164767,1452.2762097377313,143.76447547874545,406.6,87.78,1.524124901942681,4,5,2,6,1,-2,1.6666666666666667,0.6666666666666666
2021-05-16,2020,Valencia,Eibar,H,2,2.87,3.4,2.37,1520.9502207346013,1446.391442508883,74.55877822571824,278.85,83.4,1.1986863437354573,4,3,6,4,-2,0,1.3333333333333333,1.3333333333333333
2021-05-16,2020,Villarreal,Sevilla,H,2,2.37,3.4,2.87,1589.946826784006,1736.2832417857094,-146.33641500170347,292.6,418.25,-0.3562491039629574,-1,-2,-2,1,-1,2,1.3333333333333333,1.3333333333333333
2021-05-16,2020,Cadiz,Elche,A,0,3.2,3.1,2.35,1524.8896614854696,1427.1905389802955,97.69912250517405,47.65,45.65,0.041978881338661456,0,0,0,0,0,-2,1.0,1.0
2021-05-21,2020,Levante,Cadiz,D,1,1.75,4.1,4.1,1499.651921270613,1502.170031443953,-2.518110173339892,113.0,47.65,0.8515466397624816,2,2,1,2,-3,0,1.0,1.0
2021-05-22,2020,Osasuna,Sociedad,A,0,5.0,4.33,1.61,1550.2381718918323,1601.9598491981417,-51.7216773063094,62.78,406.6,-1.8548466397666585,-4,-5,-2,-6,-2,1,0.6666666666666666,1.6666666666666667
2021-05-22,2020,Valladolid,Ath Madrid,A,0,9.0,5.25,1.33,1446.3570457560663,1773.4394650815252,-327.0824193254589,87.78,720.15,-2.09468576062363,0,0,0,0,-3,2,0.3333333333333333,2.3333333333333335
2021-05-22,2020,Real Madrid,Villarreal,H,2,1.4,5.0,6.5,1804.815118850807,1606.935553601363,197.8795652494441,787.3,292.6,0.9876604313255015,7,8,7,5,3,1,1.6666666666666667,0.6666666666666666
2021-05-22,2020,Huesca,Valencia,D,1,1.65,4.2,5.0,1465.0831591463134,1528.9899407864916,-63.906781640178224,64.1,278.85,-1.458329196122845,-6,-6,-6,-6,-1,0,0.3333333333333333,2.3333333333333335
2021-05-22,2020,Eibar,Barcelona,A,0,4.33,4.75,1.65,1438.3517224569928,1758.1054487512454,-319.7537262942526,83.4,813.5,-2.2670070264401883,-9,-7,-10,-11,0,-1,0.3333333333333333,2.3333333333333335
2021-05-22,2020,Celta,Betis,A,0,3.2,3.8,2.1,1599.0587813962122,1603.6697200019257,-4.6109386057135,155.85,207.7,-0.28560787944646737,-3,-4,-2,-1,5,2,0.3333333333333333,2.3333333333333335
2021-05-22,2020,Elche,Ath Bilbao,H,2,1.95,3.6,3.8,1449.9101690218122,1556.6833410638724,-106.7731720420602,45.65,10.0,1.444777654494982,-4,-4,-4,-4,-1,-1,1.0,2.0
2021-05-23,2020,Granada,Getafe,D,1,2.62,3.4,2.6,1503.570242205425,1478.2614471530499,25.308795052375217,56.58,170.1,-1.0890728957141178,-3,-2,-3,-5,-3,-1,2.0,1.0
2021-05-23,2020,Sevilla,Alaves,H,2,1.5,4.33,6.5,1719.2945149683524,1486.2147218775578,233.0797930907945,418.25,106.75,1.3586536717194608,5,6,5,4,0,1,2.3333333333333335,0.3333333333333333
2021-08-13,2021,Valencia,Getafe,H,2,2.55,3.0,3.1,1530.542628753877,1483.4484776142417,47.09415113963519,310.6,208.68,0.3961377549814422,0,0,0,0,0,-2,0.3333333333333333,2.3333333333333335
2021-08-14,2021,Osasuna,Espanol,D,1,2.25,3.2,3.4,1533.1671417409073,1411.7226516431151,121.44449009779214,96.75,131.6,-0.3049238788862869,-2,-3,-1,-3,-2,-4,2.0,1.0
2021-08-14,2021,Cadiz,Levante,D,1,2.8,3.25,2.6,1506.2715950419201,1495.5503576726458,10.721237369274377,47.65,77.9,-0.48352941921981474,-1,-1,0,-4,0,-2,1.0,1.0
2021-08-14,2021,Mallorca,Betis,D,1,3.3,3.4,2.2,1431.0938288155546,1622.6875476727425,-191.59371885718792,74.15,259.0,-1.2411955148165443,-3,-4,-3,-4,-2,3,1.3333333333333333,1.3333333333333333
2021-08-14,2021,Alaves,Real Madrid,A,0,7.0,4.75,1.44,1482.370039125247,1809.391645274777,-327.0216061495298,79.8,770.75,-2.2566836978552187,-10,-11,-9,-9,0,4,1.0,2.0
2021-08-15,2021,Celta,Ath Madrid,A,0,4.2,3.4,1.9,1580.0409537253954,1779.828180780203,-199.78722705480754,155.85,773.1,-1.5964111295739807,2,2,1,5,3,4,0.6666666666666666,1.6666666666666667
2021-08-15,2021,Barcelona,Sociedad,H,2,1.72,4.0,4.5,1764.708858582526,1619.0308793490667,145.67797923345938,735.6,376.95,0.6672830922727799,4,1,4,3,1,1,3.0,0.0
2021-08-15,2021,Sevilla,Vallecano,H,2,1.44,4.2,8.0,1723.139197720663,1438.1861694540933,284.95302826656985,385.0,67.2,1.7333928046154146,6,6,7,5,0,-2,2.3333333333333335,0.3333333333333333
2021-08-16,2021,Elche,Ath Bilbao,D,1,3.8,3.3,2.05,1465.2025533262752,1541.3909567594094,-76.18840343313423,45.65,10.0,1.444777654494982,-4,-3,-4,-5,-1,-2,1.0,2.0
2021-08-16,2021,Villarreal,Granada,D,1,1.53,4.2,6.5,1602.359027177393,1498.3832117442332,103.97581543315982,408.9,103.75,1.3643366687080443,2,1,2,5,1,-4,2.3333333333333335,0.3333333333333333
2021-08-20,2021,Betis,Cadiz,D,1,1.5,4.2,7.0,1618.8222621553077,1501.6468836325516,117.17537852275609,259.0,47.65,1.6760298223835135,3,4,3,4,3,-1,3.0,0.0
2021-08-21,2021,Ath Bilbao,Barcelona,D,1,4.0,3.75,1.85,1542.4173794592582,1770.5758615883526,-228.1584821290944,10.0,735.6,-4.204149731212595,-4,-4,-2,-4,-3,1,0.0,3.0
2021-08-21,2021,Granada,Valencia,D,1,2.45,3.4,2.87,1506.3001994803974,1539.5461310686146,-33.24593158821722,103.75,310.6,-1.0901437551943456,1,0,0,0,-3,2,1.3333333333333333,1.3333333333333333
2021-08-21,2021,Alaves,Mallorca,A,0,2.25,3.2,3.4,1475.979563036387,1434.9591143329894,41.020448703397506,79.8,74.15,0.07249084932806671,0,0,0,0,0,-1,1.5,1.5
2021-08-21,2021,Espanol,Villarreal,D,1,3.1,3.4,2.3,1420.169228382082,1594.4420394412289,-174.27281105914676,131.6,408.9,-1.1285761497585298,-3,-1,-3,-4,-3,0,1.3333333333333333,1.3333333333333333
2021-08-22,2021,Sociedad,Vallecano,H,2,1.44,4.33,7.5,1613.1638763432402,1435.2363980022924,177.9274783409478,376.95,67.2,1.712317346888769,4,6,2,6,1,-2,1.6666666666666667,0.6666666666666666
2021-08-22,2021,Ath Madrid,Elche,H,2,1.22,5.75,17.0,1790.6346975212462,1464.1761306264264,326.4585668948198,773.1,45.65,2.8090281369173153,0,0,0,0,4,0,3.0,0.0
2021-08-22,2021,Levante,Real Madrid,D,1,5.0,4.33,1.6,1500.1750690820143,1815.782121363637,-315.6070522816228,77.9,770.75,-2.28047943553044,-9,-10,-9,-5,-1,4,2.0,1.0
2021-08-23,2021,Getafe,Sevilla,A,0,3.5,3.2,2.2,1474.444975299504,1726.088969172464,-251.64399387295998,208.68,385.0,-0.6102548104496801,-4,-3,-5,-3,-2,2,0.0,3.0
2021-08-23,2021,Osasuna,Celta,D,1,2.62,3.25,2.75,1524.7205650019403,1569.2344369843522,-44.513871982411956,96.75,155.85,-0.47287673577121225,-2,-2,-1,-5,-1,1,2.0,1.0
2021-08-27,2021,Mallorca,Espanol,H,2,2.6,2.9,3.1,1455.7337681254153,1423.3278732281426,32.405894897272674,74.15,131.6,-0.5678509615527787,-2,-3,-1,-3,-1,-2,1.0,2.0
2021-08-27,2021,Valencia,Alaves,H,2,1.75,3.6,4.75,1542.3931884232297,1455.204909243961,87.18827917926865,310.6,79.8,1.3497433484695431,2,3,2,2,1,-1,1.0,1.0
2021-08-28,2021,Celta,Ath Bilbao,A,0,2.4,3.2,3.1,1571.6098055930127,1547.712420116036,23.89738547697675,155.85,10.0,2.6573946618383166,-2,-1,-3,0,0,-3,1.6666666666666667,0.6666666666666666
2021-08-28,2021,Elche,Sevilla,D,1,5.0,3.6,1.72,1461.8036862206259,1734.9283003492835,-273.12461412865764,45.65,385.0,-2.1131644421714784,-6,-6,-7,-5,0,3,1.0,2.0
2021-08-28,2021,Sociedad,Levante,H,2,1.53,4.2,6.0,1618.2038314334327,1508.4479091311184,109.75592230231427,376.95,77.9,1.5665806838863565,3,5,2,2,1,-1,1.3333333333333333,1.3333333333333333
2021-08-28,2021,Betis,Real Madrid,A,0,4.2,3.8,1.8,1610.5024252094227,1807.509281314533,-197.00685610511027,259.0,770.75,-1.087979032366741,-7,-7,-6,-5,2,4,1.3333333333333333,1.3333333333333333
2021-08-29,2021,Vallecano,Granada,H,2,2.55,3.2,2.87,1430.1964429120999,1503.4531421257823,-73.2566992136824,67.2,103.75,-0.4291319939528311,-3,-3,-2,-2,-4,-2,2.3333333333333335,0.3333333333333333
2021-08-29,2021,Ath Madrid,Villarreal,D,1,1.75,3.4,5.25,1793.0071419270466,1591.2833945951684,201.72374733187826,773.1,408.9,0.6357878367003762,-5,-4,-4,-7,5,1,2.3333333333333335,0.3333333333333333
2021-08-29,2021,Barcelona,Getafe,H,2,1.4,4.75,7.5,1765.280820931575,1465.6056441226845,299.67517680889046,735.6,208.68,1.2564624449958144,6,4,4,7,1,-2,2.0,1.0
2021-08-29,2021,Cadiz,Osasuna,A,0,3.2,3.0,2.45,1509.9667205784367,1522.3451963932798,-12.378475814843114,47.65,96.75,-0.697761390233461,0,0,0,0,-2,-1,0.0,3.0
2021-09-11,2021,Ath Bilbao,Mallorca,H,2,1.72,3.6,5.25,1567.8457265558654,1465.2789002056027,102.56682635026277,10.0,74.15,-1.9215908434006126,4,3,4,5,-1,1,2.3333333333333335,0.3333333333333333
2021-09-11,2021,Levante,Vallecano,D,1,2.1,3.4,3.5,1501.5433439065378,1444.0441167141844,57.49922719235337,77.9,67.2,0.1457366630024124,1,1,0,4,-2,-2,1.0,2.0
2021-09-12,2021,Real Madrid,Celta,H,2,1.36,5.25,8.0,1818.4267002476904,1551.476499153183,266.9502010945073,770.75,155.85,1.5933707287455814,8,9,8,4,4,-2,2.3333333333333335,0.3333333333333333
2021-09-12,2021,Cadiz,Sociedad,A,0,5.0,3.6,1.75,1491.2620070614155,1625.1083966580134,-133.84638959659787,47.65,376.95,-2.0501101031061713,-4,-6,-2,-6,-2,3,0.0,3.0
2021-09-12,2021,Osasuna,Valencia,A,0,2.4,3.2,3.1,1541.049909910301,1550.012329979662,-8.96242006936086,96.75,310.6,-1.159307115131118,-2,-3,-2,-2,-1,3,1.3333333333333333,1.3333333333333333
2021-09-12,2021,Espanol,Ath Madrid,A,0,4.33,3.3,1.9,1413.7827411479552,1782.498502538349,-368.7157613903937,131.6,773.1,-1.764363986458906,2,3,1,3,-2,4,1.3333333333333333,1.3333333333333333
2021-09-13,2021,Getafe,Elche,A,0,1.8,3.4,4.75,1462.8737318992858,1468.7152870998646,-5.841555200578796,208.68,45.65,1.5029096317217983,2,3,2,2,-2,1,2.3333333333333335,0.3333333333333333
2021-09-13,2021,Granada,Betis,A,0,3.1,3.25,2.37,1489.6054683236978,1599.5850062762652,-109.9795379525674,103.75,259.0,-0.9091050722132801,0,-1,-1,-2,-2,1,1.3333333333333333,1.3333333333333333
2021-09-17,2021,Celta,Cadiz,A,0,1.45,4.33,7.0,1548.2393888276922,1477.718668067504,70.52072076018817,155.85,47.65,1.1706381260046732,2,2,1,5,-4,-2,2.0,0.5
2021-09-18,2021,Alaves,Osasuna,A,0,3.1,3.0,2.55,1447.585767687529,1522.207049731346,-74.62128204381702,79.8,96.75,-0.19043623333842508,0,0,0,0,-3,-1,0.3333333333333333,2.3333333333333335
2021-09-18,2021,Elche,Levante,D,1,2.4,3.1,3.2,1487.6837500387066,1495.1739902163977,-7.490240177691021,45.65,77.9,-0.5255083005584762,-1,-1,0,-4,1,-1,1.6666666666666667,0.6666666666666666
2021-09-18,2021,Ath Madrid,Ath Bilbao,D,1,1.65,3.6,6.0,1787.7647434524285,1574.972717863876,212.79202558855263,773.1,10.0,4.253805791412297,-4,-3,-4,-5,4,1,1.3333333333333333,1.3333333333333333
2021-09-18,2021,Vallecano,Getafe,H,2,2.37,2.9,3.4,1450.4134704043245,1443.9052689604437,6.508201443880807,67.2,208.68,-1.1231379941657345,-2,-3,-2,-2,-1,-4,1.0,2.0
2021-09-19,2021,Valencia,Real Madrid,A,0,3.8,3.8,1.9,1568.855190158617,1821.6638105731813,-252.8086204145643,310.6,770.75,-0.9069403493856756,-8,-8,-7,-7,3,4,1.0,2.0
2021-09-19,2021,Betis,Espanol,D,1,2.0,3.2,4.2,1614.154273438943,1408.5165002338756,205.63777320506733,259.0,131.6,0.6733445532637656,1,1,2,1,1,-2,1.6666666666666667,0.6666666666666666
2021-09-19,2021,Mallorca,Villarreal,D,1,3.5,3.0,2.3,1458.1519088975922,1601.792033983866,-143.64012508627388,74.15,408.9,-1.6964271113113085,-5,-4,-4,-7,1,0,2.0,1.0
2021-09-19,2021,Sociedad,Sevilla,D,1,2.55,3.2,2.87,1638.6517356519248,1728.0166994700448,-89.36496381812003,376.95,385.0,-0.021075457726645652,-2,0,-5,1,3,2,0.3333333333333333,2.3333333333333335
2021-09-20,2021,Barcelona,Granada,D,1,1.28,5.75,10.0,1768.0127331549736,1475.03620116102,292.9765319939536,735.6,103.75,1.9504684452087178,5,4,4,7,2,-2,2.0,1.0
2021-09-21,2021,Levante,Celta,A,0,2.6,3.4,2.7,1499.0761731400214,1526.4166443071979,-27.340471167176474,77.9,155.85,-0.6871087067848585,-1,-1,-1,-1,-1,-4,1.3333333333333333,1.3333333333333333
2021-09-21,2021,Ath Bilbao,Vallecano,A,0,1.85,3.5,4.33,1585.7192876456866,1460.9539697894172,124.76531785626935,10.0,67.2,-1.8245492920510458,4,3,4,5,2,0,2.3333333333333335,0.3333333333333333
2021-09-21,2021,Getafe,Ath Madrid,A,0,6.0,3.5,1.66,1433.364769575351,1777.018173670618,-343.653404095267,208.68,773.1,-1.306118505195517,2,3,2,2,-5,3,0.3333333333333333,2.3333333333333335
2021-09-22,2021,Villarreal,Elche,H,2,1.5,4.2,6.5,1599.9177846330015,1483.781567115083,116.13621751791857,408.9,45.65,2.173240300216939,5,4,4,7,-1,0,1.6666666666666667,0.6666666666666666
2021-09-22,2021,Espanol,Alaves,H,2,1.8,3.5,4.75,1419.110506813683,1431.492024956558,-12.381518142874938,131.6,79.8,0.495360112224712,2,3,1,3,-2,-5,2.3333333333333335,0.3333333333333333
2021-09-22,2021,Sevilla,Valencia,H,2,1.61,3.8,6.0,1728.4757075396574,1560.057600746168,168.41810679348941,385.0,310.6,0.2141170554682379,4,3,5,3,3,2,3.0,0.0
2021-09-22,2021,Real Madrid,Mallorca,H,2,1.22,6.5,12.0,1830.4613999856304,1460.0261582484568,370.43524173717356,770.75,74.15,2.3291745471832854,10,11,9,9,4,1,2.0,1.0
2021-09-23,2021,Cadiz,Barcelona,D,1,6.0,4.33,1.5,1499.5414125879984,1755.841918087916,-256.30050549991756,47.65,735.6,-2.717393195378951,-8,-7,-6,-9,-1,3,2.0,0.5
2021-09-23,2021,Osasuna,Betis,A,0,2.37,3.25,3.0,1538.3007924623168,1603.5602668591355,-65.25947439681863,96.75,259.0,-0.9782684321500525,-3,-4,-3,-4,1,0,0.0,3.0
2021-09-23,2021,Granada,Sociedad,A,0,4.2,3.4,1.9,1487.2070162280777,1638.1927275823123,-150.98571135423458,103.75,376.95,-1.2831853529359378,-1,-3,0,-4,-2,2,2.0,1.0
2021-09-25,2021,Real Madrid,Villarreal,D,1,1.5,4.75,5.75,1832.3364127544114,1606.6290612415785,225.70735151283293,770.75,408.9,0.6327474358719769,5,7,5,2,4,1,2.3333333333333335,0.3333333333333333
2021-09-25,2021,Sevilla,Espanol,H,2,1.57,3.8,6.5,1733.7493919896528,1430.4059166326256,303.3434753570273,385.0,131.6,1.068500291713069,4,3,6,2,3,-1,2.3333333333333335,0.3333333333333333
2021-09-25,2021,Alaves,Ath Madrid,H,2,7.5,4.0,1.5,1420.1966151376155,1782.9403761058297,-362.74376096821425,79.8,773.1,-2.259724098683618,0,0,0,0,-5,3,0.0,3.0
2021-09-25,2021,Valencia,Ath Bilbao,D,1,2.6,3.2,2.8,1554.7839162961725,1562.175327693582,-7.391411397409456,310.6,10.0,3.3438250411982224,-2,0,-2,-3,0,1,0.6666666666666666,1.6666666666666667
2021-09-26,2021,Sociedad,Elche,H,2,1.4,4.5,9.0,1651.0071638308689,1477.070290506506,173.93687332436298,376.95,45.65,2.0920889844448327,4,6,2,6,4,-1,2.0,1.0
2021-09-26,2021,Barcelona,Levante,H,2,1.4,5.5,6.5,1749.5150481151802,1480.9841554637576,268.5308926514226,735.6,77.9,2.2338637761591364,7,6,6,5,2,-2,2.3333333333333335,0.3333333333333333
2021-09-26,2021,Betis,Getafe,H,2,1.75,3.6,4.75,1620.0551571362084,1427.442567140139,192.61258999606935,259.0,208.68,0.2150990720003767,1,1,1,2,1,-5,1.0,2.0
2021-09-26,2021,Vallecano,Cadiz,H,2,1.6,3.8,6.0,1484.4979297415218,1505.868282560734,-21.370352819212258,67.2,47.65,0.33779275621740235,0,0,0,0,2,-1,1.5,1.5
2021-09-26,2021,Mallorca,Osasuna,A,0,2.7,3.2,2.75,1458.1511454796757,1521.805902185244,-63.65475670556816,74.15,96.75,-0.2629270826664918,0,0,0,0,0,0,1.0,1.0
2021-09-27,2021,Celta,Granada,H,2,1.61,4.0,5.5,1544.5086619834617,1474.392579979521,70.11608200394062,155.85,103.75,0.4037133758344398,-1,-1,-1,3,-2,-3,1.6666666666666667,0.6666666666666666
2021-10-01,2021,Ath Bilbao,Alaves,H,2,1.53,3.75,7.5,1566.0814883467776,1444.7794450280085,121.30204331876917,10.0,79.8,-1.9940816927286793,4,3,4,5,1,-3,0.3333333333333333,2.3333333333333335
2021-10-02,2021,Osasuna,Vallecano,H,2,2.15,3.4,3.4,1538.369353547653,1496.1600087489655,42.209344798687425,96.75,67.2,0.3599686340160586,0,0,0,0,1,4,1.3333333333333333,1.3333333333333333
2021-10-02,2021,Mallorca,Levante,H,2,2.1,3.2,3.4,1441.5876941172667,1477.7732283184491,-36.18553420118246,74.15,77.9,-0.04869511165284557,-1,-1,0,-4,-2,-3,1.3333333333333333,1.3333333333333333
2021-10-02,2021,Cadiz,Valencia,D,1,3.4,3.0,2.3,1494.2062035532904,1550.8777556429768,-56.67155208968643,47.65,310.6,-1.857068505364579,-2,-3,-2,-2,-2,0,2.0,0.5
2021-10-02,2021,Ath Madrid,Barcelona,H,2,1.9,3.5,4.0,1758.3575462154367,1752.7259752604887,5.631570954948074,773.1,735.6,0.0496560601997027,-8,-7,-6,-9,1,2,1.6666666666666667,0.6666666666666666
2021-10-03,2021,Elche,Celta,H,2,3.3,3.2,2.3,1471.9332730480294,1552.6997801934995,-80.76650714547009,45.65,155.85,-1.2126170073433347,-2,-2,-1,-5,-1,-1,0.6666666666666666,1.6666666666666667
2021-10-03,2021,Espanol,Real Madrid,H,2,5.0,4.0,1.66,1427.725988492644,1821.3256089365245,-393.59962044388044,131.6,770.75,-1.7613235856305067,-8,-8,-8,-6,-2,4,0.0,3.0
2021-10-03,2021,Getafe,Sociedad,D,1,3.6,3.1,2.2,1422.7472090343488,1656.1441812893454,-233.39697225499663,208.68,376.95,-0.5891793527230345,-2,-3,0,-4,-5,4,1.0,2.0
2021-10-03,2021,Villarreal,Betis,H,2,2.0,3.6,3.6,1617.6398650594654,1624.7505152419988,-7.110650182533391,408.9,259.0,0.4552315964947642,2,0,1,3,1,2,1.3333333333333333,1.3333333333333333
2021-10-03,2021,Granada,Sevilla,H,2,4.8,3.4,1.72,1466.2014617694833,1736.4293201296343,-270.227858360151,103.75,385.0,-1.3042608106625835,-3,-3,-5,-3,-4,3,1.0,2.0
2021-10-16,2021,Levante,Getafe,D,1,2.5,2.9,3.25,1465.4977510693,1428.2391680068436,37.25858306245641,77.9,208.68,-0.9774013311633221,-1,-2,-2,2,-3,-4,2.0,1.0
2021-10-16,2021,Sociedad,Mallorca,H,2,1.4,4.5,8.5,1650.6522223168506,1453.8631713664158,196.78905095043478,376.95,74.15,1.615275795539202,4,6,2,6,3,-2,3.0,0.0
2021-10-17,2021,Barcelona,Valencia,H,2,1.5,4.33,6.5,1742.1509480783857,1552.738757411696,189.41219066668964,735.6,310.6,0.8603246900143722,6,4,4,7,1,-1,1.3333333333333333,1.3333333333333333
2021-10-17,2021,Villarreal,Osasuna,A,0,1.66,3.75,5.25,1628.7224073499056,1547.5510359708826,81.17137137902296,408.9,96.75,1.4335000286448167,5,4,4,7,2,1,2.0,1.0
2021-10-17,2021,Vallecano,Elche,H,2,1.8,3.5,4.75,1486.978326325736,1486.1037436188258,0.8745827069101324,67.2,45.65,0.3797716375560638,0,0,0,0,2,0,0.0,3.0
2021-10-17,2021,Celta,Sevilla,A,0,3.4,3.25,2.2,1538.529309622703,1714.6166074684804,-176.08729784577736,155.85,385.0,-0.9005474348281437,-4,-4,-6,0,-1,1,1.0,2.0
2021-10-18,2021,Espanol,Cadiz,H,2,1.66,3.6,5.75,1453.0530891578017,1492.3452017845711,-39.292112626769494,131.6,47.65,1.0026852691197479,2,3,1,3,0,-1,1.5,1.5
2021-10-18,2021,Alaves,Betis,A,0,3.5,3.3,2.15,1438.2218209380962,1613.6679729515586,-175.44615201346232,79.8,259.0,-1.1687046654884776,-3,-4,-3,-4,-3,2,1.0,2.0
2021-10-22,2021,Osasuna,Granada,D,1,1.72,3.5,5.25,1569.7333473446488,1488.0141744306372,81.71917291401155,96.75,103.75,-0.06916335993677247,-3,-3,-2,-2,3,-2,1.0,2.0
2021-10-23,2021,Valencia,Mallorca,D,1,1.66,3.8,5.25,1547.9699729207532,1449.262245296778,98.70772762397519,310.6,74.15,1.4222341977976098,2,3,2,2,-3,-2,2.0,1.0
2021-10-23,2021,Cadiz,Alaves,A,0,2.5,2.9,3.2,1479.9398200909584,1426.4288421373524,53.510977953606016,47.65,79.8,-0.5073251568950359,0,0,0,0,-1,-3,2.0,0.5
2021-10-23,2021,Elche,Espanol,D,1,2.7,3.0,2.87,1475.3404647539346,1465.4584708514144,9.881993902520207,45.65,131.6,-1.0446641504584093,-2,-3,-1,-3,-2,2,1.3333333333333333,1.3333333333333333
2021-10-23,2021,Ath Bilbao,Villarreal,H,2,2.45,3.0,3.2,1572.6391124366899,1606.5400959761394,-33.9009835394495,10.0,408.9,-3.618017954711921,-1,-1,0,-2,1,1,1.6666666666666667,0.6666666666666666
2021-10-24,2021,Betis,Vallecano,H,2,1.83,3.75,4.2,1625.4609517523024,1497.741605190627,127.71934656167537,259.0,67.2,1.3382370661661112,3,4,3,4,2,3,1.6666666666666667,0.6666666666666666
2021-10-24,2021,Barcelona,Real Madrid,A,0,2.75,3.6,2.45,1746.9197325693285,1795.998508271367,-49.078775702038456,735.6,770.75,-0.04661565937130341,-2,-4,-3,0,1,2,0.0,3.0
2021-10-24,2021,Ath Madrid,Sociedad,D,1,1.61,3.7,6.0,1768.9325733975397,1655.2531483864884,113.67942501105131,773.1,376.95,0.7169391524724826,-4,-6,-2,-6,2,3,2.3333333333333335,0.3333333333333333
2021-10-24,2021,Sevilla,Levante,H,2,1.44,4.2,8.0,1726.3831815304345,1459.8620129417427,266.5211685886918,385.0,77.9,1.5876561416130022,5,5,7,1,2,-3,2.3333333333333335,0.3333333333333333
2021-10-25,2021,Getafe,Celta,A,0,2.5,3.0,3.1,1433.8749061344008,1526.762735560749,-92.88782942634816,208.68,155.85,0.2902926243784636,0,1,1,-3,-3,-1,0.6666666666666666,1.6666666666666667
2021-10-26,2021,Alaves,Elche,H,2,2.3,3.0,3.5,1447.6563703258091,1470.7485665448733,-23.092196219064135,79.8,45.65,0.5493040382336973,0,0,0,0,-1,-2,1.5,1.5
2021-10-26,2021,Espanol,Ath Bilbao,D,1,2.9,3.0,2.62,1470.0503690604758,1584.8193268430693,-114.76895778259359,131.6,10.0,2.4894418049533913,-2,0,-3,-2,2,1,0.6666666666666666,1.6666666666666667
2021-10-26,2021,Villarreal,Cadiz,D,1,1.3,5.5,9.5,1594.3598815697599,1458.7122919025016,135.64758966725822,408.9,47.65,2.1312614188782777,5,4,4,7,0,-3,2.0,0.5
2021-10-27,2021,Vallecano,Barcelona,H,2,4.33,3.75,1.8,1491.371305696363,1729.736893915248,-238.36558821888502,67.2,735.6,-2.379600439161549,-8,-7,-6,-9,1,0,0.0,3.0
2021-10-27,2021,Betis,Valencia,H,2,1.85,3.5,4.5,1631.8312512465666,1540.218378907164,91.61287233940266,259.0,310.6,-0.1810386829810655,1,1,1,2,3,-2,1.3333333333333333,1.3333333333333333
2021-10-27,2021,Real Madrid,Osasuna,D,1,1.3,5.5,9.0,1813.1813469254475,1562.5328215761508,250.64852534929673,770.75,96.75,2.0662474645167936,10,11,9,9,2,2,2.3333333333333335,0.3333333333333333
2021-10-27,2021,Mallorca,Sevilla,D,1,5.5,3.3,1.75,1457.0138393103673,1729.627430828004,-272.6135915176367,74.15,385.0,-1.6363512532658477,-6,-6,-7,-5,-2,3,1.0,2.0
2021-10-28,2021,Celta,Sociedad,A,0,2.87,3.4,2.45,1542.0697497645856,1663.467903284518,-121.3981535199323,155.85,376.95,-0.879471977101498,-2,-4,-1,-1,1,3,1.0,2.0
2021-10-28,2021,Levante,Ath Madrid,D,1,5.5,3.8,1.65,1456.6177636441732,1760.7178184995103,-304.100054855337,77.9,773.1,-2.283519836358839,1,1,0,4,-4,1,1.3333333333333333,1.3333333333333333
2021-10-28,2021,Granada,Getafe,D,1,2.6,2.8,3.25,1495.2147001991352,1418.5678919305642,76.64680826857102,103.75,208.68,-0.6940060002129034,1,0,0,0,-1,-3,2.3333333333333335,0.3333333333333333
2021-10-30,2021,Barcelona,Alaves,D,1,1.28,5.5,11.0,1709.0601583618948,1459.3891835945567,249.67097476733807,735.6,79.8,2.2100680384839153,8,7,6,9,-1,1,2.3333333333333335,0.3333333333333333
2021-10-30,2021,Elche,Real Madrid,A,0,7.5,4.5,1.44,1459.0157532761257,1801.6995874259974,-342.6838341498717,45.65,770.75,-2.805987736088916,-10,-11,-9,-9,-2,1,0.3333333333333333,2.3333333333333335
2021-10-30,2021,Sevilla,Osasuna,H,2,1.53,4.0,7.0,1722.733220180114,1574.014581075601,148.71863910451293,385.0,96.75,1.373424170599356,6,6,7,5,2,3,3.0,0.0
2021-10-30,2021,Valencia,Villarreal,H,2,2.9,3.4,2.45,1532.7431020652211,1585.5041903242595,-52.76108825903839,310.6,408.9,-0.2741929135136987,-3,-1,-2,-5,-2,-1,1.0,2.0
2021-10-31,2021,Sociedad,Ath Bilbao,D,1,2.1,3.2,3.8,1677.545237054507,1584.1820834604903,93.3631535940167,376.95,10.0,3.5368666389398147,0,3,-2,1,3,1,2.3333333333333335,0.3333333333333333
2021-10-31,2021,Cadiz,Mallorca,D,1,2.5,3.0,3.2,1467.567983148002,1463.9080499582574,3.6599331897446064,47.65,74.15,-0.43483430756696917,0,0,0,0,-3,-1,1.5,1.5
2021-10-31,2021,Getafe,Espanol,H,2,2.45,3.0,3.2,1425.5987118615433,1470.6876124430548,-45.08890058151155,208.68,131.6,0.45824548126338893,0,0,1,-1,-2,1,1.0,1.0
2021-10-31,2021,Ath Madrid,Betis,H,2,1.6,3.8,6.0,1752.796961864153,1639.3065280885094,113.49043377564362,773.1,259.0,1.0910194331951404,-3,-4,-3,-4,1,3,2.3333333333333335,0.3333333333333333
2021-11-01,2021,Vallecano,Celta,D,1,2.37,3.25,3.1,1512.048041249716,1527.9924159945965,-15.944374744880406,67.2,155.85,-0.8328453697872709,-2,-2,-1,-5,1,-1,2.3333333333333335,0.3333333333333333
2021-11-01,2021,Levante,Granada,A,0,1.95,3.4,4.0,1464.5386202795305,1488.1838802681561,-23.64525998862564,77.9,103.75,-0.2833953309504187,-2,-2,-2,2,-3,-1,1.0,1.0
2021-11-05,2021,Ath Bilbao,Cadiz,A,0,1.36,4.75,9.0,1591.7632131266666,1463.2208545658757,128.54235856079094,10.0,47.65,-1.4867565358336434,4,3,4,5,2,-2,1.5,1.5
2021-11-06,2021,Real Madrid,Vallecano,H,2,1.33,5.5,8.0,1807.6483632259662,1508.4882512212323,299.16011200473395,770.75,67.2,2.4262160985328523,10,11,9,9,1,0,2.0,1.0
2021-11-06,2021,Alaves,Levante,H,2,2.5,3.0,3.2,1470.8534292597421,1446.294186289031,24.55924297071124,79.8,77.9,0.02379573767522114,-1,-1,0,-4,0,-3,1.6666666666666667,0.6666666666666666
2021-11-06,2021,Celta,Barcelona,D,1,3.3,3.6,2.1,1531.5522060230803,1697.5959126967093,-166.043706673629,155.85,735.6,-1.546755069374278,-6,-5,-5,-4,-2,-2,1.3333333333333333,1.3333333333333333
2021-11-06,2021,Espanol,Granada,H,2,1.85,3.4,4.5,1458.0387713151067,1506.4283142586557,-48.38954294354903,131.6,103.75,0.23576051894951444,-1,0,-1,1,1,1,1.0,2.0
2021-11-07,2021,Betis,Sevilla,A,0,3.0,3.3,2.45,1632.515569054082,1728.518053661226,-96.00248460714397,259.0,385.0,-0.3951557384493034,-3,-2,-4,-1,1,2,0.3333333333333333,2.3333333333333335
2021-11-07,2021,Osasuna,Sociedad,A,0,3.1,3.3,2.35,1568.2297475944888,1669.9641073883306,-101.7343597938418,96.75,376.95,-1.3523487128727103,-4,-6,-2,-6,1,2,0.6666666666666666,1.6666666666666667
2021-11-07,2021,Mallorca,Elche,D,1,2.05,3.0,4.33,1468.2551785403837,1453.0669774761568,15.18820106422686,74.15,45.65,0.4768131889056306,0,0,0,0,0,-2,1.5,1.5
2021-11-07,2021,Valencia,Ath Madrid,D,1,4.5,3.2,1.95,1545.7161095010817,1759.5879208985803,-213.8718113974985,310.6,773.1,-0.9099807502140749,2,3,2,2,-1,1,0.3333333333333333,2.3333333333333335
2021-11-07,2021,Villarreal,Getafe,H,2,1.5,4.0,7.0,1572.531182888399,1438.2475529894914,134.28362989890752,408.9,208.68,0.6703306684951409,3,1,2,5,-2,0,3.0,0.0
2021-11-19,2021,Levante,Ath Bilbao,D,1,3.5,3.3,2.15,1436.4527044281083,1568.1097734030102,-131.6570689749019,77.9,10.0,1.9702859550534582,-3,-2,-4,-1,-3,1,0.3333333333333333,2.3333333333333335
2021-11-20,2021,Barcelona,Espanol,H,2,1.36,5.25,7.5,1694.7784307018105,1470.8268146844828,223.95161601732775,735.6,131.6,1.7147079262592033,6,4,5,6,-1,1,2.3333333333333335,0.3333333333333333
2021-11-20,2021,Ath Madrid,Osasuna,H,2,1.44,4.33,8.0,1754.8404646584775,1553.3046253039165,201.53583935456095,773.1,96.75,2.069287865345193,0,0,0,0,2,-1,3.0,0.0
2021-11-20,2021,Sevilla,Alaves,D,1,1.44,4.33,8.5,1743.6906326586554,1480.6949111206648,262.9957215379907,385.0,79.8,1.563860403937781,6,6,7,5,4,2,2.3333333333333335,0.3333333333333333
2021-11-20,2021,Celta,Villarreal,D,1,2.75,3.3,2.55,1534.3696880179791,1578.7139425454754,-44.34425452749633,155.85,408.9,-0.9606232928736045,-3,-2,-3,-2,-1,-2,1.0,2.0
2021-11-21,2021,Sociedad,Valencia,D,1,1.72,3.8,4.75,1684.889229678903,1550.4635657411845,134.42566393771835,376.95,310.6,0.19304159774159224,2,3,0,4,3,-1,1.3333333333333333,1.3333333333333333
2021-11-21,2021,Elche,Betis,A,0,3.6,3.4,2.1,1457.8655123348549,1617.3429900566528,-159.47747772179787,45.65,259.0,-1.718008703722175,-3,-4,-3,-4,-3,1,0.6666666666666666,1.6666666666666667
2021-11-21,2021,Getafe,Cadiz,H,2,2.0,3.1,4.33,1432.0647933324149,1486.8742942895321,-54.80950095711728,208.68,47.65,1.4609307503831368,2,3,2,2,-1,-1,1.5,1.5
2021-11-21,2021,Granada,Real Madrid,A,0,7.0,4.5,1.45,1493.6402708892797,1810.387646753228,-316.74737586394826,103.75,770.75,-1.9970841045800212,-7,-8,-7,-7,1,2,0.0,3.0
2021-11-22,2021,Vallecano,Mallorca,H,2,1.8,3.5,4.75,1505.7489676939706,1463.4566436816856,42.29232401228501,67.2,74.15,-0.09704155134956682,0,0,0,0,0,-1,1.3333333333333333,1.3333333333333333
2021-11-26,2021,Ath Bilbao,Granada,D,1,1.36,4.75,9.5,1566.746797679381,1486.9473054730663,79.79949220631465,10.0,103.75,-2.253681286003877,1,0,2,3,0,-1,1.0,2.0
2021-11-27,2021,Mallorca,Getafe,D,1,2.3,2.9,3.75,1454.278004464895,1445.1246911343637,9.153313330531319,74.15,208.68,-1.0260964428161676,-2,-3,-2,-2,-1,0,0.0,3.0
2021-11-27,2021,Villarreal,Barcelona,A,0,2.7,3.4,2.6,1581.0964499359698,1698.802713621601,-117.70626368563126,408.9,735.6,-0.5861317765006735,-3,-3,-2,-2,-1,-1,0.0,3.0
2021-11-27,2021,Alaves,Celta,A,0,2.9,3.1,2.55,1492.391473985968,1531.9871806274848,-39.5957066415167,79.8,155.85,-0.6633129691096373,-2,-2,-1,-5,3,0,0.0,3.0
2021-11-27,2021,Valencia,Vallecano,D,1,2.0,3.4,3.9,1559.284818411003,1514.9276069107611,44.357211500241874,310.6,67.2,1.5192757491471767,2,3,2,2,0,0,1.3333333333333333,1.3333333333333333
2021-11-28,2021,Real Madrid,Sevilla,H,2,1.7,4.0,4.75,1817.0806121694413,1731.994069793352,85.08654237608926,770.75,385.0,0.6928232939174377,4,5,2,4,4,3,2.3333333333333335,0.3333333333333333
2021-11-28,2021,Cadiz,Ath Madrid,A,0,8.0,3.8,1.5,1473.8143964875833,1759.3359577370657,-285.5215612494824,47.65,773.1,-2.767049255578654,0,0,0,0,-1,2,0.0,3.0
2021-11-28,2021,Betis,Levante,H,2,1.66,4.2,4.75,1629.7999347832101,1437.8156801517375,191.9842546314726,259.0,77.9,1.1925004031636988,2,3,3,0,1,-3,1.0,2.0
2021-11-28,2021,Espanol,Sociedad,H,2,3.2,3.2,2.3,1466.8025317646923,1676.0679770090844,-209.26544524439214,131.6,376.95,-1.0474248339864234,-2,-3,-1,-3,-1,2,1.0,2.0
2021-11-29,2021,Osasuna,Elche,D,1,1.8,3.4,4.75,1548.8091322253283,1445.4085676082973,103.40056461703102,96.75,45.65,0.7397402715721224,0,0,0,0,-3,-3,1.6666666666666667,0.6666666666666666
2021-12-01,2021,Real Madrid,Ath Bilbao,H,2,1.44,4.75,7.0,1824.7687276424786,1559.6102219805648,265.15850566191375,770.75,10.0,4.250765390583898,6,8,5,4,4,-1,3.0,0.0
2021-12-03,2021,Granada,Alaves,H,2,2.37,3.1,3.25,1494.0838811718825,1474.809572635506,19.274308536376566,103.75,79.8,0.25959959327519755,3,3,2,2,-1,1,2.0,1.0
2021-12-04,2021,Sociedad,Real Madrid,A,0,3.3,3.3,2.25,1656.500215916244,1828.0357430585666,-171.5355271423225,376.95,770.75,-0.7138987516440833,-6,-5,-7,-3,1,5,0.6666666666666666,1.6666666666666667
2021-12-04,2021,Ath Madrid,Mallorca,A,0,1.3,5.25,11.0,1767.0097634128676,1449.7146360059514,317.2951274069162,773.1,74.15,2.3322149480116847,0,0,0,0,3,-1,2.3333333333333335,0.3333333333333333
2021-12-04,2021,Sevilla,Villarreal,H,2,2.0,3.3,4.0,1724.3059543203149,1566.8602296738434,157.4457246464715,385.0,408.9,-0.060075858045460784,1,2,3,-2,1,-1,1.3333333333333333,1.3333333333333333
2021-12-04,2021,Barcelona,Betis,A,0,1.5,4.5,6.5,1713.0389338837274,1634.5096357004225,78.52929818330495,735.6,259.0,1.0413633729954377,5,3,3,5,1,1,3.0,0.0
2021-12-05,2021,Vallecano,Espanol,H,2,2.15,3.1,3.8,1520.8245138883224,1486.3702928575326,34.45422103078977,67.2,131.6,-0.6648925129023455,-2,-3,-1,-3,1,0,0.3333333333333333,2.3333333333333335
2021-12-05,2021,Elche,Cadiz,H,2,2.05,3.1,4.2,1453.3076226106452,1466.1405908117813,-12.832968201136055,45.65,47.65,-0.041978881338661456,0,0,0,0,-3,-1,2.0,0.5
2021-12-05,2021,Levante,Osasuna,D,1,2.4,3.2,3.1,1433.1059792345252,1540.9100772229804,-107.80409798845517,77.9,96.75,-0.21423197101364622,1,1,0,4,-3,-3,1.0,2.0
2021-12-05,2021,Celta,Valencia,A,0,2.1,3.25,3.75,1549.569081977947,1553.3879114334418,-3.818829455494779,155.85,310.6,-0.6864303793599058,0,-1,-1,3,0,0,1.0,2.0
2021-12-06,2021,Getafe,Ath Bilbao,D,1,3.5,3.0,2.3,1449.6880595933073,1556.3432065644768,-106.65514697116942,208.68,10.0,2.9476872862167802,-2,0,-2,-3,1,-2,1.3333333333333333,1.3333333333333333
2021-12-10,2021,Mallorca,Celta,D,1,2.5,3.0,3.1,1477.224355107487,1530.519529225328,-53.295174117840816,74.15,155.85,-0.735803818437704,-2,-2,-1,-5,0,0,2.3333333333333335,0.3333333333333333
2021-12-11,2021,Espanol,Levante,H,2,2.05,3.3,3.8,1476.9017340191758,1433.4428525751462,43.45888144402966,131.6,77.9,0.5191558498999331,1,2,1,-1,-1,-3,1.3333333333333333,1.3333333333333333
2021-12-11,2021,Valencia,Elche,H,2,1.75,3.5,5.0,1572.4374641860609,1464.621340117206,107.81612406885483,310.6,45.65,1.8990473867032405,2,3,2,2,2,-1,2.0,1.0
2021-12-11,2021,Ath Bilbao,Sevilla,A,0,2.5,3.0,3.1,1556.0559159094105,1729.859825313986,-173.8039094045755,10.0,385.0,-3.5579420966664603,-2,-3,-3,0,-2,2,2.0,1.0
2021-12-11,2021,Alaves,Getafe,D,1,2.45,2.9,3.2,1464.765864627087,1449.9753502483736,14.790514378713397,79.8,208.68,-0.9536055934881009,-2,-3,-2,-2,-1,1,1.0,1.0
2021-12-12,2021,Real Madrid,Ath Madrid,H,2,2.05,3.5,3.6,1839.9902212965521,1739.500044311332,100.49017698522016,770.75,773.1,-0.0030404008283992923,10,11,9,9,5,2,2.3333333333333335,0.3333333333333333
2021-12-12,2021,Betis,Sociedad,H,2,2.25,3.3,3.3,1656.6037121966885,1644.5457376782585,12.057974518430001,259.0,376.95,-0.37408028072265775,-1,-2,1,-2,1,-1,1.3333333333333333,1.3333333333333333
2021-12-12,2021,Osasuna,Barcelona,D,1,4.0,3.5,1.9,1540.5732038823594,1690.9448573874613,-150.3716535051019,96.75,735.6,-2.0196318051454902,-8,-7,-6,-9,-3,1,1.0,2.0
2021-12-12,2021,Villarreal,Vallecano,H,2,1.72,3.8,4.75,1561.3063586801723,1530.2930727266792,31.013285953493096,408.9,67.2,1.7934686626608753,5,4,4,7,-2,1,1.3333333333333333,1.3333333333333333
2021-12-13,2021,Cadiz,Granada,D,1,2.6,3.1,2.9,1454.8268733052205,1504.1275891803014,-49.30071587508087,47.65,103.75,-0.7669247501702334,-3,-3,-2,-2,-2,0,2.0,0.5
2021-12-17,2021,Celta,Espanol,H,2,1.95,3.4,4.0,1532.5238798295068,1486.0376503283342,46.4862295011726,155.85,131.6,0.16795285688492534,0,-1,0,2,0,1,1.0,1.0
2021-12-18,2021,Vallecano,Alaves,H,2,1.72,3.6,5.0,1520.6956921955998,1459.9827478365662,60.7129443590336,67.2,79.8,-0.16953240067763353,0,0,0,0,0,-1,1.5,1.5
2021-12-18,2021,Sociedad,Villarreal,A,0,2.15,3.3,3.5,1634.22261261137,1570.9037392112516,63.31887340011849,376.95,408.9,-0.08115131577210644,-1,2,-2,-1,-2,0,1.6666666666666667,0.6666666666666666
2021-12-18,2021,Barcelona,Elche,H,2,1.3,5.5,10.0,1688.785248479746,1457.657241647518,231.12800683222804,735.6,45.65,2.7593720767176126,8,7,6,9,1,-1,3.0,0.0
2021-12-18,2021,Sevilla,Ath Madrid,H,2,2.75,3.0,2.8,1741.7205323953979,1732.3078921818785,9.412640213519353,385.0,773.1,-0.695863694745837,6,6,7,5,2,0,1.3333333333333333,1.3333333333333333
2021-12-19,2021,Real Madrid,Cadiz,D,1,1.2,7.5,11.0,1847.1823734260056,1452.653414534564,394.52895889144156,770.75,47.65,2.7640088547502546,10,11,9,9,5,-2,1.5,1.5
2021-12-19,2021,Getafe,Osasuna,H,2,2.4,2.9,3.4,1454.7584670388944,1542.7328127900746,-87.97434575118018,208.68,96.75,0.7631693601496758,2,3,2,2,0,-2,1.6666666666666667,0.6666666666666666
2021-12-19,2021,Ath Bilbao,Betis,H,2,2.15,3.25,3.5,1544.1952088279986,1666.926837263577,-122.73162843557839,10.0,259.0,-3.162786358217157,1,-1,1,1,-2,3,2.3333333333333335,0.3333333333333333
2021-12-19,2021,Granada,Mallorca,H,2,2.5,3.0,3.1,1506.3010479509578,1475.2200045033082,31.081043447649563,103.75,74.15,0.33209044260326426,3,3,2,2,-1,0,2.0,1.0
2021-12-20,2021,Levante,Valencia,A,0,2.7,3.2,2.75,1424.3069362659878,1579.4015626557489,-155.09462638976106,77.9,310.6,-1.3735390861447643,-1,-2,-2,2,-3,2,1.3333333333333333,1.3333333333333333
2021-12-21,2021,Sevilla,Barcelona,D,1,2.5,3.2,2.9,1752.1470064259056,1692.6677494284456,59.47925699745997,385.0,735.6,-0.6462076345461343,-2,-1,1,-4,2,2,0.6666666666666666,1.6666666666666667
2021-12-21,2021,Villarreal,Alaves,H,2,1.33,5.0,9.5,1592.4775712785836,1451.4653838195509,141.0121874590327,408.9,79.8,1.6239362619832418,5,4,4,7,0,-3,2.0,1.0
2021-12-22,2021,Granada,Ath Madrid,H,2,6.0,3.7,1.61,1515.8958828248824,1721.8814181513708,-205.9855353264884,103.75,773.1,-2.0001245054084205,3,3,2,2,1,-1,0.0,3.0
2021-12-22,2021,Ath Bilbao,Real Madrid,A,0,3.4,3.5,2.1,1560.1752141542145,1833.8278795479894,-273.6526653937749,10.0,770.75,-4.250765390583898,-6,-8,-5,-4,-1,4,0.0,3.0
2021-12-31,2021,Valencia,Espanol,A,0,1.8,3.8,4.2,1592.0426755976798,1477.0120809864231,115.03059461125667,310.6,131.6,0.8543832362448311,0,0,1,-1,3,-1,2.3333333333333335,0.3333333333333333
2022-01-02,2021,Elche,Granada,D,1,2.5,3.1,3.0,1453.7747406988185,1535.3348034279861,-81.56006272916761,45.65,103.75,-0.8089036315088949,-3,-3,-2,-2,-2,3,0.0,3.0
2022-01-02,2021,Getafe,Real Madrid,H,2,5.5,3.75,1.65,1469.2394850460064,1841.8983336942997,-372.6588486482933,208.68,770.75,-1.3030781043671178,-8,-8,-7,-7,2,4,0.3333333333333333,2.3333333333333335
2022-01-02,2021,Ath Madrid,Vallecano,H,2,1.36,4.5,9.5,1702.442497548267,1529.2130562126151,173.22944133565193,773.1,67.2,2.4292564993612515,0,0,0,0,-3,2,3.0,0.0
2022-01-02,2021,Alaves,Sociedad,D,1,3.5,3.1,2.25,1445.470582037153,1612.6487805440381,-167.1781985068851,79.8,376.95,-1.5427849462111354,-4,-6,-2,-6,-4,-4,1.3333333333333333,1.3333333333333333
2022-01-02,2021,Betis,Celta,A,0,1.72,3.75,4.75,1650.9468319373611,1541.5494491714178,109.39738276594335,259.0,155.85,0.5053916963788403,1,2,2,-1,3,1,2.3333333333333335,0.3333333333333333
2022-01-02,2021,Mallorca,Barcelona,A,0,3.4,3.4,2.15,1465.6251696293837,1699.1070046188493,-233.4818349894656,74.15,735.6,-2.282558887811982,-8,-7,-6,-9,-1,1,0.0,3.0
2022-01-03,2021,Villarreal,Levante,H,2,1.4,5.0,7.0,1598.4723730609815,1411.6658233240569,186.80654973692458,408.9,77.9,1.647731999658463,4,3,4,3,1,-3,3.0,0.0
2022-01-03,2021,Osasuna,Ath Bilbao,A,0,3.1,3.0,2.5,1528.2517947829626,1552.1047600079041,-23.8529652249415,96.75,10.0,2.1845179260671044,-4,-3,-4,-5,-2,-2,2.3333333333333335,0.3333333333333333
2022-01-03,2021,Cadiz,Sevilla,A,0,4.75,3.3,1.85,1466.0079084125803,1745.707751235502,-279.6998428229217,47.65,385.0,-2.071185560832817,-6,-6,-7,-5,-3,2,0.0,3.0
2022-01-08,2021,Levante,Mallorca,H,2,2.2,3.25,3.4,1406.836572452973,1456.1203009960518,-49.28372854307872,77.9,74.15,0.04869511165284557,1,1,0,4,-4,-1,1.0,2.0
2022-01-08,2021,Sociedad,Celta,H,2,1.83,3.3,4.75,1609.7840757878125,1564.6339071464909,45.15016864132167,376.95,155.85,0.879471977101498,2,4,1,1,-4,2,3.0,0.0
2022-01-08,2021,Granada,Barcelona,D,1,4.5,3.8,1.75,1536.1301728324786,1708.611873252181,-172.48170041970252,103.75,735.6,-1.9504684452087178,-5,-4,-4,-7,3,1,1.3333333333333333,1.3333333333333333
2022-01-08,2021,Real Madrid,Valencia,H,2,1.37,5.0,8.0,1817.0667481189705,1568.78716880646,248.27957931251058,770.75,310.6,0.9069403493856756,8,8,7,7,2,2,2.0,1.0
2022-01-09,2021,Osasuna,Cadiz,H,2,1.75,3.3,5.75,1510.0159097259082,1458.1411552902273,51.87475443568087,96.75,47.65,0.697761390233461,0,0,0,0,-2,-3,3.0,0.0
2022-01-09,2021,Alaves,Ath Bilbao,D,1,4.0,3.3,1.95,1448.3352867933786,1570.3406450649586,-122.00535827158001,79.8,10.0,1.9940816927286793,-4,-3,-4,-5,-3,0,1.3333333333333333,1.3333333333333333
2022-01-09,2021,Vallecano,Betis,D,1,2.5,3.4,2.8,1524.0586781577283,1627.862373962288,-103.80369580455977,67.2,259.0,-1.3382370661661112,-3,-4,-3,-4,0,1,0.3333333333333333,2.3333333333333335
2022-01-09,2021,Villarreal,Ath Madrid,D,1,2.8,3.2,2.62,1603.3016239320652,1707.5968756031539,-104.29525167108864,408.9,773.1,-0.6357878367003762,5,4,4,7,3,-3,0.6666666666666666,1.6666666666666667
2022-01-09,2021,Sevilla,Getafe,H,2,1.61,3.4,7.5,1753.574504357855,1494.0710706213356,259.50343373651936,385.0,208.68,0.6102548104496801,4,3,5,3,4,2,3.0,0.0
2022-01-10,2021,Espanol,Elche,A,0,1.9,3.25,4.5,1500.267587777643,1452.979371294326,47.288216483317,131.6,45.65,1.0446641504584093,2,3,1,3,1,-1,0.6666666666666666,1.6666666666666667
2022-01-16,2021,Elche,Villarreal,H,2,4.5,3.6,1.8,1473.9829068903684,1603.487055406513,-129.5041485161446,45.65,408.9,-2.173240300216939,-5,-4,-4,-7,0,4,0.6666666666666666,1.6666666666666667
2022-01-18,2021,Betis,Alaves,H,2,1.45,4.33,7.0,1627.698161774304,1449.2840661380985,178.4140956362055,259.0,79.8,1.1687046654884776,3,4,3,4,0,-2,3.0,0.0
2022-01-18,2021,Cadiz,Espanol,D,1,3.25,3.1,2.37,1449.3101040366403,1479.2640521816006,-29.95394814496035,47.65,131.6,-1.0026852691197479,-2,-3,-1,-3,-3,-1,0.0,3.0
2022-01-19,2021,Celta,Osasuna,H,2,1.85,3.5,4.33,1555.5597319009296,1518.8469609794952,36.71277092143441,155.85,96.75,0.47287673577121225,2,2,1,5,0,-1,1.3333333333333333,1.3333333333333333
2022-01-19,2021,Valencia,Sevilla,D,1,3.3,3.25,2.25,1565.2263559405553,1756.9375033887625,-191.71114744820716,310.6,385.0,-0.2141170554682379,-4,-3,-5,-3,1,4,0.0,3.0
2022-01-20,2021,Getafe,Granada,H,2,2.1,3.2,3.8,1490.708071590428,1539.2148384906764,-48.506766900248294,208.68,103.75,0.6940060002129034,-1,0,0,0,1,2,0.6666666666666666,1.6666666666666667
2022-01-21,2021,Espanol,Betis,A,0,3.25,3.25,2.25,1482.2478656787646,1632.726381677295,-150.47851599853038,131.6,259.0,-0.6733445532637656,-1,-1,-2,-1,0,0,0.6666666666666666,1.6666666666666667
2022-01-22,2021,Ath Madrid,Valencia,H,2,1.44,4.2,8.5,1707.411444128706,1569.0963742009799,138.3150699277262,773.1,310.6,0.9099807502140749,-2,-3,-2,-2,-2,0,2.3333333333333335,0.3333333333333333
2022-01-22,2021,Sevilla,Celta,D,1,1.75,3.5,5.25,1753.067485128338,1564.9442438769431,188.1232412513948,385.0,155.85,0.9005474348281437,4,4,6,0,3,2,3.0,0.0
2022-01-22,2021,Levante,Cadiz,A,0,1.8,3.5,5.0,1419.66239568326,1446.3262905394763,-26.663894856216302,77.9,47.65,0.48352941921981474,1,1,0,4,-2,-2,1.0,1.0
2022-01-22,2021,Villarreal,Mallorca,H,2,1.44,4.33,8.0,1587.2163120523267,1443.294477765765,143.92183428656176,408.9,74.15,1.6964271113113085,5,4,4,7,2,-2,1.3333333333333333,1.3333333333333333
2022-01-23,2021,Alaves,Barcelona,A,0,6.0,4.0,1.57,1444.2558462351076,1705.5272075939833,-261.27136135887577,79.8,735.6,-2.2100680384839153,-8,-7,-6,-9,-3,2,0.6666666666666666,1.6666666666666667
2022-01-23,2021,Vallecano,Ath Bilbao,A,0,2.75,3.0,2.8,1524.2228903457124,1569.3918657202387,-45.168975374526326,67.2,10.0,1.8245492920510458,-4,-3,-4,-5,0,0,1.3333333333333333,1.3333333333333333
2022-01-23,2021,Sociedad,Getafe,D,1,1.66,3.5,6.0,1618.8582510333738,1503.501066117447,115.35718491592684,376.95,208.68,0.5891793527230345,2,3,0,4,-2,2,2.3333333333333335,0.3333333333333333
2022-01-23,2021,Real Madrid,Elche,D,1,1.16,8.0,15.0,1820.6275609848751,1490.2536502445548,330.3739107403203,770.75,45.65,2.805987736088916,10,11,9,9,2,0,2.3333333333333335,0.3333333333333333
2022-01-23,2021,Granada,Osasuna,A,0,2.5,3.2,3.0,1526.4218439636575,1509.4624490034817,16.959394960175814,103.75,96.75,0.06916335993677247,3,3,2,2,1,-2,1.3333333333333333,1.3333333333333333
2022-02-04,2021,Getafe,Levante,H,2,1.95,3.1,4.5,1511.7663969031526,1401.5424202987074,110.22397660444517,208.68,77.9,0.9774013311633221,1,2,2,-2,2,-3,1.3333333333333333,1.3333333333333333
2022-02-05,2021,Elche,Alaves,H,2,2.37,3.1,3.3,1502.929983835887,1435.758074450099,67.17190938578801,45.65,79.8,-0.5493040382336973,0,0,0,0,1,-3,1.0,2.0
2022-02-05,2021,Mallorca,Cadiz,H,2,1.83,3.4,4.6,1437.3796164570747,1464.446265924029,-27.06664946695423,74.15,47.65,0.43483430756696917,0,0,0,0,-4,-1,1.0,1.0
2022-02-05,2021,Celta,Vallecano,H,2,1.9,3.4,4.33,1575.1456251760796,1506.8751037656673,68.27052141041236,155.85,67.2,0.8328453697872709,2,2,1,5,2,-2,0.6666666666666666,1.6666666666666667
2022-02-05,2021,Osasuna,Sevilla,D,1,3.6,3.2,2.15,1529.3295144901554,1742.8661038292014,-213.53658933904603,96.75,385.0,-1.373424170599356,-6,-6,-7,-5,-1,2,0.0,3.0
2022-02-06,2021,Barcelona,Ath Madrid,H,2,2.25,3.4,3.2,1714.024979378992,1713.4810687895722,0.5439105894197382,735.6,773.1,-0.0496560601997027,8,7,6,9,3,0,0.3333333333333333,2.3333333333333335
2022-02-06,2021,Valencia,Sociedad,D,1,2.87,3.2,2.6,1563.0267495401138,1610.5929202476682,-47.56617070755442,310.6,376.95,-0.19304159774159224,-2,-3,0,-4,-2,-1,1.6666666666666667,0.6666666666666666
2022-02-06,2021,Real Madrid,Granada,H,2,1.25,6.0,11.0,1807.951227393543,1506.5547784769838,301.39644891655917,770.75,103.75,1.9970841045800212,7,8,7,7,1,-1,3.0,0.0
2022-02-06,2021,Betis,Villarreal,A,0,2.37,3.5,2.9,1645.5622549785571,1593.1311733610169,52.43108161754026,259.0,408.9,-0.4552315964947642,-2,0,-1,-3,0,2,1.3333333333333333,1.3333333333333333
2022-02-07,2021,Ath Bilbao,Espanol,H,2,1.6,3.8,6.0,1586.7396523002838,1469.4119923775024,117.32765992278132,10.0,131.6,-2.4894418049533913,2,0,3,2,2,-2,1.6666666666666667,0.6666666666666666
2022-02-11,2021,Sevilla,Elche,H,2,1.45,4.33,7.5,1738.1316745265951,1511.2224086210474,226.90926590554773,385.0,45.65,2.1131644421714784,6,6,7,5,2,3,1.3333333333333333,1.3333333333333333
2022-02-12,2021,Cadiz,Celta,D,1,3.8,3.4,2.05,1452.5496012657104,1583.4001571741683,-130.85055590845786,47.65,155.85,-1.1706381260046732,-2,-2,-1,-5,-2,2,1.3333333333333333,1.3333333333333333
2022-02-12,2021,Villarreal,Real Madrid,D,1,2.5,3.5,2.7,1614.3200650916815,1810.6586351257733,-196.33857003409184,408.9,770.75,-0.6327474358719769,-5,-7,-5,-2,2,2,0.6666666666666666,1.6666666666666667
2022-02-12,2021,Vallecano,Osasuna,A,0,2.15,3.25,3.5,1498.6205717675787,1534.0639437927616,-35.44337202518295,67.2,96.75,-0.3599686340160586,0,0,0,0,-2,0,1.0,2.0
2022-02-12,2021,Ath Madrid,Getafe,H,2,1.45,4.2,8.0,1702.7046490494274,1518.656650888008,184.0479981614194,773.1,208.68,1.306118505195517,-2,-3,-2,-2,0,2,2.3333333333333335,0.3333333333333333
2022-02-13,2021,Levante,Betis,A,0,3.4,3.6,2.1,1394.652166313852,1624.3733632478925,-229.72119693404056,77.9,259.0,-1.1925004031636988,-2,-3,-3,0,-3,0,1.0,2.0
2022-02-13,2021,Alaves,Valencia,H,2,2.8,3.2,2.6,1427.4656496649386,1560.78003029385,-133.3143806289113,79.8,310.6,-1.3497433484695431,-2,-3,-2,-2,-3,-3,0.6666666666666666,1.6666666666666667
2022-02-13,2021,Espanol,Barcelona,D,1,5.0,3.6,1.75,1462.7363801289634,1724.8013991191367,-262.06501899017326,131.6,735.6,-1.7147079262592033,-6,-4,-5,-6,-2,3,0.3333333333333333,2.3333333333333335
2022-02-13,2021,Sociedad,Granada,H,2,1.4,4.5,9.0,1612.839639493932,1503.8473707447533,108.99226874917872,376.95,103.75,1.2831853529359378,1,3,0,4,0,-3,2.0,1.0
2022-02-14,2021,Mallorca,Ath Bilbao,H,2,3.4,3.1,2.3,1449.2762811153932,1593.4152645488227,-144.13898343342953,74.15,10.0,1.9215908434006126,-4,-3,-4,-5,-3,2,0.3333333333333333,2.3333333333333335
2022-02-16,2021,Ath Madrid,Levante,A,0,1.33,5.25,9.0,1707.5985883555193,1385.0061735431632,322.5924148123561,773.1,77.9,2.283519836358839,-1,-1,0,-4,2,-3,0.6666666666666666,1.6666666666666667
2022-02-18,2021,Elche,Vallecano,H,2,3.0,3.0,2.62,1507.2570819750838,1480.8650764594486,26.39200551563522,45.65,67.2,-0.3797716375560638,0,0,0,0,2,-4,2.0,1.0
2022-02-19,2021,Granada,Villarreal,A,0,4.0,3.4,1.95,1496.9194113265753,1618.3759172743896,-121.45650594781432,103.75,408.9,-1.3643366687080443,-2,-1,-2,-5,-4,1,0.6666666666666666,1.6666666666666667
2022-02-19,2021,Osasuna,Ath Madrid,A,0,3.9,3.25,2.05,1551.8194391008917,1680.0201146538946,-128.20067555300284,96.75,773.1,-2.069287865345193,0,0,0,0,2,0,0.0,3.0
2022-02-19,2021,Cadiz,Getafe,D,1,3.2,2.9,2.55,1453.8780372874858,1513.7627115819162,-59.8846742944304,47.65,208.68,-1.4609307503831368,-2,-3,-2,-2,-1,0,1.0,2.0
2022-02-19,2021,Real Madrid,Alaves,H,2,1.22,6.5,12.0,1806.6027829430652,1443.8995552375545,362.7032277055107,770.75,79.8,2.2566836978552187,10,11,9,9,1,-2,2.0,1.0
2022-02-20,2021,Valencia,Barcelona,A,0,3.6,3.5,2.05,1544.346124721234,1718.2713721340028,-173.92524741276884,310.6,735.6,-0.8603246900143722,-6,-4,-4,-7,-3,3,0.3333333333333333,2.3333333333333335
2022-02-20,2021,Espanol,Sevilla,D,1,3.4,3.3,2.2,1469.2664071140973,1742.0970011725587,-272.83059405846143,131.6,385.0,-1.068500291713069,-4,-3,-6,-2,-3,2,0.3333333333333333,2.3333333333333335
2022-02-20,2021,Betis,Mallorca,H,2,1.6,4.0,5.75,1634.0193560185812,1466.171727841669,167.84762817691217,259.0,74.15,1.2411955148165443,3,4,3,4,2,-1,1.6666666666666667,0.6666666666666666
2022-02-20,2021,Ath Bilbao,Sociedad,H,2,2.37,3.0,3.4,1576.5198178225469,1619.76759891211,-43.247781089563205,10.0,376.95,-3.5368666389398147,0,-3,2,-1,2,2,0.6666666666666666,1.6666666666666667
2022-02-21,2021,Celta,Levante,D,1,1.6,3.8,6.0,1582.071721152393,1412.584647244788,169.487073907605,155.85,77.9,0.6871087067848585,1,1,1,1,1,-1,2.3333333333333335,0.3333333333333333
2022-02-25,2021,Levante,Elche,H,2,2.05,3.4,3.75,1422.3376562876058,1517.0289222625543,-94.69126597494846,77.9,45.65,0.5255083005584762,1,1,0,4,-2,2,0.6666666666666666,1.6666666666666667
2022-02-26,2021,Getafe,Alaves,D,1,1.95,3.0,4.75,1515.4869740019062,1441.9447630563075,73.54221094559875,208.68,79.8,0.9536055934881009,2,3,2,2,1,-3,1.0,1.0
2022-02-26,2021,Mallorca,Valencia,A,0,2.4,3.1,3.1,1460.8837541360979,1532.4904264027825,-71.60667226668465,74.15,310.6,-1.4222341977976098,-2,-3,-2,-2,-1,-3,1.3333333333333333,1.3333333333333333
2022-02-26,2021,Ath Madrid,Celta,H,2,1.61,3.8,6.0,1693.8052603723759,1572.318712109575,121.48654826280085,773.1,155.85,1.5964111295739807,-2,-2,-1,-5,1,2,2.3333333333333335,0.3333333333333333
2022-02-26,2021,Vallecano,Real Madrid,A,0,5.0,3.8,1.66,1471.093236171978,1808.5575751243123,-337.4643389523342,67.2,770.75,-2.4262160985328523,-10,-11,-9,-9,-4,3,1.0,2.0
2022-02-27,2021,Barcelona,Ath Bilbao,H,2,1.6,4.2,5.25,1730.1270704524543,1589.0911894063834,141.03588104607093,735.6,10.0,4.204149731212595,4,4,2,4,3,2,2.3333333333333335,0.3333333333333333
2022-02-27,2021,Sociedad,Osasuna,H,2,1.85,3.4,4.75,1607.1962273282736,1538.0342933824104,69.16193394586321,376.95,96.75,1.3523487128727103,4,6,2,6,1,0,2.3333333333333335,0.3333333333333333
2022-02-27,2021,Sevilla,Betis,H,2,2.2,3.25,3.5,1735.1954029963815,1639.3073297241524,95.88807327222912,385.0,259.0,0.3951557384493034,3,2,4,1,1,3,2.3333333333333335,0.3333333333333333
2022-02-27,2021,Villarreal,Espanol,H,2,1.5,4.2,7.0,1632.4507413254757,1476.1680052902746,156.2827360352012,408.9,131.6,1.1285761497585298,3,1,3,4,2,-2,1.3333333333333333,1.3333333333333333
2022-02-28,2021,Granada,Cadiz,D,1,2.0,3.3,4.0,1482.8445872754892,1452.1537748674957,30.690812407993462,103.75,47.65,0.7669247501702334,3,3,2,2,-5,0,0.6666666666666666,1.6666666666666667
2022-03-02,2021,Mallorca,Sociedad,A,0,3.4,3.2,2.25,1444.6606373210525,1615.4200922306889,-170.75945490963636,74.15,376.95,-1.615275795539202,-4,-6,-2,-6,-1,1,0.0,3.0
2022-03-04,2021,Alaves,Sevilla,D,1,4.5,3.1,1.95,1448.8705573746875,1742.5334073948266,-293.6628500201391,79.8,385.0,-1.563860403937781,-6,-6,-7,-5,-2,2,0.3333333333333333,2.3333333333333335
2022-03-05,2021,Osasuna,Villarreal,H,2,3.5,3.4,2.1,1529.8104284799952,1638.034974335553,-108.22454585555784,96.75,408.9,-1.4335000286448167,-5,-4,-4,-7,0,4,2.0,1.0
2022-03-05,2021,Espanol,Getafe,H,2,2.15,3.0,3.6,1470.5837722801973,1508.5611796835262,-37.977407403328925,131.6,208.68,-0.45824548126338893,0,0,-1,1,-3,0,0.6666666666666666,1.6666666666666667
2022-03-05,2021,Valencia,Granada,H,2,1.75,3.6,4.5,1548.713543217828,1477.4540880756726,71.25945514215528,310.6,103.75,1.0901437551943456,-1,0,0,0,-2,-4,1.3333333333333333,1.3333333333333333
2022-03-05,2021,Real Madrid,Sociedad,H,2,1.6,4.2,5.25,1814.6509447067522,1627.4067095117061,187.24423519504603,770.75,376.95,0.7138987516440833,6,5,7,3,3,2,1.6666666666666667,0.6666666666666666
2022-03-06,2021,Elche,Barcelona,A,0,7.5,4.33,1.4,1502.258100899083,1736.1212180091518,-233.86311711006874,45.65,735.6,-2.7593720767176126,-8,-7,-6,-9,0,4,0.0,3.0
2022-03-06,2021,Cadiz,Vallecano,H,2,2.7,3.1,2.7,1457.5442740673122,1464.9998665895382,-7.45559252222597,47.65,67.2,-0.33779275621740235,0,0,0,0,0,-5,0.0,3.0
2022-03-06,2021,Celta,Mallorca,H,2,1.75,3.4,5.25,1565.7665287946793,1432.6740200400352,133.0925087546441,155.85,74.15,0.735803818437704,2,2,1,5,0,-1,0.6666666666666666,1.6666666666666667
2022-03-06,2021,Betis,Ath Madrid,A,0,3.0,3.2,2.37,1631.9693253257074,1700.3574436872716,-68.38811836156424,259.0,773.1,-1.0910194331951404,3,4,3,4,1,1,0.3333333333333333,2.3333333333333335
2022-03-07,2021,Ath Bilbao,Levante,H,2,1.57,4.0,5.5,1583.0970418496859,1437.108477651077,145.98856419860886,10.0,77.9,-1.9702859550534582,3,2,4,1,1,0,1.6666666666666667,0.6666666666666666
2022-03-11,2021,Ath Madrid,Cadiz,H,2,1.36,4.6,9.5,1716.7184846013822,1468.6406965536764,248.07778804770578,773.1,47.65,2.767049255578654,0,0,0,0,3,0,3.0,0.0
2022-03-12,2021,Getafe,Valencia,D,1,2.37,3.2,3.2,1496.210823815913,1556.8655278838332,-60.65470406792019,208.68,310.6,-0.3961377549814422,0,0,0,0,-1,0,1.3333333333333333,1.3333333333333333
2022-03-12,2021,Villarreal,Celta,H,2,1.65,4.2,4.75,1622.6799584587309,1571.9830124112266,50.6969460475043,408.9,155.85,0.9606232928736045,3,2,3,2,2,1,1.3333333333333333,1.3333333333333333
2022-03-12,2021,Levante,Espanol,D,1,2.3,3.3,3.2,1431.249908109503,1482.9341281478105,-51.68422003830756,77.9,131.6,-0.5191558498999331,-1,-2,-1,1,0,-1,1.0,2.0
2022-03-12,2021,Granada,Elche,A,0,2.25,3.2,3.4,1469.3021034096673,1492.767478594749,-23.46537518508171,103.75,45.65,0.8089036315088949,3,3,2,2,-4,-1,2.3333333333333335,0.3333333333333333
2022-03-13,2021,Betis,Ath Bilbao,H,2,2.3,3.3,3.2,1615.6082844115967,1588.95561139126,26.652673020336806,259.0,10.0,3.162786358217157,-1,1,-1,-1,-1,1,0.3333333333333333,2.3333333333333335
2022-03-13,2021,Vallecano,Sevilla,D,1,3.4,3.1,2.3,1453.903444103174,1734.9426480887064,-281.03920398553237,67.2,385.0,-1.7333928046154146,-6,-6,-7,-5,-5,2,0.0,3.0
2022-03-13,2021,Sociedad,Alaves,H,2,1.53,4.0,7.0,1622.5876586702047,1456.4613166808076,166.12634198939713,376.95,79.8,1.5427849462111354,4,6,2,6,1,-1,1.6666666666666667,0.6666666666666666
2022-03-13,2021,Barcelona,Osasuna,H,2,1.33,4.75,10.0,1745.6118403134858,1545.1654443568173,200.44639595666854,735.6,96.75,2.0196318051454902,8,7,6,9,4,0,2.3333333333333335,0.3333333333333333
2022-03-14,2021,Mallorca,Real Madrid,A,0,6.0,4.0,1.57,1426.457536423488,1819.4699955482536,-393.01245912476566,74.15,770.75,-2.3291745471832854,-10,-11,-9,-9,-3,4,1.0,2.0
2022-03-18,2021,Ath Bilbao,Getafe,D,1,1.72,3.2,6.0,1579.193655279043,1494.5193752724954,84.67428000654763,10.0,208.68,-2.9476872862167802,2,0,2,3,-1,-2,1.6666666666666667,0.6666666666666666
2022-03-19,2021,Alaves,Granada,A,0,2.0,3.3,4.0,1451.1300440672596,1451.0502673321482,0.07977673511140893,79.8,103.75,-0.25959959327519755,-3,-3,-2,-2,-1,-4,1.0,2.0
2022-03-19,2021,Elche,Valencia,A,0,2.62,3.25,2.7,1511.0193146722681,1558.556976427251,-47.537661754982764,45.65,310.6,-1.8990473867032405,-2,-3,-2,-2,-1,0,1.0,2.0
2022-03-19,2021,Osasuna,Levante,H,2,1.9,3.5,4.2,1540.64593052214,1429.1772916498023,111.46863887233758,96.75,77.9,0.21423197101364622,-1,-1,0,-4,-1,1,1.3333333333333333,1.3333333333333333
2022-03-19,2021,Vallecano,Ath Madrid,A,0,4.0,3.25,2.0,1461.0813567902846,1720.2829443887324,-259.20158759844776,67.2,773.1,-2.4292564993612515,0,0,0,0,-4,3,0.0,3.0
2022-03-20,2021,Cadiz,Villarreal,H,2,4.75,3.5,1.83,1465.0762367663262,1631.553317958768,-166.4770811924418,47.65,408.9,-2.1312614188782777,-5,-4,-4,-7,0,2,0.6666666666666666,1.6666666666666667
2022-03-20,2021,Real Madrid,Barcelona,A,0,2.15,3.6,3.25,1824.1562445050913,1750.1313541481632,74.02489035692815,770.75,735.6,0.04661565937130341,2,4,3,0,4,4,3.0,0.0
2022-03-20,2021,Celta,Betis,D,1,2.2,3.5,3.2,1563.1096529111894,1625.3702405238137,-62.26058761262425,155.85,259.0,-0.5053916963788403,-1,-2,-2,1,-1,1,1.0,2.0
2022-03-20,2021,Sevilla,Sociedad,D,1,2.05,3.25,3.8,1727.7647354015958,1627.9189312837527,99.84580411784304,385.0,376.95,0.021075457726645652,2,0,5,-1,2,1,2.3333333333333335,0.3333333333333333
2022-03-20,2021,Espanol,Mallorca,H,2,2.05,3.5,3.5,1485.006744607511,1421.7712874666502,63.235457140860944,131.6,74.15,0.5678509615527787,2,3,1,3,0,-5,1.0,2.0
2022-04-02,2021,Celta,Real Madrid,A,0,4.0,3.6,1.9,1561.4866895518028,1802.214064313387,-240.72737476158431,155.85,770.75,-1.5933707287455814,-8,-9,-8,-4,-1,3,0.0,3.0
2022-04-02,2021,Ath Madrid,Alaves,H,2,1.33,4.8,10.0,1728.853471310523,1431.9249203179506,296.92855099257235,773.1,79.8,2.259724098683618,0,0,0,0,5,-3,2.0,1.0
2022-04-02,2021,Getafe,Mallorca,H,2,2.15,3.0,4.0,1501.817682438656,1413.3422095657477,88.47547287290831,208.68,74.15,1.0260964428161676,2,3,2,2,-1,-5,2.3333333333333335,0.3333333333333333
2022-04-02,2021,Levante,Villarreal,H,2,3.8,3.6,1.95,1422.3249931172757,1613.717790035038,-191.39279691776233,77.9,408.9,-1.647731999658463,-4,-3,-4,-3,-1,1,0.0,3.0
2022-04-03,2021,Betis,Osasuna,H,2,1.9,3.5,4.0,1626.9932038832003,1547.4982290546666,79.49497482853371,259.0,96.75,0.9782684321500525,3,4,3,4,0,-1,3.0,0.0
2022-04-03,2021,Granada,Vallecano,D,1,2.6,3.1,2.9,1470.2553910814572,1452.510829868494,17.744561212963163,103.75,67.2,0.4291319939528311,3,3,2,2,-2,-4,0.3333333333333333,2.3333333333333335
2022-04-03,2021,Valencia,Cadiz,D,1,1.85,3.3,4.75,1575.8048988761645,1482.9117646900563,92.89313418610823,310.6,47.65,1.857068505364579,2,3,2,2,2,1,0.6666666666666666,1.6666666666666667
2022-04-03,2021,Ath Bilbao,Elche,H,2,1.45,4.2,7.5,1571.8953481128824,1493.7713922233545,78.1239558895279,10.0,45.65,-1.444777654494982,4,3,4,5,0,-1,1.3333333333333333,1.3333333333333333
2022-04-03,2021,Barcelona,Sevilla,H,2,1.45,4.5,7.0,1772.0735343398674,1719.9771892975477,52.096345042319626,735.6,385.0,0.6462076345461343,2,1,-1,4,5,1,1.6666666666666667,0.6666666666666666
2022-04-04,2021,Sociedad,Espanol,H,2,1.6,4.0,5.75,1635.7064773878008,1493.4358225084136,142.27065487938717,376.95,131.6,1.0474248339864234,2,3,1,3,2,1,2.0,1.0
2022-04-08,2021,Sevilla,Granada,H,2,1.5,4.33,7.0,1711.154084683738,1465.3580183853503,245.7960662983876,385.0,103.75,1.3042608106625835,3,3,5,3,0,-1,1.0,2.0
2022-04-09,2021,Villarreal,Ath Bilbao,D,1,2.3,3.4,3.1,1594.8606042178487,1579.8148648984406,15.045739319408085,408.9,10.0,3.618017954711921,1,1,0,2,-1,0,0.6666666666666666,1.6666666666666667
2022-04-09,2021,Real Madrid,Getafe,H,2,1.4,4.5,8.5,1811.4501917697955,1509.3947834682353,302.0554083015602,770.75,208.68,1.3030781043671178,8,8,7,7,3,0,1.3333333333333333,1.3333333333333333
2022-04-09,2021,Cadiz,Betis,A,0,3.4,3.2,2.25,1490.4777750990286,1634.8668035424942,-144.38902844346558,47.65,259.0,-1.6760298223835135,-3,-4,-3,-4,1,0,0.3333333333333333,2.3333333333333335
2022-04-09,2021,Mallorca,Ath Madrid,H,2,4.0,3.4,1.95,1405.7651085361683,1731.6248986592223,-325.8597901230539,74.15,773.1,-2.3322149480116847,0,0,0,0,-5,5,1.0,2.0
2022-04-10,2021,Levante,Barcelona,A,0,6.0,5.0,1.45,1441.182178934465,1780.8966389536772,-339.7144600192123,77.9,735.6,-2.2338637761591364,-7,-6,-6,-5,0,5,0.3333333333333333,2.3333333333333335
2022-04-10,2021,Elche,Sociedad,A,0,3.9,3.4,2.0,1485.8518754377963,1641.6666045847073,-155.81472914691108,45.65,376.95,-2.0920889844448327,-4,-6,-2,-6,-3,2,0.0,3.0
2022-04-10,2021,Osasuna,Alaves,H,2,1.95,3.3,4.33,1539.6246293953727,1429.1534929692514,110.47113642612135,96.75,79.8,0.19043623333842508,0,0,0,0,-1,-3,2.3333333333333335,0.3333333333333333
2022-04-10,2021,Espanol,Celta,H,2,2.75,3.2,2.7,1487.475695311507,1552.2505620953943,-64.77486678388732,131.6,155.85,-0.16795285688492534,0,1,0,-2,0,-2,0.6666666666666666,1.6666666666666667
2022-04-11,2021,Vallecano,Valencia,D,1,2.2,3.3,3.3,1457.408202564601,1568.2388884671923,-110.83068590259131,67.2,310.6,-1.5192757491471767,-2,-3,-2,-2,-3,3,1.3333333333333333,1.3333333333333333
2022-04-15,2021,Sociedad,Betis,D,1,2.1,3.5,3.4,1654.27740696711,1647.9607348487752,6.316672118334736,376.95,259.0,0.37408028072265775,1,2,-1,2,2,2,1.3333333333333333,1.3333333333333333
2022-04-16,2021,Elche,Mallorca,H,2,2.7,3.0,2.9,1473.2410730553936,1429.3409328287346,43.900140226659005,45.65,74.15,-0.4768131889056306,0,0,0,0,-3,-3,1.0,1.0
2022-04-16,2021,Alaves,Vallecano,H,2,2.7,3.1,2.8,1422.2707877448577,1457.8756494557522,-35.60486171089451,79.8,67.2,0.16953240067763353,0,0,0,0,-4,-2,1.0,2.0
2022-04-16,2021,Valencia,Osasuna,A,0,2.15,3.2,3.7,1567.771441576041,1546.5073346197664,21.264106956274645,310.6,96.75,1.159307115131118,2,3,2,2,2,1,1.3333333333333333,1.3333333333333333
2022-04-16,2021,Getafe,Villarreal,A,0,3.1,3.1,2.5,1506.696704337047,1590.0675912173642,-83.37088688031713,208.68,408.9,-0.6703306684951409,-3,-1,-2,-5,-1,-2,0.0,3.0
2022-04-17,2021,Granada,Levante,A,0,2.37,3.4,3.0,1461.7520963720601,1435.15146255639,26.600633815670108,103.75,77.9,0.2833953309504187,2,2,2,-2,-2,-2,1.6666666666666667,0.6666666666666666
2022-04-17,2021,Ath Madrid,Espanol,H,2,1.4,4.5,8.5,1708.049074366656,1500.9600935333447,207.08898083331133,773.1,131.6,1.764363986458906,-2,-3,-1,-3,3,2,2.3333333333333335,0.3333333333333333
2022-04-17,2021,Ath Bilbao,Celta,A,0,1.75,3.6,5.0,1584.6078778989252,1538.7661638735567,45.84171402536845,10.0,155.85,-2.6573946618383166,2,1,3,0,1,-2,1.3333333333333333,1.3333333333333333
2022-04-17,2021,Sevilla,Real Madrid,A,0,3.0,3.4,2.4,1714.760006697028,1814.1482709009838,-99.38826420395571,385.0,770.75,-0.6928232939174377,-4,-5,-2,-4,0,3,0.3333333333333333,2.3333333333333335
2022-04-18,2021,Barcelona,Cadiz,A,0,1.2,6.5,15.0,1786.927355331752,1477.3838437927475,309.5435115390046,735.6,47.65,2.717393195378951,8,7,6,9,5,0,0.6666666666666666,1.6666666666666667
2022-04-19,2021,Mallorca,Alaves,H,2,1.95,3.3,4.2,1420.221147598734,1434.5220298051722,-14.300882206438246,74.15,79.8,-0.07249084932806671,0,0,0,0,-3,-3,2.0,1.0
2022-04-19,2021,Villarreal,Valencia,H,2,1.44,4.75,6.5,1605.784980024489,1547.738767473871,58.046212550618066,408.9,310.6,0.2741929135136987,3,1,2,5,0,0,1.0,2.0
2022-04-19,2021,Betis,Elche,A,0,1.55,4.0,6.0,1652.4126961165648,1482.3608582853942,170.0518378311706,259.0,45.65,1.718008703722175,3,4,3,4,3,-1,2.3333333333333335,0.3333333333333333
2022-04-20,2021,Celta,Getafe,A,0,2.15,3.1,3.75,1559.7171655676423,1490.9793155299224,68.73785003771991,155.85,208.68,-0.2902926243784636,0,-1,-1,3,-2,-1,2.3333333333333335,0.3333333333333333
2022-04-20,2021,Osasuna,Real Madrid,A,0,5.0,3.75,1.66,1566.5400087219366,1829.174681631032,-262.63467290909534,96.75,770.75,-2.0662474645167936,-10,-11,-9,-9,1,3,0.6666666666666666,1.6666666666666667
2022-04-20,2021,Ath Madrid,Granada,D,1,1.3,5.25,10.0,1712.4237591391798,1441.5160253302968,270.907733808883,773.1,103.75,2.0001245054084205,-3,-3,-2,-2,3,-2,2.0,1.0
2022-04-21,2021,Espanol,Vallecano,A,0,2.37,3.2,3.1,1496.5854087608209,1445.6244073954376,50.961001365383254,131.6,67.2,0.6648925129023455,2,3,1,3,0,-2,1.3333333333333333,1.3333333333333333
2022-04-21,2021,Levante,Sevilla,A,0,3.5,3.5,2.1,1455.3875335981534,1699.73359596698,-244.34606236882655,77.9,385.0,-1.5876561416130022,-5,-5,-7,-1,0,-1,0.0,3.0
2022-04-21,2021,Cadiz,Ath Bilbao,A,0,3.4,3.0,2.3,1504.7897515620316,1563.6568762048396,-58.867124642807994,47.65,10.0,1.4867565358336434,-4,-3,-4,-5,0,-1,2.0,1.0
2022-04-21,2021,Sociedad,Barcelona,A,0,3.5,3.5,2.1,1649.8254456993204,1759.521447562468,-109.69600186314756,376.95,735.6,-0.6672830922727799,-4,-1,-4,-3,3,3,0.0,3.0
2022-04-24,2021,Barcelona,Vallecano,A,0,1.3,5.5,10.0,1774.1029461521607,1466.7605432896912,307.3424028624695,735.6,67.2,2.379600439161549,8,7,6,9,3,-1,2.0,1.0
2022-04-29,2021,Sevilla,Cadiz,D,1,1.65,3.5,6.0,1708.837095949626,1488.0221531983502,220.8149427512758,385.0,47.65,2.071185560832817,6,6,7,5,0,0,3.0,0.0
2022-04-30,2021,Ath Bilbao,Ath Madrid,H,2,3.0,3.0,2.55,1580.424474568521,1700.5956662912083,-120.17119172268735,10.0,773.1,-4.253805791412297,4,3,4,5,1,2,1.3333333333333333,1.3333333333333333
2022-04-30,2021,Valencia,Levante,D,1,2.2,3.5,3.2,1539.1274655193085,1446.2840336155073,92.84343190380127,310.6,77.9,1.3735390861447643,1,2,2,-2,-1,-1,2.0,1.0
2022-04-30,2021,Alaves,Villarreal,H,2,3.4,3.5,2.1,1423.1487032934635,1614.3962819790513,-191.24757868558777,79.8,408.9,-1.6239362619832418,-5,-4,-4,-7,-3,0,1.0,2.0
2022-04-30,2021,Real Madrid,Espanol,H,2,1.5,4.5,6.0,1837.62473590572,1475.4492728665673,362.17546303915265,770.75,131.6,1.7613235856305067,8,8,8,6,3,-1,2.0,1.0
2022-05-01,2021,Elche,Osasuna,D,1,2.8,3.2,2.7,1507.127927173881,1558.0899544472486,-50.96202727336754,45.65,96.75,-0.7397402715721224,0,0,0,0,-1,1,0.6666666666666666,1.6666666666666667
2022-05-01,2021,Granada,Celta,D,1,2.8,3.2,2.62,1453.3441181782682,1537.9556113027513,-84.6114931244831,103.75,155.85,-0.4037133758344398,1,1,1,-3,-1,-2,0.3333333333333333,2.3333333333333335
2022-05-01,2021,Vallecano,Sociedad,D,1,3.3,3.1,2.37,1494.1362667500196,1635.2439471096277,-141.10768035960814,67.2,376.95,-1.712317346888769,-4,-6,-2,-6,1,1,0.6666666666666666,1.6666666666666667
2022-05-01,2021,Barcelona,Mallorca,H,2,1.3,5.5,9.0,1746.7272226918324,1431.5944741104427,315.1327485813897,735.6,74.15,2.282558887811982,8,7,6,9,1,-1,3.0,0.0
2022-05-02,2021,Getafe,Betis,D,1,2.75,3.1,2.7,1512.7408697948133,1627.645627228078,-114.90475743326465,208.68,259.0,-0.2150990720003767,-1,-1,-1,-2,0,1,1.0,2.0
2022-05-06,2021,Levante,Sociedad,H,2,3.3,3.6,2.1,1453.848444028679,1633.477421405762,-179.62897737708295,77.9,376.95,-1.5665806838863565,-3,-5,-2,-2,0,1,1.0,2.0
2022-05-07,2021,Betis,Barcelona,A,0,3.0,3.6,2.25,1627.0025315821777,1749.2460765467347,-122.24354496455703,259.0,735.6,-1.0413633729954377,-5,-3,-3,-5,1,1,1.0,2.0
2022-05-07,2021,Celta,Alaves,H,2,1.9,3.4,4.33,1538.6195524441675,1442.0000334754623,96.61951896870528,155.85,79.8,0.6633129691096373,2,2,1,5,-2,-1,3.0,0.0
2022-05-07,2021,Cadiz,Elche,H,2,1.7,3.75,5.0,1498.9345378192163,1505.024735257622,-6.090197438405767,47.65,45.65,0.041978881338661456,0,0,0,0,-1,0,0.3333333333333333,2.3333333333333335
2022-05-07,2021,Ath Bilbao,Valencia,D,1,1.55,4.0,6.5,1596.294357779519,1531.5630551061367,64.73130267338229,10.0,310.6,-3.3438250411982224,2,0,2,3,2,-2,1.0,1.0
2022-05-07,2021,Mallorca,Granada,A,0,1.95,3.5,4.0,1429.0756202555403,1452.680177036852,-23.604556781311658,74.15,103.75,-0.33209044260326426,-3,-3,-2,-2,-1,-2,0.0,3.0
2022-05-08,2021,Espanol,Osasuna,D,1,2.3,3.3,3.2,1473.488921543064,1560.1931463635076,-86.70422482044364,131.6,96.75,0.3049238788862869,2,3,1,3,-3,0,0.3333333333333333,2.3333333333333335
2022-05-08,2021,Ath Madrid,Real Madrid,H,2,2.1,3.5,3.5,1684.7257830802102,1839.5850872292233,-154.85930414901304,773.1,770.75,0.0030404008283992923,-10,-11,-9,-9,0,5,0.3333333333333333,2.3333333333333335
2022-05-08,2021,Getafe,Vallecano,D,1,2.05,3.1,4.2,1513.3839654407136,1495.9027924538852,17.48117298682837,208.68,67.2,1.1231379941657345,2,3,2,2,0,1,2.0,1.0
2022-05-08,2021,Villarreal,Sevilla,D,1,2.3,3.3,3.1,1595.5449517970526,1697.92471132876,-102.37975953170735,408.9,385.0,0.060075858045460784,-1,-2,-3,2,0,0,1.0,2.0
2022-05-10,2021,Valencia,Betis,A,0,3.1,3.4,2.2,1538.1860665593106,1612.9615526856292,-74.77548612631858,310.6,259.0,0.1810386829810655,-1,-1,-1,-2,-2,-1,0.3333333333333333,2.3333333333333335
2022-05-10,2021,Granada,Ath Bilbao,H,2,3.2,3.3,2.25,1470.926286070531,1589.6713463263452,-118.74506025581422,103.75,10.0,2.253681286003877,-1,0,-2,-3,-1,1,1.3333333333333333,1.3333333333333333
2022-05-10,2021,Barcelona,Celta,H,2,1.44,5.0,6.0,1763.2870554432832,1545.934242389506,217.35281305377725,735.6,155.85,1.546755069374278,6,5,5,4,1,0,1.3333333333333333,1.3333333333333333
2022-05-11,2021,Sevilla,Mallorca,D,1,1.61,4.0,5.5,1697.8219704575483,1410.8295112218614,286.99245923568697,385.0,74.15,1.6363512532658477,6,6,7,5,1,-1,2.3333333333333335,0.3333333333333333
2022-05-11,2021,Osasuna,Getafe,D,1,2.7,2.9,3.0,1560.7668910720768,1508.4967544895292,52.27013658254759,96.75,208.68,-0.7631693601496758,-2,-3,-2,-2,1,-1,0.3333333333333333,2.3333333333333335
2022-05-11,2021,Alaves,Espanol,H,2,2.1,3.4,3.5,1434.6853435301239,1472.9151768344948,-38.22983330437091,79.8,131.6,-0.495360112224712,-2,-3,-1,-3,-1,-2,0.3333333333333333,2.3333333333333335
2022-05-11,2021,Elche,Ath Madrid,A,0,6.0,3.6,1.65,1493.983212929555,1702.0747606597486,-208.0915477301935,45.65,773.1,-2.8090281369173153,0,0,0,0,0,0,0.0,3.0
2022-05-12,2021,Vallecano,Villarreal,A,0,4.2,3.8,1.8,1500.7900034050697,1595.6476926682642,-94.85768926319452,67.2,408.9,-1.7934686626608753,-5,-4,-4,-7,1,1,0.3333333333333333,2.3333333333333335
2022-05-12,2021,Real Madrid,Levante,H,2,1.45,5.25,5.5,1822.236109649685,1472.2273467663588,350.0087628833262,770.75,77.9,2.28047943553044,9,10,9,5,3,0,1.3333333333333333,1.3333333333333333
2022-05-12,2021,Sociedad,Cadiz,H,2,1.66,3.6,5.5,1615.0985186680823,1509.9760601472833,105.122458520799,376.95,47.65,2.0501101031061713,4,6,2,6,-1,0,3.0,0.0
2022-05-14,2021,Espanol,Valencia,D,1,2.5,3.4,2.8,1460.5542615619036,1522.0989461710992,-61.544684609195656,131.6,310.6,-0.8543832362448311,0,0,-1,1,-4,-3,1.0,2.0
2022-05-15,2021,Cadiz,Real Madrid,D,1,3.3,3.3,2.2,1502.928699630251,1824.3287600716533,-321.4000604414023,47.65,770.75,-2.7640088547502546,-10,-11,-9,-9,0,3,1.3333333333333333,1.3333333333333333
2022-05-15,2021,Ath Bilbao,Osasuna,H,2,1.53,4.2,6.0,1573.8628413566905,1554.5837661267922,19.279075229898353,10.0,96.75,-2.1845179260671044,4,3,4,5,0,0,1.3333333333333333,1.3333333333333333
2022-05-15,2021,Ath Madrid,Sevilla,D,1,2.25,3.0,3.6,1712.55302826627,1685.7406637963797,26.812364469890326,773.1,385.0,0.695863694745837,-6,-6,-7,-5,2,0,1.0,2.0
2022-05-15,2021,Betis,Granada,H,2,1.5,4.33,6.0,1629.0486730738405,1486.7347910401857,142.31388203365486,259.0,103.75,0.9091050722132801,0,1,1,2,-1,1,2.0,1.0
2022-05-15,2021,Levante,Alaves,H,2,2.8,3.8,2.25,1470.1346963443905,1447.046258802715,23.088437541675376,77.9,79.8,-0.02379573767522114,1,1,0,4,0,1,0.6666666666666666,1.6666666666666667
2022-05-15,2021,Celta,Elche,H,2,1.65,3.8,5.5,1541.7757507964377,1483.5049453230336,58.27080547340415,155.85,45.65,1.2126170073433347,2,2,1,5,0,0,1.3333333333333333,1.3333333333333333
2022-05-15,2021,Getafe,Barcelona,D,1,3.75,3.25,2.1,1514.6798794348138,1767.4455470363514,-252.76566760153764,208.68,735.6,-1.2564624449958144,-6,-4,-4,-7,0,3,1.0,2.0
2022-05-15,2021,Mallorca,Vallecano,H,2,1.57,3.8,6.5,1422.91081788303,1485.5680082142421,-62.65719033121218,74.15,67.2,0.09704155134956682,0,0,0,0,-2,1,0.3333333333333333,2.3333333333333335
2022-05-15,2021,Villarreal,Sociedad,A,0,2.1,3.6,3.3,1610.8696878590918,1622.1458791851146,-11.276191326022854,408.9,376.95,0.08115131577210644,1,-2,2,1,2,-1,1.6666666666666667,0.6666666666666666
2022-05-20,2021,Real Madrid,Betis,D,1,1.65,4.5,4.33,1815.8834933780395,1635.0076119156936,180.8758814623459,770.75,259.0,1.087979032366741,7,7,6,5,2,0,2.3333333333333335,0.3333333333333333
2022-05-20,2021,Vallecano,Levante,A,0,1.85,4.0,3.8,1472.1740472255926,1480.0322492818411,-7.858202056248501,67.2,77.9,-0.1457366630024124,-1,-1,0,-4,-1,0,1.3333333333333333,1.3333333333333333
2022-05-21,2021,Valencia,Celta,H,2,2.75,3.3,2.62,1523.7524488646363,1550.3791174380021,-26.626668573365805,310.6,155.85,0.6864303793599058,0,1,1,-3,-2,0,2.0,1.0
2022-05-22,2021,Osasuna,Mallorca,A,0,3.3,3.4,2.2,1544.5402414441915,1436.3047788716794,108.235462572512,96.75,74.15,0.2629270826664918,0,0,0,0,-2,0,1.6666666666666667,0.6666666666666666
2022-05-22,2021,Elche,Getafe,H,2,3.1,2.87,2.62,1474.9015786814691,1520.8807525858792,-45.97917390441012,45.65,208.68,-1.5029096317217983,-2,-3,-2,-2,-2,1,1.3333333333333333,1.3333333333333333
2022-05-22,2021,Alaves,Cadiz,A,0,4.2,3.7,1.83,1437.1487058652644,1511.3739663238648,-74.22526045860036,79.8,47.65,0.5073251568950359,0,0,0,0,-1,-1,1.3333333333333333,1.3333333333333333
2022-05-22,2021,Granada,Espanol,D,1,1.44,4.33,7.5,1480.7758521983326,1458.9007588683664,21.87509332996615,103.75,131.6,-0.23576051894951444,1,0,1,-1,1,-3,2.0,1.0
2022-05-22,2021,Barcelona,Villarreal,A,0,2.1,4.0,3.0,1761.244673885286,1592.1203229684895,169.1243509167964,735.6,408.9,0.5861317765006735,3,3,2,2,2,0,3.0,0.0
2022-05-22,2021,Sociedad,Ath Madrid,A,0,2.62,3.3,2.7,1640.8952440757168,1707.308931642108,-66.41368756639122,376.95,773.1,-0.7169391524724826,4,6,2,6,0,1,0.3333333333333333,2.3333333333333335
2022-05-22,2021,Sevilla,Ath Bilbao,H,2,2.5,3.3,2.87,1690.9847604205418,1583.9063660392912,107.07839438125052,385.0,10.0,3.5579420966664603,2,3,3,0,1,2,1.0,2.0
2022-08-12,2022,Osasuna,Sevilla,H,2,3.2,3.1,2.4,1521.4914399537831,1697.9715939172468,-176.48015396346364,108.45,232.58,-0.7580568068815481,-6,-6,-8,-6,-2,1,0.3333333333333333,2.3333333333333335
2022-08-13,2022,Celta,Espanol,D,1,1.8,3.75,4.75,1538.5006304438286,1463.9568281800305,74.54380226379817,120.0,116.5,0.0293522120125278,-2,-2,0,-7,0,-2,1.3333333333333333,1.3333333333333333
2022-08-13,2022,Valladolid,Villarreal,A,0,3.9,3.6,1.9,1439.9683300573886,1616.8642863028115,-176.8959562454229,90.75,363.5,-1.379459064514033,-5,-4,-4,-6,-4,0,0.3333333333333333,2.3333333333333335
2022-08-13,2022,Barcelona,Vallecano,D,1,1.22,7.0,12.0,1736.500710550964,1453.2866794604802,283.2140310904838,836.8,67.2,2.508334843663518,8,10,6,8,2,-3,1.0,2.0
2022-08-14,2022,Cadiz,Sociedad,A,0,3.6,3.2,2.2,1527.4847143561958,1624.449706420184,-96.96499206398812,67.8,441.7,-1.8616885947987978,-5,-6,-3,-6,1,0,0.0,3.0
2022-08-14,2022,Valencia,Girona,H,2,1.85,3.4,4.5,1535.6309358588098,1446.8822595816612,88.74867627714866,249.78,139.9,0.5765256418577573,2,1,4,3,0,-3,2.0,1.0
2022-08-14,2022,Almeria,Real Madrid,A,0,7.5,5.0,1.4,1388.1177134989398,1805.8526795347589,-417.73496603581907,114.2,923.45,-2.082529217814571,-9,-11,-8,-10,-4,1,0.0,3.0
2022-08-15,2022,Betis,Elche,H,2,1.44,4.5,7.0,1645.0384257589742,1487.5879266551308,157.4504991038434,246.4,72.98,1.20721167355408,4,4,3,5,1,-2,1.3333333333333333,1.3333333333333333
2022-08-15,2022,Getafe,Ath Madrid,A,0,5.0,3.1,1.9,1508.1944046122176,1723.754469297641,-215.5600646854234,118.9,661.8,-1.7098152235189392,1,1,0,0,-1,2,0.3333333333333333,2.3333333333333335
2022-08-15,2022,Ath Bilbao,Mallorca,D,1,1.6,3.75,6.5,1576.9195325425862,1459.3535803620878,117.56595218049847,10.0,74.15,-1.9215908434006126,4,2,4,3,0,0,2.0,1.0
2022-08-19,2022,Sevilla,Valladolid,D,1,1.5,4.2,6.5,1679.7219990877609,1428.235029552478,251.48696953528292,232.58,90.75,0.9344571439157399,6,6,8,6,0,-5,1.0,1.0
2022-08-19,2022,Espanol,Vallecano,A,0,2.45,3.1,3.1,1470.9166007676379,1465.3101755575542,5.606425210083671,116.5,67.2,0.5439937687347971,2,2,0,7,-1,-3,1.0,2.0
2022-08-20,2022,Mallorca,Betis,A,0,3.1,3.2,2.4,1467.6850848419253,1650.5921723697702,-182.90708752784485,74.15,246.4,-1.1915203437594046,-4,-4,-3,-5,1,2,0.6666666666666666,1.6666666666666667
2022-08-20,2022,Celta,Real Madrid,A,0,4.5,4.2,1.66,1531.5408578562212,1810.0032974056555,-278.4624395494343,120.0,923.45,-2.0334084204796206,-9,-11,-8,-10,0,1,0.0,3.0
2022-08-20,2022,Osasuna,Cadiz,H,2,1.9,3.25,4.5,1539.741034783269,1512.3536858634538,27.387348919815167,108.45,67.8,0.464264079029574,0,0,0,0,-1,0,3.0,0.0
2022-08-21,2022,Ath Madrid,Villarreal,A,0,1.85,3.5,4.33,1733.9415277261314,1628.597586807722,105.34394091840932,661.8,363.5,0.5979467341036946,-5,-4,-4,-6,4,2,1.6666666666666667,0.6666666666666666
2022-08-21,2022,Sociedad,Barcelona,A,0,3.3,3.6,2.1,1639.580734912926,1724.47721445389,-84.89647954096404,441.7,836.8,-0.6378870687748392,-3,-4,-3,-2,1,1,0.0,3.0
2022-08-21,2022,Ath Bilbao,Valencia,H,2,1.8,3.75,4.5,1568.5880280627487,1543.1991336841959,25.388894378552777,10.0,249.78,-3.1266807879640215,2,1,0,0,-1,1,1.0,1.0
2022-08-22,2022,Girona,Getafe,H,2,2.8,2.9,2.9,1439.3140617562751,1498.0073461837271,-58.693284427452,139.9,118.9,0.1613923568711666,-1,-1,0,0,-3,-2,0.6666666666666666,1.6666666666666667
2022-08-22,2022,Elche,Almeria,D,1,2.5,3.2,3.0,1482.0341800443348,1383.9670956280431,98.06708441629166,72.98,114.2,-0.4428749618574832,0,0,0,0,-3,-4,2.3333333333333335,0.3333333333333333
2022-08-26,2022,Girona,Celta,A,0,2.8,3.1,2.75,1452.5390627643487,1523.6326932592572,-71.09363049490844,139.9,120.0,0.15225987330789348,0,0,0,0,-3,-2,2.0,1.0
2022-08-26,2022,Betis,Osasuna,H,2,1.8,3.6,4.75,1662.0792125426865,1549.4751608188017,112.60405172388482,246.4,108.45,0.8155386359895163,4,4,3,5,4,0,3.0,0.0
2022-08-27,2022,Elche,Sociedad,A,0,3.6,3.2,2.15,1474.3028777360703,1623.9290739616633,-149.62619622559305,72.98,441.7,-1.7890975533337876,-5,-6,-3,-6,-2,1,0.0,3.0
2022-08-27,2022,Vallecano,Mallorca,A,0,2.05,3.25,4.0,1484.7341572009263,1456.198044669009,28.536112531917297,67.2,74.15,-0.09704155134956682,0,0,0,0,-2,1,1.3333333333333333,1.3333333333333333
2022-08-27,2022,Almeria,Sevilla,H,2,3.6,3.25,2.15,1391.6983979363076,1668.2252779681453,-276.52688003183766,114.2,232.58,-0.7068548825886287,-6,-6,-8,-6,-4,0,0.0,3.0
2022-08-28,2022,Getafe,Villarreal,D,1,4.33,3.4,1.85,1484.7823451756535,1651.557098335272,-166.7747531596185,118.9,363.5,-1.1118684894152446,-4,-3,-4,-6,-3,3,0.0,3.0
2022-08-28,2022,Barcelona,Valladolid,H,2,1.14,8.5,15.0,1740.1288754051525,1439.7317506720935,300.39712473305894,836.8,90.75,2.211711921578255,8,10,6,8,1,-4,3.0,0.0
2022-08-28,2022,Espanol,Real Madrid,A,0,6.5,4.75,1.45,1451.4926191242657,1817.9114620026196,-366.41884287835387,116.5,923.45,-2.0627606324921484,-7,-9,-8,-3,-2,3,1.0,2.0
2022-08-29,2022,Cadiz,Ath Bilbao,A,0,3.6,3.2,2.15,1502.6195598279212,1578.3979532025967,-75.77839337467549,67.8,10.0,1.833308472140927,-4,-2,-4,-3,-2,0,1.0,2.0
2022-08-29,2022,Valencia,Ath Madrid,A,0,4.0,3.3,2.0,1533.3892085443479,1710.9820161985815,-177.59280765423364,249.78,661.8,-0.9718972247900153,2,1,4,3,0,2,0.3333333333333333,2.3333333333333335
2022-09-02,2022,Celta,Cadiz,H,2,1.66,3.6,5.5,1539.8778099301817,1486.5755198877746,53.302290042407094,120.0,67.8,0.5645868006574437,0,0,0,0,0,-2,0.6666666666666666,1.6666666666666667
2022-09-03,2022,Sociedad,Ath Madrid,D,1,2.9,3.2,2.55,1636.8009915969849,1722.686670659013,-85.8856790620282,441.7,661.8,-0.40358094581431203,5,6,3,6,1,2,0.3333333333333333,2.3333333333333335
2022-09-03,2022,Sevilla,Barcelona,A,0,4.5,3.6,1.8,1646.1984988659265,1742.8504855782737,-96.65198671234725,232.58,836.8,-1.277254777662515,-2,-4,2,-2,-1,1,0.3333333333333333,2.3333333333333335
2022-09-03,2022,Mallorca,Girona,D,1,2.15,3.2,3.6,1476.5073518530555,1436.2939460934242,40.213405759631314,74.15,139.9,-0.6285643027056516,0,0,0,0,2,-3,1.5,1.5
2022-09-03,2022,Real Madrid,Betis,H,2,1.4,5.25,6.5,1823.2353572123748,1668.8970157201506,154.33834149222412,923.45,246.4,1.318192506117974,5,7,5,5,3,4,1.6666666666666667,0.6666666666666666
2022-09-04,2022,Osasuna,Vallecano,H,2,2.0,3.1,4.33,1542.6573576413375,1464.4248500168799,78.23250762445764,108.45,67.2,0.4730232591194552,0,0,0,0,-1,-2,2.0,1.0
2022-09-04,2022,Ath Bilbao,Espanol,A,0,1.53,4.0,6.5,1594.4419931427433,1446.1687239145106,148.27326922823272,10.0,116.5,-2.368543060785843,2,0,4,-4,2,-2,1.6666666666666667,0.6666666666666666
2022-09-04,2022,Villarreal,Elche,H,2,1.33,5.0,10.0,1648.7091801299646,1461.4309601007487,187.27822002921584,363.5,72.98,1.594731765044405,5,4,4,6,2,-2,1.3333333333333333,1.3333333333333333
2022-09-04,2022,Valencia,Getafe,H,2,1.9,3.2,4.5,1521.6845540839163,1487.630263380961,34.05429070295531,249.78,118.9,0.7379179987289239,1,0,4,3,0,-3,1.3333333333333333,1.3333333333333333
2022-09-05,2022,Valladolid,Almeria,H,2,2.3,3.3,3.1,1437.0101404989723,1413.7251770385265,23.28496346044585,90.75,114.2,-0.22760226132711114,0,0,0,0,-4,-2,1.5,1.5
2022-09-09,2022,Girona,Valladolid,H,2,2.25,3.25,3.4,1442.038894492076,1446.9001919481186,-4.861297456042621,139.9,90.75,0.42898293196995496,0,0,0,0,-2,-2,0.5,2.0
2022-09-10,2022,Vallecano,Valencia,H,2,2.62,3.1,2.87,1456.5089750172149,1531.1680376458205,-74.65906262860562,67.2,249.78,-1.3021314959129757,-2,-1,-4,-3,-2,1,1.6666666666666667,0.6666666666666666
2022-09-10,2022,Espanol,Sevilla,A,0,2.87,3.25,2.5,1470.3719099176728,1631.0539579870037,-160.6820480693309,116.5,232.58,-0.6870862972662062,-4,-4,-8,1,-1,-2,0.6666666666666666,1.6666666666666667
2022-09-10,2022,Ath Madrid,Celta,H,2,1.61,3.8,6.0,1723.2956998809045,1548.6577404119273,174.63795946897721,661.8,120.0,1.700682739955666,0,0,0,0,2,0,2.3333333333333335,0.3333333333333333
2022-09-10,2022,Cadiz,Barcelona,A,0,13.0,6.5,1.22,1477.795589406029,1757.9950264571964,-280.1994370511675,67.8,836.8,-2.499575663573637,-8,-10,-6,-8,-3,2,1.6666666666666667,0.6666666666666666
2022-09-11,2022,Real Madrid,Mallorca,H,2,1.25,6.0,11.0,1828.870637964767,1470.7624034544037,358.1082345103632,923.45,74.15,2.5097128498773786,9,11,8,10,4,1,3.0,0.0
2022-09-11,2022,Elche,Ath Bilbao,A,0,4.0,3.6,1.9,1456.612700528643,1570.238807139581,-113.626106610938,72.98,10.0,1.9058995136059371,-4,-2,-4,-3,-2,0,1.3333333333333333,1.3333333333333333
2022-09-11,2022,Getafe,Sociedad,H,2,3.75,3.0,2.15,1478.1467798190567,1636.1919623750935,-158.0451825560367,118.9,441.7,-1.3062342777046272,-4,-5,-3,-6,-4,0,0.6666666666666666,1.6666666666666667
2022-09-11,2022,Betis,Villarreal,H,2,2.8,3.4,2.5,1663.2617349677585,1653.5274397020703,9.73429526568816,246.4,363.5,-0.38752009149032496,-1,0,-1,-1,2,4,1.0,2.0
2022-09-12,2022,Almeria,Osasuna,A,0,2.6,3.25,2.75,1403.8351255893801,1550.5732326410025,-146.73810705162236,114.2,108.45,0.051201924292919365,0,0,0,0,-2,1,2.0,1.0
2022-09-16,2022,Valladolid,Cadiz,A,0,2.0,3.25,4.0,1435.907984320068,1469.9455162561417,-34.03753193607372,90.75,67.8,0.2878637419953822,0,0,0,0,-2,-5,1.0,1.0
2022-09-17,2022,Barcelona,Elche,H,2,1.08,11.0,26.0,1765.8450996070837,1442.2006854042,323.6444142028838,836.8,72.98,2.426984622108627,8,10,6,8,4,-4,3.0,0.0
2022-09-17,2022,Mallorca,Almeria,H,2,2.0,3.3,4.0,1468.758714846078,1390.8408873835842,77.91782746249373,74.15,114.2,-0.42718363206280774,0,0,0,0,-1,-2,1.5,1.5
2022-09-17,2022,Ath Bilbao,Vallecano,H,2,1.53,4.0,6.5,1584.650822264024,1470.416854745781,114.23396751824316,10.0,67.2,-1.8245492920510458,4,2,4,3,2,0,2.0,1.0
2022-09-17,2022,Valencia,Celta,H,2,2.3,3.2,3.3,1517.2601579172544,1543.537882019803,-26.277724102548518,249.78,120.0,0.7287855151656508,2,1,4,3,-1,0,3.0,0.0
2022-09-18,2022,Osasuna,Getafe,A,0,1.8,3.4,5.0,1563.5674708467984,1495.6297336472026,67.93773719959586,108.45,118.9,-0.09119023806459658,-1,-1,0,0,3,-2,0.6666666666666666,1.6666666666666667
2022-09-18,2022,Villarreal,Sevilla,D,1,1.7,3.8,5.0,1643.1135580757134,1643.460421888815,-0.34686381310166325,363.5,232.58,0.44500192059829313,-1,-2,-4,0,2,-2,1.3333333333333333,1.3333333333333333
2022-09-18,2022,Betis,Girona,H,2,1.75,3.6,5.0,1673.6756165941154,1453.0311021201267,220.6445144739887,246.4,139.9,0.5629560410537531,4,4,3,5,3,0,3.0,0.0
2022-09-18,2022,Sociedad,Espanol,H,2,1.7,3.6,5.0,1618.7090085469476,1457.9654460158615,160.74356253108613,441.7,116.5,1.3264540061538819,3,4,3,-1,0,-2,2.0,1.0
2022-09-18,2022,Ath Madrid,Real Madrid,A,0,3.1,3.4,2.3,1728.4155582730289,1830.8743265730927,-102.45876830006387,661.8,923.45,-0.33272568052395446,-9,-11,-8,-10,2,5,1.3333333333333333,1.3333333333333333
2022-09-30,2022,Ath Bilbao,Almeria,H,2,1.33,5.0,9.5,1591.4193210568078,1382.9144522695358,208.50486878727202,10.0,114.2,-2.3487744754634203,4,2,4,3,3,-2,2.3333333333333335,0.3333333333333333
2022-10-01,2022,Mallorca,Barcelona,A,0,9.0,5.0,1.36,1476.6851499601264,1768.2531794843155,-291.5680295241891,74.15,836.8,-2.4112932923139514,-8,-10,-6,-8,0,5,0.0,3.0
2022-10-01,2022,Sevilla,Ath Madrid,A,0,3.0,3.2,2.5,1647.6485678674499,1713.52171006157,-65.87314219412019,232.58,661.8,-1.0429486547019877,6,6,8,6,-1,0,2.3333333333333335,0.3333333333333333
2022-10-01,2022,Getafe,Valladolid,A,0,2.3,3.0,3.5,1517.3637347671383,1418.0938860838435,99.26984868329487,118.9,90.75,0.26759057509878836,1,1,0,0,0,-2,0.3333333333333333,2.3333333333333335
2022-10-01,2022,Cadiz,Villarreal,D,1,6.0,4.0,1.57,1487.7596144923662,1638.9254120970786,-151.16579760471245,67.8,363.5,-1.6673228065094152,-5,-4,-4,-6,-3,1,1.3333333333333333,1.3333333333333333
2022-10-02,2022,Girona,Sociedad,A,0,3.25,3.2,2.3,1448.9400216992012,1624.1774774678083,-175.2374557686071,139.9,441.7,-1.1448419208334606,-5,-6,-3,-6,0,0,0.6666666666666666,1.6666666666666667
2022-10-02,2022,Espanol,Valencia,D,1,2.62,3.3,2.7,1452.4969770950008,1529.1242351948351,-76.62725809983431,116.5,249.78,-0.7581377271781786,0,1,-4,4,-3,-1,1.3333333333333333,1.3333333333333333
2022-10-02,2022,Celta,Betis,H,2,2.45,3.4,2.87,1531.6738047422223,1677.7666970150408,-146.09289227281852,120.0,246.4,-0.7152159143616466,-4,-4,-3,-5,-1,3,1.3333333333333333,1.3333333333333333
2022-10-02,2022,Real Madrid,Osasuna,D,1,1.3,5.5,9.5,1845.7681747845515,1541.8334697268626,303.9347050576889,923.45,108.45,2.1337311421074903,9,11,8,10,5,1,2.3333333333333335,0.3333333333333333
2022-10-03,2022,Vallecano,Elche,H,2,1.72,3.6,5.25,1463.6483559529972,1439.7926055269681,23.85575042602909,67.2,72.98,-0.08135022155489136,0,0,0,0,-1,-4,1.0,2.0
2022-10-07,2022,Osasuna,Valencia,A,0,2.4,3.2,3.1,1554.1618360575865,1530.1317981127618,24.0300379448247,108.45,249.78,-0.8291082367935205,-2,-1,-4,-3,0,0,2.0,1.0
2022-10-08,2022,Getafe,Real Madrid,A,0,6.5,4.5,1.5,1494.594367976194,1833.4398084538277,-338.8454404776337,118.9,923.45,-2.0425409040428937,-8,-10,-8,-10,0,4,1.3333333333333333,1.3333333333333333
2022-10-08,2022,Sevilla,Ath Bilbao,D,1,3.0,3.3,2.4,1631.1799132100662,1595.7636372111497,35.41627599891649,232.58,10.0,3.055629358052049,2,4,4,3,-2,3,2.0,1.0
2022-10-08,2022,Almeria,Vallecano,H,2,2.9,3.3,2.55,1378.570136115194,1473.5166365905252,-94.94650047533128,114.2,67.2,0.5242251834123746,0,0,0,0,-3,-1,0.0,3.0
2022-10-08,2022,Ath Madrid,Girona,H,2,1.45,4.33,7.5,1729.9903647189537,1437.1384435169055,292.8519212020483,661.8,139.9,1.5484228666477726,0,0,0,0,2,-2,1.6666666666666667,0.6666666666666666
2022-10-09,2022,Barcelona,Celta,H,2,1.28,6.0,9.0,1775.7299052388043,1548.652201689444,227.07770354936042,836.8,120.0,1.9349888629161933,8,10,6,8,5,1,1.3333333333333333,1.3333333333333333
2022-10-09,2022,Sociedad,Villarreal,H,2,2.5,3.4,2.75,1635.979055650104,1636.7322390326165,-0.7531833825123613,441.7,363.5,0.19436578828938256,0,2,-1,0,2,0,1.3333333333333333,1.3333333333333333
2022-10-09,2022,Valladolid,Betis,D,1,2.8,3.4,2.4,1440.8632528747878,1660.7883000678191,-219.92504719303133,90.75,246.4,-0.991938973023708,-4,-4,-3,-5,-1,1,1.3333333333333333,1.3333333333333333
2022-10-09,2022,Cadiz,Espanol,D,1,2.87,3.2,2.55,1489.9527875568283,1451.4894141770742,38.4633733797541,67.8,116.5,-0.5352345886449159,-2,-2,0,-7,-2,-2,0.5,2.0
2022-10-10,2022,Elche,Mallorca,D,1,3.0,3.1,2.5,1429.9243248894402,1469.2084242056376,-39.2840993161974,72.98,74.15,-0.015691329794675468,0,0,0,0,-5,0,2.0,0.5
2022-10-14,2022,Vallecano,Getafe,D,1,2.05,3.2,3.8,1458.7347983185134,1488.5395116093803,-29.804713290866857,67.2,118.9,-0.5642134971840518,-1,-1,0,0,-1,-1,1.3333333333333333,1.3333333333333333
2022-10-15,2022,Mallorca,Sevilla,A,0,2.9,3.0,2.7,1471.8033781218496,1625.612621706568,-153.8092435847184,74.15,232.58,-1.1340385146514365,-6,-6,-8,-6,-1,-1,0.6666666666666666,1.6666666666666667
2022-10-15,2022,Ath Bilbao,Ath Madrid,A,0,2.45,3.2,3.0,1601.3309287146478,1732.8213882232365,-131.49045950858863,10.0,661.8,-4.098578012754037,4,2,4,3,2,2,2.3333333333333335,0.3333333333333333
2022-10-15,2022,Girona,Cadiz,D,1,1.9,3.3,4.5,1434.3074200126227,1484.272435314969,-49.96501530234627,139.9,67.8,0.7168466739653372,0,0,0,0,-2,-1,1.5,1.5
2022-10-15,2022,Valencia,Elche,D,1,1.4,4.75,7.5,1550.2701602346888,1427.3293709732282,122.94078926146062,249.78,72.98,1.2207812743580844,2,1,4,3,2,-4,3.0,0.0
2022-10-16,2022,Espanol,Valladolid,H,2,2.2,3.3,3.5,1457.1697664189335,1445.8445567144347,11.325209704498775,116.5,90.75,0.24737084664953368,2,2,0,7,-1,0,1.0,2.0
2022-10-16,2022,Betis,Almeria,H,2,1.57,4.1,5.75,1655.8069962281722,1393.3519743872057,262.45502184096654,246.4,114.2,0.7643367116965969,4,4,3,5,0,-3,0.0,3.0
2022-10-16,2022,Celta,Sociedad,A,0,2.6,3.2,2.8,1544.690210457943,1646.807089615127,-102.11687915718403,120.0,441.7,-1.297101794141354,-5,-6,-3,-6,-1,2,0.0,3.0
2022-10-16,2022,Real Madrid,Barcelona,H,2,2.2,3.6,3.1,1839.4946648206414,1779.6918964703052,59.80276835033624,923.45,836.8,0.09841955756342724,1,1,2,2,4,5,2.0,1.0
2022-10-17,2022,Villarreal,Osasuna,H,2,1.57,4.2,6.0,1625.9042050675935,1534.0234739356595,91.880731131934,363.5,108.45,1.2030587274798412,5,4,4,6,-1,0,0.0,3.0
2022-10-18,2022,Getafe,Ath Bilbao,D,1,4.75,3.3,1.83,1491.52951261814,1587.6867704086856,-96.1572577905456,118.9,10.0,2.3887627892350976,-3,-1,-4,-3,0,2,0.6666666666666666,1.6666666666666667
2022-10-18,2022,Ath Madrid,Vallecano,D,1,1.55,3.75,7.0,1746.4655465291987,1455.7447973097537,290.720749219445,661.8,67.2,2.274028720702991,0,0,0,0,3,0,3.0,0.0
2022-10-18,2022,Sevilla,Valencia,D,1,2.25,3.4,3.2,1638.3078879428226,1541.7795740481552,96.52831389466746,232.58,249.78,-0.07105142991197244,4,5,4,3,1,1,2.3333333333333335,0.3333333333333333
2022-10-19,2022,Sociedad,Mallorca,H,2,1.55,4.0,6.5,1661.715697726208,1459.108111885595,202.60758584061296,441.7,74.15,1.7734062235391121,5,6,3,6,3,-2,3.0,0.0
2022-10-19,2022,Elche,Real Madrid,A,0,8.5,5.75,1.3,1435.8199571597618,1848.044020999154,-412.22406383939233,72.98,923.45,-2.525404179672054,-9,-11,-8,-10,-3,4,0.3333333333333333,2.3333333333333335
2022-10-19,2022,Cadiz,Betis,D,1,4.0,3.3,2.0,1486.4178083722002,1659.1195942801571,-172.70178590795695,67.8,246.4,-1.2798027150190903,-4,-4,-3,-5,0,2,0.3333333333333333,2.3333333333333335
2022-10-19,2022,Valladolid,Celta,H,2,2.9,3.3,2.45,1435.4928523598078,1529.7816023468622,-94.28874998705442,90.75,120.0,-0.2767230586620615,0,0,0,0,-2,-3,1.0,1.0
2022-10-20,2022,Barcelona,Villarreal,H,2,1.5,4.5,6.0,1771.1425402917926,1633.3708310536874,137.77170923810513,836.8,363.5,0.8322528570642218,3,6,2,2,3,-1,2.0,1.0
2022-10-20,2022,Almeria,Girona,H,2,2.6,3.25,2.8,1390.0393763352208,1432.1620469553916,-42.122670620170766,114.2,139.9,-0.20138067064284382,0,0,0,0,-3,-2,1.5,1.5
2022-10-20,2022,Osasuna,Espanol,H,2,2.05,3.6,3.5,1526.5568479495655,1467.5214707735604,59.03537717600511,108.45,116.5,-0.0709705096153419,-2,-2,0,-7,-2,-1,1.6666666666666667,0.6666666666666666
2022-10-22,2022,Vallecano,Cadiz,H,2,1.72,3.5,5.25,1467.8821633468522,1489.5115728685241,-21.62940952167196,67.2,67.8,-0.008759180089881191,0,0,0,0,-1,1,1.5,1.5
2022-10-22,2022,Valladolid,Sociedad,H,2,3.6,3.4,2.05,1450.246300083086,1666.1876629553412,-215.94136287225524,90.75,441.7,-1.5738248528034156,-5,-6,-3,-6,0,5,0.3333333333333333,2.3333333333333335
2022-10-22,2022,Valencia,Mallorca,A,0,1.75,3.5,5.0,1549.4619797291539,1454.6361466564617,94.82583307269215,249.78,74.15,1.205089944563409,2,1,4,3,2,-2,1.3333333333333333,1.3333333333333333
2022-10-22,2022,Real Madrid,Sevilla,H,2,1.36,4.75,8.5,1852.309399920347,1630.625482261824,221.68391765852311,923.45,232.58,1.3756743352259422,3,5,0,4,4,0,2.3333333333333335,0.3333333333333333
2022-10-23,2022,Espanol,Elche,D,1,1.66,3.75,5.25,1458.9450851587642,1431.5545782385689,27.39050692019532,116.5,72.98,0.46264354717990575,2,2,0,7,-1,-3,0.6666666666666666,1.6666666666666667
2022-10-23,2022,Barcelona,Ath Bilbao,H,2,1.55,4.5,5.5,1777.2273228236327,1587.8526681613635,189.37465466226922,836.8,10.0,4.332884135714564,4,8,2,5,3,1,2.3333333333333335,0.3333333333333333
2022-10-23,2022,Betis,Ath Madrid,A,0,3.2,3.3,2.3,1656.0258297838332,1734.3281804921003,-78.30235070826711,246.4,661.8,-0.9854668255940195,4,4,3,5,1,2,0.3333333333333333,2.3333333333333335
2022-10-23,2022,Villarreal,Almeria,H,2,1.36,4.75,9.0,1627.2860485218473,1402.5634713100198,224.72257721182746,363.5,114.2,1.1518568031869219,5,4,4,6,-1,-1,2.3333333333333335,0.3333333333333333
2022-10-23,2022,Girona,Osasuna,D,1,2.55,3.2,2.9,1419.6379519805926,1535.1332335643617,-115.49528158376916,139.9,108.45,0.2525825949357632,0,0,0,0,-4,-2,1.5,1.5
2022-10-24,2022,Celta,Getafe,D,1,1.75,3.5,5.0,1515.028154623584,1491.363614865462,23.66453975812192,120.0,118.9,0.00913248356327312,-1,-1,0,0,-3,-1,2.0,1.0
2022-10-28,2022,Mallorca,Espanol,D,1,2.25,3.1,3.4,1477.264194530391,1453.6790916558698,23.585102874521226,74.15,116.5,-0.4469522173852303,-2,-2,0,-7,-2,0,1.0,2.0
2022-10-29,2022,Almeria,Celta,H,2,3.3,3.3,2.25,1398.5546273387176,1509.9037256493104,-111.34909831059281,114.2,120.0,-0.04912079733495034,0,0,0,0,-1,-2,1.3333333333333333,1.3333333333333333
2022-10-29,2022,Cadiz,Ath Madrid,H,2,7.0,3.6,1.6,1477.838861558267,1750.2637273846601,-272.4248658263932,67.8,661.8,-2.26526954061311,0,0,0,0,-1,4,0.0,3.0
2022-10-29,2022,Sevilla,Vallecano,A,0,2.0,3.3,4.0,1626.5554959234817,1479.5548746571094,147.00062126637226,232.58,67.2,1.2310800660010033,6,6,8,6,-1,1,2.3333333333333335,0.3333333333333333
2022-10-29,2022,Valencia,Barcelona,A,0,5.0,4.33,1.57,1526.8339318552246,1781.9969739977323,-255.16304214250772,249.78,836.8,-1.2062033477505425,-6,-9,-2,-5,0,3,0.0,3.0
2022-10-30,2022,Real Madrid,Girona,D,1,1.2,6.5,13.0,1856.3793862586892,1420.3064938624527,436.0728923962365,923.45,139.9,1.881148547171727,9,11,8,10,4,-3,2.0,1.0
2022-10-30,2022,Sociedad,Betis,A,0,2.0,3.5,3.8,1646.3599594293867,1640.0902828912733,6.269676538113345,441.7,246.4,0.5818858797797075,1,2,0,1,3,-1,0.6666666666666666,1.6666666666666667
2022-10-30,2022,Ath Bilbao,Villarreal,H,2,2.2,3.3,3.4,1583.0830169872638,1631.2948924931495,-48.2118755058857,10.0,363.5,-3.500631278650342,-1,-2,0,-3,-1,0,1.6666666666666667,0.6666666666666666
2022-10-30,2022,Osasuna,Valladolid,H,2,1.9,3.4,4.33,1534.4646916825016,1470.0740036090406,64.39068807346098,108.45,90.75,0.17640033703419178,0,0,0,0,-1,2,0.6666666666666666,1.6666666666666667
2022-10-31,2022,Elche,Getafe,A,0,2.7,3.0,2.87,1436.8205717414633,1496.4880438397356,-59.667472098272356,72.98,118.9,-0.4828632756291604,-1,-1,0,0,-2,-2,2.3333333333333335,0.3333333333333333
2022-11-04,2022,Girona,Ath Bilbao,H,2,3.75,3.5,2.0,1433.9956945136505,1595.8635572030048,-161.8678626893543,139.9,10.0,2.550155146106264,-4,-2,-4,-3,-2,-1,1.0,2.0
2022-11-05,2022,Barcelona,Almeria,H,2,1.08,10.0,26.0,1790.7105312016406,1414.044433100677,376.6660981009636,836.8,114.2,1.9841096602511437,8,10,6,8,3,1,3.0,0.0
2022-11-05,2022,Getafe,Cadiz,D,1,2.2,3.1,3.75,1513.221559056477,1499.726643871617,13.49491518486002,118.9,67.8,0.5554543170941706,1,1,0,0,0,0,1.3333333333333333,1.3333333333333333
2022-11-05,2022,Valladolid,Elche,H,2,1.83,3.6,4.33,1461.6851712995847,1420.087056524722,41.59811477486278,90.75,72.98,0.21527270053037206,0,0,0,0,0,-2,1.0,1.0
2022-11-05,2022,Celta,Osasuna,A,0,2.1,3.3,3.75,1494.413919887351,1542.8535239919574,-48.43960410460636,120.0,108.45,0.1003227216278697,0,0,0,0,-4,0,2.3333333333333335,0.3333333333333333
2022-11-06,2022,Betis,Sevilla,D,1,2.2,3.2,3.6,1659.5403938511613,1602.3866483016377,57.15374554952359,246.4,232.58,0.057481829107968174,-2,-2,-5,-1,1,-1,0.0,3.0
2022-11-06,2022,Villarreal,Mallorca,A,0,1.57,4.0,5.75,1618.5143522774085,1472.1427950936675,146.37155718374106,363.5,74.15,1.5790404352497296,5,4,4,6,-1,-1,2.3333333333333335,0.3333333333333333
2022-11-06,2022,Sociedad,Valencia,D,1,1.95,3.4,4.0,1626.9098484694987,1518.1203746513163,108.78947381818239,441.7,249.78,0.5683162789757032,3,5,-1,3,1,-1,1.0,1.0
2022-11-06,2022,Ath Madrid,Espanol,D,1,1.44,4.5,8.0,1728.37594507131,1458.8004910925933,269.5754539787167,661.8,116.5,1.730034951968194,-2,-2,0,-7,2,0,2.3333333333333335,0.3333333333333333
2022-11-07,2022,Vallecano,Real Madrid,H,2,4.75,4.2,1.65,1503.7237222789533,1842.6901856074915,-338.9664633285381,67.2,923.45,-2.6067544012269455,-9,-11,-8,-10,1,4,1.0,2.0
2022-11-08,2022,Osasuna,Barcelona,A,0,5.75,4.2,1.53,1560.0633662626065,1792.5234755298043,-232.46010926719782,108.45,836.8,-2.035311584544063,-8,-10,-6,-8,2,3,0.3333333333333333,2.3333333333333335
2022-11-08,2022,Elche,Girona,A,0,3.25,3.3,2.2,1410.8829402917863,1451.6388663515324,-40.755926059746116,72.98,139.9,-0.644255632500327,0,0,0,0,-3,0,1.5,1.5
2022-11-08,2022,Ath Bilbao,Valladolid,H,2,1.4,4.5,7.5,1578.2203853651229,1470.8892875325203,107.33109783260261,10.0,90.75,-2.121172214136309,4,2,4,3,-2,1,1.3333333333333333,1.3333333333333333
2022-11-09,2022,Mallorca,Ath Madrid,H,2,3.8,3.1,2.1,1496.29461250147,1716.5696721462016,-220.27505964473153,74.15,661.8,-2.176987169353424,0,0,0,0,0,1,2.0,1.0
2022-11-09,2022,Espanol,Villarreal,A,0,3.2,3.2,2.37,1470.6067640177018,1594.362534869606,-123.75577085190412,116.5,363.5,-1.1320882178644993,-3,-2,-4,1,0,-1,1.3333333333333333,1.3333333333333333
2022-11-09,2022,Almeria,Getafe,H,2,2.15,3.3,3.5,1412.2314887725133,1508.4887497924128,-96.25726101989949,114.2,118.9,-0.03998831377167722,-1,-1,0,0,-1,1,2.0,1.0
2022-11-09,2022,Sevilla,Sociedad,A,0,2.6,3.2,2.8,1608.7437705572395,1618.8440297338004,-10.10025917656094,232.58,441.7,-0.6393677088876757,1,0,5,0,-1,0,1.6666666666666667,0.6666666666666666
2022-11-10,2022,Real Madrid,Cadiz,H,2,1.14,8.5,15.0,1818.7416758287482,1504.459453135681,314.28222269306707,923.45,67.8,2.5979952211370643,9,11,8,10,2,0,1.6666666666666667,0.6666666666666666
2022-11-10,2022,Vallecano,Celta,D,1,2.2,3.2,3.5,1527.6722320576966,1477.204077616702,50.46815444099457,67.2,120.0,-0.5733459807473249,0,0,0,0,3,-4,0.6666666666666666,1.6666666666666667
2022-11-10,2022,Valencia,Betis,H,2,2.1,3.4,3.6,1526.1861933870146,1653.1832715955595,-126.99707820854496,249.78,246.4,0.013569600804004267,-2,-3,1,-2,-2,1,0.3333333333333333,2.3333333333333335
2022-12-29,2022,Betis,Ath Bilbao,D,1,2.88,3.3,2.5,1637.0200542190528,1585.1994253428115,51.820628876241244,246.4,10.0,3.1131111871600172,0,2,-1,2,-1,0,1.3333333333333333,1.3333333333333333
2022-12-29,2022,Ath Madrid,Elche,H,2,1.29,5.5,10.0,1696.5749280502362,1393.3496733460454,303.2252547041908,661.8,72.98,2.1926784991480996,0,0,0,0,-1,-4,3.0,0.0
2022-12-29,2022,Girona,Vallecano,D,1,2.3,3.2,3.3,1469.1721332972734,1521.5538236421082,-52.38169034483485,139.9,67.2,0.7256058540552184,0,0,0,0,1,3,3.0,0.0
2022-12-30,2022,Valladolid,Real Madrid,A,0,6.5,4.75,1.45,1463.9102475548316,1821.2718496321984,-357.3616020773668,90.75,923.45,-2.310131479141682,-9,-11,-8,-10,1,2,0.0,3.0
2022-12-30,2022,Cadiz,Almeria,D,1,2.38,3.1,3.25,1501.9292793322309,1427.0699079918145,74.85937134041637,67.8,114.2,-0.5154660033224934,0,0,0,0,-1,1,1.5,1.5
2022-12-30,2022,Getafe,Mallorca,H,2,2.75,2.75,3.1,1493.6503305731117,1516.2893565974355,-22.63902602432381,118.9,74.15,0.46717194583448496,1,1,0,0,0,2,2.3333333333333335,0.3333333333333333
2022-12-30,2022,Celta,Sevilla,D,1,2.2,3.3,3.4,1483.3224860322905,1589.9468490018805,-106.62436296959004,120.0,232.58,-0.6577340852536784,-6,-6,-8,-6,-3,-3,0.3333333333333333,2.3333333333333335
2022-12-31,2022,Barcelona,Espanol,D,1,1.25,6.5,10.0,1802.0665766431541,1456.6307877868485,345.43578885630563,836.8,116.5,1.9643410749287211,6,8,6,1,5,-2,2.3333333333333335,0.3333333333333333
2022-12-31,2022,Sociedad,Osasuna,H,2,1.85,3.3,4.75,1637.6409512891594,1550.5202651492566,87.12068613990277,441.7,108.45,1.3974245157692238,5,6,3,6,0,2,3.0,0.0
2022-12-31,2022,Villarreal,Valencia,H,2,1.95,3.4,4.2,1608.3385111004593,1542.3494107635213,65.98910033693801,363.5,249.78,0.3739504906863207,3,3,0,3,-1,-1,1.0,2.0
2023-01-06,2022,Valencia,Cadiz,A,0,1.57,4.0,5.75,1534.0160691550889,1494.9588200857215,39.057249069367344,249.78,67.8,1.2933723158230945,2,1,4,3,-2,-1,0.6666666666666666,1.6666666666666667
2023-01-06,2022,Elche,Celta,A,0,4.0,3.25,1.95,1390.668083882763,1483.6084481204532,-92.94036423769012,72.98,120.0,-0.49199575919243355,0,0,0,0,-4,-2,1.0,2.0
2023-01-07,2022,Espanol,Girona,D,1,2.25,3.4,3.2,1469.4863087139713,1467.1290622993756,2.357246414595693,116.5,139.9,-0.18161208532042128,2,2,0,7,-1,2,2.0,1.0
2023-01-07,2022,Villarreal,Real Madrid,H,2,3.25,3.8,2.05,1616.6718527088917,1826.8279125174736,-210.15605980858186,363.5,923.45,-0.930672414627649,-4,-7,-4,-4,1,2,0.6666666666666666,1.6666666666666667
2023-01-07,2022,Mallorca,Valladolid,H,2,1.95,3.3,4.2,1504.5751747504319,1458.3541846695564,46.22099008087548,74.15,90.75,-0.1995813707356966,0,0,0,0,2,-1,1.0,2.0
2023-01-08,2022,Almeria,Sociedad,A,0,4.2,3.3,1.95,1434.0403672383238,1645.2623047215682,-211.22193748324435,114.2,441.7,-1.3462225914763044,-5,-6,-3,-6,0,0,2.3333333333333335,0.3333333333333333
2023-01-08,2022,Vallecano,Betis,A,0,2.3,3.3,3.2,1523.596894640006,1630.8530471468391,-107.25615250683313,67.2,246.4,-1.2885618951089715,-4,-4,-3,-5,3,-1,0.6666666666666666,1.6666666666666667
2023-01-08,2022,Sevilla,Getafe,H,2,1.75,3.4,5.25,1589.6608869137178,1505.3645124201153,84.29637449360257,232.58,118.9,0.6668665688169515,5,5,8,6,-3,1,3.0,0.0
2023-01-08,2022,Ath Madrid,Barcelona,A,0,3.1,3.4,2.3,1699.2565175135185,1789.2110557160313,-89.95453820251282,661.8,836.8,-0.23430612296052722,-8,-10,-6,-8,0,4,1.3333333333333333,1.3333333333333333
2023-01-09,2022,Ath Bilbao,Osasuna,D,1,1.67,3.6,5.75,1591.3664324150252,1542.8989117168478,48.467520698177395,10.0,108.45,-2.297572551170501,4,2,4,3,0,0,2.3333333333333335,0.3333333333333333
2023-01-13,2022,Celta,Villarreal,D,1,2.88,3.3,2.5,1498.913195157327,1636.2744718501854,-137.36127669285838,120.0,363.5,-1.1027360058519715,-5,-4,-4,-6,-1,1,1.3333333333333333,1.3333333333333333
2023-01-14,2022,Osasuna,Mallorca,H,2,2.0,3.1,4.33,1548.9451478464432,1513.6103817010794,35.3347661453638,108.45,74.15,0.3759817077698884,0,0,0,0,0,2,1.3333333333333333,1.3333333333333333
2023-01-14,2022,Valladolid,Vallecano,A,0,2.75,3.25,2.63,1449.3189777189089,1508.9101223864168,-59.59114466750793,90.75,67.2,0.2966229220852634,0,0,0,0,-3,1,1.3333333333333333,1.3333333333333333
2023-01-14,2022,Girona,Sevilla,H,2,2.38,3.4,3.0,1471.4246172418616,1597.3750393873263,-125.9504221454647,139.9,232.58,-0.5054742119457849,-6,-6,-8,-6,2,-1,1.0,2.0
2023-01-14,2022,Sociedad,Ath Bilbao,H,2,2.4,3.2,3.1,1655.618039908194,1585.3201962854298,70.29784362276428,441.7,10.0,3.6949970669397247,1,4,-1,3,2,1,0.6666666666666666,1.6666666666666667
2023-01-15,2022,Getafe,Espanol,A,0,2.5,3.0,3.1,1497.6503599465068,1465.1907537714853,32.45960617502146,118.9,116.5,0.02021972844925468,-1,-1,0,-7,0,-1,1.3333333333333333,1.3333333333333333
2023-01-15,2022,Almeria,Ath Madrid,D,1,5.0,3.75,1.7,1423.684632051698,1683.8229408774428,-260.13830882574484,114.2,661.8,-1.7498035372906164,0,0,0,0,0,-2,1.0,2.0
2023-01-16,2022,Cadiz,Elche,D,1,1.91,3.4,4.33,1515.6611208844286,1375.3633368458893,140.29778403853925,67.8,72.98,-0.07259104146501016,0,0,0,0,1,-5,1.0,2.0
2023-01-20,2022,Mallorca,Celta,H,2,2.8,2.75,3.0,1504.174638643509,1500.520022309766,3.654616333742979,74.15,120.0,-0.4763044293977581,0,0,0,0,1,0,1.3333333333333333,1.3333333333333333
2023-01-21,2022,Ath Madrid,Valladolid,H,2,1.4,4.75,8.5,1677.360494593377,1432.5822112766134,244.7782833167637,661.8,90.75,1.9774057986177276,0,0,0,0,-1,-3,3.0,0.0
2023-01-21,2022,Sevilla,Cadiz,H,2,1.7,3.75,5.0,1581.2567484008673,1506.675673886645,74.58107451422234,232.58,67.8,1.222320885911122,6,6,8,6,-1,0,2.3333333333333335,0.3333333333333333
2023-01-21,2022,Vallecano,Sociedad,A,0,3.1,3.2,2.38,1525.6468888287122,1663.8029292369083,-138.15604040819608,67.2,441.7,-1.870447774888679,-5,-6,-3,-6,1,4,0.6666666666666666,1.6666666666666667
2023-01-21,2022,Espanol,Betis,H,2,2.7,3.2,2.7,1485.6476338124664,1645.5398194004283,-159.89218558796188,116.5,246.4,-0.7445681263741744,-2,-2,-3,2,0,1,0.3333333333333333,2.3333333333333335
2023-01-22,2022,Ath Bilbao,Real Madrid,A,0,2.9,3.4,2.38,1577.1353069567156,1807.22529337618,-230.08998641946437,10.0,923.45,-4.431303693277991,-5,-9,-4,-7,-1,0,0.0,3.0
2023-01-22,2022,Barcelona,Getafe,H,2,1.18,8.0,15.0,1804.644632352107,1477.1934799055257,327.4511524465813,836.8,118.9,1.9441213464794664,7,9,6,8,4,-2,2.3333333333333335,0.3333333333333333
2023-01-22,2022,Villarreal,Girona,H,2,1.73,3.8,4.5,1634.6676446977463,1487.5429082283206,147.12473646942567,363.5,139.9,0.950476132544078,5,4,4,6,2,3,1.0,2.0
2023-01-22,2022,Elche,Osasuna,D,1,3.5,3.25,2.15,1384.348783843673,1558.3808909040135,-174.03210706034065,72.98,108.45,-0.39167303756456384,0,0,0,0,-4,0,0.6666666666666666,1.6666666666666667
2023-01-23,2022,Valencia,Almeria,D,1,1.6,4.2,5.25,1513.3137683563818,1430.1470783357636,83.16669002061826,249.78,114.2,0.7779063125006012,2,1,4,3,-2,-1,2.3333333333333335,0.3333333333333333
2023-01-27,2022,Almeria,Espanol,H,2,2.38,3.1,3.2,1437.3956013725674,1503.2080753151736,-65.81247394260618,114.2,116.5,-0.01976858532242254,-2,-2,0,-7,0,1,1.3333333333333333,1.3333333333333333
2023-01-28,2022,Cadiz,Mallorca,H,2,2.88,2.8,2.9,1498.6367091580585,1514.8277203300054,-16.19101117194691,67.8,74.15,-0.08828237125968563,0,0,0,0,-1,1,0.5,2.0
2023-01-28,2022,Getafe,Betis,A,0,3.2,2.88,2.63,1474.8334891446443,1627.9793778977212,-153.14588875307686,118.9,246.4,-0.7243483979249197,-3,-3,-3,-5,-3,-1,0.3333333333333333,2.3333333333333335
2023-01-28,2022,Sevilla,Elche,H,2,1.53,4.0,7.0,1589.2957131294538,1387.49749602257,201.79821710688384,232.58,72.98,1.149729844446112,6,6,8,6,0,-3,2.3333333333333335,0.3333333333333333
2023-01-28,2022,Girona,Barcelona,A,0,5.0,4.33,1.57,1481.7151114867283,1807.0046231129884,-325.28951162626004,139.9,836.8,-1.7827289896082998,-8,-10,-6,-8,1,4,0.3333333333333333,2.3333333333333335
2023-01-29,2022,Osasuna,Ath Madrid,A,0,3.6,3.1,2.2,1555.2321787251165,1680.9850451405518,-125.75286641543539,108.45,661.8,-1.8010054615835358,0,0,0,0,-1,0,0.0,3.0
2023-01-29,2022,Celta,Ath Bilbao,H,2,2.88,3.0,2.7,1489.8669406232698,1567.5032023602469,-77.63626173697708,120.0,10.0,2.3978952727983707,-4,-2,-4,-3,0,-1,1.3333333333333333,1.3333333333333333
2023-01-29,2022,Valladolid,Valencia,H,2,3.25,3.1,2.4,1428.9576607294387,1506.065245319578,-77.10758459013937,90.75,249.78,-1.0055085738277123,-2,-1,-4,-3,-5,-1,0.0,3.0
2023-01-29,2022,Real Madrid,Sociedad,D,1,1.67,3.8,5.0,1816.8573979726486,1677.1621914864888,139.6952064861598,923.45,441.7,0.7363066263382665,4,5,5,4,1,5,2.3333333333333335,0.3333333333333333
2023-01-30,2022,Villarreal,Vallecano,A,0,1.67,3.8,5.25,1640.4954414393385,1512.2876265791317,128.20781486020678,363.5,67.2,1.6760819865992964,5,4,4,6,4,-1,3.0,0.0
2023-02-01,2022,Betis,Barcelona,A,0,5.0,3.8,1.67,1640.7026155189085,1813.4453875484667,-172.74277202955818,246.4,836.8,-1.2197729485545468,-4,-6,-3,-3,0,4,1.0,2.0
2023-02-02,2022,Real Madrid,Valencia,H,2,1.44,4.75,6.5,1807.8886484023312,1492.0521625372894,315.8364858650418,923.45,249.78,1.3046229053139697,7,10,4,7,2,-2,3.0,0.0
2023-02-03,2022,Ath Bilbao,Cadiz,H,2,1.36,4.5,9.5,1553.4673912995331,1510.0869692627057,43.38042203682744,10.0,67.8,-1.833308472140927,4,2,4,3,-3,1,2.0,1.0
2023-02-04,2022,Espanol,Osasuna,D,1,2.55,3.0,3.0,1489.6793240778068,1541.3419875924833,-51.662663514676524,116.5,108.45,0.0709705096153419,2,2,0,7,1,-1,0.6666666666666666,1.6666666666666667
2023-02-04,2022,Elche,Villarreal,H,2,5.0,3.8,1.67,1383.0077722823949,1616.8516435839301,-233.84387130153527,72.98,363.5,-1.594731765044405,-5,-4,-4,-6,-3,2,1.0,2.0
2023-02-04,2022,Ath Madrid,Getafe,D,1,1.4,4.33,9.0,1694.875236273185,1462.110251523457,232.764984749728,661.8,118.9,1.7098152235189392,-1,-1,0,0,2,-3,3.0,0.0
2023-02-04,2022,Betis,Celta,A,0,2.2,3.2,3.5,1628.7980742129805,1503.9027516839835,124.89532252899699,246.4,120.0,0.7152159143616466,4,4,3,5,0,1,0.3333333333333333,2.3333333333333335
2023-02-05,2022,Girona,Valencia,H,2,2.2,3.2,3.5,1475.27434705125,1489.5426401700058,-14.268293118755764,139.9,249.78,-0.5765256418577573,-2,-1,-4,-3,-1,-4,1.0,2.0
2023-02-05,2022,Mallorca,Real Madrid,H,2,5.0,3.5,1.73,1503.3774602253582,1810.3981707696148,-307.02071054425664,74.15,923.45,-2.5097128498773786,-9,-11,-8,-10,-1,2,0.0,3.0
2023-02-05,2022,Barcelona,Sevilla,H,2,1.33,5.25,8.5,1825.3499288543946,1593.785436869629,231.5644919847657,836.8,232.58,1.277254777662515,2,4,-2,2,4,2,2.3333333333333335,0.3333333333333333
2023-02-05,2022,Sociedad,Valladolid,A,0,1.44,4.33,7.5,1686.1309410568063,1442.9707435117273,243.16019754507897,441.7,90.75,1.5738248528034156,5,6,3,6,4,-3,1.3333333333333333,1.3333333333333333
2023-02-06,2022,Vallecano,Almeria,H,2,1.73,3.6,5.0,1535.93142443454,1450.9243526099342,85.00707182460587,67.2,114.2,-0.5242251834123746,0,0,0,0,0,0,2.0,1.0
2023-02-10,2022,Cadiz,Girona,H,2,3.0,3.2,2.45,1500.948183037259,1486.6463488566515,14.301834180607557,67.8,139.9,-0.7168466739653372,0,0,0,0,0,0,1.0,1.0
2023-02-11,2022,Almeria,Betis,A,0,2.8,3.4,2.5,1443.2336210917229,1605.2503233239574,-162.0167022322346,114.2,246.4,-0.7643367116965969,-4,-4,-3,-5,-1,-1,2.0,1.0
2023-02-11,2022,Sevilla,Mallorca,H,2,1.91,3.2,4.5,1589.9114207412665,1526.3888468767234,63.52257386454312,232.58,74.15,1.1340385146514365,6,6,8,6,1,1,1.6666666666666667,0.6666666666666666
2023-02-11,2022,Valencia,Ath Bilbao,A,0,3.0,3.2,2.45,1478.1706383646044,1562.6061775249798,-84.43553916037536,249.78,10.0,3.1266807879640215,-2,-1,0,0,-4,-2,0.6666666666666666,1.6666666666666667
2023-02-12,2022,Getafe,Vallecano,D,1,2.8,2.9,2.88,1473.259490307781,1543.6221559527514,-70.36266564497032,118.9,67.2,0.5642134971840518,1,1,0,0,-4,1,0.6666666666666666,1.6666666666666667
2023-02-12,2022,Celta,Ath Madrid,A,0,3.6,3.1,2.2,1527.4505025730066,1683.725997488861,-156.27549491585432,120.0,661.8,-1.700682739955666,0,0,0,0,2,1,0.0,3.0
2023-02-12,2022,Valladolid,Osasuna,D,1,2.75,3.1,2.7,1469.3164061921843,1543.4155169457817,-74.09911075359742,90.75,108.45,-0.17640033703419178,0,0,0,0,-1,0,1.3333333333333333,1.3333333333333333
2023-02-12,2022,Villarreal,Barcelona,A,0,3.75,4.0,1.85,1596.342984718957,1829.223944982757,-232.88096026380003,363.5,836.8,-0.8322528570642218,-3,-6,-2,-2,0,5,1.0,2.0
2023-02-13,2022,Espanol,Sociedad,A,0,3.5,3.0,2.3,1487.6057947245083,1659.7852783763492,-172.17948365184088,116.5,441.7,-1.3264540061538819,-3,-4,-3,1,1,2,1.0,2.0
2023-02-15,2022,Real Madrid,Elche,H,2,1.18,7.5,15.0,1787.3867841182496,1403.516431147368,383.87035297088164,923.45,72.98,2.525404179672054,9,11,8,10,0,-1,2.3333333333333335,0.3333333333333333
2023-02-17,2022,Girona,Almeria,H,2,1.8,3.75,4.33,1476.4105044013158,1430.883018850984,45.5274855503319,139.9,114.2,0.20138067064284382,0,0,0,0,-1,-1,0.0,3.0
2023-02-18,2022,Osasuna,Real Madrid,A,0,4.33,3.6,1.8,1544.5316812885533,1789.1303617589765,-244.59868047042323,108.45,923.45,-2.1337311421074903,-9,-11,-8,-10,0,2,0.6666666666666666,1.6666666666666667
2023-02-18,2022,Mallorca,Villarreal,H,2,3.2,3.0,2.45,1517.9697824416787,1586.815641586805,-68.84585914512627,74.15,363.5,-1.5790404352497296,-5,-4,-4,-6,-1,-2,1.3333333333333333,1.3333333333333333
2023-02-18,2022,Sociedad,Celta,D,1,1.8,3.3,5.25,1671.7131109132647,1514.8590842588287,156.85402665443598,441.7,120.0,1.297101794141354,5,6,3,6,2,0,3.0,0.0
2023-02-18,2022,Betis,Valladolid,H,2,1.6,3.75,6.5,1617.6009255646964,1468.2002418494128,149.40068371528355,246.4,90.75,0.991938973023708,4,4,3,5,-1,0,1.6666666666666667,0.6666666666666666
2023-02-19,2022,Elche,Espanol,A,0,2.9,3.1,2.63,1401.772853506641,1475.6779621875928,-73.9051086809518,72.98,116.5,-0.46264354717990575,-2,-2,0,-7,-1,0,1.6666666666666667,0.6666666666666666
2023-02-19,2022,Vallecano,Sevilla,D,1,2.5,3.1,3.0,1544.8986079486522,1598.3304851763112,-53.431877227659015,67.2,232.58,-1.2310800660010033,-6,-6,-8,-6,2,1,1.3333333333333333,1.3333333333333333
2023-02-19,2022,Ath Madrid,Ath Bilbao,H,2,2.0,3.3,4.0,1696.3174158030388,1578.2777001560023,118.03971564703647,661.8,10.0,4.098578012754037,-4,-2,-4,-3,3,-1,1.3333333333333333,1.3333333333333333
2023-02-19,2022,Barcelona,Cadiz,H,2,1.18,7.0,13.0,1838.7512881149091,1511.1840274925946,327.5672606223145,836.8,67.8,2.499575663573637,8,10,6,8,5,0,1.3333333333333333,1.3333333333333333
2023-02-20,2022,Getafe,Valencia,H,2,2.75,3.0,2.8,1471.9830383118804,1462.499115733582,9.483922578298461,118.9,249.78,-0.7379179987289239,-1,0,-4,-3,-3,-4,0.3333333333333333,2.3333333333333335
2023-02-24,2022,Elche,Betis,A,0,3.5,3.3,2.1,1385.6483601444525,1623.3674484893895,-237.71908834493706,72.98,246.4,-1.20721167355408,-4,-4,-3,-5,-2,1,1.0,2.0
2023-02-25,2022,Valencia,Sociedad,H,2,3.1,3.1,2.5,1452.0754329348522,1662.2824133317072,-210.206980396855,249.78,441.7,-0.5683162789757032,-3,-5,1,-3,-5,1,1.0,1.0
2023-02-25,2022,Real Madrid,Ath Madrid,D,1,1.8,3.5,5.0,1798.2246433178648,1702.9717782195605,95.25286509830426,923.45,661.8,0.33272568052395446,9,11,8,10,2,4,2.0,1.0
2023-02-25,2022,Espanol,Mallorca,H,2,2.5,2.9,3.2,1491.8024555497814,1531.6283434143945,-39.82588786461315,116.5,74.15,0.4469522173852303,2,2,0,7,0,1,1.3333333333333333,1.3333333333333333
2023-02-25,2022,Cadiz,Vallecano,H,2,2.9,3.0,2.7,1508.82548959059,1542.9000542161364,-34.07456462554637,67.8,67.2,0.008759180089881191,0,0,0,0,-1,1,1.0,2.0
2023-02-26,2022,Almeria,Barcelona,H,2,7.0,4.75,1.44,1421.8225854173404,1841.1098260169138,-419.28724059957335,114.2,836.8,-1.9841096602511437,-8,-10,-6,-8,-2,5,0.0,3.0
2023-02-26,2022,Ath Bilbao,Girona,A,0,1.67,3.8,5.25,1571.6233377394806,1485.4709378349594,86.15239990452119,10.0,139.9,-2.550155146106264,4,2,4,3,-1,-1,2.0,1.0
2023-02-26,2022,Celta,Valladolid,H,2,1.7,3.75,5.25,1524.2897818403862,1462.4337189247196,61.8560629156666,120.0,90.75,0.2767230586620615,0,0,0,0,0,0,0.6666666666666666,1.6666666666666667
2023-02-26,2022,Sevilla,Osasuna,A,0,1.85,3.25,4.5,1600.329038908827,1535.437399729665,64.89163917916198,232.58,108.45,0.7580568068815481,6,6,8,6,2,-2,1.3333333333333333,1.3333333333333333
2023-02-27,2022,Villarreal,Getafe,H,2,1.67,3.6,5.75,1573.1570806140892,1482.40672111061,90.7503595034791,363.5,118.9,1.1118684894152446,4,3,4,6,-3,-1,2.3333333333333335,0.3333333333333333
2023-03-03,2022,Sociedad,Cadiz,D,1,1.5,3.9,7.5,1642.6778028460171,1521.0129339421742,121.66486890384294,441.7,67.8,1.8616885947987978,5,6,3,6,-1,1,3.0,0.0
2023-03-04,2022,Almeria,Villarreal,A,0,3.5,3.6,2.05,1447.7038213904862,1580.6602589234058,-132.9564375329196,114.2,363.5,-1.1518568031869219,-5,-4,-4,-6,-1,-3,0.3333333333333333,2.3333333333333335
2023-03-04,2022,Getafe,Girona,H,2,2.75,3.0,2.8,1474.9035428012935,1507.817852304345,-32.91430950305153,118.9,139.9,-0.1613923568711666,1,1,0,0,-1,1,1.3333333333333333,1.3333333333333333
2023-03-04,2022,Ath Madrid,Sevilla,H,2,1.67,3.6,5.25,1710.6134861626701,1578.700455823409,131.91303033926124,661.8,232.58,1.0429486547019877,-6,-6,-8,-6,3,0,1.3333333333333333,1.3333333333333333
2023-03-04,2022,Mallorca,Elche,A,0,1.7,3.4,5.75,1519.2006003752736,1376.3011648379454,142.89943553732815,74.15,72.98,0.015691329794675468,0,0,0,0,-1,-3,0.6666666666666666,1.6666666666666667
2023-03-05,2022,Betis,Real Madrid,D,1,4.75,3.75,1.73,1632.7146437958966,1790.5829353747552,-157.8682915788586,246.4,923.45,-1.318192506117974,-5,-7,-5,-5,1,2,0.3333333333333333,2.3333333333333335
2023-03-05,2022,Vallecano,Ath Bilbao,D,1,2.9,3.1,2.6,1530.7126098645522,1549.276423270095,-18.56381340554276,67.2,10.0,1.8245492920510458,-4,-2,-4,-3,1,-1,1.0,2.0
2023-03-05,2022,Barcelona,Valencia,H,2,1.53,4.5,5.75,1815.228590043768,1471.6800434205422,343.5485466232258,836.8,249.78,1.2062033477505425,6,9,2,5,3,-3,3.0,0.0
2023-03-05,2022,Valladolid,Espanol,H,2,2.5,3.2,2.88,1453.9564323349389,1504.2301985889023,-50.27376625396346,90.75,116.5,-0.24737084664953368,-2,-2,0,-7,0,0,2.0,1.0
2023-03-06,2022,Osasuna,Celta,D,1,2.8,3.0,2.8,1557.065982815083,1532.767068430167,24.29891438491609,108.45,120.0,-0.1003227216278697,0,0,0,0,-1,2,1.3333333333333333,1.3333333333333333
2023-03-10,2022,Cadiz,Getafe,D,1,2.5,2.88,3.3,1529.466005944717,1487.0426864613673,42.42331948334959,67.8,118.9,-0.5554543170941706,-1,-1,0,0,0,1,0.6666666666666666,1.6666666666666667
2023-03-11,2022,Celta,Vallecano,H,2,2.1,3.2,4.0,1537.9156739769453,1527.2597300594007,10.655943917544619,120.0,67.2,0.5733459807473249,0,0,0,0,1,0,1.6666666666666667,0.6666666666666666
2023-03-11,2022,Valencia,Osasuna,H,2,2.1,3.2,3.8,1469.5138314614592,1551.9173772683048,-82.40354580684561,249.78,108.45,0.8291082367935205,2,1,4,3,-3,0,2.0,1.0
2023-03-11,2022,Elche,Valladolid,D,1,2.7,3.3,2.7,1400.358305854951,1466.8241181072194,-66.4658122522685,72.98,90.75,-0.21527270053037206,0,0,0,0,-1,0,0.6666666666666666,1.6666666666666667
2023-03-11,2022,Real Madrid,Espanol,H,2,1.25,6.5,9.5,1788.1074099136363,1491.3625128166218,296.7448970970145,923.45,116.5,2.0627606324921484,7,9,8,3,1,0,2.0,1.0
2023-03-12,2022,Mallorca,Sociedad,D,1,3.5,2.9,2.38,1495.143459358268,1634.2247308434744,-139.08127148520634,74.15,441.7,-1.7734062235391121,-5,-6,-3,-6,-1,-1,0.0,3.0
2023-03-12,2022,Sevilla,Almeria,H,2,1.73,3.6,5.25,1572.4504441937845,1434.1224130324697,138.3280311613148,232.58,114.2,0.7068548825886287,6,6,8,6,-2,-3,2.0,1.0
2023-03-12,2022,Villarreal,Betis,D,1,1.95,3.6,3.8,1594.2416672814222,1635.1901692570154,-40.94850197559322,363.5,246.4,0.38752009149032496,1,0,1,1,-1,2,2.0,1.0
2023-03-12,2022,Ath Bilbao,Barcelona,A,0,3.5,3.3,2.15,1552.7293030752464,1817.394802002851,-264.66549892760463,10.0,836.8,-4.332884135714564,-4,-8,-2,-5,0,3,0.3333333333333333,2.3333333333333335
2023-03-13,2022,Girona,Ath Madrid,A,0,3.75,3.4,2.05,1495.6787086442712,1716.8634977922945,-221.18478914802336,139.9,661.8,-1.5484228666477726,0,0,0,0,1,3,0.3333333333333333,2.3333333333333335
2023-03-17,2022,Valladolid,Ath Bilbao,A,0,4.2,3.6,1.83,1468.2674262264861,1544.3500272160798,-76.08260098959363,90.75,10.0,2.121172214136309,-4,-2,-4,-3,-1,-2,1.3333333333333333,1.3333333333333333
2023-03-18,2022,Vallecano,Girona,D,1,2.0,3.4,3.8,1516.8818903381546,1485.708343569463,31.173546768691494,67.2,139.9,-0.7256058540552184,0,0,0,0,-2,-1,0.3333333333333333,2.3333333333333335
2023-03-18,2022,Almeria,Cadiz,D,1,2.0,3.5,3.6,1428.0531496004967,1523.6398421395843,-95.58669253908761,114.2,67.8,0.5154660033224934,0,0,0,0,-3,1,1.0,1.0
2023-03-18,2022,Ath Madrid,Valencia,H,2,1.55,4.2,5.75,1726.8338628671027,1483.7547803647487,243.0790825023539,661.8,249.78,0.9718972247900153,-2,-1,-4,-3,4,-1,2.3333333333333335,0.3333333333333333
2023-03-18,2022,Espanol,Celta,A,0,2.75,3.25,2.55,1488.5884250484773,1548.2935136981914,-59.70508864971407,116.5,120.0,-0.0293522120125278,2,2,0,7,-1,1,1.3333333333333333,1.3333333333333333
2023-03-19,2022,Betis,Mallorca,H,2,1.8,3.2,5.25,1637.715358413267,1496.8236530303789,140.89170538288818,246.4,74.15,1.1915203437594046,4,4,3,5,3,-2,2.3333333333333335,0.3333333333333333
2023-03-19,2022,Osasuna,Villarreal,A,0,3.0,3.1,2.45,1537.6764283650152,1591.7164781251706,-54.0400497601554,108.45,363.5,-1.2030587274798412,-5,-4,-4,-6,-1,0,2.0,1.0
2023-03-19,2022,Sociedad,Elche,H,2,1.4,4.75,8.5,1632.5445371713636,1398.9149977356842,233.62953943567936,441.7,72.98,1.7890975533337876,5,6,3,6,0,-2,3.0,0.0
2023-03-19,2022,Getafe,Sevilla,H,2,2.9,3.1,2.5,1492.8688502665,1578.5197076257575,-85.65085735925754,118.9,232.58,-0.6668665688169515,-5,-5,-8,-6,1,0,0.0,3.0
2023-03-19,2022,Barcelona,Real Madrid,H,2,2.15,3.5,3.25,1825.7740778620177,1790.8814976817807,34.89258018023702,836.8,923.45,-0.09841955756342724,-1,-1,-2,-2,3,3,1.0,2.0
2023-03-31,2022,Mallorca,Osasuna,D,1,2.2,2.9,3.9,1490.8255236763334,1520.7036714267122,-29.87814775037873,74.15,108.45,-0.3759817077698884,0,0,0,0,-2,-2,1.0,2.0
2023-04-01,2022,Girona,Espanol,H,2,1.91,3.3,4.33,1491.1169834787268,1471.856512198394,19.260471280332695,139.9,116.5,0.18161208532042128,-2,-2,0,-7,0,-1,1.3333333333333333,1.3333333333333333
2023-04-01,2022,Ath Bilbao,Getafe,D,1,1.57,3.8,6.5,1560.3809962911112,1507.2496999688226,53.13129632228856,10.0,118.9,-2.3887627892350976,3,1,4,3,-2,2,1.0,1.0
2023-04-01,2022,Cadiz,Sevilla,A,0,3.4,3.1,2.3,1523.8303696916757,1564.138857923435,-40.308488231759156,67.8,232.58,-1.222320885911122,-6,-6,-8,-6,0,-2,0.3333333333333333,2.3333333333333335
2023-04-01,2022,Elche,Barcelona,A,0,9.5,5.0,1.33,1395.080910110782,1835.2262924280863,-440.1453823173042,72.98,836.8,-2.426984622108627,-8,-10,-6,-8,-2,3,0.0,3.0
2023-04-02,2022,Celta,Almeria,D,1,1.55,4.0,6.0,1565.0254265482747,1427.8626220484052,137.16280449986948,120.0,114.2,0.04912079733495034,0,0,0,0,3,-2,0.3333333333333333,2.3333333333333335
2023-04-02,2022,Real Madrid,Valladolid,H,2,1.2,7.5,11.0,1781.4292831157122,1452.2364571514547,329.1928259642575,923.45,90.75,2.310131479141682,9,11,8,10,1,-2,3.0,0.0
2023-04-02,2022,Villarreal,Sociedad,H,2,2.4,3.1,3.2,1608.6892350634737,1636.3786247962657,-27.68938973279205,363.5,441.7,-0.19436578828938256,0,-2,1,0,2,0,1.0,2.0
2023-04-02,2022,Ath Madrid,Betis,H,2,1.53,4.0,6.5,1730.4896989404376,1643.7134877673125,86.77621117312515,661.8,246.4,0.9854668255940195,-4,-4,-3,-5,4,3,3.0,0.0
2023-04-03,2022,Valencia,Vallecano,D,1,2.05,3.2,3.8,1480.0989442914138,1511.4732504288909,-31.374306137477106,249.78,67.2,1.3021314959129757,2,1,4,3,-1,-2,0.6666666666666666,1.6666666666666667
2023-04-07,2022,Sevilla,Celta,D,1,2.1,3.4,3.5,1581.6908872505576,1556.1272289156482,25.563658334909405,232.58,120.0,0.6577340852536784,6,6,8,6,-1,3,1.6666666666666667,0.6666666666666666
2023-04-08,2022,Osasuna,Elche,H,2,1.73,3.6,5.0,1523.6906278596416,1391.3705116739072,132.32011618573438,108.45,72.98,0.39167303756456384,0,0,0,0,-1,-2,1.0,1.0
2023-04-08,2022,Espanol,Ath Bilbao,A,0,3.5,3.2,2.2,1461.8122720032188,1554.1670409932578,-92.35476899003902,116.5,10.0,2.368543060785843,-2,0,-4,4,-3,-1,1.3333333333333333,1.3333333333333333
2023-04-08,2022,Real Madrid,Villarreal,A,0,1.53,4.33,5.75,1783.7675660994212,1620.6116443022506,163.15592179717055,923.45,363.5,0.930672414627649,4,7,4,4,1,4,0.6666666666666666,1.6666666666666667
2023-04-08,2022,Sociedad,Getafe,H,2,1.7,3.3,6.0,1624.4562155574888,1513.463655266676,110.99256029081289,441.7,118.9,1.3062342777046272,4,5,3,6,-1,1,0.6666666666666666,1.6666666666666667
2023-04-09,2022,Vallecano,Ath Madrid,A,0,4.33,3.5,1.85,1514.398121011259,1738.122331350899,-223.72421033963997,67.2,661.8,-2.274028720702991,0,0,0,0,-2,4,0.3333333333333333,2.3333333333333335
2023-04-09,2022,Almeria,Valencia,H,2,3.0,3.3,2.4,1436.7608196810318,1477.1740737090456,-40.41325402801385,114.2,249.78,-0.7779063125006012,-2,-1,-4,-3,-1,0,0.3333333333333333,2.3333333333333335
2023-04-09,2022,Valladolid,Mallorca,D,1,2.5,2.9,3.2,1449.8981741677458,1487.838567243404,-37.94039307565822,90.75,74.15,0.1995813707356966,0,0,0,0,-2,-3,2.0,1.0
2023-04-09,2022,Betis,Cadiz,A,0,1.62,3.75,5.75,1636.080855356851,1506.278340364553,129.80251499229803,246.4,67.8,1.2798027150190903,4,4,3,5,1,0,1.6666666666666667,0.6666666666666666
2023-04-10,2022,Barcelona,Girona,D,1,1.3,5.5,10.0,1838.936690864961,1501.161223673902,337.7754671910591,836.8,139.9,1.7827289896082998,8,10,6,8,3,0,2.3333333333333335,0.3333333333333333
2023-04-14,2022,Vallecano,Osasuna,H,2,2.2,3.1,3.6,1504.5248253711623,1529.9290525763674,-25.40422720520519,67.2,108.45,-0.4730232591194552,0,0,0,0,-2,-1,0.0,3.0
2023-04-15,2022,Ath Bilbao,Sociedad,H,2,2.25,3.1,3.5,1569.497058884553,1631.3230145015475,-61.825955616994406,10.0,441.7,-3.6949970669397247,-1,-4,1,-3,1,1,1.3333333333333333,1.3333333333333333
2023-04-15,2022,Villarreal,Valladolid,A,0,1.44,4.75,6.5,1645.2049980823772,1447.2469818906304,197.95801619174676,363.5,90.75,1.379459064514033,5,4,4,6,4,-1,3.0,0.0
2023-04-15,2022,Betis,Espanol,H,2,1.83,3.5,4.5,1612.3911928394857,1446.4822541119236,165.90893872756214,246.4,116.5,0.7445681263741744,2,2,3,-2,-1,-5,1.3333333333333333,1.3333333333333333
2023-04-15,2022,Cadiz,Real Madrid,A,0,5.75,4.2,1.55,1529.9680028819184,1759.1742123192946,-229.20620943737617,67.8,923.45,-2.5979952211370643,-9,-11,-8,-10,0,0,0.6666666666666666,1.6666666666666667
2023-04-16,2022,Valencia,Sevilla,A,0,2.2,3.2,3.6,1464.7217106337603,1576.4941716834421,-111.77246104968185,249.78,232.58,0.07105142991197244,-4,-5,-4,-3,-2,0,0.6666666666666666,1.6666666666666667
2023-04-16,2022,Ath Madrid,Almeria,H,2,1.22,7.0,11.0,1747.9956269909958,1449.213182756317,298.7824442346787,661.8,114.2,1.7498035372906164,0,0,0,0,5,-1,2.3333333333333335,0.3333333333333333
2023-04-16,2022,Girona,Elche,H,2,1.53,4.33,6.0,1513.9272642243877,1385.1320869571814,128.79517726720633,139.9,72.98,0.644255632500327,0,0,0,0,-1,-2,3.0,0.0
2023-04-16,2022,Getafe,Barcelona,D,1,6.0,3.8,1.6,1506.5968563226172,1826.1706503144753,-319.5737939918581,118.9,836.8,-1.9441213464794664,-7,-9,-6,-8,1,4,0.3333333333333333,2.3333333333333335
2023-04-17,2022,Celta,Mallorca,A,0,1.8,3.3,5.25,1561.3239444827636,1490.4897595205193,70.83418496224431,120.0,74.15,0.4763044293977581,0,0,0,0,2,-2,1.3333333333333333,1.3333333333333333
2023-04-21,2022,Espanol,Cadiz,D,1,2.05,3.25,3.8,1441.1454930032721,1520.3025986826979,-79.15710567942574,116.5,67.8,0.5352345886449159,2,2,0,7,-5,-1,1.6666666666666667,0.6666666666666666
2023-04-22,2022,Sociedad,Vallecano,H,2,1.67,3.5,6.0,1617.9645202417264,1516.3528580404757,101.61166220125074,441.7,67.2,1.870447774888679,5,6,3,6,0,-1,2.3333333333333335,0.3333333333333333
2023-04-22,2022,Real Madrid,Celta,H,2,1.36,5.0,9.0,1768.8396165185152,1539.490470918338,229.34914560017728,923.45,120.0,2.0334084204796206,9,11,8,10,1,1,3.0,0.0
2023-04-22,2022,Valladolid,Girona,H,2,2.5,3.4,2.8,1472.672206664942,1520.2665451271,-47.59433846215802,90.75,139.9,-0.42898293196995496,0,0,0,0,-1,1,1.3333333333333333,1.3333333333333333
2023-04-22,2022,Osasuna,Betis,H,2,2.55,3.2,2.88,1518.101019907054,1617.7279539481372,-99.62693404108313,108.45,246.4,-0.8155386359895163,-4,-4,-3,-5,-2,0,0.0,3.0
2023-04-22,2022,Almeria,Ath Bilbao,A,0,3.8,3.75,1.85,1446.4684829068485,1582.8555531443742,-136.38707023752568,114.2,10.0,2.3487744754634203,-4,-2,-4,-3,-1,2,0.0,3.0
2023-04-23,2022,Barcelona,Ath Madrid,H,2,1.95,3.3,4.2,1817.7793958319598,1750.7403268404644,67.03906899149547,836.8,661.8,0.23430612296052722,8,10,6,8,3,5,2.0,1.0
2023-04-23,2022,Sevilla,Villarreal,H,2,2.75,3.4,2.55,1590.9861081075064,1619.7797733080656,-28.79366520055919,232.58,363.5,-0.44500192059829313,1,2,4,0,2,2,1.6666666666666667,0.6666666666666666
2023-04-23,2022,Mallorca,Getafe,H,2,2.3,2.88,3.75,1512.323233084945,1514.9881108051327,-2.664877720187633,74.15,118.9,-0.46717194583448496,-1,-1,0,0,0,0,0.3333333333333333,2.3333333333333335
2023-04-23,2022,Elche,Valencia,A,0,4.33,3.5,1.85,1378.792806054469,1450.229774209696,-71.43696815522685,72.98,249.78,-1.2207812743580844,-2,-1,-4,-3,-4,-2,0.3333333333333333,2.3333333333333335
2023-04-25,2022,Cadiz,Osasuna,A,0,2.3,3.1,3.4,1521.2013808210033,1533.0849133610748,-11.883532540071428,67.8,108.45,-0.464264079029574,0,0,0,0,-1,0,0.0,3.0
2023-04-25,2022,Girona,Real Madrid,H,2,5.25,4.33,1.57,1507.5120755417154,1772.7568604448973,-265.2447849031819,139.9,923.45,-1.881148547171727,-9,-11,-8,-10,1,1,1.3333333333333333,1.3333333333333333
2023-04-25,2022,Betis,Sociedad,D,1,2.75,3.25,2.63,1602.7440604941164,1625.1214319917444,-22.37737149762802,246.4,441.7,-0.5818858797797075,-1,-2,0,-1,-1,1,2.3333333333333335,0.3333333333333333
2023-04-26,2022,Celta,Elche,H,2,1.3,5.25,10.0,1535.5732269919558,1362.5624115294115,173.01081546254431,120.0,72.98,0.49199575919243355,0,0,0,0,-1,-5,2.0,1.0
2023-04-26,2022,Ath Madrid,Mallorca,H,2,1.4,4.33,8.5,1742.4433129112297,1523.227532862811,219.21578004841876,661.8,74.15,2.176987169353424,0,0,0,0,3,1,0.0,3.0
2023-04-26,2022,Getafe,Almeria,A,0,1.91,3.3,4.5,1504.0838110272668,1433.0337204429222,71.05009058434462,118.9,114.2,0.03998831377167722,1,1,0,0,-1,-1,1.0,2.0
2023-04-26,2022,Vallecano,Barcelona,H,2,4.75,3.75,1.73,1509.1959462904574,1826.0764097611946,-316.88046347073714,67.2,836.8,-2.508334843663518,-8,-10,-6,-8,-1,3,2.3333333333333335,0.3333333333333333
2023-04-27,2022,Valencia,Valladolid,H,2,1.75,3.75,4.75,1466.4601687347536,1485.4266762503266,-18.966507515573085,249.78,90.75,1.0055085738277123,2,1,4,3,-2,0,2.0,1.0
2023-04-27,2022,Ath Bilbao,Sevilla,A,0,1.75,3.6,4.5,1596.2903156083005,1602.954215460672,-6.6638998523715145,10.0,232.58,-3.055629358052049,-2,-4,-4,-3,4,2,0.3333333333333333,2.3333333333333335
2023-04-27,2022,Villarreal,Espanol,H,2,1.57,4.0,6.0,1607.8116659549,1440.2467108649666,167.5649550899334,363.5,116.5,1.1320882178644993,3,2,4,-1,1,-4,2.3333333333333335,0.3333333333333333
2023-04-28,2022,Osasuna,Sociedad,A,0,3.75,3.0,2.2,1551.8096847619759,1628.4180028398434,-76.60831807786758,108.45,441.7,-1.3974245157692238,-5,-6,-3,-6,2,0,0.0,3.0
2023-04-29,2022,Elche,Vallecano,H,2,4.75,3.5,1.8,1357.402658932082,1532.506963646911,-175.1043047148289,72.98,67.2,0.08135022155489136,0,0,0,0,-5,0,1.0,2.0
2023-04-29,2022,Real Madrid,Almeria,H,2,1.14,8.5,15.0,1751.116013695056,1454.8745787542216,296.2414349408343,923.45,114.2,2.082529217814571,9,11,8,10,1,0,3.0,0.0
2023-04-29,2022,Barcelona,Betis,H,2,1.33,5.0,9.0,1802.765392404741,1599.4474896460174,203.31790275872368,836.8,246.4,1.2197729485545468,4,6,3,3,1,-2,2.0,1.0
2023-04-30,2022,Cadiz,Valencia,H,2,3.1,3.1,2.45,1502.4766094201022,1478.0237577787552,24.452851641347024,67.8,249.78,-1.2933723158230945,-2,-1,-4,-3,-2,0,1.6666666666666667,0.6666666666666666
2023-04-30,2022,Villarreal,Celta,H,2,1.8,3.6,4.5,1613.1067312777661,1540.7329795892854,72.37375168848075,363.5,120.0,1.1027360058519715,5,4,4,6,1,-1,1.6666666666666667,0.6666666666666666
2023-04-30,2022,Espanol,Getafe,H,2,2.38,3.0,3.3,1434.9516455421006,1482.2429527159675,-47.291307173866926,116.5,118.9,-0.02021972844925468,1,1,0,7,-4,-3,2.0,1.0
2023-04-30,2022,Valladolid,Ath Madrid,A,0,5.5,3.8,1.65,1473.863087206325,1746.5635388376074,-272.7004516312825,90.75,661.8,-1.9774057986177276,0,0,0,0,0,3,0.0,3.0
2023-05-01,2022,Mallorca,Ath Bilbao,D,1,3.6,3.0,2.25,1519.1073069364331,1577.3548917316189,-58.24758479518573,74.15,10.0,1.9215908434006126,-4,-2,-4,-3,1,2,1.3333333333333333,1.3333333333333333
2023-05-01,2022,Sevilla,Girona,A,0,1.95,3.5,3.8,1621.8896393373536,1529.1529222915567,92.73671704579692,232.58,139.9,0.5054742119457849,6,6,8,6,4,2,1.0,2.0
2023-05-02,2022,Sociedad,Real Madrid,H,2,2.55,3.4,2.8,1644.4263797718381,1753.8974064065249,-109.47102663468672,441.7,923.45,-0.7363066263382665,-4,-5,-5,-4,2,1,0.3333333333333333,2.3333333333333335
2023-05-02,2022,Almeria,Elche,H,2,1.62,4.33,5.0,1452.0931860427527,1375.5955930753898,76.49759296736283,114.2,72.98,0.4428749618574832,0,0,0,0,-1,-3,0.6666666666666666,1.6666666666666667
2023-05-02,2022,Barcelona,Osasuna,H,2,1.14,7.5,19.0,1807.2218202084237,1535.8013078299812,271.4205123784425,836.8,108.45,2.035311584544063,8,10,6,8,1,1,2.3333333333333335,0.3333333333333333
2023-05-03,2022,Valencia,Villarreal,D,1,2.75,3.3,2.55,1468.178225447065,1621.2206905554349,-153.04246510836992,249.78,363.5,-0.3739504906863207,-3,-3,0,-3,-1,1,1.0,2.0
2023-05-03,2022,Ath Madrid,Cadiz,H,2,1.29,5.5,12.0,1754.6663706571703,1512.3221417517925,242.3442289053778,661.8,67.8,2.26526954061311,0,0,0,0,3,0,2.0,1.0
2023-05-03,2022,Getafe,Celta,H,2,2.55,3.0,3.1,1469.5012711728125,1532.6190203116166,-63.11774913880413,118.9,120.0,-0.00913248356327312,1,1,0,0,-4,-2,1.3333333333333333,1.3333333333333333
2023-05-04,2022,Ath Bilbao,Betis,A,0,1.7,4.0,4.75,1579.1488607866422,1594.9910618423348,-15.842201055692612,10.0,246.4,-3.1131111871600172,0,-2,1,-2,2,-2,1.3333333333333333,1.3333333333333333
2023-05-04,2022,Vallecano,Valladolid,H,2,1.73,3.8,4.75,1514.314029503603,1465.760255386762,48.55377411684094,67.2,90.75,-0.2966229220852634,0,0,0,0,-1,0,2.0,1.0
2023-05-04,2022,Girona,Mallorca,H,2,2.1,3.2,3.75,1551.7138966031384,1517.3133378814098,34.40055872172866,139.9,74.15,0.6285643027056516,0,0,0,0,2,1,1.0,1.0
2023-05-04,2022,Sevilla,Espanol,H,2,1.83,3.6,4.2,1599.328665025772,1447.6933270852555,151.63533794051637,232.58,116.5,0.6870862972662062,4,4,8,-1,2,-2,2.3333333333333335,0.3333333333333333
2023-05-12,2022,Mallorca,Cadiz,H,2,2.15,2.9,4.0,1507.8427771915935,1508.6527037339056,-0.8099265423120414,74.15,67.8,0.08828237125968563,0,0,0,0,0,-2,1.3333333333333333,1.3333333333333333
2023-05-13,2022,Real Madrid,Getafe,H,2,1.55,4.0,6.5,1738.488610570874,1482.9148909163503,255.57371965452376,923.45,118.9,2.0425409040428937,8,10,8,10,1,-2,2.0,1.0
2023-05-13,2022,Villarreal,Ath Bilbao,H,2,2.1,3.5,3.4,1618.9482906610492,1560.5849082964598,58.36338236458937,363.5,10.0,3.500631278650342,1,2,0,3,0,0,0.3333333333333333,2.3333333333333335
2023-05-13,2022,Osasuna,Almeria,H,2,2.05,3.5,3.6,1532.6377638132396,1460.067393929341,72.57036988389859,108.45,114.2,-0.051201924292919365,0,0,0,0,-1,-1,2.0,1.0
2023-05-13,2022,Sociedad,Girona,D,1,1.62,4.0,5.5,1659.835175607489,1561.1844572929547,98.65071831453429,441.7,139.9,1.1448419208334606,5,6,3,6,2,3,1.6666666666666667,0.6666666666666666
2023-05-14,2022,Espanol,Barcelona,A,0,5.25,4.0,1.65,1441.9864874143118,1810.3853642251652,-368.3988768108534,116.5,836.8,-1.9643410749287211,-6,-8,-6,-1,-2,2,0.6666666666666666,1.6666666666666667
2023-05-14,2022,Valladolid,Sevilla,A,0,2.25,3.5,3.1,1456.8096100280006,1605.0355046967156,-148.225894668715,90.75,232.58,-0.9344571439157399,-6,-6,-8,-6,-1,3,1.0,1.0
2023-05-14,2022,Celta,Valencia,A,0,2.2,3.3,3.4,1519.2054005680789,1470.4506253414506,48.754775226628226,120.0,249.78,-0.7287855151656508,-2,-1,-4,-3,-3,0,0.0,3.0
2023-05-14,2022,Elche,Ath Madrid,H,2,8.0,5.0,1.36,1367.6213851888015,1758.3358086750573,-390.7144234862558,72.98,661.8,-2.1926784991480996,0,0,0,0,-3,3,0.0,3.0
2023-05-15,2022,Betis,Vallecano,H,2,1.91,3.5,4.0,1613.5550143325172,1523.2646748623645,90.29033947015273,246.4,67.2,1.2885618951089715,4,4,3,5,0,1,2.3333333333333335,0.3333333333333333
2023-05-19,2022,Cadiz,Valladolid,H,2,2.2,3.4,3.3,1497.8224093759366,1443.878419781897,53.94398959403952,67.8,90.75,-0.2878637419953822,0,0,0,0,-2,-3,1.6666666666666667,0.6666666666666666
2023-05-20,2022,Barcelona,Sociedad,A,0,1.8,3.75,4.33,1815.659529849511,1652.0853857386817,163.57414411082937,836.8,441.7,0.6378870687748392,3,4,3,2,3,3,3.0,0.0
2023-05-20,2022,Getafe,Elche,D,1,1.5,4.0,7.0,1479.4837496400824,1392.8825894262986,86.60116021378371,118.9,72.98,0.4828632756291604,1,1,0,0,-3,-1,1.0,2.0
2023-05-20,2022,Almeria,Mallorca,H,2,2.25,3.25,3.3,1451.960132654348,1518.6730715495626,-66.71293889521462,114.2,74.15,0.42718363206280774,0,0,0,0,-1,0,1.0,2.0
2023-05-20,2022,Girona,Villarreal,A,0,2.8,3.75,2.3,1568.934247161762,1627.5483876504336,-58.61414048867164,139.9,363.5,-0.950476132544078,-5,-4,-4,-6,2,2,1.0,2.0
2023-05-20,2022,Ath Bilbao,Celta,H,2,1.62,3.8,5.5,1551.9848113070755,1498.1487811100033,53.836030197072205,10.0,120.0,-2.3978952727983707,4,2,4,3,-2,-3,1.0,2.0
2023-05-21,2022,Sevilla,Betis,D,1,2.3,3.3,3.1,1617.9666949428192,1621.0731022027278,-3.106407259908565,232.58,246.4,-0.057481829107968174,2,2,5,1,3,0,2.3333333333333335,0.3333333333333333
2023-05-21,2022,Valencia,Real Madrid,H,2,3.2,3.5,2.2,1491.5072447995262,1741.919751847142,-250.4125070476157,249.78,923.45,-1.3046229053139697,-7,-10,-4,-7,2,1,0.0,3.0
2023-05-21,2022,Vallecano,Espanol,A,0,2.15,3.4,3.4,1515.7465869921539,1436.712321789966,79.03426520218795,67.2,116.5,-0.5439937687347971,-2,-2,0,-7,-1,-2,3.0,0.0
2023-05-21,2022,Ath Madrid,Osasuna,H,2,1.36,4.75,8.0,1733.07460443756,1540.7450250882328,192.32957934932733,661.8,108.45,1.8010054615835358,0,0,0,0,1,1,3.0,0.0
2023-05-23,2022,Celta,Girona,D,1,2.0,3.5,3.75,1489.3879195127306,1552.1558791884975,-62.76795967576686,120.0,139.9,-0.15225987330789348,0,0,0,0,-3,2,2.0,1.0
2023-05-23,2022,Sociedad,Almeria,H,2,1.36,5.0,8.0,1676.6894018685932,1465.5273957909228,211.1620060776704,441.7,114.2,1.3462225914763044,5,6,3,6,3,1,1.3333333333333333,1.3333333333333333
2023-05-23,2022,Valladolid,Barcelona,H,2,3.6,3.8,1.91,1435.12141228007,1791.0555137195995,-355.9341014395295,90.75,836.8,-2.211711921578255,-8,-10,-6,-8,-5,1,0.0,3.0
2023-05-24,2022,Betis,Getafe,A,0,2.0,3.2,4.2,1625.1511551330204,1472.1221178717947,153.02903726122577,246.4,118.9,0.7243483979249197,3,3,3,5,1,-2,2.3333333333333335,0.3333333333333333
2023-05-24,2022,Villarreal,Cadiz,H,2,1.44,4.5,7.0,1644.326755623698,1506.5794168777636,137.74733874593448,363.5,67.8,1.6673228065094152,5,4,4,6,4,-1,0.6666666666666666,1.6666666666666667
2023-05-24,2022,Espanol,Ath Madrid,D,1,2.88,3.5,2.38,1458.8233115410362,1737.7764183294382,-278.953106788402,116.5,661.8,-1.730034951968194,2,2,0,7,-1,3,0.3333333333333333,2.3333333333333335
2023-05-24,2022,Elche,Sevilla,D,1,4.0,3.75,1.91,1400.2442211945863,1613.8886420125266,-213.64442081794027,72.98,232.58,-1.149729844446112,-6,-6,-8,-6,0,2,0.3333333333333333,2.3333333333333335
2023-05-24,2022,Real Madrid,Vallecano,H,2,1.62,4.0,5.25,1720.8033463331915,1493.6355972410836,227.1677490921079,923.45,67.2,2.6067544012269455,9,11,8,10,-1,-1,2.0,1.0
2023-05-25,2022,Mallorca,Valencia,H,2,3.3,3.0,2.4,1505.1058084129877,1512.6236503134767,-7.517841900488975,74.15,249.78,-1.205089944563409,-2,-1,-4,-3,-2,2,1.3333333333333333,1.3333333333333333
2023-05-25,2022,Osasuna,Ath Bilbao,H,2,3.0,3.25,2.45,1536.0432111963546,1560.745672904348,-24.702461707993507,108.45,10.0,2.297572551170501,-4,-2,-4,-3,-1,-2,0.3333333333333333,2.3333333333333335
2023-05-27,2022,Sevilla,Real Madrid,A,0,2.88,3.5,2.4,1609.1500214449388,1724.7635554522067,-115.61353400726784,232.58,923.45,-1.3756743352259422,-3,-5,0,-4,1,1,0.0,3.0
2023-05-28,2022,Ath Madrid,Sociedad,H,2,2.0,3.5,3.6,1730.6681453102806,1680.9771993504862,49.69094595979436,661.8,441.7,0.40358094581431203,-5,-6,-3,-6,2,4,1.6666666666666667,0.6666666666666666
2023-05-28,2022,Almeria,Valladolid,D,1,2.25,3.4,3.1,1461.2395983090298,1459.5280526005301,1.7115457084996706,114.2,90.75,0.22760226132711114,0,0,0,0,-1,-3,1.0,2.0
2023-05-28,2022,Ath Bilbao,Elche,A,0,1.3,5.0,11.0,1548.9465706636927,1404.982841762174,143.9637289015186,10.0,72.98,-1.9058995136059371,4,2,4,3,-2,1,2.3333333333333335,0.3333333333333333
2023-05-28,2022,Barcelona,Mallorca,H,2,1.33,5.0,9.5,1766.6488733991393,1516.2047365279223,250.4441368712171,836.8,74.15,2.4112932923139514,8,10,6,8,1,0,3.0,0.0
2023-05-28,2022,Valencia,Espanol,D,1,2.0,3.75,3.4,1501.5247221985421,1465.9315845601939,35.59313763834825,249.78,116.5,0.7581377271781786,0,-1,4,-4,0,0,0.6666666666666666,1.6666666666666667
2023-05-28,2022,Girona,Betis,A,0,1.95,3.6,3.6,1553.7571905650286,1600.821011738036,-47.063821173007454,139.9,246.4,-0.5629560410537531,-4,-4,-3,-5,1,0,0.0,3.0
2023-05-28,2022,Getafe,Osasuna,H,2,2.2,3.1,3.5,1496.452261266779,1547.84231343701,-51.390052170231,118.9,108.45,0.09119023806459658,1,1,0,0,0,-1,2.3333333333333335,0.3333333333333333
2023-05-28,2022,Cadiz,Celta,H,2,2.6,3.1,2.75,1500.4939538332094,1487.7866081361994,12.707345697009941,67.8,120.0,-0.5645868006574437,0,0,0,0,-1,-4,1.3333333333333333,1.3333333333333333
2023-05-28,2022,Vallecano,Villarreal,H,2,3.0,3.6,2.2,1489.6753881220684,1650.4122186682523,-160.7368305461839,67.2,363.5,-1.6760819865992964,-5,-4,-4,-6,-3,4,1.0,2.0
2023-06-04,2022,Valladolid,Getafe,D,1,2.2,3.3,3.4,1463.7980029526022,1509.3671884948772,-45.56918554227491,90.75,118.9,-0.26759057509878836,-1,-1,0,0,-2,2,3.0,0.0
2023-06-04,2022,Elche,Cadiz,D,1,2.63,3.4,2.63,1429.0691255830927,1510.7917835177286,-81.72265793463589,72.98,67.8,0.07259104146501016,0,0,0,0,1,-1,1.3333333333333333,1.3333333333333333
2023-06-04,2022,Celta,Barcelona,H,2,2.6,3.8,2.5,1477.4887784516802,1770.1707695005323,-292.68199104885207,120.0,836.8,-1.9349888629161933,-8,-10,-6,-8,-4,1,0.3333333333333333,2.3333333333333335
2023-06-04,2022,Betis,Valencia,D,1,2.63,3.6,2.5,1618.0889279899413,1495.95084806386,122.13807992608145,246.4,249.78,-0.013569600804004267,2,3,-1,2,2,1,2.0,1.0
2023-06-04,2022,Espanol,Almeria,D,1,2.75,3.8,2.38,1471.505458694876,1456.9696479569577,14.535810737918382,116.5,114.2,0.01976858532242254,2,2,0,7,-1,0,1.3333333333333333,1.3333333333333333
2023-06-04,2022,Sociedad,Sevilla,H,2,1.73,3.9,4.6,1672.0676102381863,1594.8236584753386,77.2439517628477,441.7,232.58,0.6393677088876757,-1,0,-5,0,2,1,1.6666666666666667,0.6666666666666666
2023-06-04,2022,Real Madrid,Ath Bilbao,D,1,1.91,3.75,3.75,1739.089918421807,1524.860286842774,214.2296315790329,923.45,10.0,4.431303693277991,5,9,4,7,1,-3,3.0,0.0
2023-06-04,2022,Osasuna,Girona,H,2,2.05,3.6,3.4,1534.927386208912,1536.4892743131234,-1.561888104211448,108.45,139.9,-0.2525825949357632,0,0,0,0,-1,-1,1.0,1.0
2023-06-04,2022,Mallorca,Vallecano,H,2,3.0,3.3,2.38,1512.6828404265293,1507.2712186006136,5.411621825915745,74.15,67.2,0.09704155134956682,0,0,0,0,-1,-1,2.0,1.0
2023-06-04,2022,Villarreal,Ath Madrid,D,1,2.7,3.5,2.5,1632.8163881897071,1739.5777344225805,-106.7613462328734,363.5,661.8,-0.5979467341036946,5,4,4,6,2,2,1.6666666666666667,0.6666666666666666
2023-08-11,2023,Sevilla,Valencia,A,0,1.91,3.5,4.2,1586.8745789264162,1504.4178514135706,82.45672751284565,228.75,249.78,-0.08758429952659608,3,3,0,2,-1,1,1.6666666666666667,0.6666666666666666
2023-08-11,2023,Almeria,Vallecano,A,0,2.45,3.3,2.9,1461.7428841274898,1496.687520209459,-34.94463608196929,114.2,103.4,0.0984400728132524,0,0,0,0,-1,-3,1.0,2.0
2023-08-12,2023,Ath Bilbao,Real Madrid,A,0,3.3,3.5,2.15,1535.6369759328654,1728.3132293317155,-192.67625339885012,10.0,1140.0,-4.641765077063705,-6,-7,-4,-8,-2,2,0.3333333333333333,2.3333333333333335
2023-08-12,2023,Sociedad,Girona,D,1,1.62,4.0,5.25,1680.0166897871086,1525.6290058327188,154.3876839543898,498.5,139.9,1.2655571791839737,4,5,3,3,2,-3,1.6666666666666667,0.6666666666666666
2023-08-12,2023,Las Palmas,Mallorca,D,1,2.4,3.0,3.3,1337.271671418033,1523.2665388176838,-185.99486739965073,112.4,107.0,0.04879016416943216,0,0,0,0,-4,1,1.5,1.5
2023-08-13,2023,Celta,Osasuna,A,0,2.05,3.2,3.9,1500.0479902332795,1545.7876546893165,-45.73966445603696,149.3,150.05,-0.004977611073752719,2,1,3,3,-2,1,1.3333333333333333,1.3333333333333333
2023-08-13,2023,Villarreal,Betis,A,0,1.75,4.0,4.2,1633.108262126595,1609.6219246402306,23.48633748636439,252.5,224.88,0.11535993822660195,1,-1,1,0,2,1,1.3333333333333333,1.3333333333333333
2023-08-13,2023,Getafe,Barcelona,D,1,6.5,3.8,1.57,1511.6981168728166,1747.611557718933,-235.91344084611637,133.0,916.2,-1.923485751032838,-6,-7,-7,-6,1,-1,0.6666666666666666,1.6666666666666667
2023-08-14,2023,Ath Madrid,Granada,H,2,1.3,5.5,9.5,1739.2858604856926,1475.7197828866686,263.5660775990241,534.3,141.1,1.3262963022962806,-2,-3,-2,-2,1,1,1.3333333333333333,1.3333333333333333
2023-08-14,2023,Cadiz,Alaves,H,2,2.2,3.0,3.75,1511.5801526866624,1421.0379578329334,90.54219485372892,65.6,123.7,-0.6272062751396472,0,0,0,0,0,-1,1.3333333333333333,1.3333333333333333
2023-08-18,2023,Mallorca,Villarreal,A,0,2.8,3.2,2.6,1519.627845675878,1612.9906300311752,-93.36278435529721,107.0,252.5,-0.8532325959070182,-5,-4,-4,-7,0,0,2.0,1.0
2023-08-18,2023,Valencia,Las Palmas,H,2,1.57,3.9,6.0,1526.6428573399207,1340.9103645598389,185.73249278008188,249.78,112.4,0.7936546694687401,2,1,4,3,1,-3,1.0,2.0
2023-08-19,2023,Sociedad,Celta,D,1,1.73,3.4,5.5,1670.6506706880573,1482.7242448378993,187.926425850158,498.5,149.3,1.2009743013296799,2,4,0,0,2,-2,2.3333333333333335,0.3333333333333333
2023-08-19,2023,Almeria,Real Madrid,A,0,8.0,4.75,1.4,1443.9665887721965,1739.4043455984802,-295.4377568262837,114.2,1140.0,-2.292990601600285,-10,-11,-9,-10,-1,2,0.0,3.0
2023-08-19,2023,Osasuna,Ath Bilbao,A,0,2.9,3.0,2.63,1563.1114000846967,1524.5458596661008,38.5655404185959,150.05,10.0,2.6197156350343107,-4,-4,-5,-2,1,-2,1.3333333333333333,1.3333333333333333
2023-08-20,2023,Girona,Getafe,H,2,2.05,3.1,4.0,1534.99502493177,1517.2839060657209,17.71111886604922,139.9,133.0,0.050210618953723696,-2,-3,0,-2,-3,2,1.0,2.0
2023-08-20,2023,Barcelona,Cadiz,H,2,1.2,7.0,13.0,1742.0257685260287,1519.0900753113715,222.93569321465725,916.2,65.6,2.6226209734374057,8,10,7,8,-2,2,2.0,1.0
2023-08-20,2023,Betis,Ath Madrid,D,1,3.8,3.4,2.0,1629.7395567356505,1742.5796583107176,-112.84010157506714,224.88,534.3,-0.8628234525946992,4,5,3,7,1,3,0.0,3.0
2023-08-21,2023,Granada,Vallecano,A,0,2.75,3.0,2.8,1472.4259850616436,1514.4638155647524,-42.03783050310881,141.1,103.4,0.3083013596545161,2,3,2,2,0,-1,0.6666666666666666,1.6666666666666667
2023-08-21,2023,Alaves,Sevilla,H,2,3.3,3.1,2.35,1413.5280352082243,1564.649573000066,-151.12153779184177,123.7,228.75,-0.6110809085498055,-5,-4,-4,-5,-3,-3,0.6666666666666666,1.6666666666666667
2023-08-25,2023,Celta,Real Madrid,A,0,4.75,3.9,1.7,1492.921057344774,1746.7567285686491,-253.83567122387512,149.3,1140.0,-2.027027053103147,-8,-10,-6,-7,-1,4,0.0,3.0
2023-08-25,2023,Las Palmas,Sociedad,D,1,4.33,3.1,2.0,1336.056009420762,1660.4538581811826,-324.39784876042063,112.4,498.5,-1.4826862067949564,-4,-5,-3,-3,-4,1,0.3333333333333333,2.3333333333333335
2023-08-26,2023,Cadiz,Almeria,D,1,2.25,3.2,3.3,1515.0453712430742,1436.6142058020275,78.43116544104669,65.6,114.2,-0.5479651707154476,0,0,0,0,0,-3,1.0,1.0
2023-08-26,2023,Granada,Mallorca,H,2,2.6,3.0,3.0,1454.946517131653,1504.3413288951888,-49.3948117635357,141.1,107.0,0.2743998079788348,2,3,2,2,-2,0,3.0,0.0
2023-08-26,2023,Sevilla,Girona,A,0,2.05,3.4,3.6,1547.4582699703603,1545.0989421916845,2.3593277786758335,228.75,139.9,0.48894134233116127,5,4,4,5,-4,-1,0.0,3.0
2023-08-27,2023,Ath Bilbao,Betis,H,2,1.85,3.5,4.2,1545.2299898414408,1630.2936562413636,-85.0636663999228,10.0,224.88,-3.0221086120062655,0,-1,2,-5,-2,1,0.3333333333333333,2.3333333333333335
2023-08-27,2023,Villarreal,Barcelona,A,0,3.6,3.5,2.0,1628.2771468118644,1746.070472594326,-117.79332578246158,252.5,916.2,-1.285961727952511,-3,-6,-3,-1,0,0,1.0,2.0
2023-08-27,2023,Valencia,Osasuna,A,0,1.91,3.4,4.0,1531.4972124789977,1542.4272699093567,-10.930057430359057,249.78,150.05,0.5069651529297108,2,1,4,3,1,1,2.0,1.0
2023-08-28,2023,Getafe,Alaves,H,2,2.2,2.88,3.8,1507.1799888058065,1430.71933823793,76.46065056787643,133.0,123.7,0.0719289472649205,2,3,0,2,1,-1,1.0,1.0
2023-08-28,2023,Vallecano,Ath Madrid,A,0,4.2,3.3,1.95,1531.943283494743,1742.0255588050045,-210.0822753102616,103.4,534.3,-1.6345976619507967,0,0,0,0,1,2,0.3333333333333333,2.3333333333333335
2023-09-01,2023,Cadiz,Villarreal,H,2,3.4,3.4,2.15,1507.9545842843315,1614.0446755292899,-106.09009124495833,65.6,252.5,-1.3366592454848947,-5,-4,-4,-7,1,-2,1.3333333333333333,1.3333333333333333
2023-09-01,2023,Almeria,Celta,A,0,2.8,3.4,2.5,1443.7049927607702,1484.160182930679,-40.45519016990875,114.2,149.3,-0.26596354849713766,-2,-1,-3,-3,-2,-2,1.6666666666666667,0.6666666666666666
2023-09-02,2023,Sociedad,Granada,H,2,1.44,4.5,7.0,1651.9206223707617,1467.7770356711205,184.14358669964122,498.5,141.1,1.2570765629855538,2,2,1,1,0,-2,2.0,1.0
2023-09-02,2023,Real Madrid,Getafe,H,2,1.33,5.25,9.5,1755.5176029827442,1515.1554417810053,240.3621612017389,1140.0,133.0,2.1418205499111647,8,8,9,8,4,1,3.0,0.0
2023-09-02,2023,Alaves,Valencia,H,2,2.9,2.88,2.75,1422.7438852627313,1512.733840950705,-89.98995568797363,123.7,249.78,-0.6986652080764015,-2,-1,-4,-3,-3,1,1.3333333333333333,1.3333333333333333
2023-09-02,2023,Betis,Vallecano,H,2,1.95,3.4,4.0,1615.9381126288724,1521.5430168380863,94.39509579078617,224.88,103.4,0.7717742093560975,4,5,3,7,1,1,2.3333333333333335,0.3333333333333333
2023-09-03,2023,Mallorca,Ath Bilbao,D,1,3.3,3.0,2.38,1491.5108103557213,1559.585533453932,-68.0747230982106,107.0,10.0,2.2842359543258492,-4,-4,-5,-2,-2,0,1.6666666666666667,0.6666666666666666
2023-09-03,2023,Girona,Las Palmas,H,2,1.67,3.8,5.25,1564.3945796245275,1344.5892452311828,219.80533439334476,139.9,112.4,0.21712902761098274,0,0,0,0,0,-3,3.0,0.0
2023-09-03,2023,Osasuna,Barcelona,A,0,5.25,4.0,1.65,1561.1906414376494,1760.3029438769006,-199.11230243925115,150.05,916.2,-1.8037146431510678,-8,-10,-7,-8,1,2,0.0,3.0
2023-09-15,2023,Vallecano,Alaves,H,2,2.0,3.25,4.0,1514.157268807759,1437.3118364493478,76.84543235841124,103.4,123.7,-0.17768117723745203,0,0,0,0,-1,-1,2.0,1.0
2023-09-16,2023,Barcelona,Betis,H,2,1.36,5.25,7.5,1771.1363366167964,1623.3238606591997,147.8124759575967,916.2,224.88,1.401321666179113,4,5,4,1,2,1,3.0,0.0
2023-09-16,2023,Celta,Mallorca,A,0,2.0,3.1,4.33,1501.7060615179203,1490.1363515782011,11.569709939719132,149.3,107.0,0.33050206963470874,2,1,3,3,0,-1,1.0,2.0
2023-09-16,2023,Ath Bilbao,Cadiz,H,2,1.53,4.0,7.0,1560.9599922314521,1523.217487733415,37.74250449803708,10.0,65.6,-1.8008093047479727,4,4,5,2,1,1,3.0,0.0
2023-09-16,2023,Valencia,Ath Madrid,H,2,3.8,3.3,2.05,1498.1658897640884,1752.4258254616611,-254.2599356975727,249.78,534.3,-0.7582512766369431,2,1,4,3,0,3,0.0,3.0
2023-09-17,2023,Getafe,Osasuna,H,2,2.63,3.0,3.0,1511.4490989152164,1550.3572486977537,-38.90814978253729,133.0,150.05,-0.11977110788177026,2,3,0,2,-1,1,2.3333333333333335,0.3333333333333333
2023-09-17,2023,Villarreal,Almeria,H,2,1.44,4.5,7.0,1598.7817720802063,1426.159114173529,172.62265790667743,252.5,114.2,0.7886940747694471,5,4,4,7,-2,-3,2.3333333333333335,0.3333333333333333
2023-09-17,2023,Sevilla,Las Palmas,H,2,1.62,4.0,5.5,1528.1626325375173,1340.4810670338738,187.68156550364347,228.75,112.4,0.706070369942144,5,4,4,5,-5,-3,3.0,0.0
2023-09-17,2023,Real Madrid,Sociedad,H,2,1.65,4.0,5.0,1759.223945848533,1656.812308491545,102.41163735698797,1140.0,498.5,0.8260527517734673,6,6,6,7,4,2,1.3333333333333333,1.3333333333333333
2023-09-18,2023,Granada,Girona,A,0,2.63,3.5,2.6,1462.8853495503372,1568.5027578218364,-105.61740827149924,141.1,139.9,0.008480616198419888,2,3,2,2,-2,2,1.5,1.5
2023-09-22,2023,Alaves,Ath Bilbao,A,0,4.2,3.0,2.05,1429.3493458895643,1570.3063201781074,-140.95697428854305,123.7,10.0,2.42801557988762,-4,-4,-5,-2,-1,2,0.6666666666666666,1.6666666666666667
2023-09-23,2023,Almeria,Valencia,D,1,3.0,3.6,2.3,1420.9898084499853,1519.4201556489636,-98.43034719897832,114.2,249.78,-0.7779063125006012,-2,-1,-4,-3,-4,1,1.3333333333333333,1.3333333333333333
2023-09-23,2023,Barcelona,Celta,H,2,1.29,6.0,9.0,1776.9455658719671,1482.0482257116826,294.89734016028456,916.2,149.3,1.8086922542248205,6,9,4,5,4,-2,2.0,1.0
2023-09-23,2023,Girona,Mallorca,H,2,1.85,3.5,4.2,1583.2602559420711,1509.7941873844388,73.4660685576323,139.9,107.0,0.2659191917804149,0,0,0,0,4,-1,2.0,0.5
2023-09-23,2023,Osasuna,Sevilla,D,1,2.6,3.1,2.88,1537.9679449453133,1532.9715090326974,4.99643591261588,150.05,228.75,-0.4193808534031147,-5,-4,-4,-5,-1,-3,2.3333333333333335,0.3333333333333333
2023-09-24,2023,Ath Madrid,Real Madrid,H,2,2.7,3.4,2.55,1731.171559576786,1766.3557925751998,-35.18423299841379,534.3,1140.0,-0.7568330124627405,-10,-11,-9,-10,1,5,1.3333333333333333,1.3333333333333333
2023-09-24,2023,Betis,Cadiz,D,1,1.8,3.5,4.5,1617.514631404029,1513.8711597867598,103.64347161726914,224.88,65.6,1.2212993072582927,4,5,3,7,0,0,1.3333333333333333,1.3333333333333333
2023-09-24,2023,Las Palmas,Granada,H,2,1.95,3.5,3.6,1335.6721905386937,1448.1278514301025,-112.4556608914088,112.4,141.1,-0.22560964380940263,-2,-3,-2,-2,-3,-3,1.0,2.0
2023-09-24,2023,Sociedad,Getafe,H,2,1.53,3.8,7.0,1649.6804617648784,1523.8384026676567,125.84205909722164,498.5,133.0,1.3157677981376974,2,2,3,1,0,0,1.3333333333333333,1.3333333333333333
2023-09-24,2023,Vallecano,Villarreal,D,1,2.5,3.5,2.63,1522.1197593675424,1603.95107780375,-81.83131843620754,103.4,252.5,-0.8871341475826995,-5,-4,-4,-7,1,-1,2.0,1.0
2023-09-26,2023,Sevilla,Almeria,H,2,1.67,3.8,5.0,1537.3714336684186,1420.9220415521518,116.44939211626684,228.75,114.2,0.6903220129740051,5,4,4,5,-2,-3,2.0,1.0
2023-09-26,2023,Mallorca,Barcelona,D,1,7.5,4.2,1.5,1501.7173949196851,1779.7465452764768,-278.02915035679166,107.0,916.2,-2.1391943238595292,-8,-10,-7,-8,-2,5,0.0,3.0
2023-09-27,2023,Valencia,Sociedad,A,0,2.63,3.1,2.8,1519.487922546797,1656.1051527784,-136.6172302316029,249.78,498.5,-0.6890315373262164,-2,-4,1,0,0,1,1.6666666666666667,0.6666666666666666
2023-09-27,2023,Ath Bilbao,Getafe,D,1,1.62,3.6,6.5,1583.5462110644849,1517.413711654135,66.13249941034974,10.0,133.0,-2.4999445271525405,2,1,5,0,4,-1,1.0,1.0
2023-09-27,2023,Real Madrid,Las Palmas,H,2,1.2,7.0,11.0,1754.1220967883037,1351.2097143836318,402.9123824046719,1140.0,112.4,2.3087389585684237,10,11,9,10,3,-2,2.3333333333333335,0.3333333333333333
2023-09-27,2023,Villarreal,Girona,A,0,2.25,3.5,3.1,1604.7347686037956,1591.3370484068248,13.397720196970795,252.5,139.9,0.5873134041266033,5,4,4,7,0,5,3.0,0.0
2023-09-27,2023,Cadiz,Vallecano,D,1,2.5,3.2,2.88,1521.7777909335557,1521.3360685674968,0.4417223660589116,65.6,103.4,-0.4495250979021952,0,0,0,0,-1,0,2.0,1.0
2023-09-28,2023,Osasuna,Ath Madrid,A,0,3.4,3.4,2.15,1533.5680203095922,1743.405255363682,-209.8372350540899,150.05,534.3,-1.265216429566654,0,0,0,0,-2,2,0.0,3.0
2023-09-28,2023,Celta,Alaves,D,1,1.7,3.6,5.25,1479.2472463071729,1416.109455003187,63.13779130398598,149.3,123.7,0.18672244407293803,2,1,3,3,-2,-1,3.0,0.0
2023-09-28,2023,Granada,Betis,D,1,3.0,3.3,2.38,1432.5903275851645,1609.608000257233,-177.01767267206856,141.1,224.88,-0.4634728497015814,-2,-2,-1,-5,-3,-1,0.0,3.0
2023-09-29,2023,Barcelona,Sevilla,H,2,1.36,5.25,8.0,1772.6692435575442,1544.073322658944,228.59592089860007,916.2,228.75,1.384333789747953,3,6,3,3,4,0,3.0,0.0
2023-09-30,2023,Vallecano,Mallorca,D,1,2.1,3.1,4.0,1525.5555864522585,1508.7946966386178,16.760889813640688,103.4,107.0,-0.03390155167568132,0,0,0,0,-1,-1,0.0,3.0
2023-09-30,2023,Sociedad,Ath Bilbao,H,2,2.2,3.2,3.5,1669.530087316805,1576.8745854662975,92.65550185050756,498.5,10.0,3.815712325290238,0,1,-2,1,2,3,1.0,2.0
2023-09-30,2023,Girona,Real Madrid,A,0,3.5,4.0,1.95,1611.066078842365,1755.6941407238587,-144.62806188149375,139.9,1140.0,-2.091609930957441,-10,-11,-9,-10,5,3,2.3333333333333335,0.3333333333333333
2023-09-30,2023,Getafe,Villarreal,D,1,2.9,3.1,2.6,1524.0853372523225,1585.0057381682554,-60.92040091593299,133.0,252.5,-0.637524023080327,-3,-1,-4,-5,0,-2,0.3333333333333333,2.3333333333333335
2023-10-01,2023,Ath Madrid,Cadiz,H,2,1.33,5.0,10.0,1753.8151085270915,1517.558273048794,236.2568354782975,534.3,65.6,2.084122759852992,0,0,0,0,2,0,2.0,1.0
2023-10-01,2023,Almeria,Granada,D,1,1.95,3.6,3.75,1414.2201525616263,1435.8620323877567,-21.641879826130435,114.2,141.1,-0.2098612868412637,-2,-3,-2,-2,-3,-2,2.3333333333333335,0.3333333333333333
2023-10-01,2023,Alaves,Osasuna,A,0,2.75,3.0,2.8,1422.6769692609378,1523.1581671461827,-100.48119788524491,123.7,150.05,-0.19170005514669075,0,0,0,0,-2,-2,0.0,3.0
2023-10-01,2023,Betis,Valencia,H,2,2.3,3.25,3.3,1606.3362954546408,1506.062988008392,100.27330744624874,224.88,249.78,-0.10457217595775603,2,4,-1,4,-1,-2,1.3333333333333333,1.3333333333333333
2023-10-02,2023,Las Palmas,Celta,H,2,2.5,3.2,3.0,1349.6376704480767,1472.679732049422,-123.04206160134527,112.4,149.3,-0.2817119054652766,-2,-1,-3,-3,-2,-2,0.0,3.0
2023-10-06,2023,Ath Bilbao,Almeria,H,2,1.36,5.0,8.0,1569.4329440243962,1410.8933757716393,158.5395682527569,10.0,114.2,-2.3487744754634203,4,4,5,2,1,-3,3.0,0.0
2023-10-07,2023,Cadiz,Girona,A,0,3.25,3.4,2.25,1513.7744770078978,1597.9822999134785,-84.20782290558077,65.6,139.9,-0.7493458413582914,0,0,0,0,-1,3,2.0,0.5
2023-10-07,2023,Real Madrid,Osasuna,H,2,1.29,6.0,9.5,1768.7779196527451,1538.137392176766,230.64052747597907,1140.0,150.05,2.0220494420293944,10,11,9,10,3,-2,2.3333333333333335,0.3333333333333333
2023-10-07,2023,Mallorca,Valencia,D,1,2.5,3.0,3.2,1513.6540928267375,1498.864007505803,14.790085320934395,107.0,249.78,-0.8424448336381722,-2,-1,-4,-3,0,-2,2.0,1.0
2023-10-07,2023,Sevilla,Vallecano,D,1,1.85,3.6,4.2,1540.1412880362823,1520.6961902641387,19.445097772143527,228.75,103.4,0.7887620857872575,5,4,4,5,0,0,0.6666666666666666,1.6666666666666667
2023-10-08,2023,Granada,Barcelona,D,1,6.5,5.25,1.4,1439.1888091777437,1776.601278180206,-337.41246900246233,141.1,916.2,-1.8647945158806944,-6,-7,-5,-6,-3,4,1.6666666666666667,0.6666666666666666
2023-10-08,2023,Ath Madrid,Sociedad,H,2,1.83,3.4,4.5,1757.5989045679878,1676.9717287587064,80.62717580928143,534.3,498.5,0.06921973931072678,-4,-5,-3,-3,3,3,2.3333333333333335,0.3333333333333333
2023-10-08,2023,Celta,Getafe,D,1,2.05,3.1,4.2,1456.6863822369774,1522.4052148776836,-65.7188326407063,149.3,133.0,0.11479349680801754,0,-2,3,1,-2,-1,0.3333333333333333,2.3333333333333335
2023-10-08,2023,Alaves,Betis,D,1,2.8,3.25,2.6,1407.6977442303544,1613.5352759572297,-205.83753172687534,123.7,224.88,-0.5940930321186455,-4,-5,-3,-7,-2,1,0.0,3.0
2023-10-08,2023,Villarreal,Las Palmas,A,0,1.6,4.0,5.75,1586.6858605428943,1365.6310202605214,221.05484028237288,252.5,112.4,0.804442431737586,5,4,4,7,-1,-1,2.0,1.0
2023-10-20,2023,Osasuna,Granada,H,2,1.73,3.8,4.75,1534.2453964370832,1448.0939896064754,86.15140683060781,150.05,141.1,0.06107987272962667,-2,-3,-2,-2,-2,-2,2.3333333333333335,0.3333333333333333
2023-10-21,2023,Celta,Ath Madrid,A,0,3.5,3.5,2.1,1455.2111296535384,1765.4347149424561,-310.2235852889178,149.3,534.3,-1.2701940406404066,2,1,3,3,-3,3,0.0,3.0
2023-10-21,2023,Sevilla,Real Madrid,D,1,4.2,3.6,1.85,1535.1784285716924,1772.669915392428,-237.49148682073564,228.75,1140.0,-1.6026685886262797,-5,-7,-5,-5,1,3,0.0,3.0
2023-10-21,2023,Sociedad,Mallorca,H,2,1.55,3.8,7.0,1669.135918384238,1508.870992676608,160.26492570763003,498.5,107.0,1.5314763709643886,4,5,3,3,1,0,2.3333333333333335,0.3333333333333333
2023-10-21,2023,Getafe,Betis,D,1,2.5,3.0,3.1,1523.8804674611226,1609.1021863387932,-85.22171887767058,133.0,224.88,-0.522164084853725,-2,-2,-3,-5,0,0,1.3333333333333333,1.3333333333333333
2023-10-22,2023,Girona,Almeria,H,2,1.45,4.5,7.0,1613.66363385243,1405.3679450622776,208.29568879015233,139.9,114.2,0.20138067064284382,0,0,0,0,3,-3,1.5,1.5
2023-10-22,2023,Barcelona,Ath Bilbao,H,2,1.62,4.0,5.5,1767.6960977514743,1574.9583747337579,192.73772301771646,916.2,10.0,4.4234302781853785,4,6,2,6,3,2,3.0,0.0
2023-10-22,2023,Villarreal,Alaves,D,1,1.7,3.75,5.0,1560.7686026634249,1412.1308338487909,148.637768814634,252.5,123.7,0.7094529703452475,5,4,4,7,-1,-3,1.0,2.0
2023-10-22,2023,Las Palmas,Vallecano,A,0,2.63,3.1,2.8,1391.5482781399908,1525.6590497287286,-134.11077158873786,112.4,103.4,0.08269171584511348,0,0,0,0,1,1,0.0,3.0
2023-10-23,2023,Valencia,Cadiz,H,2,1.75,3.6,5.0,1503.6471076559326,1498.0931430689463,5.55396458698624,249.78,65.6,1.3258714832160488,2,1,4,3,-1,-3,0.3333333333333333,2.3333333333333335
2023-10-27,2023,Girona,Celta,H,2,1.7,4.2,4.5,1618.0124255457852,1448.32086371251,169.69156183327527,139.9,149.3,-0.06458287785429384,-2,-1,-3,-3,3,-3,0.3333333333333333,2.3333333333333335
2023-10-28,2023,Almeria,Las Palmas,A,0,2.25,3.5,3.1,1401.0191533689224,1378.0162449541897,23.0029084147327,114.2,112.4,0.01574835696813892,0,0,0,0,-3,1,1.5,1.5
2023-10-28,2023,Barcelona,Real Madrid,A,0,2.55,3.6,2.6,1772.3886037370219,1767.025543602438,5.363060134583975,916.2,1140.0,-0.21833479887832663,-2,-1,-2,-2,3,2,2.0,1.0
2023-10-28,2023,Mallorca,Getafe,D,1,2.25,3.0,3.5,1503.390192394432,1523.242822284537,-19.852629890104936,107.0,133.0,-0.2157085728266912,-2,-3,0,-2,-2,-1,1.0,2.0
2023-10-28,2023,Cadiz,Sevilla,D,1,3.3,3.25,2.25,1487.515056725912,1540.8228003616825,-53.30774363577052,65.6,228.75,-1.2382871836894527,-5,-4,-4,-5,-3,0,0.3333333333333333,2.3333333333333335
2023-10-29,2023,Ath Bilbao,Valencia,D,1,1.62,3.8,5.75,1570.2658687482103,1514.225193998967,56.04067474924341,10.0,249.78,-3.1266807879640215,2,3,1,-1,0,-1,2.3333333333333335,0.3333333333333333
2023-10-29,2023,Betis,Osasuna,H,2,2.05,3.5,3.6,1609.739831515379,1541.898514556677,67.84131695870201,224.88,150.05,0.40239297697195475,4,5,3,7,1,0,2.0,1.0
2023-10-29,2023,Vallecano,Sociedad,D,1,3.1,3.2,2.38,1539.1910829145297,1674.616718666414,-135.42563575188433,103.4,498.5,-1.56537792264007,-4,-5,-3,-3,1,3,0.3333333333333333,2.3333333333333335
2023-10-29,2023,Ath Madrid,Alaves,H,2,1.4,4.75,8.5,1772.3249808834846,1421.343826346033,350.98115453745163,534.3,123.7,1.4569164847133447,0,0,0,0,5,-2,2.0,1.0
2023-10-30,2023,Granada,Villarreal,A,0,3.1,3.5,2.25,1440.4408714868816,1551.5556101661828,-111.11473867930113,141.1,252.5,-0.5788327879281834,-3,-1,-2,-5,-2,-2,0.3333333333333333,2.3333333333333335
2023-11-03,2023,Las Palmas,Ath Madrid,H,2,5.75,3.6,1.65,1398.1154264271559,1774.4067609147721,-376.29133448761627,112.4,534.3,-1.5519059461056832,0,0,0,0,1,5,0.0,3.0
2023-11-04,2023,Betis,Mallorca,H,2,1.91,3.3,4.5,1618.0091546309357,1499.9900516478463,118.0191029830894,224.88,107.0,0.7378726576804162,4,5,3,7,2,-1,3.0,0.0
2023-11-04,2023,Osasuna,Girona,A,0,2.9,3.4,2.4,1533.6291914411202,1623.2543223238372,-89.62513088271703,150.05,139.9,0.06956048892804656,0,0,0,0,-1,3,2.0,0.5
2023-11-04,2023,Sociedad,Barcelona,A,0,3.1,3.5,2.25,1673.0925493724608,1752.974217045733,-79.8816676732722,498.5,916.2,-0.6077179528951406,-4,-5,-4,-5,2,1,1.0,2.0
2023-11-04,2023,Celta,Sevilla,D,1,2.6,3.4,2.7,1443.0789669344579,1542.8266179830532,-99.74765104859534,149.3,228.75,-0.4243584644768674,-3,-3,-1,-2,-3,0,1.0,1.0
2023-11-05,2023,Alaves,Almeria,H,2,1.75,3.75,4.75,1419.2620463147455,1380.9199718959562,38.34207441878925,123.7,114.2,0.07924110442419963,0,0,0,0,-2,-4,1.5,1.5
2023-11-05,2023,Valencia,Granada,H,2,1.65,4.0,5.0,1520.5428390029717,1425.9205696977142,94.62226930525753,249.78,141.1,0.5680450256593375,0,-2,2,1,-1,-2,2.3333333333333335,0.3333333333333333
2023-11-05,2023,Villarreal,Ath Bilbao,A,0,2.8,3.6,2.4,1566.0759119553502,1563.9482237442055,2.1276882111446866,252.5,10.0,3.1374685502328674,1,0,-1,5,-1,-1,1.3333333333333333,1.3333333333333333
2023-11-05,2023,Real Madrid,Vallecano,D,1,1.29,5.5,12.0,1786.4399302937268,1540.715252208483,245.7246780852438,1140.0,103.4,2.391430674413537,10,11,9,10,4,1,2.0,1.0
2023-11-06,2023,Getafe,Cadiz,H,2,1.91,3.1,4.75,1526.6429630311227,1485.5112391045413,41.131723926581344,133.0,65.6,0.6991352224045677,2,3,0,2,0,-3,1.0,1.0
2023-11-10,2023,Ath Bilbao,Celta,H,2,1.67,3.8,5.0,1583.234678908454,1443.068072156366,140.166606752088,10.0,149.3,-2.614738023960558,2,3,2,-1,0,-3,1.0,2.0
2023-11-11,2023,Real Madrid,Valencia,H,2,1.33,5.5,8.5,1775.0471562288656,1527.9213088218407,247.12584740702482,1140.0,249.78,1.5150842890996836,8,10,5,7,3,1,2.0,1.0
2023-11-11,2023,Osasuna,Las Palmas,D,1,1.95,3.4,4.0,1518.1814054237823,1423.0358540373893,95.14555138639298,150.05,112.4,0.2866895165390293,0,0,0,0,-1,3,0.5,2.0
2023-11-11,2023,Vallecano,Girona,A,0,2.88,3.5,2.4,1552.1080262733442,1638.702108341175,-86.59408206783087,103.4,139.9,-0.2998207434560962,0,0,0,0,1,3,0.6666666666666666,1.6666666666666667
2023-11-11,2023,Almeria,Sociedad,A,0,4.75,3.8,1.73,1371.595837651392,1657.2249406300818,-285.62910297868984,114.2,498.5,-1.4669378498268175,-4,-5,-3,-3,-4,0,0.3333333333333333,2.3333333333333335
2023-11-11,2023,Granada,Getafe,D,1,2.5,3.1,3.0,1418.5420998788452,1535.8642176136784,-117.32211773483323,141.1,133.0,0.058691235152143584,0,0,2,0,-3,1,0.6666666666666666,1.6666666666666667
2023-11-12,2023,Sevilla,Betis,D,1,2.05,3.5,3.6,1542.837512761145,1624.6641315095426,-81.82661874839755,228.75,224.88,0.016987876431159954,1,-1,1,-2,-1,3,1.6666666666666667,0.6666666666666666
2023-11-12,2023,Ath Madrid,Villarreal,H,2,1.36,5.5,7.5,1749.4863333045387,1546.7894567911017,202.69687651343702,534.3,252.5,0.7474635143680972,-5,-4,-4,-7,3,-1,0.6666666666666666,1.6666666666666667
2023-11-12,2023,Barcelona,Alaves,H,2,1.25,6.0,11.0,1768.841825788112,1428.5861805593097,340.2556452288022,916.2,123.7,1.9954146982977585,8,10,7,8,2,-1,2.3333333333333335,0.3333333333333333
2023-11-24,2023,Alaves,Granada,H,2,1.7,3.6,5.0,1426.3815616891509,1419.2893367780994,7.092224911051517,123.7,141.1,-0.13062018241706408,-2,-3,-2,-2,-1,-3,1.0,2.0
2023-11-25,2023,Ath Madrid,Mallorca,H,2,1.33,5.0,9.5,1753.956342942813,1493.3350747692393,260.62126817357375,534.3,107.0,1.6006961102751154,0,0,0,0,3,-2,1.0,2.0
2023-11-25,2023,Getafe,Almeria,H,2,1.65,3.75,5.5,1535.1169807144242,1363.9255668280446,171.19141388637968,133.0,114.2,0.15117005168912012,2,3,0,2,1,-5,0.0,3.0
2023-11-25,2023,Vallecano,Barcelona,D,1,5.25,4.0,1.65,1536.5295333347221,1771.0464446582707,-234.51691132354858,103.4,916.2,-2.1730958755352106,-8,-10,-7,-8,0,2,2.3333333333333335,0.3333333333333333
2023-11-25,2023,Valencia,Celta,D,1,2.2,3.25,3.5,1524.3396012529458,1437.0498871823092,87.28971407063659,249.78,149.3,0.5119427640034635,0,0,1,0,1,-3,3.0,0.0
2023-11-26,2023,Villarreal,Osasuna,H,2,2.15,3.5,3.3,1542.3194471528273,1510.5431286661503,31.776318486676928,252.5,150.05,0.5177529151985567,5,4,4,7,-2,-2,2.0,1.0
2023-11-26,2023,Sociedad,Sevilla,H,2,1.75,3.6,4.75,1664.8952114534293,1542.0536196132605,122.8415918401688,498.5,228.75,0.7766158368528124,-1,1,-1,-2,0,0,2.3333333333333335,0.3333333333333333
2023-11-26,2023,Cadiz,Real Madrid,A,0,6.0,4.5,1.5,1476.2899845219856,1778.6288637977605,-302.33887927577484,65.6,1140.0,-2.8409557723157324,-10,-11,-9,-10,-4,3,0.3333333333333333,2.3333333333333335
2023-11-26,2023,Betis,Las Palmas,H,2,1.7,3.75,5.25,1625.4480246574271,1430.6741307950213,194.77389386240588,224.88,112.4,0.689082493510984,4,5,3,7,2,2,1.0,2.0
2023-11-27,2023,Girona,Ath Bilbao,D,1,2.25,3.5,3.1,1654.280601279797,1589.2528638825108,65.02773739728627,139.9,10.0,2.550155146106264,-4,-4,-5,-2,5,2,2.0,1.0
2023-11-29,2023,Mallorca,Cadiz,D,1,1.95,3.2,4.33,1489.991242106747,1469.15586061995,20.835381486796905,107.0,65.6,0.4834266495778765,0,0,0,0,-3,-4,2.0,1.0
2023-12-01,2023,Las Palmas,Getafe,H,2,2.38,2.9,3.4,1426.0278365377042,1540.3216324842024,-114.29379594649822,112.4,133.0,-0.16691840865725904,-2,-3,0,-2,0,2,1.0,2.0
2023-12-02,2023,Girona,Valencia,H,2,1.7,4.0,4.75,1647.6472906161016,1516.9554243065177,130.69186630958393,139.9,249.78,-0.5765256418577573,-2,-1,-4,-3,4,1,1.0,2.0
2023-12-02,2023,Ath Bilbao,Vallecano,H,2,1.57,4.2,5.75,1595.8861745462063,1542.0633128444301,53.82286170177622,10.0,103.4,-2.250334402650168,4,4,5,2,1,0,2.3333333333333335,0.3333333333333333
2023-12-02,2023,Real Madrid,Granada,H,2,1.17,8.0,15.0,1785.762987699796,1408.7718115839698,376.9911761158262,1140.0,141.1,2.083129314759021,8,8,7,8,3,-4,3.0,0.0
2023-12-02,2023,Osasuna,Sociedad,D,1,3.4,3.25,2.2,1500.9743946668098,1671.4075362570836,-170.43314159027386,150.05,498.5,-1.1959966902559271,-4,-5,-3,-3,-2,2,0.0,3.0
2023-12-03,2023,Almeria,Betis,D,1,3.2,3.6,2.2,1358.7209150582664,1630.0943189147442,-271.3734038564778,114.2,224.88,-0.6733341365428451,-4,-5,-3,-7,-5,3,1.0,2.0
2023-12-03,2023,Sevilla,Villarreal,D,1,2.0,3.6,3.6,1535.5412948096061,1551.8881811521678,-16.346886342561675,228.75,252.5,-0.098372061795442,0,0,0,-2,-1,0,1.6666666666666667,0.6666666666666666
2023-12-03,2023,Mallorca,Alaves,D,1,2.45,3.0,3.25,1484.9750007804225,1436.8990868832805,48.07591389714207,107.0,123.7,-0.1437796255617707,0,0,0,0,-3,0,3.0,0.0
2023-12-03,2023,Barcelona,Ath Madrid,H,2,2.0,3.75,3.5,1765.5126651485627,1757.3001756053054,8.212489543257334,916.2,534.3,0.5384982135844139,8,10,7,8,2,3,3.0,0.0
2023-12-04,2023,Celta,Cadiz,D,1,1.57,3.8,6.5,1444.4340641287374,1474.1721019462746,-29.738037817537133,149.3,65.6,0.8139287192125852,2,1,3,3,-3,-3,1.3333333333333333,1.3333333333333333
2023-12-08,2023,Getafe,Valencia,H,2,2.6,2.9,3.1,1524.7048676398997,1510.670559511623,14.034308128276734,133.0,249.78,-0.626736260811481,0,2,-4,-1,1,-1,1.3333333333333333,1.3333333333333333
2023-12-09,2023,Villarreal,Sociedad,A,0,3.4,3.4,2.1,1555.4315675824878,1668.407675601919,-112.9761080194312,252.5,498.5,-0.6782437750573704,1,-1,1,4,0,1,1.0,2.0
2023-12-09,2023,Mallorca,Sevilla,H,2,2.75,3.1,2.75,1478.9429311296576,1531.9979083792862,-53.054977249628564,107.0,228.75,-0.7548605341115762,-5,-4,-4,-5,-2,-1,0.3333333333333333,2.3333333333333335
2023-12-09,2023,Alaves,Las Palmas,A,0,2.1,3.0,4.2,1442.9311565340454,1441.6446013820068,1.2865551520385452,123.7,112.4,0.09498946139233855,0,0,0,0,0,2,2.3333333333333335,0.3333333333333333
2023-12-09,2023,Betis,Real Madrid,D,1,4.2,3.8,1.8,1623.2424099552227,1787.57274710444,-164.33033714921726,224.88,1140.0,-1.6196564650574397,-6,-6,-6,-3,3,4,0.6666666666666666,1.6666666666666667
2023-12-10,2023,Ath Madrid,Almeria,H,2,1.22,6.5,12.0,1746.826654495351,1365.572824017788,381.25383047756304,534.3,114.2,1.5361575891375443,0,0,0,0,1,-4,2.3333333333333335,0.3333333333333333
2023-12-10,2023,Cadiz,Osasuna,D,1,2.9,3.1,2.55,1477.164867082653,1503.9742553219744,-26.80938823932138,65.6,150.05,-0.818906330286338,0,0,0,0,-2,-3,0.0,3.0
2023-12-10,2023,Barcelona,Girona,A,0,1.53,5.0,5.5,1775.9861862585171,1653.9321554109963,122.05403084752083,916.2,139.9,1.8732751320791143,8,10,7,8,2,4,2.3333333333333335,0.3333333333333333
2023-12-11,2023,Granada,Ath Bilbao,D,1,5.0,4.0,1.67,1406.9620521793258,1604.6475063202363,-197.68545414091045,141.1,10.0,2.558635762304684,-2,-1,-3,0,-4,3,1.3333333333333333,1.3333333333333333
2023-12-11,2023,Vallecano,Celta,D,1,2.45,3.1,3.1,1533.3019810704002,1441.441298992359,91.86068207804124,103.4,149.3,-0.36440362131039006,-2,-1,-3,-3,-2,-2,0.3333333333333333,2.3333333333333335
2023-12-15,2023,Osasuna,Vallecano,H,2,2.2,3.2,3.5,1507.0882204856425,1525.7692543355204,-18.68103384987785,150.05,103.4,0.3693812323841428,0,0,0,0,-2,-2,2.0,1.0
2023-12-16,2023,Valencia,Barcelona,D,1,5.0,3.8,1.67,1500.424327614499,1752.5216557530891,-252.09732813859023,249.78,916.2,-1.296749490221357,-6,-9,-3,-5,-2,2,0.0,3.0
2023-12-16,2023,Celta,Granada,H,2,1.67,4.0,5.0,1448.9740257272388,1411.0717459464265,37.90227978081225,149.3,141.1,0.05610226165587395,0,-2,1,1,-1,-3,1.6666666666666667,0.6666666666666666
2023-12-16,2023,Ath Bilbao,Ath Madrid,H,2,2.45,3.3,2.9,1600.5378125531356,1748.5951327040664,-148.05732015093076,10.0,534.3,-3.8849320646009646,4,4,5,2,3,1,1.0,2.0
2023-12-16,2023,Sevilla,Getafe,A,0,1.95,3.4,4.2,1519.0124430125998,1534.9510995370238,-15.938656524424005,228.75,133.0,0.539151961284885,3,1,4,3,-2,2,2.0,1.0
2023-12-17,2023,Sociedad,Betis,D,1,1.7,4.0,5.0,1682.8477123236116,1625.9884640609755,56.85924826263613,498.5,224.88,0.7936037132839724,0,0,0,-4,2,2,0.6666666666666666,1.6666666666666667
2023-12-17,2023,Almeria,Mallorca,D,1,2.7,3.2,2.7,1363.8043458090726,1491.928396496344,-128.1240506872714,114.2,107.0,0.06453852113757108,0,0,0,0,-4,-1,2.0,1.0
2023-12-17,2023,Las Palmas,Cadiz,D,1,1.91,3.3,4.33,1460.8976843752741,1474.050901918985,-13.153217543710753,112.4,65.6,0.5322168137473087,0,0,0,0,2,-2,1.5,1.5
2023-12-17,2023,Real Madrid,Villarreal,H,2,1.29,6.0,9.0,1784.8266929986871,1540.9915308607951,243.83516213789198,1140.0,252.5,1.5042965268308377,5,7,5,3,3,-2,0.3333333333333333,2.3333333333333335
2023-12-18,2023,Girona,Alaves,H,2,1.53,4.0,6.5,1677.3966859164243,1423.678073540778,253.71861237564622,139.9,123.7,0.12213956621864419,0,0,0,0,4,0,1.3333333333333333,1.3333333333333333
2023-12-19,2023,Vallecano,Valencia,A,0,2.2,3.2,3.5,1514.21734111937,1506.601258247003,7.6160828723670875,103.4,249.78,-0.8763463853138536,-2,-1,-4,-3,-3,-3,1.6666666666666667,0.6666666666666666
2023-12-19,2023,Ath Madrid,Getafe,D,1,1.45,4.33,7.5,1731.5334629324998,1553.5111225358805,178.02234039661926,534.3,133.0,1.3849875374484242,-2,-3,0,-2,1,2,2.3333333333333335,0.3333333333333333
2023-12-19,2023,Granada,Sevilla,A,0,2.8,3.4,2.5,1401.7313350741633,1500.452420013743,-98.72108493957967,141.1,228.75,-0.4804607261327414,-3,-1,-2,-3,-3,-3,1.0,2.0
2023-12-20,2023,Villarreal,Celta,H,2,2.4,3.6,2.88,1537.3496442753087,1458.314436599502,79.03520767580676,252.5,149.3,0.5227305262723094,3,3,1,4,-2,0,2.3333333333333335,0.3333333333333333
2023-12-20,2023,Barcelona,Almeria,H,2,1.14,8.5,15.0,1746.344725120585,1365.0159135702022,381.32881155038285,916.2,114.2,2.074655802721958,8,10,7,8,1,-3,2.0,1.0
2023-12-20,2023,Ath Bilbao,Las Palmas,H,2,1.36,5.0,7.0,1617.5994823247022,1457.2243960713292,160.37508625337296,10.0,112.4,-2.3330261184952814,4,4,5,2,3,1,1.3333333333333333,1.3333333333333333
2023-12-21,2023,Cadiz,Sociedad,D,1,4.75,3.1,1.75,1477.7241902229298,1676.5010245953486,-198.77683437241876,65.6,498.5,-2.014903020542265,-4,-5,-3,-3,-1,3,0.3333333333333333,2.3333333333333335
2023-12-21,2023,Betis,Girona,D,1,2.8,3.5,2.38,1632.3351517892386,1680.8604110861177,-48.525259296879085,224.88,139.9,0.4719534659000013,4,5,3,7,1,4,3.0,0.0
2023-12-21,2023,Alaves,Real Madrid,A,0,5.75,4.0,1.53,1420.2143483710847,1788.4685795841735,-368.2542312130888,123.7,1140.0,-2.213749497176085,-10,-11,-9,-10,-2,4,0.0,3.0
2023-12-21,2023,Mallorca,Osasuna,H,2,2.3,2.9,3.3,1490.7168287352144,1518.6401337017928,-27.92330496657837,107.0,150.05,-0.33547968070846146,0,0,0,0,0,0,1.3333333333333333,1.3333333333333333
2023-12-23,2023,Ath Madrid,Sevilla,H,2,1.53,4.33,5.75,1721.5711286301503,1515.5076349659832,206.06349366416703,534.3,228.75,0.8458355761635392,-5,-4,-4,-5,0,-2,2.3333333333333335,0.3333333333333333
2024-01-02,2023,Sociedad,Alaves,D,1,1.6,3.75,6.5,1672.347786729214,1414.9365623046351,257.4112244245789,498.5,123.7,1.387696745402618,4,5,3,3,2,-2,2.3333333333333335,0.3333333333333333
2024-01-02,2023,Getafe,Vallecano,A,0,2.38,3.0,3.3,1563.47345683823,1494.714278524487,68.75917831374295,133.0,103.4,0.24961012450237252,2,3,0,2,2,-3,1.0,1.0
2024-01-02,2023,Valencia,Villarreal,H,2,2.05,3.5,3.6,1526.104320841886,1545.2386229790015,-19.134302137115583,249.78,252.5,-0.010787762268845924,-3,-3,0,-4,-1,0,0.3333333333333333,2.3333333333333335
2024-01-03,2023,Girona,Ath Madrid,H,2,2.55,3.6,2.63,1683.0666354556522,1725.9679182923442,-42.90128283669196,139.9,534.3,-1.3347769184947005,0,0,0,0,3,0,0.0,3.0
2024-01-03,2023,Real Madrid,Mallorca,H,2,1.2,6.5,15.0,1793.7463656506231,1502.6489131183653,291.0974525322579,1140.0,107.0,2.357529122737856,10,11,9,10,4,2,2.0,1.0
2024-01-03,2023,Granada,Cadiz,H,2,2.25,3.1,3.5,1386.676120121923,1481.8774280890643,-95.20130796714125,141.1,65.6,0.7578264575567113,2,3,2,2,-4,0,0.6666666666666666,1.6666666666666667
2024-01-03,2023,Celta,Betis,H,2,2.4,3.3,3.0,1450.4254578958091,1630.128927419704,-179.7034695238949,149.3,224.88,-0.40737058804570747,-2,-4,0,-4,0,1,2.3333333333333335,0.3333333333333333
2024-01-04,2023,Las Palmas,Barcelona,A,0,5.5,4.33,1.57,1451.7464358222226,1748.1124851424993,-296.3660493202767,112.4,916.2,-2.090404159690097,-8,-10,-7,-8,0,1,0.3333333333333333,2.3333333333333335
2024-01-04,2023,Osasuna,Almeria,H,2,1.7,4.0,4.75,1506.708049318642,1363.248153548288,143.45989577035402,150.05,114.2,0.2709411595708904,0,0,0,0,-1,-3,3.0,0.0
2024-01-04,2023,Sevilla,Ath Bilbao,A,0,3.0,3.3,2.38,1511.1108453037893,1623.0774425738089,-111.96659727001952,228.75,10.0,3.0390964884374254,1,0,-1,3,-2,3,2.3333333333333335,0.3333333333333333
2024-01-12,2023,Sevilla,Alaves,A,0,1.91,3.4,4.2,1496.6272806391737,1426.537432268702,70.0898483704716,228.75,123.7,0.6110809085498055,5,4,4,5,-3,-3,0.6666666666666666,1.6666666666666667
2024-01-13,2023,Betis,Granada,H,2,1.62,4.2,4.75,1611.746971936049,1401.4689571059712,210.27801483007784,224.88,141.1,0.4634728497015814,2,2,1,5,-1,-2,2.3333333333333335,0.3333333333333333
2024-01-13,2023,Las Palmas,Villarreal,H,2,2.5,3.3,2.8,1444.4236723493166,1533.668169109099,-89.24449675978235,112.4,252.5,-0.804442431737586,-5,-4,-4,-7,0,-2,1.0,2.0
2024-01-13,2023,Mallorca,Celta,D,1,2.5,3.1,3.0,1499.791889459221,1468.8074133794642,30.98447607975686,107.0,149.3,-0.33050206963470874,-2,-1,-3,-3,1,1,3.0,0.0
2024-01-13,2023,Ath Bilbao,Sociedad,H,2,2.0,3.4,3.8,1637.5610072384245,1660.746916765147,-23.185909526722526,10.0,498.5,-3.815712325290238,0,-1,2,-1,4,1,1.0,2.0
2024-01-14,2023,Almeria,Girona,D,1,4.5,4.0,1.7,1357.3206547168306,1695.6234420189517,-338.30278730212103,114.2,139.9,-0.20138067064284382,0,0,0,0,-3,4,1.0,2.0
2024-01-14,2023,Cadiz,Valencia,A,0,2.88,3.0,2.7,1467.0845911050162,1537.6747747117886,-70.59018360677237,65.6,249.78,-1.3258714832160488,-2,-1,-4,-3,-1,0,2.0,1.0
2024-01-19,2023,Alaves,Cadiz,H,2,1.7,3.5,5.75,1448.3454148005494,1450.8178912601452,-2.472476459595782,123.7,65.6,0.6272062751396472,0,0,0,0,-2,-2,1.0,2.0
2024-01-20,2023,Celta,Sociedad,A,0,3.25,3.0,2.4,1474.2089503496143,1649.0102492893482,-174.8012989397339,149.3,498.5,-1.2009743013296799,-2,-4,0,0,1,0,0.6666666666666666,1.6666666666666667
2024-01-20,2023,Villarreal,Mallorca,D,1,2.05,3.5,3.6,1519.132373234199,1494.390352489071,24.742020745128002,252.5,107.0,0.8532325959070182,5,4,4,7,-3,1,1.0,2.0
2024-01-20,2023,Valencia,Ath Bilbao,H,2,3.3,3.3,2.25,1553.9414745566596,1649.2976747142234,-95.35620015756376,249.78,10.0,3.1266807879640215,-2,-3,-1,1,2,4,0.3333333333333333,2.3333333333333335
2024-01-20,2023,Vallecano,Las Palmas,A,0,1.85,3.3,4.5,1516.4765664806846,1458.9594682242166,57.51709825646799,103.4,112.4,-0.08269171584511348,0,0,0,0,-2,0,3.0,0.0
2024-01-21,2023,Girona,Sevilla,H,2,1.73,4.0,4.5,1686.6934090107504,1474.8192981073264,211.87411090342403,139.9,228.75,-0.48894134233116127,-5,-4,-4,-5,3,-3,3.0,0.0
2024-01-21,2023,Betis,Barcelona,A,0,4.33,3.8,1.8,1616.0535040365398,1755.4352486154053,-139.38174457886544,224.88,916.2,-1.401321666179113,-4,-5,-4,-1,0,2,0.0,3.0
2024-01-21,2023,Osasuna,Getafe,H,2,2.15,3.0,4.0,1512.6355481500993,1541.7111688820326,-29.075620731933213,150.05,133.0,0.11977110788177026,-2,-3,0,-2,1,0,0.0,3.0
2024-01-21,2023,Real Madrid,Almeria,H,2,1.13,10.0,17.0,1796.6033893097674,1366.2506877250319,430.35270158473554,1140.0,114.2,2.292990601600285,10,11,9,10,4,-3,3.0,0.0
2024-01-22,2023,Granada,Ath Madrid,A,0,4.75,3.8,1.7,1397.1624250054804,1713.4111117290447,-316.24868672356433,141.1,534.3,-1.3262963022962806,2,3,2,2,-2,0,1.3333333333333333,1.3333333333333333
2024-01-26,2023,Almeria,Alaves,A,0,2.6,3.2,2.8,1364.8979863803338,1459.2420284078294,-94.34404202749556,114.2,123.7,-0.07924110442419963,0,0,0,0,-3,0,0.0,3.0
2024-01-27,2023,Mallorca,Betis,A,0,2.3,3.2,3.2,1499.555827248818,1602.746506166779,-103.1906789179609,107.0,224.88,-0.7378726576804162,-4,-5,-3,-7,0,-1,0.0,3.0
2024-01-27,2023,Barcelona,Villarreal,A,0,1.36,5.5,8.0,1768.742246485166,1513.9668984744517,254.77534801071442,916.2,252.5,1.285961727952511,3,6,3,1,2,-2,3.0,0.0
2024-01-27,2023,Las Palmas,Real Madrid,A,0,6.5,4.75,1.45,1480.329454340881,1797.9560906544655,-317.6266363135844,112.4,1140.0,-2.3087389585684237,-10,-11,-9,-10,0,4,0.0,3.0
2024-01-27,2023,Sociedad,Vallecano,D,1,1.67,3.75,5.5,1660.8298065312722,1495.1065803640201,165.72322616725205,498.5,103.4,1.56537792264007,4,5,3,3,0,-2,2.3333333333333335,0.3333333333333333
2024-01-28,2023,Ath Madrid,Valencia,H,2,1.45,4.33,7.0,1720.119015921178,1568.7409975393207,151.37801838185737,534.3,249.78,0.7582512766369431,-2,-1,-4,-3,0,4,2.0,1.0
2024-01-28,2023,Celta,Girona,A,0,2.8,3.4,2.5,1462.3893931076902,1690.966164128778,-228.57677102108778,149.3,139.9,0.06458287785429384,2,1,3,3,0,3,1.3333333333333333,1.3333333333333333
2024-01-28,2023,Cadiz,Ath Bilbao,D,1,5.5,3.4,1.73,1439.9212776528652,1634.4981517315623,-194.57687407869707,65.6,10.0,1.8008093047479727,-4,-4,-5,-2,-3,3,0.0,3.0
2024-01-28,2023,Sevilla,Osasuna,D,1,2.0,3.4,3.75,1470.5465429892988,1524.6153330872548,-54.068790097956025,228.75,150.05,0.4193808534031147,5,4,4,5,-3,2,0.3333333333333333,2.3333333333333335
2024-01-29,2023,Getafe,Granada,H,2,1.8,3.4,4.75,1529.731383944877,1390.454520813347,139.27686313153004,133.0,141.1,-0.058691235152143584,0,0,-2,0,0,-3,1.6666666666666667,0.6666666666666666
2024-01-31,2023,Barcelona,Osasuna,H,2,1.33,5.0,10.0,1742.1873778560127,1526.5868706543308,215.60050720168192,916.2,150.05,1.8037146431510678,8,10,7,8,2,2,3.0,0.0
2024-01-31,2023,Ath Madrid,Vallecano,H,2,1.5,4.2,6.5,1725.8327039456376,1504.7651273080683,221.06757663756935,534.3,103.4,1.6345976619507967,0,0,0,0,2,-2,2.3333333333333335,0.3333333333333333
2024-02-01,2023,Getafe,Real Madrid,A,0,6.0,4.2,1.55,1535.7742470590688,1804.6227746757563,-268.84852761668753,133.0,1140.0,-2.1418205499111647,-8,-8,-9,-8,0,5,0.0,3.0
2024-02-02,2023,Ath Bilbao,Mallorca,H,2,1.53,3.9,7.0,1630.5128935566288,1484.6935760585236,145.8193174981052,10.0,107.0,-2.2842359543258492,4,4,5,2,2,-1,1.0,1.0
2024-02-03,2023,Girona,Sociedad,D,1,2.1,3.4,3.5,1700.655321558562,1651.171259587224,49.48406197133795,139.9,498.5,-1.2655571791839737,-4,-5,-3,-3,3,0,0.6666666666666666,1.6666666666666667
2024-02-03,2023,Alaves,Barcelona,A,0,4.33,3.6,1.85,1474.4861941739857,1746.382133838989,-271.8959396650032,123.7,916.2,-1.9954146982977585,-8,-10,-7,-8,2,3,0.3333333333333333,2.3333333333333335
2024-02-03,2023,Valencia,Almeria,H,2,1.65,3.75,5.5,1563.0273095148611,1349.6538206141774,213.3734889006837,249.78,114.2,0.7779063125006012,2,1,4,3,3,-4,0.6666666666666666,1.6666666666666667
2024-02-03,2023,Granada,Las Palmas,D,1,2.3,3.2,3.3,1384.4116576991553,1473.6627703195902,-89.25111262043492,141.1,112.4,0.22560964380940263,2,3,2,2,-3,-1,1.0,2.0
2024-02-04,2023,Villarreal,Cadiz,D,1,1.62,4.0,5.5,1540.521767103605,1443.9065358277987,96.61523127580631,252.5,65.6,1.3366592454848947,5,4,4,7,0,-3,1.3333333333333333,1.3333333333333333
2024-02-04,2023,Osasuna,Celta,A,0,2.38,3.1,3.3,1522.3921146713546,1452.7002356779062,69.69187899344843,150.05,149.3,0.004977611073752719,-2,-1,-3,-3,0,-2,2.3333333333333335,0.3333333333333333
2024-02-04,2023,Betis,Getafe,D,1,1.91,3.4,4.2,1617.6087573570735,1527.539608184053,90.0691491730206,224.88,133.0,0.522164084853725,2,2,3,5,0,-2,1.3333333333333333,1.3333333333333333
2024-02-04,2023,Real Madrid,Ath Madrid,D,1,1.73,4.0,4.5,1812.8574135507722,1729.9151874777813,82.94222607299093,1140.0,534.3,0.7568330124627405,10,11,9,10,5,3,1.3333333333333333,1.3333333333333333
2024-02-05,2023,Vallecano,Sevilla,A,0,2.15,3.3,3.5,1500.6826437759246,1468.5750054222228,32.10763835370176,103.4,228.75,-0.7887620857872575,-5,-4,-4,-5,-2,-4,1.6666666666666667,0.6666666666666666
2024-02-09,2023,Cadiz,Betis,A,0,3.0,3.0,2.6,1451.5917093608186,1610.1340211711347,-158.54231181031605,65.6,224.88,-1.2212993072582927,-4,-5,-3,-7,-3,0,1.6666666666666667,0.6666666666666666
2024-02-10,2023,Las Palmas,Valencia,H,2,2.75,3.0,2.9,1474.1266890884087,1567.2685359458078,-93.14184685739906,112.4,249.78,-0.7936546694687401,-2,-1,-4,-3,0,3,1.0,2.0
2024-02-10,2023,Real Madrid,Girona,H,2,1.45,5.0,6.0,1805.61632074354,1694.572371876363,111.04394886717705,1140.0,139.9,2.091609930957441,10,11,9,10,4,3,1.3333333333333333,1.3333333333333333
2024-02-10,2023,Sociedad,Osasuna,A,0,1.85,3.2,5.0,1657.2542092694232,1500.5977816195414,156.65642764988183,498.5,150.05,1.1959966902559271,4,5,3,3,0,0,2.3333333333333335,0.3333333333333333
2024-02-10,2023,Alaves,Villarreal,D,1,2.2,3.4,3.3,1466.3559432286622,1532.8365935705851,-66.48065034192291,123.7,252.5,-0.7094529703452475,-5,-4,-4,-7,2,-1,1.3333333333333333,1.3333333333333333
2024-02-11,2023,Barcelona,Granada,D,1,1.22,7.5,10.0,1754.5123847843124,1383.9477389303368,370.56464585397566,916.2,141.1,1.8647945158806944,6,7,5,6,3,-2,1.0,1.0
2024-02-11,2023,Sevilla,Ath Madrid,H,2,3.5,3.5,2.05,1489.018696000056,1737.1562802850135,-248.13758428495748,228.75,534.3,-0.8458355761635392,5,4,4,5,-2,2,0.0,3.0
2024-02-11,2023,Getafe,Celta,H,2,2.2,3.1,3.6,1535.0143443699917,1474.4945687297195,60.5197756402722,133.0,149.3,-0.11479349680801754,0,2,-3,-1,-2,0,1.6666666666666667,0.6666666666666666
2024-02-11,2023,Mallorca,Vallecano,H,2,2.3,3.0,3.4,1478.8304120179928,1480.2389531980914,-1.4085411800986094,107.0,103.4,0.03390155167568132,0,0,0,0,-3,-2,2.3333333333333335,0.3333333333333333
2024-02-12,2023,Almeria,Ath Bilbao,D,1,4.33,4.0,1.73,1345.4125941832308,1636.3760575971596,-290.9634634139288,114.2,10.0,2.3487744754634203,-4,-4,-5,-2,-4,2,0.0,3.0
2024-02-16,2023,Villarreal,Getafe,D,1,1.95,3.5,3.8,1534.279267006454,1543.5384921136827,-9.259225107228758,252.5,133.0,0.637524023080327,3,1,4,5,0,0,1.6666666666666667,0.6666666666666666
2024-02-17,2023,Valencia,Sevilla,D,1,2.25,3.3,3.3,1552.5645877677418,1510.0529974461106,42.511590321631274,249.78,228.75,0.08758429952659608,-3,-3,0,-2,1,0,1.3333333333333333,1.3333333333333333
2024-02-17,2023,Celta,Barcelona,A,0,3.8,3.8,1.85,1465.9704209860286,1741.3860885593626,-275.4156675733341,149.3,916.2,-1.8086922542248205,-6,-9,-4,-5,-2,2,1.0,2.0
2024-02-17,2023,Ath Madrid,Las Palmas,H,2,1.5,4.75,6.5,1716.121978838959,1488.8306372664747,227.29134157248427,534.3,112.4,1.5519059461056832,0,0,0,0,2,2,2.0,1.0
2024-02-17,2023,Osasuna,Cadiz,H,2,1.75,3.3,5.5,1525.0233184711215,1439.0955329406395,85.92778553048197,150.05,65.6,0.818906330286338,0,0,0,0,0,-3,2.3333333333333335,0.3333333333333333
2024-02-18,2023,Granada,Almeria,D,1,2.1,3.5,3.4,1397.0740351552865,1352.9163160333812,44.1577191219053,141.1,114.2,0.2098612868412637,2,3,2,2,-3,-3,0.6666666666666666,1.6666666666666667
2024-02-18,2023,Betis,Alaves,D,1,2.1,3.3,3.75,1622.6301975913138,1464.9132697927935,157.71692779852037,224.88,123.7,0.5940930321186455,4,5,3,7,2,2,2.3333333333333335,0.3333333333333333
2024-02-18,2023,Vallecano,Real Madrid,D,1,6.0,3.75,1.62,1469.3848002320256,1812.481553454989,-343.09675322296334,103.4,1140.0,-2.391430674413537,-10,-11,-9,-10,-4,4,1.3333333333333333,1.3333333333333333
2024-02-18,2023,Mallorca,Sociedad,A,0,3.4,2.8,2.5,1489.6845649840586,1632.828672417843,-143.14410743378448,107.0,498.5,-1.5314763709643886,-4,-5,-3,-3,-1,-1,0.3333333333333333,2.3333333333333335
2024-02-19,2023,Ath Bilbao,Girona,H,2,1.91,3.6,4.0,1628.8723357470092,1687.707139164914,-58.83480341790482,10.0,139.9,-2.550155146106264,4,4,5,2,1,1,0.3333333333333333,2.3333333333333335
2024-02-23,2023,Sociedad,Villarreal,A,0,1.73,3.6,5.0,1645.9755072788091,1530.448382512528,115.52712476628108,498.5,252.5,0.6782437750573704,-1,1,-1,-4,1,1,2.0,1.0
2024-02-24,2023,Barcelona,Getafe,H,2,1.4,5.0,7.0,1749.3968124588193,1547.3693766076085,202.02743585121084,916.2,133.0,1.923485751032838,6,7,7,6,2,1,1.6666666666666667,0.6666666666666666
2024-02-24,2023,Alaves,Mallorca,D,1,1.91,3.0,5.0,1474.3664606987684,1476.5377301230926,-2.1712694243242368,123.7,107.0,0.1437796255617707,0,0,0,0,1,-2,0.3333333333333333,2.3333333333333335
2024-02-24,2023,Almeria,Ath Madrid,D,1,4.75,4.0,1.7,1358.8059396851577,1720.0797430169025,-361.27380333174483,114.2,534.3,-1.5361575891375443,0,0,0,0,-3,2,0.3333333333333333,2.3333333333333335
2024-02-25,2023,Cadiz,Celta,D,1,3.1,3.0,2.5,1431.435074081216,1457.9596970865719,-26.524623005355807,65.6,149.3,-0.8139287192125852,-2,-1,-3,-3,-3,-3,1.3333333333333333,1.3333333333333333
2024-02-25,2023,Betis,Ath Bilbao,H,2,3.6,3.1,2.2,1613.177006685339,1642.103361356096,-28.926354670757064,224.88,10.0,3.0221086120062655,0,1,-2,5,1,1,1.3333333333333333,1.3333333333333333
2024-02-25,2023,Real Madrid,Sevilla,H,2,1.29,6.0,9.0,1803.419001270881,1515.8823969575162,287.5366043133647,1140.0,228.75,1.6026685886262797,5,7,5,5,3,1,2.3333333333333335,0.3333333333333333
2024-02-25,2023,Las Palmas,Osasuna,D,1,2.38,2.9,3.5,1484.8728730885312,1532.683777330545,-47.81090424201375,112.4,150.05,-0.2866895165390293,0,0,0,0,0,0,1.6666666666666667,0.6666666666666666
2024-02-26,2023,Girona,Vallecano,H,2,1.65,4.2,4.75,1674.4761135558272,1478.4473524161335,196.02876113969364,139.9,103.4,0.2998207434560962,0,0,0,0,0,-3,1.6666666666666667,0.6666666666666666
2024-03-01,2023,Celta,Almeria,H,2,1.85,3.6,4.2,1461.0854247045525,1368.351106440756,92.73431826379647,149.3,114.2,0.26596354849713766,2,1,3,3,-2,-2,1.3333333333333333,1.3333333333333333
2024-03-02,2023,Sevilla,Sociedad,H,2,2.6,3.0,3.0,1512.9719461268905,1622.7050686434493,-109.73312251655875,228.75,498.5,-0.7766158368528124,1,-1,1,2,1,-1,0.0,3.0
2024-03-02,2023,Vallecano,Cadiz,D,1,1.8,3.3,5.25,1473.8293523410725,1428.3093464632354,45.52000587783709,103.4,65.6,0.4495250979021952,0,0,0,0,-4,-2,1.3333333333333333,1.3333333333333333
2024-03-02,2023,Getafe,Las Palmas,D,1,2.0,3.1,4.33,1542.8846880888552,1482.6364838843404,60.24820420451488,133.0,112.4,0.16691840865725904,2,3,0,2,-1,-1,2.0,1.0
2024-03-02,2023,Valencia,Real Madrid,D,1,5.25,3.8,1.67,1546.7351882563362,1806.3294521015066,-259.5942638451704,249.78,1140.0,-1.5150842890996836,-8,-10,-5,-7,0,3,1.0,2.0
2024-03-03,2023,Ath Bilbao,Barcelona,D,1,2.88,3.5,2.4,1630.1297589586409,1753.8815009775726,-123.75174201893174,10.0,916.2,-4.4234302781853785,-4,-6,-2,-6,1,4,0.0,3.0
2024-03-03,2023,Mallorca,Girona,H,2,3.25,3.2,2.3,1480.6531446529564,1679.0941136308882,-198.4409689779318,107.0,139.9,-0.2659191917804149,0,0,0,0,-2,0,0.3333333333333333,2.3333333333333335
2024-03-03,2023,Ath Madrid,Betis,H,2,1.57,4.2,5.75,1710.5345762613042,1625.150609082794,85.38396717851015,534.3,224.88,0.8628234525946992,-4,-5,-3,-7,1,3,2.3333333333333335,0.3333333333333333
2024-03-03,2023,Villarreal,Granada,H,2,1.65,4.0,5.0,1553.7188211478879,1391.18441150351,162.53440964437777,252.5,141.1,0.5788327879281834,3,1,2,5,2,-2,2.3333333333333335,0.3333333333333333
2024-03-04,2023,Osasuna,Alaves,H,2,2.38,3.1,3.25,1534.9201665347357,1470.2510461689046,64.66912036583108,150.05,123.7,0.19170005514669075,0,0,0,0,0,0,3.0,0.0
2024-03-08,2023,Barcelona,Mallorca,H,2,1.44,4.75,6.5,1752.8576503366137,1499.7929901273424,253.06466020927132,916.2,107.0,2.1391943238595292,8,10,7,8,3,0,2.3333333333333335,0.3333333333333333
2024-03-09,2023,Granada,Sociedad,A,0,4.5,3.3,1.85,1385.7618898183064,1607.2849658579964,-221.52307603969007,141.1,498.5,-1.2570765629855538,-2,-2,-1,-1,-2,-2,0.0,3.0
2024-03-09,2023,Girona,Osasuna,H,2,1.62,4.2,5.25,1659.9542681565022,1543.2993165041876,116.6549516523146,139.9,150.05,-0.06956048892804656,0,0,0,0,-2,2,1.3333333333333333,1.3333333333333333
2024-03-09,2023,Valencia,Getafe,H,2,2.0,3.2,4.2,1553.17849309835,1536.418378425476,16.760114672873897,249.78,133.0,0.626736260811481,0,-2,4,1,-1,0,1.0,2.0
2024-03-09,2023,Cadiz,Ath Madrid,H,2,4.75,3.6,1.73,1434.2486407360202,1718.2129061564212,-283.96426542040103,65.6,534.3,-2.084122759852992,0,0,0,0,-2,1,1.0,2.0
2024-03-10,2023,Real Madrid,Celta,H,2,1.3,6.0,8.0,1799.8861472594929,1468.5245276433543,331.36161961613857,1140.0,149.3,2.027027053103147,8,10,6,7,2,0,3.0,0.0
2024-03-10,2023,Betis,Villarreal,A,0,2.05,3.5,3.4,1617.472279187677,1559.1413428330916,58.33093635458545,224.88,252.5,-0.11535993822660195,-1,1,-1,0,1,2,2.3333333333333335,0.3333333333333333
2024-03-10,2023,Alaves,Vallecano,H,2,2.15,3.1,3.75,1461.8718961994527,1467.8900580682878,-6.018161868835023,123.7,103.4,0.17768117723745203,0,0,0,0,-2,-3,1.0,2.0
2024-03-10,2023,Las Palmas,Ath Bilbao,A,0,4.0,3.3,2.0,1489.1027935477196,1631.1536095995998,-142.05081605188025,112.4,10.0,2.3330261184952814,-4,-4,-5,-2,0,1,1.3333333333333333,1.3333333333333333
2024-03-11,2023,Almeria,Sevilla,D,1,3.1,3.3,2.38,1360.9120035019541,1528.3920489123434,-167.48004541038927,114.2,228.75,-0.6903220129740051,-5,-4,-4,-5,-2,2,1.0,2.0
2024-03-15,2023,Sociedad,Cadiz,H,2,1.5,4.0,8.5,1617.242372221814,1456.5235276678654,160.71884455394866,498.5,65.6,2.014903020542265,4,5,3,3,-1,-1,1.6666666666666667,0.6666666666666666
2024-03-16,2023,Ath Bilbao,Alaves,H,2,1.55,3.75,7.0,1644.346943125933,1472.910525250049,171.436417875884,10.0,123.7,-2.42801557988762,4,4,5,2,1,0,2.3333333333333335,0.3333333333333333
2024-03-16,2023,Getafe,Girona,H,2,3.1,3.5,2.25,1526.2777446602602,1666.650000449213,-140.37225578895277,133.0,139.9,-0.050210618953723696,2,3,0,2,-1,-1,1.0,2.0
2024-03-16,2023,Osasuna,Real Madrid,A,0,5.75,4.2,1.55,1536.6035842114768,1802.1976545398206,-265.59407032834383,150.05,1140.0,-2.0220494420293944,-10,-11,-9,-10,2,3,0.3333333333333333,2.3333333333333335
2024-03-16,2023,Mallorca,Granada,H,2,1.83,3.3,5.0,1496.3177146798355,1375.8044834544887,120.51323122534677,107.0,141.1,-0.2743998079788348,-2,-3,-2,-2,0,-2,0.0,3.0
2024-03-17,2023,Ath Madrid,Barcelona,A,0,2.38,3.6,2.8,1695.938019224576,1756.3329257841206,-60.39490655954455,534.3,916.2,-0.5384982135844139,-8,-10,-7,-8,0,3,0.0,3.0
2024-03-17,2023,Villarreal,Valencia,H,2,2.05,3.5,3.6,1580.5400999925757,1563.3191268635658,17.220973129009963,252.5,249.78,0.010787762268845924,3,3,0,4,3,1,1.3333333333333333,1.3333333333333333
2024-03-17,2023,Vallecano,Betis,H,2,2.5,3.25,3.0,1456.8514290176915,1596.0735220281929,-139.22209301050134,103.4,224.88,-0.7717742093560975,-4,-5,-3,-7,-3,0,0.0,3.0
2024-03-17,2023,Sevilla,Celta,A,0,2.0,3.4,3.75,1525.5147897782556,1466.2130203630265,59.301769415229046,228.75,149.3,0.4243584644768674,3,3,1,2,1,-2,1.0,1.0
2024-03-17,2023,Las Palmas,Almeria,A,0,1.95,3.5,4.0,1475.9094600213864,1363.789262636042,112.12019738534445,112.4,114.2,-0.01574835696813892,0,0,0,0,-1,-1,3.0,0.0
2024-03-29,2023,Cadiz,Granada,H,2,2.0,3.3,4.2,1451.054422453625,1369.2235617901454,81.8308606634796,65.6,141.1,-0.7578264575567113,-2,-3,-2,-2,-1,-3,0.6666666666666666,1.6666666666666667
2024-03-30,2023,Valencia,Mallorca,D,1,2.05,3.0,4.2,1553.196294149517,1502.8986363441788,50.297657805338076,249.78,107.0,0.8424448336381722,2,1,4,3,-1,0,0.3333333333333333,2.3333333333333335
2024-03-30,2023,Barcelona,Las Palmas,H,2,1.25,6.5,10.0,1773.0354471297246,1452.7419483320743,320.2934987976503,916.2,112.4,2.090404159690097,8,10,7,8,4,-3,2.3333333333333335,0.3333333333333333
2024-03-30,2023,Getafe,Sevilla,A,0,2.55,3.1,3.0,1543.012952137501,1504.081786586483,38.93116555101801,133.0,228.75,-0.539151961284885,-3,-1,-4,-3,-1,-1,2.0,1.0
2024-03-30,2023,Almeria,Osasuna,A,0,2.63,3.2,2.8,1386.956774325354,1528.2565497173991,-141.29977539204515,114.2,150.05,-0.2709411595708904,0,0,0,0,0,0,0.0,3.0
2024-03-31,2023,Real Madrid,Ath Bilbao,H,2,1.53,4.33,6.0,1810.5446890338983,1649.5455307521997,160.99915828169856,1140.0,10.0,4.641765077063705,6,7,4,8,3,2,2.3333333333333335,0.3333333333333333
2024-03-31,2023,Celta,Vallecano,D,1,1.95,3.3,4.0,1487.646023554799,1473.5376258888728,14.108397665926304,149.3,103.4,0.36440362131039006,2,1,3,3,0,-1,1.6666666666666667,0.6666666666666666
2024-03-31,2023,Girona,Betis,H,2,1.75,3.8,4.75,1649.914792971972,1579.3873251570117,70.52746781496035,139.9,224.88,-0.4719534659000013,-4,-5,-3,-7,-1,-2,0.3333333333333333,2.3333333333333335
2024-03-31,2023,Alaves,Sociedad,A,0,3.5,2.9,2.38,1467.7119376237822,1622.7114774360546,-154.99953981227236,123.7,498.5,-1.387696745402618,-4,-5,-3,-3,-1,1,0.6666666666666666,1.6666666666666667
2024-04-01,2023,Villarreal,Ath Madrid,A,0,2.9,3.75,2.25,1590.6629327066246,1679.235497878972,-88.57256517234737,252.5,534.3,-0.7474635143680972,5,4,4,7,4,0,1.3333333333333333,1.3333333333333333
2024-04-04,2023,Granada,Valencia,A,0,3.4,3.1,2.3,1361.4277977947083,1547.084023200559,-185.6562254058506,141.1,249.78,-0.5680450256593375,0,2,-2,-1,-4,0,0.3333333333333333,2.3333333333333335
2024-04-12,2023,Betis,Celta,H,2,2.1,3.4,3.5,1571.2103007039946,1482.8893782118312,88.32092249216339,224.88,149.3,0.40737058804570747,2,4,0,4,-3,1,0.0,3.0
2024-04-13,2023,Ath Madrid,Girona,H,2,1.91,3.6,3.8,1694.728682069136,1658.0918174249891,36.636864644146954,534.3,139.9,1.3347769184947005,0,0,0,0,0,1,2.0,1.0
2024-04-13,2023,Vallecano,Getafe,D,1,2.2,3.0,3.7,1478.2942712318406,1522.3153087734142,-44.021037541573605,103.4,133.0,-0.24961012450237252,-2,-3,0,-2,-1,-2,1.6666666666666667,0.6666666666666666
2024-04-13,2023,Mallorca,Real Madrid,A,0,5.0,3.6,1.75,1509.0109072931368,1816.0065817485095,-306.99567445537264,107.0,1140.0,-2.357529122737856,-10,-11,-9,-10,1,4,1.0,2.0
2024-04-13,2023,Cadiz,Barcelona,A,0,4.33,3.6,1.83,1458.850186449062,1775.4865962917738,-316.6364098427118,65.6,916.2,-2.6226209734374057,-8,-10,-7,-8,1,4,0.0,3.0
2024-04-14,2023,Las Palmas,Sevilla,A,0,2.7,3.2,2.7,1450.2907991700251,1524.77942995057,-74.48863078054478,112.4,228.75,-0.706070369942144,-5,-4,-4,-5,-3,0,0.0,3.0
2024-04-14,2023,Granada,Alaves,H,2,3.0,3.0,2.55,1350.052727668645,1455.0668208159025,-105.01409314725743,141.1,123.7,0.13062018241706408,2,3,2,2,-5,-2,2.0,1.0
2024-04-14,2023,Ath Bilbao,Villarreal,D,1,1.75,4.0,4.33,1644.0836380375886,1575.1697485164605,68.91388952112811,10.0,252.5,-3.1374685502328674,-1,0,1,-5,0,3,2.0,1.0
2024-04-14,2023,Sociedad,Almeria,D,1,1.33,5.0,10.0,1635.3565942439343,1373.731477880575,261.6251163633592,498.5,114.2,1.4669378498268175,4,5,3,3,1,-1,3.0,0.0
2024-04-15,2023,Osasuna,Valencia,A,0,2.2,3.1,3.75,1541.481846162178,1558.4590933266222,-16.97724716444418,150.05,249.78,-0.5069651529297108,-2,-1,-4,-3,0,1,1.0,2.0
2024-04-19,2023,Ath Bilbao,Granada,D,1,1.25,6.0,11.0,1637.3160292417065,1365.2691884436426,272.04684079806384,10.0,141.1,-2.558635762304684,2,1,3,0,1,-3,0.6666666666666666,1.6666666666666667
2024-04-20,2023,Celta,Las Palmas,H,2,1.73,3.75,5.0,1475.3072375952986,1434.1913600317364,41.11587756356221,149.3,112.4,0.2817119054652766,2,1,3,3,0,-4,2.0,1.0
2024-04-20,2023,Vallecano,Osasuna,H,2,2.2,3.1,3.6,1475.8981635000289,1522.9641669253654,-47.066003425336476,103.4,150.05,-0.3693812323841428,0,0,0,0,0,-1,1.0,2.0
2024-04-20,2023,Valencia,Betis,A,0,2.2,3.2,3.5,1576.976772563435,1578.7924413205271,-1.8156687570922259,249.78,224.88,0.10457217595775603,-2,-4,1,-4,2,-3,1.3333333333333333,1.3333333333333333
2024-04-20,2023,Girona,Cadiz,H,2,1.4,4.75,8.0,1648.7044873712728,1452.1538989774756,196.55058839379717,139.9,65.6,0.7493458413582914,0,0,0,0,-1,0,1.3333333333333333,1.3333333333333333
2024-04-21,2023,Getafe,Sociedad,D,1,3.8,3.1,2.15,1524.711416505226,1623.6832964266487,-98.97187992142267,133.0,498.5,-1.3157677981376974,-2,-2,-3,-1,-1,2,1.0,2.0
2024-04-21,2023,Almeria,Villarreal,A,0,3.4,3.8,2.05,1385.4047756978607,1581.9373573123426,-196.53258161448184,114.2,252.5,-0.7886940747694471,-5,-4,-4,-7,-1,2,0.0,3.0
2024-04-21,2023,Alaves,Ath Madrid,H,2,4.0,3.5,1.95,1439.850360040905,1704.1160121228525,-264.26565208194756,123.7,534.3,-1.4569164847133447,0,0,0,0,-3,1,1.0,2.0
2024-04-21,2023,Real Madrid,Barcelona,H,2,1.85,3.8,4.0,1822.9959676913463,1782.1828837633602,40.8130839279861,1140.0,916.2,0.21833479887832663,2,1,2,2,4,4,2.0,1.0
2024-04-22,2023,Sevilla,Mallorca,H,2,1.95,3.1,4.5,1540.8788690888587,1502.0215213503,38.8573477385587,228.75,107.0,0.7548605341115762,5,4,4,5,2,0,2.0,1.0
2024-04-26,2023,Sociedad,Real Madrid,A,0,2.45,3.25,2.9,1623.727683808963,1832.2289414591362,-208.5012576501731,498.5,1140.0,-0.8260527517734673,-6,-6,-6,-7,3,5,1.3333333333333333,1.3333333333333333
2024-04-27,2023,Las Palmas,Girona,A,0,4.5,3.8,1.75,1424.969522835057,1653.31076307904,-228.34124024398307,112.4,139.9,-0.21712902761098274,0,0,0,0,-5,1,0.0,3.0
2024-04-27,2023,Almeria,Getafe,A,0,2.7,3.4,2.63,1374.468390473418,1524.6670291229116,-150.19863864949366,114.2,133.0,-0.15117005168912012,-2,-3,0,-2,-1,-1,2.0,1.0
2024-04-27,2023,Alaves,Celta,H,2,2.75,3.1,2.7,1461.457177442499,1484.529074791978,-23.07189734947906,123.7,149.3,-0.18672244407293803,-2,-1,-3,-3,-1,0,0.3333333333333333,2.3333333333333335
2024-04-27,2023,Ath Madrid,Ath Bilbao,H,2,1.95,3.5,4.0,1682.5091947212584,1625.4693845817499,57.03981013950852,534.3,10.0,3.8849320646009646,-4,-4,-5,-2,-1,1,2.0,1.0
2024-04-28,2023,Villarreal,Vallecano,H,2,1.65,4.0,5.0,1592.8737425367854,1488.6303393098767,104.24340322690864,252.5,103.4,0.8871341475826995,5,4,4,7,2,1,0.3333333333333333,2.3333333333333335
2024-04-28,2023,Betis,Sevilla,D,1,2.05,3.4,3.6,1597.9220487305608,1550.183953097808,47.7380956327529,224.88,228.75,-0.016987876431159954,-1,1,-1,2,-1,2,1.0,1.0
2024-04-28,2023,Cadiz,Mallorca,D,1,2.5,2.9,3.2,1447.5476232697083,1492.7164373413507,-45.16881407164237,65.6,107.0,-0.4834266495778765,0,0,0,0,-1,-2,1.3333333333333333,1.3333333333333333
2024-04-28,2023,Granada,Osasuna,H,2,2.55,3.1,3.0,1377.1158331035992,1510.2319911155175,-133.1161580119183,141.1,150.05,-0.06107987272962667,2,3,2,2,-2,-3,0.3333333333333333,2.3333333333333335
2024-04-29,2023,Barcelona,Valencia,H,2,1.36,5.0,7.5,1772.9499099955704,1557.8471651534012,215.10274484216916,916.2,249.78,1.296749490221357,6,9,3,5,3,0,2.3333333333333335,0.3333333333333333
2024-05-03,2023,Getafe,Ath Bilbao,A,0,4.0,3.2,2.05,1537.514735556219,1616.822470805241,-79.30773524902202,133.0,10.0,2.4999445271525405,-2,-1,-5,0,1,-1,1.0,1.0
2024-05-04,2023,Mallorca,Ath Madrid,A,0,3.75,3.2,2.15,1495.0642307147948,1691.1561084977673,-196.09187778297246,107.0,534.3,-1.6006961102751154,0,0,0,0,-1,1,1.0,2.0
2024-05-04,2023,Girona,Barcelona,H,2,2.7,3.75,2.4,1663.0088166208836,1777.1550154770252,-114.14619885614161,139.9,916.2,-1.8732751320791143,-8,-10,-7,-8,1,3,1.3333333333333333,1.3333333333333333
2024-05-04,2023,Sociedad,Las Palmas,H,2,1.33,5.0,10.0,1613.2654916919316,1415.2714692932134,197.99402239871824,498.5,112.4,1.4826862067949564,4,5,3,3,1,-5,1.6666666666666667,0.6666666666666666
2024-05-04,2023,Real Madrid,Cadiz,H,2,1.33,5.25,8.5,1842.6911335761677,1445.1998298962642,397.49130367990347,1140.0,65.6,2.8409557723157324,10,11,9,10,5,-2,3.0,0.0
2024-05-05,2023,Osasuna,Betis,A,0,3.2,3.25,2.38,1493.8065657588295,1591.902210067093,-98.09564430826345,150.05,224.88,-0.40239297697195475,-4,-5,-3,-7,-3,0,1.0,2.0
2024-05-05,2023,Celta,Villarreal,H,2,2.3,3.6,2.88,1472.7970963081518,1599.9484237518514,-127.15132744369953,149.3,252.5,-0.5227305262723094,-3,-3,-1,-4,0,2,0.3333333333333333,2.3333333333333335
2024-05-05,2023,Valencia,Alaves,A,0,2.1,3.0,4.0,1553.6420596719463,1473.1891559263252,80.45290374562114,249.78,123.7,0.6986652080764015,2,1,4,3,0,-1,1.0,2.0
2024-05-05,2023,Sevilla,Granada,H,2,1.65,4.0,5.25,1556.2037917612759,1393.5412584602873,162.66253330098857,228.75,141.1,0.4804607261327414,3,1,2,3,2,0,2.0,1.0
2024-05-05,2023,Vallecano,Almeria,A,0,1.57,4.0,5.75,1481.5556580948107,1361.6206840401105,119.9349740547002,103.4,114.2,-0.0984400728132524,0,0,0,0,1,-2,2.0,1.0
2024-05-10,2023,Alaves,Girona,D,1,3.5,3.6,2.05,1495.347536543376,1678.619219849189,-183.27168330581299,123.7,139.9,-0.12213956621864419,0,0,0,0,1,3,1.3333333333333333,1.3333333333333333
2024-05-11,2023,Ath Bilbao,Osasuna,D,1,1.44,4.33,7.5,1632.7147729225462,1478.724348937916,153.9904239846303,10.0,150.05,-2.6197156350343107,4,4,5,2,-1,-3,1.3333333333333333,1.3333333333333333
2024-05-11,2023,Granada,Real Madrid,A,0,5.5,4.6,1.53,1388.1220124449112,1844.3103190404897,-456.1883065955785,141.1,1140.0,-2.083129314759021,-8,-8,-7,-8,0,5,0.0,3.0
2024-05-11,2023,Villarreal,Sevilla,H,2,1.83,4.0,3.8,1583.7785871767178,1561.623037776652,22.155549400065865,252.5,228.75,0.098372061795442,0,0,0,2,0,4,0.6666666666666666,1.6666666666666667
2024-05-11,2023,Mallorca,Las Palmas,H,2,1.65,3.5,6.5,1484.110209114234,1410.6974976215786,73.41271149265549,107.0,112.4,-0.04879016416943216,0,0,0,0,-3,-5,1.0,1.0
2024-05-12,2023,Betis,Almeria,H,2,1.33,5.5,8.5,1606.9844268880065,1385.0226457767135,221.96178111129302,224.88,114.2,0.6733341365428451,4,5,3,7,2,-2,2.3333333333333335,0.3333333333333333
2024-05-12,2023,Valencia,Vallecano,D,1,2.25,3.1,3.5,1531.4836790548952,1458.1536963582078,73.32998269668747,249.78,103.4,0.8763463853138536,2,1,4,3,-1,-1,1.3333333333333333,1.3333333333333333
2024-05-12,2023,Cadiz,Getafe,H,2,2.1,3.2,3.8,1443.5806444319421,1521.6224334389137,-78.04178900697161,65.6,133.0,-0.6991352224045677,-2,-3,0,-2,-2,-1,0.6666666666666666,1.6666666666666667
2024-05-12,2023,Ath Madrid,Celta,H,2,1.42,4.75,7.0,1702.110130098328,1488.9669328832854,213.14319721504262,534.3,149.3,1.2701940406404066,-2,-1,-3,-3,3,0,3.0,0.0
2024-05-13,2023,Barcelona,Sociedad,H,2,1.8,3.6,4.5,1761.54461224872,1617.8394633635664,143.70514888515345,916.2,498.5,0.6077179528951406,4,5,4,5,1,1,2.0,1.0
2024-05-14,2023,Osasuna,Mallorca,D,1,2.8,2.9,2.88,1488.0798962889803,1492.1888145888847,-4.108918299904417,150.05,107.0,0.33547968070846146,0,0,0,0,-4,-2,1.3333333333333333,1.3333333333333333
2024-05-14,2023,Real Madrid,Alaves,H,2,1.22,7.5,11.0,1847.7307244598057,1498.875370213563,348.85535424624277,1140.0,123.7,2.213749497176085,10,11,9,10,5,2,3.0,0.0
2024-05-14,2023,Girona,Villarreal,A,0,1.7,4.5,4.2,1675.091386179002,1593.7117882299697,81.37959794903236,139.9,252.5,-0.5873134041266033,-5,-4,-4,-7,2,2,1.0,2.0
2024-05-15,2023,Vallecano,Granada,H,2,1.65,3.8,5.5,1465.0722793489404,1384.7016070255952,80.37067232334516,103.4,141.1,-0.3083013596545161,-2,-3,-2,-2,-1,0,2.3333333333333335,0.3333333333333333
2024-05-15,2023,Sevilla,Cadiz,A,0,1.9,3.6,4.0,1551.6898367234,1457.6338924725558,94.05594425084428,228.75,65.6,1.2382871836894527,5,4,4,5,2,-2,2.3333333333333335,0.3333333333333333
2024-05-15,2023,Getafe,Ath Madrid,A,0,4.75,3.4,1.83,1507.5691853983,1706.3561864032483,-198.78700100494825,133.0,534.3,-1.3849875374484242,2,3,0,2,-1,3,0.6666666666666666,1.6666666666666667
2024-05-15,2023,Celta,Ath Bilbao,H,2,2.63,3.3,2.7,1484.720876578365,1623.3592255714818,-138.63834899311678,149.3,10.0,2.614738023960558,-2,-3,-2,1,-1,0,1.0,2.0
2024-05-16,2023,Las Palmas,Betis,D,1,4.0,3.5,1.91,1402.618892146928,1611.0487897035362,-208.42989755660824,112.4,224.88,-0.689082493510984,-4,-5,-3,-7,-5,4,1.0,2.0
2024-05-16,2023,Almeria,Barcelona,A,0,6.5,5.0,1.44,1380.9582829611838,1767.4653990142465,-386.50711605306265,114.2,916.2,-2.074655802721958,-8,-10,-7,-8,-2,1,1.0,2.0
2024-05-16,2023,Sociedad,Valencia,H,2,1.6,3.9,5.75,1611.9186765980398,1524.5650960641626,87.35358053387722,498.5,249.78,0.6890315373262164,2,4,-1,0,-1,-2,1.3333333333333333,1.3333333333333333
2024-05-18,2023,Alaves,Getafe,H,2,2.0,3.2,4.1,1496.769757740894,1496.722828539952,0.04692920094203146,123.7,133.0,-0.0719289472649205,-2,-3,0,-2,2,-2,0.6666666666666666,1.6666666666666667
2024-05-19,2023,Ath Madrid,Osasuna,A,0,1.4,4.5,8.0,1717.2025432615965,1484.0419574853986,233.16058577619788,534.3,150.05,1.265216429566654,0,0,0,0,3,-3,3.0,0.0
2024-05-19,2023,Betis,Sociedad,A,0,2.55,3.2,2.88,1606.5137809008736,1619.5324107115373,-13.018629810663697,224.88,498.5,-0.7936037132839724,0,0,0,4,3,0,1.6666666666666667,0.6666666666666666
2024-05-19,2023,Ath Bilbao,Sevilla,H,2,1.7,3.9,4.75,1606.697917159094,1529.086459523321,77.61145763577292,10.0,228.75,-3.0390964884374254,-1,0,1,-3,-1,0,1.3333333333333333,1.3333333333333333
2024-05-19,2023,Barcelona,Vallecano,H,2,1.25,6.0,12.0,1772.3016380762144,1472.916640716857,299.3849973593574,916.2,103.4,2.1730958755352106,8,10,7,8,1,0,0.6666666666666666,1.6666666666666667
2024-05-19,2023,Villarreal,Real Madrid,D,1,3.2,3.75,2.05,1615.901026378895,1849.8363369324748,-233.9353105535797,252.5,1140.0,-1.5042965268308377,-5,-7,-5,-3,3,5,2.0,1.0
2024-05-19,2023,Mallorca,Almeria,D,1,1.5,4.1,7.0,1496.2267533924664,1376.122043899216,120.10470949325054,107.0,114.2,-0.06453852113757108,0,0,0,0,-1,-3,1.3333333333333333,1.3333333333333333
2024-05-19,2023,Valencia,Girona,A,0,3.0,3.5,2.3,1516.9513619506652,1652.9021480300767,-135.9507860794115,249.78,139.9,0.5765256418577573,2,1,4,3,-4,2,1.0,2.0
2024-05-19,2023,Granada,Celta,A,0,3.7,3.6,2.0,1376.8572456576785,1501.3821849907529,-124.52493933307437,141.1,149.3,-0.05610226165587395,0,2,-1,-1,-2,1,0.3333333333333333,2.3333333333333335
2024-05-19,2023,Cadiz,Las Palmas,D,1,1.8,3.5,4.75,1480.2372696726347,1407.1539009495905,73.08336872304426,65.6,112.4,-0.5322168137473087,0,0,0,0,0,-4,1.0,1.0
2024-05-24,2023,Girona,Granada,H,2,1.22,6.5,12.0,1666.3555437276218,1362.9143172847064,303.4412264429154,139.9,141.1,-0.008480616198419888,-2,-3,-2,-2,2,-3,3.0,0.0
2024-05-25,2023,Vallecano,Ath Bilbao,A,0,2.88,3.5,2.38,1470.1805778141274,1614.6346421775154,-144.45406436338794,103.4,10.0,2.250334402650168,-4,-4,-5,-2,-2,0,0.3333333333333333,2.3333333333333335
2024-05-25,2023,Osasuna,Villarreal,D,1,2.9,3.6,2.3,1510.1988333948482,1621.4131002380502,-111.21426684320204,150.05,252.5,-0.5177529151985567,-5,-4,-4,-7,-1,2,0.0,3.0
2024-05-25,2023,Sociedad,Ath Madrid,A,0,2.4,3.3,3.0,1638.2111606590156,1691.045667352147,-52.83450669313129,498.5,534.3,-0.06921973931072678,4,5,3,3,1,3,0.3333333333333333,2.3333333333333335
2024-05-25,2023,Almeria,Cadiz,H,2,2.05,3.6,3.5,1384.5290331719839,1473.3270715116805,-88.79803833969663,114.2,65.6,0.5479651707154476,0,0,0,0,-2,1,1.0,1.0
2024-05-25,2023,Real Madrid,Betis,D,1,1.33,6.0,7.5,1844.3242630733196,1587.8350309533953,256.4892321199243,1140.0,224.88,1.6196564650574397,6,6,6,3,4,1,1.6666666666666667,0.6666666666666666
2024-05-26,2023,Sevilla,Barcelona,A,0,4.0,4.0,1.8,1521.1497345048997,1775.037700978944,-253.88796647404433,228.75,916.2,-1.384333789747953,-3,-6,-3,-3,-2,3,0.0,3.0
2024-05-26,2023,Las Palmas,Alaves,D,1,2.4,3.3,3.0,1414.0640991105447,1507.5659407144885,-93.50184160394383,112.4,123.7,-0.09498946139233855,0,0,0,0,-3,2,1.0,2.0
2024-05-26,2023,Getafe,Mallorca,A,0,2.3,3.25,3.2,1485.9266455663574,1487.8197641196984,-1.8931185533410826,133.0,107.0,0.2157085728266912,2,3,0,2,-3,0,1.3333333333333333,1.3333333333333333
2024-05-26,2023,Celta,Valencia,D,1,1.95,3.5,3.8,1515.325113363725,1503.49796625312,11.827147110604983,149.3,249.78,-0.5119427640034635,0,0,-1,0,1,-4,0.3333333333333333,2.3333333333333335
2024-08-15,2024,Betis,Girona,D,1,2.35,3.4,3.0,1599.41987154285,1669.0340988988253,-69.61422735597534,291.7,153.1,0.6415464513717701,0,1,-2,-2,1,2,1.3333333333333333,1.3333333333333333
2024-08-15,2024,Ath Bilbao,Getafe,D,1,1.48,4.0,8.0,1627.7258110614243,1466.8001286841295,160.92568237729483,10.0,87.7,-2.0873646165171635,3,4,4,2,2,-5,1.6666666666666667,0.6666666666666666
2024-08-16,2024,Celta,Alaves,H,2,2.0,3.2,4.1,1510.6572371154014,1507.8464560560199,2.8107810593814975,149.3,123.7,0.18672244407293803,2,1,3,3,2,1,1.3333333333333333,1.3333333333333333
2024-08-16,2024,Las Palmas,Sevilla,D,1,2.8,3.25,2.63,1413.7835837690134,1512.3907271306355,-98.6071433616221,112.4,183.9,-0.4888937470994268,-4,-2,-5,-5,-2,-3,0.0,3.0
2024-08-17,2024,Valencia,Barcelona,A,0,4.75,3.8,1.73,1508.1658425014436,1783.7967083532083,-275.6308658517646,244.73,1080.0,-1.4814084454435879,-9,-9,-9,-9,-3,3,0.3333333333333333,2.3333333333333335
2024-08-17,2024,Osasuna,Leganes,D,1,1.85,3.3,4.5,1510.6828241479138,1510.5726020348823,0.11022211303156837,105.35,47.98,0.7753234901222243,0,0,0,0,0,3,3.0,0.0
2024-08-18,2024,Mallorca,Real Madrid,D,1,8.0,4.2,1.45,1506.9462810019263,1832.739422483865,-325.7931414819386,87.7,1350.0,-2.723340448644665,-10,-11,-8,-10,1,3,1.0,2.0
2024-08-18,2024,Sociedad,Vallecano,A,0,1.57,3.75,7.0,1621.1872800302456,1457.0894089302185,164.09787110002708,345.05,63.95,1.6729655301712638,5,7,5,4,1,-2,1.6666666666666667,0.6666666666666666
2024-08-19,2024,Villarreal,Ath Madrid,D,1,3.3,3.7,2.1,1620.9291094849846,1708.069547980917,-87.14043849593236,264.25,458.45,-0.5493573444528019,3,3,2,5,1,3,0.3333333333333333,2.3333333333333335
2024-08-19,2024,Valladolid,Espanol,H,2,2.38,3.0,3.4,1461.4670745746628,1466.732222524344,-5.26514794968125,81.45,116.98,-0.35832306956932136,-2,-2,-1,-6,-1,0,2.0,1.0
2024-08-23,2024,Celta,Valencia,H,2,2.1,3.4,3.6,1521.3437140058722,1500.1623902115764,21.18132379429585,149.3,244.73,-0.4916000754366916,2,1,3,3,2,-3,0.6666666666666666,1.6666666666666667
2024-08-23,2024,Sevilla,Villarreal,A,0,2.4,3.6,2.8,1512.4508612634604,1620.3741709747776,-107.92330971131719,183.9,264.25,-0.3608576391010132,1,-1,3,0,-4,2,1.3333333333333333,1.3333333333333333
2024-08-24,2024,Osasuna,Mallorca,H,2,2.45,3.1,3.1,1506.4764892988392,1515.5201681694011,-9.043678870561962,105.35,87.7,0.18147565233071195,0,0,0,0,1,2,0.6666666666666666,1.6666666666666667
2024-08-24,2024,Barcelona,Ath Bilbao,H,2,1.62,4.2,5.0,1791.8001606430755,1618.1895936028573,173.61056704021826,1080.0,10.0,4.587746544840837,5,4,4,7,5,1,2.3333333333333335,0.3333333333333333
2024-08-24,2024,Espanol,Sociedad,A,0,3.9,3.2,2.05,1455.7238189485245,1596.5699349251279,-140.84611597660341,116.98,345.05,-1.0760681547129431,-3,-5,-4,2,0,-1,0.0,3.0
2024-08-24,2024,Getafe,Vallecano,D,1,2.45,3.0,3.2,1476.3363461426966,1481.7067540353362,-5.370407892639605,87.7,63.95,0.31164214619892583,1,1,1,0,-4,0,0.6666666666666666,1.6666666666666667
2024-08-25,2024,Real Madrid,Valladolid,H,2,1.18,7.5,15.0,1824.16553531639,1472.4754781504823,351.6900571659078,1350.0,81.45,2.7964082889545914,10,11,8,10,2,1,3.0,0.0
2024-08-25,2024,Leganes,Las Palmas,H,2,2.25,3.0,3.6,1514.778936883957,1413.7234496361884,101.0554872477685,47.98,112.4,-0.8395093397696303,0,0,0,0,2,-1,2.3333333333333335,0.3333333333333333
2024-08-25,2024,Alaves,Betis,D,1,2.38,3.1,3.25,1497.159979165549,1598.11134678869,-100.9513676231411,123.7,291.7,-0.8532373410118499,-3,-5,-1,-1,-1,0,0.6666666666666666,1.6666666666666667
2024-08-25,2024,Ath Madrid,Girona,H,2,1.6,4.1,5.5,1708.624486491124,1670.3426236529851,38.28186283813875,458.45,153.1,1.0924283796208236,-3,-4,-3,-3,2,1,2.0,1.0
2024-08-26,2024,Villarreal,Celta,H,2,1.91,3.4,3.8,1635.0321534860914,1531.3142118713502,103.71794161474122,264.25,149.3,0.5680394807351634,1,2,-1,2,2,4,2.0,1.0
2024-08-27,2024,Vallecano,Barcelona,A,0,5.25,3.8,1.62,1485.6941274856913,1796.9451799864169,-311.25105250072556,63.95,1080.0,-2.8120240745225997,-9,-9,-9,-9,0,5,1.3333333333333333,1.3333333333333333
2024-08-27,2024,Mallorca,Sevilla,D,1,2.38,3.1,3.25,1504.3597501851625,1497.7928787521466,6.566871433015876,87.7,183.9,-0.7345552490775447,-4,-2,-5,-5,0,-4,1.0,2.0
2024-08-28,2024,Ath Bilbao,Valencia,H,2,1.62,3.9,5.75,1613.044574259516,1490.1918923460985,122.85268191341743,10.0,244.73,-3.1063380993972496,4,5,5,2,0,-4,1.3333333333333333,1.3333333333333333
2024-08-28,2024,Valladolid,Leganes,D,1,2.3,3.0,3.6,1470.4015899999379,1521.9533104593654,-51.55172045942754,81.45,47.98,0.5207799974815859,0,0,0,0,1,3,1.3333333333333333,1.3333333333333333
2024-08-28,2024,Ath Madrid,Espanol,D,1,1.3,5.25,11.0,1717.950848222638,1442.4792076469776,275.47164057566033,458.45,116.98,1.359515003371965,-2,-2,-1,-6,2,-2,1.6666666666666667,0.6666666666666666
2024-08-28,2024,Sociedad,Alaves,A,0,1.7,3.5,5.75,1609.8145462266748,1497.2010529048978,112.61349332177701,345.05,123.7,1.0206724206018816,5,7,5,4,1,-1,2.3333333333333335,0.3333333333333333
2024-08-29,2024,Las Palmas,Real Madrid,D,1,8.0,5.0,1.38,1406.54907606078,1826.2394234669346,-419.6903474061546,112.4,1350.0,-2.477678946666547,-10,-11,-8,-10,-1,2,0.0,3.0
2024-08-29,2024,Girona,Osasuna,H,2,1.7,4.0,4.33,1661.0162619214711,1517.6369072830778,143.37935463839335,153.1,105.35,0.37086620067982423,3,4,3,3,0,2,2.0,1.0
2024-08-31,2024,Espanol,Vallecano,H,2,2.8,3.0,2.8,1454.3810537790519,1478.835204378718,-24.454150599666036,116.98,63.95,0.5968973754583207,2,2,1,6,-2,-2,1.0,2.0
2024-08-31,2024,Barcelona,Valladolid,H,2,1.25,6.25,10.0,1803.8041030933903,1468.323362585659,335.4807405077313,1080.0,81.45,2.5734497686336004,9,9,9,9,5,0,2.0,1.0
2024-08-31,2024,Ath Bilbao,Ath Madrid,A,0,3.0,3.3,2.38,1619.5565735735838,1706.0490020905636,-86.49242851697977,10.0,458.45,-3.7321348491485233,4,5,5,2,2,1,1.0,2.0
2024-08-31,2024,Leganes,Mallorca,A,0,2.5,3.0,3.2,1524.0315378736443,1499.8979405830746,24.133597290569696,47.98,87.7,-0.5938478377915124,0,0,0,0,2,0,2.0,0.5
2024-08-31,2024,Valencia,Villarreal,D,1,2.8,3.4,2.45,1483.6798930320306,1642.1232007762774,-158.4433077442468,244.73,264.25,-0.07643940529847182,-3,-3,-2,-5,-4,2,1.3333333333333333,1.3333333333333333
2024-09-01,2024,Alaves,Las Palmas,H,2,1.95,3.4,4.0,1520.3835360611918,1417.4385503970684,102.94498566412335,123.7,112.4,0.09498946139233855,0,0,0,0,1,-1,1.3333333333333333,1.3333333333333333
2024-09-01,2024,Real Madrid,Betis,H,2,1.29,5.75,9.5,1815.349949130646,1598.0702730493413,217.27967608130484,1350.0,291.7,1.5294521442623585,7,6,7,9,1,-1,1.0,1.0
2024-09-01,2024,Osasuna,Celta,H,2,2.45,3.25,3.0,1511.7072029582628,1524.2231645811642,-12.515961622901386,105.35,149.3,-0.3458977551126825,-2,-1,-3,-3,1,2,1.3333333333333333,1.3333333333333333
2024-09-01,2024,Getafe,Sociedad,D,1,3.5,2.9,2.38,1472.3489726923415,1586.6320630703808,-114.28309037803933,87.7,345.05,-1.361323383972338,-4,-6,-4,-4,-3,-1,0.3333333333333333,2.3333333333333335
2024-09-01,2024,Sevilla,Girona,A,0,2.35,3.8,2.75,1502.2546883542345,1666.9459662462862,-164.69127789205163,183.9,153.1,0.18221339606700848,1,-2,2,2,-3,2,0.0,3.0
2024-09-13,2024,Betis,Leganes,H,2,1.62,3.7,6.25,1593.9102731442795,1503.889229792582,90.02104335169747,291.7,47.98,1.7877361421738187,3,5,1,1,-2,0,1.3333333333333333,1.3333333333333333
2024-09-14,2024,Sociedad,Real Madrid,A,0,4.75,3.9,1.67,1586.0157596417887,1819.509949035708,-233.4941893939192,345.05,1350.0,-1.3620170646723269,-5,-4,-3,-6,-2,2,1.0,2.0
2024-09-14,2024,Sevilla,Getafe,H,2,2.2,3.0,3.7,1490.0158003931433,1472.9652761209336,17.050524272209714,183.9,87.7,0.7345552490775447,3,1,4,5,-3,-2,1.0,2.0
2024-09-14,2024,Mallorca,Villarreal,A,0,2.45,3.4,2.88,1520.040248664137,1639.6235326477424,-119.5832839836055,87.7,264.25,-1.0954128881785579,-3,-3,-2,-5,1,2,1.3333333333333333,1.3333333333333333
2024-09-14,2024,Espanol,Alaves,H,2,2.63,3.2,2.8,1466.1699253029367,1527.4987053798666,-61.32878007692989,116.98,123.7,-0.05539573411106158,2,2,1,6,-1,1,2.0,1.0
2024-09-15,2024,Las Palmas,Ath Bilbao,A,0,3.8,3.4,2.0,1410.3233810783936,1603.9736984755498,-193.6503173971562,112.4,10.0,2.3330261184952814,-4,-5,-5,-2,-2,0,0.3333333333333333,2.3333333333333335
2024-09-15,2024,Celta,Valladolid,H,2,1.67,3.75,5.5,1512.922303891737,1466.061937074002,46.86036681773521,149.3,81.45,0.600441247753321,2,1,3,3,0,-1,1.3333333333333333,1.3333333333333333
2024-09-15,2024,Girona,Barcelona,A,0,4.2,3.8,1.8,1679.1848542073774,1806.0655286050473,-126.88067439766996,153.1,1080.0,-1.9480400753131377,-6,-5,-6,-6,2,5,2.3333333333333335,0.3333333333333333
2024-09-15,2024,Ath Madrid,Valencia,H,2,1.33,4.5,11.0,1721.6318771885976,1486.1795611605655,235.4523160280321,458.45,244.73,0.6257967497512738,0,0,0,0,3,-3,2.0,1.0
2024-09-16,2024,Vallecano,Osasuna,H,2,2.05,3.1,4.0,1467.046332854833,1523.0080636476898,-55.96173079285677,63.95,105.35,-0.4931177985296378,0,0,0,0,-2,1,2.0,1.0
2024-09-17,2024,Mallorca,Sociedad,H,2,2.9,2.75,3.0,1505.8848327614212,1576.5113528015418,-70.62652004012057,87.7,345.05,-1.361323383972338,-5,-7,-5,-4,-1,-2,0.3333333333333333,2.3333333333333335
2024-09-18,2024,Betis,Getafe,H,2,1.91,3.0,5.0,1601.4370982296243,1462.8358614605893,138.60123676903504,291.7,87.7,1.1938883043823063,2,4,0,1,0,-2,0.6666666666666666,1.6666666666666667
2024-09-19,2024,Leganes,Ath Bilbao,A,0,3.75,3.2,2.05,1496.3624047072371,1615.0256455360484,-118.66324082881124,47.98,10.0,1.4935167787256511,-4,-5,-5,-2,-1,0,1.3333333333333333,1.3333333333333333
2024-09-20,2024,Alaves,Sevilla,H,2,2.15,3.1,3.7,1514.1614155217635,1500.1452150534876,14.016200468275883,123.7,183.9,-0.39390428570708824,-4,-2,-5,-5,0,-1,2.3333333333333335,0.3333333333333333
2024-09-21,2024,Valladolid,Sociedad,D,1,3.9,3.0,2.2,1457.0499522383568,1562.7764950500004,-105.72654281164364,81.45,345.05,-1.4343912242822645,-5,-7,-5,-4,-2,-2,2.0,1.0
2024-09-21,2024,Osasuna,Las Palmas,H,2,1.9,3.4,4.2,1509.8992314648742,1399.271434017895,110.62779744697923,105.35,112.4,-0.06418584964740592,0,0,0,0,0,-3,0.6666666666666666,1.6666666666666667
2024-09-21,2024,Valencia,Girona,H,2,2.88,3.3,2.5,1482.3804252961988,1665.343076119802,-182.9626508236031,244.73,153.1,0.46663162986954987,-3,-4,-3,-3,-4,0,0.0,3.0
2024-09-21,2024,Real Madrid,Espanol,H,2,1.17,7.0,19.0,1829.014355875955,1479.5072151610398,349.5071407149153,1350.0,116.98,2.43808521938527,8,9,7,4,3,0,3.0,0.0
2024-09-22,2024,Vallecano,Ath Madrid,D,1,5.0,3.4,1.8,1480.1551650376487,1725.4310130529643,-245.27584801531566,63.95,458.45,-1.9564123788302856,0,0,0,0,0,3,0.0,3.0
2024-09-22,2024,Villarreal,Barcelona,A,0,3.9,3.9,1.85,1653.7789485504582,1819.9073066926228,-166.12835814216464,264.25,1080.0,-1.404969040145116,-6,-6,-7,-4,3,5,1.0,2.0
2024-09-22,2024,Ath Bilbao,Celta,H,2,1.7,3.7,5.25,1629.2206627770815,1521.9342887273822,107.28637404969936,10.0,149.3,-2.614738023960558,2,4,2,-1,1,1,2.0,1.0
2024-09-22,2024,Getafe,Leganes,D,1,2.05,2.8,4.75,1456.7742085206717,1482.167387466204,-25.393178945532327,87.7,47.98,0.5938478377915124,1,1,1,0,-2,-2,2.0,1.0
2024-09-23,2024,Betis,Mallorca,A,0,1.85,3.3,4.75,1607.498751169542,1519.6196905129625,87.87906065657944,291.7,87.7,1.1938883043823063,3,5,1,1,1,0,3.0,0.0
2024-09-24,2024,Real Madrid,Alaves,H,2,1.2,6.5,13.0,1831.112634452621,1524.4083506823895,306.70428377023154,1350.0,123.7,2.3826894852742084,10,11,8,10,4,2,3.0,0.0
2024-09-24,2024,Sevilla,Valladolid,H,2,1.65,3.8,5.5,1489.8982798928616,1457.2971645794166,32.60111531344501,183.9,81.45,0.8076230893874712,4,2,5,5,-2,-3,1.6666666666666667,0.6666666666666666
2024-09-24,2024,Valencia,Osasuna,D,1,2.0,3.1,4.0,1500.8956523250429,1516.7771549533556,-15.881502628312774,244.73,105.35,0.8374978305493741,0,0,0,0,-2,1,2.0,1.0
2024-09-25,2024,Girona,Vallecano,D,1,1.73,3.7,4.5,1646.827849090958,1486.0855683226805,160.7422807682774,153.1,63.95,0.863983999209462,3,4,3,3,-1,-1,2.3333333333333335,0.3333333333333333
2024-09-25,2024,Barcelona,Getafe,H,2,1.25,6.25,10.0,1832.0862991025228,1453.6017855310845,378.48451357143836,1080.0,87.7,2.500381928323674,8,8,8,9,5,-2,1.6666666666666667,0.6666666666666666
2024-09-26,2024,Espanol,Villarreal,A,0,3.25,3.5,2.15,1477.4089365843738,1641.599956140558,-164.1910195561843,116.98,264.25,-0.810157658919163,-1,-1,-1,1,0,2,0.0,3.0
2024-09-26,2024,Las Palmas,Betis,D,1,3.1,3.1,2.38,1392.3935105294136,1585.0953122721971,-192.70180174278357,112.4,291.7,-0.9482268024041884,-3,-5,-1,-1,-4,0,0.3333333333333333,2.3333333333333335
2024-09-26,2024,Celta,Ath Madrid,A,0,3.8,3.7,1.91,1514.9538698839483,1719.5006097679325,-204.54673988398417,149.3,458.45,-1.1173968251879653,2,1,3,3,-1,3,0.0,3.0
2024-09-27,2024,Valladolid,Mallorca,A,0,3.0,2.9,2.63,1447.7593447237912,1542.0231294103073,-94.26378468651615,81.45,87.7,-0.07306784030992652,0,0,0,0,-3,2,1.3333333333333333,1.3333333333333333
2024-09-28,2024,Getafe,Alaves,H,2,2.55,2.88,3.1,1451.8065898021064,1521.7752642728522,-69.96867447074578,87.7,123.7,-0.3406509633704564,1,1,1,0,-3,1,1.3333333333333333,1.3333333333333333
2024-09-28,2024,Vallecano,Leganes,D,1,1.9,3.0,5.0,1495.6170664079293,1485.3398104557912,10.277255952138148,63.95,47.98,0.28220569159258657,0,0,0,0,-1,-3,0.0,3.0
2024-09-28,2024,Osasuna,Barcelona,H,2,7.0,4.5,1.45,1520.3395064025835,1833.881494831501,-313.5419884289174,105.35,1080.0,-2.318906275992962,-9,-9,-9,-9,0,5,0.0,3.0
2024-09-28,2024,Sociedad,Valencia,H,2,1.85,3.25,4.75,1562.5292827089406,1497.333300875815,65.19598183312564,345.05,244.73,0.34234990109225194,5,7,5,4,-3,-1,2.0,1.0
2024-09-29,2024,Celta,Girona,D,1,2.1,3.6,3.25,1504.3360433422336,1637.296351005709,-132.96030766347553,149.3,153.1,-0.024968445567141728,-1,-3,0,0,-3,0,0.3333333333333333,2.3333333333333335
2024-09-29,2024,Ath Bilbao,Sevilla,D,1,1.7,3.7,5.0,1636.2010816205154,1499.436099748487,136.76498187202833,10.0,183.9,-2.821919865594708,0,3,0,-3,3,0,2.0,1.0
2024-09-29,2024,Betis,Espanol,H,2,1.65,3.4,5.75,1581.185400451593,1465.1491770248433,116.03622342674976,291.7,116.98,0.9086330751229115,1,3,0,-5,0,0,2.0,1.0
2024-09-29,2024,Ath Madrid,Real Madrid,D,1,2.8,3.3,2.5,1730.1184363096472,1833.7457208621584,-103.62728455251113,458.45,1350.0,-1.078570216013305,-10,-11,-8,-10,3,4,1.6666666666666667,0.6666666666666666
2024-09-30,2024,Villarreal,Las Palmas,H,2,1.45,4.33,6.5,1653.8597157000886,1396.3034223500176,257.556293350071,264.25,112.4,0.84975138620044,3,3,2,5,2,-3,1.0,2.0
2024-10-04,2024,Leganes,Valencia,D,1,2.9,2.88,2.8,1489.947168903605,1488.972453501916,0.9747154016888544,47.98,244.73,-1.6128213206715984,0,0,0,0,-3,-1,1.6666666666666667,0.6666666666666666
2024-10-05,2024,Getafe,Osasuna,D,1,2.2,2.9,3.9,1465.5132526535997,1543.5501064013042,-78.03685374770453,87.7,105.35,-0.18147565233071195,1,1,1,0,-2,2,2.0,1.0
2024-10-05,2024,Real Madrid,Villarreal,H,2,1.27,6.25,8.5,1833.5891240890448,1657.256329611039,176.33279447800578,1350.0,264.25,1.627927560466107,7,8,6,5,4,2,1.3333333333333333,1.3333333333333333
2024-10-05,2024,Espanol,Mallorca,H,2,3.1,3.0,2.55,1458.434901055794,1557.270759233222,-98.83585817742801,116.98,87.7,0.28525522925939484,2,2,1,6,-1,3,2.3333333333333335,0.3333333333333333
2024-10-05,2024,Valladolid,Vallecano,A,0,3.1,3.0,2.5,1432.5117149008765,1491.0097079601155,-58.49799305923898,81.45,63.95,0.2385743058889993,0,0,0,0,-4,0,1.0,2.0
2024-10-05,2024,Las Palmas,Celta,A,0,3.1,3.5,2.25,1392.9068084390672,1505.7548005765825,-112.84799213751535,112.4,149.3,-0.2817119054652766,-2,-1,-3,-3,-4,-2,1.0,2.0
2024-10-06,2024,Girona,Ath Bilbao,H,2,2.35,3.3,3.1,1635.8775937713601,1627.3140228829425,8.563570888417644,153.1,10.0,2.6397064695276997,-1,-1,-2,1,-1,2,1.3333333333333333,1.3333333333333333
2024-10-06,2024,Alaves,Barcelona,A,0,5.25,4.5,1.57,1508.0686014213588,1810.6708948327803,-302.60229341142144,123.7,1080.0,-2.1597309649532175,-9,-9,-9,-9,-1,3,0.0,3.0
2024-10-06,2024,Sevilla,Betis,H,2,2.45,3.2,3.0,1508.32315848606,1587.8996764206424,-79.5765179345824,183.9,291.7,-0.45933305530476165,1,-3,4,4,0,2,1.0,1.0
2024-10-06,2024,Sociedad,Ath Madrid,D,1,3.3,3.2,2.3,1570.8901300828395,1730.2750330827607,-159.38490299992122,345.05,458.45,-0.2834468486590218,5,7,5,4,-1,3,0.0,3.0
2024-10-18,2024,Alaves,Valladolid,A,0,1.62,3.9,5.75,1500.942719456484,1415.7284031195948,85.21431633688917,123.7,81.45,0.41371880368038294,0,0,0,0,-3,-4,2.0,1.0
2024-10-19,2024,Ath Bilbao,Espanol,H,2,1.45,4.2,7.5,1616.8542747013064,1473.3846412012556,143.4696335000508,10.0,116.98,-2.3726198457765584,2,3,4,-4,2,-1,2.0,1.0
2024-10-19,2024,Osasuna,Betis,A,0,2.5,3.4,2.7,1544.4970705839482,1573.7804147905872,-29.283344206638958,105.35,291.7,-1.0124126520515944,-3,-5,-1,-1,1,0,1.0,2.0
2024-10-19,2024,Girona,Sociedad,A,0,2.4,3.4,2.88,1646.3373419529962,1573.4293032874054,72.90803866559077,153.1,345.05,-0.8089815309618018,-2,-3,-2,-1,-1,-1,1.0,1.0
2024-10-19,2024,Celta,Real Madrid,A,0,4.75,4.5,1.6,1520.2003608730454,1838.6676895193011,-318.46732864625574,149.3,1350.0,-2.1959670412012704,-8,-10,-5,-7,0,4,0.0,3.0
2024-10-20,2024,Ath Madrid,Leganes,H,2,1.33,4.75,10.0,1727.7358598781948,1485.7064698981374,242.02938998005743,458.45,47.98,2.238618070422872,0,0,0,0,2,-2,2.3333333333333335,0.3333333333333333
2024-10-20,2024,Mallorca,Vallecano,H,2,2.05,3.1,4.0,1542.3210190877603,1507.7930197413973,34.527999346363,87.7,63.95,0.31164214619892583,0,0,0,0,1,2,2.3333333333333335,0.3333333333333333
2024-10-20,2024,Villarreal,Getafe,D,1,1.67,3.8,5.0,1652.1777641807828,1464.5662884709557,187.61147570982712,264.25,87.7,1.0954128881785579,2,2,1,5,1,-1,1.6666666666666667,0.6666666666666666
2024-10-20,2024,Barcelona,Sevilla,H,2,1.3,5.75,8.0,1817.7967767976552,1522.4424201161153,295.3543566815399,1080.0,183.9,1.7658266792461292,5,7,4,4,3,2,3.0,0.0
2024-10-21,2024,Valencia,Las Palmas,A,0,1.62,3.8,5.5,1493.2131525073837,1378.4612481426043,114.75190436477942,244.73,112.4,0.7733119809019682,0,0,0,0,-1,-4,1.0,2.0
2024-10-25,2024,Espanol,Sevilla,A,0,3.0,3.25,2.4,1467.4574089804455,1519.6481143846534,-52.19070540420785,116.98,183.9,-0.4493000198181498,-2,0,-4,1,-3,0,0.3333333333333333,2.3333333333333335
2024-10-26,2024,Valladolid,Villarreal,A,0,3.5,3.75,2.0,1438.0444925408563,1641.9882701217218,-203.94377758086557,81.45,264.25,-1.1684807284884844,-3,-3,-2,-5,-2,0,1.0,2.0
2024-10-26,2024,Vallecano,Alaves,H,2,2.25,3.1,3.5,1498.3272128019862,1478.6266300352224,19.700582766763773,63.95,123.7,-0.6522931095693822,0,0,0,0,0,-3,1.0,2.0
2024-10-26,2024,Las Palmas,Girona,H,2,2.88,3.4,2.45,1401.7083637541807,1624.4331083181714,-222.72474456399073,112.4,153.1,-0.3066803510324183,-3,-4,-3,-3,-2,-1,0.0,3.0
2024-10-26,2024,Real Madrid,Barcelona,A,0,2.0,4.1,3.25,1845.3093139716846,1820.591082529117,24.718231442567458,1350.0,1080.0,0.22295852032099095,1,2,-1,1,4,3,2.0,1.0
2024-10-27,2024,Sociedad,Osasuna,A,0,1.75,3.6,5.0,1595.3335369222302,1526.4854611228727,68.8480757993575,345.05,105.35,1.179847731641626,5,7,5,4,1,1,1.3333333333333333,1.3333333333333333
2024-10-27,2024,Betis,Ath Madrid,H,2,3.1,3.4,2.3,1591.7920242516627,1731.411138796563,-139.61911454490019,291.7,458.45,-0.4508819282490535,3,5,1,1,0,2,0.3333333333333333,2.3333333333333335
2024-10-27,2024,Leganes,Celta,H,2,3.25,3.25,2.3,1482.0311909797692,1513.558736420662,-31.52754544089271,47.98,149.3,-1.1212212452349068,-2,-1,-3,-3,-2,-2,1.3333333333333333,1.3333333333333333
2024-10-27,2024,Getafe,Valencia,D,1,2.1,3.1,3.8,1474.7557825300166,1469.9660368958073,4.789745634209339,87.7,244.73,-1.018973482880086,1,1,1,0,0,-1,2.0,1.0
2024-10-28,2024,Mallorca,Ath Bilbao,D,1,2.9,3.1,2.55,1551.7868260271714,1622.7815069221165,-70.99468089494508,87.7,10.0,2.0873646165171635,-4,-5,-5,-2,3,2,0.6666666666666666,1.6666666666666667
2024-11-01,2024,Alaves,Mallorca,H,2,2.25,3.0,3.4,1468.5993098475894,1550.5374668943293,-81.93815704673989,123.7,87.7,0.3406509633704564,0,0,0,0,-5,2,0.6666666666666666,1.6666666666666667
2024-11-02,2024,Girona,Leganes,H,2,1.7,3.5,5.5,1604.3445512039848,1494.1126852706357,110.23186593334913,153.1,47.98,1.1461896908020486,3,4,3,3,-1,0,2.3333333333333335,0.3333333333333333
2024-11-02,2024,Osasuna,Valladolid,H,2,1.6,3.7,6.25,1548.2508067093954,1427.4028437635143,120.84796294588114,105.35,81.45,0.25454349264063847,0,0,0,0,1,-3,1.6666666666666667,0.6666666666666666
2024-11-03,2024,Ath Bilbao,Betis,D,1,1.91,3.5,4.0,1624.0308660549586,1608.495143135935,15.535722919023556,10.0,291.7,-3.28125292089947,1,0,4,1,1,2,1.0,2.0
2024-11-03,2024,Ath Madrid,Las Palmas,H,2,1.27,6.0,9.5,1714.7080199122906,1421.7969208683674,292.9110990439233,458.45,112.4,1.399108730653242,0,0,0,0,1,0,2.0,1.0
2024-11-03,2024,Barcelona,Espanol,H,2,1.13,9.0,19.0,1840.7556519977813,1450.4062460744813,390.3494059233001,1080.0,116.98,2.215126699064279,7,7,8,3,3,-3,1.6666666666666667,0.6666666666666666
2024-11-03,2024,Sevilla,Sociedad,A,0,2.9,3.0,2.63,1536.6992772906176,1573.5681913357075,-36.86891404508992,183.9,345.05,-0.6267681348947933,-1,-5,0,1,2,1,1.0,2.0
2024-11-04,2024,Celta,Getafe,H,2,1.95,3.2,4.5,1501.4772421297955,1470.3640150589588,31.11322707083673,149.3,87.7,0.5273734074433944,1,0,2,3,-2,0,0.3333333333333333,2.3333333333333335
2024-11-08,2024,Vallecano,Las Palmas,A,0,1.83,3.4,4.5,1508.3545329896192,1418.9667706376374,89.38776235198179,63.95,112.4,-0.5573036481770437,0,0,0,0,1,-1,2.0,1.0
2024-11-09,2024,Real Madrid,Osasuna,H,2,1.2,7.0,13.0,1825.1447445030203,1554.8218348063156,270.32290969670476,1350.0,105.35,2.541864796313953,10,11,8,10,2,2,3.0,0.0
2024-11-09,2024,Villarreal,Alaves,H,2,1.62,4.0,5.5,1652.6299188990638,1482.8202191241364,169.80969977492737,264.25,123.7,0.7547619248081014,3,3,2,5,2,-3,0.6666666666666666,1.6666666666666667
2024-11-09,2024,Leganes,Sevilla,H,2,2.88,3.2,2.55,1487.2226723315844,1519.0032952100462,-31.780622878461827,47.98,183.9,-1.328403086869057,-4,-2,-5,-5,-1,0,1.0,2.0
2024-11-10,2024,Valladolid,Ath Bilbao,D,1,4.5,3.4,1.85,1420.8318156665941,1619.218867228044,-198.38705156144988,81.45,10.0,2.014296776207237,-4,-5,-5,-2,-3,0,0.3333333333333333,2.3333333333333335
2024-11-10,2024,Sociedad,Barcelona,H,2,4.75,4.1,1.65,1591.264173416279,1842.4389798077598,-251.17480639148084,345.05,1080.0,-1.139058544351336,-4,-2,-4,-5,2,3,1.0,2.0
2024-11-10,2024,Getafe,Girona,A,0,2.45,3.2,3.0,1460.7703892022876,1611.234564143036,-150.46417494074853,87.7,153.1,-0.5523418530105362,-2,-3,-2,-3,0,0,2.0,1.0
2024-11-10,2024,Mallorca,Ath Madrid,A,0,3.6,3.1,2.2,1536.3165576177823,1717.5381701430206,-181.22161252523824,87.7,458.45,-1.6447702326313598,0,0,0,0,0,1,0.0,3.0
2024-11-10,2024,Betis,Celta,D,1,1.95,3.4,4.0,1613.3071419628495,1511.0708679864667,102.23627397638279,291.7,149.3,0.6665148969389119,1,4,-2,-2,2,0,1.0,2.0
2024-11-22,2024,Getafe,Valladolid,H,2,1.65,3.4,6.5,1447.9339096320457,1424.9695105563057,22.964399075739948,87.7,81.45,0.07306784030992652,1,1,1,0,-2,-2,0.3333333333333333,2.3333333333333335
2024-11-23,2024,Celta,Barcelona,D,1,4.75,4.33,1.65,1518.933531903664,1821.2951598372595,-302.3616279335954,149.3,1080.0,-1.9730085208802794,-7,-8,-6,-6,0,3,1.0,2.0
2024-11-23,2024,Las Palmas,Mallorca,A,0,2.8,3.0,2.7,1441.419372381134,1524.760663148575,-83.34129076744102,112.4,87.7,0.24566150197811787,0,0,0,0,1,-2,0.5,2.0
2024-11-23,2024,Ath Madrid,Alaves,H,2,1.36,4.75,9.0,1729.0940646122278,1477.5812636073485,251.5128010048793,458.45,123.7,1.3041192692609034,0,0,0,0,2,-3,2.0,1.0
2024-11-23,2024,Valencia,Betis,H,2,3.0,3.0,2.6,1474.3578043668651,1605.4444780456522,-131.08667367878707,244.73,291.7,-0.17491482150222026,-3,-5,-1,-1,-2,1,0.3333333333333333,2.3333333333333335
2024-11-23,2024,Girona,Espanol,H,2,1.67,3.9,5.25,1624.071043713278,1448.7229182645028,175.34812544877514,153.1,116.98,0.26708662375114134,1,2,2,-3,1,-3,1.3333333333333333,1.3333333333333333
2024-11-24,2024,Osasuna,Villarreal,D,1,2.55,3.4,2.75,1551.6403657058358,1657.8688744158517,-106.22850871001583,105.35,264.25,-0.9139372358478459,-3,-3,-2,-5,0,2,0.3333333333333333,2.3333333333333335
2024-11-24,2024,Sevilla,Vallecano,H,2,2.3,3.2,3.3,1506.911286826721,1485.9019312461226,21.009355580598367,183.9,63.95,1.0461973952764705,4,2,5,5,-1,0,1.6666666666666667,0.6666666666666666
2024-11-24,2024,Leganes,Real Madrid,A,0,7.5,4.5,1.42,1499.3146807149096,1828.3262136035,-329.0115328885904,47.98,1350.0,-3.3171882864361772,-10,-11,-8,-10,0,2,0.6666666666666666,1.6666666666666667
2024-11-24,2024,Ath Bilbao,Sociedad,H,2,2.25,3.0,3.6,1615.0811723383324,1612.4079933867793,2.6731789515531545,10.0,345.05,-3.4486880004895015,-1,-2,0,-2,0,2,2.0,1.0
2024-11-29,2024,Mallorca,Valencia,H,2,2.0,3.0,4.5,1540.4793267947489,1490.6963538471991,49.78297294754975,87.7,244.73,-1.018973482880086,0,0,0,0,0,-1,1.6666666666666667,0.6666666666666666
2024-11-30,2024,Alaves,Leganes,D,1,1.8,3.4,5.0,1474.0784447988074,1492.9816244542808,-18.903179655473423,123.7,47.98,0.9344988011619688,0,0,0,0,-3,-1,1.0,1.0
2024-11-30,2024,Barcelona,Las Palmas,A,0,1.17,8.5,13.0,1813.4285717002606,1425.7007087349602,387.72786296530035,1080.0,112.4,2.254720426345556,9,9,9,9,2,1,2.3333333333333335,0.3333333333333333
2024-11-30,2024,Espanol,Celta,H,2,3.3,3.4,2.2,1443.62039472609,1526.800120040663,-83.17972531457303,116.98,149.3,-0.2421181781839996,0,1,-2,3,-3,-1,1.3333333333333333,1.3333333333333333
2024-11-30,2024,Valladolid,Ath Madrid,A,0,6.0,4.2,1.53,1415.0672215248294,1732.596883420769,-317.5296618959396,81.45,458.45,-1.7178380729412863,0,0,0,0,-2,3,0.0,3.0
2024-12-01,2024,Villarreal,Girona,D,1,1.83,3.7,4.2,1657.5999968822243,1629.1735672516909,28.42642963053345,264.25,153.1,0.5430710351680217,0,-1,-1,2,1,1,2.0,1.0
2024-12-01,2024,Real Madrid,Getafe,H,2,1.36,4.5,10.0,1834.6592698641289,1457.836198663522,376.8230712006068,1350.0,87.7,2.723340448644665,9,10,7,10,3,-1,3.0,0.0
2024-12-01,2024,Vallecano,Ath Bilbao,A,0,2.8,3.1,2.7,1475.9248425269882,1625.7730993357738,-149.84825680878566,63.95,10.0,1.7757224703182377,-4,-5,-5,-2,-1,2,0.3333333333333333,2.3333333333333335
2024-12-01,2024,Sociedad,Betis,H,2,1.8,3.6,4.5,1601.7160663893378,1589.1059285653182,12.610137824019603,345.05,291.7,0.16743507959003168,2,2,4,3,1,1,1.6666666666666667,0.6666666666666666
2024-12-02,2024,Sevilla,Osasuna,D,1,2.1,3.4,3.5,1516.8883755458553,1551.9092432394632,-35.0208676936079,183.9,105.35,0.5530795967468327,4,2,5,5,-1,0,0.6666666666666666,1.6666666666666667
2024-12-03,2024,Mallorca,Barcelona,A,0,5.75,4.33,1.53,1549.3855981418164,1785.1360381619654,-235.75044002014897,87.7,1080.0,-2.500381928323674,-9,-9,-9,-9,0,0,0.3333333333333333,2.3333333333333335
2024-12-04,2024,Ath Bilbao,Real Madrid,H,2,3.2,3.3,2.25,1638.6356236649735,1836.470675607762,-197.83505194278837,10.0,1350.0,-4.810705065161828,-6,-6,-3,-8,2,3,0.3333333333333333,2.3333333333333335
2024-12-06,2024,Celta,Mallorca,H,2,1.85,3.4,4.5,1512.5257428610153,1539.9653248377217,-27.43958197670645,149.3,87.7,0.5273734074433944,2,1,3,3,-1,-1,0.3333333333333333,2.3333333333333335
2024-12-07,2024,Betis,Barcelona,D,1,5.0,4.5,1.57,1578.80431416095,1794.5563114660602,-215.75199730511008,291.7,1080.0,-1.3064936239413676,-6,-4,-8,-8,-1,0,0.0,3.0
2024-12-07,2024,Las Palmas,Valladolid,H,2,1.8,3.6,4.5,1453.9932422732554,1408.3976425253645,45.5955997478909,112.4,81.45,0.3187293422880444,0,0,0,0,1,-4,1.5,1.5
2024-12-07,2024,Valencia,Vallecano,A,0,2.25,2.9,3.75,1481.7900825001316,1463.0623181977885,18.727764302343076,244.73,63.95,1.3306156290790119,0,0,0,0,-1,-3,1.6666666666666667,0.6666666666666666
2024-12-07,2024,Girona,Real Madrid,A,0,4.5,3.9,1.73,1634.4787318469532,1817.355008707216,-182.8762768602628,153.1,1350.0,-2.1709985956341287,-7,-7,-5,-7,2,1,1.0,2.0
2024-12-08,2024,Leganes,Sociedad,A,0,4.75,3.1,1.91,1496.4206258896934,1612.017680793706,-115.59705490401257,47.98,345.05,-1.9551712217638504,-5,-7,-5,-4,0,1,1.3333333333333333,1.3333333333333333
2024-12-08,2024,Ath Bilbao,Villarreal,H,2,1.95,3.6,3.8,1657.7512905655194,1652.294832286962,5.45645827855742,10.0,264.25,-3.1827775046957214,1,2,3,-3,3,2,1.3333333333333333,1.3333333333333333
2024-12-08,2024,Osasuna,Alaves,D,1,2.05,3.3,3.75,1554.6823600284206,1470.6394433633948,84.04291666502581,105.35,123.7,-0.15917531103974447,0,0,0,0,1,-2,3.0,0.0
2024-12-08,2024,Ath Madrid,Sevilla,H,2,1.38,4.75,8.5,1739.266462420234,1514.115258756898,225.151203663336,458.45,183.9,0.9102149835538151,-4,-2,-5,-5,3,0,2.0,1.0
2024-12-09,2024,Getafe,Espanol,H,2,1.8,3.1,5.75,1456.024792919889,1457.8947719057376,-1.8699789858485474,87.7,116.98,-0.28525522925939484,-1,-1,0,-6,-2,-3,0.0,3.0
2024-12-13,2024,Valladolid,Valencia,H,2,3.1,3.1,2.38,1399.339688539871,1461.8548214698396,-62.51513292996856,81.45,244.73,-1.0920413231900126,0,0,0,0,-4,-2,1.0,2.0
2024-12-14,2024,Espanol,Osasuna,D,1,2.75,3.2,2.6,1447.0222121803633,1547.4048764508007,-100.38266427043732,116.98,105.35,0.10377957692868289,2,2,1,6,-3,0,0.6666666666666666,1.6666666666666667
2024-12-14,2024,Vallecano,Real Madrid,D,1,6.0,3.8,1.57,1482.9975792280804,1828.843306150177,-345.8457269220967,63.95,1350.0,-3.0349825948435907,-10,-11,-8,-10,-1,3,0.6666666666666666,1.6666666666666667
2024-12-14,2024,Mallorca,Girona,H,2,2.3,3.1,3.25,1528.0532451346062,1622.9904344039921,-94.93718926938595,87.7,153.1,-0.5523418530105362,-3,-4,-3,-3,-1,2,1.0,2.0
2024-12-14,2024,Sevilla,Celta,H,2,2.2,3.25,3.3,1510.114976594429,1524.4378225641308,-14.322845969701802,183.9,149.3,0.2071818416341502,2,1,2,2,-2,1,0.6666666666666666,1.6666666666666667
2024-12-15,2024,Villarreal,Betis,A,0,1.75,3.8,4.33,1641.7129017772995,1583.624687702875,58.08821407442451,264.25,291.7,-0.09847541620374844,0,-2,1,4,1,-2,1.3333333333333333,1.3333333333333333
2024-12-15,2024,Sociedad,Las Palmas,D,1,1.4,4.33,8.0,1626.344753790002,1463.0511962587489,163.2935575312531,345.05,112.4,1.1156618819942201,5,7,5,4,3,1,2.3333333333333335,0.3333333333333333
2024-12-15,2024,Barcelona,Leganes,A,0,1.13,8.0,19.0,1789.7359379241352,1482.0935528933974,307.64238503073784,1080.0,47.98,3.0942297661151863,9,9,9,9,-1,-2,3.0,0.0
2024-12-15,2024,Ath Madrid,Getafe,H,2,1.4,4.33,9.0,1743.2667445827028,1466.8973526452633,276.36939193743956,458.45,87.7,1.6447702326313598,-1,-1,-1,0,5,-1,1.6666666666666667,0.6666666666666666
2024-12-15,2024,Alaves,Ath Bilbao,D,1,3.6,3.1,2.15,1477.9169269410147,1668.3332210751819,-190.41629413416717,123.7,10.0,2.42801557988762,-4,-5,-5,-2,-1,4,0.3333333333333333,2.3333333333333335
2024-12-18,2024,Espanol,Valencia,D,1,2.6,3.0,3.0,1447.0387331182717,1448.4669230175384,-1.4281898992667266,116.98,244.73,-0.7337182536206912,2,2,1,6,-2,-2,1.0,1.0
2024-12-18,2024,Villarreal,Vallecano,D,1,1.8,3.6,4.5,1620.3227194024466,1492.1351322973323,128.1875871051143,264.25,63.95,1.4070550343774837,3,3,2,5,-1,-2,1.3333333333333333,1.3333333333333333
2024-12-20,2024,Girona,Valladolid,H,2,1.38,5.0,8.0,1608.2089980438639,1412.7275869921723,195.48141105169157,153.1,81.45,0.6254096933204627,3,4,3,3,0,-2,1.0,2.0
2024-12-21,2024,Barcelona,Ath Madrid,A,0,1.9,3.8,3.9,1762.356082126984,1746.3505704655267,16.00551166145715,1080.0,458.45,0.8556116956923141,9,9,9,9,-1,5,3.0,0.0
2024-12-21,2024,Osasuna,Ath Bilbao,A,0,3.9,3.1,2.1,1547.3883555128923,1664.5154349244835,-117.12707941159124,105.35,10.0,2.2688402688478755,-4,-5,-5,-2,-1,4,1.3333333333333333,1.3333333333333333
2024-12-21,2024,Getafe,Mallorca,A,0,2.3,2.75,3.9,1463.8135267624393,1542.8346814947345,-79.02115473229514,87.7,87.7,0.0,1,1,1,0,-1,1,0.3333333333333333,2.3333333333333335
2024-12-21,2024,Celta,Sociedad,H,2,2.9,3.1,2.6,1513.0636032185805,1616.747889248473,-103.68428602989252,149.3,345.05,-0.8339499765289435,-3,-6,-2,-1,-1,2,0.6666666666666666,1.6666666666666667
2024-12-22,2024,Valencia,Alaves,D,1,2.25,3.1,3.5,1452.611986538848,1481.734713091713,-29.12272655286506,244.73,123.7,0.6783225195096296,0,0,0,0,-2,-2,0.0,3.0
2024-12-22,2024,Real Madrid,Sevilla,H,2,1.33,5.5,9.0,1819.7057530809252,1521.4891959399793,298.21655714094595,1350.0,183.9,1.9887851995671202,6,9,3,5,2,0,2.3333333333333335,0.3333333333333333
2024-12-22,2024,Las Palmas,Espanol,H,2,1.85,3.6,4.33,1472.6480608002778,1442.8936695969621,29.754391203315663,112.4,116.98,-0.03959372728127697,-2,-2,-1,-6,2,-1,0.6666666666666666,1.6666666666666667
2024-12-22,2024,Leganes,Villarreal,A,0,4.2,3.4,1.91,1509.4734086905487,1611.679504873446,-102.20609618289723,47.98,264.25,-1.6892607259700703,-3,-3,-2,-5,0,-2,1.0,2.0
2024-12-22,2024,Betis,Vallecano,D,1,1.8,3.5,4.75,1605.014870077728,1500.778346826333,104.23652325139483,291.7,63.95,1.5055304505812321,3,5,1,1,-1,-1,2.0,1.0
2025-01-03,2024,Valencia,Real Madrid,A,0,7.0,4.5,1.42,1449.5937228021514,1822.4585866273205,-372.8648638251691,244.73,1350.0,-1.7043669657645788,-10,-11,-8,-10,-3,2,1.3333333333333333,1.3333333333333333
2025-01-10,2024,Vallecano,Celta,H,2,2.75,3.1,2.7,1508.7034514957522,1528.2226606708423,-19.519209175090054,63.95,149.3,-0.8390155536423203,-2,-1,-3,-3,0,0,0.6666666666666666,1.6666666666666667
2025-01-11,2024,Villarreal,Vallecano,H,2,1.7,3.8,5.0,1626.5842613249977,1520.2896584344928,106.29460289050485,264.25,63.95,1.4070550343774837,3,3,2,5,-1,2,1.6666666666666667,0.6666666666666666
2025-01-11,2024,Ath Madrid,Sevilla,H,2,1.33,5.0,9.0,1766.1807564872688,1511.7846494563703,254.39610703089852,458.45,183.9,0.9102149835538151,-4,-2,-5,-5,5,-1,2.0,1.0
2025-01-11,2024,Ath Madrid,Sevilla,H,2,1.33,5.0,9.0,1766.1807564872688,1511.7846494563703,254.39610703089852,458.45,183.9,0.9102149835538151,-4,-2,-5,-5,5,-1,2.0,1.0
2025-01-11,2024,Sociedad,Ath Bilbao,H,2,2.7,3.0,2.8,1601.5888317962113,1678.7765978441623,-77.18776604795107,345.05,10.0,3.4486880004895015,1,2,0,2,0,4,1.0,2.0
2025-01-11,2024,Real Madrid,Valencia,H,2,1.17,8.0,15.0,1827.6219296663878,1451.3820927002978,376.23983696609,1350.0,244.73,1.7043669657645788,10,11,8,10,2,-2,2.3333333333333335,0.3333333333333333
2025-01-11,2024,Real Madrid,Valencia,H,2,1.17,8.0,15.0,1827.6219296663878,1451.3820927002978,376.23983696609,1350.0,244.73,1.7043669657645788,10,11,8,10,2,-2,2.3333333333333335,0.3333333333333333
2025-01-11,2024,Alaves,Girona,A,0,2.75,3.1,2.75,1484.7529768284096,1612.8393221520441,-128.08634532363453,123.7,153.1,-0.21169088964007976,-3,-4,-3,-3,-1,0,1.3333333333333333,1.3333333333333333
2025-01-11,2024,Espanol,Leganes,D,1,2.1,3.0,4.0,1433.248927314481,1494.568652238997,-61.31972492451587,116.98,47.98,0.8791030670509072,2,2,1,6,-1,-2,1.0,2.0
2025-01-11,2024,Sevilla,Valencia,D,1,2.0,3.3,4.0,1518.736362393584,1444.4303797630841,74.30598263049978,183.9,244.73,-0.2844182338025414,4,2,5,5,0,-3,1.3333333333333333,1.3333333333333333
2025-01-11,2024,Sevilla,Valencia,D,1,2.0,3.3,4.0,1518.736362393584,1444.4303797630841,74.30598263049978,183.9,244.73,-0.2844182338025414,4,2,5,5,0,-3,0.6666666666666666,1.6666666666666667
2025-01-11,2024,Sevilla,Valencia,D,1,2.0,3.3,4.0,1518.736362393584,1444.4303797630841,74.30598263049978,183.9,244.73,-0.2844182338025414,4,2,5,5,0,-3,1.0,1.0
2025-01-11,2024,Sevilla,Valencia,D,1,2.0,3.3,4.0,1518.736362393584,1444.4303797630841,74.30598263049978,183.9,244.73,-0.2844182338025414,4,2,5,5,0,-3,1.0,1.0
2025-01-11,2024,Valladolid,Betis,H,2,4.5,3.5,1.83,1408.097262883992,1597.0897654083087,-188.9925025243167,81.45,291.7,-1.2669561446922328,-3,-5,-1,-1,-3,-1,0.6666666666666666,1.6666666666666667
2025-01-12,2024,Vallecano,Valencia,D,1,1.95,3.4,4.1,1513.2786138263934,1449.5649641683985,63.71364965799489,63.95,244.73,-1.3306156290790119,0,0,0,0,0,-2,1.3333333333333333,1.3333333333333333
2025-01-12,2024,Las Palmas,Getafe,A,0,2.45,2.9,3.3,1482.2928030827588,1447.9088963603072,34.383906722451684,112.4,87.7,0.24566150197811787,-1,-1,-1,0,2,-1,1.3333333333333333,1.3333333333333333
2025-01-12,2024,Ath Madrid,Osasuna,H,2,1.33,5.0,10.0,1769.6325507812226,1533.1271925932135,236.50535818800904,458.45,105.35,1.4632945803006479,0,0,0,0,5,-1,2.0,1.0
2025-01-13,2024,Sociedad,Villarreal,H,2,2.0,3.3,4.0,1615.605361357126,1633.595305933097,-17.989944575971094,345.05,264.25,0.2659104957937801,2,4,3,-1,2,0,1.0,2.0
2025-01-17,2024,Espanol,Valladolid,H,2,1.75,3.4,5.25,1431.5858310349051,1426.8575013341879,4.728329700717268,116.98,81.45,0.35832306956932136,2,2,1,6,-2,-1,1.0,2.0
2025-01-18,2024,Girona,Sevilla,A,0,1.91,3.5,4.0,1626.6293716562818,1508.3328551624165,118.29651649386528,153.1,183.9,-0.18221339606700848,-1,2,-2,-2,0,-2,3.0,0.0
2025-01-18,2024,Getafe,Barcelona,D,1,6.5,4.2,1.5,1468.4377144278194,1742.5258961052418,-274.0881816774224,87.7,1080.0,-2.500381928323674,-8,-8,-8,-9,-1,-2,0.3333333333333333,2.3333333333333335
2025-01-18,2024,Betis,Alaves,A,0,1.75,3.6,4.75,1578.3295269581129,1470.962927324172,107.36659963394095,291.7,123.7,0.8532373410118499,3,5,1,1,-1,-1,1.0,1.0
2025-01-18,2024,Leganes,Ath Madrid,H,2,7.0,4.0,1.5,1496.2317485185729,1773.4116189497242,-277.17987043115136,47.98,458.45,-2.238618070422872,0,0,0,0,-1,5,0.3333333333333333,2.3333333333333335
2025-01-19,2024,Osasuna,Vallecano,D,1,2.15,3.0,3.8,1529.3481244247118,1506.6910183355471,22.6571060891647,105.35,63.95,0.4931177985296378,0,0,0,0,-2,0,1.0,2.0
2025-01-19,2024,Celta,Ath Bilbao,A,0,2.8,3.2,2.6,1516.6364537321017,1664.7600682832476,-148.12361455114592,149.3,10.0,2.614738023960558,-2,-4,-2,1,-1,2,1.0,2.0
2025-01-19,2024,Real Madrid,Las Palmas,H,2,1.14,7.5,17.0,1829.439058198287,1461.7639850152466,367.67507318304047,1350.0,112.4,2.477678946666547,10,11,8,10,4,2,2.3333333333333335,0.3333333333333333
2025-01-19,2024,Valencia,Sociedad,H,2,3.1,3.0,2.55,1456.1525596592448,1627.129027416481,-170.97646775723615,244.73,345.05,-0.34234990109225194,-5,-7,-5,-4,-2,2,0.0,3.0
2025-01-20,2024,Villarreal,Mallorca,H,2,1.73,3.5,5.25,1622.071639873742,1558.7393118968666,63.332327976875376,264.25,87.7,1.0954128881785579,3,3,2,5,0,1,2.3333333333333335,0.3333333333333333
2025-01-24,2024,Las Palmas,Osasuna,D,1,2.5,3.1,3.0,1459.8608476122592,1524.262151608296,-64.40130399603686,112.4,105.35,0.06418584964740592,0,0,0,0,0,-2,0.6666666666666666,1.6666666666666667
2025-01-25,2024,Mallorca,Betis,A,0,2.25,3.0,3.5,1550.3136132684806,1555.3074725253848,-4.993859256904216,87.7,291.7,-1.1938883043823063,-3,-5,-1,-1,-1,-1,1.0,2.0
2025-01-25,2024,Ath Madrid,Villarreal,D,1,1.7,4.0,4.75,1751.362853994472,1630.497338502128,120.865515492344,458.45,264.25,0.5493573444528019,-3,-3,-2,-5,3,2,2.3333333333333335,0.3333333333333333
2025-01-25,2024,Valladolid,Real Madrid,A,0,10.0,6.0,1.27,1416.2468444380515,1831.3421956012744,-415.09535116322286,81.45,1350.0,-2.7964082889545914,-10,-11,-8,-10,-1,4,0.0,3.0
2025-01-25,2024,Sevilla,Espanol,D,1,1.7,3.8,4.75,1531.6861445605884,1442.1964879310415,89.48965662954697,183.9,116.98,0.4493000198181498,2,0,4,-1,0,0,3.0,0.0
2025-01-26,2024,Vallecano,Girona,H,2,2.75,2.9,2.88,1511.7769911519629,1603.27608225811,-91.49909110614703,63.95,153.1,-0.863983999209462,-3,-4,-3,-3,0,-1,0.3333333333333333,2.3333333333333335
2025-01-26,2024,Sociedad,Getafe,A,0,1.75,3.4,5.5,1609.1066547479306,1475.382041655441,133.72461309248956,345.05,87.7,1.361323383972338,4,6,4,4,0,0,1.6666666666666667,0.6666666666666666
2025-01-26,2024,Ath Bilbao,Leganes,D,1,1.38,5.0,7.5,1677.6955904951706,1518.280513473825,159.4150770213455,10.0,47.98,-1.4935167787256511,4,5,5,2,2,0,1.3333333333333333,1.3333333333333333
2025-01-26,2024,Barcelona,Valencia,H,2,1.22,7.5,10.0,1735.5815688776202,1474.1749323277952,261.40663654982495,1080.0,244.73,1.4814084454435879,9,9,9,9,-1,-1,2.3333333333333335,0.3333333333333333
2025-01-27,2024,Alaves,Celta,D,1,2.63,3.0,3.0,1493.9849817569,1503.7009315201788,-9.715949763278786,123.7,149.3,-0.18672244407293803,-2,-1,-3,-3,0,-1,1.3333333333333333,1.3333333333333333
2025-01-31,2024,Leganes,Vallecano,A,0,3.3,3.0,2.38,1527.7777649298932,1526.410050634264,1.3677142956291846,47.98,63.95,-0.28220569159258657,0,0,0,0,1,1,2.3333333333333335,0.3333333333333333
2025-02-01,2024,Ath Madrid,Mallorca,H,2,1.4,4.33,8.5,1742.933363591345,1531.31113602413,211.62222756721485,458.45,87.7,1.6447702326313598,0,0,0,0,2,-1,3.0,0.0
2025-02-01,2024,Espanol,Real Madrid,H,2,9.0,5.75,1.3,1449.6524023957463,1835.5474549734142,-385.8950525776679,116.98,1350.0,-2.43808521938527,-8,-9,-7,-4,0,5,0.0,3.0
2025-02-01,2024,Villarreal,Valladolid,H,2,1.22,7.0,10.0,1638.9268289052552,1412.0415850659117,226.8852438393435,264.25,81.45,1.1684807284884844,3,3,2,5,2,-1,2.0,1.0
2025-02-01,2024,Getafe,Sevilla,D,1,2.45,2.9,3.25,1499.1834715684565,1524.2302300958836,-25.046758527427073,87.7,183.9,-0.7345552490775447,-3,-1,-4,-5,0,-1,1.0,2.0
2025-02-02,2024,Osasuna,Sociedad,H,2,3.0,3.0,2.55,1525.7937149957888,1585.3052248349152,-59.51150983912635,105.35,345.05,-1.179847731641626,-5,-7,-5,-4,-2,-1,2.3333333333333335,0.3333333333333333
2025-02-02,2024,Betis,Ath Bilbao,D,1,2.9,3.3,2.45,1574.3099497697353,1668.1983390391024,-93.88838926936705,291.7,10.0,3.28125292089947,-1,0,-4,-1,0,1,1.3333333333333333,1.3333333333333333
2025-02-02,2024,Barcelona,Alaves,H,2,1.2,7.5,13.0,1738.911992825123,1490.1725356947609,248.7394571303621,1080.0,123.7,2.1597309649532175,9,9,9,9,-1,0,3.0,0.0
2025-02-02,2024,Valencia,Celta,H,2,2.3,3.1,3.25,1470.8445083802924,1507.5133775823178,-36.66886920202546,244.73,149.3,0.4916000754366916,-2,-1,-3,-3,-1,-2,0.6666666666666666,1.6666666666666667
2025-02-03,2024,Girona,Las Palmas,H,2,1.6,4.2,5.0,1588.6430227758087,1458.3292842247665,130.3137385510422,153.1,112.4,0.3066803510324183,3,4,3,3,-1,-1,2.0,1.0
2025-02-07,2024,Vallecano,Valladolid,H,2,1.5,4.1,7.0,1545.6663556406515,1408.0757825393562,137.59057310129538,63.95,81.45,-0.2385743058889993,0,0,0,0,1,-3,3.0,0.0
2025-02-08,2024,Ath Bilbao,Girona,H,2,1.65,4.0,5.0,1668.462171272653,1594.9387086126867,73.5234626599663,10.0,153.1,-2.6397064695276997,1,1,2,-1,1,1,1.3333333333333333,1.3333333333333333
2025-02-08,2024,Real Madrid,Ath Madrid,D,1,1.85,3.6,4.2,1810.3980037997712,1747.211434407539,63.186569392232286,1350.0,458.45,1.078570216013305,10,11,8,10,3,2,0.6666666666666666,1.6666666666666667
2025-02-08,2024,Celta,Betis,H,2,2.25,3.4,3.2,1495.217716432687,1574.0461175361847,-78.82840110349775,149.3,291.7,-0.6665148969389119,-1,-4,2,2,-2,-1,1.3333333333333333,1.3333333333333333
2025-02-08,2024,Las Palmas,Villarreal,A,0,4.75,3.9,1.7,1452.0335983878886,1642.8926314318107,-190.85903304392218,112.4,264.25,-0.84975138620044,-3,-3,-2,-5,-2,2,2.0,1.0
2025-02-09,2024,Sociedad,Espanol,H,2,1.6,3.9,5.75,1572.0453832076016,1474.8018535693893,97.2435296382123,345.05,116.98,1.0760681547129431,3,5,4,-2,-1,1,3.0,0.0
2025-02-09,2024,Alaves,Getafe,A,0,2.3,2.9,3.6,1486.6200220194007,1495.9967644148355,-9.376742395434803,123.7,87.7,0.3406509633704564,-1,-1,-1,0,-1,1,1.0,2.0
2025-02-09,2024,Valencia,Leganes,H,2,1.73,3.4,5.5,1483.1401695299232,1508.5214599235057,-25.381290393582503,244.73,47.98,1.6128213206715984,0,0,0,0,0,-1,0.6666666666666666,1.6666666666666667
2025-02-09,2024,Sevilla,Barcelona,A,0,5.25,4.5,1.55,1527.4169372495046,1742.4645065004831,-215.04756925097854,183.9,1080.0,-1.7658266792461292,-5,-7,-4,-4,0,0,0.0,3.0
2025-02-10,2024,Mallorca,Osasuna,D,1,2.0,3.0,4.33,1527.033065207936,1539.0535566231024,-12.020491415166362,87.7,105.35,-0.18147565233071195,0,0,0,0,-1,-1,1.3333333333333333,1.3333333333333333
2025-02-11,2024,Betis,Mallorca,H,2,1.57,4.2,5.25,1559.9590392354603,1523.3138427338167,36.64519650164357,291.7,87.7,1.1938883043823063,3,5,1,1,-2,-2,2.0,1.0
2025-02-11,2024,Barcelona,Elche,H,2,1.22,6.25,12.0,1752.6714225621467,1428.280756414159,324.39066614798776,1080.0,10.0,4.587746544840837,9,9,9,9,2,2,3.0,0.0
2025-02-11,2024,Alaves,Espanol,H,2,2.38,3.0,3.3,1467.7938806355864,1467.5070139285792,0.2868667070072206,123.7,116.98,0.05539573411106158,-2,-2,-1,-6,-2,1,1.0,2.0
2025-02-11,2024,Levante,Celta,A,0,2.88,3.4,2.45,1498.9196170469536,1509.3047947334114,-10.385177686457837,10.0,149.3,-2.614738023960558,-2,-1,-3,-3,2,-2,0.3333333333333333,2.3333333333333335
2025-02-12,2024,Barcelona,Ath Madrid,H,2,1.73,4.2,4.1,1755.0700053678743,1753.7806507776645,1.2893545902097685,1080.0,458.45,0.8556116956923141,9,9,9,9,4,1,2.0,1.0
2025-02-14,2024,Girona,Getafe,A,0,1.95,3.25,4.33,1586.8638660446763,1514.8229057986498,72.04096024602654,153.1,87.7,0.5523418530105362,2,3,2,3,-1,3,2.0,1.0
2025-02-15,2024,Ath Madrid,Celta,D,1,1.39,4.5,8.0,1743.033844915568,1528.0902011473497,214.94364376821818,458.45,149.3,1.1173968251879653,-2,-1,-3,-3,-1,0,3.0,0.0
2025-02-15,2024,Villarreal,Valencia,D,1,1.5,4.5,5.5,1654.0569747529937,1494.9672562324472,159.0897185205465,264.25,244.73,0.07643940529847182,3,3,2,5,2,2,1.3333333333333333,1.3333333333333333
2025-02-15,2024,Leganes,Alaves,D,1,3.1,2.9,2.6,1496.6943732209818,1478.5805201402611,18.113853080720673,47.98,123.7,-0.9344988011619688,0,0,0,0,-1,0,1.0,1.0
2025-02-15,2024,Osasuna,Real Madrid,D,1,5.75,4.1,1.57,1542.7727790972217,1803.8287874296457,-261.05600833242397,105.35,1350.0,-2.541864796313953,-10,-11,-8,-10,0,2,0.0,3.0
2025-02-16,2024,Valladolid,Sevilla,A,0,4.0,3.4,1.95,1401.985940671859,1517.210021187841,-115.224080515982,81.45,183.9,-0.8076230893874712,-4,-2,-5,-5,-3,-1,0.3333333333333333,2.3333333333333335
2025-02-16,2024,Espanol,Ath Bilbao,D,1,5.5,3.4,1.73,1456.7203744239046,1676.5370138406633,-219.8166394167588,116.98,10.0,2.3726198457765584,-2,-3,-4,4,0,1,1.0,2.0
2025-02-16,2024,Mallorca,Las Palmas,H,2,1.73,3.5,5.25,1513.9268220291,1440.8692550667056,73.0575669623945,87.7,112.4,-0.24566150197811787,0,0,0,0,-4,-4,2.3333333333333335,0.3333333333333333
2025-02-16,2024,Betis,Sociedad,H,2,2.55,3.1,2.9,1569.346059940177,1579.3402228484117,-9.994162908234784,291.7,345.05,-0.16743507959003168,-2,-2,-4,-3,0,-1,0.3333333333333333,2.3333333333333335
2025-02-17,2024,Barcelona,Vallecano,H,2,1.22,7.0,11.0,1765.8168112299709,1551.7561975081487,214.06061372182216,1080.0,63.95,2.8120240745225997,9,9,9,9,5,3,2.3333333333333335,0.3333333333333333
2025-02-21,2024,Celta,Osasuna,H,2,1.67,3.75,5.25,1538.881783124449,1549.2674548145037,-10.385671690054778,149.3,105.35,0.3458977551126825,2,1,3,3,1,1,1.0,2.0
2025-02-22,2024,Las Palmas,Barcelona,A,0,8.5,7.0,1.25,1432.778575655512,1770.0436539634588,-337.26507830794685,112.4,1080.0,-2.254720426345556,-9,-9,-9,-9,-4,5,1.0,2.0
2025-02-22,2024,Alaves,Espanol,A,0,1.8,3.25,5.25,1483.4921319646462,1461.697513648182,21.794618316464266,123.7,116.98,0.05539573411106158,-2,-2,-1,-6,-1,-1,2.0,1.0
2025-02-22,2024,Vallecano,Villarreal,A,0,2.88,3.5,2.38,1547.5293547746608,1644.568144052837,-97.03878927817618,63.95,264.25,-1.4070550343774837,-3,-3,-2,-5,2,3,0.3333333333333333,2.3333333333333335
2025-02-22,2024,Valencia,Ath Madrid,A,0,4.2,3.4,1.91,1504.456086932604,1732.2422629384687,-227.78617600586472,244.73,458.45,-0.6257967497512738,0,0,0,0,2,0,1.0,2.0
2025-02-23,2024,Real Madrid,Girona,H,2,1.29,6.25,8.5,1797.3341117123637,1564.9891701393906,232.34494157297308,1350.0,153.1,2.1709985956341287,7,7,5,7,1,-3,3.0,0.0
2025-02-23,2024,Getafe,Betis,A,0,2.6,3.1,2.9,1536.6976017039356,1580.5448516652307,-43.84724996129512,87.7,291.7,-1.1938883043823063,-2,-4,0,-1,3,2,0.6666666666666666,1.6666666666666667
2025-02-23,2024,Sociedad,Leganes,H,2,1.55,3.75,7.0,1568.141431123358,1491.7827613965967,76.35866972676126,345.05,47.98,1.9551712217638504,5,7,5,4,-3,-1,1.3333333333333333,1.3333333333333333
2025-02-23,2024,Ath Bilbao,Valladolid,H,2,1.17,7.0,19.0,1671.559874616386,1387.6427967168179,283.9170778995681,10.0,81.45,-2.014296776207237,4,5,5,2,2,-5,2.3333333333333335,0.3333333333333333
2025-02-24,2024,Sevilla,Mallorca,D,1,2.05,3.2,3.9,1531.553165142882,1522.0175014402937,9.535663702588408,183.9,87.7,0.7345552490775447,4,2,5,5,1,-2,1.3333333333333333,1.3333333333333333
2025-02-28,2024,Valladolid,Las Palmas,D,1,3.1,3.2,2.4,1384.6771261503125,1426.6796344755874,-42.0025083252749,81.45,112.4,-0.3187293422880444,0,0,0,0,-5,-4,0.0,3.0
2025-03-01,2024,Vallecano,Sevilla,D,1,2.3,3.2,3.3,1532.4015121265195,1526.9748221127713,5.426690013748157,63.95,183.9,-1.0461973952764705,-4,-2,-5,-5,1,0,0.3333333333333333,2.3333333333333335
2025-03-01,2024,Betis,Real Madrid,H,2,4.33,4.0,1.73,1597.948270370614,1801.1929960737596,-203.2447257031456,291.7,1350.0,-1.5294521442623585,-7,-6,-7,-9,2,1,0.6666666666666666,1.6666666666666667
2025-03-01,2024,Ath Madrid,Ath Bilbao,H,2,2.05,3.5,3.6,1741.9612983839695,1674.5255451828914,67.43575320107811,458.45,10.0,3.7321348491485233,-4,-5,-5,-2,1,2,2.0,1.0
2025-03-01,2024,Girona,Celta,D,1,2.2,3.5,3.25,1561.1302857779947,1550.0963966800866,11.033889097908059,153.1,149.3,0.024968445567141728,1,3,0,0,-3,2,2.3333333333333335,0.3333333333333333
2025-03-02,2024,Osasuna,Valencia,D,1,2.3,3.2,3.3,1538.052841258866,1494.7370514871031,43.315789771762866,105.35,244.73,-0.8374978305493741,0,0,0,0,0,0,1.3333333333333333,1.3333333333333333
2025-03-02,2024,Mallorca,Alaves,D,1,2.25,3.1,3.5,1526.5958444704045,1463.4391425295528,63.15670194085169,87.7,123.7,-0.3406509633704564,0,0,0,0,-1,-2,0.6666666666666666,1.6666666666666667
2025-03-02,2024,Barcelona,Sociedad,H,2,1.25,5.75,12.0,1776.1425951433835,1576.1203218546866,200.02227328869685,1080.0,345.05,1.139058544351336,4,2,4,5,5,-1,2.0,1.0
2025-03-02,2024,Leganes,Getafe,H,2,3.1,2.88,2.6,1483.803870665268,1519.2941829985523,-35.49031233328424,47.98,87.7,-0.5938478377915124,-1,-1,-1,0,-3,2,0.3333333333333333,2.3333333333333335
2025-03-08,2024,Celta,Leganes,H,2,1.55,3.8,7.0,1554.7333198462713,1496.050333593761,58.68298625251032,149.3,47.98,1.1212212452349068,2,1,3,3,3,-2,1.0,2.0
2025-03-08,2024,Alaves,Villarreal,H,2,3.1,3.25,2.38,1470.0073166991992,1659.6959867009782,-189.68867000177897,123.7,264.25,-0.7547619248081014,-3,-3,-2,-5,-1,3,0.6666666666666666,1.6666666666666667
2025-03-08,2024,Valencia,Valladolid,H,2,1.38,4.5,9.0,1500.5959007390225,1382.1961749318916,118.39972580713084,244.73,81.45,1.0920413231900126,0,0,0,0,1,-4,1.0,2.0
2025-03-09,2024,Betis,Las Palmas,H,2,1.42,4.5,7.5,1617.2789729060119,1429.1605856940082,188.11838721200365,291.7,112.4,0.9482268024041884,3,5,1,1,3,-4,1.6666666666666667,0.6666666666666666
2025-03-09,2024,Sociedad,Sevilla,A,0,2.2,3.2,3.5,1571.5914281738098,1531.3917178685872,40.19971030522265,345.05,183.9,0.6267681348947933,1,5,0,-1,-1,0,2.0,1.0
2025-03-09,2024,Real Madrid,Vallecano,H,2,1.29,5.75,9.5,1781.8622935383617,1527.9846163707036,253.87767716765802,1350.0,63.95,3.0349825948435907,10,11,8,10,-1,0,1.0,1.0
2025-03-09,2024,Getafe,Ath Madrid,H,2,4.5,3.1,1.95,1507.0477200700593,1750.2446129949842,-243.1968929249249,87.7,458.45,-1.6447702326313598,1,1,1,0,0,1,0.3333333333333333,2.3333333333333335
2025-03-09,2024,Ath Bilbao,Mallorca,D,1,1.62,3.7,6.0,1666.2422305718767,1520.027670300758,146.21456027111867,10.0,87.7,-2.0873646165171635,4,5,5,2,1,0,1.6666666666666667,0.6666666666666666
2025-03-10,2024,Osasuna,Getafe,H,2,2.15,2.9,4.1,1532.1939920069467,1527.902218673116,4.291773333830633,105.35,87.7,0.18147565233071195,-1,-1,-1,0,0,1,1.3333333333333333,1.3333333333333333
2025-03-10,2024,Espanol,Girona,D,1,3.1,3.2,2.4,1481.7505030832754,1556.49336261181,-74.74285952853461,116.98,153.1,-0.26708662375114134,-1,-2,-2,3,0,-2,0.3333333333333333,2.3333333333333335
2025-03-11,2024,Oviedo,Osasuna,D,1,3.0,3.1,2.5,1500.0,1542.821888996713,-42.821888996712914,10.0,105.35,-2.2688402688478755,0,0,0,0,0,0,1.5,1.5
2025-03-12,2024,Ath Bilbao,Real Madrid,A,0,4.1,3.9,1.8,1657.0946693051606,1785.323214314469,-128.2285450093084,10.0,1350.0,-4.810705065161828,-6,-6,-3,-8,1,1,1.0,2.0
2025-03-14,2024,Las Palmas,Alaves,D,1,2.88,3.0,2.75,1424.3618543557873,1488.79570816706,-64.43385381127268,112.4,123.7,-0.09498946139233855,0,0,0,0,-4,1,1.3333333333333333,1.3333333333333333
2025-03-15,2024,Valladolid,Celta,A,0,5.0,3.8,1.63,1375.5525378519537,1563.322134705419,-187.76959685346537,81.45,149.3,-0.600441247753321,-2,-1,-3,-3,-4,3,1.0,2.0
2025-03-15,2024,Villarreal,Real Madrid,A,0,3.1,3.75,2.15,1640.9075952331175,1799.1071647120093,-158.19956947889182,264.25,1350.0,-1.627927560466107,-7,-8,-6,-5,2,2,0.3333333333333333,2.3333333333333335
2025-03-15,2024,Girona,Valencia,D,1,1.92,3.5,3.9,1557.5818841951339,1507.2395378189603,50.34234637617351,153.1,244.73,-0.46663162986954987,3,4,3,3,-3,1,2.0,1.0
2025-03-15,2024,Mallorca,Espanol,H,2,1.77,3.3,5.0,1529.1752315674742,1480.6619814999515,48.51325006752268,87.7,116.98,-0.28525522925939484,-2,-2,-1,-6,0,-1,0.3333333333333333,2.3333333333333335
2025-03-16,2024,Ath Madrid,Barcelona,A,0,3.1,3.6,2.2,1729.3901143919275,1780.6714888242602,-51.28137443233277,458.45,1080.0,-0.8556116956923141,-9,-9,-9,-9,0,5,1.0,2.0
2025-03-16,2024,Vallecano,Sociedad,D,1,2.5,3.0,3.1,1524.5236955945963,1550.8469843303146,-26.32328873571828,63.95,345.05,-1.6729655301712638,-5,-7,-5,-4,-2,-1,1.6666666666666667,0.6666666666666666
2025-03-16,2024,Leganes,Betis,A,0,3.8,3.3,2.05,1487.4615187346133,1622.0777042442328,-134.61618550961953,47.98,291.7,-1.7877361421738187,-3,-5,-1,-1,-2,5,0.3333333333333333,2.3333333333333335
2025-03-16,2024,Sevilla,Ath Bilbao,A,0,2.9,3.2,2.5,1552.1361617120824,1643.3107189076202,-91.17455719553777,183.9,10.0,2.821919865594708,0,-3,0,3,1,-1,0.3333333333333333,2.3333333333333335
2025-03-16,2024,Osasuna,Getafe,A,0,2.25,2.88,3.8,1545.26841908054,1517.2743216833499,27.994097397190217,105.35,87.7,0.18147565233071195,-1,-1,-1,0,0,-1,2.3333333333333335,0.3333333333333333
2025-03-27,2024,Barcelona,Osasuna,H,2,1.29,7.0,7.0,1797.7611627306965,1524.9795921494276,272.78157058126885,1080.0,105.35,2.318906275992962,9,9,9,9,5,-1,2.0,1.0
2025-03-29,2024,Sociedad,Valladolid,H,2,1.33,4.75,11.0,1553.9810257969455,1364.2632535891012,189.7177722078443,345.05,81.45,1.4343912242822645,5,7,5,4,-2,-4,0.3333333333333333,2.3333333333333335
2025-03-29,2024,Espanol,Ath Madrid,D,1,5.5,3.75,1.62,1471.7098710628754,1712.3004404854912,-240.59056942261577,116.98,458.45,-1.359515003371965,2,2,1,6,-1,0,1.0,1.0
2025-03-29,2024,Alaves,Vallecano,A,0,2.15,2.9,4.1,1490.3258809032825,1521.3896541279655,-31.06377322468302,123.7,63.95,0.6522931095693822,0,0,0,0,0,-3,1.0,2.0
2025-03-29,2024,Real Madrid,Leganes,H,2,1.14,8.0,17.0,1811.617728576096,1473.9510939458087,337.66663463028726,1350.0,47.98,3.3171882864361772,10,11,8,10,3,-2,2.3333333333333335,0.3333333333333333
2025-03-30,2024,Betis,Sevilla,H,2,1.83,3.5,4.33,1635.5881290330374,1536.7552186478713,98.83291038516609,291.7,183.9,0.45933305530476165,-1,3,-4,-4,5,1,0.6666666666666666,1.6666666666666667
2025-03-30,2024,Valencia,Mallorca,H,2,2.15,3.1,3.75,1513.3534176858857,1538.1273420045502,-24.773924318664513,244.73,87.7,1.018973482880086,0,0,0,0,0,2,0.6666666666666666,1.6666666666666667
2025-03-30,2024,Getafe,Villarreal,A,0,3.25,3.1,2.35,1537.5631486144623,1628.3970313690309,-90.83388275456855,87.7,264.25,-1.0954128881785579,-2,-2,-1,-5,-1,0,1.0,1.0
2025-03-30,2024,Barcelona,Girona,H,2,1.25,6.5,10.0,1800.9026029174727,1551.4680043282085,249.43459858926417,1080.0,153.1,1.9480400753131377,6,5,6,6,5,-2,1.0,2.0
2025-03-30,2024,Ath Bilbao,Osasuna,D,1,1.45,4.1,7.0,1658.6916619718313,1521.8381519626514,136.8535100091799,10.0,105.35,-2.2688402688478755,4,5,5,2,0,-1,2.3333333333333335,0.3333333333333333
2025-03-31,2024,Celta,Las Palmas,D,1,1.57,4.1,5.5,1574.6114189682717,1422.8316816195647,151.77973734870693,149.3,112.4,0.2817119054652766,2,1,3,3,3,-3,2.0,1.0
2025-04-04,2024,Vallecano,Espanol,A,0,1.65,3.5,6.0,1539.327419495305,1477.4687085835199,61.85871091178524,63.95,116.98,-0.5968973754583207,-2,-2,-1,-6,-1,0,1.0,2.0
2025-04-05,2024,Mallorca,Celta,A,0,2.63,3.2,2.8,1526.3252948394888,1565.314418316633,-38.989123477144176,87.7,149.3,-0.5273734074433944,-2,-1,-3,-3,0,3,1.3333333333333333,1.3333333333333333
2025-04-05,2024,Barcelona,Betis,D,1,1.36,5.5,7.0,1804.4426035023419,1642.8325744974115,161.6100290049303,1080.0,291.7,1.3064936239413676,6,4,8,8,5,5,2.3333333333333335,0.3333333333333333
2025-04-05,2024,Girona,Alaves,A,0,2.05,3.4,3.6,1547.9280037433393,1472.388115535943,75.53988820739642,153.1,123.7,0.21169088964007976,3,4,3,3,-2,-1,2.3333333333333335,0.3333333333333333
2025-04-05,2024,Real Madrid,Valencia,A,0,1.3,5.75,8.5,1813.852983707269,1525.155464850947,288.69751885632195,1350.0,244.73,1.7043669657645788,10,11,8,10,3,1,3.0,0.0
2025-04-06,2024,Las Palmas,Sociedad,A,0,3.2,3.2,2.35,1432.1286822712034,1558.742759350536,-126.61407707933267,112.4,345.05,-1.1156618819942201,-5,-7,-5,-4,-2,0,0.6666666666666666,1.6666666666666667
2025-04-06,2024,Sevilla,Ath Madrid,A,0,3.5,3.2,2.2,1529.5107731834971,1706.5416029648468,-177.03082978134967,183.9,458.45,-0.9102149835538151,4,2,5,5,-1,0,0.0,3.0
2025-04-06,2024,Valladolid,Getafe,A,0,4.75,3.1,1.9,1359.5015200355106,1522.1675073092927,-162.6659872737821,81.45,87.7,-0.07306784030992652,-1,-1,-1,0,-4,-1,1.3333333333333333,1.3333333333333333
2025-04-06,2024,Villarreal,Ath Bilbao,D,1,2.2,3.3,3.25,1643.7926726742005,1649.802123169042,-6.009450494841531,264.25,10.0,3.1827775046957214,-1,-2,-3,3,0,-1,0.3333333333333333,2.3333333333333335
2025-04-07,2024,Leganes,Osasuna,D,1,2.7,3.1,2.75,1471.7158388146356,1530.7276907654407,-59.01185195080507,47.98,105.35,-0.7753234901222243,0,0,0,0,-3,-1,0.3333333333333333,2.3333333333333335
2025-04-10,2024,Ath Bilbao,Mallorca,H,2,1.53,3.8,7.0,1653.7638439855416,1508.717988745987,145.0458552395546,10.0,87.7,-2.0873646165171635,4,5,5,2,0,-1,1.6666666666666667,0.6666666666666666
2025-04-10,2024,Girona,Valencia,H,2,2.45,3.5,2.8,1525.9345296806644,1552.262529705101,-26.328000024436733,153.1,244.73,-0.46663162986954987,3,4,3,3,-2,3,1.3333333333333333,1.3333333333333333
2025-04-10,2024,Real Madrid,Villarreal,H,2,1.45,5.0,6.0,1786.745918853115,1639.830951857701,146.91496699541403,1350.0,264.25,1.627927560466107,7,8,6,5,3,0,2.3333333333333335,0.3333333333333333
2025-04-10,2024,Oviedo,Levante,A,0,2.5,3.3,2.88,1497.5534699161728,1480.1342106330153,17.419259283157544,10.0,10.0,0.0,0,0,0,0,0,1,1.5,1.5
2025-04-11,2024,Valencia,Sevilla,H,2,2.3,3.1,3.4,1540.396376647897,1517.7830189960932,22.613357651803653,244.73,183.9,0.2844182338025414,-4,-2,-5,-5,2,-2,1.0,1.0
2025-04-12,2024,Sociedad,Mallorca,A,0,1.75,3.4,5.5,1572.595979421607,1502.8337929970783,69.76218642452864,345.05,87.7,1.361323383972338,5,7,5,4,0,-2,2.0,1.0
2025-04-12,2024,Celta,Espanol,A,0,1.62,3.7,6.0,1582.9217244101349,1498.9915146989692,83.93020971116562,149.3,116.98,0.2421181781839996,0,-1,2,-3,3,1,1.3333333333333333,1.3333333333333333
2025-04-12,2024,Getafe,Las Palmas,A,0,1.75,3.3,5.5,1534.4909611629175,1418.2754622001326,116.21549896278498,87.7,112.4,-0.24566150197811787,1,1,1,0,1,-2,1.3333333333333333,1.3333333333333333
2025-04-12,2024,Leganes,Barcelona,A,0,8.5,6.0,1.3,1469.954402366725,1794.888804073897,-324.9344017071721,47.98,1080.0,-3.0942297661151863,-9,-9,-9,-9,-2,4,1.0,2.0
2025-04-13,2024,Alaves,Real Madrid,A,0,5.25,4.1,1.62,1494.381589598618,1792.5793878749566,-298.19779827633874,123.7,1350.0,-2.3826894852742084,-10,-11,-8,-10,1,3,0.0,3.0
2025-04-13,2024,Osasuna,Girona,H,2,2.45,3.2,3.1,1532.4891272133514,1537.8006827378686,-5.311555524517189,105.35,153.1,-0.37086620067982423,-3,-4,-3,-3,-2,-1,0.0,3.0
2025-04-13,2024,Ath Bilbao,Vallecano,H,2,1.75,3.4,5.5,1659.6480397344503,1517.8046133798557,141.8434263545946,10.0,63.95,-1.7757224703182377,4,5,5,2,1,-1,3.0,0.0
2025-04-13,2024,Betis,Villarreal,A,0,2.35,3.3,3.1,1652.3863739258563,1633.9974828358593,18.38889108999706,291.7,264.25,0.09847541620374844,0,2,-1,-4,4,-2,2.0,1.0
2025-04-14,2024,Ath Madrid,Valladolid,H,2,1.14,8.0,19.0,1718.2693571522507,1347.1780661818857,371.091290970365,458.45,81.45,1.7178380729412863,0,0,0,0,0,-4,3.0,0.0
2025-04-18,2024,Espanol,Getafe,H,2,2.88,2.63,3.0,1521.265277115512,1511.19986037261,10.065416742902016,116.98,87.7,0.28525522925939484,1,1,0,6,1,-1,2.0,1.0
2025-04-19,2024,Vallecano,Valencia,D,1,2.25,3.0,3.4,1511.8327316840641,1550.3120755321024,-38.4793438480383,63.95,244.73,-1.3306156290790119,0,0,0,0,-2,2,1.6666666666666667,0.6666666666666666
2025-04-19,2024,Barcelona,Celta,H,2,1.3,5.75,8.0,1801.3399139517958,1560.6479619935922,240.69195195820362,1080.0,149.3,1.9730085208802794,7,8,6,6,4,2,2.3333333333333335,0.3333333333333333
2025-04-19,2024,Las Palmas,Ath Madrid,H,2,5.75,4.2,1.55,1441.5665629904402,1720.1377424175878,-278.5711794271476,112.4,458.45,-1.399108730653242,0,0,0,0,-1,0,1.0,2.0
2025-04-19,2024,Mallorca,Leganes,D,1,1.85,3.1,5.0,1524.6305384711666,1463.5032924888262,61.127245982340355,87.7,47.98,0.5938478377915124,0,0,0,0,-1,-4,1.3333333333333333,1.3333333333333333
2025-04-20,2024,Real Madrid,Ath Bilbao,H,2,1.65,3.9,5.25,1799.8439422056438,1665.619921430242,134.22402077540187,1350.0,10.0,4.810705065161828,6,6,3,8,3,3,2.0,1.0
2025-04-20,2024,Sevilla,Alaves,D,1,2.0,3.1,4.2,1507.8673201118877,1487.1170352679308,20.750284843956933,183.9,123.7,0.39390428570708824,4,2,5,5,-3,0,0.0,3.0
2025-04-20,2024,Villarreal,Sociedad,D,1,1.7,3.7,5.0,1653.9196931189183,1550.7992339475186,103.12045917139972,264.25,345.05,-0.2659104957937801,-2,-4,-3,1,0,0,1.0,2.0
2025-04-20,2024,Valladolid,Osasuna,A,0,4.5,3.4,1.83,1345.3096809165486,1543.499392552905,-198.18971163635638,81.45,105.35,-0.25454349264063847,0,0,0,0,-5,-1,0.3333333333333333,2.3333333333333335
2025-04-21,2024,Girona,Betis,A,0,2.88,3.3,2.45,1526.790417398315,1632.4641636427973,-105.67374624448234,153.1,291.7,-0.6415464513717701,0,-1,2,2,-2,2,1.6666666666666667,0.6666666666666666
2025-04-22,2024,Barcelona,Mallorca,H,2,1.2,7.0,13.0,1805.0400942866643,1518.1333639783747,286.9067303082895,1080.0,87.7,2.500381928323674,9,9,9,9,4,-2,2.3333333333333335,0.3333333333333333
2025-04-22,2024,Valencia,Espanol,D,1,1.95,3.3,4.1,1552.9407201555546,1531.6662031831984,21.274516972356196,244.73,116.98,0.7337182536206912,-2,-2,-1,-6,2,2,1.0,1.0
2025-04-23,2024,Ath Bilbao,Las Palmas,H,2,1.36,5.25,7.0,1659.435477297353,1463.662043133102,195.77343416425083,10.0,112.4,-2.3330261184952814,4,5,5,2,1,1,3.0,0.0
2025-04-23,2024,Celta,Villarreal,H,2,2.5,3.4,2.8,1556.9477816587237,1646.029381389379,-89.0815997306554,149.3,264.25,-0.5680394807351634,-1,-2,1,-2,0,1,1.0,2.0
2025-04-23,2024,Alaves,Sociedad,H,2,2.35,3.0,3.4,1492.1300132789509,1558.6895456770578,-66.55953239810697,123.7,345.05,-1.0206724206018816,-5,-7,-5,-4,-1,1,1.3333333333333333,1.3333333333333333
2025-04-23,2024,Getafe,Real Madrid,A,0,4.75,3.6,1.75,1500.7989343049235,1806.0283863385328,-305.2294520336093,87.7,1350.0,-2.723340448644665,-9,-10,-7,-10,-1,3,0.0,3.0
2025-04-24,2024,Leganes,Girona,D,1,2.75,3.1,2.75,1470.000466981618,1512.0353509417787,-42.03488396016064,47.98,153.1,-1.1461896908020486,-3,-4,-3,-3,-3,-3,0.3333333333333333,2.3333333333333335
2025-04-24,2024,Osasuna,Sevilla,H,2,2.5,3.0,3.2,1554.3695704597442,1502.8543421008676,51.515228358876584,105.35,183.9,-0.5530795967468327,-4,-2,-5,-5,1,-4,1.0,1.0
2025-04-24,2024,Ath Madrid,Vallecano,H,2,1.53,4.0,6.5,1698.0422622749259,1509.204087060612,188.83817521431388,458.45,63.95,1.9564123788302856,0,0,0,0,0,-1,2.3333333333333335,0.3333333333333333
2025-04-24,2024,Betis,Valladolid,H,2,1.2,7.0,13.0,1647.2192300993336,1334.4395030097094,312.7797270896242,291.7,81.45,1.2669561446922328,3,5,1,1,2,-5,1.3333333333333333,1.3333333333333333
2025-04-27,2024,Villarreal,Espanol,H,2,1.44,5.0,6.25,1631.500611506666,1536.6992761256936,94.80133538097243,264.25,116.98,0.810157658919163,1,1,1,-1,-1,3,3.0,0.0
2025-05-02,2024,Vallecano,Getafe,H,2,2.38,3.0,3.4,1504.4220349448372,1493.754894109094,10.667140835743112,63.95,87.7,-0.31164214619892583,-1,-1,-1,0,-2,-3,1.6666666666666667,0.6666666666666666
2025-05-03,2024,Villarreal,Osasuna,H,2,1.53,4.2,6.0,1638.8733477928988,1563.2135238383019,75.65982395459696,264.25,105.35,0.9139372358478459,3,3,2,5,0,3,1.6666666666666667,0.6666666666666666
2025-05-03,2024,Las Palmas,Valencia,A,0,2.63,3.3,2.7,1459.0382975055613,1547.9076472130594,-88.86934970749803,112.4,244.73,-0.7733119809019682,0,0,0,0,0,1,2.0,1.0
2025-05-03,2024,Valladolid,Barcelona,A,0,15.0,8.0,1.14,1331.8892190550173,1807.9600881131214,-476.0708690581041,81.45,1080.0,-2.5734497686336004,-9,-9,-9,-9,-5,4,1.0,2.0
2025-05-03,2024,Alaves,Ath Madrid,D,1,3.7,3.1,2.15,1505.6907140260596,1702.8243143907007,-197.1336003646411,123.7,458.45,-1.3041192692609034,0,0,0,0,0,2,1.0,2.0
2025-05-04,2024,Sevilla,Leganes,D,1,1.77,3.5,4.75,1494.01038872231,1467.5208753151915,26.489513407118466,183.9,47.98,1.328403086869057,4,2,5,5,-4,-2,2.0,1.0
2025-05-04,2024,Real Madrid,Celta,H,2,1.33,5.75,7.0,1813.0724265343622,1571.4765515414367,241.59587499292547,1350.0,149.3,2.1959670412012704,8,10,5,7,3,0,3.0,0.0
2025-05-04,2024,Sociedad,Ath Bilbao,D,1,2.55,3.0,3.0,1545.128844929949,1664.0592229248937,-118.93037799494459,345.05,10.0,3.4486880004895015,1,2,0,2,0,2,1.0,2.0
2025-05-04,2024,Espanol,Betis,A,0,3.3,3.0,2.38,1529.3265398394608,1649.7695140540256,-120.44297421456486,116.98,291.7,-0.9086330751229115,-1,-3,0,5,2,2,1.0,2.0
2025-05-05,2024,Girona,Mallorca,H,2,2.0,3.1,4.2,1514.5149426082053,1515.2133701519176,-0.6984275437123415,153.1,87.7,0.5523418530105362,3,4,3,3,-2,-2,1.0,2.0
2025-05-09,2024,Las Palmas,Vallecano,A,0,2.45,3.25,3.0,1443.5579130387337,1514.7994371616956,-71.24152412296189,112.4,63.95,0.5573036481770437,0,0,0,0,-1,-2,2.0,1.0
2025-05-10,2024,Valencia,Getafe,H,2,2.0,3.0,4.33,1563.388031679887,1483.3774918922356,80.0105397876514,244.73,87.7,1.018973482880086,-1,-1,-1,0,1,-3,1.3333333333333333,1.3333333333333333
2025-05-10,2024,Ath Madrid,Sociedad,H,2,1.67,3.7,5.0,1697.4042521476554,1526.15768875351,171.24656339414537,458.45,345.05,0.2834468486590218,-5,-7,-5,-4,1,-3,2.3333333333333335,0.3333333333333333
2025-05-10,2024,Ath Madrid,Sociedad,H,2,1.67,3.7,5.0,1697.4042521476554,1526.15768875351,171.24656339414537,458.45,345.05,0.2834468486590218,-5,-7,-5,-4,1,-3,2.3333333333333335,0.3333333333333333
2025-05-10,2024,Ath Madrid,Sociedad,H,2,1.67,3.7,5.0,1697.4042521476554,1526.15768875351,171.24656339414537,458.45,345.05,0.2834468486590218,-5,-7,-5,-4,1,-3,2.3333333333333335,0.3333333333333333
2025-05-10,2024,Ath Madrid,Sociedad,H,2,1.67,3.7,5.0,1697.4042521476554,1526.15768875351,171.24656339414537,458.45,345.05,0.2834468486590218,-5,-7,-5,-4,1,-3,3.0,0.0
2025-05-10,2024,Mallorca,Valladolid,H,2,1.33,5.25,9.0,1504.3875172192054,1328.8006353120204,175.586881907185,87.7,81.45,0.07306784030992652,0,0,0,0,-2,-5,2.3333333333333335,0.3333333333333333
2025-05-10,2024,Celta,Sevilla,H,2,1.8,3.6,4.5,1569.1256319938836,1512.2494184372126,56.87621355667102,149.3,183.9,-0.2071818416341502,-2,-1,-2,-2,-2,-1,1.3333333333333333,1.3333333333333333
2025-05-10,2024,Celta,Sevilla,H,2,1.8,3.6,4.5,1569.1256319938836,1512.2494184372126,56.87621355667102,149.3,183.9,-0.2071818416341502,-2,-1,-2,-2,-2,-1,2.0,1.0
2025-05-10,2024,Celta,Sevilla,H,2,1.8,3.6,4.5,1569.1256319938836,1512.2494184372126,56.87621355667102,149.3,183.9,-0.2071818416341502,-2,-1,-2,-2,-2,-1,2.0,1.0
2025-05-10,2024,Celta,Sevilla,H,2,1.8,3.6,4.5,1569.1256319938836,1512.2494184372126,56.87621355667102,149.3,183.9,-0.2071818416341502,-2,-1,-2,-2,-2,-1,3.0,0.0
2025-05-10,2024,Alaves,Elche,H,2,2.3,3.1,3.3,1509.7783612271676,1425.8821736084315,83.89618761873612,123.7,10.0,2.42801557988762,0,0,0,0,1,0,2.0,1.0
2025-05-10,2024,Espanol,Betis,A,0,2.63,3.4,2.63,1515.208116849099,1663.8879370443874,-148.67982019528836,116.98,291.7,-0.9086330751229115,-1,-3,0,5,0,2,0.0,3.0
2025-05-10,2024,Sociedad,Vallecano,A,0,2.05,3.6,3.5,1545.9453272351243,1531.0382125228205,14.907114712303837,345.05,63.95,1.6729655301712638,5,7,5,4,-1,0,0.6666666666666666,1.6666666666666667
2025-05-10,2024,Sociedad,Vallecano,A,0,2.05,3.6,3.5,1545.9453272351243,1531.0382125228205,14.907114712303837,345.05,63.95,1.6729655301712638,5,7,5,4,-1,0,0.3333333333333333,2.3333333333333335
2025-05-10,2024,Celta,Ath Madrid,D,1,4.5,3.8,1.75,1567.7932169519463,1698.7366671895927,-130.9434502376464,149.3,458.45,-1.1173968251879653,2,1,3,3,-1,2,0.3333333333333333,2.3333333333333335
2025-05-10,2024,Celta,Ath Madrid,D,1,4.5,3.8,1.75,1567.7932169519463,1698.7366671895927,-130.9434502376464,149.3,458.45,-1.1173968251879653,2,1,3,3,-1,2,0.6666666666666666,1.6666666666666667
2025-05-10,2024,Celta,Ath Madrid,D,1,4.5,3.8,1.75,1567.7932169519463,1698.7366671895927,-130.9434502376464,149.3,458.45,-1.1173968251879653,2,1,3,3,-1,2,1.0,1.0
2025-05-10,2024,Celta,Ath Madrid,D,1,4.5,3.8,1.75,1567.7932169519463,1698.7366671895927,-130.9434502376464,149.3,458.45,-1.1173968251879653,2,1,3,3,-1,2,1.0,1.0
2025-05-10,2024,Girona,Villarreal,A,0,3.1,3.8,2.1,1525.3407955409175,1646.8758219010306,-121.53502636011308,153.1,264.25,-0.5430710351680217,0,1,1,-2,0,2,1.3333333333333333,1.3333333333333333
2025-05-10,2024,Sevilla,Barcelona,H,2,5.75,5.25,1.45,1488.7785310306954,1811.0486718561183,-322.2701408254229,183.9,1080.0,-1.7658266792461292,-5,-7,-4,-4,-3,4,0.0,3.0
2025-05-10,2024,Sevilla,Barcelona,H,2,5.75,5.25,1.45,1488.7785310306954,1811.0486718561183,-322.2701408254229,183.9,1080.0,-1.7658266792461292,-5,-7,-4,-4,-3,4,1.0,2.0
2025-05-11,2024,Leganes,Espanol,H,2,2.4,3.0,3.2,1472.752733006806,1502.2961478823484,-29.54341487554234,47.98,116.98,-0.8791030670509072,-2,-2,-1,-6,-1,-2,2.3333333333333335,0.3333333333333333
2025-05-11,2024,Barcelona,Real Madrid,H,2,1.9,3.7,3.2,1787.577784449601,1816.7557611238526,-29.177976674251568,1080.0,1350.0,-0.22295852032099095,-1,-2,1,-1,3,5,1.0,2.0
2025-05-11,2024,Ath Bilbao,Alaves,H,2,1.8,2.9,4.5,1663.2427406197185,1517.505722322652,145.73701829706647,10.0,123.7,-2.42801557988762,4,5,5,2,2,1,2.3333333333333335,0.3333333333333333
2025-05-11,2024,Betis,Osasuna,D,1,1.62,3.75,5.75,1676.799906011138,1555.21104973017,121.588856280968,291.7,105.35,1.0124126520515944,3,5,1,1,3,2,3.0,0.0
2025-05-12,2024,Oviedo,Mallorca,D,1,2.55,3.0,3.0,1477.6686483782348,1509.4842233034492,-31.815574925214378,10.0,87.7,-2.0873646165171635,0,0,0,0,-1,0,1.5,1.5
2025-05-13,2024,Sevilla,Las Palmas,H,2,1.67,3.7,5.25,1503.5967074772864,1427.3191376776088,76.27756979967762,183.9,112.4,0.4888937470994268,4,2,5,5,-1,-1,2.3333333333333335,0.3333333333333333
2025-05-13,2024,Valladolid,Girona,A,0,4.75,3.9,1.73,1323.7039292277766,1511.2693485450873,-187.56541931731067,81.45,153.1,-0.6254096933204627,-3,-4,-3,-3,-5,-2,1.0,2.0
2025-05-13,2024,Sociedad,Celta,A,0,2.3,3.3,3.1,1520.9544024876595,1577.77834295381,-56.82394046615036,345.05,149.3,0.8339499765289435,3,6,2,1,-3,0,1.3333333333333333,1.3333333333333333
2025-05-14,2024,Alaves,Valencia,H,2,2.1,3.1,3.7,1511.6403231401953,1571.2444088649975,-59.60408572480219,123.7,244.73,-0.6783225195096296,0,0,0,0,1,3,2.3333333333333335,0.3333333333333333
2025-05-14,2024,Villarreal,Leganes,H,2,1.33,5.75,8.0,1660.9472688968608,1484.7519007078117,176.19536818904908,264.25,47.98,1.6892607259700703,3,3,2,5,2,0,2.0,1.0
2025-05-14,2024,Real Madrid,Mallorca,H,2,1.38,5.25,7.0,1804.7717360266993,1512.390762605047,292.38097342165224,1350.0,87.7,2.723340448644665,10,11,8,10,3,-1,2.3333333333333335,0.3333333333333333
2025-05-15,2024,Osasuna,Ath Madrid,H,2,3.6,3.3,2.1,1563.6618819236169,1702.6075384135058,-138.94565648988896,105.35,458.45,-1.4632945803006479,0,0,0,0,2,1,1.0,2.0
2025-05-15,2024,Espanol,Barcelona,A,0,9.0,5.75,1.3,1490.2969801813426,1799.5618095467544,-309.26482936541174,116.98,1080.0,-2.215126699064279,-7,-7,-8,-3,-4,3,0.3333333333333333,2.3333333333333335
2025-05-15,2024,Getafe,Ath Bilbao,A,0,3.2,2.75,2.63,1475.5211147071252,1669.1081398021752,-193.58702509504997,87.7,10.0,2.0873646165171635,-3,-4,-4,-2,-5,2,0.6666666666666666,1.6666666666666667
2025-05-15,2024,Vallecano,Betis,D,1,3.0,3.2,2.4,1550.8258510044348,1668.3490738176913,-117.52322281325655,63.95,291.7,-1.5055304505812321,-3,-5,-1,-1,2,4,1.3333333333333333,1.3333333333333333
2025-05-18,2024,Sevilla,Real Madrid,A,0,4.2,4.0,1.75,1511.5783327472363,1807.6097178049793,-296.0313850577429,183.9,1350.0,-1.9887851995671202,-6,-9,-3,-5,0,3,0.3333333333333333,2.3333333333333335
2025-05-18,2024,Osasuna,Espanol,H,2,1.8,3.3,4.75,1580.3362938349096,1483.3773768990425,96.95891693586714,105.35,116.98,-0.10377957692868289,-2,-2,-1,-6,2,-5,1.6666666666666667,0.6666666666666666
2025-05-18,2024,Valencia,Ath Bilbao,A,0,2.2,3.0,3.8,1557.9806240846506,1680.162630232646,-122.18200614799548,244.73,10.0,3.1063380993972496,-4,-5,-5,-2,1,2,1.3333333333333333,1.3333333333333333
2025-05-18,2024,Valladolid,Alaves,A,0,6.0,3.75,1.6,1312.4063681679447,1524.9041079205422,-212.49773975259745,81.45,123.7,-0.41371880368038294,0,0,0,0,-5,2,1.0,2.0
2025-05-18,2024,Mallorca,Getafe,A,0,2.0,3.2,4.2,1509.552780826767,1464.4666242766543,45.08615655011272,87.7,87.7,0.0,-1,-1,-1,0,-2,-5,2.3333333333333335,0.3333333333333333
2025-05-18,2024,Sociedad,Girona,H,2,2.05,3.1,4.1,1504.099878936346,1522.5669096049191,-18.467030668573216,345.05,153.1,0.8089815309618018,2,3,2,1,-4,0,1.6666666666666667,0.6666666666666666
2025-05-18,2024,Celta,Vallecano,A,0,1.75,3.9,4.33,1594.6328665051235,1551.5817485107957,43.0511179943278,149.3,63.95,0.8390155536423203,2,1,3,3,2,2,0.6666666666666666,1.6666666666666667
2025-05-18,2024,Barcelona,Villarreal,A,0,1.83,4.1,3.75,1806.4814128290545,1666.0291726778805,140.452240151174,1080.0,264.25,1.404969040145116,6,6,7,4,3,3,2.0,1.0
2025-05-18,2024,Ath Madrid,Betis,H,2,1.91,3.6,3.8,1685.933126502213,1667.5931763113304,18.339950190882746,458.45,291.7,0.4508819282490535,-3,-5,-1,-1,1,3,1.3333333333333333,1.3333333333333333
2025-05-18,2024,Las Palmas,Leganes,A,0,2.9,3.5,2.35,1419.3375124076588,1479.669996926792,-60.33248451913323,112.4,47.98,0.8395093397696303,0,0,0,0,-3,0,0.3333333333333333,2.3333333333333335
2025-05-23,2024,Betis,Valencia,D,1,1.91,3.75,3.75,1657.5135010825197,1543.9369991741366,113.57650190838308,291.7,244.73,0.17491482150222026,3,5,1,1,1,0,2.0,1.0
2025-05-24,2024,Real Madrid,Sociedad,H,2,1.42,5.0,6.5,1814.9431502589355,1515.6430423473753,299.3001079115602,1350.0,345.05,1.3620170646723269,5,4,3,6,3,-2,3.0,0.0
2025-05-24,2024,Vallecano,Mallorca,D,1,1.53,4.2,6.25,1572.4309113615632,1488.6292885516968,83.80162280986633,63.95,87.7,-0.31164214619892583,0,0,0,0,4,-2,0.3333333333333333,2.3333333333333335
2025-05-24,2024,Getafe,Celta,A,0,4.1,3.75,1.85,1485.3901165517245,1573.783703654356,-88.3935871026315,87.7,149.3,-0.5273734074433944,-1,0,-2,-3,-3,0,1.3333333333333333,1.3333333333333333
2025-05-24,2024,Alaves,Osasuna,D,1,3.2,3.2,2.35,1535.2100992913947,1587.6401827079706,-52.430083416575826,123.7,105.35,0.15917531103974447,0,0,0,0,2,2,0.3333333333333333,2.3333333333333335
2025-05-24,2024,Leganes,Valladolid,H,2,1.3,5.5,9.5,1496.3751784760132,1302.1003767970922,194.274801678921,47.98,81.45,-0.5207799974815859,0,0,0,0,1,-5,0.6666666666666666,1.6666666666666667
2025-05-24,2024,Espanol,Las Palmas,H,2,1.38,4.75,8.0,1476.0734880259815,1402.6323308584376,73.4411571675439,116.98,112.4,0.03959372728127697,2,2,1,6,-5,-5,0.6666666666666666,1.6666666666666667
2025-05-25,2024,Villarreal,Sevilla,H,2,1.48,5.0,6.0,1690.0188940745484,1504.2449002932801,185.77399378126825,264.25,183.9,0.3608576391010132,-1,1,-3,0,5,0,2.3333333333333335,0.3333333333333333
2025-05-25,2024,Girona,Ath Madrid,A,0,3.8,3.75,1.91,1511.0237461938898,1696.0128017310237,-184.98905553713394,153.1,458.45,-1.0924283796208236,3,4,3,3,0,1,1.0,2.0
2025-05-25,2024,Ath Bilbao,Barcelona,A,0,3.2,3.75,2.1,1694.20625514316,1782.4916914323867,-88.28543628922671,10.0,1080.0,-4.587746544840837,-5,-4,-4,-7,4,1,0.3333333333333333,2.3333333333333335
2025-06-12,2024,Alaves,Sociedad,H,2,2.8,2.9,2.8,1533.1690788691712,1512.9057641276916,20.26331474147969,123.7,345.05,-1.0206724206018816,-5,-7,-5,-4,2,-3,2.0,1.0
2025-06-12,2024,Betis,Barcelona,A,0,4.0,4.5,1.73,1649.3018575240126,1797.9972582328699,-148.69540070885728,291.7,1080.0,-1.3064936239413676,-6,-4,-8,-8,0,1,0.6666666666666666,1.6666666666666667
2025-06-12,2024,Villarreal,Getafe,H,2,1.62,3.8,5.75,1694.872277244989,1469.8892137417574,224.9830635032315,264.25,87.7,1.0954128881785579,2,2,1,5,5,-3,1.6666666666666667,0.6666666666666666
2025-06-12,2024,Ath Bilbao,Ath Madrid,H,2,3.25,3.25,2.25,1678.7006883426768,1707.4150062834897,-28.71431794081286,10.0,458.45,-3.7321348491485233,4,5,5,2,2,2,0.0,3.0
2025-07-11,2024,Elche,Sociedad,D,1,2.7,3.2,2.7,1418.154812512947,1502.9000573728765,-84.74524485992947,10.0,345.05,-3.4486880004895015,-5,-7,-5,-4,-1,-3,0.0,3.0
2025-07-12,2024,Valencia,Sevilla,D,1,2.15,3.4,3.4,1552.1486427326438,1499.3915171228396,52.757125609804234,244.73,183.9,0.2844182338025414,-4,-2,-5,-5,0,-1,1.6666666666666667,0.6666666666666666
2025-07-12,2024,Espanol,Vallecano,H,2,2.25,3.4,3.2,1484.151126918295,1565.1613958324037,-81.01026891410879,116.98,63.95,0.5968973754583207,2,2,1,6,-3,3,3.0,0.0
2025-07-12,2024,Elche,Girona,H,2,2.15,3.3,3.5,1417.4966346826582,1499.6215416414238,-82.12490695876568,10.0,153.1,-2.6397064695276997,-3,-4,-3,-3,-1,-1,0.0,3.0
2025-07-12,2024,Real Madrid,Celta,A,0,1.3,5.5,9.5,1817.6804284786192,1589.2846064643231,228.39582201429607,1350.0,149.3,2.1959670412012704,8,10,5,7,3,2,3.0,0.0
