Season,BetType,Odds,P_Model,Won,Flat_P,Kelly_P,Kelly_S,Flat_S,League
2019,1,5.25,0.25732176107877475,1,42.5,87.73481141589184,20.643485039033376,10.0,LaLiga
2019,1,4.75,0.3428931658087439,0,-10.0,-41.9161691727689,41.9161691727689,10.0,LaLiga
2019,2,3.6,0.3961462480283597,0,-10.0,-40.973701240586045,40.973701240586045,10.0,LaLiga
2019,1,3.2,0.4801639498464727,0,-10.0,-50.0,50.0,10.0,LaLiga
2019,1,3.1,0.35557264052276033,1,21.0,25.56879640513926,12.175617335780599,10.0,LaLiga
2019,X,6.5,0.1990293368949453,1,55.0,73.42267245428613,13.349576809870205,10.0,LaLiga
2019,2,3.0,0.41135353849240336,0,-10.0,-29.257576934651254,29.257576934651254,10.0,LaLiga
2019,1,4.75,0.25445607174844204,0,-10.0,-13.911089387006648,13.911089387006648,10.0,LaLiga
2019,2,3.75,0.3255186126582514,0,-10.0,-20.06316340622207,20.06316340622207,10.0,LaLiga
2019,1,1.4,0.7698853954104073,1,3.999999999999999,19.459888393642544,48.649720984106374,10.0,LaLiga
2019,1,3.6,0.34916166160725615,0,-10.0,-24.709805940973276,24.709805940973276,10.0,LaLiga
2019,1,2.05,0.5999884555921885,0,-10.0,-50.0,50.0,10.0,LaLiga
2019,X,4.75,0.2642725027239123,0,-10.0,-17.019625862572227,17.019625862572227,10.0,LaLiga
2019,1,3.4,0.4434806476170494,0,-10.0,-50.0,50.0,10.0,LaLiga
2019,X,6.5,0.23135441596761452,0,-10.0,-22.90016835406793,22.90016835406793,10.0,LaLiga
2019,2,3.2,0.361972048958384,1,22.0,39.57763916670721,17.98983598486691,10.0,LaLiga
2019,1,3.8,0.4312850044363725,1,28.0,140.0,50.0,10.0,LaLiga
2019,X,4.75,0.26522809945284403,0,-10.0,-17.32223149340061,17.32223149340061,10.0,LaLiga
2019,2,3.6,0.3558051549368216,0,-10.0,-27.009476708899786,27.009476708899786,10.0,LaLiga
2019,1,4.2,0.46310324863847785,0,-10.0,-50.0,50.0,10.0,LaLiga
2019,2,3.25,0.344869583073569,0,-10.0,-13.425127221011032,13.425127221011032,10.0,LaLiga
2019,1,3.0,0.3593848547047802,0,-10.0,-9.769320514292579,9.769320514292579,10.0,LaLiga
2019,X,5.75,0.18453468753632674,0,-10.0,-3.2144449123094065,3.2144449123094065,10.0,LaLiga
2019,2,3.8,0.32306421381116657,0,-10.0,-20.325358257360076,20.325358257360076,10.0,LaLiga
2019,1,2.25,0.48379773661690867,0,-10.0,-17.708981477608887,17.708981477608887,10.0,LaLiga
2019,X,7.0,0.21639445227048157,0,-10.0,-21.448381912223795,21.448381912223795,10.0,LaLiga
2019,1,3.5,0.3528883777148309,1,25.0,58.777330500477014,23.510932200190805,10.0,LaLiga
2019,X,4.0,0.27489886462960067,0,-10.0,-8.299621543200223,8.299621543200223,10.0,LaLiga
2019,1,4.33,0.31820837567419075,0,-10.0,-28.366536536730184,28.366536536730184,10.0,LaLiga
2019,2,3.5,0.34755161965404935,1,25.0,54.1076671972932,21.64306687891728,10.0,LaLiga
2019,1,2.2,0.5092194850952928,1,12.000000000000002,30.070716802411077,25.058930668675895,10.0,LaLiga
2019,2,3.7,0.2956578041564772,0,-10.0,-8.697581053607923,8.697581053607923,10.0,LaLiga
2019,1,3.0,0.4141646382968663,1,20.0,60.62347872264973,30.311739361324864,10.0,LaLiga
2019,X,5.75,0.23020743029080445,0,-10.0,-17.036459166953982,17.036459166953982,10.0,LaLiga
2019,2,3.8,0.3766854323921376,1,28.0,107.8511607725307,38.518271704475254,10.0,LaLiga
2019,1,2.45,0.4306185788654715,1,14.500000000000002,13.753879555101323,9.485434175931946,10.0,LaLiga
2019,1,6.5,0.2380316283874961,1,55.0,136.80139612968117,24.872981114487487,10.0,LaLiga
2019,X,5.5,0.2740443261360945,0,-10.0,-28.18021076380665,28.18021076380665,10.0,LaLiga
2019,X,4.2,0.25147969228302,0,-10.0,-4.3917740303659265,4.3917740303659265,10.0,LaLiga
2019,1,2.4,0.4641245138809868,1,14.0,28.474708328592058,20.339077377565758,10.0,LaLiga
2019,2,3.0,0.4106165303681734,0,-10.0,-28.981198888065023,28.981198888065023,10.0,LaLiga
2019,2,3.5,0.3451191001808576,1,25.0,51.97921265825039,20.791685063300157,10.0,LaLiga
2019,X,9.5,0.2355033849625273,0,-10.0,-36.390651680706156,36.390651680706156,10.0,LaLiga
2019,1,6.0,0.25380668139513923,0,-10.0,-26.142004418541774,26.142004418541774,10.0,LaLiga
2019,2,3.75,0.3373539046438121,0,-10.0,-24.097922037663203,24.097922037663203,10.0,LaLiga
2019,X,4.5,0.23554060214118452,0,-10.0,-4.280907831095027,4.280907831095027,10.0,LaLiga
2019,2,3.3,0.3717524486985448,0,-10.0,-24.650334859260635,24.650334859260635,10.0,LaLiga
2019,1,9.0,0.19774541332040116,1,80.0,194.92717997090259,24.365897496362823,10.0,LaLiga
2019,X,5.75,0.22938044737807228,0,-10.0,-16.786188022311347,16.786188022311347,10.0,LaLiga
2019,2,3.4,0.34755066784134164,0,-10.0,-18.924194860475165,18.924194860475165,10.0,LaLiga
2019,1,5.25,0.24226081678552278,0,-10.0,-15.99231106611733,15.99231106611733,10.0,LaLiga
2019,X,4.33,0.2603587419994362,0,-10.0,-9.56106252684375,9.56106252684375,10.0,LaLiga
2019,1,3.6,0.41389487442324296,0,-10.0,-47.11745653112256,47.11745653112256,10.0,LaLiga
2019,1,3.6,0.3284972524441566,1,26.0,45.64752719974096,17.5567412306696,10.0,LaLiga
2019,X,5.5,0.23050339848146806,0,-10.0,-14.876038424893022,14.876038424893022,10.0,LaLiga
2019,1,7.0,0.261319405216973,0,-10.0,-34.55149318828379,34.55149318828379,10.0,LaLiga
2019,1,4.0,0.400396097717964,0,-10.0,-50.0,50.0,10.0,LaLiga
2019,1,6.5,0.2919036808688465,0,-10.0,-40.78972389306828,40.78972389306828,10.0,LaLiga
2019,X,4.33,0.28833839907964603,0,-10.0,-18.656551652767824,18.656551652767824,10.0,LaLiga
2019,1,2.4,0.5412452819576464,1,14.0,70.0,50.0,10.0,LaLiga
2019,X,4.0,0.2815070715275239,0,-10.0,-10.502357175841304,10.502357175841304,10.0,LaLiga
2019,1,2.15,0.494550039063477,0,-10.0,-13.757083475320753,13.757083475320753,10.0,LaLiga
2019,1,3.6,0.3556011222275795,0,-10.0,-26.93885000185444,26.93885000185444,10.0,LaLiga
2019,X,8.5,0.2052110487265397,0,-10.0,-24.809797139186244,24.809797139186244,10.0,LaLiga
2019,2,3.5,0.37239744396524194,0,-10.0,-30.339105387834685,30.339105387834685,10.0,LaLiga
2019,1,2.3,0.5958565927072502,1,12.999999999999998,64.99999999999999,50.0,10.0,LaLiga
2019,2,3.3,0.33005804847146375,0,-10.0,-9.694734777807652,9.694734777807652,10.0,LaLiga
2019,1,3.4,0.36408492786576147,0,-10.0,-24.78007861912386,24.78007861912386,10.0,LaLiga
2019,1,2.4,0.5003668915758365,0,-10.0,-35.871524961072765,35.871524961072765,10.0,LaLiga
2019,1,5.25,0.3855613772437894,0,-10.0,-50.0,50.0,10.0,LaLiga
2019,2,3.8,0.4485017305988422,1,28.0,140.0,50.0,10.0,LaLiga
2019,1,3.8,0.42311615855549234,0,-10.0,-50.0,50.0,10.0,LaLiga
2019,X,4.2,0.2941615055024065,1,32.0,58.86958077752686,18.396743992977143,10.0,LaLiga
2019,1,3.5,0.32433680084208544,0,-10.0,-13.517880294729911,13.517880294729911,10.0,LaLiga
2019,X,9.0,0.1556344763713949,0,-10.0,-12.522196479454815,12.522196479454815,10.0,LaLiga
2019,1,5.0,0.458281075220734,0,-10.0,-50.0,50.0,10.0,LaLiga
2019,1,2.1,0.5169730402443812,1,11.0,21.41084612830013,19.464405571181935,10.0,LaLiga
2019,1,3.8,0.4006760808922758,0,-10.0,-46.65795601702215,46.65795601702215,10.0,LaLiga
2019,1,1.33,0.8037642362675793,0,-10.0,-50.0,50.0,10.0,LaLiga
2019,1,6.5,0.3640780785237531,0,-10.0,-50.0,50.0,10.0,LaLiga
2019,X,5.75,0.2978865665490866,0,-10.0,-37.518303034591995,37.518303034591995,10.0,LaLiga
2019,1,3.0,0.4072443922263051,0,-10.0,-27.716647084864405,27.716647084864405,10.0,LaLiga
2019,1,5.25,0.33006572585652655,1,42.5,183.21126518669112,43.10853298510379,10.0,LaLiga
2019,X,7.5,0.14869734090420395,0,-10.0,-4.431925260828063,4.431925260828063,10.0,LaLiga
2019,1,3.75,0.32433680084208544,1,27.5,54.06575078945509,19.660273014347304,10.0,LaLiga
2019,1,5.0,0.36345270882498765,1,40.0,200.0,50.0,10.0,LaLiga
2019,X,4.33,0.29907593406024474,0,-10.0,-22.147056642707195,22.147056642707195,10.0,LaLiga
2019,X,4.75,0.3188502842218759,0,-10.0,-34.302590003594034,34.302590003594034,10.0,LaLiga
2019,1,7.5,0.20110019574958937,0,-10.0,-19.548133389304628,19.548133389304628,10.0,LaLiga
2019,X,4.33,0.28112605915243805,0,-10.0,-16.311999709463727,16.311999709463727,10.0,LaLiga
2019,1,1.44,0.7837017425216354,0,-10.0,-50.0,50.0,10.0,LaLiga
2019,X,5.0,0.25937272158128094,1,40.0,74.21590197660116,18.55397549415029,10.0,LaLiga
2019,X,9.0,0.1593403806644849,0,-10.0,-13.564482061886373,13.564482061886373,10.0,LaLiga
2019,X,4.0,0.2754813731232913,0,-10.0,-8.493791041097099,8.493791041097099,10.0,LaLiga
2019,1,1.4,0.809447477444775,1,3.999999999999999,19.999999999999996,50.0,10.0,LaLiga
2019,1,3.0,0.3551114758225911,0,-10.0,-8.166803433471676,8.166803433471676,10.0,LaLiga
2019,1,5.75,0.21099015366594517,0,-10.0,-11.220704398904465,11.220704398904465,10.0,LaLiga
2019,X,4.5,0.2452654275366076,0,-10.0,-7.406744565338154,7.406744565338154,10.0,LaLiga
2019,1,4.0,0.45412544752151235,0,-10.0,-50.0,50.0,10.0,LaLiga
2019,1,3.4,0.4529316129018948,1,24.0,120.0,50.0,10.0,LaLiga
2019,2,3.1,0.42803115913965656,0,-10.0,-38.916261111063726,38.916261111063726,10.0,LaLiga
2019,2,3.3,0.45715976704482514,0,-10.0,-50.0,50.0,10.0,LaLiga
2019,X,4.6,0.25815278587008245,1,36.0,46.875703750594795,13.021028819609667,10.0,LaLiga
2019,1,6.0,0.4032316816947675,1,50.0,250.0,50.0,10.0,LaLiga
2019,2,3.0,0.3905330128939659,0,-10.0,-21.44987983523722,21.44987983523722,10.0,LaLiga
2019,1,2.3,0.46135908826841593,0,-10.0,-11.754981349491645,11.754981349491645,10.0,LaLiga
2019,2,3.8,0.3639914418010152,0,-10.0,-34.21138203963015,34.21138203963015,10.0,LaLiga
2019,1,2.15,0.5425905343296978,1,11.5,41.6424122022126,36.210793219315306,10.0,LaLiga
2019,1,4.2,0.3477533123344383,0,-10.0,-35.98155560973757,35.98155560973757,10.0,LaLiga
2019,1,3.7,0.4624975683234472,0,-10.0,-50.0,50.0,10.0,LaLiga
2019,X,4.33,0.2796966401302495,0,-10.0,-15.847331213512037,15.847331213512037,10.0,LaLiga
2019,2,3.1,0.41527797584886134,0,-10.0,-34.20972918231788,34.20972918231788,10.0,LaLiga
2019,2,3.2,0.36000117603097176,0,-10.0,-17.273154920353363,17.273154920353363,10.0,LaLiga
2019,X,5.5,0.21244380942906735,0,-10.0,-9.35783065888169,9.35783065888169,10.0,LaLiga
2019,1,4.5,0.33422391654294753,1,35.0,126.00190611081597,36.000544603090276,10.0,LaLiga
2019,1,2.05,0.529782044188264,0,-10.0,-20.488854901414573,20.488854901414573,10.0,LaLiga
2019,1,2.4,0.48942106336634955,1,14.0,43.65263801980973,31.180455728435522,10.0,LaLiga
2019,1,3.0,0.3842872535956083,0,-10.0,-19.1077200983531,19.1077200983531,10.0,LaLiga
2019,1,3.1,0.4044311481660912,1,21.0,63.4341398287207,30.206733251771762,10.0,LaLiga
2019,2,3.75,0.39687506515192855,0,-10.0,-44.38922675633927,44.38922675633927,10.0,LaLiga
2019,X,5.75,0.1859729047604375,0,-10.0,-3.649694861711353,3.649694861711353,10.0,LaLiga
2019,2,3.5,0.3327902528437543,1,25.0,41.19147123828504,16.476588495314015,10.0,LaLiga
2019,1,3.75,0.35444059544098705,0,-10.0,-29.922930263972848,29.922930263972848,10.0,LaLiga
2019,1,5.0,0.4831582553264604,0,-10.0,-50.0,50.0,10.0,LaLiga
2019,X,4.0,0.27280128911502016,1,30.0,22.80128911502016,7.600429705006721,10.0,LaLiga
2019,X,4.5,0.2729108169297349,0,-10.0,-16.292762584557646,16.292762584557646,10.0,LaLiga
2019,1,3.2,0.4129953416050665,0,-10.0,-36.54376058366056,36.54376058366056,10.0,LaLiga
2019,1,3.0,0.3706988087878307,0,-10.0,-14.012053295436505,14.012053295436505,10.0,LaLiga
2019,1,3.8,0.407190727844379,1,28.0,136.83119145216,48.868282661485715,10.0,LaLiga
2019,1,3.4,0.36999283967443813,0,-10.0,-26.8724640513635,26.8724640513635,10.0,LaLiga
2019,2,3.8,0.3350292086730824,1,28.0,68.27774823942828,24.3849100855101,10.0,LaLiga
2019,1,1.36,0.7893778949833109,1,3.600000000000001,18.000000000000004,50.0,10.0,LaLiga
2019,1,4.1,0.39498502103781613,0,-10.0,-49.95472469798759,49.95472469798759,10.0,LaLiga
2019,X,4.2,0.28899638752372236,0,-10.0,-16.7019396562214,16.7019396562214,10.0,LaLiga
2019,1,2.37,0.4473607957027044,0,-10.0,-10.993628798432358,10.993628798432358,10.0,LaLiga
2019,1,3.4,0.3175335335040613,0,-10.0,-8.293126449355043,8.293126449355043,10.0,LaLiga
2019,1,1.3,0.8241548163009637,1,3.0000000000000004,15.000000000000002,50.0,10.0,LaLiga
2019,X,9.0,0.12616825039963123,0,-10.0,-4.234820424896285,4.234820424896285,10.0,LaLiga
2019,X,4.0,0.28141558345681833,0,-10.0,-10.471861152272776,10.471861152272776,10.0,LaLiga
2019,1,5.25,0.37200825581764135,0,-10.0,-50.0,50.0,10.0,LaLiga
2019,1,1.33,0.8195137417719683,1,3.3000000000000007,16.500000000000004,50.0,10.0,LaLiga
2019,1,6.5,0.32496872646419234,0,-10.0,-50.0,50.0,10.0,LaLiga
2019,2,3.2,0.35102966802680374,0,-10.0,-14.010788373383173,14.010788373383173,10.0,LaLiga
2019,1,4.5,0.42548395926974986,0,-10.0,-50.0,50.0,10.0,LaLiga
2019,1,2.3,0.5209299749727884,0,-10.0,-38.10364277642561,38.10364277642561,10.0,LaLiga
2019,1,1.28,0.9319776495979122,1,2.8000000000000003,14.000000000000002,50.0,10.0,LaLiga
2019,1,3.1,0.35837435754012187,0,-10.0,-13.20958433028308,13.20958433028308,10.0,LaLiga
2019,1,4.33,0.2917799791009366,0,-10.0,-19.775323536565725,19.775323536565725,10.0,LaLiga
2019,X,4.0,0.31689472007895075,0,-10.0,-22.29824002631692,22.29824002631692,10.0,LaLiga
2019,X,4.33,0.25093195571934,0,-10.0,-6.496649269124797,6.496649269124797,10.0,LaLiga
2019,1,4.2,0.4128785658292477,0,-10.0,-50.0,50.0,10.0,LaLiga
2019,2,3.5,0.3376774330074998,0,-10.0,-18.18710155262493,18.18710155262493,10.0,LaLiga
2019,1,3.1,0.4159158318629821,0,-10.0,-34.445128425624354,34.445128425624354,10.0,LaLiga
2019,1,9.5,0.11705988728752552,0,-10.0,-3.2961449773968376,3.2961449773968376,10.0,LaLiga
2019,X,5.25,0.21501019376033623,0,-10.0,-7.576677484809717,7.576677484809717,10.0,LaLiga
2019,1,3.2,0.4005330843072439,1,22.0,70.42646744579511,32.012030657179594,10.0,LaLiga
2019,X,4.75,0.31821514706374215,0,-10.0,-34.10146323685169,34.10146323685169,10.0,LaLiga
2019,1,3.4,0.44761673235699034,0,-10.0,-50.0,50.0,10.0,LaLiga
2019,1,3.8,0.4178402418275935,0,-10.0,-50.0,50.0,10.0,LaLiga
2019,1,3.5,0.32807583740466756,0,-10.0,-14.826543091633647,14.826543091633647,10.0,LaLiga
2019,1,2.3,0.4638478191544981,0,-10.0,-12.855766164489538,12.855766164489538,10.0,LaLiga
2019,X,4.5,0.24487035641819452,0,-10.0,-7.279757420133949,7.279757420133949,10.0,LaLiga
2019,1,3.6,0.37475108789706413,0,-10.0,-33.56768427206067,33.56768427206067,10.0,LaLiga
2019,2,3.5,0.3419691216401945,1,25.0,49.22298143517018,19.689192574068073,10.0,LaLiga
2019,1,2.37,0.5048273360143959,0,-10.0,-35.8468588237442,35.8468588237442,10.0,LaLiga
2019,X,4.75,0.22580306639753323,0,-10.0,-4.83763769255218,4.83763769255218,10.0,LaLiga
2019,X,8.0,0.2698641506375827,0,-10.0,-41.38975732502362,41.38975732502362,10.0,LaLiga
2019,2,3.8,0.3037088544507452,0,-10.0,-13.75836133150284,13.75836133150284,10.0,LaLiga
2019,1,2.3,0.5257937716483794,0,-10.0,-40.25493745986009,40.25493745986009,10.0,LaLiga
2019,2,3.4,0.3849772392951567,0,-10.0,-32.179438917034666,32.179438917034666,10.0,LaLiga
2019,1,5.0,0.3030913367000185,1,40.0,128.86417087502312,32.21604271875578,10.0,LaLiga
2019,1,5.5,0.2124226222356238,0,-10.0,-9.351356794218379,9.351356794218379,10.0,LaLiga
2019,1,5.0,0.38704713687279974,0,-10.0,-50.0,50.0,10.0,LaLiga
2020,1,2.1,0.5087563761060044,1,11.0,17.097097455652353,15.542815868774866,10.0,LaLiga
2020,X,4.0,0.2920076972914759,0,-10.0,-14.002565763825302,14.002565763825302,10.0,LaLiga
2020,2,3.1,0.38344506974619735,0,-10.0,-22.46187097776332,22.46187097776332,10.0,LaLiga
2020,1,4.75,0.4425203167084361,0,-10.0,-50.0,50.0,10.0,LaLiga
2020,1,4.0,0.36171281814661665,0,-10.0,-37.237606048872216,37.237606048872216,10.0,LaLiga
2020,X,4.0,0.2717159277941122,0,-10.0,-7.238642598037396,7.238642598037396,10.0,LaLiga
2020,1,4.2,0.27909046679670574,0,-10.0,-13.451559417669081,13.451559417669081,10.0,LaLiga
2020,1,3.5,0.390353266526837,0,-10.0,-36.62364328439294,36.62364328439294,10.0,LaLiga
2020,1,3.0,0.4146249567465236,0,-10.0,-30.484358779946348,30.484358779946348,10.0,LaLiga
2020,1,2.3,0.4921972431908725,0,-10.0,-25.394934488270522,25.394934488270522,10.0,LaLiga
2020,1,5.0,0.356134866924473,0,-10.0,-48.79214591389781,48.79214591389781,10.0,LaLiga
2020,X,4.2,0.2813507784005103,0,-10.0,-14.193224162667457,14.193224162667457,10.0,LaLiga
2020,X,4.2,0.3008354170219461,1,32.0,65.87718787304343,20.58662121032607,10.0,LaLiga
2020,1,5.75,0.1975494615162197,0,-10.0,-7.153126511487531,7.153126511487531,10.0,LaLiga
2020,X,4.2,0.2674755637599404,0,-10.0,-9.640419358730446,9.640419358730446,10.0,LaLiga
2020,X,4.5,0.2994670851401136,0,-10.0,-24.82870593789366,24.82870593789366,10.0,LaLiga
2020,1,2.25,0.4899186037146126,1,12.5,25.579214589469604,20.463371671575683,10.0,LaLiga
2020,2,3.4,0.3328855969113988,1,24.0,32.95275737468894,13.730315572787061,10.0,LaLiga
2020,1,3.1,0.4195835029922801,0,-10.0,-35.79867372334146,35.79867372334146,10.0,LaLiga
2020,X,4.33,0.29463075894709423,1,33.3,68.93779656022953,20.702041009077934,10.0,LaLiga
2020,1,3.3,0.3540570517171824,1,23.0,42.09706766667542,18.303072898554532,10.0,LaLiga
2020,1,6.0,0.18123625935113763,0,-10.0,-4.370877805341289,4.370877805341289,10.0,LaLiga
2020,X,4.5,0.23559483512834797,0,-10.0,-4.2983398626832745,4.2983398626832745,10.0,LaLiga
2020,1,5.5,0.3476135306001635,0,-10.0,-50.0,50.0,10.0,LaLiga
2020,1,4.75,0.22809879509392952,1,37.5,20.867319174041334,5.564618446411022,10.0,LaLiga
2020,2,3.8,0.29773572432925954,0,-10.0,-11.731763611713053,11.731763611713053,10.0,LaLiga
2020,1,3.25,0.4320850952068933,1,22.5,101.06913985560084,44.919617713600374,10.0,LaLiga
2020,2,3.6,0.3925762304648794,1,26.0,103.31860741839144,39.73792593015055,10.0,LaLiga
2020,1,3.6,0.3470568213257343,0,-10.0,-23.98120738198495,23.98120738198495,10.0,LaLiga
2020,1,2.3,0.47696614059478976,0,-10.0,-18.658100647695466,18.658100647695466,10.0,LaLiga
2020,1,2.37,0.4554765471221092,0,-10.0,-14.50354318967132,14.50354318967132,10.0,LaLiga
2020,1,1.33,0.8493118883735272,1,3.3000000000000007,16.500000000000004,50.0,10.0,LaLiga
2020,X,4.75,0.2254996600992715,1,37.5,17.780846367884905,4.741559031435974,10.0,LaLiga
2020,1,2.25,0.5552166730144211,0,-10.0,-49.84750285648949,49.84750285648949,10.0,LaLiga
2020,1,3.1,0.45191805850470956,0,-10.0,-47.731664448166626,47.731664448166626,10.0,LaLiga
2020,X,4.0,0.31915421594477017,0,-10.0,-23.05140531492339,23.05140531492339,10.0,LaLiga
2020,1,4.0,0.4772394859315223,0,-10.0,-50.0,50.0,10.0,LaLiga
2020,X,5.0,0.2644779514718117,0,-10.0,-20.14935983494115,20.14935983494115,10.0,LaLiga
2020,1,1.4,0.8010308411760881,1,3.999999999999999,19.999999999999996,50.0,10.0,LaLiga
2020,1,3.3,0.39033348205266644,1,23.0,72.02512269344979,31.31527073628252,10.0,LaLiga
2020,1,6.0,0.4067237480414241,1,50.0,250.0,50.0,10.0,LaLiga
2020,2,3.4,0.31042368177214047,0,-10.0,-5.775053960966406,5.775053960966406,10.0,LaLiga
2020,2,2.37,0.47595008876084594,0,-10.0,-23.357976343650538,23.357976343650538,10.0,LaLiga
2020,1,4.0,0.32311999505706485,0,-10.0,-24.37333168568828,24.37333168568828,10.0,LaLiga
2020,1,3.4,0.38088317981609016,0,-10.0,-30.729459518198595,30.729459518198595,10.0,LaLiga
2020,2,3.4,0.31683898739740185,0,-10.0,-8.047141369913145,8.047141369913145,10.0,LaLiga
2020,1,3.2,0.42265150723200523,0,-10.0,-40.05509353891101,40.05509353891101,10.0,LaLiga
2020,1,4.75,0.5164181024919506,0,-10.0,-50.0,50.0,10.0,LaLiga
2020,1,4.0,0.36012526391477523,0,-10.0,-36.708421304925075,36.708421304925075,10.0,LaLiga
2020,2,3.75,0.36449008380063325,0,-10.0,-33.34889220476134,33.34889220476134,10.0,LaLiga
2020,1,1.4,0.8049794124389354,1,3.999999999999999,19.999999999999996,50.0,10.0,LaLiga
2020,1,8.5,0.1319154451526168,1,75.0,30.32032094931069,4.042709459908092,10.0,LaLiga
2020,X,5.5,0.30057583514683417,1,45.0,163.291773326897,36.28706073931044,10.0,LaLiga
2020,1,2.3,0.46029993589970825,0,-10.0,-11.28651010948633,11.28651010948633,10.0,LaLiga
2020,1,4.75,0.41805014551228253,0,-10.0,-50.0,50.0,10.0,LaLiga
2020,2,3.1,0.34418038991310457,0,-10.0,-7.971334372693347,7.971334372693347,10.0,LaLiga
2020,2,3.0,0.3745180199103287,0,-10.0,-15.444257466373262,15.444257466373262,10.0,LaLiga
2020,1,3.25,0.4794894704045469,0,-10.0,-50.0,50.0,10.0,LaLiga
2020,1,3.75,0.42208189724239037,0,-10.0,-50.0,50.0,10.0,LaLiga
2020,X,7.0,0.19512822412803632,0,-10.0,-15.245732037343926,15.245732037343926,10.0,LaLiga
2020,1,3.4,0.44465347044371545,0,-10.0,-50.0,50.0,10.0,LaLiga
2020,1,3.1,0.438790999384081,0,-10.0,-42.88715453460132,42.88715453460132,10.0,LaLiga
2020,X,4.5,0.2806728061028289,0,-10.0,-18.787687675909293,18.787687675909293,10.0,LaLiga
2020,1,1.2,0.9444444436625933,1,1.9999999999999996,9.999999999999998,50.0,10.0,LaLiga
2020,X,6.0,0.19616458089861985,1,50.0,44.24687134792976,8.849374269585953,10.0,LaLiga
2020,1,3.4,0.3112372360290172,1,24.0,14.551650624664626,6.063187760276928,10.0,LaLiga
2020,1,3.6,0.46608928440124936,0,-10.0,-50.0,50.0,10.0,LaLiga
2020,1,6.5,0.24292630500252876,0,-10.0,-26.319135568928953,26.319135568928953,10.0,LaLiga
2020,X,4.2,0.2610473514960498,0,-10.0,-7.53116220964134,7.53116220964134,10.0,LaLiga
2020,1,3.3,0.41960136799125713,0,-10.0,-41.813534170777004,41.813534170777004,10.0,LaLiga
2020,1,3.75,0.4129465622067147,0,-10.0,-49.86814620683456,49.86814620683456,10.0,LaLiga
2020,1,3.3,0.4760892050599243,0,-10.0,-50.0,50.0,10.0,LaLiga
2020,1,7.0,0.19772379415786515,0,-10.0,-16.002773296044005,16.002773296044005,10.0,LaLiga
2020,X,5.4,0.22941064625204236,0,-10.0,-13.569175554603914,13.569175554603914,10.0,LaLiga
2020,1,2.0,0.6826257586641105,0,-10.0,-50.0,50.0,10.0,LaLiga
2020,1,3.3,0.39590426211585084,0,-10.0,-33.313485324163885,33.313485324163885,10.0,LaLiga
2020,1,1.33,0.8623747451555,1,3.3000000000000007,16.500000000000004,50.0,10.0,LaLiga
2020,1,1.44,0.7777073601905523,1,4.3999999999999995,21.999999999999996,50.0,10.0,LaLiga
2020,1,10.0,0.13356700719271572,0,-10.0,-9.324168664643258,9.324168664643258,10.0,LaLiga
2020,X,6.5,0.1922751929549459,1,55.0,62.4471885517871,11.35403428214311,10.0,LaLiga
2020,1,2.35,0.4468719258277882,0,-10.0,-9.286856610241172,9.286856610241172,10.0,LaLiga
2020,1,1.44,0.7708501410858872,1,4.3999999999999995,21.999999999999996,50.0,10.0,LaLiga
2020,1,3.9,0.35209121243584063,0,-10.0,-32.16859728446365,32.16859728446365,10.0,LaLiga
2020,2,3.3,0.3410651526659027,0,-10.0,-13.642935195378135,13.642935195378135,10.0,LaLiga
2020,1,7.0,0.1653091583923094,0,-10.0,-6.548504531090238,6.548504531090238,10.0,LaLiga
2020,1,6.5,0.23674418794695487,0,-10.0,-24.492600984327574,24.492600984327574,10.0,LaLiga
2020,X,4.0,0.27588457660747184,1,30.0,25.884576607471843,8.628192202490615,10.0,LaLiga
2020,2,3.75,0.2926156024991163,0,-10.0,-8.846228124698737,8.846228124698737,10.0,LaLiga
2020,1,4.2,0.26538135912794325,0,-10.0,-8.953258463856375,8.953258463856375,10.0,LaLiga
2020,1,3.4,0.3561206395901993,0,-10.0,-21.959393188195573,21.959393188195573,10.0,LaLiga
2020,X,5.25,0.21595223128881005,0,-10.0,-7.8676008391913435,7.8676008391913435,10.0,LaLiga
2020,2,3.6,0.312236236273371,0,-10.0,-11.927927940782265,11.927927940782265,10.0,LaLiga
2020,1,6.5,0.2111142375060628,0,-10.0,-16.92011562679129,16.92011562679129,10.0,LaLiga
2020,1,2.37,0.44874081489235246,0,-10.0,-11.59046191512323,11.59046191512323,10.0,LaLiga
2020,1,4.33,0.3906330360463321,0,-10.0,-50.0,50.0,10.0,LaLiga
2020,1,5.5,0.3465978043520886,0,-10.0,-50.0,50.0,10.0,LaLiga
2020,X,4.0,0.28651798407634793,1,30.0,36.51798407634793,12.172661358782644,10.0,LaLiga
2020,1,6.5,0.34134658533336965,0,-10.0,-50.0,50.0,10.0,LaLiga
2020,1,4.33,0.47364369633243514,0,-10.0,-50.0,50.0,10.0,LaLiga
2020,1,5.5,0.2861492143918362,0,-10.0,-31.878926619727736,31.878926619727736,10.0,LaLiga
2020,2,3.0,0.4420032736065687,0,-10.0,-40.751227602463274,40.751227602463274,10.0,LaLiga
2020,1,8.0,0.1427767558025749,0,-10.0,-5.079073086449971,5.079073086449971,10.0,LaLiga
2020,X,5.25,0.20716861747433893,0,-10.0,-5.15501422001644,5.15501422001644,10.0,LaLiga
2020,2,3.75,0.3523777274433766,0,-10.0,-29.219679810242024,29.219679810242024,10.0,LaLiga
2020,2,3.6,0.30570640027250234,1,26.0,25.135760245252104,9.667600094327732,10.0,LaLiga
2020,1,4.0,0.31891052129042063,0,-10.0,-22.970173763473547,22.970173763473547,10.0,LaLiga
2020,1,1.33,0.8030116664985165,0,-10.0,-50.0,50.0,10.0,LaLiga
2020,1,9.0,0.11715724343447727,0,-10.0,-1.7004747159467328,1.7004747159467328,10.0,LaLiga
2020,X,4.0,0.3268550143542727,0,-10.0,-25.618338118090907,25.618338118090907,10.0,LaLiga
2020,1,1.36,0.7737937564603325,1,3.600000000000001,13.089877196513111,36.36076999031419,10.0,LaLiga
2020,X,5.25,0.21710266676450618,0,-10.0,-8.222882383156323,8.222882383156323,10.0,LaLiga
2020,1,7.0,0.16415253146645112,0,-10.0,-6.211155011048241,6.211155011048241,10.0,LaLiga
2020,1,6.5,0.4025630540546517,0,-10.0,-50.0,50.0,10.0,LaLiga
2020,X,4.2,0.2784576861249289,0,-10.0,-13.243928259742288,13.243928259742288,10.0,LaLiga
2020,1,5.75,0.26249378226340697,0,-10.0,-26.80732884287317,26.80732884287317,10.0,LaLiga
2020,X,4.6,0.3355649363290227,0,-10.0,-37.749910216215575,37.749910216215575,10.0,LaLiga
2020,X,4.2,0.27697539863019877,0,-10.0,-12.757552675533978,12.757552675533978,10.0,LaLiga
2020,2,3.4,0.3556472052478183,1,24.0,52.30012446064553,21.79171852526897,10.0,LaLiga
2020,1,3.75,0.32127231981663146,0,-10.0,-18.615563573851635,18.615563573851635,10.0,LaLiga
2020,1,4.0,0.29585909580392705,0,-10.0,-15.286365267975684,15.286365267975684,10.0,LaLiga
2020,1,4.75,0.25449948780005266,0,-10.0,-13.924837803350002,13.924837803350002,10.0,LaLiga
2020,1,2.45,0.48651745797795704,1,14.500000000000002,47.991943011498726,33.097891732068085,10.0,LaLiga
2020,1,3.6,0.4146249567465236,1,26.0,123.16246107187122,47.370177335335086,10.0,LaLiga
2020,1,1.16,0.9075481774290312,0,-10.0,-50.0,50.0,10.0,LaLiga
2020,2,3.5,0.41009859953328426,0,-10.0,-43.534509836649484,43.534509836649484,10.0,LaLiga
2020,2,3.0,0.37149647351212645,0,-10.0,-14.311177567047418,14.311177567047418,10.0,LaLiga
2020,1,4.0,0.3514671387098433,0,-10.0,-33.82237956994777,33.82237956994777,10.0,LaLiga
2020,1,3.3,0.5514123929080715,0,-10.0,-50.0,50.0,10.0,LaLiga
2020,2,3.1,0.3752182341243983,0,-10.0,-19.425776879242235,19.425776879242235,10.0,LaLiga
2020,2,3.5,0.3225353090734398,0,-10.0,-12.887358175703922,12.887358175703922,10.0,LaLiga
2020,1,3.8,0.3870040009824285,0,-10.0,-42.01921461903822,42.01921461903822,10.0,LaLiga
2020,1,3.2,0.4110308121505335,0,-10.0,-35.82938623655763,35.82938623655763,10.0,LaLiga
2020,X,4.0,0.28669708205978445,1,30.0,36.69708205978444,12.232360686594815,10.0,LaLiga
2020,1,4.0,0.40103671302434446,1,30.0,150.0,50.0,10.0,LaLiga
2020,1,6.5,0.21278795604779388,1,55.0,95.78042857766506,17.414623377757284,10.0,LaLiga
2020,1,3.0,0.4132810555657069,1,20.0,59.960791674280145,29.980395837140073,10.0,LaLiga
2020,1,5.75,0.2756208810344634,0,-10.0,-30.780003470956032,30.780003470956032,10.0,LaLiga
2020,1,3.25,0.44874081489235246,1,22.5,112.5,50.0,10.0,LaLiga
2020,1,3.0,0.4832485162262632,0,-10.0,-50.0,50.0,10.0,LaLiga
2020,X,4.33,0.2744133636409811,0,-10.0,-14.129869712120735,14.129869712120735,10.0,LaLiga
2020,1,2.15,0.5658275908538536,0,-10.0,-47.07159137734461,47.07159137734461,10.0,LaLiga
2020,1,2.2,0.4909064324667837,0,-10.0,-16.665448213942547,16.665448213942547,10.0,LaLiga
2020,1,4.75,0.36026623093930893,0,-10.0,-47.41763979744783,47.41763979744783,10.0,LaLiga
2020,1,5.5,0.40871338945473257,1,45.0,225.0,50.0,10.0,LaLiga
2020,X,4.2,0.27316483368879524,0,-10.0,-11.507211054135949,11.507211054135949,10.0,LaLiga
2020,1,2.0,0.5626404760098109,1,10.0,31.320238004905466,31.320238004905466,10.0,LaLiga
2020,1,1.4,0.7851216488663538,1,3.999999999999999,19.999999999999996,50.0,10.0,LaLiga
2020,1,4.33,0.36229326131659945,0,-10.0,-42.69743404661228,42.69743404661228,10.0,LaLiga
2020,2,3.0,0.5117667718225136,0,-10.0,-50.0,50.0,10.0,LaLiga
2020,1,1.36,0.8242294818614799,1,3.600000000000001,18.000000000000004,50.0,10.0,LaLiga
2020,1,3.6,0.3799460479040911,0,-10.0,-35.36593965910845,35.36593965910845,10.0,LaLiga
2020,2,3.75,0.3106036519237416,0,-10.0,-14.97851770127554,14.97851770127554,10.0,LaLiga
2020,1,3.8,0.36229326131659945,0,-10.0,-33.635213660989095,33.635213660989095,10.0,LaLiga
2020,1,1.33,0.8740094532140894,1,3.3000000000000007,16.500000000000004,50.0,10.0,LaLiga
2020,1,3.0,0.4722521038362342,0,-10.0,-50.0,50.0,10.0,LaLiga
2020,1,4.33,0.38127585208902887,0,-10.0,-48.8682011670792,48.8682011670792,10.0,LaLiga
2020,X,9.0,0.1210887763027551,0,-10.0,-2.806218335149872,2.806218335149872,10.0,LaLiga
2020,1,2.0,0.5354973405840872,1,10.0,17.748670292043577,17.748670292043577,10.0,LaLiga
2020,2,3.1,0.39001111855253806,1,21.0,52.25861687821698,24.8850556562938,10.0,LaLiga
2020,1,3.25,0.4351459175862295,0,-10.0,-46.0249146839162,46.0249146839162,10.0,LaLiga
2020,2,3.6,0.3796091017159313,1,26.0,91.64819154433818,35.24930444013007,10.0,LaLiga
2020,1,3.5,0.33348235221147604,0,-10.0,-16.718823274016614,16.718823274016614,10.0,LaLiga
2020,1,3.5,0.3301771338393406,0,-10.0,-15.56199684376922,15.56199684376922,10.0,LaLiga
2020,1,1.4,0.8070580007727802,1,3.999999999999999,19.999999999999996,50.0,10.0,LaLiga
2020,1,6.0,0.21816251197974393,0,-10.0,-15.44875359392318,15.44875359392318,10.0,LaLiga
2020,1,3.6,0.47852368838296183,0,-10.0,-50.0,50.0,10.0,LaLiga
2020,1,3.75,0.38816332654953617,0,-10.0,-41.41931586916005,41.41931586916005,10.0,LaLiga
2020,1,2.37,0.6147920422028935,0,-10.0,-50.0,50.0,10.0,LaLiga
2020,1,9.0,0.2486834011549205,0,-10.0,-38.69220657482139,38.69220657482139,10.0,LaLiga
2020,1,5.0,0.4056080362581036,0,-10.0,-50.0,50.0,10.0,LaLiga
2020,X,4.2,0.2564933166102062,0,-10.0,-6.036869512723916,6.036869512723916,10.0,LaLiga
2020,1,4.33,0.40992185857900415,1,33.3,166.5,50.0,10.0,LaLiga
2020,1,2.37,0.5239424202351093,1,13.700000000000001,60.435883989302276,44.11378393379728,10.0,LaLiga
2020,1,1.36,0.8661710580459357,1,3.600000000000001,18.000000000000004,50.0,10.0,LaLiga
2020,1,1.45,0.7706581285678539,0,-10.0,-50.0,50.0,10.0,LaLiga
2020,1,4.0,0.3723828023839837,1,30.0,122.38280238398369,40.7942674613279,10.0,LaLiga
2020,1,1.4,0.7745362077164053,1,3.999999999999999,19.999999999999996,50.0,10.0,LaLiga
2020,2,3.25,0.32374829594737914,0,-10.0,-5.797995758775808,5.797995758775808,10.0,LaLiga
2020,1,4.5,0.3721668274796695,0,-10.0,-48.19648026132234,48.19648026132234,10.0,LaLiga
2020,X,4.2,0.2511333980790096,0,-10.0,-4.278146244675023,4.278146244675023,10.0,LaLiga
2020,1,4.0,0.3777431815566941,0,-10.0,-42.58106051889804,42.58106051889804,10.0,LaLiga
2020,1,3.75,0.3392178156035919,1,27.5,68.01670212836741,24.733346228497243,10.0,LaLiga
2020,1,1.36,0.7798261347574943,1,3.600000000000001,15.140885817548076,42.058016159855754,10.0,LaLiga
2020,2,3.0,0.3560791359696098,0,-10.0,-8.529675988603657,8.529675988603657,10.0,LaLiga
2020,1,7.0,0.38739946116109847,0,-10.0,-50.0,50.0,10.0,LaLiga
2020,X,5.5,0.21524865379220462,0,-10.0,-10.214866436506968,10.214866436506968,10.0,LaLiga
2020,2,3.5,0.33656368533910846,0,-10.0,-17.797289868687958,17.797289868687958,10.0,LaLiga
2020,1,3.6,0.44465347044371545,1,26.0,130.0,50.0,10.0,LaLiga
2020,1,12.0,0.2490734293497511,0,-10.0,-45.20184436811394,45.20184436811394,10.0,LaLiga
2020,X,8.0,0.18954919334783935,1,70.0,129.09838669567867,18.44262667081124,10.0,LaLiga
2020,1,2.35,0.6325207874071418,1,13.5,67.5,50.0,10.0,LaLiga
2020,1,8.0,0.15160726817087003,0,-10.0,-7.60207662024858,7.60207662024858,10.0,LaLiga
2020,1,3.8,0.3759770392254497,0,-10.0,-38.27792402292044,38.27792402292044,10.0,LaLiga
2020,1,3.2,0.487592237366724,0,-10.0,-50.0,50.0,10.0,LaLiga
2020,1,5.0,0.2234903217771246,0,-10.0,-7.340725555351438,7.340725555351438,10.0,LaLiga
2020,X,4.2,0.2689338712402313,0,-10.0,-10.118926500700901,10.118926500700901,10.0,LaLiga
2020,2,3.8,0.45145955584486575,0,-10.0,-50.0,50.0,10.0,LaLiga
2020,1,5.0,0.30824590318640505,0,-10.0,-33.82684474575158,33.82684474575158,10.0,LaLiga
2020,X,4.33,0.25207210943065184,0,-10.0,-6.867284822426612,6.867284822426612,10.0,LaLiga
2020,1,3.2,0.40273260456855464,0,-10.0,-32.81185620674715,32.81185620674715,10.0,LaLiga
2020,1,9.0,0.12473224969039876,0,-10.0,-3.8309452254246534,3.8309452254246534,10.0,LaLiga
2020,1,1.4,0.7645653510769113,1,3.999999999999999,17.59787287691894,43.99468219229736,10.0,LaLiga
2020,X,4.2,0.28217072778399355,1,32.0,46.279264173193226,14.462270054122882,10.0,LaLiga
2020,X,4.33,0.2454434649210945,0,-10.0,-4.71247771083628,4.71247771083628,10.0,LaLiga
2021,1,2.25,0.5160278265461095,0,-10.0,-32.21252194574924,32.21252194574924,10.0,LaLiga
2021,1,3.3,0.47376344676025944,0,-10.0,-50.0,50.0,10.0,LaLiga
2021,1,7.0,0.17581071051496888,0,-10.0,-9.61145723353259,9.61145723353259,10.0,LaLiga
2021,1,4.2,0.27668108479250964,0,-10.0,-12.660980947542221,12.660980947542221,10.0,LaLiga
2021,X,4.0,0.3472307854779873,0,-10.0,-32.41026182599577,32.41026182599577,10.0,LaLiga
2021,1,1.44,0.7543676270508125,1,4.3999999999999995,21.572345738292476,49.02805849611927,10.0,LaLiga
2021,X,4.2,0.26334486972465504,1,32.0,26.51211321088781,8.28503537840244,10.0,LaLiga
2021,1,3.8,0.4639461484292406,0,-10.0,-50.0,50.0,10.0,LaLiga
2021,X,4.2,0.31105292357136033,1,32.0,76.60556974992839,23.93924054685262,10.0,LaLiga
2021,2,2.3,0.4871156127722287,0,-10.0,-23.14729026463962,23.14729026463962,10.0,LaLiga
2021,1,4.0,0.3093564856118094,0,-10.0,-19.785495203936463,19.785495203936463,10.0,LaLiga
2021,1,3.5,0.35919356262049634,0,-10.0,-25.717746917173724,25.717746917173724,10.0,LaLiga
2021,1,4.2,0.27558787802929074,0,-10.0,-12.302272478361028,12.302272478361028,10.0,LaLiga
2021,1,5.0,0.2535436939011655,0,-10.0,-16.732404344114215,16.732404344114215,10.0,LaLiga
2021,1,1.4,0.7683941130642228,1,3.999999999999999,18.937939572477973,47.34484893119494,10.0,LaLiga
2021,1,3.2,0.43865652040170194,0,-10.0,-45.87509832789163,45.87509832789163,10.0,LaLiga
2021,1,5.0,0.350608663990408,0,-10.0,-47.065207497002504,47.065207497002504,10.0,LaLiga
2021,X,4.33,0.2916930681976216,0,-10.0,-19.747070968145763,19.747070968145763,10.0,LaLiga
2021,1,2.37,0.4723959744738564,1,13.700000000000001,29.89461487575995,21.8208867706277,10.0,LaLiga
2021,1,2.0,0.6042016463246505,0,-10.0,-50.0,50.0,10.0,LaLiga
2021,1,3.8,0.3526689021128932,0,-10.0,-30.36980607401733,30.36980607401733,10.0,LaLiga
2021,1,6.0,0.28262001221931204,0,-10.0,-34.78600366579361,34.78600366579361,10.0,LaLiga
2021,X,6.5,0.18846913389962353,0,-10.0,-10.229516833979678,10.229516833979678,10.0,LaLiga
2021,X,4.2,0.28138238196503224,0,-10.0,-14.203594082276213,14.203594082276213,10.0,LaLiga
2021,1,6.0,0.17613016433808962,0,-10.0,-2.839049301426888,2.839049301426888,10.0,LaLiga
2021,2,3.0,0.36530683762170063,1,20.0,23.98012821627549,11.990064108137744,10.0,LaLiga
2021,1,4.2,0.2990454455951023,0,-10.0,-19.99928683589296,19.99928683589296,10.0,LaLiga
2021,X,4.75,0.32342916911275554,1,37.5,134.07213832139718,35.75257021903925,10.0,LaLiga
2021,1,1.4,0.8012946498217169,1,3.999999999999999,19.999999999999996,50.0,10.0,LaLiga
2021,X,4.5,0.2397696760726007,0,-10.0,-5.640253023335928,5.640253023335928,10.0,LaLiga
2021,X,4.0,0.300910476506948,0,-10.0,-16.97015883564934,16.97015883564934,10.0,LaLiga
2021,2,3.4,0.3095607634850505,0,-10.0,-5.469437067622055,5.469437067622055,10.0,LaLiga
2021,1,3.3,0.3437070266949121,1,23.0,33.55829702330249,14.590563923174996,10.0,LaLiga
2021,1,5.0,0.2679798704295548,1,40.0,84.9748380369435,21.243709509235874,10.0,LaLiga
2021,X,4.0,0.3607893641738022,0,-10.0,-36.92978805793407,36.92978805793407,10.0,LaLiga
2021,1,3.6,0.504829571863373,0,-10.0,-50.0,50.0,10.0,LaLiga
2021,1,4.8,0.25299456307629836,1,38.0,53.593475691558034,14.103546234620536,10.0,LaLiga
2021,1,1.4,0.7560659973802516,1,3.999999999999999,14.623099083088064,36.55774770772017,10.0,LaLiga
2021,X,4.33,0.2669477428809362,0,-10.0,-11.702982483067096,11.702982483067096,10.0,LaLiga
2021,1,3.5,0.4087844089455852,0,-10.0,-43.07454313095482,43.07454313095482,10.0,LaLiga
2021,2,3.2,0.41295772377830403,0,-10.0,-36.530081373928745,36.530081373928745,10.0,LaLiga
2021,2,3.1,0.3471553271436667,1,21.0,19.045378536341698,9.069227874448426,10.0,LaLiga
2021,X,5.5,0.27276033077243916,1,45.0,125.04545481210383,27.787878847134184,10.0,LaLiga
2021,1,5.5,0.2963183376234373,0,-10.0,-34.98615871827251,34.98615871827251,10.0,LaLiga
2021,X,5.5,0.273150781586238,1,45.0,125.58232468107728,27.90718326246162,10.0,LaLiga
2021,1,2.45,0.47065678795748306,1,14.500000000000002,38.277282623958406,26.39812594755752,10.0,LaLiga
2021,1,2.1,0.6394696386627899,0,-10.0,-50.0,50.0,10.0,LaLiga
2021,X,4.75,0.3051010121418884,0,-10.0,-29.94865384493132,29.94865384493132,10.0,LaLiga
2021,2,2.1,0.5245462324960702,0,-10.0,-23.078883691306253,23.078883691306253,10.0,LaLiga
2021,X,4.0,0.31264342654409955,0,-10.0,-20.881142181366513,20.881142181366513,10.0,LaLiga
2021,1,4.5,0.40925247724497354,0,-10.0,-50.0,50.0,10.0,LaLiga
2021,2,2.45,0.48685804398778654,1,14.500000000000002,48.20055194251926,33.24175996035811,10.0,LaLiga
2021,1,3.5,0.45947920777144197,0,-10.0,-50.0,50.0,10.0,LaLiga
2021,X,5.25,0.31209322843314363,0,-10.0,-37.55820289847083,37.55820289847083,10.0,LaLiga
2021,1,1.44,0.7922641101255276,1,4.3999999999999995,21.999999999999996,50.0,10.0,LaLiga
2021,X,4.33,0.28245988025486635,1,33.3,55.76282037589281,16.745591704472314,10.0,LaLiga
2021,1,7.0,0.17721353498345285,0,-10.0,-10.020614370173744,10.020614370173744,10.0,LaLiga
2021,X,4.5,0.36203906727951524,0,-10.0,-44.94112876841561,44.94112876841561,10.0,LaLiga
2021,1,3.6,0.4422417441375035,0,-10.0,-50.0,50.0,10.0,LaLiga
2021,X,4.75,0.28090112647321414,1,37.5,83.5700876869418,22.285356716517814,10.0,LaLiga
2021,X,4.2,0.2534541332244316,0,-10.0,-5.039637464266631,5.039637464266631,10.0,LaLiga
2021,1,3.2,0.3553087721884938,1,22.0,34.24701775079508,15.5668262503614,10.0,LaLiga
2021,X,4.0,0.40066465817671754,0,-10.0,-50.0,50.0,10.0,LaLiga
2021,1,1.44,0.7700404527552885,1,4.3999999999999995,21.999999999999996,50.0,10.0,LaLiga
2021,2,3.25,0.35836538653748334,0,-10.0,-18.298611805202327,18.298611805202327,10.0,LaLiga
2021,X,4.5,0.31566371409324523,0,-10.0,-30.034765244257393,30.034765244257393,10.0,LaLiga
2021,1,2.0,0.5448911877633448,1,10.0,22.445593881672387,22.445593881672387,10.0,LaLiga
2021,1,3.3,0.3606316623192047,0,-10.0,-20.66135713623646,20.66135713623646,10.0,LaLiga
2021,1,1.3,0.8989973456927473,0,-10.0,-50.0,50.0,10.0,LaLiga
2021,1,2.4,0.4813112070456212,0,-10.0,-27.70480301955195,27.70480301955195,10.0,LaLiga
2021,1,2.15,0.520653683887335,1,11.5,29.851355089442535,25.95770007777612,10.0,LaLiga
2021,1,3.5,0.46344675089485105,0,-10.0,-50.0,50.0,10.0,LaLiga
2021,2,3.8,0.3105398285813454,0,-10.0,-16.076013268670753,16.076013268670753,10.0,LaLiga
2021,2,3.1,0.4375165380045158,1,21.0,89.07531695349974,42.416817596904636,10.0,LaLiga
2021,2,3.3,0.3243469168380135,0,-10.0,-7.646176691896133,7.646176691896133,10.0,LaLiga
2021,X,5.5,0.2565213289171427,0,-10.0,-22.825961613571373,22.825961613571373,10.0,LaLiga
2021,1,2.4,0.45352231900416656,1,14.0,22.113391402499904,15.795279573214218,10.0,LaLiga
2021,X,7.5,0.16896154551984668,1,65.0,66.80289784971255,10.277368899955777,10.0,LaLiga
2021,1,6.0,0.26028823281607866,1,50.0,140.43234922411796,28.086469844823593,10.0,LaLiga
2021,1,5.5,0.2578675618518447,1,45.0,104.56789754628642,23.237310565841426,10.0,LaLiga
2021,X,4.5,0.2650594046133084,0,-10.0,-13.769094339991993,13.769094339991993,10.0,LaLiga
2021,2,2.15,0.5072111822148136,1,11.5,22.626010440462306,19.67479168735853,10.0,LaLiga
2021,1,3.5,0.3047761828225455,0,-10.0,-6.671663987890919,6.671663987890919,10.0,LaLiga
2021,X,5.0,0.23472190931066947,0,-10.0,-10.85059665958421,10.85059665958421,10.0,LaLiga
2021,1,3.1,0.38425336845972796,0,-10.0,-22.76017169347103,22.76017169347103,10.0,LaLiga
2021,2,3.4,0.36530683762170063,0,-10.0,-25.21283832435231,25.21283832435231,10.0,LaLiga
2021,X,5.0,0.2574170956820727,0,-10.0,-17.942842400647724,17.942842400647724,10.0,LaLiga
2021,1,4.0,0.3702785653377858,0,-10.0,-40.09285511259527,40.09285511259527,10.0,LaLiga
2021,1,4.5,0.236143687048239,1,35.0,15.661647929268886,4.474756551219682,10.0,LaLiga
2021,1,3.25,0.47021737584271434,0,-10.0,-50.0,50.0,10.0,LaLiga
2021,X,4.33,0.2774352395028006,0,-10.0,-15.11220623476926,15.11220623476926,10.0,LaLiga
2021,1,3.3,0.3995229053627091,0,-10.0,-34.61147692358043,34.61147692358043,10.0,LaLiga
2021,1,3.25,0.4040476971566171,0,-10.0,-34.79500175100061,34.79500175100061,10.0,LaLiga
2021,1,1.44,0.843833420701559,1,4.3999999999999995,21.999999999999996,50.0,10.0,LaLiga
2021,X,4.2,0.32865266307096247,0,-10.0,-29.714155070159567,29.714155070159567,10.0,LaLiga
2021,1,6.0,0.2500842597971924,0,-10.0,-25.025277939157718,25.025277939157718,10.0,LaLiga
2021,X,8.0,0.18210619563943675,1,70.0,114.2123912788735,16.31605589698193,10.0,LaLiga
2021,1,2.37,0.45094982830947133,1,13.700000000000001,17.187773273361795,12.545819907563352,10.0,LaLiga
2021,1,3.6,0.3076321967437134,0,-10.0,-10.334221949746942,10.334221949746942,10.0,LaLiga
2021,X,6.0,0.19594155325107523,0,-10.0,-8.782465975322573,8.782465975322573,10.0,LaLiga
2021,X,4.2,0.2938911470668735,0,-10.0,-18.30803263131788,18.30803263131788,10.0,LaLiga
2021,1,3.8,0.3673518541035057,0,-10.0,-35.351521927975135,35.351521927975135,10.0,LaLiga
2021,1,5.0,0.22014167129592557,0,-10.0,-6.29427227997674,6.29427227997674,10.0,LaLiga
2021,X,4.5,0.2563078698756797,0,-10.0,-10.956101031468474,10.956101031468474,10.0,LaLiga
2021,1,3.4,0.3794824133273485,0,-10.0,-30.233354720102593,30.233354720102593,10.0,LaLiga
2021,1,3.4,0.40227861409107746,1,24.0,91.93682197741582,38.307009157256594,10.0,LaLiga
2021,1,1.33,0.8698280131965466,0,-10.0,-50.0,50.0,10.0,LaLiga
2021,1,3.0,0.42111468891065246,1,20.0,65.83601668298932,32.91800834149466,10.0,LaLiga
2021,1,1.22,0.9252530232595536,1,2.1999999999999997,10.999999999999998,50.0,10.0,LaLiga
2021,2,2.05,0.5975582787454135,1,10.499999999999998,52.49999999999999,50.0,10.0,LaLiga
2021,1,3.2,0.3834360991538585,0,-10.0,-25.794945146857636,25.794945146857636,10.0,LaLiga
2021,X,4.0,0.2974860447601932,0,-10.0,-15.828681586731063,15.828681586731063,10.0,LaLiga
2021,2,2.2,0.5540228406574114,0,-10.0,-45.593801967980234,45.593801967980234,10.0,LaLiga
2021,2,3.4,0.3886726267242975,0,-10.0,-33.488221964855356,33.488221964855356,10.0,LaLiga
2021,2,3.1,0.37316051848826914,1,21.0,39.19940182840858,18.666381823051704,10.0,LaLiga
2021,1,2.2,0.6239772840586949,1,12.000000000000002,60.00000000000001,50.0,10.0,LaLiga
2021,1,3.4,0.3881019562507427,0,-10.0,-33.286109505471366,33.286109505471366,10.0,LaLiga
2021,2,3.6,0.3467075735897371,0,-10.0,-23.860313934909,23.860313934909,10.0,LaLiga
2021,X,4.2,0.33561196011656147,0,-10.0,-31.997674413246738,31.997674413246738,10.0,LaLiga
2021,1,3.0,0.38120161659942897,0,-10.0,-17.950606224785865,17.950606224785865,10.0,LaLiga
2021,1,7.5,0.21047446504197173,0,-10.0,-22.252249531338,22.252249531338,10.0,LaLiga
2021,X,4.33,0.2568959802705674,0,-10.0,-8.435404997864637,8.435404997864637,10.0,LaLiga
2021,X,4.0,0.3279206310464871,0,-10.0,-25.97354368216237,25.97354368216237,10.0,LaLiga
2021,1,2.3,0.4682122257504407,0,-10.0,-14.786176774233383,14.786176774233383,10.0,LaLiga
2021,2,3.2,0.356326296136833,0,-10.0,-15.936834958848355,15.936834958848355,10.0,LaLiga
2021,X,4.2,0.29542147756913606,0,-10.0,-18.81017232737278,18.81017232737278,10.0,LaLiga
2021,X,4.75,0.22186910692914327,0,-10.0,-3.5918838608953654,3.5918838608953654,10.0,LaLiga
2021,2,2.3,0.46273136031946077,0,-10.0,-12.361947833607633,12.361947833607633,10.0,LaLiga
2021,1,2.3,0.4910119454363849,1,12.999999999999998,32.3318686259213,24.87066817378562,10.0,LaLiga
2021,1,6.0,0.2328782337493276,0,-10.0,-19.863470124798276,19.863470124798276,10.0,LaLiga
2021,2,2.0,0.5580742326649961,1,10.0,29.03711633249806,29.03711633249806,10.0,LaLiga
2021,1,4.75,0.25636868205863333,1,37.5,54.4378099446271,14.516749318567227,10.0,LaLiga
2021,2,3.2,0.36742756192338555,0,-10.0,-19.97365888123111,19.97365888123111,10.0,LaLiga
2021,1,2.05,0.561915707332547,0,-10.0,-36.17314286469556,36.17314286469556,10.0,LaLiga
2021,1,1.33,0.8725048547416984,1,3.3000000000000007,16.500000000000004,50.0,10.0,LaLiga
2021,1,3.8,0.31517890903398676,1,28.0,49.419963582287394,17.64998699367407,10.0,LaLiga
2021,X,4.5,0.4625083448611107,0,-10.0,-50.0,50.0,10.0,LaLiga
2021,X,4.2,0.27018992456623186,0,-10.0,-10.531068998294833,10.531068998294833,10.0,LaLiga
2021,X,4.0,0.3282308546449415,0,-10.0,-26.076951548313836,26.076951548313836,10.0,LaLiga
2021,X,4.33,0.24386966181656833,0,-10.0,-4.200873548479047,4.200873548479047,10.0,LaLiga
2021,1,3.4,0.420918838556344,0,-10.0,-44.90875532203849,44.90875532203849,10.0,LaLiga
2021,X,4.5,0.23893146210094052,0,-10.0,-5.370827103873742,5.370827103873742,10.0,LaLiga
2021,1,2.3,0.5061868429291194,0,-10.0,-31.582642064802823,31.582642064802823,10.0,LaLiga
2021,1,3.9,0.3606316623192047,0,-10.0,-35.039955434905025,35.039955434905025,10.0,LaLiga
2021,X,5.0,0.25968215674900313,0,-10.0,-18.650673984063477,18.650673984063477,10.0,LaLiga
2021,2,3.3,0.34262976700579345,0,-10.0,-14.20415555642591,14.20415555642591,10.0,LaLiga
2021,1,2.1,0.508324073490392,0,-10.0,-15.336489620414348,15.336489620414348,10.0,LaLiga
2021,1,2.15,0.5324055388897927,0,-10.0,-31.45041491588138,31.45041491588138,10.0,LaLiga
2021,X,4.5,0.3299218289431219,0,-10.0,-34.61773073171775,34.61773073171775,10.0,LaLiga
2021,X,6.5,0.25275780670996406,0,-10.0,-29.223897437034836,29.223897437034836,10.0,LaLiga
2021,X,4.0,0.31694023936922705,0,-10.0,-22.313413123075684,22.313413123075684,10.0,LaLiga
2021,X,4.75,0.2537532046602211,0,-10.0,-13.688514809070021,13.688514809070021,10.0,LaLiga
2021,1,1.3,0.8875466556718115,0,-10.0,-50.0,50.0,10.0,LaLiga
2021,2,3.75,0.3066240959728756,1,27.5,37.4600899745709,13.621850899843963,10.0,LaLiga
2021,1,3.4,0.40166864565966964,0,-10.0,-38.090978671133,38.090978671133,10.0,LaLiga
2021,1,1.3,0.8283404498186108,0,-10.0,-50.0,50.0,10.0,LaLiga
2021,1,2.2,0.5583606794699774,0,-10.0,-47.58197809040631,47.58197809040631,10.0,LaLiga
2021,2,2.1,0.5575050785040786,0,-10.0,-38.80924201331025,38.80924201331025,10.0,LaLiga
2021,1,3.3,0.34424352181487367,0,-10.0,-14.78300239011772,14.78300239011772,10.0,LaLiga
2021,1,1.3,0.9036705154457869,1,3.0000000000000004,15.000000000000002,50.0,10.0,LaLiga
2021,1,3.3,0.3442697491833537,1,23.0,34.022543076266786,14.792410033159474,10.0,LaLiga
2021,2,2.25,0.5055881627601431,1,12.5,34.393341552580445,27.514673242064358,10.0,LaLiga
2021,X,4.0,0.2914762444537809,1,30.0,41.47624445378089,13.825414817926966,10.0,LaLiga
2021,2,3.5,0.32010857576497087,0,-10.0,-12.038001517739794,12.038001517739794,10.0,LaLiga
2021,2,3.1,0.3820979644921933,0,-10.0,-21.964724991166573,21.964724991166573,10.0,LaLiga
2021,X,5.0,0.22023582470625683,0,-10.0,-6.323695220705264,6.323695220705264,10.0,LaLiga
2021,1,3.2,0.42204024063273216,1,22.0,87.63219250618576,39.83281477553898,10.0,LaLiga
2021,1,3.1,0.41014118609841105,0,-10.0,-32.314009155365994,32.314009155365994,10.0,LaLiga
2021,1,2.1,0.5233573058436295,1,11.0,24.762585567905507,22.51144142536864,10.0,LaLiga
2021,1,1.45,0.7457763782666896,1,4.5,20.343937121674983,45.208749159277744,10.0,LaLiga
2021,X,4.2,0.30355441845333503,0,-10.0,-21.478793555000564,21.478793555000564,10.0,LaLiga
2021,1,2.25,0.5030395759738251,0,-10.0,-26.3678091882213,26.3678091882213,10.0,LaLiga
2021,X,4.33,0.3021241668488214,0,-10.0,-23.13796114530004,23.13796114530004,10.0,LaLiga
2021,1,3.75,0.2934051454408802,0,-10.0,-9.115390491209151,9.115390491209151,10.0,LaLiga
2021,2,2.2,0.7477754816270042,0,-10.0,-50.0,50.0,10.0,LaLiga
2021,X,4.0,0.29426003356740393,0,-10.0,-14.753344522467978,14.753344522467978,10.0,LaLiga
2021,X,4.33,0.3213575233278278,1,33.3,97.86951900237362,29.390245946658744,10.0,LaLiga
2021,1,3.3,0.4560916797051635,0,-10.0,-50.0,50.0,10.0,LaLiga
2021,1,4.2,0.4540538702687244,0,-10.0,-50.0,50.0,10.0,LaLiga
2021,1,3.1,0.37881667703019395,1,21.0,43.58292469840031,20.75377366590491,10.0,LaLiga
2021,1,2.1,0.5847205043886965,0,-10.0,-50.0,50.0,10.0,LaLiga
2021,X,4.0,0.29323564953869313,0,-10.0,-14.411883179564377,14.411883179564377,10.0,LaLiga
2022,1,3.9,0.2834831215832027,0,-10.0,-9.102083980559526,9.102083980559526,10.0,LaLiga
2022,1,7.5,0.31625483605842536,0,-10.0,-50.0,50.0,10.0,LaLiga
2022,X,5.0,0.2723560802295652,0,-10.0,-22.61127507173913,22.61127507173913,10.0,LaLiga
2022,1,3.6,0.3496437709279916,0,-10.0,-24.87668993661248,24.87668993661248,10.0,LaLiga
2022,X,4.5,0.24073343154612656,0,-10.0,-5.9500315683978275,5.9500315683978275,10.0,LaLiga
2022,1,5.0,0.24805140413831905,0,-10.0,-15.016063793224705,15.016063793224705,10.0,LaLiga
2022,X,4.2,0.29149291286972545,1,32.0,56.067558513211715,17.52111203537866,10.0,LaLiga
2022,1,2.45,0.4676357982649571,0,-10.0,-25.122018232611193,25.122018232611193,10.0,LaLiga
2022,1,3.1,0.41439791013935356,0,-10.0,-33.88494302761859,33.88494302761859,10.0,LaLiga
2022,X,4.2,0.3030103375182683,0,-10.0,-21.300266998181776,21.300266998181776,10.0,LaLiga
2022,1,3.6,0.37714500333765083,1,26.0,89.43050300388578,34.39634730918684,10.0,LaLiga
2022,1,3.6,0.32465299858881247,0,-10.0,-16.22603797305047,16.22603797305047,10.0,LaLiga
2022,1,6.5,0.2604166611011342,0,-10.0,-31.486740779880563,31.486740779880563,10.0,LaLiga
2022,X,4.75,0.23468922131471545,0,-10.0,-7.651586749659896,7.651586749659896,10.0,LaLiga
2022,1,4.33,0.33648499262450243,0,-10.0,-34.30780916397113,34.30780916397113,10.0,LaLiga
2022,1,3.6,0.35057971960180745,0,-10.0,-25.20067216985643,25.20067216985643,10.0,LaLiga
2022,1,4.0,0.34554889495901525,0,-10.0,-31.849631653005083,31.849631653005083,10.0,LaLiga
2022,X,5.25,0.24503523868239166,0,-10.0,-16.84911782838566,16.84911782838566,10.0,LaLiga
2022,X,5.0,0.22069373782662308,0,-10.0,-6.46679307081971,6.46679307081971,10.0,LaLiga
2022,X,4.0,0.3259959103849084,0,-10.0,-25.331970128302792,25.331970128302792,10.0,LaLiga
2022,2,3.4,0.32884601744590586,0,-10.0,-12.299631178758323,12.299631178758323,10.0,LaLiga
2022,1,13.0,0.10790980210111634,0,-10.0,-8.392238069052343,8.392238069052343,10.0,LaLiga
2022,X,6.5,0.2796000722892684,0,-10.0,-37.15456681273839,37.15456681273839,10.0,LaLiga
2022,X,6.0,0.19561895903236393,0,-10.0,-8.685687709709178,8.685687709709178,10.0,LaLiga
2022,1,4.0,0.3729904808080374,0,-10.0,-40.996826936012454,40.996826936012454,10.0,LaLiga
2022,1,3.75,0.3065448196809238,1,27.5,37.38576845086605,13.594824891224018,10.0,LaLiga
2022,X,4.0,0.3197788570906162,0,-10.0,-23.259619030205403,23.259619030205403,10.0,LaLiga
2022,X,11.0,0.0964880443957487,0,-10.0,-1.534212208830893,1.534212208830893,10.0,LaLiga
2022,X,5.0,0.3094102953046394,0,-10.0,-34.190717282699815,34.190717282699815,10.0,LaLiga
2022,1,6.0,0.3353923259806766,0,-10.0,-50.0,50.0,10.0,LaLiga
2022,X,4.0,0.30309728656248036,1,30.0,53.09728656248036,17.699095520826788,10.0,LaLiga
2022,1,2.3,0.5174075841675326,0,-10.0,-36.545662227947105,36.545662227947105,10.0,LaLiga
2022,1,9.0,0.20156271455959088,0,-10.0,-25.439513469884933,25.439513469884933,10.0,LaLiga
2022,X,5.0,0.29856279462469,0,-10.0,-30.800873320215626,30.800873320215626,10.0,LaLiga
2022,1,3.0,0.3745295966979132,0,-10.0,-15.448598761717447,15.448598761717447,10.0,LaLiga
2022,X,5.5,0.24031667338698257,1,45.0,80.43542590710102,17.874539090466893,10.0,LaLiga
2022,1,3.25,0.36939398780582744,0,-10.0,-22.281162263215453,22.281162263215453,10.0,LaLiga
2022,1,1.45,0.7362736685017374,1,4.5,16.899204831879786,37.55378851528842,10.0,LaLiga
2022,1,6.5,0.2672142016336624,0,-10.0,-33.49510502812752,33.49510502812752,10.0,LaLiga
2022,X,4.5,0.31338080385191597,0,-10.0,-29.30097266668728,29.30097266668728,10.0,LaLiga
2022,1,3.0,0.4513849465015988,0,-10.0,-44.26935493809955,44.26935493809955,10.0,LaLiga
2022,X,6.0,0.23388850364708214,0,-10.0,-20.16655109412464,20.16655109412464,10.0,LaLiga
2022,1,3.0,0.5115779267553745,0,-10.0,-50.0,50.0,10.0,LaLiga
2022,X,4.75,0.3434901774276158,1,37.5,157.89458569529373,42.10522285207833,10.0,LaLiga
2022,X,4.1,0.3057177608532543,0,-10.0,-20.438937056317943,20.438937056317943,10.0,LaLiga
2022,1,2.25,0.48724059243897805,0,-10.0,-19.258266597540132,19.258266597540132,10.0,LaLiga
2022,1,4.75,0.4160935964617421,0,-10.0,-50.0,50.0,10.0,LaLiga
2022,1,4.0,0.38479602848318223,0,-10.0,-44.93200949439407,44.93200949439407,10.0,LaLiga
2022,1,8.5,0.33011149500515674,0,-10.0,-50.0,50.0,10.0,LaLiga
2022,X,5.75,0.2259097017563413,0,-10.0,-15.73583079468224,15.73583079468224,10.0,LaLiga
2022,X,4.5,0.24725152025810482,0,-10.0,-8.045131511533697,8.045131511533697,10.0,LaLiga
2022,1,3.6,0.353357300633989,1,26.0,68.02157057059011,26.162142527150042,10.0,LaLiga
2022,X,4.75,0.2835648881789225,0,-10.0,-23.128881256658794,23.128881256658794,10.0,LaLiga
2022,X,4.75,0.36979906772154464,0,-10.0,-50.0,50.0,10.0,LaLiga
2022,1,3.2,0.3584774647464423,0,-10.0,-16.719078089615394,16.719078089615394,10.0,LaLiga
2022,1,3.3,0.38501445321220523,1,23.0,67.63692390006932,29.407358217421443,10.0,LaLiga
2022,1,5.0,0.28195300633390946,0,-10.0,-25.61031447934671,25.61031447934671,10.0,LaLiga
2022,X,4.33,0.2971043975625067,0,-10.0,-21.50615926769174,21.50615926769174,10.0,LaLiga
2022,X,6.5,0.23240169901341665,1,55.0,127.65276089680205,23.209592890327645,10.0,LaLiga
2022,1,3.75,0.43915080576773846,1,27.5,137.5,50.0,10.0,LaLiga
2022,X,10.0,0.23605197630547936,0,-10.0,-37.79221564041094,37.79221564041094,10.0,LaLiga
2022,2,3.75,0.3467942937819422,0,-10.0,-27.316236516571212,27.316236516571212,10.0,LaLiga
2022,X,4.0,0.31876410371199443,0,-10.0,-22.921367903998142,22.921367903998142,10.0,LaLiga
2022,X,4.5,0.28091861599790996,1,35.0,66.03344299764868,18.866697999328196,10.0,LaLiga
2022,1,4.75,0.3064975857099356,1,37.5,113.96588303054855,30.390902141479614,10.0,LaLiga
2022,X,4.2,0.26981695490056246,0,-10.0,-10.408688326747056,10.408688326747056,10.0,LaLiga
2022,1,5.75,0.25607105048725004,0,-10.0,-24.863607384299357,24.863607384299357,10.0,LaLiga
2022,1,3.25,0.38644582347984713,0,-10.0,-28.438769589944798,28.438769589944798,10.0,LaLiga
2022,X,4.5,0.3269576237882539,0,-10.0,-33.66495050336733,33.66495050336733,10.0,LaLiga
2022,2,3.5,0.3103537288838283,0,-10.0,-8.62380510933991,8.62380510933991,10.0,LaLiga
2022,X,8.5,0.15845984432359264,0,-10.0,-11.563622558351247,11.563622558351247,10.0,LaLiga
2022,X,5.5,0.19145193672617897,0,-10.0,-2.943647332999134,2.943647332999134,10.0,LaLiga
2022,2,3.4,0.3838149531766127,0,-10.0,-31.76779591671698,31.76779591671698,10.0,LaLiga
2022,1,6.5,0.2066871130755252,0,-10.0,-15.612101590496085,15.612101590496085,10.0,LaLiga
2022,X,4.75,0.2502841174187322,0,-10.0,-12.589970515931862,12.589970515931862,10.0,LaLiga
2022,X,6.5,0.19077211093761096,1,55.0,60.00468027361782,10.909941867930513,10.0,LaLiga
2022,1,4.0,0.4832719353919737,0,-10.0,-50.0,50.0,10.0,LaLiga
2022,X,4.0,0.29979831315730093,0,-10.0,-16.59943771910031,16.59943771910031,10.0,LaLiga
2022,1,3.25,0.33724126303165725,1,22.5,24.00852621322153,10.670456094765123,10.0,LaLiga
2022,2,3.2,0.3595441501665641,1,22.0,37.63532013325127,17.106963696932393,10.0,LaLiga
2022,1,4.2,0.3833452093275231,0,-10.0,-47.66014681059352,47.66014681059352,10.0,LaLiga
2022,1,2.4,0.5397114466595724,1,14.0,70.0,50.0,10.0,LaLiga
2022,1,5.0,0.3056762499492322,0,-10.0,-33.02382810913507,33.02382810913507,10.0,LaLiga
2022,1,3.1,0.3683509675622572,0,-10.0,-16.891428505118732,16.891428505118732,10.0,LaLiga
2022,X,8.0,0.19043140023286367,0,-10.0,-18.694685780818194,18.694685780818194,10.0,LaLiga
2022,1,3.5,0.4587100902355153,0,-10.0,-50.0,50.0,10.0,LaLiga
2022,X,4.2,0.32692389603431354,1,32.0,93.27009083602923,29.14690338625913,10.0,LaLiga
2022,X,4.33,0.3050072996713869,0,-10.0,-24.075195764046946,24.075195764046946,10.0,LaLiga
2022,X,4.0,0.34359426718259534,0,-10.0,-31.19808906086511,31.19808906086511,10.0,LaLiga
2022,1,3.25,0.3837794598734617,1,22.5,61.82081114718763,27.475916065416722,10.0,LaLiga
2022,2,2.2,0.543279401259018,1,12.000000000000002,48.80367069245988,40.669725577049896,10.0,LaLiga
2022,1,5.0,0.2997342736983606,0,-10.0,-31.166960530737683,31.166960530737683,10.0,LaLiga
2022,X,4.5,0.3163602153305967,0,-10.0,-30.25864064197752,30.25864064197752,10.0,LaLiga
2022,1,2.2,0.5775669964068099,0,-10.0,-50.0,50.0,10.0,LaLiga
2022,1,5.0,0.38570406607992963,1,40.0,200.0,50.0,10.0,LaLiga
2022,X,5.25,0.29635299210016147,0,-10.0,-32.69724756034398,32.69724756034398,10.0,LaLiga
2022,1,1.44,0.8165435172217547,0,-10.0,-50.0,50.0,10.0,LaLiga
2022,1,3.0,0.39412438875164807,1,20.0,45.59329156373604,22.79664578186802,10.0,LaLiga
2022,1,3.0,0.4370771908173882,0,-10.0,-38.90394655652057,38.90394655652057,10.0,LaLiga
2022,1,3.75,0.3469655250038339,0,-10.0,-27.374610796761544,27.374610796761544,10.0,LaLiga
2022,X,4.0,0.2698683938755506,0,-10.0,-6.622797958516872,6.622797958516872,10.0,LaLiga
2022,1,3.5,0.3525392551831019,0,-10.0,-23.388739314085672,23.388739314085672,10.0,LaLiga
2022,X,7.5,0.20627151566983637,0,-10.0,-21.039860289375877,21.039860289375877,10.0,LaLiga
2022,1,3.2,0.3411979544345048,1,22.0,22.958363547603835,10.435619794365378,10.0,LaLiga
2022,1,2.0,0.5667418159942487,1,10.0,33.370907997124334,33.370907997124334,10.0,LaLiga
2022,X,7.0,0.2400968047396892,0,-10.0,-28.361568049076013,28.361568049076013,10.0,LaLiga
2022,1,3.5,0.4362476027300251,0,-10.0,-50.0,50.0,10.0,LaLiga
2022,1,3.1,0.45875486484667444,1,21.0,105.0,50.0,10.0,LaLiga
2022,1,7.0,0.3781100502824232,1,60.0,300.0,50.0,10.0,LaLiga
2022,X,4.75,0.25671053869650445,0,-10.0,-14.625003920559749,14.625003920559749,10.0,LaLiga
2022,1,3.5,0.3631352815841497,0,-10.0,-27.097348554452406,27.097348554452406,10.0,LaLiga
2022,1,4.75,0.23045426313632364,0,-10.0,-6.310516659835826,6.310516659835826,10.0,LaLiga
2022,X,6.5,0.23662462670618867,0,-10.0,-24.457276072283015,24.457276072283015,10.0,LaLiga
2022,1,3.5,0.303626737955246,0,-10.0,-6.269358284336102,6.269358284336102,10.0,LaLiga
2022,1,4.2,0.3848206170092097,0,-10.0,-48.144264956146955,48.144264956146955,10.0,LaLiga
2022,X,4.2,0.2659240148188145,0,-10.0,-9.13131736242351,9.13131736242351,10.0,LaLiga
2022,2,3.6,0.32868959653715546,0,-10.0,-17.623321878246117,17.623321878246117,10.0,LaLiga
2022,X,4.75,0.2808900473180754,0,-10.0,-22.281848317390537,22.281848317390537,10.0,LaLiga
2022,2,3.9,0.3533946443111668,0,-10.0,-32.606820070133665,32.606820070133665,10.0,LaLiga
2022,1,9.5,0.38534917214606984,0,-10.0,-50.0,50.0,10.0,LaLiga
2022,X,5.0,0.216596991506256,0,-10.0,-5.186559845704999,5.186559845704999,10.0,LaLiga
2022,1,3.4,0.4169668194537724,0,-10.0,-43.509081889877734,43.509081889877734,10.0,LaLiga
2022,1,1.2,0.9183979432442871,1,1.9999999999999996,9.999999999999998,50.0,10.0,LaLiga
2022,X,4.0,0.31279199802761753,1,30.0,62.79199802761753,20.930666009205844,10.0,LaLiga
2022,2,3.2,0.3887830892969191,0,-10.0,-27.739305198879684,27.739305198879684,10.0,LaLiga
2022,X,4.0,0.33646365901079794,0,-10.0,-28.82121967026598,28.82121967026598,10.0,LaLiga
2022,2,3.8,0.3424267807928126,0,-10.0,-26.894800626132838,26.894800626132838,10.0,LaLiga
2022,1,2.1,0.5422945564572742,0,-10.0,-31.549674672789962,31.549674672789962,10.0,LaLiga
2022,1,3.5,0.3883142076301646,0,-10.0,-35.90997267055762,35.90997267055762,10.0,LaLiga
2022,1,3.0,0.4082822362629166,1,20.0,56.21167719718745,28.105838598593724,10.0,LaLiga
2022,2,3.2,0.34238022514213445,0,-10.0,-10.865536415321634,10.865536415321634,10.0,LaLiga
2022,X,5.5,0.29000085872373,1,45.0,148.75118074512872,33.05581794336194,10.0,LaLiga
2022,X,4.75,0.2352303255076524,0,-10.0,-7.822936410756591,7.822936410756591,10.0,LaLiga
2022,1,5.75,0.2802932290585449,0,-10.0,-32.19400353087544,32.19400353087544,10.0,LaLiga
2022,X,4.2,0.2613074533333699,0,-10.0,-7.616508125012008,7.616508125012008,10.0,LaLiga
2022,X,7.0,0.20633104674308958,0,-10.0,-18.513221966734456,18.513221966734456,10.0,LaLiga
2022,X,4.33,0.30188057983000466,0,-10.0,-23.058777076870893,23.058777076870893,10.0,LaLiga
2022,1,6.0,0.31653078667583573,0,-10.0,-44.959236002750714,44.959236002750714,10.0,LaLiga
2022,2,3.6,0.31435956114492897,1,26.0,32.923605030436065,12.662925011706179,10.0,LaLiga
2022,2,3.8,0.3443792130053593,0,-10.0,-27.557232983961192,27.557232983961192,10.0,LaLiga
2022,1,1.36,0.7816302961981526,1,3.600000000000001,15.754300707371883,43.76194640936633,10.0,LaLiga
2022,1,3.8,0.4703133750523775,0,-10.0,-50.0,50.0,10.0,LaLiga
2022,1,4.33,0.41351225348733484,0,-10.0,-50.0,50.0,10.0,LaLiga
2022,2,3.75,0.30089267723324126,0,-10.0,-11.667958147695884,11.667958147695884,10.0,LaLiga
2022,X,4.33,0.2807890482601326,0,-10.0,-16.202445868346413,16.202445868346413,10.0,LaLiga
2022,1,4.75,0.26309378210168316,1,37.5,62.423866245748755,16.646364332199667,10.0,LaLiga
2022,X,5.25,0.3195130643282901,0,-10.0,-39.84962280726606,39.84962280726606,10.0,LaLiga
2022,X,4.0,0.28393198054299423,0,-10.0,-11.310660180998077,11.310660180998077,10.0,LaLiga
2022,1,3.75,0.30957046852088216,0,-10.0,-14.626296086664365,14.626296086664365,10.0,LaLiga
2022,1,4.75,0.39771298627313373,1,37.5,187.5,50.0,10.0,LaLiga
2022,X,8.5,0.12760602733274687,0,-10.0,-2.821707744278279,2.821707744278279,10.0,LaLiga
2022,X,5.0,0.21653014744017243,0,-10.0,-5.16567107505389,5.16567107505389,10.0,LaLiga
2022,1,3.1,0.36571017325432553,1,21.0,33.425384272102285,15.91684965338204,10.0,LaLiga
2022,1,2.38,0.48397288869833416,1,13.799999999999999,37.963868775508836,27.510049837325244,10.0,LaLiga
2022,1,3.6,0.43489172887044547,0,-10.0,-50.0,50.0,10.0,LaLiga
2022,X,7.5,0.2059697409596232,0,-10.0,-20.952809892199003,20.952809892199003,10.0,LaLiga
2022,X,4.33,0.29392618713365665,0,-10.0,-20.473002273928927,20.473002273928927,10.0,LaLiga
2022,2,3.75,0.2807033618315143,0,-10.0,-4.78523698801624,4.78523698801624,10.0,LaLiga
2022,X,4.0,0.26718350567081567,0,-10.0,-5.727835223605223,5.727835223605223,10.0,LaLiga
2022,1,2.1,0.5324154352435425,1,11.0,29.518103502859827,26.834639548054387,10.0,LaLiga
2022,1,8.0,0.3082966405634721,1,70.0,350.0,50.0,10.0,LaLiga
2022,2,3.1,0.3518354148070557,1,21.0,22.672446475468178,10.796403083556275,10.0,LaLiga
2022,1,5.25,0.3273062503434643,0,-10.0,-42.256342017834555,42.256342017834555,10.0,LaLiga
2022,2,3.3,0.34329375535281503,0,-10.0,-14.442325289596702,14.442325289596702,10.0,LaLiga
2022,X,4.0,0.29081733413672434,1,30.0,40.817334136724334,13.605778045574779,10.0,LaLiga
2022,1,2.15,0.4937591817623325,0,-10.0,-13.387443649785865,13.387443649785865,10.0,LaLiga
2022,X,4.75,0.247344294794263,0,-10.0,-11.659026684849955,11.659026684849955,10.0,LaLiga
2022,2,3.75,0.3192326326717334,0,-10.0,-17.920215683545482,17.920215683545482,10.0,LaLiga
2022,1,3.6,0.29882380954719207,1,26.0,18.941428592472885,7.285164843258802,10.0,LaLiga
2022,1,4.0,0.4070922657571619,0,-10.0,-50.0,50.0,10.0,LaLiga
2022,X,4.5,0.23905758066180313,0,-10.0,-5.411365212722436,5.411365212722436,10.0,LaLiga
2022,1,3.3,0.3808094721654445,1,23.0,64.16781453649168,27.899049798474643,10.0,LaLiga
2022,1,3.0,0.4335037512131931,1,20.0,75.12781340989483,37.563906704947414,10.0,LaLiga
2022,2,2.4,0.5762914966930999,1,14.0,70.0,50.0,10.0,LaLiga
2022,X,5.0,0.33400963028112346,0,-10.0,-41.87800946285108,41.87800946285108,10.0,LaLiga
2022,2,3.6,0.3853703153362986,1,26.0,96.83328380266876,37.243570693334135,10.0,LaLiga
2022,2,3.5,0.32533953589259795,0,-10.0,-13.868837562409286,13.868837562409286,10.0,LaLiga
2022,2,3.4,0.3536248374886995,0,-10.0,-21.075463277247728,21.075463277247728,10.0,LaLiga
2022,1,3.0,0.36947381452606587,1,20.0,27.105360894549403,13.552680447274701,10.0,LaLiga
2023,1,2.45,0.4472362737649272,0,-10.0,-16.504977711046855,16.504977711046855,10.0,LaLiga
2023,1,2.4,0.5257230985883771,0,-10.0,-46.73847082359017,46.73847082359017,10.0,LaLiga
2023,1,6.5,0.34412139444945183,0,-10.0,-50.0,50.0,10.0,LaLiga
2023,X,4.0,0.26729286564827553,0,-10.0,-5.764288549425178,5.764288549425178,10.0,LaLiga
2023,X,5.5,0.2527908844016846,0,-10.0,-21.68610356718142,21.68610356718142,10.0,LaLiga
2023,1,2.2,0.48038533684454626,1,12.000000000000002,14.211935264500486,11.843279387083737,10.0,LaLiga
2023,1,8.0,0.19675457106328587,0,-10.0,-20.501306018081674,20.501306018081674,10.0,LaLiga
2023,X,7.0,0.19130690451552687,0,-10.0,-14.131180483695335,14.131180483695335,10.0,LaLiga
2023,1,3.3,0.49338664102963836,1,23.0,114.99999999999999,50.0,10.0,LaLiga
2023,1,4.33,0.43868746915397394,0,-10.0,-50.0,50.0,10.0,LaLiga
2023,1,4.75,0.26094430371816796,0,-10.0,-15.96569617741985,15.96569617741985,10.0,LaLiga
2023,1,2.05,0.5787941168458538,0,-10.0,-44.41141417476197,44.41141417476197,10.0,LaLiga
2023,1,2.25,0.5362586763970169,0,-10.0,-41.31640437865758,41.31640437865758,10.0,LaLiga
2023,2,2.0,0.6345791242447265,1,10.0,50.0,50.0,10.0,LaLiga
2023,1,3.4,0.3208202305306544,1,24.0,22.697195951056237,9.457164979606766,10.0,LaLiga
2023,X,5.25,0.20868711740250614,0,-10.0,-5.6239627272445505,5.6239627272445505,10.0,LaLiga
2023,1,3.3,0.34564101288708665,0,-10.0,-15.284276361672386,15.284276361672386,10.0,LaLiga
2023,1,5.25,0.22119261108654056,0,-10.0,-9.485953423784581,9.485953423784581,10.0,LaLiga
2023,X,5.25,0.21948459656531064,0,-10.0,-8.95847835105181,8.95847835105181,10.0,LaLiga
2023,X,4.0,0.29875822585426615,0,-10.0,-16.25274195142205,16.25274195142205,10.0,LaLiga
2023,1,3.8,0.3159592145115021,1,28.0,50.161253785927,17.91473349497393,10.0,LaLiga
2023,X,4.5,0.30750615455261693,0,-10.0,-27.41269253476973,27.41269253476973,10.0,LaLiga
2023,X,4.0,0.2634287514375067,0,-10.0,-4.476250479168905,4.476250479168905,10.0,LaLiga
2023,X,4.0,0.29265123598623605,0,-10.0,-14.217078662078682,14.217078662078682,10.0,LaLiga
2023,1,4.2,0.5077229531629547,0,-10.0,-50.0,50.0,10.0,LaLiga
2023,1,3.0,0.5665596074672972,0,-10.0,-50.0,50.0,10.0,LaLiga
2023,X,6.0,0.25288270604615004,0,-10.0,-25.864811813845012,25.864811813845012,10.0,LaLiga
2023,1,7.5,0.28124710786469254,0,-10.0,-42.667434960969,42.667434960969,10.0,LaLiga
2023,X,7.0,0.19431599785550235,0,-10.0,-15.008832707854857,15.008832707854857,10.0,LaLiga
2023,1,2.25,0.5005575513736972,0,-10.0,-25.250898118163743,25.250898118163743,10.0,LaLiga
2023,1,3.0,0.4334155590670155,0,-10.0,-37.53083465013082,37.53083465013082,10.0,LaLiga
2023,2,2.15,0.5074905596251433,1,11.5,22.776175798514544,19.805370259577867,10.0,LaLiga
2023,1,2.2,0.6062067764692253,1,12.000000000000002,60.00000000000001,50.0,10.0,LaLiga
2023,1,2.3,0.4766492441316819,1,12.999999999999998,24.07331537571705,18.517934904397734,10.0,LaLiga
2023,2,3.75,0.3183478953109034,0,-10.0,-17.618600674171606,17.618600674171606,10.0,LaLiga
2023,X,5.0,0.306646830388607,0,-10.0,-33.32713449643969,33.32713449643969,10.0,LaLiga
2023,1,3.25,0.4074131381628118,0,-10.0,-36.01029989212649,36.01029989212649,10.0,LaLiga
2023,X,6.0,0.2039005820186652,0,-10.0,-11.170174605599557,11.170174605599557,10.0,LaLiga
2023,1,6.5,0.26803016127967455,0,-10.0,-33.73618401444931,33.73618401444931,10.0,LaLiga
2023,X,5.25,0.2410981519319655,1,42.5,66.44132441070471,15.633252802518756,10.0,LaLiga
2023,1,4.2,0.26771036043160595,0,-10.0,-9.717462016620715,9.717462016620715,10.0,LaLiga
2023,X,4.5,0.24377032806286555,0,-10.0,-6.9261768773496435,6.9261768773496435,10.0,LaLiga
2023,X,4.2,0.2591341727130589,0,-10.0,-6.903400421472451,6.903400421472451,10.0,LaLiga
2023,1,2.25,0.5206603106847072,0,-10.0,-34.29713980811826,34.29713980811826,10.0,LaLiga
2023,2,3.5,0.3702337270828943,0,-10.0,-29.58180447901302,29.58180447901302,10.0,LaLiga
2023,1,3.3,0.35621734606751027,0,-10.0,-19.077961089433018,19.077961089433018,10.0,LaLiga
2023,X,4.75,0.29670241853053664,0,-10.0,-27.289099201336597,27.289099201336597,10.0,LaLiga
2023,2,2.38,0.5497717961736043,0,-10.0,-50.0,50.0,10.0,LaLiga
2023,1,3.1,0.34060143340609983,0,-10.0,-6.650528995108275,6.650528995108275,10.0,LaLiga
2023,1,5.75,0.4307261365263277,1,47.5,237.5,50.0,10.0,LaLiga
2023,1,3.1,0.3889644034506452,0,-10.0,-24.498767940119052,24.498767940119052,10.0,LaLiga
2023,X,4.0,0.3614828261741779,0,-10.0,-37.16094205805929,37.16094205805929,10.0,LaLiga
2023,X,5.5,0.21061694928288013,0,-10.0,-8.799623391991153,8.799623391991153,10.0,LaLiga
2023,1,4.75,0.4283685928107371,0,-10.0,-50.0,50.0,10.0,LaLiga
2023,X,5.5,0.2425906271314829,0,-10.0,-18.56935829017534,18.56935829017534,10.0,LaLiga
2023,X,6.0,0.23339789084952553,0,-10.0,-20.019367254857656,20.019367254857656,10.0,LaLiga
2023,1,5.25,0.24076668823181033,0,-10.0,-15.530889012764952,15.530889012764952,10.0,LaLiga
2023,1,2.2,0.5649868302761245,0,-10.0,-50.0,50.0,10.0,LaLiga
2023,1,6.0,0.18829049164954637,0,-10.0,-6.48714749486391,6.48714749486391,10.0,LaLiga
2023,X,4.5,0.26085819421433715,0,-10.0,-12.418705283179802,12.418705283179802,10.0,LaLiga
2023,1,2.15,0.5362625399514113,1,11.5,38.24111522388357,33.25314367294224,10.0,LaLiga
2023,1,2.38,0.5247874009948464,1,13.799999999999999,62.24850359193363,45.10761129850263,10.0,LaLiga
2023,X,4.0,0.2730377387468165,0,-10.0,-7.679246248938842,7.679246248938842,10.0,LaLiga
2023,X,8.0,0.20200414903631903,0,-10.0,-22.001185438948294,22.001185438948294,10.0,LaLiga
2023,X,4.2,0.3057354987540272,0,-10.0,-22.194460528665182,22.194460528665182,10.0,LaLiga
2023,1,2.0,0.5767654922054287,1,10.0,38.38274610271436,38.38274610271436,10.0,LaLiga
2023,1,3.2,0.49048976033592423,0,-10.0,-50.0,50.0,10.0,LaLiga
2023,2,3.25,0.376414018345596,0,-10.0,-24.816173291465223,24.816173291465223,10.0,LaLiga
2023,X,6.5,0.26611299586536585,0,-10.0,-33.16974877840355,33.16974877840355,10.0,LaLiga
2023,X,5.0,0.28662528734241816,0,-10.0,-27.070402294505676,27.070402294505676,10.0,LaLiga
2023,1,5.0,0.4884533389963888,0,-10.0,-50.0,50.0,10.0,LaLiga
2023,X,4.0,0.2991879354001342,1,30.0,49.18793540013422,16.39597846671141,10.0,LaLiga
2023,1,2.45,0.43986107091118026,0,-10.0,-13.389590298688214,13.389590298688214,10.0,LaLiga
2023,1,2.2,0.48845790770165154,1,12.000000000000002,18.651849235908347,15.543207696590287,10.0,LaLiga
2023,1,5.0,0.27366809800147246,0,-10.0,-23.021280625460147,23.021280625460147,10.0,LaLiga
2023,X,4.0,0.3400732419964186,0,-10.0,-30.024413998806192,30.024413998806192,10.0,LaLiga
2023,X,4.0,0.3073756808996085,1,30.0,57.37568089960848,19.12522696653616,10.0,LaLiga
2023,X,6.0,0.21452456964944622,0,-10.0,-14.357370894833865,14.357370894833865,10.0,LaLiga
2023,X,4.0,0.2877998196594911,0,-10.0,-12.599939886497028,12.599939886497028,10.0,LaLiga
2023,X,4.33,0.28658180443747633,1,33.3,60.2248033035681,18.08552651758802,10.0,LaLiga
2023,X,8.5,0.1664060061205415,0,-10.0,-13.81503506748676,13.81503506748676,10.0,LaLiga
2023,X,5.0,0.256526997983432,0,-10.0,-17.66468686982249,17.66468686982249,10.0,LaLiga
2023,1,2.4,0.47312762958683807,1,14.0,33.87657775210285,24.19755553721632,10.0,LaLiga
2023,1,4.75,0.30061902182724193,0,-10.0,-28.52935691195994,28.52935691195994,10.0,LaLiga
2023,1,5.75,0.48268996111262946,0,-10.0,-50.0,50.0,10.0,LaLiga
2023,1,2.38,0.4500008701116272,0,-10.0,-12.862693997404472,12.862693997404472,10.0,LaLiga
2023,1,2.25,0.5177294678915051,1,12.5,41.22282568897162,32.97826055117729,10.0,LaLiga
2023,X,6.5,0.24605786748674455,0,-10.0,-27.244369939265436,27.244369939265436,10.0,LaLiga
2023,1,5.5,0.2703544984499698,0,-10.0,-27.052763415268547,27.052763415268547,10.0,LaLiga
2023,2,3.8,0.3401123882744959,0,-10.0,-26.109560307418253,26.109560307418253,10.0,LaLiga
2023,X,4.2,0.2899490826841481,0,-10.0,-17.014542755736105,17.014542755736105,10.0,LaLiga
2023,1,4.5,0.538893718960363,0,-10.0,-50.0,50.0,10.0,LaLiga
2023,X,4.0,0.26701773688561786,1,30.0,17.01773688561786,5.67257896187262,10.0,LaLiga
2023,1,2.05,0.5636035039731232,0,-10.0,-36.99694836783394,36.99694836783394,10.0,LaLiga
2023,2,2.4,0.46855607326752363,1,14.0,31.13364396051416,22.238317114652972,10.0,LaLiga
2023,1,3.3,0.32878413524698197,1,23.0,21.24691157876013,9.237787642939187,10.0,LaLiga
2023,X,10.0,0.18385988410752396,0,-10.0,-23.294412252089987,23.294412252089987,10.0,LaLiga
2023,X,4.0,0.2680459058434824,0,-10.0,-6.015301947827474,6.015301947827474,10.0,LaLiga
2023,1,4.75,0.30470478739714135,0,-10.0,-29.82318267576143,29.82318267576143,10.0,LaLiga
2023,1,6.5,0.21177555967158304,0,-10.0,-17.115506266604086,17.115506266604086,10.0,LaLiga
2023,X,4.75,0.25695235972119684,0,-10.0,-14.701580578379003,14.701580578379003,10.0,LaLiga
2023,2,3.2,0.48092800180867407,1,22.0,110.00000000000001,50.0,10.0,LaLiga
2023,X,5.5,0.2161385631648026,0,-10.0,-10.486783189245243,10.486783189245243,10.0,LaLiga
2023,1,5.5,0.440029034670333,0,-10.0,-50.0,50.0,10.0,LaLiga
2023,X,5.0,0.2306581608064544,0,-10.0,-9.580675252017002,9.580675252017002,10.0,LaLiga
2023,1,6.0,0.21829852694578036,0,-10.0,-15.489558083734112,15.489558083734112,10.0,LaLiga
2023,X,4.2,0.2532703342666935,0,-10.0,-4.9793284312588115,4.9793284312588115,10.0,LaLiga
2023,1,2.3,0.5213893019839069,0,-10.0,-38.30680664672801,38.30680664672801,10.0,LaLiga
2023,2,3.5,0.4261882956533725,0,-10.0,-49.16590347868037,49.16590347868037,10.0,LaLiga
2023,X,4.0,0.2883765394191992,1,30.0,38.37653941919922,12.792179806399739,10.0,LaLiga
2023,X,5.0,0.27501093988195174,0,-10.0,-23.440918713109923,23.440918713109923,10.0,LaLiga
2023,1,3.5,0.36707725502302285,1,25.0,71.192598145145,28.477039258058,10.0,LaLiga
2023,X,7.5,0.2407222714332673,1,65.0,201.3542589373762,30.977578298057875,10.0,LaLiga
2023,2,3.4,0.31668375189497905,0,-10.0,-7.992162129471747,7.992162129471747,10.0,LaLiga
2023,1,4.33,0.528307576118071,0,-10.0,-50.0,50.0,10.0,LaLiga
2023,X,4.0,0.2987361151112478,1,30.0,48.73611511124781,16.24537170374927,10.0,LaLiga
2023,1,2.25,0.4732362204154181,0,-10.0,-12.956299186938125,12.956299186938125,10.0,LaLiga
2023,1,6.0,0.2288970366620359,0,-10.0,-18.669110998610773,18.669110998610773,10.0,LaLiga
2023,1,2.1,0.5370762293978472,0,-10.0,-29.059109485336165,29.059109485336165,10.0,LaLiga
2023,X,5.0,0.2274162568413611,0,-10.0,-8.56758026292534,8.56758026292534,10.0,LaLiga
2023,1,4.75,0.3406192545165318,0,-10.0,-41.19609726356841,41.19609726356841,10.0,LaLiga
2023,1,3.6,0.35497515710208466,1,26.0,69.47764139187618,26.72216976610622,10.0,LaLiga
2023,1,3.1,0.5072098304325675,0,-10.0,-50.0,50.0,10.0,LaLiga
2023,X,6.0,0.26546144854063874,0,-10.0,-29.63843456219162,29.63843456219162,10.0,LaLiga
2023,2,3.0,0.4203691950956597,0,-10.0,-32.638448160872386,32.638448160872386,10.0,LaLiga
2023,X,4.2,0.31708942868936035,0,-10.0,-25.919968788696377,25.919968788696377,10.0,LaLiga
2023,X,4.0,0.32969262339374944,0,-10.0,-26.564207797916477,26.564207797916477,10.0,LaLiga
2023,2,2.4,0.6313263096011089,0,-10.0,-50.0,50.0,10.0,LaLiga
2023,1,2.38,0.4960709802320669,1,13.799999999999999,45.16223323807978,32.72625596962303,10.0,LaLiga
2023,X,4.75,0.24324335060710378,0,-10.0,-10.360394358916203,10.360394358916203,10.0,LaLiga
2023,1,4.5,0.38635032753708076,0,-10.0,-50.0,50.0,10.0,LaLiga
2023,X,4.2,0.3002678582731056,0,-10.0,-20.40039099586277,20.40039099586277,10.0,LaLiga
2023,1,4.75,0.27730250958378583,1,37.5,79.29673013074567,21.14579470153218,10.0,LaLiga
2023,X,6.0,0.23370341779653836,0,-10.0,-20.11102533896151,20.11102533896151,10.0,LaLiga
2023,1,2.15,0.5341238744851539,1,11.5,37.091582535770165,32.253550031104496,10.0,LaLiga
2023,1,4.0,0.4023167454149898,0,-10.0,-50.0,50.0,10.0,LaLiga
2023,1,3.1,0.5300513552783199,0,-10.0,-50.0,50.0,10.0,LaLiga
2023,1,3.1,0.44635477201165724,1,21.0,95.92494830903436,45.67854681382588,10.0,LaLiga
2023,2,3.0,0.4669217524781482,0,-10.0,-50.0,50.0,10.0,LaLiga
2023,X,6.5,0.1907458588729758,0,-10.0,-10.902185576106488,10.902185576106488,10.0,LaLiga
2023,X,4.33,0.3000075297885405,0,-10.0,-22.449895194022556,22.449895194022556,10.0,LaLiga
2023,2,2.38,0.48925216233481716,1,13.799999999999999,41.10503658921621,29.786258397982767,10.0,LaLiga
2023,1,3.4,0.4751171681538038,0,-10.0,-50.0,50.0,10.0,LaLiga
2023,1,2.1,0.5606181820126591,1,11.0,44.32454555664605,40.29504141513277,10.0,LaLiga
2023,2,3.7,0.31773508802034117,0,-10.0,-16.261094969931698,16.261094969931698,10.0,LaLiga
2023,1,5.0,0.28970271608900716,0,-10.0,-28.032098777814735,28.032098777814735,10.0,LaLiga
2023,1,3.0,0.48297623012725205,1,20.0,100.0,50.0,10.0,LaLiga
2023,X,4.0,0.2713398359157364,1,30.0,21.339835915736405,7.113278638578802,10.0,LaLiga
2023,X,5.0,0.27784203504760224,1,40.0,97.30254380950282,24.325635952375706,10.0,LaLiga
2023,X,6.0,0.30492656899320125,1,50.0,207.38985348980185,41.47797069796037,10.0,LaLiga
2023,X,4.75,0.2523766297890743,0,-10.0,-13.252599433206875,13.252599433206875,10.0,LaLiga
2023,2,3.6,0.32970819897717923,0,-10.0,-17.975915030562035,17.975915030562035,10.0,LaLiga
2023,2,2.15,0.5111413544333653,0,-10.0,-21.511720006898983,21.511720006898983,10.0,LaLiga
2023,1,3.4,0.5225407345273679,0,-10.0,-50.0,50.0,10.0,LaLiga
2023,1,4.5,0.5755108814604514,0,-10.0,-50.0,50.0,10.0,LaLiga
2023,X,5.0,0.2505913326913031,0,-10.0,-15.80979146603223,15.80979146603223,10.0,LaLiga
2023,1,4.0,0.336296662467188,0,-10.0,-28.765554155729326,28.765554155729326,10.0,LaLiga
2023,X,5.25,0.2405243106658372,0,-10.0,-15.456037117390904,15.456037117390904,10.0,LaLiga
2023,X,5.0,0.2691747768341616,0,-10.0,-21.617117760675487,21.617117760675487,10.0,LaLiga
2023,2,2.4,0.6160793421763343,0,-10.0,-50.0,50.0,10.0,LaLiga
2023,2,2.15,0.5134475948990457,1,11.5,25.978082258237052,22.589636746293092,10.0,LaLiga
2023,1,3.2,0.3335260901885834,0,-10.0,-7.645850977666703,7.645850977666703,10.0,LaLiga
2023,1,2.1,0.5072846958412066,0,-10.0,-14.84042301512137,14.84042301512137,10.0,LaLiga
2023,X,4.0,0.3324629431431045,0,-10.0,-27.487647714368162,27.487647714368162,10.0,LaLiga
2023,X,4.0,0.5069113709870758,0,-10.0,-50.0,50.0,10.0,LaLiga
2023,1,3.5,0.3915240707246323,0,-10.0,-37.0334247536213,37.0334247536213,10.0,LaLiga
2023,1,5.5,0.4714269137152356,0,-10.0,-50.0,50.0,10.0,LaLiga
2023,X,4.33,0.255753981970122,1,33.3,26.85368548265709,8.06416981461174,10.0,LaLiga
2023,X,4.0,0.28617961987144314,0,-10.0,-12.059873290481045,12.059873290481045,10.0,LaLiga
2023,2,3.8,0.28738988333324406,0,-10.0,-8.221567559493513,8.221567559493513,10.0,LaLiga
2023,X,4.75,0.29931543266841293,0,-10.0,-28.116553678330757,28.116553678330757,10.0,LaLiga
2023,1,2.25,0.5156333597667304,0,-10.0,-32.03501189502869,32.03501189502869,10.0,LaLiga
2023,X,5.5,0.2695697996247589,0,-10.0,-26.81299432978744,26.81299432978744,10.0,LaLiga
2023,X,4.5,0.26308151630996734,0,-10.0,-13.13334452820379,13.13334452820379,10.0,LaLiga
2023,X,7.5,0.3185776747199036,0,-10.0,-50.0,50.0,10.0,LaLiga
2023,1,4.75,0.24269800002163644,0,-10.0,-10.187700006851541,10.187700006851541,10.0,LaLiga
2023,1,6.5,0.4023105010326895,0,-10.0,-50.0,50.0,10.0,LaLiga
2023,1,4.0,0.5977558488729863,0,-10.0,-50.0,50.0,10.0,LaLiga
2023,X,4.1,0.34658253353193463,1,30.999999999999996,105.24709687023297,33.950676409752575,10.0,LaLiga
2023,1,3.0,0.5141985712636375,0,-10.0,-50.0,50.0,10.0,LaLiga
2023,1,3.7,0.5681678218334761,0,-10.0,-50.0,50.0,10.0,LaLiga
2023,X,6.0,0.23062792967881043,0,-10.0,-19.18837890364313,19.18837890364313,10.0,LaLiga
2023,X,4.5,0.24776282022347695,0,-10.0,-8.209477928974735,8.209477928974735,10.0,LaLiga
2023,X,6.5,0.4097978329211151,0,-10.0,-50.0,50.0,10.0,LaLiga
2023,X,6.0,0.27350196973543056,1,50.0,160.2529546031458,32.05059092062916,10.0,LaLiga
2023,1,2.4,0.5609622771118427,0,-10.0,-50.0,50.0,10.0,LaLiga
2023,1,2.3,0.46466450549636296,0,-10.0,-13.216992815698967,13.216992815698967,10.0,LaLiga
2024,X,4.0,0.2765898640722574,1,30.0,26.589864072257384,8.863288024085795,10.0,LaLiga
2024,1,8.0,0.24292531539550843,0,-10.0,-33.69294725585955,33.69294725585955,10.0,LaLiga
2024,X,4.2,0.2549872365612131,1,32.0,17.736598389273773,5.542686996648054,10.0,LaLiga
2024,1,2.45,0.48256813249635516,1,14.500000000000002,45.57298115401753,31.4296421751845,10.0,LaLiga
2024,X,4.2,0.27490291376659376,0,-10.0,-12.077518579663577,12.077518579663577,10.0,LaLiga
2024,2,2.05,0.5381667862673352,1,10.499999999999998,25.81047796200925,24.581407582865957,10.0,LaLiga
2024,X,4.1,0.29143625519141975,0,-10.0,-15.716826313292014,15.716826313292014,10.0,LaLiga
2024,X,7.5,0.19954127782963682,0,-10.0,-19.098445527779855,19.098445527779855,10.0,LaLiga
2024,2,3.25,0.46900949358917793,0,-10.0,-50.0,50.0,10.0,LaLiga
2024,2,3.8,0.28416658445161397,0,-10.0,-7.127948296083312,7.127948296083312,10.0,LaLiga
2024,X,5.25,0.3514100311828698,1,42.5,211.22566592751656,49.70015668882743,10.0,LaLiga
2024,1,8.0,0.31802489400650485,0,-10.0,-50.0,50.0,10.0,LaLiga
2024,1,3.0,0.509842230789038,0,-10.0,-50.0,50.0,10.0,LaLiga
2024,X,5.75,0.2519046743440276,0,-10.0,-23.60273039358729,23.60273039358729,10.0,LaLiga
2024,2,2.38,0.5101019692322338,0,-10.0,-38.77584905302836,38.77584905302836,10.0,LaLiga
2024,1,4.75,0.2213706787406037,0,-10.0,-3.4340482678578406,3.4340482678578406,10.0,LaLiga
2024,1,4.2,0.25394775981449863,0,-10.0,-5.201608689132369,5.201608689132369,10.0,LaLiga
2024,1,3.8,0.38133376227505145,0,-10.0,-40.095383629035304,40.095383629035304,10.0,LaLiga
2024,2,3.0,0.4210309661809701,0,-10.0,-32.88661231786377,32.88661231786377,10.0,LaLiga
2024,1,3.75,0.2850943465269653,0,-10.0,-6.282163588738172,6.282163588738172,10.0,LaLiga
2024,X,7.0,0.21207096088916896,0,-10.0,-20.187363592674284,20.187363592674284,10.0,LaLiga
2024,2,2.2,0.5001512544438306,0,-10.0,-20.902658286755706,20.902658286755706,10.0,LaLiga
2024,1,5.0,0.35518701523061286,0,-10.0,-48.49594225956652,48.49594225956652,10.0,LaLiga
2024,X,6.5,0.1967184695212986,0,-10.0,-12.666820540383675,12.666820540383675,10.0,LaLiga
2024,X,6.25,0.26516172171098207,0,-10.0,-31.2981314616018,31.2981314616018,10.0,LaLiga
2024,1,3.25,0.33210548956505975,0,-10.0,-8.815871231827144,8.815871231827144,10.0,LaLiga
2024,1,3.0,0.38485508514077466,0,-10.0,-19.320656927790502,19.320656927790502,10.0,LaLiga
2024,1,7.0,0.24515056852730158,1,60.0,179.01349492277774,29.835582487129624,10.0,LaLiga
2024,X,4.5,0.27327692220115063,0,-10.0,-16.410439278941276,16.410439278941276,10.0,LaLiga
2024,X,4.33,0.28133770118994134,0,-10.0,-16.380799260694136,16.380799260694136,10.0,LaLiga
2024,X,6.25,0.2875008172415379,0,-10.0,-37.94667179807676,37.94667179807676,10.0,LaLiga
2024,1,3.1,0.4548154249980125,0,-10.0,-48.80093065402842,48.80093065402842,10.0,LaLiga
2024,1,3.1,0.42646705963311554,0,-10.0,-38.33903391222122,38.33903391222122,10.0,LaLiga
2024,1,3.1,0.3662101723923285,1,21.0,33.8128836040546,16.101373144787903,10.0,LaLiga
2024,2,3.9,0.3240730802701814,0,-10.0,-22.748708021871327,22.748708021871327,10.0,LaLiga
2024,1,3.3,0.39004828367370536,0,-10.0,-31.212971317742138,31.212971317742138,10.0,LaLiga
2024,X,4.5,0.23720757274268553,0,-10.0,-4.816719810148925,4.816719810148925,10.0,LaLiga
2024,1,4.75,0.23784051547223975,0,-10.0,-8.649496566209258,8.649496566209258,10.0,LaLiga
2024,X,4.5,0.258648227001409,0,-10.0,-11.708358679024311,11.708358679024311,10.0,LaLiga
2024,X,4.2,0.2831300456257531,0,-10.0,-14.777046220950247,14.777046220950247,10.0,LaLiga
2024,X,5.75,0.24816077156998126,0,-10.0,-22.46970718565223,22.46970718565223,10.0,LaLiga
2024,X,4.75,0.2688283326545262,0,-10.0,-18.46230534059997,18.46230534059997,10.0,LaLiga
2024,1,3.0,0.39807068646399085,0,-10.0,-24.276507423996563,24.276507423996563,10.0,LaLiga
2024,1,2.0,0.5733571927310723,0,-10.0,-36.678596365536166,36.678596365536166,10.0,LaLiga
2024,1,2.25,0.49434110428223826,1,12.5,28.066871158759,22.4534969270072,10.0,LaLiga
2024,1,3.1,0.36170341346236984,1,21.0,30.32014543333661,14.438164492065052,10.0,LaLiga
2024,1,3.25,0.39156745599648307,1,22.5,68.14855799714249,30.288247998729993,10.0,LaLiga
2024,2,3.8,0.2928306925771435,0,-10.0,-10.067556410102252,10.067556410102252,10.0,LaLiga
2024,X,9.0,0.2828709638876105,0,-10.0,-48.30745859339046,48.30745859339046,10.0,LaLiga
2024,X,6.0,0.27490291376659376,0,-10.0,-32.470874129978135,32.470874129978135,10.0,LaLiga
2024,X,7.0,0.26804873882425584,0,-10.0,-36.514215490407956,36.514215490407956,10.0,LaLiga
2024,1,4.75,0.2688859025686875,1,37.5,69.30200930031637,18.4805358134177,10.0,LaLiga
2024,X,4.1,0.34690236697570104,0,-10.0,-34.05642779035275,34.05642779035275,10.0,LaLiga
2024,1,4.5,0.3926861716948027,0,-10.0,-50.0,50.0,10.0,LaLiga
2024,2,3.0,0.3916758414316619,1,20.0,43.75688107374642,21.87844053687321,10.0,LaLiga
2024,2,2.2,0.5632754886472948,1,12.000000000000002,59.80151875601219,49.83459896334349,10.0,LaLiga
2024,X,4.33,0.416118018100118,1,33.3,166.5,50.0,10.0,LaLiga
2024,X,4.75,0.24652322083663644,0,-10.0,-11.399019931601535,11.399019931601535,10.0,LaLiga
2024,2,3.6,0.31187822671756416,0,-10.0,-11.804001556079903,11.804001556079903,10.0,LaLiga
2024,1,7.5,0.3012148665037681,0,-10.0,-48.42736533762541,48.42736533762541,10.0,LaLiga
2024,X,4.5,0.2831374704854998,0,-10.0,-19.579901227482083,19.579901227482083,10.0,LaLiga
2024,1,2.3,0.49689570462002347,1,12.999999999999998,35.71503015651345,27.473100120394964,10.0,LaLiga
2024,X,8.5,0.21824491029111234,0,-10.0,-28.502724582481825,28.502724582481825,10.0,LaLiga
2024,1,3.3,0.33688423769840153,1,23.0,27.92949610118123,12.143259174426623,10.0,LaLiga
2024,1,6.0,0.4567546374039407,0,-10.0,-50.0,50.0,10.0,LaLiga
2024,2,2.25,0.5133940947858227,0,-10.0,-31.02734265362019,31.02734265362019,10.0,LaLiga
2024,X,4.5,0.2411601207436985,1,35.0,21.305135836660828,6.087181667617379,10.0,LaLiga
2024,2,3.75,0.3041958851604114,0,-10.0,-12.794051759231156,12.794051759231156,10.0,LaLiga
2024,1,4.75,0.34740097798032804,0,-10.0,-43.34364302710387,43.34364302710387,10.0,LaLiga
2024,X,4.75,0.2738252848970722,0,-10.0,-20.04467355073953,20.04467355073953,10.0,LaLiga
2024,1,3.1,0.45530962244053247,1,21.0,102.86495739141266,48.98331304352983,10.0,LaLiga
2024,1,2.2,0.48642199539607933,1,12.000000000000002,17.532097467843677,14.610081223203062,10.0,LaLiga
2024,1,6.0,0.2648742064054528,0,-10.0,-29.462261921635832,29.462261921635832,10.0,LaLiga
2024,X,4.33,0.2716352869418601,0,-10.0,-13.226786220589666,13.226786220589666,10.0,LaLiga
2024,X,8.0,0.22499266455054592,0,-10.0,-28.569332728727407,28.569332728727407,10.0,LaLiga
2024,1,3.6,0.3579165260537506,0,-10.0,-27.740335941682922,27.740335941682922,10.0,LaLiga
2024,X,4.33,0.27307030351152073,1,33.3,45.59860355122119,13.693274339706063,10.0,LaLiga
2024,1,3.9,0.3214164834223802,0,-10.0,-21.855541840283,21.855541840283,10.0,LaLiga
2024,2,3.9,0.2854101307354961,1,29.0,28.27487746710866,9.749957747278849,10.0,LaLiga
2024,1,2.25,0.515704228899788,0,-10.0,-32.06690300490456,32.06690300490456,10.0,LaLiga
2024,1,4.2,0.347013606257518,0,-10.0,-35.738839553248084,35.738839553248084,10.0,LaLiga
2024,X,5.5,0.2544934663307225,0,-10.0,-22.206336934387437,22.206336934387437,10.0,LaLiga
2024,1,7.0,0.290832452880261,0,-10.0,-43.159465423409465,43.159465423409465,10.0,LaLiga
2024,X,4.5,0.304482218204779,0,-10.0,-26.440712994393245,26.440712994393245,10.0,LaLiga
2024,1,4.5,0.32757125478310617,1,35.0,118.51766163099443,33.86218903742698,10.0,LaLiga
2024,X,5.0,0.282346917103044,0,-10.0,-25.733411594701245,25.733411594701245,10.0,LaLiga
2024,X,5.0,0.282346917103044,0,-10.0,-25.733411594701245,25.733411594701245,10.0,LaLiga
2024,X,8.0,0.24133729973749776,0,-10.0,-33.23922849642793,33.23922849642793,10.0,LaLiga
2024,X,8.0,0.24133729973749776,0,-10.0,-33.23922849642793,33.23922849642793,10.0,LaLiga
2024,1,2.45,0.44175729358683125,0,-10.0,-14.190580911678737,14.190580911678737,10.0,LaLiga
2024,1,7.0,0.32417905758846827,1,60.0,300.0,50.0,10.0,LaLiga
2024,X,7.5,0.274027768985936,0,-10.0,-40.5849333613277,40.5849333613277,10.0,LaLiga
2024,X,4.0,0.3187546938903881,1,30.0,68.75469389038808,22.918231296796026,10.0,LaLiga
2024,1,10.0,0.36526006107573283,0,-10.0,-50.0,50.0,10.0,LaLiga
2024,X,6.0,0.21940633064614554,0,-10.0,-15.821899193843656,15.821899193843656,10.0,LaLiga
2024,2,3.5,0.5070451637114898,1,25.0,125.0,50.0,10.0,LaLiga
2024,X,5.0,0.29406705859004095,1,40.0,117.58382323755117,29.395955809387793,10.0,LaLiga
2024,X,7.5,0.28877120287391994,0,-10.0,-44.83784698286152,44.83784698286152,10.0,LaLiga
2024,1,3.3,0.48377109811077873,0,-10.0,-50.0,50.0,10.0,LaLiga
2024,1,1.4,0.7752377594072767,1,3.999999999999999,19.999999999999996,50.0,10.0,LaLiga
2024,1,9.0,0.20930762106917034,1,80.0,220.94214740563322,27.617768425704153,10.0,LaLiga
2024,X,5.75,0.2926946817111226,0,-10.0,-35.947074728366054,35.947074728366054,10.0,LaLiga
2024,X,7.0,0.24036679698245803,0,-10.0,-28.440315786550254,28.440315786550254,10.0,LaLiga
2024,X,7.5,0.24680318292514403,0,-10.0,-32.73168738225308,32.73168738225308,10.0,LaLiga
2024,X,4.1,0.2904752354408273,0,-10.0,-15.399069782854182,15.399069782854182,10.0,LaLiga
2024,X,4.0,0.308570375792341,0,-10.0,-19.523458597446993,19.523458597446993,10.0,LaLiga
2024,1,4.75,0.2753079454460251,0,-10.0,-20.51418272457462,20.51418272457462,10.0,LaLiga
2024,2,3.2,0.4052190018394614,0,-10.0,-33.71600066889506,33.71600066889506,10.0,LaLiga
2024,1,2.3,0.5050420178394613,0,-10.0,-31.076277121300194,31.076277121300194,10.0,LaLiga
2024,X,4.5,0.38412550595413325,0,-10.0,-50.0,50.0,10.0,LaLiga
2024,X,4.2,0.27105302561842554,0,-10.0,-10.81427403104589,10.81427403104589,10.0,LaLiga
2024,X,6.25,0.18665861676569082,0,-10.0,-7.93411213264608,7.93411213264608,10.0,LaLiga
2024,X,4.2,0.27804010888323377,0,-10.0,-13.106910727311085,13.106910727311085,10.0,LaLiga
2024,X,4.5,0.2956017812314002,1,35.0,82.55200388532519,23.586286824378625,10.0,LaLiga
2024,1,3.1,0.41234855385340036,0,-10.0,-33.128632969707276,33.128632969707276,10.0,LaLiga
2024,1,4.0,0.4129882421449538,0,-10.0,-50.0,50.0,10.0,LaLiga
2024,1,5.5,0.3778723630193704,0,-10.0,-50.0,50.0,10.0,LaLiga
2024,X,7.0,0.22622041847568175,0,-10.0,-24.314288722073844,24.314288722073844,10.0,LaLiga
2024,2,2.38,0.48943537333731174,1,13.799999999999999,41.21404713570048,29.86525154760905,10.0,LaLiga
2024,1,8.5,0.2961902558016815,0,-10.0,-50.0,50.0,10.0,LaLiga
2024,X,7.0,0.27877157019392756,0,-10.0,-39.641707973228876,39.641707973228876,10.0,LaLiga
2024,1,4.2,0.3539057098347895,0,-10.0,-38.0003110395403,38.0003110395403,10.0,LaLiga
2024,X,6.25,0.19880407073033313,0,-10.0,-11.548830574503903,11.548830574503903,10.0,LaLiga
2024,X,7.0,0.32118183897247704,0,-10.0,-50.0,50.0,10.0,LaLiga
2024,1,3.1,0.4780542156823547,0,-10.0,-50.0,50.0,10.0,LaLiga
2024,1,2.05,0.5876213602455719,1,10.499999999999998,51.155947125855576,48.71994964367199,10.0,LaLiga
2024,X,4.0,0.28561223993607077,0,-10.0,-11.870746645356922,11.870746645356922,10.0,LaLiga
2024,1,3.1,0.39941324304555775,1,21.0,59.545263360307246,28.35488731443202,10.0,LaLiga
2024,X,5.75,0.19879205540969416,0,-10.0,-7.529174663460071,7.529174663460071,10.0,LaLiga
2024,X,4.5,0.30319755464597314,0,-10.0,-26.027785421919937,26.027785421919937,10.0,LaLiga
2024,1,2.2,0.4927556050907997,0,-10.0,-17.512985666616554,17.512985666616554,10.0,LaLiga
2024,X,5.75,0.23993018147950873,0,-10.0,-19.978870710903955,19.978870710903955,10.0,LaLiga
2024,1,4.5,0.31705113958691866,1,35.0,106.6825320352835,30.48072343865243,10.0,LaLiga
2024,1,3.1,0.3533244361065799,0,-10.0,-11.345922848856867,11.345922848856867,10.0,LaLiga
2024,1,3.0,0.4836574360081162,0,-10.0,-50.0,50.0,10.0,LaLiga
2024,1,4.1,0.29199733177567716,0,-10.0,-15.902343570990014,15.902343570990014,10.0,LaLiga
2024,1,5.0,0.36205074497566264,0,-10.0,-50.0,50.0,10.0,LaLiga
2024,2,3.9,0.277078442387225,0,-10.0,-6.948786664670466,6.948786664670466,10.0,LaLiga
2024,2,2.15,0.49904328267458514,1,11.5,18.23576443758951,15.85718646746914,10.0,LaLiga
2024,X,7.0,0.22521246208451243,0,-10.0,-24.02030144131613,24.02030144131613,10.0,LaLiga
2024,X,4.75,0.24655129440895732,0,-10.0,-11.407909896169821,11.407909896169821,10.0,LaLiga
2024,1,5.5,0.312270944511109,0,-10.0,-39.86056637839441,39.86056637839441,10.0,LaLiga
2024,1,2.15,0.5005324538685456,0,-10.0,-16.55321213421152,16.55321213421152,10.0,LaLiga
2024,X,8.0,0.24803929349532813,0,-10.0,-35.15408385580804,35.15408385580804,10.0,LaLiga
2024,X,4.1,0.33309961377037195,1,30.999999999999996,91.42710411463123,29.492614230526208,10.0,LaLiga
2024,X,6.5,0.2703890443031038,0,-10.0,-34.43312672591703,34.43312672591703,10.0,LaLiga
2024,1,2.15,0.505761173844607,1,11.5,21.84663094147621,18.997070383892357,10.0,LaLiga
2024,X,4.1,0.2593732062852051,1,30.999999999999996,15.85753644233523,5.115334336237171,10.0,LaLiga
2024,X,5.5,0.28911138353164606,1,45.0,147.52815235601332,32.78403385689185,10.0,LaLiga
2024,X,5.75,0.21617151611044952,0,-10.0,-12.788748296583409,12.788748296583409,10.0,LaLiga
2024,1,4.75,0.4011057442381632,0,-10.0,-50.0,50.0,10.0,LaLiga
2024,1,3.2,0.4253725063925134,0,-10.0,-41.044547779095794,41.044547779095794,10.0,LaLiga
2024,X,5.0,0.26529800364018236,0,-10.0,-20.40562613755699,20.40562613755699,10.0,LaLiga
2024,1,2.45,0.4730015196966668,1,14.500000000000002,39.71343081420848,27.388572975316187,10.0,LaLiga
2024,X,6.0,0.23700218826546413,0,-10.0,-21.100656479639234,21.100656479639234,10.0,LaLiga
2024,1,2.45,0.45848432958685154,1,14.500000000000002,30.821651871946578,21.256311635825224,10.0,LaLiga
2024,X,8.0,0.20591785757746683,0,-10.0,-23.119387879276236,23.119387879276236,10.0,LaLiga
2024,1,2.25,0.47564697514787774,0,-10.0,-14.041138816544985,14.041138816544985,10.0,LaLiga
2024,X,5.75,0.27679358209250005,0,-10.0,-31.134899843782907,31.134899843782907,10.0,LaLiga
2024,1,5.75,0.2966894137997875,1,47.5,176.49103233719455,37.15600680783043,10.0,LaLiga
2024,1,4.5,0.4093493012420592,0,-10.0,-50.0,50.0,10.0,LaLiga
2024,2,2.45,0.5027466909210342,1,14.500000000000002,57.93234818913345,39.95334357871272,10.0,LaLiga
2024,X,7.0,0.1831934225898575,0,-10.0,-11.764748255375101,11.764748255375101,10.0,LaLiga
2024,X,5.25,0.23449562813736624,0,-10.0,-13.594238101245454,13.594238101245454,10.0,LaLiga
2024,2,3.2,0.35373017510354837,0,-10.0,-14.992790946744876,14.992790946744876,10.0,LaLiga
2024,X,7.0,0.276868040272141,0,-10.0,-39.086511746041126,39.086511746041126,10.0,LaLiga
2024,X,5.0,0.30729313589262836,0,-10.0,-33.529104966446354,33.529104966446354,10.0,LaLiga
2024,1,15.0,0.30080328510828325,0,-10.0,-50.0,50.0,10.0,LaLiga
2024,X,8.0,0.2764932776170674,0,-10.0,-43.283793604876394,43.283793604876394,10.0,LaLiga
2024,X,4.2,0.29031088483296036,0,-10.0,-17.13325908581512,17.13325908581512,10.0,LaLiga
2024,X,5.25,0.4971380836386426,0,-10.0,-50.0,50.0,10.0,LaLiga
2024,X,5.25,0.5275210150896587,0,-10.0,-50.0,50.0,10.0,LaLiga
2024,1,2.05,0.5403737743939018,0,-10.0,-25.658627977975858,25.658627977975858,10.0,LaLiga
2024,1,2.05,0.6189669718624397,0,-10.0,-50.0,50.0,10.0,LaLiga
2024,1,2.3,0.47367179355537226,1,12.999999999999998,22.36128129433901,17.20098561103001,10.0,LaLiga
2024,X,5.25,0.24725215791276167,0,-10.0,-17.533754649529346,17.533754649529346,10.0,LaLiga
2024,1,4.75,0.45981096902410257,0,-10.0,-50.0,50.0,10.0,LaLiga
2024,1,2.3,0.4878530716632927,0,-10.0,-23.473474004917936,23.473474004917936,10.0,LaLiga
2024,2,3.7,0.3263357558725181,0,-10.0,-19.207620067436775,19.207620067436775,10.0,LaLiga
2024,X,5.75,0.2494820757906273,0,-10.0,-22.869575568216156,22.869575568216156,10.0,LaLiga
2024,X,5.25,0.2228663228332269,0,-10.0,-10.00283499261419,10.00283499261419,10.0,LaLiga
2024,2,2.1,0.5786789739109842,0,-10.0,-48.91496482115156,48.91496482115156,10.0,LaLiga
2024,2,2.4,0.4987375957499083,0,-10.0,-35.17325532138924,35.17325532138924,10.0,LaLiga
2024,1,9.0,0.11798474292697154,0,-10.0,-1.9332089482107448,1.9332089482107448,10.0,LaLiga
2024,X,5.75,0.3734056087517346,0,-10.0,-50.0,50.0,10.0,LaLiga
2024,X,4.0,0.4292620545241095,0,-10.0,-50.0,50.0,10.0,LaLiga
2024,1,6.0,0.425839888880913,0,-10.0,-50.0,50.0,10.0,LaLiga
2024,2,3.8,0.3229952937858551,1,28.0,56.845529096562366,20.301974677343704,10.0,LaLiga
2024,X,4.1,0.26877434172768827,0,-10.0,-8.223774280929174,8.223774280929174,10.0,LaLiga
2024,X,5.5,0.305497820001069,0,-10.0,-37.7910005558822,37.7910005558822,10.0,LaLiga
2024,1,3.2,0.4509470872354126,0,-10.0,-50.0,50.0,10.0,LaLiga
2024,1,4.1,0.3193025629362531,0,-10.0,-24.930686132148196,24.930686132148196,10.0,LaLiga
2024,X,4.2,0.2748498843200126,1,32.0,38.59237853601328,12.060118292504148,10.0,LaLiga
2024,X,5.0,0.21221888969098393,0,-10.0,-3.818403028432477,3.818403028432477,10.0,LaLiga
2024,X,4.75,0.35608742221333506,0,-10.0,-46.094350367556096,46.094350367556096,10.0,LaLiga
2024,1,3.8,0.3464674246786972,0,-10.0,-28.265733373129407,28.265733373129407,10.0,LaLiga
2024,2,2.1,0.5189569282115652,1,11.0,22.452387311071742,20.4112611918834,10.0,LaLiga
2024,X,5.0,0.22973407034076412,0,-10.0,-9.291896981488787,9.291896981488787,10.0,LaLiga
2024,1,3.25,0.6409966171730117,1,22.5,112.5,50.0,10.0,LaLiga
2024,X,4.5,0.2682102084277172,0,-10.0,-14.781852708909097,14.781852708909097,10.0,LaLiga
2024,1,2.15,0.5959242302150037,1,11.5,57.49999999999999,50.0,10.0,LaLiga
2024,2,3.4,0.3127844815872365,0,-10.0,-6.61117056214626,6.61117056214626,10.0,LaLiga
2019,2,2.75,0.418179628817753,0,-10.0,-21.42771132126011,21.42771132126011,10.0,Premier
2019,1,3.0,0.41773268697156835,0,-10.0,-31.649757614338135,31.649757614338135,10.0,Premier
2019,1,4.5,0.4861334525519682,0,-10.0,-50.0,50.0,10.0,Premier
2019,2,2.87,0.4321098182037176,0,-10.0,-32.10630725196118,32.10630725196118,10.0,Premier
2019,1,6.5,0.17793087759389725,0,-10.0,-7.115941107287819,7.115941107287819,10.0,Premier
2019,2,2.9,0.3765310799859615,0,-10.0,-12.09738578411688,12.09738578411688,10.0,Premier
2019,1,1.7,0.6893129986805159,0,-10.0,-50.0,50.0,10.0,Premier
2019,1,3.3,0.3299052091068009,0,-10.0,-9.63991196222205,9.63991196222205,10.0,Premier
2019,2,2.25,0.4794821565584309,0,-10.0,-15.766970451293894,15.766970451293894,10.0,Premier
2019,1,3.25,0.42233456001208386,1,22.5,93.14683000981816,41.39859111547474,10.0,Premier
2019,1,3.3,0.37338848304418076,0,-10.0,-25.23717326584745,25.23717326584745,10.0,Premier
2019,1,1.5,0.7027654126992736,1,5.0,13.537029762227593,27.074059524455187,10.0,Premier
2019,1,15.0,0.09553188248573324,0,-10.0,-7.731754237249977,7.731754237249977,10.0,Premier
2019,1,3.8,0.3683963292754995,0,-10.0,-35.705897432758746,35.705897432758746,10.0,Premier
2019,1,1.85,0.5968367858546867,1,8.5,26.037013457792632,30.631780538579566,10.0,Premier
2019,1,2.5,0.4838342145151762,0,-10.0,-34.930922714656774,34.930922714656774,10.0,Premier
2019,2,2.5,0.47961269832691505,1,15.0,49.75793645432192,33.171957636214614,10.0,Premier
2019,1,1.95,0.5497287634874662,1,9.5,17.992772200139786,18.93976021067346,10.0,Premier
2019,1,15.0,0.07113525962765706,1,140.0,16.757223603713957,1.1969445431224255,10.0,Premier
2019,1,2.9,0.38744987177021456,1,19.0,30.901157033405575,16.263766859687145,10.0,Premier
2019,1,3.6,0.2928235883624399,0,-10.0,-5.208165202383041,5.208165202383041,10.0,Premier
2019,1,2.87,0.37861146167222826,1,18.700000000000003,21.653723749823776,11.57953141701806,10.0,Premier
2019,1,2.5,0.5404012339770811,0,-10.0,-50.0,50.0,10.0,Premier
2019,1,2.62,0.44692029547919687,0,-10.0,-26.378267616588847,26.378267616588847,10.0,Premier
2019,1,3.1,0.36746638131235115,1,21.0,34.78644551707217,16.56497405574865,10.0,Premier
2019,1,3.5,0.40834345703922165,0,-10.0,-42.92020996372759,42.92020996372759,10.0,Premier
2019,2,2.75,0.40855154086598455,0,-10.0,-17.64524819735109,17.64524819735109,10.0,Premier
2019,1,10.0,0.2445359488067691,0,-10.0,-40.148874668546966,40.148874668546966,10.0,Premier
2019,1,2.87,0.41019668910836976,1,18.700000000000003,44.31612443525529,23.698462264842398,10.0,Premier
2019,1,4.0,0.4205912806645446,0,-10.0,-50.0,50.0,10.0,Premier
2019,1,4.5,0.3663734989384862,1,35.0,162.170186305797,46.334338944513426,10.0,Premier
2019,1,1.72,0.6463849101085047,0,-10.0,-38.8132102036903,38.8132102036903,10.0,Premier
2019,1,5.25,0.23003006182169075,0,-10.0,-12.215166150816264,12.215166150816264,10.0,Premier
2019,1,3.1,0.4750823534138508,0,-10.0,-50.0,50.0,10.0,Premier
2019,1,2.9,0.39736171677032295,1,19.0,38.087244658484124,20.045918241307433,10.0,Premier
2019,2,2.5,0.4582419746464425,0,-10.0,-24.267489436017716,24.267489436017716,10.0,Premier
2019,1,4.5,0.2805823111710499,0,-10.0,-18.75860001926604,18.75860001926604,10.0,Premier
2019,1,3.0,0.4478352428540471,0,-10.0,-42.93821607026766,42.93821607026766,10.0,Premier
2019,1,3.25,0.32810602306114345,1,22.5,16.58614373717904,7.371619438746239,10.0,Premier
2019,1,3.5,0.3542833615160054,0,-10.0,-23.999176530601908,23.999176530601908,10.0,Premier
2019,1,2.7,0.42404369297472105,0,-10.0,-21.31146632819808,21.31146632819808,10.0,Premier
2019,1,2.7,0.5202607163632221,0,-10.0,-50.0,50.0,10.0,Premier
2019,1,2.55,0.43130913303416146,1,15.499999999999998,24.959572309277927,16.102949876953502,10.0,Premier
2019,1,2.9,0.45534478842569653,0,-10.0,-42.17103768875262,42.17103768875262,10.0,Premier
2019,1,1.6,0.7792545637037086,1,6.000000000000001,30.000000000000004,50.0,10.0,Premier
2019,1,1.9,0.6059647008433199,1,9.0,37.83323290057694,42.036925445085494,10.0,Premier
2019,1,2.5,0.4455017994990976,1,15.0,28.438624686935974,18.959083124623984,10.0,Premier
2019,1,2.75,0.440251391370351,0,-10.0,-30.098760895495044,30.098760895495044,10.0,Premier
2019,1,4.2,0.33550946285052036,0,-10.0,-31.96404249782699,31.96404249782699,10.0,Premier
2019,1,3.75,0.4309641801877666,0,-10.0,-50.0,50.0,10.0,Premier
2019,1,3.5,0.3604909464372712,0,-10.0,-26.171831253044918,26.171831253044918,10.0,Premier
2019,1,13.0,0.09710164847324121,0,-10.0,-5.465029794836161,5.465029794836161,10.0,Premier
2019,1,2.75,0.4324007652881848,1,17.5,47.27552613562702,27.01458636321544,10.0,Premier
2019,1,1.57,0.7138303784663028,0,-10.0,-50.0,50.0,10.0,Premier
2019,1,3.5,0.33239618001142407,1,25.0,40.84665750999606,16.338663003998423,10.0,Premier
2019,1,4.33,0.32320499936663055,0,-10.0,-29.990814358671948,29.990814358671948,10.0,Premier
2019,2,2.9,0.4651967459699537,0,-10.0,-45.93033727800864,45.93033727800864,10.0,Premier
2019,1,2.9,0.414780419201988,0,-10.0,-26.692528379705927,26.692528379705927,10.0,Premier
2019,1,2.62,0.41768510959743993,0,-10.0,-14.557868386619251,14.557868386619251,10.0,Premier
2019,1,3.3,0.4290878963093256,0,-10.0,-45.21631063269288,45.21631063269288,10.0,Premier
2019,1,1.85,0.5718775924347987,1,8.5,14.493386501094442,17.051042942464047,10.0,Premier
2019,1,1.8,0.6675822099192441,0,-10.0,-50.0,50.0,10.0,Premier
2019,1,6.0,0.22905958303098584,0,-10.0,-18.71787490929575,18.71787490929575,10.0,Premier
2019,1,2.55,0.5065489584291757,0,-10.0,-47.048361934580306,47.048361934580306,10.0,Premier
2019,1,3.75,0.31829419399382347,0,-10.0,-17.600293406985273,17.600293406985273,10.0,Premier
2019,1,4.33,0.24717249444508482,1,33.3,17.564225236804344,5.274542113154458,10.0,Premier
2019,1,1.53,0.6979824712915371,1,5.300000000000001,16.978295269012953,32.03451937549614,10.0,Premier
2019,1,3.5,0.4213831274590624,0,-10.0,-47.484094610671846,47.484094610671846,10.0,Premier
2019,2,2.05,0.6482675911990966,1,10.499999999999998,52.49999999999999,50.0,10.0,Premier
2019,1,3.6,0.4254676094237217,0,-10.0,-50.0,50.0,10.0,Premier
2019,1,4.0,0.35686590238603655,0,-10.0,-35.62196746201218,35.62196746201218,10.0,Premier
2019,1,4.33,0.3382238123430201,0,-10.0,-34.8730561145103,34.8730561145103,10.0,Premier
2019,1,2.87,0.41523802734527365,0,-10.0,-25.63277252418921,25.63277252418921,10.0,Premier
2019,1,5.0,0.3833189435332196,0,-10.0,-50.0,50.0,10.0,Premier
2019,1,2.55,0.41304342604469685,1,15.499999999999998,13.315184103494248,8.590441357093065,10.0,Premier
2019,1,3.3,0.40238618079044985,1,23.0,81.96859915212112,35.638521370487446,10.0,Premier
2019,2,2.75,0.5606254104048526,0,-10.0,-50.0,50.0,10.0,Premier
2019,1,3.0,0.47770566793262104,1,20.0,100.0,50.0,10.0,Premier
2019,1,4.1,0.3044074157468017,0,-10.0,-20.005677787248946,20.005677787248946,10.0,Premier
2019,1,4.5,0.26577503982889406,0,-10.0,-13.999119945001661,13.999119945001661,10.0,Premier
2019,1,13.0,0.09407610031774703,0,-10.0,-4.645610502723153,4.645610502723153,10.0,Premier
2019,1,3.25,0.37009975303592396,0,-10.0,-22.5360219296392,22.5360219296392,10.0,Premier
2019,1,1.83,0.6006011062234975,0,-10.0,-29.84940493644595,29.84940493644595,10.0,Premier
2019,1,1.66,0.6381433499476561,0,-10.0,-22.468924588298922,22.468924588298922,10.0,Premier
2019,1,2.9,0.3969103632238639,0,-10.0,-19.8736912301586,19.8736912301586,10.0,Premier
2019,1,6.0,0.29096429037812666,1,50.0,186.44643556719,37.289287113438,10.0,Premier
2019,1,4.33,0.3903990939654552,1,33.3,166.5,50.0,10.0,Premier
2019,1,2.7,0.4730920079346621,0,-10.0,-40.78653256229231,40.78653256229231,10.0,Premier
2019,1,2.87,0.3932631474241142,1,18.700000000000003,32.16630827680195,17.20123437262136,10.0,Premier
2019,1,2.8,0.3966401395023576,1,18.0,27.64809765165033,15.36005425091685,10.0,Premier
2019,1,7.0,0.21620487451079026,0,-10.0,-21.393088398980492,21.393088398980492,10.0,Premier
2019,1,3.1,0.5540278825669733,0,-10.0,-50.0,50.0,10.0,Premier
2019,1,2.75,0.39582065247459797,0,-10.0,-12.643827757877789,12.643827757877789,10.0,Premier
2019,1,2.6,0.6108678911914854,0,-10.0,-50.0,50.0,10.0,Premier
2019,1,3.6,0.37628494188220696,0,-10.0,-34.098633728456264,34.098633728456264,10.0,Premier
2019,1,5.5,0.20684003526735473,1,45.0,34.40504849261272,7.645566331691716,10.0,Premier
2019,1,2.5,0.5081554207752577,0,-10.0,-45.06475865635736,45.06475865635736,10.0,Premier
2019,1,4.33,0.30465349830841876,1,33.3,79.7874119188633,23.960183759418406,10.0,Premier
2019,1,2.65,0.4634054189749098,1,16.5,57.006090070877704,34.54914549750164,10.0,Premier
2019,2,2.62,0.4225882618334717,0,-10.0,-16.540315741311087,16.540315741311087,10.0,Premier
2019,1,1.8,0.6021883112436522,1,8.0,20.984740059643514,26.230925074554392,10.0,Premier
2019,1,5.0,0.3389950167983104,1,40.0,173.74377099788802,43.435942749472005,10.0,Premier
2019,1,3.2,0.4045483063280548,0,-10.0,-33.472111392019926,33.472111392019926,10.0,Premier
2019,1,2.8,0.43953583172564414,0,-10.0,-32.04171233775049,32.04171233775049,10.0,Premier
2019,1,3.0,0.4076828474439896,0,-10.0,-27.8810677914961,27.8810677914961,10.0,Premier
2019,1,3.6,0.5067728965420685,0,-10.0,-50.0,50.0,10.0,Premier
2019,2,2.37,0.6862366606106578,0,-10.0,-50.0,50.0,10.0,Premier
2019,1,3.6,0.43426562466601326,0,-10.0,-50.0,50.0,10.0,Premier
2019,1,3.3,0.3893603231974685,1,23.0,71.22226663791147,30.96620288604847,10.0,Premier
2019,1,6.0,0.2159896769247084,0,-10.0,-14.796903077412527,14.796903077412527,10.0,Premier
2019,1,6.0,0.20768940950731832,0,-10.0,-12.306822852195499,12.306822852195499,10.0,Premier
2019,1,1.66,0.682923474958184,1,6.6,32.99999999999999,50.0,10.0,Premier
2019,2,2.62,0.4236378905747207,1,16.200000000000003,27.482818326442064,16.96470267064325,10.0,Premier
2019,1,4.0,0.45457930399242263,1,30.0,150.0,50.0,10.0,Premier
2019,1,4.6,0.31735254279908215,0,-10.0,-31.932062283040132,31.932062283040132,10.0,Premier
2019,1,2.5,0.45976700631626244,0,-10.0,-24.902919298442683,24.902919298442683,10.0,Premier
2019,1,6.0,0.336461617398993,0,-10.0,-50.0,50.0,10.0,Premier
2019,1,2.5,0.5052861734495717,1,15.0,65.80385840598235,43.86923893732157,10.0,Premier
2019,1,4.2,0.36549552809751956,1,32.0,133.7703045023956,41.80322015699862,10.0,Premier
2019,1,3.3,0.5568598884787067,0,-10.0,-50.0,50.0,10.0,Premier
2019,1,2.9,0.4554937271491664,0,-10.0,-42.227869570076656,42.227869570076656,10.0,Premier
2019,1,2.6,0.5020639223703524,0,-10.0,-47.71346846295564,47.71346846295564,10.0,Premier
2019,1,8.5,0.17505507230782377,1,75.0,121.99202865412552,16.26560382055007,10.0,Premier
2019,1,8.5,0.3291944833494462,0,-10.0,-50.0,50.0,10.0,Premier
2019,1,3.8,0.3761640753045205,1,28.0,107.35587153929448,38.34138269260517,10.0,Premier
2019,1,6.0,0.18500616882687862,0,-10.0,-5.501850648063589,5.501850648063589,10.0,Premier
2019,1,5.25,0.2066837252807817,0,-10.0,-5.005268101417868,5.005268101417868,10.0,Premier
2019,1,3.75,0.42961559440848124,0,-10.0,-50.0,50.0,10.0,Premier
2019,1,6.0,0.3142925485949528,1,50.0,221.43882289242922,44.28776457848584,10.0,Premier
2019,1,10.0,0.17015284628750385,0,-10.0,-19.486901746528847,19.486901746528847,10.0,Premier
2019,1,2.62,0.48916304970395563,1,16.200000000000003,70.40179755609094,43.45789972598206,10.0,Premier
2019,1,5.25,0.37719477103299015,1,42.5,212.5,50.0,10.0,Premier
2019,1,4.5,0.36330104249672573,0,-10.0,-45.34676365966184,45.34676365966184,10.0,Premier
2019,1,4.6,0.4272417753701843,0,-10.0,-50.0,50.0,10.0,Premier
2019,1,3.8,0.396401774328796,1,28.0,126.58168561235618,45.20774486155578,10.0,Premier
2019,1,9.5,0.14225575225890266,0,-10.0,-10.336166072340447,10.336166072340447,10.0,Premier
2019,1,3.2,0.394721371574595,0,-10.0,-29.898680572580027,29.898680572580027,10.0,Premier
2019,2,2.8,0.42839675882687395,1,18.0,49.87773117881172,27.709850654895405,10.0,Premier
2019,2,2.1,0.543711492720189,0,-10.0,-32.22593970736295,32.22593970736295,10.0,Premier
2019,1,1.9,0.557949809188847,1,9.0,15.026159364702306,16.695732627447008,10.0,Premier
2019,1,1.85,0.6366999046995407,1,8.5,42.50000000000001,50.0,10.0,Premier
2019,1,6.0,0.39435461487774903,0,-10.0,-50.0,50.0,10.0,Premier
2019,1,3.25,0.4003737025502963,0,-10.0,-33.468281476495896,33.468281476495896,10.0,Premier
2019,1,3.0,0.4081521888637351,0,-10.0,-28.05707082390066,28.05707082390066,10.0,Premier
2020,1,6.0,0.20806299730046987,0,-10.0,-12.418899190140964,12.418899190140964,10.0,Premier
2020,1,3.1,0.422868825007767,1,21.0,77.72333938101944,37.01111399096164,10.0,Premier
2020,1,3.8,0.3757757803418376,0,-10.0,-38.20963975883775,38.20963975883775,10.0,Premier
2020,1,5.0,0.3784488180581331,0,-10.0,-50.0,50.0,10.0,Premier
2020,1,3.25,0.3976570015684436,0,-10.0,-32.487250566382414,32.487250566382414,10.0,Premier
2020,1,2.6,0.44906845269899587,0,-10.0,-26.184058908967078,26.184058908967078,10.0,Premier
2020,1,3.1,0.3709951682911384,0,-10.0,-17.867264488396298,17.867264488396298,10.0,Premier
2020,1,2.7,0.4316356300002682,1,17.0,41.354050250181075,24.325911911871216,10.0,Premier
2020,1,4.75,0.318413804496716,0,-10.0,-34.16437142396008,34.16437142396008,10.0,Premier
2020,1,3.75,0.3305177394853694,0,-10.0,-21.76741118819411,21.76741118819411,10.0,Premier
2020,1,9.0,0.24103714595068557,0,-10.0,-36.54169729863031,36.54169729863031,10.0,Premier
2020,1,3.2,0.38925476392475383,0,-10.0,-27.910823245365037,27.910823245365037,10.0,Premier
2020,1,2.7,0.41809704466275294,0,-10.0,-18.950297145504862,18.950297145504862,10.0,Premier
2020,1,3.6,0.41142525466111973,1,26.0,120.28272919500776,46.26258815192606,10.0,Premier
2020,1,2.9,0.45243733802594366,0,-10.0,-41.061615825689024,41.061615825689024,10.0,Premier
2020,1,7.5,0.19812586347893504,0,-10.0,-18.690152926615877,18.690152926615877,10.0,Premier
2020,1,1.5,0.740374945789846,1,5.0,25.0,50.0,10.0,Premier
2020,1,4.75,0.34562466201967684,0,-10.0,-42.781142972897676,42.781142972897676,10.0,Premier
2020,1,2.62,0.44394306589618887,0,-10.0,-25.174511211113423,25.174511211113423,10.0,Premier
2020,1,1.57,0.7277919024029088,0,-10.0,-50.0,50.0,10.0,Premier
2020,2,2.9,0.41517246023896504,0,-10.0,-26.842122985920856,26.842122985920856,10.0,Premier
2020,1,2.75,0.38874418514977593,0,-10.0,-9.863787023126276,9.863787023126276,10.0,Premier
2020,2,2.7,0.39719200156998563,1,17.0,18.10460105974032,10.649765329259012,10.0,Premier
2020,1,8.0,0.30197182320043797,0,-10.0,-50.0,50.0,10.0,Premier
2020,1,5.75,0.2965880617157394,0,-10.0,-37.12533446660535,37.12533446660535,10.0,Premier
2020,1,9.5,0.3863152844311273,0,-10.0,-50.0,50.0,10.0,Premier
2020,1,6.0,0.3469523729646143,0,-10.0,-50.0,50.0,10.0,Premier
2020,1,3.7,0.3745259978969883,1,27.0,96.4365480547142,35.71724002026451,10.0,Premier
2020,1,2.9,0.40778300391816735,0,-10.0,-24.022462021405964,24.022462021405964,10.0,Premier
2020,1,2.87,0.39156340404054985,1,18.700000000000003,30.946742399094507,16.54906010646765,10.0,Premier
2020,1,1.83,0.6634792531634357,1,8.3,41.5,50.0,10.0,Premier
2020,1,7.0,0.20468413442791836,0,-10.0,-18.032872541476184,18.032872541476184,10.0,Premier
2020,1,6.5,0.3138519717606815,0,-10.0,-47.27444620201953,47.27444620201953,10.0,Premier
2020,1,4.0,0.38661706746581986,1,30.0,136.61706746581984,45.53902248860662,10.0,Premier
2020,1,3.0,0.41930836288433726,0,-10.0,-32.24063608162647,32.24063608162647,10.0,Premier
2020,1,1.85,0.7075992233007579,1,8.5,42.50000000000001,50.0,10.0,Premier
2020,1,2.75,0.3831599760873292,1,17.5,13.422483560038835,7.669990605736476,10.0,Premier
2020,2,2.75,0.38642543866056855,0,-10.0,-8.952850902366226,8.952850902366226,10.0,Premier
2020,1,2.6,0.4420073802323108,1,16.0,37.30479715100204,23.315498219376277,10.0,Premier
2020,1,4.0,0.3181613304040336,0,-10.0,-22.7204434680112,22.7204434680112,10.0,Premier
2020,1,4.0,0.3334258974191746,0,-10.0,-27.808632473058204,27.808632473058204,10.0,Premier
2020,1,3.6,0.3831599760873292,0,-10.0,-36.478453260998585,36.478453260998585,10.0,Premier
2020,2,2.55,0.4559266179589012,1,15.499999999999998,40.653218948799534,26.227883192773895,10.0,Premier
2020,1,3.8,0.3288866160441747,0,-10.0,-22.300816157844977,22.300816157844977,10.0,Premier
2020,1,1.5,0.7319276536474492,1,5.0,24.47287011779342,48.94574023558684,10.0,Premier
2020,1,4.33,0.3777977758763109,0,-10.0,-47.73756528111309,47.73756528111309,10.0,Premier
2020,1,4.33,0.3173756035179051,1,33.3,93.5590908081323,28.095823065505193,10.0,Premier
2020,1,1.7,0.6338813864482383,1,7.0,19.399589240501278,27.713698915001828,10.0,Premier
2020,1,4.5,0.2741158781069591,0,-10.0,-16.680103677236854,16.680103677236854,10.0,Premier
2020,1,5.25,0.46266348135792335,1,42.5,212.5,50.0,10.0,Premier
2020,2,2.5,0.45216030738499297,0,-10.0,-21.73346141041373,21.73346141041373,10.0,Premier
2020,1,1.75,0.8444734486298521,1,7.5,37.5,50.0,10.0,Premier
2020,1,7.0,0.1796610554344563,0,-10.0,-10.734474501716422,10.734474501716422,10.0,Premier
2020,1,7.0,0.43362435073425337,0,-10.0,-50.0,50.0,10.0,Premier
2020,1,2.5,0.6456124797948717,0,-10.0,-50.0,50.0,10.0,Premier
2020,1,1.66,0.6882549791077778,1,6.6,32.99999999999999,50.0,10.0,Premier
2020,1,3.6,0.33369240298504615,0,-10.0,-19.35506257174674,19.35506257174674,10.0,Premier
2020,1,3.5,0.37775443968226746,1,25.0,80.53513472198404,32.214053888793615,10.0,Premier
2020,1,2.9,0.447579604733318,0,-10.0,-39.20800706929239,39.20800706929239,10.0,Premier
2020,1,3.2,0.39328491337682214,0,-10.0,-29.376332137026235,29.376332137026235,10.0,Premier
2020,1,4.0,0.3659107658148695,1,30.0,115.91076581486948,38.636921938289824,10.0,Premier
2020,1,4.2,0.25750026356132616,0,-10.0,-6.367273981060153,6.367273981060153,10.0,Premier
2020,1,3.6,0.3632040364295688,0,-10.0,-29.57062799485074,29.57062799485074,10.0,Premier
2020,1,3.75,0.326607654702731,0,-10.0,-20.434427739567383,20.434427739567383,10.0,Premier
2020,1,3.25,0.3709939154222604,0,-10.0,-22.85891390248292,22.85891390248292,10.0,Premier
2020,1,3.6,0.34965829462856246,0,-10.0,-24.88171737142546,24.88171737142546,10.0,Premier
2020,1,12.0,0.1339097159722441,0,-10.0,-13.79355890152112,13.79355890152112,10.0,Premier
2020,1,1.95,0.596960755523178,1,9.5,41.01836831754924,43.17722980794657,10.0,Premier
2020,1,1.75,0.6247645076664988,1,7.5,23.33447210409323,31.112629472124304,10.0,Premier
2020,1,5.75,0.25342844444794993,0,-10.0,-24.063871346090117,24.063871346090117,10.0,Premier
2020,1,5.25,0.39122542995436316,0,-10.0,-50.0,50.0,10.0,Premier
2020,1,3.0,0.4346391145007334,0,-10.0,-37.98966793777503,37.98966793777503,10.0,Premier
2020,1,1.6,0.6782309884074175,0,-10.0,-35.48732560494501,35.48732560494501,10.0,Premier
2020,1,6.25,0.2617784024199633,0,-10.0,-30.291191196417657,30.291191196417657,10.0,Premier
2020,1,1.95,0.6324381957470292,0,-10.0,-50.0,50.0,10.0,Premier
2020,1,2.87,0.4284182974498969,1,18.700000000000003,57.39012842030105,30.689908246150296,10.0,Premier
2020,1,3.1,0.38323554184210984,0,-10.0,-22.384545203635785,22.384545203635785,10.0,Premier
2020,1,3.9,0.47826066581268095,0,-10.0,-50.0,50.0,10.0,Premier
2020,1,3.5,0.42262892835478505,0,-10.0,-47.920124924174765,47.920124924174765,10.0,Premier
2020,1,15.0,0.18268870064259354,0,-10.0,-31.077330529266128,31.077330529266128,10.0,Premier
2020,1,3.8,0.422868825007767,1,28.0,140.0,50.0,10.0,Premier
2020,1,3.2,0.3623998089850744,0,-10.0,-18.145385085481596,18.145385085481596,10.0,Premier
2020,1,2.8,0.42429729234583974,0,-10.0,-26.115613690048793,26.115613690048793,10.0,Premier
2020,1,2.87,0.3936381427920767,1,18.700000000000003,32.435367453315045,17.34511628519521,10.0,Premier
2020,1,3.3,0.5376807143498467,0,-10.0,-50.0,50.0,10.0,Premier
2020,1,4.33,0.30934090754513366,0,-10.0,-25.48394366895111,25.48394366895111,10.0,Premier
2020,1,3.2,0.41944315926924464,1,22.0,85.55452741539571,38.88842155245259,10.0,Premier
2020,1,3.6,0.4023485924047849,1,26.0,112.1137331643064,43.1206666016563,10.0,Premier
2020,1,2.8,0.39381008301248427,0,-10.0,-14.259476727077214,14.259476727077214,10.0,Premier
2020,1,3.5,0.48185817301699246,0,-10.0,-50.0,50.0,10.0,Premier
2020,1,3.0,0.42816523055638456,1,20.0,71.12392291728841,35.561961458644205,10.0,Premier
2020,1,3.6,0.4576552510012417,0,-10.0,-50.0,50.0,10.0,Premier
2020,1,3.5,0.4126829354040186,0,-10.0,-44.439027391406526,44.439027391406526,10.0,Premier
2020,1,3.4,0.44530645694763976,0,-10.0,-50.0,50.0,10.0,Premier
2020,1,7.0,0.28303311377021134,0,-10.0,-40.88465818297831,40.88465818297831,10.0,Premier
2020,1,3.5,0.33406762361150744,1,25.0,42.309170660069,16.9236682640276,10.0,Premier
2020,1,10.0,0.3021037477594914,0,-10.0,-50.0,50.0,10.0,Premier
2020,1,1.85,0.6911308815460883,0,-10.0,-50.0,50.0,10.0,Premier
2020,1,1.66,0.7150986145453081,1,6.6,32.99999999999999,50.0,10.0,Premier
2020,1,2.75,0.581089782263381,0,-10.0,-50.0,50.0,10.0,Premier
2020,1,8.5,0.1339097159722441,0,-10.0,-4.607752858802497,4.607752858802497,10.0,Premier
2020,1,5.0,0.2328933952137303,0,-10.0,-10.279186004290716,10.279186004290716,10.0,Premier
2020,1,2.62,0.4796295696383335,1,16.200000000000003,64.15736811310845,39.603313650066944,10.0,Premier
2020,1,2.87,0.38539275792607874,0,-10.0,-14.18144588874946,14.18144588874946,10.0,Premier
2020,1,4.2,0.33804988810533204,1,32.0,104.95238251059868,32.79761953456209,10.0,Premier
2020,1,3.5,0.4119413831490501,0,-10.0,-44.17948410216754,44.17948410216754,10.0,Premier
2020,1,3.5,0.4108197252157826,0,-10.0,-43.7869038255239,43.7869038255239,10.0,Premier
2020,1,4.0,0.30476185760547164,0,-10.0,-18.253952535157214,18.253952535157214,10.0,Premier
2020,1,3.75,0.29465129889609093,1,27.5,26.235592715085247,9.540215532758271,10.0,Premier
2020,1,8.0,0.1740258916577182,0,-10.0,-14.007397616490914,14.007397616490914,10.0,Premier
2020,1,4.0,0.29019079361714695,0,-10.0,-13.39693120571565,13.39693120571565,10.0,Premier
2020,1,4.33,0.3389433128762673,0,-10.0,-35.106947804372176,35.106947804372176,10.0,Premier
2020,1,5.5,0.33557059747013646,0,-10.0,-46.979904782541695,46.979904782541695,10.0,Premier
2020,1,3.6,0.3031268108956519,0,-10.0,-8.77466531003335,8.77466531003335,10.0,Premier
2020,2,2.8,0.38156332409044574,1,18.0,17.094326863312023,9.49684825739557,10.0,Premier
2020,1,3.8,0.49273485341426776,0,-10.0,-50.0,50.0,10.0,Premier
2020,1,4.75,0.2896591187429973,0,-10.0,-25.05872093528249,25.05872093528249,10.0,Premier
2020,1,10.0,0.1278634696218306,0,-10.0,-7.73985267273072,7.73985267273072,10.0,Premier
2020,1,2.9,0.41159856832141606,0,-10.0,-25.47840107001402,25.47840107001402,10.0,Premier
2020,1,1.83,0.6169700410277308,1,8.3,32.263793770186844,38.8720406869721,10.0,Premier
2020,1,2.55,0.5062997595120148,1,15.499999999999998,72.76609668890937,46.94586883155444,10.0,Premier
2020,1,4.75,0.34654219276407444,0,-10.0,-43.071694375290235,43.071694375290235,10.0,Premier
2020,1,2.8,0.4334938086612292,0,-10.0,-29.69203670158914,29.69203670158914,10.0,Premier
2020,1,2.9,0.41418965877248254,0,-10.0,-26.467106636868333,26.467106636868333,10.0,Premier
2020,1,6.0,0.29895948642198095,0,-10.0,-39.687845926594285,39.687845926594285,10.0,Premier
2020,1,3.1,0.4452419881878417,0,-10.0,-45.26787659313208,45.26787659313208,10.0,Premier
2020,1,5.5,0.32333585280442767,0,-10.0,-43.241510579130676,43.241510579130676,10.0,Premier
2020,1,1.61,0.6541886065590282,1,6.100000000000001,13.3109141400089,21.821170721326062,10.0,Premier
2020,1,2.87,0.4405194176280252,0,-10.0,-35.332985105940146,35.332985105940146,10.0,Premier
2020,1,1.5,0.7556010660603643,1,5.0,25.0,50.0,10.0,Premier
2020,1,7.0,0.31560092580084104,0,-10.0,-50.0,50.0,10.0,Premier
2020,1,3.0,0.4296796803035627,1,20.0,72.259760227672,36.129880113836,10.0,Premier
2020,1,2.87,0.501618767090743,0,-10.0,-50.0,50.0,10.0,Premier
2020,1,6.5,0.24686724962757786,0,-10.0,-27.48350557178437,27.48350557178437,10.0,Premier
2020,1,3.6,0.3753983896943933,1,26.0,87.85855072495401,33.79175027882847,10.0,Premier
2020,1,3.4,0.39500168992668594,0,-10.0,-35.72976518236792,35.72976518236792,10.0,Premier
2020,1,3.5,0.3472284398132655,1,25.0,53.824884836607296,21.52995393464292,10.0,Premier
2020,1,1.66,0.7005748778169418,1,6.6,32.99999999999999,50.0,10.0,Premier
2020,1,1.7,0.7889458558762854,0,-10.0,-50.0,50.0,10.0,Premier
2020,1,4.5,0.31479268777492947,0,-10.0,-29.754792499084477,29.754792499084477,10.0,Premier
2020,1,1.75,0.7382249553439332,1,7.5,37.5,50.0,10.0,Premier
2020,1,9.0,0.2095017535214342,0,-10.0,-27.672368177903362,27.672368177903362,10.0,Premier
2020,1,4.75,0.402741486041966,0,-10.0,-50.0,50.0,10.0,Premier
2020,1,5.25,0.3005772480424346,1,42.5,144.5076380556954,34.001797189575385,10.0,Premier
2020,1,3.8,0.3418639773735425,0,-10.0,-26.703849466023343,26.703849466023343,10.0,Premier
2020,1,3.6,0.37460531926952584,0,-10.0,-33.517225900989715,33.517225900989715,10.0,Premier
2020,1,2.9,0.3899380810624655,0,-10.0,-17.213215142256573,17.213215142256573,10.0,Premier
2020,2,2.5,0.4302403358828206,0,-10.0,-12.60013995117526,12.60013995117526,10.0,Premier
2020,1,3.1,0.39578076530480916,0,-10.0,-27.014330052965295,27.014330052965295,10.0,Premier
2020,1,3.4,0.5213925032285819,1,24.0,120.0,50.0,10.0,Premier
2020,2,2.45,0.5596973303382105,1,14.500000000000002,72.50000000000001,50.0,10.0,Premier
2020,1,1.9,0.7054601617149384,0,-10.0,-50.0,50.0,10.0,Premier
2020,1,3.3,0.4792469795170326,1,23.0,114.99999999999999,50.0,10.0,Premier
2020,1,2.5,0.5538114309567983,0,-10.0,-50.0,50.0,10.0,Premier
2020,1,2.7,0.3922810206952574,0,-10.0,-8.699817040763984,8.699817040763984,10.0,Premier
2020,1,3.0,0.5615584492550293,0,-10.0,-50.0,50.0,10.0,Premier
2020,1,11.0,0.21207119456195392,0,-10.0,-33.31957850453733,33.31957850453733,10.0,Premier
2020,1,3.2,0.38635635973207677,0,-10.0,-26.856858084391572,26.856858084391572,10.0,Premier
2020,1,2.9,0.42781750260940193,0,-10.0,-31.66720494306125,31.66720494306125,10.0,Premier
2020,1,3.0,0.38268317646651556,1,20.0,37.012382349886686,18.506191174943343,10.0,Premier
2020,1,12.0,0.2917823137428859,0,-10.0,-50.0,50.0,10.0,Premier
2020,1,7.0,0.3067778760996624,1,60.0,286.8612831744092,47.81021386240153,10.0,Premier
2020,1,1.5,0.7373841514482314,0,-10.0,-50.0,50.0,10.0,Premier
2020,1,6.0,0.3592063780104804,0,-10.0,-50.0,50.0,10.0,Premier
2020,1,11.0,0.10834518338894598,0,-10.0,-4.794925431960145,4.794925431960145,10.0,Premier
2020,1,5.0,0.33677619948152593,0,-10.0,-42.74256233797685,42.74256233797685,10.0,Premier
2020,1,6.5,0.27236246422650495,1,55.0,192.58900436807053,35.01618261237646,10.0,Premier
2020,2,2.4,0.4510997219093605,0,-10.0,-14.757023675440186,14.757023675440186,10.0,Premier
2021,1,4.0,0.3031357212316282,1,30.0,53.13572123162818,17.711907077209393,10.0,Premier
2021,1,3.1,0.41165726348935855,0,-10.0,-32.87351390678708,32.87351390678708,10.0,Premier
2021,1,9.0,0.1321268966808231,0,-10.0,-5.910689691481501,5.910689691481501,10.0,Premier
2021,1,3.1,0.4208305228757408,1,21.0,76.14365522869915,36.25888344223769,10.0,Premier
2021,1,5.5,0.2719894415411854,1,45.0,123.9854821191299,27.552329359806645,10.0,Premier
2021,2,2.87,0.3744532969740215,0,-10.0,-9.984085871048375,9.984085871048375,10.0,Premier
2021,1,5.5,0.20119141229826543,0,-10.0,-5.9195982022477684,5.9195982022477684,10.0,Premier
2021,1,4.75,0.3214207149362494,0,-10.0,-35.11655972981231,35.11655972981231,10.0,Premier
2021,1,2.5,0.43605029809354984,1,15.0,22.531436308468656,15.020957538979104,10.0,Premier
2021,2,2.8,0.37841862053692227,0,-10.0,-8.273907986580861,8.273907986580861,10.0,Premier
2021,1,3.1,0.3790083926161311,0,-10.0,-20.824525846429335,20.824525846429335,10.0,Premier
2021,1,5.0,0.288720246277135,0,-10.0,-27.725076961604685,27.725076961604685,10.0,Premier
2021,1,6.0,0.1941302780254692,0,-10.0,-8.239083407640758,8.239083407640758,10.0,Premier
2021,1,4.2,0.34835546937750256,1,32.0,115.77324284637768,36.179138389493026,10.0,Premier
2021,1,3.4,0.3799411978302154,0,-10.0,-30.395840898201286,30.395840898201286,10.0,Premier
2021,1,3.0,0.3946952616232968,0,-10.0,-23.010723108736308,23.010723108736308,10.0,Premier
2021,1,3.8,0.28124924477308527,0,-10.0,-6.1381366194396465,6.1381366194396465,10.0,Premier
2021,2,2.75,0.44213780179251433,0,-10.0,-30.839850704202064,30.839850704202064,10.0,Premier
2021,1,4.33,0.2919985261289026,0,-10.0,-19.84636772808921,19.84636772808921,10.0,Premier
2021,1,5.0,0.4399871009182565,0,-10.0,-50.0,50.0,10.0,Premier
2021,2,2.75,0.3871177812107018,1,17.5,16.143474582357488,9.224842618489992,10.0,Premier
2021,1,1.61,0.6645156297419087,1,6.100000000000001,17.467540971118247,28.635313067406955,10.0,Premier
2021,1,3.0,0.44449206925058843,0,-10.0,-41.684525968970654,41.684525968970654,10.0,Premier
2021,2,2.8,0.43684947767550836,1,18.0,55.79463437285581,30.99701909603101,10.0,Premier
2021,1,3.1,0.3837275601390688,0,-10.0,-22.56612338465633,22.56612338465633,10.0,Premier
2021,1,1.85,0.6287079087651709,0,-10.0,-47.97342094575476,47.97342094575476,10.0,Premier
2021,1,3.0,0.3710334217637179,0,-10.0,-14.137533161394211,14.137533161394211,10.0,Premier
2021,2,2.3,0.4762758782205611,0,-10.0,-18.352792289863572,18.352792289863572,10.0,Premier
2021,1,1.75,0.640402007280722,0,-10.0,-40.23450424708789,40.23450424708789,10.0,Premier
2021,2,2.4,0.4440724204085005,0,-10.0,-11.7453230322145,11.7453230322145,10.0,Premier
2021,1,3.5,0.34776683514228707,1,25.0,54.295980749501204,21.71839229980048,10.0,Premier
2021,1,3.6,0.38008502683595174,0,-10.0,-35.41404775090637,35.41404775090637,10.0,Premier
2021,1,6.5,0.2097627766503333,0,-10.0,-16.520820373962117,16.520820373962117,10.0,Premier
2021,1,8.5,0.18320373182904545,0,-10.0,-18.574390684896212,18.574390684896212,10.0,Premier
2021,2,2.8,0.38891735286934076,1,18.0,22.242147008538492,12.356748338076942,10.0,Premier
2021,1,3.5,0.3990709490170925,0,-10.0,-39.67483215598237,39.67483215598237,10.0,Premier
2021,1,8.0,0.2629676761657463,0,-10.0,-39.41933604735608,39.41933604735608,10.0,Premier
2021,2,2.7,0.516053380153294,1,17.0,85.00000000000001,50.0,10.0,Premier
2021,1,2.87,0.36914715191473074,0,-10.0,-7.948171924502311,7.948171924502311,10.0,Premier
2021,1,3.2,0.37814555703158564,0,-10.0,-23.871111647849325,23.871111647849325,10.0,Premier
2021,1,8.5,0.24362736235760543,0,-10.0,-35.69441933465488,35.69441933465488,10.0,Premier
2021,1,3.4,0.35422433847028834,0,-10.0,-21.287786541560447,21.287786541560447,10.0,Premier
2021,1,4.75,0.3655604692187262,0,-10.0,-49.094148585929965,49.094148585929965,10.0,Premier
2021,1,3.1,0.3609852325462924,0,-10.0,-14.173121534941235,14.173121534941235,10.0,Premier
2021,2,2.45,0.4329437721449283,0,-10.0,-10.467627888805948,10.467627888805948,10.0,Premier
2021,1,4.75,0.22205248864783247,1,37.5,13.687330269301079,3.6499547384802877,10.0,Premier
2021,1,4.75,0.33789833552164467,0,-10.0,-40.33447291518747,40.33447291518747,10.0,Premier
2021,2,2.9,0.3628351862225561,0,-10.0,-6.8713210586069415,6.8713210586069415,10.0,Premier
2021,2,2.7,0.4439006961363039,0,-10.0,-29.195864642355975,29.195864642355975,10.0,Premier
2021,1,3.6,0.44999987444630635,1,26.0,130.0,50.0,10.0,Premier
2021,1,6.5,0.2805616330975933,1,55.0,205.91265378358912,37.43866432428893,10.0,Premier
2021,1,3.0,0.44455504821062597,1,20.0,83.41628615796948,41.70814307898474,10.0,Premier
2021,1,1.7,0.628049798397277,1,7.0,16.921164318842717,24.173091884061026,10.0,Premier
2021,1,1.61,0.6555434076478418,1,6.100000000000001,13.856221578256333,22.715117341403822,10.0,Premier
2021,1,1.95,0.6165141661680575,0,-10.0,-50.0,50.0,10.0,Premier
2021,2,2.87,0.5115896970573771,0,-10.0,-50.0,50.0,10.0,Premier
2021,1,10.0,0.3010828692994549,0,-10.0,-50.0,50.0,10.0,Premier
2021,1,1.95,0.5814985038963935,0,-10.0,-35.242653315254536,35.242653315254536,10.0,Premier
2021,1,7.5,0.25644809661368734,0,-10.0,-35.513874023179035,35.513874023179035,10.0,Premier
2021,1,12.0,0.1941302780254692,0,-10.0,-30.21734855240069,30.21734855240069,10.0,Premier
2021,1,8.0,0.13957799344071703,0,-10.0,-4.165140983062009,4.165140983062009,10.0,Premier
2021,1,4.75,0.39544522358970163,1,37.5,187.5,50.0,10.0,Premier
2021,1,1.5,0.7145847650961391,1,5.0,17.96928691105215,35.9385738221043,10.0,Premier
2021,1,3.4,0.4051377055245377,1,24.0,94.36704969585703,39.31960403994043,10.0,Premier
2021,1,7.0,0.1714667143027786,0,-10.0,-8.344458338310426,8.344458338310426,10.0,Premier
2021,1,3.6,0.4283197029420649,0,-10.0,-50.0,50.0,10.0,Premier
2021,1,3.3,0.34056575055375976,0,-10.0,-13.463801829066002,13.463801829066002,10.0,Premier
2021,1,3.9,0.3669231846349,0,-10.0,-37.15520862725086,37.15520862725086,10.0,Premier
2021,1,13.0,0.16281703964340022,0,-10.0,-23.262948236754223,23.262948236754223,10.0,Premier
2021,1,7.0,0.26976012245879893,0,-10.0,-37.01336905048302,37.01336905048302,10.0,Premier
2021,1,5.25,0.24209979864298906,0,-10.0,-15.942584875040744,15.942584875040744,10.0,Premier
2021,1,1.72,0.623727016782814,1,7.199999999999999,18.202617216609983,25.2814128008472,10.0,Premier
2021,1,8.0,0.24252984741281614,0,-10.0,-33.579956403661754,33.579956403661754,10.0,Premier
2021,1,5.25,0.30738535882757945,0,-10.0,-36.10430199087012,36.10430199087012,10.0,Premier
2021,1,6.5,0.279798200030553,0,-10.0,-37.21310455448157,37.21310455448157,10.0,Premier
2021,1,3.75,0.28642942519818915,0,-10.0,-6.7373040448372,6.7373040448372,10.0,Premier
2021,1,3.4,0.36868237682612315,0,-10.0,-26.408341792585286,26.408341792585286,10.0,Premier
2021,1,8.0,0.16995852433204853,1,70.0,89.91704866409705,12.84529266629958,10.0,Premier
2021,1,19.0,0.13316553274068438,0,-10.0,-21.25201558434727,21.25201558434727,10.0,Premier
2021,1,5.75,0.20729068844354806,0,-10.0,-10.101129397389549,10.101129397389549,10.0,Premier
2021,1,3.0,0.482176848953505,1,20.0,100.0,50.0,10.0,Premier
2021,1,2.75,0.49356007959877496,0,-10.0,-50.0,50.0,10.0,Premier
2021,2,2.4,0.661531837409543,0,-10.0,-50.0,50.0,10.0,Premier
2021,2,2.0,0.5708532345770146,0,-10.0,-35.42661728850732,35.42661728850732,10.0,Premier
2021,1,4.75,0.24355379705760496,0,-10.0,-10.458702401574907,10.458702401574907,10.0,Premier
2021,1,3.0,0.4487777977747909,0,-10.0,-43.29167416554658,43.29167416554658,10.0,Premier
2021,1,4.5,0.2946771978731632,0,-10.0,-23.28909931637389,23.28909931637389,10.0,Premier
2021,1,3.2,0.3484267796003217,0,-10.0,-13.064283491026087,13.064283491026087,10.0,Premier
2021,1,10.0,0.11667033366478259,0,-10.0,-4.630648240217385,4.630648240217385,10.0,Premier
2021,1,1.85,0.6298852945320577,1,8.5,41.321948721076694,48.61405731891375,10.0,Premier
2021,1,2.75,0.5332242651360829,0,-10.0,-50.0,50.0,10.0,Premier
2021,1,2.5,0.6212294566944752,0,-10.0,-50.0,50.0,10.0,Premier
2021,2,2.87,0.5263332026228534,0,-10.0,-50.0,50.0,10.0,Premier
2021,1,5.5,0.2271205237622521,0,-10.0,-13.842382260688149,13.842382260688149,10.0,Premier
2021,1,3.5,0.40825466797979626,0,-10.0,-42.88913379292869,42.88913379292869,10.0,Premier
2021,1,3.5,0.3264698615262592,0,-10.0,-14.264451534190714,14.264451534190714,10.0,Premier
2021,1,3.5,0.3726739126074277,0,-10.0,-30.4358694125997,30.4358694125997,10.0,Premier
2021,1,15.0,0.14812696927450156,0,-10.0,-21.81972391281292,21.81972391281292,10.0,Premier
2021,1,10.0,0.21149627778810157,0,-10.0,-30.971188274472663,30.971188274472663,10.0,Premier
2021,1,2.7,0.49305409231027825,1,17.0,82.81151230943783,48.71265429966931,10.0,Premier
2021,1,2.9,0.46590753138085367,0,-10.0,-46.2015580269047,46.2015580269047,10.0,Premier
2021,1,1.72,0.7096987383203527,1,7.199999999999999,36.0,50.0,10.0,Premier
2021,1,5.5,0.29528539062997644,0,-10.0,-34.67053602582614,34.67053602582614,10.0,Premier
2021,1,4.6,0.32342675707285284,1,36.0,121.94077063378072,33.872436287161314,10.0,Premier
2021,2,2.3,0.4618902941023773,1,12.999999999999998,15.586919108866947,11.9899377760515,10.0,Premier
2021,1,2.5,0.4236400115784749,0,-10.0,-9.850004824364563,9.850004824364563,10.0,Premier
2021,1,10.0,0.1909349765894921,0,-10.0,-25.25971571930336,25.25971571930336,10.0,Premier
2021,2,2.62,0.44085701801437693,0,-10.0,-23.926757283590675,23.926757283590675,10.0,Premier
2021,1,6.5,0.1939497543438827,0,-10.0,-11.848791056147162,11.848791056147162,10.0,Premier
2021,1,2.9,0.6522958980590956,0,-10.0,-50.0,50.0,10.0,Premier
2021,1,6.0,0.34092848546230536,0,-10.0,-50.0,50.0,10.0,Premier
2021,1,11.0,0.14680057475899455,0,-10.0,-15.370158058723504,15.370158058723504,10.0,Premier
2021,1,1.75,0.6054344047880368,1,7.5,14.8775520947661,19.8367361263548,10.0,Premier
2021,1,2.7,0.43910867560488676,0,-10.0,-27.293150607822678,27.293150607822678,10.0,Premier
2021,1,10.0,0.11023548410985462,0,-10.0,-2.843190030515172,2.843190030515172,10.0,Premier
2021,1,3.3,0.3607381986765259,0,-10.0,-20.699571264406035,20.699571264406035,10.0,Premier
2021,2,2.4,0.4490520365811717,1,14.0,19.431221948703005,13.879444249073575,10.0,Premier
2021,1,1.72,0.6166833981876164,1,7.199999999999999,15.173861220675045,21.074807250937564,10.0,Premier
2021,1,15.0,0.17539703252257013,0,-10.0,-29.12420513997414,29.12420513997414,10.0,Premier
2021,2,2.75,0.41850612517446245,0,-10.0,-21.555977747110248,21.555977747110248,10.0,Premier
2021,1,3.0,0.5041345618385739,1,20.0,100.0,50.0,10.0,Premier
2021,2,2.87,0.5920354471771545,0,-10.0,-50.0,50.0,10.0,Premier
2021,1,4.6,0.2919145491306846,1,36.0,85.70173150028725,23.80603652785757,10.0,Premier
2021,2,2.62,0.5005971362227427,0,-10.0,-48.08094088018302,48.08094088018302,10.0,Premier
2021,2,2.55,0.48656435480011084,0,-10.0,-38.82888786133589,38.82888786133589,10.0,Premier
2021,1,3.8,0.3954857719814358,1,28.0,125.711483382364,44.89695835084429,10.0,Premier
2021,1,2.7,0.43420829030552327,0,-10.0,-25.347409386016594,25.347409386016594,10.0,Premier
2021,1,1.83,0.61772787091857,0,-10.0,-39.28976017499489,39.28976017499489,10.0,Premier
2021,2,2.62,0.40336116479716844,0,-10.0,-8.766396877867507,8.766396877867507,10.0,Premier
2021,1,2.8,0.45619627228071646,0,-10.0,-38.520772553611955,38.520772553611955,10.0,Premier
2021,1,3.5,0.33834885293441025,0,-10.0,-18.422098527043595,18.422098527043595,10.0,Premier
2021,1,4.33,0.2649121207229206,0,-10.0,-11.041252457225685,11.041252457225685,10.0,Premier
2021,2,2.87,0.42990526978015914,0,-10.0,-31.260444420996887,31.260444420996887,10.0,Premier
2021,1,3.2,0.4604269235864568,0,-10.0,-50.0,50.0,10.0,Premier
2021,1,8.5,0.15618320271901007,0,-10.0,-10.918574103719518,10.918574103719518,10.0,Premier
2021,1,2.7,0.4941340495019046,0,-10.0,-49.14146083163859,49.14146083163859,10.0,Premier
2021,1,8.5,0.14281421357009239,0,-10.0,-7.130693844859508,7.130693844859508,10.0,Premier
2021,1,5.0,0.536436552655401,1,40.0,200.0,50.0,10.0,Premier
2021,1,4.33,0.44580690367469594,0,-10.0,-50.0,50.0,10.0,Premier
2021,1,1.72,0.7286560529821116,1,7.199999999999999,36.0,50.0,10.0,Premier
2021,1,3.0,0.37047656722296224,0,-10.0,-13.928712708610846,13.928712708610846,10.0,Premier
2021,2,2.45,0.4688670984967391,0,-10.0,-25.64213643396739,25.64213643396739,10.0,Premier
2021,1,2.6,0.4415336831837511,0,-10.0,-23.123058793398897,23.123058793398897,10.0,Premier
2021,1,4.75,0.36538084145134064,0,-10.0,-49.0372664595912,49.0372664595912,10.0,Premier
2021,1,4.2,0.33272527782390077,0,-10.0,-31.050481785967442,31.050481785967442,10.0,Premier
2021,1,11.0,0.10549519590511185,0,-10.0,-4.011178873905758,4.011178873905758,10.0,Premier
2021,1,2.62,0.405809030401564,0,-10.0,-9.75612031668175,9.75612031668175,10.0,Premier
2021,1,4.33,0.29842369577045713,1,33.3,73.04365067151984,21.93503023168764,10.0,Premier
2021,1,7.5,0.16830845128104746,0,-10.0,-10.088976331071384,10.088976331071384,10.0,Premier
2021,1,1.9,0.6062684588822828,1,9.0,37.977517969084275,42.19724218787142,10.0,Premier
2021,1,9.5,0.14112527678174366,0,-10.0,-10.020297924310729,10.020297924310729,10.0,Premier
2021,2,2.25,0.6191789303282578,0,-10.0,-50.0,50.0,10.0,Premier
2022,1,4.2,0.40864742034437823,0,-10.0,-50.0,50.0,10.0,Premier
2022,1,3.75,0.3516945457421494,1,27.5,79.71363663326508,28.98677695755094,10.0,Premier
2022,1,11.0,0.1568820453713257,0,-10.0,-18.142562477114563,18.142562477114563,10.0,Premier
2022,1,5.5,0.34310760879943913,0,-10.0,-49.282880466495286,49.282880466495286,10.0,Premier
2022,1,8.0,0.2284811846901933,0,-10.0,-29.566052768626655,29.566052768626655,10.0,Premier
2022,1,4.2,0.3429309308942359,1,32.0,110.07747743894771,34.399211699671156,10.0,Premier
2022,1,2.5,0.47205622175958295,1,15.0,45.03513859973934,30.023425733159563,10.0,Premier
2022,2,2.9,0.40993803314990673,0,-10.0,-24.844775807201238,24.844775807201238,10.0,Premier
2022,1,8.0,0.37442632179398644,0,-10.0,-50.0,50.0,10.0,Premier
2022,1,5.75,0.30136928418499825,1,47.5,183.218346015935,38.57228337177579,10.0,Premier
2022,1,7.5,0.1593014136117016,0,-10.0,-7.490792387990852,7.490792387990852,10.0,Premier
2022,1,5.25,0.2048549454146499,1,42.5,18.87211585672799,4.44049784864188,10.0,Premier
2022,1,2.7,0.45679217852734905,0,-10.0,-34.314541474094476,34.314541474094476,10.0,Premier
2022,1,7.0,0.35687243310302197,0,-10.0,-50.0,50.0,10.0,Premier
2022,1,3.1,0.3675971589050045,1,21.0,34.88779815137848,16.613237214942135,10.0,Premier
2022,1,5.25,0.3360524888387411,1,42.5,191.0688916008477,44.95738625902299,10.0,Premier
2022,1,3.5,0.33454786886061766,0,-10.0,-17.09175410121617,17.09175410121617,10.0,Premier
2022,1,3.6,0.3327702363084284,0,-10.0,-19.035851029840593,19.035851029840593,10.0,Premier
2022,2,2.05,0.5223542829354852,1,10.499999999999998,17.706570004436152,16.86340000422491,10.0,Premier
2022,1,7.0,0.30968707021275566,0,-10.0,-48.658728812053724,48.658728812053724,10.0,Premier
2022,1,8.0,0.19400801668924392,0,-10.0,-19.71657619692683,19.71657619692683,10.0,Premier
2022,1,2.5,0.5200968173586614,1,15.0,75.0,50.0,10.0,Premier
2022,1,2.75,0.46160447011256583,0,-10.0,-38.487470401365165,38.487470401365165,10.0,Premier
2022,1,9.5,0.2133975409352741,0,-10.0,-30.21401879073835,30.21401879073835,10.0,Premier
2022,1,4.2,0.34468638043906646,0,-10.0,-34.97521858156868,34.97521858156868,10.0,Premier
2022,1,2.9,0.40721620049679447,1,19.0,45.231745360175985,23.806181768513678,10.0,Premier
2022,1,3.3,0.44236459654037624,0,-10.0,-49.97860528078713,49.97860528078713,10.0,Premier
2022,1,1.75,0.6089189368956892,1,7.5,16.402034891864034,21.869379855818714,10.0,Premier
2022,1,3.6,0.3809910510881918,1,26.0,92.89194597937262,35.72767153052793,10.0,Premier
2022,2,2.5,0.4917402552676135,1,15.0,57.33765954225845,38.22510636150563,10.0,Premier
2022,2,2.05,0.5424760422823466,1,10.499999999999998,28.018971669702577,26.684734923526268,10.0,Premier
2022,2,2.62,0.4929994402626545,0,-10.0,-45.00903294570292,45.00903294570292,10.0,Premier
2022,1,3.3,0.35822451458237836,0,-10.0,-19.797923708896594,19.797923708896594,10.0,Premier
2022,1,3.1,0.34275640651879463,1,21.0,15.636215052065861,7.4458166914599335,10.0,Premier
2022,1,6.0,0.3480649355985375,0,-10.0,-50.0,50.0,10.0,Premier
2022,1,3.6,0.3878968039246065,1,26.0,99.10712353214583,38.118124435440706,10.0,Premier
2022,1,4.33,0.3042894939834942,0,-10.0,-23.841855026165906,23.841855026165906,10.0,Premier
2022,1,2.62,0.47411541043059996,0,-10.0,-37.37382335311296,37.37382335311296,10.0,Premier
2022,1,4.75,0.24058740522736635,0,-10.0,-9.519344988666017,9.519344988666017,10.0,Premier
2022,2,2.5,0.4253756889638087,0,-10.0,-10.573203734920286,10.573203734920286,10.0,Premier
2022,1,11.0,0.19311476256185067,1,100.0,281.06559704508936,28.106559704508935,10.0,Premier
2022,1,2.6,0.4559204695182412,1,16.0,46.34830518685679,28.967690741785493,10.0,Premier
2022,1,6.0,0.4210217710190125,0,-10.0,-50.0,50.0,10.0,Premier
2022,1,10.0,0.2335440581898841,0,-10.0,-37.09557171941226,37.09557171941226,10.0,Premier
2022,1,5.0,0.28874793073882477,0,-10.0,-27.73372835588274,27.73372835588274,10.0,Premier
2022,2,2.4,0.4629243853121343,0,-10.0,-19.824736562343254,19.824736562343254,10.0,Premier
2022,1,2.75,0.4496531324155764,0,-10.0,-33.79230202040502,33.79230202040502,10.0,Premier
2022,1,3.3,0.38084795305112157,0,-10.0,-27.912852724858826,27.912852724858826,10.0,Premier
2022,1,2.55,0.6164329412082947,0,-10.0,-50.0,50.0,10.0,Premier
2022,1,4.0,0.29346698734172727,0,-10.0,-14.488995780575756,14.488995780575756,10.0,Premier
2022,1,3.3,0.3871556349682586,0,-10.0,-30.175390803831895,30.175390803831895,10.0,Premier
2022,2,2.6,0.4352432673827043,0,-10.0,-20.56757737422362,20.56757737422362,10.0,Premier
2022,1,3.1,0.37300587373661437,1,21.0,39.07955214587616,18.609310545655312,10.0,Premier
2022,1,6.0,0.3820752383445131,0,-10.0,-50.0,50.0,10.0,Premier
2022,1,4.0,0.28447907167461167,0,-10.0,-11.493023891537224,11.493023891537224,10.0,Premier
2022,1,3.3,0.35046375979433425,0,-10.0,-17.01417470883728,17.01417470883728,10.0,Premier
2022,1,9.5,0.3145366453752962,0,-10.0,-50.0,50.0,10.0,Premier
2022,1,4.0,0.38903645580149115,0,-10.0,-46.34548526716372,46.34548526716372,10.0,Premier
2022,1,2.8,0.3835589916095097,0,-10.0,-10.272941181475963,10.272941181475963,10.0,Premier
2022,1,3.4,0.3457382045522084,0,-10.0,-18.28228077890714,18.28228077890714,10.0,Premier
2022,1,5.0,0.27752772629804007,0,-10.0,-24.227414468137518,24.227414468137518,10.0,Premier
2022,1,3.5,0.4023557424113224,0,-10.0,-40.824509843962836,40.824509843962836,10.0,Premier
2022,1,3.4,0.36877752242787715,0,-10.0,-26.4420391932065,26.4420391932065,10.0,Premier
2022,1,5.0,0.42387274323010393,0,-10.0,-50.0,50.0,10.0,Premier
2022,2,2.15,0.512501295003997,0,-10.0,-22.147344404042045,22.147344404042045,10.0,Premier
2022,2,2.1,0.5848827472171254,0,-10.0,-50.0,50.0,10.0,Premier
2022,1,4.2,0.2910395086780573,1,32.0,55.591484111960135,17.37233878498754,10.0,Premier
2022,1,2.7,0.41861340008457276,1,17.0,32.56404505708666,19.15532062181568,10.0,Premier
2022,1,3.1,0.4083855310583808,0,-10.0,-31.66608884297389,31.66608884297389,10.0,Premier
2022,1,3.6,0.37427027756450615,0,-10.0,-33.4012499261752,33.4012499261752,10.0,Premier
2022,2,2.75,0.4457379983311088,0,-10.0,-32.25421363007846,32.25421363007846,10.0,Premier
2022,1,4.4,0.36817572601256604,0,-10.0,-45.58626429818313,45.58626429818313,10.0,Premier
2022,1,2.88,0.4430603883602484,0,-10.0,-36.7039785209462,36.7039785209462,10.0,Premier
2022,1,8.5,0.3974446698681538,1,75.0,375.0,50.0,10.0,Premier
2022,1,4.33,0.35598966220948763,1,33.3,135.35880934177035,40.64829109362473,10.0,Premier
2022,1,3.3,0.3420138717848542,0,-10.0,-13.983236618480314,13.983236618480314,10.0,Premier
2022,2,2.55,0.49978704953107017,1,15.499999999999998,68.6142440760572,44.267254242617554,10.0,Premier
2022,1,6.5,0.22036437947778872,0,-10.0,-19.653112118437576,19.653112118437576,10.0,Premier
2022,1,3.4,0.3326246305168657,1,24.0,32.73093593933585,13.63788997472327,10.0,Premier
2022,1,3.8,0.35167674383775305,0,-10.0,-30.033180944951926,30.033180944951926,10.0,Premier
2022,1,3.75,0.3162725303314304,0,-10.0,-16.91108988571491,16.91108988571491,10.0,Premier
2022,2,2.35,0.4642839543715967,1,13.5,22.76682319331308,16.864313476528206,10.0,Premier
2022,1,4.5,0.3960814564040562,0,-10.0,-50.0,50.0,10.0,Premier
2022,2,2.7,0.439165271508696,1,17.0,46.43655826836984,27.315622510805788,10.0,Premier
2022,1,8.5,0.21965848935690366,0,-10.0,-28.903238651122706,28.903238651122706,10.0,Premier
2022,1,2.5,0.4748262107374641,0,-10.0,-31.177587807276716,31.177587807276716,10.0,Premier
2022,1,4.75,0.3488832627456284,0,-10.0,-43.81303320278233,43.81303320278233,10.0,Premier
2022,1,10.0,0.14387539064588342,0,-10.0,-12.187608512745394,12.187608512745394,10.0,Premier
2022,1,4.75,0.2475212096349982,0,-10.0,-11.715049717749437,11.715049717749437,10.0,Premier
2022,1,2.55,0.5026339951322594,1,15.499999999999998,70.4291718968153,45.4381754173002,10.0,Premier
2022,2,2.6,0.5470526624070051,0,-10.0,-50.0,50.0,10.0,Premier
2022,1,3.3,0.3536404387128583,1,23.0,41.75336193810808,18.153635625264382,10.0,Premier
2022,1,2.7,0.5155239379428371,0,-10.0,-50.0,50.0,10.0,Premier
2022,1,7.5,0.18426248467524423,1,65.0,95.49215876608291,14.69110134862814,10.0,Premier
2022,1,2.7,0.4351756482753124,1,17.0,43.74356258583589,25.731507403432875,10.0,Premier
2022,1,3.75,0.386914044452867,0,-10.0,-40.99342424529556,40.99342424529556,10.0,Premier
2022,1,6.0,0.2825037532169948,0,-10.0,-34.75112596509844,34.75112596509844,10.0,Premier
2022,1,2.88,0.3950179281206571,0,-10.0,-18.304738429187818,18.304738429187818,10.0,Premier
2022,1,5.5,0.37143069002539136,0,-10.0,-50.0,50.0,10.0,Premier
2022,1,4.75,0.3140407953013942,0,-10.0,-32.779585178774845,32.779585178774845,10.0,Premier
2022,1,1.5,0.7187044644612864,0,-10.0,-39.0283483459648,39.0283483459648,10.0,Premier
2022,2,2.9,0.3666842122598511,0,-10.0,-8.340028362311607,8.340028362311607,10.0,Premier
2022,2,2.55,0.4253756889638087,0,-10.0,-13.662581751243867,13.662581751243867,10.0,Premier
2022,1,2.55,0.47291076989638103,1,15.499999999999998,51.480615808942865,33.213300521898624,10.0,Premier
2022,1,3.4,0.44107691997405457,0,-10.0,-50.0,50.0,10.0,Premier
2022,1,6.0,0.3868750094169515,0,-10.0,-50.0,50.0,10.0,Premier
2022,1,2.55,0.45590734035262587,0,-10.0,-26.219954499870305,26.219954499870305,10.0,Premier
2022,1,1.65,0.6499416838331116,1,6.499999999999999,18.10094458115852,27.847607047936187,10.0,Premier
2022,1,3.6,0.3466380863521224,0,-10.0,-23.83626066035006,23.83626066035006,10.0,Premier
2022,1,3.6,0.35026773688119944,0,-10.0,-25.092678151184415,25.092678151184415,10.0,Premier
2022,2,2.63,0.4323006757097412,1,16.299999999999997,34.237694279154795,21.004720416659385,10.0,Premier
2022,1,1.83,0.6134311661485711,0,-10.0,-36.921395798760564,36.921395798760564,10.0,Premier
2022,1,2.55,0.5777850709006707,1,15.499999999999998,77.49999999999999,50.0,10.0,Premier
2022,1,4.2,0.27921464307077515,1,32.0,43.17537522431392,13.492304757598099,10.0,Premier
2022,1,11.0,0.13427097635460514,0,-10.0,-11.924518497516413,11.924518497516413,10.0,Premier
2022,1,2.88,0.5778888228498081,0,-10.0,-50.0,50.0,10.0,Premier
2022,1,2.63,0.5352245996837777,0,-10.0,-50.0,50.0,10.0,Premier
2022,2,2.7,0.41146338932126164,1,17.0,27.73778779185165,16.316345759912736,10.0,Premier
2022,1,6.0,0.31425924132313565,0,-10.0,-44.2777723969407,44.2777723969407,10.0,Premier
2022,1,5.5,0.29583984461273793,0,-10.0,-34.83995252055881,34.83995252055881,10.0,Premier
2022,2,2.88,0.3844693532470247,0,-10.0,-14.264858690349886,14.264858690349886,10.0,Premier
2022,1,2.88,0.4200242937152409,0,-10.0,-27.881644401581617,27.881644401581617,10.0,Premier
2022,1,1.75,0.6115503649425945,1,7.5,17.553284662385092,23.40437954984679,10.0,Premier
2022,1,6.0,0.44022253567598896,1,50.0,250.0,50.0,10.0,Premier
2022,1,4.75,0.4301887695472333,0,-10.0,-50.0,50.0,10.0,Premier
2022,1,2.8,0.37866151973535006,0,-10.0,-8.368368785969466,8.368368785969466,10.0,Premier
2022,2,2.75,0.40981442175737115,0,-10.0,-18.141379976110095,18.141379976110095,10.0,Premier
2022,1,2.55,0.5115989558504591,1,15.499999999999998,76.14433435466766,49.1253770030114,10.0,Premier
2022,1,3.3,0.32507154437045266,0,-10.0,-7.906097437227574,7.906097437227574,10.0,Premier
2022,2,2.5,0.43099268720990075,0,-10.0,-12.913619670791965,12.913619670791965,10.0,Premier
2022,2,2.63,0.4151733575447296,1,16.299999999999997,22.976482585659706,14.0960015862943,10.0,Premier
2022,1,4.33,0.428760359163947,0,-10.0,-50.0,50.0,10.0,Premier
2022,1,2.75,0.46625752130592035,0,-10.0,-40.31545479875444,40.31545479875444,10.0,Premier
2022,1,9.0,0.1455714867423227,0,-10.0,-9.691980646278262,9.691980646278262,10.0,Premier
2022,1,1.73,0.6587751307524664,0,-10.0,-47.835950754029724,47.835950754029724,10.0,Premier
2022,1,5.25,0.26096913729173005,0,-10.0,-21.769880634210747,21.769880634210747,10.0,Premier
2022,1,1.83,0.5756452612097687,0,-10.0,-16.093622895745984,16.093622895745984,10.0,Premier
2022,1,6.0,0.2958819908032278,0,-10.0,-38.76459724096835,38.76459724096835,10.0,Premier
2022,2,2.6,0.45322380925917205,0,-10.0,-27.872172511538665,27.872172511538665,10.0,Premier
2022,1,5.25,0.33155076920975673,1,42.5,185.1603845878057,43.567149314777815,10.0,Premier
2022,1,2.9,0.4860553092624808,0,-10.0,-50.0,50.0,10.0,Premier
2023,1,8.0,0.1972266312795555,0,-10.0,-20.636180365587286,20.636180365587286,10.0,Premier
2023,1,2.7,0.4477673480345765,0,-10.0,-30.731152896081856,30.731152896081856,10.0,Premier
2023,1,3.0,0.3996248822780292,0,-10.0,-24.859330854260953,24.859330854260953,10.0,Premier
2023,1,2.75,0.4143725956118747,0,-10.0,-19.93209113323648,19.93209113323648,10.0,Premier
2023,1,1.95,0.5475052357080697,1,9.5,16.908802407684,17.798739376509474,10.0,Premier
2023,2,2.63,0.4051195479228229,1,16.299999999999997,16.36610275925604,10.04055384003438,10.0,Premier
2023,1,1.67,0.6891556969884635,1,6.699999999999999,33.5,50.0,10.0,Premier
2023,1,4.0,0.34143464248469435,0,-10.0,-30.478214161564782,30.478214161564782,10.0,Premier
2023,1,2.8,0.3919947885465551,1,18.0,24.396351982588552,13.553528879215863,10.0,Premier
2023,1,3.75,0.38370853731399696,1,27.5,109.72675373187214,39.90063772068078,10.0,Premier
2023,1,5.5,0.252702466133455,0,-10.0,-21.659086874111246,21.659086874111246,10.0,Premier
2023,1,3.8,0.3422343553971696,0,-10.0,-26.82951343832541,26.82951343832541,10.0,Premier
2023,1,3.4,0.3747891106387067,0,-10.0,-28.571143351208605,28.571143351208605,10.0,Premier
2023,1,13.0,0.2086843281616899,0,-10.0,-35.68533887712435,35.68533887712435,10.0,Premier
2023,1,4.75,0.37882947775849635,0,-10.0,-50.0,50.0,10.0,Premier
2023,1,1.73,0.608360669806114,0,-10.0,-17.9671091659511,17.9671091659511,10.0,Premier
2023,2,2.5,0.44951955481449307,0,-10.0,-20.63314783937213,20.63314783937213,10.0,Premier
2023,1,3.6,0.350426085107532,0,-10.0,-25.14749099876107,25.14749099876107,10.0,Premier
2023,1,6.0,0.3195355872324305,0,-10.0,-45.860676169729146,45.860676169729146,10.0,Premier
2023,1,7.0,0.18237460949003761,0,-10.0,-11.525927767927639,11.525927767927639,10.0,Premier
2023,1,4.33,0.46678770820996646,0,-10.0,-50.0,50.0,10.0,Premier
2023,1,6.0,0.17662651017898998,0,-10.0,-2.98795305369699,2.98795305369699,10.0,Premier
2023,1,1.8,0.5841526106278717,0,-10.0,-16.085843478177846,16.085843478177846,10.0,Premier
2023,1,4.2,0.2761663762831897,0,-10.0,-12.492092217921622,12.492092217921622,10.0,Premier
2023,1,7.0,0.22825543441739246,0,-10.0,-24.907835038406137,24.907835038406137,10.0,Premier
2023,1,2.55,0.5152815004122734,1,15.499999999999998,77.49999999999999,50.0,10.0,Premier
2023,1,5.5,0.20199189872333675,0,-10.0,-6.164191276575119,6.164191276575119,10.0,Premier
2023,1,8.0,0.1719561668233034,1,70.0,93.91233364660678,13.416047663800969,10.0,Premier
2023,2,2.7,0.4236683389669007,0,-10.0,-21.162428707445876,21.162428707445876,10.0,Premier
2023,1,3.6,0.3472375243089467,0,-10.0,-24.043758414635413,24.043758414635413,10.0,Premier
2023,1,2.9,0.45199413104827985,0,-10.0,-40.89249737368572,40.89249737368572,10.0,Premier
2023,1,4.5,0.41050450930928234,0,-10.0,-50.0,50.0,10.0,Premier
2023,1,6.0,0.24419192001309634,0,-10.0,-23.257576003928904,23.257576003928904,10.0,Premier
2023,1,3.0,0.4026385345459545,0,-10.0,-25.989450454732943,25.989450454732943,10.0,Premier
2023,1,3.2,0.36296175906301803,0,-10.0,-18.349730568370195,18.349730568370195,10.0,Premier
2023,1,3.5,0.3632002168236436,0,-10.0,-27.120075888275274,27.120075888275274,10.0,Premier
2023,1,2.9,0.4093839852409422,1,19.0,46.80338929968308,24.633362789306886,10.0,Premier
2023,2,2.25,0.4683563318948945,0,-10.0,-10.760349352702514,10.760349352702514,10.0,Premier
2023,1,4.5,0.2975153958173971,0,-10.0,-24.201377227020505,24.201377227020505,10.0,Premier
2023,1,4.2,0.3418743537828452,0,-10.0,-34.05252233499608,34.05252233499608,10.0,Premier
2023,1,5.0,0.40600192394709084,0,-10.0,-50.0,50.0,10.0,Premier
2023,2,2.6,0.4121513678984908,1,16.0,17.898389134019034,11.186493208761895,10.0,Premier
2023,1,3.8,0.32342482175860027,1,28.0,57.25358067067021,20.44770738238222,10.0,Premier
2023,1,3.1,0.361845940764608,0,-10.0,-14.490763853605333,14.490763853605333,10.0,Premier
2023,1,4.2,0.3872513293481639,1,32.0,156.6138958155721,48.94184244236628,10.0,Premier
2023,1,12.0,0.30722218224229336,0,-10.0,-50.0,50.0,10.0,Premier
2023,1,3.1,0.34904017169814566,1,21.0,20.50613306606291,9.764825269553768,10.0,Premier
2023,1,4.75,0.26038855422101737,1,37.5,59.211408137458115,15.789708836655498,10.0,Premier
2023,1,5.0,0.34143464248469435,0,-10.0,-44.19832577646699,44.19832577646699,10.0,Premier
2023,1,3.4,0.3330933749288502,0,-10.0,-13.80390362063444,13.80390362063444,10.0,Premier
2023,1,3.6,0.43749466037607476,1,26.0,130.0,50.0,10.0,Premier
2023,1,2.55,0.4816299053989123,1,15.499999999999998,57.03906469180658,36.79939657535909,10.0,Premier
2023,1,3.2,0.3427226320631888,0,-10.0,-10.990048022977756,10.990048022977756,10.0,Premier
2023,1,3.2,0.3475322731259525,0,-10.0,-12.739008409437256,12.739008409437256,10.0,Premier
2023,1,4.5,0.2870755722470643,0,-10.0,-20.845719650842096,20.845719650842096,10.0,Premier
2023,2,2.55,0.5575683532739804,1,15.499999999999998,77.49999999999999,50.0,10.0,Premier
2023,1,2.75,0.4595780743895363,0,-10.0,-37.69138636731783,37.69138636731783,10.0,Premier
2023,1,17.0,0.1484309642958949,0,-10.0,-23.801974891097082,23.801974891097082,10.0,Premier
2023,1,12.0,0.1688665861912221,0,-10.0,-23.32725077942421,23.32725077942421,10.0,Premier
2023,1,4.75,0.2725786361059039,1,37.5,73.68713037576086,19.64990143353623,10.0,Premier
2023,1,2.88,0.4191554867923213,1,18.799999999999997,51.79195049047131,27.54890983535708,10.0,Premier
2023,1,3.25,0.3333717483216247,1,22.5,20.864545511320053,9.273131338364468,10.0,Premier
2023,1,6.0,0.29252561792131165,0,-10.0,-37.757685376393496,37.757685376393496,10.0,Premier
2023,1,4.2,0.26798116779766734,1,32.0,31.38022618755071,9.806320683609597,10.0,Premier
2023,1,3.3,0.3682709197434548,1,23.0,53.82350878835024,23.40152556015228,10.0,Premier
2023,1,17.0,0.27689908714933625,0,-10.0,-50.0,50.0,10.0,Premier
2023,1,4.2,0.3716402442477331,0,-10.0,-43.81945514378743,43.81945514378743,10.0,Premier
2023,1,3.6,0.39036681655715616,0,-10.0,-38.973128808246365,38.973128808246365,10.0,Premier
2023,1,3.2,0.34953546018747145,0,-10.0,-13.467440068171435,13.467440068171435,10.0,Premier
2023,1,3.3,0.3441700196006729,0,-10.0,-14.756637465458748,14.756637465458748,10.0,Premier
2023,2,2.6,0.41416568828374434,0,-10.0,-12.004810865271152,12.004810865271152,10.0,Premier
2023,1,4.75,0.277565574698915,1,37.5,79.60911995496157,21.22909865465642,10.0,Premier
2023,1,3.75,0.3085585899743974,1,27.5,39.27367810099757,14.281337491271845,10.0,Premier
2023,1,2.6,0.412272392365427,1,16.0,17.977055037527556,11.235659398454722,10.0,Premier
2023,1,5.75,0.2060687328439077,0,-10.0,-9.731327044866806,9.731327044866806,10.0,Premier
2023,2,2.6,0.4586403213888366,0,-10.0,-30.072630564214887,30.072630564214887,10.0,Premier
2023,1,6.5,0.4505426835762945,0,-10.0,-50.0,50.0,10.0,Premier
2023,2,2.7,0.42382460375859193,0,-10.0,-21.22447502179387,21.22447502179387,10.0,Premier
2023,2,2.15,0.4929454767654719,0,-10.0,-13.007125009948819,13.007125009948819,10.0,Premier
2023,1,5.25,0.2661120871187268,1,42.5,99.27211434332895,23.358144551371517,10.0,Premier
2023,1,1.75,0.7060085232977878,1,7.5,37.5,50.0,10.0,Premier
2023,1,5.5,0.2821048669848086,0,-10.0,-30.643153800913733,30.643153800913733,10.0,Premier
2023,2,2.2,0.5320136729244681,0,-10.0,-35.50626675704789,35.50626675704789,10.0,Premier
2023,1,4.2,0.2887857887489595,0,-10.0,-16.63283693325234,16.63283693325234,10.0,Premier
2023,1,7.5,0.2785896735795805,0,-10.0,-41.90086737872513,41.90086737872513,10.0,Premier
2023,1,4.2,0.397244976063229,1,32.0,160.0,50.0,10.0,Premier
2023,1,1.67,0.6585119970410189,1,6.699999999999999,24.928758764625417,37.20710263376928,10.0,Premier
2023,1,2.63,0.4686552816836474,0,-10.0,-35.669231722084774,35.669231722084774,10.0,Premier
2023,1,3.0,0.3558742510456176,0,-10.0,-8.452844142106592,8.452844142106592,10.0,Premier
2023,1,5.25,0.22107882377888763,0,-10.0,-9.450813225832947,9.450813225832947,10.0,Premier
2023,2,2.38,0.47631155858683183,0,-10.0,-24.206795187800676,24.206795187800676,10.0,Premier
2023,1,7.0,0.22264425378973174,0,-10.0,-23.271240688671757,23.271240688671757,10.0,Premier
2023,2,2.8,0.42159185285934014,0,-10.0,-25.06349833418782,25.06349833418782,10.0,Premier
2023,1,3.3,0.34925227224008476,0,-10.0,-16.579619390465172,16.579619390465172,10.0,Premier
2023,1,6.0,0.35045209567823427,0,-10.0,-50.0,50.0,10.0,Premier
2023,1,4.2,0.3597840789924624,0,-10.0,-39.92915091940172,39.92915091940172,10.0,Premier
2023,1,5.5,0.2998241435636612,0,-10.0,-36.05737720000759,36.05737720000759,10.0,Premier
2023,1,2.9,0.3796406683687274,0,-10.0,-13.283939245961754,13.283939245961754,10.0,Premier
2023,1,1.83,0.6223876525396995,0,-10.0,-41.8582542613404,41.8582542613404,10.0,Premier
2023,2,2.9,0.4203825642092384,0,-10.0,-28.830188974577812,28.830188974577812,10.0,Premier
2023,1,5.0,0.323409887849602,0,-10.0,-38.56558995300063,38.56558995300063,10.0,Premier
2023,1,4.0,0.29079817691909204,0,-10.0,-13.599392306364015,13.599392306364015,10.0,Premier
2023,1,7.0,0.2125998707346267,0,-10.0,-20.34162896426612,20.34162896426612,10.0,Premier
2023,1,2.5,0.48099440407865596,1,15.0,50.62150254915998,33.74766836610665,10.0,Premier
2023,2,2.63,0.4068818467726967,0,-10.0,-10.751419787146029,10.751419787146029,10.0,Premier
2023,1,4.33,0.3429019983012942,0,-10.0,-36.3938177661114,36.3938177661114,10.0,Premier
2023,1,6.0,0.32603872963363395,0,-10.0,-47.81161889009018,47.81161889009018,10.0,Premier
2023,2,2.15,0.5488281441203794,0,-10.0,-39.12619779539471,39.12619779539471,10.0,Premier
2023,1,3.75,0.38594644562041386,0,-10.0,-40.66356100695927,40.66356100695927,10.0,Premier
2023,1,17.0,0.09401917825656796,0,-10.0,-9.348844224400864,9.348844224400864,10.0,Premier
2023,1,2.5,0.4826022065614371,1,15.0,51.62637910089818,34.417586067265454,10.0,Premier
2023,1,3.25,0.43501816044843994,1,22.5,103.45225536435743,45.97878016193663,10.0,Premier
2023,1,2.8,0.38952601164568196,0,-10.0,-12.593448973320747,12.593448973320747,10.0,Premier
2023,1,3.5,0.37269082590080327,1,25.0,76.10447266320287,30.441789065281146,10.0,Premier
2023,1,2.63,0.4158081738451734,0,-10.0,-14.352070124663499,14.352070124663499,10.0,Premier
2023,1,4.5,0.30831901579979587,0,-10.0,-27.673969364220095,27.673969364220095,10.0,Premier
2023,1,2.7,0.4331209352382442,1,17.0,42.356631285814856,24.91566546224403,10.0,Premier
2023,2,2.75,0.43469711213026613,0,-10.0,-27.916722622604535,27.916722622604535,10.0,Premier
2023,1,3.3,0.3390646374797112,0,-10.0,-12.925359095983367,12.925359095983367,10.0,Premier
2023,1,2.5,0.5217626114140042,0,-10.0,-50.0,50.0,10.0,Premier
2023,1,5.0,0.25873977514600116,0,-10.0,-18.356179733125366,18.356179733125366,10.0,Premier
2023,1,9.5,0.1343992501685977,0,-10.0,-8.140966958872884,8.140966958872884,10.0,Premier
2023,1,3.75,0.35607634122272697,1,27.5,83.82156989630651,30.480570871384185,10.0,Premier
2023,1,4.75,0.40468002406225745,0,-10.0,-50.0,50.0,10.0,Premier
2023,1,3.5,0.35023693964406616,0,-10.0,-22.582928875423146,22.582928875423146,10.0,Premier
2023,2,2.6,0.5237852224072966,0,-10.0,-50.0,50.0,10.0,Premier
2023,1,3.1,0.4780126724669745,0,-10.0,-50.0,50.0,10.0,Premier
2023,1,8.5,0.22290612401013418,0,-10.0,-29.823401802871352,29.823401802871352,10.0,Premier
2023,1,1.85,0.6286821415340481,1,8.5,40.76549045949729,47.959400540585044,10.0,Premier
2023,1,5.25,0.2774009555111345,0,-10.0,-26.844412731379762,26.844412731379762,10.0,Premier
2023,1,2.7,0.4032256833228301,0,-10.0,-13.045491907594322,13.045491907594322,10.0,Premier
2023,1,7.0,0.28899552952989316,1,60.0,255.742176677313,42.623696112885504,10.0,Premier
2023,1,6.5,0.24443834560511293,0,-10.0,-26.76587483787427,26.76587483787427,10.0,Premier
2023,1,5.5,0.288796039811036,0,-10.0,-32.687678831149896,32.687678831149896,10.0,Premier
2023,2,2.9,0.3843642510598782,0,-10.0,-15.086358957058788,15.086358957058788,10.0,Premier
2023,1,4.2,0.39502886893251427,0,-10.0,-50.0,50.0,10.0,Premier
2023,1,8.0,0.16621708467570465,0,-10.0,-11.776309907344185,11.776309907344185,10.0,Premier
2023,1,4.75,0.33555437347513495,0,-10.0,-39.592218267126064,39.592218267126064,10.0,Premier
2023,1,3.4,0.3937716158580762,0,-10.0,-35.29411394973532,35.29411394973532,10.0,Premier
2023,1,2.75,0.403060914285921,1,17.5,27.104378571570663,15.488216326611807,10.0,Premier
2023,2,2.8,0.5332969518082508,0,-10.0,-50.0,50.0,10.0,Premier
2023,1,13.0,0.12433115459775941,0,-10.0,-12.839687703559843,12.839687703559843,10.0,Premier
2023,1,2.88,0.37583226201517655,0,-10.0,-10.957036516450595,10.957036516450595,10.0,Premier
2023,1,3.4,0.41129201528044196,0,-10.0,-41.4992554118232,41.4992554118232,10.0,Premier
2023,1,7.0,0.38034309222690665,0,-10.0,-50.0,50.0,10.0,Premier
2023,1,4.2,0.37735233090611214,0,-10.0,-45.69373357856805,45.69373357856805,10.0,Premier
2023,1,6.5,0.3543096321860513,0,-10.0,-50.0,50.0,10.0,Premier
2023,1,2.75,0.4360997034772527,1,17.5,49.81854614061121,28.467740651777834,10.0,Premier
2023,1,2.9,0.3703264902770343,0,-10.0,-9.7298449741315,9.7298449741315,10.0,Premier
2023,2,2.9,0.362575510941884,1,19.0,12.86724543286588,6.772234438350464,10.0,Premier
2023,2,2.2,0.5064006283974317,1,12.000000000000002,28.520345618587463,23.766954682156214,10.0,Premier
2024,1,8.5,0.1855413818534327,0,-10.0,-19.236724858472595,19.236724858472595,10.0,Premier
2024,1,2.63,0.4195253951227866,0,-10.0,-15.851501406890915,15.851501406890915,10.0,Premier
2024,2,2.8,0.3988377940863092,0,-10.0,-16.214697700231337,16.214697700231337,10.0,Premier
2024,2,2.75,0.4086121602158581,1,17.5,30.92086014840245,17.669062941944258,10.0,Premier
2024,1,4.1,0.43297247700056435,0,-10.0,-50.0,50.0,10.0,Premier
2024,1,5.0,0.3134570655794331,0,-10.0,-35.45533299357284,35.45533299357284,10.0,Premier
2024,1,4.33,0.4154757711474339,0,-10.0,-50.0,50.0,10.0,Premier
2024,2,2.8,0.539115376774146,1,18.0,89.99999999999999,50.0,10.0,Premier
2024,1,4.33,0.3081859187219563,0,-10.0,-25.108485590545847,25.108485590545847,10.0,Premier
2024,1,2.75,0.44407582341889956,0,-10.0,-31.601216343139107,31.601216343139107,10.0,Premier
2024,1,3.0,0.48937290486266166,0,-10.0,-50.0,50.0,10.0,Premier
2024,1,4.5,0.2868147250068777,0,-10.0,-20.76187589506784,20.76187589506784,10.0,Premier
2024,1,2.5,0.5278866093218437,1,15.0,75.0,50.0,10.0,Premier
2024,1,3.7,0.30542389817125964,0,-10.0,-12.043372521635243,12.043372521635243,10.0,Premier
2024,1,3.4,0.3464322089602995,0,-10.0,-18.52807400677274,18.52807400677274,10.0,Premier
2024,1,3.4,0.3562688934910858,0,-10.0,-22.01189977809289,22.01189977809289,10.0,Premier
2024,2,2.88,0.37141629143571975,0,-10.0,-9.265813741339468,9.265813741339468,10.0,Premier
2024,1,3.6,0.3378977030773065,0,-10.0,-20.810743372913798,20.810743372913798,10.0,Premier
2024,2,2.4,0.47359843082449893,0,-10.0,-24.39932749621383,24.39932749621383,10.0,Premier
2024,1,2.88,0.38646549232026867,0,-10.0,-15.029337484358193,15.029337484358193,10.0,Premier
2024,1,5.25,0.2940541954599378,0,-10.0,-31.987325068510188,31.987325068510188,10.0,Premier
2024,1,2.7,0.5052217606428957,1,17.0,85.00000000000001,50.0,10.0,Premier
2024,1,8.0,0.1435098889848381,0,-10.0,-5.288539709953744,5.288539709953744,10.0,Premier
2024,1,4.0,0.3091509465066955,0,-10.0,-19.7169821688985,19.7169821688985,10.0,Premier
2024,1,3.1,0.3923665471143806,1,21.0,54.08407401364501,25.754320958878573,10.0,Premier
2024,1,2.9,0.38576435187918645,1,19.0,29.679155112410147,15.620607953900079,10.0,Premier
2024,2,2.8,0.41597696400621637,1,18.0,41.18387480435143,22.87993044686191,10.0,Premier
2024,1,8.0,0.24166941662559685,0,-10.0,-33.33411903588481,33.33411903588481,10.0,Premier
2024,1,3.0,0.4126728414589311,0,-10.0,-29.752315547099144,29.752315547099144,10.0,Premier
2024,2,2.63,0.45658882769395986,0,-10.0,-30.801935097410176,30.801935097410176,10.0,Premier
2024,1,3.9,0.31691882270877075,1,29.0,58.99585214105146,20.343397290017744,10.0,Premier
2024,1,2.88,0.37711544496535243,1,18.799999999999997,21.52312037505372,11.448468284603042,10.0,Premier
2024,1,2.5,0.4860236272396081,0,-10.0,-35.84317801650339,35.84317801650339,10.0,Premier
2024,1,5.5,0.26529281710893976,1,45.0,114.77762352479215,25.506138561064922,10.0,Premier
2024,1,2.5,0.4840806218958358,0,-10.0,-35.03359245659824,35.03359245659824,10.0,Premier
2024,1,2.63,0.40872407562435004,1,16.299999999999997,18.73607972301011,11.494527437429516,10.0,Premier
2024,1,3.75,0.33879620395663484,1,27.5,67.62144120934516,24.58961498521642,10.0,Premier
2024,1,2.6,0.44594141476661703,0,-10.0,-24.913699748938186,24.913699748938186,10.0,Premier
2024,2,2.7,0.39063106346319804,0,-10.0,-8.044686963328633,8.044686963328633,10.0,Premier
2024,1,2.7,0.40950592994887697,0,-10.0,-15.539119244407027,15.539119244407027,10.0,Premier
2024,1,1.91,0.5576272027388348,1,9.1,16.266989307793633,17.87581242614685,10.0,Premier
2024,2,2.7,0.41195290048803895,1,17.0,28.068207829426317,16.510710487897832,10.0,Premier
2024,2,2.55,0.43819106887068554,0,-10.0,-18.933423487136768,18.933423487136768,10.0,Premier
2024,1,6.5,0.2906426023793271,0,-10.0,-40.41713252116483,40.41713252116483,10.0,Premier
2024,1,5.25,0.31692621989785824,0,-10.0,-39.05074438022093,39.05074438022093,10.0,Premier
2024,1,7.0,0.29584830269958223,0,-10.0,-44.622421620711485,44.622421620711485,10.0,Premier
2024,1,2.8,0.4873631927780755,0,-10.0,-50.0,50.0,10.0,Premier
2024,1,3.0,0.382464223563924,0,-10.0,-18.42408383647151,18.42408383647151,10.0,Premier
2024,1,4.2,0.30789510873561826,0,-10.0,-22.903082553874746,22.903082553874746,10.0,Premier
2024,1,8.5,0.21058118916699767,0,-10.0,-26.331336930649336,26.331336930649336,10.0,Premier
2024,2,2.88,0.4134463182185621,0,-10.0,-25.362419743279105,25.362419743279105,10.0,Premier
2024,1,3.5,0.32582850147553316,0,-10.0,-14.03997551643661,14.03997551643661,10.0,Premier
2024,1,5.0,0.24159316546358256,0,-10.0,-12.99786420736955,12.99786420736955,10.0,Premier
2024,1,3.4,0.3915879707224994,0,-10.0,-34.52073963088522,34.52073963088522,10.0,Premier
2024,1,4.5,0.3041220286244679,0,-10.0,-26.324937772150392,26.324937772150392,10.0,Premier
2024,2,2.7,0.4392020715859994,0,-10.0,-27.33023430620566,27.33023430620566,10.0,Premier
2024,1,4.75,0.3134570655794331,0,-10.0,-32.59473743348715,32.59473743348715,10.0,Premier
2024,1,2.88,0.3945964138770792,0,-10.0,-18.143307442285654,18.143307442285654,10.0,Premier
2024,1,6.25,0.17544423347963858,0,-10.0,-4.596498059416241,4.596498059416241,10.0,Premier
2024,1,2.55,0.44256601546065544,0,-10.0,-20.732796681398604,20.732796681398604,10.0,Premier
2024,1,4.5,0.3809222915417016,0,-10.0,-50.0,50.0,10.0,Premier
2024,1,3.9,0.32253121701455145,1,29.0,64.46793658918764,22.230322961788843,10.0,Premier
2024,1,1.57,0.7278832163827008,1,5.700000000000001,28.500000000000004,50.0,10.0,Premier
2024,1,7.0,0.23192909747706156,0,-10.0,-25.979320097476286,25.979320097476286,10.0,Premier
2024,1,6.5,0.2375498440528543,1,55.0,136.01849658588822,24.730635742888765,10.0,Premier
2024,1,2.75,0.38966290951179516,0,-10.0,-10.224714451062386,10.224714451062386,10.0,Premier
2024,1,3.8,0.3569610022879693,0,-10.0,-31.82605434770386,31.82605434770386,10.0,Premier
2024,2,2.4,0.46394348765791493,1,14.0,28.366092594748924,20.261494710534947,10.0,Premier
2024,1,2.88,0.4024689629516261,0,-10.0,-21.158326236792984,21.158326236792984,10.0,Premier
2024,1,3.3,0.38664412247738844,0,-10.0,-29.991913497324102,29.991913497324102,10.0,Premier
2024,1,5.25,0.31035833098778604,0,-10.0,-37.022425746228045,37.022425746228045,10.0,Premier
2024,1,3.25,0.34084691190694655,0,-10.0,-11.972495966397354,11.972495966397354,10.0,Premier
2024,2,2.3,0.4691162236235637,1,12.999999999999998,19.741828583549115,15.186021987345475,10.0,Premier
2024,1,3.9,0.3096233706777847,0,-10.0,-17.890616003737968,17.890616003737968,10.0,Premier
2024,1,3.9,0.3013683629325657,0,-10.0,-15.11522546870743,15.11522546870743,10.0,Premier
2024,1,2.6,0.43537917544209453,0,-10.0,-20.622790023350905,20.622790023350905,10.0,Premier
2024,1,2.8,0.39904991880721047,1,18.0,29.334943165047314,16.29719064724851,10.0,Premier
2024,1,6.5,0.21101511831302389,0,-10.0,-16.89083041066615,16.89083041066615,10.0,Premier
2024,1,4.5,0.3589838703079559,0,-10.0,-43.9591011704144,43.9591011704144,10.0,Premier
2024,1,2.7,0.4203021840073,1,17.0,33.70397420492754,19.82586717936914,10.0,Premier
2024,1,6.0,0.29453557282821047,0,-10.0,-38.36067184846315,38.36067184846315,10.0,Premier
2024,1,1.95,0.5553389588711011,1,9.5,20.727742449661744,21.818676262801837,10.0,Premier
2024,2,2.62,0.414145010636826,0,-10.0,-13.126532078469793,13.126532078469793,10.0,Premier
2024,1,3.9,0.3142314008243115,0,-10.0,-19.43986751851852,19.43986751851852,10.0,Premier
2024,1,3.6,0.2961373223586192,0,-10.0,-6.355226970291284,6.355226970291284,10.0,Premier
2024,1,2.5,0.4911607693736431,0,-10.0,-37.983653905684626,37.983653905684626,10.0,Premier
2024,1,4.1,0.29059389421429677,0,-10.0,-15.438303732146498,15.438303732146498,10.0,Premier
2024,1,6.0,0.25640733312391767,0,-10.0,-26.922199937175307,26.922199937175307,10.0,Premier
2024,2,2.6,0.40824598098838005,0,-10.0,-9.599929776529411,9.599929776529411,10.0,Premier
2024,1,2.88,0.39846264403426823,0,-10.0,-19.623991332272947,19.623991332272947,10.0,Premier
2024,2,2.8,0.4294608490848611,0,-10.0,-28.123663533001533,28.123663533001533,10.0,Premier
2024,2,2.63,0.4377207960378459,1,16.299999999999997,37.801423394883685,23.191057297474654,10.0,Premier
2024,1,3.9,0.2896804533519346,0,-10.0,-11.185669661426285,11.185669661426285,10.0,Premier
2024,1,3.25,0.34724343091427673,0,-10.0,-14.282350052377705,14.282350052377705,10.0,Premier
2024,1,4.0,0.3154967152522276,1,30.0,65.49671525222762,21.832238417409204,10.0,Premier
2024,2,2.9,0.43012706298988057,1,19.0,61.84212066766342,32.54848456192812,10.0,Premier
2024,1,2.7,0.4834613144763404,0,-10.0,-44.90375721854694,44.90375721854694,10.0,Premier
2024,1,5.75,0.3090339556994318,0,-10.0,-40.89185501430173,40.89185501430173,10.0,Premier
2024,1,3.25,0.4032115628929398,0,-10.0,-34.493064378006046,34.493064378006046,10.0,Premier
2024,1,3.75,0.2832091935997833,0,-10.0,-5.639497818107938,5.639497818107938,10.0,Premier
2024,1,1.67,0.7239074549304716,0,-10.0,-50.0,50.0,10.0,Premier
2024,1,3.7,0.29146534895227466,0,-10.0,-7.261276955871889,7.261276955871889,10.0,Premier
2024,1,4.5,0.28975131350635314,0,-10.0,-21.705779341327798,21.705779341327798,10.0,Premier
2024,1,2.5,0.47730792215330325,1,15.0,48.31745134581456,32.21163423054304,10.0,Premier
2024,1,5.75,0.2881266592569149,0,-10.0,-34.56464688038214,34.56464688038214,10.0,Premier
2024,1,3.0,0.4613793092140967,0,-10.0,-48.017240955286255,48.017240955286255,10.0,Premier
2024,1,1.95,0.5887150555547008,1,9.5,36.99858958291663,38.94588377149119,10.0,Premier
2024,1,4.5,0.24799673132939828,1,35.0,28.996322745573067,8.284663641592305,10.0,Premier
2024,2,2.1,0.5383360119696137,0,-10.0,-29.66036934913379,29.66036934913379,10.0,Premier
2024,1,6.5,0.23771732286849798,0,-10.0,-24.78011812023804,24.78011812023804,10.0,Premier
2024,1,6.0,0.17558113324717584,0,-10.0,-2.6743399741527507,2.6743399741527507,10.0,Premier
2024,1,1.6,0.8217540408164163,0,-10.0,-50.0,50.0,10.0,Premier
2024,2,2.63,0.44199065859846737,0,-10.0,-24.913409833430855,24.913409833430855,10.0,Premier
2024,1,3.7,0.2846600455551165,0,-10.0,-4.929830421660282,4.929830421660282,10.0,Premier
2024,1,11.0,0.12942050830874144,0,-10.0,-10.590639784903894,10.590639784903894,10.0,Premier
2024,2,2.63,0.40020121616430343,1,16.299999999999997,13.132299628029475,8.05662553866839,10.0,Premier
2024,1,5.25,0.304524053450049,0,-10.0,-35.22066356545631,35.22066356545631,10.0,Premier
2024,1,5.0,0.301573277842969,0,-10.0,-31.74164932592781,31.74164932592781,10.0,Premier
2024,1,11.0,0.1222781609783042,0,-10.0,-8.626494269033651,8.626494269033651,10.0,Premier
2024,2,2.5,0.47197972444980446,1,15.0,44.98732778112779,29.991551854085195,10.0,Premier
2024,1,2.75,0.4129496483516424,0,-10.0,-19.373076138145237,19.373076138145237,10.0,Premier
2024,1,1.95,0.5549618017708342,1,9.5,20.54387836328164,21.625135119243833,10.0,Premier
2024,2,2.45,0.5030321682205744,0,-10.0,-40.07393312765645,40.07393312765645,10.0,Premier
2024,1,1.55,0.6855117950335671,1,5.5,15.635820575507276,28.4287646827405,10.0,Premier
2024,1,5.0,0.29477220537550486,0,-10.0,-29.61631417984527,29.61631417984527,10.0,Premier
2024,2,2.2,0.49682268763266263,1,12.000000000000002,23.25247819796444,19.377065164970364,10.0,Premier
2024,1,4.2,0.4432211537751776,0,-10.0,-50.0,50.0,10.0,Premier
2024,1,3.0,0.4197471375750137,0,-10.0,-32.405176590630134,32.405176590630134,10.0,Premier
2024,1,4.33,0.31660584715631396,1,33.3,92.72582954670987,27.845594458471435,10.0,Premier
2019,X,8.0,0.14663366363484176,1,70.0,43.26732726968352,6.181046752811931,10.0,Bundesliga
2019,X,7.0,0.2191711352839365,0,-10.0,-22.258247791148147,22.258247791148147,10.0,Bundesliga
2019,1,5.0,0.3644511212737718,0,-10.0,-50.0,50.0,10.0,Bundesliga
2019,1,6.5,0.458873243636913,0,-10.0,-50.0,50.0,10.0,Bundesliga
2019,2,3.3,0.3713154103689573,0,-10.0,-24.493571110604243,24.493571110604243,10.0,Bundesliga
2019,1,4.75,0.3055249502534879,0,-10.0,-30.082900913604504,30.082900913604504,10.0,Bundesliga
2019,X,4.0,0.28503646129454724,0,-10.0,-11.678820431515746,11.678820431515746,10.0,Bundesliga
2019,1,9.0,0.2108563609101637,0,-10.0,-28.053351505983535,28.053351505983535,10.0,Bundesliga
2019,X,4.75,0.26891329549587817,0,-10.0,-18.489210240361423,18.489210240361423,10.0,Bundesliga
2019,X,4.5,0.2638164345562464,0,-10.0,-13.369568250222063,13.369568250222063,10.0,Bundesliga
2019,1,3.2,0.4599587382990376,0,-10.0,-50.0,50.0,10.0,Bundesliga
2019,1,10.0,0.40458574431201005,1,90.0,450.0,50.0,10.0,Bundesliga
2019,X,5.75,0.20968883563725949,0,-10.0,-10.826884469170631,10.826884469170631,10.0,Bundesliga
2019,X,11.0,0.11756583664067376,0,-10.0,-7.3306050761852815,7.3306050761852815,10.0,Bundesliga
2019,X,4.75,0.25084481329432445,1,37.5,47.87821578701029,12.76752420986941,10.0,Bundesliga
2019,X,5.0,0.3477450603892533,1,40.0,184.68132548656664,46.17033137164166,10.0,Bundesliga
2019,X,4.0,0.26266283718733047,0,-10.0,-4.220945729110156,4.220945729110156,10.0,Bundesliga
2019,1,3.1,0.36084931230528555,0,-10.0,-14.122960493617297,14.122960493617297,10.0,Bundesliga
2019,2,3.1,0.37200895780873267,0,-10.0,-18.241401096079926,18.241401096079926,10.0,Bundesliga
2019,1,3.8,0.4501571838508709,0,-10.0,-50.0,50.0,10.0,Bundesliga
2019,X,4.0,0.2716161268292096,1,30.0,21.616126829209602,7.205375609736534,10.0,Bundesliga
2019,1,3.5,0.4982888794385809,1,25.0,125.0,50.0,10.0,Bundesliga
2019,X,4.2,0.32608030036892016,0,-10.0,-28.870098558551934,28.870098558551934,10.0,Bundesliga
2019,1,3.1,0.45866020655315937,0,-10.0,-50.0,50.0,10.0,Bundesliga
2019,X,4.2,0.25614767536673705,0,-10.0,-5.9234559797105915,5.9234559797105915,10.0,Bundesliga
2019,1,4.2,0.46975837378695146,0,-10.0,-50.0,50.0,10.0,Bundesliga
2019,X,10.0,0.16690220550019882,0,-10.0,-18.583945972277455,18.583945972277455,10.0,Bundesliga
2019,X,5.5,0.3260866041024621,0,-10.0,-44.082017920196755,44.082017920196755,10.0,Bundesliga
2019,X,4.0,0.295537636269832,0,-10.0,-15.179212089943995,15.179212089943995,10.0,Bundesliga
2019,X,4.0,0.27170159542532973,0,-10.0,-7.233865141776578,7.233865141776578,10.0,Bundesliga
2019,1,4.33,0.42156870558164794,0,-10.0,-50.0,50.0,10.0,Bundesliga
2019,X,4.0,0.28709957412911685,1,30.0,37.09957412911685,12.366524709705617,10.0,Bundesliga
2019,1,5.0,0.430479170081429,0,-10.0,-50.0,50.0,10.0,Bundesliga
2019,X,4.5,0.3088401623989167,0,-10.0,-27.841480771080363,27.841480771080363,10.0,Bundesliga
2019,X,6.5,0.2865533676561838,1,55.0,215.64922244129866,39.208949534781574,10.0,Bundesliga
2019,1,15.0,0.13757317419102513,0,-10.0,-18.992814515453155,18.992814515453155,10.0,Bundesliga
2019,X,10.0,0.1922272698316814,0,-10.0,-25.61868606435594,25.61868606435594,10.0,Bundesliga
2019,X,4.33,0.2751639650856938,0,-10.0,-14.373871533112169,14.373871533112169,10.0,Bundesliga
2019,2,3.3,0.33405395937498694,1,23.0,25.594516484364224,11.128050645375751,10.0,Bundesliga
2019,X,4.0,0.29579652830889364,0,-10.0,-15.265509436297878,15.265509436297878,10.0,Bundesliga
2019,X,4.33,0.28933475377811446,1,33.3,63.204870964808926,18.98044173117385,10.0,Bundesliga
2019,1,5.75,0.2920553761423788,0,-10.0,-35.753600674667275,35.753600674667275,10.0,Bundesliga
2019,X,9.0,0.2062994612912542,0,-10.0,-26.771723488165243,26.771723488165243,10.0,Bundesliga
2019,X,4.0,0.3865032960952099,0,-10.0,-45.5010986984033,45.5010986984033,10.0,Bundesliga
2019,X,5.0,0.2581790760937595,0,-10.0,-18.180961279299844,18.180961279299844,10.0,Bundesliga
2019,1,15.0,0.11076186737399733,0,-10.0,-11.811214475177856,11.811214475177856,10.0,Bundesliga
2019,X,4.33,0.28412534159602876,1,33.3,57.56568227770115,17.28699167498533,10.0,Bundesliga
2019,1,3.1,0.366857516100793,0,-10.0,-16.340273799102178,16.340273799102178,10.0,Bundesliga
2019,1,4.0,0.36438038013203783,1,30.0,114.38038013203784,38.12679337734595,10.0,Bundesliga
2019,2,3.6,0.3077473530766866,1,26.0,26.972617769017937,10.37408375731459,10.0,Bundesliga
2019,X,12.0,0.16678482364492708,0,-10.0,-22.759497357707385,22.759497357707385,10.0,Bundesliga
2019,X,5.25,0.2778124403343181,0,-10.0,-26.971488926774715,26.971488926774715,10.0,Bundesliga
2019,X,4.5,0.2627503044241843,0,-10.0,-13.026883564916371,13.026883564916371,10.0,Bundesliga
2019,1,6.5,0.32686086307666123,1,55.0,275.0,50.0,10.0,Bundesliga
2019,X,5.25,0.31487700327810614,0,-10.0,-38.41789807117985,38.41789807117985,10.0,Bundesliga
2019,1,4.0,0.4284970141322413,0,-10.0,-50.0,50.0,10.0,Bundesliga
2019,1,4.2,0.36306932547439286,0,-10.0,-41.00712242128516,41.00712242128516,10.0,Bundesliga
2019,2,3.5,0.38028237972150447,1,25.0,82.74708225631643,33.098832902526574,10.0,Bundesliga
2019,X,9.0,0.18871262582283932,1,80.0,174.60340810138848,21.82542601267356,10.0,Bundesliga
2019,X,4.75,0.2583199736629856,1,37.5,56.75496872479541,15.13465832661211,10.0,Bundesliga
2019,X,5.75,0.18907211781698785,0,-10.0,-4.5876146025094835,4.5876146025094835,10.0,Bundesliga
2019,1,3.6,0.32843336275056384,1,26.0,45.590026475507464,17.53462556750287,10.0,Bundesliga
2019,X,4.33,0.28136608128286794,0,-10.0,-16.3900249215329,16.3900249215329,10.0,Bundesliga
2019,X,4.0,0.35007084206419287,0,-10.0,-33.356947354730956,33.356947354730956,10.0,Bundesliga
2019,X,6.0,0.17914927178374884,0,-10.0,-3.7447815351246527,3.7447815351246527,10.0,Bundesliga
2019,1,6.5,0.5247117577174661,0,-10.0,-50.0,50.0,10.0,Bundesliga
2019,X,5.5,0.21166232255176995,0,-10.0,-9.11904300192971,9.11904300192971,10.0,Bundesliga
2019,1,4.0,0.4243159613588307,0,-10.0,-50.0,50.0,10.0,Bundesliga
2019,X,4.0,0.2641364277698708,0,-10.0,-4.712142589956929,4.712142589956929,10.0,Bundesliga
2019,X,4.0,0.2752784127597731,1,30.0,25.278412759773104,8.426137586591034,10.0,Bundesliga
2019,X,4.2,0.27095390724705004,0,-10.0,-10.781750815438297,10.781750815438297,10.0,Bundesliga
2019,1,5.25,0.4601535637845915,1,42.5,212.5,50.0,10.0,Bundesliga
2019,X,5.5,0.1967351853516078,0,-10.0,-4.557973301880162,4.557973301880162,10.0,Bundesliga
2019,X,4.0,0.2760616595684007,0,-10.0,-8.687219856133558,8.687219856133558,10.0,Bundesliga
2019,X,9.0,0.2586457931460689,0,-10.0,-41.49412932233187,41.49412932233187,10.0,Bundesliga
2019,1,4.2,0.5116003053429096,1,32.0,160.0,50.0,10.0,Bundesliga
2019,2,3.6,0.303684116894901,0,-10.0,-8.967578925158028,8.967578925158028,10.0,Bundesliga
2019,1,5.0,0.34813649616151077,0,-10.0,-46.29265505047211,46.29265505047211,10.0,Bundesliga
2019,X,4.33,0.26739042514910744,0,-10.0,-11.84688745462726,11.84688745462726,10.0,Bundesliga
2019,1,7.0,0.3732160948776346,0,-10.0,-50.0,50.0,10.0,Bundesliga
2019,X,4.75,0.2447961051297501,0,-10.0,-10.852099957754202,10.852099957754202,10.0,Bundesliga
2019,X,4.2,0.2528266260930982,0,-10.0,-4.833736686797856,4.833736686797856,10.0,Bundesliga
2019,X,4.2,0.27499537123437606,0,-10.0,-12.107856186279655,12.107856186279655,10.0,Bundesliga
2019,X,6.0,0.20193316891082466,0,-10.0,-10.579950673247396,10.579950673247396,10.0,Bundesliga
2019,X,4.33,0.24700649552749918,0,-10.0,-5.220580002557918,5.220580002557918,10.0,Bundesliga
2019,X,7.5,0.2273272594845598,0,-10.0,-27.11363254362302,27.11363254362302,10.0,Bundesliga
2019,1,3.6,0.38797974740553215,1,26.0,99.18177266497896,38.14683564037652,10.0,Bundesliga
2019,X,4.0,0.28157326309055747,0,-10.0,-10.524421030185824,10.524421030185824,10.0,Bundesliga
2019,1,3.1,0.4333909534337815,0,-10.0,-40.894280433895545,40.894280433895545,10.0,Bundesliga
2019,X,6.5,0.22984319648522278,0,-10.0,-22.453671688815813,22.453671688815813,10.0,Bundesliga
2019,1,3.8,0.43323478466797144,0,-10.0,-50.0,50.0,10.0,Bundesliga
2019,X,8.5,0.23974105626533396,0,-10.0,-34.59329927517795,34.59329927517795,10.0,Bundesliga
2019,2,3.4,0.3784902734828415,0,-10.0,-29.881971858506365,29.881971858506365,10.0,Bundesliga
2019,1,3.4,0.31658054919569484,1,24.0,19.093466816340612,7.955611173475255,10.0,Bundesliga
2019,2,3.25,0.3413055610215632,1,22.5,27.310768330020107,12.138119257786714,10.0,Bundesliga
2019,X,6.0,0.2272822200088206,0,-10.0,-18.18466600264618,18.18466600264618,10.0,Bundesliga
2019,1,4.75,0.32471119785504626,0,-10.0,-36.15854598743131,36.15854598743131,10.0,Bundesliga
2019,X,4.33,0.2575821293431558,0,-10.0,-8.658454959148992,8.658454959148992,10.0,Bundesliga
2019,1,10.0,0.39863165039447557,0,-10.0,-50.0,50.0,10.0,Bundesliga
2019,X,5.75,0.24608883247463856,0,-10.0,-21.842672985745878,21.842672985745878,10.0,Bundesliga
2019,1,5.0,0.5154688297505553,0,-10.0,-50.0,50.0,10.0,Bundesliga
2019,X,6.0,0.21578661961226753,0,-10.0,-14.735985883680257,14.735985883680257,10.0,Bundesliga
2019,1,4.0,0.33444901780749997,1,30.0,84.44901780749997,28.14967260249999,10.0,Bundesliga
2019,X,4.33,0.3443988896596067,0,-10.0,-36.88041983679407,36.88041983679407,10.0,Bundesliga
2019,X,4.5,0.32858301082365754,0,-10.0,-34.18739633617564,34.18739633617564,10.0,Bundesliga
2019,X,8.5,0.158674277212859,0,-10.0,-11.624378543643383,11.624378543643383,10.0,Bundesliga
2019,X,5.25,0.23656074230118132,0,-10.0,-14.231993945953059,14.231993945953059,10.0,Bundesliga
2019,X,7.5,0.18426782965271646,0,-10.0,-14.692643169052824,14.692643169052824,10.0,Bundesliga
2019,1,3.2,0.48267034558072724,1,22.0,110.00000000000001,50.0,10.0,Bundesliga
2019,1,3.5,0.45858586011612396,0,-10.0,-50.0,50.0,10.0,Bundesliga
2019,X,6.5,0.29196158732431826,0,-10.0,-40.80683261854858,40.80683261854858,10.0,Bundesliga
2019,2,3.4,0.33854687360532826,0,-10.0,-15.73535106855375,15.73535106855375,10.0,Bundesliga
2019,1,3.8,0.4280180638851446,0,-10.0,-50.0,50.0,10.0,Bundesliga
2019,2,3.6,0.3037770476425424,1,26.0,23.399342878288156,8.99974726088006,10.0,Bundesliga
2019,1,3.1,0.5375611377105205,1,21.0,105.0,50.0,10.0,Bundesliga
2019,X,4.2,0.2581196803003632,1,32.0,21.02566431538139,6.570520098556684,10.0,Bundesliga
2019,X,4.33,0.25837501120716594,1,33.3,29.69094963175711,8.91620109061775,10.0,Bundesliga
2019,X,5.5,0.3053228133197255,0,-10.0,-37.73752629213835,37.73752629213835,10.0,Bundesliga
2019,X,7.0,0.22046922274509403,0,-10.0,-22.636856633985765,22.636856633985765,10.0,Bundesliga
2019,2,3.6,0.2945403350340497,0,-10.0,-5.802423665632584,5.802423665632584,10.0,Bundesliga
2019,1,4.2,0.43096729278739526,0,-10.0,-50.0,50.0,10.0,Bundesliga
2019,X,13.0,0.12032341381221794,0,-10.0,-11.75425790747569,11.75425790747569,10.0,Bundesliga
2019,1,6.5,0.3782418494476385,0,-10.0,-50.0,50.0,10.0,Bundesliga
2019,X,5.5,0.2264450917260631,0,-10.0,-13.636000249630397,13.636000249630397,10.0,Bundesliga
2019,1,4.0,0.4005035854032217,0,-10.0,-50.0,50.0,10.0,Bundesliga
2019,X,4.2,0.26696078340282264,0,-10.0,-9.471507054051187,9.471507054051187,10.0,Bundesliga
2019,X,4.5,0.2819123752670294,0,-10.0,-19.186120621545154,19.186120621545154,10.0,Bundesliga
2019,1,3.4,0.47271521545768014,0,-10.0,-50.0,50.0,10.0,Bundesliga
2019,X,7.0,0.21585467221217494,0,-10.0,-21.290946061884352,21.290946061884352,10.0,Bundesliga
2019,1,7.0,0.18179842730213783,0,-10.0,-11.357874629790201,11.357874629790201,10.0,Bundesliga
2019,X,5.75,0.2500345709778214,0,-10.0,-23.036778059077527,23.036778059077527,10.0,Bundesliga
2019,2,3.1,0.36891544350255234,0,-10.0,-17.099747006894326,17.099747006894326,10.0,Bundesliga
2019,1,3.0,0.38414897659682873,0,-10.0,-19.05586622381078,19.05586622381078,10.0,Bundesliga
2019,1,3.8,0.47696944944923514,0,-10.0,-50.0,50.0,10.0,Bundesliga
2019,1,3.1,0.4972394346733871,0,-10.0,-50.0,50.0,10.0,Bundesliga
2019,X,4.2,0.3024908515231526,0,-10.0,-21.129810656034444,21.129810656034444,10.0,Bundesliga
2019,2,3.4,0.3625192920282973,0,-10.0,-24.225582593355284,24.225582593355284,10.0,Bundesliga
2019,X,10.0,0.12032341381221794,0,-10.0,-5.6453927256160945,5.6453927256160945,10.0,Bundesliga
2019,2,3.8,0.27659752320125586,0,-10.0,-4.559873943283229,4.559873943283229,10.0,Bundesliga
2019,X,4.0,0.40833412759681226,0,-10.0,-50.0,50.0,10.0,Bundesliga
2019,1,3.4,0.456140877720656,0,-10.0,-50.0,50.0,10.0,Bundesliga
2019,X,4.33,0.261077169716253,0,-10.0,-9.794605470823985,9.794605470823985,10.0,Bundesliga
2019,X,5.5,0.2272822200088206,1,45.0,62.5130525121283,13.891789447139622,10.0,Bundesliga
2019,X,7.0,0.22885081612867228,0,-10.0,-25.081488037529418,25.081488037529418,10.0,Bundesliga
2019,1,4.75,0.40659697032233466,0,-10.0,-50.0,50.0,10.0,Bundesliga
2019,1,4.2,0.4770974400761381,0,-10.0,-50.0,50.0,10.0,Bundesliga
2019,X,7.5,0.1964269556993211,0,-10.0,-18.20008337480416,18.20008337480416,10.0,Bundesliga
2019,1,6.5,0.43088204036707983,0,-10.0,-50.0,50.0,10.0,Bundesliga
2019,X,4.5,0.25294535441250604,0,-10.0,-9.875292489734083,9.875292489734083,10.0,Bundesliga
2019,2,3.5,0.3046954221053676,0,-10.0,-6.643397736878653,6.643397736878653,10.0,Bundesliga
2019,1,3.6,0.48234073939769845,0,-10.0,-50.0,50.0,10.0,Bundesliga
2019,1,4.33,0.5026026452839517,0,-10.0,-50.0,50.0,10.0,Bundesliga
2019,X,4.2,0.2654126645766309,0,-10.0,-8.963530564207005,8.963530564207005,10.0,Bundesliga
2019,X,5.5,0.28164687589159465,1,45.0,137.26445435094263,30.503212077987254,10.0,Bundesliga
2019,1,4.75,0.3300115198735715,0,-10.0,-37.83698129329765,37.83698129329765,10.0,Bundesliga
2019,X,4.2,0.3533341230501786,0,-10.0,-37.81275912583985,37.81275912583985,10.0,Bundesliga
2019,2,3.75,0.2851017769180782,1,27.5,17.2829158606983,6.284696676617563,10.0,Bundesliga
2019,X,13.0,0.1508991701975245,0,-10.0,-20.035191928496218,20.035191928496218,10.0,Bundesliga
2019,X,4.5,0.33627054059246425,0,-10.0,-36.6583880475778,36.6583880475778,10.0,Bundesliga
2019,1,8.5,0.47824225490829503,0,-10.0,-50.0,50.0,10.0,Bundesliga
2019,1,5.5,0.3556823771056134,0,-10.0,-50.0,50.0,10.0,Bundesliga
2019,X,4.6,0.26646688188637097,0,-10.0,-15.676920602590728,15.676920602590728,10.0,Bundesliga
2019,1,4.5,0.4657441670995915,1,35.0,175.0,50.0,10.0,Bundesliga
2019,X,8.0,0.22157374708195907,1,70.0,193.1474941639181,27.592499166274017,10.0,Bundesliga
2019,X,5.5,0.2564208057617328,0,-10.0,-22.79524620497391,22.79524620497391,10.0,Bundesliga
2019,1,6.0,0.47838225360872055,0,-10.0,-50.0,50.0,10.0,Bundesliga
2019,X,4.75,0.2587428869557877,0,-10.0,-15.268580869332768,15.268580869332768,10.0,Bundesliga
2019,1,3.6,0.36431174724905,0,-10.0,-29.9540663554404,29.9540663554404,10.0,Bundesliga
2019,2,3.0,0.3865129960591631,0,-10.0,-19.94237352218617,19.94237352218617,10.0,Bundesliga
2019,1,6.5,0.43358940898381365,0,-10.0,-50.0,50.0,10.0,Bundesliga
2019,X,5.25,0.24619209715328996,0,-10.0,-17.206382944398378,17.206382944398378,10.0,Bundesliga
2019,1,7.0,0.2258425343425663,0,-10.0,-24.204072516581835,24.204072516581835,10.0,Bundesliga
2019,1,3.0,0.46310352114441855,0,-10.0,-48.66382042915696,48.66382042915696,10.0,Bundesliga
2019,1,5.75,0.41500961518426255,0,-10.0,-50.0,50.0,10.0,Bundesliga
2019,X,4.33,0.2576091215867693,1,33.3,28.86187411767776,8.667229464768097,10.0,Bundesliga
2019,X,4.2,0.2720410265596286,0,-10.0,-11.138461839878127,11.138461839878127,10.0,Bundesliga
2019,X,7.5,0.1617230969165497,0,-10.0,-8.189354879773955,8.189354879773955,10.0,Bundesliga
2019,X,4.2,0.25879994305025195,0,-10.0,-6.793731313363919,6.793731313363919,10.0,Bundesliga
2019,X,6.5,0.17468328797574925,0,-10.0,-6.156425992835007,6.156425992835007,10.0,Bundesliga
2019,X,6.0,0.2272822200088206,1,50.0,90.9233300132309,18.18466600264618,10.0,Bundesliga
2019,1,9.5,0.48361942450344114,0,-10.0,-50.0,50.0,10.0,Bundesliga
2019,X,6.5,0.1973489382995307,0,-10.0,-12.85309540667953,12.85309540667953,10.0,Bundesliga
2019,X,4.2,0.27950977269339755,0,-10.0,-13.58914416502108,13.58914416502108,10.0,Bundesliga
2019,2,3.75,0.28214694711236304,0,-10.0,-5.277368333760135,5.277368333760135,10.0,Bundesliga
2019,1,5.25,0.3802502217782438,0,-10.0,-50.0,50.0,10.0,Bundesliga
2019,X,4.0,0.29178227894224046,0,-10.0,-13.927426314080153,13.927426314080153,10.0,Bundesliga
2019,1,5.25,0.3734174219553166,1,42.5,212.5,50.0,10.0,Bundesliga
2019,X,4.33,0.30486997331759463,0,-10.0,-24.030554389278137,24.030554389278137,10.0,Bundesliga
2019,1,7.0,0.4361723134480348,0,-10.0,-50.0,50.0,10.0,Bundesliga
2019,X,5.75,0.2651538871484353,0,-10.0,-27.612360584394896,27.612360584394896,10.0,Bundesliga
2019,X,6.5,0.28898447303633684,0,-10.0,-39.92723066982679,39.92723066982679,10.0,Bundesliga
2019,X,4.0,0.27566753320376897,0,-10.0,-8.555844401256321,8.555844401256321,10.0,Bundesliga
2019,X,5.75,0.31912975477144956,0,-10.0,-43.947162628201845,43.947162628201845,10.0,Bundesliga
2019,X,5.75,0.3328066658911874,0,-10.0,-48.086227835490924,48.086227835490924,10.0,Bundesliga
2019,X,4.5,0.2939366413319075,0,-10.0,-23.051063285255985,23.051063285255985,10.0,Bundesliga
2019,1,4.33,0.3679922819350219,0,-10.0,-44.55004360200038,44.55004360200038,10.0,Bundesliga
2019,X,4.33,0.25406333872773557,0,-10.0,-7.514583835667789,7.514583835667789,10.0,Bundesliga
2019,1,4.0,0.4755260812420848,1,30.0,150.0,50.0,10.0,Bundesliga
2020,X,11.0,0.27279072909126256,0,-10.0,-50.0,50.0,10.0,Bundesliga
2020,X,4.2,0.2871864398092241,1,32.0,51.54576179968529,16.10805056240165,10.0,Bundesliga
2020,2,3.2,0.3321562681102755,1,22.0,15.725014488220388,7.1477338582819945,10.0,Bundesliga
2020,X,4.33,0.274626222218393,0,-10.0,-14.199064730153276,14.199064730153276,10.0,Bundesliga
2020,X,5.75,0.18900118183441875,0,-10.0,-4.566147134100412,4.566147134100412,10.0,Bundesliga
2020,1,7.0,0.24173941877887198,1,60.0,173.04398286302597,28.840663810504328,10.0,Bundesliga
2020,1,3.0,0.432368747048472,0,-10.0,-37.13828014317699,37.13828014317699,10.0,Bundesliga
2020,X,4.5,0.24823547426781953,1,35.0,29.264908551296987,8.36140244322771,10.0,Bundesliga
2020,1,11.0,0.44472192929089377,1,100.0,500.0,50.0,10.0,Bundesliga
2020,X,7.5,0.16640782357097456,0,-10.0,-9.540718337781122,9.540718337781122,10.0,Bundesliga
2020,1,3.2,0.4541648830091734,0,-10.0,-50.0,50.0,10.0,Bundesliga
2020,2,3.4,0.31153533546597423,0,-10.0,-6.168764644199192,6.168764644199192,10.0,Bundesliga
2020,X,6.0,0.24342777879095487,0,-10.0,-23.028333637286458,23.028333637286458,10.0,Bundesliga
2020,1,3.8,0.4126730944343488,0,-10.0,-50.0,50.0,10.0,Bundesliga
2020,1,3.8,0.3178752118237073,0,-10.0,-18.56480401161499,18.56480401161499,10.0,Bundesliga
2020,2,3.3,0.34767664316267166,0,-10.0,-16.014448090958318,16.014448090958318,10.0,Bundesliga
2020,X,6.5,0.2800612588449299,0,-10.0,-37.29082647691111,37.29082647691111,10.0,Bundesliga
2020,X,8.0,0.2548899007950857,0,-10.0,-37.11140022716735,37.11140022716735,10.0,Bundesliga
2020,2,3.7,0.3331692956600642,0,-10.0,-21.548740179836823,21.548740179836823,10.0,Bundesliga
2020,1,13.0,0.09566437081801188,0,-10.0,-5.075767096544882,5.075767096544882,10.0,Bundesliga
2020,X,8.5,0.19798621989110368,0,-10.0,-22.762762302479377,22.762762302479377,10.0,Bundesliga
2020,1,5.5,0.31229674819808667,0,-10.0,-39.868450838304256,39.868450838304256,10.0,Bundesliga
2020,1,4.0,0.4233160203818281,0,-10.0,-50.0,50.0,10.0,Bundesliga
2020,1,5.75,0.22745239234630557,0,-10.0,-16.20269768375037,16.20269768375037,10.0,Bundesliga
2020,X,4.5,0.25349406458951274,0,-10.0,-10.051663618057665,10.051663618057665,10.0,Bundesliga
2020,1,3.2,0.44464760101158024,0,-10.0,-48.05367309512009,48.05367309512009,10.0,Bundesliga
2020,X,7.5,0.1894055069179009,0,-10.0,-16.174665457086796,16.174665457086796,10.0,Bundesliga
2020,1,4.75,0.3423461299878259,0,-10.0,-41.742941162811526,41.742941162811526,10.0,Bundesliga
2020,X,6.5,0.216675630350214,0,-10.0,-18.563254421654133,18.563254421654133,10.0,Bundesliga
2020,1,3.0,0.3687271413985899,0,-10.0,-13.272678024471213,13.272678024471213,10.0,Bundesliga
2020,X,4.2,0.274201765835834,0,-10.0,-11.847454414883034,11.847454414883034,10.0,Bundesliga
2020,1,3.1,0.4005119919658884,0,-10.0,-28.76037798741119,28.76037798741119,10.0,Bundesliga
2020,2,3.5,0.31474165316532815,0,-10.0,-10.15957860786485,10.15957860786485,10.0,Bundesliga
2020,1,7.5,0.3419511440084327,0,-10.0,-50.0,50.0,10.0,Bundesliga
2020,1,3.0,0.41299608256193937,1,20.0,59.74706192145452,29.87353096072726,10.0,Bundesliga
2020,X,8.0,0.19069693743488295,0,-10.0,-18.7705535528237,18.7705535528237,10.0,Bundesliga
2020,1,3.8,0.3142672102260965,0,-10.0,-17.34066061242559,17.34066061242559,10.0,Bundesliga
2020,2,3.8,0.3385753205784094,1,28.0,71.64655454948893,25.588055196246046,10.0,Bundesliga
2020,1,4.0,0.3813655646432226,0,-10.0,-43.78852154774086,43.78852154774086,10.0,Bundesliga
2020,X,4.75,0.272365831474728,0,-10.0,-19.582513300330525,19.582513300330525,10.0,Bundesliga
2020,2,3.4,0.3280564838379149,0,-10.0,-12.02000469259487,12.02000469259487,10.0,Bundesliga
2020,2,3.25,0.35285336311426674,0,-10.0,-16.308158902374114,16.308158902374114,10.0,Bundesliga
2020,1,3.8,0.5196441640111006,0,-10.0,-50.0,50.0,10.0,Bundesliga
2020,1,3.8,0.4105486129128273,0,-10.0,-50.0,50.0,10.0,Bundesliga
2020,X,4.0,0.29438991999015635,1,30.0,44.38991999015635,14.796639996718783,10.0,Bundesliga
2020,X,10.0,0.27264740391114545,1,90.0,431.61850977786366,47.957612197540406,10.0,Bundesliga
2020,X,4.33,0.2635839272863121,0,-10.0,-10.609489876105958,10.609489876105958,10.0,Bundesliga
2020,X,4.5,0.2638154963012249,1,35.0,46.79243333887806,13.369266668250875,10.0,Bundesliga
2020,1,5.75,0.40155762199328815,0,-10.0,-50.0,50.0,10.0,Bundesliga
2020,X,4.6,0.22964144310094511,0,-10.0,-3.9132387683574654,3.9132387683574654,10.0,Bundesliga
2020,2,3.4,0.33407780169122026,1,24.0,33.966131437537186,14.152554765640494,10.0,Bundesliga
2020,X,7.0,0.25234694650823014,0,-10.0,-31.934526064900457,31.934526064900457,10.0,Bundesliga
2020,X,7.0,0.2145912579278085,0,-10.0,-20.92245022894415,20.92245022894415,10.0,Bundesliga
2020,1,3.25,0.444882193831121,0,-10.0,-49.54079221679369,49.54079221679369,10.0,Bundesliga
2020,1,3.5,0.3141819608923693,0,-10.0,-9.963686312329267,9.963686312329267,10.0,Bundesliga
2020,1,3.6,0.4247286424540813,0,-10.0,-50.0,50.0,10.0,Bundesliga
2020,1,3.6,0.4268146001524573,0,-10.0,-50.0,50.0,10.0,Bundesliga
2020,X,5.75,0.2427611974209297,1,47.5,98.96922129258645,20.83562553528136,10.0,Bundesliga
2020,1,6.5,0.3356414583959095,0,-10.0,-50.0,50.0,10.0,Bundesliga
2020,X,4.2,0.2674154626663045,0,-10.0,-9.620698687381173,9.620698687381173,10.0,Bundesliga
2020,1,8.5,0.15563324026802056,0,-10.0,-10.76275140927249,10.76275140927249,10.0,Bundesliga
2020,X,6.0,0.18791502391770912,1,50.0,31.87253587656369,6.374507175312738,10.0,Bundesliga
2020,X,5.0,0.23246825983656616,0,-10.0,-10.146331198926925,10.146331198926925,10.0,Bundesliga
2020,X,4.0,0.2742319528493065,1,30.0,24.231952849306516,8.077317616435506,10.0,Bundesliga
2020,2,3.8,0.28370896652112826,0,-10.0,-6.972685069668504,6.972685069668504,10.0,Bundesliga
2020,X,4.33,0.26805308288007085,0,-10.0,-12.062300966269278,12.062300966269278,10.0,Bundesliga
2020,2,3.4,0.3306562267895721,0,-10.0,-12.940746987973457,12.940746987973457,10.0,Bundesliga
2020,1,5.0,0.44259398055827787,0,-10.0,-50.0,50.0,10.0,Bundesliga
2020,1,4.5,0.2986618956756508,0,-10.0,-24.569895038602056,24.569895038602056,10.0,Bundesliga
2020,X,4.5,0.34880609267821744,0,-10.0,-40.68767264656988,40.68767264656988,10.0,Bundesliga
2020,1,4.75,0.3679352564183365,1,37.5,186.9231169967746,49.84616453247323,10.0,Bundesliga
2020,1,3.8,0.38102191858245166,0,-10.0,-39.9895795190461,39.9895795190461,10.0,Bundesliga
2020,X,5.75,0.21556985977662277,1,47.5,59.88167342889522,12.60666809029373,10.0,Bundesliga
2020,2,3.4,0.41088137871980196,1,24.0,99.24917191183162,41.35382162992985,10.0,Bundesliga
2020,1,4.0,0.4146665775044475,0,-10.0,-50.0,50.0,10.0,Bundesliga
2020,X,4.2,0.2602286711876321,0,-10.0,-7.262532733441785,7.262532733441785,10.0,Bundesliga
2020,1,3.2,0.3695852506515591,1,22.0,45.668200521247314,20.75827296420332,10.0,Bundesliga
2020,X,4.0,0.26634000474346975,0,-10.0,-5.44666824782325,5.44666824782325,10.0,Bundesliga
2020,1,5.75,0.4068825086891537,0,-10.0,-50.0,50.0,10.0,Bundesliga
2020,X,9.0,0.2567106712074897,0,-10.0,-40.949876277106476,40.949876277106476,10.0,Bundesliga
2020,1,4.75,0.3945483390685383,1,37.5,187.5,50.0,10.0,Bundesliga
2020,1,3.5,0.43026164311733733,0,-10.0,-50.0,50.0,10.0,Bundesliga
2020,1,4.5,0.4241281658159064,1,35.0,175.0,50.0,10.0,Bundesliga
2020,1,3.25,0.4144714054875305,0,-10.0,-38.5591186482749,38.5591186482749,10.0,Bundesliga
2020,1,4.0,0.4392358624313995,1,30.0,150.0,50.0,10.0,Bundesliga
2020,1,3.3,0.38830845385766516,1,23.0,70.35447443257375,30.588901927205985,10.0,Bundesliga
2020,1,3.6,0.4225321130609947,0,-10.0,-50.0,50.0,10.0,Bundesliga
2020,2,3.5,0.30077823871084136,0,-10.0,-5.272383548794468,5.272383548794468,10.0,Bundesliga
2020,1,3.0,0.39223112755486916,0,-10.0,-22.086672833075944,22.086672833075944,10.0,Bundesliga
2020,1,3.25,0.4239519480563408,0,-10.0,-41.98264790923418,41.98264790923418,10.0,Bundesliga
2020,X,7.0,0.2243394957371048,1,60.0,142.5941175399334,23.765686256655567,10.0,Bundesliga
2020,X,7.5,0.19177396940544336,0,-10.0,-16.857875790031734,16.857875790031734,10.0,Bundesliga
2020,1,3.1,0.4037297251823843,1,21.0,62.890537016347835,29.947874769689445,10.0,Bundesliga
2020,1,4.0,0.30936194004927353,0,-10.0,-19.787313349757845,19.787313349757845,10.0,Bundesliga
2020,X,4.2,0.25405800088796177,0,-10.0,-5.237781541362462,5.237781541362462,10.0,Bundesliga
2020,2,3.1,0.37489939424968344,1,21.0,40.54703054350467,19.30810978262127,10.0,Bundesliga
2020,X,7.0,0.19127080328537258,0,-10.0,-14.120650958233671,14.120650958233671,10.0,Bundesliga
2020,X,4.33,0.2775060826673514,0,-10.0,-15.135235581804169,15.135235581804169,10.0,Bundesliga
2020,1,4.33,0.4233160203818281,1,33.3,166.5,50.0,10.0,Bundesliga
2020,1,3.3,0.4259978886664522,1,23.0,101.44825814982306,44.10793832601003,10.0,Bundesliga
2020,1,7.5,0.20341079376562618,1,65.0,131.3952383105491,20.214652047776784,10.0,Bundesliga
2020,1,3.75,0.45876530169372215,1,27.5,137.5,50.0,10.0,Bundesliga
2020,1,4.75,0.3076893666764375,0,-10.0,-30.76829944753854,30.76829944753854,10.0,Bundesliga
2020,2,3.6,0.3359874835589116,1,26.0,52.38873520302045,20.14951353962325,10.0,Bundesliga
2020,1,16.0,0.14920003164350806,0,-10.0,-23.12000843826882,23.12000843826882,10.0,Bundesliga
2020,X,8.5,0.21795954904940915,0,-10.0,-28.421872230665926,28.421872230665926,10.0,Bundesliga
2020,X,4.0,0.2628733841821094,0,-10.0,-4.291128060703143,4.291128060703143,10.0,Bundesliga
2020,X,8.0,0.21363264344306646,0,-10.0,-25.323612412304705,25.323612412304705,10.0,Bundesliga
2020,X,6.5,0.20119459143635762,0,-10.0,-13.989311106196572,13.989311106196572,10.0,Bundesliga
2020,1,3.2,0.42877014267124586,0,-10.0,-42.28005188045306,42.28005188045306,10.0,Bundesliga
2020,1,7.0,0.15151607396587624,0,-10.0,-2.5255215733805683,2.5255215733805683,10.0,Bundesliga
2020,X,5.75,0.19631343055064399,0,-10.0,-6.779064508747522,6.779064508747522,10.0,Bundesliga
2020,1,5.25,0.3857470511139416,1,42.5,212.5,50.0,10.0,Bundesliga
2020,X,4.33,0.2496963566360393,0,-10.0,-6.094986804358129,6.094986804358129,10.0,Bundesliga
2020,1,4.75,0.4032227993247954,0,-10.0,-50.0,50.0,10.0,Bundesliga
2020,1,9.0,0.36745992049815507,0,-10.0,-50.0,50.0,10.0,Bundesliga
2020,1,3.3,0.44645920947877604,1,23.0,114.99999999999999,50.0,10.0,Bundesliga
2020,X,6.5,0.23779924398300642,0,-10.0,-24.804322085888263,24.804322085888263,10.0,Bundesliga
2020,X,4.8,0.2860804262833779,1,38.0,93.29651154005342,24.55171356317195,10.0,Bundesliga
2020,X,4.5,0.2585877411724212,0,-10.0,-11.688916805421103,11.688916805421103,10.0,Bundesliga
2020,X,9.0,0.23678045853888444,1,80.0,282.75603171248997,35.344503964061246,10.0,Bundesliga
2020,1,5.5,0.3211814621353961,0,-10.0,-42.58322454137104,42.58322454137104,10.0,Bundesliga
2020,1,9.0,0.352600022678118,0,-10.0,-50.0,50.0,10.0,Bundesliga
2020,1,4.0,0.3875813531299526,1,30.0,137.58135312995262,45.86045104331754,10.0,Bundesliga
2020,1,3.5,0.4116349300117313,0,-10.0,-44.072225504105944,44.072225504105944,10.0,Bundesliga
2020,1,5.5,0.3152446218694746,0,-10.0,-40.76919001567279,40.76919001567279,10.0,Bundesliga
2020,1,5.25,0.31727231965394326,0,-10.0,-39.15762812842366,39.15762812842366,10.0,Bundesliga
2020,1,4.33,0.3355367060297782,1,33.3,113.21848427723491,33.99954482799847,10.0,Bundesliga
2020,X,4.5,0.24301470791282134,0,-10.0,-6.683298971978296,6.683298971978296,10.0,Bundesliga
2020,X,4.0,0.26748578629327485,0,-10.0,-5.8285954310916175,5.8285954310916175,10.0,Bundesliga
2020,X,7.5,0.23591620318423903,0,-10.0,-29.591212456992025,29.591212456992025,10.0,Bundesliga
2020,X,7.0,0.20220184410583397,0,-10.0,-17.30887119753491,17.30887119753491,10.0,Bundesliga
2020,1,3.6,0.38959808188192707,0,-10.0,-38.707028343743985,38.707028343743985,10.0,Bundesliga
2020,X,4.5,0.23418984182537508,0,-10.0,-3.8467348724419943,3.8467348724419943,10.0,Bundesliga
2020,1,5.0,0.35541794431832324,0,-10.0,-48.56810759947601,48.56810759947601,10.0,Bundesliga
2020,1,4.0,0.4487606263918698,0,-10.0,-50.0,50.0,10.0,Bundesliga
2020,1,3.3,0.4194046889949499,0,-10.0,-41.742986269927684,41.742986269927684,10.0,Bundesliga
2020,1,4.0,0.429883811071641,1,30.0,150.0,50.0,10.0,Bundesliga
2020,X,6.5,0.2139662868103347,0,-10.0,-17.762766557598887,17.762766557598887,10.0,Bundesliga
2020,X,5.25,0.2737411872174463,0,-10.0,-25.7141901700937,25.7141901700937,10.0,Bundesliga
2020,1,9.0,0.22431935614253937,0,-10.0,-31.83981891508919,31.83981891508919,10.0,Bundesliga
2020,X,4.0,0.28340394774463384,0,-10.0,-11.134649248211282,11.134649248211282,10.0,Bundesliga
2020,1,4.5,0.4329740743191752,0,-10.0,-50.0,50.0,10.0,Bundesliga
2020,X,7.0,0.24011076721023691,0,-10.0,-28.3656404363191,28.3656404363191,10.0,Bundesliga
2020,1,7.5,0.4299411983582278,0,-10.0,-50.0,50.0,10.0,Bundesliga
2020,1,8.0,0.37346737682435754,0,-10.0,-50.0,50.0,10.0,Bundesliga
2020,1,3.4,0.40464543077019366,1,24.0,93.9486161546646,39.14525673111025,10.0,Bundesliga
2020,X,6.5,0.267366994074783,0,-10.0,-33.5402482493677,33.5402482493677,10.0,Bundesliga
2020,X,4.2,0.2539001221919206,0,-10.0,-5.1859775942239565,5.1859775942239565,10.0,Bundesliga
2020,1,3.6,0.3974255395530995,1,26.0,107.68298559778954,41.41653292222674,10.0,Bundesliga
2020,1,3.2,0.3759361866185162,0,-10.0,-23.067704224914994,23.067704224914994,10.0,Bundesliga
2020,1,8.0,0.358291589498499,0,-10.0,-50.0,50.0,10.0,Bundesliga
2020,1,4.0,0.42459768273380344,0,-10.0,-50.0,50.0,10.0,Bundesliga
2020,1,3.2,0.44865182295227185,1,22.0,108.9214583618175,49.50975380082613,10.0,Bundesliga
2020,1,3.0,0.4242777864333573,0,-10.0,-34.10416991250897,34.10416991250897,10.0,Bundesliga
2020,X,5.25,0.272048931831274,1,42.5,107.06422302854713,25.191581889069912,10.0,Bundesliga
2020,1,3.5,0.3800318843585764,0,-10.0,-33.01115952550173,33.01115952550173,10.0,Bundesliga
2020,X,5.25,0.25257364076635175,0,-10.0,-19.177153766079215,19.177153766079215,10.0,Bundesliga
2020,1,8.0,0.41423983078805077,1,70.0,350.0,50.0,10.0,Bundesliga
2020,X,5.0,0.22657395909872324,0,-10.0,-8.304362218351013,8.304362218351013,10.0,Bundesliga
2020,1,3.1,0.42074258297582956,1,21.0,76.07550180626794,36.226429431556156,10.0,Bundesliga
2020,X,4.33,0.28236640675814306,0,-10.0,-16.715205800507462,16.715205800507462,10.0,Bundesliga
2020,1,3.1,0.43395613028758767,0,-10.0,-41.10285760613355,41.10285760613355,10.0,Bundesliga
2020,1,3.4,0.4001745874948299,0,-10.0,-37.5618330710856,37.5618330710856,10.0,Bundesliga
2020,1,3.0,0.46689490461633304,0,-10.0,-50.0,50.0,10.0,Bundesliga
2020,1,9.0,0.19731576678700677,1,80.0,193.96047527076522,24.245059408845652,10.0,Bundesliga
2020,X,5.5,0.1940794381229923,0,-10.0,-3.7464949820254314,3.7464949820254314,10.0,Bundesliga
2020,X,4.2,0.2652867875051874,0,-10.0,-8.922227150139628,8.922227150139628,10.0,Bundesliga
2020,X,5.5,0.27696982381898066,0,-10.0,-29.074112833577427,29.074112833577427,10.0,Bundesliga
2020,2,3.6,0.3228172639673996,0,-10.0,-15.590591373330652,15.590591373330652,10.0,Bundesliga
2020,X,7.0,0.3029662072443245,0,-10.0,-46.69847711292798,46.69847711292798,10.0,Bundesliga
2020,1,4.33,0.38519451200049576,0,-10.0,-50.0,50.0,10.0,Bundesliga
2020,X,5.75,0.22013268001519556,0,-10.0,-13.987521583546021,13.987521583546021,10.0,Bundesliga
2020,2,3.6,0.33537798868314955,1,26.0,51.84018981483462,19.93853454416716,10.0,Bundesliga
2020,X,4.2,0.31645934640258344,1,32.0,82.28231372271262,25.71322303834769,10.0,Bundesliga
2020,1,7.0,0.4511625790532284,0,-10.0,-50.0,50.0,10.0,Bundesliga
2020,X,4.5,0.272048931831274,0,-10.0,-16.01572808862379,16.01572808862379,10.0,Bundesliga
2020,1,13.0,0.4479879789928823,1,120.0,600.0,50.0,10.0,Bundesliga
2020,X,7.0,0.22627403966408244,0,-10.0,-24.329928235357382,24.329928235357382,10.0,Bundesliga
2020,1,6.0,0.3370222897361932,0,-10.0,-50.0,50.0,10.0,Bundesliga
2020,X,5.0,0.28368576413171753,0,-10.0,-26.151801291161735,26.151801291161735,10.0,Bundesliga
2020,X,4.2,0.27320852844167154,0,-10.0,-11.521548394923478,11.521548394923478,10.0,Bundesliga
2020,X,4.33,0.2670141372069382,0,-10.0,-11.724565623576748,11.724565623576748,10.0,Bundesliga
2020,X,4.5,0.2527438727514082,0,-10.0,-9.810530527238349,9.810530527238349,10.0,Bundesliga
2020,X,9.0,0.210459778878905,0,-10.0,-27.94181280969203,27.94181280969203,10.0,Bundesliga
2020,X,5.5,0.23102752121544987,0,-10.0,-15.03618703805413,15.03618703805413,10.0,Bundesliga
2021,1,4.33,0.3362294251387736,0,-10.0,-34.22473054436107,34.22473054436107,10.0,Bundesliga
2021,1,3.2,0.4169020857121142,0,-10.0,-37.96439480440515,37.96439480440515,10.0,Bundesliga
2021,X,4.5,0.3782349038720132,0,-10.0,-50.0,50.0,10.0,Bundesliga
2021,X,5.5,0.3103918909295342,0,-10.0,-39.28641111735767,39.28641111735767,10.0,Bundesliga
2021,1,8.0,0.4205702662077749,1,70.0,350.0,50.0,10.0,Bundesliga
2021,X,5.5,0.23647695251194056,0,-10.0,-16.701291045315173,16.701291045315173,10.0,Bundesliga
2021,X,5.25,0.25886502782532295,0,-10.0,-21.120082122526206,21.120082122526206,10.0,Bundesliga
2021,1,3.0,0.3601152472737615,0,-10.0,-10.043217727660563,10.043217727660563,10.0,Bundesliga
2021,2,3.0,0.4084499330571371,0,-10.0,-28.16872489642641,28.16872489642641,10.0,Bundesliga
2021,1,5.5,0.3230710563931367,1,45.0,194.22270254056295,43.16060056456954,10.0,Bundesliga
2021,X,4.75,0.27654693374987876,0,-10.0,-20.906529020794935,20.906529020794935,10.0,Bundesliga
2021,X,4.5,0.2493543678907771,1,35.0,30.52366387712424,8.721046822035497,10.0,Bundesliga
2021,X,11.0,0.24774468080343504,0,-10.0,-43.12978722094464,43.12978722094464,10.0,Bundesliga
2021,X,5.5,0.2875819648662313,0,-10.0,-32.316711486904,32.316711486904,10.0,Bundesliga
2021,X,9.0,0.19836497076857595,0,-10.0,-24.54014802866199,24.54014802866199,10.0,Bundesliga
2021,1,4.75,0.34370096104342457,0,-10.0,-42.17197099708444,42.17197099708444,10.0,Bundesliga
2021,1,3.3,0.35758800673484065,0,-10.0,-19.569611111410225,19.569611111410225,10.0,Bundesliga
2021,1,3.6,0.4276614078915048,1,26.0,130.0,50.0,10.0,Bundesliga
2021,1,3.1,0.42147357847922146,0,-10.0,-36.49620158161744,36.49620158161744,10.0,Bundesliga
2021,1,5.5,0.35338785703370745,0,-10.0,-50.0,50.0,10.0,Bundesliga
2021,X,4.75,0.289195956647234,0,-10.0,-24.912052938290774,24.912052938290774,10.0,Bundesliga
2021,1,4.5,0.39703746256163064,0,-10.0,-50.0,50.0,10.0,Bundesliga
2021,1,3.5,0.35977902356035024,0,-10.0,-25.922658246122587,25.922658246122587,10.0,Bundesliga
2021,2,3.6,0.30442056500721754,0,-10.0,-9.222503271729153,9.222503271729153,10.0,Bundesliga
2021,1,4.2,0.4021123494777301,1,32.0,160.0,50.0,10.0,Bundesliga
2021,X,13.0,0.1983854589366042,0,-10.0,-32.896061795330304,32.896061795330304,10.0,Bundesliga
2021,1,3.3,0.34210376653388513,0,-10.0,-14.015481474110967,14.015481474110967,10.0,Bundesliga
2021,X,13.0,0.20929659548790125,0,-10.0,-35.851161277973254,35.851161277973254,10.0,Bundesliga
2021,1,4.33,0.3435313844075389,1,33.3,121.87272362116086,36.598415501850106,10.0,Bundesliga
2021,X,5.5,0.2637730675079039,0,-10.0,-25.041770627415083,25.041770627415083,10.0,Bundesliga
2021,1,3.0,0.4289975842956671,0,-10.0,-35.87409411087516,35.87409411087516,10.0,Bundesliga
2021,X,5.0,0.21748293342859779,0,-10.0,-5.46341669643681,5.46341669643681,10.0,Bundesliga
2021,X,7.0,0.23051923195558008,0,-10.0,-25.568109320377527,25.568109320377527,10.0,Bundesliga
2021,X,6.5,0.22788481779659742,0,-10.0,-21.87505980354015,21.87505980354015,10.0,Bundesliga
2021,1,5.0,0.32906123106785173,0,-10.0,-40.33163470870367,40.33163470870367,10.0,Bundesliga
2021,X,8.0,0.178923187255982,0,-10.0,-15.40662493028057,15.40662493028057,10.0,Bundesliga
2021,2,3.3,0.32951229399644066,0,-10.0,-9.498975020462396,9.498975020462396,10.0,Bundesliga
2021,1,4.0,0.4069791574796779,0,-10.0,-50.0,50.0,10.0,Bundesliga
2021,X,4.75,0.2999904842349404,1,37.5,106.23870002899172,28.330320007731125,10.0,Bundesliga
2021,1,4.75,0.37962378320700857,0,-10.0,-50.0,50.0,10.0,Bundesliga
2021,X,9.0,0.17798036420615518,0,-10.0,-18.806977432981146,18.806977432981146,10.0,Bundesliga
2021,1,3.75,0.3236981462145461,1,27.5,53.46701207613697,19.442549845867987,10.0,Bundesliga
2021,X,8.5,0.28458884568750603,0,-10.0,-47.300172944793374,47.300172944793374,10.0,Bundesliga
2021,1,9.0,0.3720435378636053,0,-10.0,-50.0,50.0,10.0,Bundesliga
2021,X,5.75,0.2080860789861949,0,-10.0,-10.341839693190563,10.341839693190563,10.0,Bundesliga
2021,1,4.2,0.40566677975692383,0,-10.0,-50.0,50.0,10.0,Bundesliga
2021,X,4.0,0.3081272396472485,1,30.0,58.12723964724847,19.375746549082823,10.0,Bundesliga
2021,1,3.75,0.33228182713943744,0,-10.0,-22.36880470662639,22.36880470662639,10.0,Bundesliga
2021,1,3.0,0.47985418787538764,1,20.0,100.0,50.0,10.0,Bundesliga
2021,X,5.0,0.2617144287088207,0,-10.0,-19.28575897150647,19.28575897150647,10.0,Bundesliga
2021,1,3.8,0.357059136146731,1,28.0,89.20617933939445,31.85934976406945,10.0,Bundesliga
2021,2,3.8,0.3252071375511193,0,-10.0,-21.05242166912975,21.05242166912975,10.0,Bundesliga
2021,X,4.2,0.2617144287088207,0,-10.0,-7.750046920081809,7.750046920081809,10.0,Bundesliga
2021,1,3.75,0.3388781425162328,0,-10.0,-24.617548585079373,24.617548585079373,10.0,Bundesliga
2021,2,3.6,0.3711684300575242,0,-10.0,-32.32753348145069,32.32753348145069,10.0,Bundesliga
2021,1,3.5,0.35903127160124054,0,-10.0,-25.660945060434194,25.660945060434194,10.0,Bundesliga
2021,X,8.0,0.1974991257274624,0,-10.0,-20.714035922132112,20.714035922132112,10.0,Bundesliga
2021,X,6.0,0.2265121911725251,0,-10.0,-17.953657351757535,17.953657351757535,10.0,Bundesliga
2021,2,3.8,0.3188176649984091,0,-10.0,-18.884564910174497,18.884564910174497,10.0,Bundesliga
2021,1,4.0,0.3680004780555736,1,30.0,118.00047805557364,39.33349268519121,10.0,Bundesliga
2021,X,4.33,0.3046910895313523,0,-10.0,-23.972403729035705,23.972403729035705,10.0,Bundesliga
2021,1,4.2,0.2642954357365534,0,-10.0,-8.596939851056584,8.596939851056584,10.0,Bundesliga
2021,X,5.0,0.2679770027766707,0,-10.0,-21.242813367709584,21.242813367709584,10.0,Bundesliga
2021,2,3.6,0.3249317528624267,1,26.0,42.438577576184024,16.322529836993855,10.0,Bundesliga
2021,X,12.0,0.1799723918003905,0,-10.0,-26.356106854651962,26.356106854651962,10.0,Bundesliga
2021,2,3.8,0.33363484300035234,0,-10.0,-23.911821732262407,23.911821732262407,10.0,Bundesliga
2021,1,4.75,0.40098236480307553,0,-10.0,-50.0,50.0,10.0,Bundesliga
2021,X,4.33,0.2529684830055116,0,-10.0,-7.158673529569472,7.158673529569472,10.0,Bundesliga
2021,1,3.2,0.39415467568075996,1,22.0,65.32374054460799,29.692609338458173,10.0,Bundesliga
2021,2,3.8,0.2968705140663536,1,28.0,32.02698836303592,11.438210129655685,10.0,Bundesliga
2021,1,3.5,0.3867214644846679,1,25.0,88.38128142408442,35.35251256963377,10.0,Bundesliga
2021,1,4.0,0.28143424365003383,0,-10.0,-10.478081216677944,10.478081216677944,10.0,Bundesliga
2021,2,3.75,0.34366381590224315,0,-10.0,-26.24902814849199,26.24902814849199,10.0,Bundesliga
2021,1,3.4,0.4127372704842262,0,-10.0,-42.01111662983012,42.01111662983012,10.0,Bundesliga
2021,X,6.5,0.29403537493996706,0,-10.0,-41.41954259589935,41.41954259589935,10.0,Bundesliga
2021,2,3.3,0.3385709899504299,0,-10.0,-12.74828987352377,12.74828987352377,10.0,Bundesliga
2021,X,7.5,0.17798036420615518,0,-10.0,-12.878951213313993,12.878951213313993,10.0,Bundesliga
2021,1,6.0,0.35118328479244654,0,-10.0,-50.0,50.0,10.0,Bundesliga
2021,X,4.5,0.26399948546375684,1,35.0,46.99942114672645,13.428406041921843,10.0,Bundesliga
2021,2,3.0,0.37508387320870346,1,20.0,31.312904906527606,15.656452453263803,10.0,Bundesliga
2021,1,3.2,0.5282403153057526,1,22.0,110.00000000000001,50.0,10.0,Bundesliga
2021,1,4.75,0.5208773731550803,1,37.5,187.5,50.0,10.0,Bundesliga
2021,X,6.0,0.2541221810966941,0,-10.0,-26.236654329008235,26.236654329008235,10.0,Bundesliga
2021,1,6.5,0.2568952034191478,0,-10.0,-30.44631010111184,30.44631010111184,10.0,Bundesliga
2021,X,4.75,0.2432507080656251,1,37.5,38.860215827929814,10.362724220781283,10.0,Bundesliga
2021,X,10.0,0.2805033807326156,0,-10.0,-50.0,50.0,10.0,Bundesliga
2021,X,8.0,0.18762727757665879,0,-10.0,-17.893507879045366,17.893507879045366,10.0,Bundesliga
2021,1,5.25,0.26187025504390116,1,42.5,93.70470974512024,22.048166998851823,10.0,Bundesliga
2021,X,7.0,0.25911626754306794,0,-10.0,-33.908911366728155,33.908911366728155,10.0,Bundesliga
2021,2,3.5,0.3056717185132916,0,-10.0,-6.985101479652056,6.985101479652056,10.0,Bundesliga
2021,2,3.6,0.306715887986618,0,-10.0,-10.017038149213922,10.017038149213922,10.0,Bundesliga
2021,X,5.75,0.28938595319089827,0,-10.0,-34.94574899198237,34.94574899198237,10.0,Bundesliga
2021,1,3.75,0.480705426768781,0,-10.0,-50.0,50.0,10.0,Bundesliga
2021,X,4.33,0.25569596060115346,0,-10.0,-8.04530851373833,8.04530851373833,10.0,Bundesliga
2021,1,3.5,0.4050192865586663,0,-10.0,-41.7567502955332,41.7567502955332,10.0,Bundesliga
2021,1,3.5,0.35388871280581125,1,25.0,59.652623705084835,23.861049482033934,10.0,Bundesliga
2021,X,5.0,0.2427989167441582,0,-10.0,-13.37466148254944,13.37466148254944,10.0,Bundesliga
2021,2,3.8,0.3283542943239383,0,-10.0,-22.120207002764786,22.120207002764786,10.0,Bundesliga
2021,1,8.0,0.2172646482832528,0,-10.0,-26.36132808092937,26.36132808092937,10.0,Bundesliga
2021,X,5.75,0.2265135074213168,0,-10.0,-15.918561456451139,15.918561456451139,10.0,Bundesliga
2021,1,6.0,0.2811615093704176,0,-10.0,-34.348452811125284,34.348452811125284,10.0,Bundesliga
2021,X,4.0,0.26378337633302784,0,-10.0,-4.594458777675947,4.594458777675947,10.0,Bundesliga
2021,1,3.3,0.320325314357573,0,-10.0,-6.203645367390314,6.203645367390314,10.0,Bundesliga
2021,1,5.0,0.5134958305430124,1,40.0,200.0,50.0,10.0,Bundesliga
2021,1,3.2,0.33150267029845915,0,-10.0,-6.910061926712416,6.910061926712416,10.0,Bundesliga
2021,X,4.5,0.2703388896752185,0,-10.0,-15.466071681320239,15.466071681320239,10.0,Bundesliga
2021,1,3.0,0.4069791574796779,0,-10.0,-27.6171840548792,27.6171840548792,10.0,Bundesliga
2021,X,4.33,0.2752716564423052,0,-10.0,-14.408879308947565,14.408879308947565,10.0,Bundesliga
2021,X,6.5,0.2031949944468436,0,-10.0,-14.580339268385615,14.580339268385615,10.0,Bundesliga
2021,2,3.25,0.3802268734350565,0,-10.0,-26.19303762932596,26.19303762932596,10.0,Bundesliga
2021,1,3.4,0.3969754187269627,0,-10.0,-36.42879413246594,36.42879413246594,10.0,Bundesliga
2021,X,4.75,0.28223045734355595,0,-10.0,-22.706311492126044,22.706311492126044,10.0,Bundesliga
2021,1,3.0,0.433496349987097,1,20.0,75.12226249032278,37.56113124516139,10.0,Bundesliga
2021,X,4.33,0.2846508277164594,0,-10.0,-17.45781411503523,17.45781411503523,10.0,Bundesliga
2021,X,7.5,0.2308771222019567,0,-10.0,-28.137631404410588,28.137631404410588,10.0,Bundesliga
2021,1,4.0,0.4380808953599234,0,-10.0,-50.0,50.0,10.0,Bundesliga
2021,X,4.33,0.2538840589328977,0,-10.0,-7.456304442901431,7.456304442901431,10.0,Bundesliga
2021,2,3.1,0.3395256454745501,0,-10.0,-6.25351202036968,6.25351202036968,10.0,Bundesliga
2021,1,3.1,0.37896393798708633,0,-10.0,-20.808119971424716,20.808119971424716,10.0,Bundesliga
2021,1,3.0,0.3969754187269627,1,20.0,47.731564045221994,23.865782022610997,10.0,Bundesliga
2021,2,3.3,0.32357863813872395,0,-10.0,-7.3705984628031525,7.3705984628031525,10.0,Bundesliga
2021,X,13.0,0.28749231851618917,0,-10.0,-50.0,50.0,10.0,Bundesliga
2021,X,4.2,0.2721007310654273,0,-10.0,-11.158052380843344,11.158052380843344,10.0,Bundesliga
2021,X,4.5,0.28126525837676536,0,-10.0,-18.97811876396029,18.97811876396029,10.0,Bundesliga
2021,1,3.6,0.5248760120491722,0,-10.0,-50.0,50.0,10.0,Bundesliga
2021,X,5.25,0.2858047453580332,0,-10.0,-29.439700772333776,29.439700772333776,10.0,Bundesliga
2021,2,3.75,0.33067030979861234,0,-10.0,-21.819423794981486,21.819423794981486,10.0,Bundesliga
2021,1,6.0,0.3632107599351373,0,-10.0,-50.0,50.0,10.0,Bundesliga
2021,X,5.0,0.21631677254679893,0,-10.0,-5.098991420874666,5.098991420874666,10.0,Bundesliga
2021,1,5.0,0.23403661814227392,0,-10.0,-10.636443169460593,10.636443169460593,10.0,Bundesliga
2021,X,4.0,0.33796395028904586,0,-10.0,-29.321316763015286,29.321316763015286,10.0,Bundesliga
2021,1,3.1,0.40767790273325194,1,21.0,65.95037461827025,31.404940294414402,10.0,Bundesliga
2021,2,3.5,0.3293104533517685,0,-10.0,-15.258658673118974,15.258658673118974,10.0,Bundesliga
2021,1,3.3,0.33580955455852846,0,-10.0,-11.757775004689549,11.757775004689549,10.0,Bundesliga
2021,2,3.5,0.3075107066076701,0,-10.0,-7.628747312684547,7.628747312684547,10.0,Bundesliga
2021,1,4.75,0.4083100816558121,0,-10.0,-50.0,50.0,10.0,Bundesliga
2021,1,8.5,0.2422373887871053,0,-10.0,-35.300593489679834,35.300593489679834,10.0,Bundesliga
2021,X,5.0,0.21842210925230596,0,-10.0,-5.756909141345607,5.756909141345607,10.0,Bundesliga
2021,X,6.0,0.19527549895263127,0,-10.0,-8.582649685789377,8.582649685789377,10.0,Bundesliga
2021,X,4.2,0.2953236282441382,0,-10.0,-18.778065517607857,18.778065517607857,10.0,Bundesliga
2021,1,4.0,0.33529294850391683,0,-10.0,-28.430982834638947,28.430982834638947,10.0,Bundesliga
2021,X,8.0,0.18650741422200448,0,-10.0,-17.573546920572706,17.573546920572706,10.0,Bundesliga
2021,1,4.2,0.2987296384449336,1,32.0,63.666120367180284,19.895662614743838,10.0,Bundesliga
2021,X,4.2,0.2646866754066794,0,-10.0,-8.725315367816687,8.725315367816687,10.0,Bundesliga
2021,2,3.6,0.34869825079415806,0,-10.0,-24.549394505670108,24.549394505670108,10.0,Bundesliga
2021,1,4.75,0.41067255767141214,0,-10.0,-50.0,50.0,10.0,Bundesliga
2021,X,4.5,0.28697012027851293,1,35.0,72.84138531332705,20.811824375236302,10.0,Bundesliga
2021,1,3.0,0.44947983874467834,0,-10.0,-43.554939529254376,43.554939529254376,10.0,Bundesliga
2021,1,5.5,0.3397261994476712,0,-10.0,-48.24967205345508,48.24967205345508,10.0,Bundesliga
2021,1,3.0,0.352440361481594,0,-10.0,-7.165135555597751,7.165135555597751,10.0,Bundesliga
2021,X,5.25,0.2410114094618605,0,-10.0,-15.606464686751035,15.606464686751035,10.0,Bundesliga
2021,1,3.3,0.40964992715162846,1,23.0,87.96118990009343,38.24399560873628,10.0,Bundesliga
2021,1,3.9,0.3123744990673278,0,-10.0,-18.815564341601586,18.815564341601586,10.0,Bundesliga
2021,X,10.0,0.21533817246227835,0,-10.0,-32.03838123952177,32.03838123952177,10.0,Bundesliga
2021,1,4.75,0.27816764882676676,0,-10.0,-21.41975546180947,21.41975546180947,10.0,Bundesliga
2021,X,4.0,0.29768812783050924,0,-10.0,-15.896042610169747,15.896042610169747,10.0,Bundesliga
2021,1,4.0,0.28383836542363433,0,-10.0,-11.279455141211445,11.279455141211445,10.0,Bundesliga
2021,X,4.2,0.2676391969367166,1,32.0,31.021156783552442,9.694111494860138,10.0,Bundesliga
2021,X,4.75,0.30950005173274797,0,-10.0,-31.34168304870353,31.34168304870353,10.0,Bundesliga
2021,X,4.0,0.27178378992539876,0,-10.0,-7.261263308466252,7.261263308466252,10.0,Bundesliga
2021,X,4.33,0.28377720146456076,0,-10.0,-17.173819995611726,17.173819995611726,10.0,Bundesliga
2021,X,7.5,0.19875986758604372,0,-10.0,-18.873038726743378,18.873038726743378,10.0,Bundesliga
2021,X,6.5,0.16928711297432822,1,55.0,25.091558583283383,4.562101560596979,10.0,Bundesliga
2021,1,3.0,0.4594774795279175,0,-10.0,-47.304054822969064,47.304054822969064,10.0,Bundesliga
2021,2,3.1,0.37083339684627054,0,-10.0,-17.807563121837944,17.807563121837944,10.0,Bundesliga
2021,X,5.75,0.2194453617357024,0,-10.0,-13.779517367383622,13.779517367383622,10.0,Bundesliga
2021,X,4.2,0.2710692360991369,0,-10.0,-10.819593095029306,10.819593095029306,10.0,Bundesliga
2021,1,8.5,0.22137685270329835,0,-10.0,-29.390108265934533,29.390108265934533,10.0,Bundesliga
2021,X,4.0,0.26540674453012064,1,30.0,15.40674453012064,5.135581510040214,10.0,Bundesliga
2021,1,3.1,0.43766514664422,1,21.0,89.19048864927053,42.471661261557394,10.0,Bundesliga
2021,2,3.5,0.37828490455584785,1,25.0,80.99929148636687,32.399716594546746,10.0,Bundesliga
2021,2,3.6,0.39723153893485713,0,-10.0,-41.34937886206594,41.34937886206594,10.0,Bundesliga
2021,X,5.25,0.20266720693356818,0,-10.0,-3.7648727294842974,3.7648727294842974,10.0,Bundesliga
2021,X,5.0,0.23696830566899707,0,-10.0,-11.552595521561585,11.552595521561585,10.0,Bundesliga
2021,1,4.33,0.3966503921177984,1,33.3,166.5,50.0,10.0,Bundesliga
2021,X,4.5,0.26458772826842103,0,-10.0,-13.617484086278196,13.617484086278196,10.0,Bundesliga
2021,1,9.0,0.27669543211144265,0,-10.0,-46.57059028134325,46.57059028134325,10.0,Bundesliga
2021,X,6.0,0.1764048531711079,0,-10.0,-2.9214559513323746,2.9214559513323746,10.0,Bundesliga
2021,1,3.2,0.3402097715380681,0,-10.0,-10.076280559297485,10.076280559297485,10.0,Bundesliga
2021,X,4.0,0.411628914423736,0,-10.0,-50.0,50.0,10.0,Bundesliga
2021,X,7.0,0.19527549895263127,1,60.0,91.73212316710472,15.288687194517452,10.0,Bundesliga
2021,X,6.0,0.26541137260850695,0,-10.0,-29.62341178255208,29.62341178255208,10.0,Bundesliga
2021,X,5.0,0.22537629571870924,0,-10.0,-7.930092412096634,7.930092412096634,10.0,Bundesliga
2021,1,10.0,0.27767222636785766,0,-10.0,-49.35339621329379,49.35339621329379,10.0,Bundesliga
2021,X,6.0,0.21048878697534837,1,50.0,65.73318046302256,13.146636092604513,10.0,Bundesliga
2021,X,4.33,0.2574436458458198,0,-10.0,-8.613437425855839,8.613437425855839,10.0,Bundesliga
2021,X,4.75,0.2360743688028427,0,-10.0,-8.09021678756685,8.09021678756685,10.0,Bundesliga
2021,1,5.0,0.3274388928001611,0,-10.0,-39.82465400005034,39.82465400005034,10.0,Bundesliga
2021,X,5.0,0.25546568571436906,0,-10.0,-17.333026785740337,17.333026785740337,10.0,Bundesliga
2021,X,4.33,0.2691947864696456,1,33.3,41.403356353391366,12.433440346363774,10.0,Bundesliga
2022,1,6.0,0.3604811396909923,0,-10.0,-50.0,50.0,10.0,Bundesliga
2022,X,5.0,0.26293300655142887,0,-10.0,-19.66656454732152,19.66656454732152,10.0,Bundesliga
2022,1,3.3,0.4162128460197998,0,-10.0,-40.59808607231949,40.59808607231949,10.0,Bundesliga
2022,1,3.2,0.413187580800146,0,-10.0,-36.613665745507646,36.613665745507646,10.0,Bundesliga
2022,1,4.5,0.27069404108136347,0,-10.0,-15.580227490438256,15.580227490438256,10.0,Bundesliga
2022,X,4.5,0.25435852674931986,0,-10.0,-10.32952645513853,10.32952645513853,10.0,Bundesliga
2022,X,5.75,0.23081427376912364,0,-10.0,-17.22010916697163,17.22010916697163,10.0,Bundesliga
2022,X,4.75,0.2361257911976533,1,37.5,30.399377047213292,8.106500545923545,10.0,Bundesliga
2022,2,3.0,0.38953367832109503,0,-10.0,-21.075129370410643,21.075129370410643,10.0,Bundesliga
2022,1,3.0,0.3806183110341956,0,-10.0,-17.731866637823334,17.731866637823334,10.0,Bundesliga
2022,X,9.5,0.11268159353135287,0,-10.0,-2.072798192583893,2.072798192583893,10.0,Bundesliga
2022,X,4.5,0.24651999304863384,0,-10.0,-7.809997765632309,7.809997765632309,10.0,Bundesliga
2022,1,3.5,0.3992671818639019,0,-10.0,-39.743513652365685,39.743513652365685,10.0,Bundesliga
2022,1,3.6,0.3360188961023532,1,26.0,52.41700649211789,20.160387112353035,10.0,Bundesliga
2022,2,3.6,0.360769654250495,0,-10.0,-28.72795724055596,28.72795724055596,10.0,Bundesliga
2022,1,13.0,0.2686982591070608,0,-10.0,-50.0,50.0,10.0,Bundesliga
2022,X,8.0,0.2283964526567416,0,-10.0,-29.54184361621189,29.54184361621189,10.0,Bundesliga
2022,X,4.5,0.23507114585179958,0,-10.0,-4.130011166649873,4.130011166649873,10.0,Bundesliga
2022,X,4.75,0.24498505156242154,0,-10.0,-10.911932994766818,10.911932994766818,10.0,Bundesliga
2022,1,3.1,0.5188298171322999,0,-10.0,-50.0,50.0,10.0,Bundesliga
2022,1,4.5,0.32426428924533157,0,-10.0,-32.799235828856574,32.799235828856574,10.0,Bundesliga
2022,X,4.5,0.26036702282246316,0,-10.0,-12.260828764363154,12.260828764363154,10.0,Bundesliga
2022,X,8.0,0.18902647826396693,1,70.0,128.05295652793384,18.29327950399055,10.0,Bundesliga
2022,1,7.0,0.2291862247355582,0,-10.0,-25.179315547871134,25.179315547871134,10.0,Bundesliga
2022,X,5.25,0.2447638964766092,1,42.5,71.25261412554957,16.765320970717546,10.0,Bundesliga
2022,2,3.75,0.3796210154600901,1,27.5,105.89470199383445,38.507164361394345,10.0,Bundesliga
2022,1,3.5,0.40564869998517245,1,25.0,104.94261248702591,41.97704499481036,10.0,Bundesliga
2022,X,4.5,0.2527213409786069,0,-10.0,-9.803288171695069,9.803288171695069,10.0,Bundesliga
2022,2,3.5,0.3772872615225675,0,-10.0,-32.05054153289861,32.05054153289861,10.0,Bundesliga
2022,1,3.6,0.35742059429031187,0,-10.0,-27.568667254338717,27.568667254338717,10.0,Bundesliga
2022,X,8.0,0.19902200518976607,1,70.0,148.04401037953212,21.149144339933162,10.0,Bundesliga
2022,1,17.0,0.26865071330142515,1,160.0,800.0,50.0,10.0,Bundesliga
2022,X,8.0,0.22845642374604225,0,-10.0,-29.558978213154926,29.558978213154926,10.0,Bundesliga
2022,X,5.0,0.2998643356356829,0,-10.0,-31.207604886150904,31.207604886150904,10.0,Bundesliga
2022,X,4.33,0.26434108551728297,1,33.3,36.149225072458826,10.85562314488253,10.0,Bundesliga
2022,2,3.1,0.35813937928909545,1,21.0,27.558018949048968,13.122866166213793,10.0,Bundesliga
2022,1,3.0,0.46149154948067284,1,20.0,96.11866211050463,48.059331055252315,10.0,Bundesliga
2022,2,3.8,0.29681375227572976,0,-10.0,-11.418951664979742,11.418951664979742,10.0,Bundesliga
2022,1,3.1,0.43230371062788103,0,-10.0,-40.49303606505133,40.49303606505133,10.0,Bundesliga
2022,X,6.0,0.1980742610476426,0,-10.0,-9.422278314292788,9.422278314292788,10.0,Bundesliga
2022,X,6.5,0.21139469546583922,0,-10.0,-17.00297820581613,17.00297820581613,10.0,Bundesliga
2022,2,3.6,0.33468490922602917,1,26.0,51.21641830342627,19.69862242439472,10.0,Bundesliga
2022,1,3.0,0.3647333830415944,0,-10.0,-11.775018640597906,11.775018640597906,10.0,Bundesliga
2022,X,4.5,0.23499309971504515,0,-10.0,-4.104924908407367,4.104924908407367,10.0,Bundesliga
2022,1,3.75,0.38879486684805165,1,27.5,114.49518767004841,41.63461369819942,10.0,Bundesliga
2022,1,4.33,0.441691485876464,0,-10.0,-50.0,50.0,10.0,Bundesliga
2022,2,3.6,0.3085235306981013,0,-10.0,-10.64276062626584,10.64276062626584,10.0,Bundesliga
2022,1,3.0,0.4473435547017652,0,-10.0,-42.75383301316194,42.75383301316194,10.0,Bundesliga
2022,1,3.6,0.3567566413877288,0,-10.0,-27.33883740344458,27.33883740344458,10.0,Bundesliga
2022,X,5.0,0.22905193136160304,0,-10.0,-9.078728550500944,9.078728550500944,10.0,Bundesliga
2022,X,6.5,0.2064897031797305,0,-10.0,-15.55377593946583,15.55377593946583,10.0,Bundesliga
2022,X,4.0,0.2672197736079705,0,-10.0,-5.739924535990167,5.739924535990167,10.0,Bundesliga
2022,2,3.25,0.3662263133297608,0,-10.0,-21.13727981352473,21.13727981352473,10.0,Bundesliga
2022,1,5.5,0.2724327324247791,0,-10.0,-27.68777935201584,27.68777935201584,10.0,Bundesliga
2022,X,5.0,0.23127314808187985,0,-10.0,-9.772858775587451,9.772858775587451,10.0,Bundesliga
2022,X,4.2,0.2544356843453835,1,32.0,17.157468562652657,5.361708925828955,10.0,Bundesliga
2022,X,4.33,0.3634349767568126,1,33.3,143.41836233924957,43.068577279053926,10.0,Bundesliga
2022,1,4.33,0.4768537265531266,1,33.3,166.5,50.0,10.0,Bundesliga
2022,2,3.4,0.31818606690463175,0,-10.0,-8.524232028723743,8.524232028723743,10.0,Bundesliga
2022,X,4.2,0.25301976779369434,0,-10.0,-4.89711130730595,4.89711130730595,10.0,Bundesliga
2022,X,6.5,0.1923243815923953,0,-10.0,-11.368567288662241,11.368567288662241,10.0,Bundesliga
2022,2,3.8,0.3668506808176295,0,-10.0,-35.18148099169572,35.18148099169572,10.0,Bundesliga
2022,1,4.0,0.42308584921144027,0,-10.0,-50.0,50.0,10.0,Bundesliga
2022,1,10.0,0.1989541788195931,0,-10.0,-27.487271894331414,27.487271894331414,10.0,Bundesliga
2022,X,6.5,0.17972944654249254,0,-10.0,-7.647336478463707,7.647336478463707,10.0,Bundesliga
2022,X,4.33,0.2518953924329796,0,-10.0,-6.809838531141266,6.809838531141266,10.0,Bundesliga
2022,2,3.5,0.3263742184882078,1,25.0,35.57744117718181,14.230976470872726,10.0,Bundesliga
2022,1,4.33,0.32766266555116136,0,-10.0,-31.439890528267913,31.439890528267913,10.0,Bundesliga
2022,X,4.0,0.26879383424356024,0,-10.0,-6.264611414520079,6.264611414520079,10.0,Bundesliga
2022,X,4.0,0.28065607825072175,0,-10.0,-10.218692750240585,10.218692750240585,10.0,Bundesliga
2022,1,3.1,0.36493178567967455,1,21.0,32.82213390174777,15.62958757226084,10.0,Bundesliga
2022,X,9.5,0.1969568248646066,0,-10.0,-25.620289300404792,25.620289300404792,10.0,Bundesliga
2022,1,3.2,0.38206774458956333,1,22.0,55.6541956716507,25.297361668932133,10.0,Bundesliga
2022,2,3.75,0.29487611158609434,0,-10.0,-9.616856222532157,9.616856222532157,10.0,Bundesliga
2022,1,3.4,0.49720852017986683,1,24.0,120.0,50.0,10.0,Bundesliga
2022,X,4.2,0.27215314713908145,1,32.0,35.760804496035526,11.175251405011101,10.0,Bundesliga
2022,2,3.75,0.3170830333178229,0,-10.0,-17.187397721985086,17.187397721985086,10.0,Bundesliga
2022,1,3.0,0.43991778068669324,0,-10.0,-39.96916775750997,39.96916775750997,10.0,Bundesliga
2022,X,4.0,0.331411411098885,0,-10.0,-27.137137032961668,27.137137032961668,10.0,Bundesliga
2022,1,3.2,0.4200780818013516,1,22.0,86.06246544108133,39.11930247321878,10.0,Bundesliga
2022,X,4.0,0.2668615051014072,0,-10.0,-5.620501700469072,5.620501700469072,10.0,Bundesliga
2022,1,15.0,0.1585421572623089,0,-10.0,-24.609506409547034,24.609506409547034,10.0,Bundesliga
2022,X,7.5,0.22888237167815118,0,-10.0,-27.56222259946669,27.56222259946669,10.0,Bundesliga
2022,2,3.2,0.35352071986672423,1,22.0,32.81657589337939,14.916625406081538,10.0,Bundesliga
2022,X,5.0,0.2315506041575998,0,-10.0,-9.859563799249932,9.859563799249932,10.0,Bundesliga
2022,X,6.0,0.18592511178949886,0,-10.0,-5.7775335368496545,5.7775335368496545,10.0,Bundesliga
2022,2,3.4,0.31634342132789933,0,-10.0,-7.8716283869643515,7.8716283869643515,10.0,Bundesliga
2022,X,7.5,0.20656320889494553,1,65.0,137.3060166780229,21.124002565849676,10.0,Bundesliga
2022,1,3.0,0.37945254800156464,1,20.0,34.58941100117347,17.294705500586733,10.0,Bundesliga
2022,X,5.25,0.24707599032231645,0,-10.0,-17.479349952480074,17.479349952480074,10.0,Bundesliga
2022,X,4.5,0.26288085174920334,0,-10.0,-13.068845205101066,13.068845205101066,10.0,Bundesliga
2022,1,3.5,0.40641051397459577,0,-10.0,-42.24367989110851,42.24367989110851,10.0,Bundesliga
2022,2,3.4,0.362295965973458,1,24.0,57.951571077439255,24.146487948933025,10.0,Bundesliga
2022,X,6.0,0.17775278187902663,1,50.0,16.629172818539928,3.3258345637079856,10.0,Bundesliga
2022,1,3.8,0.3737273869289249,0,-10.0,-37.514649136599516,37.514649136599516,10.0,Bundesliga
2022,1,4.0,0.3121322591009395,1,30.0,62.13225910093951,20.7107530336465,10.0,Bundesliga
2022,X,4.5,0.35979794343066357,0,-10.0,-44.22076753128473,44.22076753128473,10.0,Bundesliga
2022,1,4.2,0.261173217645654,0,-10.0,-7.572462039980212,7.572462039980212,10.0,Bundesliga
2022,1,5.25,0.27049966888177,0,-10.0,-24.71313303701722,24.71313303701722,10.0,Bundesliga
2022,X,4.5,0.24767241005945198,0,-10.0,-8.180417519109568,8.180417519109568,10.0,Bundesliga
2022,2,3.6,0.3280526235429712,1,26.0,45.24736118867411,17.40283122641312,10.0,Bundesliga
2022,X,10.0,0.20063263212316884,0,-10.0,-27.953508923102458,27.953508923102458,10.0,Bundesliga
2022,X,4.2,0.26750803904698744,0,-10.0,-9.651075312292756,9.651075312292756,10.0,Bundesliga
2022,1,7.0,0.24857426591363044,1,60.0,185.00496534885326,30.83416089147554,10.0,Bundesliga
2022,X,5.75,0.3925100101572403,0,-10.0,-50.0,50.0,10.0,Bundesliga
2022,1,3.3,0.48088800913769353,0,-10.0,-50.0,50.0,10.0,Bundesliga
2022,1,3.1,0.4278700521508749,0,-10.0,-38.85680496044195,38.85680496044195,10.0,Bundesliga
2022,2,3.25,0.32623584310328835,0,-10.0,-6.696276676187453,6.696276676187453,10.0,Bundesliga
2022,1,4.0,0.3168893682651481,0,-10.0,-22.296456088382694,22.296456088382694,10.0,Bundesliga
2022,2,3.6,0.31038695005543265,0,-10.0,-11.287790403803621,11.287790403803621,10.0,Bundesliga
2022,2,3.25,0.39893222881094176,0,-10.0,-32.947749292840086,32.947749292840086,10.0,Bundesliga
2022,2,3.2,0.3629027626911916,0,-10.0,-18.328277342251493,18.328277342251493,10.0,Bundesliga
2022,1,7.0,0.24004950515600057,0,-10.0,-28.347772337166834,28.347772337166834,10.0,Bundesliga
2022,X,5.25,0.20502783374032008,0,-10.0,-4.493889831569437,4.493889831569437,10.0,Bundesliga
2022,X,4.2,0.25351939521179195,0,-10.0,-5.061051553869236,5.061051553869236,10.0,Bundesliga
2022,X,9.0,0.19161383027359372,0,-10.0,-22.64138976444823,22.64138976444823,10.0,Bundesliga
2022,X,5.0,0.2609269897036248,0,-10.0,-19.03968428238276,19.03968428238276,10.0,Bundesliga
2022,1,4.5,0.25120717815574883,0,-10.0,-9.316592978633551,9.316592978633551,10.0,Bundesliga
2022,1,3.3,0.3261509111526905,0,-10.0,-8.293261609117234,8.293261609117234,10.0,Bundesliga
2022,2,3.2,0.37260599414850626,0,-10.0,-21.856725144911362,21.856725144911362,10.0,Bundesliga
2022,2,3.3,0.3226083849471059,0,-10.0,-7.022572861461897,7.022572861461897,10.0,Bundesliga
2022,X,4.33,0.2593451017843671,1,33.3,30.741072681577386,9.231553357831046,10.0,Bundesliga
2022,X,5.0,0.226982145223794,0,-10.0,-8.43192038243562,8.43192038243562,10.0,Bundesliga
2022,X,4.0,0.30165156413516425,1,30.0,51.65156413516425,17.21718804505475,10.0,Bundesliga
2022,1,3.8,0.35851015891849164,0,-10.0,-32.35166106163108,32.35166106163108,10.0,Bundesliga
2022,2,3.0,0.4271065971974435,0,-10.0,-35.164973949041304,35.164973949041304,10.0,Bundesliga
2022,1,5.5,0.3161358957483719,0,-10.0,-41.041523700891425,41.041523700891425,10.0,Bundesliga
2022,1,6.5,0.16220933302227267,0,-10.0,-2.470939302035104,2.470939302035104,10.0,Bundesliga
2022,X,5.0,0.2268398043629387,0,-10.0,-8.387438863418348,8.387438863418348,10.0,Bundesliga
2022,X,4.0,0.2962263487449542,0,-10.0,-15.408782914984728,15.408782914984728,10.0,Bundesliga
2022,1,3.1,0.459293123115785,0,-10.0,-50.0,50.0,10.0,Bundesliga
2022,2,3.8,0.28545822425810935,0,-10.0,-7.566183230429957,7.566183230429957,10.0,Bundesliga
2022,2,3.2,0.3806048399285867,0,-10.0,-24.765396337667884,24.765396337667884,10.0,Bundesliga
2022,X,7.5,0.21502933846877328,1,65.0,153.1800096289499,23.566155327530755,10.0,Bundesliga
2022,X,6.5,0.2204648811737817,0,-10.0,-19.682805801344596,19.682805801344596,10.0,Bundesliga
2022,1,3.2,0.3897976458272974,0,-10.0,-28.108234846289985,28.108234846289985,10.0,Bundesliga
2022,1,3.0,0.37184653069696444,0,-10.0,-14.442449011361658,14.442449011361658,10.0,Bundesliga
2022,2,3.2,0.3309245303014581,1,22.0,14.739624241166482,6.6998292005302185,10.0,Bundesliga
2022,1,5.25,0.29362292127012074,1,42.5,135.38008416703346,31.854137451066695,10.0,Bundesliga
2022,X,4.5,0.3080518658668233,0,-10.0,-27.5880997429075,27.5880997429075,10.0,Bundesliga
2022,1,6.0,0.2120487513357038,0,-10.0,-13.614625400711144,13.614625400711144,10.0,Bundesliga
2022,X,5.25,0.34875762925226983,1,42.5,207.74438839360414,48.881032563200975,10.0,Bundesliga
2022,2,3.1,0.3682855726536875,0,-10.0,-16.867294669813244,16.867294669813244,10.0,Bundesliga
2022,X,4.0,0.3499726242164625,0,-10.0,-33.32420807215417,33.32420807215417,10.0,Bundesliga
2022,X,5.0,0.2571605641429802,0,-10.0,-17.862676294681314,17.862676294681314,10.0,Bundesliga
2022,X,4.5,0.2419871595519103,1,35.0,22.235554495899088,6.353015570256883,10.0,Bundesliga
2022,X,10.0,0.24703895602101458,0,-10.0,-40.84415445028183,40.84415445028183,10.0,Bundesliga
2022,2,3.1,0.3754704810828846,0,-10.0,-19.518868018683605,19.518868018683605,10.0,Bundesliga
2022,X,4.0,0.30728146574420795,0,-10.0,-19.093821914735983,19.093821914735983,10.0,Bundesliga
2022,X,4.0,0.3250000035936174,0,-10.0,-25.00000119787247,25.00000119787247,10.0,Bundesliga
2022,1,3.4,0.49954560695081535,1,24.0,120.0,50.0,10.0,Bundesliga
2022,1,4.0,0.3581196014375913,0,-10.0,-36.03986714586377,36.03986714586377,10.0,Bundesliga
2022,1,3.1,0.39802427984484146,1,21.0,58.46881687975214,27.842293752262922,10.0,Bundesliga
2022,1,8.5,0.2934984479417269,0,-10.0,-49.824560250155955,49.824560250155955,10.0,Bundesliga
2022,X,6.0,0.2408975389936376,0,-10.0,-22.26926169809128,22.26926169809128,10.0,Bundesliga
2022,X,5.25,0.23718099610244983,0,-10.0,-14.423542913991865,14.423542913991865,10.0,Bundesliga
2022,2,3.5,0.30300617879592084,0,-10.0,-6.052162578572284,6.052162578572284,10.0,Bundesliga
2022,2,3.3,0.3509116829144962,0,-10.0,-17.174842784547554,17.174842784547554,10.0,Bundesliga
2022,X,6.5,0.30503044994456635,0,-10.0,-44.668087483621875,44.668087483621875,10.0,Bundesliga
2022,X,10.0,0.21849971538948187,0,-10.0,-32.91658760818941,32.91658760818941,10.0,Bundesliga
2022,X,6.5,0.19922986737724124,0,-10.0,-13.408824452366725,13.408824452366725,10.0,Bundesliga
2022,2,3.4,0.39712981768528666,0,-10.0,-36.483477096872356,36.483477096872356,10.0,Bundesliga
2022,1,3.0,0.42345000503999675,0,-10.0,-33.79375188999878,33.79375188999878,10.0,Bundesliga
2022,2,3.1,0.41360593985850264,0,-10.0,-33.59266828111408,33.59266828111408,10.0,Bundesliga
2022,X,5.0,0.23862656863501863,0,-10.0,-12.070802698443323,12.070802698443323,10.0,Bundesliga
2022,1,7.0,0.17415866489372941,0,-10.0,-9.129610594004411,9.129610594004411,10.0,Bundesliga
2022,X,5.5,0.21636752231373024,0,-10.0,-10.556742929195359,10.556742929195359,10.0,Bundesliga
2022,X,5.25,0.2500066904973032,1,42.5,78.13378127771043,18.38441912416716,10.0,Bundesliga
2022,X,8.5,0.1849305591687649,1,75.0,142.97743823362543,19.06365843115006,10.0,Bundesliga
2022,X,4.75,0.25450973837577234,0,-10.0,-13.928083818994574,13.928083818994574,10.0,Bundesliga
2022,X,4.75,0.34260071445456103,1,37.5,156.8383484147912,41.823559577277656,10.0,Bundesliga
2022,X,5.25,0.30150446485264754,0,-10.0,-34.28814355743526,34.28814355743526,10.0,Bundesliga
2022,1,7.5,0.27809877863281013,0,-10.0,-41.75926306715678,41.75926306715678,10.0,Bundesliga
2022,X,6.0,0.26376639810144825,0,-10.0,-29.12991943043448,29.12991943043448,10.0,Bundesliga
2023,X,5.0,0.21299113576017223,0,-10.0,-4.059729925053823,4.059729925053823,10.0,Bundesliga
2023,X,4.33,0.25202651153591166,0,-10.0,-6.852462083370684,6.852462083370684,10.0,Bundesliga
2023,X,5.25,0.26582507250568504,0,-10.0,-23.269507685579207,23.269507685579207,10.0,Bundesliga
2023,1,7.0,0.16262643289202702,0,-10.0,-5.766042926841214,5.766042926841214,10.0,Bundesliga
2023,X,5.0,0.21406470981879214,1,40.0,17.580887273490163,4.395221818372541,10.0,Bundesliga
2023,1,4.0,0.503555412385931,0,-10.0,-50.0,50.0,10.0,Bundesliga
2023,1,3.0,0.41696796732379116,0,-10.0,-31.362987746421684,31.362987746421684,10.0,Bundesliga
2023,1,3.8,0.39252970140700083,0,-10.0,-43.894005834518126,43.894005834518126,10.0,Bundesliga
2023,X,12.0,0.21504146806545418,0,-10.0,-35.9204003814875,35.9204003814875,10.0,Bundesliga
2023,X,7.0,0.1643548246976689,1,60.0,37.62094322092058,6.270157203486763,10.0,Bundesliga
2023,1,8.5,0.27115557452749883,0,-10.0,-43.494079449458006,43.494079449458006,10.0,Bundesliga
2023,2,3.75,0.3217852838979201,0,-10.0,-18.790437692472754,18.790437692472754,10.0,Bundesliga
2023,X,7.0,0.18471227468877047,0,-10.0,-12.207746784224723,12.207746784224723,10.0,Bundesliga
2023,2,3.2,0.4982107067407456,0,-10.0,-50.0,50.0,10.0,Bundesliga
2023,X,4.5,0.28537666202783796,1,35.0,71.04874478131772,20.29964136609078,10.0,Bundesliga
2023,X,7.0,0.18260648565479043,0,-10.0,-11.593558315980543,11.593558315980543,10.0,Bundesliga
2023,1,3.1,0.3647038455406766,0,-10.0,-15.545466806678268,15.545466806678268,10.0,Bundesliga
2023,X,4.5,0.27257894417259704,0,-10.0,-16.18608919833477,16.18608919833477,10.0,Bundesliga
2023,2,3.4,0.31683516405829687,1,24.0,19.309889449552305,8.045787270646795,10.0,Bundesliga
2023,1,4.75,0.32724057924821265,0,-10.0,-36.959516761934005,36.959516761934005,10.0,Bundesliga
2023,X,10.0,0.1990542863899131,0,-10.0,-27.515079552753637,27.515079552753637,10.0,Bundesliga
2023,X,6.5,0.20397833194185963,0,-10.0,-14.81177989191307,14.81177989191307,10.0,Bundesliga
2023,X,4.0,0.26709472378817684,0,-10.0,-5.698241262725611,5.698241262725611,10.0,Bundesliga
2023,X,4.2,0.2991970735411476,1,32.0,64.15692721820498,20.04903975568906,10.0,Bundesliga
2023,1,5.75,0.29083855449369794,0,-10.0,-35.38535201782964,35.38535201782964,10.0,Bundesliga
2023,1,3.0,0.3774611363214781,1,20.0,33.09585224110856,16.54792612055428,10.0,Bundesliga
2023,2,3.5,0.3069880474422338,0,-10.0,-7.44581660478183,7.44581660478183,10.0,Bundesliga
2023,X,6.0,0.19345979681951087,1,50.0,40.189695229266306,8.03793904585326,10.0,Bundesliga
2023,2,3.75,0.3339549574228248,0,-10.0,-22.939190030508463,22.939190030508463,10.0,Bundesliga
2023,X,8.5,0.21125522019911924,0,-10.0,-26.522312389750454,26.522312389750454,10.0,Bundesliga
2023,X,6.5,0.2423562640625111,0,-10.0,-26.150714382105548,26.150714382105548,10.0,Bundesliga
2023,1,6.5,0.31005830784124494,0,-10.0,-46.1535909530951,46.1535909530951,10.0,Bundesliga
2023,X,4.75,0.22725886714090515,0,-10.0,-5.29864126128663,5.29864126128663,10.0,Bundesliga
2023,1,4.33,0.4304695003168358,0,-10.0,-50.0,50.0,10.0,Bundesliga
2023,1,9.0,0.2430850337266245,0,-10.0,-37.11766573561314,37.11766573561314,10.0,Bundesliga
2023,X,12.0,0.23158356209162326,0,-10.0,-40.43188057044271,40.43188057044271,10.0,Bundesliga
2023,X,4.0,0.31760258430695526,0,-10.0,-22.53419476898509,22.53419476898509,10.0,Bundesliga
2023,2,3.8,0.3544425843196535,1,28.0,86.72045510367077,30.971591108453847,10.0,Bundesliga
2023,X,5.5,0.2623893137743988,0,-10.0,-24.61895698662185,24.61895698662185,10.0,Bundesliga
2023,1,4.0,0.29390473701160524,0,-10.0,-14.634912337201747,14.634912337201747,10.0,Bundesliga
2023,X,4.33,0.25326048297571346,0,-10.0,-7.253595441804746,7.253595441804746,10.0,Bundesliga
2023,1,5.75,0.27856036406814516,1,47.5,150.43052334795863,31.669583862728132,10.0,Bundesliga
2023,1,5.0,0.44608204448109107,0,-10.0,-50.0,50.0,10.0,Bundesliga
2023,X,4.5,0.2564610966297825,0,-10.0,-11.005352488144382,11.005352488144382,10.0,Bundesliga
2023,2,3.2,0.372180455514539,0,-10.0,-21.701983823468733,21.701983823468733,10.0,Bundesliga
2023,1,4.5,0.4715674739685514,1,35.0,175.0,50.0,10.0,Bundesliga
2023,X,4.33,0.2747412124016844,1,33.3,47.407362424823404,14.236445172619641,10.0,Bundesliga
2023,X,17.0,0.22789023597798339,0,-10.0,-44.908343931651835,44.908343931651835,10.0,Bundesliga
2023,1,3.1,0.37612794710065406,0,-10.0,-19.76150428714613,19.76150428714613,10.0,Bundesliga
2023,X,6.0,0.20205343854145594,0,-10.0,-10.61603156243678,10.61603156243678,10.0,Bundesliga
2023,X,5.0,0.21361443376196557,0,-10.0,-4.2545105506142376,4.2545105506142376,10.0,Bundesliga
2023,1,9.0,0.18615004132448673,0,-10.0,-21.104699122511896,21.104699122511896,10.0,Bundesliga
2023,2,3.8,0.32820996084058424,0,-10.0,-22.071236713769654,22.071236713769654,10.0,Bundesliga
2023,X,5.5,0.23324918373345913,0,-10.0,-15.715028363001402,15.715028363001402,10.0,Bundesliga
2023,1,6.5,0.32637631786544463,0,-10.0,-50.0,50.0,10.0,Bundesliga
2023,X,5.0,0.22590729480156038,0,-10.0,-8.096029625487624,8.096029625487624,10.0,Bundesliga
2023,X,4.33,0.28379590481438416,1,33.3,57.209066961570855,17.179899988459717,10.0,Bundesliga
2023,X,4.0,0.27821611877889646,0,-10.0,-9.405372926298819,9.405372926298819,10.0,Bundesliga
2023,X,7.0,0.19430744811781234,0,-10.0,-15.006339034361929,15.006339034361929,10.0,Bundesliga
2023,X,5.25,0.2629386870802847,0,-10.0,-22.3781239512644,22.3781239512644,10.0,Bundesliga
2023,2,3.1,0.44107716558878435,1,21.0,91.8348033313079,43.73085872919423,10.0,Bundesliga
2023,X,4.5,0.27017900723354404,1,35.0,53.95138313773706,15.414680896496304,10.0,Bundesliga
2023,1,9.0,0.2810197614676981,1,80.0,382.29446330232065,47.78680791279008,10.0,Bundesliga
2023,2,3.4,0.34146834903571105,0,-10.0,-16.770040283481,16.770040283481,10.0,Bundesliga
2023,2,3.3,0.3504100956332136,0,-10.0,-16.994925607565744,16.994925607565744,10.0,Bundesliga
2023,X,4.2,0.2710264389792259,0,-10.0,-10.805550290058502,10.805550290058502,10.0,Bundesliga
2023,X,5.0,0.23565549688520449,0,-10.0,-11.142342776626402,11.142342776626402,10.0,Bundesliga
2023,1,5.0,0.23502347442423724,0,-10.0,-10.944835757574142,10.944835757574142,10.0,Bundesliga
2023,X,5.0,0.3234875887328024,1,40.0,154.35948591600302,38.589871479000756,10.0,Bundesliga
2023,X,4.0,0.2851288153064215,0,-10.0,-11.709605102140493,11.709605102140493,10.0,Bundesliga
2023,2,3.8,0.3320530943720075,0,-10.0,-23.37515701907396,23.37515701907396,10.0,Bundesliga
2023,2,3.8,0.28215103167848543,0,-10.0,-6.444100033771836,6.444100033771836,10.0,Bundesliga
2023,1,6.5,0.2684095388093442,0,-10.0,-33.848272830033515,33.848272830033515,10.0,Bundesliga
2023,X,8.0,0.20880563871997534,0,-10.0,-23.944468205707242,23.944468205707242,10.0,Bundesliga
2023,X,5.25,0.2491066505471391,0,-10.0,-18.106465610145897,18.106465610145897,10.0,Bundesliga
2023,X,9.0,0.194005114776963,0,-10.0,-23.313938531020845,23.313938531020845,10.0,Bundesliga
2023,1,5.25,0.25771660202764035,0,-10.0,-20.76542121441834,20.76542121441834,10.0,Bundesliga
2023,2,3.4,0.3141131110647057,0,-10.0,-7.0817268354165845,7.0817268354165845,10.0,Bundesliga
2023,2,3.25,0.44241495987120566,0,-10.0,-48.649846620157604,48.649846620157604,10.0,Bundesliga
2023,X,4.5,0.31774426112840143,0,-10.0,-30.7035125055576,30.7035125055576,10.0,Bundesliga
2023,1,5.25,0.21194013976994494,0,-10.0,-6.628572576012407,6.628572576012407,10.0,Bundesliga
2023,2,3.1,0.374276134178553,0,-10.0,-19.078097137323123,19.078097137323123,10.0,Bundesliga
2023,1,3.5,0.4666368456672365,1,25.0,125.0,50.0,10.0,Bundesliga
2023,2,3.4,0.33772836745575424,0,-10.0,-15.445463473912948,15.445463473912948,10.0,Bundesliga
2023,1,4.5,0.26764011584626274,0,-10.0,-14.598608664870172,14.598608664870172,10.0,Bundesliga
2023,1,3.6,0.32375520917022144,1,26.0,41.37968825319932,15.915264712768968,10.0,Bundesliga
2023,X,11.0,0.26792973327100555,0,-10.0,-48.68067664952654,48.68067664952654,10.0,Bundesliga
2023,X,7.0,0.21709259095101965,0,-10.0,-21.652005694047393,21.652005694047393,10.0,Bundesliga
2023,1,8.5,0.21229682594086205,0,-10.0,-26.817434016577582,26.817434016577582,10.0,Bundesliga
2023,X,4.5,0.2409600716505922,1,35.0,21.08008060691624,6.02288017340464,10.0,Bundesliga
2023,X,5.5,0.23238490991610739,1,45.0,69.52925113464764,15.450944696588365,10.0,Bundesliga
2023,X,4.5,0.25519824593043644,1,35.0,37.098026671741,10.599436191926001,10.0,Bundesliga
2023,1,9.5,0.14360678260514312,0,-10.0,-10.713659845554698,10.713659845554698,10.0,Bundesliga
2023,X,6.5,0.17894206913915597,0,-10.0,-7.414702245659715,7.414702245659715,10.0,Bundesliga
2023,2,3.5,0.3264887542164556,1,25.0,35.677659939398644,14.271063975759457,10.0,Bundesliga
2023,1,3.1,0.3946580743491168,0,-10.0,-26.60000362884073,26.60000362884073,10.0,Bundesliga
2023,1,3.25,0.42712003228196255,1,22.5,97.03502622909454,43.12667832404202,10.0,Bundesliga
2023,2,3.4,0.32184542466701,0,-10.0,-9.820254569566044,9.820254569566044,10.0,Bundesliga
2023,X,9.5,0.21908273963978175,0,-10.0,-31.802530193468424,31.802530193468424,10.0,Bundesliga
2023,X,5.0,0.2504200905403539,0,-10.0,-15.756278293860602,15.756278293860602,10.0,Bundesliga
2023,2,3.5,0.37948825166264327,0,-10.0,-32.82088808192514,32.82088808192514,10.0,Bundesliga
2023,1,4.0,0.32713987927179017,0,-10.0,-25.71329309059672,25.71329309059672,10.0,Bundesliga
2023,X,4.5,0.26165812645016673,1,35.0,44.365392256437545,12.675826358982155,10.0,Bundesliga
2023,2,3.2,0.33235992141025905,0,-10.0,-7.221789603730564,7.221789603730564,10.0,Bundesliga
2023,X,4.5,0.27544018460081615,0,-10.0,-17.105773621690904,17.105773621690904,10.0,Bundesliga
2023,1,6.5,0.3479543354038102,0,-10.0,-50.0,50.0,10.0,Bundesliga
2023,X,4.75,0.226317473367853,0,-10.0,-5.000533233153452,5.000533233153452,10.0,Bundesliga
2023,X,5.5,0.19204682213471228,0,-10.0,-3.125417874495421,3.125417874495421,10.0,Bundesliga
2023,2,3.6,0.4384960185000471,1,26.0,130.0,50.0,10.0,Bundesliga
2023,2,3.8,0.30774432672774543,0,-10.0,-15.127539425485052,15.127539425485052,10.0,Bundesliga
2023,1,8.0,0.2507526646037957,0,-10.0,-35.92933274394162,35.92933274394162,10.0,Bundesliga
2023,X,5.75,0.20806987921767806,0,-10.0,-10.336937131665724,10.336937131665724,10.0,Bundesliga
2023,1,8.0,0.19123637358453519,1,70.0,132.47274716907035,18.92467816701005,10.0,Bundesliga
2023,X,6.5,0.20629639058701577,0,-10.0,-15.496660855254657,15.496660855254657,10.0,Bundesliga
2023,X,5.25,0.2508774679153152,1,42.5,79.27667663885119,18.65333567972969,10.0,Bundesliga
2023,2,3.5,0.3614795394500668,0,-10.0,-26.51783880752336,26.51783880752336,10.0,Bundesliga
2023,2,3.75,0.28180578172215803,0,-10.0,-5.161061950735684,5.161061950735684,10.0,Bundesliga
2023,X,4.2,0.2747748608504723,1,32.0,38.51360389299597,12.035501216561238,10.0,Bundesliga
2023,2,3.1,0.41473885426360463,0,-10.0,-34.010767644901726,34.010767644901726,10.0,Bundesliga
2023,1,5.75,0.18312555577838088,0,-10.0,-2.7879971434573725,2.7879971434573725,10.0,Bundesliga
2023,2,3.75,0.3052195624996039,0,-10.0,-13.143032670319526,13.143032670319526,10.0,Bundesliga
2023,1,5.0,0.3032769632990892,0,-10.0,-32.27405103096538,32.27405103096538,10.0,Bundesliga
2023,X,4.2,0.2712368917497375,0,-10.0,-10.874605105382612,10.874605105382612,10.0,Bundesliga
2023,1,3.4,0.418120988982835,0,-10.0,-43.91785026475405,43.91785026475405,10.0,Bundesliga
2023,1,3.3,0.4246894101821373,0,-10.0,-43.63859278272315,43.63859278272315,10.0,Bundesliga
2023,1,9.0,0.266391970839617,0,-10.0,-43.67274179864229,43.67274179864229,10.0,Bundesliga
2023,X,4.5,0.2599323795499899,0,-10.0,-12.121121998211027,12.121121998211027,10.0,Bundesliga
2023,2,3.5,0.3802565585899635,0,-10.0,-33.089795506487235,33.089795506487235,10.0,Bundesliga
2023,X,8.5,0.22750328077519577,0,-10.0,-31.12592955297213,31.12592955297213,10.0,Bundesliga
2023,X,7.0,0.16983322631525463,0,-10.0,-7.868024341949267,7.868024341949267,10.0,Bundesliga
2023,X,4.33,0.2866301380268823,0,-10.0,-18.101238562792826,18.101238562792826,10.0,Bundesliga
2023,2,3.0,0.42147178158322,1,20.0,66.103836187415,33.0519180937075,10.0,Bundesliga
2023,X,4.0,0.2633138999369453,0,-10.0,-4.437966645648439,4.437966645648439,10.0,Bundesliga
2023,X,5.75,0.22303086385198503,0,-10.0,-14.864603534153368,14.864603534153368,10.0,Bundesliga
2023,1,3.8,0.43080740597088746,0,-10.0,-50.0,50.0,10.0,Bundesliga
2023,2,3.5,0.37539600472798335,1,25.0,78.47150413698544,31.38860165479418,10.0,Bundesliga
2023,1,17.0,0.12550044429847454,0,-10.0,-17.711055516782302,17.711055516782302,10.0,Bundesliga
2023,X,8.0,0.13863864747425828,0,-10.0,-3.89675642121665,3.89675642121665,10.0,Bundesliga
2023,1,6.0,0.341803057192775,0,-10.0,-50.0,50.0,10.0,Bundesliga
2023,X,7.5,0.2232910596205181,0,-10.0,-25.9493441213033,25.9493441213033,10.0,Bundesliga
2023,X,5.25,0.20462228032612495,1,42.5,18.566742928039005,4.368645394832707,10.0,Bundesliga
2023,X,5.75,0.24572888221241432,0,-10.0,-21.733740669546435,21.733740669546435,10.0,Bundesliga
2023,X,4.0,0.2775057713985954,1,30.0,27.505771398595392,9.168590466198465,10.0,Bundesliga
2023,X,6.0,0.23123961386604194,1,50.0,96.85942079906289,19.371884159812577,10.0,Bundesliga
2023,X,5.0,0.28934611180578357,0,-10.0,-27.92065993930737,27.92065993930737,10.0,Bundesliga
2023,1,5.75,0.33969327402504623,0,-10.0,-50.0,50.0,10.0,Bundesliga
2023,2,3.1,0.3788899994319696,0,-10.0,-20.780833123703072,20.780833123703072,10.0,Bundesliga
2023,X,6.0,0.1762441594555836,0,-10.0,-2.8732478366750858,2.8732478366750858,10.0,Bundesliga
2023,1,4.75,0.39256600478320447,0,-10.0,-50.0,50.0,10.0,Bundesliga
2023,X,4.0,0.30071925804989447,0,-10.0,-16.906419349964825,16.906419349964825,10.0,Bundesliga
2023,X,4.0,0.27530241547679907,0,-10.0,-8.434138492266355,8.434138492266355,10.0,Bundesliga
2023,2,3.8,0.327402589319407,1,28.0,61.03245985343664,21.797307090513087,10.0,Bundesliga
2023,2,3.4,0.354023309963124,0,-10.0,-21.216588945273074,21.216588945273074,10.0,Bundesliga
2023,X,4.5,0.36668851341532127,0,-10.0,-46.43559359778183,46.43559359778183,10.0,Bundesliga
2023,X,7.5,0.16752458565677464,0,-10.0,-9.862861247146526,9.862861247146526,10.0,Bundesliga
2023,2,3.4,0.416663673790904,0,-10.0,-43.401717800945164,43.401717800945164,10.0,Bundesliga
2023,1,4.0,0.3389978232171,0,-10.0,-29.66594107236666,29.66594107236666,10.0,Bundesliga
2023,X,7.0,0.22343646081055368,0,-10.0,-23.502301069744824,23.502301069744824,10.0,Bundesliga
2023,2,3.1,0.3937911324419378,0,-10.0,-26.280060782143714,26.280060782143714,10.0,Bundesliga
2023,1,5.75,0.2275359726825512,0,-10.0,-16.227991732877342,16.227991732877342,10.0,Bundesliga
2023,X,5.25,0.22812088795967833,0,-10.0,-11.62556834048889,11.62556834048889,10.0,Bundesliga
2023,X,4.75,0.24177431205961755,0,-10.0,-9.895198818878887,9.895198818878887,10.0,Bundesliga
2023,1,4.75,0.4617391844671319,1,37.5,187.5,50.0,10.0,Bundesliga
2023,X,4.0,0.2722077172367503,0,-10.0,-7.402572412250101,7.402572412250101,10.0,Bundesliga
2023,X,5.25,0.2032801713585145,0,-10.0,-3.954170566600072,3.954170566600072,10.0,Bundesliga
2023,1,3.3,0.43495732303397183,0,-10.0,-47.32164847957685,47.32164847957685,10.0,Bundesliga
2023,1,5.25,0.2175567020694269,0,-10.0,-8.363099168499481,8.363099168499481,10.0,Bundesliga
2023,2,3.1,0.42872235888302423,0,-10.0,-39.1713467306399,39.1713467306399,10.0,Bundesliga
2023,X,5.0,0.24435428231850898,0,-10.0,-13.860713224534054,13.860713224534054,10.0,Bundesliga
2023,1,3.2,0.4400376901647061,0,-10.0,-46.37734187807496,46.37734187807496,10.0,Bundesliga
2023,1,3.0,0.5006214475176555,0,-10.0,-50.0,50.0,10.0,Bundesliga
2023,1,4.0,0.39141327105675955,0,-10.0,-47.13775701891985,47.13775701891985,10.0,Bundesliga
2023,X,6.5,0.19600557732278726,1,55.0,68.50906314952931,12.456193299914421,10.0,Bundesliga
2023,2,3.1,0.48616387919686316,0,-10.0,-50.0,50.0,10.0,Bundesliga
2023,X,6.0,0.17855427412731326,0,-10.0,-3.566282238193974,3.566282238193974,10.0,Bundesliga
2023,1,4.75,0.28076056231088503,0,-10.0,-22.240844731780268,22.240844731780268,10.0,Bundesliga
2023,X,4.5,0.2681599904252896,0,-10.0,-14.765711208128797,14.765711208128797,10.0,Bundesliga
2023,X,6.0,0.23063673433686027,0,-10.0,-19.19102030105808,19.19102030105808,10.0,Bundesliga
2023,2,3.5,0.4216660010616837,0,-10.0,-47.5831003715893,47.5831003715893,10.0,Bundesliga
2023,X,6.25,0.2965035868742773,0,-10.0,-40.62606752210634,40.62606752210634,10.0,Bundesliga
2023,X,8.5,0.2559429051840811,0,-10.0,-39.18382313548963,39.18382313548963,10.0,Bundesliga
2023,1,3.2,0.43141211364291854,0,-10.0,-43.24076859742494,43.24076859742494,10.0,Bundesliga
2024,X,7.0,0.2732801543370738,0,-10.0,-38.04004501497987,38.04004501497987,10.0,Bundesliga
2024,2,3.1,0.45992055079199307,0,-10.0,-50.0,50.0,10.0,Bundesliga
2024,1,3.5,0.480987554414102,1,25.0,125.0,50.0,10.0,Bundesliga
2024,X,4.5,0.30888110104779787,0,-10.0,-27.85463962250647,27.85463962250647,10.0,Bundesliga
2024,1,6.25,0.3453097621308989,0,-10.0,-50.0,50.0,10.0,Bundesliga
2024,X,4.2,0.31068594124145366,0,-10.0,-23.81882446985199,23.81882446985199,10.0,Bundesliga
2024,2,3.9,0.3524136972009518,0,-10.0,-32.27701888652688,32.27701888652688,10.0,Bundesliga
2024,X,4.33,0.2561291989797547,1,33.3,27.259857895584492,8.186143512187535,10.0,Bundesliga
2024,1,3.2,0.4079972841064415,0,-10.0,-34.72628512961509,34.72628512961509,10.0,Bundesliga
2024,1,4.1,0.3482909904102837,0,-10.0,-34.51556940985187,34.51556940985187,10.0,Bundesliga
2024,X,4.0,0.26377903603281133,1,30.0,13.779036032811332,4.593012010937111,10.0,Bundesliga
2024,X,8.0,0.14144494750161385,0,-10.0,-4.698556429032529,4.698556429032529,10.0,Bundesliga
2024,1,11.0,0.3474507008380663,0,-10.0,-50.0,50.0,10.0,Bundesliga
2024,X,7.0,0.1696771595927479,0,-10.0,-7.822504881218134,7.822504881218134,10.0,Bundesliga
2024,1,5.75,0.21687342953466457,0,-10.0,-13.001169464437963,13.001169464437963,10.0,Bundesliga
2024,2,3.7,0.3664885501970008,0,-10.0,-32.96366997489841,32.96366997489841,10.0,Bundesliga
2024,1,8.0,0.37077428639723625,0,-10.0,-50.0,50.0,10.0,Bundesliga
2024,X,4.0,0.2929974084002781,0,-10.0,-14.332469466759367,14.332469466759367,10.0,Bundesliga
2024,X,5.75,0.24212490550160135,0,-10.0,-20.643063507063566,20.643063507063566,10.0,Bundesliga
2024,1,5.75,0.23601464241095627,0,-10.0,-18.793904940157816,18.793904940157816,10.0,Bundesliga
2024,1,3.2,0.3449059270033949,0,-10.0,-11.783973455779957,11.783973455779957,10.0,Bundesliga
2024,X,5.25,0.2646497184000935,0,-10.0,-22.90653068238182,22.90653068238182,10.0,Bundesliga
2024,2,3.4,0.4241447293892027,0,-10.0,-46.05125832534263,46.05125832534263,10.0,Bundesliga
2024,X,4.0,0.3573922434324315,0,-10.0,-35.79741447747716,35.79741447747716,10.0,Bundesliga
2024,1,4.2,0.4550014976674155,0,-10.0,-50.0,50.0,10.0,Bundesliga
2024,1,3.3,0.3520743648900983,1,23.0,40.46135103433107,17.591891754056988,10.0,Bundesliga
2024,X,11.0,0.12982679052887156,1,100.0,107.02367395439677,10.702367395439676,10.0,Bundesliga
2024,1,3.0,0.4191221787085159,0,-10.0,-32.170817015693466,32.170817015693466,10.0,Bundesliga
2024,1,4.5,0.24118475853189072,0,-10.0,-6.095100956679168,6.095100956679168,10.0,Bundesliga
2024,X,4.33,0.2917434992613759,0,-10.0,-19.763464849981798,19.763464849981798,10.0,Bundesliga
2024,1,5.5,0.2392935125220241,0,-10.0,-17.56190660395181,17.56190660395181,10.0,Bundesliga
2024,X,4.5,0.3006480782415948,1,35.0,88.22908802179414,25.208310863369753,10.0,Bundesliga
2024,X,6.0,0.23707581767159436,1,50.0,105.61372650739153,21.122745301478307,10.0,Bundesliga
2024,X,4.5,0.30390467699699886,0,-10.0,-26.255074749035355,26.255074749035355,10.0,Bundesliga
2024,2,3.3,0.3815597151018378,1,23.0,64.78676495901614,28.16815867783311,10.0,Bundesliga
2024,1,3.5,0.4815059818449754,0,-10.0,-50.0,50.0,10.0,Bundesliga
2024,X,7.5,0.2471604136946909,0,-10.0,-32.83473471962238,32.83473471962238,10.0,Bundesliga
2024,1,5.25,0.2565392412521728,0,-10.0,-20.401824504347488,20.401824504347488,10.0,Bundesliga
2024,1,12.0,0.14428058883955996,0,-10.0,-16.621978774425447,16.621978774425447,10.0,Bundesliga
2024,X,9.5,0.13801364863007867,0,-10.0,-9.150872411345508,9.150872411345508,10.0,Bundesliga
2024,2,3.1,0.36016450462878885,0,-10.0,-13.870233851100659,13.870233851100659,10.0,Bundesliga
2024,X,4.75,0.23654078155371017,1,37.5,30.89217809503081,8.237914158674883,10.0,Bundesliga
2024,2,3.5,0.30773233129850236,0,-10.0,-7.7063159544758175,7.7063159544758175,10.0,Bundesliga
2024,X,5.75,0.24357320741202884,0,-10.0,-21.081365401008725,21.081365401008725,10.0,Bundesliga
2024,X,7.5,0.202077084993731,0,-10.0,-19.829928363576247,19.829928363576247,10.0,Bundesliga
2024,2,3.2,0.40621925750146787,0,-10.0,-34.07973000053377,34.07973000053377,10.0,Bundesliga
2024,X,4.33,0.2655471841181662,0,-10.0,-11.247695738112581,11.247695738112581,10.0,Bundesliga
2024,1,9.5,0.19553786003633633,0,-10.0,-25.22381383368221,25.22381383368221,10.0,Bundesliga
2024,1,3.5,0.40490761069261233,1,25.0,104.2941593560358,41.717663742414324,10.0,Bundesliga
2024,2,3.25,0.3533856789230709,0,-10.0,-16.50038405555337,16.50038405555337,10.0,Bundesliga
2024,X,4.0,0.26363989520877545,0,-10.0,-4.546631736258485,4.546631736258485,10.0,Bundesliga
2024,X,10.0,0.21427697508405252,0,-10.0,-31.74360419001459,31.74360419001459,10.0,Bundesliga
2024,X,4.1,0.26011354629012423,0,-10.0,-5.360124176573333,5.360124176573333,10.0,Bundesliga
2024,2,3.2,0.3607669838215756,0,-10.0,-17.551630480572967,17.551630480572967,10.0,Bundesliga
2024,X,6.0,0.24346195617910515,0,-10.0,-23.038586853731548,23.038586853731548,10.0,Bundesliga
2024,1,3.1,0.46673208924829196,0,-10.0,-50.0,50.0,10.0,Bundesliga
2024,1,4.75,0.44668696585823703,0,-10.0,-50.0,50.0,10.0,Bundesliga
2024,1,3.0,0.4325649723588684,0,-10.0,-37.211864634575655,37.211864634575655,10.0,Bundesliga
2024,1,4.75,0.4022372615610988,0,-10.0,-50.0,50.0,10.0,Bundesliga
2024,2,3.6,0.31475663683117727,0,-10.0,-12.800374287715215,12.800374287715215,10.0,Bundesliga
2024,1,3.7,0.3419223489522294,0,-10.0,-24.547471400300818,24.547471400300818,10.0,Bundesliga
2024,X,11.0,0.16512504513650128,0,-10.0,-20.40938741253785,20.40938741253785,10.0,Bundesliga
2024,1,3.2,0.3899858594949665,0,-10.0,-28.17667617998782,28.17667617998782,10.0,Bundesliga
2024,X,4.1,0.33756600164937645,1,30.999999999999996,96.0051516906108,30.969403771164778,10.0,Bundesliga
2024,1,5.75,0.3623762132208093,0,-10.0,-50.0,50.0,10.0,Bundesliga
2024,X,6.5,0.25187425447463463,0,-10.0,-28.962847912960232,28.962847912960232,10.0,Bundesliga
2024,1,3.2,0.3638377896583931,0,-10.0,-18.668287148506582,18.668287148506582,10.0,Bundesliga
2024,2,3.5,0.3826508550443506,0,-10.0,-33.927799265522694,33.927799265522694,10.0,Bundesliga
2024,1,6.5,0.29912692245285105,1,55.0,236.08124898588295,42.92386345197872,10.0,Bundesliga
2024,X,4.75,0.23765965794988975,0,-10.0,-8.592225017465083,8.592225017465083,10.0,Bundesliga
2024,1,4.0,0.42392219062016406,0,-10.0,-50.0,50.0,10.0,Bundesliga
2024,X,7.5,0.22562960764673515,0,-10.0,-26.62392528271206,26.62392528271206,10.0,Bundesliga
2024,X,4.75,0.28294686819251896,0,-10.0,-22.933174927631008,22.933174927631008,10.0,Bundesliga
2024,1,3.0,0.36843058049697025,1,20.0,26.322935372727674,13.161467686363837,10.0,Bundesliga
2024,X,5.0,0.2981963354244399,0,-10.0,-30.68635482013747,30.68635482013747,10.0,Bundesliga
2024,X,4.0,0.26312335817281357,0,-10.0,-4.37445272427119,4.37445272427119,10.0,Bundesliga
2024,1,3.1,0.35960339690306203,0,-10.0,-13.663158380891948,13.663158380891948,10.0,Bundesliga
2024,X,4.75,0.28331485170298715,0,-10.0,-23.04970303927926,23.04970303927926,10.0,Bundesliga
2024,1,3.1,0.5160356717016558,1,21.0,105.0,50.0,10.0,Bundesliga
2024,X,4.33,0.3381498686040822,0,-10.0,-34.84901884802372,34.84901884802372,10.0,Bundesliga
2024,1,7.0,0.3007612264261694,0,-10.0,-46.05535770763275,46.05535770763275,10.0,Bundesliga
2024,X,5.0,0.2841917161323196,0,-10.0,-26.309911291349867,26.309911291349867,10.0,Bundesliga
2024,1,3.6,0.3757644154628584,0,-10.0,-33.91845150637406,33.91845150637406,10.0,Bundesliga
2024,X,5.25,0.28293670388655423,0,-10.0,-28.55398208261233,28.55398208261233,10.0,Bundesliga
2024,2,3.75,0.30984417114728074,0,-10.0,-14.719603800209352,14.719603800209352,10.0,Bundesliga
2024,X,4.2,0.3587435214094233,1,32.0,126.68069747989446,39.58771796246702,10.0,Bundesliga
2024,X,9.0,0.14546488139605937,0,-10.0,-9.661997892641695,9.661997892641695,10.0,Bundesliga
2024,2,3.4,0.3445759913508893,0,-10.0,-17.870663603439947,17.870663603439947,10.0,Bundesliga
2024,X,7.5,0.1861546355172934,0,-10.0,-15.236914091526943,15.236914091526943,10.0,Bundesliga
2024,1,3.0,0.4469771482833403,0,-10.0,-42.616430606252614,42.616430606252614,10.0,Bundesliga
2024,X,5.75,0.2901655062524832,0,-10.0,-35.18166636588308,35.18166636588308,10.0,Bundesliga
2024,X,4.5,0.25015400794538895,0,-10.0,-8.978073982446448,8.978073982446448,10.0,Bundesliga
2024,X,5.0,0.30574821204512304,1,40.0,132.18526505640384,33.04631626410096,10.0,Bundesliga
2024,1,7.5,0.28775959684874497,0,-10.0,-44.546037552522584,44.546037552522584,10.0,Bundesliga
2024,1,3.7,0.34843121433838425,0,-10.0,-26.77736046777979,26.77736046777979,10.0,Bundesliga
2024,2,3.0,0.4135859357222944,0,-10.0,-30.094725895860403,30.094725895860403,10.0,Bundesliga
2024,2,3.1,0.35018093738110495,0,-10.0,-10.185822128741105,10.185822128741105,10.0,Bundesliga
2024,X,4.5,0.29599124699824664,0,-10.0,-23.71147224943642,23.71147224943642,10.0,Bundesliga
2024,1,4.33,0.2850341266231229,0,-10.0,-17.58241503589506,17.58241503589506,10.0,Bundesliga
2024,X,17.0,0.2725806879828864,0,-10.0,-50.0,50.0,10.0,Bundesliga
2024,X,7.0,0.26011847402645133,0,-10.0,-34.2012215910483,34.2012215910483,10.0,Bundesliga
2024,X,11.0,0.21069520278995513,0,-10.0,-32.94118076723766,32.94118076723766,10.0,Bundesliga
2024,2,3.9,0.30770573003165286,1,29.0,50.01308678086153,17.245891993400527,10.0,Bundesliga
2024,2,3.0,0.3565591695076864,0,-10.0,-8.7096885653824,8.7096885653824,10.0,Bundesliga
2024,2,3.1,0.3480845478130445,1,21.0,19.76552455510949,9.412154550052138,10.0,Bundesliga
2024,X,5.75,0.32085113467101395,0,-10.0,-44.46810654517528,44.46810654517528,10.0,Bundesliga
2024,1,3.6,0.49989699343309973,0,-10.0,-50.0,50.0,10.0,Bundesliga
2024,X,4.5,0.29285991354241847,0,-10.0,-22.704972210063087,22.704972210063087,10.0,Bundesliga
2024,1,11.0,0.21768952172911518,0,-10.0,-34.86461847550667,34.86461847550667,10.0,Bundesliga
2024,1,3.5,0.35735226373585144,0,-10.0,-25.073292307548,25.073292307548,10.0,Bundesliga
2024,X,6.5,0.3639087660333318,0,-10.0,-50.0,50.0,10.0,Bundesliga
2024,1,4.75,0.4225864672522315,0,-10.0,-50.0,50.0,10.0,Bundesliga
2024,1,4.75,0.37809600081929085,0,-10.0,-50.0,50.0,10.0,Bundesliga
2024,1,3.1,0.3837916117779987,0,-10.0,-22.589761489499526,22.589761489499526,10.0,Bundesliga
2024,X,4.33,0.29049612547424897,0,-10.0,-19.357974722484833,19.357974722484833,10.0,Bundesliga
2024,X,9.5,0.19235559877813505,0,-10.0,-24.334652599773026,24.334652599773026,10.0,Bundesliga
2024,1,5.75,0.38222935920969664,0,-10.0,-50.0,50.0,10.0,Bundesliga
2024,X,4.33,0.24990342009859542,1,33.3,20.52045225672955,6.162297974993858,10.0,Bundesliga
2024,X,5.75,0.23542037314762687,0,-10.0,-18.614060294676552,18.614060294676552,10.0,Bundesliga
2024,X,4.0,0.3097549801796252,0,-10.0,-19.91832672654174,19.91832672654174,10.0,Bundesliga
2024,X,4.0,0.2936538450375356,1,30.0,43.65384503753561,14.551281679178537,10.0,Bundesliga
2024,2,3.3,0.3768023776435953,0,-10.0,-26.46172241563745,26.46172241563745,10.0,Bundesliga
2024,1,8.5,0.20637007320735126,0,-10.0,-25.138187408749527,25.138187408749527,10.0,Bundesliga
2024,1,3.1,0.40347732223342664,0,-10.0,-29.854726062336024,29.854726062336024,10.0,Bundesliga
2024,2,3.75,0.44271538942599564,0,-10.0,-50.0,50.0,10.0,Bundesliga
2024,1,3.1,0.42228844286475137,0,-10.0,-36.79692534294396,36.79692534294396,10.0,Bundesliga
2024,X,6.5,0.2387656578015688,0,-10.0,-25.0898534413726,25.0898534413726,10.0,Bundesliga
2024,X,8.0,0.13986600999347168,0,-10.0,-4.247431426706195,4.247431426706195,10.0,Bundesliga
2024,1,3.2,0.4948581839788336,0,-10.0,-50.0,50.0,10.0,Bundesliga
2024,1,7.5,0.3768574675195972,0,-10.0,-50.0,50.0,10.0,Bundesliga
2024,X,4.75,0.22134633794016678,0,-10.0,-3.4263403477194774,3.4263403477194774,10.0,Bundesliga
2024,1,3.1,0.38858739113409885,0,-10.0,-24.359632442345994,24.359632442345994,10.0,Bundesliga
2024,1,3.1,0.39917695639721823,0,-10.0,-28.267686289449575,28.267686289449575,10.0,Bundesliga
2024,2,3.25,0.3658325443089337,1,22.5,47.23894225100861,20.995085444892716,10.0,Bundesliga
2024,X,4.75,0.28670049806345554,1,37.5,90.45684145035348,24.121824386760927,10.0,Bundesliga
2024,1,3.25,0.3928252341676142,0,-10.0,-30.74244567163848,30.74244567163848,10.0,Bundesliga
2024,X,4.33,0.24392930888943318,0,-10.0,-4.2202633251686015,4.2202633251686015,10.0,Bundesliga
2024,X,4.2,0.2751302318430792,0,-10.0,-12.15210732351037,12.15210732351037,10.0,Bundesliga
2024,1,9.0,0.19643450859412467,0,-10.0,-23.99720554209756,23.99720554209756,10.0,Bundesliga
2024,X,4.1,0.31129040151026516,0,-10.0,-22.281503725168314,22.281503725168314,10.0,Bundesliga
2024,1,5.25,0.21268677515214285,0,-10.0,-6.859151149926471,6.859151149926471,10.0,Bundesliga
2024,X,5.0,0.3808140975090739,0,-10.0,-50.0,50.0,10.0,Bundesliga
2024,1,4.1,0.33924092206094514,0,-10.0,-31.523208100796367,31.523208100796367,10.0,Bundesliga
2024,X,4.33,0.3008762437637964,0,-10.0,-22.732292454747636,22.732292454747636,10.0,Bundesliga
2024,X,7.0,0.16277546771303153,0,-10.0,-5.809511416300863,5.809511416300863,10.0,Bundesliga
2024,X,5.0,0.22328067451278943,0,-10.0,-7.275210785246705,7.275210785246705,10.0,Bundesliga
2024,1,4.5,0.2613210374547492,0,-10.0,-12.56747632474082,12.56747632474082,10.0,Bundesliga
2024,X,9.5,0.24438362609570832,0,-10.0,-38.87189552674203,38.87189552674203,10.0,Bundesliga
2024,2,3.3,0.3987312920992389,1,23.0,78.9533159818721,34.32752868777048,10.0,Bundesliga
2024,1,3.1,0.40027531115111364,0,-10.0,-28.673031496244327,28.673031496244327,10.0,Bundesliga
2024,X,4.33,0.2746043614594624,1,33.3,47.259221279868036,14.191958342302714,10.0,Bundesliga
2024,X,4.33,0.2544896259264325,0,-10.0,-7.653159178787743,7.653159178787743,10.0,Bundesliga
2024,2,3.0,0.3985881042659227,0,-10.0,-24.470539099721023,24.470539099721023,10.0,Bundesliga
2024,X,12.0,0.2718214409886787,0,-10.0,-50.0,50.0,10.0,Bundesliga
2024,X,4.2,0.26493222323963017,0,-10.0,-8.805885750503649,8.805885750503649,10.0,Bundesliga
2025,X,7.0,0.2515487235281919,0,-10.0,-31.701711029055975,31.701711029055975,10.0,Bundesliga
2025,1,4.5,0.23590575680711753,0,-10.0,-4.398278973716347,4.398278973716347,10.0,Bundesliga
2025,1,3.4,0.358379483878493,1,24.0,54.62256129671905,22.759400540299605,10.0,Bundesliga
2025,1,3.2,0.3762836252498483,0,-10.0,-23.194045545399387,23.194045545399387,10.0,Bundesliga
2025,2,3.9,0.41923718178890024,0,-10.0,-50.0,50.0,10.0,Bundesliga
2025,2,3.0,0.4878336285651604,1,20.0,100.0,50.0,10.0,Bundesliga
2025,1,3.7,0.33213528319510677,0,-10.0,-21.194495168693987,21.194495168693987,10.0,Bundesliga
2025,X,5.0,0.2180993307240847,0,-10.0,-5.656040851276467,5.656040851276467,10.0,Bundesliga
2025,1,9.0,0.23368773752443187,0,-10.0,-34.474676178746456,34.474676178746456,10.0,Bundesliga
2025,X,6.5,0.19650748910139768,0,-10.0,-12.604485416322037,12.604485416322037,10.0,Bundesliga
2025,X,5.25,0.2626710479094429,0,-10.0,-22.29547067791619,22.29547067791619,10.0,Bundesliga
2025,2,3.5,0.3717999847676867,0,-10.0,-30.129994668690355,30.129994668690355,10.0,Bundesliga
2025,X,12.0,0.2662394960996189,0,-10.0,-49.8834989362597,49.8834989362597,10.0,Bundesliga
2025,1,5.5,0.2935993394399455,0,-10.0,-34.155353717761116,34.155353717761116,10.0,Bundesliga
2025,2,3.3,0.3673269045217655,0,-10.0,-23.062911404546302,23.062911404546302,10.0,Bundesliga
2025,2,3.4,0.42162497653639114,1,24.0,108.38123005593248,45.158845856638536,10.0,Bundesliga
2025,X,4.1,0.3425336652767547,0,-10.0,-32.61193771247535,32.61193771247535,10.0,Bundesliga
2025,2,3.5,0.3931586547648869,0,-10.0,-37.60552916771041,37.60552916771041,10.0,Bundesliga
2025,1,7.0,0.27598213234075136,0,-10.0,-38.82812193271914,38.82812193271914,10.0,Bundesliga
2025,X,6.0,0.1980437289758057,0,-10.0,-9.413118692741707,9.413118692741707,10.0,Bundesliga
2025,X,5.0,0.2220380510240403,1,40.0,27.54756378005041,6.886890945012603,10.0,Bundesliga
2025,X,5.0,0.26830839663445777,0,-10.0,-21.34637394826805,21.34637394826805,10.0,Bundesliga
2025,X,11.0,0.23157284511584855,0,-10.0,-38.68253240685835,38.68253240685835,10.0,Bundesliga
2025,1,3.2,0.4095272112665569,0,-10.0,-35.282622278747965,35.282622278747965,10.0,Bundesliga
2025,2,3.75,0.37433287035439394,1,27.5,100.93706595724433,36.70438762081612,10.0,Bundesliga
2025,1,6.25,0.2908346372204344,0,-10.0,-38.93888012512929,38.93888012512929,10.0,Bundesliga
2025,X,5.25,0.332716642325096,0,-10.0,-43.92719836510318,43.92719836510318,10.0,Bundesliga
2025,X,4.5,0.26000247246348157,1,35.0,42.50278152141679,12.14365186326194,10.0,Bundesliga
2025,X,4.75,0.26253178600688126,0,-10.0,-16.468398902179068,16.468398902179068,10.0,Bundesliga
2025,2,3.0,0.41425213902482083,0,-10.0,-30.34455213430781,30.34455213430781,10.0,Bundesliga
2025,2,3.2,0.4476766616740619,0,-10.0,-49.15514969965888,49.15514969965888,10.0,Bundesliga
2025,X,5.5,0.2708810298986826,0,-10.0,-27.213648024597468,27.213648024597468,10.0,Bundesliga
2025,X,4.75,0.25820840634976094,0,-10.0,-15.099328677424303,15.099328677424303,10.0,Bundesliga
2025,2,3.5,0.36183741186824975,0,-10.0,-26.643094153887414,26.643094153887414,10.0,Bundesliga
2025,X,4.5,0.2636266517209069,0,-10.0,-13.308566624577214,13.308566624577214,10.0,Bundesliga
2025,1,10.0,0.2821065635189484,0,-10.0,-50.0,50.0,10.0,Bundesliga
2025,X,4.2,0.2958238308514478,0,-10.0,-18.942194498131318,18.942194498131318,10.0,Bundesliga
2025,X,5.25,0.21764945308878023,0,-10.0,-8.391742865652715,8.391742865652715,10.0,Bundesliga
2025,X,4.0,0.26674830689320506,0,-10.0,-5.582768964401685,5.582768964401685,10.0,Bundesliga
2025,1,5.0,0.2637943767245391,0,-10.0,-19.93574272641846,19.93574272641846,10.0,Bundesliga
2025,X,7.0,0.30315497396044666,0,-10.0,-46.75353407179694,46.75353407179694,10.0,Bundesliga
2025,2,3.3,0.374632442970303,1,23.0,59.07176545049997,25.683376282826075,10.0,Bundesliga
2025,2,3.5,0.3829162282750775,0,-10.0,-34.02067989627713,34.02067989627713,10.0,Bundesliga
2025,X,4.0,0.3090724349391762,1,30.0,59.07243493917619,19.690811646392063,10.0,Bundesliga
2025,2,3.2,0.3810458957583083,0,-10.0,-24.92578027574847,24.92578027574847,10.0,Bundesliga
2025,1,4.33,0.29689285393519066,0,-10.0,-21.437391707160327,21.437391707160327,10.0,Bundesliga
2025,X,4.2,0.2883115842135197,1,32.0,52.72716342419571,16.477238570061157,10.0,Bundesliga
2025,2,3.1,0.3867021425736941,0,-10.0,-23.66388594981569,23.66388594981569,10.0,Bundesliga
2025,1,13.0,0.38122715268687823,0,-10.0,-50.0,50.0,10.0,Bundesliga
2025,X,7.0,0.21139949647629186,1,60.0,119.94911883351077,19.991519805585128,10.0,Bundesliga
2025,X,4.33,0.30350697685251066,0,-10.0,-23.587478211063896,23.587478211063896,10.0,Bundesliga
2025,X,8.0,0.25339945507368866,0,-10.0,-36.68555859248247,36.68555859248247,10.0,Bundesliga
2025,1,3.2,0.36812515008195495,0,-10.0,-20.227327302529076,20.227327302529076,10.0,Bundesliga
2025,X,4.0,0.30149909456409585,0,-10.0,-17.166364854698617,17.166364854698617,10.0,Bundesliga
2025,X,10.0,0.26012900288297464,0,-10.0,-44.480278578604064,44.480278578604064,10.0,Bundesliga
2025,X,4.33,0.31525887481539033,0,-10.0,-27.40772732362163,27.40772732362163,10.0,Bundesliga
2025,X,4.2,0.30266034181007284,1,32.0,67.79335890057648,21.185424656430147,10.0,Bundesliga
2025,1,3.7,0.29459166927998454,1,27.0,22.497294083985707,8.332331142216928,10.0,Bundesliga
2025,2,3.5,0.3876392448593866,0,-10.0,-35.673735700785315,35.673735700785315,10.0,Bundesliga
2025,1,5.75,0.41455103978128727,0,-10.0,-50.0,50.0,10.0,Bundesliga
2025,X,5.0,0.22025218724565054,0,-10.0,-6.328808514265788,6.328808514265788,10.0,Bundesliga
2025,2,3.0,0.37315840892397745,0,-10.0,-14.934403346491543,14.934403346491543,10.0,Bundesliga
2025,1,3.2,0.3327260297435554,1,22.0,16.180823794844365,7.354919906747439,10.0,Bundesliga
2025,X,4.33,0.32697167587005943,0,-10.0,-31.215267005807604,31.215267005807604,10.0,Bundesliga
2025,X,4.2,0.27554055309076325,0,-10.0,-12.286743982906703,12.286743982906703,10.0,Bundesliga
2025,X,11.0,0.22021093139309034,1,100.0,355.5800613309984,35.55800613309984,10.0,Bundesliga
2025,X,4.5,0.2464280216561289,0,-10.0,-7.780435532327149,7.780435532327149,10.0,Bundesliga
2025,2,3.2,0.332059514604007,1,22.0,15.647611683205609,7.112550765093458,10.0,Bundesliga
2025,2,3.1,0.37659340207564335,1,21.0,41.85988660862361,19.933279337439814,10.0,Bundesliga
2025,2,3.1,0.35169489359889633,0,-10.0,-10.744544066259364,10.744544066259364,10.0,Bundesliga
2025,1,13.0,0.2572248144244279,0,-10.0,-48.83172057328255,48.83172057328255,10.0,Bundesliga
2025,X,9.5,0.19041958938177414,0,-10.0,-23.793708797848655,23.793708797848655,10.0,Bundesliga
2025,1,3.6,0.4331073794828253,0,-10.0,-50.0,50.0,10.0,Bundesliga
2025,X,11.0,0.2627478240697364,0,-10.0,-47.25565161917751,47.25565161917751,10.0,Bundesliga
2025,1,10.5,0.3162785884755219,0,-10.0,-50.0,50.0,10.0,Bundesliga
2025,2,3.8,0.3498172901319518,0,-10.0,-29.402294866197927,29.402294866197927,10.0,Bundesliga
2025,2,3.8,0.29771294193146836,0,-10.0,-11.724033869605336,11.724033869605336,10.0,Bundesliga
2025,X,4.0,0.2814733066540383,1,30.0,31.473306654038304,10.491102218012768,10.0,Bundesliga
2025,1,5.0,0.33062478530939726,0,-10.0,-40.82024540918665,40.82024540918665,10.0,Bundesliga
2025,X,4.75,0.29456559364554513,0,-10.0,-26.612437987755953,26.612437987755953,10.0,Bundesliga
2025,X,5.25,0.25637485458962156,0,-10.0,-20.35105803503019,20.35105803503019,10.0,Bundesliga
2025,X,12.0,0.24957990351306555,0,-10.0,-45.339973685381516,45.339973685381516,10.0,Bundesliga
2025,1,5.0,0.2422059148913058,0,-10.0,-13.189348403533058,13.189348403533058,10.0,Bundesliga
2025,X,4.5,0.24104302641568331,0,-10.0,-6.049544205041065,6.049544205041065,10.0,Bundesliga
2025,1,3.6,0.29644536283911876,0,-10.0,-6.4618563673872575,6.4618563673872575,10.0,Bundesliga
2025,2,3.0,0.3934877749016297,0,-10.0,-22.557915588111154,22.557915588111154,10.0,Bundesliga
2025,1,4.5,0.2712306961179097,0,-10.0,-15.75272375218525,15.75272375218525,10.0,Bundesliga
2025,1,3.7,0.4068610103581117,0,-10.0,-46.79497577083457,46.79497577083457,10.0,Bundesliga
2025,2,3.5,0.41364557453567546,0,-10.0,-44.77595108748642,44.77595108748642,10.0,Bundesliga
2025,1,8.0,0.20364557905062108,0,-10.0,-22.470165443034595,22.470165443034595,10.0,Bundesliga
2025,1,3.0,0.4260711909983665,0,-10.0,-34.77669662438743,34.77669662438743,10.0,Bundesliga
2025,X,6.5,0.29668469466218134,0,-10.0,-42.20229615018994,42.20229615018994,10.0,Bundesliga
2025,2,3.6,0.36253068588115417,0,-10.0,-29.33754511270722,29.33754511270722,10.0,Bundesliga
2025,1,3.5,0.39218263644489015,0,-10.0,-37.263922755711555,37.263922755711555,10.0,Bundesliga
2025,1,4.33,0.2581230695671144,1,33.3,29.418222806401328,8.834301143063461,10.0,Bundesliga
2025,X,7.0,0.227009206263621,0,-10.0,-24.544351826889454,24.544351826889454,10.0,Bundesliga
2025,X,4.5,0.31064235515290456,0,-10.0,-28.420757013433608,28.420757013433608,10.0,Bundesliga
2025,X,4.75,0.2817780541468511,0,-10.0,-22.563050479836168,22.563050479836168,10.0,Bundesliga
2025,1,8.0,0.3220292679300661,0,-10.0,-50.0,50.0,10.0,Bundesliga
2025,X,6.0,0.19779962506349827,0,-10.0,-9.339887519049483,9.339887519049483,10.0,Bundesliga
2025,X,9.5,0.13019415245237298,0,-10.0,-6.966013185221864,6.966013185221864,10.0,Bundesliga
2025,1,3.3,0.32487111395578033,0,-10.0,-7.834203918921212,7.834203918921212,10.0,Bundesliga
2025,1,3.0,0.3533758559521929,1,20.0,15.031891964144673,7.515945982072337,10.0,Bundesliga
2025,2,3.75,0.4073101310359563,1,27.5,131.85324784620906,47.946635580439654,10.0,Bundesliga
2025,2,3.1,0.39214125767320485,0,-10.0,-25.671178427016063,25.671178427016063,10.0,Bundesliga
2025,1,4.5,0.25532096279147853,0,-10.0,-10.638880897260965,10.638880897260965,10.0,Bundesliga
